bin_index,start_time_us,end_time_us,waiting_time_us,running_time_us,waiting_pct,running_pct
0,83031380,83031880,95,405,19.0,81.0
1,83031880,83032380,0,500,0.0,100.0
2,83032380,83032880,8,492,1.6,98.4
3,83032880,83033380,15,485,3.0,97.0
4,83033380,83033880,23,477,4.6,95.4
5,83033880,83034380,17,483,3.4000000000000004,96.6
6,83034380,83034880,23,477,4.6,95.4
7,83034880,83035380,11,489,2.1999999999999997,97.8
8,83035380,83035880,16,484,3.2,96.8
9,83035880,83036380,18,482,3.5999999999999996,96.4
10,83036380,83036880,17,483,3.4000000000000004,96.6
11,83036880,83037380,14,486,2.8000000000000003,97.2
12,83037380,83037880,9,491,1.7999999999999998,98.2
13,83037880,83038380,5,495,1.0,99.0
14,83038380,83038880,9,491,1.7999999999999998,98.2
15,83038880,83039380,9,491,1.7999999999999998,98.2
16,83039380,83039880,19,481,3.8,96.2
17,83039880,83040380,13,487,2.6,97.4
18,83040380,83040880,16,484,3.2,96.8
19,83040880,83041380,12,488,2.4,97.6
20,83041380,83041880,16,484,3.2,96.8
21,83041880,83042380,15,485,3.0,97.0
22,83042380,83042880,17,483,3.4000000000000004,96.6
23,83042880,83043380,14,486,2.8000000000000003,97.2
24,83043380,83043880,7,493,1.4000000000000001,98.6
25,83043880,83044380,6,494,1.2,98.8
26,83044380,83044880,10,490,2.0,98.0
27,83044880,83045380,13,487,2.6,97.4
28,83045380,83045880,12,488,2.4,97.6
29,83045880,83046380,8,492,1.6,98.4
30,83046380,83046880,9,491,1.7999999999999998,98.2
31,83046880,83047380,12,488,2.4,97.6
32,83047380,83047880,11,489,2.1999999999999997,97.8
33,83047880,83048380,67,433,13.4,86.6
34,83048380,83048880,366,134,73.2,26.799999999999997
35,83048880,83049380,500,0,100.0,0.0
36,83049380,83049880,500,0,100.0,0.0
37,83049880,83050380,500,0,100.0,0.0
38,83050380,83050880,500,0,100.0,0.0
39,83050880,83051380,500,0,100.0,0.0
40,83051380,83051880,500,0,100.0,0.0
41,83051880,83052380,500,0,100.0,0.0
42,83052380,83052880,500,0,100.0,0.0
43,83052880,83053380,500,0,100.0,0.0
44,83053380,83053880,500,0,100.0,0.0
45,83053880,83054380,500,0,100.0,0.0
46,83054380,83054880,500,0,100.0,0.0
47,83054880,83055380,500,0,100.0,0.0
48,83055380,83055880,500,0,100.0,0.0
49,83055880,83056380,500,0,100.0,0.0
50,83056380,83056880,500,0,100.0,0.0
51,83056880,83057380,500,0,100.0,0.0
52,83057380,83057880,500,0,100.0,0.0
53,83057880,83058380,500,0,100.0,0.0
54,83058380,83058880,500,0,100.0,0.0
55,83058880,83059380,500,0,100.0,0.0
56,83059380,83059880,298,202,59.599999999999994,40.400000000000006
57,83059880,83060380,7,493,1.4000000000000001,98.6
58,83060380,83060880,46,454,9.2,90.8
59,83060880,83061380,500,0,100.0,0.0
60,83061380,83061880,500,0,100.0,0.0
61,83061880,83062380,500,0,100.0,0.0
62,83062380,83062880,500,0,100.0,0.0
63,83062880,83063380,500,0,100.0,0.0
64,83063380,83063880,500,0,100.0,0.0
65,83063880,83064380,500,0,100.0,0.0
66,83064380,83064880,500,0,100.0,0.0
67,83064880,83065380,500,0,100.0,0.0
68,83065380,83065880,500,0,100.0,0.0
69,83065880,83066380,500,0,100.0,0.0
70,83066380,83066880,500,0,100.0,0.0
71,83066880,83067380,500,0,100.0,0.0
72,83067380,83067880,500,0,100.0,0.0
73,83067880,83068380,500,0,100.0,0.0
74,83068380,83068880,500,0,100.0,0.0
75,83068880,83069380,500,0,100.0,0.0
76,83069380,83069880,500,0,100.0,0.0
77,83069880,83070380,500,0,100.0,0.0
78,83070380,83070880,500,0,100.0,0.0
79,83070880,83071380,500,0,100.0,0.0
80,83071380,83071880,500,0,100.0,0.0
81,83071880,83072380,283,217,56.599999999999994,43.400000000000006
82,83072380,83072880,52,448,10.4,89.6
83,83072880,83073380,96,404,19.2,80.8
84,83073380,83073880,500,0,100.0,0.0
85,83073880,83074380,500,0,100.0,0.0
86,83074380,83074880,500,0,100.0,0.0
87,83074880,83075380,500,0,100.0,0.0
88,83075380,83075880,500,0,100.0,0.0
89,83075880,83076380,500,0,100.0,0.0
90,83076380,83076880,500,0,100.0,0.0
91,83076880,83077380,500,0,100.0,0.0
92,83077380,83077880,500,0,100.0,0.0
93,83077880,83078380,500,0,100.0,0.0
94,83078380,83078880,500,0,100.0,0.0
95,83078880,83079380,500,0,100.0,0.0
96,83079380,83079880,500,0,100.0,0.0
97,83079880,83080380,500,0,100.0,0.0
98,83080380,83080880,500,0,100.0,0.0
99,83080880,83081380,500,0,100.0,0.0
100,83081380,83081880,500,0,100.0,0.0
101,83081880,83082380,500,0,100.0,0.0
102,83082380,83082880,500,0,100.0,0.0
103,83082880,83083380,500,0,100.0,0.0
104,83083380,83083880,500,0,100.0,0.0
105,83083880,83084380,370,130,74.0,26.0
106,83084380,83084880,35,465,7.000000000000001,93.0
107,83084880,83085380,13,487,2.6,97.4
108,83085380,83085880,482,18,96.39999999999999,3.6000000000000085
109,83085880,83086380,500,0,100.0,0.0
110,83086380,83086880,500,0,100.0,0.0
111,83086880,83087380,500,0,100.0,0.0
112,83087380,83087880,500,0,100.0,0.0
113,83087880,83088380,500,0,100.0,0.0
114,83088380,83088880,500,0,100.0,0.0
115,83088880,83089380,500,0,100.0,0.0
116,83089380,83089880,500,0,100.0,0.0
117,83089880,83090380,500,0,100.0,0.0
118,83090380,83090880,500,0,100.0,0.0
119,83090880,83091380,500,0,100.0,0.0
120,83091380,83091880,500,0,100.0,0.0
121,83091880,83092380,500,0,100.0,0.0
122,83092380,83092880,500,0,100.0,0.0
123,83092880,83093380,500,0,100.0,0.0
124,83093380,83093880,500,0,100.0,0.0
125,83093880,83094380,500,0,100.0,0.0
126,83094380,83094880,500,0,100.0,0.0
127,83094880,83095380,500,0,100.0,0.0
128,83095380,83095880,500,0,100.0,0.0
129,83095880,83096380,500,0,100.0,0.0
130,83096380,83096880,50,450,10.0,90.0
131,83096880,83097380,42,458,8.4,91.6
132,83097380,83097880,314,186,62.8,37.2
133,83097880,83098380,500,0,100.0,0.0
134,83098380,83098880,500,0,100.0,0.0
135,83098880,83099380,500,0,100.0,0.0
136,83099380,83099880,500,0,100.0,0.0
137,83099880,83100380,500,0,100.0,0.0
138,83100380,83100880,500,0,100.0,0.0
139,83100880,83101380,500,0,100.0,0.0
140,83101380,83101880,500,0,100.0,0.0
141,83101880,83102380,500,0,100.0,0.0
142,83102380,83102880,500,0,100.0,0.0
143,83102880,83103380,500,0,100.0,0.0
144,83103380,83103880,500,0,100.0,0.0
145,83103880,83104380,500,0,100.0,0.0
146,83104380,83104880,500,0,100.0,0.0
147,83104880,83105380,500,0,100.0,0.0
148,83105380,83105880,500,0,100.0,0.0
149,83105880,83106380,500,0,100.0,0.0
150,83106380,83106880,500,0,100.0,0.0
151,83106880,83107380,500,0,100.0,0.0
152,83107380,83107880,500,0,100.0,0.0
153,83107880,83108380,500,0,100.0,0.0
154,83108380,83108880,142,358,28.4,71.6
155,83108880,83109380,46,454,9.2,90.8
156,83109380,83109880,231,269,46.2,53.8
157,83109880,83110380,500,0,100.0,0.0
158,83110380,83110880,500,0,100.0,0.0
159,83110880,83111380,500,0,100.0,0.0
160,83111380,83111880,500,0,100.0,0.0
161,83111880,83112380,500,0,100.0,0.0
162,83112380,83112880,500,0,100.0,0.0
163,83112880,83113380,500,0,100.0,0.0
164,83113380,83113880,500,0,100.0,0.0
165,83113880,83114380,500,0,100.0,0.0
166,83114380,83114880,500,0,100.0,0.0
167,83114880,83115380,500,0,100.0,0.0
168,83115380,83115880,500,0,100.0,0.0
169,83115880,83116380,500,0,100.0,0.0
170,83116380,83116880,500,0,100.0,0.0
171,83116880,83117380,500,0,100.0,0.0
172,83117380,83117880,500,0,100.0,0.0
173,83117880,83118380,500,0,100.0,0.0
174,83118380,83118880,500,0,100.0,0.0
175,83118880,83119380,500,0,100.0,0.0
176,83119380,83119880,500,0,100.0,0.0
177,83119880,83120380,500,0,100.0,0.0
178,83120380,83120880,367,133,73.4,26.599999999999994
179,83120880,83121380,8,492,1.6,98.4
180,83121380,83121880,41,459,8.200000000000001,91.8
181,83121880,83122380,470,30,94.0,6.0
182,83122380,83122880,500,0,100.0,0.0
183,83122880,83123380,500,0,100.0,0.0
184,83123380,83123880,500,0,100.0,0.0
185,83123880,83124380,500,0,100.0,0.0
186,83124380,83124880,500,0,100.0,0.0
187,83124880,83125380,500,0,100.0,0.0
188,83125380,83125880,500,0,100.0,0.0
189,83125880,83126380,500,0,100.0,0.0
190,83126380,83126880,500,0,100.0,0.0
191,83126880,83127380,500,0,100.0,0.0
192,83127380,83127880,500,0,100.0,0.0
193,83127880,83128380,500,0,100.0,0.0
194,83128380,83128880,500,0,100.0,0.0
195,83128880,83129380,500,0,100.0,0.0
196,83129380,83129880,500,0,100.0,0.0
197,83129880,83130380,500,0,100.0,0.0
198,83130380,83130880,500,0,100.0,0.0
199,83130880,83131380,500,0,100.0,0.0
200,83131380,83131880,500,0,100.0,0.0
201,83131880,83132380,500,0,100.0,0.0
202,83132380,83132880,378,122,75.6,24.400000000000006
203,83132880,83133380,8,492,1.6,98.4
204,83133380,83133880,46,454,9.2,90.8
205,83133880,83134380,345,155,69.0,31.0
206,83134380,83134880,500,0,100.0,0.0
207,83134880,83135380,500,0,100.0,0.0
208,83135380,83135880,500,0,100.0,0.0
209,83135880,83136380,500,0,100.0,0.0
210,83136380,83136880,500,0,100.0,0.0
211,83136880,83137380,500,0,100.0,0.0
212,83137380,83137880,500,0,100.0,0.0
213,83137880,83138380,500,0,100.0,0.0
214,83138380,83138880,500,0,100.0,0.0
215,83138880,83139380,500,0,100.0,0.0
216,83139380,83139880,500,0,100.0,0.0
217,83139880,83140380,500,0,100.0,0.0
218,83140380,83140880,500,0,100.0,0.0
219,83140880,83141380,500,0,100.0,0.0
220,83141380,83141880,500,0,100.0,0.0
221,83141880,83142380,500,0,100.0,0.0
222,83142380,83142880,500,0,100.0,0.0
223,83142880,83143380,500,0,100.0,0.0
224,83143380,83143880,500,0,100.0,0.0
225,83143880,83144380,500,0,100.0,0.0
226,83144380,83144880,500,0,100.0,0.0
227,83144880,83145380,434,66,86.8,13.200000000000003
228,83145380,83145880,10,490,2.0,98.0
229,83145880,83146380,42,458,8.4,91.6
230,83146380,83146880,424,76,84.8,15.200000000000003
231,83146880,83147380,500,0,100.0,0.0
232,83147380,83147880,500,0,100.0,0.0
233,83147880,83148380,500,0,100.0,0.0
234,83148380,83148880,500,0,100.0,0.0
235,83148880,83149380,500,0,100.0,0.0
236,83149380,83149880,500,0,100.0,0.0
237,83149880,83150380,500,0,100.0,0.0
238,83150380,83150880,500,0,100.0,0.0
239,83150880,83151380,500,0,100.0,0.0
240,83151380,83151880,500,0,100.0,0.0
241,83151880,83152380,500,0,100.0,0.0
242,83152380,83152880,500,0,100.0,0.0
243,83152880,83153380,500,0,100.0,0.0
244,83153380,83153880,500,0,100.0,0.0
245,83153880,83154380,500,0,100.0,0.0
246,83154380,83154880,500,0,100.0,0.0
247,83154880,83155380,500,0,100.0,0.0
248,83155380,83155880,500,0,100.0,0.0
249,83155880,83156380,500,0,100.0,0.0
250,83156380,83156880,500,0,100.0,0.0
251,83156880,83157380,500,0,100.0,0.0
252,83157380,83157880,304,196,60.8,39.2
253,83157880,83158380,12,488,2.4,97.6
254,83158380,83158880,105,395,21.0,79.0
255,83158880,83159380,500,0,100.0,0.0
256,83159380,83159880,500,0,100.0,0.0
257,83159880,83160380,500,0,100.0,0.0
258,83160380,83160880,500,0,100.0,0.0
259,83160880,83161380,500,0,100.0,0.0
260,83161380,83161880,500,0,100.0,0.0
261,83161880,83162380,500,0,100.0,0.0
262,83162380,83162880,500,0,100.0,0.0
263,83162880,83163380,500,0,100.0,0.0
264,83163380,83163880,500,0,100.0,0.0
265,83163880,83164380,500,0,100.0,0.0
266,83164380,83164880,500,0,100.0,0.0
267,83164880,83165380,500,0,100.0,0.0
268,83165380,83165880,500,0,100.0,0.0
269,83165880,83166380,500,0,100.0,0.0
270,83166380,83166880,500,0,100.0,0.0
271,83166880,83167380,500,0,100.0,0.0
272,83167380,83167880,500,0,100.0,0.0
273,83167880,83168380,500,0,100.0,0.0
274,83168380,83168880,500,0,100.0,0.0
275,83168880,83169380,500,0,100.0,0.0
276,83169380,83169880,500,0,100.0,0.0
277,83169880,83170380,82,418,16.400000000000002,83.6
278,83170380,83170880,42,458,8.4,91.6
279,83170880,83171380,198,302,39.6,60.4
280,83171380,83171880,500,0,100.0,0.0
281,83171880,83172380,500,0,100.0,0.0
282,83172380,83172880,500,0,100.0,0.0
283,83172880,83173380,500,0,100.0,0.0
284,83173380,83173880,500,0,100.0,0.0
285,83173880,83174380,500,0,100.0,0.0
286,83174380,83174880,500,0,100.0,0.0
287,83174880,83175380,500,0,100.0,0.0
288,83175380,83175880,500,0,100.0,0.0
289,83175880,83176380,500,0,100.0,0.0
290,83176380,83176880,500,0,100.0,0.0
291,83176880,83177380,500,0,100.0,0.0
292,83177380,83177880,500,0,100.0,0.0
293,83177880,83178380,500,0,100.0,0.0
294,83178380,83178880,500,0,100.0,0.0
295,83178880,83179380,500,0,100.0,0.0
296,83179380,83179880,500,0,100.0,0.0
297,83179880,83180380,500,0,100.0,0.0
298,83180380,83180880,500,0,100.0,0.0
299,83180880,83181380,500,0,100.0,0.0
300,83181380,83181880,500,0,100.0,0.0
301,83181880,83182380,349,151,69.8,30.200000000000003
302,83182380,83182880,13,487,2.6,97.4
303,83182880,83183380,44,456,8.799999999999999,91.2
304,83183380,83183880,476,24,95.19999999999999,4.800000000000011
305,83183880,83184380,500,0,100.0,0.0
306,83184380,83184880,500,0,100.0,0.0
307,83184880,83185380,500,0,100.0,0.0
308,83185380,83185880,500,0,100.0,0.0
309,83185880,83186380,500,0,100.0,0.0
310,83186380,83186880,500,0,100.0,0.0
311,83186880,83187380,500,0,100.0,0.0
312,83187380,83187880,500,0,100.0,0.0
313,83187880,83188380,500,0,100.0,0.0
314,83188380,83188880,500,0,100.0,0.0
315,83188880,83189380,500,0,100.0,0.0
316,83189380,83189880,500,0,100.0,0.0
317,83189880,83190380,500,0,100.0,0.0
318,83190380,83190880,500,0,100.0,0.0
319,83190880,83191380,500,0,100.0,0.0
320,83191380,83191880,500,0,100.0,0.0
321,83191880,83192380,500,0,100.0,0.0
322,83192380,83192880,500,0,100.0,0.0
323,83192880,83193380,500,0,100.0,0.0
324,83193380,83193880,500,0,100.0,0.0
325,83193880,83194380,500,0,100.0,0.0
326,83194380,83194880,105,395,21.0,79.0
327,83194880,83195380,48,452,9.6,90.4
328,83195380,83195880,222,278,44.4,55.6
329,83195880,83196380,500,0,100.0,0.0
330,83196380,83196880,500,0,100.0,0.0
331,83196880,83197380,500,0,100.0,0.0
332,83197380,83197880,500,0,100.0,0.0
333,83197880,83198380,500,0,100.0,0.0
334,83198380,83198880,500,0,100.0,0.0
335,83198880,83199380,500,0,100.0,0.0
336,83199380,83199880,500,0,100.0,0.0
337,83199880,83200380,500,0,100.0,0.0
338,83200380,83200880,500,0,100.0,0.0
339,83200880,83201380,500,0,100.0,0.0
340,83201380,83201880,500,0,100.0,0.0
341,83201880,83202380,500,0,100.0,0.0
342,83202380,83202880,500,0,100.0,0.0
343,83202880,83203380,500,0,100.0,0.0
344,83203380,83203880,500,0,100.0,0.0
345,83203880,83204380,500,0,100.0,0.0
346,83204380,83204880,500,0,100.0,0.0
347,83204880,83205380,500,0,100.0,0.0
348,83205380,83205880,500,0,100.0,0.0
349,83205880,83206380,500,0,100.0,0.0
350,83206380,83206880,335,165,67.0,33.0
351,83206880,83207380,8,492,1.6,98.4
352,83207380,83207880,48,452,9.6,90.4
353,83207880,83208380,458,42,91.60000000000001,8.399999999999991
354,83208380,83208880,500,0,100.0,0.0
355,83208880,83209380,500,0,100.0,0.0
356,83209380,83209880,500,0,100.0,0.0
357,83209880,83210380,500,0,100.0,0.0
358,83210380,83210880,500,0,100.0,0.0
359,83210880,83211380,500,0,100.0,0.0
360,83211380,83211880,500,0,100.0,0.0
361,83211880,83212380,500,0,100.0,0.0
362,83212380,83212880,500,0,100.0,0.0
363,83212880,83213380,500,0,100.0,0.0
364,83213380,83213880,500,0,100.0,0.0
365,83213880,83214380,500,0,100.0,0.0
366,83214380,83214880,500,0,100.0,0.0
367,83214880,83215380,500,0,100.0,0.0
368,83215380,83215880,500,0,100.0,0.0
369,83215880,83216380,500,0,100.0,0.0
370,83216380,83216880,500,0,100.0,0.0
371,83216880,83217380,500,0,100.0,0.0
372,83217380,83217880,500,0,100.0,0.0
373,83217880,83218380,500,0,100.0,0.0
374,83218380,83218880,500,0,100.0,0.0
375,83218880,83219380,98,402,19.6,80.4
376,83219380,83219880,44,456,8.799999999999999,91.2
377,83219880,83220380,59,441,11.799999999999999,88.2
378,83220380,83220880,500,0,100.0,0.0
379,83220880,83221380,500,0,100.0,0.0
380,83221380,83221880,500,0,100.0,0.0
381,83221880,83222380,500,0,100.0,0.0
382,83222380,83222880,500,0,100.0,0.0
383,83222880,83223380,500,0,100.0,0.0
384,83223380,83223880,500,0,100.0,0.0
385,83223880,83224380,500,0,100.0,0.0
386,83224380,83224880,500,0,100.0,0.0
387,83224880,83225380,500,0,100.0,0.0
388,83225380,83225880,500,0,100.0,0.0
389,83225880,83226380,500,0,100.0,0.0
390,83226380,83226880,500,0,100.0,0.0
391,83226880,83227380,500,0,100.0,0.0
392,83227380,83227880,500,0,100.0,0.0
393,83227880,83228380,500,0,100.0,0.0
394,83228380,83228880,500,0,100.0,0.0
395,83228880,83229380,500,0,100.0,0.0
396,83229380,83229880,500,0,100.0,0.0
397,83229880,83230380,500,0,100.0,0.0
398,83230380,83230880,500,0,100.0,0.0
399,83230880,83231380,495,5,99.0,1.0
400,83231380,83231880,9,491,1.7999999999999998,98.2
401,83231880,83232380,45,455,9.0,91.0
402,83232380,83232880,307,193,61.4,38.6
403,83232880,83233380,500,0,100.0,0.0
404,83233380,83233880,500,0,100.0,0.0
405,83233880,83234380,500,0,100.0,0.0
406,83234380,83234880,500,0,100.0,0.0
407,83234880,83235380,500,0,100.0,0.0
408,83235380,83235880,500,0,100.0,0.0
409,83235880,83236380,500,0,100.0,0.0
410,83236380,83236880,500,0,100.0,0.0
411,83236880,83237380,500,0,100.0,0.0
412,83237380,83237880,500,0,100.0,0.0
413,83237880,83238380,500,0,100.0,0.0
414,83238380,83238880,500,0,100.0,0.0
415,83238880,83239380,500,0,100.0,0.0
416,83239380,83239880,500,0,100.0,0.0
417,83239880,83240380,500,0,100.0,0.0
418,83240380,83240880,500,0,100.0,0.0
419,83240880,83241380,500,0,100.0,0.0
420,83241380,83241880,500,0,100.0,0.0
421,83241880,83242380,500,0,100.0,0.0
422,83242380,83242880,500,0,100.0,0.0
423,83242880,83243380,500,0,100.0,0.0
424,83243380,83243880,301,199,60.199999999999996,39.800000000000004
425,83243880,83244380,8,492,1.6,98.4
426,83244380,83244880,43,457,8.6,91.4
427,83244880,83245380,488,12,97.6,2.4000000000000057
428,83245380,83245880,500,0,100.0,0.0
429,83245880,83246380,500,0,100.0,0.0
430,83246380,83246880,500,0,100.0,0.0
431,83246880,83247380,500,0,100.0,0.0
432,83247380,83247880,500,0,100.0,0.0
433,83247880,83248380,500,0,100.0,0.0
434,83248380,83248880,500,0,100.0,0.0
435,83248880,83249380,500,0,100.0,0.0
436,83249380,83249880,500,0,100.0,0.0
437,83249880,83250380,500,0,100.0,0.0
438,83250380,83250880,500,0,100.0,0.0
439,83250880,83251380,500,0,100.0,0.0
440,83251380,83251880,500,0,100.0,0.0
441,83251880,83252380,500,0,100.0,0.0
442,83252380,83252880,500,0,100.0,0.0
443,83252880,83253380,500,0,100.0,0.0
444,83253380,83253880,500,0,100.0,0.0
445,83253880,83254380,500,0,100.0,0.0
446,83254380,83254880,500,0,100.0,0.0
447,83254880,83255380,500,0,100.0,0.0
448,83255380,83255880,477,23,95.39999999999999,4.6000000000000085
449,83255880,83256380,8,492,1.6,98.4
450,83256380,83256880,44,456,8.799999999999999,91.2
451,83256880,83257380,271,229,54.2,45.8
452,83257380,83257880,500,0,100.0,0.0
453,83257880,83258380,500,0,100.0,0.0
454,83258380,83258880,500,0,100.0,0.0
455,83258880,83259380,500,0,100.0,0.0
456,83259380,83259880,500,0,100.0,0.0
457,83259880,83260380,500,0,100.0,0.0
458,83260380,83260880,500,0,100.0,0.0
459,83260880,83261380,500,0,100.0,0.0
460,83261380,83261880,500,0,100.0,0.0
461,83261880,83262380,500,0,100.0,0.0
462,83262380,83262880,500,0,100.0,0.0
463,83262880,83263380,500,0,100.0,0.0
464,83263380,83263880,500,0,100.0,0.0
465,83263880,83264380,500,0,100.0,0.0
466,83264380,83264880,500,0,100.0,0.0
467,83264880,83265380,500,0,100.0,0.0
468,83265380,83265880,500,0,100.0,0.0
469,83265880,83266380,500,0,100.0,0.0
470,83266380,83266880,500,0,100.0,0.0
471,83266880,83267380,500,0,100.0,0.0
472,83267380,83267880,500,0,100.0,0.0
473,83267880,83268380,358,142,71.6,28.400000000000006
474,83268380,83268880,18,482,3.5999999999999996,96.4
475,83268880,83269380,36,464,7.199999999999999,92.8
476,83269380,83269880,500,0,100.0,0.0
477,83269880,83270380,500,0,100.0,0.0
478,83270380,83270880,500,0,100.0,0.0
479,83270880,83271380,500,0,100.0,0.0
480,83271380,83271880,500,0,100.0,0.0
481,83271880,83272380,500,0,100.0,0.0
482,83272380,83272880,500,0,100.0,0.0
483,83272880,83273380,500,0,100.0,0.0
484,83273380,83273880,500,0,100.0,0.0
485,83273880,83274380,500,0,100.0,0.0
486,83274380,83274880,500,0,100.0,0.0
487,83274880,83275380,500,0,100.0,0.0
488,83275380,83275880,500,0,100.0,0.0
489,83275880,83276380,500,0,100.0,0.0
490,83276380,83276880,500,0,100.0,0.0
491,83276880,83277380,500,0,100.0,0.0
492,83277380,83277880,500,0,100.0,0.0
493,83277880,83278380,500,0,100.0,0.0
494,83278380,83278880,500,0,100.0,0.0
495,83278880,83279380,500,0,100.0,0.0
496,83279380,83279880,500,0,100.0,0.0
497,83279880,83280380,474,26,94.8,5.200000000000003
498,83280380,83280880,9,491,1.7999999999999998,98.2
499,83280880,83281380,42,458,8.4,91.6
500,83281380,83281880,406,94,81.2,18.799999999999997
501,83281880,83282380,500,0,100.0,0.0
502,83282380,83282880,500,0,100.0,0.0
503,83282880,83283380,500,0,100.0,0.0
504,83283380,83283880,500,0,100.0,0.0
505,83283880,83284380,500,0,100.0,0.0
506,83284380,83284880,500,0,100.0,0.0
507,83284880,83285380,500,0,100.0,0.0
508,83285380,83285880,500,0,100.0,0.0
509,83285880,83286380,500,0,100.0,0.0
510,83286380,83286880,500,0,100.0,0.0
511,83286880,83287380,500,0,100.0,0.0
512,83287380,83287880,500,0,100.0,0.0
513,83287880,83288380,500,0,100.0,0.0
514,83288380,83288880,500,0,100.0,0.0
515,83288880,83289380,500,0,100.0,0.0
516,83289380,83289880,500,0,100.0,0.0
517,83289880,83290380,500,0,100.0,0.0
518,83290380,83290880,500,0,100.0,0.0
519,83290880,83291380,500,0,100.0,0.0
520,83291380,83291880,500,0,100.0,0.0
521,83291880,83292380,500,0,100.0,0.0
522,83292380,83292880,408,92,81.6,18.400000000000006
523,83292880,83293380,7,493,1.4000000000000001,98.6
524,83293380,83293880,46,454,9.2,90.8
525,83293880,83294380,355,145,71.0,29.0
526,83294380,83294880,500,0,100.0,0.0
527,83294880,83295380,500,0,100.0,0.0
528,83295380,83295880,500,0,100.0,0.0
529,83295880,83296380,500,0,100.0,0.0
530,83296380,83296880,500,0,100.0,0.0
531,83296880,83297380,500,0,100.0,0.0
532,83297380,83297880,500,0,100.0,0.0
533,83297880,83298380,500,0,100.0,0.0
534,83298380,83298880,500,0,100.0,0.0
535,83298880,83299380,500,0,100.0,0.0
536,83299380,83299880,500,0,100.0,0.0
537,83299880,83300380,500,0,100.0,0.0
538,83300380,83300880,500,0,100.0,0.0
539,83300880,83301380,500,0,100.0,0.0
540,83301380,83301880,500,0,100.0,0.0
541,83301880,83302380,500,0,100.0,0.0
542,83302380,83302880,500,0,100.0,0.0
543,83302880,83303380,500,0,100.0,0.0
544,83303380,83303880,500,0,100.0,0.0
545,83303880,83304380,500,0,100.0,0.0
546,83304380,83304880,500,0,100.0,0.0
547,83304880,83305380,284,216,56.8,43.2
548,83305380,83305880,59,441,11.799999999999999,88.2
549,83305880,83306380,50,450,10.0,90.0
550,83306380,83306880,500,0,100.0,0.0
551,83306880,83307380,500,0,100.0,0.0
552,83307380,83307880,500,0,100.0,0.0
553,83307880,83308380,500,0,100.0,0.0
554,83308380,83308880,500,0,100.0,0.0
555,83308880,83309380,500,0,100.0,0.0
556,83309380,83309880,500,0,100.0,0.0
557,83309880,83310380,500,0,100.0,0.0
558,83310380,83310880,500,0,100.0,0.0
559,83310880,83311380,500,0,100.0,0.0
560,83311380,83311880,500,0,100.0,0.0
561,83311880,83312380,500,0,100.0,0.0
562,83312380,83312880,500,0,100.0,0.0
563,83312880,83313380,500,0,100.0,0.0
564,83313380,83313880,500,0,100.0,0.0
565,83313880,83314380,500,0,100.0,0.0
566,83314380,83314880,500,0,100.0,0.0
567,83314880,83315380,500,0,100.0,0.0
568,83315380,83315880,500,0,100.0,0.0
569,83315880,83316380,500,0,100.0,0.0
570,83316380,83316880,500,0,100.0,0.0
571,83316880,83317380,423,77,84.6,15.400000000000006
572,83317380,83317880,7,493,1.4000000000000001,98.6
573,83317880,83318380,40,460,8.0,92.0
574,83318380,83318880,350,150,70.0,30.0
575,83318880,83319380,500,0,100.0,0.0
576,83319380,83319880,500,0,100.0,0.0
577,83319880,83320380,500,0,100.0,0.0
578,83320380,83320880,500,0,100.0,0.0
579,83320880,83321380,500,0,100.0,0.0
580,83321380,83321880,500,0,100.0,0.0
581,83321880,83322380,500,0,100.0,0.0
582,83322380,83322880,500,0,100.0,0.0
583,83322880,83323380,500,0,100.0,0.0
584,83323380,83323880,500,0,100.0,0.0
585,83323880,83324380,500,0,100.0,0.0
586,83324380,83324880,500,0,100.0,0.0
587,83324880,83325380,500,0,100.0,0.0
588,83325380,83325880,500,0,100.0,0.0
589,83325880,83326380,500,0,100.0,0.0
590,83326380,83326880,500,0,100.0,0.0
591,83326880,83327380,500,0,100.0,0.0
592,83327380,83327880,500,0,100.0,0.0
593,83327880,83328380,500,0,100.0,0.0
594,83328380,83328880,500,0,100.0,0.0
595,83328880,83329380,500,0,100.0,0.0
596,83329380,83329880,201,299,40.2,59.8
597,83329880,83330380,42,458,8.4,91.6
598,83330380,83330880,152,348,30.4,69.6
599,83330880,83331380,500,0,100.0,0.0
600,83331380,83331880,500,0,100.0,0.0
601,83331880,83332380,500,0,100.0,0.0
602,83332380,83332880,500,0,100.0,0.0
603,83332880,83333380,500,0,100.0,0.0
604,83333380,83333880,500,0,100.0,0.0
605,83333880,83334380,500,0,100.0,0.0
606,83334380,83334880,500,0,100.0,0.0
607,83334880,83335380,500,0,100.0,0.0
608,83335380,83335880,500,0,100.0,0.0
609,83335880,83336380,500,0,100.0,0.0
610,83336380,83336880,500,0,100.0,0.0
611,83336880,83337380,500,0,100.0,0.0
612,83337380,83337880,500,0,100.0,0.0
613,83337880,83338380,500,0,100.0,0.0
614,83338380,83338880,500,0,100.0,0.0
615,83338880,83339380,500,0,100.0,0.0
616,83339380,83339880,500,0,100.0,0.0
617,83339880,83340380,500,0,100.0,0.0
618,83340380,83340880,500,0,100.0,0.0
619,83340880,83341380,500,0,100.0,0.0
620,83341380,83341880,500,0,100.0,0.0
621,83341880,83342380,39,461,7.8,92.2
622,83342380,83342880,52,448,10.4,89.6
623,83342880,83343380,89,411,17.8,82.2
624,83343380,83343880,500,0,100.0,0.0
625,83343880,83344380,500,0,100.0,0.0
626,83344380,83344880,500,0,100.0,0.0
627,83344880,83345380,500,0,100.0,0.0
628,83345380,83345880,500,0,100.0,0.0
629,83345880,83346380,500,0,100.0,0.0
630,83346380,83346880,500,0,100.0,0.0
631,83346880,83347380,500,0,100.0,0.0
632,83347380,83347880,500,0,100.0,0.0
633,83347880,83348380,500,0,100.0,0.0
634,83348380,83348880,500,0,100.0,0.0
635,83348880,83349380,500,0,100.0,0.0
636,83349380,83349880,500,0,100.0,0.0
637,83349880,83350380,500,0,100.0,0.0
638,83350380,83350880,500,0,100.0,0.0
639,83350880,83351380,500,0,100.0,0.0
640,83351380,83351880,500,0,100.0,0.0
641,83351880,83352380,500,0,100.0,0.0
642,83352380,83352880,500,0,100.0,0.0
643,83352880,83353380,500,0,100.0,0.0
644,83353380,83353880,500,0,100.0,0.0
645,83353880,83354380,500,0,100.0,0.0
646,83354380,83354880,14,486,2.8000000000000003,97.2
647,83354880,83355380,51,449,10.2,89.8
648,83355380,83355880,195,305,39.0,61.0
649,83355880,83356380,500,0,100.0,0.0
650,83356380,83356880,500,0,100.0,0.0
651,83356880,83357380,500,0,100.0,0.0
652,83357380,83357880,500,0,100.0,0.0
653,83357880,83358380,500,0,100.0,0.0
654,83358380,83358880,500,0,100.0,0.0
655,83358880,83359380,500,0,100.0,0.0
656,83359380,83359880,500,0,100.0,0.0
657,83359880,83360380,500,0,100.0,0.0
658,83360380,83360880,500,0,100.0,0.0
659,83360880,83361380,500,0,100.0,0.0
660,83361380,83361880,500,0,100.0,0.0
661,83361880,83362380,500,0,100.0,0.0
662,83362380,83362880,500,0,100.0,0.0
663,83362880,83363380,500,0,100.0,0.0
664,83363380,83363880,500,0,100.0,0.0
665,83363880,83364380,500,0,100.0,0.0
666,83364380,83364880,500,0,100.0,0.0
667,83364880,83365380,500,0,100.0,0.0
668,83365380,83365880,500,0,100.0,0.0
669,83365880,83366380,500,0,100.0,0.0
670,83366380,83366880,500,0,100.0,0.0
671,83366880,83367380,87,413,17.4,82.6
672,83367380,83367880,4,496,0.8,99.2
673,83367880,83368380,172,328,34.4,65.6
674,83368380,83368880,6,494,1.2,98.8
675,83368880,83369380,468,32,93.60000000000001,6.3999999999999915
676,83369380,83369880,500,0,100.0,0.0
677,83369880,83370380,500,0,100.0,0.0
678,83370380,83370880,500,0,100.0,0.0
679,83370880,83371380,500,0,100.0,0.0
680,83371380,83371880,500,0,100.0,0.0
681,83371880,83372380,500,0,100.0,0.0
682,83372380,83372880,500,0,100.0,0.0
683,83372880,83373380,500,0,100.0,0.0
684,83373380,83373880,500,0,100.0,0.0
685,83373880,83374380,500,0,100.0,0.0
686,83374380,83374880,500,0,100.0,0.0
687,83374880,83375380,500,0,100.0,0.0
688,83375380,83375880,500,0,100.0,0.0
689,83375880,83376380,500,0,100.0,0.0
690,83376380,83376880,500,0,100.0,0.0
691,83376880,83377380,500,0,100.0,0.0
692,83377380,83377880,500,0,100.0,0.0
693,83377880,83378380,500,0,100.0,0.0
694,83378380,83378880,500,0,100.0,0.0
695,83378880,83379380,500,0,100.0,0.0
696,83379380,83379880,500,0,100.0,0.0
697,83379880,83380380,500,0,100.0,0.0
698,83380380,83380880,500,0,100.0,0.0
699,83380880,83381380,500,0,100.0,0.0
700,83381380,83381880,479,21,95.8,4.200000000000003
701,83381880,83382380,8,492,1.6,98.4
702,83382380,83382880,61,439,12.2,87.8
703,83382880,83383380,222,278,44.4,55.6
704,83383380,83383880,500,0,100.0,0.0
705,83383880,83384380,500,0,100.0,0.0
706,83384380,83384880,500,0,100.0,0.0
707,83384880,83385380,500,0,100.0,0.0
708,83385380,83385880,500,0,100.0,0.0
709,83385880,83386380,500,0,100.0,0.0
710,83386380,83386880,500,0,100.0,0.0
711,83386880,83387380,500,0,100.0,0.0
712,83387380,83387880,500,0,100.0,0.0
713,83387880,83388380,500,0,100.0,0.0
714,83388380,83388880,500,0,100.0,0.0
715,83388880,83389380,500,0,100.0,0.0
716,83389380,83389880,500,0,100.0,0.0
717,83389880,83390380,500,0,100.0,0.0
718,83390380,83390880,500,0,100.0,0.0
719,83390880,83391380,500,0,100.0,0.0
720,83391380,83391880,500,0,100.0,0.0
721,83391880,83392380,500,0,100.0,0.0
722,83392380,83392880,500,0,100.0,0.0
723,83392880,83393380,500,0,100.0,0.0
724,83393380,83393880,500,0,100.0,0.0
725,83393880,83394380,500,0,100.0,0.0
726,83394380,83394880,500,0,100.0,0.0
727,83394880,83395380,411,89,82.19999999999999,17.80000000000001
728,83395380,83395880,8,492,1.6,98.4
729,83395880,83396380,63,437,12.6,87.4
730,83396380,83396880,338,162,67.60000000000001,32.39999999999999
731,83396880,83397380,500,0,100.0,0.0
732,83397380,83397880,500,0,100.0,0.0
733,83397880,83398380,500,0,100.0,0.0
734,83398380,83398880,500,0,100.0,0.0
735,83398880,83399380,500,0,100.0,0.0
736,83399380,83399880,500,0,100.0,0.0
737,83399880,83400380,500,0,100.0,0.0
738,83400380,83400880,500,0,100.0,0.0
739,83400880,83401380,500,0,100.0,0.0
740,83401380,83401880,500,0,100.0,0.0
741,83401880,83402380,500,0,100.0,0.0
742,83402380,83402880,500,0,100.0,0.0
743,83402880,83403380,500,0,100.0,0.0
744,83403380,83403880,500,0,100.0,0.0
745,83403880,83404380,500,0,100.0,0.0
746,83404380,83404880,500,0,100.0,0.0
747,83404880,83405380,500,0,100.0,0.0
748,83405380,83405880,500,0,100.0,0.0
749,83405880,83406380,500,0,100.0,0.0
750,83406380,83406880,500,0,100.0,0.0
751,83406880,83407380,500,0,100.0,0.0
752,83407380,83407880,500,0,100.0,0.0
753,83407880,83408380,500,0,100.0,0.0
754,83408380,83408880,500,0,100.0,0.0
755,83408880,83409380,500,0,100.0,0.0
756,83409380,83409880,398,102,79.60000000000001,20.39999999999999
757,83409880,83410380,7,493,1.4000000000000001,98.6
758,83410380,83410880,64,436,12.8,87.2
759,83410880,83411380,222,278,44.4,55.6
760,83411380,83411880,500,0,100.0,0.0
761,83411880,83412380,500,0,100.0,0.0
762,83412380,83412880,500,0,100.0,0.0
763,83412880,83413380,500,0,100.0,0.0
764,83413380,83413880,500,0,100.0,0.0
765,83413880,83414380,500,0,100.0,0.0
766,83414380,83414880,500,0,100.0,0.0
767,83414880,83415380,500,0,100.0,0.0
768,83415380,83415880,500,0,100.0,0.0
769,83415880,83416380,500,0,100.0,0.0
770,83416380,83416880,500,0,100.0,0.0
771,83416880,83417380,500,0,100.0,0.0
772,83417380,83417880,500,0,100.0,0.0
773,83417880,83418380,500,0,100.0,0.0
774,83418380,83418880,500,0,100.0,0.0
775,83418880,83419380,500,0,100.0,0.0
776,83419380,83419880,500,0,100.0,0.0
777,83419880,83420380,500,0,100.0,0.0
778,83420380,83420880,500,0,100.0,0.0
779,83420880,83421380,500,0,100.0,0.0
780,83421380,83421880,500,0,100.0,0.0
781,83421880,83422380,500,0,100.0,0.0
782,83422380,83422880,500,0,100.0,0.0
783,83422880,83423380,371,129,74.2,25.799999999999997
784,83423380,83423880,8,492,1.6,98.4
785,83423880,83424380,66,434,13.200000000000001,86.8
786,83424380,83424880,334,166,66.8,33.2
787,83424880,83425380,500,0,100.0,0.0
788,83425380,83425880,500,0,100.0,0.0
789,83425880,83426380,500,0,100.0,0.0
790,83426380,83426880,500,0,100.0,0.0
791,83426880,83427380,500,0,100.0,0.0
792,83427380,83427880,500,0,100.0,0.0
793,83427880,83428380,500,0,100.0,0.0
794,83428380,83428880,500,0,100.0,0.0
795,83428880,83429380,500,0,100.0,0.0
796,83429380,83429880,500,0,100.0,0.0
797,83429880,83430380,500,0,100.0,0.0
798,83430380,83430880,500,0,100.0,0.0
799,83430880,83431380,500,0,100.0,0.0
800,83431380,83431880,500,0,100.0,0.0
801,83431880,83432380,500,0,100.0,0.0
802,83432380,83432880,500,0,100.0,0.0
803,83432880,83433380,500,0,100.0,0.0
804,83433380,83433880,500,0,100.0,0.0
805,83433880,83434380,500,0,100.0,0.0
806,83434380,83434880,500,0,100.0,0.0
807,83434880,83435380,500,0,100.0,0.0
808,83435380,83435880,500,0,100.0,0.0
809,83435880,83436380,500,0,100.0,0.0
810,83436380,83436880,314,186,62.8,37.2
811,83436880,83437380,8,492,1.6,98.4
812,83437380,83437880,66,434,13.200000000000001,86.8
813,83437880,83438380,303,197,60.6,39.4
814,83438380,83438880,500,0,100.0,0.0
815,83438880,83439380,500,0,100.0,0.0
816,83439380,83439880,500,0,100.0,0.0
817,83439880,83440380,500,0,100.0,0.0
818,83440380,83440880,500,0,100.0,0.0
819,83440880,83441380,500,0,100.0,0.0
820,83441380,83441880,500,0,100.0,0.0
821,83441880,83442380,500,0,100.0,0.0
822,83442380,83442880,500,0,100.0,0.0
823,83442880,83443380,500,0,100.0,0.0
824,83443380,83443880,500,0,100.0,0.0
825,83443880,83444380,500,0,100.0,0.0
826,83444380,83444880,500,0,100.0,0.0
827,83444880,83445380,500,0,100.0,0.0
828,83445380,83445880,500,0,100.0,0.0
829,83445880,83446380,500,0,100.0,0.0
830,83446380,83446880,500,0,100.0,0.0
831,83446880,83447380,500,0,100.0,0.0
832,83447380,83447880,500,0,100.0,0.0
833,83447880,83448380,500,0,100.0,0.0
834,83448380,83448880,500,0,100.0,0.0
835,83448880,83449380,329,171,65.8,34.2
836,83449380,83449880,42,458,8.4,91.6
837,83449880,83450380,13,487,2.6,97.4
838,83450380,83450880,493,7,98.6,1.4000000000000057
839,83450880,83451380,500,0,100.0,0.0
840,83451380,83451880,500,0,100.0,0.0
841,83451880,83452380,500,0,100.0,0.0
842,83452380,83452880,500,0,100.0,0.0
843,83452880,83453380,500,0,100.0,0.0
844,83453380,83453880,500,0,100.0,0.0
845,83453880,83454380,500,0,100.0,0.0
846,83454380,83454880,500,0,100.0,0.0
847,83454880,83455380,500,0,100.0,0.0
848,83455380,83455880,500,0,100.0,0.0
849,83455880,83456380,500,0,100.0,0.0
850,83456380,83456880,500,0,100.0,0.0
851,83456880,83457380,500,0,100.0,0.0
852,83457380,83457880,500,0,100.0,0.0
853,83457880,83458380,500,0,100.0,0.0
854,83458380,83458880,500,0,100.0,0.0
855,83458880,83459380,500,0,100.0,0.0
856,83459380,83459880,500,0,100.0,0.0
857,83459880,83460380,500,0,100.0,0.0
858,83460380,83460880,500,0,100.0,0.0
859,83460880,83461380,500,0,100.0,0.0
860,83461380,83461880,83,417,16.6,83.4
861,83461880,83462380,46,454,9.2,90.8
862,83462380,83462880,276,224,55.2,44.8
863,83462880,83463380,500,0,100.0,0.0
864,83463380,83463880,500,0,100.0,0.0
865,83463880,83464380,500,0,100.0,0.0
866,83464380,83464880,500,0,100.0,0.0
867,83464880,83465380,500,0,100.0,0.0
868,83465380,83465880,500,0,100.0,0.0
869,83465880,83466380,500,0,100.0,0.0
870,83466380,83466880,500,0,100.0,0.0
871,83466880,83467380,500,0,100.0,0.0
872,83467380,83467880,500,0,100.0,0.0
873,83467880,83468380,500,0,100.0,0.0
874,83468380,83468880,500,0,100.0,0.0
875,83468880,83469380,500,0,100.0,0.0
876,83469380,83469880,500,0,100.0,0.0
877,83469880,83470380,500,0,100.0,0.0
878,83470380,83470880,500,0,100.0,0.0
879,83470880,83471380,500,0,100.0,0.0
880,83471380,83471880,500,0,100.0,0.0
881,83471880,83472380,500,0,100.0,0.0
882,83472380,83472880,500,0,100.0,0.0
883,83472880,83473380,500,0,100.0,0.0
884,83473380,83473880,270,230,54.0,46.0
885,83473880,83474380,41,459,8.200000000000001,91.8
886,83474380,83474880,101,399,20.200000000000003,79.8
887,83474880,83475380,500,0,100.0,0.0
888,83475380,83475880,500,0,100.0,0.0
889,83475880,83476380,500,0,100.0,0.0
890,83476380,83476880,500,0,100.0,0.0
891,83476880,83477380,500,0,100.0,0.0
892,83477380,83477880,500,0,100.0,0.0
893,83477880,83478380,500,0,100.0,0.0
894,83478380,83478880,500,0,100.0,0.0
895,83478880,83479380,500,0,100.0,0.0
896,83479380,83479880,500,0,100.0,0.0
897,83479880,83480380,500,0,100.0,0.0
898,83480380,83480880,500,0,100.0,0.0
899,83480880,83481380,500,0,100.0,0.0
900,83481380,83481880,500,0,100.0,0.0
901,83481880,83482380,500,0,100.0,0.0
902,83482380,83482880,500,0,100.0,0.0
903,83482880,83483380,500,0,100.0,0.0
904,83483380,83483880,500,0,100.0,0.0
905,83483880,83484380,500,0,100.0,0.0
906,83484380,83484880,500,0,100.0,0.0
907,83484880,83485380,500,0,100.0,0.0
908,83485380,83485880,500,0,100.0,0.0
909,83485880,83486380,361,139,72.2,27.799999999999997
910,83486380,83486880,18,482,3.5999999999999996,96.4
911,83486880,83487380,33,467,6.6000000000000005,93.4
912,83487380,83487880,479,21,95.8,4.200000000000003
913,83487880,83488380,500,0,100.0,0.0
914,83488380,83488880,500,0,100.0,0.0
915,83488880,83489380,500,0,100.0,0.0
916,83489380,83489880,500,0,100.0,0.0
917,83489880,83490380,500,0,100.0,0.0
918,83490380,83490880,500,0,100.0,0.0
919,83490880,83491380,500,0,100.0,0.0
920,83491380,83491880,500,0,100.0,0.0
921,83491880,83492380,500,0,100.0,0.0
922,83492380,83492880,500,0,100.0,0.0
923,83492880,83493380,500,0,100.0,0.0
924,83493380,83493880,500,0,100.0,0.0
925,83493880,83494380,500,0,100.0,0.0
926,83494380,83494880,500,0,100.0,0.0
927,83494880,83495380,500,0,100.0,0.0
928,83495380,83495880,500,0,100.0,0.0
929,83495880,83496380,500,0,100.0,0.0
930,83496380,83496880,500,0,100.0,0.0
931,83496880,83497380,500,0,100.0,0.0
932,83497380,83497880,500,0,100.0,0.0
933,83497880,83498380,500,0,100.0,0.0
934,83498380,83498880,500,0,100.0,0.0
935,83498880,83499380,411,89,82.19999999999999,17.80000000000001
936,83499380,83499880,10,490,2.0,98.0
937,83499880,83500380,54,446,10.8,89.2
938,83500380,83500880,429,71,85.8,14.200000000000003
939,83500880,83501380,500,0,100.0,0.0
940,83501380,83501880,500,0,100.0,0.0
941,83501880,83502380,500,0,100.0,0.0
942,83502380,83502880,500,0,100.0,0.0
943,83502880,83503380,500,0,100.0,0.0
944,83503380,83503880,500,0,100.0,0.0
945,83503880,83504380,500,0,100.0,0.0
946,83504380,83504880,500,0,100.0,0.0
947,83504880,83505380,500,0,100.0,0.0
948,83505380,83505880,500,0,100.0,0.0
949,83505880,83506380,500,0,100.0,0.0
950,83506380,83506880,500,0,100.0,0.0
951,83506880,83507380,500,0,100.0,0.0
952,83507380,83507880,500,0,100.0,0.0
953,83507880,83508380,500,0,100.0,0.0
954,83508380,83508880,500,0,100.0,0.0
955,83508880,83509380,500,0,100.0,0.0
956,83509380,83509880,500,0,100.0,0.0
957,83509880,83510380,500,0,100.0,0.0
958,83510380,83510880,500,0,100.0,0.0
959,83510880,83511380,500,0,100.0,0.0
960,83511380,83511880,422,78,84.39999999999999,15.600000000000009
961,83511880,83512380,8,492,1.6,98.4
962,83512380,83512880,55,445,11.0,89.0
963,83512880,83513380,284,216,56.8,43.2
964,83513380,83513880,500,0,100.0,0.0
965,83513880,83514380,500,0,100.0,0.0
966,83514380,83514880,500,0,100.0,0.0
967,83514880,83515380,500,0,100.0,0.0
968,83515380,83515880,500,0,100.0,0.0
969,83515880,83516380,500,0,100.0,0.0
970,83516380,83516880,500,0,100.0,0.0
971,83516880,83517380,500,0,100.0,0.0
972,83517380,83517880,500,0,100.0,0.0
973,83517880,83518380,500,0,100.0,0.0
974,83518380,83518880,500,0,100.0,0.0
975,83518880,83519380,500,0,100.0,0.0
976,83519380,83519880,500,0,100.0,0.0
977,83519880,83520380,500,0,100.0,0.0
978,83520380,83520880,500,0,100.0,0.0
979,83520880,83521380,500,0,100.0,0.0
980,83521380,83521880,500,0,100.0,0.0
981,83521880,83522380,500,0,100.0,0.0
982,83522380,83522880,500,0,100.0,0.0
983,83522880,83523380,500,0,100.0,0.0
984,83523380,83523880,500,0,100.0,0.0
985,83523880,83524380,438,62,87.6,12.400000000000006
986,83524380,83524880,9,491,1.7999999999999998,98.2
987,83524880,83525380,47,453,9.4,90.6
988,83525380,83525880,407,93,81.39999999999999,18.60000000000001
989,83525880,83526380,500,0,100.0,0.0
990,83526380,83526880,500,0,100.0,0.0
991,83526880,83527380,500,0,100.0,0.0
992,83527380,83527880,500,0,100.0,0.0
993,83527880,83528380,500,0,100.0,0.0
994,83528380,83528880,500,0,100.0,0.0
995,83528880,83529380,500,0,100.0,0.0
996,83529380,83529880,500,0,100.0,0.0
997,83529880,83530380,500,0,100.0,0.0
998,83530380,83530880,500,0,100.0,0.0
999,83530880,83531380,500,0,100.0,0.0
1000,83531380,83531880,500,0,100.0,0.0
1001,83531880,83532380,500,0,100.0,0.0
1002,83532380,83532880,500,0,100.0,0.0
1003,83532880,83533380,500,0,100.0,0.0
1004,83533380,83533880,500,0,100.0,0.0
1005,83533880,83534380,500,0,100.0,0.0
1006,83534380,83534880,500,0,100.0,0.0
1007,83534880,83535380,500,0,100.0,0.0
1008,83535380,83535880,500,0,100.0,0.0
1009,83535880,83536380,500,0,100.0,0.0
1010,83536380,83536880,120,380,24.0,76.0
1011,83536880,83537380,47,453,9.4,90.6
1012,83537380,83537880,189,311,37.8,62.2
1013,83537880,83538380,500,0,100.0,0.0
1014,83538380,83538880,500,0,100.0,0.0
1015,83538880,83539380,500,0,100.0,0.0
1016,83539380,83539880,500,0,100.0,0.0
1017,83539880,83540380,500,0,100.0,0.0
1018,83540380,83540880,500,0,100.0,0.0
1019,83540880,83541380,500,0,100.0,0.0
1020,83541380,83541880,500,0,100.0,0.0
1021,83541880,83542380,500,0,100.0,0.0
1022,83542380,83542880,500,0,100.0,0.0
1023,83542880,83543380,500,0,100.0,0.0
1024,83543380,83543880,500,0,100.0,0.0
1025,83543880,83544380,500,0,100.0,0.0
1026,83544380,83544880,500,0,100.0,0.0
1027,83544880,83545380,500,0,100.0,0.0
1028,83545380,83545880,500,0,100.0,0.0
1029,83545880,83546380,500,0,100.0,0.0
1030,83546380,83546880,500,0,100.0,0.0
1031,83546880,83547380,500,0,100.0,0.0
1032,83547380,83547880,500,0,100.0,0.0
1033,83547880,83548380,500,0,100.0,0.0
1034,83548380,83548880,493,7,98.6,1.4000000000000057
1035,83548880,83549380,7,493,1.4000000000000001,98.6
1036,83549380,83549880,43,457,8.6,91.4
1037,83549880,83550380,252,248,50.4,49.6
1038,83550380,83550880,500,0,100.0,0.0
1039,83550880,83551380,500,0,100.0,0.0
1040,83551380,83551880,500,0,100.0,0.0
1041,83551880,83552380,500,0,100.0,0.0
1042,83552380,83552880,500,0,100.0,0.0
1043,83552880,83553380,500,0,100.0,0.0
1044,83553380,83553880,500,0,100.0,0.0
1045,83553880,83554380,500,0,100.0,0.0
1046,83554380,83554880,500,0,100.0,0.0
1047,83554880,83555380,500,0,100.0,0.0
1048,83555380,83555880,500,0,100.0,0.0
1049,83555880,83556380,500,0,100.0,0.0
1050,83556380,83556880,500,0,100.0,0.0
1051,83556880,83557380,500,0,100.0,0.0
1052,83557380,83557880,500,0,100.0,0.0
1053,83557880,83558380,500,0,100.0,0.0
1054,83558380,83558880,500,0,100.0,0.0
1055,83558880,83559380,500,0,100.0,0.0
1056,83559380,83559880,500,0,100.0,0.0
1057,83559880,83560380,500,0,100.0,0.0
1058,83560380,83560880,500,0,100.0,0.0
1059,83560880,83561380,381,119,76.2,23.799999999999997
1060,83561380,83561880,9,491,1.7999999999999998,98.2
1061,83561880,83562380,47,453,9.4,90.6
1062,83562380,83562880,455,45,91.0,9.0
1063,83562880,83563380,500,0,100.0,0.0
1064,83563380,83563880,500,0,100.0,0.0
1065,83563880,83564380,500,0,100.0,0.0
1066,83564380,83564880,500,0,100.0,0.0
1067,83564880,83565380,500,0,100.0,0.0
1068,83565380,83565880,500,0,100.0,0.0
1069,83565880,83566380,500,0,100.0,0.0
1070,83566380,83566880,500,0,100.0,0.0
1071,83566880,83567380,500,0,100.0,0.0
1072,83567380,83567880,500,0,100.0,0.0
1073,83567880,83568380,500,0,100.0,0.0
1074,83568380,83568880,500,0,100.0,0.0
1075,83568880,83569380,500,0,100.0,0.0
1076,83569380,83569880,500,0,100.0,0.0
1077,83569880,83570380,500,0,100.0,0.0
1078,83570380,83570880,500,0,100.0,0.0
1079,83570880,83571380,500,0,100.0,0.0
1080,83571380,83571880,500,0,100.0,0.0
1081,83571880,83572380,500,0,100.0,0.0
1082,83572380,83572880,500,0,100.0,0.0
1083,83572880,83573380,500,0,100.0,0.0
1084,83573380,83573880,157,343,31.4,68.6
1085,83573880,83574380,43,457,8.6,91.4
1086,83574380,83574880,194,306,38.800000000000004,61.199999999999996
1087,83574880,83575380,500,0,100.0,0.0
1088,83575380,83575880,500,0,100.0,0.0
1089,83575880,83576380,500,0,100.0,0.0
1090,83576380,83576880,500,0,100.0,0.0
1091,83576880,83577380,500,0,100.0,0.0
1092,83577380,83577880,500,0,100.0,0.0
1093,83577880,83578380,500,0,100.0,0.0
1094,83578380,83578880,500,0,100.0,0.0
1095,83578880,83579380,500,0,100.0,0.0
1096,83579380,83579880,500,0,100.0,0.0
1097,83579880,83580380,500,0,100.0,0.0
1098,83580380,83580880,500,0,100.0,0.0
1099,83580880,83581380,500,0,100.0,0.0
1100,83581380,83581880,500,0,100.0,0.0
1101,83581880,83582380,500,0,100.0,0.0
1102,83582380,83582880,500,0,100.0,0.0
1103,83582880,83583380,500,0,100.0,0.0
1104,83583380,83583880,500,0,100.0,0.0
1105,83583880,83584380,500,0,100.0,0.0
1106,83584380,83584880,500,0,100.0,0.0
1107,83584880,83585380,500,0,100.0,0.0
1108,83585380,83585880,500,0,100.0,0.0
1109,83585880,83586380,496,4,99.2,0.7999999999999972
1110,83586380,83586880,8,492,1.6,98.4
1111,83586880,83587380,86,414,17.2,82.8
1112,83587380,83587880,6,494,1.2,98.8
1113,83587880,83588380,451,49,90.2,9.799999999999997
1114,83588380,83588880,500,0,100.0,0.0
1115,83588880,83589380,500,0,100.0,0.0
1116,83589380,83589880,500,0,100.0,0.0
1117,83589880,83590380,500,0,100.0,0.0
1118,83590380,83590880,500,0,100.0,0.0
1119,83590880,83591380,500,0,100.0,0.0
1120,83591380,83591880,500,0,100.0,0.0
1121,83591880,83592380,500,0,100.0,0.0
1122,83592380,83592880,500,0,100.0,0.0
1123,83592880,83593380,500,0,100.0,0.0
1124,83593380,83593880,500,0,100.0,0.0
1125,83593880,83594380,500,0,100.0,0.0
1126,83594380,83594880,500,0,100.0,0.0
1127,83594880,83595380,500,0,100.0,0.0
1128,83595380,83595880,500,0,100.0,0.0
1129,83595880,83596380,500,0,100.0,0.0
1130,83596380,83596880,500,0,100.0,0.0
1131,83596880,83597380,500,0,100.0,0.0
1132,83597380,83597880,500,0,100.0,0.0
1133,83597880,83598380,500,0,100.0,0.0
1134,83598380,83598880,500,0,100.0,0.0
1135,83598880,83599380,258,242,51.6,48.4
1136,83599380,83599880,48,452,9.6,90.4
1137,83599880,83600380,40,460,8.0,92.0
1138,83600380,83600880,500,0,100.0,0.0
1139,83600880,83601380,500,0,100.0,0.0
1140,83601380,83601880,500,0,100.0,0.0
1141,83601880,83602380,500,0,100.0,0.0
1142,83602380,83602880,500,0,100.0,0.0
1143,83602880,83603380,500,0,100.0,0.0
1144,83603380,83603880,500,0,100.0,0.0
1145,83603880,83604380,500,0,100.0,0.0
1146,83604380,83604880,500,0,100.0,0.0
1147,83604880,83605380,500,0,100.0,0.0
1148,83605380,83605880,500,0,100.0,0.0
1149,83605880,83606380,500,0,100.0,0.0
1150,83606380,83606880,500,0,100.0,0.0
1151,83606880,83607380,500,0,100.0,0.0
1152,83607380,83607880,500,0,100.0,0.0
1153,83607880,83608380,500,0,100.0,0.0
1154,83608380,83608880,500,0,100.0,0.0
1155,83608880,83609380,500,0,100.0,0.0
1156,83609380,83609880,500,0,100.0,0.0
1157,83609880,83610380,500,0,100.0,0.0
1158,83610380,83610880,500,0,100.0,0.0
1159,83610880,83611380,500,0,100.0,0.0
1160,83611380,83611880,56,444,11.200000000000001,88.8
1161,83611880,83612380,41,459,8.200000000000001,91.8
1162,83612380,83612880,289,211,57.8,42.2
1163,83612880,83613380,500,0,100.0,0.0
1164,83613380,83613880,500,0,100.0,0.0
1165,83613880,83614380,500,0,100.0,0.0
1166,83614380,83614880,500,0,100.0,0.0
1167,83614880,83615380,500,0,100.0,0.0
1168,83615380,83615880,500,0,100.0,0.0
1169,83615880,83616380,500,0,100.0,0.0
1170,83616380,83616880,500,0,100.0,0.0
1171,83616880,83617380,500,0,100.0,0.0
1172,83617380,83617880,500,0,100.0,0.0
1173,83617880,83618380,500,0,100.0,0.0
1174,83618380,83618880,500,0,100.0,0.0
1175,83618880,83619380,500,0,100.0,0.0
1176,83619380,83619880,500,0,100.0,0.0
1177,83619880,83620380,500,0,100.0,0.0
1178,83620380,83620880,500,0,100.0,0.0
1179,83620880,83621380,500,0,100.0,0.0
1180,83621380,83621880,500,0,100.0,0.0
1181,83621880,83622380,500,0,100.0,0.0
1182,83622380,83622880,500,0,100.0,0.0
1183,83622880,83623380,500,0,100.0,0.0
1184,83623380,83623880,500,0,100.0,0.0
1185,83623880,83624380,500,0,100.0,0.0
1186,83624380,83624880,194,306,38.800000000000004,61.199999999999996
1187,83624880,83625380,10,490,2.0,98.0
1188,83625380,83625880,58,442,11.600000000000001,88.4
1189,83625880,83626380,461,39,92.2,7.799999999999997
1190,83626380,83626880,500,0,100.0,0.0
1191,83626880,83627380,500,0,100.0,0.0
1192,83627380,83627880,500,0,100.0,0.0
1193,83627880,83628380,500,0,100.0,0.0
1194,83628380,83628880,500,0,100.0,0.0
1195,83628880,83629380,500,0,100.0,0.0
1196,83629380,83629880,500,0,100.0,0.0
1197,83629880,83630380,500,0,100.0,0.0
1198,83630380,83630880,500,0,100.0,0.0
1199,83630880,83631380,500,0,100.0,0.0
1200,83631380,83631880,500,0,100.0,0.0
1201,83631880,83632380,500,0,100.0,0.0
1202,83632380,83632880,500,0,100.0,0.0
1203,83632880,83633380,500,0,100.0,0.0
1204,83633380,83633880,500,0,100.0,0.0
1205,83633880,83634380,500,0,100.0,0.0
1206,83634380,83634880,500,0,100.0,0.0
1207,83634880,83635380,500,0,100.0,0.0
1208,83635380,83635880,500,0,100.0,0.0
1209,83635880,83636380,500,0,100.0,0.0
1210,83636380,83636880,500,0,100.0,0.0
1211,83636880,83637380,500,0,100.0,0.0
1212,83637380,83637880,151,349,30.2,69.8
1213,83637880,83638380,46,454,9.2,90.8
1214,83638380,83638880,202,298,40.400000000000006,59.599999999999994
1215,83638880,83639380,500,0,100.0,0.0
1216,83639380,83639880,500,0,100.0,0.0
1217,83639880,83640380,500,0,100.0,0.0
1218,83640380,83640880,500,0,100.0,0.0
1219,83640880,83641380,500,0,100.0,0.0
1220,83641380,83641880,500,0,100.0,0.0
1221,83641880,83642380,500,0,100.0,0.0
1222,83642380,83642880,500,0,100.0,0.0
1223,83642880,83643380,500,0,100.0,0.0
1224,83643380,83643880,500,0,100.0,0.0
1225,83643880,83644380,500,0,100.0,0.0
1226,83644380,83644880,500,0,100.0,0.0
1227,83644880,83645380,500,0,100.0,0.0
1228,83645380,83645880,500,0,100.0,0.0
1229,83645880,83646380,500,0,100.0,0.0
1230,83646380,83646880,500,0,100.0,0.0
1231,83646880,83647380,500,0,100.0,0.0
1232,83647380,83647880,500,0,100.0,0.0
1233,83647880,83648380,500,0,100.0,0.0
1234,83648380,83648880,500,0,100.0,0.0
1235,83648880,83649380,500,0,100.0,0.0
1236,83649380,83649880,500,0,100.0,0.0
1237,83649880,83650380,138,362,27.6,72.4
1238,83650380,83650880,47,453,9.4,90.6
1239,83650880,83651380,109,391,21.8,78.2
1240,83651380,83651880,500,0,100.0,0.0
1241,83651880,83652380,500,0,100.0,0.0
1242,83652380,83652880,500,0,100.0,0.0
1243,83652880,83653380,500,0,100.0,0.0
1244,83653380,83653880,500,0,100.0,0.0
1245,83653880,83654380,500,0,100.0,0.0
1246,83654380,83654880,500,0,100.0,0.0
1247,83654880,83655380,500,0,100.0,0.0
1248,83655380,83655880,500,0,100.0,0.0
1249,83655880,83656380,500,0,100.0,0.0
1250,83656380,83656880,500,0,100.0,0.0
1251,83656880,83657380,500,0,100.0,0.0
1252,83657380,83657880,500,0,100.0,0.0
1253,83657880,83658380,500,0,100.0,0.0
1254,83658380,83658880,500,0,100.0,0.0
1255,83658880,83659380,500,0,100.0,0.0
1256,83659380,83659880,500,0,100.0,0.0
1257,83659880,83660380,500,0,100.0,0.0
1258,83660380,83660880,500,0,100.0,0.0
1259,83660880,83661380,500,0,100.0,0.0
1260,83661380,83661880,500,0,100.0,0.0
1261,83661880,83662380,500,0,100.0,0.0
1262,83662380,83662880,500,0,100.0,0.0
1263,83662880,83663380,494,6,98.8,1.2000000000000028
1264,83663380,83663880,8,492,1.6,98.4
1265,83663880,83664380,71,429,14.2,85.8
1266,83664380,83664880,102,398,20.4,79.6
1267,83664880,83665380,500,0,100.0,0.0
1268,83665380,83665880,500,0,100.0,0.0
1269,83665880,83666380,500,0,100.0,0.0
1270,83666380,83666880,500,0,100.0,0.0
1271,83666880,83667380,500,0,100.0,0.0
1272,83667380,83667880,500,0,100.0,0.0
1273,83667880,83668380,500,0,100.0,0.0
1274,83668380,83668880,500,0,100.0,0.0
1275,83668880,83669380,500,0,100.0,0.0
1276,83669380,83669880,500,0,100.0,0.0
1277,83669880,83670380,500,0,100.0,0.0
1278,83670380,83670880,500,0,100.0,0.0
1279,83670880,83671380,500,0,100.0,0.0
1280,83671380,83671880,500,0,100.0,0.0
1281,83671880,83672380,500,0,100.0,0.0
1282,83672380,83672880,500,0,100.0,0.0
1283,83672880,83673380,500,0,100.0,0.0
1284,83673380,83673880,500,0,100.0,0.0
1285,83673880,83674380,500,0,100.0,0.0
1286,83674380,83674880,500,0,100.0,0.0
1287,83674880,83675380,500,0,100.0,0.0
1288,83675380,83675880,500,0,100.0,0.0
1289,83675880,83676380,500,0,100.0,0.0
1290,83676380,83676880,500,0,100.0,0.0
1291,83676880,83677380,500,0,100.0,0.0
1292,83677380,83677880,286,214,57.199999999999996,42.800000000000004
1293,83677880,83678380,7,493,1.4000000000000001,98.6
1294,83678380,83678880,59,441,11.799999999999999,88.2
1295,83678880,83679380,450,50,90.0,10.0
1296,83679380,83679880,500,0,100.0,0.0
1297,83679880,83680380,500,0,100.0,0.0
1298,83680380,83680880,500,0,100.0,0.0
1299,83680880,83681380,500,0,100.0,0.0
1300,83681380,83681880,500,0,100.0,0.0
1301,83681880,83682380,500,0,100.0,0.0
1302,83682380,83682880,500,0,100.0,0.0
1303,83682880,83683380,500,0,100.0,0.0
1304,83683380,83683880,500,0,100.0,0.0
1305,83683880,83684380,500,0,100.0,0.0
1306,83684380,83684880,500,0,100.0,0.0
1307,83684880,83685380,500,0,100.0,0.0
1308,83685380,83685880,500,0,100.0,0.0
1309,83685880,83686380,500,0,100.0,0.0
1310,83686380,83686880,500,0,100.0,0.0
1311,83686880,83687380,500,0,100.0,0.0
1312,83687380,83687880,500,0,100.0,0.0
1313,83687880,83688380,500,0,100.0,0.0
1314,83688380,83688880,500,0,100.0,0.0
1315,83688880,83689380,500,0,100.0,0.0
1316,83689380,83689880,500,0,100.0,0.0
1317,83689880,83690380,500,0,100.0,0.0
1318,83690380,83690880,500,0,100.0,0.0
1319,83690880,83691380,55,445,11.0,89.0
1320,83691380,83691880,68,432,13.600000000000001,86.4
1321,83691880,83692380,108,392,21.6,78.4
1322,83692380,83692880,500,0,100.0,0.0
1323,83692880,83693380,500,0,100.0,0.0
1324,83693380,83693880,500,0,100.0,0.0
1325,83693880,83694380,500,0,100.0,0.0
1326,83694380,83694880,500,0,100.0,0.0
1327,83694880,83695380,500,0,100.0,0.0
1328,83695380,83695880,500,0,100.0,0.0
1329,83695880,83696380,500,0,100.0,0.0
1330,83696380,83696880,500,0,100.0,0.0
1331,83696880,83697380,500,0,100.0,0.0
1332,83697380,83697880,500,0,100.0,0.0
1333,83697880,83698380,500,0,100.0,0.0
1334,83698380,83698880,500,0,100.0,0.0
1335,83698880,83699380,500,0,100.0,0.0
1336,83699380,83699880,500,0,100.0,0.0
1337,83699880,83700380,500,0,100.0,0.0
1338,83700380,83700880,500,0,100.0,0.0
1339,83700880,83701380,500,0,100.0,0.0
1340,83701380,83701880,500,0,100.0,0.0
1341,83701880,83702380,500,0,100.0,0.0
1342,83702380,83702880,500,0,100.0,0.0
1343,83702880,83703380,500,0,100.0,0.0
1344,83703380,83703880,500,0,100.0,0.0
1345,83703880,83704380,242,258,48.4,51.6
1346,83704380,83704880,45,455,9.0,91.0
1347,83704880,83705380,32,468,6.4,93.6
1348,83705380,83705880,500,0,100.0,0.0
1349,83705880,83706380,500,0,100.0,0.0
1350,83706380,83706880,500,0,100.0,0.0
1351,83706880,83707380,500,0,100.0,0.0
1352,83707380,83707880,500,0,100.0,0.0
1353,83707880,83708380,500,0,100.0,0.0
1354,83708380,83708880,500,0,100.0,0.0
1355,83708880,83709380,500,0,100.0,0.0
1356,83709380,83709880,500,0,100.0,0.0
1357,83709880,83710380,500,0,100.0,0.0
1358,83710380,83710880,500,0,100.0,0.0
1359,83710880,83711380,500,0,100.0,0.0
1360,83711380,83711880,500,0,100.0,0.0
1361,83711880,83712380,500,0,100.0,0.0
1362,83712380,83712880,500,0,100.0,0.0
1363,83712880,83713380,500,0,100.0,0.0
1364,83713380,83713880,500,0,100.0,0.0
1365,83713880,83714380,500,0,100.0,0.0
1366,83714380,83714880,500,0,100.0,0.0
1367,83714880,83715380,500,0,100.0,0.0
1368,83715380,83715880,500,0,100.0,0.0
1369,83715880,83716380,500,0,100.0,0.0
1370,83716380,83716880,500,0,100.0,0.0
1371,83716880,83717380,102,398,20.4,79.6
1372,83717380,83717880,45,455,9.0,91.0
1373,83717880,83718380,61,439,12.2,87.8
1374,83718380,83718880,500,0,100.0,0.0
1375,83718880,83719380,500,0,100.0,0.0
1376,83719380,83719880,500,0,100.0,0.0
1377,83719880,83720380,500,0,100.0,0.0
1378,83720380,83720880,500,0,100.0,0.0
1379,83720880,83721380,500,0,100.0,0.0
1380,83721380,83721880,500,0,100.0,0.0
1381,83721880,83722380,500,0,100.0,0.0
1382,83722380,83722880,500,0,100.0,0.0
1383,83722880,83723380,500,0,100.0,0.0
1384,83723380,83723880,500,0,100.0,0.0
1385,83723880,83724380,500,0,100.0,0.0
1386,83724380,83724880,500,0,100.0,0.0
1387,83724880,83725380,500,0,100.0,0.0
1388,83725380,83725880,500,0,100.0,0.0
1389,83725880,83726380,500,0,100.0,0.0
1390,83726380,83726880,500,0,100.0,0.0
1391,83726880,83727380,500,0,100.0,0.0
1392,83727380,83727880,500,0,100.0,0.0
1393,83727880,83728380,500,0,100.0,0.0
1394,83728380,83728880,500,0,100.0,0.0
1395,83728880,83729380,500,0,100.0,0.0
1396,83729380,83729880,500,0,100.0,0.0
1397,83729880,83730380,280,220,56.00000000000001,43.99999999999999
1398,83730380,83730880,46,454,9.2,90.8
1399,83730880,83731380,6,494,1.2,98.8
1400,83731380,83731880,451,49,90.2,9.799999999999997
1401,83731880,83732380,500,0,100.0,0.0
1402,83732380,83732880,500,0,100.0,0.0
1403,83732880,83733380,500,0,100.0,0.0
1404,83733380,83733880,500,0,100.0,0.0
1405,83733880,83734380,500,0,100.0,0.0
1406,83734380,83734880,500,0,100.0,0.0
1407,83734880,83735380,500,0,100.0,0.0
1408,83735380,83735880,500,0,100.0,0.0
1409,83735880,83736380,500,0,100.0,0.0
1410,83736380,83736880,500,0,100.0,0.0
1411,83736880,83737380,500,0,100.0,0.0
1412,83737380,83737880,500,0,100.0,0.0
1413,83737880,83738380,500,0,100.0,0.0
1414,83738380,83738880,500,0,100.0,0.0
1415,83738880,83739380,500,0,100.0,0.0
1416,83739380,83739880,500,0,100.0,0.0
1417,83739880,83740380,500,0,100.0,0.0
1418,83740380,83740880,500,0,100.0,0.0
1419,83740880,83741380,500,0,100.0,0.0
1420,83741380,83741880,500,0,100.0,0.0
1421,83741880,83742380,500,0,100.0,0.0
1422,83742380,83742880,500,0,100.0,0.0
1423,83742880,83743380,500,0,100.0,0.0
1424,83743380,83743880,254,246,50.8,49.2
1425,83743880,83744380,7,493,1.4000000000000001,98.6
1426,83744380,83744880,64,436,12.8,87.2
1427,83744880,83745380,449,51,89.8,10.200000000000003
1428,83745380,83745880,500,0,100.0,0.0
1429,83745880,83746380,500,0,100.0,0.0
1430,83746380,83746880,500,0,100.0,0.0
1431,83746880,83747380,500,0,100.0,0.0
1432,83747380,83747880,500,0,100.0,0.0
1433,83747880,83748380,500,0,100.0,0.0
1434,83748380,83748880,500,0,100.0,0.0
1435,83748880,83749380,500,0,100.0,0.0
1436,83749380,83749880,500,0,100.0,0.0
1437,83749880,83750380,500,0,100.0,0.0
1438,83750380,83750880,500,0,100.0,0.0
1439,83750880,83751380,500,0,100.0,0.0
1440,83751380,83751880,500,0,100.0,0.0
1441,83751880,83752380,500,0,100.0,0.0
1442,83752380,83752880,500,0,100.0,0.0
1443,83752880,83753380,500,0,100.0,0.0
1444,83753380,83753880,500,0,100.0,0.0
1445,83753880,83754380,500,0,100.0,0.0
1446,83754380,83754880,500,0,100.0,0.0
1447,83754880,83755380,500,0,100.0,0.0
1448,83755380,83755880,500,0,100.0,0.0
1449,83755880,83756380,500,0,100.0,0.0
1450,83756380,83756880,500,0,100.0,0.0
1451,83756880,83757380,341,159,68.2,31.799999999999997
1452,83757380,83757880,9,491,1.7999999999999998,98.2
1453,83757880,83758380,49,451,9.8,90.2
1454,83758380,83758880,425,75,85.0,15.0
1455,83758880,83759380,500,0,100.0,0.0
1456,83759380,83759880,500,0,100.0,0.0
1457,83759880,83760380,500,0,100.0,0.0
1458,83760380,83760880,500,0,100.0,0.0
1459,83760880,83761380,500,0,100.0,0.0
1460,83761380,83761880,500,0,100.0,0.0
1461,83761880,83762380,500,0,100.0,0.0
1462,83762380,83762880,500,0,100.0,0.0
1463,83762880,83763380,500,0,100.0,0.0
1464,83763380,83763880,500,0,100.0,0.0
1465,83763880,83764380,500,0,100.0,0.0
1466,83764380,83764880,500,0,100.0,0.0
1467,83764880,83765380,500,0,100.0,0.0
1468,83765380,83765880,500,0,100.0,0.0
1469,83765880,83766380,500,0,100.0,0.0
1470,83766380,83766880,500,0,100.0,0.0
1471,83766880,83767380,500,0,100.0,0.0
1472,83767380,83767880,500,0,100.0,0.0
1473,83767880,83768380,500,0,100.0,0.0
1474,83768380,83768880,500,0,100.0,0.0
1475,83768880,83769380,500,0,100.0,0.0
1476,83769380,83769880,500,0,100.0,0.0
1477,83769880,83770380,500,0,100.0,0.0
1478,83770380,83770880,283,217,56.599999999999994,43.400000000000006
1479,83770880,83771380,8,492,1.6,98.4
1480,83771380,83771880,46,454,9.2,90.8
1481,83771880,83772380,345,155,69.0,31.0
1482,83772380,83772880,500,0,100.0,0.0
1483,83772880,83773380,500,0,100.0,0.0
1484,83773380,83773880,500,0,100.0,0.0
1485,83773880,83774380,500,0,100.0,0.0
1486,83774380,83774880,500,0,100.0,0.0
1487,83774880,83775380,500,0,100.0,0.0
1488,83775380,83775880,500,0,100.0,0.0
1489,83775880,83776380,500,0,100.0,0.0
1490,83776380,83776880,500,0,100.0,0.0
1491,83776880,83777380,500,0,100.0,0.0
1492,83777380,83777880,500,0,100.0,0.0
1493,83777880,83778380,500,0,100.0,0.0
1494,83778380,83778880,500,0,100.0,0.0
1495,83778880,83779380,500,0,100.0,0.0
1496,83779380,83779880,500,0,100.0,0.0
1497,83779880,83780380,500,0,100.0,0.0
1498,83780380,83780880,500,0,100.0,0.0
1499,83780880,83781380,500,0,100.0,0.0
1500,83781380,83781880,500,0,100.0,0.0
1501,83781880,83782380,500,0,100.0,0.0
1502,83782380,83782880,500,0,100.0,0.0
1503,83782880,83783380,500,0,100.0,0.0
1504,83783380,83783880,500,0,100.0,0.0
1505,83783880,83784380,500,0,100.0,0.0
1506,83784380,83784880,381,119,76.2,23.799999999999997
1507,83784880,83785380,10,490,2.0,98.0
1508,83785380,83785880,88,412,17.599999999999998,82.4
1509,83785880,83786380,213,287,42.6,57.4
1510,83786380,83786880,500,0,100.0,0.0
1511,83786880,83787380,500,0,100.0,0.0
1512,83787380,83787880,500,0,100.0,0.0
1513,83787880,83788380,500,0,100.0,0.0
1514,83788380,83788880,500,0,100.0,0.0
1515,83788880,83789380,500,0,100.0,0.0
1516,83789380,83789880,500,0,100.0,0.0
1517,83789880,83790380,500,0,100.0,0.0
1518,83790380,83790880,500,0,100.0,0.0
1519,83790880,83791380,500,0,100.0,0.0
1520,83791380,83791880,500,0,100.0,0.0
1521,83791880,83792380,500,0,100.0,0.0
1522,83792380,83792880,500,0,100.0,0.0
1523,83792880,83793380,500,0,100.0,0.0
1524,83793380,83793880,500,0,100.0,0.0
1525,83793880,83794380,500,0,100.0,0.0
1526,83794380,83794880,500,0,100.0,0.0
1527,83794880,83795380,500,0,100.0,0.0
1528,83795380,83795880,500,0,100.0,0.0
1529,83795880,83796380,500,0,100.0,0.0
1530,83796380,83796880,500,0,100.0,0.0
1531,83796880,83797380,500,0,100.0,0.0
1532,83797380,83797880,500,0,100.0,0.0
1533,83797880,83798380,500,0,100.0,0.0
1534,83798380,83798880,129,371,25.8,74.2
1535,83798880,83799380,52,448,10.4,89.6
1536,83799380,83799880,98,402,19.6,80.4
1537,83799880,83800380,500,0,100.0,0.0
1538,83800380,83800880,500,0,100.0,0.0
1539,83800880,83801380,500,0,100.0,0.0
1540,83801380,83801880,500,0,100.0,0.0
1541,83801880,83802380,500,0,100.0,0.0
1542,83802380,83802880,500,0,100.0,0.0
1543,83802880,83803380,500,0,100.0,0.0
1544,83803380,83803880,500,0,100.0,0.0
1545,83803880,83804380,500,0,100.0,0.0
1546,83804380,83804880,500,0,100.0,0.0
1547,83804880,83805380,500,0,100.0,0.0
1548,83805380,83805880,500,0,100.0,0.0
1549,83805880,83806380,500,0,100.0,0.0
1550,83806380,83806880,500,0,100.0,0.0
1551,83806880,83807380,500,0,100.0,0.0
1552,83807380,83807880,500,0,100.0,0.0
1553,83807880,83808380,500,0,100.0,0.0
1554,83808380,83808880,500,0,100.0,0.0
1555,83808880,83809380,500,0,100.0,0.0
1556,83809380,83809880,500,0,100.0,0.0
1557,83809880,83810380,500,0,100.0,0.0
1558,83810380,83810880,500,0,100.0,0.0
1559,83810880,83811380,500,0,100.0,0.0
1560,83811380,83811880,500,0,100.0,0.0
1561,83811880,83812380,261,239,52.2,47.8
1562,83812380,83812880,50,450,10.0,90.0
1563,83812880,83813380,6,494,1.2,98.8
1564,83813380,83813880,477,23,95.39999999999999,4.6000000000000085
1565,83813880,83814380,500,0,100.0,0.0
1566,83814380,83814880,500,0,100.0,0.0
1567,83814880,83815380,500,0,100.0,0.0
1568,83815380,83815880,500,0,100.0,0.0
1569,83815880,83816380,500,0,100.0,0.0
1570,83816380,83816880,500,0,100.0,0.0
1571,83816880,83817380,500,0,100.0,0.0
1572,83817380,83817880,500,0,100.0,0.0
1573,83817880,83818380,500,0,100.0,0.0
1574,83818380,83818880,500,0,100.0,0.0
1575,83818880,83819380,500,0,100.0,0.0
1576,83819380,83819880,500,0,100.0,0.0
1577,83819880,83820380,500,0,100.0,0.0
1578,83820380,83820880,500,0,100.0,0.0
1579,83820880,83821380,500,0,100.0,0.0
1580,83821380,83821880,500,0,100.0,0.0
1581,83821880,83822380,500,0,100.0,0.0
1582,83822380,83822880,500,0,100.0,0.0
1583,83822880,83823380,500,0,100.0,0.0
1584,83823380,83823880,500,0,100.0,0.0
1585,83823880,83824380,500,0,100.0,0.0
1586,83824380,83824880,500,0,100.0,0.0
1587,83824880,83825380,500,0,100.0,0.0
1588,83825380,83825880,390,110,78.0,22.0
1589,83825880,83826380,7,493,1.4000000000000001,98.6
1590,83826380,83826880,47,453,9.4,90.6
1591,83826880,83827380,206,294,41.199999999999996,58.800000000000004
1592,83827380,83827880,500,0,100.0,0.0
1593,83827880,83828380,500,0,100.0,0.0
1594,83828380,83828880,500,0,100.0,0.0
1595,83828880,83829380,500,0,100.0,0.0
1596,83829380,83829880,500,0,100.0,0.0
1597,83829880,83830380,500,0,100.0,0.0
1598,83830380,83830880,500,0,100.0,0.0
1599,83830880,83831380,500,0,100.0,0.0
1600,83831380,83831880,500,0,100.0,0.0
1601,83831880,83832380,500,0,100.0,0.0
1602,83832380,83832880,500,0,100.0,0.0
1603,83832880,83833380,500,0,100.0,0.0
1604,83833380,83833880,500,0,100.0,0.0
1605,83833880,83834380,500,0,100.0,0.0
1606,83834380,83834880,500,0,100.0,0.0
1607,83834880,83835380,500,0,100.0,0.0
1608,83835380,83835880,500,0,100.0,0.0
1609,83835880,83836380,500,0,100.0,0.0
1610,83836380,83836880,500,0,100.0,0.0
1611,83836880,83837380,500,0,100.0,0.0
1612,83837380,83837880,500,0,100.0,0.0
1613,83837880,83838380,500,0,100.0,0.0
1614,83838380,83838880,500,0,100.0,0.0
1615,83838880,83839380,500,0,100.0,0.0
1616,83839380,83839880,500,0,100.0,0.0
1617,83839880,83840380,500,0,100.0,0.0
1618,83840380,83840880,500,0,100.0,0.0
1619,83840880,83841380,93,407,18.6,81.4
1620,83841380,83841880,57,443,11.4,88.6
1621,83841880,83842380,52,448,10.4,89.6
1622,83842380,83842880,500,0,100.0,0.0
1623,83842880,83843380,500,0,100.0,0.0
1624,83843380,83843880,500,0,100.0,0.0
1625,83843880,83844380,500,0,100.0,0.0
1626,83844380,83844880,500,0,100.0,0.0
1627,83844880,83845380,500,0,100.0,0.0
1628,83845380,83845880,500,0,100.0,0.0
1629,83845880,83846380,500,0,100.0,0.0
1630,83846380,83846880,500,0,100.0,0.0
1631,83846880,83847380,500,0,100.0,0.0
1632,83847380,83847880,500,0,100.0,0.0
1633,83847880,83848380,500,0,100.0,0.0
1634,83848380,83848880,500,0,100.0,0.0
1635,83848880,83849380,500,0,100.0,0.0
1636,83849380,83849880,500,0,100.0,0.0
1637,83849880,83850380,500,0,100.0,0.0
1638,83850380,83850880,500,0,100.0,0.0
1639,83850880,83851380,500,0,100.0,0.0
1640,83851380,83851880,500,0,100.0,0.0
1641,83851880,83852380,500,0,100.0,0.0
1642,83852380,83852880,500,0,100.0,0.0
1643,83852880,83853380,500,0,100.0,0.0
1644,83853380,83853880,500,0,100.0,0.0
1645,83853880,83854380,500,0,100.0,0.0
1646,83854380,83854880,342,158,68.4,31.599999999999994
1647,83854880,83855380,7,493,1.4000000000000001,98.6
1648,83855380,83855880,51,449,10.2,89.8
1649,83855880,83856380,276,224,55.2,44.8
1650,83856380,83856880,500,0,100.0,0.0
1651,83856880,83857380,500,0,100.0,0.0
1652,83857380,83857880,500,0,100.0,0.0
1653,83857880,83858380,500,0,100.0,0.0
1654,83858380,83858880,500,0,100.0,0.0
1655,83858880,83859380,500,0,100.0,0.0
1656,83859380,83859880,500,0,100.0,0.0
1657,83859880,83860380,500,0,100.0,0.0
1658,83860380,83860880,500,0,100.0,0.0
1659,83860880,83861380,500,0,100.0,0.0
1660,83861380,83861880,500,0,100.0,0.0
1661,83861880,83862380,500,0,100.0,0.0
1662,83862380,83862880,500,0,100.0,0.0
1663,83862880,83863380,500,0,100.0,0.0
1664,83863380,83863880,500,0,100.0,0.0
1665,83863880,83864380,500,0,100.0,0.0
1666,83864380,83864880,500,0,100.0,0.0
1667,83864880,83865380,500,0,100.0,0.0
1668,83865380,83865880,500,0,100.0,0.0
1669,83865880,83866380,500,0,100.0,0.0
1670,83866380,83866880,500,0,100.0,0.0
1671,83866880,83867380,500,0,100.0,0.0
1672,83867380,83867880,500,0,100.0,0.0
1673,83867880,83868380,391,109,78.2,21.799999999999997
1674,83868380,83868880,8,492,1.6,98.4
1675,83868880,83869380,49,451,9.8,90.2
1676,83869380,83869880,366,134,73.2,26.799999999999997
1677,83869880,83870380,500,0,100.0,0.0
1678,83870380,83870880,500,0,100.0,0.0
1679,83870880,83871380,500,0,100.0,0.0
1680,83871380,83871880,500,0,100.0,0.0
1681,83871880,83872380,500,0,100.0,0.0
1682,83872380,83872880,500,0,100.0,0.0
1683,83872880,83873380,500,0,100.0,0.0
1684,83873380,83873880,500,0,100.0,0.0
1685,83873880,83874380,500,0,100.0,0.0
1686,83874380,83874880,500,0,100.0,0.0
1687,83874880,83875380,500,0,100.0,0.0
1688,83875380,83875880,500,0,100.0,0.0
1689,83875880,83876380,500,0,100.0,0.0
1690,83876380,83876880,500,0,100.0,0.0
1691,83876880,83877380,500,0,100.0,0.0
1692,83877380,83877880,500,0,100.0,0.0
1693,83877880,83878380,500,0,100.0,0.0
1694,83878380,83878880,500,0,100.0,0.0
1695,83878880,83879380,500,0,100.0,0.0
1696,83879380,83879880,500,0,100.0,0.0
1697,83879880,83880380,500,0,100.0,0.0
1698,83880380,83880880,500,0,100.0,0.0
1699,83880880,83881380,448,52,89.60000000000001,10.399999999999991
1700,83881380,83881880,8,492,1.6,98.4
1701,83881880,83882380,50,450,10.0,90.0
1702,83882380,83882880,279,221,55.800000000000004,44.199999999999996
1703,83882880,83883380,500,0,100.0,0.0
1704,83883380,83883880,500,0,100.0,0.0
1705,83883880,83884380,500,0,100.0,0.0
1706,83884380,83884880,500,0,100.0,0.0
1707,83884880,83885380,500,0,100.0,0.0
1708,83885380,83885880,500,0,100.0,0.0
1709,83885880,83886380,500,0,100.0,0.0
1710,83886380,83886880,500,0,100.0,0.0
1711,83886880,83887380,500,0,100.0,0.0
1712,83887380,83887880,500,0,100.0,0.0
1713,83887880,83888380,500,0,100.0,0.0
1714,83888380,83888880,500,0,100.0,0.0
1715,83888880,83889380,500,0,100.0,0.0
1716,83889380,83889880,500,0,100.0,0.0
1717,83889880,83890380,500,0,100.0,0.0
1718,83890380,83890880,500,0,100.0,0.0
1719,83890880,83891380,500,0,100.0,0.0
1720,83891380,83891880,500,0,100.0,0.0
1721,83891880,83892380,500,0,100.0,0.0
1722,83892380,83892880,500,0,100.0,0.0
1723,83892880,83893380,500,0,100.0,0.0
1724,83893380,83893880,500,0,100.0,0.0
1725,83893880,83894380,500,0,100.0,0.0
1726,83894380,83894880,205,295,41.0,59.0
1727,83894880,83895380,46,454,9.2,90.8
1728,83895380,83895880,63,437,12.6,87.4
1729,83895880,83896380,500,0,100.0,0.0
1730,83896380,83896880,500,0,100.0,0.0
1731,83896880,83897380,500,0,100.0,0.0
1732,83897380,83897880,500,0,100.0,0.0
1733,83897880,83898380,500,0,100.0,0.0
1734,83898380,83898880,500,0,100.0,0.0
1735,83898880,83899380,500,0,100.0,0.0
1736,83899380,83899880,500,0,100.0,0.0
1737,83899880,83900380,500,0,100.0,0.0
1738,83900380,83900880,500,0,100.0,0.0
1739,83900880,83901380,500,0,100.0,0.0
1740,83901380,83901880,500,0,100.0,0.0
1741,83901880,83902380,500,0,100.0,0.0
1742,83902380,83902880,500,0,100.0,0.0
1743,83902880,83903380,500,0,100.0,0.0
1744,83903380,83903880,500,0,100.0,0.0
1745,83903880,83904380,500,0,100.0,0.0
1746,83904380,83904880,500,0,100.0,0.0
1747,83904880,83905380,500,0,100.0,0.0
1748,83905380,83905880,500,0,100.0,0.0
1749,83905880,83906380,500,0,100.0,0.0
1750,83906380,83906880,500,0,100.0,0.0
1751,83906880,83907380,500,0,100.0,0.0
1752,83907380,83907880,465,35,93.0,7.0
1753,83907880,83908380,7,493,1.4000000000000001,98.6
1754,83908380,83908880,43,457,8.6,91.4
1755,83908880,83909380,227,273,45.4,54.6
1756,83909380,83909880,500,0,100.0,0.0
1757,83909880,83910380,500,0,100.0,0.0
1758,83910380,83910880,500,0,100.0,0.0
1759,83910880,83911380,500,0,100.0,0.0
1760,83911380,83911880,500,0,100.0,0.0
1761,83911880,83912380,500,0,100.0,0.0
1762,83912380,83912880,500,0,100.0,0.0
1763,83912880,83913380,500,0,100.0,0.0
1764,83913380,83913880,500,0,100.0,0.0
1765,83913880,83914380,500,0,100.0,0.0
1766,83914380,83914880,500,0,100.0,0.0
1767,83914880,83915380,500,0,100.0,0.0
1768,83915380,83915880,500,0,100.0,0.0
1769,83915880,83916380,500,0,100.0,0.0
1770,83916380,83916880,500,0,100.0,0.0
1771,83916880,83917380,500,0,100.0,0.0
1772,83917380,83917880,500,0,100.0,0.0
1773,83917880,83918380,500,0,100.0,0.0
1774,83918380,83918880,500,0,100.0,0.0
1775,83918880,83919380,500,0,100.0,0.0
1776,83919380,83919880,500,0,100.0,0.0
1777,83919880,83920380,500,0,100.0,0.0
1778,83920380,83920880,500,0,100.0,0.0
1779,83920880,83921380,500,0,100.0,0.0
1780,83921380,83921880,500,0,100.0,0.0
1781,83921880,83922380,281,219,56.2,43.8
1782,83922380,83922880,16,484,3.2,96.8
1783,83922880,83923380,55,445,11.0,89.0
1784,83923380,83923880,417,83,83.39999999999999,16.60000000000001
1785,83923880,83924380,500,0,100.0,0.0
1786,83924380,83924880,500,0,100.0,0.0
1787,83924880,83925380,500,0,100.0,0.0
1788,83925380,83925880,500,0,100.0,0.0
1789,83925880,83926380,500,0,100.0,0.0
1790,83926380,83926880,500,0,100.0,0.0
1791,83926880,83927380,500,0,100.0,0.0
1792,83927380,83927880,500,0,100.0,0.0
1793,83927880,83928380,500,0,100.0,0.0
1794,83928380,83928880,500,0,100.0,0.0
1795,83928880,83929380,500,0,100.0,0.0
1796,83929380,83929880,500,0,100.0,0.0
1797,83929880,83930380,500,0,100.0,0.0
1798,83930380,83930880,500,0,100.0,0.0
1799,83930880,83931380,500,0,100.0,0.0
1800,83931380,83931880,500,0,100.0,0.0
1801,83931880,83932380,500,0,100.0,0.0
1802,83932380,83932880,500,0,100.0,0.0
1803,83932880,83933380,500,0,100.0,0.0
1804,83933380,83933880,500,0,100.0,0.0
1805,83933880,83934380,500,0,100.0,0.0
1806,83934380,83934880,500,0,100.0,0.0
1807,83934880,83935380,500,0,100.0,0.0
1808,83935380,83935880,455,45,91.0,9.0
1809,83935880,83936380,8,492,1.6,98.4
1810,83936380,83936880,68,432,13.600000000000001,86.4
1811,83936880,83937380,124,376,24.8,75.2
1812,83937380,83937880,500,0,100.0,0.0
1813,83937880,83938380,500,0,100.0,0.0
1814,83938380,83938880,500,0,100.0,0.0
1815,83938880,83939380,500,0,100.0,0.0
1816,83939380,83939880,500,0,100.0,0.0
1817,83939880,83940380,500,0,100.0,0.0
1818,83940380,83940880,500,0,100.0,0.0
1819,83940880,83941380,500,0,100.0,0.0
1820,83941380,83941880,500,0,100.0,0.0
1821,83941880,83942380,500,0,100.0,0.0
1822,83942380,83942880,500,0,100.0,0.0
1823,83942880,83943380,500,0,100.0,0.0
1824,83943380,83943880,500,0,100.0,0.0
1825,83943880,83944380,500,0,100.0,0.0
1826,83944380,83944880,500,0,100.0,0.0
1827,83944880,83945380,500,0,100.0,0.0
1828,83945380,83945880,500,0,100.0,0.0
1829,83945880,83946380,500,0,100.0,0.0
1830,83946380,83946880,500,0,100.0,0.0
1831,83946880,83947380,500,0,100.0,0.0
1832,83947380,83947880,500,0,100.0,0.0
1833,83947880,83948380,500,0,100.0,0.0
1834,83948380,83948880,500,0,100.0,0.0
1835,83948880,83949380,447,53,89.4,10.599999999999994
1836,83949380,83949880,9,491,1.7999999999999998,98.2
1837,83949880,83950380,43,457,8.6,91.4
1838,83950380,83950880,331,169,66.2,33.8
1839,83950880,83951380,500,0,100.0,0.0
1840,83951380,83951880,500,0,100.0,0.0
1841,83951880,83952380,500,0,100.0,0.0
1842,83952380,83952880,500,0,100.0,0.0
1843,83952880,83953380,500,0,100.0,0.0
1844,83953380,83953880,500,0,100.0,0.0
1845,83953880,83954380,500,0,100.0,0.0
1846,83954380,83954880,500,0,100.0,0.0
1847,83954880,83955380,500,0,100.0,0.0
1848,83955380,83955880,500,0,100.0,0.0
1849,83955880,83956380,500,0,100.0,0.0
1850,83956380,83956880,500,0,100.0,0.0
1851,83956880,83957380,500,0,100.0,0.0
1852,83957380,83957880,500,0,100.0,0.0
1853,83957880,83958380,500,0,100.0,0.0
1854,83958380,83958880,500,0,100.0,0.0
1855,83958880,83959380,500,0,100.0,0.0
1856,83959380,83959880,500,0,100.0,0.0
1857,83959880,83960380,500,0,100.0,0.0
1858,83960380,83960880,500,0,100.0,0.0
1859,83960880,83961380,500,0,100.0,0.0
1860,83961380,83961880,500,0,100.0,0.0
1861,83961880,83962380,500,0,100.0,0.0
1862,83962380,83962880,204,296,40.8,59.2
1863,83962880,83963380,44,456,8.799999999999999,91.2
1864,83963380,83963880,53,447,10.6,89.4
1865,83963880,83964380,500,0,100.0,0.0
1866,83964380,83964880,500,0,100.0,0.0
1867,83964880,83965380,500,0,100.0,0.0
1868,83965380,83965880,500,0,100.0,0.0
1869,83965880,83966380,500,0,100.0,0.0
1870,83966380,83966880,500,0,100.0,0.0
1871,83966880,83967380,500,0,100.0,0.0
1872,83967380,83967880,500,0,100.0,0.0
1873,83967880,83968380,500,0,100.0,0.0
1874,83968380,83968880,500,0,100.0,0.0
1875,83968880,83969380,500,0,100.0,0.0
1876,83969380,83969880,500,0,100.0,0.0
1877,83969880,83970380,500,0,100.0,0.0
1878,83970380,83970880,500,0,100.0,0.0
1879,83970880,83971380,500,0,100.0,0.0
1880,83971380,83971880,500,0,100.0,0.0
1881,83971880,83972380,500,0,100.0,0.0
1882,83972380,83972880,500,0,100.0,0.0
1883,83972880,83973380,500,0,100.0,0.0
1884,83973380,83973880,500,0,100.0,0.0
1885,83973880,83974380,500,0,100.0,0.0
1886,83974380,83974880,500,0,100.0,0.0
1887,83974880,83975380,500,0,100.0,0.0
1888,83975380,83975880,500,0,100.0,0.0
1889,83975880,83976380,237,263,47.4,52.6
1890,83976380,83976880,42,458,8.4,91.6
1891,83976880,83977380,22,478,4.3999999999999995,95.6
1892,83977380,83977880,500,0,100.0,0.0
1893,83977880,83978380,500,0,100.0,0.0
1894,83978380,83978880,500,0,100.0,0.0
1895,83978880,83979380,500,0,100.0,0.0
1896,83979380,83979880,500,0,100.0,0.0
1897,83979880,83980380,500,0,100.0,0.0
1898,83980380,83980880,500,0,100.0,0.0
1899,83980880,83981380,500,0,100.0,0.0
1900,83981380,83981880,500,0,100.0,0.0
1901,83981880,83982380,500,0,100.0,0.0
1902,83982380,83982880,500,0,100.0,0.0
1903,83982880,83983380,500,0,100.0,0.0
1904,83983380,83983880,500,0,100.0,0.0
1905,83983880,83984380,500,0,100.0,0.0
1906,83984380,83984880,500,0,100.0,0.0
1907,83984880,83985380,500,0,100.0,0.0
1908,83985380,83985880,500,0,100.0,0.0
1909,83985880,83986380,500,0,100.0,0.0
1910,83986380,83986880,500,0,100.0,0.0
1911,83986880,83987380,500,0,100.0,0.0
1912,83987380,83987880,500,0,100.0,0.0
1913,83987880,83988380,500,0,100.0,0.0
1914,83988380,83988880,500,0,100.0,0.0
1915,83988880,83989380,500,0,100.0,0.0
1916,83989380,83989880,500,0,100.0,0.0
1917,83989880,83990380,500,0,100.0,0.0
1918,83990380,83990880,500,0,100.0,0.0
1919,83990880,83991380,500,0,100.0,0.0
1920,83991380,83991880,500,0,100.0,0.0
1921,83991880,83992380,500,0,100.0,0.0
1922,83992380,83992880,500,0,100.0,0.0
1923,83992880,83993380,500,0,100.0,0.0
1924,83993380,83993880,500,0,100.0,0.0
1925,83993880,83994380,500,0,100.0,0.0
1926,83994380,83994880,500,0,100.0,0.0
1927,83994880,83995380,500,0,100.0,0.0
1928,83995380,83995880,500,0,100.0,0.0
1929,83995880,83996380,500,0,100.0,0.0
1930,83996380,83996880,500,0,100.0,0.0
1931,83996880,83997380,500,0,100.0,0.0
1932,83997380,83997880,500,0,100.0,0.0
1933,83997880,83998380,500,0,100.0,0.0
1934,83998380,83998880,500,0,100.0,0.0
1935,83998880,83999380,500,0,100.0,0.0
1936,83999380,83999880,500,0,100.0,0.0
1937,83999880,84000380,500,0,100.0,0.0
1938,84000380,84000880,500,0,100.0,0.0
1939,84000880,84001380,500,0,100.0,0.0
1940,84001380,84001880,500,0,100.0,0.0
1941,84001880,84002380,500,0,100.0,0.0
1942,84002380,84002880,500,0,100.0,0.0
1943,84002880,84003380,500,0,100.0,0.0
1944,84003380,84003880,500,0,100.0,0.0
1945,84003880,84004380,500,0,100.0,0.0
1946,84004380,84004880,500,0,100.0,0.0
1947,84004880,84005380,500,0,100.0,0.0
1948,84005380,84005880,500,0,100.0,0.0
1949,84005880,84006380,500,0,100.0,0.0
1950,84006380,84006880,500,0,100.0,0.0
1951,84006880,84007380,500,0,100.0,0.0
1952,84007380,84007880,500,0,100.0,0.0
1953,84007880,84008380,500,0,100.0,0.0
1954,84008380,84008880,500,0,100.0,0.0
1955,84008880,84009380,500,0,100.0,0.0
1956,84009380,84009880,500,0,100.0,0.0
1957,84009880,84010380,500,0,100.0,0.0
1958,84010380,84010880,500,0,100.0,0.0
1959,84010880,84011380,500,0,100.0,0.0
1960,84011380,84011880,500,0,100.0,0.0
1961,84011880,84012380,500,0,100.0,0.0
1962,84012380,84012880,500,0,100.0,0.0
1963,84012880,84013380,500,0,100.0,0.0
1964,84013380,84013880,500,0,100.0,0.0
1965,84013880,84014380,500,0,100.0,0.0
1966,84014380,84014880,500,0,100.0,0.0
1967,84014880,84015380,500,0,100.0,0.0
1968,84015380,84015880,500,0,100.0,0.0
1969,84015880,84016380,500,0,100.0,0.0
1970,84016380,84016880,500,0,100.0,0.0
1971,84016880,84017380,500,0,100.0,0.0
1972,84017380,84017880,500,0,100.0,0.0
1973,84017880,84018380,500,0,100.0,0.0
1974,84018380,84018880,500,0,100.0,0.0
1975,84018880,84019380,500,0,100.0,0.0
1976,84019380,84019880,500,0,100.0,0.0
1977,84019880,84020380,500,0,100.0,0.0
1978,84020380,84020880,500,0,100.0,0.0
1979,84020880,84021380,500,0,100.0,0.0
1980,84021380,84021880,500,0,100.0,0.0
1981,84021880,84022380,500,0,100.0,0.0
1982,84022380,84022880,500,0,100.0,0.0
1983,84022880,84023380,500,0,100.0,0.0
1984,84023380,84023880,500,0,100.0,0.0
1985,84023880,84024380,500,0,100.0,0.0
1986,84024380,84024880,500,0,100.0,0.0
1987,84024880,84025380,500,0,100.0,0.0
1988,84025380,84025880,500,0,100.0,0.0
1989,84025880,84026380,500,0,100.0,0.0
1990,84026380,84026880,500,0,100.0,0.0
1991,84026880,84027380,500,0,100.0,0.0
1992,84027380,84027880,500,0,100.0,0.0
1993,84027880,84028380,500,0,100.0,0.0
1994,84028380,84028880,500,0,100.0,0.0
1995,84028880,84029380,500,0,100.0,0.0
1996,84029380,84029880,500,0,100.0,0.0
1997,84029880,84030380,500,0,100.0,0.0
1998,84030380,84030880,500,0,100.0,0.0
1999,84030880,84031380,500,0,100.0,0.0
2000,84031380,84031880,500,0,100.0,0.0
2001,84031880,84032380,500,0,100.0,0.0
2002,84032380,84032880,500,0,100.0,0.0
2003,84032880,84033380,500,0,100.0,0.0
2004,84033380,84033880,500,0,100.0,0.0
2005,84033880,84034380,500,0,100.0,0.0
2006,84034380,84034880,500,0,100.0,0.0
2007,84034880,84035380,500,0,100.0,0.0
2008,84035380,84035880,500,0,100.0,0.0
2009,84035880,84036380,500,0,100.0,0.0
2010,84036380,84036880,500,0,100.0,0.0
2011,84036880,84037380,500,0,100.0,0.0
2012,84037380,84037880,500,0,100.0,0.0
2013,84037880,84038380,500,0,100.0,0.0
2014,84038380,84038880,500,0,100.0,0.0
2015,84038880,84039380,500,0,100.0,0.0
2016,84039380,84039880,500,0,100.0,0.0
2017,84039880,84040380,500,0,100.0,0.0
2018,84040380,84040880,500,0,100.0,0.0
2019,84040880,84041380,500,0,100.0,0.0
2020,84041380,84041880,500,0,100.0,0.0
2021,84041880,84042380,500,0,100.0,0.0
2022,84042380,84042880,500,0,100.0,0.0
2023,84042880,84043380,500,0,100.0,0.0
2024,84043380,84043880,500,0,100.0,0.0
2025,84043880,84044380,500,0,100.0,0.0
2026,84044380,84044880,500,0,100.0,0.0
2027,84044880,84045380,500,0,100.0,0.0
2028,84045380,84045880,500,0,100.0,0.0
2029,84045880,84046380,500,0,100.0,0.0
2030,84046380,84046880,500,0,100.0,0.0
2031,84046880,84047380,500,0,100.0,0.0
2032,84047380,84047880,500,0,100.0,0.0
2033,84047880,84048380,500,0,100.0,0.0
2034,84048380,84048880,500,0,100.0,0.0
2035,84048880,84049380,500,0,100.0,0.0
2036,84049380,84049880,430,70,86.0,14.0
2037,84049880,84050380,6,494,1.2,98.8
2038,84050380,84050880,62,438,12.4,87.6
2039,84050880,84051380,130,370,26.0,74.0
2040,84051380,84051880,500,0,100.0,0.0
2041,84051880,84052380,500,0,100.0,0.0
2042,84052380,84052880,500,0,100.0,0.0
2043,84052880,84053380,500,0,100.0,0.0
2044,84053380,84053880,500,0,100.0,0.0
2045,84053880,84054380,500,0,100.0,0.0
2046,84054380,84054880,500,0,100.0,0.0
2047,84054880,84055380,500,0,100.0,0.0
2048,84055380,84055880,500,0,100.0,0.0
2049,84055880,84056380,500,0,100.0,0.0
2050,84056380,84056880,500,0,100.0,0.0
2051,84056880,84057380,500,0,100.0,0.0
2052,84057380,84057880,500,0,100.0,0.0
2053,84057880,84058380,500,0,100.0,0.0
2054,84058380,84058880,500,0,100.0,0.0
2055,84058880,84059380,500,0,100.0,0.0
2056,84059380,84059880,500,0,100.0,0.0
2057,84059880,84060380,500,0,100.0,0.0
2058,84060380,84060880,500,0,100.0,0.0
2059,84060880,84061380,500,0,100.0,0.0
2060,84061380,84061880,500,0,100.0,0.0
2061,84061880,84062380,500,0,100.0,0.0
2062,84062380,84062880,500,0,100.0,0.0
2063,84062880,84063380,500,0,100.0,0.0
2064,84063380,84063880,292,208,58.4,41.6
2065,84063880,84064380,7,493,1.4000000000000001,98.6
2066,84064380,84064880,52,448,10.4,89.6
2067,84064880,84065380,449,51,89.8,10.200000000000003
2068,84065380,84065880,500,0,100.0,0.0
2069,84065880,84066380,500,0,100.0,0.0
2070,84066380,84066880,500,0,100.0,0.0
2071,84066880,84067380,500,0,100.0,0.0
2072,84067380,84067880,500,0,100.0,0.0
2073,84067880,84068380,500,0,100.0,0.0
2074,84068380,84068880,500,0,100.0,0.0
2075,84068880,84069380,500,0,100.0,0.0
2076,84069380,84069880,500,0,100.0,0.0
2077,84069880,84070380,500,0,100.0,0.0
2078,84070380,84070880,500,0,100.0,0.0
2079,84070880,84071380,500,0,100.0,0.0
2080,84071380,84071880,500,0,100.0,0.0
2081,84071880,84072380,500,0,100.0,0.0
2082,84072380,84072880,500,0,100.0,0.0
2083,84072880,84073380,500,0,100.0,0.0
2084,84073380,84073880,500,0,100.0,0.0
2085,84073880,84074380,500,0,100.0,0.0
2086,84074380,84074880,500,0,100.0,0.0
2087,84074880,84075380,500,0,100.0,0.0
2088,84075380,84075880,500,0,100.0,0.0
2089,84075880,84076380,500,0,100.0,0.0
2090,84076380,84076880,500,0,100.0,0.0
2091,84076880,84077380,426,74,85.2,14.799999999999997
2092,84077380,84077880,8,492,1.6,98.4
2093,84077880,84078380,47,453,9.4,90.6
2094,84078380,84078880,287,213,57.4,42.6
2095,84078880,84079380,500,0,100.0,0.0
2096,84079380,84079880,500,0,100.0,0.0
2097,84079880,84080380,500,0,100.0,0.0
2098,84080380,84080880,500,0,100.0,0.0
2099,84080880,84081380,500,0,100.0,0.0
2100,84081380,84081880,500,0,100.0,0.0
2101,84081880,84082380,500,0,100.0,0.0
2102,84082380,84082880,500,0,100.0,0.0
2103,84082880,84083380,500,0,100.0,0.0
2104,84083380,84083880,500,0,100.0,0.0
2105,84083880,84084380,500,0,100.0,0.0
2106,84084380,84084880,500,0,100.0,0.0
2107,84084880,84085380,500,0,100.0,0.0
2108,84085380,84085880,500,0,100.0,0.0
2109,84085880,84086380,500,0,100.0,0.0
2110,84086380,84086880,500,0,100.0,0.0
2111,84086880,84087380,500,0,100.0,0.0
2112,84087380,84087880,500,0,100.0,0.0
2113,84087880,84088380,500,0,100.0,0.0
2114,84088380,84088880,500,0,100.0,0.0
2115,84088880,84089380,500,0,100.0,0.0
2116,84089380,84089880,500,0,100.0,0.0
2117,84089880,84090380,500,0,100.0,0.0
2118,84090380,84090880,456,44,91.2,8.799999999999997
2119,84090880,84091380,7,493,1.4000000000000001,98.6
2120,84091380,84091880,42,458,8.4,91.6
2121,84091880,84092380,206,294,41.199999999999996,58.800000000000004
2122,84092380,84092880,500,0,100.0,0.0
2123,84092880,84093380,500,0,100.0,0.0
2124,84093380,84093880,500,0,100.0,0.0
2125,84093880,84094380,500,0,100.0,0.0
2126,84094380,84094880,500,0,100.0,0.0
2127,84094880,84095380,500,0,100.0,0.0
2128,84095380,84095880,500,0,100.0,0.0
2129,84095880,84096380,500,0,100.0,0.0
2130,84096380,84096880,500,0,100.0,0.0
2131,84096880,84097380,500,0,100.0,0.0
2132,84097380,84097880,500,0,100.0,0.0
2133,84097880,84098380,500,0,100.0,0.0
2134,84098380,84098880,500,0,100.0,0.0
2135,84098880,84099380,500,0,100.0,0.0
2136,84099380,84099880,500,0,100.0,0.0
2137,84099880,84100380,500,0,100.0,0.0
2138,84100380,84100880,500,0,100.0,0.0
2139,84100880,84101380,500,0,100.0,0.0
2140,84101380,84101880,500,0,100.0,0.0
2141,84101880,84102380,500,0,100.0,0.0
2142,84102380,84102880,500,0,100.0,0.0
2143,84102880,84103380,500,0,100.0,0.0
2144,84103380,84103880,500,0,100.0,0.0
2145,84103880,84104380,500,0,100.0,0.0
2146,84104380,84104880,10,490,2.0,98.0
2147,84104880,84105380,41,459,8.200000000000001,91.8
2148,84105380,84105880,255,245,51.0,49.0
2149,84105880,84106380,500,0,100.0,0.0
2150,84106380,84106880,500,0,100.0,0.0
2151,84106880,84107380,500,0,100.0,0.0
2152,84107380,84107880,500,0,100.0,0.0
2153,84107880,84108380,500,0,100.0,0.0
2154,84108380,84108880,500,0,100.0,0.0
2155,84108880,84109380,500,0,100.0,0.0
2156,84109380,84109880,500,0,100.0,0.0
2157,84109880,84110380,500,0,100.0,0.0
2158,84110380,84110880,500,0,100.0,0.0
2159,84110880,84111380,500,0,100.0,0.0
2160,84111380,84111880,500,0,100.0,0.0
2161,84111880,84112380,500,0,100.0,0.0
2162,84112380,84112880,500,0,100.0,0.0
2163,84112880,84113380,500,0,100.0,0.0
2164,84113380,84113880,500,0,100.0,0.0
2165,84113880,84114380,500,0,100.0,0.0
2166,84114380,84114880,500,0,100.0,0.0
2167,84114880,84115380,500,0,100.0,0.0
2168,84115380,84115880,500,0,100.0,0.0
2169,84115880,84116380,500,0,100.0,0.0
2170,84116380,84116880,500,0,100.0,0.0
2171,84116880,84117380,500,0,100.0,0.0
2172,84117380,84117880,500,0,100.0,0.0
2173,84117880,84118380,77,423,15.4,84.6
2174,84118380,84118880,48,452,9.6,90.4
2175,84118880,84119380,92,408,18.4,81.6
2176,84119380,84119880,500,0,100.0,0.0
2177,84119880,84120380,500,0,100.0,0.0
2178,84120380,84120880,500,0,100.0,0.0
2179,84120880,84121380,500,0,100.0,0.0
2180,84121380,84121880,500,0,100.0,0.0
2181,84121880,84122380,500,0,100.0,0.0
2182,84122380,84122880,500,0,100.0,0.0
2183,84122880,84123380,500,0,100.0,0.0
2184,84123380,84123880,500,0,100.0,0.0
2185,84123880,84124380,500,0,100.0,0.0
2186,84124380,84124880,500,0,100.0,0.0
2187,84124880,84125380,500,0,100.0,0.0
2188,84125380,84125880,500,0,100.0,0.0
2189,84125880,84126380,500,0,100.0,0.0
2190,84126380,84126880,500,0,100.0,0.0
2191,84126880,84127380,500,0,100.0,0.0
2192,84127380,84127880,500,0,100.0,0.0
2193,84127880,84128380,500,0,100.0,0.0
2194,84128380,84128880,500,0,100.0,0.0
2195,84128880,84129380,500,0,100.0,0.0
2196,84129380,84129880,500,0,100.0,0.0
2197,84129880,84130380,500,0,100.0,0.0
2198,84130380,84130880,500,0,100.0,0.0
2199,84130880,84131380,500,0,100.0,0.0
2200,84131380,84131880,500,0,100.0,0.0
2201,84131880,84132380,229,271,45.800000000000004,54.199999999999996
2202,84132380,84132880,42,458,8.4,91.6
2203,84132880,84133380,19,481,3.8,96.2
2204,84133380,84133880,500,0,100.0,0.0
2205,84133880,84134380,500,0,100.0,0.0
2206,84134380,84134880,500,0,100.0,0.0
2207,84134880,84135380,500,0,100.0,0.0
2208,84135380,84135880,500,0,100.0,0.0
2209,84135880,84136380,500,0,100.0,0.0
2210,84136380,84136880,500,0,100.0,0.0
2211,84136880,84137380,500,0,100.0,0.0
2212,84137380,84137880,500,0,100.0,0.0
2213,84137880,84138380,500,0,100.0,0.0
2214,84138380,84138880,500,0,100.0,0.0
2215,84138880,84139380,500,0,100.0,0.0
2216,84139380,84139880,500,0,100.0,0.0
2217,84139880,84140380,500,0,100.0,0.0
2218,84140380,84140880,500,0,100.0,0.0
2219,84140880,84141380,500,0,100.0,0.0
2220,84141380,84141880,500,0,100.0,0.0
2221,84141880,84142380,500,0,100.0,0.0
2222,84142380,84142880,500,0,100.0,0.0
2223,84142880,84143380,500,0,100.0,0.0
2224,84143380,84143880,500,0,100.0,0.0
2225,84143880,84144380,500,0,100.0,0.0
2226,84144380,84144880,500,0,100.0,0.0
2227,84144880,84145380,500,0,100.0,0.0
2228,84145380,84145880,500,0,100.0,0.0
2229,84145880,84146380,500,0,100.0,0.0
2230,84146380,84146880,500,0,100.0,0.0
2231,84146880,84147380,421,79,84.2,15.799999999999997
2232,84147380,84147880,8,492,1.6,98.4
2233,84147880,84148380,47,453,9.4,90.6
2234,84148380,84148880,283,217,56.599999999999994,43.400000000000006
2235,84148880,84149380,500,0,100.0,0.0
2236,84149380,84149880,500,0,100.0,0.0
2237,84149880,84150380,500,0,100.0,0.0
2238,84150380,84150880,500,0,100.0,0.0
2239,84150880,84151380,500,0,100.0,0.0
2240,84151380,84151880,500,0,100.0,0.0
2241,84151880,84152380,500,0,100.0,0.0
2242,84152380,84152880,500,0,100.0,0.0
2243,84152880,84153380,500,0,100.0,0.0
2244,84153380,84153880,500,0,100.0,0.0
2245,84153880,84154380,500,0,100.0,0.0
2246,84154380,84154880,500,0,100.0,0.0
2247,84154880,84155380,500,0,100.0,0.0
2248,84155380,84155880,500,0,100.0,0.0
2249,84155880,84156380,500,0,100.0,0.0
2250,84156380,84156880,500,0,100.0,0.0
2251,84156880,84157380,500,0,100.0,0.0
2252,84157380,84157880,500,0,100.0,0.0
2253,84157880,84158380,500,0,100.0,0.0
2254,84158380,84158880,500,0,100.0,0.0
2255,84158880,84159380,500,0,100.0,0.0
2256,84159380,84159880,500,0,100.0,0.0
2257,84159880,84160380,500,0,100.0,0.0
2258,84160380,84160880,500,0,100.0,0.0
2259,84160880,84161380,42,458,8.4,91.6
2260,84161380,84161880,47,453,9.4,90.6
2261,84161880,84162380,119,381,23.799999999999997,76.2
2262,84162380,84162880,500,0,100.0,0.0
2263,84162880,84163380,500,0,100.0,0.0
2264,84163380,84163880,500,0,100.0,0.0
2265,84163880,84164380,500,0,100.0,0.0
2266,84164380,84164880,500,0,100.0,0.0
2267,84164880,84165380,500,0,100.0,0.0
2268,84165380,84165880,500,0,100.0,0.0
2269,84165880,84166380,500,0,100.0,0.0
2270,84166380,84166880,500,0,100.0,0.0
2271,84166880,84167380,500,0,100.0,0.0
2272,84167380,84167880,500,0,100.0,0.0
2273,84167880,84168380,500,0,100.0,0.0
2274,84168380,84168880,500,0,100.0,0.0
2275,84168880,84169380,500,0,100.0,0.0
2276,84169380,84169880,500,0,100.0,0.0
2277,84169880,84170380,500,0,100.0,0.0
2278,84170380,84170880,500,0,100.0,0.0
2279,84170880,84171380,500,0,100.0,0.0
2280,84171380,84171880,500,0,100.0,0.0
2281,84171880,84172380,500,0,100.0,0.0
2282,84172380,84172880,500,0,100.0,0.0
2283,84172880,84173380,500,0,100.0,0.0
2284,84173380,84173880,500,0,100.0,0.0
2285,84173880,84174380,500,0,100.0,0.0
2286,84174380,84174880,299,201,59.8,40.2
2287,84174880,84175380,6,494,1.2,98.8
2288,84175380,84175880,50,450,10.0,90.0
2289,84175880,84176380,329,171,65.8,34.2
2290,84176380,84176880,500,0,100.0,0.0
2291,84176880,84177380,500,0,100.0,0.0
2292,84177380,84177880,500,0,100.0,0.0
2293,84177880,84178380,500,0,100.0,0.0
2294,84178380,84178880,500,0,100.0,0.0
2295,84178880,84179380,500,0,100.0,0.0
2296,84179380,84179880,500,0,100.0,0.0
2297,84179880,84180380,500,0,100.0,0.0
2298,84180380,84180880,500,0,100.0,0.0
2299,84180880,84181380,500,0,100.0,0.0
2300,84181380,84181880,500,0,100.0,0.0
2301,84181880,84182380,500,0,100.0,0.0
2302,84182380,84182880,500,0,100.0,0.0
2303,84182880,84183380,500,0,100.0,0.0
2304,84183380,84183880,500,0,100.0,0.0
2305,84183880,84184380,500,0,100.0,0.0
2306,84184380,84184880,500,0,100.0,0.0
2307,84184880,84185380,500,0,100.0,0.0
2308,84185380,84185880,500,0,100.0,0.0
2309,84185880,84186380,500,0,100.0,0.0
2310,84186380,84186880,500,0,100.0,0.0
2311,84186880,84187380,500,0,100.0,0.0
2312,84187380,84187880,500,0,100.0,0.0
2313,84187880,84188380,500,0,100.0,0.0
2314,84188380,84188880,155,345,31.0,69.0
2315,84188880,84189380,47,453,9.4,90.6
2316,84189380,84189880,78,422,15.6,84.4
2317,84189880,84190380,500,0,100.0,0.0
2318,84190380,84190880,500,0,100.0,0.0
2319,84190880,84191380,500,0,100.0,0.0
2320,84191380,84191880,500,0,100.0,0.0
2321,84191880,84192380,500,0,100.0,0.0
2322,84192380,84192880,500,0,100.0,0.0
2323,84192880,84193380,500,0,100.0,0.0
2324,84193380,84193880,500,0,100.0,0.0
2325,84193880,84194380,500,0,100.0,0.0
2326,84194380,84194880,500,0,100.0,0.0
2327,84194880,84195380,500,0,100.0,0.0
2328,84195380,84195880,500,0,100.0,0.0
2329,84195880,84196380,500,0,100.0,0.0
2330,84196380,84196880,500,0,100.0,0.0
2331,84196880,84197380,500,0,100.0,0.0
2332,84197380,84197880,500,0,100.0,0.0
2333,84197880,84198380,500,0,100.0,0.0
2334,84198380,84198880,500,0,100.0,0.0
2335,84198880,84199380,500,0,100.0,0.0
2336,84199380,84199880,500,0,100.0,0.0
2337,84199880,84200380,500,0,100.0,0.0
2338,84200380,84200880,500,0,100.0,0.0
2339,84200880,84201380,500,0,100.0,0.0
2340,84201380,84201880,500,0,100.0,0.0
2341,84201880,84202380,500,0,100.0,0.0
2342,84202380,84202880,500,0,100.0,0.0
2343,84202880,84203380,359,141,71.8,28.200000000000003
2344,84203380,84203880,9,491,1.7999999999999998,98.2
2345,84203880,84204380,50,450,10.0,90.0
2346,84204380,84204880,335,165,67.0,33.0
2347,84204880,84205380,500,0,100.0,0.0
2348,84205380,84205880,500,0,100.0,0.0
2349,84205880,84206380,500,0,100.0,0.0
2350,84206380,84206880,500,0,100.0,0.0
2351,84206880,84207380,500,0,100.0,0.0
2352,84207380,84207880,500,0,100.0,0.0
2353,84207880,84208380,500,0,100.0,0.0
2354,84208380,84208880,500,0,100.0,0.0
2355,84208880,84209380,500,0,100.0,0.0
2356,84209380,84209880,500,0,100.0,0.0
2357,84209880,84210380,500,0,100.0,0.0
2358,84210380,84210880,500,0,100.0,0.0
2359,84210880,84211380,500,0,100.0,0.0
2360,84211380,84211880,500,0,100.0,0.0
2361,84211880,84212380,500,0,100.0,0.0
2362,84212380,84212880,500,0,100.0,0.0
2363,84212880,84213380,500,0,100.0,0.0
2364,84213380,84213880,500,0,100.0,0.0
2365,84213880,84214380,500,0,100.0,0.0
2366,84214380,84214880,500,0,100.0,0.0
2367,84214880,84215380,500,0,100.0,0.0
2368,84215380,84215880,500,0,100.0,0.0
2369,84215880,84216380,500,0,100.0,0.0
2370,84216380,84216880,500,0,100.0,0.0
2371,84216880,84217380,35,465,7.000000000000001,93.0
2372,84217380,84217880,47,453,9.4,90.6
2373,84217880,84218380,137,363,27.400000000000002,72.6
2374,84218380,84218880,500,0,100.0,0.0
2375,84218880,84219380,500,0,100.0,0.0
2376,84219380,84219880,500,0,100.0,0.0
2377,84219880,84220380,500,0,100.0,0.0
2378,84220380,84220880,500,0,100.0,0.0
2379,84220880,84221380,500,0,100.0,0.0
2380,84221380,84221880,500,0,100.0,0.0
2381,84221880,84222380,500,0,100.0,0.0
2382,84222380,84222880,500,0,100.0,0.0
2383,84222880,84223380,500,0,100.0,0.0
2384,84223380,84223880,500,0,100.0,0.0
2385,84223880,84224380,500,0,100.0,0.0
2386,84224380,84224880,500,0,100.0,0.0
2387,84224880,84225380,500,0,100.0,0.0
2388,84225380,84225880,500,0,100.0,0.0
2389,84225880,84226380,500,0,100.0,0.0
2390,84226380,84226880,500,0,100.0,0.0
2391,84226880,84227380,500,0,100.0,0.0
2392,84227380,84227880,500,0,100.0,0.0
2393,84227880,84228380,500,0,100.0,0.0
2394,84228380,84228880,500,0,100.0,0.0
2395,84228880,84229380,500,0,100.0,0.0
2396,84229380,84229880,500,0,100.0,0.0
2397,84229880,84230380,500,0,100.0,0.0
2398,84230380,84230880,271,229,54.2,45.8
2399,84230880,84231380,8,492,1.6,98.4
2400,84231380,84231880,48,452,9.6,90.4
2401,84231880,84232380,466,34,93.2,6.799999999999997
2402,84232380,84232880,500,0,100.0,0.0
2403,84232880,84233380,500,0,100.0,0.0
2404,84233380,84233880,500,0,100.0,0.0
2405,84233880,84234380,500,0,100.0,0.0
2406,84234380,84234880,500,0,100.0,0.0
2407,84234880,84235380,500,0,100.0,0.0
2408,84235380,84235880,500,0,100.0,0.0
2409,84235880,84236380,500,0,100.0,0.0
2410,84236380,84236880,500,0,100.0,0.0
2411,84236880,84237380,500,0,100.0,0.0
2412,84237380,84237880,500,0,100.0,0.0
2413,84237880,84238380,500,0,100.0,0.0
2414,84238380,84238880,500,0,100.0,0.0
2415,84238880,84239380,500,0,100.0,0.0
2416,84239380,84239880,500,0,100.0,0.0
2417,84239880,84240380,500,0,100.0,0.0
2418,84240380,84240880,500,0,100.0,0.0
2419,84240880,84241380,500,0,100.0,0.0
2420,84241380,84241880,500,0,100.0,0.0
2421,84241880,84242380,500,0,100.0,0.0
2422,84242380,84242880,500,0,100.0,0.0
2423,84242880,84243380,500,0,100.0,0.0
2424,84243380,84243880,500,0,100.0,0.0
2425,84243880,84244380,233,267,46.6,53.4
2426,84244380,84244880,47,453,9.4,90.6
2427,84244880,84245380,6,494,1.2,98.8
2428,84245380,84245880,497,3,99.4,0.5999999999999943
2429,84245880,84246380,500,0,100.0,0.0
2430,84246380,84246880,500,0,100.0,0.0
2431,84246880,84247380,500,0,100.0,0.0
2432,84247380,84247880,500,0,100.0,0.0
2433,84247880,84248380,500,0,100.0,0.0
2434,84248380,84248880,500,0,100.0,0.0
2435,84248880,84249380,500,0,100.0,0.0
2436,84249380,84249880,500,0,100.0,0.0
2437,84249880,84250380,500,0,100.0,0.0
2438,84250380,84250880,500,0,100.0,0.0
2439,84250880,84251380,500,0,100.0,0.0
2440,84251380,84251880,500,0,100.0,0.0
2441,84251880,84252380,500,0,100.0,0.0
2442,84252380,84252880,500,0,100.0,0.0
2443,84252880,84253380,500,0,100.0,0.0
2444,84253380,84253880,500,0,100.0,0.0
2445,84253880,84254380,500,0,100.0,0.0
2446,84254380,84254880,500,0,100.0,0.0
2447,84254880,84255380,500,0,100.0,0.0
2448,84255380,84255880,500,0,100.0,0.0
2449,84255880,84256380,500,0,100.0,0.0
2450,84256380,84256880,500,0,100.0,0.0
2451,84256880,84257380,500,0,100.0,0.0
2452,84257380,84257880,500,0,100.0,0.0
2453,84257880,84258380,346,154,69.19999999999999,30.80000000000001
2454,84258380,84258880,9,491,1.7999999999999998,98.2
2455,84258880,84259380,56,444,11.200000000000001,88.8
2456,84259380,84259880,350,150,70.0,30.0
2457,84259880,84260380,500,0,100.0,0.0
2458,84260380,84260880,500,0,100.0,0.0
2459,84260880,84261380,500,0,100.0,0.0
2460,84261380,84261880,500,0,100.0,0.0
2461,84261880,84262380,500,0,100.0,0.0
2462,84262380,84262880,500,0,100.0,0.0
2463,84262880,84263380,500,0,100.0,0.0
2464,84263380,84263880,500,0,100.0,0.0
2465,84263880,84264380,500,0,100.0,0.0
2466,84264380,84264880,500,0,100.0,0.0
2467,84264880,84265380,500,0,100.0,0.0
2468,84265380,84265880,500,0,100.0,0.0
2469,84265880,84266380,500,0,100.0,0.0
2470,84266380,84266880,500,0,100.0,0.0
2471,84266880,84267380,500,0,100.0,0.0
2472,84267380,84267880,500,0,100.0,0.0
2473,84267880,84268380,500,0,100.0,0.0
2474,84268380,84268880,500,0,100.0,0.0
2475,84268880,84269380,500,0,100.0,0.0
2476,84269380,84269880,500,0,100.0,0.0
2477,84269880,84270380,500,0,100.0,0.0
2478,84270380,84270880,500,0,100.0,0.0
2479,84270880,84271380,500,0,100.0,0.0
2480,84271380,84271880,369,131,73.8,26.200000000000003
2481,84271880,84272380,7,493,1.4000000000000001,98.6
2482,84272380,84272880,45,455,9.0,91.0
2483,84272880,84273380,259,241,51.800000000000004,48.199999999999996
2484,84273380,84273880,500,0,100.0,0.0
2485,84273880,84274380,500,0,100.0,0.0
2486,84274380,84274880,500,0,100.0,0.0
2487,84274880,84275380,500,0,100.0,0.0
2488,84275380,84275880,500,0,100.0,0.0
2489,84275880,84276380,500,0,100.0,0.0
2490,84276380,84276880,500,0,100.0,0.0
2491,84276880,84277380,500,0,100.0,0.0
2492,84277380,84277880,500,0,100.0,0.0
2493,84277880,84278380,500,0,100.0,0.0
2494,84278380,84278880,500,0,100.0,0.0
2495,84278880,84279380,500,0,100.0,0.0
2496,84279380,84279880,500,0,100.0,0.0
2497,84279880,84280380,500,0,100.0,0.0
2498,84280380,84280880,500,0,100.0,0.0
2499,84280880,84281380,500,0,100.0,0.0
2500,84281380,84281880,500,0,100.0,0.0
2501,84281880,84282380,500,0,100.0,0.0
2502,84282380,84282880,500,0,100.0,0.0
2503,84282880,84283380,500,0,100.0,0.0
2504,84283380,84283880,500,0,100.0,0.0
2505,84283880,84284380,500,0,100.0,0.0
2506,84284380,84284880,500,0,100.0,0.0
2507,84284880,84285380,299,201,59.8,40.2
2508,84285380,84285880,36,464,7.199999999999999,92.8
2509,84285880,84286380,16,484,3.2,96.8
2510,84286380,84286880,448,52,89.60000000000001,10.399999999999991
2511,84286880,84287380,500,0,100.0,0.0
2512,84287380,84287880,500,0,100.0,0.0
2513,84287880,84288380,500,0,100.0,0.0
2514,84288380,84288880,500,0,100.0,0.0
2515,84288880,84289380,500,0,100.0,0.0
2516,84289380,84289880,500,0,100.0,0.0
2517,84289880,84290380,500,0,100.0,0.0
2518,84290380,84290880,500,0,100.0,0.0
2519,84290880,84291380,500,0,100.0,0.0
2520,84291380,84291880,500,0,100.0,0.0
2521,84291880,84292380,500,0,100.0,0.0
2522,84292380,84292880,500,0,100.0,0.0
2523,84292880,84293380,500,0,100.0,0.0
2524,84293380,84293880,500,0,100.0,0.0
2525,84293880,84294380,500,0,100.0,0.0
2526,84294380,84294880,500,0,100.0,0.0
2527,84294880,84295380,500,0,100.0,0.0
2528,84295380,84295880,500,0,100.0,0.0
2529,84295880,84296380,500,0,100.0,0.0
2530,84296380,84296880,500,0,100.0,0.0
2531,84296880,84297380,500,0,100.0,0.0
2532,84297380,84297880,500,0,100.0,0.0
2533,84297880,84298380,500,0,100.0,0.0
2534,84298380,84298880,97,403,19.400000000000002,80.6
2535,84298880,84299380,48,452,9.6,90.4
2536,84299380,84299880,168,332,33.6,66.4
2537,84299880,84300380,500,0,100.0,0.0
2538,84300380,84300880,500,0,100.0,0.0
2539,84300880,84301380,500,0,100.0,0.0
2540,84301380,84301880,500,0,100.0,0.0
2541,84301880,84302380,500,0,100.0,0.0
2542,84302380,84302880,500,0,100.0,0.0
2543,84302880,84303380,500,0,100.0,0.0
2544,84303380,84303880,500,0,100.0,0.0
2545,84303880,84304380,500,0,100.0,0.0
2546,84304380,84304880,500,0,100.0,0.0
2547,84304880,84305380,500,0,100.0,0.0
2548,84305380,84305880,500,0,100.0,0.0
2549,84305880,84306380,500,0,100.0,0.0
2550,84306380,84306880,500,0,100.0,0.0
2551,84306880,84307380,500,0,100.0,0.0
2552,84307380,84307880,500,0,100.0,0.0
2553,84307880,84308380,500,0,100.0,0.0
2554,84308380,84308880,500,0,100.0,0.0
2555,84308880,84309380,500,0,100.0,0.0
2556,84309380,84309880,500,0,100.0,0.0
2557,84309880,84310380,500,0,100.0,0.0
2558,84310380,84310880,500,0,100.0,0.0
2559,84310880,84311380,500,0,100.0,0.0
2560,84311380,84311880,360,140,72.0,28.0
2561,84311880,84312380,7,493,1.4000000000000001,98.6
2562,84312380,84312880,49,451,9.8,90.2
2563,84312880,84313380,278,222,55.60000000000001,44.39999999999999
2564,84313380,84313880,500,0,100.0,0.0
2565,84313880,84314380,500,0,100.0,0.0
2566,84314380,84314880,500,0,100.0,0.0
2567,84314880,84315380,500,0,100.0,0.0
2568,84315380,84315880,500,0,100.0,0.0
2569,84315880,84316380,500,0,100.0,0.0
2570,84316380,84316880,500,0,100.0,0.0
2571,84316880,84317380,500,0,100.0,0.0
2572,84317380,84317880,500,0,100.0,0.0
2573,84317880,84318380,500,0,100.0,0.0
2574,84318380,84318880,500,0,100.0,0.0
2575,84318880,84319380,500,0,100.0,0.0
2576,84319380,84319880,500,0,100.0,0.0
2577,84319880,84320380,500,0,100.0,0.0
2578,84320380,84320880,500,0,100.0,0.0
2579,84320880,84321380,500,0,100.0,0.0
2580,84321380,84321880,500,0,100.0,0.0
2581,84321880,84322380,500,0,100.0,0.0
2582,84322380,84322880,500,0,100.0,0.0
2583,84322880,84323380,500,0,100.0,0.0
2584,84323380,84323880,500,0,100.0,0.0
2585,84323880,84324380,500,0,100.0,0.0
2586,84324380,84324880,500,0,100.0,0.0
2587,84324880,84325380,281,219,56.2,43.8
2588,84325380,84325880,48,452,9.6,90.4
2589,84325880,84326380,7,493,1.4000000000000001,98.6
2590,84326380,84326880,452,48,90.4,9.599999999999994
2591,84326880,84327380,500,0,100.0,0.0
2592,84327380,84327880,500,0,100.0,0.0
2593,84327880,84328380,500,0,100.0,0.0
2594,84328380,84328880,500,0,100.0,0.0
2595,84328880,84329380,500,0,100.0,0.0
2596,84329380,84329880,500,0,100.0,0.0
2597,84329880,84330380,500,0,100.0,0.0
2598,84330380,84330880,500,0,100.0,0.0
2599,84330880,84331380,500,0,100.0,0.0
2600,84331380,84331880,500,0,100.0,0.0
2601,84331880,84332380,500,0,100.0,0.0
2602,84332380,84332880,500,0,100.0,0.0
2603,84332880,84333380,500,0,100.0,0.0
2604,84333380,84333880,500,0,100.0,0.0
2605,84333880,84334380,500,0,100.0,0.0
2606,84334380,84334880,500,0,100.0,0.0
2607,84334880,84335380,500,0,100.0,0.0
2608,84335380,84335880,500,0,100.0,0.0
2609,84335880,84336380,500,0,100.0,0.0
2610,84336380,84336880,500,0,100.0,0.0
2611,84336880,84337380,500,0,100.0,0.0
2612,84337380,84337880,500,0,100.0,0.0
2613,84337880,84338380,500,0,100.0,0.0
2614,84338380,84338880,29,471,5.800000000000001,94.2
2615,84338880,84339380,44,456,8.799999999999999,91.2
2616,84339380,84339880,251,249,50.2,49.8
2617,84339880,84340380,500,0,100.0,0.0
2618,84340380,84340880,500,0,100.0,0.0
2619,84340880,84341380,500,0,100.0,0.0
2620,84341380,84341880,500,0,100.0,0.0
2621,84341880,84342380,500,0,100.0,0.0
2622,84342380,84342880,500,0,100.0,0.0
2623,84342880,84343380,500,0,100.0,0.0
2624,84343380,84343880,500,0,100.0,0.0
2625,84343880,84344380,500,0,100.0,0.0
2626,84344380,84344880,500,0,100.0,0.0
2627,84344880,84345380,500,0,100.0,0.0
2628,84345380,84345880,500,0,100.0,0.0
2629,84345880,84346380,500,0,100.0,0.0
2630,84346380,84346880,500,0,100.0,0.0
2631,84346880,84347380,500,0,100.0,0.0
2632,84347380,84347880,500,0,100.0,0.0
2633,84347880,84348380,500,0,100.0,0.0
2634,84348380,84348880,500,0,100.0,0.0
2635,84348880,84349380,500,0,100.0,0.0
2636,84349380,84349880,500,0,100.0,0.0
2637,84349880,84350380,500,0,100.0,0.0
2638,84350380,84350880,500,0,100.0,0.0
2639,84350880,84351380,500,0,100.0,0.0
2640,84351380,84351880,403,97,80.60000000000001,19.39999999999999
2641,84351880,84352380,7,493,1.4000000000000001,98.6
2642,84352380,84352880,46,454,9.2,90.8
2643,84352880,84353380,152,348,30.4,69.6
2644,84353380,84353880,500,0,100.0,0.0
2645,84353880,84354380,500,0,100.0,0.0
2646,84354380,84354880,500,0,100.0,0.0
2647,84354880,84355380,500,0,100.0,0.0
2648,84355380,84355880,500,0,100.0,0.0
2649,84355880,84356380,500,0,100.0,0.0
2650,84356380,84356880,500,0,100.0,0.0
2651,84356880,84357380,500,0,100.0,0.0
2652,84357380,84357880,500,0,100.0,0.0
2653,84357880,84358380,500,0,100.0,0.0
2654,84358380,84358880,500,0,100.0,0.0
2655,84358880,84359380,500,0,100.0,0.0
2656,84359380,84359880,500,0,100.0,0.0
2657,84359880,84360380,500,0,100.0,0.0
2658,84360380,84360880,500,0,100.0,0.0
2659,84360880,84361380,500,0,100.0,0.0
2660,84361380,84361880,500,0,100.0,0.0
2661,84361880,84362380,500,0,100.0,0.0
2662,84362380,84362880,500,0,100.0,0.0
2663,84362880,84363380,500,0,100.0,0.0
2664,84363380,84363880,500,0,100.0,0.0
2665,84363880,84364380,500,0,100.0,0.0
2666,84364380,84364880,500,0,100.0,0.0
2667,84364880,84365380,486,14,97.2,2.799999999999997
2668,84365380,84365880,8,492,1.6,98.4
2669,84365880,84366380,49,451,9.8,90.2
2670,84366380,84366880,235,265,47.0,53.0
2671,84366880,84367380,500,0,100.0,0.0
2672,84367380,84367880,500,0,100.0,0.0
2673,84367880,84368380,500,0,100.0,0.0
2674,84368380,84368880,500,0,100.0,0.0
2675,84368880,84369380,500,0,100.0,0.0
2676,84369380,84369880,500,0,100.0,0.0
2677,84369880,84370380,500,0,100.0,0.0
2678,84370380,84370880,500,0,100.0,0.0
2679,84370880,84371380,500,0,100.0,0.0
2680,84371380,84371880,500,0,100.0,0.0
2681,84371880,84372380,500,0,100.0,0.0
2682,84372380,84372880,500,0,100.0,0.0
2683,84372880,84373380,500,0,100.0,0.0
2684,84373380,84373880,500,0,100.0,0.0
2685,84373880,84374380,500,0,100.0,0.0
2686,84374380,84374880,500,0,100.0,0.0
2687,84374880,84375380,500,0,100.0,0.0
2688,84375380,84375880,500,0,100.0,0.0
2689,84375880,84376380,500,0,100.0,0.0
2690,84376380,84376880,500,0,100.0,0.0
2691,84376880,84377380,500,0,100.0,0.0
2692,84377380,84377880,500,0,100.0,0.0
2693,84377880,84378380,500,0,100.0,0.0
2694,84378380,84378880,500,0,100.0,0.0
2695,84378880,84379380,500,0,100.0,0.0
2696,84379380,84379880,338,162,67.60000000000001,32.39999999999999
2697,84379880,84380380,7,493,1.4000000000000001,98.6
2698,84380380,84380880,53,447,10.6,89.4
2699,84380880,84381380,294,206,58.8,41.2
2700,84381380,84381880,500,0,100.0,0.0
2701,84381880,84382380,500,0,100.0,0.0
2702,84382380,84382880,500,0,100.0,0.0
2703,84382880,84383380,500,0,100.0,0.0
2704,84383380,84383880,500,0,100.0,0.0
2705,84383880,84384380,500,0,100.0,0.0
2706,84384380,84384880,500,0,100.0,0.0
2707,84384880,84385380,500,0,100.0,0.0
2708,84385380,84385880,500,0,100.0,0.0
2709,84385880,84386380,500,0,100.0,0.0
2710,84386380,84386880,500,0,100.0,0.0
2711,84386880,84387380,500,0,100.0,0.0
2712,84387380,84387880,500,0,100.0,0.0
2713,84387880,84388380,500,0,100.0,0.0
2714,84388380,84388880,500,0,100.0,0.0
2715,84388880,84389380,500,0,100.0,0.0
2716,84389380,84389880,500,0,100.0,0.0
2717,84389880,84390380,500,0,100.0,0.0
2718,84390380,84390880,500,0,100.0,0.0
2719,84390880,84391380,500,0,100.0,0.0
2720,84391380,84391880,500,0,100.0,0.0
2721,84391880,84392380,500,0,100.0,0.0
2722,84392380,84392880,500,0,100.0,0.0
2723,84392880,84393380,464,36,92.80000000000001,7.199999999999989
2724,84393380,84393880,9,491,1.7999999999999998,98.2
2725,84393880,84394380,49,451,9.8,90.2
2726,84394380,84394880,244,256,48.8,51.2
2727,84394880,84395380,500,0,100.0,0.0
2728,84395380,84395880,500,0,100.0,0.0
2729,84395880,84396380,500,0,100.0,0.0
2730,84396380,84396880,500,0,100.0,0.0
2731,84396880,84397380,500,0,100.0,0.0
2732,84397380,84397880,500,0,100.0,0.0
2733,84397880,84398380,500,0,100.0,0.0
2734,84398380,84398880,500,0,100.0,0.0
2735,84398880,84399380,500,0,100.0,0.0
2736,84399380,84399880,500,0,100.0,0.0
2737,84399880,84400380,500,0,100.0,0.0
2738,84400380,84400880,500,0,100.0,0.0
2739,84400880,84401380,500,0,100.0,0.0
2740,84401380,84401880,500,0,100.0,0.0
2741,84401880,84402380,500,0,100.0,0.0
2742,84402380,84402880,500,0,100.0,0.0
2743,84402880,84403380,500,0,100.0,0.0
2744,84403380,84403880,500,0,100.0,0.0
2745,84403880,84404380,500,0,100.0,0.0
2746,84404380,84404880,500,0,100.0,0.0
2747,84404880,84405380,500,0,100.0,0.0
2748,84405380,84405880,500,0,100.0,0.0
2749,84405880,84406380,500,0,100.0,0.0
2750,84406380,84406880,500,0,100.0,0.0
2751,84406880,84407380,500,0,100.0,0.0
2752,84407380,84407880,500,0,100.0,0.0
2753,84407880,84408380,500,0,100.0,0.0
2754,84408380,84408880,211,289,42.199999999999996,57.800000000000004
2755,84408880,84409380,7,493,1.4000000000000001,98.6
2756,84409380,84409880,69,431,13.8,86.2
2757,84409880,84410380,337,163,67.4,32.599999999999994
2758,84410380,84410880,500,0,100.0,0.0
2759,84410880,84411380,500,0,100.0,0.0
2760,84411380,84411880,500,0,100.0,0.0
2761,84411880,84412380,500,0,100.0,0.0
2762,84412380,84412880,500,0,100.0,0.0
2763,84412880,84413380,500,0,100.0,0.0
2764,84413380,84413880,500,0,100.0,0.0
2765,84413880,84414380,500,0,100.0,0.0
2766,84414380,84414880,500,0,100.0,0.0
2767,84414880,84415380,500,0,100.0,0.0
2768,84415380,84415880,500,0,100.0,0.0
2769,84415880,84416380,500,0,100.0,0.0
2770,84416380,84416880,500,0,100.0,0.0
2771,84416880,84417380,500,0,100.0,0.0
2772,84417380,84417880,500,0,100.0,0.0
2773,84417880,84418380,500,0,100.0,0.0
2774,84418380,84418880,500,0,100.0,0.0
2775,84418880,84419380,500,0,100.0,0.0
2776,84419380,84419880,500,0,100.0,0.0
2777,84419880,84420380,500,0,100.0,0.0
2778,84420380,84420880,500,0,100.0,0.0
2779,84420880,84421380,500,0,100.0,0.0
2780,84421380,84421880,500,0,100.0,0.0
2781,84421880,84422380,500,0,100.0,0.0
2782,84422380,84422880,500,0,100.0,0.0
2783,84422880,84423380,74,426,14.799999999999999,85.2
2784,84423380,84423880,9,491,1.7999999999999998,98.2
2785,84423880,84424380,68,432,13.600000000000001,86.4
2786,84424380,84424880,165,335,33.0,67.0
2787,84424880,84425380,500,0,100.0,0.0
2788,84425380,84425880,500,0,100.0,0.0
2789,84425880,84426380,500,0,100.0,0.0
2790,84426380,84426880,500,0,100.0,0.0
2791,84426880,84427380,500,0,100.0,0.0
2792,84427380,84427880,500,0,100.0,0.0
2793,84427880,84428380,500,0,100.0,0.0
2794,84428380,84428880,500,0,100.0,0.0
2795,84428880,84429380,500,0,100.0,0.0
2796,84429380,84429880,500,0,100.0,0.0
2797,84429880,84430380,500,0,100.0,0.0
2798,84430380,84430880,500,0,100.0,0.0
2799,84430880,84431380,500,0,100.0,0.0
2800,84431380,84431880,500,0,100.0,0.0
2801,84431880,84432380,500,0,100.0,0.0
2802,84432380,84432880,500,0,100.0,0.0
2803,84432880,84433380,500,0,100.0,0.0
2804,84433380,84433880,500,0,100.0,0.0
2805,84433880,84434380,500,0,100.0,0.0
2806,84434380,84434880,500,0,100.0,0.0
2807,84434880,84435380,500,0,100.0,0.0
2808,84435380,84435880,500,0,100.0,0.0
2809,84435880,84436380,500,0,100.0,0.0
2810,84436380,84436880,500,0,100.0,0.0
2811,84436880,84437380,500,0,100.0,0.0
2812,84437380,84437880,500,0,100.0,0.0
2813,84437880,84438380,487,13,97.39999999999999,2.6000000000000085
2814,84438380,84438880,8,492,1.6,98.4
2815,84438880,84439380,59,441,11.799999999999999,88.2
2816,84439380,84439880,219,281,43.8,56.2
2817,84439880,84440380,500,0,100.0,0.0
2818,84440380,84440880,500,0,100.0,0.0
2819,84440880,84441380,500,0,100.0,0.0
2820,84441380,84441880,500,0,100.0,0.0
2821,84441880,84442380,500,0,100.0,0.0
2822,84442380,84442880,500,0,100.0,0.0
2823,84442880,84443380,500,0,100.0,0.0
2824,84443380,84443880,500,0,100.0,0.0
2825,84443880,84444380,500,0,100.0,0.0
2826,84444380,84444880,500,0,100.0,0.0
2827,84444880,84445380,500,0,100.0,0.0
2828,84445380,84445880,500,0,100.0,0.0
2829,84445880,84446380,500,0,100.0,0.0
2830,84446380,84446880,500,0,100.0,0.0
2831,84446880,84447380,500,0,100.0,0.0
2832,84447380,84447880,500,0,100.0,0.0
2833,84447880,84448380,500,0,100.0,0.0
2834,84448380,84448880,500,0,100.0,0.0
2835,84448880,84449380,500,0,100.0,0.0
2836,84449380,84449880,500,0,100.0,0.0
2837,84449880,84450380,500,0,100.0,0.0
2838,84450380,84450880,500,0,100.0,0.0
2839,84450880,84451380,500,0,100.0,0.0
2840,84451380,84451880,500,0,100.0,0.0
2841,84451880,84452380,500,0,100.0,0.0
2842,84452380,84452880,136,364,27.200000000000003,72.8
2843,84452880,84453380,5,495,1.0,99.0
2844,84453380,84453880,77,423,15.4,84.6
2845,84453880,84454380,114,386,22.8,77.2
2846,84454380,84454880,500,0,100.0,0.0
2847,84454880,84455380,500,0,100.0,0.0
2848,84455380,84455880,500,0,100.0,0.0
2849,84455880,84456380,500,0,100.0,0.0
2850,84456380,84456880,500,0,100.0,0.0
2851,84456880,84457380,500,0,100.0,0.0
2852,84457380,84457880,500,0,100.0,0.0
2853,84457880,84458380,500,0,100.0,0.0
2854,84458380,84458880,500,0,100.0,0.0
2855,84458880,84459380,500,0,100.0,0.0
2856,84459380,84459880,500,0,100.0,0.0
2857,84459880,84460380,500,0,100.0,0.0
2858,84460380,84460880,500,0,100.0,0.0
2859,84460880,84461380,500,0,100.0,0.0
2860,84461380,84461880,500,0,100.0,0.0
2861,84461880,84462380,500,0,100.0,0.0
2862,84462380,84462880,500,0,100.0,0.0
2863,84462880,84463380,500,0,100.0,0.0
2864,84463380,84463880,500,0,100.0,0.0
2865,84463880,84464380,500,0,100.0,0.0
2866,84464380,84464880,500,0,100.0,0.0
2867,84464880,84465380,500,0,100.0,0.0
2868,84465380,84465880,500,0,100.0,0.0
2869,84465880,84466380,500,0,100.0,0.0
2870,84466380,84466880,500,0,100.0,0.0
2871,84466880,84467380,31,469,6.2,93.8
2872,84467380,84467880,57,443,11.4,88.6
2873,84467880,84468380,59,441,11.799999999999999,88.2
2874,84468380,84468880,500,0,100.0,0.0
2875,84468880,84469380,500,0,100.0,0.0
2876,84469380,84469880,500,0,100.0,0.0
2877,84469880,84470380,500,0,100.0,0.0
2878,84470380,84470880,500,0,100.0,0.0
2879,84470880,84471380,500,0,100.0,0.0
2880,84471380,84471880,500,0,100.0,0.0
2881,84471880,84472380,500,0,100.0,0.0
2882,84472380,84472880,500,0,100.0,0.0
2883,84472880,84473380,500,0,100.0,0.0
2884,84473380,84473880,500,0,100.0,0.0
2885,84473880,84474380,500,0,100.0,0.0
2886,84474380,84474880,500,0,100.0,0.0
2887,84474880,84475380,500,0,100.0,0.0
2888,84475380,84475880,500,0,100.0,0.0
2889,84475880,84476380,500,0,100.0,0.0
2890,84476380,84476880,500,0,100.0,0.0
2891,84476880,84477380,500,0,100.0,0.0
2892,84477380,84477880,500,0,100.0,0.0
2893,84477880,84478380,500,0,100.0,0.0
2894,84478380,84478880,500,0,100.0,0.0
2895,84478880,84479380,500,0,100.0,0.0
2896,84479380,84479880,500,0,100.0,0.0
2897,84479880,84480380,500,0,100.0,0.0
2898,84480380,84480880,500,0,100.0,0.0
2899,84480880,84481380,500,0,100.0,0.0
2900,84481380,84481880,99,401,19.8,80.2
2901,84481880,84482380,54,446,10.8,89.2
2902,84482380,84482880,104,396,20.8,79.2
2903,84482880,84483380,500,0,100.0,0.0
2904,84483380,84483880,500,0,100.0,0.0
2905,84483880,84484380,500,0,100.0,0.0
2906,84484380,84484880,500,0,100.0,0.0
2907,84484880,84485380,500,0,100.0,0.0
2908,84485380,84485880,500,0,100.0,0.0
2909,84485880,84486380,500,0,100.0,0.0
2910,84486380,84486880,500,0,100.0,0.0
2911,84486880,84487380,500,0,100.0,0.0
2912,84487380,84487880,500,0,100.0,0.0
2913,84487880,84488380,500,0,100.0,0.0
2914,84488380,84488880,500,0,100.0,0.0
2915,84488880,84489380,500,0,100.0,0.0
2916,84489380,84489880,500,0,100.0,0.0
2917,84489880,84490380,500,0,100.0,0.0
2918,84490380,84490880,500,0,100.0,0.0
2919,84490880,84491380,500,0,100.0,0.0
2920,84491380,84491880,500,0,100.0,0.0
2921,84491880,84492380,500,0,100.0,0.0
2922,84492380,84492880,500,0,100.0,0.0
2923,84492880,84493380,500,0,100.0,0.0
2924,84493380,84493880,500,0,100.0,0.0
2925,84493880,84494380,500,0,100.0,0.0
2926,84494380,84494880,500,0,100.0,0.0
2927,84494880,84495380,500,0,100.0,0.0
2928,84495380,84495880,144,356,28.799999999999997,71.2
2929,84495880,84496380,56,444,11.200000000000001,88.8
2930,84496380,84496880,50,450,10.0,90.0
2931,84496880,84497380,500,0,100.0,0.0
2932,84497380,84497880,500,0,100.0,0.0
2933,84497880,84498380,500,0,100.0,0.0
2934,84498380,84498880,500,0,100.0,0.0
2935,84498880,84499380,500,0,100.0,0.0
2936,84499380,84499880,500,0,100.0,0.0
2937,84499880,84500380,500,0,100.0,0.0
2938,84500380,84500880,500,0,100.0,0.0
2939,84500880,84501380,500,0,100.0,0.0
2940,84501380,84501880,500,0,100.0,0.0
2941,84501880,84502380,500,0,100.0,0.0
2942,84502380,84502880,500,0,100.0,0.0
2943,84502880,84503380,500,0,100.0,0.0
2944,84503380,84503880,500,0,100.0,0.0
2945,84503880,84504380,500,0,100.0,0.0
2946,84504380,84504880,500,0,100.0,0.0
2947,84504880,84505380,500,0,100.0,0.0
2948,84505380,84505880,500,0,100.0,0.0
2949,84505880,84506380,500,0,100.0,0.0
2950,84506380,84506880,500,0,100.0,0.0
2951,84506880,84507380,500,0,100.0,0.0
2952,84507380,84507880,500,0,100.0,0.0
2953,84507880,84508380,500,0,100.0,0.0
2954,84508380,84508880,500,0,100.0,0.0
2955,84508880,84509380,500,0,100.0,0.0
2956,84509380,84509880,448,52,89.60000000000001,10.399999999999991
2957,84509880,84510380,8,492,1.6,98.4
2958,84510380,84510880,63,437,12.6,87.4
2959,84510880,84511380,159,341,31.8,68.2
2960,84511380,84511880,500,0,100.0,0.0
2961,84511880,84512380,500,0,100.0,0.0
2962,84512380,84512880,500,0,100.0,0.0
2963,84512880,84513380,500,0,100.0,0.0
2964,84513380,84513880,500,0,100.0,0.0
2965,84513880,84514380,500,0,100.0,0.0
2966,84514380,84514880,500,0,100.0,0.0
2967,84514880,84515380,500,0,100.0,0.0
2968,84515380,84515880,500,0,100.0,0.0
2969,84515880,84516380,500,0,100.0,0.0
2970,84516380,84516880,500,0,100.0,0.0
2971,84516880,84517380,500,0,100.0,0.0
2972,84517380,84517880,500,0,100.0,0.0
2973,84517880,84518380,500,0,100.0,0.0
2974,84518380,84518880,500,0,100.0,0.0
2975,84518880,84519380,500,0,100.0,0.0
2976,84519380,84519880,500,0,100.0,0.0
2977,84519880,84520380,500,0,100.0,0.0
2978,84520380,84520880,500,0,100.0,0.0
2979,84520880,84521380,500,0,100.0,0.0
2980,84521380,84521880,500,0,100.0,0.0
2981,84521880,84522380,500,0,100.0,0.0
2982,84522380,84522880,500,0,100.0,0.0
2983,84522880,84523380,500,0,100.0,0.0
2984,84523380,84523880,500,0,100.0,0.0
2985,84523880,84524380,92,408,18.4,81.6
2986,84524380,84524880,68,432,13.600000000000001,86.4
2987,84524880,84525380,6,494,1.2,98.8
2988,84525380,84525880,462,38,92.4,7.599999999999994
2989,84525880,84526380,500,0,100.0,0.0
2990,84526380,84526880,500,0,100.0,0.0
2991,84526880,84527380,500,0,100.0,0.0
2992,84527380,84527880,500,0,100.0,0.0
2993,84527880,84528380,500,0,100.0,0.0
2994,84528380,84528880,500,0,100.0,0.0
2995,84528880,84529380,500,0,100.0,0.0
2996,84529380,84529880,500,0,100.0,0.0
2997,84529880,84530380,500,0,100.0,0.0
2998,84530380,84530880,500,0,100.0,0.0
2999,84530880,84531380,500,0,100.0,0.0
3000,84531380,84531880,500,0,100.0,0.0
3001,84531880,84532380,500,0,100.0,0.0
3002,84532380,84532880,500,0,100.0,0.0
3003,84532880,84533380,500,0,100.0,0.0
3004,84533380,84533880,500,0,100.0,0.0
3005,84533880,84534380,500,0,100.0,0.0
3006,84534380,84534880,500,0,100.0,0.0
3007,84534880,84535380,500,0,100.0,0.0
3008,84535380,84535880,500,0,100.0,0.0
3009,84535880,84536380,500,0,100.0,0.0
3010,84536380,84536880,500,0,100.0,0.0
3011,84536880,84537380,500,0,100.0,0.0
3012,84537380,84537880,500,0,100.0,0.0
3013,84537880,84538380,500,0,100.0,0.0
3014,84538380,84538880,290,210,57.99999999999999,42.00000000000001
3015,84538880,84539380,8,492,1.6,98.4
3016,84539380,84539880,67,433,13.4,86.6
3017,84539880,84540380,208,292,41.6,58.4
3018,84540380,84540880,500,0,100.0,0.0
3019,84540880,84541380,500,0,100.0,0.0
3020,84541380,84541880,500,0,100.0,0.0
3021,84541880,84542380,500,0,100.0,0.0
3022,84542380,84542880,500,0,100.0,0.0
3023,84542880,84543380,500,0,100.0,0.0
3024,84543380,84543880,500,0,100.0,0.0
3025,84543880,84544380,500,0,100.0,0.0
3026,84544380,84544880,500,0,100.0,0.0
3027,84544880,84545380,500,0,100.0,0.0
3028,84545380,84545880,500,0,100.0,0.0
3029,84545880,84546380,500,0,100.0,0.0
3030,84546380,84546880,500,0,100.0,0.0
3031,84546880,84547380,500,0,100.0,0.0
3032,84547380,84547880,500,0,100.0,0.0
3033,84547880,84548380,500,0,100.0,0.0
3034,84548380,84548880,500,0,100.0,0.0
3035,84548880,84549380,500,0,100.0,0.0
3036,84549380,84549880,500,0,100.0,0.0
3037,84549880,84550380,500,0,100.0,0.0
3038,84550380,84550880,500,0,100.0,0.0
3039,84550880,84551380,500,0,100.0,0.0
3040,84551380,84551880,500,0,100.0,0.0
3041,84551880,84552380,500,0,100.0,0.0
3042,84552380,84552880,500,0,100.0,0.0
3043,84552880,84553380,435,65,87.0,13.0
3044,84553380,84553880,8,492,1.6,98.4
3045,84553880,84554380,64,436,12.8,87.2
3046,84554380,84554880,94,406,18.8,81.2
3047,84554880,84555380,500,0,100.0,0.0
3048,84555380,84555880,500,0,100.0,0.0
3049,84555880,84556380,500,0,100.0,0.0
3050,84556380,84556880,500,0,100.0,0.0
3051,84556880,84557380,500,0,100.0,0.0
3052,84557380,84557880,500,0,100.0,0.0
3053,84557880,84558380,500,0,100.0,0.0
3054,84558380,84558880,500,0,100.0,0.0
3055,84558880,84559380,500,0,100.0,0.0
3056,84559380,84559880,500,0,100.0,0.0
3057,84559880,84560380,500,0,100.0,0.0
3058,84560380,84560880,500,0,100.0,0.0
3059,84560880,84561380,500,0,100.0,0.0
3060,84561380,84561880,500,0,100.0,0.0
3061,84561880,84562380,500,0,100.0,0.0
3062,84562380,84562880,500,0,100.0,0.0
3063,84562880,84563380,500,0,100.0,0.0
3064,84563380,84563880,500,0,100.0,0.0
3065,84563880,84564380,500,0,100.0,0.0
3066,84564380,84564880,500,0,100.0,0.0
3067,84564880,84565380,500,0,100.0,0.0
3068,84565380,84565880,500,0,100.0,0.0
3069,84565880,84566380,500,0,100.0,0.0
3070,84566380,84566880,500,0,100.0,0.0
3071,84566880,84567380,500,0,100.0,0.0
3072,84567380,84567880,500,0,100.0,0.0
3073,84567880,84568380,310,190,62.0,38.0
3074,84568380,84568880,8,492,1.6,98.4
3075,84568880,84569380,58,442,11.600000000000001,88.4
3076,84569380,84569880,125,375,25.0,75.0
3077,84569880,84570380,500,0,100.0,0.0
3078,84570380,84570880,500,0,100.0,0.0
3079,84570880,84571380,500,0,100.0,0.0
3080,84571380,84571880,500,0,100.0,0.0
3081,84571880,84572380,500,0,100.0,0.0
3082,84572380,84572880,500,0,100.0,0.0
3083,84572880,84573380,500,0,100.0,0.0
3084,84573380,84573880,500,0,100.0,0.0
3085,84573880,84574380,500,0,100.0,0.0
3086,84574380,84574880,500,0,100.0,0.0
3087,84574880,84575380,500,0,100.0,0.0
3088,84575380,84575880,500,0,100.0,0.0
3089,84575880,84576380,500,0,100.0,0.0
3090,84576380,84576880,500,0,100.0,0.0
3091,84576880,84577380,500,0,100.0,0.0
3092,84577380,84577880,500,0,100.0,0.0
3093,84577880,84578380,500,0,100.0,0.0
3094,84578380,84578880,500,0,100.0,0.0
3095,84578880,84579380,500,0,100.0,0.0
3096,84579380,84579880,500,0,100.0,0.0
3097,84579880,84580380,500,0,100.0,0.0
3098,84580380,84580880,500,0,100.0,0.0
3099,84580880,84581380,500,0,100.0,0.0
3100,84581380,84581880,500,0,100.0,0.0
3101,84581880,84582380,500,0,100.0,0.0
3102,84582380,84582880,500,0,100.0,0.0
3103,84582880,84583380,298,202,59.599999999999994,40.400000000000006
3104,84583380,84583880,9,491,1.7999999999999998,98.2
3105,84583880,84584380,55,445,11.0,89.0
3106,84584380,84584880,377,123,75.4,24.599999999999994
3107,84584880,84585380,500,0,100.0,0.0
3108,84585380,84585880,500,0,100.0,0.0
3109,84585880,84586380,500,0,100.0,0.0
3110,84586380,84586880,500,0,100.0,0.0
3111,84586880,84587380,500,0,100.0,0.0
3112,84587380,84587880,500,0,100.0,0.0
3113,84587880,84588380,500,0,100.0,0.0
3114,84588380,84588880,500,0,100.0,0.0
3115,84588880,84589380,500,0,100.0,0.0
3116,84589380,84589880,500,0,100.0,0.0
3117,84589880,84590380,500,0,100.0,0.0
3118,84590380,84590880,500,0,100.0,0.0
3119,84590880,84591380,500,0,100.0,0.0
3120,84591380,84591880,500,0,100.0,0.0
3121,84591880,84592380,500,0,100.0,0.0
3122,84592380,84592880,500,0,100.0,0.0
3123,84592880,84593380,500,0,100.0,0.0
3124,84593380,84593880,500,0,100.0,0.0
3125,84593880,84594380,500,0,100.0,0.0
3126,84594380,84594880,500,0,100.0,0.0
3127,84594880,84595380,500,0,100.0,0.0
3128,84595380,84595880,500,0,100.0,0.0
3129,84595880,84596380,500,0,100.0,0.0
3130,84596380,84596880,500,0,100.0,0.0
3131,84596880,84597380,500,0,100.0,0.0
3132,84597380,84597880,500,0,100.0,0.0
3133,84597880,84598380,364,136,72.8,27.200000000000003
3134,84598380,84598880,9,491,1.7999999999999998,98.2
3135,84598880,84599380,63,437,12.6,87.4
3136,84599380,84599880,162,338,32.4,67.6
3137,84599880,84600380,500,0,100.0,0.0
3138,84600380,84600880,500,0,100.0,0.0
3139,84600880,84601380,500,0,100.0,0.0
3140,84601380,84601880,500,0,100.0,0.0
3141,84601880,84602380,500,0,100.0,0.0
3142,84602380,84602880,500,0,100.0,0.0
3143,84602880,84603380,500,0,100.0,0.0
3144,84603380,84603880,500,0,100.0,0.0
3145,84603880,84604380,500,0,100.0,0.0
3146,84604380,84604880,500,0,100.0,0.0
3147,84604880,84605380,500,0,100.0,0.0
3148,84605380,84605880,500,0,100.0,0.0
3149,84605880,84606380,500,0,100.0,0.0
3150,84606380,84606880,500,0,100.0,0.0
3151,84606880,84607380,500,0,100.0,0.0
3152,84607380,84607880,500,0,100.0,0.0
3153,84607880,84608380,500,0,100.0,0.0
3154,84608380,84608880,500,0,100.0,0.0
3155,84608880,84609380,500,0,100.0,0.0
3156,84609380,84609880,500,0,100.0,0.0
3157,84609880,84610380,500,0,100.0,0.0
3158,84610380,84610880,500,0,100.0,0.0
3159,84610880,84611380,500,0,100.0,0.0
3160,84611380,84611880,500,0,100.0,0.0
3161,84611880,84612380,500,0,100.0,0.0
3162,84612380,84612880,500,0,100.0,0.0
3163,84612880,84613380,500,0,100.0,0.0
3164,84613380,84613880,500,0,100.0,0.0
3165,84613880,84614380,500,0,100.0,0.0
3166,84614380,84614880,65,435,13.0,87.0
3167,84614880,84615380,30,470,6.0,94.0
3168,84615380,84615880,79,421,15.8,84.2
3169,84615880,84616380,125,375,25.0,75.0
3170,84616380,84616880,500,0,100.0,0.0
3171,84616880,84617380,500,0,100.0,0.0
3172,84617380,84617880,500,0,100.0,0.0
3173,84617880,84618380,500,0,100.0,0.0
3174,84618380,84618880,500,0,100.0,0.0
3175,84618880,84619380,500,0,100.0,0.0
3176,84619380,84619880,500,0,100.0,0.0
3177,84619880,84620380,500,0,100.0,0.0
3178,84620380,84620880,500,0,100.0,0.0
3179,84620880,84621380,500,0,100.0,0.0
3180,84621380,84621880,500,0,100.0,0.0
3181,84621880,84622380,500,0,100.0,0.0
3182,84622380,84622880,500,0,100.0,0.0
3183,84622880,84623380,500,0,100.0,0.0
3184,84623380,84623880,500,0,100.0,0.0
3185,84623880,84624380,500,0,100.0,0.0
3186,84624380,84624880,500,0,100.0,0.0
3187,84624880,84625380,500,0,100.0,0.0
3188,84625380,84625880,500,0,100.0,0.0
3189,84625880,84626380,500,0,100.0,0.0
3190,84626380,84626880,500,0,100.0,0.0
3191,84626880,84627380,500,0,100.0,0.0
3192,84627380,84627880,500,0,100.0,0.0
3193,84627880,84628380,500,0,100.0,0.0
3194,84628380,84628880,500,0,100.0,0.0
3195,84628880,84629380,500,0,100.0,0.0
3196,84629380,84629880,500,0,100.0,0.0
3197,84629880,84630380,500,0,100.0,0.0
3198,84630380,84630880,500,0,100.0,0.0
3199,84630880,84631380,500,0,100.0,0.0
3200,84631380,84631880,346,154,69.19999999999999,30.80000000000001
3201,84631880,84632380,10,490,2.0,98.0
3202,84632380,84632880,82,418,16.400000000000002,83.6
3203,84632880,84633380,39,461,7.8,92.2
3204,84633380,84633880,500,0,100.0,0.0
3205,84633880,84634380,500,0,100.0,0.0
3206,84634380,84634880,500,0,100.0,0.0
3207,84634880,84635380,500,0,100.0,0.0
3208,84635380,84635880,500,0,100.0,0.0
3209,84635880,84636380,500,0,100.0,0.0
3210,84636380,84636880,500,0,100.0,0.0
3211,84636880,84637380,500,0,100.0,0.0
3212,84637380,84637880,500,0,100.0,0.0
3213,84637880,84638380,500,0,100.0,0.0
3214,84638380,84638880,500,0,100.0,0.0
3215,84638880,84639380,500,0,100.0,0.0
3216,84639380,84639880,500,0,100.0,0.0
3217,84639880,84640380,500,0,100.0,0.0
3218,84640380,84640880,500,0,100.0,0.0
3219,84640880,84641380,500,0,100.0,0.0
3220,84641380,84641880,500,0,100.0,0.0
3221,84641880,84642380,500,0,100.0,0.0
3222,84642380,84642880,500,0,100.0,0.0
3223,84642880,84643380,500,0,100.0,0.0
3224,84643380,84643880,500,0,100.0,0.0
3225,84643880,84644380,500,0,100.0,0.0
3226,84644380,84644880,500,0,100.0,0.0
3227,84644880,84645380,500,0,100.0,0.0
3228,84645380,84645880,500,0,100.0,0.0
3229,84645880,84646380,500,0,100.0,0.0
3230,84646380,84646880,500,0,100.0,0.0
3231,84646880,84647380,500,0,100.0,0.0
3232,84647380,84647880,500,0,100.0,0.0
3233,84647880,84648380,500,0,100.0,0.0
3234,84648380,84648880,500,0,100.0,0.0
3235,84648880,84649380,500,0,100.0,0.0
3236,84649380,84649880,500,0,100.0,0.0
3237,84649880,84650380,500,0,100.0,0.0
3238,84650380,84650880,500,0,100.0,0.0
3239,84650880,84651380,500,0,100.0,0.0
3240,84651380,84651880,500,0,100.0,0.0
3241,84651880,84652380,500,0,100.0,0.0
3242,84652380,84652880,500,0,100.0,0.0
3243,84652880,84653380,500,0,100.0,0.0
3244,84653380,84653880,500,0,100.0,0.0
3245,84653880,84654380,500,0,100.0,0.0
3246,84654380,84654880,462,38,92.4,7.599999999999994
3247,84654880,84655380,8,492,1.6,98.4
3248,84655380,84655880,72,428,14.399999999999999,85.6
3249,84655880,84656380,10,490,2.0,98.0
3250,84656380,84656880,350,150,70.0,30.0
3251,84656880,84657380,500,0,100.0,0.0
3252,84657380,84657880,500,0,100.0,0.0
3253,84657880,84658380,500,0,100.0,0.0
3254,84658380,84658880,500,0,100.0,0.0
3255,84658880,84659380,500,0,100.0,0.0
3256,84659380,84659880,500,0,100.0,0.0
3257,84659880,84660380,500,0,100.0,0.0
3258,84660380,84660880,500,0,100.0,0.0
3259,84660880,84661380,500,0,100.0,0.0
3260,84661380,84661880,500,0,100.0,0.0
3261,84661880,84662380,500,0,100.0,0.0
3262,84662380,84662880,500,0,100.0,0.0
3263,84662880,84663380,500,0,100.0,0.0
3264,84663380,84663880,500,0,100.0,0.0
3265,84663880,84664380,500,0,100.0,0.0
3266,84664380,84664880,500,0,100.0,0.0
3267,84664880,84665380,500,0,100.0,0.0
3268,84665380,84665880,500,0,100.0,0.0
3269,84665880,84666380,500,0,100.0,0.0
3270,84666380,84666880,500,0,100.0,0.0
3271,84666880,84667380,500,0,100.0,0.0
3272,84667380,84667880,500,0,100.0,0.0
3273,84667880,84668380,500,0,100.0,0.0
3274,84668380,84668880,500,0,100.0,0.0
3275,84668880,84669380,500,0,100.0,0.0
3276,84669380,84669880,500,0,100.0,0.0
3277,84669880,84670380,500,0,100.0,0.0
3278,84670380,84670880,500,0,100.0,0.0
3279,84670880,84671380,500,0,100.0,0.0
3280,84671380,84671880,500,0,100.0,0.0
3281,84671880,84672380,500,0,100.0,0.0
3282,84672380,84672880,130,370,26.0,74.0
3283,84672880,84673380,6,494,1.2,98.8
3284,84673380,84673880,77,423,15.4,84.6
3285,84673880,84674380,4,496,0.8,99.2
3286,84674380,84674880,4,496,0.8,99.2
3287,84674880,84675380,272,228,54.400000000000006,45.599999999999994
3288,84675380,84675880,500,0,100.0,0.0
3289,84675880,84676380,500,0,100.0,0.0
3290,84676380,84676880,500,0,100.0,0.0
3291,84676880,84677380,500,0,100.0,0.0
3292,84677380,84677880,500,0,100.0,0.0
3293,84677880,84678380,500,0,100.0,0.0
3294,84678380,84678880,500,0,100.0,0.0
3295,84678880,84679380,500,0,100.0,0.0
3296,84679380,84679880,500,0,100.0,0.0
3297,84679880,84680380,500,0,100.0,0.0
3298,84680380,84680880,500,0,100.0,0.0
3299,84680880,84681380,500,0,100.0,0.0
3300,84681380,84681880,500,0,100.0,0.0
3301,84681880,84682380,500,0,100.0,0.0
3302,84682380,84682880,500,0,100.0,0.0
3303,84682880,84683380,500,0,100.0,0.0
3304,84683380,84683880,500,0,100.0,0.0
3305,84683880,84684380,500,0,100.0,0.0
3306,84684380,84684880,500,0,100.0,0.0
3307,84684880,84685380,500,0,100.0,0.0
3308,84685380,84685880,500,0,100.0,0.0
3309,84685880,84686380,500,0,100.0,0.0
3310,84686380,84686880,500,0,100.0,0.0
3311,84686880,84687380,500,0,100.0,0.0
3312,84687380,84687880,500,0,100.0,0.0
3313,84687880,84688380,500,0,100.0,0.0
3314,84688380,84688880,500,0,100.0,0.0
3315,84688880,84689380,500,0,100.0,0.0
3316,84689380,84689880,500,0,100.0,0.0
3317,84689880,84690380,500,0,100.0,0.0
3318,84690380,84690880,500,0,100.0,0.0
3319,84690880,84691380,500,0,100.0,0.0
3320,84691380,84691880,500,0,100.0,0.0
3321,84691880,84692380,347,153,69.39999999999999,30.60000000000001
3322,84692380,84692880,9,491,1.7999999999999998,98.2
3323,84692880,84693380,70,430,14.000000000000002,86.0
3324,84693380,84693880,160,340,32.0,68.0
3325,84693880,84694380,500,0,100.0,0.0
3326,84694380,84694880,500,0,100.0,0.0
3327,84694880,84695380,500,0,100.0,0.0
3328,84695380,84695880,500,0,100.0,0.0
3329,84695880,84696380,500,0,100.0,0.0
3330,84696380,84696880,500,0,100.0,0.0
3331,84696880,84697380,500,0,100.0,0.0
3332,84697380,84697880,500,0,100.0,0.0
3333,84697880,84698380,500,0,100.0,0.0
3334,84698380,84698880,500,0,100.0,0.0
3335,84698880,84699380,500,0,100.0,0.0
3336,84699380,84699880,500,0,100.0,0.0
3337,84699880,84700380,500,0,100.0,0.0
3338,84700380,84700880,500,0,100.0,0.0
3339,84700880,84701380,500,0,100.0,0.0
3340,84701380,84701880,500,0,100.0,0.0
3341,84701880,84702380,500,0,100.0,0.0
3342,84702380,84702880,500,0,100.0,0.0
3343,84702880,84703380,500,0,100.0,0.0
3344,84703380,84703880,500,0,100.0,0.0
3345,84703880,84704380,500,0,100.0,0.0
3346,84704380,84704880,500,0,100.0,0.0
3347,84704880,84705380,500,0,100.0,0.0
3348,84705380,84705880,500,0,100.0,0.0
3349,84705880,84706380,500,0,100.0,0.0
3350,84706380,84706880,500,0,100.0,0.0
3351,84706880,84707380,500,0,100.0,0.0
3352,84707380,84707880,500,0,100.0,0.0
3353,84707880,84708380,500,0,100.0,0.0
3354,84708380,84708880,500,0,100.0,0.0
3355,84708880,84709380,473,27,94.6,5.400000000000006
3356,84709380,84709880,9,491,1.7999999999999998,98.2
3357,84709880,84710380,4,496,0.8,99.2
3358,84710380,84710880,78,422,15.6,84.4
3359,84710880,84711380,182,318,36.4,63.6
3360,84711380,84711880,500,0,100.0,0.0
3361,84711880,84712380,500,0,100.0,0.0
3362,84712380,84712880,500,0,100.0,0.0
3363,84712880,84713380,500,0,100.0,0.0
3364,84713380,84713880,500,0,100.0,0.0
3365,84713880,84714380,500,0,100.0,0.0
3366,84714380,84714880,500,0,100.0,0.0
3367,84714880,84715380,500,0,100.0,0.0
3368,84715380,84715880,500,0,100.0,0.0
3369,84715880,84716380,500,0,100.0,0.0
3370,84716380,84716880,500,0,100.0,0.0
3371,84716880,84717380,500,0,100.0,0.0
3372,84717380,84717880,500,0,100.0,0.0
3373,84717880,84718380,500,0,100.0,0.0
3374,84718380,84718880,500,0,100.0,0.0
3375,84718880,84719380,500,0,100.0,0.0
3376,84719380,84719880,500,0,100.0,0.0
3377,84719880,84720380,500,0,100.0,0.0
3378,84720380,84720880,500,0,100.0,0.0
3379,84720880,84721380,500,0,100.0,0.0
3380,84721380,84721880,500,0,100.0,0.0
3381,84721880,84722380,500,0,100.0,0.0
3382,84722380,84722880,500,0,100.0,0.0
3383,84722880,84723380,500,0,100.0,0.0
3384,84723380,84723880,500,0,100.0,0.0
3385,84723880,84724380,500,0,100.0,0.0
3386,84724380,84724880,500,0,100.0,0.0
3387,84724880,84725380,500,0,100.0,0.0
3388,84725380,84725880,500,0,100.0,0.0
3389,84725880,84726380,147,353,29.4,70.6
3390,84726380,84726880,9,491,1.7999999999999998,98.2
3391,84726880,84727380,68,432,13.600000000000001,86.4
3392,84727380,84727880,282,218,56.39999999999999,43.60000000000001
3393,84727880,84728380,500,0,100.0,0.0
3394,84728380,84728880,500,0,100.0,0.0
3395,84728880,84729380,500,0,100.0,0.0
3396,84729380,84729880,500,0,100.0,0.0
3397,84729880,84730380,500,0,100.0,0.0
3398,84730380,84730880,500,0,100.0,0.0
3399,84730880,84731380,500,0,100.0,0.0
3400,84731380,84731880,500,0,100.0,0.0
3401,84731880,84732380,500,0,100.0,0.0
3402,84732380,84732880,500,0,100.0,0.0
3403,84732880,84733380,500,0,100.0,0.0
3404,84733380,84733880,500,0,100.0,0.0
3405,84733880,84734380,500,0,100.0,0.0
3406,84734380,84734880,500,0,100.0,0.0
3407,84734880,84735380,500,0,100.0,0.0
3408,84735380,84735880,500,0,100.0,0.0
3409,84735880,84736380,500,0,100.0,0.0
3410,84736380,84736880,500,0,100.0,0.0
3411,84736880,84737380,500,0,100.0,0.0
3412,84737380,84737880,500,0,100.0,0.0
3413,84737880,84738380,500,0,100.0,0.0
3414,84738380,84738880,500,0,100.0,0.0
3415,84738880,84739380,500,0,100.0,0.0
3416,84739380,84739880,500,0,100.0,0.0
3417,84739880,84740380,500,0,100.0,0.0
3418,84740380,84740880,500,0,100.0,0.0
3419,84740880,84741380,500,0,100.0,0.0
3420,84741380,84741880,500,0,100.0,0.0
3421,84741880,84742380,500,0,100.0,0.0
3422,84742380,84742880,203,297,40.6,59.4
3423,84742880,84743380,6,494,1.2,98.8
3424,84743380,84743880,68,432,13.600000000000001,86.4
3425,84743880,84744380,220,280,44.0,56.0
3426,84744380,84744880,500,0,100.0,0.0
3427,84744880,84745380,500,0,100.0,0.0
3428,84745380,84745880,500,0,100.0,0.0
3429,84745880,84746380,500,0,100.0,0.0
3430,84746380,84746880,500,0,100.0,0.0
3431,84746880,84747380,500,0,100.0,0.0
3432,84747380,84747880,500,0,100.0,0.0
3433,84747880,84748380,500,0,100.0,0.0
3434,84748380,84748880,500,0,100.0,0.0
3435,84748880,84749380,500,0,100.0,0.0
3436,84749380,84749880,500,0,100.0,0.0
3437,84749880,84750380,500,0,100.0,0.0
3438,84750380,84750880,500,0,100.0,0.0
3439,84750880,84751380,500,0,100.0,0.0
3440,84751380,84751880,500,0,100.0,0.0
3441,84751880,84752380,500,0,100.0,0.0
3442,84752380,84752880,500,0,100.0,0.0
3443,84752880,84753380,500,0,100.0,0.0
3444,84753380,84753880,500,0,100.0,0.0
3445,84753880,84754380,500,0,100.0,0.0
3446,84754380,84754880,500,0,100.0,0.0
3447,84754880,84755380,500,0,100.0,0.0
3448,84755380,84755880,500,0,100.0,0.0
3449,84755880,84756380,500,0,100.0,0.0
3450,84756380,84756880,500,0,100.0,0.0
3451,84756880,84757380,500,0,100.0,0.0
3452,84757380,84757880,500,0,100.0,0.0
3453,84757880,84758380,397,103,79.4,20.599999999999994
3454,84758380,84758880,7,493,1.4000000000000001,98.6
3455,84758880,84759380,65,435,13.0,87.0
3456,84759380,84759880,93,407,18.6,81.4
3457,84759880,84760380,500,0,100.0,0.0
3458,84760380,84760880,500,0,100.0,0.0
3459,84760880,84761380,500,0,100.0,0.0
3460,84761380,84761880,500,0,100.0,0.0
3461,84761880,84762380,500,0,100.0,0.0
3462,84762380,84762880,500,0,100.0,0.0
3463,84762880,84763380,500,0,100.0,0.0
3464,84763380,84763880,500,0,100.0,0.0
3465,84763880,84764380,500,0,100.0,0.0
3466,84764380,84764880,500,0,100.0,0.0
3467,84764880,84765380,500,0,100.0,0.0
3468,84765380,84765880,500,0,100.0,0.0
3469,84765880,84766380,500,0,100.0,0.0
3470,84766380,84766880,500,0,100.0,0.0
3471,84766880,84767380,500,0,100.0,0.0
3472,84767380,84767880,500,0,100.0,0.0
3473,84767880,84768380,500,0,100.0,0.0
3474,84768380,84768880,500,0,100.0,0.0
3475,84768880,84769380,500,0,100.0,0.0
3476,84769380,84769880,500,0,100.0,0.0
3477,84769880,84770380,500,0,100.0,0.0
3478,84770380,84770880,500,0,100.0,0.0
3479,84770880,84771380,500,0,100.0,0.0
3480,84771380,84771880,500,0,100.0,0.0
3481,84771880,84772380,500,0,100.0,0.0
3482,84772380,84772880,500,0,100.0,0.0
3483,84772880,84773380,500,0,100.0,0.0
3484,84773380,84773880,500,0,100.0,0.0
3485,84773880,84774380,500,0,100.0,0.0
3486,84774380,84774880,500,0,100.0,0.0
3487,84774880,84775380,150,350,30.0,70.0
3488,84775380,84775880,8,492,1.6,98.4
3489,84775880,84776380,72,428,14.399999999999999,85.6
3490,84776380,84776880,268,232,53.6,46.4
3491,84776880,84777380,500,0,100.0,0.0
3492,84777380,84777880,500,0,100.0,0.0
3493,84777880,84778380,500,0,100.0,0.0
3494,84778380,84778880,500,0,100.0,0.0
3495,84778880,84779380,500,0,100.0,0.0
3496,84779380,84779880,500,0,100.0,0.0
3497,84779880,84780380,500,0,100.0,0.0
3498,84780380,84780880,500,0,100.0,0.0
3499,84780880,84781380,500,0,100.0,0.0
3500,84781380,84781880,500,0,100.0,0.0
3501,84781880,84782380,500,0,100.0,0.0
3502,84782380,84782880,500,0,100.0,0.0
3503,84782880,84783380,500,0,100.0,0.0
3504,84783380,84783880,500,0,100.0,0.0
3505,84783880,84784380,500,0,100.0,0.0
3506,84784380,84784880,500,0,100.0,0.0
3507,84784880,84785380,500,0,100.0,0.0
3508,84785380,84785880,500,0,100.0,0.0
3509,84785880,84786380,500,0,100.0,0.0
3510,84786380,84786880,500,0,100.0,0.0
3511,84786880,84787380,500,0,100.0,0.0
3512,84787380,84787880,500,0,100.0,0.0
3513,84787880,84788380,500,0,100.0,0.0
3514,84788380,84788880,500,0,100.0,0.0
3515,84788880,84789380,500,0,100.0,0.0
3516,84789380,84789880,500,0,100.0,0.0
3517,84789880,84790380,500,0,100.0,0.0
3518,84790380,84790880,500,0,100.0,0.0
3519,84790880,84791380,500,0,100.0,0.0
3520,84791380,84791880,141,359,28.199999999999996,71.80000000000001
3521,84791880,84792380,5,495,1.0,99.0
3522,84792380,84792880,65,435,13.0,87.0
3523,84792880,84793380,326,174,65.2,34.8
3524,84793380,84793880,500,0,100.0,0.0
3525,84793880,84794380,500,0,100.0,0.0
3526,84794380,84794880,500,0,100.0,0.0
3527,84794880,84795380,500,0,100.0,0.0
3528,84795380,84795880,500,0,100.0,0.0
3529,84795880,84796380,500,0,100.0,0.0
3530,84796380,84796880,500,0,100.0,0.0
3531,84796880,84797380,500,0,100.0,0.0
3532,84797380,84797880,500,0,100.0,0.0
3533,84797880,84798380,500,0,100.0,0.0
3534,84798380,84798880,500,0,100.0,0.0
3535,84798880,84799380,500,0,100.0,0.0
3536,84799380,84799880,500,0,100.0,0.0
3537,84799880,84800380,500,0,100.0,0.0
3538,84800380,84800880,500,0,100.0,0.0
3539,84800880,84801380,500,0,100.0,0.0
3540,84801380,84801880,500,0,100.0,0.0
3541,84801880,84802380,500,0,100.0,0.0
3542,84802380,84802880,500,0,100.0,0.0
3543,84802880,84803380,500,0,100.0,0.0
3544,84803380,84803880,500,0,100.0,0.0
3545,84803880,84804380,500,0,100.0,0.0
3546,84804380,84804880,500,0,100.0,0.0
3547,84804880,84805380,500,0,100.0,0.0
3548,84805380,84805880,500,0,100.0,0.0
3549,84805880,84806380,500,0,100.0,0.0
3550,84806380,84806880,500,0,100.0,0.0
3551,84806880,84807380,500,0,100.0,0.0
3552,84807380,84807880,96,404,19.2,80.8
3553,84807880,84808380,61,439,12.2,87.8
3554,84808380,84808880,20,480,4.0,96.0
3555,84808880,84809380,500,0,100.0,0.0
3556,84809380,84809880,500,0,100.0,0.0
3557,84809880,84810380,500,0,100.0,0.0
3558,84810380,84810880,500,0,100.0,0.0
3559,84810880,84811380,500,0,100.0,0.0
3560,84811380,84811880,500,0,100.0,0.0
3561,84811880,84812380,500,0,100.0,0.0
3562,84812380,84812880,500,0,100.0,0.0
3563,84812880,84813380,500,0,100.0,0.0
3564,84813380,84813880,500,0,100.0,0.0
3565,84813880,84814380,500,0,100.0,0.0
3566,84814380,84814880,500,0,100.0,0.0
3567,84814880,84815380,500,0,100.0,0.0
3568,84815380,84815880,500,0,100.0,0.0
3569,84815880,84816380,500,0,100.0,0.0
3570,84816380,84816880,500,0,100.0,0.0
3571,84816880,84817380,500,0,100.0,0.0
3572,84817380,84817880,500,0,100.0,0.0
3573,84817880,84818380,500,0,100.0,0.0
3574,84818380,84818880,500,0,100.0,0.0
3575,84818880,84819380,500,0,100.0,0.0
3576,84819380,84819880,500,0,100.0,0.0
3577,84819880,84820380,500,0,100.0,0.0
3578,84820380,84820880,500,0,100.0,0.0
3579,84820880,84821380,500,0,100.0,0.0
3580,84821380,84821880,500,0,100.0,0.0
3581,84821880,84822380,500,0,100.0,0.0
3582,84822380,84822880,500,0,100.0,0.0
3583,84822880,84823380,465,35,93.0,7.0
3584,84823380,84823880,7,493,1.4000000000000001,98.6
3585,84823880,84824380,62,438,12.4,87.6
3586,84824380,84824880,144,356,28.799999999999997,71.2
3587,84824880,84825380,500,0,100.0,0.0
3588,84825380,84825880,500,0,100.0,0.0
3589,84825880,84826380,500,0,100.0,0.0
3590,84826380,84826880,500,0,100.0,0.0
3591,84826880,84827380,500,0,100.0,0.0
3592,84827380,84827880,500,0,100.0,0.0
3593,84827880,84828380,500,0,100.0,0.0
3594,84828380,84828880,500,0,100.0,0.0
3595,84828880,84829380,500,0,100.0,0.0
3596,84829380,84829880,500,0,100.0,0.0
3597,84829880,84830380,500,0,100.0,0.0
3598,84830380,84830880,500,0,100.0,0.0
3599,84830880,84831380,500,0,100.0,0.0
3600,84831380,84831880,500,0,100.0,0.0
3601,84831880,84832380,500,0,100.0,0.0
3602,84832380,84832880,500,0,100.0,0.0
3603,84832880,84833380,500,0,100.0,0.0
3604,84833380,84833880,500,0,100.0,0.0
3605,84833880,84834380,500,0,100.0,0.0
3606,84834380,84834880,500,0,100.0,0.0
3607,84834880,84835380,500,0,100.0,0.0
3608,84835380,84835880,500,0,100.0,0.0
3609,84835880,84836380,500,0,100.0,0.0
3610,84836380,84836880,500,0,100.0,0.0
3611,84836880,84837380,500,0,100.0,0.0
3612,84837380,84837880,500,0,100.0,0.0
3613,84837880,84838380,500,0,100.0,0.0
3614,84838380,84838880,332,168,66.4,33.599999999999994
3615,84838880,84839380,8,492,1.6,98.4
3616,84839380,84839880,65,435,13.0,87.0
3617,84839880,84840380,170,330,34.0,66.0
3618,84840380,84840880,500,0,100.0,0.0
3619,84840880,84841380,500,0,100.0,0.0
3620,84841380,84841880,500,0,100.0,0.0
3621,84841880,84842380,500,0,100.0,0.0
3622,84842380,84842880,500,0,100.0,0.0
3623,84842880,84843380,500,0,100.0,0.0
3624,84843380,84843880,500,0,100.0,0.0
3625,84843880,84844380,500,0,100.0,0.0
3626,84844380,84844880,500,0,100.0,0.0
3627,84844880,84845380,500,0,100.0,0.0
3628,84845380,84845880,500,0,100.0,0.0
3629,84845880,84846380,500,0,100.0,0.0
3630,84846380,84846880,500,0,100.0,0.0
3631,84846880,84847380,500,0,100.0,0.0
3632,84847380,84847880,500,0,100.0,0.0
3633,84847880,84848380,500,0,100.0,0.0
3634,84848380,84848880,500,0,100.0,0.0
3635,84848880,84849380,500,0,100.0,0.0
3636,84849380,84849880,500,0,100.0,0.0
3637,84849880,84850380,500,0,100.0,0.0
3638,84850380,84850880,500,0,100.0,0.0
3639,84850880,84851380,500,0,100.0,0.0
3640,84851380,84851880,500,0,100.0,0.0
3641,84851880,84852380,500,0,100.0,0.0
3642,84852380,84852880,500,0,100.0,0.0
3643,84852880,84853380,500,0,100.0,0.0
3644,84853380,84853880,500,0,100.0,0.0
3645,84853880,84854380,500,0,100.0,0.0
3646,84854380,84854880,500,0,100.0,0.0
3647,84854880,84855380,500,0,100.0,0.0
3648,84855380,84855880,500,0,100.0,0.0
3649,84855880,84856380,53,447,10.6,89.4
3650,84856380,84856880,76,424,15.2,84.8
3651,84856880,84857380,6,494,1.2,98.8
3652,84857380,84857880,446,54,89.2,10.799999999999997
3653,84857880,84858380,500,0,100.0,0.0
3654,84858380,84858880,500,0,100.0,0.0
3655,84858880,84859380,500,0,100.0,0.0
3656,84859380,84859880,500,0,100.0,0.0
3657,84859880,84860380,500,0,100.0,0.0
3658,84860380,84860880,500,0,100.0,0.0
3659,84860880,84861380,500,0,100.0,0.0
3660,84861380,84861880,500,0,100.0,0.0
3661,84861880,84862380,500,0,100.0,0.0
3662,84862380,84862880,500,0,100.0,0.0
3663,84862880,84863380,500,0,100.0,0.0
3664,84863380,84863880,500,0,100.0,0.0
3665,84863880,84864380,500,0,100.0,0.0
3666,84864380,84864880,500,0,100.0,0.0
3667,84864880,84865380,500,0,100.0,0.0
3668,84865380,84865880,500,0,100.0,0.0
3669,84865880,84866380,500,0,100.0,0.0
3670,84866380,84866880,500,0,100.0,0.0
3671,84866880,84867380,500,0,100.0,0.0
3672,84867380,84867880,500,0,100.0,0.0
3673,84867880,84868380,500,0,100.0,0.0
3674,84868380,84868880,500,0,100.0,0.0
3675,84868880,84869380,500,0,100.0,0.0
3676,84869380,84869880,500,0,100.0,0.0
3677,84869880,84870380,500,0,100.0,0.0
3678,84870380,84870880,500,0,100.0,0.0
3679,84870880,84871380,500,0,100.0,0.0
3680,84871380,84871880,471,29,94.19999999999999,5.800000000000011
3681,84871880,84872380,7,493,1.4000000000000001,98.6
3682,84872380,84872880,17,483,3.4000000000000004,96.6
3683,84872880,84873380,62,438,12.4,87.6
3684,84873380,84873880,364,136,72.8,27.200000000000003
3685,84873880,84874380,500,0,100.0,0.0
3686,84874380,84874880,500,0,100.0,0.0
3687,84874880,84875380,500,0,100.0,0.0
3688,84875380,84875880,500,0,100.0,0.0
3689,84875880,84876380,500,0,100.0,0.0
3690,84876380,84876880,500,0,100.0,0.0
3691,84876880,84877380,500,0,100.0,0.0
3692,84877380,84877880,500,0,100.0,0.0
3693,84877880,84878380,500,0,100.0,0.0
3694,84878380,84878880,500,0,100.0,0.0
3695,84878880,84879380,500,0,100.0,0.0
3696,84879380,84879880,500,0,100.0,0.0
3697,84879880,84880380,500,0,100.0,0.0
3698,84880380,84880880,500,0,100.0,0.0
3699,84880880,84881380,500,0,100.0,0.0
3700,84881380,84881880,500,0,100.0,0.0
3701,84881880,84882380,500,0,100.0,0.0
3702,84882380,84882880,500,0,100.0,0.0
3703,84882880,84883380,500,0,100.0,0.0
3704,84883380,84883880,500,0,100.0,0.0
3705,84883880,84884380,500,0,100.0,0.0
3706,84884380,84884880,500,0,100.0,0.0
3707,84884880,84885380,500,0,100.0,0.0
3708,84885380,84885880,500,0,100.0,0.0
3709,84885880,84886380,500,0,100.0,0.0
3710,84886380,84886880,500,0,100.0,0.0
3711,84886880,84887380,500,0,100.0,0.0
3712,84887380,84887880,500,0,100.0,0.0
3713,84887880,84888380,500,0,100.0,0.0
3714,84888380,84888880,137,363,27.400000000000002,72.6
3715,84888880,84889380,5,495,1.0,99.0
3716,84889380,84889880,65,435,13.0,87.0
3717,84889880,84890380,322,178,64.4,35.599999999999994
3718,84890380,84890880,500,0,100.0,0.0
3719,84890880,84891380,500,0,100.0,0.0
3720,84891380,84891880,500,0,100.0,0.0
3721,84891880,84892380,500,0,100.0,0.0
3722,84892380,84892880,500,0,100.0,0.0
3723,84892880,84893380,500,0,100.0,0.0
3724,84893380,84893880,500,0,100.0,0.0
3725,84893880,84894380,500,0,100.0,0.0
3726,84894380,84894880,500,0,100.0,0.0
3727,84894880,84895380,500,0,100.0,0.0
3728,84895380,84895880,500,0,100.0,0.0
3729,84895880,84896380,500,0,100.0,0.0
3730,84896380,84896880,500,0,100.0,0.0
3731,84896880,84897380,500,0,100.0,0.0
3732,84897380,84897880,500,0,100.0,0.0
3733,84897880,84898380,500,0,100.0,0.0
3734,84898380,84898880,500,0,100.0,0.0
3735,84898880,84899380,500,0,100.0,0.0
3736,84899380,84899880,500,0,100.0,0.0
3737,84899880,84900380,500,0,100.0,0.0
3738,84900380,84900880,500,0,100.0,0.0
3739,84900880,84901380,500,0,100.0,0.0
3740,84901380,84901880,500,0,100.0,0.0
3741,84901880,84902380,500,0,100.0,0.0
3742,84902380,84902880,500,0,100.0,0.0
3743,84902880,84903380,500,0,100.0,0.0
3744,84903380,84903880,500,0,100.0,0.0
3745,84903880,84904380,500,0,100.0,0.0
3746,84904380,84904880,204,296,40.8,59.2
3747,84904880,84905380,6,494,1.2,98.8
3748,84905380,84905880,71,429,14.2,85.8
3749,84905880,84906380,269,231,53.800000000000004,46.199999999999996
3750,84906380,84906880,500,0,100.0,0.0
3751,84906880,84907380,500,0,100.0,0.0
3752,84907380,84907880,500,0,100.0,0.0
3753,84907880,84908380,500,0,100.0,0.0
3754,84908380,84908880,500,0,100.0,0.0
3755,84908880,84909380,500,0,100.0,0.0
3756,84909380,84909880,500,0,100.0,0.0
3757,84909880,84910380,500,0,100.0,0.0
3758,84910380,84910880,500,0,100.0,0.0
3759,84910880,84911380,500,0,100.0,0.0
3760,84911380,84911880,500,0,100.0,0.0
3761,84911880,84912380,500,0,100.0,0.0
3762,84912380,84912880,500,0,100.0,0.0
3763,84912880,84913380,500,0,100.0,0.0
3764,84913380,84913880,500,0,100.0,0.0
3765,84913880,84914380,500,0,100.0,0.0
3766,84914380,84914880,500,0,100.0,0.0
3767,84914880,84915380,500,0,100.0,0.0
3768,84915380,84915880,500,0,100.0,0.0
3769,84915880,84916380,500,0,100.0,0.0
3770,84916380,84916880,500,0,100.0,0.0
3771,84916880,84917380,500,0,100.0,0.0
3772,84917380,84917880,500,0,100.0,0.0
3773,84917880,84918380,500,0,100.0,0.0
3774,84918380,84918880,500,0,100.0,0.0
3775,84918880,84919380,500,0,100.0,0.0
3776,84919380,84919880,480,20,96.0,4.0
3777,84919880,84920380,5,495,1.0,99.0
3778,84920380,84920880,44,456,8.799999999999999,91.2
3779,84920880,84921380,35,465,7.000000000000001,93.0
3780,84921380,84921880,399,101,79.80000000000001,20.19999999999999
3781,84921880,84922380,500,0,100.0,0.0
3782,84922380,84922880,500,0,100.0,0.0
3783,84922880,84923380,500,0,100.0,0.0
3784,84923380,84923880,500,0,100.0,0.0
3785,84923880,84924380,500,0,100.0,0.0
3786,84924380,84924880,500,0,100.0,0.0
3787,84924880,84925380,500,0,100.0,0.0
3788,84925380,84925880,500,0,100.0,0.0
3789,84925880,84926380,500,0,100.0,0.0
3790,84926380,84926880,500,0,100.0,0.0
3791,84926880,84927380,500,0,100.0,0.0
3792,84927380,84927880,500,0,100.0,0.0
3793,84927880,84928380,500,0,100.0,0.0
3794,84928380,84928880,500,0,100.0,0.0
3795,84928880,84929380,500,0,100.0,0.0
3796,84929380,84929880,500,0,100.0,0.0
3797,84929880,84930380,500,0,100.0,0.0
3798,84930380,84930880,500,0,100.0,0.0
3799,84930880,84931380,500,0,100.0,0.0
3800,84931380,84931880,500,0,100.0,0.0
3801,84931880,84932380,500,0,100.0,0.0
3802,84932380,84932880,500,0,100.0,0.0
3803,84932880,84933380,500,0,100.0,0.0
3804,84933380,84933880,500,0,100.0,0.0
3805,84933880,84934380,500,0,100.0,0.0
3806,84934380,84934880,500,0,100.0,0.0
3807,84934880,84935380,500,0,100.0,0.0
3808,84935380,84935880,500,0,100.0,0.0
3809,84935880,84936380,500,0,100.0,0.0
3810,84936380,84936880,500,0,100.0,0.0
3811,84936880,84937380,500,0,100.0,0.0
3812,84937380,84937880,12,488,2.4,97.6
3813,84937880,84938380,0,500,0.0,100.0
3814,84938380,84938880,76,424,15.2,84.8
3815,84938880,84939380,5,495,1.0,99.0
3816,84939380,84939880,294,206,58.8,41.2
3817,84939880,84940380,500,0,100.0,0.0
3818,84940380,84940880,500,0,100.0,0.0
3819,84940880,84941380,500,0,100.0,0.0
3820,84941380,84941880,500,0,100.0,0.0
3821,84941880,84942380,500,0,100.0,0.0
3822,84942380,84942880,500,0,100.0,0.0
3823,84942880,84943380,500,0,100.0,0.0
3824,84943380,84943880,500,0,100.0,0.0
3825,84943880,84944380,500,0,100.0,0.0
3826,84944380,84944880,500,0,100.0,0.0
3827,84944880,84945380,500,0,100.0,0.0
3828,84945380,84945880,500,0,100.0,0.0
3829,84945880,84946380,500,0,100.0,0.0
3830,84946380,84946880,500,0,100.0,0.0
3831,84946880,84947380,500,0,100.0,0.0
3832,84947380,84947880,500,0,100.0,0.0
3833,84947880,84948380,500,0,100.0,0.0
3834,84948380,84948880,500,0,100.0,0.0
3835,84948880,84949380,500,0,100.0,0.0
3836,84949380,84949880,500,0,100.0,0.0
3837,84949880,84950380,500,0,100.0,0.0
3838,84950380,84950880,500,0,100.0,0.0
3839,84950880,84951380,500,0,100.0,0.0
3840,84951380,84951880,500,0,100.0,0.0
3841,84951880,84952380,500,0,100.0,0.0
3842,84952380,84952880,500,0,100.0,0.0
3843,84952880,84953380,500,0,100.0,0.0
3844,84953380,84953880,500,0,100.0,0.0
3845,84953880,84954380,500,0,100.0,0.0
3846,84954380,84954880,500,0,100.0,0.0
3847,84954880,84955380,500,0,100.0,0.0
3848,84955380,84955880,25,475,5.0,95.0
3849,84955880,84956380,5,495,1.0,99.0
3850,84956380,84956880,80,420,16.0,84.0
3851,84956880,84957380,309,191,61.8,38.2
3852,84957380,84957880,500,0,100.0,0.0
3853,84957880,84958380,500,0,100.0,0.0
3854,84958380,84958880,500,0,100.0,0.0
3855,84958880,84959380,500,0,100.0,0.0
3856,84959380,84959880,500,0,100.0,0.0
3857,84959880,84960380,500,0,100.0,0.0
3858,84960380,84960880,500,0,100.0,0.0
3859,84960880,84961380,500,0,100.0,0.0
3860,84961380,84961880,500,0,100.0,0.0
3861,84961880,84962380,500,0,100.0,0.0
3862,84962380,84962880,500,0,100.0,0.0
3863,84962880,84963380,500,0,100.0,0.0
3864,84963380,84963880,500,0,100.0,0.0
3865,84963880,84964380,500,0,100.0,0.0
3866,84964380,84964880,500,0,100.0,0.0
3867,84964880,84965380,500,0,100.0,0.0
3868,84965380,84965880,500,0,100.0,0.0
3869,84965880,84966380,500,0,100.0,0.0
3870,84966380,84966880,500,0,100.0,0.0
3871,84966880,84967380,500,0,100.0,0.0
3872,84967380,84967880,500,0,100.0,0.0
3873,84967880,84968380,500,0,100.0,0.0
3874,84968380,84968880,500,0,100.0,0.0
3875,84968880,84969380,500,0,100.0,0.0
3876,84969380,84969880,500,0,100.0,0.0
3877,84969880,84970380,500,0,100.0,0.0
3878,84970380,84970880,500,0,100.0,0.0
3879,84970880,84971380,500,0,100.0,0.0
3880,84971380,84971880,345,155,69.0,31.0
3881,84971880,84972380,5,495,1.0,99.0
3882,84972380,84972880,73,427,14.6,85.4
3883,84972880,84973380,110,390,22.0,78.0
3884,84973380,84973880,500,0,100.0,0.0
3885,84973880,84974380,500,0,100.0,0.0
3886,84974380,84974880,500,0,100.0,0.0
3887,84974880,84975380,500,0,100.0,0.0
3888,84975380,84975880,500,0,100.0,0.0
3889,84975880,84976380,500,0,100.0,0.0
3890,84976380,84976880,500,0,100.0,0.0
3891,84976880,84977380,500,0,100.0,0.0
3892,84977380,84977880,500,0,100.0,0.0
3893,84977880,84978380,500,0,100.0,0.0
3894,84978380,84978880,500,0,100.0,0.0
3895,84978880,84979380,500,0,100.0,0.0
3896,84979380,84979880,500,0,100.0,0.0
3897,84979880,84980380,500,0,100.0,0.0
3898,84980380,84980880,500,0,100.0,0.0
3899,84980880,84981380,500,0,100.0,0.0
3900,84981380,84981880,500,0,100.0,0.0
3901,84981880,84982380,500,0,100.0,0.0
3902,84982380,84982880,500,0,100.0,0.0
3903,84982880,84983380,500,0,100.0,0.0
3904,84983380,84983880,500,0,100.0,0.0
3905,84983880,84984380,500,0,100.0,0.0
3906,84984380,84984880,500,0,100.0,0.0
3907,84984880,84985380,500,0,100.0,0.0
3908,84985380,84985880,500,0,100.0,0.0
3909,84985880,84986380,500,0,100.0,0.0
3910,84986380,84986880,500,0,100.0,0.0
3911,84986880,84987380,500,0,100.0,0.0
3912,84987380,84987880,500,0,100.0,0.0
3913,84987880,84988380,500,0,100.0,0.0
3914,84988380,84988880,500,0,100.0,0.0
3915,84988880,84989380,500,0,100.0,0.0
3916,84989380,84989880,500,0,100.0,0.0
3917,84989880,84990380,500,0,100.0,0.0
3918,84990380,84990880,500,0,100.0,0.0
3919,84990880,84991380,500,0,100.0,0.0
3920,84991380,84991880,500,0,100.0,0.0
3921,84991880,84992380,500,0,100.0,0.0
3922,84992380,84992880,500,0,100.0,0.0
3923,84992880,84993380,500,0,100.0,0.0
3924,84993380,84993880,500,0,100.0,0.0
3925,84993880,84994380,500,0,100.0,0.0
3926,84994380,84994880,500,0,100.0,0.0
3927,84994880,84995380,500,0,100.0,0.0
3928,84995380,84995880,500,0,100.0,0.0
3929,84995880,84996380,500,0,100.0,0.0
3930,84996380,84996880,500,0,100.0,0.0
3931,84996880,84997380,500,0,100.0,0.0
3932,84997380,84997880,500,0,100.0,0.0
3933,84997880,84998380,500,0,100.0,0.0
3934,84998380,84998880,500,0,100.0,0.0
3935,84998880,84999380,500,0,100.0,0.0
3936,84999380,84999880,500,0,100.0,0.0
3937,84999880,85000380,500,0,100.0,0.0
3938,85000380,85000880,500,0,100.0,0.0
3939,85000880,85001380,500,0,100.0,0.0
3940,85001380,85001880,500,0,100.0,0.0
3941,85001880,85002380,500,0,100.0,0.0
3942,85002380,85002880,500,0,100.0,0.0
3943,85002880,85003380,500,0,100.0,0.0
3944,85003380,85003880,500,0,100.0,0.0
3945,85003880,85004380,500,0,100.0,0.0
3946,85004380,85004880,500,0,100.0,0.0
3947,85004880,85005380,500,0,100.0,0.0
3948,85005380,85005880,500,0,100.0,0.0
3949,85005880,85006380,500,0,100.0,0.0
3950,85006380,85006880,500,0,100.0,0.0
3951,85006880,85007380,500,0,100.0,0.0
3952,85007380,85007880,500,0,100.0,0.0
3953,85007880,85008380,500,0,100.0,0.0
3954,85008380,85008880,500,0,100.0,0.0
3955,85008880,85009380,500,0,100.0,0.0
3956,85009380,85009880,500,0,100.0,0.0
3957,85009880,85010380,500,0,100.0,0.0
3958,85010380,85010880,500,0,100.0,0.0
3959,85010880,85011380,500,0,100.0,0.0
3960,85011380,85011880,500,0,100.0,0.0
3961,85011880,85012380,500,0,100.0,0.0
3962,85012380,85012880,500,0,100.0,0.0
3963,85012880,85013380,500,0,100.0,0.0
3964,85013380,85013880,500,0,100.0,0.0
3965,85013880,85014380,500,0,100.0,0.0
3966,85014380,85014880,500,0,100.0,0.0
3967,85014880,85015380,500,0,100.0,0.0
3968,85015380,85015880,500,0,100.0,0.0
3969,85015880,85016380,500,0,100.0,0.0
3970,85016380,85016880,500,0,100.0,0.0
3971,85016880,85017380,500,0,100.0,0.0
3972,85017380,85017880,500,0,100.0,0.0
3973,85017880,85018380,500,0,100.0,0.0
3974,85018380,85018880,500,0,100.0,0.0
3975,85018880,85019380,500,0,100.0,0.0
3976,85019380,85019880,500,0,100.0,0.0
3977,85019880,85020380,500,0,100.0,0.0
3978,85020380,85020880,500,0,100.0,0.0
3979,85020880,85021380,500,0,100.0,0.0
3980,85021380,85021880,500,0,100.0,0.0
3981,85021880,85022380,500,0,100.0,0.0
3982,85022380,85022880,500,0,100.0,0.0
3983,85022880,85023380,500,0,100.0,0.0
3984,85023380,85023880,500,0,100.0,0.0
3985,85023880,85024380,500,0,100.0,0.0
3986,85024380,85024880,500,0,100.0,0.0
3987,85024880,85025380,500,0,100.0,0.0
3988,85025380,85025880,500,0,100.0,0.0
3989,85025880,85026380,500,0,100.0,0.0
3990,85026380,85026880,500,0,100.0,0.0
3991,85026880,85027380,500,0,100.0,0.0
3992,85027380,85027880,500,0,100.0,0.0
3993,85027880,85028380,500,0,100.0,0.0
3994,85028380,85028880,500,0,100.0,0.0
3995,85028880,85029380,500,0,100.0,0.0
3996,85029380,85029880,500,0,100.0,0.0
3997,85029880,85030380,500,0,100.0,0.0
3998,85030380,85030880,500,0,100.0,0.0
3999,85030880,85031380,500,0,100.0,0.0
4000,85031380,85031880,500,0,100.0,0.0
4001,85031880,85032380,500,0,100.0,0.0
4002,85032380,85032880,500,0,100.0,0.0
4003,85032880,85033380,500,0,100.0,0.0
4004,85033380,85033880,500,0,100.0,0.0
4005,85033880,85034380,500,0,100.0,0.0
4006,85034380,85034880,500,0,100.0,0.0
4007,85034880,85035380,500,0,100.0,0.0
4008,85035380,85035880,500,0,100.0,0.0
4009,85035880,85036380,500,0,100.0,0.0
4010,85036380,85036880,500,0,100.0,0.0
4011,85036880,85037380,500,0,100.0,0.0
4012,85037380,85037880,500,0,100.0,0.0
4013,85037880,85038380,500,0,100.0,0.0
4014,85038380,85038880,500,0,100.0,0.0
4015,85038880,85039380,500,0,100.0,0.0
4016,85039380,85039880,500,0,100.0,0.0
4017,85039880,85040380,122,378,24.4,75.6
4018,85040380,85040880,13,487,2.6,97.4
4019,85040880,85041380,67,433,13.4,86.6
4020,85041380,85041880,338,162,67.60000000000001,32.39999999999999
4021,85041880,85042380,500,0,100.0,0.0
4022,85042380,85042880,500,0,100.0,0.0
4023,85042880,85043380,500,0,100.0,0.0
4024,85043380,85043880,500,0,100.0,0.0
4025,85043880,85044380,500,0,100.0,0.0
4026,85044380,85044880,500,0,100.0,0.0
4027,85044880,85045380,500,0,100.0,0.0
4028,85045380,85045880,500,0,100.0,0.0
4029,85045880,85046380,500,0,100.0,0.0
4030,85046380,85046880,500,0,100.0,0.0
4031,85046880,85047380,500,0,100.0,0.0
4032,85047380,85047880,500,0,100.0,0.0
4033,85047880,85048380,500,0,100.0,0.0
4034,85048380,85048880,500,0,100.0,0.0
4035,85048880,85049380,500,0,100.0,0.0
4036,85049380,85049880,500,0,100.0,0.0
4037,85049880,85050380,500,0,100.0,0.0
4038,85050380,85050880,500,0,100.0,0.0
4039,85050880,85051380,500,0,100.0,0.0
4040,85051380,85051880,500,0,100.0,0.0
4041,85051880,85052380,500,0,100.0,0.0
4042,85052380,85052880,500,0,100.0,0.0
4043,85052880,85053380,500,0,100.0,0.0
4044,85053380,85053880,500,0,100.0,0.0
4045,85053880,85054380,500,0,100.0,0.0
4046,85054380,85054880,500,0,100.0,0.0
4047,85054880,85055380,500,0,100.0,0.0
4048,85055380,85055880,230,270,46.0,54.0
4049,85055880,85056380,6,494,1.2,98.8
4050,85056380,85056880,60,440,12.0,88.0
4051,85056880,85057380,286,214,57.199999999999996,42.800000000000004
4052,85057380,85057880,500,0,100.0,0.0
4053,85057880,85058380,500,0,100.0,0.0
4054,85058380,85058880,500,0,100.0,0.0
4055,85058880,85059380,500,0,100.0,0.0
4056,85059380,85059880,500,0,100.0,0.0
4057,85059880,85060380,500,0,100.0,0.0
4058,85060380,85060880,500,0,100.0,0.0
4059,85060880,85061380,500,0,100.0,0.0
4060,85061380,85061880,500,0,100.0,0.0
4061,85061880,85062380,500,0,100.0,0.0
4062,85062380,85062880,500,0,100.0,0.0
4063,85062880,85063380,500,0,100.0,0.0
4064,85063380,85063880,500,0,100.0,0.0
4065,85063880,85064380,500,0,100.0,0.0
4066,85064380,85064880,500,0,100.0,0.0
4067,85064880,85065380,500,0,100.0,0.0
4068,85065380,85065880,500,0,100.0,0.0
4069,85065880,85066380,500,0,100.0,0.0
4070,85066380,85066880,500,0,100.0,0.0
4071,85066880,85067380,500,0,100.0,0.0
4072,85067380,85067880,500,0,100.0,0.0
4073,85067880,85068380,500,0,100.0,0.0
4074,85068380,85068880,500,0,100.0,0.0
4075,85068880,85069380,500,0,100.0,0.0
4076,85069380,85069880,500,0,100.0,0.0
4077,85069880,85070380,500,0,100.0,0.0
4078,85070380,85070880,410,90,82.0,18.0
4079,85070880,85071380,5,495,1.0,99.0
4080,85071380,85071880,61,439,12.2,87.8
4081,85071880,85072380,46,454,9.2,90.8
4082,85072380,85072880,500,0,100.0,0.0
4083,85072880,85073380,500,0,100.0,0.0
4084,85073380,85073880,500,0,100.0,0.0
4085,85073880,85074380,500,0,100.0,0.0
4086,85074380,85074880,500,0,100.0,0.0
4087,85074880,85075380,500,0,100.0,0.0
4088,85075380,85075880,500,0,100.0,0.0
4089,85075880,85076380,500,0,100.0,0.0
4090,85076380,85076880,500,0,100.0,0.0
4091,85076880,85077380,500,0,100.0,0.0
4092,85077380,85077880,500,0,100.0,0.0
4093,85077880,85078380,500,0,100.0,0.0
4094,85078380,85078880,500,0,100.0,0.0
4095,85078880,85079380,500,0,100.0,0.0
4096,85079380,85079880,500,0,100.0,0.0
4097,85079880,85080380,500,0,100.0,0.0
4098,85080380,85080880,500,0,100.0,0.0
4099,85080880,85081380,500,0,100.0,0.0
4100,85081380,85081880,500,0,100.0,0.0
4101,85081880,85082380,500,0,100.0,0.0
4102,85082380,85082880,500,0,100.0,0.0
4103,85082880,85083380,500,0,100.0,0.0
4104,85083380,85083880,500,0,100.0,0.0
4105,85083880,85084380,500,0,100.0,0.0
4106,85084380,85084880,500,0,100.0,0.0
4107,85084880,85085380,500,0,100.0,0.0
4108,85085380,85085880,293,207,58.599999999999994,41.400000000000006
4109,85085880,85086380,0,500,0.0,100.0
4110,85086380,85086880,9,491,1.7999999999999998,98.2
4111,85086880,85087380,9,491,1.7999999999999998,98.2
4112,85087380,85087880,79,421,15.8,84.2
4113,85087880,85088380,244,256,48.8,51.2
4114,85088380,85088880,500,0,100.0,0.0
4115,85088880,85089380,500,0,100.0,0.0
4116,85089380,85089880,500,0,100.0,0.0
4117,85089880,85090380,500,0,100.0,0.0
4118,85090380,85090880,500,0,100.0,0.0
4119,85090880,85091380,500,0,100.0,0.0
4120,85091380,85091880,500,0,100.0,0.0
4121,85091880,85092380,500,0,100.0,0.0
4122,85092380,85092880,500,0,100.0,0.0
4123,85092880,85093380,500,0,100.0,0.0
4124,85093380,85093880,500,0,100.0,0.0
4125,85093880,85094380,500,0,100.0,0.0
4126,85094380,85094880,500,0,100.0,0.0
4127,85094880,85095380,500,0,100.0,0.0
4128,85095380,85095880,500,0,100.0,0.0
4129,85095880,85096380,500,0,100.0,0.0
4130,85096380,85096880,500,0,100.0,0.0
4131,85096880,85097380,500,0,100.0,0.0
4132,85097380,85097880,500,0,100.0,0.0
4133,85097880,85098380,500,0,100.0,0.0
4134,85098380,85098880,500,0,100.0,0.0
4135,85098880,85099380,500,0,100.0,0.0
4136,85099380,85099880,500,0,100.0,0.0
4137,85099880,85100380,500,0,100.0,0.0
4138,85100380,85100880,500,0,100.0,0.0
4139,85100880,85101380,500,0,100.0,0.0
4140,85101380,85101880,342,158,68.4,31.599999999999994
4141,85101880,85102380,7,493,1.4000000000000001,98.6
4142,85102380,85102880,25,475,5.0,95.0
4143,85102880,85103380,55,445,11.0,89.0
4144,85103380,85103880,318,182,63.6,36.4
4145,85103880,85104380,500,0,100.0,0.0
4146,85104380,85104880,500,0,100.0,0.0
4147,85104880,85105380,500,0,100.0,0.0
4148,85105380,85105880,500,0,100.0,0.0
4149,85105880,85106380,500,0,100.0,0.0
4150,85106380,85106880,500,0,100.0,0.0
4151,85106880,85107380,500,0,100.0,0.0
4152,85107380,85107880,500,0,100.0,0.0
4153,85107880,85108380,500,0,100.0,0.0
4154,85108380,85108880,500,0,100.0,0.0
4155,85108880,85109380,500,0,100.0,0.0
4156,85109380,85109880,500,0,100.0,0.0
4157,85109880,85110380,500,0,100.0,0.0
4158,85110380,85110880,500,0,100.0,0.0
4159,85110880,85111380,500,0,100.0,0.0
4160,85111380,85111880,500,0,100.0,0.0
4161,85111880,85112380,500,0,100.0,0.0
4162,85112380,85112880,500,0,100.0,0.0
4163,85112880,85113380,500,0,100.0,0.0
4164,85113380,85113880,500,0,100.0,0.0
4165,85113880,85114380,500,0,100.0,0.0
4166,85114380,85114880,500,0,100.0,0.0
4167,85114880,85115380,500,0,100.0,0.0
4168,85115380,85115880,500,0,100.0,0.0
4169,85115880,85116380,500,0,100.0,0.0
4170,85116380,85116880,325,175,65.0,35.0
4171,85116880,85117380,7,493,1.4000000000000001,98.6
4172,85117380,85117880,53,447,10.6,89.4
4173,85117880,85118380,107,393,21.4,78.6
4174,85118380,85118880,500,0,100.0,0.0
4175,85118880,85119380,500,0,100.0,0.0
4176,85119380,85119880,500,0,100.0,0.0
4177,85119880,85120380,500,0,100.0,0.0
4178,85120380,85120880,500,0,100.0,0.0
4179,85120880,85121380,500,0,100.0,0.0
4180,85121380,85121880,500,0,100.0,0.0
4181,85121880,85122380,500,0,100.0,0.0
4182,85122380,85122880,500,0,100.0,0.0
4183,85122880,85123380,500,0,100.0,0.0
4184,85123380,85123880,500,0,100.0,0.0
4185,85123880,85124380,500,0,100.0,0.0
4186,85124380,85124880,500,0,100.0,0.0
4187,85124880,85125380,500,0,100.0,0.0
4188,85125380,85125880,500,0,100.0,0.0
4189,85125880,85126380,500,0,100.0,0.0
4190,85126380,85126880,500,0,100.0,0.0
4191,85126880,85127380,500,0,100.0,0.0
4192,85127380,85127880,500,0,100.0,0.0
4193,85127880,85128380,500,0,100.0,0.0
4194,85128380,85128880,500,0,100.0,0.0
4195,85128880,85129380,500,0,100.0,0.0
4196,85129380,85129880,500,0,100.0,0.0
4197,85129880,85130380,500,0,100.0,0.0
4198,85130380,85130880,500,0,100.0,0.0
4199,85130880,85131380,500,0,100.0,0.0
4200,85131380,85131880,151,349,30.2,69.8
4201,85131880,85132380,21,479,4.2,95.8
4202,85132380,85132880,69,431,13.8,86.2
4203,85132880,85133380,271,229,54.2,45.8
4204,85133380,85133880,500,0,100.0,0.0
4205,85133880,85134380,500,0,100.0,0.0
4206,85134380,85134880,500,0,100.0,0.0
4207,85134880,85135380,500,0,100.0,0.0
4208,85135380,85135880,500,0,100.0,0.0
4209,85135880,85136380,500,0,100.0,0.0
4210,85136380,85136880,500,0,100.0,0.0
4211,85136880,85137380,500,0,100.0,0.0
4212,85137380,85137880,500,0,100.0,0.0
4213,85137880,85138380,500,0,100.0,0.0
4214,85138380,85138880,500,0,100.0,0.0
4215,85138880,85139380,500,0,100.0,0.0
4216,85139380,85139880,500,0,100.0,0.0
4217,85139880,85140380,500,0,100.0,0.0
4218,85140380,85140880,500,0,100.0,0.0
4219,85140880,85141380,500,0,100.0,0.0
4220,85141380,85141880,500,0,100.0,0.0
4221,85141880,85142380,500,0,100.0,0.0
4222,85142380,85142880,500,0,100.0,0.0
4223,85142880,85143380,500,0,100.0,0.0
4224,85143380,85143880,500,0,100.0,0.0
4225,85143880,85144380,500,0,100.0,0.0
4226,85144380,85144880,500,0,100.0,0.0
4227,85144880,85145380,500,0,100.0,0.0
4228,85145380,85145880,500,0,100.0,0.0
4229,85145880,85146380,500,0,100.0,0.0
4230,85146380,85146880,328,172,65.60000000000001,34.39999999999999
4231,85146880,85147380,7,493,1.4000000000000001,98.6
4232,85147380,85147880,58,442,11.600000000000001,88.4
4233,85147880,85148380,199,301,39.800000000000004,60.199999999999996
4234,85148380,85148880,500,0,100.0,0.0
4235,85148880,85149380,500,0,100.0,0.0
4236,85149380,85149880,500,0,100.0,0.0
4237,85149880,85150380,500,0,100.0,0.0
4238,85150380,85150880,500,0,100.0,0.0
4239,85150880,85151380,500,0,100.0,0.0
4240,85151380,85151880,500,0,100.0,0.0
4241,85151880,85152380,500,0,100.0,0.0
4242,85152380,85152880,500,0,100.0,0.0
4243,85152880,85153380,500,0,100.0,0.0
4244,85153380,85153880,500,0,100.0,0.0
4245,85153880,85154380,500,0,100.0,0.0
4246,85154380,85154880,500,0,100.0,0.0
4247,85154880,85155380,500,0,100.0,0.0
4248,85155380,85155880,500,0,100.0,0.0
4249,85155880,85156380,500,0,100.0,0.0
4250,85156380,85156880,500,0,100.0,0.0
4251,85156880,85157380,500,0,100.0,0.0
4252,85157380,85157880,500,0,100.0,0.0
4253,85157880,85158380,500,0,100.0,0.0
4254,85158380,85158880,500,0,100.0,0.0
4255,85158880,85159380,500,0,100.0,0.0
4256,85159380,85159880,500,0,100.0,0.0
4257,85159880,85160380,500,0,100.0,0.0
4258,85160380,85160880,500,0,100.0,0.0
4259,85160880,85161380,420,80,84.0,16.0
4260,85161380,85161880,9,491,1.7999999999999998,98.2
4261,85161880,85162380,48,452,9.6,90.4
4262,85162380,85162880,236,264,47.199999999999996,52.800000000000004
4263,85162880,85163380,500,0,100.0,0.0
4264,85163380,85163880,500,0,100.0,0.0
4265,85163880,85164380,500,0,100.0,0.0
4266,85164380,85164880,500,0,100.0,0.0
4267,85164880,85165380,500,0,100.0,0.0
4268,85165380,85165880,500,0,100.0,0.0
4269,85165880,85166380,500,0,100.0,0.0
4270,85166380,85166880,500,0,100.0,0.0
4271,85166880,85167380,500,0,100.0,0.0
4272,85167380,85167880,500,0,100.0,0.0
4273,85167880,85168380,500,0,100.0,0.0
4274,85168380,85168880,500,0,100.0,0.0
4275,85168880,85169380,500,0,100.0,0.0
4276,85169380,85169880,500,0,100.0,0.0
4277,85169880,85170380,500,0,100.0,0.0
4278,85170380,85170880,500,0,100.0,0.0
4279,85170880,85171380,500,0,100.0,0.0
4280,85171380,85171880,500,0,100.0,0.0
4281,85171880,85172380,500,0,100.0,0.0
4282,85172380,85172880,500,0,100.0,0.0
4283,85172880,85173380,500,0,100.0,0.0
4284,85173380,85173880,500,0,100.0,0.0
4285,85173880,85174380,500,0,100.0,0.0
4286,85174380,85174880,500,0,100.0,0.0
4287,85174880,85175380,500,0,100.0,0.0
4288,85175380,85175880,188,312,37.6,62.4
4289,85175880,85176380,6,494,1.2,98.8
4290,85176380,85176880,52,448,10.4,89.6
4291,85176880,85177380,263,237,52.6,47.4
4292,85177380,85177880,500,0,100.0,0.0
4293,85177880,85178380,500,0,100.0,0.0
4294,85178380,85178880,500,0,100.0,0.0
4295,85178880,85179380,500,0,100.0,0.0
4296,85179380,85179880,500,0,100.0,0.0
4297,85179880,85180380,500,0,100.0,0.0
4298,85180380,85180880,500,0,100.0,0.0
4299,85180880,85181380,500,0,100.0,0.0
4300,85181380,85181880,500,0,100.0,0.0
4301,85181880,85182380,500,0,100.0,0.0
4302,85182380,85182880,500,0,100.0,0.0
4303,85182880,85183380,500,0,100.0,0.0
4304,85183380,85183880,500,0,100.0,0.0
4305,85183880,85184380,500,0,100.0,0.0
4306,85184380,85184880,500,0,100.0,0.0
4307,85184880,85185380,500,0,100.0,0.0
4308,85185380,85185880,500,0,100.0,0.0
4309,85185880,85186380,500,0,100.0,0.0
4310,85186380,85186880,500,0,100.0,0.0
4311,85186880,85187380,500,0,100.0,0.0
4312,85187380,85187880,500,0,100.0,0.0
4313,85187880,85188380,500,0,100.0,0.0
4314,85188380,85188880,500,0,100.0,0.0
4315,85188880,85189380,500,0,100.0,0.0
4316,85189380,85189880,500,0,100.0,0.0
4317,85189880,85190380,295,205,59.0,41.0
4318,85190380,85190880,9,491,1.7999999999999998,98.2
4319,85190880,85191380,46,454,9.2,90.8
4320,85191380,85191880,373,127,74.6,25.400000000000006
4321,85191880,85192380,500,0,100.0,0.0
4322,85192380,85192880,500,0,100.0,0.0
4323,85192880,85193380,500,0,100.0,0.0
4324,85193380,85193880,500,0,100.0,0.0
4325,85193880,85194380,500,0,100.0,0.0
4326,85194380,85194880,500,0,100.0,0.0
4327,85194880,85195380,500,0,100.0,0.0
4328,85195380,85195880,500,0,100.0,0.0
4329,85195880,85196380,500,0,100.0,0.0
4330,85196380,85196880,500,0,100.0,0.0
4331,85196880,85197380,500,0,100.0,0.0
4332,85197380,85197880,500,0,100.0,0.0
4333,85197880,85198380,500,0,100.0,0.0
4334,85198380,85198880,500,0,100.0,0.0
4335,85198880,85199380,500,0,100.0,0.0
4336,85199380,85199880,500,0,100.0,0.0
4337,85199880,85200380,500,0,100.0,0.0
4338,85200380,85200880,500,0,100.0,0.0
4339,85200880,85201380,500,0,100.0,0.0
4340,85201380,85201880,500,0,100.0,0.0
4341,85201880,85202380,500,0,100.0,0.0
4342,85202380,85202880,500,0,100.0,0.0
4343,85202880,85203380,500,0,100.0,0.0
4344,85203380,85203880,500,0,100.0,0.0
4345,85203880,85204380,500,0,100.0,0.0
4346,85204380,85204880,219,281,43.8,56.2
4347,85204880,85205380,6,494,1.2,98.8
4348,85205380,85205880,55,445,11.0,89.0
4349,85205880,85206380,316,184,63.2,36.8
4350,85206380,85206880,500,0,100.0,0.0
4351,85206880,85207380,500,0,100.0,0.0
4352,85207380,85207880,500,0,100.0,0.0
4353,85207880,85208380,500,0,100.0,0.0
4354,85208380,85208880,500,0,100.0,0.0
4355,85208880,85209380,500,0,100.0,0.0
4356,85209380,85209880,500,0,100.0,0.0
4357,85209880,85210380,500,0,100.0,0.0
4358,85210380,85210880,500,0,100.0,0.0
4359,85210880,85211380,500,0,100.0,0.0
4360,85211380,85211880,500,0,100.0,0.0
4361,85211880,85212380,500,0,100.0,0.0
4362,85212380,85212880,500,0,100.0,0.0
4363,85212880,85213380,500,0,100.0,0.0
4364,85213380,85213880,500,0,100.0,0.0
4365,85213880,85214380,500,0,100.0,0.0
4366,85214380,85214880,500,0,100.0,0.0
4367,85214880,85215380,500,0,100.0,0.0
4368,85215380,85215880,500,0,100.0,0.0
4369,85215880,85216380,500,0,100.0,0.0
4370,85216380,85216880,500,0,100.0,0.0
4371,85216880,85217380,500,0,100.0,0.0
4372,85217380,85217880,500,0,100.0,0.0
4373,85217880,85218380,500,0,100.0,0.0
4374,85218380,85218880,500,0,100.0,0.0
4375,85218880,85219380,256,244,51.2,48.8
4376,85219380,85219880,21,479,4.2,95.8
4377,85219880,85220380,45,455,9.0,91.0
4378,85220380,85220880,407,93,81.39999999999999,18.60000000000001
4379,85220880,85221380,500,0,100.0,0.0
4380,85221380,85221880,500,0,100.0,0.0
4381,85221880,85222380,500,0,100.0,0.0
4382,85222380,85222880,500,0,100.0,0.0
4383,85222880,85223380,500,0,100.0,0.0
4384,85223380,85223880,500,0,100.0,0.0
4385,85223880,85224380,500,0,100.0,0.0
4386,85224380,85224880,500,0,100.0,0.0
4387,85224880,85225380,500,0,100.0,0.0
4388,85225380,85225880,500,0,100.0,0.0
4389,85225880,85226380,500,0,100.0,0.0
4390,85226380,85226880,500,0,100.0,0.0
4391,85226880,85227380,500,0,100.0,0.0
4392,85227380,85227880,500,0,100.0,0.0
4393,85227880,85228380,500,0,100.0,0.0
4394,85228380,85228880,500,0,100.0,0.0
4395,85228880,85229380,500,0,100.0,0.0
4396,85229380,85229880,500,0,100.0,0.0
4397,85229880,85230380,500,0,100.0,0.0
4398,85230380,85230880,500,0,100.0,0.0
4399,85230880,85231380,500,0,100.0,0.0
4400,85231380,85231880,500,0,100.0,0.0
4401,85231880,85232380,500,0,100.0,0.0
4402,85232380,85232880,500,0,100.0,0.0
4403,85232880,85233380,372,128,74.4,25.599999999999994
4404,85233380,85233880,9,491,1.7999999999999998,98.2
4405,85233880,85234380,52,448,10.4,89.6
4406,85234380,85234880,267,233,53.400000000000006,46.599999999999994
4407,85234880,85235380,500,0,100.0,0.0
4408,85235380,85235880,500,0,100.0,0.0
4409,85235880,85236380,500,0,100.0,0.0
4410,85236380,85236880,500,0,100.0,0.0
4411,85236880,85237380,500,0,100.0,0.0
4412,85237380,85237880,500,0,100.0,0.0
4413,85237880,85238380,500,0,100.0,0.0
4414,85238380,85238880,500,0,100.0,0.0
4415,85238880,85239380,500,0,100.0,0.0
4416,85239380,85239880,500,0,100.0,0.0
4417,85239880,85240380,500,0,100.0,0.0
4418,85240380,85240880,500,0,100.0,0.0
4419,85240880,85241380,500,0,100.0,0.0
4420,85241380,85241880,500,0,100.0,0.0
4421,85241880,85242380,500,0,100.0,0.0
4422,85242380,85242880,500,0,100.0,0.0
4423,85242880,85243380,500,0,100.0,0.0
4424,85243380,85243880,500,0,100.0,0.0
4425,85243880,85244380,500,0,100.0,0.0
4426,85244380,85244880,500,0,100.0,0.0
4427,85244880,85245380,500,0,100.0,0.0
4428,85245380,85245880,500,0,100.0,0.0
4429,85245880,85246380,500,0,100.0,0.0
4430,85246380,85246880,500,0,100.0,0.0
4431,85246880,85247380,496,4,99.2,0.7999999999999972
4432,85247380,85247880,8,492,1.6,98.4
4433,85247880,85248380,54,446,10.8,89.2
4434,85248380,85248880,137,363,27.400000000000002,72.6
4435,85248880,85249380,500,0,100.0,0.0
4436,85249380,85249880,500,0,100.0,0.0
4437,85249880,85250380,500,0,100.0,0.0
4438,85250380,85250880,500,0,100.0,0.0
4439,85250880,85251380,500,0,100.0,0.0
4440,85251380,85251880,500,0,100.0,0.0
4441,85251880,85252380,500,0,100.0,0.0
4442,85252380,85252880,500,0,100.0,0.0
4443,85252880,85253380,500,0,100.0,0.0
4444,85253380,85253880,500,0,100.0,0.0
4445,85253880,85254380,500,0,100.0,0.0
4446,85254380,85254880,500,0,100.0,0.0
4447,85254880,85255380,500,0,100.0,0.0
4448,85255380,85255880,500,0,100.0,0.0
4449,85255880,85256380,500,0,100.0,0.0
4450,85256380,85256880,500,0,100.0,0.0
4451,85256880,85257380,500,0,100.0,0.0
4452,85257380,85257880,500,0,100.0,0.0
4453,85257880,85258380,500,0,100.0,0.0
4454,85258380,85258880,500,0,100.0,0.0
4455,85258880,85259380,500,0,100.0,0.0
4456,85259380,85259880,500,0,100.0,0.0
4457,85259880,85260380,500,0,100.0,0.0
4458,85260380,85260880,500,0,100.0,0.0
4459,85260880,85261380,500,0,100.0,0.0
4460,85261380,85261880,384,116,76.8,23.200000000000003
4461,85261880,85262380,8,492,1.6,98.4
4462,85262380,85262880,78,422,15.6,84.4
4463,85262880,85263380,183,317,36.6,63.4
4464,85263380,85263880,500,0,100.0,0.0
4465,85263880,85264380,500,0,100.0,0.0
4466,85264380,85264880,500,0,100.0,0.0
4467,85264880,85265380,500,0,100.0,0.0
4468,85265380,85265880,500,0,100.0,0.0
4469,85265880,85266380,500,0,100.0,0.0
4470,85266380,85266880,500,0,100.0,0.0
4471,85266880,85267380,500,0,100.0,0.0
4472,85267380,85267880,500,0,100.0,0.0
4473,85267880,85268380,500,0,100.0,0.0
4474,85268380,85268880,500,0,100.0,0.0
4475,85268880,85269380,500,0,100.0,0.0
4476,85269380,85269880,500,0,100.0,0.0
4477,85269880,85270380,500,0,100.0,0.0
4478,85270380,85270880,500,0,100.0,0.0
4479,85270880,85271380,500,0,100.0,0.0
4480,85271380,85271880,500,0,100.0,0.0
4481,85271880,85272380,500,0,100.0,0.0
4482,85272380,85272880,500,0,100.0,0.0
4483,85272880,85273380,500,0,100.0,0.0
4484,85273380,85273880,500,0,100.0,0.0
4485,85273880,85274380,500,0,100.0,0.0
4486,85274380,85274880,500,0,100.0,0.0
4487,85274880,85275380,500,0,100.0,0.0
4488,85275380,85275880,500,0,100.0,0.0
4489,85275880,85276380,106,394,21.2,78.8
4490,85276380,85276880,51,449,10.2,89.8
4491,85276880,85277380,6,494,1.2,98.8
4492,85277380,85277880,469,31,93.8,6.200000000000003
4493,85277880,85278380,500,0,100.0,0.0
4494,85278380,85278880,500,0,100.0,0.0
4495,85278880,85279380,500,0,100.0,0.0
4496,85279380,85279880,500,0,100.0,0.0
4497,85279880,85280380,500,0,100.0,0.0
4498,85280380,85280880,500,0,100.0,0.0
4499,85280880,85281380,500,0,100.0,0.0
4500,85281380,85281880,500,0,100.0,0.0
4501,85281880,85282380,500,0,100.0,0.0
4502,85282380,85282880,500,0,100.0,0.0
4503,85282880,85283380,500,0,100.0,0.0
4504,85283380,85283880,500,0,100.0,0.0
4505,85283880,85284380,500,0,100.0,0.0
4506,85284380,85284880,500,0,100.0,0.0
4507,85284880,85285380,500,0,100.0,0.0
4508,85285380,85285880,500,0,100.0,0.0
4509,85285880,85286380,500,0,100.0,0.0
4510,85286380,85286880,500,0,100.0,0.0
4511,85286880,85287380,500,0,100.0,0.0
4512,85287380,85287880,500,0,100.0,0.0
4513,85287880,85288380,500,0,100.0,0.0
4514,85288380,85288880,500,0,100.0,0.0
4515,85288880,85289380,500,0,100.0,0.0
4516,85289380,85289880,500,0,100.0,0.0
4517,85289880,85290380,500,0,100.0,0.0
4518,85290380,85290880,93,407,18.6,81.4
4519,85290880,85291380,51,449,10.2,89.8
4520,85291380,85291880,99,401,19.8,80.2
4521,85291880,85292380,500,0,100.0,0.0
4522,85292380,85292880,500,0,100.0,0.0
4523,85292880,85293380,500,0,100.0,0.0
4524,85293380,85293880,500,0,100.0,0.0
4525,85293880,85294380,500,0,100.0,0.0
4526,85294380,85294880,500,0,100.0,0.0
4527,85294880,85295380,500,0,100.0,0.0
4528,85295380,85295880,500,0,100.0,0.0
4529,85295880,85296380,500,0,100.0,0.0
4530,85296380,85296880,500,0,100.0,0.0
4531,85296880,85297380,500,0,100.0,0.0
4532,85297380,85297880,500,0,100.0,0.0
4533,85297880,85298380,500,0,100.0,0.0
4534,85298380,85298880,500,0,100.0,0.0
4535,85298880,85299380,500,0,100.0,0.0
4536,85299380,85299880,500,0,100.0,0.0
4537,85299880,85300380,500,0,100.0,0.0
4538,85300380,85300880,500,0,100.0,0.0
4539,85300880,85301380,500,0,100.0,0.0
4540,85301380,85301880,500,0,100.0,0.0
4541,85301880,85302380,500,0,100.0,0.0
4542,85302380,85302880,500,0,100.0,0.0
4543,85302880,85303380,500,0,100.0,0.0
4544,85303380,85303880,500,0,100.0,0.0
4545,85303880,85304380,500,0,100.0,0.0
4546,85304380,85304880,500,0,100.0,0.0
4547,85304880,85305380,23,477,4.6,95.4
4548,85305380,85305880,52,448,10.4,89.6
4549,85305880,85306380,74,426,14.799999999999999,85.2
4550,85306380,85306880,500,0,100.0,0.0
4551,85306880,85307380,500,0,100.0,0.0
4552,85307380,85307880,500,0,100.0,0.0
4553,85307880,85308380,500,0,100.0,0.0
4554,85308380,85308880,500,0,100.0,0.0
4555,85308880,85309380,500,0,100.0,0.0
4556,85309380,85309880,500,0,100.0,0.0
4557,85309880,85310380,500,0,100.0,0.0
4558,85310380,85310880,500,0,100.0,0.0
4559,85310880,85311380,500,0,100.0,0.0
4560,85311380,85311880,500,0,100.0,0.0
4561,85311880,85312380,500,0,100.0,0.0
4562,85312380,85312880,500,0,100.0,0.0
4563,85312880,85313380,500,0,100.0,0.0
4564,85313380,85313880,500,0,100.0,0.0
4565,85313880,85314380,500,0,100.0,0.0
4566,85314380,85314880,500,0,100.0,0.0
4567,85314880,85315380,500,0,100.0,0.0
4568,85315380,85315880,500,0,100.0,0.0
4569,85315880,85316380,500,0,100.0,0.0
4570,85316380,85316880,500,0,100.0,0.0
4571,85316880,85317380,500,0,100.0,0.0
4572,85317380,85317880,500,0,100.0,0.0
4573,85317880,85318380,500,0,100.0,0.0
4574,85318380,85318880,500,0,100.0,0.0
4575,85318880,85319380,500,0,100.0,0.0
4576,85319380,85319880,131,369,26.200000000000003,73.8
4577,85319880,85320380,55,445,11.0,89.0
4578,85320380,85320880,68,432,13.600000000000001,86.4
4579,85320880,85321380,500,0,100.0,0.0
4580,85321380,85321880,500,0,100.0,0.0
4581,85321880,85322380,500,0,100.0,0.0
4582,85322380,85322880,500,0,100.0,0.0
4583,85322880,85323380,500,0,100.0,0.0
4584,85323380,85323880,500,0,100.0,0.0
4585,85323880,85324380,500,0,100.0,0.0
4586,85324380,85324880,500,0,100.0,0.0
4587,85324880,85325380,500,0,100.0,0.0
4588,85325380,85325880,500,0,100.0,0.0
4589,85325880,85326380,500,0,100.0,0.0
4590,85326380,85326880,500,0,100.0,0.0
4591,85326880,85327380,500,0,100.0,0.0
4592,85327380,85327880,500,0,100.0,0.0
4593,85327880,85328380,500,0,100.0,0.0
4594,85328380,85328880,500,0,100.0,0.0
4595,85328880,85329380,500,0,100.0,0.0
4596,85329380,85329880,500,0,100.0,0.0
4597,85329880,85330380,500,0,100.0,0.0
4598,85330380,85330880,500,0,100.0,0.0
4599,85330880,85331380,500,0,100.0,0.0
4600,85331380,85331880,500,0,100.0,0.0
4601,85331880,85332380,500,0,100.0,0.0
4602,85332380,85332880,500,0,100.0,0.0
4603,85332880,85333380,500,0,100.0,0.0
4604,85333380,85333880,117,383,23.400000000000002,76.6
4605,85333880,85334380,51,449,10.2,89.8
4606,85334380,85334880,57,443,11.4,88.6
4607,85334880,85335380,500,0,100.0,0.0
4608,85335380,85335880,500,0,100.0,0.0
4609,85335880,85336380,500,0,100.0,0.0
4610,85336380,85336880,500,0,100.0,0.0
4611,85336880,85337380,500,0,100.0,0.0
4612,85337380,85337880,500,0,100.0,0.0
4613,85337880,85338380,500,0,100.0,0.0
4614,85338380,85338880,500,0,100.0,0.0
4615,85338880,85339380,500,0,100.0,0.0
4616,85339380,85339880,500,0,100.0,0.0
4617,85339880,85340380,500,0,100.0,0.0
4618,85340380,85340880,500,0,100.0,0.0
4619,85340880,85341380,500,0,100.0,0.0
4620,85341380,85341880,500,0,100.0,0.0
4621,85341880,85342380,500,0,100.0,0.0
4622,85342380,85342880,500,0,100.0,0.0
4623,85342880,85343380,500,0,100.0,0.0
4624,85343380,85343880,500,0,100.0,0.0
4625,85343880,85344380,500,0,100.0,0.0
4626,85344380,85344880,500,0,100.0,0.0
4627,85344880,85345380,500,0,100.0,0.0
4628,85345380,85345880,500,0,100.0,0.0
4629,85345880,85346380,500,0,100.0,0.0
4630,85346380,85346880,500,0,100.0,0.0
4631,85346880,85347380,500,0,100.0,0.0
4632,85347380,85347880,500,0,100.0,0.0
4633,85347880,85348380,472,28,94.39999999999999,5.6000000000000085
4634,85348380,85348880,7,493,1.4000000000000001,98.6
4635,85348880,85349380,59,441,11.799999999999999,88.2
4636,85349380,85349880,186,314,37.2,62.8
4637,85349880,85350380,500,0,100.0,0.0
4638,85350380,85350880,500,0,100.0,0.0
4639,85350880,85351380,500,0,100.0,0.0
4640,85351380,85351880,500,0,100.0,0.0
4641,85351880,85352380,500,0,100.0,0.0
4642,85352380,85352880,500,0,100.0,0.0
4643,85352880,85353380,500,0,100.0,0.0
4644,85353380,85353880,500,0,100.0,0.0
4645,85353880,85354380,500,0,100.0,0.0
4646,85354380,85354880,500,0,100.0,0.0
4647,85354880,85355380,500,0,100.0,0.0
4648,85355380,85355880,500,0,100.0,0.0
4649,85355880,85356380,500,0,100.0,0.0
4650,85356380,85356880,500,0,100.0,0.0
4651,85356880,85357380,500,0,100.0,0.0
4652,85357380,85357880,500,0,100.0,0.0
4653,85357880,85358380,500,0,100.0,0.0
4654,85358380,85358880,500,0,100.0,0.0
4655,85358880,85359380,500,0,100.0,0.0
4656,85359380,85359880,500,0,100.0,0.0
4657,85359880,85360380,500,0,100.0,0.0
4658,85360380,85360880,500,0,100.0,0.0
4659,85360880,85361380,500,0,100.0,0.0
4660,85361380,85361880,500,0,100.0,0.0
4661,85361880,85362380,500,0,100.0,0.0
4662,85362380,85362880,500,0,100.0,0.0
4663,85362880,85363380,500,0,100.0,0.0
4664,85363380,85363880,500,0,100.0,0.0
4665,85363880,85364380,500,0,100.0,0.0
4666,85364380,85364880,440,60,88.0,12.0
4667,85364880,85365380,8,492,1.6,98.4
4668,85365380,85365880,61,439,12.2,87.8
4669,85365880,85366380,150,350,30.0,70.0
4670,85366380,85366880,500,0,100.0,0.0
4671,85366880,85367380,500,0,100.0,0.0
4672,85367380,85367880,500,0,100.0,0.0
4673,85367880,85368380,500,0,100.0,0.0
4674,85368380,85368880,500,0,100.0,0.0
4675,85368880,85369380,500,0,100.0,0.0
4676,85369380,85369880,500,0,100.0,0.0
4677,85369880,85370380,500,0,100.0,0.0
4678,85370380,85370880,500,0,100.0,0.0
4679,85370880,85371380,500,0,100.0,0.0
4680,85371380,85371880,500,0,100.0,0.0
4681,85371880,85372380,500,0,100.0,0.0
4682,85372380,85372880,500,0,100.0,0.0
4683,85372880,85373380,500,0,100.0,0.0
4684,85373380,85373880,500,0,100.0,0.0
4685,85373880,85374380,500,0,100.0,0.0
4686,85374380,85374880,500,0,100.0,0.0
4687,85374880,85375380,500,0,100.0,0.0
4688,85375380,85375880,500,0,100.0,0.0
4689,85375880,85376380,500,0,100.0,0.0
4690,85376380,85376880,500,0,100.0,0.0
4691,85376880,85377380,500,0,100.0,0.0
4692,85377380,85377880,500,0,100.0,0.0
4693,85377880,85378380,500,0,100.0,0.0
4694,85378380,85378880,500,0,100.0,0.0
4695,85378880,85379380,500,0,100.0,0.0
4696,85379380,85379880,500,0,100.0,0.0
4697,85379880,85380380,500,0,100.0,0.0
4698,85380380,85380880,500,0,100.0,0.0
4699,85380880,85381380,500,0,100.0,0.0
4700,85381380,85381880,87,413,17.4,82.6
4701,85381880,85382380,66,434,13.200000000000001,86.8
4702,85382380,85382880,26,474,5.2,94.8
4703,85382880,85383380,500,0,100.0,0.0
4704,85383380,85383880,500,0,100.0,0.0
4705,85383880,85384380,500,0,100.0,0.0
4706,85384380,85384880,500,0,100.0,0.0
4707,85384880,85385380,500,0,100.0,0.0
4708,85385380,85385880,500,0,100.0,0.0
4709,85385880,85386380,500,0,100.0,0.0
4710,85386380,85386880,500,0,100.0,0.0
4711,85386880,85387380,500,0,100.0,0.0
4712,85387380,85387880,500,0,100.0,0.0
4713,85387880,85388380,500,0,100.0,0.0
4714,85388380,85388880,500,0,100.0,0.0
4715,85388880,85389380,500,0,100.0,0.0
4716,85389380,85389880,500,0,100.0,0.0
4717,85389880,85390380,500,0,100.0,0.0
4718,85390380,85390880,500,0,100.0,0.0
4719,85390880,85391380,500,0,100.0,0.0
4720,85391380,85391880,500,0,100.0,0.0
4721,85391880,85392380,500,0,100.0,0.0
4722,85392380,85392880,500,0,100.0,0.0
4723,85392880,85393380,500,0,100.0,0.0
4724,85393380,85393880,500,0,100.0,0.0
4725,85393880,85394380,500,0,100.0,0.0
4726,85394380,85394880,500,0,100.0,0.0
4727,85394880,85395380,500,0,100.0,0.0
4728,85395380,85395880,500,0,100.0,0.0
4729,85395880,85396380,500,0,100.0,0.0
4730,85396380,85396880,500,0,100.0,0.0
4731,85396880,85397380,420,80,84.0,16.0
4732,85397380,85397880,9,491,1.7999999999999998,98.2
4733,85397880,85398380,71,429,14.2,85.8
4734,85398380,85398880,143,357,28.599999999999998,71.4
4735,85398880,85399380,500,0,100.0,0.0
4736,85399380,85399880,500,0,100.0,0.0
4737,85399880,85400380,500,0,100.0,0.0
4738,85400380,85400880,500,0,100.0,0.0
4739,85400880,85401380,500,0,100.0,0.0
4740,85401380,85401880,500,0,100.0,0.0
4741,85401880,85402380,500,0,100.0,0.0
4742,85402380,85402880,500,0,100.0,0.0
4743,85402880,85403380,500,0,100.0,0.0
4744,85403380,85403880,500,0,100.0,0.0
4745,85403880,85404380,500,0,100.0,0.0
4746,85404380,85404880,500,0,100.0,0.0
4747,85404880,85405380,500,0,100.0,0.0
4748,85405380,85405880,500,0,100.0,0.0
4749,85405880,85406380,500,0,100.0,0.0
4750,85406380,85406880,500,0,100.0,0.0
4751,85406880,85407380,500,0,100.0,0.0
4752,85407380,85407880,500,0,100.0,0.0
4753,85407880,85408380,500,0,100.0,0.0
4754,85408380,85408880,500,0,100.0,0.0
4755,85408880,85409380,500,0,100.0,0.0
4756,85409380,85409880,500,0,100.0,0.0
4757,85409880,85410380,500,0,100.0,0.0
4758,85410380,85410880,500,0,100.0,0.0
4759,85410880,85411380,500,0,100.0,0.0
4760,85411380,85411880,500,0,100.0,0.0
4761,85411880,85412380,500,0,100.0,0.0
4762,85412380,85412880,105,395,21.0,79.0
4763,85412880,85413380,62,438,12.4,87.6
4764,85413380,85413880,37,463,7.3999999999999995,92.6
4765,85413880,85414380,500,0,100.0,0.0
4766,85414380,85414880,500,0,100.0,0.0
4767,85414880,85415380,500,0,100.0,0.0
4768,85415380,85415880,500,0,100.0,0.0
4769,85415880,85416380,500,0,100.0,0.0
4770,85416380,85416880,500,0,100.0,0.0
4771,85416880,85417380,500,0,100.0,0.0
4772,85417380,85417880,500,0,100.0,0.0
4773,85417880,85418380,500,0,100.0,0.0
4774,85418380,85418880,500,0,100.0,0.0
4775,85418880,85419380,500,0,100.0,0.0
4776,85419380,85419880,500,0,100.0,0.0
4777,85419880,85420380,500,0,100.0,0.0
4778,85420380,85420880,500,0,100.0,0.0
4779,85420880,85421380,500,0,100.0,0.0
4780,85421380,85421880,500,0,100.0,0.0
4781,85421880,85422380,500,0,100.0,0.0
4782,85422380,85422880,500,0,100.0,0.0
4783,85422880,85423380,500,0,100.0,0.0
4784,85423380,85423880,500,0,100.0,0.0
4785,85423880,85424380,500,0,100.0,0.0
4786,85424380,85424880,500,0,100.0,0.0
4787,85424880,85425380,500,0,100.0,0.0
4788,85425380,85425880,500,0,100.0,0.0
4789,85425880,85426380,500,0,100.0,0.0
4790,85426380,85426880,500,0,100.0,0.0
4791,85426880,85427380,129,371,25.8,74.2
4792,85427380,85427880,58,442,11.600000000000001,88.4
4793,85427880,85428380,13,487,2.6,97.4
4794,85428380,85428880,390,110,78.0,22.0
4795,85428880,85429380,500,0,100.0,0.0
4796,85429380,85429880,500,0,100.0,0.0
4797,85429880,85430380,500,0,100.0,0.0
4798,85430380,85430880,500,0,100.0,0.0
4799,85430880,85431380,500,0,100.0,0.0
4800,85431380,85431880,500,0,100.0,0.0
4801,85431880,85432380,500,0,100.0,0.0
4802,85432380,85432880,500,0,100.0,0.0
4803,85432880,85433380,500,0,100.0,0.0
4804,85433380,85433880,500,0,100.0,0.0
4805,85433880,85434380,500,0,100.0,0.0
4806,85434380,85434880,500,0,100.0,0.0
4807,85434880,85435380,500,0,100.0,0.0
4808,85435380,85435880,500,0,100.0,0.0
4809,85435880,85436380,500,0,100.0,0.0
4810,85436380,85436880,500,0,100.0,0.0
4811,85436880,85437380,500,0,100.0,0.0
4812,85437380,85437880,500,0,100.0,0.0
4813,85437880,85438380,500,0,100.0,0.0
4814,85438380,85438880,500,0,100.0,0.0
4815,85438880,85439380,500,0,100.0,0.0
4816,85439380,85439880,500,0,100.0,0.0
4817,85439880,85440380,500,0,100.0,0.0
4818,85440380,85440880,500,0,100.0,0.0
4819,85440880,85441380,500,0,100.0,0.0
4820,85441380,85441880,500,0,100.0,0.0
4821,85441880,85442380,500,0,100.0,0.0
4822,85442380,85442880,499,1,99.8,0.20000000000000284
4823,85442880,85443380,6,494,1.2,98.8
4824,85443380,85443880,5,495,1.0,99.0
4825,85443880,85444380,78,422,15.6,84.4
4826,85444380,85444880,291,209,58.199999999999996,41.800000000000004
4827,85444880,85445380,500,0,100.0,0.0
4828,85445380,85445880,500,0,100.0,0.0
4829,85445880,85446380,500,0,100.0,0.0
4830,85446380,85446880,500,0,100.0,0.0
4831,85446880,85447380,500,0,100.0,0.0
4832,85447380,85447880,500,0,100.0,0.0
4833,85447880,85448380,500,0,100.0,0.0
4834,85448380,85448880,500,0,100.0,0.0
4835,85448880,85449380,500,0,100.0,0.0
4836,85449380,85449880,500,0,100.0,0.0
4837,85449880,85450380,500,0,100.0,0.0
4838,85450380,85450880,500,0,100.0,0.0
4839,85450880,85451380,500,0,100.0,0.0
4840,85451380,85451880,500,0,100.0,0.0
4841,85451880,85452380,500,0,100.0,0.0
4842,85452380,85452880,500,0,100.0,0.0
4843,85452880,85453380,500,0,100.0,0.0
4844,85453380,85453880,500,0,100.0,0.0
4845,85453880,85454380,500,0,100.0,0.0
4846,85454380,85454880,500,0,100.0,0.0
4847,85454880,85455380,500,0,100.0,0.0
4848,85455380,85455880,500,0,100.0,0.0
4849,85455880,85456380,500,0,100.0,0.0
4850,85456380,85456880,500,0,100.0,0.0
4851,85456880,85457380,500,0,100.0,0.0
4852,85457380,85457880,500,0,100.0,0.0
4853,85457880,85458380,500,0,100.0,0.0
4854,85458380,85458880,500,0,100.0,0.0
4855,85458880,85459380,500,0,100.0,0.0
4856,85459380,85459880,500,0,100.0,0.0
4857,85459880,85460380,500,0,100.0,0.0
4858,85460380,85460880,500,0,100.0,0.0
4859,85460880,85461380,500,0,100.0,0.0
4860,85461380,85461880,500,0,100.0,0.0
4861,85461880,85462380,500,0,100.0,0.0
4862,85462380,85462880,500,0,100.0,0.0
4863,85462880,85463380,500,0,100.0,0.0
4864,85463380,85463880,500,0,100.0,0.0
4865,85463880,85464380,500,0,100.0,0.0
4866,85464380,85464880,500,0,100.0,0.0
4867,85464880,85465380,500,0,100.0,0.0
4868,85465380,85465880,500,0,100.0,0.0
4869,85465880,85466380,500,0,100.0,0.0
4870,85466380,85466880,500,0,100.0,0.0
4871,85466880,85467380,500,0,100.0,0.0
4872,85467380,85467880,500,0,100.0,0.0
4873,85467880,85468380,500,0,100.0,0.0
4874,85468380,85468880,500,0,100.0,0.0
4875,85468880,85469380,500,0,100.0,0.0
4876,85469380,85469880,500,0,100.0,0.0
4877,85469880,85470380,500,0,100.0,0.0
4878,85470380,85470880,500,0,100.0,0.0
4879,85470880,85471380,500,0,100.0,0.0
4880,85471380,85471880,500,0,100.0,0.0
4881,85471880,85472380,500,0,100.0,0.0
4882,85472380,85472880,500,0,100.0,0.0
4883,85472880,85473380,500,0,100.0,0.0
4884,85473380,85473880,500,0,100.0,0.0
4885,85473880,85474380,500,0,100.0,0.0
4886,85474380,85474880,500,0,100.0,0.0
4887,85474880,85475380,500,0,100.0,0.0
4888,85475380,85475880,500,0,100.0,0.0
4889,85475880,85476380,500,0,100.0,0.0
4890,85476380,85476880,500,0,100.0,0.0
4891,85476880,85477380,500,0,100.0,0.0
4892,85477380,85477880,500,0,100.0,0.0
4893,85477880,85478380,500,0,100.0,0.0
4894,85478380,85478880,500,0,100.0,0.0
4895,85478880,85479380,500,0,100.0,0.0
4896,85479380,85479880,500,0,100.0,0.0
4897,85479880,85480380,500,0,100.0,0.0
4898,85480380,85480880,500,0,100.0,0.0
4899,85480880,85481380,500,0,100.0,0.0
4900,85481380,85481880,500,0,100.0,0.0
4901,85481880,85482380,500,0,100.0,0.0
4902,85482380,85482880,500,0,100.0,0.0
4903,85482880,85483380,500,0,100.0,0.0
4904,85483380,85483880,500,0,100.0,0.0
4905,85483880,85484380,500,0,100.0,0.0
4906,85484380,85484880,442,58,88.4,11.599999999999994
4907,85484880,85485380,0,500,0.0,100.0
4908,85485380,85485880,9,491,1.7999999999999998,98.2
4909,85485880,85486380,0,500,0.0,100.0
4910,85486380,85486880,5,495,1.0,99.0
4911,85486880,85487380,2,498,0.4,99.6
4912,85487380,85487880,4,496,0.8,99.2
4913,85487880,85488380,0,500,0.0,100.0
4914,85488380,85488880,109,391,21.8,78.2
4915,85488880,85489380,57,443,11.4,88.6
4916,85489380,85489880,500,0,100.0,0.0
4917,85489880,85490380,500,0,100.0,0.0
4918,85490380,85490880,500,0,100.0,0.0
4919,85490880,85491380,500,0,100.0,0.0
4920,85491380,85491880,500,0,100.0,0.0
4921,85491880,85492380,500,0,100.0,0.0
4922,85492380,85492880,500,0,100.0,0.0
4923,85492880,85493380,500,0,100.0,0.0
4924,85493380,85493880,500,0,100.0,0.0
4925,85493880,85494380,500,0,100.0,0.0
4926,85494380,85494880,500,0,100.0,0.0
4927,85494880,85495380,500,0,100.0,0.0
4928,85495380,85495880,500,0,100.0,0.0
4929,85495880,85496380,500,0,100.0,0.0
4930,85496380,85496880,500,0,100.0,0.0
4931,85496880,85497380,500,0,100.0,0.0
4932,85497380,85497880,500,0,100.0,0.0
4933,85497880,85498380,500,0,100.0,0.0
4934,85498380,85498880,500,0,100.0,0.0
4935,85498880,85499380,500,0,100.0,0.0
4936,85499380,85499880,500,0,100.0,0.0
4937,85499880,85500380,500,0,100.0,0.0
4938,85500380,85500880,500,0,100.0,0.0
4939,85500880,85501380,500,0,100.0,0.0
4940,85501380,85501880,500,0,100.0,0.0
4941,85501880,85502380,500,0,100.0,0.0
4942,85502380,85502880,500,0,100.0,0.0
4943,85502880,85503380,500,0,100.0,0.0
4944,85503380,85503880,500,0,100.0,0.0
4945,85503880,85504380,500,0,100.0,0.0
4946,85504380,85504880,500,0,100.0,0.0
4947,85504880,85505380,500,0,100.0,0.0
4948,85505380,85505880,500,0,100.0,0.0
4949,85505880,85506380,500,0,100.0,0.0
4950,85506380,85506880,500,0,100.0,0.0
4951,85506880,85507380,500,0,100.0,0.0
4952,85507380,85507880,500,0,100.0,0.0
4953,85507880,85508380,500,0,100.0,0.0
4954,85508380,85508880,500,0,100.0,0.0
4955,85508880,85509380,500,0,100.0,0.0
4956,85509380,85509880,500,0,100.0,0.0
4957,85509880,85510380,500,0,100.0,0.0
4958,85510380,85510880,500,0,100.0,0.0
4959,85510880,85511380,500,0,100.0,0.0
4960,85511380,85511880,500,0,100.0,0.0
4961,85511880,85512380,500,0,100.0,0.0
4962,85512380,85512880,500,0,100.0,0.0
4963,85512880,85513380,500,0,100.0,0.0
4964,85513380,85513880,500,0,100.0,0.0
4965,85513880,85514380,500,0,100.0,0.0
4966,85514380,85514880,71,429,14.2,85.8
4967,85514880,85515380,6,494,1.2,98.8
4968,85515380,85515880,94,406,18.8,81.2
4969,85515880,85516380,38,462,7.6,92.4
4970,85516380,85516880,500,0,100.0,0.0
4971,85516880,85517380,500,0,100.0,0.0
4972,85517380,85517880,500,0,100.0,0.0
4973,85517880,85518380,500,0,100.0,0.0
4974,85518380,85518880,500,0,100.0,0.0
4975,85518880,85519380,500,0,100.0,0.0
4976,85519380,85519880,500,0,100.0,0.0
4977,85519880,85520380,500,0,100.0,0.0
4978,85520380,85520880,500,0,100.0,0.0
4979,85520880,85521380,500,0,100.0,0.0
4980,85521380,85521880,500,0,100.0,0.0
4981,85521880,85522380,500,0,100.0,0.0
4982,85522380,85522880,500,0,100.0,0.0
4983,85522880,85523380,500,0,100.0,0.0
4984,85523380,85523880,500,0,100.0,0.0
4985,85523880,85524380,500,0,100.0,0.0
4986,85524380,85524880,500,0,100.0,0.0
4987,85524880,85525380,500,0,100.0,0.0
4988,85525380,85525880,500,0,100.0,0.0
4989,85525880,85526380,500,0,100.0,0.0
4990,85526380,85526880,500,0,100.0,0.0
4991,85526880,85527380,500,0,100.0,0.0
4992,85527380,85527880,500,0,100.0,0.0
4993,85527880,85528380,500,0,100.0,0.0
4994,85528380,85528880,500,0,100.0,0.0
4995,85528880,85529380,500,0,100.0,0.0
4996,85529380,85529880,500,0,100.0,0.0
4997,85529880,85530380,500,0,100.0,0.0
4998,85530380,85530880,500,0,100.0,0.0
4999,85530880,85531380,500,0,100.0,0.0
5000,85531380,85531880,500,0,100.0,0.0
5001,85531880,85532380,500,0,100.0,0.0
5002,85532380,85532880,500,0,100.0,0.0
5003,85532880,85533380,500,0,100.0,0.0
5004,85533380,85533880,500,0,100.0,0.0
5005,85533880,85534380,500,0,100.0,0.0
5006,85534380,85534880,500,0,100.0,0.0
5007,85534880,85535380,500,0,100.0,0.0
5008,85535380,85535880,465,35,93.0,7.0
5009,85535880,85536380,8,492,1.6,98.4
5010,85536380,85536880,56,444,11.200000000000001,88.8
5011,85536880,85537380,22,478,4.3999999999999995,95.6
5012,85537380,85537880,333,167,66.60000000000001,33.39999999999999
5013,85537880,85538380,500,0,100.0,0.0
5014,85538380,85538880,500,0,100.0,0.0
5015,85538880,85539380,500,0,100.0,0.0
5016,85539380,85539880,500,0,100.0,0.0
5017,85539880,85540380,500,0,100.0,0.0
5018,85540380,85540880,500,0,100.0,0.0
5019,85540880,85541380,500,0,100.0,0.0
5020,85541380,85541880,500,0,100.0,0.0
5021,85541880,85542380,500,0,100.0,0.0
5022,85542380,85542880,500,0,100.0,0.0
5023,85542880,85543380,500,0,100.0,0.0
5024,85543380,85543880,500,0,100.0,0.0
5025,85543880,85544380,500,0,100.0,0.0
5026,85544380,85544880,500,0,100.0,0.0
5027,85544880,85545380,500,0,100.0,0.0
5028,85545380,85545880,500,0,100.0,0.0
5029,85545880,85546380,500,0,100.0,0.0
5030,85546380,85546880,500,0,100.0,0.0
5031,85546880,85547380,500,0,100.0,0.0
5032,85547380,85547880,500,0,100.0,0.0
5033,85547880,85548380,500,0,100.0,0.0
5034,85548380,85548880,500,0,100.0,0.0
5035,85548880,85549380,500,0,100.0,0.0
5036,85549380,85549880,500,0,100.0,0.0
5037,85549880,85550380,500,0,100.0,0.0
5038,85550380,85550880,500,0,100.0,0.0
5039,85550880,85551380,500,0,100.0,0.0
5040,85551380,85551880,500,0,100.0,0.0
5041,85551880,85552380,500,0,100.0,0.0
5042,85552380,85552880,500,0,100.0,0.0
5043,85552880,85553380,500,0,100.0,0.0
5044,85553380,85553880,500,0,100.0,0.0
5045,85553880,85554380,500,0,100.0,0.0
5046,85554380,85554880,500,0,100.0,0.0
5047,85554880,85555380,500,0,100.0,0.0
5048,85555380,85555880,209,291,41.8,58.2
5049,85555880,85556380,7,493,1.4000000000000001,98.6
5050,85556380,85556880,72,428,14.399999999999999,85.6
5051,85556880,85557380,3,497,0.6,99.4
5052,85557380,85557880,318,182,63.6,36.4
5053,85557880,85558380,500,0,100.0,0.0
5054,85558380,85558880,500,0,100.0,0.0
5055,85558880,85559380,500,0,100.0,0.0
5056,85559380,85559880,500,0,100.0,0.0
5057,85559880,85560380,500,0,100.0,0.0
5058,85560380,85560880,500,0,100.0,0.0
5059,85560880,85561380,500,0,100.0,0.0
5060,85561380,85561880,500,0,100.0,0.0
5061,85561880,85562380,500,0,100.0,0.0
5062,85562380,85562880,500,0,100.0,0.0
5063,85562880,85563380,500,0,100.0,0.0
5064,85563380,85563880,500,0,100.0,0.0
5065,85563880,85564380,500,0,100.0,0.0
5066,85564380,85564880,500,0,100.0,0.0
5067,85564880,85565380,500,0,100.0,0.0
5068,85565380,85565880,500,0,100.0,0.0
5069,85565880,85566380,500,0,100.0,0.0
5070,85566380,85566880,500,0,100.0,0.0
5071,85566880,85567380,500,0,100.0,0.0
5072,85567380,85567880,500,0,100.0,0.0
5073,85567880,85568380,500,0,100.0,0.0
5074,85568380,85568880,500,0,100.0,0.0
5075,85568880,85569380,500,0,100.0,0.0
5076,85569380,85569880,500,0,100.0,0.0
5077,85569880,85570380,500,0,100.0,0.0
5078,85570380,85570880,500,0,100.0,0.0
5079,85570880,85571380,500,0,100.0,0.0
5080,85571380,85571880,500,0,100.0,0.0
5081,85571880,85572380,500,0,100.0,0.0
5082,85572380,85572880,500,0,100.0,0.0
5083,85572880,85573380,500,0,100.0,0.0
5084,85573380,85573880,500,0,100.0,0.0
5085,85573880,85574380,500,0,100.0,0.0
5086,85574380,85574880,292,208,58.4,41.6
5087,85574880,85575380,7,493,1.4000000000000001,98.6
5088,85575380,85575880,76,424,15.2,84.8
5089,85575880,85576380,3,497,0.6,99.4
5090,85576380,85576880,314,186,62.8,37.2
5091,85576880,85577380,500,0,100.0,0.0
5092,85577380,85577880,500,0,100.0,0.0
5093,85577880,85578380,500,0,100.0,0.0
5094,85578380,85578880,500,0,100.0,0.0
5095,85578880,85579380,500,0,100.0,0.0
5096,85579380,85579880,500,0,100.0,0.0
5097,85579880,85580380,500,0,100.0,0.0
5098,85580380,85580880,500,0,100.0,0.0
5099,85580880,85581380,500,0,100.0,0.0
5100,85581380,85581880,500,0,100.0,0.0
5101,85581880,85582380,500,0,100.0,0.0
5102,85582380,85582880,500,0,100.0,0.0
5103,85582880,85583380,500,0,100.0,0.0
5104,85583380,85583880,500,0,100.0,0.0
5105,85583880,85584380,500,0,100.0,0.0
5106,85584380,85584880,500,0,100.0,0.0
5107,85584880,85585380,500,0,100.0,0.0
5108,85585380,85585880,500,0,100.0,0.0
5109,85585880,85586380,500,0,100.0,0.0
5110,85586380,85586880,500,0,100.0,0.0
5111,85586880,85587380,500,0,100.0,0.0
5112,85587380,85587880,500,0,100.0,0.0
5113,85587880,85588380,500,0,100.0,0.0
5114,85588380,85588880,500,0,100.0,0.0
5115,85588880,85589380,500,0,100.0,0.0
5116,85589380,85589880,500,0,100.0,0.0
5117,85589880,85590380,500,0,100.0,0.0
5118,85590380,85590880,500,0,100.0,0.0
5119,85590880,85591380,500,0,100.0,0.0
5120,85591380,85591880,500,0,100.0,0.0
5121,85591880,85592380,500,0,100.0,0.0
5122,85592380,85592880,500,0,100.0,0.0
5123,85592880,85593380,500,0,100.0,0.0
5124,85593380,85593880,500,0,100.0,0.0
5125,85593880,85594380,500,0,100.0,0.0
5126,85594380,85594880,500,0,100.0,0.0
5127,85594880,85595380,305,195,61.0,39.0
5128,85595380,85595880,7,493,1.4000000000000001,98.6
5129,85595880,85596380,71,429,14.2,85.8
5130,85596380,85596880,76,424,15.2,84.8
5131,85596880,85597380,500,0,100.0,0.0
5132,85597380,85597880,500,0,100.0,0.0
5133,85597880,85598380,500,0,100.0,0.0
5134,85598380,85598880,500,0,100.0,0.0
5135,85598880,85599380,500,0,100.0,0.0
5136,85599380,85599880,500,0,100.0,0.0
5137,85599880,85600380,500,0,100.0,0.0
5138,85600380,85600880,500,0,100.0,0.0
5139,85600880,85601380,500,0,100.0,0.0
5140,85601380,85601880,500,0,100.0,0.0
5141,85601880,85602380,500,0,100.0,0.0
5142,85602380,85602880,500,0,100.0,0.0
5143,85602880,85603380,500,0,100.0,0.0
5144,85603380,85603880,500,0,100.0,0.0
5145,85603880,85604380,500,0,100.0,0.0
5146,85604380,85604880,500,0,100.0,0.0
5147,85604880,85605380,500,0,100.0,0.0
5148,85605380,85605880,500,0,100.0,0.0
5149,85605880,85606380,500,0,100.0,0.0
5150,85606380,85606880,500,0,100.0,0.0
5151,85606880,85607380,500,0,100.0,0.0
5152,85607380,85607880,500,0,100.0,0.0
5153,85607880,85608380,500,0,100.0,0.0
5154,85608380,85608880,500,0,100.0,0.0
5155,85608880,85609380,500,0,100.0,0.0
5156,85609380,85609880,500,0,100.0,0.0
5157,85609880,85610380,500,0,100.0,0.0
5158,85610380,85610880,500,0,100.0,0.0
5159,85610880,85611380,500,0,100.0,0.0
5160,85611380,85611880,500,0,100.0,0.0
5161,85611880,85612380,500,0,100.0,0.0
5162,85612380,85612880,500,0,100.0,0.0
5163,85612880,85613380,500,0,100.0,0.0
5164,85613380,85613880,500,0,100.0,0.0
5165,85613880,85614380,500,0,100.0,0.0
5166,85614380,85614880,278,222,55.60000000000001,44.39999999999999
5167,85614880,85615380,7,493,1.4000000000000001,98.6
5168,85615380,85615880,74,426,14.799999999999999,85.2
5169,85615880,85616380,5,495,1.0,99.0
5170,85616380,85616880,474,26,94.8,5.200000000000003
5171,85616880,85617380,500,0,100.0,0.0
5172,85617380,85617880,500,0,100.0,0.0
5173,85617880,85618380,500,0,100.0,0.0
5174,85618380,85618880,500,0,100.0,0.0
5175,85618880,85619380,500,0,100.0,0.0
5176,85619380,85619880,500,0,100.0,0.0
5177,85619880,85620380,500,0,100.0,0.0
5178,85620380,85620880,500,0,100.0,0.0
5179,85620880,85621380,500,0,100.0,0.0
5180,85621380,85621880,500,0,100.0,0.0
5181,85621880,85622380,500,0,100.0,0.0
5182,85622380,85622880,500,0,100.0,0.0
5183,85622880,85623380,500,0,100.0,0.0
5184,85623380,85623880,500,0,100.0,0.0
5185,85623880,85624380,500,0,100.0,0.0
5186,85624380,85624880,500,0,100.0,0.0
5187,85624880,85625380,500,0,100.0,0.0
5188,85625380,85625880,500,0,100.0,0.0
5189,85625880,85626380,500,0,100.0,0.0
5190,85626380,85626880,500,0,100.0,0.0
5191,85626880,85627380,500,0,100.0,0.0
5192,85627380,85627880,500,0,100.0,0.0
5193,85627880,85628380,500,0,100.0,0.0
5194,85628380,85628880,500,0,100.0,0.0
5195,85628880,85629380,500,0,100.0,0.0
5196,85629380,85629880,500,0,100.0,0.0
5197,85629880,85630380,500,0,100.0,0.0
5198,85630380,85630880,500,0,100.0,0.0
5199,85630880,85631380,500,0,100.0,0.0
5200,85631380,85631880,500,0,100.0,0.0
5201,85631880,85632380,500,0,100.0,0.0
5202,85632380,85632880,500,0,100.0,0.0
5203,85632880,85633380,500,0,100.0,0.0
5204,85633380,85633880,419,81,83.8,16.200000000000003
5205,85633880,85634380,9,491,1.7999999999999998,98.2
5206,85634380,85634880,58,442,11.600000000000001,88.4
5207,85634880,85635380,31,469,6.2,93.8
5208,85635380,85635880,294,206,58.8,41.2
5209,85635880,85636380,500,0,100.0,0.0
5210,85636380,85636880,500,0,100.0,0.0
5211,85636880,85637380,500,0,100.0,0.0
5212,85637380,85637880,500,0,100.0,0.0
5213,85637880,85638380,500,0,100.0,0.0
5214,85638380,85638880,500,0,100.0,0.0
5215,85638880,85639380,500,0,100.0,0.0
5216,85639380,85639880,500,0,100.0,0.0
5217,85639880,85640380,500,0,100.0,0.0
5218,85640380,85640880,500,0,100.0,0.0
5219,85640880,85641380,500,0,100.0,0.0
5220,85641380,85641880,500,0,100.0,0.0
5221,85641880,85642380,500,0,100.0,0.0
5222,85642380,85642880,500,0,100.0,0.0
5223,85642880,85643380,500,0,100.0,0.0
5224,85643380,85643880,500,0,100.0,0.0
5225,85643880,85644380,500,0,100.0,0.0
5226,85644380,85644880,500,0,100.0,0.0
5227,85644880,85645380,500,0,100.0,0.0
5228,85645380,85645880,500,0,100.0,0.0
5229,85645880,85646380,500,0,100.0,0.0
5230,85646380,85646880,500,0,100.0,0.0
5231,85646880,85647380,500,0,100.0,0.0
5232,85647380,85647880,500,0,100.0,0.0
5233,85647880,85648380,500,0,100.0,0.0
5234,85648380,85648880,500,0,100.0,0.0
5235,85648880,85649380,500,0,100.0,0.0
5236,85649380,85649880,500,0,100.0,0.0
5237,85649880,85650380,500,0,100.0,0.0
5238,85650380,85650880,500,0,100.0,0.0
5239,85650880,85651380,500,0,100.0,0.0
5240,85651380,85651880,500,0,100.0,0.0
5241,85651880,85652380,121,379,24.2,75.8
5242,85652380,85652880,9,491,1.7999999999999998,98.2
5243,85652880,85653380,100,400,20.0,80.0
5244,85653380,85653880,110,390,22.0,78.0
5245,85653880,85654380,500,0,100.0,0.0
5246,85654380,85654880,500,0,100.0,0.0
5247,85654880,85655380,500,0,100.0,0.0
5248,85655380,85655880,500,0,100.0,0.0
5249,85655880,85656380,500,0,100.0,0.0
5250,85656380,85656880,500,0,100.0,0.0
5251,85656880,85657380,500,0,100.0,0.0
5252,85657380,85657880,500,0,100.0,0.0
5253,85657880,85658380,500,0,100.0,0.0
5254,85658380,85658880,500,0,100.0,0.0
5255,85658880,85659380,500,0,100.0,0.0
5256,85659380,85659880,500,0,100.0,0.0
5257,85659880,85660380,500,0,100.0,0.0
5258,85660380,85660880,500,0,100.0,0.0
5259,85660880,85661380,500,0,100.0,0.0
5260,85661380,85661880,500,0,100.0,0.0
5261,85661880,85662380,500,0,100.0,0.0
5262,85662380,85662880,500,0,100.0,0.0
5263,85662880,85663380,500,0,100.0,0.0
5264,85663380,85663880,500,0,100.0,0.0
5265,85663880,85664380,500,0,100.0,0.0
5266,85664380,85664880,500,0,100.0,0.0
5267,85664880,85665380,500,0,100.0,0.0
5268,85665380,85665880,500,0,100.0,0.0
5269,85665880,85666380,500,0,100.0,0.0
5270,85666380,85666880,500,0,100.0,0.0
5271,85666880,85667380,500,0,100.0,0.0
5272,85667380,85667880,500,0,100.0,0.0
5273,85667880,85668380,500,0,100.0,0.0
5274,85668380,85668880,500,0,100.0,0.0
5275,85668880,85669380,500,0,100.0,0.0
5276,85669380,85669880,500,0,100.0,0.0
5277,85669880,85670380,500,0,100.0,0.0
5278,85670380,85670880,312,188,62.4,37.6
5279,85670880,85671380,7,493,1.4000000000000001,98.6
5280,85671380,85671880,69,431,13.8,86.2
5281,85671880,85672380,4,496,0.8,99.2
5282,85672380,85672880,500,0,100.0,0.0
5283,85672880,85673380,500,0,100.0,0.0
5284,85673380,85673880,500,0,100.0,0.0
5285,85673880,85674380,500,0,100.0,0.0
5286,85674380,85674880,500,0,100.0,0.0
5287,85674880,85675380,500,0,100.0,0.0
5288,85675380,85675880,500,0,100.0,0.0
5289,85675880,85676380,500,0,100.0,0.0
5290,85676380,85676880,500,0,100.0,0.0
5291,85676880,85677380,500,0,100.0,0.0
5292,85677380,85677880,500,0,100.0,0.0
5293,85677880,85678380,500,0,100.0,0.0
5294,85678380,85678880,500,0,100.0,0.0
5295,85678880,85679380,500,0,100.0,0.0
5296,85679380,85679880,500,0,100.0,0.0
5297,85679880,85680380,500,0,100.0,0.0
5298,85680380,85680880,500,0,100.0,0.0
5299,85680880,85681380,500,0,100.0,0.0
5300,85681380,85681880,500,0,100.0,0.0
5301,85681880,85682380,500,0,100.0,0.0
5302,85682380,85682880,500,0,100.0,0.0
5303,85682880,85683380,500,0,100.0,0.0
5304,85683380,85683880,500,0,100.0,0.0
5305,85683880,85684380,500,0,100.0,0.0
5306,85684380,85684880,500,0,100.0,0.0
5307,85684880,85685380,500,0,100.0,0.0
5308,85685380,85685880,500,0,100.0,0.0
5309,85685880,85686380,500,0,100.0,0.0
5310,85686380,85686880,500,0,100.0,0.0
5311,85686880,85687380,500,0,100.0,0.0
5312,85687380,85687880,500,0,100.0,0.0
5313,85687880,85688380,500,0,100.0,0.0
5314,85688380,85688880,500,0,100.0,0.0
5315,85688880,85689380,500,0,100.0,0.0
5316,85689380,85689880,500,0,100.0,0.0
5317,85689880,85690380,56,444,11.200000000000001,88.8
5318,85690380,85690880,7,493,1.4000000000000001,98.6
5319,85690880,85691380,0,500,0.0,100.0
5320,85691380,85691880,6,494,1.2,98.8
5321,85691880,85692380,34,466,6.800000000000001,93.2
5322,85692380,85692880,57,443,11.4,88.6
5323,85692880,85693380,210,290,42.0,58.0
5324,85693380,85693880,500,0,100.0,0.0
5325,85693880,85694380,500,0,100.0,0.0
5326,85694380,85694880,500,0,100.0,0.0
5327,85694880,85695380,500,0,100.0,0.0
5328,85695380,85695880,500,0,100.0,0.0
5329,85695880,85696380,500,0,100.0,0.0
5330,85696380,85696880,500,0,100.0,0.0
5331,85696880,85697380,500,0,100.0,0.0
5332,85697380,85697880,500,0,100.0,0.0
5333,85697880,85698380,500,0,100.0,0.0
5334,85698380,85698880,500,0,100.0,0.0
5335,85698880,85699380,500,0,100.0,0.0
5336,85699380,85699880,500,0,100.0,0.0
5337,85699880,85700380,500,0,100.0,0.0
5338,85700380,85700880,500,0,100.0,0.0
5339,85700880,85701380,500,0,100.0,0.0
5340,85701380,85701880,500,0,100.0,0.0
5341,85701880,85702380,500,0,100.0,0.0
5342,85702380,85702880,500,0,100.0,0.0
5343,85702880,85703380,500,0,100.0,0.0
5344,85703380,85703880,500,0,100.0,0.0
5345,85703880,85704380,500,0,100.0,0.0
5346,85704380,85704880,500,0,100.0,0.0
5347,85704880,85705380,500,0,100.0,0.0
5348,85705380,85705880,500,0,100.0,0.0
5349,85705880,85706380,500,0,100.0,0.0
5350,85706380,85706880,500,0,100.0,0.0
5351,85706880,85707380,500,0,100.0,0.0
5352,85707380,85707880,500,0,100.0,0.0
5353,85707880,85708380,500,0,100.0,0.0
5354,85708380,85708880,500,0,100.0,0.0
5355,85708880,85709380,313,187,62.6,37.4
5356,85709380,85709880,6,494,1.2,98.8
5357,85709880,85710380,5,495,1.0,99.0
5358,85710380,85710880,82,418,16.400000000000002,83.6
5359,85710880,85711380,224,276,44.800000000000004,55.199999999999996
5360,85711380,85711880,500,0,100.0,0.0
5361,85711880,85712380,500,0,100.0,0.0
5362,85712380,85712880,500,0,100.0,0.0
5363,85712880,85713380,500,0,100.0,0.0
5364,85713380,85713880,500,0,100.0,0.0
5365,85713880,85714380,500,0,100.0,0.0
5366,85714380,85714880,500,0,100.0,0.0
5367,85714880,85715380,500,0,100.0,0.0
5368,85715380,85715880,500,0,100.0,0.0
5369,85715880,85716380,500,0,100.0,0.0
5370,85716380,85716880,500,0,100.0,0.0
5371,85716880,85717380,500,0,100.0,0.0
5372,85717380,85717880,500,0,100.0,0.0
5373,85717880,85718380,500,0,100.0,0.0
5374,85718380,85718880,500,0,100.0,0.0
5375,85718880,85719380,500,0,100.0,0.0
5376,85719380,85719880,500,0,100.0,0.0
5377,85719880,85720380,500,0,100.0,0.0
5378,85720380,85720880,500,0,100.0,0.0
5379,85720880,85721380,500,0,100.0,0.0
5380,85721380,85721880,500,0,100.0,0.0
5381,85721880,85722380,500,0,100.0,0.0
5382,85722380,85722880,500,0,100.0,0.0
5383,85722880,85723380,500,0,100.0,0.0
5384,85723380,85723880,500,0,100.0,0.0
5385,85723880,85724380,500,0,100.0,0.0
5386,85724380,85724880,500,0,100.0,0.0
5387,85724880,85725380,500,0,100.0,0.0
5388,85725380,85725880,500,0,100.0,0.0
5389,85725880,85726380,500,0,100.0,0.0
5390,85726380,85726880,484,16,96.8,3.200000000000003
5391,85726880,85727380,7,493,1.4000000000000001,98.6
5392,85727380,85727880,7,493,1.4000000000000001,98.6
5393,85727880,85728380,69,431,13.8,86.2
5394,85728380,85728880,287,213,57.4,42.6
5395,85728880,85729380,500,0,100.0,0.0
5396,85729380,85729880,500,0,100.0,0.0
5397,85729880,85730380,500,0,100.0,0.0
5398,85730380,85730880,500,0,100.0,0.0
5399,85730880,85731380,500,0,100.0,0.0
5400,85731380,85731880,500,0,100.0,0.0
5401,85731880,85732380,500,0,100.0,0.0
5402,85732380,85732880,500,0,100.0,0.0
5403,85732880,85733380,500,0,100.0,0.0
5404,85733380,85733880,500,0,100.0,0.0
5405,85733880,85734380,500,0,100.0,0.0
5406,85734380,85734880,500,0,100.0,0.0
5407,85734880,85735380,500,0,100.0,0.0
5408,85735380,85735880,500,0,100.0,0.0
5409,85735880,85736380,500,0,100.0,0.0
5410,85736380,85736880,500,0,100.0,0.0
5411,85736880,85737380,500,0,100.0,0.0
5412,85737380,85737880,500,0,100.0,0.0
5413,85737880,85738380,500,0,100.0,0.0
5414,85738380,85738880,500,0,100.0,0.0
5415,85738880,85739380,500,0,100.0,0.0
5416,85739380,85739880,500,0,100.0,0.0
5417,85739880,85740380,500,0,100.0,0.0
5418,85740380,85740880,500,0,100.0,0.0
5419,85740880,85741380,500,0,100.0,0.0
5420,85741380,85741880,500,0,100.0,0.0
5421,85741880,85742380,500,0,100.0,0.0
5422,85742380,85742880,500,0,100.0,0.0
5423,85742880,85743380,500,0,100.0,0.0
5424,85743380,85743880,500,0,100.0,0.0
5425,85743880,85744380,298,202,59.599999999999994,40.400000000000006
5426,85744380,85744880,8,492,1.6,98.4
5427,85744880,85745380,72,428,14.399999999999999,85.6
5428,85745380,85745880,147,353,29.4,70.6
5429,85745880,85746380,500,0,100.0,0.0
5430,85746380,85746880,500,0,100.0,0.0
5431,85746880,85747380,500,0,100.0,0.0
5432,85747380,85747880,500,0,100.0,0.0
5433,85747880,85748380,500,0,100.0,0.0
5434,85748380,85748880,500,0,100.0,0.0
5435,85748880,85749380,500,0,100.0,0.0
5436,85749380,85749880,500,0,100.0,0.0
5437,85749880,85750380,500,0,100.0,0.0
5438,85750380,85750880,500,0,100.0,0.0
5439,85750880,85751380,500,0,100.0,0.0
5440,85751380,85751880,500,0,100.0,0.0
5441,85751880,85752380,500,0,100.0,0.0
5442,85752380,85752880,500,0,100.0,0.0
5443,85752880,85753380,500,0,100.0,0.0
5444,85753380,85753880,500,0,100.0,0.0
5445,85753880,85754380,500,0,100.0,0.0
5446,85754380,85754880,500,0,100.0,0.0
5447,85754880,85755380,500,0,100.0,0.0
5448,85755380,85755880,500,0,100.0,0.0
5449,85755880,85756380,500,0,100.0,0.0
5450,85756380,85756880,500,0,100.0,0.0
5451,85756880,85757380,500,0,100.0,0.0
5452,85757380,85757880,500,0,100.0,0.0
5453,85757880,85758380,500,0,100.0,0.0
5454,85758380,85758880,500,0,100.0,0.0
5455,85758880,85759380,500,0,100.0,0.0
5456,85759380,85759880,500,0,100.0,0.0
5457,85759880,85760380,500,0,100.0,0.0
5458,85760380,85760880,500,0,100.0,0.0
5459,85760880,85761380,500,0,100.0,0.0
5460,85761380,85761880,230,270,46.0,54.0
5461,85761880,85762380,6,494,1.2,98.8
5462,85762380,85762880,74,426,14.799999999999999,85.2
5463,85762880,85763380,76,424,15.2,84.8
5464,85763380,85763880,500,0,100.0,0.0
5465,85763880,85764380,500,0,100.0,0.0
5466,85764380,85764880,500,0,100.0,0.0
5467,85764880,85765380,500,0,100.0,0.0
5468,85765380,85765880,500,0,100.0,0.0
5469,85765880,85766380,500,0,100.0,0.0
5470,85766380,85766880,500,0,100.0,0.0
5471,85766880,85767380,500,0,100.0,0.0
5472,85767380,85767880,500,0,100.0,0.0
5473,85767880,85768380,500,0,100.0,0.0
5474,85768380,85768880,500,0,100.0,0.0
5475,85768880,85769380,500,0,100.0,0.0
5476,85769380,85769880,500,0,100.0,0.0
5477,85769880,85770380,500,0,100.0,0.0
5478,85770380,85770880,500,0,100.0,0.0
5479,85770880,85771380,500,0,100.0,0.0
5480,85771380,85771880,500,0,100.0,0.0
5481,85771880,85772380,500,0,100.0,0.0
5482,85772380,85772880,500,0,100.0,0.0
5483,85772880,85773380,500,0,100.0,0.0
5484,85773380,85773880,500,0,100.0,0.0
5485,85773880,85774380,500,0,100.0,0.0
5486,85774380,85774880,500,0,100.0,0.0
5487,85774880,85775380,500,0,100.0,0.0
5488,85775380,85775880,500,0,100.0,0.0
5489,85775880,85776380,500,0,100.0,0.0
5490,85776380,85776880,500,0,100.0,0.0
5491,85776880,85777380,500,0,100.0,0.0
5492,85777380,85777880,500,0,100.0,0.0
5493,85777880,85778380,500,0,100.0,0.0
5494,85778380,85778880,500,0,100.0,0.0
5495,85778880,85779380,500,0,100.0,0.0
5496,85779380,85779880,500,0,100.0,0.0
5497,85779880,85780380,500,0,100.0,0.0
5498,85780380,85780880,500,0,100.0,0.0
5499,85780880,85781380,500,0,100.0,0.0
5500,85781380,85781880,485,15,97.0,3.0
5501,85781880,85782380,7,493,1.4000000000000001,98.6
5502,85782380,85782880,10,490,2.0,98.0
5503,85782880,85783380,76,424,15.2,84.8
5504,85783380,85783880,248,252,49.6,50.4
5505,85783880,85784380,500,0,100.0,0.0
5506,85784380,85784880,500,0,100.0,0.0
5507,85784880,85785380,500,0,100.0,0.0
5508,85785380,85785880,500,0,100.0,0.0
5509,85785880,85786380,500,0,100.0,0.0
5510,85786380,85786880,500,0,100.0,0.0
5511,85786880,85787380,500,0,100.0,0.0
5512,85787380,85787880,500,0,100.0,0.0
5513,85787880,85788380,500,0,100.0,0.0
5514,85788380,85788880,500,0,100.0,0.0
5515,85788880,85789380,500,0,100.0,0.0
5516,85789380,85789880,500,0,100.0,0.0
5517,85789880,85790380,500,0,100.0,0.0
5518,85790380,85790880,500,0,100.0,0.0
5519,85790880,85791380,500,0,100.0,0.0
5520,85791380,85791880,500,0,100.0,0.0
5521,85791880,85792380,500,0,100.0,0.0
5522,85792380,85792880,500,0,100.0,0.0
5523,85792880,85793380,500,0,100.0,0.0
5524,85793380,85793880,500,0,100.0,0.0
5525,85793880,85794380,500,0,100.0,0.0
5526,85794380,85794880,500,0,100.0,0.0
5527,85794880,85795380,500,0,100.0,0.0
5528,85795380,85795880,500,0,100.0,0.0
5529,85795880,85796380,500,0,100.0,0.0
5530,85796380,85796880,500,0,100.0,0.0
5531,85796880,85797380,500,0,100.0,0.0
5532,85797380,85797880,500,0,100.0,0.0
5533,85797880,85798380,500,0,100.0,0.0
5534,85798380,85798880,439,61,87.8,12.200000000000003
5535,85798880,85799380,8,492,1.6,98.4
5536,85799380,85799880,73,427,14.6,85.4
5537,85799880,85800380,6,494,1.2,98.8
5538,85800380,85800880,451,49,90.2,9.799999999999997
5539,85800880,85801380,500,0,100.0,0.0
5540,85801380,85801880,500,0,100.0,0.0
5541,85801880,85802380,500,0,100.0,0.0
5542,85802380,85802880,500,0,100.0,0.0
5543,85802880,85803380,500,0,100.0,0.0
5544,85803380,85803880,500,0,100.0,0.0
5545,85803880,85804380,500,0,100.0,0.0
5546,85804380,85804880,500,0,100.0,0.0
5547,85804880,85805380,500,0,100.0,0.0
5548,85805380,85805880,500,0,100.0,0.0
5549,85805880,85806380,500,0,100.0,0.0
5550,85806380,85806880,500,0,100.0,0.0
5551,85806880,85807380,500,0,100.0,0.0
5552,85807380,85807880,500,0,100.0,0.0
5553,85807880,85808380,500,0,100.0,0.0
5554,85808380,85808880,500,0,100.0,0.0
5555,85808880,85809380,500,0,100.0,0.0
5556,85809380,85809880,500,0,100.0,0.0
5557,85809880,85810380,500,0,100.0,0.0
5558,85810380,85810880,500,0,100.0,0.0
5559,85810880,85811380,500,0,100.0,0.0
5560,85811380,85811880,500,0,100.0,0.0
5561,85811880,85812380,500,0,100.0,0.0
5562,85812380,85812880,500,0,100.0,0.0
5563,85812880,85813380,500,0,100.0,0.0
5564,85813380,85813880,500,0,100.0,0.0
5565,85813880,85814380,500,0,100.0,0.0
5566,85814380,85814880,500,0,100.0,0.0
5567,85814880,85815380,500,0,100.0,0.0
5568,85815380,85815880,289,211,57.8,42.2
5569,85815880,85816380,6,494,1.2,98.8
5570,85816380,85816880,66,434,13.200000000000001,86.8
5571,85816880,85817380,100,400,20.0,80.0
5572,85817380,85817880,500,0,100.0,0.0
5573,85817880,85818380,500,0,100.0,0.0
5574,85818380,85818880,500,0,100.0,0.0
5575,85818880,85819380,500,0,100.0,0.0
5576,85819380,85819880,500,0,100.0,0.0
5577,85819880,85820380,500,0,100.0,0.0
5578,85820380,85820880,500,0,100.0,0.0
5579,85820880,85821380,500,0,100.0,0.0
5580,85821380,85821880,500,0,100.0,0.0
5581,85821880,85822380,500,0,100.0,0.0
5582,85822380,85822880,500,0,100.0,0.0
5583,85822880,85823380,500,0,100.0,0.0
5584,85823380,85823880,500,0,100.0,0.0
5585,85823880,85824380,500,0,100.0,0.0
5586,85824380,85824880,500,0,100.0,0.0
5587,85824880,85825380,500,0,100.0,0.0
5588,85825380,85825880,500,0,100.0,0.0
5589,85825880,85826380,500,0,100.0,0.0
5590,85826380,85826880,500,0,100.0,0.0
5591,85826880,85827380,500,0,100.0,0.0
5592,85827380,85827880,500,0,100.0,0.0
5593,85827880,85828380,500,0,100.0,0.0
5594,85828380,85828880,500,0,100.0,0.0
5595,85828880,85829380,500,0,100.0,0.0
5596,85829380,85829880,500,0,100.0,0.0
5597,85829880,85830380,500,0,100.0,0.0
5598,85830380,85830880,500,0,100.0,0.0
5599,85830880,85831380,500,0,100.0,0.0
5600,85831380,85831880,500,0,100.0,0.0
5601,85831880,85832380,500,0,100.0,0.0
5602,85832380,85832880,500,0,100.0,0.0
5603,85832880,85833380,500,0,100.0,0.0
5604,85833380,85833880,447,53,89.4,10.599999999999994
5605,85833880,85834380,8,492,1.6,98.4
5606,85834380,85834880,74,426,14.799999999999999,85.2
5607,85834880,85835380,5,495,1.0,99.0
5608,85835380,85835880,383,117,76.6,23.400000000000006
5609,85835880,85836380,500,0,100.0,0.0
5610,85836380,85836880,500,0,100.0,0.0
5611,85836880,85837380,500,0,100.0,0.0
5612,85837380,85837880,500,0,100.0,0.0
5613,85837880,85838380,500,0,100.0,0.0
5614,85838380,85838880,500,0,100.0,0.0
5615,85838880,85839380,500,0,100.0,0.0
5616,85839380,85839880,500,0,100.0,0.0
5617,85839880,85840380,500,0,100.0,0.0
5618,85840380,85840880,500,0,100.0,0.0
5619,85840880,85841380,500,0,100.0,0.0
5620,85841380,85841880,500,0,100.0,0.0
5621,85841880,85842380,500,0,100.0,0.0
5622,85842380,85842880,500,0,100.0,0.0
5623,85842880,85843380,500,0,100.0,0.0
5624,85843380,85843880,500,0,100.0,0.0
5625,85843880,85844380,500,0,100.0,0.0
5626,85844380,85844880,500,0,100.0,0.0
5627,85844880,85845380,500,0,100.0,0.0
5628,85845380,85845880,500,0,100.0,0.0
5629,85845880,85846380,500,0,100.0,0.0
5630,85846380,85846880,500,0,100.0,0.0
5631,85846880,85847380,500,0,100.0,0.0
5632,85847380,85847880,500,0,100.0,0.0
5633,85847880,85848380,500,0,100.0,0.0
5634,85848380,85848880,500,0,100.0,0.0
5635,85848880,85849380,500,0,100.0,0.0
5636,85849380,85849880,500,0,100.0,0.0
5637,85849880,85850380,500,0,100.0,0.0
5638,85850380,85850880,500,0,100.0,0.0
5639,85850880,85851380,500,0,100.0,0.0
5640,85851380,85851880,500,0,100.0,0.0
5641,85851880,85852380,500,0,100.0,0.0
5642,85852380,85852880,500,0,100.0,0.0
5643,85852880,85853380,500,0,100.0,0.0
5644,85853380,85853880,116,384,23.200000000000003,76.8
5645,85853880,85854380,4,496,0.8,99.2
5646,85854380,85854880,69,431,13.8,86.2
5647,85854880,85855380,240,260,48.0,52.0
5648,85855380,85855880,500,0,100.0,0.0
5649,85855880,85856380,500,0,100.0,0.0
5650,85856380,85856880,500,0,100.0,0.0
5651,85856880,85857380,500,0,100.0,0.0
5652,85857380,85857880,500,0,100.0,0.0
5653,85857880,85858380,500,0,100.0,0.0
5654,85858380,85858880,500,0,100.0,0.0
5655,85858880,85859380,500,0,100.0,0.0
5656,85859380,85859880,500,0,100.0,0.0
5657,85859880,85860380,500,0,100.0,0.0
5658,85860380,85860880,500,0,100.0,0.0
5659,85860880,85861380,500,0,100.0,0.0
5660,85861380,85861880,500,0,100.0,0.0
5661,85861880,85862380,500,0,100.0,0.0
5662,85862380,85862880,500,0,100.0,0.0
5663,85862880,85863380,500,0,100.0,0.0
5664,85863380,85863880,500,0,100.0,0.0
5665,85863880,85864380,500,0,100.0,0.0
5666,85864380,85864880,500,0,100.0,0.0
5667,85864880,85865380,500,0,100.0,0.0
5668,85865380,85865880,500,0,100.0,0.0
5669,85865880,85866380,500,0,100.0,0.0
5670,85866380,85866880,500,0,100.0,0.0
5671,85866880,85867380,500,0,100.0,0.0
5672,85867380,85867880,500,0,100.0,0.0
5673,85867880,85868380,500,0,100.0,0.0
5674,85868380,85868880,500,0,100.0,0.0
5675,85868880,85869380,500,0,100.0,0.0
5676,85869380,85869880,500,0,100.0,0.0
5677,85869880,85870380,500,0,100.0,0.0
5678,85870380,85870880,428,72,85.6,14.400000000000006
5679,85870880,85871380,8,492,1.6,98.4
5680,85871380,85871880,65,435,13.0,87.0
5681,85871880,85872380,5,495,1.0,99.0
5682,85872380,85872880,468,32,93.60000000000001,6.3999999999999915
5683,85872880,85873380,500,0,100.0,0.0
5684,85873380,85873880,500,0,100.0,0.0
5685,85873880,85874380,500,0,100.0,0.0
5686,85874380,85874880,500,0,100.0,0.0
5687,85874880,85875380,500,0,100.0,0.0
5688,85875380,85875880,500,0,100.0,0.0
5689,85875880,85876380,500,0,100.0,0.0
5690,85876380,85876880,500,0,100.0,0.0
5691,85876880,85877380,500,0,100.0,0.0
5692,85877380,85877880,500,0,100.0,0.0
5693,85877880,85878380,500,0,100.0,0.0
5694,85878380,85878880,500,0,100.0,0.0
5695,85878880,85879380,500,0,100.0,0.0
5696,85879380,85879880,500,0,100.0,0.0
5697,85879880,85880380,500,0,100.0,0.0
5698,85880380,85880880,500,0,100.0,0.0
5699,85880880,85881380,500,0,100.0,0.0
5700,85881380,85881880,500,0,100.0,0.0
5701,85881880,85882380,500,0,100.0,0.0
5702,85882380,85882880,500,0,100.0,0.0
5703,85882880,85883380,500,0,100.0,0.0
5704,85883380,85883880,500,0,100.0,0.0
5705,85883880,85884380,500,0,100.0,0.0
5706,85884380,85884880,500,0,100.0,0.0
5707,85884880,85885380,500,0,100.0,0.0
5708,85885380,85885880,500,0,100.0,0.0
5709,85885880,85886380,500,0,100.0,0.0
5710,85886380,85886880,500,0,100.0,0.0
5711,85886880,85887380,500,0,100.0,0.0
5712,85887380,85887880,500,0,100.0,0.0
5713,85887880,85888380,500,0,100.0,0.0
5714,85888380,85888880,148,352,29.599999999999998,70.4
5715,85888880,85889380,6,494,1.2,98.8
5716,85889380,85889880,65,435,13.0,87.0
5717,85889880,85890380,246,254,49.2,50.8
5718,85890380,85890880,500,0,100.0,0.0
5719,85890880,85891380,500,0,100.0,0.0
5720,85891380,85891880,500,0,100.0,0.0
5721,85891880,85892380,500,0,100.0,0.0
5722,85892380,85892880,500,0,100.0,0.0
5723,85892880,85893380,500,0,100.0,0.0
5724,85893380,85893880,500,0,100.0,0.0
5725,85893880,85894380,500,0,100.0,0.0
5726,85894380,85894880,500,0,100.0,0.0
5727,85894880,85895380,500,0,100.0,0.0
5728,85895380,85895880,500,0,100.0,0.0
5729,85895880,85896380,500,0,100.0,0.0
5730,85896380,85896880,500,0,100.0,0.0
5731,85896880,85897380,500,0,100.0,0.0
5732,85897380,85897880,500,0,100.0,0.0
5733,85897880,85898380,500,0,100.0,0.0
5734,85898380,85898880,500,0,100.0,0.0
5735,85898880,85899380,500,0,100.0,0.0
5736,85899380,85899880,500,0,100.0,0.0
5737,85899880,85900380,500,0,100.0,0.0
5738,85900380,85900880,500,0,100.0,0.0
5739,85900880,85901380,500,0,100.0,0.0
5740,85901380,85901880,500,0,100.0,0.0
5741,85901880,85902380,500,0,100.0,0.0
5742,85902380,85902880,500,0,100.0,0.0
5743,85902880,85903380,500,0,100.0,0.0
5744,85903380,85903880,500,0,100.0,0.0
5745,85903880,85904380,500,0,100.0,0.0
5746,85904380,85904880,500,0,100.0,0.0
5747,85904880,85905380,500,0,100.0,0.0
5748,85905380,85905880,500,0,100.0,0.0
5749,85905880,85906380,384,116,76.8,23.200000000000003
5750,85906380,85906880,8,492,1.6,98.4
5751,85906880,85907380,4,496,0.8,99.2
5752,85907380,85907880,79,421,15.8,84.2
5753,85907880,85908380,2,498,0.4,99.6
5754,85908380,85908880,345,155,69.0,31.0
5755,85908880,85909380,500,0,100.0,0.0
5756,85909380,85909880,500,0,100.0,0.0
5757,85909880,85910380,500,0,100.0,0.0
5758,85910380,85910880,500,0,100.0,0.0
5759,85910880,85911380,500,0,100.0,0.0
5760,85911380,85911880,500,0,100.0,0.0
5761,85911880,85912380,500,0,100.0,0.0
5762,85912380,85912880,500,0,100.0,0.0
5763,85912880,85913380,500,0,100.0,0.0
5764,85913380,85913880,500,0,100.0,0.0
5765,85913880,85914380,500,0,100.0,0.0
5766,85914380,85914880,500,0,100.0,0.0
5767,85914880,85915380,500,0,100.0,0.0
5768,85915380,85915880,500,0,100.0,0.0
5769,85915880,85916380,500,0,100.0,0.0
5770,85916380,85916880,500,0,100.0,0.0
5771,85916880,85917380,500,0,100.0,0.0
5772,85917380,85917880,500,0,100.0,0.0
5773,85917880,85918380,500,0,100.0,0.0
5774,85918380,85918880,500,0,100.0,0.0
5775,85918880,85919380,500,0,100.0,0.0
5776,85919380,85919880,500,0,100.0,0.0
5777,85919880,85920380,500,0,100.0,0.0
5778,85920380,85920880,500,0,100.0,0.0
5779,85920880,85921380,500,0,100.0,0.0
5780,85921380,85921880,500,0,100.0,0.0
5781,85921880,85922380,500,0,100.0,0.0
5782,85922380,85922880,500,0,100.0,0.0
5783,85922880,85923380,500,0,100.0,0.0
5784,85923380,85923880,500,0,100.0,0.0
5785,85923880,85924380,500,0,100.0,0.0
5786,85924380,85924880,110,390,22.0,78.0
5787,85924880,85925380,3,497,0.6,99.4
5788,85925380,85925880,5,495,1.0,99.0
5789,85925880,85926380,180,320,36.0,64.0
5790,85926380,85926880,5,495,1.0,99.0
5791,85926880,85927380,227,273,45.4,54.6
5792,85927380,85927880,500,0,100.0,0.0
5793,85927880,85928380,500,0,100.0,0.0
5794,85928380,85928880,500,0,100.0,0.0
5795,85928880,85929380,500,0,100.0,0.0
5796,85929380,85929880,500,0,100.0,0.0
5797,85929880,85930380,500,0,100.0,0.0
5798,85930380,85930880,500,0,100.0,0.0
5799,85930880,85931380,500,0,100.0,0.0
5800,85931380,85931880,500,0,100.0,0.0
5801,85931880,85932380,500,0,100.0,0.0
5802,85932380,85932880,500,0,100.0,0.0
5803,85932880,85933380,500,0,100.0,0.0
5804,85933380,85933880,500,0,100.0,0.0
5805,85933880,85934380,500,0,100.0,0.0
5806,85934380,85934880,500,0,100.0,0.0
5807,85934880,85935380,500,0,100.0,0.0
5808,85935380,85935880,500,0,100.0,0.0
5809,85935880,85936380,500,0,100.0,0.0
5810,85936380,85936880,500,0,100.0,0.0
5811,85936880,85937380,500,0,100.0,0.0
5812,85937380,85937880,500,0,100.0,0.0
5813,85937880,85938380,500,0,100.0,0.0
5814,85938380,85938880,500,0,100.0,0.0
5815,85938880,85939380,500,0,100.0,0.0
5816,85939380,85939880,500,0,100.0,0.0
5817,85939880,85940380,500,0,100.0,0.0
5818,85940380,85940880,500,0,100.0,0.0
5819,85940880,85941380,500,0,100.0,0.0
5820,85941380,85941880,500,0,100.0,0.0
5821,85941880,85942380,500,0,100.0,0.0
5822,85942380,85942880,500,0,100.0,0.0
5823,85942880,85943380,500,0,100.0,0.0
5824,85943380,85943880,500,0,100.0,0.0
5825,85943880,85944380,500,0,100.0,0.0
5826,85944380,85944880,309,191,61.8,38.2
5827,85944880,85945380,6,494,1.2,98.8
5828,85945380,85945880,76,424,15.2,84.8
5829,85945880,85946380,108,392,21.6,78.4
5830,85946380,85946880,500,0,100.0,0.0
5831,85946880,85947380,500,0,100.0,0.0
5832,85947380,85947880,500,0,100.0,0.0
5833,85947880,85948380,500,0,100.0,0.0
5834,85948380,85948880,500,0,100.0,0.0
5835,85948880,85949380,500,0,100.0,0.0
5836,85949380,85949880,500,0,100.0,0.0
5837,85949880,85950380,500,0,100.0,0.0
5838,85950380,85950880,500,0,100.0,0.0
5839,85950880,85951380,500,0,100.0,0.0
5840,85951380,85951880,500,0,100.0,0.0
5841,85951880,85952380,500,0,100.0,0.0
5842,85952380,85952880,500,0,100.0,0.0
5843,85952880,85953380,500,0,100.0,0.0
5844,85953380,85953880,500,0,100.0,0.0
5845,85953880,85954380,500,0,100.0,0.0
5846,85954380,85954880,500,0,100.0,0.0
5847,85954880,85955380,500,0,100.0,0.0
5848,85955380,85955880,500,0,100.0,0.0
5849,85955880,85956380,500,0,100.0,0.0
5850,85956380,85956880,500,0,100.0,0.0
5851,85956880,85957380,500,0,100.0,0.0
5852,85957380,85957880,500,0,100.0,0.0
5853,85957880,85958380,500,0,100.0,0.0
5854,85958380,85958880,500,0,100.0,0.0
5855,85958880,85959380,500,0,100.0,0.0
5856,85959380,85959880,500,0,100.0,0.0
5857,85959880,85960380,500,0,100.0,0.0
5858,85960380,85960880,500,0,100.0,0.0
5859,85960880,85961380,500,0,100.0,0.0
5860,85961380,85961880,500,0,100.0,0.0
5861,85961880,85962380,500,0,100.0,0.0
5862,85962380,85962880,449,51,89.8,10.200000000000003
5863,85962880,85963380,7,493,1.4000000000000001,98.6
5864,85963380,85963880,75,425,15.0,85.0
5865,85963880,85964380,5,495,1.0,99.0
5866,85964380,85964880,393,107,78.60000000000001,21.39999999999999
5867,85964880,85965380,500,0,100.0,0.0
5868,85965380,85965880,500,0,100.0,0.0
5869,85965880,85966380,500,0,100.0,0.0
5870,85966380,85966880,500,0,100.0,0.0
5871,85966880,85967380,500,0,100.0,0.0
5872,85967380,85967880,500,0,100.0,0.0
5873,85967880,85968380,500,0,100.0,0.0
5874,85968380,85968880,500,0,100.0,0.0
5875,85968880,85969380,500,0,100.0,0.0
5876,85969380,85969880,500,0,100.0,0.0
5877,85969880,85970380,500,0,100.0,0.0
5878,85970380,85970880,500,0,100.0,0.0
5879,85970880,85971380,500,0,100.0,0.0
5880,85971380,85971880,500,0,100.0,0.0
5881,85971880,85972380,500,0,100.0,0.0
5882,85972380,85972880,500,0,100.0,0.0
5883,85972880,85973380,500,0,100.0,0.0
5884,85973380,85973880,500,0,100.0,0.0
5885,85973880,85974380,500,0,100.0,0.0
5886,85974380,85974880,500,0,100.0,0.0
5887,85974880,85975380,500,0,100.0,0.0
5888,85975380,85975880,500,0,100.0,0.0
5889,85975880,85976380,500,0,100.0,0.0
5890,85976380,85976880,500,0,100.0,0.0
5891,85976880,85977380,500,0,100.0,0.0
5892,85977380,85977880,500,0,100.0,0.0
5893,85977880,85978380,500,0,100.0,0.0
5894,85978380,85978880,500,0,100.0,0.0
5895,85978880,85979380,500,0,100.0,0.0
5896,85979380,85979880,500,0,100.0,0.0
5897,85979880,85980380,500,0,100.0,0.0
5898,85980380,85980880,500,0,100.0,0.0
5899,85980880,85981380,500,0,100.0,0.0
5900,85981380,85981880,500,0,100.0,0.0
5901,85981880,85982380,500,0,100.0,0.0
5902,85982380,85982880,500,0,100.0,0.0
5903,85982880,85983380,500,0,100.0,0.0
5904,85983380,85983880,500,0,100.0,0.0
5905,85983880,85984380,500,0,100.0,0.0
5906,85984380,85984880,500,0,100.0,0.0
5907,85984880,85985380,500,0,100.0,0.0
5908,85985380,85985880,500,0,100.0,0.0
5909,85985880,85986380,500,0,100.0,0.0
5910,85986380,85986880,500,0,100.0,0.0
5911,85986880,85987380,500,0,100.0,0.0
5912,85987380,85987880,500,0,100.0,0.0
5913,85987880,85988380,500,0,100.0,0.0
5914,85988380,85988880,500,0,100.0,0.0
5915,85988880,85989380,500,0,100.0,0.0
5916,85989380,85989880,500,0,100.0,0.0
5917,85989880,85990380,500,0,100.0,0.0
5918,85990380,85990880,500,0,100.0,0.0
5919,85990880,85991380,500,0,100.0,0.0
5920,85991380,85991880,500,0,100.0,0.0
5921,85991880,85992380,500,0,100.0,0.0
5922,85992380,85992880,500,0,100.0,0.0
5923,85992880,85993380,500,0,100.0,0.0
5924,85993380,85993880,500,0,100.0,0.0
5925,85993880,85994380,500,0,100.0,0.0
5926,85994380,85994880,500,0,100.0,0.0
5927,85994880,85995380,500,0,100.0,0.0
5928,85995380,85995880,500,0,100.0,0.0
5929,85995880,85996380,500,0,100.0,0.0
5930,85996380,85996880,500,0,100.0,0.0
5931,85996880,85997380,500,0,100.0,0.0
5932,85997380,85997880,500,0,100.0,0.0
5933,85997880,85998380,500,0,100.0,0.0
5934,85998380,85998880,500,0,100.0,0.0
5935,85998880,85999380,500,0,100.0,0.0
5936,85999380,85999880,500,0,100.0,0.0
5937,85999880,86000380,500,0,100.0,0.0
5938,86000380,86000880,500,0,100.0,0.0
5939,86000880,86001380,500,0,100.0,0.0
5940,86001380,86001880,500,0,100.0,0.0
5941,86001880,86002380,500,0,100.0,0.0
5942,86002380,86002880,500,0,100.0,0.0
5943,86002880,86003380,500,0,100.0,0.0
5944,86003380,86003880,500,0,100.0,0.0
5945,86003880,86004380,500,0,100.0,0.0
5946,86004380,86004880,500,0,100.0,0.0
5947,86004880,86005380,500,0,100.0,0.0
5948,86005380,86005880,500,0,100.0,0.0
5949,86005880,86006380,500,0,100.0,0.0
5950,86006380,86006880,500,0,100.0,0.0
5951,86006880,86007380,500,0,100.0,0.0
5952,86007380,86007880,500,0,100.0,0.0
5953,86007880,86008380,500,0,100.0,0.0
5954,86008380,86008880,500,0,100.0,0.0
5955,86008880,86009380,500,0,100.0,0.0
5956,86009380,86009880,500,0,100.0,0.0
5957,86009880,86010380,500,0,100.0,0.0
5958,86010380,86010880,500,0,100.0,0.0
5959,86010880,86011380,500,0,100.0,0.0
5960,86011380,86011880,500,0,100.0,0.0
5961,86011880,86012380,500,0,100.0,0.0
5962,86012380,86012880,500,0,100.0,0.0
5963,86012880,86013380,500,0,100.0,0.0
5964,86013380,86013880,500,0,100.0,0.0
5965,86013880,86014380,500,0,100.0,0.0
5966,86014380,86014880,500,0,100.0,0.0
5967,86014880,86015380,500,0,100.0,0.0
5968,86015380,86015880,500,0,100.0,0.0
5969,86015880,86016380,500,0,100.0,0.0
5970,86016380,86016880,500,0,100.0,0.0
5971,86016880,86017380,500,0,100.0,0.0
5972,86017380,86017880,500,0,100.0,0.0
5973,86017880,86018380,500,0,100.0,0.0
5974,86018380,86018880,500,0,100.0,0.0
5975,86018880,86019380,500,0,100.0,0.0
5976,86019380,86019880,500,0,100.0,0.0
5977,86019880,86020380,500,0,100.0,0.0
5978,86020380,86020880,500,0,100.0,0.0
5979,86020880,86021380,500,0,100.0,0.0
5980,86021380,86021880,500,0,100.0,0.0
5981,86021880,86022380,500,0,100.0,0.0
5982,86022380,86022880,500,0,100.0,0.0
5983,86022880,86023380,500,0,100.0,0.0
5984,86023380,86023880,500,0,100.0,0.0
5985,86023880,86024380,500,0,100.0,0.0
5986,86024380,86024880,500,0,100.0,0.0
5987,86024880,86025380,500,0,100.0,0.0
5988,86025380,86025880,500,0,100.0,0.0
5989,86025880,86026380,500,0,100.0,0.0
5990,86026380,86026880,500,0,100.0,0.0
5991,86026880,86027380,500,0,100.0,0.0
5992,86027380,86027880,500,0,100.0,0.0
5993,86027880,86028380,500,0,100.0,0.0
5994,86028380,86028880,500,0,100.0,0.0
5995,86028880,86029380,500,0,100.0,0.0
5996,86029380,86029880,49,451,9.8,90.2
5997,86029880,86030380,9,491,1.7999999999999998,98.2
5998,86030380,86030880,68,432,13.600000000000001,86.4
5999,86030880,86031380,325,175,65.0,35.0
6000,86031380,86031880,500,0,100.0,0.0
6001,86031880,86032380,500,0,100.0,0.0
6002,86032380,86032880,500,0,100.0,0.0
6003,86032880,86033380,500,0,100.0,0.0
6004,86033380,86033880,500,0,100.0,0.0
6005,86033880,86034380,500,0,100.0,0.0
6006,86034380,86034880,500,0,100.0,0.0
6007,86034880,86035380,500,0,100.0,0.0
6008,86035380,86035880,500,0,100.0,0.0
6009,86035880,86036380,500,0,100.0,0.0
6010,86036380,86036880,500,0,100.0,0.0
6011,86036880,86037380,500,0,100.0,0.0
6012,86037380,86037880,500,0,100.0,0.0
6013,86037880,86038380,500,0,100.0,0.0
6014,86038380,86038880,500,0,100.0,0.0
6015,86038880,86039380,500,0,100.0,0.0
6016,86039380,86039880,500,0,100.0,0.0
6017,86039880,86040380,500,0,100.0,0.0
6018,86040380,86040880,500,0,100.0,0.0
6019,86040880,86041380,500,0,100.0,0.0
6020,86041380,86041880,500,0,100.0,0.0
6021,86041880,86042380,500,0,100.0,0.0
6022,86042380,86042880,500,0,100.0,0.0
6023,86042880,86043380,500,0,100.0,0.0
6024,86043380,86043880,500,0,100.0,0.0
6025,86043880,86044380,500,0,100.0,0.0
6026,86044380,86044880,500,0,100.0,0.0
6027,86044880,86045380,500,0,100.0,0.0
6028,86045380,86045880,500,0,100.0,0.0
6029,86045880,86046380,500,0,100.0,0.0
6030,86046380,86046880,228,272,45.6,54.4
6031,86046880,86047380,6,494,1.2,98.8
6032,86047380,86047880,161,339,32.2,67.8
6033,86047880,86048380,46,454,9.2,90.8
6034,86048380,86048880,500,0,100.0,0.0
6035,86048880,86049380,500,0,100.0,0.0
6036,86049380,86049880,500,0,100.0,0.0
6037,86049880,86050380,500,0,100.0,0.0
6038,86050380,86050880,500,0,100.0,0.0
6039,86050880,86051380,500,0,100.0,0.0
6040,86051380,86051880,500,0,100.0,0.0
6041,86051880,86052380,500,0,100.0,0.0
6042,86052380,86052880,500,0,100.0,0.0
6043,86052880,86053380,500,0,100.0,0.0
6044,86053380,86053880,500,0,100.0,0.0
6045,86053880,86054380,500,0,100.0,0.0
6046,86054380,86054880,500,0,100.0,0.0
6047,86054880,86055380,500,0,100.0,0.0
6048,86055380,86055880,500,0,100.0,0.0
6049,86055880,86056380,500,0,100.0,0.0
6050,86056380,86056880,500,0,100.0,0.0
6051,86056880,86057380,500,0,100.0,0.0
6052,86057380,86057880,500,0,100.0,0.0
6053,86057880,86058380,500,0,100.0,0.0
6054,86058380,86058880,500,0,100.0,0.0
6055,86058880,86059380,500,0,100.0,0.0
6056,86059380,86059880,500,0,100.0,0.0
6057,86059880,86060380,500,0,100.0,0.0
6058,86060380,86060880,500,0,100.0,0.0
6059,86060880,86061380,500,0,100.0,0.0
6060,86061380,86061880,500,0,100.0,0.0
6061,86061880,86062380,500,0,100.0,0.0
6062,86062380,86062880,500,0,100.0,0.0
6063,86062880,86063380,500,0,100.0,0.0
6064,86063380,86063880,500,0,100.0,0.0
6065,86063880,86064380,500,0,100.0,0.0
6066,86064380,86064880,500,0,100.0,0.0
6067,86064880,86065380,500,0,100.0,0.0
6068,86065380,86065880,500,0,100.0,0.0
6069,86065880,86066380,500,0,100.0,0.0
6070,86066380,86066880,241,259,48.199999999999996,51.800000000000004
6071,86066880,86067380,6,494,1.2,98.8
6072,86067380,86067880,74,426,14.799999999999999,85.2
6073,86067880,86068380,93,407,18.6,81.4
6074,86068380,86068880,500,0,100.0,0.0
6075,86068880,86069380,500,0,100.0,0.0
6076,86069380,86069880,500,0,100.0,0.0
6077,86069880,86070380,500,0,100.0,0.0
6078,86070380,86070880,500,0,100.0,0.0
6079,86070880,86071380,500,0,100.0,0.0
6080,86071380,86071880,500,0,100.0,0.0
6081,86071880,86072380,500,0,100.0,0.0
6082,86072380,86072880,500,0,100.0,0.0
6083,86072880,86073380,500,0,100.0,0.0
6084,86073380,86073880,500,0,100.0,0.0
6085,86073880,86074380,500,0,100.0,0.0
6086,86074380,86074880,500,0,100.0,0.0
6087,86074880,86075380,500,0,100.0,0.0
6088,86075380,86075880,500,0,100.0,0.0
6089,86075880,86076380,500,0,100.0,0.0
6090,86076380,86076880,500,0,100.0,0.0
6091,86076880,86077380,500,0,100.0,0.0
6092,86077380,86077880,500,0,100.0,0.0
6093,86077880,86078380,500,0,100.0,0.0
6094,86078380,86078880,500,0,100.0,0.0
6095,86078880,86079380,500,0,100.0,0.0
6096,86079380,86079880,500,0,100.0,0.0
6097,86079880,86080380,500,0,100.0,0.0
6098,86080380,86080880,500,0,100.0,0.0
6099,86080880,86081380,500,0,100.0,0.0
6100,86081380,86081880,500,0,100.0,0.0
6101,86081880,86082380,500,0,100.0,0.0
6102,86082380,86082880,500,0,100.0,0.0
6103,86082880,86083380,500,0,100.0,0.0
6104,86083380,86083880,500,0,100.0,0.0
6105,86083880,86084380,26,474,5.2,94.8
6106,86084380,86084880,73,427,14.6,85.4
6107,86084880,86085380,5,495,1.0,99.0
6108,86085380,86085880,335,165,67.0,33.0
6109,86085880,86086380,500,0,100.0,0.0
6110,86086380,86086880,500,0,100.0,0.0
6111,86086880,86087380,500,0,100.0,0.0
6112,86087380,86087880,500,0,100.0,0.0
6113,86087880,86088380,500,0,100.0,0.0
6114,86088380,86088880,500,0,100.0,0.0
6115,86088880,86089380,500,0,100.0,0.0
6116,86089380,86089880,500,0,100.0,0.0
6117,86089880,86090380,500,0,100.0,0.0
6118,86090380,86090880,500,0,100.0,0.0
6119,86090880,86091380,500,0,100.0,0.0
6120,86091380,86091880,500,0,100.0,0.0
6121,86091880,86092380,500,0,100.0,0.0
6122,86092380,86092880,500,0,100.0,0.0
6123,86092880,86093380,500,0,100.0,0.0
6124,86093380,86093880,500,0,100.0,0.0
6125,86093880,86094380,500,0,100.0,0.0
6126,86094380,86094880,500,0,100.0,0.0
6127,86094880,86095380,500,0,100.0,0.0
6128,86095380,86095880,500,0,100.0,0.0
6129,86095880,86096380,500,0,100.0,0.0
6130,86096380,86096880,500,0,100.0,0.0
6131,86096880,86097380,500,0,100.0,0.0
6132,86097380,86097880,500,0,100.0,0.0
6133,86097880,86098380,500,0,100.0,0.0
6134,86098380,86098880,500,0,100.0,0.0
6135,86098880,86099380,500,0,100.0,0.0
6136,86099380,86099880,500,0,100.0,0.0
6137,86099880,86100380,500,0,100.0,0.0
6138,86100380,86100880,500,0,100.0,0.0
6139,86100880,86101380,500,0,100.0,0.0
6140,86101380,86101880,24,476,4.8,95.2
6141,86101880,86102380,36,464,7.199999999999999,92.8
6142,86102380,86102880,37,463,7.3999999999999995,92.6
6143,86102880,86103380,298,202,59.599999999999994,40.400000000000006
6144,86103380,86103880,500,0,100.0,0.0
6145,86103880,86104380,500,0,100.0,0.0
6146,86104380,86104880,500,0,100.0,0.0
6147,86104880,86105380,500,0,100.0,0.0
6148,86105380,86105880,500,0,100.0,0.0
6149,86105880,86106380,500,0,100.0,0.0
6150,86106380,86106880,500,0,100.0,0.0
6151,86106880,86107380,500,0,100.0,0.0
6152,86107380,86107880,500,0,100.0,0.0
6153,86107880,86108380,500,0,100.0,0.0
6154,86108380,86108880,500,0,100.0,0.0
6155,86108880,86109380,500,0,100.0,0.0
6156,86109380,86109880,500,0,100.0,0.0
6157,86109880,86110380,500,0,100.0,0.0
6158,86110380,86110880,500,0,100.0,0.0
6159,86110880,86111380,500,0,100.0,0.0
6160,86111380,86111880,500,0,100.0,0.0
6161,86111880,86112380,500,0,100.0,0.0
6162,86112380,86112880,500,0,100.0,0.0
6163,86112880,86113380,500,0,100.0,0.0
6164,86113380,86113880,500,0,100.0,0.0
6165,86113880,86114380,500,0,100.0,0.0
6166,86114380,86114880,500,0,100.0,0.0
6167,86114880,86115380,500,0,100.0,0.0
6168,86115380,86115880,500,0,100.0,0.0
6169,86115880,86116380,500,0,100.0,0.0
6170,86116380,86116880,500,0,100.0,0.0
6171,86116880,86117380,500,0,100.0,0.0
6172,86117380,86117880,500,0,100.0,0.0
6173,86117880,86118380,500,0,100.0,0.0
6174,86118380,86118880,250,250,50.0,50.0
6175,86118880,86119380,6,494,1.2,98.8
6176,86119380,86119880,66,434,13.200000000000001,86.8
6177,86119880,86120380,111,389,22.2,77.8
6178,86120380,86120880,500,0,100.0,0.0
6179,86120880,86121380,500,0,100.0,0.0
6180,86121380,86121880,500,0,100.0,0.0
6181,86121880,86122380,500,0,100.0,0.0
6182,86122380,86122880,500,0,100.0,0.0
6183,86122880,86123380,500,0,100.0,0.0
6184,86123380,86123880,500,0,100.0,0.0
6185,86123880,86124380,500,0,100.0,0.0
6186,86124380,86124880,500,0,100.0,0.0
6187,86124880,86125380,500,0,100.0,0.0
6188,86125380,86125880,500,0,100.0,0.0
6189,86125880,86126380,500,0,100.0,0.0
6190,86126380,86126880,500,0,100.0,0.0
6191,86126880,86127380,500,0,100.0,0.0
6192,86127380,86127880,500,0,100.0,0.0
6193,86127880,86128380,500,0,100.0,0.0
6194,86128380,86128880,500,0,100.0,0.0
6195,86128880,86129380,500,0,100.0,0.0
6196,86129380,86129880,500,0,100.0,0.0
6197,86129880,86130380,500,0,100.0,0.0
6198,86130380,86130880,500,0,100.0,0.0
6199,86130880,86131380,500,0,100.0,0.0
6200,86131380,86131880,500,0,100.0,0.0
6201,86131880,86132380,500,0,100.0,0.0
6202,86132380,86132880,500,0,100.0,0.0
6203,86132880,86133380,500,0,100.0,0.0
6204,86133380,86133880,500,0,100.0,0.0
6205,86133880,86134380,500,0,100.0,0.0
6206,86134380,86134880,500,0,100.0,0.0
6207,86134880,86135380,500,0,100.0,0.0
6208,86135380,86135880,500,0,100.0,0.0
6209,86135880,86136380,500,0,100.0,0.0
6210,86136380,86136880,192,308,38.4,61.6
6211,86136880,86137380,7,493,1.4000000000000001,98.6
6212,86137380,86137880,79,421,15.8,84.2
6213,86137880,86138380,4,496,0.8,99.2
6214,86138380,86138880,400,100,80.0,20.0
6215,86138880,86139380,500,0,100.0,0.0
6216,86139380,86139880,500,0,100.0,0.0
6217,86139880,86140380,500,0,100.0,0.0
6218,86140380,86140880,500,0,100.0,0.0
6219,86140880,86141380,500,0,100.0,0.0
6220,86141380,86141880,500,0,100.0,0.0
6221,86141880,86142380,500,0,100.0,0.0
6222,86142380,86142880,500,0,100.0,0.0
6223,86142880,86143380,500,0,100.0,0.0
6224,86143380,86143880,500,0,100.0,0.0
6225,86143880,86144380,500,0,100.0,0.0
6226,86144380,86144880,500,0,100.0,0.0
6227,86144880,86145380,500,0,100.0,0.0
6228,86145380,86145880,500,0,100.0,0.0
6229,86145880,86146380,500,0,100.0,0.0
6230,86146380,86146880,500,0,100.0,0.0
6231,86146880,86147380,500,0,100.0,0.0
6232,86147380,86147880,500,0,100.0,0.0
6233,86147880,86148380,500,0,100.0,0.0
6234,86148380,86148880,500,0,100.0,0.0
6235,86148880,86149380,500,0,100.0,0.0
6236,86149380,86149880,500,0,100.0,0.0
6237,86149880,86150380,500,0,100.0,0.0
6238,86150380,86150880,500,0,100.0,0.0
6239,86150880,86151380,500,0,100.0,0.0
6240,86151380,86151880,500,0,100.0,0.0
6241,86151880,86152380,500,0,100.0,0.0
6242,86152380,86152880,500,0,100.0,0.0
6243,86152880,86153380,500,0,100.0,0.0
6244,86153380,86153880,500,0,100.0,0.0
6245,86153880,86154380,500,0,100.0,0.0
6246,86154380,86154880,500,0,100.0,0.0
6247,86154880,86155380,500,0,100.0,0.0
6248,86155380,86155880,500,0,100.0,0.0
6249,86155880,86156380,330,170,66.0,34.0
6250,86156380,86156880,9,491,1.7999999999999998,98.2
6251,86156880,86157380,56,444,11.200000000000001,88.8
6252,86157380,86157880,39,461,7.8,92.2
6253,86157880,86158380,310,190,62.0,38.0
6254,86158380,86158880,500,0,100.0,0.0
6255,86158880,86159380,500,0,100.0,0.0
6256,86159380,86159880,500,0,100.0,0.0
6257,86159880,86160380,500,0,100.0,0.0
6258,86160380,86160880,500,0,100.0,0.0
6259,86160880,86161380,500,0,100.0,0.0
6260,86161380,86161880,500,0,100.0,0.0
6261,86161880,86162380,500,0,100.0,0.0
6262,86162380,86162880,500,0,100.0,0.0
6263,86162880,86163380,500,0,100.0,0.0
6264,86163380,86163880,500,0,100.0,0.0
6265,86163880,86164380,500,0,100.0,0.0
6266,86164380,86164880,500,0,100.0,0.0
6267,86164880,86165380,500,0,100.0,0.0
6268,86165380,86165880,500,0,100.0,0.0
6269,86165880,86166380,500,0,100.0,0.0
6270,86166380,86166880,500,0,100.0,0.0
6271,86166880,86167380,500,0,100.0,0.0
6272,86167380,86167880,500,0,100.0,0.0
6273,86167880,86168380,500,0,100.0,0.0
6274,86168380,86168880,500,0,100.0,0.0
6275,86168880,86169380,500,0,100.0,0.0
6276,86169380,86169880,500,0,100.0,0.0
6277,86169880,86170380,500,0,100.0,0.0
6278,86170380,86170880,500,0,100.0,0.0
6279,86170880,86171380,500,0,100.0,0.0
6280,86171380,86171880,500,0,100.0,0.0
6281,86171880,86172380,500,0,100.0,0.0
6282,86172380,86172880,500,0,100.0,0.0
6283,86172880,86173380,500,0,100.0,0.0
6284,86173380,86173880,500,0,100.0,0.0
6285,86173880,86174380,500,0,100.0,0.0
6286,86174380,86174880,500,0,100.0,0.0
6287,86174880,86175380,500,0,100.0,0.0
6288,86175380,86175880,500,0,100.0,0.0
6289,86175880,86176380,500,0,100.0,0.0
6290,86176380,86176880,500,0,100.0,0.0
6291,86176880,86177380,500,0,100.0,0.0
6292,86177380,86177880,500,0,100.0,0.0
6293,86177880,86178380,345,155,69.0,31.0
6294,86178380,86178880,10,490,2.0,98.0
6295,86178880,86179380,79,421,15.8,84.2
6296,86179380,86179880,6,494,1.2,98.8
6297,86179880,86180380,497,3,99.4,0.5999999999999943
6298,86180380,86180880,500,0,100.0,0.0
6299,86180880,86181380,500,0,100.0,0.0
6300,86181380,86181880,500,0,100.0,0.0
6301,86181880,86182380,500,0,100.0,0.0
6302,86182380,86182880,500,0,100.0,0.0
6303,86182880,86183380,500,0,100.0,0.0
6304,86183380,86183880,500,0,100.0,0.0
6305,86183880,86184380,500,0,100.0,0.0
6306,86184380,86184880,500,0,100.0,0.0
6307,86184880,86185380,500,0,100.0,0.0
6308,86185380,86185880,500,0,100.0,0.0
6309,86185880,86186380,500,0,100.0,0.0
6310,86186380,86186880,500,0,100.0,0.0
6311,86186880,86187380,500,0,100.0,0.0
6312,86187380,86187880,500,0,100.0,0.0
6313,86187880,86188380,500,0,100.0,0.0
6314,86188380,86188880,500,0,100.0,0.0
6315,86188880,86189380,500,0,100.0,0.0
6316,86189380,86189880,500,0,100.0,0.0
6317,86189880,86190380,500,0,100.0,0.0
6318,86190380,86190880,500,0,100.0,0.0
6319,86190880,86191380,500,0,100.0,0.0
6320,86191380,86191880,500,0,100.0,0.0
6321,86191880,86192380,500,0,100.0,0.0
6322,86192380,86192880,500,0,100.0,0.0
6323,86192880,86193380,500,0,100.0,0.0
6324,86193380,86193880,500,0,100.0,0.0
6325,86193880,86194380,500,0,100.0,0.0
6326,86194380,86194880,500,0,100.0,0.0
6327,86194880,86195380,500,0,100.0,0.0
6328,86195380,86195880,500,0,100.0,0.0
6329,86195880,86196380,500,0,100.0,0.0
6330,86196380,86196880,500,0,100.0,0.0
6331,86196880,86197380,428,72,85.6,14.400000000000006
6332,86197380,86197880,8,492,1.6,98.4
6333,86197880,86198380,78,422,15.6,84.4
6334,86198380,86198880,3,497,0.6,99.4
6335,86198880,86199380,3,497,0.6,99.4
6336,86199380,86199880,197,303,39.4,60.6
6337,86199880,86200380,500,0,100.0,0.0
6338,86200380,86200880,500,0,100.0,0.0
6339,86200880,86201380,500,0,100.0,0.0
6340,86201380,86201880,500,0,100.0,0.0
6341,86201880,86202380,500,0,100.0,0.0
6342,86202380,86202880,500,0,100.0,0.0
6343,86202880,86203380,500,0,100.0,0.0
6344,86203380,86203880,500,0,100.0,0.0
6345,86203880,86204380,500,0,100.0,0.0
6346,86204380,86204880,500,0,100.0,0.0
6347,86204880,86205380,500,0,100.0,0.0
6348,86205380,86205880,500,0,100.0,0.0
6349,86205880,86206380,500,0,100.0,0.0
6350,86206380,86206880,500,0,100.0,0.0
6351,86206880,86207380,500,0,100.0,0.0
6352,86207380,86207880,500,0,100.0,0.0
6353,86207880,86208380,500,0,100.0,0.0
6354,86208380,86208880,500,0,100.0,0.0
6355,86208880,86209380,500,0,100.0,0.0
6356,86209380,86209880,500,0,100.0,0.0
6357,86209880,86210380,500,0,100.0,0.0
6358,86210380,86210880,500,0,100.0,0.0
6359,86210880,86211380,500,0,100.0,0.0
6360,86211380,86211880,500,0,100.0,0.0
6361,86211880,86212380,500,0,100.0,0.0
6362,86212380,86212880,500,0,100.0,0.0
6363,86212880,86213380,500,0,100.0,0.0
6364,86213380,86213880,500,0,100.0,0.0
6365,86213880,86214380,500,0,100.0,0.0
6366,86214380,86214880,500,0,100.0,0.0
6367,86214880,86215380,500,0,100.0,0.0
6368,86215380,86215880,500,0,100.0,0.0
6369,86215880,86216380,500,0,100.0,0.0
6370,86216380,86216880,500,0,100.0,0.0
6371,86216880,86217380,500,0,100.0,0.0
6372,86217380,86217880,500,0,100.0,0.0
6373,86217880,86218380,63,437,12.6,87.4
6374,86218380,86218880,7,493,1.4000000000000001,98.6
6375,86218880,86219380,69,431,13.8,86.2
6376,86219380,86219880,203,297,40.6,59.4
6377,86219880,86220380,500,0,100.0,0.0
6378,86220380,86220880,500,0,100.0,0.0
6379,86220880,86221380,500,0,100.0,0.0
6380,86221380,86221880,500,0,100.0,0.0
6381,86221880,86222380,500,0,100.0,0.0
6382,86222380,86222880,500,0,100.0,0.0
6383,86222880,86223380,500,0,100.0,0.0
6384,86223380,86223880,500,0,100.0,0.0
6385,86223880,86224380,500,0,100.0,0.0
6386,86224380,86224880,500,0,100.0,0.0
6387,86224880,86225380,500,0,100.0,0.0
6388,86225380,86225880,500,0,100.0,0.0
6389,86225880,86226380,500,0,100.0,0.0
6390,86226380,86226880,500,0,100.0,0.0
6391,86226880,86227380,500,0,100.0,0.0
6392,86227380,86227880,500,0,100.0,0.0
6393,86227880,86228380,500,0,100.0,0.0
6394,86228380,86228880,500,0,100.0,0.0
6395,86228880,86229380,500,0,100.0,0.0
6396,86229380,86229880,500,0,100.0,0.0
6397,86229880,86230380,500,0,100.0,0.0
6398,86230380,86230880,500,0,100.0,0.0
6399,86230880,86231380,500,0,100.0,0.0
6400,86231380,86231880,500,0,100.0,0.0
6401,86231880,86232380,500,0,100.0,0.0
6402,86232380,86232880,500,0,100.0,0.0
6403,86232880,86233380,500,0,100.0,0.0
6404,86233380,86233880,500,0,100.0,0.0
6405,86233880,86234380,500,0,100.0,0.0
6406,86234380,86234880,500,0,100.0,0.0
6407,86234880,86235380,500,0,100.0,0.0
6408,86235380,86235880,500,0,100.0,0.0
6409,86235880,86236380,500,0,100.0,0.0
6410,86236380,86236880,500,0,100.0,0.0
6411,86236880,86237380,166,334,33.2,66.8
6412,86237380,86237880,8,492,1.6,98.4
6413,86237880,86238380,79,421,15.8,84.2
6414,86238380,86238880,114,386,22.8,77.2
6415,86238880,86239380,500,0,100.0,0.0
6416,86239380,86239880,500,0,100.0,0.0
6417,86239880,86240380,500,0,100.0,0.0
6418,86240380,86240880,500,0,100.0,0.0
6419,86240880,86241380,500,0,100.0,0.0
6420,86241380,86241880,500,0,100.0,0.0
6421,86241880,86242380,500,0,100.0,0.0
6422,86242380,86242880,500,0,100.0,0.0
6423,86242880,86243380,500,0,100.0,0.0
6424,86243380,86243880,500,0,100.0,0.0
6425,86243880,86244380,500,0,100.0,0.0
6426,86244380,86244880,500,0,100.0,0.0
6427,86244880,86245380,500,0,100.0,0.0
6428,86245380,86245880,500,0,100.0,0.0
6429,86245880,86246380,500,0,100.0,0.0
6430,86246380,86246880,500,0,100.0,0.0
6431,86246880,86247380,500,0,100.0,0.0
6432,86247380,86247880,500,0,100.0,0.0
6433,86247880,86248380,500,0,100.0,0.0
6434,86248380,86248880,500,0,100.0,0.0
6435,86248880,86249380,500,0,100.0,0.0
6436,86249380,86249880,500,0,100.0,0.0
6437,86249880,86250380,500,0,100.0,0.0
6438,86250380,86250880,500,0,100.0,0.0
6439,86250880,86251380,500,0,100.0,0.0
6440,86251380,86251880,500,0,100.0,0.0
6441,86251880,86252380,500,0,100.0,0.0
6442,86252380,86252880,500,0,100.0,0.0
6443,86252880,86253380,500,0,100.0,0.0
6444,86253380,86253880,500,0,100.0,0.0
6445,86253880,86254380,500,0,100.0,0.0
6446,86254380,86254880,500,0,100.0,0.0
6447,86254880,86255380,500,0,100.0,0.0
6448,86255380,86255880,500,0,100.0,0.0
6449,86255880,86256380,72,428,14.399999999999999,85.6
6450,86256380,86256880,6,494,1.2,98.8
6451,86256880,86257380,79,421,15.8,84.2
6452,86257380,86257880,6,494,1.2,98.8
6453,86257880,86258380,2,498,0.4,99.6
6454,86258380,86258880,229,271,45.800000000000004,54.199999999999996
6455,86258880,86259380,500,0,100.0,0.0
6456,86259380,86259880,500,0,100.0,0.0
6457,86259880,86260380,500,0,100.0,0.0
6458,86260380,86260880,500,0,100.0,0.0
6459,86260880,86261380,500,0,100.0,0.0
6460,86261380,86261880,500,0,100.0,0.0
6461,86261880,86262380,500,0,100.0,0.0
6462,86262380,86262880,500,0,100.0,0.0
6463,86262880,86263380,500,0,100.0,0.0
6464,86263380,86263880,500,0,100.0,0.0
6465,86263880,86264380,500,0,100.0,0.0
6466,86264380,86264880,500,0,100.0,0.0
6467,86264880,86265380,500,0,100.0,0.0
6468,86265380,86265880,500,0,100.0,0.0
6469,86265880,86266380,500,0,100.0,0.0
6470,86266380,86266880,500,0,100.0,0.0
6471,86266880,86267380,500,0,100.0,0.0
6472,86267380,86267880,500,0,100.0,0.0
6473,86267880,86268380,500,0,100.0,0.0
6474,86268380,86268880,500,0,100.0,0.0
6475,86268880,86269380,500,0,100.0,0.0
6476,86269380,86269880,500,0,100.0,0.0
6477,86269880,86270380,500,0,100.0,0.0
6478,86270380,86270880,500,0,100.0,0.0
6479,86270880,86271380,500,0,100.0,0.0
6480,86271380,86271880,500,0,100.0,0.0
6481,86271880,86272380,500,0,100.0,0.0
6482,86272380,86272880,500,0,100.0,0.0
6483,86272880,86273380,500,0,100.0,0.0
6484,86273380,86273880,500,0,100.0,0.0
6485,86273880,86274380,500,0,100.0,0.0
6486,86274380,86274880,500,0,100.0,0.0
6487,86274880,86275380,500,0,100.0,0.0
6488,86275380,86275880,279,221,55.800000000000004,44.199999999999996
6489,86275880,86276380,6,494,1.2,98.8
6490,86276380,86276880,6,494,1.2,98.8
6491,86276880,86277380,57,443,11.4,88.6
6492,86277380,86277880,46,454,9.2,90.8
6493,86277880,86278380,227,273,45.4,54.6
6494,86278380,86278880,500,0,100.0,0.0
6495,86278880,86279380,500,0,100.0,0.0
6496,86279380,86279880,500,0,100.0,0.0
6497,86279880,86280380,500,0,100.0,0.0
6498,86280380,86280880,500,0,100.0,0.0
6499,86280880,86281380,500,0,100.0,0.0
6500,86281380,86281880,500,0,100.0,0.0
6501,86281880,86282380,500,0,100.0,0.0
6502,86282380,86282880,500,0,100.0,0.0
6503,86282880,86283380,500,0,100.0,0.0
6504,86283380,86283880,500,0,100.0,0.0
6505,86283880,86284380,500,0,100.0,0.0
6506,86284380,86284880,500,0,100.0,0.0
6507,86284880,86285380,500,0,100.0,0.0
6508,86285380,86285880,500,0,100.0,0.0
6509,86285880,86286380,500,0,100.0,0.0
6510,86286380,86286880,500,0,100.0,0.0
6511,86286880,86287380,500,0,100.0,0.0
6512,86287380,86287880,500,0,100.0,0.0
6513,86287880,86288380,500,0,100.0,0.0
6514,86288380,86288880,500,0,100.0,0.0
6515,86288880,86289380,500,0,100.0,0.0
6516,86289380,86289880,500,0,100.0,0.0
6517,86289880,86290380,500,0,100.0,0.0
6518,86290380,86290880,500,0,100.0,0.0
6519,86290880,86291380,500,0,100.0,0.0
6520,86291380,86291880,500,0,100.0,0.0
6521,86291880,86292380,500,0,100.0,0.0
6522,86292380,86292880,500,0,100.0,0.0
6523,86292880,86293380,500,0,100.0,0.0
6524,86293380,86293880,500,0,100.0,0.0
6525,86293880,86294380,500,0,100.0,0.0
6526,86294380,86294880,492,8,98.4,1.5999999999999943
6527,86294880,86295380,7,493,1.4000000000000001,98.6
6528,86295380,86295880,35,465,7.000000000000001,93.0
6529,86295880,86296380,40,460,8.0,92.0
6530,86296380,86296880,299,201,59.8,40.2
6531,86296880,86297380,500,0,100.0,0.0
6532,86297380,86297880,500,0,100.0,0.0
6533,86297880,86298380,500,0,100.0,0.0
6534,86298380,86298880,500,0,100.0,0.0
6535,86298880,86299380,500,0,100.0,0.0
6536,86299380,86299880,500,0,100.0,0.0
6537,86299880,86300380,500,0,100.0,0.0
6538,86300380,86300880,500,0,100.0,0.0
6539,86300880,86301380,500,0,100.0,0.0
6540,86301380,86301880,500,0,100.0,0.0
6541,86301880,86302380,500,0,100.0,0.0
6542,86302380,86302880,500,0,100.0,0.0
6543,86302880,86303380,500,0,100.0,0.0
6544,86303380,86303880,500,0,100.0,0.0
6545,86303880,86304380,500,0,100.0,0.0
6546,86304380,86304880,500,0,100.0,0.0
6547,86304880,86305380,500,0,100.0,0.0
6548,86305380,86305880,500,0,100.0,0.0
6549,86305880,86306380,500,0,100.0,0.0
6550,86306380,86306880,500,0,100.0,0.0
6551,86306880,86307380,500,0,100.0,0.0
6552,86307380,86307880,500,0,100.0,0.0
6553,86307880,86308380,500,0,100.0,0.0
6554,86308380,86308880,500,0,100.0,0.0
6555,86308880,86309380,500,0,100.0,0.0
6556,86309380,86309880,500,0,100.0,0.0
6557,86309880,86310380,500,0,100.0,0.0
6558,86310380,86310880,500,0,100.0,0.0
6559,86310880,86311380,500,0,100.0,0.0
6560,86311380,86311880,500,0,100.0,0.0
6561,86311880,86312380,500,0,100.0,0.0
6562,86312380,86312880,500,0,100.0,0.0
6563,86312880,86313380,500,0,100.0,0.0
6564,86313380,86313880,500,0,100.0,0.0
6565,86313880,86314380,500,0,100.0,0.0
6566,86314380,86314880,500,0,100.0,0.0
6567,86314880,86315380,500,0,100.0,0.0
6568,86315380,86315880,500,0,100.0,0.0
6569,86315880,86316380,129,371,25.8,74.2
6570,86316380,86316880,8,492,1.6,98.4
6571,86316880,86317380,72,428,14.399999999999999,85.6
6572,86317380,86317880,144,356,28.799999999999997,71.2
6573,86317880,86318380,500,0,100.0,0.0
6574,86318380,86318880,500,0,100.0,0.0
6575,86318880,86319380,500,0,100.0,0.0
6576,86319380,86319880,500,0,100.0,0.0
6577,86319880,86320380,500,0,100.0,0.0
6578,86320380,86320880,500,0,100.0,0.0
6579,86320880,86321380,500,0,100.0,0.0
6580,86321380,86321880,500,0,100.0,0.0
6581,86321880,86322380,500,0,100.0,0.0
6582,86322380,86322880,500,0,100.0,0.0
6583,86322880,86323380,500,0,100.0,0.0
6584,86323380,86323880,500,0,100.0,0.0
6585,86323880,86324380,500,0,100.0,0.0
6586,86324380,86324880,500,0,100.0,0.0
6587,86324880,86325380,500,0,100.0,0.0
6588,86325380,86325880,500,0,100.0,0.0
6589,86325880,86326380,500,0,100.0,0.0
6590,86326380,86326880,500,0,100.0,0.0
6591,86326880,86327380,500,0,100.0,0.0
6592,86327380,86327880,500,0,100.0,0.0
6593,86327880,86328380,500,0,100.0,0.0
6594,86328380,86328880,500,0,100.0,0.0
6595,86328880,86329380,500,0,100.0,0.0
6596,86329380,86329880,500,0,100.0,0.0
6597,86329880,86330380,500,0,100.0,0.0
6598,86330380,86330880,500,0,100.0,0.0
6599,86330880,86331380,500,0,100.0,0.0
6600,86331380,86331880,500,0,100.0,0.0
6601,86331880,86332380,500,0,100.0,0.0
6602,86332380,86332880,500,0,100.0,0.0
6603,86332880,86333380,500,0,100.0,0.0
6604,86333380,86333880,500,0,100.0,0.0
6605,86333880,86334380,500,0,100.0,0.0
6606,86334380,86334880,500,0,100.0,0.0
6607,86334880,86335380,104,396,20.8,79.2
6608,86335380,86335880,8,492,1.6,98.4
6609,86335880,86336380,70,430,14.000000000000002,86.0
6610,86336380,86336880,128,372,25.6,74.4
6611,86336880,86337380,500,0,100.0,0.0
6612,86337380,86337880,500,0,100.0,0.0
6613,86337880,86338380,500,0,100.0,0.0
6614,86338380,86338880,500,0,100.0,0.0
6615,86338880,86339380,500,0,100.0,0.0
6616,86339380,86339880,500,0,100.0,0.0
6617,86339880,86340380,500,0,100.0,0.0
6618,86340380,86340880,500,0,100.0,0.0
6619,86340880,86341380,500,0,100.0,0.0
6620,86341380,86341880,500,0,100.0,0.0
6621,86341880,86342380,500,0,100.0,0.0
6622,86342380,86342880,500,0,100.0,0.0
6623,86342880,86343380,500,0,100.0,0.0
6624,86343380,86343880,500,0,100.0,0.0
6625,86343880,86344380,500,0,100.0,0.0
6626,86344380,86344880,500,0,100.0,0.0
6627,86344880,86345380,500,0,100.0,0.0
6628,86345380,86345880,500,0,100.0,0.0
6629,86345880,86346380,500,0,100.0,0.0
6630,86346380,86346880,500,0,100.0,0.0
6631,86346880,86347380,500,0,100.0,0.0
6632,86347380,86347880,500,0,100.0,0.0
6633,86347880,86348380,500,0,100.0,0.0
6634,86348380,86348880,500,0,100.0,0.0
6635,86348880,86349380,500,0,100.0,0.0
6636,86349380,86349880,500,0,100.0,0.0
6637,86349880,86350380,500,0,100.0,0.0
6638,86350380,86350880,500,0,100.0,0.0
6639,86350880,86351380,500,0,100.0,0.0
6640,86351380,86351880,500,0,100.0,0.0
6641,86351880,86352380,500,0,100.0,0.0
6642,86352380,86352880,500,0,100.0,0.0
6643,86352880,86353380,500,0,100.0,0.0
6644,86353380,86353880,500,0,100.0,0.0
6645,86353880,86354380,500,0,100.0,0.0
6646,86354380,86354880,500,0,100.0,0.0
6647,86354880,86355380,500,0,100.0,0.0
6648,86355380,86355880,279,221,55.800000000000004,44.199999999999996
6649,86355880,86356380,8,492,1.6,98.4
6650,86356380,86356880,80,420,16.0,84.0
6651,86356880,86357380,4,496,0.8,99.2
6652,86357380,86357880,243,257,48.6,51.4
6653,86357880,86358380,500,0,100.0,0.0
6654,86358380,86358880,500,0,100.0,0.0
6655,86358880,86359380,500,0,100.0,0.0
6656,86359380,86359880,500,0,100.0,0.0
6657,86359880,86360380,500,0,100.0,0.0
6658,86360380,86360880,500,0,100.0,0.0
6659,86360880,86361380,500,0,100.0,0.0
6660,86361380,86361880,500,0,100.0,0.0
6661,86361880,86362380,500,0,100.0,0.0
6662,86362380,86362880,500,0,100.0,0.0
6663,86362880,86363380,500,0,100.0,0.0
6664,86363380,86363880,500,0,100.0,0.0
6665,86363880,86364380,500,0,100.0,0.0
6666,86364380,86364880,500,0,100.0,0.0
6667,86364880,86365380,500,0,100.0,0.0
6668,86365380,86365880,500,0,100.0,0.0
6669,86365880,86366380,500,0,100.0,0.0
6670,86366380,86366880,500,0,100.0,0.0
6671,86366880,86367380,500,0,100.0,0.0
6672,86367380,86367880,500,0,100.0,0.0
6673,86367880,86368380,500,0,100.0,0.0
6674,86368380,86368880,500,0,100.0,0.0
6675,86368880,86369380,500,0,100.0,0.0
6676,86369380,86369880,500,0,100.0,0.0
6677,86369880,86370380,500,0,100.0,0.0
6678,86370380,86370880,500,0,100.0,0.0
6679,86370880,86371380,500,0,100.0,0.0
6680,86371380,86371880,500,0,100.0,0.0
6681,86371880,86372380,500,0,100.0,0.0
6682,86372380,86372880,500,0,100.0,0.0
6683,86372880,86373380,500,0,100.0,0.0
6684,86373380,86373880,500,0,100.0,0.0
6685,86373880,86374380,500,0,100.0,0.0
6686,86374380,86374880,500,0,100.0,0.0
6687,86374880,86375380,417,83,83.39999999999999,16.60000000000001
6688,86375380,86375880,10,490,2.0,98.0
6689,86375880,86376380,4,496,0.8,99.2
6690,86376380,86376880,82,418,16.400000000000002,83.6
6691,86376880,86377380,2,498,0.4,99.6
6692,86377380,86377880,251,249,50.2,49.8
6693,86377880,86378380,500,0,100.0,0.0
6694,86378380,86378880,500,0,100.0,0.0
6695,86378880,86379380,500,0,100.0,0.0
6696,86379380,86379880,500,0,100.0,0.0
6697,86379880,86380380,500,0,100.0,0.0
6698,86380380,86380880,500,0,100.0,0.0
6699,86380880,86381380,500,0,100.0,0.0
6700,86381380,86381880,500,0,100.0,0.0
6701,86381880,86382380,500,0,100.0,0.0
6702,86382380,86382880,500,0,100.0,0.0
6703,86382880,86383380,500,0,100.0,0.0
6704,86383380,86383880,500,0,100.0,0.0
6705,86383880,86384380,500,0,100.0,0.0
6706,86384380,86384880,500,0,100.0,0.0
6707,86384880,86385380,500,0,100.0,0.0
6708,86385380,86385880,500,0,100.0,0.0
6709,86385880,86386380,500,0,100.0,0.0
6710,86386380,86386880,500,0,100.0,0.0
6711,86386880,86387380,500,0,100.0,0.0
6712,86387380,86387880,500,0,100.0,0.0
6713,86387880,86388380,500,0,100.0,0.0
6714,86388380,86388880,500,0,100.0,0.0
6715,86388880,86389380,500,0,100.0,0.0
6716,86389380,86389880,500,0,100.0,0.0
6717,86389880,86390380,500,0,100.0,0.0
6718,86390380,86390880,500,0,100.0,0.0
6719,86390880,86391380,500,0,100.0,0.0
6720,86391380,86391880,500,0,100.0,0.0
6721,86391880,86392380,500,0,100.0,0.0
6722,86392380,86392880,500,0,100.0,0.0
6723,86392880,86393380,500,0,100.0,0.0
6724,86393380,86393880,500,0,100.0,0.0
6725,86393880,86394380,500,0,100.0,0.0
6726,86394380,86394880,500,0,100.0,0.0
6727,86394880,86395380,465,35,93.0,7.0
6728,86395380,86395880,9,491,1.7999999999999998,98.2
6729,86395880,86396380,4,496,0.8,99.2
6730,86396380,86396880,77,423,15.4,84.6
6731,86396880,86397380,156,344,31.2,68.8
6732,86397380,86397880,500,0,100.0,0.0
6733,86397880,86398380,500,0,100.0,0.0
6734,86398380,86398880,500,0,100.0,0.0
6735,86398880,86399380,500,0,100.0,0.0
6736,86399380,86399880,500,0,100.0,0.0
6737,86399880,86400380,500,0,100.0,0.0
6738,86400380,86400880,500,0,100.0,0.0
6739,86400880,86401380,500,0,100.0,0.0
6740,86401380,86401880,500,0,100.0,0.0
6741,86401880,86402380,500,0,100.0,0.0
6742,86402380,86402880,500,0,100.0,0.0
6743,86402880,86403380,500,0,100.0,0.0
6744,86403380,86403880,500,0,100.0,0.0
6745,86403880,86404380,500,0,100.0,0.0
6746,86404380,86404880,500,0,100.0,0.0
6747,86404880,86405380,500,0,100.0,0.0
6748,86405380,86405880,500,0,100.0,0.0
6749,86405880,86406380,500,0,100.0,0.0
6750,86406380,86406880,500,0,100.0,0.0
6751,86406880,86407380,500,0,100.0,0.0
6752,86407380,86407880,500,0,100.0,0.0
6753,86407880,86408380,500,0,100.0,0.0
6754,86408380,86408880,500,0,100.0,0.0
6755,86408880,86409380,500,0,100.0,0.0
6756,86409380,86409880,500,0,100.0,0.0
6757,86409880,86410380,500,0,100.0,0.0
6758,86410380,86410880,500,0,100.0,0.0
6759,86410880,86411380,500,0,100.0,0.0
6760,86411380,86411880,500,0,100.0,0.0
6761,86411880,86412380,500,0,100.0,0.0
6762,86412380,86412880,500,0,100.0,0.0
6763,86412880,86413380,500,0,100.0,0.0
6764,86413380,86413880,500,0,100.0,0.0
6765,86413880,86414380,500,0,100.0,0.0
6766,86414380,86414880,500,0,100.0,0.0
6767,86414880,86415380,500,0,100.0,0.0
6768,86415380,86415880,500,0,100.0,0.0
6769,86415880,86416380,500,0,100.0,0.0
6770,86416380,86416880,500,0,100.0,0.0
6771,86416880,86417380,500,0,100.0,0.0
6772,86417380,86417880,500,0,100.0,0.0
6773,86417880,86418380,500,0,100.0,0.0
6774,86418380,86418880,335,165,67.0,33.0
6775,86418880,86419380,8,492,1.6,98.4
6776,86419380,86419880,5,495,1.0,99.0
6777,86419880,86420380,86,414,17.2,82.8
6778,86420380,86420880,154,346,30.8,69.2
6779,86420880,86421380,500,0,100.0,0.0
6780,86421380,86421880,500,0,100.0,0.0
6781,86421880,86422380,500,0,100.0,0.0
6782,86422380,86422880,500,0,100.0,0.0
6783,86422880,86423380,500,0,100.0,0.0
6784,86423380,86423880,500,0,100.0,0.0
6785,86423880,86424380,500,0,100.0,0.0
6786,86424380,86424880,500,0,100.0,0.0
6787,86424880,86425380,500,0,100.0,0.0
6788,86425380,86425880,500,0,100.0,0.0
6789,86425880,86426380,500,0,100.0,0.0
6790,86426380,86426880,500,0,100.0,0.0
6791,86426880,86427380,500,0,100.0,0.0
6792,86427380,86427880,500,0,100.0,0.0
6793,86427880,86428380,500,0,100.0,0.0
6794,86428380,86428880,500,0,100.0,0.0
6795,86428880,86429380,500,0,100.0,0.0
6796,86429380,86429880,500,0,100.0,0.0
6797,86429880,86430380,500,0,100.0,0.0
6798,86430380,86430880,500,0,100.0,0.0
6799,86430880,86431380,500,0,100.0,0.0
6800,86431380,86431880,500,0,100.0,0.0
6801,86431880,86432380,500,0,100.0,0.0
6802,86432380,86432880,500,0,100.0,0.0
6803,86432880,86433380,500,0,100.0,0.0
6804,86433380,86433880,500,0,100.0,0.0
6805,86433880,86434380,500,0,100.0,0.0
6806,86434380,86434880,500,0,100.0,0.0
6807,86434880,86435380,500,0,100.0,0.0
6808,86435380,86435880,500,0,100.0,0.0
6809,86435880,86436380,500,0,100.0,0.0
6810,86436380,86436880,500,0,100.0,0.0
6811,86436880,86437380,500,0,100.0,0.0
6812,86437380,86437880,500,0,100.0,0.0
6813,86437880,86438380,500,0,100.0,0.0
6814,86438380,86438880,500,0,100.0,0.0
6815,86438880,86439380,500,0,100.0,0.0
6816,86439380,86439880,500,0,100.0,0.0
6817,86439880,86440380,500,0,100.0,0.0
6818,86440380,86440880,500,0,100.0,0.0
6819,86440880,86441380,500,0,100.0,0.0
6820,86441380,86441880,500,0,100.0,0.0
6821,86441880,86442380,500,0,100.0,0.0
6822,86442380,86442880,500,0,100.0,0.0
6823,86442880,86443380,500,0,100.0,0.0
6824,86443380,86443880,500,0,100.0,0.0
6825,86443880,86444380,500,0,100.0,0.0
6826,86444380,86444880,500,0,100.0,0.0
6827,86444880,86445380,500,0,100.0,0.0
6828,86445380,86445880,181,319,36.199999999999996,63.800000000000004
6829,86445880,86446380,6,494,1.2,98.8
6830,86446380,86446880,82,418,16.400000000000002,83.6
6831,86446880,86447380,5,495,1.0,99.0
6832,86447380,86447880,429,71,85.8,14.200000000000003
6833,86447880,86448380,500,0,100.0,0.0
6834,86448380,86448880,500,0,100.0,0.0
6835,86448880,86449380,500,0,100.0,0.0
6836,86449380,86449880,500,0,100.0,0.0
6837,86449880,86450380,500,0,100.0,0.0
6838,86450380,86450880,500,0,100.0,0.0
6839,86450880,86451380,500,0,100.0,0.0
6840,86451380,86451880,500,0,100.0,0.0
6841,86451880,86452380,500,0,100.0,0.0
6842,86452380,86452880,500,0,100.0,0.0
6843,86452880,86453380,500,0,100.0,0.0
6844,86453380,86453880,500,0,100.0,0.0
6845,86453880,86454380,500,0,100.0,0.0
6846,86454380,86454880,500,0,100.0,0.0
6847,86454880,86455380,500,0,100.0,0.0
6848,86455380,86455880,500,0,100.0,0.0
6849,86455880,86456380,500,0,100.0,0.0
6850,86456380,86456880,500,0,100.0,0.0
6851,86456880,86457380,500,0,100.0,0.0
6852,86457380,86457880,500,0,100.0,0.0
6853,86457880,86458380,500,0,100.0,0.0
6854,86458380,86458880,500,0,100.0,0.0
6855,86458880,86459380,500,0,100.0,0.0
6856,86459380,86459880,500,0,100.0,0.0
6857,86459880,86460380,500,0,100.0,0.0
6858,86460380,86460880,500,0,100.0,0.0
6859,86460880,86461380,500,0,100.0,0.0
6860,86461380,86461880,500,0,100.0,0.0
6861,86461880,86462380,500,0,100.0,0.0
6862,86462380,86462880,500,0,100.0,0.0
6863,86462880,86463380,500,0,100.0,0.0
6864,86463380,86463880,500,0,100.0,0.0
6865,86463880,86464380,500,0,100.0,0.0
6866,86464380,86464880,500,0,100.0,0.0
6867,86464880,86465380,322,178,64.4,35.599999999999994
6868,86465380,86465880,8,492,1.6,98.4
6869,86465880,86466380,71,429,14.2,85.8
6870,86466380,86466880,6,494,1.2,98.8
6871,86466880,86467380,290,210,57.99999999999999,42.00000000000001
6872,86467380,86467880,500,0,100.0,0.0
6873,86467880,86468380,500,0,100.0,0.0
6874,86468380,86468880,500,0,100.0,0.0
6875,86468880,86469380,500,0,100.0,0.0
6876,86469380,86469880,500,0,100.0,0.0
6877,86469880,86470380,500,0,100.0,0.0
6878,86470380,86470880,500,0,100.0,0.0
6879,86470880,86471380,500,0,100.0,0.0
6880,86471380,86471880,500,0,100.0,0.0
6881,86471880,86472380,500,0,100.0,0.0
6882,86472380,86472880,500,0,100.0,0.0
6883,86472880,86473380,500,0,100.0,0.0
6884,86473380,86473880,500,0,100.0,0.0
6885,86473880,86474380,500,0,100.0,0.0
6886,86474380,86474880,500,0,100.0,0.0
6887,86474880,86475380,500,0,100.0,0.0
6888,86475380,86475880,500,0,100.0,0.0
6889,86475880,86476380,500,0,100.0,0.0
6890,86476380,86476880,500,0,100.0,0.0
6891,86476880,86477380,500,0,100.0,0.0
6892,86477380,86477880,500,0,100.0,0.0
6893,86477880,86478380,500,0,100.0,0.0
6894,86478380,86478880,500,0,100.0,0.0
6895,86478880,86479380,500,0,100.0,0.0
6896,86479380,86479880,500,0,100.0,0.0
6897,86479880,86480380,500,0,100.0,0.0
6898,86480380,86480880,500,0,100.0,0.0
6899,86480880,86481380,500,0,100.0,0.0
6900,86481380,86481880,500,0,100.0,0.0
6901,86481880,86482380,500,0,100.0,0.0
6902,86482380,86482880,500,0,100.0,0.0
6903,86482880,86483380,500,0,100.0,0.0
6904,86483380,86483880,500,0,100.0,0.0
6905,86483880,86484380,500,0,100.0,0.0
6906,86484380,86484880,500,0,100.0,0.0
6907,86484880,86485380,500,0,100.0,0.0
6908,86485380,86485880,52,448,10.4,89.6
6909,86485880,86486380,4,496,0.8,99.2
6910,86486380,86486880,104,396,20.8,79.2
6911,86486880,86487380,31,469,6.2,93.8
6912,86487380,86487880,500,0,100.0,0.0
6913,86487880,86488380,500,0,100.0,0.0
6914,86488380,86488880,500,0,100.0,0.0
6915,86488880,86489380,500,0,100.0,0.0
6916,86489380,86489880,500,0,100.0,0.0
6917,86489880,86490380,500,0,100.0,0.0
6918,86490380,86490880,500,0,100.0,0.0
6919,86490880,86491380,500,0,100.0,0.0
6920,86491380,86491880,500,0,100.0,0.0
6921,86491880,86492380,500,0,100.0,0.0
6922,86492380,86492880,500,0,100.0,0.0
6923,86492880,86493380,500,0,100.0,0.0
6924,86493380,86493880,500,0,100.0,0.0
6925,86493880,86494380,500,0,100.0,0.0
6926,86494380,86494880,500,0,100.0,0.0
6927,86494880,86495380,500,0,100.0,0.0
6928,86495380,86495880,500,0,100.0,0.0
6929,86495880,86496380,500,0,100.0,0.0
6930,86496380,86496880,500,0,100.0,0.0
6931,86496880,86497380,500,0,100.0,0.0
6932,86497380,86497880,500,0,100.0,0.0
6933,86497880,86498380,500,0,100.0,0.0
6934,86498380,86498880,500,0,100.0,0.0
6935,86498880,86499380,500,0,100.0,0.0
6936,86499380,86499880,500,0,100.0,0.0
6937,86499880,86500380,500,0,100.0,0.0
6938,86500380,86500880,500,0,100.0,0.0
6939,86500880,86501380,500,0,100.0,0.0
6940,86501380,86501880,500,0,100.0,0.0
6941,86501880,86502380,500,0,100.0,0.0
6942,86502380,86502880,500,0,100.0,0.0
6943,86502880,86503380,500,0,100.0,0.0
6944,86503380,86503880,500,0,100.0,0.0
6945,86503880,86504380,500,0,100.0,0.0
6946,86504380,86504880,500,0,100.0,0.0
6947,86504880,86505380,318,182,63.6,36.4
6948,86505380,86505880,10,490,2.0,98.0
6949,86505880,86506380,72,428,14.399999999999999,85.6
6950,86506380,86506880,5,495,1.0,99.0
6951,86506880,86507380,193,307,38.6,61.4
6952,86507380,86507880,500,0,100.0,0.0
6953,86507880,86508380,500,0,100.0,0.0
6954,86508380,86508880,500,0,100.0,0.0
6955,86508880,86509380,500,0,100.0,0.0
6956,86509380,86509880,500,0,100.0,0.0
6957,86509880,86510380,500,0,100.0,0.0
6958,86510380,86510880,500,0,100.0,0.0
6959,86510880,86511380,500,0,100.0,0.0
6960,86511380,86511880,500,0,100.0,0.0
6961,86511880,86512380,500,0,100.0,0.0
6962,86512380,86512880,500,0,100.0,0.0
6963,86512880,86513380,500,0,100.0,0.0
6964,86513380,86513880,500,0,100.0,0.0
6965,86513880,86514380,500,0,100.0,0.0
6966,86514380,86514880,500,0,100.0,0.0
6967,86514880,86515380,500,0,100.0,0.0
6968,86515380,86515880,500,0,100.0,0.0
6969,86515880,86516380,500,0,100.0,0.0
6970,86516380,86516880,500,0,100.0,0.0
6971,86516880,86517380,500,0,100.0,0.0
6972,86517380,86517880,500,0,100.0,0.0
6973,86517880,86518380,500,0,100.0,0.0
6974,86518380,86518880,500,0,100.0,0.0
6975,86518880,86519380,500,0,100.0,0.0
6976,86519380,86519880,500,0,100.0,0.0
6977,86519880,86520380,500,0,100.0,0.0
6978,86520380,86520880,500,0,100.0,0.0
6979,86520880,86521380,500,0,100.0,0.0
6980,86521380,86521880,500,0,100.0,0.0
6981,86521880,86522380,500,0,100.0,0.0
6982,86522380,86522880,500,0,100.0,0.0
6983,86522880,86523380,500,0,100.0,0.0
6984,86523380,86523880,500,0,100.0,0.0
6985,86523880,86524380,500,0,100.0,0.0
6986,86524380,86524880,500,0,100.0,0.0
6987,86524880,86525380,500,0,100.0,0.0
6988,86525380,86525880,243,257,48.6,51.4
6989,86525880,86526380,5,495,1.0,99.0
6990,86526380,86526880,7,493,1.4000000000000001,98.6
6991,86526880,86527380,136,364,27.200000000000003,72.8
6992,86527380,86527880,6,494,1.2,98.8
6993,86527880,86528380,268,232,53.6,46.4
6994,86528380,86528880,500,0,100.0,0.0
6995,86528880,86529380,500,0,100.0,0.0
6996,86529380,86529880,500,0,100.0,0.0
6997,86529880,86530380,500,0,100.0,0.0
6998,86530380,86530880,500,0,100.0,0.0
6999,86530880,86531380,500,0,100.0,0.0
7000,86531380,86531880,500,0,100.0,0.0
7001,86531880,86532380,500,0,100.0,0.0
7002,86532380,86532880,500,0,100.0,0.0
7003,86532880,86533380,500,0,100.0,0.0
7004,86533380,86533880,500,0,100.0,0.0
7005,86533880,86534380,500,0,100.0,0.0
7006,86534380,86534880,500,0,100.0,0.0
7007,86534880,86535380,500,0,100.0,0.0
7008,86535380,86535880,500,0,100.0,0.0
7009,86535880,86536380,500,0,100.0,0.0
7010,86536380,86536880,500,0,100.0,0.0
7011,86536880,86537380,500,0,100.0,0.0
7012,86537380,86537880,500,0,100.0,0.0
7013,86537880,86538380,500,0,100.0,0.0
7014,86538380,86538880,500,0,100.0,0.0
7015,86538880,86539380,500,0,100.0,0.0
7016,86539380,86539880,500,0,100.0,0.0
7017,86539880,86540380,500,0,100.0,0.0
7018,86540380,86540880,500,0,100.0,0.0
7019,86540880,86541380,500,0,100.0,0.0
7020,86541380,86541880,500,0,100.0,0.0
7021,86541880,86542380,500,0,100.0,0.0
7022,86542380,86542880,500,0,100.0,0.0
7023,86542880,86543380,500,0,100.0,0.0
7024,86543380,86543880,500,0,100.0,0.0
7025,86543880,86544380,500,0,100.0,0.0
7026,86544380,86544880,500,0,100.0,0.0
7027,86544880,86545380,500,0,100.0,0.0
7028,86545380,86545880,436,64,87.2,12.799999999999997
7029,86545880,86546380,8,492,1.6,98.4
7030,86546380,86546880,7,493,1.4000000000000001,98.6
7031,86546880,86547380,74,426,14.799999999999999,85.2
7032,86547380,86547880,210,290,42.0,58.0
7033,86547880,86548380,500,0,100.0,0.0
7034,86548380,86548880,500,0,100.0,0.0
7035,86548880,86549380,500,0,100.0,0.0
7036,86549380,86549880,500,0,100.0,0.0
7037,86549880,86550380,500,0,100.0,0.0
7038,86550380,86550880,500,0,100.0,0.0
7039,86550880,86551380,500,0,100.0,0.0
7040,86551380,86551880,500,0,100.0,0.0
7041,86551880,86552380,500,0,100.0,0.0
7042,86552380,86552880,500,0,100.0,0.0
7043,86552880,86553380,500,0,100.0,0.0
7044,86553380,86553880,500,0,100.0,0.0
7045,86553880,86554380,500,0,100.0,0.0
7046,86554380,86554880,500,0,100.0,0.0
7047,86554880,86555380,500,0,100.0,0.0
7048,86555380,86555880,500,0,100.0,0.0
7049,86555880,86556380,500,0,100.0,0.0
7050,86556380,86556880,500,0,100.0,0.0
7051,86556880,86557380,500,0,100.0,0.0
7052,86557380,86557880,500,0,100.0,0.0
7053,86557880,86558380,500,0,100.0,0.0
7054,86558380,86558880,500,0,100.0,0.0
7055,86558880,86559380,500,0,100.0,0.0
7056,86559380,86559880,500,0,100.0,0.0
7057,86559880,86560380,500,0,100.0,0.0
7058,86560380,86560880,500,0,100.0,0.0
7059,86560880,86561380,500,0,100.0,0.0
7060,86561380,86561880,500,0,100.0,0.0
7061,86561880,86562380,500,0,100.0,0.0
7062,86562380,86562880,500,0,100.0,0.0
7063,86562880,86563380,500,0,100.0,0.0
7064,86563380,86563880,500,0,100.0,0.0
7065,86563880,86564380,500,0,100.0,0.0
7066,86564380,86564880,500,0,100.0,0.0
7067,86564880,86565380,500,0,100.0,0.0
7068,86565380,86565880,500,0,100.0,0.0
7069,86565880,86566380,500,0,100.0,0.0
7070,86566380,86566880,437,63,87.4,12.599999999999994
7071,86566880,86567380,8,492,1.6,98.4
7072,86567380,86567880,41,459,8.200000000000001,91.8
7073,86567880,86568380,38,462,7.6,92.4
7074,86568380,86568880,285,215,56.99999999999999,43.00000000000001
7075,86568880,86569380,500,0,100.0,0.0
7076,86569380,86569880,500,0,100.0,0.0
7077,86569880,86570380,500,0,100.0,0.0
7078,86570380,86570880,500,0,100.0,0.0
7079,86570880,86571380,500,0,100.0,0.0
7080,86571380,86571880,500,0,100.0,0.0
7081,86571880,86572380,500,0,100.0,0.0
7082,86572380,86572880,500,0,100.0,0.0
7083,86572880,86573380,500,0,100.0,0.0
7084,86573380,86573880,500,0,100.0,0.0
7085,86573880,86574380,500,0,100.0,0.0
7086,86574380,86574880,500,0,100.0,0.0
7087,86574880,86575380,500,0,100.0,0.0
7088,86575380,86575880,500,0,100.0,0.0
7089,86575880,86576380,500,0,100.0,0.0
7090,86576380,86576880,500,0,100.0,0.0
7091,86576880,86577380,500,0,100.0,0.0
7092,86577380,86577880,500,0,100.0,0.0
7093,86577880,86578380,500,0,100.0,0.0
7094,86578380,86578880,500,0,100.0,0.0
7095,86578880,86579380,500,0,100.0,0.0
7096,86579380,86579880,500,0,100.0,0.0
7097,86579880,86580380,500,0,100.0,0.0
7098,86580380,86580880,500,0,100.0,0.0
7099,86580880,86581380,500,0,100.0,0.0
7100,86581380,86581880,500,0,100.0,0.0
7101,86581880,86582380,500,0,100.0,0.0
7102,86582380,86582880,500,0,100.0,0.0
7103,86582880,86583380,500,0,100.0,0.0
7104,86583380,86583880,500,0,100.0,0.0
7105,86583880,86584380,500,0,100.0,0.0
7106,86584380,86584880,500,0,100.0,0.0
7107,86584880,86585380,403,97,80.60000000000001,19.39999999999999
7108,86585380,86585880,11,489,2.1999999999999997,97.8
7109,86585880,86586380,37,463,7.3999999999999995,92.6
7110,86586380,86586880,34,466,6.800000000000001,93.2
7111,86586880,86587380,295,205,59.0,41.0
7112,86587380,86587880,500,0,100.0,0.0
7113,86587880,86588380,500,0,100.0,0.0
7114,86588380,86588880,500,0,100.0,0.0
7115,86588880,86589380,500,0,100.0,0.0
7116,86589380,86589880,500,0,100.0,0.0
7117,86589880,86590380,500,0,100.0,0.0
7118,86590380,86590880,500,0,100.0,0.0
7119,86590880,86591380,500,0,100.0,0.0
7120,86591380,86591880,500,0,100.0,0.0
7121,86591880,86592380,500,0,100.0,0.0
7122,86592380,86592880,500,0,100.0,0.0
7123,86592880,86593380,500,0,100.0,0.0
7124,86593380,86593880,500,0,100.0,0.0
7125,86593880,86594380,500,0,100.0,0.0
7126,86594380,86594880,500,0,100.0,0.0
7127,86594880,86595380,500,0,100.0,0.0
7128,86595380,86595880,500,0,100.0,0.0
7129,86595880,86596380,500,0,100.0,0.0
7130,86596380,86596880,500,0,100.0,0.0
7131,86596880,86597380,500,0,100.0,0.0
7132,86597380,86597880,500,0,100.0,0.0
7133,86597880,86598380,500,0,100.0,0.0
7134,86598380,86598880,500,0,100.0,0.0
7135,86598880,86599380,500,0,100.0,0.0
7136,86599380,86599880,500,0,100.0,0.0
7137,86599880,86600380,500,0,100.0,0.0
7138,86600380,86600880,500,0,100.0,0.0
7139,86600880,86601380,500,0,100.0,0.0
7140,86601380,86601880,500,0,100.0,0.0
7141,86601880,86602380,500,0,100.0,0.0
7142,86602380,86602880,500,0,100.0,0.0
7143,86602880,86603380,500,0,100.0,0.0
7144,86603380,86603880,500,0,100.0,0.0
7145,86603880,86604380,500,0,100.0,0.0
7146,86604380,86604880,146,354,29.2,70.8
7147,86604880,86605380,5,495,1.0,99.0
7148,86605380,86605880,78,422,15.6,84.4
7149,86605880,86606380,53,447,10.6,89.4
7150,86606380,86606880,500,0,100.0,0.0
7151,86606880,86607380,500,0,100.0,0.0
7152,86607380,86607880,500,0,100.0,0.0
7153,86607880,86608380,500,0,100.0,0.0
7154,86608380,86608880,500,0,100.0,0.0
7155,86608880,86609380,500,0,100.0,0.0
7156,86609380,86609880,500,0,100.0,0.0
7157,86609880,86610380,500,0,100.0,0.0
7158,86610380,86610880,500,0,100.0,0.0
7159,86610880,86611380,500,0,100.0,0.0
7160,86611380,86611880,500,0,100.0,0.0
7161,86611880,86612380,500,0,100.0,0.0
7162,86612380,86612880,500,0,100.0,0.0
7163,86612880,86613380,500,0,100.0,0.0
7164,86613380,86613880,500,0,100.0,0.0
7165,86613880,86614380,500,0,100.0,0.0
7166,86614380,86614880,500,0,100.0,0.0
7167,86614880,86615380,500,0,100.0,0.0
7168,86615380,86615880,500,0,100.0,0.0
7169,86615880,86616380,500,0,100.0,0.0
7170,86616380,86616880,500,0,100.0,0.0
7171,86616880,86617380,500,0,100.0,0.0
7172,86617380,86617880,500,0,100.0,0.0
7173,86617880,86618380,500,0,100.0,0.0
7174,86618380,86618880,500,0,100.0,0.0
7175,86618880,86619380,500,0,100.0,0.0
7176,86619380,86619880,500,0,100.0,0.0
7177,86619880,86620380,500,0,100.0,0.0
7178,86620380,86620880,500,0,100.0,0.0
7179,86620880,86621380,500,0,100.0,0.0
7180,86621380,86621880,500,0,100.0,0.0
7181,86621880,86622380,500,0,100.0,0.0
7182,86622380,86622880,500,0,100.0,0.0
7183,86622880,86623380,500,0,100.0,0.0
7184,86623380,86623880,363,137,72.6,27.400000000000006
7185,86623880,86624380,8,492,1.6,98.4
7186,86624380,86624880,7,493,1.4000000000000001,98.6
7187,86624880,86625380,78,422,15.6,84.4
7188,86625380,86625880,232,268,46.400000000000006,53.599999999999994
7189,86625880,86626380,500,0,100.0,0.0
7190,86626380,86626880,500,0,100.0,0.0
7191,86626880,86627380,500,0,100.0,0.0
7192,86627380,86627880,500,0,100.0,0.0
7193,86627880,86628380,500,0,100.0,0.0
7194,86628380,86628880,500,0,100.0,0.0
7195,86628880,86629380,500,0,100.0,0.0
7196,86629380,86629880,500,0,100.0,0.0
7197,86629880,86630380,500,0,100.0,0.0
7198,86630380,86630880,500,0,100.0,0.0
7199,86630880,86631380,500,0,100.0,0.0
7200,86631380,86631880,500,0,100.0,0.0
7201,86631880,86632380,500,0,100.0,0.0
7202,86632380,86632880,500,0,100.0,0.0
7203,86632880,86633380,500,0,100.0,0.0
7204,86633380,86633880,500,0,100.0,0.0
7205,86633880,86634380,500,0,100.0,0.0
7206,86634380,86634880,500,0,100.0,0.0
7207,86634880,86635380,500,0,100.0,0.0
7208,86635380,86635880,500,0,100.0,0.0
7209,86635880,86636380,500,0,100.0,0.0
7210,86636380,86636880,500,0,100.0,0.0
7211,86636880,86637380,500,0,100.0,0.0
7212,86637380,86637880,500,0,100.0,0.0
7213,86637880,86638380,500,0,100.0,0.0
7214,86638380,86638880,500,0,100.0,0.0
7215,86638880,86639380,500,0,100.0,0.0
7216,86639380,86639880,500,0,100.0,0.0
7217,86639880,86640380,500,0,100.0,0.0
7218,86640380,86640880,500,0,100.0,0.0
7219,86640880,86641380,500,0,100.0,0.0
7220,86641380,86641880,456,44,91.2,8.799999999999997
7221,86641880,86642380,8,492,1.6,98.4
7222,86642380,86642880,69,431,13.8,86.2
7223,86642880,86643380,4,496,0.8,99.2
7224,86643380,86643880,297,203,59.4,40.6
7225,86643880,86644380,500,0,100.0,0.0
7226,86644380,86644880,500,0,100.0,0.0
7227,86644880,86645380,500,0,100.0,0.0
7228,86645380,86645880,500,0,100.0,0.0
7229,86645880,86646380,500,0,100.0,0.0
7230,86646380,86646880,500,0,100.0,0.0
7231,86646880,86647380,500,0,100.0,0.0
7232,86647380,86647880,500,0,100.0,0.0
7233,86647880,86648380,500,0,100.0,0.0
7234,86648380,86648880,500,0,100.0,0.0
7235,86648880,86649380,500,0,100.0,0.0
7236,86649380,86649880,500,0,100.0,0.0
7237,86649880,86650380,500,0,100.0,0.0
7238,86650380,86650880,500,0,100.0,0.0
7239,86650880,86651380,500,0,100.0,0.0
7240,86651380,86651880,500,0,100.0,0.0
7241,86651880,86652380,500,0,100.0,0.0
7242,86652380,86652880,500,0,100.0,0.0
7243,86652880,86653380,500,0,100.0,0.0
7244,86653380,86653880,500,0,100.0,0.0
7245,86653880,86654380,500,0,100.0,0.0
7246,86654380,86654880,500,0,100.0,0.0
7247,86654880,86655380,500,0,100.0,0.0
7248,86655380,86655880,500,0,100.0,0.0
7249,86655880,86656380,500,0,100.0,0.0
7250,86656380,86656880,500,0,100.0,0.0
7251,86656880,86657380,500,0,100.0,0.0
7252,86657380,86657880,500,0,100.0,0.0
7253,86657880,86658380,500,0,100.0,0.0
7254,86658380,86658880,500,0,100.0,0.0
7255,86658880,86659380,500,0,100.0,0.0
7256,86659380,86659880,134,366,26.8,73.2
7257,86659880,86660380,6,494,1.2,98.8
7258,86660380,86660880,63,437,12.6,87.4
7259,86660880,86661380,151,349,30.2,69.8
7260,86661380,86661880,500,0,100.0,0.0
7261,86661880,86662380,500,0,100.0,0.0
7262,86662380,86662880,500,0,100.0,0.0
7263,86662880,86663380,500,0,100.0,0.0
7264,86663380,86663880,500,0,100.0,0.0
7265,86663880,86664380,500,0,100.0,0.0
7266,86664380,86664880,500,0,100.0,0.0
7267,86664880,86665380,500,0,100.0,0.0
7268,86665380,86665880,500,0,100.0,0.0
7269,86665880,86666380,500,0,100.0,0.0
7270,86666380,86666880,500,0,100.0,0.0
7271,86666880,86667380,500,0,100.0,0.0
7272,86667380,86667880,500,0,100.0,0.0
7273,86667880,86668380,500,0,100.0,0.0
7274,86668380,86668880,500,0,100.0,0.0
7275,86668880,86669380,500,0,100.0,0.0
7276,86669380,86669880,500,0,100.0,0.0
7277,86669880,86670380,500,0,100.0,0.0
7278,86670380,86670880,500,0,100.0,0.0
7279,86670880,86671380,500,0,100.0,0.0
7280,86671380,86671880,500,0,100.0,0.0
7281,86671880,86672380,500,0,100.0,0.0
7282,86672380,86672880,500,0,100.0,0.0
7283,86672880,86673380,500,0,100.0,0.0
7284,86673380,86673880,500,0,100.0,0.0
7285,86673880,86674380,500,0,100.0,0.0
7286,86674380,86674880,500,0,100.0,0.0
7287,86674880,86675380,500,0,100.0,0.0
7288,86675380,86675880,500,0,100.0,0.0
7289,86675880,86676380,500,0,100.0,0.0
7290,86676380,86676880,398,102,79.60000000000001,20.39999999999999
7291,86676880,86677380,8,492,1.6,98.4
7292,86677380,86677880,61,439,12.2,87.8
7293,86677880,86678380,5,495,1.0,99.0
7294,86678380,86678880,422,78,84.39999999999999,15.600000000000009
7295,86678880,86679380,500,0,100.0,0.0
7296,86679380,86679880,500,0,100.0,0.0
7297,86679880,86680380,500,0,100.0,0.0
7298,86680380,86680880,500,0,100.0,0.0
7299,86680880,86681380,500,0,100.0,0.0
7300,86681380,86681880,500,0,100.0,0.0
7301,86681880,86682380,500,0,100.0,0.0
7302,86682380,86682880,500,0,100.0,0.0
7303,86682880,86683380,500,0,100.0,0.0
7304,86683380,86683880,500,0,100.0,0.0
7305,86683880,86684380,500,0,100.0,0.0
7306,86684380,86684880,500,0,100.0,0.0
7307,86684880,86685380,500,0,100.0,0.0
7308,86685380,86685880,500,0,100.0,0.0
7309,86685880,86686380,500,0,100.0,0.0
7310,86686380,86686880,500,0,100.0,0.0
7311,86686880,86687380,500,0,100.0,0.0
7312,86687380,86687880,500,0,100.0,0.0
7313,86687880,86688380,500,0,100.0,0.0
7314,86688380,86688880,500,0,100.0,0.0
7315,86688880,86689380,500,0,100.0,0.0
7316,86689380,86689880,500,0,100.0,0.0
7317,86689880,86690380,500,0,100.0,0.0
7318,86690380,86690880,500,0,100.0,0.0
7319,86690880,86691380,500,0,100.0,0.0
7320,86691380,86691880,500,0,100.0,0.0
7321,86691880,86692380,500,0,100.0,0.0
7322,86692380,86692880,500,0,100.0,0.0
7323,86692880,86693380,500,0,100.0,0.0
7324,86693380,86693880,319,181,63.800000000000004,36.199999999999996
7325,86693880,86694380,6,494,1.2,98.8
7326,86694380,86694880,56,444,11.200000000000001,88.8
7327,86694880,86695380,8,492,1.6,98.4
7328,86695380,86695880,500,0,100.0,0.0
7329,86695880,86696380,500,0,100.0,0.0
7330,86696380,86696880,500,0,100.0,0.0
7331,86696880,86697380,500,0,100.0,0.0
7332,86697380,86697880,500,0,100.0,0.0
7333,86697880,86698380,500,0,100.0,0.0
7334,86698380,86698880,500,0,100.0,0.0
7335,86698880,86699380,500,0,100.0,0.0
7336,86699380,86699880,500,0,100.0,0.0
7337,86699880,86700380,500,0,100.0,0.0
7338,86700380,86700880,500,0,100.0,0.0
7339,86700880,86701380,500,0,100.0,0.0
7340,86701380,86701880,500,0,100.0,0.0
7341,86701880,86702380,500,0,100.0,0.0
7342,86702380,86702880,500,0,100.0,0.0
7343,86702880,86703380,500,0,100.0,0.0
7344,86703380,86703880,500,0,100.0,0.0
7345,86703880,86704380,500,0,100.0,0.0
7346,86704380,86704880,500,0,100.0,0.0
7347,86704880,86705380,500,0,100.0,0.0
7348,86705380,86705880,500,0,100.0,0.0
7349,86705880,86706380,500,0,100.0,0.0
7350,86706380,86706880,500,0,100.0,0.0
7351,86706880,86707380,500,0,100.0,0.0
7352,86707380,86707880,500,0,100.0,0.0
7353,86707880,86708380,500,0,100.0,0.0
7354,86708380,86708880,500,0,100.0,0.0
7355,86708880,86709380,500,0,100.0,0.0
7356,86709380,86709880,500,0,100.0,0.0
7357,86709880,86710380,500,0,100.0,0.0
7358,86710380,86710880,30,470,6.0,94.0
7359,86710880,86711380,49,451,9.8,90.2
7360,86711380,86711880,6,494,1.2,98.8
7361,86711880,86712380,497,3,99.4,0.5999999999999943
7362,86712380,86712880,500,0,100.0,0.0
7363,86712880,86713380,500,0,100.0,0.0
7364,86713380,86713880,500,0,100.0,0.0
7365,86713880,86714380,500,0,100.0,0.0
7366,86714380,86714880,500,0,100.0,0.0
7367,86714880,86715380,500,0,100.0,0.0
7368,86715380,86715880,500,0,100.0,0.0
7369,86715880,86716380,500,0,100.0,0.0
7370,86716380,86716880,500,0,100.0,0.0
7371,86716880,86717380,500,0,100.0,0.0
7372,86717380,86717880,500,0,100.0,0.0
7373,86717880,86718380,500,0,100.0,0.0
7374,86718380,86718880,500,0,100.0,0.0
7375,86718880,86719380,500,0,100.0,0.0
7376,86719380,86719880,500,0,100.0,0.0
7377,86719880,86720380,500,0,100.0,0.0
7378,86720380,86720880,500,0,100.0,0.0
7379,86720880,86721380,500,0,100.0,0.0
7380,86721380,86721880,500,0,100.0,0.0
7381,86721880,86722380,500,0,100.0,0.0
7382,86722380,86722880,500,0,100.0,0.0
7383,86722880,86723380,500,0,100.0,0.0
7384,86723380,86723880,500,0,100.0,0.0
7385,86723880,86724380,500,0,100.0,0.0
7386,86724380,86724880,500,0,100.0,0.0
7387,86724880,86725380,500,0,100.0,0.0
7388,86725380,86725880,500,0,100.0,0.0
7389,86725880,86726380,500,0,100.0,0.0
7390,86726380,86726880,414,86,82.8,17.200000000000003
7391,86726880,86727380,7,493,1.4000000000000001,98.6
7392,86727380,86727880,53,447,10.6,89.4
7393,86727880,86728380,5,495,1.0,99.0
7394,86728380,86728880,475,25,95.0,5.0
7395,86728880,86729380,500,0,100.0,0.0
7396,86729380,86729880,500,0,100.0,0.0
7397,86729880,86730380,500,0,100.0,0.0
7398,86730380,86730880,500,0,100.0,0.0
7399,86730880,86731380,500,0,100.0,0.0
7400,86731380,86731880,500,0,100.0,0.0
7401,86731880,86732380,500,0,100.0,0.0
7402,86732380,86732880,500,0,100.0,0.0
7403,86732880,86733380,500,0,100.0,0.0
7404,86733380,86733880,500,0,100.0,0.0
7405,86733880,86734380,500,0,100.0,0.0
7406,86734380,86734880,500,0,100.0,0.0
7407,86734880,86735380,500,0,100.0,0.0
7408,86735380,86735880,500,0,100.0,0.0
7409,86735880,86736380,500,0,100.0,0.0
7410,86736380,86736880,500,0,100.0,0.0
7411,86736880,86737380,500,0,100.0,0.0
7412,86737380,86737880,500,0,100.0,0.0
7413,86737880,86738380,500,0,100.0,0.0
7414,86738380,86738880,500,0,100.0,0.0
7415,86738880,86739380,500,0,100.0,0.0
7416,86739380,86739880,500,0,100.0,0.0
7417,86739880,86740380,500,0,100.0,0.0
7418,86740380,86740880,500,0,100.0,0.0
7419,86740880,86741380,500,0,100.0,0.0
7420,86741380,86741880,500,0,100.0,0.0
7421,86741880,86742380,500,0,100.0,0.0
7422,86742380,86742880,500,0,100.0,0.0
7423,86742880,86743380,500,0,100.0,0.0
7424,86743380,86743880,112,388,22.400000000000002,77.6
7425,86743880,86744380,5,495,1.0,99.0
7426,86744380,86744880,72,428,14.399999999999999,85.6
7427,86744880,86745380,252,248,50.4,49.6
7428,86745380,86745880,500,0,100.0,0.0
7429,86745880,86746380,500,0,100.0,0.0
7430,86746380,86746880,500,0,100.0,0.0
7431,86746880,86747380,500,0,100.0,0.0
7432,86747380,86747880,500,0,100.0,0.0
7433,86747880,86748380,500,0,100.0,0.0
7434,86748380,86748880,500,0,100.0,0.0
7435,86748880,86749380,500,0,100.0,0.0
7436,86749380,86749880,500,0,100.0,0.0
7437,86749880,86750380,500,0,100.0,0.0
7438,86750380,86750880,500,0,100.0,0.0
7439,86750880,86751380,500,0,100.0,0.0
7440,86751380,86751880,500,0,100.0,0.0
7441,86751880,86752380,500,0,100.0,0.0
7442,86752380,86752880,500,0,100.0,0.0
7443,86752880,86753380,500,0,100.0,0.0
7444,86753380,86753880,500,0,100.0,0.0
7445,86753880,86754380,500,0,100.0,0.0
7446,86754380,86754880,500,0,100.0,0.0
7447,86754880,86755380,500,0,100.0,0.0
7448,86755380,86755880,500,0,100.0,0.0
7449,86755880,86756380,500,0,100.0,0.0
7450,86756380,86756880,500,0,100.0,0.0
7451,86756880,86757380,500,0,100.0,0.0
7452,86757380,86757880,500,0,100.0,0.0
7453,86757880,86758380,500,0,100.0,0.0
7454,86758380,86758880,500,0,100.0,0.0
7455,86758880,86759380,500,0,100.0,0.0
7456,86759380,86759880,500,0,100.0,0.0
7457,86759880,86760380,500,0,100.0,0.0
7458,86760380,86760880,500,0,100.0,0.0
7459,86760880,86761380,87,413,17.4,82.6
7460,86761380,86761880,19,481,3.8,96.2
7461,86761880,86762380,61,439,12.2,87.8
7462,86762380,86762880,331,169,66.2,33.8
7463,86762880,86763380,500,0,100.0,0.0
7464,86763380,86763880,500,0,100.0,0.0
7465,86763880,86764380,500,0,100.0,0.0
7466,86764380,86764880,500,0,100.0,0.0
7467,86764880,86765380,500,0,100.0,0.0
7468,86765380,86765880,500,0,100.0,0.0
7469,86765880,86766380,500,0,100.0,0.0
7470,86766380,86766880,500,0,100.0,0.0
7471,86766880,86767380,500,0,100.0,0.0
7472,86767380,86767880,500,0,100.0,0.0
7473,86767880,86768380,500,0,100.0,0.0
7474,86768380,86768880,500,0,100.0,0.0
7475,86768880,86769380,500,0,100.0,0.0
7476,86769380,86769880,500,0,100.0,0.0
7477,86769880,86770380,500,0,100.0,0.0
7478,86770380,86770880,500,0,100.0,0.0
7479,86770880,86771380,500,0,100.0,0.0
7480,86771380,86771880,500,0,100.0,0.0
7481,86771880,86772380,500,0,100.0,0.0
7482,86772380,86772880,500,0,100.0,0.0
7483,86772880,86773380,500,0,100.0,0.0
7484,86773380,86773880,500,0,100.0,0.0
7485,86773880,86774380,500,0,100.0,0.0
7486,86774380,86774880,500,0,100.0,0.0
7487,86774880,86775380,500,0,100.0,0.0
7488,86775380,86775880,500,0,100.0,0.0
7489,86775880,86776380,500,0,100.0,0.0
7490,86776380,86776880,500,0,100.0,0.0
7491,86776880,86777380,500,0,100.0,0.0
7492,86777380,86777880,500,0,100.0,0.0
7493,86777880,86778380,500,0,100.0,0.0
7494,86778380,86778880,500,0,100.0,0.0
7495,86778880,86779380,500,0,100.0,0.0
7496,86779380,86779880,500,0,100.0,0.0
7497,86779880,86780380,140,360,28.000000000000004,72.0
7498,86780380,86780880,8,492,1.6,98.4
7499,86780880,86781380,72,428,14.399999999999999,85.6
7500,86781380,86781880,279,221,55.800000000000004,44.199999999999996
7501,86781880,86782380,500,0,100.0,0.0
7502,86782380,86782880,500,0,100.0,0.0
7503,86782880,86783380,500,0,100.0,0.0
7504,86783380,86783880,500,0,100.0,0.0
7505,86783880,86784380,500,0,100.0,0.0
7506,86784380,86784880,500,0,100.0,0.0
7507,86784880,86785380,500,0,100.0,0.0
7508,86785380,86785880,500,0,100.0,0.0
7509,86785880,86786380,500,0,100.0,0.0
7510,86786380,86786880,500,0,100.0,0.0
7511,86786880,86787380,500,0,100.0,0.0
7512,86787380,86787880,500,0,100.0,0.0
7513,86787880,86788380,500,0,100.0,0.0
7514,86788380,86788880,500,0,100.0,0.0
7515,86788880,86789380,500,0,100.0,0.0
7516,86789380,86789880,500,0,100.0,0.0
7517,86789880,86790380,500,0,100.0,0.0
7518,86790380,86790880,500,0,100.0,0.0
7519,86790880,86791380,500,0,100.0,0.0
7520,86791380,86791880,500,0,100.0,0.0
7521,86791880,86792380,500,0,100.0,0.0
7522,86792380,86792880,500,0,100.0,0.0
7523,86792880,86793380,500,0,100.0,0.0
7524,86793380,86793880,500,0,100.0,0.0
7525,86793880,86794380,500,0,100.0,0.0
7526,86794380,86794880,500,0,100.0,0.0
7527,86794880,86795380,500,0,100.0,0.0
7528,86795380,86795880,500,0,100.0,0.0
7529,86795880,86796380,500,0,100.0,0.0
7530,86796380,86796880,463,37,92.60000000000001,7.3999999999999915
7531,86796880,86797380,8,492,1.6,98.4
7532,86797380,86797880,66,434,13.200000000000001,86.8
7533,86797880,86798380,5,495,1.0,99.0
7534,86798380,86798880,479,21,95.8,4.200000000000003
7535,86798880,86799380,500,0,100.0,0.0
7536,86799380,86799880,500,0,100.0,0.0
7537,86799880,86800380,500,0,100.0,0.0
7538,86800380,86800880,500,0,100.0,0.0
7539,86800880,86801380,500,0,100.0,0.0
7540,86801380,86801880,500,0,100.0,0.0
7541,86801880,86802380,500,0,100.0,0.0
7542,86802380,86802880,500,0,100.0,0.0
7543,86802880,86803380,500,0,100.0,0.0
7544,86803380,86803880,500,0,100.0,0.0
7545,86803880,86804380,500,0,100.0,0.0
7546,86804380,86804880,500,0,100.0,0.0
7547,86804880,86805380,500,0,100.0,0.0
7548,86805380,86805880,500,0,100.0,0.0
7549,86805880,86806380,500,0,100.0,0.0
7550,86806380,86806880,500,0,100.0,0.0
7551,86806880,86807380,500,0,100.0,0.0
7552,86807380,86807880,500,0,100.0,0.0
7553,86807880,86808380,500,0,100.0,0.0
7554,86808380,86808880,500,0,100.0,0.0
7555,86808880,86809380,500,0,100.0,0.0
7556,86809380,86809880,500,0,100.0,0.0
7557,86809880,86810380,500,0,100.0,0.0
7558,86810380,86810880,500,0,100.0,0.0
7559,86810880,86811380,500,0,100.0,0.0
7560,86811380,86811880,500,0,100.0,0.0
7561,86811880,86812380,500,0,100.0,0.0
7562,86812380,86812880,500,0,100.0,0.0
7563,86812880,86813380,500,0,100.0,0.0
7564,86813380,86813880,500,0,100.0,0.0
7565,86813880,86814380,500,0,100.0,0.0
7566,86814380,86814880,500,0,100.0,0.0
7567,86814880,86815380,500,0,100.0,0.0
7568,86815380,86815880,397,103,79.4,20.599999999999994
7569,86815880,86816380,8,492,1.6,98.4
7570,86816380,86816880,74,426,14.799999999999999,85.2
7571,86816880,86817380,3,497,0.6,99.4
7572,86817380,86817880,4,496,0.8,99.2
7573,86817880,86818380,453,47,90.60000000000001,9.399999999999991
7574,86818380,86818880,500,0,100.0,0.0
7575,86818880,86819380,500,0,100.0,0.0
7576,86819380,86819880,500,0,100.0,0.0
7577,86819880,86820380,500,0,100.0,0.0
7578,86820380,86820880,500,0,100.0,0.0
7579,86820880,86821380,500,0,100.0,0.0
7580,86821380,86821880,500,0,100.0,0.0
7581,86821880,86822380,500,0,100.0,0.0
7582,86822380,86822880,500,0,100.0,0.0
7583,86822880,86823380,500,0,100.0,0.0
7584,86823380,86823880,500,0,100.0,0.0
7585,86823880,86824380,500,0,100.0,0.0
7586,86824380,86824880,500,0,100.0,0.0
7587,86824880,86825380,500,0,100.0,0.0
7588,86825380,86825880,500,0,100.0,0.0
7589,86825880,86826380,500,0,100.0,0.0
7590,86826380,86826880,500,0,100.0,0.0
7591,86826880,86827380,500,0,100.0,0.0
7592,86827380,86827880,500,0,100.0,0.0
7593,86827880,86828380,500,0,100.0,0.0
7594,86828380,86828880,500,0,100.0,0.0
7595,86828880,86829380,500,0,100.0,0.0
7596,86829380,86829880,500,0,100.0,0.0
7597,86829880,86830380,500,0,100.0,0.0
7598,86830380,86830880,500,0,100.0,0.0
7599,86830880,86831380,500,0,100.0,0.0
7600,86831380,86831880,500,0,100.0,0.0
7601,86831880,86832380,500,0,100.0,0.0
7602,86832380,86832880,500,0,100.0,0.0
7603,86832880,86833380,500,0,100.0,0.0
7604,86833380,86833880,500,0,100.0,0.0
7605,86833880,86834380,500,0,100.0,0.0
7606,86834380,86834880,500,0,100.0,0.0
7607,86834880,86835380,500,0,100.0,0.0
7608,86835380,86835880,500,0,100.0,0.0
7609,86835880,86836380,500,0,100.0,0.0
7610,86836380,86836880,500,0,100.0,0.0
7611,86836880,86837380,500,0,100.0,0.0
7612,86837380,86837880,500,0,100.0,0.0
7613,86837880,86838380,84,416,16.8,83.2
7614,86838380,86838880,9,491,1.7999999999999998,98.2
7615,86838880,86839380,71,429,14.2,85.8
7616,86839380,86839880,288,212,57.599999999999994,42.400000000000006
7617,86839880,86840380,500,0,100.0,0.0
7618,86840380,86840880,500,0,100.0,0.0
7619,86840880,86841380,500,0,100.0,0.0
7620,86841380,86841880,500,0,100.0,0.0
7621,86841880,86842380,500,0,100.0,0.0
7622,86842380,86842880,500,0,100.0,0.0
7623,86842880,86843380,500,0,100.0,0.0
7624,86843380,86843880,500,0,100.0,0.0
7625,86843880,86844380,500,0,100.0,0.0
7626,86844380,86844880,500,0,100.0,0.0
7627,86844880,86845380,500,0,100.0,0.0
7628,86845380,86845880,500,0,100.0,0.0
7629,86845880,86846380,500,0,100.0,0.0
7630,86846380,86846880,500,0,100.0,0.0
7631,86846880,86847380,500,0,100.0,0.0
7632,86847380,86847880,500,0,100.0,0.0
7633,86847880,86848380,500,0,100.0,0.0
7634,86848380,86848880,500,0,100.0,0.0
7635,86848880,86849380,500,0,100.0,0.0
7636,86849380,86849880,500,0,100.0,0.0
7637,86849880,86850380,500,0,100.0,0.0
7638,86850380,86850880,500,0,100.0,0.0
7639,86850880,86851380,500,0,100.0,0.0
7640,86851380,86851880,500,0,100.0,0.0
7641,86851880,86852380,500,0,100.0,0.0
7642,86852380,86852880,500,0,100.0,0.0
7643,86852880,86853380,500,0,100.0,0.0
7644,86853380,86853880,500,0,100.0,0.0
7645,86853880,86854380,500,0,100.0,0.0
7646,86854380,86854880,500,0,100.0,0.0
7647,86854880,86855380,500,0,100.0,0.0
7648,86855380,86855880,500,0,100.0,0.0
7649,86855880,86856380,500,0,100.0,0.0
7650,86856380,86856880,500,0,100.0,0.0
7651,86856880,86857380,500,0,100.0,0.0
7652,86857380,86857880,500,0,100.0,0.0
7653,86857880,86858380,142,358,28.4,71.6
7654,86858380,86858880,9,491,1.7999999999999998,98.2
7655,86858880,86859380,70,430,14.000000000000002,86.0
7656,86859380,86859880,204,296,40.8,59.2
7657,86859880,86860380,500,0,100.0,0.0
7658,86860380,86860880,500,0,100.0,0.0
7659,86860880,86861380,500,0,100.0,0.0
7660,86861380,86861880,500,0,100.0,0.0
7661,86861880,86862380,500,0,100.0,0.0
7662,86862380,86862880,500,0,100.0,0.0
7663,86862880,86863380,500,0,100.0,0.0
7664,86863380,86863880,500,0,100.0,0.0
7665,86863880,86864380,500,0,100.0,0.0
7666,86864380,86864880,500,0,100.0,0.0
7667,86864880,86865380,500,0,100.0,0.0
7668,86865380,86865880,500,0,100.0,0.0
7669,86865880,86866380,500,0,100.0,0.0
7670,86866380,86866880,500,0,100.0,0.0
7671,86866880,86867380,500,0,100.0,0.0
7672,86867380,86867880,500,0,100.0,0.0
7673,86867880,86868380,500,0,100.0,0.0
7674,86868380,86868880,500,0,100.0,0.0
7675,86868880,86869380,500,0,100.0,0.0
7676,86869380,86869880,500,0,100.0,0.0
7677,86869880,86870380,500,0,100.0,0.0
7678,86870380,86870880,500,0,100.0,0.0
7679,86870880,86871380,500,0,100.0,0.0
7680,86871380,86871880,500,0,100.0,0.0
7681,86871880,86872380,500,0,100.0,0.0
7682,86872380,86872880,500,0,100.0,0.0
7683,86872880,86873380,500,0,100.0,0.0
7684,86873380,86873880,500,0,100.0,0.0
7685,86873880,86874380,500,0,100.0,0.0
7686,86874380,86874880,500,0,100.0,0.0
7687,86874880,86875380,428,72,85.6,14.400000000000006
7688,86875380,86875880,8,492,1.6,98.4
7689,86875880,86876380,76,424,15.2,84.8
7690,86876380,86876880,84,416,16.8,83.2
7691,86876880,86877380,500,0,100.0,0.0
7692,86877380,86877880,500,0,100.0,0.0
7693,86877880,86878380,500,0,100.0,0.0
7694,86878380,86878880,500,0,100.0,0.0
7695,86878880,86879380,500,0,100.0,0.0
7696,86879380,86879880,500,0,100.0,0.0
7697,86879880,86880380,500,0,100.0,0.0
7698,86880380,86880880,500,0,100.0,0.0
7699,86880880,86881380,500,0,100.0,0.0
7700,86881380,86881880,500,0,100.0,0.0
7701,86881880,86882380,500,0,100.0,0.0
7702,86882380,86882880,500,0,100.0,0.0
7703,86882880,86883380,500,0,100.0,0.0
7704,86883380,86883880,500,0,100.0,0.0
7705,86883880,86884380,500,0,100.0,0.0
7706,86884380,86884880,500,0,100.0,0.0
7707,86884880,86885380,500,0,100.0,0.0
7708,86885380,86885880,500,0,100.0,0.0
7709,86885880,86886380,500,0,100.0,0.0
7710,86886380,86886880,500,0,100.0,0.0
7711,86886880,86887380,500,0,100.0,0.0
7712,86887380,86887880,500,0,100.0,0.0
7713,86887880,86888380,500,0,100.0,0.0
7714,86888380,86888880,500,0,100.0,0.0
7715,86888880,86889380,500,0,100.0,0.0
7716,86889380,86889880,500,0,100.0,0.0
7717,86889880,86890380,500,0,100.0,0.0
7718,86890380,86890880,500,0,100.0,0.0
7719,86890880,86891380,500,0,100.0,0.0
7720,86891380,86891880,500,0,100.0,0.0
7721,86891880,86892380,500,0,100.0,0.0
7722,86892380,86892880,500,0,100.0,0.0
7723,86892880,86893380,137,363,27.400000000000002,72.6
7724,86893380,86893880,9,491,1.7999999999999998,98.2
7725,86893880,86894380,101,399,20.200000000000003,79.8
7726,86894380,86894880,6,494,1.2,98.8
7727,86894880,86895380,489,11,97.8,2.200000000000003
7728,86895380,86895880,500,0,100.0,0.0
7729,86895880,86896380,500,0,100.0,0.0
7730,86896380,86896880,500,0,100.0,0.0
7731,86896880,86897380,500,0,100.0,0.0
7732,86897380,86897880,500,0,100.0,0.0
7733,86897880,86898380,500,0,100.0,0.0
7734,86898380,86898880,500,0,100.0,0.0
7735,86898880,86899380,500,0,100.0,0.0
7736,86899380,86899880,500,0,100.0,0.0
7737,86899880,86900380,500,0,100.0,0.0
7738,86900380,86900880,500,0,100.0,0.0
7739,86900880,86901380,500,0,100.0,0.0
7740,86901380,86901880,500,0,100.0,0.0
7741,86901880,86902380,500,0,100.0,0.0
7742,86902380,86902880,500,0,100.0,0.0
7743,86902880,86903380,500,0,100.0,0.0
7744,86903380,86903880,500,0,100.0,0.0
7745,86903880,86904380,500,0,100.0,0.0
7746,86904380,86904880,500,0,100.0,0.0
7747,86904880,86905380,500,0,100.0,0.0
7748,86905380,86905880,500,0,100.0,0.0
7749,86905880,86906380,500,0,100.0,0.0
7750,86906380,86906880,500,0,100.0,0.0
7751,86906880,86907380,500,0,100.0,0.0
7752,86907380,86907880,500,0,100.0,0.0
7753,86907880,86908380,500,0,100.0,0.0
7754,86908380,86908880,500,0,100.0,0.0
7755,86908880,86909380,500,0,100.0,0.0
7756,86909380,86909880,500,0,100.0,0.0
7757,86909880,86910380,500,0,100.0,0.0
7758,86910380,86910880,118,382,23.599999999999998,76.4
7759,86910880,86911380,6,494,1.2,98.8
7760,86911380,86911880,82,418,16.400000000000002,83.6
7761,86911880,86912380,219,281,43.8,56.2
7762,86912380,86912880,500,0,100.0,0.0
7763,86912880,86913380,500,0,100.0,0.0
7764,86913380,86913880,500,0,100.0,0.0
7765,86913880,86914380,500,0,100.0,0.0
7766,86914380,86914880,500,0,100.0,0.0
7767,86914880,86915380,500,0,100.0,0.0
7768,86915380,86915880,500,0,100.0,0.0
7769,86915880,86916380,500,0,100.0,0.0
7770,86916380,86916880,500,0,100.0,0.0
7771,86916880,86917380,500,0,100.0,0.0
7772,86917380,86917880,500,0,100.0,0.0
7773,86917880,86918380,500,0,100.0,0.0
7774,86918380,86918880,500,0,100.0,0.0
7775,86918880,86919380,500,0,100.0,0.0
7776,86919380,86919880,500,0,100.0,0.0
7777,86919880,86920380,500,0,100.0,0.0
7778,86920380,86920880,500,0,100.0,0.0
7779,86920880,86921380,500,0,100.0,0.0
7780,86921380,86921880,500,0,100.0,0.0
7781,86921880,86922380,500,0,100.0,0.0
7782,86922380,86922880,500,0,100.0,0.0
7783,86922880,86923380,500,0,100.0,0.0
7784,86923380,86923880,500,0,100.0,0.0
7785,86923880,86924380,500,0,100.0,0.0
7786,86924380,86924880,500,0,100.0,0.0
7787,86924880,86925380,500,0,100.0,0.0
7788,86925380,86925880,500,0,100.0,0.0
7789,86925880,86926380,500,0,100.0,0.0
7790,86926380,86926880,500,0,100.0,0.0
7791,86926880,86927380,363,137,72.6,27.400000000000006
7792,86927380,86927880,8,492,1.6,98.4
7793,86927880,86928380,64,436,12.8,87.2
7794,86928380,86928880,120,380,24.0,76.0
7795,86928880,86929380,500,0,100.0,0.0
7796,86929380,86929880,500,0,100.0,0.0
7797,86929880,86930380,500,0,100.0,0.0
7798,86930380,86930880,500,0,100.0,0.0
7799,86930880,86931380,500,0,100.0,0.0
7800,86931380,86931880,500,0,100.0,0.0
7801,86931880,86932380,500,0,100.0,0.0
7802,86932380,86932880,500,0,100.0,0.0
7803,86932880,86933380,500,0,100.0,0.0
7804,86933380,86933880,500,0,100.0,0.0
7805,86933880,86934380,500,0,100.0,0.0
7806,86934380,86934880,500,0,100.0,0.0
7807,86934880,86935380,500,0,100.0,0.0
7808,86935380,86935880,500,0,100.0,0.0
7809,86935880,86936380,500,0,100.0,0.0
7810,86936380,86936880,500,0,100.0,0.0
7811,86936880,86937380,500,0,100.0,0.0
7812,86937380,86937880,500,0,100.0,0.0
7813,86937880,86938380,500,0,100.0,0.0
7814,86938380,86938880,500,0,100.0,0.0
7815,86938880,86939380,500,0,100.0,0.0
7816,86939380,86939880,500,0,100.0,0.0
7817,86939880,86940380,500,0,100.0,0.0
7818,86940380,86940880,500,0,100.0,0.0
7819,86940880,86941380,500,0,100.0,0.0
7820,86941380,86941880,500,0,100.0,0.0
7821,86941880,86942380,500,0,100.0,0.0
7822,86942380,86942880,500,0,100.0,0.0
7823,86942880,86943380,500,0,100.0,0.0
7824,86943380,86943880,500,0,100.0,0.0
7825,86943880,86944380,500,0,100.0,0.0
7826,86944380,86944880,142,358,28.4,71.6
7827,86944880,86945380,6,494,1.2,98.8
7828,86945380,86945880,72,428,14.399999999999999,85.6
7829,86945880,86946380,184,316,36.8,63.2
7830,86946380,86946880,500,0,100.0,0.0
7831,86946880,86947380,500,0,100.0,0.0
7832,86947380,86947880,500,0,100.0,0.0
7833,86947880,86948380,500,0,100.0,0.0
7834,86948380,86948880,500,0,100.0,0.0
7835,86948880,86949380,500,0,100.0,0.0
7836,86949380,86949880,500,0,100.0,0.0
7837,86949880,86950380,500,0,100.0,0.0
7838,86950380,86950880,500,0,100.0,0.0
7839,86950880,86951380,500,0,100.0,0.0
7840,86951380,86951880,500,0,100.0,0.0
7841,86951880,86952380,500,0,100.0,0.0
7842,86952380,86952880,500,0,100.0,0.0
7843,86952880,86953380,500,0,100.0,0.0
7844,86953380,86953880,500,0,100.0,0.0
7845,86953880,86954380,500,0,100.0,0.0
7846,86954380,86954880,500,0,100.0,0.0
7847,86954880,86955380,500,0,100.0,0.0
7848,86955380,86955880,500,0,100.0,0.0
7849,86955880,86956380,500,0,100.0,0.0
7850,86956380,86956880,500,0,100.0,0.0
7851,86956880,86957380,500,0,100.0,0.0
7852,86957380,86957880,500,0,100.0,0.0
7853,86957880,86958380,500,0,100.0,0.0
7854,86958380,86958880,500,0,100.0,0.0
7855,86958880,86959380,500,0,100.0,0.0
7856,86959380,86959880,500,0,100.0,0.0
7857,86959880,86960380,500,0,100.0,0.0
7858,86960380,86960880,500,0,100.0,0.0
7859,86960880,86961380,500,0,100.0,0.0
7860,86961380,86961880,500,0,100.0,0.0
7861,86961880,86962380,500,0,100.0,0.0
7862,86962380,86962880,434,66,86.8,13.200000000000003
7863,86962880,86963380,7,493,1.4000000000000001,98.6
7864,86963380,86963880,6,494,1.2,98.8
7865,86963880,86964380,177,323,35.4,64.6
7866,86964380,86964880,36,464,7.199999999999999,92.8
7867,86964880,86965380,500,0,100.0,0.0
7868,86965380,86965880,500,0,100.0,0.0
7869,86965880,86966380,500,0,100.0,0.0
7870,86966380,86966880,500,0,100.0,0.0
7871,86966880,86967380,500,0,100.0,0.0
7872,86967380,86967880,500,0,100.0,0.0
7873,86967880,86968380,500,0,100.0,0.0
7874,86968380,86968880,500,0,100.0,0.0
7875,86968880,86969380,500,0,100.0,0.0
7876,86969380,86969880,500,0,100.0,0.0
7877,86969880,86970380,500,0,100.0,0.0
7878,86970380,86970880,500,0,100.0,0.0
7879,86970880,86971380,500,0,100.0,0.0
7880,86971380,86971880,500,0,100.0,0.0
7881,86971880,86972380,500,0,100.0,0.0
7882,86972380,86972880,500,0,100.0,0.0
7883,86972880,86973380,500,0,100.0,0.0
7884,86973380,86973880,500,0,100.0,0.0
7885,86973880,86974380,500,0,100.0,0.0
7886,86974380,86974880,500,0,100.0,0.0
7887,86974880,86975380,500,0,100.0,0.0
7888,86975380,86975880,500,0,100.0,0.0
7889,86975880,86976380,500,0,100.0,0.0
7890,86976380,86976880,500,0,100.0,0.0
7891,86976880,86977380,500,0,100.0,0.0
7892,86977380,86977880,500,0,100.0,0.0
7893,86977880,86978380,500,0,100.0,0.0
7894,86978380,86978880,500,0,100.0,0.0
7895,86978880,86979380,500,0,100.0,0.0
7896,86979380,86979880,500,0,100.0,0.0
7897,86979880,86980380,500,0,100.0,0.0
7898,86980380,86980880,500,0,100.0,0.0
7899,86980880,86981380,500,0,100.0,0.0
7900,86981380,86981880,500,0,100.0,0.0
7901,86981880,86982380,500,0,100.0,0.0
7902,86982380,86982880,500,0,100.0,0.0
7903,86982880,86983380,500,0,100.0,0.0
7904,86983380,86983880,500,0,100.0,0.0
7905,86983880,86984380,500,0,100.0,0.0
7906,86984380,86984880,500,0,100.0,0.0
7907,86984880,86985380,500,0,100.0,0.0
7908,86985380,86985880,500,0,100.0,0.0
7909,86985880,86986380,500,0,100.0,0.0
7910,86986380,86986880,500,0,100.0,0.0
7911,86986880,86987380,500,0,100.0,0.0
7912,86987380,86987880,500,0,100.0,0.0
7913,86987880,86988380,500,0,100.0,0.0
7914,86988380,86988880,500,0,100.0,0.0
7915,86988880,86989380,500,0,100.0,0.0
7916,86989380,86989880,500,0,100.0,0.0
7917,86989880,86990380,500,0,100.0,0.0
7918,86990380,86990880,500,0,100.0,0.0
7919,86990880,86991380,500,0,100.0,0.0
7920,86991380,86991880,500,0,100.0,0.0
7921,86991880,86992380,500,0,100.0,0.0
7922,86992380,86992880,500,0,100.0,0.0
7923,86992880,86993380,500,0,100.0,0.0
7924,86993380,86993880,500,0,100.0,0.0
7925,86993880,86994380,500,0,100.0,0.0
7926,86994380,86994880,500,0,100.0,0.0
7927,86994880,86995380,500,0,100.0,0.0
7928,86995380,86995880,500,0,100.0,0.0
7929,86995880,86996380,500,0,100.0,0.0
7930,86996380,86996880,500,0,100.0,0.0
7931,86996880,86997380,500,0,100.0,0.0
7932,86997380,86997880,500,0,100.0,0.0
7933,86997880,86998380,500,0,100.0,0.0
7934,86998380,86998880,500,0,100.0,0.0
7935,86998880,86999380,500,0,100.0,0.0
7936,86999380,86999880,500,0,100.0,0.0
7937,86999880,87000380,500,0,100.0,0.0
7938,87000380,87000880,500,0,100.0,0.0
7939,87000880,87001380,500,0,100.0,0.0
7940,87001380,87001880,500,0,100.0,0.0
7941,87001880,87002380,500,0,100.0,0.0
7942,87002380,87002880,500,0,100.0,0.0
7943,87002880,87003380,500,0,100.0,0.0
7944,87003380,87003880,500,0,100.0,0.0
7945,87003880,87004380,500,0,100.0,0.0
7946,87004380,87004880,500,0,100.0,0.0
7947,87004880,87005380,500,0,100.0,0.0
7948,87005380,87005880,500,0,100.0,0.0
7949,87005880,87006380,500,0,100.0,0.0
7950,87006380,87006880,500,0,100.0,0.0
7951,87006880,87007380,500,0,100.0,0.0
7952,87007380,87007880,500,0,100.0,0.0
7953,87007880,87008380,500,0,100.0,0.0
7954,87008380,87008880,500,0,100.0,0.0
7955,87008880,87009380,500,0,100.0,0.0
7956,87009380,87009880,500,0,100.0,0.0
7957,87009880,87010380,500,0,100.0,0.0
7958,87010380,87010880,500,0,100.0,0.0
7959,87010880,87011380,500,0,100.0,0.0
7960,87011380,87011880,500,0,100.0,0.0
7961,87011880,87012380,500,0,100.0,0.0
7962,87012380,87012880,500,0,100.0,0.0
7963,87012880,87013380,500,0,100.0,0.0
7964,87013380,87013880,500,0,100.0,0.0
7965,87013880,87014380,500,0,100.0,0.0
7966,87014380,87014880,500,0,100.0,0.0
7967,87014880,87015380,500,0,100.0,0.0
7968,87015380,87015880,500,0,100.0,0.0
7969,87015880,87016380,500,0,100.0,0.0
7970,87016380,87016880,500,0,100.0,0.0
7971,87016880,87017380,500,0,100.0,0.0
7972,87017380,87017880,500,0,100.0,0.0
7973,87017880,87018380,500,0,100.0,0.0
7974,87018380,87018880,500,0,100.0,0.0
7975,87018880,87019380,500,0,100.0,0.0
7976,87019380,87019880,500,0,100.0,0.0
7977,87019880,87020380,500,0,100.0,0.0
7978,87020380,87020880,500,0,100.0,0.0
7979,87020880,87021380,500,0,100.0,0.0
7980,87021380,87021880,500,0,100.0,0.0
7981,87021880,87022380,500,0,100.0,0.0
7982,87022380,87022880,500,0,100.0,0.0
7983,87022880,87023380,500,0,100.0,0.0
7984,87023380,87023880,500,0,100.0,0.0
7985,87023880,87024380,500,0,100.0,0.0
7986,87024380,87024880,500,0,100.0,0.0
7987,87024880,87025380,500,0,100.0,0.0
7988,87025380,87025880,500,0,100.0,0.0
7989,87025880,87026380,500,0,100.0,0.0
7990,87026380,87026880,500,0,100.0,0.0
7991,87026880,87027380,500,0,100.0,0.0
7992,87027380,87027880,500,0,100.0,0.0
7993,87027880,87028380,500,0,100.0,0.0
7994,87028380,87028880,500,0,100.0,0.0
7995,87028880,87029380,500,0,100.0,0.0
7996,87029380,87029880,500,0,100.0,0.0
7997,87029880,87030380,500,0,100.0,0.0
7998,87030380,87030880,500,0,100.0,0.0
7999,87030880,87031380,500,0,100.0,0.0
8000,87031380,87031880,500,0,100.0,0.0
8001,87031880,87032380,500,0,100.0,0.0
8002,87032380,87032880,500,0,100.0,0.0
8003,87032880,87033380,500,0,100.0,0.0
8004,87033380,87033880,500,0,100.0,0.0
8005,87033880,87034380,500,0,100.0,0.0
8006,87034380,87034880,500,0,100.0,0.0
8007,87034880,87035380,500,0,100.0,0.0
8008,87035380,87035880,500,0,100.0,0.0
8009,87035880,87036380,500,0,100.0,0.0
8010,87036380,87036880,500,0,100.0,0.0
8011,87036880,87037380,500,0,100.0,0.0
8012,87037380,87037880,500,0,100.0,0.0
8013,87037880,87038380,418,82,83.6,16.400000000000006
8014,87038380,87038880,7,493,1.4000000000000001,98.6
8015,87038880,87039380,67,433,13.4,86.6
8016,87039380,87039880,124,376,24.8,75.2
8017,87039880,87040380,500,0,100.0,0.0
8018,87040380,87040880,500,0,100.0,0.0
8019,87040880,87041380,500,0,100.0,0.0
8020,87041380,87041880,500,0,100.0,0.0
8021,87041880,87042380,500,0,100.0,0.0
8022,87042380,87042880,500,0,100.0,0.0
8023,87042880,87043380,500,0,100.0,0.0
8024,87043380,87043880,500,0,100.0,0.0
8025,87043880,87044380,500,0,100.0,0.0
8026,87044380,87044880,500,0,100.0,0.0
8027,87044880,87045380,500,0,100.0,0.0
8028,87045380,87045880,500,0,100.0,0.0
8029,87045880,87046380,500,0,100.0,0.0
8030,87046380,87046880,500,0,100.0,0.0
8031,87046880,87047380,500,0,100.0,0.0
8032,87047380,87047880,500,0,100.0,0.0
8033,87047880,87048380,500,0,100.0,0.0
8034,87048380,87048880,500,0,100.0,0.0
8035,87048880,87049380,500,0,100.0,0.0
8036,87049380,87049880,500,0,100.0,0.0
8037,87049880,87050380,500,0,100.0,0.0
8038,87050380,87050880,500,0,100.0,0.0
8039,87050880,87051380,500,0,100.0,0.0
8040,87051380,87051880,500,0,100.0,0.0
8041,87051880,87052380,500,0,100.0,0.0
8042,87052380,87052880,500,0,100.0,0.0
8043,87052880,87053380,500,0,100.0,0.0
8044,87053380,87053880,500,0,100.0,0.0
8045,87053880,87054380,500,0,100.0,0.0
8046,87054380,87054880,500,0,100.0,0.0
8047,87054880,87055380,500,0,100.0,0.0
8048,87055380,87055880,500,0,100.0,0.0
8049,87055880,87056380,401,99,80.2,19.799999999999997
8050,87056380,87056880,7,493,1.4000000000000001,98.6
8051,87056880,87057380,65,435,13.0,87.0
8052,87057380,87057880,23,477,4.6,95.4
8053,87057880,87058380,500,0,100.0,0.0
8054,87058380,87058880,500,0,100.0,0.0
8055,87058880,87059380,500,0,100.0,0.0
8056,87059380,87059880,500,0,100.0,0.0
8057,87059880,87060380,500,0,100.0,0.0
8058,87060380,87060880,500,0,100.0,0.0
8059,87060880,87061380,500,0,100.0,0.0
8060,87061380,87061880,500,0,100.0,0.0
8061,87061880,87062380,500,0,100.0,0.0
8062,87062380,87062880,500,0,100.0,0.0
8063,87062880,87063380,500,0,100.0,0.0
8064,87063380,87063880,500,0,100.0,0.0
8065,87063880,87064380,500,0,100.0,0.0
8066,87064380,87064880,500,0,100.0,0.0
8067,87064880,87065380,500,0,100.0,0.0
8068,87065380,87065880,500,0,100.0,0.0
8069,87065880,87066380,500,0,100.0,0.0
8070,87066380,87066880,500,0,100.0,0.0
8071,87066880,87067380,500,0,100.0,0.0
8072,87067380,87067880,500,0,100.0,0.0
8073,87067880,87068380,500,0,100.0,0.0
8074,87068380,87068880,500,0,100.0,0.0
8075,87068880,87069380,500,0,100.0,0.0
8076,87069380,87069880,500,0,100.0,0.0
8077,87069880,87070380,500,0,100.0,0.0
8078,87070380,87070880,500,0,100.0,0.0
8079,87070880,87071380,500,0,100.0,0.0
8080,87071380,87071880,500,0,100.0,0.0
8081,87071880,87072380,500,0,100.0,0.0
8082,87072380,87072880,500,0,100.0,0.0
8083,87072880,87073380,96,404,19.2,80.8
8084,87073380,87073880,8,492,1.6,98.4
8085,87073880,87074380,66,434,13.200000000000001,86.8
8086,87074380,87074880,278,222,55.60000000000001,44.39999999999999
8087,87074880,87075380,500,0,100.0,0.0
8088,87075380,87075880,500,0,100.0,0.0
8089,87075880,87076380,500,0,100.0,0.0
8090,87076380,87076880,500,0,100.0,0.0
8091,87076880,87077380,500,0,100.0,0.0
8092,87077380,87077880,500,0,100.0,0.0
8093,87077880,87078380,500,0,100.0,0.0
8094,87078380,87078880,500,0,100.0,0.0
8095,87078880,87079380,500,0,100.0,0.0
8096,87079380,87079880,500,0,100.0,0.0
8097,87079880,87080380,500,0,100.0,0.0
8098,87080380,87080880,500,0,100.0,0.0
8099,87080880,87081380,500,0,100.0,0.0
8100,87081380,87081880,500,0,100.0,0.0
8101,87081880,87082380,500,0,100.0,0.0
8102,87082380,87082880,500,0,100.0,0.0
8103,87082880,87083380,500,0,100.0,0.0
8104,87083380,87083880,500,0,100.0,0.0
8105,87083880,87084380,500,0,100.0,0.0
8106,87084380,87084880,500,0,100.0,0.0
8107,87084880,87085380,500,0,100.0,0.0
8108,87085380,87085880,500,0,100.0,0.0
8109,87085880,87086380,500,0,100.0,0.0
8110,87086380,87086880,500,0,100.0,0.0
8111,87086880,87087380,500,0,100.0,0.0
8112,87087380,87087880,500,0,100.0,0.0
8113,87087880,87088380,500,0,100.0,0.0
8114,87088380,87088880,500,0,100.0,0.0
8115,87088880,87089380,500,0,100.0,0.0
8116,87089380,87089880,419,81,83.8,16.200000000000003
8117,87089880,87090380,8,492,1.6,98.4
8118,87090380,87090880,77,423,15.4,84.6
8119,87090880,87091380,5,495,1.0,99.0
8120,87091380,87091880,371,129,74.2,25.799999999999997
8121,87091880,87092380,500,0,100.0,0.0
8122,87092380,87092880,500,0,100.0,0.0
8123,87092880,87093380,500,0,100.0,0.0
8124,87093380,87093880,500,0,100.0,0.0
8125,87093880,87094380,500,0,100.0,0.0
8126,87094380,87094880,500,0,100.0,0.0
8127,87094880,87095380,500,0,100.0,0.0
8128,87095380,87095880,500,0,100.0,0.0
8129,87095880,87096380,500,0,100.0,0.0
8130,87096380,87096880,500,0,100.0,0.0
8131,87096880,87097380,500,0,100.0,0.0
8132,87097380,87097880,500,0,100.0,0.0
8133,87097880,87098380,500,0,100.0,0.0
8134,87098380,87098880,500,0,100.0,0.0
8135,87098880,87099380,500,0,100.0,0.0
8136,87099380,87099880,500,0,100.0,0.0
8137,87099880,87100380,500,0,100.0,0.0
8138,87100380,87100880,500,0,100.0,0.0
8139,87100880,87101380,500,0,100.0,0.0
8140,87101380,87101880,500,0,100.0,0.0
8141,87101880,87102380,500,0,100.0,0.0
8142,87102380,87102880,500,0,100.0,0.0
8143,87102880,87103380,500,0,100.0,0.0
8144,87103380,87103880,500,0,100.0,0.0
8145,87103880,87104380,500,0,100.0,0.0
8146,87104380,87104880,500,0,100.0,0.0
8147,87104880,87105380,500,0,100.0,0.0
8148,87105380,87105880,500,0,100.0,0.0
8149,87105880,87106380,385,115,77.0,23.0
8150,87106380,87106880,8,492,1.6,98.4
8151,87106880,87107380,65,435,13.0,87.0
8152,87107380,87107880,88,412,17.599999999999998,82.4
8153,87107880,87108380,500,0,100.0,0.0
8154,87108380,87108880,500,0,100.0,0.0
8155,87108880,87109380,500,0,100.0,0.0
8156,87109380,87109880,500,0,100.0,0.0
8157,87109880,87110380,500,0,100.0,0.0
8158,87110380,87110880,500,0,100.0,0.0
8159,87110880,87111380,500,0,100.0,0.0
8160,87111380,87111880,500,0,100.0,0.0
8161,87111880,87112380,500,0,100.0,0.0
8162,87112380,87112880,500,0,100.0,0.0
8163,87112880,87113380,500,0,100.0,0.0
8164,87113380,87113880,500,0,100.0,0.0
8165,87113880,87114380,500,0,100.0,0.0
8166,87114380,87114880,500,0,100.0,0.0
8167,87114880,87115380,500,0,100.0,0.0
8168,87115380,87115880,500,0,100.0,0.0
8169,87115880,87116380,500,0,100.0,0.0
8170,87116380,87116880,500,0,100.0,0.0
8171,87116880,87117380,500,0,100.0,0.0
8172,87117380,87117880,500,0,100.0,0.0
8173,87117880,87118380,500,0,100.0,0.0
8174,87118380,87118880,500,0,100.0,0.0
8175,87118880,87119380,500,0,100.0,0.0
8176,87119380,87119880,500,0,100.0,0.0
8177,87119880,87120380,500,0,100.0,0.0
8178,87120380,87120880,500,0,100.0,0.0
8179,87120880,87121380,500,0,100.0,0.0
8180,87121380,87121880,500,0,100.0,0.0
8181,87121880,87122380,500,0,100.0,0.0
8182,87122380,87122880,500,0,100.0,0.0
8183,87122880,87123380,74,426,14.799999999999999,85.2
8184,87123380,87123880,9,491,1.7999999999999998,98.2
8185,87123880,87124380,81,419,16.2,83.8
8186,87124380,87124880,10,490,2.0,98.0
8187,87124880,87125380,500,0,100.0,0.0
8188,87125380,87125880,500,0,100.0,0.0
8189,87125880,87126380,500,0,100.0,0.0
8190,87126380,87126880,500,0,100.0,0.0
8191,87126880,87127380,500,0,100.0,0.0
8192,87127380,87127880,500,0,100.0,0.0
8193,87127880,87128380,500,0,100.0,0.0
8194,87128380,87128880,500,0,100.0,0.0
8195,87128880,87129380,500,0,100.0,0.0
8196,87129380,87129880,500,0,100.0,0.0
8197,87129880,87130380,500,0,100.0,0.0
8198,87130380,87130880,500,0,100.0,0.0
8199,87130880,87131380,500,0,100.0,0.0
8200,87131380,87131880,500,0,100.0,0.0
8201,87131880,87132380,500,0,100.0,0.0
8202,87132380,87132880,500,0,100.0,0.0
8203,87132880,87133380,500,0,100.0,0.0
8204,87133380,87133880,500,0,100.0,0.0
8205,87133880,87134380,500,0,100.0,0.0
8206,87134380,87134880,500,0,100.0,0.0
8207,87134880,87135380,500,0,100.0,0.0
8208,87135380,87135880,500,0,100.0,0.0
8209,87135880,87136380,500,0,100.0,0.0
8210,87136380,87136880,500,0,100.0,0.0
8211,87136880,87137380,500,0,100.0,0.0
8212,87137380,87137880,500,0,100.0,0.0
8213,87137880,87138380,500,0,100.0,0.0
8214,87138380,87138880,500,0,100.0,0.0
8215,87138880,87139380,500,0,100.0,0.0
8216,87139380,87139880,293,207,58.599999999999994,41.400000000000006
8217,87139880,87140380,6,494,1.2,98.8
8218,87140380,87140880,8,492,1.6,98.4
8219,87140880,87141380,107,393,21.4,78.6
8220,87141380,87141880,4,496,0.8,99.2
8221,87141880,87142380,144,356,28.799999999999997,71.2
8222,87142380,87142880,500,0,100.0,0.0
8223,87142880,87143380,500,0,100.0,0.0
8224,87143380,87143880,500,0,100.0,0.0
8225,87143880,87144380,500,0,100.0,0.0
8226,87144380,87144880,500,0,100.0,0.0
8227,87144880,87145380,500,0,100.0,0.0
8228,87145380,87145880,500,0,100.0,0.0
8229,87145880,87146380,500,0,100.0,0.0
8230,87146380,87146880,500,0,100.0,0.0
8231,87146880,87147380,500,0,100.0,0.0
8232,87147380,87147880,500,0,100.0,0.0
8233,87147880,87148380,500,0,100.0,0.0
8234,87148380,87148880,500,0,100.0,0.0
8235,87148880,87149380,500,0,100.0,0.0
8236,87149380,87149880,500,0,100.0,0.0
8237,87149880,87150380,500,0,100.0,0.0
8238,87150380,87150880,500,0,100.0,0.0
8239,87150880,87151380,500,0,100.0,0.0
8240,87151380,87151880,500,0,100.0,0.0
8241,87151880,87152380,500,0,100.0,0.0
8242,87152380,87152880,500,0,100.0,0.0
8243,87152880,87153380,500,0,100.0,0.0
8244,87153380,87153880,500,0,100.0,0.0
8245,87153880,87154380,500,0,100.0,0.0
8246,87154380,87154880,500,0,100.0,0.0
8247,87154880,87155380,500,0,100.0,0.0
8248,87155380,87155880,500,0,100.0,0.0
8249,87155880,87156380,500,0,100.0,0.0
8250,87156380,87156880,397,103,79.4,20.599999999999994
8251,87156880,87157380,8,492,1.6,98.4
8252,87157380,87157880,101,399,20.200000000000003,79.8
8253,87157880,87158380,6,494,1.2,98.8
8254,87158380,87158880,444,56,88.8,11.200000000000003
8255,87158880,87159380,500,0,100.0,0.0
8256,87159380,87159880,500,0,100.0,0.0
8257,87159880,87160380,500,0,100.0,0.0
8258,87160380,87160880,500,0,100.0,0.0
8259,87160880,87161380,500,0,100.0,0.0
8260,87161380,87161880,500,0,100.0,0.0
8261,87161880,87162380,500,0,100.0,0.0
8262,87162380,87162880,500,0,100.0,0.0
8263,87162880,87163380,500,0,100.0,0.0
8264,87163380,87163880,500,0,100.0,0.0
8265,87163880,87164380,500,0,100.0,0.0
8266,87164380,87164880,500,0,100.0,0.0
8267,87164880,87165380,500,0,100.0,0.0
8268,87165380,87165880,500,0,100.0,0.0
8269,87165880,87166380,500,0,100.0,0.0
8270,87166380,87166880,500,0,100.0,0.0
8271,87166880,87167380,500,0,100.0,0.0
8272,87167380,87167880,500,0,100.0,0.0
8273,87167880,87168380,500,0,100.0,0.0
8274,87168380,87168880,500,0,100.0,0.0
8275,87168880,87169380,500,0,100.0,0.0
8276,87169380,87169880,500,0,100.0,0.0
8277,87169880,87170380,500,0,100.0,0.0
8278,87170380,87170880,500,0,100.0,0.0
8279,87170880,87171380,500,0,100.0,0.0
8280,87171380,87171880,475,25,95.0,5.0
8281,87171880,87172380,6,494,1.2,98.8
8282,87172380,87172880,81,419,16.2,83.8
8283,87172880,87173380,3,497,0.6,99.4
8284,87173380,87173880,316,184,63.2,36.8
8285,87173880,87174380,500,0,100.0,0.0
8286,87174380,87174880,500,0,100.0,0.0
8287,87174880,87175380,500,0,100.0,0.0
8288,87175380,87175880,500,0,100.0,0.0
8289,87175880,87176380,500,0,100.0,0.0
8290,87176380,87176880,500,0,100.0,0.0
8291,87176880,87177380,500,0,100.0,0.0
8292,87177380,87177880,500,0,100.0,0.0
8293,87177880,87178380,500,0,100.0,0.0
8294,87178380,87178880,500,0,100.0,0.0
8295,87178880,87179380,500,0,100.0,0.0
8296,87179380,87179880,500,0,100.0,0.0
8297,87179880,87180380,500,0,100.0,0.0
8298,87180380,87180880,500,0,100.0,0.0
8299,87180880,87181380,500,0,100.0,0.0
8300,87181380,87181880,500,0,100.0,0.0
8301,87181880,87182380,500,0,100.0,0.0
8302,87182380,87182880,500,0,100.0,0.0
8303,87182880,87183380,500,0,100.0,0.0
8304,87183380,87183880,500,0,100.0,0.0
8305,87183880,87184380,500,0,100.0,0.0
8306,87184380,87184880,500,0,100.0,0.0
8307,87184880,87185380,500,0,100.0,0.0
8308,87185380,87185880,500,0,100.0,0.0
8309,87185880,87186380,500,0,100.0,0.0
8310,87186380,87186880,500,0,100.0,0.0
8311,87186880,87187380,500,0,100.0,0.0
8312,87187380,87187880,500,0,100.0,0.0
8313,87187880,87188380,500,0,100.0,0.0
8314,87188380,87188880,61,439,12.2,87.8
8315,87188880,87189380,32,468,6.4,93.6
8316,87189380,87189880,53,447,10.6,89.4
8317,87189880,87190380,177,323,35.4,64.6
8318,87190380,87190880,500,0,100.0,0.0
8319,87190880,87191380,500,0,100.0,0.0
8320,87191380,87191880,500,0,100.0,0.0
8321,87191880,87192380,500,0,100.0,0.0
8322,87192380,87192880,500,0,100.0,0.0
8323,87192880,87193380,500,0,100.0,0.0
8324,87193380,87193880,500,0,100.0,0.0
8325,87193880,87194380,500,0,100.0,0.0
8326,87194380,87194880,500,0,100.0,0.0
8327,87194880,87195380,500,0,100.0,0.0
8328,87195380,87195880,500,0,100.0,0.0
8329,87195880,87196380,500,0,100.0,0.0
8330,87196380,87196880,500,0,100.0,0.0
8331,87196880,87197380,500,0,100.0,0.0
8332,87197380,87197880,500,0,100.0,0.0
8333,87197880,87198380,500,0,100.0,0.0
8334,87198380,87198880,500,0,100.0,0.0
8335,87198880,87199380,500,0,100.0,0.0
8336,87199380,87199880,500,0,100.0,0.0
8337,87199880,87200380,500,0,100.0,0.0
8338,87200380,87200880,500,0,100.0,0.0
8339,87200880,87201380,500,0,100.0,0.0
8340,87201380,87201880,500,0,100.0,0.0
8341,87201880,87202380,500,0,100.0,0.0
8342,87202380,87202880,500,0,100.0,0.0
8343,87202880,87203380,500,0,100.0,0.0
8344,87203380,87203880,500,0,100.0,0.0
8345,87203880,87204380,225,275,45.0,55.0
8346,87204380,87204880,36,464,7.199999999999999,92.8
8347,87204880,87205380,21,479,4.2,95.8
8348,87205380,87205880,414,86,82.8,17.200000000000003
8349,87205880,87206380,500,0,100.0,0.0
8350,87206380,87206880,500,0,100.0,0.0
8351,87206880,87207380,500,0,100.0,0.0
8352,87207380,87207880,500,0,100.0,0.0
8353,87207880,87208380,500,0,100.0,0.0
8354,87208380,87208880,500,0,100.0,0.0
8355,87208880,87209380,500,0,100.0,0.0
8356,87209380,87209880,500,0,100.0,0.0
8357,87209880,87210380,500,0,100.0,0.0
8358,87210380,87210880,500,0,100.0,0.0
8359,87210880,87211380,500,0,100.0,0.0
8360,87211380,87211880,500,0,100.0,0.0
8361,87211880,87212380,500,0,100.0,0.0
8362,87212380,87212880,500,0,100.0,0.0
8363,87212880,87213380,500,0,100.0,0.0
8364,87213380,87213880,500,0,100.0,0.0
8365,87213880,87214380,500,0,100.0,0.0
8366,87214380,87214880,500,0,100.0,0.0
8367,87214880,87215380,500,0,100.0,0.0
8368,87215380,87215880,500,0,100.0,0.0
8369,87215880,87216380,500,0,100.0,0.0
8370,87216380,87216880,500,0,100.0,0.0
8371,87216880,87217380,500,0,100.0,0.0
8372,87217380,87217880,500,0,100.0,0.0
8373,87217880,87218380,500,0,100.0,0.0
8374,87218380,87218880,500,0,100.0,0.0
8375,87218880,87219380,500,0,100.0,0.0
8376,87219380,87219880,500,0,100.0,0.0
8377,87219880,87220380,500,0,100.0,0.0
8378,87220380,87220880,175,325,35.0,65.0
8379,87220880,87221380,7,493,1.4000000000000001,98.6
8380,87221380,87221880,68,432,13.600000000000001,86.4
8381,87221880,87222380,452,48,90.4,9.599999999999994
8382,87222380,87222880,500,0,100.0,0.0
8383,87222880,87223380,500,0,100.0,0.0
8384,87223380,87223880,500,0,100.0,0.0
8385,87223880,87224380,500,0,100.0,0.0
8386,87224380,87224880,500,0,100.0,0.0
8387,87224880,87225380,500,0,100.0,0.0
8388,87225380,87225880,500,0,100.0,0.0
8389,87225880,87226380,500,0,100.0,0.0
8390,87226380,87226880,500,0,100.0,0.0
8391,87226880,87227380,500,0,100.0,0.0
8392,87227380,87227880,500,0,100.0,0.0
8393,87227880,87228380,500,0,100.0,0.0
8394,87228380,87228880,500,0,100.0,0.0
8395,87228880,87229380,500,0,100.0,0.0
8396,87229380,87229880,500,0,100.0,0.0
8397,87229880,87230380,500,0,100.0,0.0
8398,87230380,87230880,500,0,100.0,0.0
8399,87230880,87231380,500,0,100.0,0.0
8400,87231380,87231880,500,0,100.0,0.0
8401,87231880,87232380,500,0,100.0,0.0
8402,87232380,87232880,500,0,100.0,0.0
8403,87232880,87233380,500,0,100.0,0.0
8404,87233380,87233880,500,0,100.0,0.0
8405,87233880,87234380,500,0,100.0,0.0
8406,87234380,87234880,500,0,100.0,0.0
8407,87234880,87235380,500,0,100.0,0.0
8408,87235380,87235880,500,0,100.0,0.0
8409,87235880,87236380,393,107,78.60000000000001,21.39999999999999
8410,87236380,87236880,7,493,1.4000000000000001,98.6
8411,87236880,87237380,57,443,11.4,88.6
8412,87237380,87237880,233,267,46.6,53.4
8413,87237880,87238380,500,0,100.0,0.0
8414,87238380,87238880,500,0,100.0,0.0
8415,87238880,87239380,500,0,100.0,0.0
8416,87239380,87239880,500,0,100.0,0.0
8417,87239880,87240380,500,0,100.0,0.0
8418,87240380,87240880,500,0,100.0,0.0
8419,87240880,87241380,500,0,100.0,0.0
8420,87241380,87241880,500,0,100.0,0.0
8421,87241880,87242380,500,0,100.0,0.0
8422,87242380,87242880,500,0,100.0,0.0
8423,87242880,87243380,500,0,100.0,0.0
8424,87243380,87243880,500,0,100.0,0.0
8425,87243880,87244380,500,0,100.0,0.0
8426,87244380,87244880,500,0,100.0,0.0
8427,87244880,87245380,500,0,100.0,0.0
8428,87245380,87245880,500,0,100.0,0.0
8429,87245880,87246380,500,0,100.0,0.0
8430,87246380,87246880,500,0,100.0,0.0
8431,87246880,87247380,500,0,100.0,0.0
8432,87247380,87247880,500,0,100.0,0.0
8433,87247880,87248380,500,0,100.0,0.0
8434,87248380,87248880,500,0,100.0,0.0
8435,87248880,87249380,500,0,100.0,0.0
8436,87249380,87249880,500,0,100.0,0.0
8437,87249880,87250380,500,0,100.0,0.0
8438,87250380,87250880,500,0,100.0,0.0
8439,87250880,87251380,500,0,100.0,0.0
8440,87251380,87251880,500,0,100.0,0.0
8441,87251880,87252380,500,0,100.0,0.0
8442,87252380,87252880,500,0,100.0,0.0
8443,87252880,87253380,96,404,19.2,80.8
8444,87253380,87253880,60,440,12.0,88.0
8445,87253880,87254380,10,490,2.0,98.0
8446,87254380,87254880,396,104,79.2,20.799999999999997
8447,87254880,87255380,500,0,100.0,0.0
8448,87255380,87255880,500,0,100.0,0.0
8449,87255880,87256380,500,0,100.0,0.0
8450,87256380,87256880,500,0,100.0,0.0
8451,87256880,87257380,500,0,100.0,0.0
8452,87257380,87257880,500,0,100.0,0.0
8453,87257880,87258380,500,0,100.0,0.0
8454,87258380,87258880,500,0,100.0,0.0
8455,87258880,87259380,500,0,100.0,0.0
8456,87259380,87259880,500,0,100.0,0.0
8457,87259880,87260380,500,0,100.0,0.0
8458,87260380,87260880,500,0,100.0,0.0
8459,87260880,87261380,500,0,100.0,0.0
8460,87261380,87261880,500,0,100.0,0.0
8461,87261880,87262380,500,0,100.0,0.0
8462,87262380,87262880,500,0,100.0,0.0
8463,87262880,87263380,500,0,100.0,0.0
8464,87263380,87263880,500,0,100.0,0.0
8465,87263880,87264380,500,0,100.0,0.0
8466,87264380,87264880,500,0,100.0,0.0
8467,87264880,87265380,500,0,100.0,0.0
8468,87265380,87265880,500,0,100.0,0.0
8469,87265880,87266380,500,0,100.0,0.0
8470,87266380,87266880,500,0,100.0,0.0
8471,87266880,87267380,500,0,100.0,0.0
8472,87267380,87267880,500,0,100.0,0.0
8473,87267880,87268380,500,0,100.0,0.0
8474,87268380,87268880,500,0,100.0,0.0
8475,87268880,87269380,500,0,100.0,0.0
8476,87269380,87269880,477,23,95.39999999999999,4.6000000000000085
8477,87269880,87270380,8,492,1.6,98.4
8478,87270380,87270880,61,439,12.2,87.8
8479,87270880,87271380,6,494,1.2,98.8
8480,87271380,87271880,462,38,92.4,7.599999999999994
8481,87271880,87272380,500,0,100.0,0.0
8482,87272380,87272880,500,0,100.0,0.0
8483,87272880,87273380,500,0,100.0,0.0
8484,87273380,87273880,500,0,100.0,0.0
8485,87273880,87274380,500,0,100.0,0.0
8486,87274380,87274880,500,0,100.0,0.0
8487,87274880,87275380,500,0,100.0,0.0
8488,87275380,87275880,500,0,100.0,0.0
8489,87275880,87276380,500,0,100.0,0.0
8490,87276380,87276880,500,0,100.0,0.0
8491,87276880,87277380,500,0,100.0,0.0
8492,87277380,87277880,500,0,100.0,0.0
8493,87277880,87278380,500,0,100.0,0.0
8494,87278380,87278880,500,0,100.0,0.0
8495,87278880,87279380,500,0,100.0,0.0
8496,87279380,87279880,500,0,100.0,0.0
8497,87279880,87280380,500,0,100.0,0.0
8498,87280380,87280880,500,0,100.0,0.0
8499,87280880,87281380,500,0,100.0,0.0
8500,87281380,87281880,500,0,100.0,0.0
8501,87281880,87282380,500,0,100.0,0.0
8502,87282380,87282880,500,0,100.0,0.0
8503,87282880,87283380,500,0,100.0,0.0
8504,87283380,87283880,500,0,100.0,0.0
8505,87283880,87284380,500,0,100.0,0.0
8506,87284380,87284880,500,0,100.0,0.0
8507,87284880,87285380,500,0,100.0,0.0
8508,87285380,87285880,210,290,42.0,58.0
8509,87285880,87286380,7,493,1.4000000000000001,98.6
8510,87286380,87286880,58,442,11.600000000000001,88.4
8511,87286880,87287380,446,54,89.2,10.799999999999997
8512,87287380,87287880,500,0,100.0,0.0
8513,87287880,87288380,500,0,100.0,0.0
8514,87288380,87288880,500,0,100.0,0.0
8515,87288880,87289380,500,0,100.0,0.0
8516,87289380,87289880,500,0,100.0,0.0
8517,87289880,87290380,500,0,100.0,0.0
8518,87290380,87290880,500,0,100.0,0.0
8519,87290880,87291380,500,0,100.0,0.0
8520,87291380,87291880,500,0,100.0,0.0
8521,87291880,87292380,500,0,100.0,0.0
8522,87292380,87292880,500,0,100.0,0.0
8523,87292880,87293380,500,0,100.0,0.0
8524,87293380,87293880,500,0,100.0,0.0
8525,87293880,87294380,500,0,100.0,0.0
8526,87294380,87294880,500,0,100.0,0.0
8527,87294880,87295380,500,0,100.0,0.0
8528,87295380,87295880,500,0,100.0,0.0
8529,87295880,87296380,500,0,100.0,0.0
8530,87296380,87296880,500,0,100.0,0.0
8531,87296880,87297380,500,0,100.0,0.0
8532,87297380,87297880,500,0,100.0,0.0
8533,87297880,87298380,500,0,100.0,0.0
8534,87298380,87298880,500,0,100.0,0.0
8535,87298880,87299380,500,0,100.0,0.0
8536,87299380,87299880,500,0,100.0,0.0
8537,87299880,87300380,393,107,78.60000000000001,21.39999999999999
8538,87300380,87300880,7,493,1.4000000000000001,98.6
8539,87300880,87301380,52,448,10.4,89.6
8540,87301380,87301880,228,272,45.6,54.4
8541,87301880,87302380,500,0,100.0,0.0
8542,87302380,87302880,500,0,100.0,0.0
8543,87302880,87303380,500,0,100.0,0.0
8544,87303380,87303880,500,0,100.0,0.0
8545,87303880,87304380,500,0,100.0,0.0
8546,87304380,87304880,500,0,100.0,0.0
8547,87304880,87305380,500,0,100.0,0.0
8548,87305380,87305880,500,0,100.0,0.0
8549,87305880,87306380,500,0,100.0,0.0
8550,87306380,87306880,500,0,100.0,0.0
8551,87306880,87307380,500,0,100.0,0.0
8552,87307380,87307880,500,0,100.0,0.0
8553,87307880,87308380,500,0,100.0,0.0
8554,87308380,87308880,500,0,100.0,0.0
8555,87308880,87309380,500,0,100.0,0.0
8556,87309380,87309880,500,0,100.0,0.0
8557,87309880,87310380,500,0,100.0,0.0
8558,87310380,87310880,500,0,100.0,0.0
8559,87310880,87311380,500,0,100.0,0.0
8560,87311380,87311880,500,0,100.0,0.0
8561,87311880,87312380,500,0,100.0,0.0
8562,87312380,87312880,500,0,100.0,0.0
8563,87312880,87313380,500,0,100.0,0.0
8564,87313380,87313880,500,0,100.0,0.0
8565,87313880,87314380,500,0,100.0,0.0
8566,87314380,87314880,500,0,100.0,0.0
8567,87314880,87315380,360,140,72.0,28.0
8568,87315380,87315880,9,491,1.7999999999999998,98.2
8569,87315880,87316380,52,448,10.4,89.6
8570,87316380,87316880,286,214,57.199999999999996,42.800000000000004
8571,87316880,87317380,500,0,100.0,0.0
8572,87317380,87317880,500,0,100.0,0.0
8573,87317880,87318380,500,0,100.0,0.0
8574,87318380,87318880,500,0,100.0,0.0
8575,87318880,87319380,500,0,100.0,0.0
8576,87319380,87319880,500,0,100.0,0.0
8577,87319880,87320380,500,0,100.0,0.0
8578,87320380,87320880,500,0,100.0,0.0
8579,87320880,87321380,500,0,100.0,0.0
8580,87321380,87321880,500,0,100.0,0.0
8581,87321880,87322380,500,0,100.0,0.0
8582,87322380,87322880,500,0,100.0,0.0
8583,87322880,87323380,500,0,100.0,0.0
8584,87323380,87323880,500,0,100.0,0.0
8585,87323880,87324380,500,0,100.0,0.0
8586,87324380,87324880,500,0,100.0,0.0
8587,87324880,87325380,500,0,100.0,0.0
8588,87325380,87325880,500,0,100.0,0.0
8589,87325880,87326380,500,0,100.0,0.0
8590,87326380,87326880,500,0,100.0,0.0
8591,87326880,87327380,500,0,100.0,0.0
8592,87327380,87327880,500,0,100.0,0.0
8593,87327880,87328380,500,0,100.0,0.0
8594,87328380,87328880,500,0,100.0,0.0
8595,87328880,87329380,500,0,100.0,0.0
8596,87329380,87329880,500,0,100.0,0.0
8597,87329880,87330380,500,0,100.0,0.0
8598,87330380,87330880,28,472,5.6000000000000005,94.4
8599,87330880,87331380,47,453,9.4,90.6
8600,87331380,87331880,91,409,18.2,81.8
8601,87331880,87332380,500,0,100.0,0.0
8602,87332380,87332880,500,0,100.0,0.0
8603,87332880,87333380,500,0,100.0,0.0
8604,87333380,87333880,500,0,100.0,0.0
8605,87333880,87334380,500,0,100.0,0.0
8606,87334380,87334880,500,0,100.0,0.0
8607,87334880,87335380,500,0,100.0,0.0
8608,87335380,87335880,500,0,100.0,0.0
8609,87335880,87336380,500,0,100.0,0.0
8610,87336380,87336880,500,0,100.0,0.0
8611,87336880,87337380,500,0,100.0,0.0
8612,87337380,87337880,500,0,100.0,0.0
8613,87337880,87338380,500,0,100.0,0.0
8614,87338380,87338880,500,0,100.0,0.0
8615,87338880,87339380,500,0,100.0,0.0
8616,87339380,87339880,500,0,100.0,0.0
8617,87339880,87340380,500,0,100.0,0.0
8618,87340380,87340880,500,0,100.0,0.0
8619,87340880,87341380,500,0,100.0,0.0
8620,87341380,87341880,500,0,100.0,0.0
8621,87341880,87342380,500,0,100.0,0.0
8622,87342380,87342880,500,0,100.0,0.0
8623,87342880,87343380,500,0,100.0,0.0
8624,87343380,87343880,500,0,100.0,0.0
8625,87343880,87344380,500,0,100.0,0.0
8626,87344380,87344880,500,0,100.0,0.0
8627,87344880,87345380,500,0,100.0,0.0
8628,87345380,87345880,500,0,100.0,0.0
8629,87345880,87346380,500,0,100.0,0.0
8630,87346380,87346880,173,327,34.599999999999994,65.4
8631,87346880,87347380,5,495,1.0,99.0
8632,87347380,87347880,56,444,11.200000000000001,88.8
8633,87347880,87348380,455,45,91.0,9.0
8634,87348380,87348880,500,0,100.0,0.0
8635,87348880,87349380,500,0,100.0,0.0
8636,87349380,87349880,500,0,100.0,0.0
8637,87349880,87350380,500,0,100.0,0.0
8638,87350380,87350880,500,0,100.0,0.0
8639,87350880,87351380,500,0,100.0,0.0
8640,87351380,87351880,500,0,100.0,0.0
8641,87351880,87352380,500,0,100.0,0.0
8642,87352380,87352880,500,0,100.0,0.0
8643,87352880,87353380,500,0,100.0,0.0
8644,87353380,87353880,500,0,100.0,0.0
8645,87353880,87354380,500,0,100.0,0.0
8646,87354380,87354880,500,0,100.0,0.0
8647,87354880,87355380,500,0,100.0,0.0
8648,87355380,87355880,500,0,100.0,0.0
8649,87355880,87356380,500,0,100.0,0.0
8650,87356380,87356880,500,0,100.0,0.0
8651,87356880,87357380,500,0,100.0,0.0
8652,87357380,87357880,500,0,100.0,0.0
8653,87357880,87358380,500,0,100.0,0.0
8654,87358380,87358880,500,0,100.0,0.0
8655,87358880,87359380,500,0,100.0,0.0
8656,87359380,87359880,500,0,100.0,0.0
8657,87359880,87360380,500,0,100.0,0.0
8658,87360380,87360880,500,0,100.0,0.0
8659,87360880,87361380,500,0,100.0,0.0
8660,87361380,87361880,229,271,45.800000000000004,54.199999999999996
8661,87361880,87362380,7,493,1.4000000000000001,98.6
8662,87362380,87362880,56,444,11.200000000000001,88.8
8663,87362880,87363380,298,202,59.599999999999994,40.400000000000006
8664,87363380,87363880,500,0,100.0,0.0
8665,87363880,87364380,500,0,100.0,0.0
8666,87364380,87364880,500,0,100.0,0.0
8667,87364880,87365380,500,0,100.0,0.0
8668,87365380,87365880,500,0,100.0,0.0
8669,87365880,87366380,500,0,100.0,0.0
8670,87366380,87366880,500,0,100.0,0.0
8671,87366880,87367380,500,0,100.0,0.0
8672,87367380,87367880,500,0,100.0,0.0
8673,87367880,87368380,500,0,100.0,0.0
8674,87368380,87368880,500,0,100.0,0.0
8675,87368880,87369380,500,0,100.0,0.0
8676,87369380,87369880,500,0,100.0,0.0
8677,87369880,87370380,500,0,100.0,0.0
8678,87370380,87370880,500,0,100.0,0.0
8679,87370880,87371380,500,0,100.0,0.0
8680,87371380,87371880,500,0,100.0,0.0
8681,87371880,87372380,500,0,100.0,0.0
8682,87372380,87372880,500,0,100.0,0.0
8683,87372880,87373380,500,0,100.0,0.0
8684,87373380,87373880,500,0,100.0,0.0
8685,87373880,87374380,500,0,100.0,0.0
8686,87374380,87374880,500,0,100.0,0.0
8687,87374880,87375380,500,0,100.0,0.0
8688,87375380,87375880,500,0,100.0,0.0
8689,87375880,87376380,500,0,100.0,0.0
8690,87376380,87376880,500,0,100.0,0.0
8691,87376880,87377380,500,0,100.0,0.0
8692,87377380,87377880,19,481,3.8,96.2
8693,87377880,87378380,68,432,13.600000000000001,86.4
8694,87378380,87378880,97,403,19.400000000000002,80.6
8695,87378880,87379380,500,0,100.0,0.0
8696,87379380,87379880,500,0,100.0,0.0
8697,87379880,87380380,500,0,100.0,0.0
8698,87380380,87380880,500,0,100.0,0.0
8699,87380880,87381380,500,0,100.0,0.0
8700,87381380,87381880,500,0,100.0,0.0
8701,87381880,87382380,500,0,100.0,0.0
8702,87382380,87382880,500,0,100.0,0.0
8703,87382880,87383380,500,0,100.0,0.0
8704,87383380,87383880,500,0,100.0,0.0
8705,87383880,87384380,500,0,100.0,0.0
8706,87384380,87384880,500,0,100.0,0.0
8707,87384880,87385380,500,0,100.0,0.0
8708,87385380,87385880,500,0,100.0,0.0
8709,87385880,87386380,500,0,100.0,0.0
8710,87386380,87386880,500,0,100.0,0.0
8711,87386880,87387380,500,0,100.0,0.0
8712,87387380,87387880,500,0,100.0,0.0
8713,87387880,87388380,500,0,100.0,0.0
8714,87388380,87388880,500,0,100.0,0.0
8715,87388880,87389380,500,0,100.0,0.0
8716,87389380,87389880,500,0,100.0,0.0
8717,87389880,87390380,500,0,100.0,0.0
8718,87390380,87390880,500,0,100.0,0.0
8719,87390880,87391380,500,0,100.0,0.0
8720,87391380,87391880,500,0,100.0,0.0
8721,87391880,87392380,500,0,100.0,0.0
8722,87392380,87392880,337,163,67.4,32.599999999999994
8723,87392880,87393380,8,492,1.6,98.4
8724,87393380,87393880,82,418,16.400000000000002,83.6
8725,87393880,87394380,139,361,27.800000000000004,72.19999999999999
8726,87394380,87394880,500,0,100.0,0.0
8727,87394880,87395380,500,0,100.0,0.0
8728,87395380,87395880,500,0,100.0,0.0
8729,87395880,87396380,500,0,100.0,0.0
8730,87396380,87396880,500,0,100.0,0.0
8731,87396880,87397380,500,0,100.0,0.0
8732,87397380,87397880,500,0,100.0,0.0
8733,87397880,87398380,500,0,100.0,0.0
8734,87398380,87398880,500,0,100.0,0.0
8735,87398880,87399380,500,0,100.0,0.0
8736,87399380,87399880,500,0,100.0,0.0
8737,87399880,87400380,500,0,100.0,0.0
8738,87400380,87400880,500,0,100.0,0.0
8739,87400880,87401380,500,0,100.0,0.0
8740,87401380,87401880,500,0,100.0,0.0
8741,87401880,87402380,500,0,100.0,0.0
8742,87402380,87402880,500,0,100.0,0.0
8743,87402880,87403380,500,0,100.0,0.0
8744,87403380,87403880,500,0,100.0,0.0
8745,87403880,87404380,500,0,100.0,0.0
8746,87404380,87404880,500,0,100.0,0.0
8747,87404880,87405380,500,0,100.0,0.0
8748,87405380,87405880,500,0,100.0,0.0
8749,87405880,87406380,500,0,100.0,0.0
8750,87406380,87406880,500,0,100.0,0.0
8751,87406880,87407380,500,0,100.0,0.0
8752,87407380,87407880,500,0,100.0,0.0
8753,87407880,87408380,11,489,2.1999999999999997,97.8
8754,87408380,87408880,57,443,11.4,88.6
8755,87408880,87409380,64,436,12.8,87.2
8756,87409380,87409880,500,0,100.0,0.0
8757,87409880,87410380,500,0,100.0,0.0
8758,87410380,87410880,500,0,100.0,0.0
8759,87410880,87411380,500,0,100.0,0.0
8760,87411380,87411880,500,0,100.0,0.0
8761,87411880,87412380,500,0,100.0,0.0
8762,87412380,87412880,500,0,100.0,0.0
8763,87412880,87413380,500,0,100.0,0.0
8764,87413380,87413880,500,0,100.0,0.0
8765,87413880,87414380,500,0,100.0,0.0
8766,87414380,87414880,500,0,100.0,0.0
8767,87414880,87415380,500,0,100.0,0.0
8768,87415380,87415880,500,0,100.0,0.0
8769,87415880,87416380,500,0,100.0,0.0
8770,87416380,87416880,500,0,100.0,0.0
8771,87416880,87417380,500,0,100.0,0.0
8772,87417380,87417880,500,0,100.0,0.0
8773,87417880,87418380,500,0,100.0,0.0
8774,87418380,87418880,500,0,100.0,0.0
8775,87418880,87419380,500,0,100.0,0.0
8776,87419380,87419880,500,0,100.0,0.0
8777,87419880,87420380,500,0,100.0,0.0
8778,87420380,87420880,500,0,100.0,0.0
8779,87420880,87421380,500,0,100.0,0.0
8780,87421380,87421880,500,0,100.0,0.0
8781,87421880,87422380,500,0,100.0,0.0
8782,87422380,87422880,297,203,59.4,40.6
8783,87422880,87423380,8,492,1.6,98.4
8784,87423380,87423880,62,438,12.4,87.6
8785,87423880,87424380,240,260,48.0,52.0
8786,87424380,87424880,500,0,100.0,0.0
8787,87424880,87425380,500,0,100.0,0.0
8788,87425380,87425880,500,0,100.0,0.0
8789,87425880,87426380,500,0,100.0,0.0
8790,87426380,87426880,500,0,100.0,0.0
8791,87426880,87427380,500,0,100.0,0.0
8792,87427380,87427880,500,0,100.0,0.0
8793,87427880,87428380,500,0,100.0,0.0
8794,87428380,87428880,500,0,100.0,0.0
8795,87428880,87429380,500,0,100.0,0.0
8796,87429380,87429880,500,0,100.0,0.0
8797,87429880,87430380,500,0,100.0,0.0
8798,87430380,87430880,500,0,100.0,0.0
8799,87430880,87431380,500,0,100.0,0.0
8800,87431380,87431880,500,0,100.0,0.0
8801,87431880,87432380,500,0,100.0,0.0
8802,87432380,87432880,500,0,100.0,0.0
8803,87432880,87433380,500,0,100.0,0.0
8804,87433380,87433880,500,0,100.0,0.0
8805,87433880,87434380,500,0,100.0,0.0
8806,87434380,87434880,500,0,100.0,0.0
8807,87434880,87435380,500,0,100.0,0.0
8808,87435380,87435880,500,0,100.0,0.0
8809,87435880,87436380,500,0,100.0,0.0
8810,87436380,87436880,500,0,100.0,0.0
8811,87436880,87437380,394,106,78.8,21.200000000000003
8812,87437380,87437880,8,492,1.6,98.4
8813,87437880,87438380,51,449,10.2,89.8
8814,87438380,87438880,178,322,35.6,64.4
8815,87438880,87439380,500,0,100.0,0.0
8816,87439380,87439880,500,0,100.0,0.0
8817,87439880,87440380,500,0,100.0,0.0
8818,87440380,87440880,500,0,100.0,0.0
8819,87440880,87441380,500,0,100.0,0.0
8820,87441380,87441880,500,0,100.0,0.0
8821,87441880,87442380,500,0,100.0,0.0
8822,87442380,87442880,500,0,100.0,0.0
8823,87442880,87443380,500,0,100.0,0.0
8824,87443380,87443880,500,0,100.0,0.0
8825,87443880,87444380,500,0,100.0,0.0
8826,87444380,87444880,500,0,100.0,0.0
8827,87444880,87445380,500,0,100.0,0.0
8828,87445380,87445880,500,0,100.0,0.0
8829,87445880,87446380,500,0,100.0,0.0
8830,87446380,87446880,500,0,100.0,0.0
8831,87446880,87447380,500,0,100.0,0.0
8832,87447380,87447880,500,0,100.0,0.0
8833,87447880,87448380,500,0,100.0,0.0
8834,87448380,87448880,500,0,100.0,0.0
8835,87448880,87449380,500,0,100.0,0.0
8836,87449380,87449880,500,0,100.0,0.0
8837,87449880,87450380,500,0,100.0,0.0
8838,87450380,87450880,500,0,100.0,0.0
8839,87450880,87451380,500,0,100.0,0.0
8840,87451380,87451880,439,61,87.8,12.200000000000003
8841,87451880,87452380,7,493,1.4000000000000001,98.6
8842,87452380,87452880,53,447,10.6,89.4
8843,87452880,87453380,115,385,23.0,77.0
8844,87453380,87453880,500,0,100.0,0.0
8845,87453880,87454380,500,0,100.0,0.0
8846,87454380,87454880,500,0,100.0,0.0
8847,87454880,87455380,500,0,100.0,0.0
8848,87455380,87455880,500,0,100.0,0.0
8849,87455880,87456380,500,0,100.0,0.0
8850,87456380,87456880,500,0,100.0,0.0
8851,87456880,87457380,500,0,100.0,0.0
8852,87457380,87457880,500,0,100.0,0.0
8853,87457880,87458380,500,0,100.0,0.0
8854,87458380,87458880,500,0,100.0,0.0
8855,87458880,87459380,500,0,100.0,0.0
8856,87459380,87459880,500,0,100.0,0.0
8857,87459880,87460380,500,0,100.0,0.0
8858,87460380,87460880,500,0,100.0,0.0
8859,87460880,87461380,500,0,100.0,0.0
8860,87461380,87461880,500,0,100.0,0.0
8861,87461880,87462380,500,0,100.0,0.0
8862,87462380,87462880,500,0,100.0,0.0
8863,87462880,87463380,500,0,100.0,0.0
8864,87463380,87463880,500,0,100.0,0.0
8865,87463880,87464380,500,0,100.0,0.0
8866,87464380,87464880,500,0,100.0,0.0
8867,87464880,87465380,500,0,100.0,0.0
8868,87465380,87465880,500,0,100.0,0.0
8869,87465880,87466380,426,74,85.2,14.799999999999997
8870,87466380,87466880,8,492,1.6,98.4
8871,87466880,87467380,48,452,9.6,90.4
8872,87467380,87467880,231,269,46.2,53.8
8873,87467880,87468380,500,0,100.0,0.0
8874,87468380,87468880,500,0,100.0,0.0
8875,87468880,87469380,500,0,100.0,0.0
8876,87469380,87469880,500,0,100.0,0.0
8877,87469880,87470380,500,0,100.0,0.0
8878,87470380,87470880,500,0,100.0,0.0
8879,87470880,87471380,500,0,100.0,0.0
8880,87471380,87471880,500,0,100.0,0.0
8881,87471880,87472380,500,0,100.0,0.0
8882,87472380,87472880,500,0,100.0,0.0
8883,87472880,87473380,500,0,100.0,0.0
8884,87473380,87473880,500,0,100.0,0.0
8885,87473880,87474380,500,0,100.0,0.0
8886,87474380,87474880,500,0,100.0,0.0
8887,87474880,87475380,500,0,100.0,0.0
8888,87475380,87475880,500,0,100.0,0.0
8889,87475880,87476380,500,0,100.0,0.0
8890,87476380,87476880,500,0,100.0,0.0
8891,87476880,87477380,500,0,100.0,0.0
8892,87477380,87477880,500,0,100.0,0.0
8893,87477880,87478380,500,0,100.0,0.0
8894,87478380,87478880,500,0,100.0,0.0
8895,87478880,87479380,500,0,100.0,0.0
8896,87479380,87479880,500,0,100.0,0.0
8897,87479880,87480380,500,0,100.0,0.0
8898,87480380,87480880,500,0,100.0,0.0
8899,87480880,87481380,147,353,29.4,70.6
8900,87481380,87481880,9,491,1.7999999999999998,98.2
8901,87481880,87482380,315,185,63.0,37.0
8902,87482380,87482880,17,483,3.4000000000000004,96.6
8903,87482880,87483380,500,0,100.0,0.0
8904,87483380,87483880,500,0,100.0,0.0
8905,87483880,87484380,500,0,100.0,0.0
8906,87484380,87484880,500,0,100.0,0.0
8907,87484880,87485380,500,0,100.0,0.0
8908,87485380,87485880,500,0,100.0,0.0
8909,87485880,87486380,500,0,100.0,0.0
8910,87486380,87486880,500,0,100.0,0.0
8911,87486880,87487380,500,0,100.0,0.0
8912,87487380,87487880,500,0,100.0,0.0
8913,87487880,87488380,500,0,100.0,0.0
8914,87488380,87488880,500,0,100.0,0.0
8915,87488880,87489380,500,0,100.0,0.0
8916,87489380,87489880,500,0,100.0,0.0
8917,87489880,87490380,500,0,100.0,0.0
8918,87490380,87490880,500,0,100.0,0.0
8919,87490880,87491380,500,0,100.0,0.0
8920,87491380,87491880,500,0,100.0,0.0
8921,87491880,87492380,500,0,100.0,0.0
8922,87492380,87492880,500,0,100.0,0.0
8923,87492880,87493380,500,0,100.0,0.0
8924,87493380,87493880,500,0,100.0,0.0
8925,87493880,87494380,500,0,100.0,0.0
8926,87494380,87494880,500,0,100.0,0.0
8927,87494880,87495380,500,0,100.0,0.0
8928,87495380,87495880,500,0,100.0,0.0
8929,87495880,87496380,500,0,100.0,0.0
8930,87496380,87496880,500,0,100.0,0.0
8931,87496880,87497380,500,0,100.0,0.0
8932,87497380,87497880,500,0,100.0,0.0
8933,87497880,87498380,500,0,100.0,0.0
8934,87498380,87498880,500,0,100.0,0.0
8935,87498880,87499380,500,0,100.0,0.0
8936,87499380,87499880,500,0,100.0,0.0
8937,87499880,87500380,500,0,100.0,0.0
8938,87500380,87500880,500,0,100.0,0.0
8939,87500880,87501380,500,0,100.0,0.0
8940,87501380,87501880,500,0,100.0,0.0
8941,87501880,87502380,500,0,100.0,0.0
8942,87502380,87502880,500,0,100.0,0.0
8943,87502880,87503380,13,487,2.6,97.4
8944,87503380,87503880,7,493,1.4000000000000001,98.6
8945,87503880,87504380,184,316,36.8,63.2
8946,87504380,87504880,5,495,1.0,99.0
8947,87504880,87505380,315,185,63.0,37.0
8948,87505380,87505880,500,0,100.0,0.0
8949,87505880,87506380,500,0,100.0,0.0
8950,87506380,87506880,500,0,100.0,0.0
8951,87506880,87507380,500,0,100.0,0.0
8952,87507380,87507880,500,0,100.0,0.0
8953,87507880,87508380,500,0,100.0,0.0
8954,87508380,87508880,500,0,100.0,0.0
8955,87508880,87509380,500,0,100.0,0.0
8956,87509380,87509880,500,0,100.0,0.0
8957,87509880,87510380,500,0,100.0,0.0
8958,87510380,87510880,500,0,100.0,0.0
8959,87510880,87511380,500,0,100.0,0.0
8960,87511380,87511880,500,0,100.0,0.0
8961,87511880,87512380,500,0,100.0,0.0
8962,87512380,87512880,500,0,100.0,0.0
8963,87512880,87513380,500,0,100.0,0.0
8964,87513380,87513880,500,0,100.0,0.0
8965,87513880,87514380,500,0,100.0,0.0
8966,87514380,87514880,500,0,100.0,0.0
8967,87514880,87515380,500,0,100.0,0.0
8968,87515380,87515880,500,0,100.0,0.0
8969,87515880,87516380,500,0,100.0,0.0
8970,87516380,87516880,500,0,100.0,0.0
8971,87516880,87517380,500,0,100.0,0.0
8972,87517380,87517880,500,0,100.0,0.0
8973,87517880,87518380,500,0,100.0,0.0
8974,87518380,87518880,500,0,100.0,0.0
8975,87518880,87519380,500,0,100.0,0.0
8976,87519380,87519880,500,0,100.0,0.0
8977,87519880,87520380,500,0,100.0,0.0
8978,87520380,87520880,207,293,41.4,58.6
8979,87520880,87521380,7,493,1.4000000000000001,98.6
8980,87521380,87521880,66,434,13.200000000000001,86.8
8981,87521880,87522380,272,228,54.400000000000006,45.599999999999994
8982,87522380,87522880,500,0,100.0,0.0
8983,87522880,87523380,500,0,100.0,0.0
8984,87523380,87523880,500,0,100.0,0.0
8985,87523880,87524380,500,0,100.0,0.0
8986,87524380,87524880,500,0,100.0,0.0
8987,87524880,87525380,500,0,100.0,0.0
8988,87525380,87525880,500,0,100.0,0.0
8989,87525880,87526380,500,0,100.0,0.0
8990,87526380,87526880,500,0,100.0,0.0
8991,87526880,87527380,500,0,100.0,0.0
8992,87527380,87527880,500,0,100.0,0.0
8993,87527880,87528380,500,0,100.0,0.0
8994,87528380,87528880,500,0,100.0,0.0
8995,87528880,87529380,500,0,100.0,0.0
8996,87529380,87529880,500,0,100.0,0.0
8997,87529880,87530380,500,0,100.0,0.0
8998,87530380,87530880,500,0,100.0,0.0
8999,87530880,87531380,500,0,100.0,0.0
9000,87531380,87531880,500,0,100.0,0.0
9001,87531880,87532380,500,0,100.0,0.0
9002,87532380,87532880,500,0,100.0,0.0
9003,87532880,87533380,500,0,100.0,0.0
9004,87533380,87533880,500,0,100.0,0.0
9005,87533880,87534380,500,0,100.0,0.0
9006,87534380,87534880,500,0,100.0,0.0
9007,87534880,87535380,500,0,100.0,0.0
9008,87535380,87535880,500,0,100.0,0.0
9009,87535880,87536380,500,0,100.0,0.0
9010,87536380,87536880,500,0,100.0,0.0
9011,87536880,87537380,500,0,100.0,0.0
9012,87537380,87537880,500,0,100.0,0.0
9013,87537880,87538380,500,0,100.0,0.0
9014,87538380,87538880,500,0,100.0,0.0
9015,87538880,87539380,500,0,100.0,0.0
9016,87539380,87539880,500,0,100.0,0.0
9017,87539880,87540380,500,0,100.0,0.0
9018,87540380,87540880,500,0,100.0,0.0
9019,87540880,87541380,500,0,100.0,0.0
9020,87541380,87541880,500,0,100.0,0.0
9021,87541880,87542380,500,0,100.0,0.0
9022,87542380,87542880,500,0,100.0,0.0
9023,87542880,87543380,500,0,100.0,0.0
9024,87543380,87543880,500,0,100.0,0.0
9025,87543880,87544380,500,0,100.0,0.0
9026,87544380,87544880,500,0,100.0,0.0
9027,87544880,87545380,500,0,100.0,0.0
9028,87545380,87545880,500,0,100.0,0.0
9029,87545880,87546380,500,0,100.0,0.0
9030,87546380,87546880,500,0,100.0,0.0
9031,87546880,87547380,500,0,100.0,0.0
9032,87547380,87547880,500,0,100.0,0.0
9033,87547880,87548380,500,0,100.0,0.0
9034,87548380,87548880,500,0,100.0,0.0
9035,87548880,87549380,500,0,100.0,0.0
9036,87549380,87549880,500,0,100.0,0.0
9037,87549880,87550380,500,0,100.0,0.0
9038,87550380,87550880,500,0,100.0,0.0
9039,87550880,87551380,500,0,100.0,0.0
9040,87551380,87551880,500,0,100.0,0.0
9041,87551880,87552380,500,0,100.0,0.0
9042,87552380,87552880,500,0,100.0,0.0
9043,87552880,87553380,500,0,100.0,0.0
9044,87553380,87553880,500,0,100.0,0.0
9045,87553880,87554380,500,0,100.0,0.0
9046,87554380,87554880,500,0,100.0,0.0
9047,87554880,87555380,500,0,100.0,0.0
9048,87555380,87555880,500,0,100.0,0.0
9049,87555880,87556380,500,0,100.0,0.0
9050,87556380,87556880,405,95,81.0,19.0
9051,87556880,87557380,0,500,0.0,100.0
9052,87557380,87557880,14,486,2.8000000000000003,97.2
9053,87557880,87558380,2,498,0.4,99.6
9054,87558380,87558880,103,397,20.599999999999998,79.4
9055,87558880,87559380,62,438,12.4,87.6
9056,87559380,87559880,500,0,100.0,0.0
9057,87559880,87560380,500,0,100.0,0.0
9058,87560380,87560880,500,0,100.0,0.0
9059,87560880,87561380,500,0,100.0,0.0
9060,87561380,87561880,500,0,100.0,0.0
9061,87561880,87562380,500,0,100.0,0.0
9062,87562380,87562880,500,0,100.0,0.0
9063,87562880,87563380,500,0,100.0,0.0
9064,87563380,87563880,500,0,100.0,0.0
9065,87563880,87564380,500,0,100.0,0.0
9066,87564380,87564880,500,0,100.0,0.0
9067,87564880,87565380,500,0,100.0,0.0
9068,87565380,87565880,500,0,100.0,0.0
9069,87565880,87566380,500,0,100.0,0.0
9070,87566380,87566880,500,0,100.0,0.0
9071,87566880,87567380,500,0,100.0,0.0
9072,87567380,87567880,500,0,100.0,0.0
9073,87567880,87568380,500,0,100.0,0.0
9074,87568380,87568880,500,0,100.0,0.0
9075,87568880,87569380,500,0,100.0,0.0
9076,87569380,87569880,500,0,100.0,0.0
9077,87569880,87570380,500,0,100.0,0.0
9078,87570380,87570880,500,0,100.0,0.0
9079,87570880,87571380,500,0,100.0,0.0
9080,87571380,87571880,500,0,100.0,0.0
9081,87571880,87572380,500,0,100.0,0.0
9082,87572380,87572880,500,0,100.0,0.0
9083,87572880,87573380,500,0,100.0,0.0
9084,87573380,87573880,500,0,100.0,0.0
9085,87573880,87574380,418,82,83.6,16.400000000000006
9086,87574380,87574880,10,490,2.0,98.0
9087,87574880,87575380,75,425,15.0,85.0
9088,87575380,87575880,89,411,17.8,82.2
9089,87575880,87576380,500,0,100.0,0.0
9090,87576380,87576880,500,0,100.0,0.0
9091,87576880,87577380,500,0,100.0,0.0
9092,87577380,87577880,500,0,100.0,0.0
9093,87577880,87578380,500,0,100.0,0.0
9094,87578380,87578880,500,0,100.0,0.0
9095,87578880,87579380,500,0,100.0,0.0
9096,87579380,87579880,500,0,100.0,0.0
9097,87579880,87580380,500,0,100.0,0.0
9098,87580380,87580880,500,0,100.0,0.0
9099,87580880,87581380,500,0,100.0,0.0
9100,87581380,87581880,500,0,100.0,0.0
9101,87581880,87582380,500,0,100.0,0.0
9102,87582380,87582880,500,0,100.0,0.0
9103,87582880,87583380,500,0,100.0,0.0
9104,87583380,87583880,500,0,100.0,0.0
9105,87583880,87584380,500,0,100.0,0.0
9106,87584380,87584880,500,0,100.0,0.0
9107,87584880,87585380,500,0,100.0,0.0
9108,87585380,87585880,500,0,100.0,0.0
9109,87585880,87586380,500,0,100.0,0.0
9110,87586380,87586880,500,0,100.0,0.0
9111,87586880,87587380,500,0,100.0,0.0
9112,87587380,87587880,500,0,100.0,0.0
9113,87587880,87588380,500,0,100.0,0.0
9114,87588380,87588880,500,0,100.0,0.0
9115,87588880,87589380,500,0,100.0,0.0
9116,87589380,87589880,500,0,100.0,0.0
9117,87589880,87590380,409,91,81.8,18.200000000000003
9118,87590380,87590880,9,491,1.7999999999999998,98.2
9119,87590880,87591380,77,423,15.4,84.6
9120,87591380,87591880,131,369,26.200000000000003,73.8
9121,87591880,87592380,500,0,100.0,0.0
9122,87592380,87592880,500,0,100.0,0.0
9123,87592880,87593380,500,0,100.0,0.0
9124,87593380,87593880,500,0,100.0,0.0
9125,87593880,87594380,500,0,100.0,0.0
9126,87594380,87594880,500,0,100.0,0.0
9127,87594880,87595380,500,0,100.0,0.0
9128,87595380,87595880,500,0,100.0,0.0
9129,87595880,87596380,500,0,100.0,0.0
9130,87596380,87596880,500,0,100.0,0.0
9131,87596880,87597380,500,0,100.0,0.0
9132,87597380,87597880,500,0,100.0,0.0
9133,87597880,87598380,500,0,100.0,0.0
9134,87598380,87598880,500,0,100.0,0.0
9135,87598880,87599380,500,0,100.0,0.0
9136,87599380,87599880,500,0,100.0,0.0
9137,87599880,87600380,500,0,100.0,0.0
9138,87600380,87600880,500,0,100.0,0.0
9139,87600880,87601380,500,0,100.0,0.0
9140,87601380,87601880,500,0,100.0,0.0
9141,87601880,87602380,500,0,100.0,0.0
9142,87602380,87602880,500,0,100.0,0.0
9143,87602880,87603380,500,0,100.0,0.0
9144,87603380,87603880,500,0,100.0,0.0
9145,87603880,87604380,500,0,100.0,0.0
9146,87604380,87604880,500,0,100.0,0.0
9147,87604880,87605380,500,0,100.0,0.0
9148,87605380,87605880,304,196,60.8,39.2
9149,87605880,87606380,6,494,1.2,98.8
9150,87606380,87606880,76,424,15.2,84.8
9151,87606880,87607380,52,448,10.4,89.6
9152,87607380,87607880,500,0,100.0,0.0
9153,87607880,87608380,500,0,100.0,0.0
9154,87608380,87608880,500,0,100.0,0.0
9155,87608880,87609380,500,0,100.0,0.0
9156,87609380,87609880,500,0,100.0,0.0
9157,87609880,87610380,500,0,100.0,0.0
9158,87610380,87610880,500,0,100.0,0.0
9159,87610880,87611380,500,0,100.0,0.0
9160,87611380,87611880,500,0,100.0,0.0
9161,87611880,87612380,500,0,100.0,0.0
9162,87612380,87612880,500,0,100.0,0.0
9163,87612880,87613380,500,0,100.0,0.0
9164,87613380,87613880,500,0,100.0,0.0
9165,87613880,87614380,500,0,100.0,0.0
9166,87614380,87614880,500,0,100.0,0.0
9167,87614880,87615380,500,0,100.0,0.0
9168,87615380,87615880,500,0,100.0,0.0
9169,87615880,87616380,500,0,100.0,0.0
9170,87616380,87616880,500,0,100.0,0.0
9171,87616880,87617380,500,0,100.0,0.0
9172,87617380,87617880,500,0,100.0,0.0
9173,87617880,87618380,500,0,100.0,0.0
9174,87618380,87618880,500,0,100.0,0.0
9175,87618880,87619380,500,0,100.0,0.0
9176,87619380,87619880,500,0,100.0,0.0
9177,87619880,87620380,500,0,100.0,0.0
9178,87620380,87620880,500,0,100.0,0.0
9179,87620880,87621380,500,0,100.0,0.0
9180,87621380,87621880,467,33,93.4,6.599999999999994
9181,87621880,87622380,7,493,1.4000000000000001,98.6
9182,87622380,87622880,71,429,14.2,85.8
9183,87622880,87623380,1,499,0.2,99.8
9184,87623380,87623880,73,427,14.6,85.4
9185,87623880,87624380,500,0,100.0,0.0
9186,87624380,87624880,500,0,100.0,0.0
9187,87624880,87625380,500,0,100.0,0.0
9188,87625380,87625880,500,0,100.0,0.0
9189,87625880,87626380,500,0,100.0,0.0
9190,87626380,87626880,500,0,100.0,0.0
9191,87626880,87627380,500,0,100.0,0.0
9192,87627380,87627880,500,0,100.0,0.0
9193,87627880,87628380,500,0,100.0,0.0
9194,87628380,87628880,500,0,100.0,0.0
9195,87628880,87629380,500,0,100.0,0.0
9196,87629380,87629880,500,0,100.0,0.0
9197,87629880,87630380,500,0,100.0,0.0
9198,87630380,87630880,500,0,100.0,0.0
9199,87630880,87631380,500,0,100.0,0.0
9200,87631380,87631880,500,0,100.0,0.0
9201,87631880,87632380,500,0,100.0,0.0
9202,87632380,87632880,500,0,100.0,0.0
9203,87632880,87633380,500,0,100.0,0.0
9204,87633380,87633880,500,0,100.0,0.0
9205,87633880,87634380,500,0,100.0,0.0
9206,87634380,87634880,500,0,100.0,0.0
9207,87634880,87635380,500,0,100.0,0.0
9208,87635380,87635880,500,0,100.0,0.0
9209,87635880,87636380,500,0,100.0,0.0
9210,87636380,87636880,500,0,100.0,0.0
9211,87636880,87637380,500,0,100.0,0.0
9212,87637380,87637880,500,0,100.0,0.0
9213,87637880,87638380,500,0,100.0,0.0
9214,87638380,87638880,500,0,100.0,0.0
9215,87638880,87639380,500,0,100.0,0.0
9216,87639380,87639880,500,0,100.0,0.0
9217,87639880,87640380,455,45,91.0,9.0
9218,87640380,87640880,10,490,2.0,98.0
9219,87640880,87641380,60,440,12.0,88.0
9220,87641380,87641880,32,468,6.4,93.6
9221,87641880,87642380,308,192,61.6,38.4
9222,87642380,87642880,500,0,100.0,0.0
9223,87642880,87643380,500,0,100.0,0.0
9224,87643380,87643880,500,0,100.0,0.0
9225,87643880,87644380,500,0,100.0,0.0
9226,87644380,87644880,500,0,100.0,0.0
9227,87644880,87645380,500,0,100.0,0.0
9228,87645380,87645880,500,0,100.0,0.0
9229,87645880,87646380,500,0,100.0,0.0
9230,87646380,87646880,500,0,100.0,0.0
9231,87646880,87647380,500,0,100.0,0.0
9232,87647380,87647880,500,0,100.0,0.0
9233,87647880,87648380,500,0,100.0,0.0
9234,87648380,87648880,500,0,100.0,0.0
9235,87648880,87649380,500,0,100.0,0.0
9236,87649380,87649880,500,0,100.0,0.0
9237,87649880,87650380,500,0,100.0,0.0
9238,87650380,87650880,500,0,100.0,0.0
9239,87650880,87651380,500,0,100.0,0.0
9240,87651380,87651880,500,0,100.0,0.0
9241,87651880,87652380,500,0,100.0,0.0
9242,87652380,87652880,500,0,100.0,0.0
9243,87652880,87653380,500,0,100.0,0.0
9244,87653380,87653880,500,0,100.0,0.0
9245,87653880,87654380,500,0,100.0,0.0
9246,87654380,87654880,500,0,100.0,0.0
9247,87654880,87655380,500,0,100.0,0.0
9248,87655380,87655880,500,0,100.0,0.0
9249,87655880,87656380,500,0,100.0,0.0
9250,87656380,87656880,500,0,100.0,0.0
9251,87656880,87657380,500,0,100.0,0.0
9252,87657380,87657880,500,0,100.0,0.0
9253,87657880,87658380,500,0,100.0,0.0
9254,87658380,87658880,500,0,100.0,0.0
9255,87658880,87659380,500,0,100.0,0.0
9256,87659380,87659880,282,218,56.39999999999999,43.60000000000001
9257,87659880,87660380,8,492,1.6,98.4
9258,87660380,87660880,76,424,15.2,84.8
9259,87660880,87661380,5,495,1.0,99.0
9260,87661380,87661880,479,21,95.8,4.200000000000003
9261,87661880,87662380,500,0,100.0,0.0
9262,87662380,87662880,500,0,100.0,0.0
9263,87662880,87663380,500,0,100.0,0.0
9264,87663380,87663880,500,0,100.0,0.0
9265,87663880,87664380,500,0,100.0,0.0
9266,87664380,87664880,500,0,100.0,0.0
9267,87664880,87665380,500,0,100.0,0.0
9268,87665380,87665880,500,0,100.0,0.0
9269,87665880,87666380,500,0,100.0,0.0
9270,87666380,87666880,500,0,100.0,0.0
9271,87666880,87667380,500,0,100.0,0.0
9272,87667380,87667880,500,0,100.0,0.0
9273,87667880,87668380,500,0,100.0,0.0
9274,87668380,87668880,500,0,100.0,0.0
9275,87668880,87669380,500,0,100.0,0.0
9276,87669380,87669880,500,0,100.0,0.0
9277,87669880,87670380,500,0,100.0,0.0
9278,87670380,87670880,500,0,100.0,0.0
9279,87670880,87671380,500,0,100.0,0.0
9280,87671380,87671880,500,0,100.0,0.0
9281,87671880,87672380,500,0,100.0,0.0
9282,87672380,87672880,500,0,100.0,0.0
9283,87672880,87673380,500,0,100.0,0.0
9284,87673380,87673880,500,0,100.0,0.0
9285,87673880,87674380,500,0,100.0,0.0
9286,87674380,87674880,500,0,100.0,0.0
9287,87674880,87675380,500,0,100.0,0.0
9288,87675380,87675880,500,0,100.0,0.0
9289,87675880,87676380,500,0,100.0,0.0
9290,87676380,87676880,500,0,100.0,0.0
9291,87676880,87677380,500,0,100.0,0.0
9292,87677380,87677880,500,0,100.0,0.0
9293,87677880,87678380,500,0,100.0,0.0
9294,87678380,87678880,479,21,95.8,4.200000000000003
9295,87678880,87679380,6,494,1.2,98.8
9296,87679380,87679880,40,460,8.0,92.0
9297,87679880,87680380,51,449,10.2,89.8
9298,87680380,87680880,290,210,57.99999999999999,42.00000000000001
9299,87680880,87681380,500,0,100.0,0.0
9300,87681380,87681880,500,0,100.0,0.0
9301,87681880,87682380,500,0,100.0,0.0
9302,87682380,87682880,500,0,100.0,0.0
9303,87682880,87683380,500,0,100.0,0.0
9304,87683380,87683880,500,0,100.0,0.0
9305,87683880,87684380,500,0,100.0,0.0
9306,87684380,87684880,500,0,100.0,0.0
9307,87684880,87685380,500,0,100.0,0.0
9308,87685380,87685880,500,0,100.0,0.0
9309,87685880,87686380,500,0,100.0,0.0
9310,87686380,87686880,500,0,100.0,0.0
9311,87686880,87687380,500,0,100.0,0.0
9312,87687380,87687880,500,0,100.0,0.0
9313,87687880,87688380,500,0,100.0,0.0
9314,87688380,87688880,500,0,100.0,0.0
9315,87688880,87689380,500,0,100.0,0.0
9316,87689380,87689880,500,0,100.0,0.0
9317,87689880,87690380,500,0,100.0,0.0
9318,87690380,87690880,500,0,100.0,0.0
9319,87690880,87691380,500,0,100.0,0.0
9320,87691380,87691880,500,0,100.0,0.0
9321,87691880,87692380,500,0,100.0,0.0
9322,87692380,87692880,500,0,100.0,0.0
9323,87692880,87693380,500,0,100.0,0.0
9324,87693380,87693880,500,0,100.0,0.0
9325,87693880,87694380,500,0,100.0,0.0
9326,87694380,87694880,500,0,100.0,0.0
9327,87694880,87695380,500,0,100.0,0.0
9328,87695380,87695880,500,0,100.0,0.0
9329,87695880,87696380,500,0,100.0,0.0
9330,87696380,87696880,10,490,2.0,98.0
9331,87696880,87697380,4,496,0.8,99.2
9332,87697380,87697880,86,414,17.2,82.8
9333,87697880,87698380,249,251,49.8,50.2
9334,87698380,87698880,500,0,100.0,0.0
9335,87698880,87699380,500,0,100.0,0.0
9336,87699380,87699880,500,0,100.0,0.0
9337,87699880,87700380,500,0,100.0,0.0
9338,87700380,87700880,500,0,100.0,0.0
9339,87700880,87701380,500,0,100.0,0.0
9340,87701380,87701880,500,0,100.0,0.0
9341,87701880,87702380,500,0,100.0,0.0
9342,87702380,87702880,500,0,100.0,0.0
9343,87702880,87703380,500,0,100.0,0.0
9344,87703380,87703880,500,0,100.0,0.0
9345,87703880,87704380,500,0,100.0,0.0
9346,87704380,87704880,500,0,100.0,0.0
9347,87704880,87705380,500,0,100.0,0.0
9348,87705380,87705880,500,0,100.0,0.0
9349,87705880,87706380,500,0,100.0,0.0
9350,87706380,87706880,500,0,100.0,0.0
9351,87706880,87707380,500,0,100.0,0.0
9352,87707380,87707880,500,0,100.0,0.0
9353,87707880,87708380,500,0,100.0,0.0
9354,87708380,87708880,500,0,100.0,0.0
9355,87708880,87709380,500,0,100.0,0.0
9356,87709380,87709880,500,0,100.0,0.0
9357,87709880,87710380,500,0,100.0,0.0
9358,87710380,87710880,500,0,100.0,0.0
9359,87710880,87711380,500,0,100.0,0.0
9360,87711380,87711880,500,0,100.0,0.0
9361,87711880,87712380,500,0,100.0,0.0
9362,87712380,87712880,500,0,100.0,0.0
9363,87712880,87713380,500,0,100.0,0.0
9364,87713380,87713880,377,123,75.4,24.599999999999994
9365,87713880,87714380,8,492,1.6,98.4
9366,87714380,87714880,72,428,14.399999999999999,85.6
9367,87714880,87715380,5,495,1.0,99.0
9368,87715380,87715880,376,124,75.2,24.799999999999997
9369,87715880,87716380,500,0,100.0,0.0
9370,87716380,87716880,500,0,100.0,0.0
9371,87716880,87717380,500,0,100.0,0.0
9372,87717380,87717880,500,0,100.0,0.0
9373,87717880,87718380,500,0,100.0,0.0
9374,87718380,87718880,500,0,100.0,0.0
9375,87718880,87719380,500,0,100.0,0.0
9376,87719380,87719880,500,0,100.0,0.0
9377,87719880,87720380,500,0,100.0,0.0
9378,87720380,87720880,500,0,100.0,0.0
9379,87720880,87721380,500,0,100.0,0.0
9380,87721380,87721880,500,0,100.0,0.0
9381,87721880,87722380,500,0,100.0,0.0
9382,87722380,87722880,500,0,100.0,0.0
9383,87722880,87723380,500,0,100.0,0.0
9384,87723380,87723880,500,0,100.0,0.0
9385,87723880,87724380,500,0,100.0,0.0
9386,87724380,87724880,500,0,100.0,0.0
9387,87724880,87725380,500,0,100.0,0.0
9388,87725380,87725880,500,0,100.0,0.0
9389,87725880,87726380,500,0,100.0,0.0
9390,87726380,87726880,500,0,100.0,0.0
9391,87726880,87727380,500,0,100.0,0.0
9392,87727380,87727880,500,0,100.0,0.0
9393,87727880,87728380,500,0,100.0,0.0
9394,87728380,87728880,500,0,100.0,0.0
9395,87728880,87729380,500,0,100.0,0.0
9396,87729380,87729880,500,0,100.0,0.0
9397,87729880,87730380,500,0,100.0,0.0
9398,87730380,87730880,500,0,100.0,0.0
9399,87730880,87731380,479,21,95.8,4.200000000000003
9400,87731380,87731880,9,491,1.7999999999999998,98.2
9401,87731880,87732380,19,481,3.8,96.2
9402,87732380,87732880,62,438,12.4,87.6
9403,87732880,87733380,208,292,41.6,58.4
9404,87733380,87733880,500,0,100.0,0.0
9405,87733880,87734380,500,0,100.0,0.0
9406,87734380,87734880,500,0,100.0,0.0
9407,87734880,87735380,500,0,100.0,0.0
9408,87735380,87735880,500,0,100.0,0.0
9409,87735880,87736380,500,0,100.0,0.0
9410,87736380,87736880,500,0,100.0,0.0
9411,87736880,87737380,500,0,100.0,0.0
9412,87737380,87737880,500,0,100.0,0.0
9413,87737880,87738380,500,0,100.0,0.0
9414,87738380,87738880,500,0,100.0,0.0
9415,87738880,87739380,500,0,100.0,0.0
9416,87739380,87739880,500,0,100.0,0.0
9417,87739880,87740380,500,0,100.0,0.0
9418,87740380,87740880,500,0,100.0,0.0
9419,87740880,87741380,500,0,100.0,0.0
9420,87741380,87741880,500,0,100.0,0.0
9421,87741880,87742380,500,0,100.0,0.0
9422,87742380,87742880,500,0,100.0,0.0
9423,87742880,87743380,500,0,100.0,0.0
9424,87743380,87743880,500,0,100.0,0.0
9425,87743880,87744380,500,0,100.0,0.0
9426,87744380,87744880,500,0,100.0,0.0
9427,87744880,87745380,500,0,100.0,0.0
9428,87745380,87745880,500,0,100.0,0.0
9429,87745880,87746380,500,0,100.0,0.0
9430,87746380,87746880,500,0,100.0,0.0
9431,87746880,87747380,500,0,100.0,0.0
9432,87747380,87747880,500,0,100.0,0.0
9433,87747880,87748380,500,0,100.0,0.0
9434,87748380,87748880,500,0,100.0,0.0
9435,87748880,87749380,500,0,100.0,0.0
9436,87749380,87749880,500,0,100.0,0.0
9437,87749880,87750380,500,0,100.0,0.0
9438,87750380,87750880,500,0,100.0,0.0
9439,87750880,87751380,500,0,100.0,0.0
9440,87751380,87751880,45,455,9.0,91.0
9441,87751880,87752380,5,495,1.0,99.0
9442,87752380,87752880,70,430,14.000000000000002,86.0
9443,87752880,87753380,215,285,43.0,57.0
9444,87753380,87753880,500,0,100.0,0.0
9445,87753880,87754380,500,0,100.0,0.0
9446,87754380,87754880,500,0,100.0,0.0
9447,87754880,87755380,500,0,100.0,0.0
9448,87755380,87755880,500,0,100.0,0.0
9449,87755880,87756380,500,0,100.0,0.0
9450,87756380,87756880,500,0,100.0,0.0
9451,87756880,87757380,500,0,100.0,0.0
9452,87757380,87757880,500,0,100.0,0.0
9453,87757880,87758380,500,0,100.0,0.0
9454,87758380,87758880,500,0,100.0,0.0
9455,87758880,87759380,500,0,100.0,0.0
9456,87759380,87759880,500,0,100.0,0.0
9457,87759880,87760380,500,0,100.0,0.0
9458,87760380,87760880,500,0,100.0,0.0
9459,87760880,87761380,500,0,100.0,0.0
9460,87761380,87761880,500,0,100.0,0.0
9461,87761880,87762380,500,0,100.0,0.0
9462,87762380,87762880,500,0,100.0,0.0
9463,87762880,87763380,500,0,100.0,0.0
9464,87763380,87763880,500,0,100.0,0.0
9465,87763880,87764380,500,0,100.0,0.0
9466,87764380,87764880,500,0,100.0,0.0
9467,87764880,87765380,500,0,100.0,0.0
9468,87765380,87765880,500,0,100.0,0.0
9469,87765880,87766380,500,0,100.0,0.0
9470,87766380,87766880,500,0,100.0,0.0
9471,87766880,87767380,500,0,100.0,0.0
9472,87767380,87767880,500,0,100.0,0.0
9473,87767880,87768380,500,0,100.0,0.0
9474,87768380,87768880,500,0,100.0,0.0
9475,87768880,87769380,500,0,100.0,0.0
9476,87769380,87769880,500,0,100.0,0.0
9477,87769880,87770380,500,0,100.0,0.0
9478,87770380,87770880,500,0,100.0,0.0
9479,87770880,87771380,500,0,100.0,0.0
9480,87771380,87771880,500,0,100.0,0.0
9481,87771880,87772380,500,0,100.0,0.0
9482,87772380,87772880,500,0,100.0,0.0
9483,87772880,87773380,91,409,18.2,81.8
9484,87773380,87773880,10,490,2.0,98.0
9485,87773880,87774380,4,496,0.8,99.2
9486,87774380,87774880,7,493,1.4000000000000001,98.6
9487,87774880,87775380,6,494,1.2,98.8
9488,87775380,87775880,0,500,0.0,100.0
9489,87775880,87776380,4,496,0.8,99.2
9490,87776380,87776880,136,364,27.200000000000003,72.8
9491,87776880,87777380,96,404,19.2,80.8
9492,87777380,87777880,189,311,37.8,62.2
9493,87777880,87778380,500,0,100.0,0.0
9494,87778380,87778880,500,0,100.0,0.0
9495,87778880,87779380,500,0,100.0,0.0
9496,87779380,87779880,500,0,100.0,0.0
9497,87779880,87780380,500,0,100.0,0.0
9498,87780380,87780880,500,0,100.0,0.0
9499,87780880,87781380,500,0,100.0,0.0
9500,87781380,87781880,500,0,100.0,0.0
9501,87781880,87782380,500,0,100.0,0.0
9502,87782380,87782880,500,0,100.0,0.0
9503,87782880,87783380,500,0,100.0,0.0
9504,87783380,87783880,500,0,100.0,0.0
9505,87783880,87784380,500,0,100.0,0.0
9506,87784380,87784880,500,0,100.0,0.0
9507,87784880,87785380,500,0,100.0,0.0
9508,87785380,87785880,500,0,100.0,0.0
9509,87785880,87786380,500,0,100.0,0.0
9510,87786380,87786880,500,0,100.0,0.0
9511,87786880,87787380,500,0,100.0,0.0
9512,87787380,87787880,500,0,100.0,0.0
9513,87787880,87788380,500,0,100.0,0.0
9514,87788380,87788880,500,0,100.0,0.0
9515,87788880,87789380,500,0,100.0,0.0
9516,87789380,87789880,500,0,100.0,0.0
9517,87789880,87790380,500,0,100.0,0.0
9518,87790380,87790880,500,0,100.0,0.0
9519,87790880,87791380,500,0,100.0,0.0
9520,87791380,87791880,500,0,100.0,0.0
9521,87791880,87792380,500,0,100.0,0.0
9522,87792380,87792880,500,0,100.0,0.0
9523,87792880,87793380,500,0,100.0,0.0
9524,87793380,87793880,500,0,100.0,0.0
9525,87793880,87794380,500,0,100.0,0.0
9526,87794380,87794880,500,0,100.0,0.0
9527,87794880,87795380,500,0,100.0,0.0
9528,87795380,87795880,109,391,21.8,78.2
9529,87795880,87796380,5,495,1.0,99.0
9530,87796380,87796880,77,423,15.4,84.6
9531,87796880,87797380,72,428,14.399999999999999,85.6
9532,87797380,87797880,500,0,100.0,0.0
9533,87797880,87798380,500,0,100.0,0.0
9534,87798380,87798880,500,0,100.0,0.0
9535,87798880,87799380,500,0,100.0,0.0
9536,87799380,87799880,500,0,100.0,0.0
9537,87799880,87800380,500,0,100.0,0.0
9538,87800380,87800880,500,0,100.0,0.0
9539,87800880,87801380,500,0,100.0,0.0
9540,87801380,87801880,500,0,100.0,0.0
9541,87801880,87802380,500,0,100.0,0.0
9542,87802380,87802880,500,0,100.0,0.0
9543,87802880,87803380,500,0,100.0,0.0
9544,87803380,87803880,500,0,100.0,0.0
9545,87803880,87804380,500,0,100.0,0.0
9546,87804380,87804880,500,0,100.0,0.0
9547,87804880,87805380,500,0,100.0,0.0
9548,87805380,87805880,500,0,100.0,0.0
9549,87805880,87806380,500,0,100.0,0.0
9550,87806380,87806880,500,0,100.0,0.0
9551,87806880,87807380,500,0,100.0,0.0
9552,87807380,87807880,500,0,100.0,0.0
9553,87807880,87808380,500,0,100.0,0.0
9554,87808380,87808880,500,0,100.0,0.0
9555,87808880,87809380,500,0,100.0,0.0
9556,87809380,87809880,500,0,100.0,0.0
9557,87809880,87810380,500,0,100.0,0.0
9558,87810380,87810880,500,0,100.0,0.0
9559,87810880,87811380,500,0,100.0,0.0
9560,87811380,87811880,500,0,100.0,0.0
9561,87811880,87812380,500,0,100.0,0.0
9562,87812380,87812880,500,0,100.0,0.0
9563,87812880,87813380,500,0,100.0,0.0
9564,87813380,87813880,500,0,100.0,0.0
9565,87813880,87814380,500,0,100.0,0.0
9566,87814380,87814880,500,0,100.0,0.0
9567,87814880,87815380,6,494,1.2,98.8
9568,87815380,87815880,7,493,1.4000000000000001,98.6
9569,87815880,87816380,78,422,15.6,84.4
9570,87816380,87816880,185,315,37.0,63.0
9571,87816880,87817380,500,0,100.0,0.0
9572,87817380,87817880,500,0,100.0,0.0
9573,87817880,87818380,500,0,100.0,0.0
9574,87818380,87818880,500,0,100.0,0.0
9575,87818880,87819380,500,0,100.0,0.0
9576,87819380,87819880,500,0,100.0,0.0
9577,87819880,87820380,500,0,100.0,0.0
9578,87820380,87820880,500,0,100.0,0.0
9579,87820880,87821380,500,0,100.0,0.0
9580,87821380,87821880,500,0,100.0,0.0
9581,87821880,87822380,500,0,100.0,0.0
9582,87822380,87822880,500,0,100.0,0.0
9583,87822880,87823380,500,0,100.0,0.0
9584,87823380,87823880,500,0,100.0,0.0
9585,87823880,87824380,500,0,100.0,0.0
9586,87824380,87824880,500,0,100.0,0.0
9587,87824880,87825380,500,0,100.0,0.0
9588,87825380,87825880,500,0,100.0,0.0
9589,87825880,87826380,500,0,100.0,0.0
9590,87826380,87826880,500,0,100.0,0.0
9591,87826880,87827380,500,0,100.0,0.0
9592,87827380,87827880,500,0,100.0,0.0
9593,87827880,87828380,500,0,100.0,0.0
9594,87828380,87828880,500,0,100.0,0.0
9595,87828880,87829380,500,0,100.0,0.0
9596,87829380,87829880,500,0,100.0,0.0
9597,87829880,87830380,500,0,100.0,0.0
9598,87830380,87830880,500,0,100.0,0.0
9599,87830880,87831380,500,0,100.0,0.0
9600,87831380,87831880,500,0,100.0,0.0
9601,87831880,87832380,500,0,100.0,0.0
9602,87832380,87832880,500,0,100.0,0.0
9603,87832880,87833380,500,0,100.0,0.0
9604,87833380,87833880,500,0,100.0,0.0
9605,87833880,87834380,500,0,100.0,0.0
9606,87834380,87834880,500,0,100.0,0.0
9607,87834880,87835380,465,35,93.0,7.0
9608,87835380,87835880,8,492,1.6,98.4
9609,87835880,87836380,7,493,1.4000000000000001,98.6
9610,87836380,87836880,69,431,13.8,86.2
9611,87836880,87837380,200,300,40.0,60.0
9612,87837380,87837880,500,0,100.0,0.0
9613,87837880,87838380,500,0,100.0,0.0
9614,87838380,87838880,500,0,100.0,0.0
9615,87838880,87839380,500,0,100.0,0.0
9616,87839380,87839880,500,0,100.0,0.0
9617,87839880,87840380,500,0,100.0,0.0
9618,87840380,87840880,500,0,100.0,0.0
9619,87840880,87841380,500,0,100.0,0.0
9620,87841380,87841880,500,0,100.0,0.0
9621,87841880,87842380,500,0,100.0,0.0
9622,87842380,87842880,500,0,100.0,0.0
9623,87842880,87843380,500,0,100.0,0.0
9624,87843380,87843880,500,0,100.0,0.0
9625,87843880,87844380,500,0,100.0,0.0
9626,87844380,87844880,500,0,100.0,0.0
9627,87844880,87845380,500,0,100.0,0.0
9628,87845380,87845880,500,0,100.0,0.0
9629,87845880,87846380,500,0,100.0,0.0
9630,87846380,87846880,500,0,100.0,0.0
9631,87846880,87847380,500,0,100.0,0.0
9632,87847380,87847880,500,0,100.0,0.0
9633,87847880,87848380,500,0,100.0,0.0
9634,87848380,87848880,500,0,100.0,0.0
9635,87848880,87849380,500,0,100.0,0.0
9636,87849380,87849880,500,0,100.0,0.0
9637,87849880,87850380,500,0,100.0,0.0
9638,87850380,87850880,500,0,100.0,0.0
9639,87850880,87851380,500,0,100.0,0.0
9640,87851380,87851880,500,0,100.0,0.0
9641,87851880,87852380,500,0,100.0,0.0
9642,87852380,87852880,500,0,100.0,0.0
9643,87852880,87853380,500,0,100.0,0.0
9644,87853380,87853880,500,0,100.0,0.0
9645,87853880,87854380,500,0,100.0,0.0
9646,87854380,87854880,500,0,100.0,0.0
9647,87854880,87855380,500,0,100.0,0.0
9648,87855380,87855880,500,0,100.0,0.0
9649,87855880,87856380,500,0,100.0,0.0
9650,87856380,87856880,500,0,100.0,0.0
9651,87856880,87857380,500,0,100.0,0.0
9652,87857380,87857880,500,0,100.0,0.0
9653,87857880,87858380,500,0,100.0,0.0
9654,87858380,87858880,500,0,100.0,0.0
9655,87858880,87859380,500,0,100.0,0.0
9656,87859380,87859880,500,0,100.0,0.0
9657,87859880,87860380,500,0,100.0,0.0
9658,87860380,87860880,500,0,100.0,0.0
9659,87860880,87861380,500,0,100.0,0.0
9660,87861380,87861880,500,0,100.0,0.0
9661,87861880,87862380,500,0,100.0,0.0
9662,87862380,87862880,385,115,77.0,23.0
9663,87862880,87863380,8,492,1.6,98.4
9664,87863380,87863880,19,481,3.8,96.2
9665,87863880,87864380,70,430,14.000000000000002,86.0
9666,87864380,87864880,229,271,45.800000000000004,54.199999999999996
9667,87864880,87865380,500,0,100.0,0.0
9668,87865380,87865880,500,0,100.0,0.0
9669,87865880,87866380,500,0,100.0,0.0
9670,87866380,87866880,500,0,100.0,0.0
9671,87866880,87867380,500,0,100.0,0.0
9672,87867380,87867880,500,0,100.0,0.0
9673,87867880,87868380,500,0,100.0,0.0
9674,87868380,87868880,500,0,100.0,0.0
9675,87868880,87869380,500,0,100.0,0.0
9676,87869380,87869880,500,0,100.0,0.0
9677,87869880,87870380,500,0,100.0,0.0
9678,87870380,87870880,500,0,100.0,0.0
9679,87870880,87871380,500,0,100.0,0.0
9680,87871380,87871880,500,0,100.0,0.0
9681,87871880,87872380,500,0,100.0,0.0
9682,87872380,87872880,500,0,100.0,0.0
9683,87872880,87873380,500,0,100.0,0.0
9684,87873380,87873880,500,0,100.0,0.0
9685,87873880,87874380,500,0,100.0,0.0
9686,87874380,87874880,500,0,100.0,0.0
9687,87874880,87875380,500,0,100.0,0.0
9688,87875380,87875880,500,0,100.0,0.0
9689,87875880,87876380,500,0,100.0,0.0
9690,87876380,87876880,500,0,100.0,0.0
9691,87876880,87877380,500,0,100.0,0.0
9692,87877380,87877880,500,0,100.0,0.0
9693,87877880,87878380,500,0,100.0,0.0
9694,87878380,87878880,500,0,100.0,0.0
9695,87878880,87879380,500,0,100.0,0.0
9696,87879380,87879880,500,0,100.0,0.0
9697,87879880,87880380,500,0,100.0,0.0
9698,87880380,87880880,500,0,100.0,0.0
9699,87880880,87881380,500,0,100.0,0.0
9700,87881380,87881880,500,0,100.0,0.0
9701,87881880,87882380,500,0,100.0,0.0
9702,87882380,87882880,500,0,100.0,0.0
9703,87882880,87883380,500,0,100.0,0.0
9704,87883380,87883880,500,0,100.0,0.0
9705,87883880,87884380,500,0,100.0,0.0
9706,87884380,87884880,278,222,55.60000000000001,44.39999999999999
9707,87884880,87885380,4,496,0.8,99.2
9708,87885380,87885880,7,493,1.4000000000000001,98.6
9709,87885880,87886380,85,415,17.0,83.0
9710,87886380,87886880,180,320,36.0,64.0
9711,87886880,87887380,500,0,100.0,0.0
9712,87887380,87887880,500,0,100.0,0.0
9713,87887880,87888380,500,0,100.0,0.0
9714,87888380,87888880,500,0,100.0,0.0
9715,87888880,87889380,500,0,100.0,0.0
9716,87889380,87889880,500,0,100.0,0.0
9717,87889880,87890380,500,0,100.0,0.0
9718,87890380,87890880,500,0,100.0,0.0
9719,87890880,87891380,500,0,100.0,0.0
9720,87891380,87891880,500,0,100.0,0.0
9721,87891880,87892380,500,0,100.0,0.0
9722,87892380,87892880,500,0,100.0,0.0
9723,87892880,87893380,500,0,100.0,0.0
9724,87893380,87893880,500,0,100.0,0.0
9725,87893880,87894380,500,0,100.0,0.0
9726,87894380,87894880,500,0,100.0,0.0
9727,87894880,87895380,500,0,100.0,0.0
9728,87895380,87895880,500,0,100.0,0.0
9729,87895880,87896380,500,0,100.0,0.0
9730,87896380,87896880,500,0,100.0,0.0
9731,87896880,87897380,500,0,100.0,0.0
9732,87897380,87897880,500,0,100.0,0.0
9733,87897880,87898380,500,0,100.0,0.0
9734,87898380,87898880,500,0,100.0,0.0
9735,87898880,87899380,500,0,100.0,0.0
9736,87899380,87899880,500,0,100.0,0.0
9737,87899880,87900380,500,0,100.0,0.0
9738,87900380,87900880,500,0,100.0,0.0
9739,87900880,87901380,500,0,100.0,0.0
9740,87901380,87901880,500,0,100.0,0.0
9741,87901880,87902380,500,0,100.0,0.0
9742,87902380,87902880,500,0,100.0,0.0
9743,87902880,87903380,500,0,100.0,0.0
9744,87903380,87903880,500,0,100.0,0.0
9745,87903880,87904380,500,0,100.0,0.0
9746,87904380,87904880,500,0,100.0,0.0
9747,87904880,87905380,500,0,100.0,0.0
9748,87905380,87905880,500,0,100.0,0.0
9749,87905880,87906380,500,0,100.0,0.0
9750,87906380,87906880,500,0,100.0,0.0
9751,87906880,87907380,500,0,100.0,0.0
9752,87907380,87907880,500,0,100.0,0.0
9753,87907880,87908380,500,0,100.0,0.0
9754,87908380,87908880,500,0,100.0,0.0
9755,87908880,87909380,500,0,100.0,0.0
9756,87909380,87909880,500,0,100.0,0.0
9757,87909880,87910380,500,0,100.0,0.0
9758,87910380,87910880,500,0,100.0,0.0
9759,87910880,87911380,500,0,100.0,0.0
9760,87911380,87911880,500,0,100.0,0.0
9761,87911880,87912380,500,0,100.0,0.0
9762,87912380,87912880,500,0,100.0,0.0
9763,87912880,87913380,500,0,100.0,0.0
9764,87913380,87913880,500,0,100.0,0.0
9765,87913880,87914380,500,0,100.0,0.0
9766,87914380,87914880,500,0,100.0,0.0
9767,87914880,87915380,500,0,100.0,0.0
9768,87915380,87915880,500,0,100.0,0.0
9769,87915880,87916380,500,0,100.0,0.0
9770,87916380,87916880,500,0,100.0,0.0
9771,87916880,87917380,500,0,100.0,0.0
9772,87917380,87917880,500,0,100.0,0.0
9773,87917880,87918380,500,0,100.0,0.0
9774,87918380,87918880,500,0,100.0,0.0
9775,87918880,87919380,500,0,100.0,0.0
9776,87919380,87919880,500,0,100.0,0.0
9777,87919880,87920380,500,0,100.0,0.0
9778,87920380,87920880,500,0,100.0,0.0
9779,87920880,87921380,500,0,100.0,0.0
9780,87921380,87921880,500,0,100.0,0.0
9781,87921880,87922380,500,0,100.0,0.0
9782,87922380,87922880,500,0,100.0,0.0
9783,87922880,87923380,500,0,100.0,0.0
9784,87923380,87923880,500,0,100.0,0.0
9785,87923880,87924380,39,461,7.8,92.2
9786,87924380,87924880,6,494,1.2,98.8
9787,87924880,87925380,0,500,0.0,100.0
9788,87925380,87925880,8,492,1.6,98.4
9789,87925880,87926380,0,500,0.0,100.0
9790,87926380,87926880,8,492,1.6,98.4
9791,87926880,87927380,0,500,0.0,100.0
9792,87927380,87927880,118,382,23.599999999999998,76.4
9793,87927880,87928380,3,497,0.6,99.4
9794,87928380,87928880,263,237,52.6,47.4
9795,87928880,87929380,500,0,100.0,0.0
9796,87929380,87929880,500,0,100.0,0.0
9797,87929880,87930380,500,0,100.0,0.0
9798,87930380,87930880,500,0,100.0,0.0
9799,87930880,87931380,500,0,100.0,0.0
9800,87931380,87931880,500,0,100.0,0.0
9801,87931880,87932380,500,0,100.0,0.0
9802,87932380,87932880,500,0,100.0,0.0
9803,87932880,87933380,500,0,100.0,0.0
9804,87933380,87933880,500,0,100.0,0.0
9805,87933880,87934380,500,0,100.0,0.0
9806,87934380,87934880,500,0,100.0,0.0
9807,87934880,87935380,500,0,100.0,0.0
9808,87935380,87935880,500,0,100.0,0.0
9809,87935880,87936380,500,0,100.0,0.0
9810,87936380,87936880,500,0,100.0,0.0
9811,87936880,87937380,500,0,100.0,0.0
9812,87937380,87937880,500,0,100.0,0.0
9813,87937880,87938380,500,0,100.0,0.0
9814,87938380,87938880,500,0,100.0,0.0
9815,87938880,87939380,500,0,100.0,0.0
9816,87939380,87939880,500,0,100.0,0.0
9817,87939880,87940380,500,0,100.0,0.0
9818,87940380,87940880,500,0,100.0,0.0
9819,87940880,87941380,500,0,100.0,0.0
9820,87941380,87941880,500,0,100.0,0.0
9821,87941880,87942380,500,0,100.0,0.0
9822,87942380,87942880,500,0,100.0,0.0
9823,87942880,87943380,500,0,100.0,0.0
9824,87943380,87943880,500,0,100.0,0.0
9825,87943880,87944380,500,0,100.0,0.0
9826,87944380,87944880,500,0,100.0,0.0
9827,87944880,87945380,500,0,100.0,0.0
9828,87945380,87945880,500,0,100.0,0.0
9829,87945880,87946380,500,0,100.0,0.0
9830,87946380,87946880,500,0,100.0,0.0
9831,87946880,87947380,500,0,100.0,0.0
9832,87947380,87947880,500,0,100.0,0.0
9833,87947880,87948380,500,0,100.0,0.0
9834,87948380,87948880,500,0,100.0,0.0
9835,87948880,87949380,500,0,100.0,0.0
9836,87949380,87949880,500,0,100.0,0.0
9837,87949880,87950380,500,0,100.0,0.0
9838,87950380,87950880,500,0,100.0,0.0
9839,87950880,87951380,500,0,100.0,0.0
9840,87951380,87951880,500,0,100.0,0.0
9841,87951880,87952380,500,0,100.0,0.0
9842,87952380,87952880,500,0,100.0,0.0
9843,87952880,87953380,500,0,100.0,0.0
9844,87953380,87953880,500,0,100.0,0.0
9845,87953880,87954380,500,0,100.0,0.0
9846,87954380,87954880,500,0,100.0,0.0
9847,87954880,87955380,500,0,100.0,0.0
9848,87955380,87955880,357,143,71.39999999999999,28.60000000000001
9849,87955880,87956380,0,500,0.0,100.0
9850,87956380,87956880,0,500,0.0,100.0
9851,87956880,87957380,9,491,1.7999999999999998,98.2
9852,87957380,87957880,8,492,1.6,98.4
9853,87957880,87958380,5,495,1.0,99.0
9854,87958380,87958880,124,376,24.8,75.2
9855,87958880,87959380,0,500,0.0,100.0
9856,87959380,87959880,8,492,1.6,98.4
9857,87959880,87960380,264,236,52.800000000000004,47.199999999999996
9858,87960380,87960880,500,0,100.0,0.0
9859,87960880,87961380,500,0,100.0,0.0
9860,87961380,87961880,500,0,100.0,0.0
9861,87961880,87962380,500,0,100.0,0.0
9862,87962380,87962880,500,0,100.0,0.0
9863,87962880,87963380,500,0,100.0,0.0
9864,87963380,87963880,500,0,100.0,0.0
9865,87963880,87964380,500,0,100.0,0.0
9866,87964380,87964880,500,0,100.0,0.0
9867,87964880,87965380,500,0,100.0,0.0
9868,87965380,87965880,500,0,100.0,0.0
9869,87965880,87966380,500,0,100.0,0.0
9870,87966380,87966880,500,0,100.0,0.0
9871,87966880,87967380,500,0,100.0,0.0
9872,87967380,87967880,500,0,100.0,0.0
9873,87967880,87968380,500,0,100.0,0.0
9874,87968380,87968880,500,0,100.0,0.0
9875,87968880,87969380,500,0,100.0,0.0
9876,87969380,87969880,500,0,100.0,0.0
9877,87969880,87970380,500,0,100.0,0.0
9878,87970380,87970880,500,0,100.0,0.0
9879,87970880,87971380,500,0,100.0,0.0
9880,87971380,87971880,500,0,100.0,0.0
9881,87971880,87972380,500,0,100.0,0.0
9882,87972380,87972880,500,0,100.0,0.0
9883,87972880,87973380,500,0,100.0,0.0
9884,87973380,87973880,500,0,100.0,0.0
9885,87973880,87974380,500,0,100.0,0.0
9886,87974380,87974880,500,0,100.0,0.0
9887,87974880,87975380,500,0,100.0,0.0
9888,87975380,87975880,500,0,100.0,0.0
9889,87975880,87976380,500,0,100.0,0.0
9890,87976380,87976880,500,0,100.0,0.0
9891,87976880,87977380,500,0,100.0,0.0
9892,87977380,87977880,500,0,100.0,0.0
9893,87977880,87978380,500,0,100.0,0.0
9894,87978380,87978880,500,0,100.0,0.0
9895,87978880,87979380,500,0,100.0,0.0
9896,87979380,87979880,500,0,100.0,0.0
9897,87979880,87980380,500,0,100.0,0.0
9898,87980380,87980880,500,0,100.0,0.0
9899,87980880,87981380,500,0,100.0,0.0
9900,87981380,87981880,500,0,100.0,0.0
9901,87981880,87982380,500,0,100.0,0.0
9902,87982380,87982880,500,0,100.0,0.0
9903,87982880,87983380,500,0,100.0,0.0
9904,87983380,87983880,500,0,100.0,0.0
9905,87983880,87984380,500,0,100.0,0.0
9906,87984380,87984880,500,0,100.0,0.0
9907,87984880,87985380,500,0,100.0,0.0
9908,87985380,87985880,500,0,100.0,0.0
9909,87985880,87986380,500,0,100.0,0.0
9910,87986380,87986880,500,0,100.0,0.0
9911,87986880,87987380,500,0,100.0,0.0
9912,87987380,87987880,500,0,100.0,0.0
9913,87987880,87988380,500,0,100.0,0.0
9914,87988380,87988880,500,0,100.0,0.0
9915,87988880,87989380,500,0,100.0,0.0
9916,87989380,87989880,500,0,100.0,0.0
9917,87989880,87990380,500,0,100.0,0.0
9918,87990380,87990880,500,0,100.0,0.0
9919,87990880,87991380,500,0,100.0,0.0
9920,87991380,87991880,500,0,100.0,0.0
9921,87991880,87992380,500,0,100.0,0.0
9922,87992380,87992880,500,0,100.0,0.0
9923,87992880,87993380,500,0,100.0,0.0
9924,87993380,87993880,500,0,100.0,0.0
9925,87993880,87994380,500,0,100.0,0.0
9926,87994380,87994880,500,0,100.0,0.0
9927,87994880,87995380,500,0,100.0,0.0
9928,87995380,87995880,500,0,100.0,0.0
9929,87995880,87996380,500,0,100.0,0.0
9930,87996380,87996880,500,0,100.0,0.0
9931,87996880,87997380,500,0,100.0,0.0
9932,87997380,87997880,500,0,100.0,0.0
9933,87997880,87998380,500,0,100.0,0.0
9934,87998380,87998880,500,0,100.0,0.0
9935,87998880,87999380,500,0,100.0,0.0
9936,87999380,87999880,500,0,100.0,0.0
9937,87999880,88000380,500,0,100.0,0.0
9938,88000380,88000880,500,0,100.0,0.0
9939,88000880,88001380,500,0,100.0,0.0
9940,88001380,88001880,500,0,100.0,0.0
9941,88001880,88002380,500,0,100.0,0.0
9942,88002380,88002880,500,0,100.0,0.0
9943,88002880,88003380,500,0,100.0,0.0
9944,88003380,88003880,500,0,100.0,0.0
9945,88003880,88004380,500,0,100.0,0.0
9946,88004380,88004880,500,0,100.0,0.0
9947,88004880,88005380,500,0,100.0,0.0
9948,88005380,88005880,500,0,100.0,0.0
9949,88005880,88006380,500,0,100.0,0.0
9950,88006380,88006880,500,0,100.0,0.0
9951,88006880,88007380,500,0,100.0,0.0
9952,88007380,88007880,500,0,100.0,0.0
9953,88007880,88008380,500,0,100.0,0.0
9954,88008380,88008880,500,0,100.0,0.0
9955,88008880,88009380,500,0,100.0,0.0
9956,88009380,88009880,500,0,100.0,0.0
9957,88009880,88010380,500,0,100.0,0.0
9958,88010380,88010880,500,0,100.0,0.0
9959,88010880,88011380,500,0,100.0,0.0
9960,88011380,88011880,500,0,100.0,0.0
9961,88011880,88012380,500,0,100.0,0.0
9962,88012380,88012880,500,0,100.0,0.0
9963,88012880,88013380,500,0,100.0,0.0
9964,88013380,88013880,500,0,100.0,0.0
9965,88013880,88014380,500,0,100.0,0.0
9966,88014380,88014880,500,0,100.0,0.0
9967,88014880,88015380,500,0,100.0,0.0
9968,88015380,88015880,500,0,100.0,0.0
9969,88015880,88016380,500,0,100.0,0.0
9970,88016380,88016880,500,0,100.0,0.0
9971,88016880,88017380,500,0,100.0,0.0
9972,88017380,88017880,500,0,100.0,0.0
9973,88017880,88018380,500,0,100.0,0.0
9974,88018380,88018880,500,0,100.0,0.0
9975,88018880,88019380,500,0,100.0,0.0
9976,88019380,88019880,500,0,100.0,0.0
9977,88019880,88020380,500,0,100.0,0.0
9978,88020380,88020880,500,0,100.0,0.0
9979,88020880,88021380,500,0,100.0,0.0
9980,88021380,88021880,500,0,100.0,0.0
9981,88021880,88022380,500,0,100.0,0.0
9982,88022380,88022880,500,0,100.0,0.0
9983,88022880,88023380,500,0,100.0,0.0
9984,88023380,88023880,500,0,100.0,0.0
9985,88023880,88024380,500,0,100.0,0.0
9986,88024380,88024880,500,0,100.0,0.0
9987,88024880,88025380,500,0,100.0,0.0
9988,88025380,88025880,500,0,100.0,0.0
9989,88025880,88026380,500,0,100.0,0.0
9990,88026380,88026880,500,0,100.0,0.0
9991,88026880,88027380,500,0,100.0,0.0
9992,88027380,88027880,500,0,100.0,0.0
9993,88027880,88028380,500,0,100.0,0.0
9994,88028380,88028880,500,0,100.0,0.0
9995,88028880,88029380,500,0,100.0,0.0
9996,88029380,88029880,500,0,100.0,0.0
9997,88029880,88030380,500,0,100.0,0.0
9998,88030380,88030880,122,378,24.4,75.6
9999,88030880,88031380,6,494,1.2,98.8
10000,88031380,88031880,81,419,16.2,83.8
10001,88031880,88032380,4,496,0.8,99.2
10002,88032380,88032880,409,91,81.8,18.200000000000003
10003,88032880,88033380,500,0,100.0,0.0
10004,88033380,88033880,500,0,100.0,0.0
10005,88033880,88034380,500,0,100.0,0.0
10006,88034380,88034880,500,0,100.0,0.0
10007,88034880,88035380,500,0,100.0,0.0
10008,88035380,88035880,500,0,100.0,0.0
10009,88035880,88036380,500,0,100.0,0.0
10010,88036380,88036880,500,0,100.0,0.0
10011,88036880,88037380,500,0,100.0,0.0
10012,88037380,88037880,500,0,100.0,0.0
10013,88037880,88038380,500,0,100.0,0.0
10014,88038380,88038880,500,0,100.0,0.0
10015,88038880,88039380,500,0,100.0,0.0
10016,88039380,88039880,500,0,100.0,0.0
10017,88039880,88040380,500,0,100.0,0.0
10018,88040380,88040880,500,0,100.0,0.0
10019,88040880,88041380,500,0,100.0,0.0
10020,88041380,88041880,500,0,100.0,0.0
10021,88041880,88042380,500,0,100.0,0.0
10022,88042380,88042880,500,0,100.0,0.0
10023,88042880,88043380,500,0,100.0,0.0
10024,88043380,88043880,500,0,100.0,0.0
10025,88043880,88044380,500,0,100.0,0.0
10026,88044380,88044880,500,0,100.0,0.0
10027,88044880,88045380,500,0,100.0,0.0
10028,88045380,88045880,500,0,100.0,0.0
10029,88045880,88046380,500,0,100.0,0.0
10030,88046380,88046880,500,0,100.0,0.0
10031,88046880,88047380,500,0,100.0,0.0
10032,88047380,88047880,500,0,100.0,0.0
10033,88047880,88048380,500,0,100.0,0.0
10034,88048380,88048880,500,0,100.0,0.0
10035,88048880,88049380,500,0,100.0,0.0
10036,88049380,88049880,500,0,100.0,0.0
10037,88049880,88050380,500,0,100.0,0.0
10038,88050380,88050880,500,0,100.0,0.0
10039,88050880,88051380,61,439,12.2,87.8
10040,88051380,88051880,6,494,1.2,98.8
10041,88051880,88052380,77,423,15.4,84.6
10042,88052380,88052880,5,495,1.0,99.0
10043,88052880,88053380,480,20,96.0,4.0
10044,88053380,88053880,500,0,100.0,0.0
10045,88053880,88054380,500,0,100.0,0.0
10046,88054380,88054880,500,0,100.0,0.0
10047,88054880,88055380,500,0,100.0,0.0
10048,88055380,88055880,500,0,100.0,0.0
10049,88055880,88056380,500,0,100.0,0.0
10050,88056380,88056880,500,0,100.0,0.0
10051,88056880,88057380,500,0,100.0,0.0
10052,88057380,88057880,500,0,100.0,0.0
10053,88057880,88058380,500,0,100.0,0.0
10054,88058380,88058880,500,0,100.0,0.0
10055,88058880,88059380,500,0,100.0,0.0
10056,88059380,88059880,500,0,100.0,0.0
10057,88059880,88060380,500,0,100.0,0.0
10058,88060380,88060880,500,0,100.0,0.0
10059,88060880,88061380,500,0,100.0,0.0
10060,88061380,88061880,500,0,100.0,0.0
10061,88061880,88062380,500,0,100.0,0.0
10062,88062380,88062880,500,0,100.0,0.0
10063,88062880,88063380,500,0,100.0,0.0
10064,88063380,88063880,500,0,100.0,0.0
10065,88063880,88064380,500,0,100.0,0.0
10066,88064380,88064880,500,0,100.0,0.0
10067,88064880,88065380,500,0,100.0,0.0
10068,88065380,88065880,500,0,100.0,0.0
10069,88065880,88066380,500,0,100.0,0.0
10070,88066380,88066880,500,0,100.0,0.0
10071,88066880,88067380,500,0,100.0,0.0
10072,88067380,88067880,500,0,100.0,0.0
10073,88067880,88068380,500,0,100.0,0.0
10074,88068380,88068880,500,0,100.0,0.0
10075,88068880,88069380,500,0,100.0,0.0
10076,88069380,88069880,500,0,100.0,0.0
10077,88069880,88070380,500,0,100.0,0.0
10078,88070380,88070880,500,0,100.0,0.0
10079,88070880,88071380,500,0,100.0,0.0
10080,88071380,88071880,108,392,21.6,78.4
10081,88071880,88072380,4,496,0.8,99.2
10082,88072380,88072880,78,422,15.6,84.4
10083,88072880,88073380,4,496,0.8,99.2
10084,88073380,88073880,409,91,81.8,18.200000000000003
10085,88073880,88074380,500,0,100.0,0.0
10086,88074380,88074880,500,0,100.0,0.0
10087,88074880,88075380,500,0,100.0,0.0
10088,88075380,88075880,500,0,100.0,0.0
10089,88075880,88076380,500,0,100.0,0.0
10090,88076380,88076880,500,0,100.0,0.0
10091,88076880,88077380,500,0,100.0,0.0
10092,88077380,88077880,500,0,100.0,0.0
10093,88077880,88078380,500,0,100.0,0.0
10094,88078380,88078880,500,0,100.0,0.0
10095,88078880,88079380,500,0,100.0,0.0
10096,88079380,88079880,500,0,100.0,0.0
10097,88079880,88080380,500,0,100.0,0.0
10098,88080380,88080880,500,0,100.0,0.0
10099,88080880,88081380,500,0,100.0,0.0
10100,88081380,88081880,500,0,100.0,0.0
10101,88081880,88082380,500,0,100.0,0.0
10102,88082380,88082880,500,0,100.0,0.0
10103,88082880,88083380,500,0,100.0,0.0
10104,88083380,88083880,500,0,100.0,0.0
10105,88083880,88084380,500,0,100.0,0.0
10106,88084380,88084880,500,0,100.0,0.0
10107,88084880,88085380,500,0,100.0,0.0
10108,88085380,88085880,500,0,100.0,0.0
10109,88085880,88086380,500,0,100.0,0.0
10110,88086380,88086880,500,0,100.0,0.0
10111,88086880,88087380,500,0,100.0,0.0
10112,88087380,88087880,500,0,100.0,0.0
10113,88087880,88088380,500,0,100.0,0.0
10114,88088380,88088880,500,0,100.0,0.0
10115,88088880,88089380,500,0,100.0,0.0
10116,88089380,88089880,500,0,100.0,0.0
10117,88089880,88090380,500,0,100.0,0.0
10118,88090380,88090880,500,0,100.0,0.0
10119,88090880,88091380,500,0,100.0,0.0
10120,88091380,88091880,500,0,100.0,0.0
10121,88091880,88092380,332,168,66.4,33.599999999999994
10122,88092380,88092880,9,491,1.7999999999999998,98.2
10123,88092880,88093380,66,434,13.200000000000001,86.8
10124,88093380,88093880,13,487,2.6,97.4
10125,88093880,88094380,207,293,41.4,58.6
10126,88094380,88094880,500,0,100.0,0.0
10127,88094880,88095380,500,0,100.0,0.0
10128,88095380,88095880,500,0,100.0,0.0
10129,88095880,88096380,500,0,100.0,0.0
10130,88096380,88096880,500,0,100.0,0.0
10131,88096880,88097380,500,0,100.0,0.0
10132,88097380,88097880,500,0,100.0,0.0
10133,88097880,88098380,500,0,100.0,0.0
10134,88098380,88098880,500,0,100.0,0.0
10135,88098880,88099380,500,0,100.0,0.0
10136,88099380,88099880,500,0,100.0,0.0
10137,88099880,88100380,500,0,100.0,0.0
10138,88100380,88100880,500,0,100.0,0.0
10139,88100880,88101380,500,0,100.0,0.0
10140,88101380,88101880,500,0,100.0,0.0
10141,88101880,88102380,500,0,100.0,0.0
10142,88102380,88102880,500,0,100.0,0.0
10143,88102880,88103380,500,0,100.0,0.0
10144,88103380,88103880,500,0,100.0,0.0
10145,88103880,88104380,500,0,100.0,0.0
10146,88104380,88104880,500,0,100.0,0.0
10147,88104880,88105380,500,0,100.0,0.0
10148,88105380,88105880,500,0,100.0,0.0
10149,88105880,88106380,500,0,100.0,0.0
10150,88106380,88106880,500,0,100.0,0.0
10151,88106880,88107380,500,0,100.0,0.0
10152,88107380,88107880,500,0,100.0,0.0
10153,88107880,88108380,500,0,100.0,0.0
10154,88108380,88108880,500,0,100.0,0.0
10155,88108880,88109380,500,0,100.0,0.0
10156,88109380,88109880,500,0,100.0,0.0
10157,88109880,88110380,500,0,100.0,0.0
10158,88110380,88110880,500,0,100.0,0.0
10159,88110880,88111380,500,0,100.0,0.0
10160,88111380,88111880,500,0,100.0,0.0
10161,88111880,88112380,500,0,100.0,0.0
10162,88112380,88112880,377,123,75.4,24.599999999999994
10163,88112880,88113380,5,495,1.0,99.0
10164,88113380,88113880,7,493,1.4000000000000001,98.6
10165,88113880,88114380,80,420,16.0,84.0
10166,88114380,88114880,108,392,21.6,78.4
10167,88114880,88115380,500,0,100.0,0.0
10168,88115380,88115880,500,0,100.0,0.0
10169,88115880,88116380,500,0,100.0,0.0
10170,88116380,88116880,500,0,100.0,0.0
10171,88116880,88117380,500,0,100.0,0.0
10172,88117380,88117880,500,0,100.0,0.0
10173,88117880,88118380,500,0,100.0,0.0
10174,88118380,88118880,500,0,100.0,0.0
10175,88118880,88119380,500,0,100.0,0.0
10176,88119380,88119880,500,0,100.0,0.0
10177,88119880,88120380,500,0,100.0,0.0
10178,88120380,88120880,500,0,100.0,0.0
10179,88120880,88121380,500,0,100.0,0.0
10180,88121380,88121880,500,0,100.0,0.0
10181,88121880,88122380,500,0,100.0,0.0
10182,88122380,88122880,500,0,100.0,0.0
10183,88122880,88123380,500,0,100.0,0.0
10184,88123380,88123880,500,0,100.0,0.0
10185,88123880,88124380,500,0,100.0,0.0
10186,88124380,88124880,500,0,100.0,0.0
10187,88124880,88125380,500,0,100.0,0.0
10188,88125380,88125880,500,0,100.0,0.0
10189,88125880,88126380,500,0,100.0,0.0
10190,88126380,88126880,500,0,100.0,0.0
10191,88126880,88127380,500,0,100.0,0.0
10192,88127380,88127880,500,0,100.0,0.0
10193,88127880,88128380,500,0,100.0,0.0
10194,88128380,88128880,500,0,100.0,0.0
10195,88128880,88129380,500,0,100.0,0.0
10196,88129380,88129880,500,0,100.0,0.0
10197,88129880,88130380,500,0,100.0,0.0
10198,88130380,88130880,500,0,100.0,0.0
10199,88130880,88131380,500,0,100.0,0.0
10200,88131380,88131880,500,0,100.0,0.0
10201,88131880,88132380,500,0,100.0,0.0
10202,88132380,88132880,500,0,100.0,0.0
10203,88132880,88133380,500,0,100.0,0.0
10204,88133380,88133880,500,0,100.0,0.0
10205,88133880,88134380,500,0,100.0,0.0
10206,88134380,88134880,500,0,100.0,0.0
10207,88134880,88135380,500,0,100.0,0.0
10208,88135380,88135880,500,0,100.0,0.0
10209,88135880,88136380,500,0,100.0,0.0
10210,88136380,88136880,500,0,100.0,0.0
10211,88136880,88137380,500,0,100.0,0.0
10212,88137380,88137880,500,0,100.0,0.0
10213,88137880,88138380,500,0,100.0,0.0
10214,88138380,88138880,500,0,100.0,0.0
10215,88138880,88139380,489,11,97.8,2.200000000000003
10216,88139380,88139880,9,491,1.7999999999999998,98.2
10217,88139880,88140380,4,496,0.8,99.2
10218,88140380,88140880,78,422,15.6,84.4
10219,88140880,88141380,43,457,8.6,91.4
10220,88141380,88141880,500,0,100.0,0.0
10221,88141880,88142380,500,0,100.0,0.0
10222,88142380,88142880,500,0,100.0,0.0
10223,88142880,88143380,500,0,100.0,0.0
10224,88143380,88143880,500,0,100.0,0.0
10225,88143880,88144380,500,0,100.0,0.0
10226,88144380,88144880,500,0,100.0,0.0
10227,88144880,88145380,500,0,100.0,0.0
10228,88145380,88145880,500,0,100.0,0.0
10229,88145880,88146380,500,0,100.0,0.0
10230,88146380,88146880,500,0,100.0,0.0
10231,88146880,88147380,500,0,100.0,0.0
10232,88147380,88147880,500,0,100.0,0.0
10233,88147880,88148380,500,0,100.0,0.0
10234,88148380,88148880,500,0,100.0,0.0
10235,88148880,88149380,500,0,100.0,0.0
10236,88149380,88149880,500,0,100.0,0.0
10237,88149880,88150380,500,0,100.0,0.0
10238,88150380,88150880,500,0,100.0,0.0
10239,88150880,88151380,500,0,100.0,0.0
10240,88151380,88151880,500,0,100.0,0.0
10241,88151880,88152380,500,0,100.0,0.0
10242,88152380,88152880,500,0,100.0,0.0
10243,88152880,88153380,500,0,100.0,0.0
10244,88153380,88153880,500,0,100.0,0.0
10245,88153880,88154380,500,0,100.0,0.0
10246,88154380,88154880,500,0,100.0,0.0
10247,88154880,88155380,500,0,100.0,0.0
10248,88155380,88155880,500,0,100.0,0.0
10249,88155880,88156380,500,0,100.0,0.0
10250,88156380,88156880,500,0,100.0,0.0
10251,88156880,88157380,500,0,100.0,0.0
10252,88157380,88157880,500,0,100.0,0.0
10253,88157880,88158380,500,0,100.0,0.0
10254,88158380,88158880,500,0,100.0,0.0
10255,88158880,88159380,500,0,100.0,0.0
10256,88159380,88159880,500,0,100.0,0.0
10257,88159880,88160380,500,0,100.0,0.0
10258,88160380,88160880,500,0,100.0,0.0
10259,88160880,88161380,500,0,100.0,0.0
10260,88161380,88161880,500,0,100.0,0.0
10261,88161880,88162380,500,0,100.0,0.0
10262,88162380,88162880,500,0,100.0,0.0
10263,88162880,88163380,500,0,100.0,0.0
10264,88163380,88163880,500,0,100.0,0.0
10265,88163880,88164380,500,0,100.0,0.0
10266,88164380,88164880,500,0,100.0,0.0
10267,88164880,88165380,500,0,100.0,0.0
10268,88165380,88165880,500,0,100.0,0.0
10269,88165880,88166380,500,0,100.0,0.0
10270,88166380,88166880,500,0,100.0,0.0
10271,88166880,88167380,500,0,100.0,0.0
10272,88167380,88167880,500,0,100.0,0.0
10273,88167880,88168380,500,0,100.0,0.0
10274,88168380,88168880,43,457,8.6,91.4
10275,88168880,88169380,3,497,0.6,99.4
10276,88169380,88169880,79,421,15.8,84.2
10277,88169880,88170380,4,496,0.8,99.2
10278,88170380,88170880,476,24,95.19999999999999,4.800000000000011
10279,88170880,88171380,500,0,100.0,0.0
10280,88171380,88171880,500,0,100.0,0.0
10281,88171880,88172380,500,0,100.0,0.0
10282,88172380,88172880,500,0,100.0,0.0
10283,88172880,88173380,500,0,100.0,0.0
10284,88173380,88173880,500,0,100.0,0.0
10285,88173880,88174380,500,0,100.0,0.0
10286,88174380,88174880,500,0,100.0,0.0
10287,88174880,88175380,500,0,100.0,0.0
10288,88175380,88175880,500,0,100.0,0.0
10289,88175880,88176380,500,0,100.0,0.0
10290,88176380,88176880,500,0,100.0,0.0
10291,88176880,88177380,500,0,100.0,0.0
10292,88177380,88177880,500,0,100.0,0.0
10293,88177880,88178380,500,0,100.0,0.0
10294,88178380,88178880,500,0,100.0,0.0
10295,88178880,88179380,500,0,100.0,0.0
10296,88179380,88179880,500,0,100.0,0.0
10297,88179880,88180380,500,0,100.0,0.0
10298,88180380,88180880,500,0,100.0,0.0
10299,88180880,88181380,500,0,100.0,0.0
10300,88181380,88181880,500,0,100.0,0.0
10301,88181880,88182380,500,0,100.0,0.0
10302,88182380,88182880,500,0,100.0,0.0
10303,88182880,88183380,500,0,100.0,0.0
10304,88183380,88183880,500,0,100.0,0.0
10305,88183880,88184380,500,0,100.0,0.0
10306,88184380,88184880,500,0,100.0,0.0
10307,88184880,88185380,500,0,100.0,0.0
10308,88185380,88185880,500,0,100.0,0.0
10309,88185880,88186380,500,0,100.0,0.0
10310,88186380,88186880,500,0,100.0,0.0
10311,88186880,88187380,500,0,100.0,0.0
10312,88187380,88187880,500,0,100.0,0.0
10313,88187880,88188380,500,0,100.0,0.0
10314,88188380,88188880,500,0,100.0,0.0
10315,88188880,88189380,139,361,27.800000000000004,72.19999999999999
10316,88189380,88189880,8,492,1.6,98.4
10317,88189880,88190380,78,422,15.6,84.4
10318,88190380,88190880,5,495,1.0,99.0
10319,88190880,88191380,264,236,52.800000000000004,47.199999999999996
10320,88191380,88191880,500,0,100.0,0.0
10321,88191880,88192380,500,0,100.0,0.0
10322,88192380,88192880,500,0,100.0,0.0
10323,88192880,88193380,500,0,100.0,0.0
10324,88193380,88193880,500,0,100.0,0.0
10325,88193880,88194380,500,0,100.0,0.0
10326,88194380,88194880,500,0,100.0,0.0
10327,88194880,88195380,500,0,100.0,0.0
10328,88195380,88195880,500,0,100.0,0.0
10329,88195880,88196380,500,0,100.0,0.0
10330,88196380,88196880,500,0,100.0,0.0
10331,88196880,88197380,500,0,100.0,0.0
10332,88197380,88197880,500,0,100.0,0.0
10333,88197880,88198380,500,0,100.0,0.0
10334,88198380,88198880,500,0,100.0,0.0
10335,88198880,88199380,500,0,100.0,0.0
10336,88199380,88199880,500,0,100.0,0.0
10337,88199880,88200380,500,0,100.0,0.0
10338,88200380,88200880,500,0,100.0,0.0
10339,88200880,88201380,500,0,100.0,0.0
10340,88201380,88201880,500,0,100.0,0.0
10341,88201880,88202380,500,0,100.0,0.0
10342,88202380,88202880,500,0,100.0,0.0
10343,88202880,88203380,500,0,100.0,0.0
10344,88203380,88203880,500,0,100.0,0.0
10345,88203880,88204380,500,0,100.0,0.0
10346,88204380,88204880,500,0,100.0,0.0
10347,88204880,88205380,500,0,100.0,0.0
10348,88205380,88205880,500,0,100.0,0.0
10349,88205880,88206380,500,0,100.0,0.0
10350,88206380,88206880,500,0,100.0,0.0
10351,88206880,88207380,500,0,100.0,0.0
10352,88207380,88207880,500,0,100.0,0.0
10353,88207880,88208380,500,0,100.0,0.0
10354,88208380,88208880,500,0,100.0,0.0
10355,88208880,88209380,500,0,100.0,0.0
10356,88209380,88209880,350,150,70.0,30.0
10357,88209880,88210380,7,493,1.4000000000000001,98.6
10358,88210380,88210880,52,448,10.4,89.6
10359,88210880,88211380,32,468,6.4,93.6
10360,88211380,88211880,227,273,45.4,54.6
10361,88211880,88212380,500,0,100.0,0.0
10362,88212380,88212880,500,0,100.0,0.0
10363,88212880,88213380,500,0,100.0,0.0
10364,88213380,88213880,500,0,100.0,0.0
10365,88213880,88214380,500,0,100.0,0.0
10366,88214380,88214880,500,0,100.0,0.0
10367,88214880,88215380,500,0,100.0,0.0
10368,88215380,88215880,500,0,100.0,0.0
10369,88215880,88216380,500,0,100.0,0.0
10370,88216380,88216880,500,0,100.0,0.0
10371,88216880,88217380,500,0,100.0,0.0
10372,88217380,88217880,500,0,100.0,0.0
10373,88217880,88218380,500,0,100.0,0.0
10374,88218380,88218880,500,0,100.0,0.0
10375,88218880,88219380,500,0,100.0,0.0
10376,88219380,88219880,500,0,100.0,0.0
10377,88219880,88220380,500,0,100.0,0.0
10378,88220380,88220880,500,0,100.0,0.0
10379,88220880,88221380,500,0,100.0,0.0
10380,88221380,88221880,500,0,100.0,0.0
10381,88221880,88222380,500,0,100.0,0.0
10382,88222380,88222880,500,0,100.0,0.0
10383,88222880,88223380,500,0,100.0,0.0
10384,88223380,88223880,500,0,100.0,0.0
10385,88223880,88224380,500,0,100.0,0.0
10386,88224380,88224880,500,0,100.0,0.0
10387,88224880,88225380,500,0,100.0,0.0
10388,88225380,88225880,500,0,100.0,0.0
10389,88225880,88226380,500,0,100.0,0.0
10390,88226380,88226880,500,0,100.0,0.0
10391,88226880,88227380,500,0,100.0,0.0
10392,88227380,88227880,500,0,100.0,0.0
10393,88227880,88228380,500,0,100.0,0.0
10394,88228380,88228880,500,0,100.0,0.0
10395,88228880,88229380,500,0,100.0,0.0
10396,88229380,88229880,500,0,100.0,0.0
10397,88229880,88230380,500,0,100.0,0.0
10398,88230380,88230880,500,0,100.0,0.0
10399,88230880,88231380,500,0,100.0,0.0
10400,88231380,88231880,465,35,93.0,7.0
10401,88231880,88232380,6,494,1.2,98.8
10402,88232380,88232880,6,494,1.2,98.8
10403,88232880,88233380,88,412,17.599999999999998,82.4
10404,88233380,88233880,47,453,9.4,90.6
10405,88233880,88234380,500,0,100.0,0.0
10406,88234380,88234880,500,0,100.0,0.0
10407,88234880,88235380,500,0,100.0,0.0
10408,88235380,88235880,500,0,100.0,0.0
10409,88235880,88236380,500,0,100.0,0.0
10410,88236380,88236880,500,0,100.0,0.0
10411,88236880,88237380,500,0,100.0,0.0
10412,88237380,88237880,500,0,100.0,0.0
10413,88237880,88238380,500,0,100.0,0.0
10414,88238380,88238880,500,0,100.0,0.0
10415,88238880,88239380,500,0,100.0,0.0
10416,88239380,88239880,500,0,100.0,0.0
10417,88239880,88240380,500,0,100.0,0.0
10418,88240380,88240880,500,0,100.0,0.0
10419,88240880,88241380,500,0,100.0,0.0
10420,88241380,88241880,500,0,100.0,0.0
10421,88241880,88242380,500,0,100.0,0.0
10422,88242380,88242880,500,0,100.0,0.0
10423,88242880,88243380,500,0,100.0,0.0
10424,88243380,88243880,500,0,100.0,0.0
10425,88243880,88244380,500,0,100.0,0.0
10426,88244380,88244880,500,0,100.0,0.0
10427,88244880,88245380,500,0,100.0,0.0
10428,88245380,88245880,500,0,100.0,0.0
10429,88245880,88246380,500,0,100.0,0.0
10430,88246380,88246880,500,0,100.0,0.0
10431,88246880,88247380,500,0,100.0,0.0
10432,88247380,88247880,500,0,100.0,0.0
10433,88247880,88248380,500,0,100.0,0.0
10434,88248380,88248880,500,0,100.0,0.0
10435,88248880,88249380,500,0,100.0,0.0
10436,88249380,88249880,500,0,100.0,0.0
10437,88249880,88250380,500,0,100.0,0.0
10438,88250380,88250880,500,0,100.0,0.0
10439,88250880,88251380,500,0,100.0,0.0
10440,88251380,88251880,500,0,100.0,0.0
10441,88251880,88252380,500,0,100.0,0.0
10442,88252380,88252880,439,61,87.8,12.200000000000003
10443,88252880,88253380,5,495,1.0,99.0
10444,88253380,88253880,7,493,1.4000000000000001,98.6
10445,88253880,88254380,73,427,14.6,85.4
10446,88254380,88254880,83,417,16.6,83.4
10447,88254880,88255380,500,0,100.0,0.0
10448,88255380,88255880,500,0,100.0,0.0
10449,88255880,88256380,500,0,100.0,0.0
10450,88256380,88256880,500,0,100.0,0.0
10451,88256880,88257380,500,0,100.0,0.0
10452,88257380,88257880,500,0,100.0,0.0
10453,88257880,88258380,500,0,100.0,0.0
10454,88258380,88258880,500,0,100.0,0.0
10455,88258880,88259380,500,0,100.0,0.0
10456,88259380,88259880,500,0,100.0,0.0
10457,88259880,88260380,500,0,100.0,0.0
10458,88260380,88260880,500,0,100.0,0.0
10459,88260880,88261380,500,0,100.0,0.0
10460,88261380,88261880,500,0,100.0,0.0
10461,88261880,88262380,500,0,100.0,0.0
10462,88262380,88262880,500,0,100.0,0.0
10463,88262880,88263380,500,0,100.0,0.0
10464,88263380,88263880,500,0,100.0,0.0
10465,88263880,88264380,500,0,100.0,0.0
10466,88264380,88264880,500,0,100.0,0.0
10467,88264880,88265380,500,0,100.0,0.0
10468,88265380,88265880,500,0,100.0,0.0
10469,88265880,88266380,500,0,100.0,0.0
10470,88266380,88266880,500,0,100.0,0.0
10471,88266880,88267380,500,0,100.0,0.0
10472,88267380,88267880,500,0,100.0,0.0
10473,88267880,88268380,500,0,100.0,0.0
10474,88268380,88268880,500,0,100.0,0.0
10475,88268880,88269380,500,0,100.0,0.0
10476,88269380,88269880,500,0,100.0,0.0
10477,88269880,88270380,500,0,100.0,0.0
10478,88270380,88270880,500,0,100.0,0.0
10479,88270880,88271380,500,0,100.0,0.0
10480,88271380,88271880,500,0,100.0,0.0
10481,88271880,88272380,500,0,100.0,0.0
10482,88272380,88272880,500,0,100.0,0.0
10483,88272880,88273380,500,0,100.0,0.0
10484,88273380,88273880,500,0,100.0,0.0
10485,88273880,88274380,500,0,100.0,0.0
10486,88274380,88274880,500,0,100.0,0.0
10487,88274880,88275380,500,0,100.0,0.0
10488,88275380,88275880,500,0,100.0,0.0
10489,88275880,88276380,500,0,100.0,0.0
10490,88276380,88276880,426,74,85.2,14.799999999999997
10491,88276880,88277380,6,494,1.2,98.8
10492,88277380,88277880,6,494,1.2,98.8
10493,88277880,88278380,76,424,15.2,84.8
10494,88278380,88278880,76,424,15.2,84.8
10495,88278880,88279380,500,0,100.0,0.0
10496,88279380,88279880,500,0,100.0,0.0
10497,88279880,88280380,500,0,100.0,0.0
10498,88280380,88280880,500,0,100.0,0.0
10499,88280880,88281380,500,0,100.0,0.0
10500,88281380,88281880,500,0,100.0,0.0
10501,88281880,88282380,500,0,100.0,0.0
10502,88282380,88282880,500,0,100.0,0.0
10503,88282880,88283380,500,0,100.0,0.0
10504,88283380,88283880,500,0,100.0,0.0
10505,88283880,88284380,500,0,100.0,0.0
10506,88284380,88284880,500,0,100.0,0.0
10507,88284880,88285380,500,0,100.0,0.0
10508,88285380,88285880,500,0,100.0,0.0
10509,88285880,88286380,500,0,100.0,0.0
10510,88286380,88286880,500,0,100.0,0.0
10511,88286880,88287380,500,0,100.0,0.0
10512,88287380,88287880,500,0,100.0,0.0
10513,88287880,88288380,500,0,100.0,0.0
10514,88288380,88288880,500,0,100.0,0.0
10515,88288880,88289380,500,0,100.0,0.0
10516,88289380,88289880,500,0,100.0,0.0
10517,88289880,88290380,500,0,100.0,0.0
10518,88290380,88290880,500,0,100.0,0.0
10519,88290880,88291380,500,0,100.0,0.0
10520,88291380,88291880,500,0,100.0,0.0
10521,88291880,88292380,500,0,100.0,0.0
10522,88292380,88292880,500,0,100.0,0.0
10523,88292880,88293380,500,0,100.0,0.0
10524,88293380,88293880,500,0,100.0,0.0
10525,88293880,88294380,500,0,100.0,0.0
10526,88294380,88294880,500,0,100.0,0.0
10527,88294880,88295380,500,0,100.0,0.0
10528,88295380,88295880,500,0,100.0,0.0
10529,88295880,88296380,500,0,100.0,0.0
10530,88296380,88296880,500,0,100.0,0.0
10531,88296880,88297380,500,0,100.0,0.0
10532,88297380,88297880,500,0,100.0,0.0
10533,88297880,88298380,500,0,100.0,0.0
10534,88298380,88298880,209,291,41.8,58.2
10535,88298880,88299380,8,492,1.6,98.4
10536,88299380,88299880,83,417,16.6,83.4
10537,88299880,88300380,4,496,0.8,99.2
10538,88300380,88300880,282,218,56.39999999999999,43.60000000000001
10539,88300880,88301380,500,0,100.0,0.0
10540,88301380,88301880,500,0,100.0,0.0
10541,88301880,88302380,500,0,100.0,0.0
10542,88302380,88302880,500,0,100.0,0.0
10543,88302880,88303380,500,0,100.0,0.0
10544,88303380,88303880,500,0,100.0,0.0
10545,88303880,88304380,500,0,100.0,0.0
10546,88304380,88304880,500,0,100.0,0.0
10547,88304880,88305380,500,0,100.0,0.0
10548,88305380,88305880,500,0,100.0,0.0
10549,88305880,88306380,500,0,100.0,0.0
10550,88306380,88306880,500,0,100.0,0.0
10551,88306880,88307380,500,0,100.0,0.0
10552,88307380,88307880,500,0,100.0,0.0
10553,88307880,88308380,500,0,100.0,0.0
10554,88308380,88308880,500,0,100.0,0.0
10555,88308880,88309380,500,0,100.0,0.0
10556,88309380,88309880,500,0,100.0,0.0
10557,88309880,88310380,500,0,100.0,0.0
10558,88310380,88310880,500,0,100.0,0.0
10559,88310880,88311380,500,0,100.0,0.0
10560,88311380,88311880,500,0,100.0,0.0
10561,88311880,88312380,500,0,100.0,0.0
10562,88312380,88312880,500,0,100.0,0.0
10563,88312880,88313380,500,0,100.0,0.0
10564,88313380,88313880,500,0,100.0,0.0
10565,88313880,88314380,500,0,100.0,0.0
10566,88314380,88314880,500,0,100.0,0.0
10567,88314880,88315380,500,0,100.0,0.0
10568,88315380,88315880,500,0,100.0,0.0
10569,88315880,88316380,500,0,100.0,0.0
10570,88316380,88316880,500,0,100.0,0.0
10571,88316880,88317380,500,0,100.0,0.0
10572,88317380,88317880,500,0,100.0,0.0
10573,88317880,88318380,500,0,100.0,0.0
10574,88318380,88318880,203,297,40.6,59.4
10575,88318880,88319380,6,494,1.2,98.8
10576,88319380,88319880,74,426,14.799999999999999,85.2
10577,88319880,88320380,4,496,0.8,99.2
10578,88320380,88320880,362,138,72.39999999999999,27.60000000000001
10579,88320880,88321380,500,0,100.0,0.0
10580,88321380,88321880,500,0,100.0,0.0
10581,88321880,88322380,500,0,100.0,0.0
10582,88322380,88322880,500,0,100.0,0.0
10583,88322880,88323380,500,0,100.0,0.0
10584,88323380,88323880,500,0,100.0,0.0
10585,88323880,88324380,500,0,100.0,0.0
10586,88324380,88324880,500,0,100.0,0.0
10587,88324880,88325380,500,0,100.0,0.0
10588,88325380,88325880,500,0,100.0,0.0
10589,88325880,88326380,500,0,100.0,0.0
10590,88326380,88326880,500,0,100.0,0.0
10591,88326880,88327380,500,0,100.0,0.0
10592,88327380,88327880,500,0,100.0,0.0
10593,88327880,88328380,500,0,100.0,0.0
10594,88328380,88328880,500,0,100.0,0.0
10595,88328880,88329380,500,0,100.0,0.0
10596,88329380,88329880,500,0,100.0,0.0
10597,88329880,88330380,500,0,100.0,0.0
10598,88330380,88330880,500,0,100.0,0.0
10599,88330880,88331380,500,0,100.0,0.0
10600,88331380,88331880,500,0,100.0,0.0
10601,88331880,88332380,500,0,100.0,0.0
10602,88332380,88332880,500,0,100.0,0.0
10603,88332880,88333380,500,0,100.0,0.0
10604,88333380,88333880,500,0,100.0,0.0
10605,88333880,88334380,500,0,100.0,0.0
10606,88334380,88334880,500,0,100.0,0.0
10607,88334880,88335380,500,0,100.0,0.0
10608,88335380,88335880,500,0,100.0,0.0
10609,88335880,88336380,500,0,100.0,0.0
10610,88336380,88336880,500,0,100.0,0.0
10611,88336880,88337380,500,0,100.0,0.0
10612,88337380,88337880,500,0,100.0,0.0
10613,88337880,88338380,500,0,100.0,0.0
10614,88338380,88338880,383,117,76.6,23.400000000000006
10615,88338880,88339380,7,493,1.4000000000000001,98.6
10616,88339380,88339880,9,491,1.7999999999999998,98.2
10617,88339880,88340380,93,407,18.6,81.4
10618,88340380,88340880,159,341,31.8,68.2
10619,88340880,88341380,500,0,100.0,0.0
10620,88341380,88341880,500,0,100.0,0.0
10621,88341880,88342380,500,0,100.0,0.0
10622,88342380,88342880,500,0,100.0,0.0
10623,88342880,88343380,500,0,100.0,0.0
10624,88343380,88343880,500,0,100.0,0.0
10625,88343880,88344380,500,0,100.0,0.0
10626,88344380,88344880,500,0,100.0,0.0
10627,88344880,88345380,500,0,100.0,0.0
10628,88345380,88345880,500,0,100.0,0.0
10629,88345880,88346380,500,0,100.0,0.0
10630,88346380,88346880,500,0,100.0,0.0
10631,88346880,88347380,500,0,100.0,0.0
10632,88347380,88347880,500,0,100.0,0.0
10633,88347880,88348380,500,0,100.0,0.0
10634,88348380,88348880,500,0,100.0,0.0
10635,88348880,88349380,500,0,100.0,0.0
10636,88349380,88349880,500,0,100.0,0.0
10637,88349880,88350380,500,0,100.0,0.0
10638,88350380,88350880,500,0,100.0,0.0
10639,88350880,88351380,500,0,100.0,0.0
10640,88351380,88351880,500,0,100.0,0.0
10641,88351880,88352380,500,0,100.0,0.0
10642,88352380,88352880,500,0,100.0,0.0
10643,88352880,88353380,500,0,100.0,0.0
10644,88353380,88353880,500,0,100.0,0.0
10645,88353880,88354380,500,0,100.0,0.0
10646,88354380,88354880,500,0,100.0,0.0
10647,88354880,88355380,500,0,100.0,0.0
10648,88355380,88355880,500,0,100.0,0.0
10649,88355880,88356380,500,0,100.0,0.0
10650,88356380,88356880,500,0,100.0,0.0
10651,88356880,88357380,500,0,100.0,0.0
10652,88357380,88357880,500,0,100.0,0.0
10653,88357880,88358380,500,0,100.0,0.0
10654,88358380,88358880,278,222,55.60000000000001,44.39999999999999
10655,88358880,88359380,7,493,1.4000000000000001,98.6
10656,88359380,88359880,74,426,14.799999999999999,85.2
10657,88359880,88360380,5,495,1.0,99.0
10658,88360380,88360880,360,140,72.0,28.0
10659,88360880,88361380,500,0,100.0,0.0
10660,88361380,88361880,500,0,100.0,0.0
10661,88361880,88362380,500,0,100.0,0.0
10662,88362380,88362880,500,0,100.0,0.0
10663,88362880,88363380,500,0,100.0,0.0
10664,88363380,88363880,500,0,100.0,0.0
10665,88363880,88364380,500,0,100.0,0.0
10666,88364380,88364880,500,0,100.0,0.0
10667,88364880,88365380,500,0,100.0,0.0
10668,88365380,88365880,500,0,100.0,0.0
10669,88365880,88366380,500,0,100.0,0.0
10670,88366380,88366880,500,0,100.0,0.0
10671,88366880,88367380,500,0,100.0,0.0
10672,88367380,88367880,500,0,100.0,0.0
10673,88367880,88368380,500,0,100.0,0.0
10674,88368380,88368880,500,0,100.0,0.0
10675,88368880,88369380,500,0,100.0,0.0
10676,88369380,88369880,500,0,100.0,0.0
10677,88369880,88370380,500,0,100.0,0.0
10678,88370380,88370880,500,0,100.0,0.0
10679,88370880,88371380,500,0,100.0,0.0
10680,88371380,88371880,500,0,100.0,0.0
10681,88371880,88372380,500,0,100.0,0.0
10682,88372380,88372880,500,0,100.0,0.0
10683,88372880,88373380,500,0,100.0,0.0
10684,88373380,88373880,500,0,100.0,0.0
10685,88373880,88374380,500,0,100.0,0.0
10686,88374380,88374880,500,0,100.0,0.0
10687,88374880,88375380,500,0,100.0,0.0
10688,88375380,88375880,500,0,100.0,0.0
10689,88375880,88376380,500,0,100.0,0.0
10690,88376380,88376880,500,0,100.0,0.0
10691,88376880,88377380,500,0,100.0,0.0
10692,88377380,88377880,500,0,100.0,0.0
10693,88377880,88378380,500,0,100.0,0.0
10694,88378380,88378880,500,0,100.0,0.0
10695,88378880,88379380,500,0,100.0,0.0
10696,88379380,88379880,20,480,4.0,96.0
10697,88379880,88380380,4,496,0.8,99.2
10698,88380380,88380880,98,402,19.6,80.4
10699,88380880,88381380,33,467,6.6000000000000005,93.4
10700,88381380,88381880,500,0,100.0,0.0
10701,88381880,88382380,500,0,100.0,0.0
10702,88382380,88382880,500,0,100.0,0.0
10703,88382880,88383380,500,0,100.0,0.0
10704,88383380,88383880,500,0,100.0,0.0
10705,88383880,88384380,500,0,100.0,0.0
10706,88384380,88384880,500,0,100.0,0.0
10707,88384880,88385380,500,0,100.0,0.0
10708,88385380,88385880,500,0,100.0,0.0
10709,88385880,88386380,500,0,100.0,0.0
10710,88386380,88386880,500,0,100.0,0.0
10711,88386880,88387380,500,0,100.0,0.0
10712,88387380,88387880,500,0,100.0,0.0
10713,88387880,88388380,500,0,100.0,0.0
10714,88388380,88388880,500,0,100.0,0.0
10715,88388880,88389380,500,0,100.0,0.0
10716,88389380,88389880,500,0,100.0,0.0
10717,88389880,88390380,500,0,100.0,0.0
10718,88390380,88390880,500,0,100.0,0.0
10719,88390880,88391380,500,0,100.0,0.0
10720,88391380,88391880,500,0,100.0,0.0
10721,88391880,88392380,500,0,100.0,0.0
10722,88392380,88392880,500,0,100.0,0.0
10723,88392880,88393380,500,0,100.0,0.0
10724,88393380,88393880,500,0,100.0,0.0
10725,88393880,88394380,500,0,100.0,0.0
10726,88394380,88394880,500,0,100.0,0.0
10727,88394880,88395380,500,0,100.0,0.0
10728,88395380,88395880,500,0,100.0,0.0
10729,88395880,88396380,500,0,100.0,0.0
10730,88396380,88396880,500,0,100.0,0.0
10731,88396880,88397380,500,0,100.0,0.0
10732,88397380,88397880,500,0,100.0,0.0
10733,88397880,88398380,500,0,100.0,0.0
10734,88398380,88398880,456,44,91.2,8.799999999999997
10735,88398880,88399380,5,495,1.0,99.0
10736,88399380,88399880,7,493,1.4000000000000001,98.6
10737,88399880,88400380,70,430,14.000000000000002,86.0
10738,88400380,88400880,4,496,0.8,99.2
10739,88400880,88401380,249,251,49.8,50.2
10740,88401380,88401880,500,0,100.0,0.0
10741,88401880,88402380,500,0,100.0,0.0
10742,88402380,88402880,500,0,100.0,0.0
10743,88402880,88403380,500,0,100.0,0.0
10744,88403380,88403880,500,0,100.0,0.0
10745,88403880,88404380,500,0,100.0,0.0
10746,88404380,88404880,500,0,100.0,0.0
10747,88404880,88405380,500,0,100.0,0.0
10748,88405380,88405880,500,0,100.0,0.0
10749,88405880,88406380,500,0,100.0,0.0
10750,88406380,88406880,500,0,100.0,0.0
10751,88406880,88407380,500,0,100.0,0.0
10752,88407380,88407880,500,0,100.0,0.0
10753,88407880,88408380,500,0,100.0,0.0
10754,88408380,88408880,500,0,100.0,0.0
10755,88408880,88409380,500,0,100.0,0.0
10756,88409380,88409880,500,0,100.0,0.0
10757,88409880,88410380,500,0,100.0,0.0
10758,88410380,88410880,500,0,100.0,0.0
10759,88410880,88411380,500,0,100.0,0.0
10760,88411380,88411880,500,0,100.0,0.0
10761,88411880,88412380,500,0,100.0,0.0
10762,88412380,88412880,500,0,100.0,0.0
10763,88412880,88413380,500,0,100.0,0.0
10764,88413380,88413880,500,0,100.0,0.0
10765,88413880,88414380,500,0,100.0,0.0
10766,88414380,88414880,500,0,100.0,0.0
10767,88414880,88415380,500,0,100.0,0.0
10768,88415380,88415880,500,0,100.0,0.0
10769,88415880,88416380,500,0,100.0,0.0
10770,88416380,88416880,500,0,100.0,0.0
10771,88416880,88417380,500,0,100.0,0.0
10772,88417380,88417880,500,0,100.0,0.0
10773,88417880,88418380,500,0,100.0,0.0
10774,88418380,88418880,500,0,100.0,0.0
10775,88418880,88419380,500,0,100.0,0.0
10776,88419380,88419880,500,0,100.0,0.0
10777,88419880,88420380,500,0,100.0,0.0
10778,88420380,88420880,169,331,33.800000000000004,66.19999999999999
10779,88420880,88421380,6,494,1.2,98.8
10780,88421380,88421880,73,427,14.6,85.4
10781,88421880,88422380,43,457,8.6,91.4
10782,88422380,88422880,500,0,100.0,0.0
10783,88422880,88423380,500,0,100.0,0.0
10784,88423380,88423880,500,0,100.0,0.0
10785,88423880,88424380,500,0,100.0,0.0
10786,88424380,88424880,500,0,100.0,0.0
10787,88424880,88425380,500,0,100.0,0.0
10788,88425380,88425880,500,0,100.0,0.0
10789,88425880,88426380,500,0,100.0,0.0
10790,88426380,88426880,500,0,100.0,0.0
10791,88426880,88427380,500,0,100.0,0.0
10792,88427380,88427880,500,0,100.0,0.0
10793,88427880,88428380,500,0,100.0,0.0
10794,88428380,88428880,500,0,100.0,0.0
10795,88428880,88429380,500,0,100.0,0.0
10796,88429380,88429880,500,0,100.0,0.0
10797,88429880,88430380,500,0,100.0,0.0
10798,88430380,88430880,500,0,100.0,0.0
10799,88430880,88431380,500,0,100.0,0.0
10800,88431380,88431880,500,0,100.0,0.0
10801,88431880,88432380,500,0,100.0,0.0
10802,88432380,88432880,500,0,100.0,0.0
10803,88432880,88433380,500,0,100.0,0.0
10804,88433380,88433880,500,0,100.0,0.0
10805,88433880,88434380,500,0,100.0,0.0
10806,88434380,88434880,500,0,100.0,0.0
10807,88434880,88435380,500,0,100.0,0.0
10808,88435380,88435880,500,0,100.0,0.0
10809,88435880,88436380,500,0,100.0,0.0
10810,88436380,88436880,500,0,100.0,0.0
10811,88436880,88437380,500,0,100.0,0.0
10812,88437380,88437880,500,0,100.0,0.0
10813,88437880,88438380,500,0,100.0,0.0
10814,88438380,88438880,500,0,100.0,0.0
10815,88438880,88439380,500,0,100.0,0.0
10816,88439380,88439880,500,0,100.0,0.0
10817,88439880,88440380,500,0,100.0,0.0
10818,88440380,88440880,500,0,100.0,0.0
10819,88440880,88441380,500,0,100.0,0.0
10820,88441380,88441880,264,236,52.800000000000004,47.199999999999996
10821,88441880,88442380,7,493,1.4000000000000001,98.6
10822,88442380,88442880,108,392,21.6,78.4
10823,88442880,88443380,5,495,1.0,99.0
10824,88443380,88443880,344,156,68.8,31.200000000000003
10825,88443880,88444380,500,0,100.0,0.0
10826,88444380,88444880,500,0,100.0,0.0
10827,88444880,88445380,500,0,100.0,0.0
10828,88445380,88445880,500,0,100.0,0.0
10829,88445880,88446380,500,0,100.0,0.0
10830,88446380,88446880,500,0,100.0,0.0
10831,88446880,88447380,500,0,100.0,0.0
10832,88447380,88447880,500,0,100.0,0.0
10833,88447880,88448380,500,0,100.0,0.0
10834,88448380,88448880,500,0,100.0,0.0
10835,88448880,88449380,500,0,100.0,0.0
10836,88449380,88449880,500,0,100.0,0.0
10837,88449880,88450380,500,0,100.0,0.0
10838,88450380,88450880,500,0,100.0,0.0
10839,88450880,88451380,500,0,100.0,0.0
10840,88451380,88451880,500,0,100.0,0.0
10841,88451880,88452380,500,0,100.0,0.0
10842,88452380,88452880,500,0,100.0,0.0
10843,88452880,88453380,500,0,100.0,0.0
10844,88453380,88453880,500,0,100.0,0.0
10845,88453880,88454380,500,0,100.0,0.0
10846,88454380,88454880,500,0,100.0,0.0
10847,88454880,88455380,500,0,100.0,0.0
10848,88455380,88455880,500,0,100.0,0.0
10849,88455880,88456380,500,0,100.0,0.0
10850,88456380,88456880,500,0,100.0,0.0
10851,88456880,88457380,500,0,100.0,0.0
10852,88457380,88457880,500,0,100.0,0.0
10853,88457880,88458380,500,0,100.0,0.0
10854,88458380,88458880,500,0,100.0,0.0
10855,88458880,88459380,500,0,100.0,0.0
10856,88459380,88459880,500,0,100.0,0.0
10857,88459880,88460380,500,0,100.0,0.0
10858,88460380,88460880,305,195,61.0,39.0
10859,88460880,88461380,5,495,1.0,99.0
10860,88461380,88461880,116,384,23.200000000000003,76.8
10861,88461880,88462380,4,496,0.8,99.2
10862,88462380,88462880,285,215,56.99999999999999,43.00000000000001
10863,88462880,88463380,500,0,100.0,0.0
10864,88463380,88463880,500,0,100.0,0.0
10865,88463880,88464380,500,0,100.0,0.0
10866,88464380,88464880,500,0,100.0,0.0
10867,88464880,88465380,500,0,100.0,0.0
10868,88465380,88465880,500,0,100.0,0.0
10869,88465880,88466380,500,0,100.0,0.0
10870,88466380,88466880,500,0,100.0,0.0
10871,88466880,88467380,500,0,100.0,0.0
10872,88467380,88467880,500,0,100.0,0.0
10873,88467880,88468380,500,0,100.0,0.0
10874,88468380,88468880,500,0,100.0,0.0
10875,88468880,88469380,500,0,100.0,0.0
10876,88469380,88469880,500,0,100.0,0.0
10877,88469880,88470380,500,0,100.0,0.0
10878,88470380,88470880,500,0,100.0,0.0
10879,88470880,88471380,500,0,100.0,0.0
10880,88471380,88471880,500,0,100.0,0.0
10881,88471880,88472380,500,0,100.0,0.0
10882,88472380,88472880,500,0,100.0,0.0
10883,88472880,88473380,500,0,100.0,0.0
10884,88473380,88473880,500,0,100.0,0.0
10885,88473880,88474380,500,0,100.0,0.0
10886,88474380,88474880,500,0,100.0,0.0
10887,88474880,88475380,500,0,100.0,0.0
10888,88475380,88475880,500,0,100.0,0.0
10889,88475880,88476380,500,0,100.0,0.0
10890,88476380,88476880,500,0,100.0,0.0
10891,88476880,88477380,500,0,100.0,0.0
10892,88477380,88477880,500,0,100.0,0.0
10893,88477880,88478380,500,0,100.0,0.0
10894,88478380,88478880,500,0,100.0,0.0
10895,88478880,88479380,500,0,100.0,0.0
10896,88479380,88479880,226,274,45.2,54.8
10897,88479880,88480380,5,495,1.0,99.0
10898,88480380,88480880,74,426,14.799999999999999,85.2
10899,88480880,88481380,4,496,0.8,99.2
10900,88481380,88481880,414,86,82.8,17.200000000000003
10901,88481880,88482380,500,0,100.0,0.0
10902,88482380,88482880,500,0,100.0,0.0
10903,88482880,88483380,500,0,100.0,0.0
10904,88483380,88483880,500,0,100.0,0.0
10905,88483880,88484380,500,0,100.0,0.0
10906,88484380,88484880,500,0,100.0,0.0
10907,88484880,88485380,500,0,100.0,0.0
10908,88485380,88485880,500,0,100.0,0.0
10909,88485880,88486380,500,0,100.0,0.0
10910,88486380,88486880,500,0,100.0,0.0
10911,88486880,88487380,500,0,100.0,0.0
10912,88487380,88487880,500,0,100.0,0.0
10913,88487880,88488380,500,0,100.0,0.0
10914,88488380,88488880,500,0,100.0,0.0
10915,88488880,88489380,500,0,100.0,0.0
10916,88489380,88489880,500,0,100.0,0.0
10917,88489880,88490380,500,0,100.0,0.0
10918,88490380,88490880,500,0,100.0,0.0
10919,88490880,88491380,500,0,100.0,0.0
10920,88491380,88491880,500,0,100.0,0.0
10921,88491880,88492380,500,0,100.0,0.0
10922,88492380,88492880,500,0,100.0,0.0
10923,88492880,88493380,500,0,100.0,0.0
10924,88493380,88493880,500,0,100.0,0.0
10925,88493880,88494380,500,0,100.0,0.0
10926,88494380,88494880,500,0,100.0,0.0
10927,88494880,88495380,500,0,100.0,0.0
10928,88495380,88495880,500,0,100.0,0.0
10929,88495880,88496380,500,0,100.0,0.0
10930,88496380,88496880,500,0,100.0,0.0
10931,88496880,88497380,500,0,100.0,0.0
10932,88497380,88497880,500,0,100.0,0.0
10933,88497880,88498380,500,0,100.0,0.0
10934,88498380,88498880,198,302,39.6,60.4
10935,88498880,88499380,5,495,1.0,99.0
10936,88499380,88499880,76,424,15.2,84.8
10937,88499880,88500380,4,496,0.8,99.2
10938,88500380,88500880,425,75,85.0,15.0
10939,88500880,88501380,500,0,100.0,0.0
10940,88501380,88501880,500,0,100.0,0.0
10941,88501880,88502380,500,0,100.0,0.0
10942,88502380,88502880,500,0,100.0,0.0
10943,88502880,88503380,500,0,100.0,0.0
10944,88503380,88503880,500,0,100.0,0.0
10945,88503880,88504380,500,0,100.0,0.0
10946,88504380,88504880,500,0,100.0,0.0
10947,88504880,88505380,500,0,100.0,0.0
10948,88505380,88505880,500,0,100.0,0.0
10949,88505880,88506380,500,0,100.0,0.0
10950,88506380,88506880,500,0,100.0,0.0
10951,88506880,88507380,500,0,100.0,0.0
10952,88507380,88507880,500,0,100.0,0.0
10953,88507880,88508380,500,0,100.0,0.0
10954,88508380,88508880,500,0,100.0,0.0
10955,88508880,88509380,500,0,100.0,0.0
10956,88509380,88509880,500,0,100.0,0.0
10957,88509880,88510380,500,0,100.0,0.0
10958,88510380,88510880,500,0,100.0,0.0
10959,88510880,88511380,500,0,100.0,0.0
10960,88511380,88511880,500,0,100.0,0.0
10961,88511880,88512380,500,0,100.0,0.0
10962,88512380,88512880,500,0,100.0,0.0
10963,88512880,88513380,500,0,100.0,0.0
10964,88513380,88513880,500,0,100.0,0.0
10965,88513880,88514380,500,0,100.0,0.0
10966,88514380,88514880,500,0,100.0,0.0
10967,88514880,88515380,500,0,100.0,0.0
10968,88515380,88515880,500,0,100.0,0.0
10969,88515880,88516380,500,0,100.0,0.0
10970,88516380,88516880,500,0,100.0,0.0
10971,88516880,88517380,500,0,100.0,0.0
10972,88517380,88517880,500,0,100.0,0.0
10973,88517880,88518380,500,0,100.0,0.0
10974,88518380,88518880,500,0,100.0,0.0
10975,88518880,88519380,500,0,100.0,0.0
10976,88519380,88519880,76,424,15.2,84.8
10977,88519880,88520380,5,495,1.0,99.0
10978,88520380,88520880,81,419,16.2,83.8
10979,88520880,88521380,5,495,1.0,99.0
10980,88521380,88521880,465,35,93.0,7.0
10981,88521880,88522380,500,0,100.0,0.0
10982,88522380,88522880,500,0,100.0,0.0
10983,88522880,88523380,500,0,100.0,0.0
10984,88523380,88523880,500,0,100.0,0.0
10985,88523880,88524380,500,0,100.0,0.0
10986,88524380,88524880,500,0,100.0,0.0
10987,88524880,88525380,500,0,100.0,0.0
10988,88525380,88525880,500,0,100.0,0.0
10989,88525880,88526380,500,0,100.0,0.0
10990,88526380,88526880,500,0,100.0,0.0
10991,88526880,88527380,500,0,100.0,0.0
10992,88527380,88527880,500,0,100.0,0.0
10993,88527880,88528380,500,0,100.0,0.0
10994,88528380,88528880,500,0,100.0,0.0
10995,88528880,88529380,500,0,100.0,0.0
10996,88529380,88529880,500,0,100.0,0.0
10997,88529880,88530380,500,0,100.0,0.0
10998,88530380,88530880,500,0,100.0,0.0
10999,88530880,88531380,500,0,100.0,0.0
11000,88531380,88531880,500,0,100.0,0.0
11001,88531880,88532380,500,0,100.0,0.0
11002,88532380,88532880,500,0,100.0,0.0
11003,88532880,88533380,500,0,100.0,0.0
11004,88533380,88533880,500,0,100.0,0.0
11005,88533880,88534380,500,0,100.0,0.0
11006,88534380,88534880,500,0,100.0,0.0
11007,88534880,88535380,500,0,100.0,0.0
11008,88535380,88535880,500,0,100.0,0.0
11009,88535880,88536380,500,0,100.0,0.0
11010,88536380,88536880,500,0,100.0,0.0
11011,88536880,88537380,500,0,100.0,0.0
11012,88537380,88537880,500,0,100.0,0.0
11013,88537880,88538380,500,0,100.0,0.0
11014,88538380,88538880,500,0,100.0,0.0
11015,88538880,88539380,500,0,100.0,0.0
11016,88539380,88539880,119,381,23.799999999999997,76.2
11017,88539880,88540380,6,494,1.2,98.8
11018,88540380,88540880,34,466,6.800000000000001,93.2
11019,88540880,88541380,67,433,13.4,86.6
11020,88541380,88541880,128,372,25.6,74.4
11021,88541880,88542380,500,0,100.0,0.0
11022,88542380,88542880,500,0,100.0,0.0
11023,88542880,88543380,500,0,100.0,0.0
11024,88543380,88543880,500,0,100.0,0.0
11025,88543880,88544380,500,0,100.0,0.0
11026,88544380,88544880,500,0,100.0,0.0
11027,88544880,88545380,500,0,100.0,0.0
11028,88545380,88545880,500,0,100.0,0.0
11029,88545880,88546380,500,0,100.0,0.0
11030,88546380,88546880,500,0,100.0,0.0
11031,88546880,88547380,500,0,100.0,0.0
11032,88547380,88547880,500,0,100.0,0.0
11033,88547880,88548380,500,0,100.0,0.0
11034,88548380,88548880,500,0,100.0,0.0
11035,88548880,88549380,500,0,100.0,0.0
11036,88549380,88549880,500,0,100.0,0.0
11037,88549880,88550380,500,0,100.0,0.0
11038,88550380,88550880,500,0,100.0,0.0
11039,88550880,88551380,500,0,100.0,0.0
11040,88551380,88551880,500,0,100.0,0.0
11041,88551880,88552380,500,0,100.0,0.0
11042,88552380,88552880,500,0,100.0,0.0
11043,88552880,88553380,500,0,100.0,0.0
11044,88553380,88553880,500,0,100.0,0.0
11045,88553880,88554380,500,0,100.0,0.0
11046,88554380,88554880,500,0,100.0,0.0
11047,88554880,88555380,500,0,100.0,0.0
11048,88555380,88555880,500,0,100.0,0.0
11049,88555880,88556380,500,0,100.0,0.0
11050,88556380,88556880,500,0,100.0,0.0
11051,88556880,88557380,500,0,100.0,0.0
11052,88557380,88557880,500,0,100.0,0.0
11053,88557880,88558380,500,0,100.0,0.0
11054,88558380,88558880,500,0,100.0,0.0
11055,88558880,88559380,500,0,100.0,0.0
11056,88559380,88559880,500,0,100.0,0.0
11057,88559880,88560380,500,0,100.0,0.0
11058,88560380,88560880,500,0,100.0,0.0
11059,88560880,88561380,500,0,100.0,0.0
11060,88561380,88561880,500,0,100.0,0.0
11061,88561880,88562380,500,0,100.0,0.0
11062,88562380,88562880,500,0,100.0,0.0
11063,88562880,88563380,500,0,100.0,0.0
11064,88563380,88563880,500,0,100.0,0.0
11065,88563880,88564380,500,0,100.0,0.0
11066,88564380,88564880,500,0,100.0,0.0
11067,88564880,88565380,500,0,100.0,0.0
11068,88565380,88565880,500,0,100.0,0.0
11069,88565880,88566380,500,0,100.0,0.0
11070,88566380,88566880,500,0,100.0,0.0
11071,88566880,88567380,500,0,100.0,0.0
11072,88567380,88567880,500,0,100.0,0.0
11073,88567880,88568380,500,0,100.0,0.0
11074,88568380,88568880,500,0,100.0,0.0
11075,88568880,88569380,500,0,100.0,0.0
11076,88569380,88569880,500,0,100.0,0.0
11077,88569880,88570380,500,0,100.0,0.0
11078,88570380,88570880,500,0,100.0,0.0
11079,88570880,88571380,500,0,100.0,0.0
11080,88571380,88571880,500,0,100.0,0.0
11081,88571880,88572380,500,0,100.0,0.0
11082,88572380,88572880,500,0,100.0,0.0
11083,88572880,88573380,500,0,100.0,0.0
11084,88573380,88573880,500,0,100.0,0.0
11085,88573880,88574380,500,0,100.0,0.0
11086,88574380,88574880,500,0,100.0,0.0
11087,88574880,88575380,500,0,100.0,0.0
11088,88575380,88575880,500,0,100.0,0.0
11089,88575880,88576380,500,0,100.0,0.0
11090,88576380,88576880,500,0,100.0,0.0
11091,88576880,88577380,500,0,100.0,0.0
11092,88577380,88577880,500,0,100.0,0.0
11093,88577880,88578380,388,112,77.60000000000001,22.39999999999999
11094,88578380,88578880,8,492,1.6,98.4
11095,88578880,88579380,4,496,0.8,99.2
11096,88579380,88579880,85,415,17.0,83.0
11097,88579880,88580380,112,388,22.400000000000002,77.6
11098,88580380,88580880,500,0,100.0,0.0
11099,88580880,88581380,500,0,100.0,0.0
11100,88581380,88581880,500,0,100.0,0.0
11101,88581880,88582380,500,0,100.0,0.0
11102,88582380,88582880,500,0,100.0,0.0
11103,88582880,88583380,500,0,100.0,0.0
11104,88583380,88583880,500,0,100.0,0.0
11105,88583880,88584380,500,0,100.0,0.0
11106,88584380,88584880,500,0,100.0,0.0
11107,88584880,88585380,500,0,100.0,0.0
11108,88585380,88585880,500,0,100.0,0.0
11109,88585880,88586380,500,0,100.0,0.0
11110,88586380,88586880,500,0,100.0,0.0
11111,88586880,88587380,500,0,100.0,0.0
11112,88587380,88587880,500,0,100.0,0.0
11113,88587880,88588380,500,0,100.0,0.0
11114,88588380,88588880,500,0,100.0,0.0
11115,88588880,88589380,500,0,100.0,0.0
11116,88589380,88589880,500,0,100.0,0.0
11117,88589880,88590380,500,0,100.0,0.0
11118,88590380,88590880,500,0,100.0,0.0
11119,88590880,88591380,500,0,100.0,0.0
11120,88591380,88591880,500,0,100.0,0.0
11121,88591880,88592380,500,0,100.0,0.0
11122,88592380,88592880,500,0,100.0,0.0
11123,88592880,88593380,500,0,100.0,0.0
11124,88593380,88593880,500,0,100.0,0.0
11125,88593880,88594380,500,0,100.0,0.0
11126,88594380,88594880,500,0,100.0,0.0
11127,88594880,88595380,500,0,100.0,0.0
11128,88595380,88595880,500,0,100.0,0.0
11129,88595880,88596380,500,0,100.0,0.0
11130,88596380,88596880,500,0,100.0,0.0
11131,88596880,88597380,500,0,100.0,0.0
11132,88597380,88597880,500,0,100.0,0.0
11133,88597880,88598380,500,0,100.0,0.0
11134,88598380,88598880,500,0,100.0,0.0
11135,88598880,88599380,321,179,64.2,35.8
11136,88599380,88599880,9,491,1.7999999999999998,98.2
11137,88599880,88600380,48,452,9.6,90.4
11138,88600380,88600880,37,463,7.3999999999999995,92.6
11139,88600880,88601380,208,292,41.6,58.4
11140,88601380,88601880,500,0,100.0,0.0
11141,88601880,88602380,500,0,100.0,0.0
11142,88602380,88602880,500,0,100.0,0.0
11143,88602880,88603380,500,0,100.0,0.0
11144,88603380,88603880,500,0,100.0,0.0
11145,88603880,88604380,500,0,100.0,0.0
11146,88604380,88604880,500,0,100.0,0.0
11147,88604880,88605380,500,0,100.0,0.0
11148,88605380,88605880,500,0,100.0,0.0
11149,88605880,88606380,500,0,100.0,0.0
11150,88606380,88606880,500,0,100.0,0.0
11151,88606880,88607380,500,0,100.0,0.0
11152,88607380,88607880,500,0,100.0,0.0
11153,88607880,88608380,500,0,100.0,0.0
11154,88608380,88608880,500,0,100.0,0.0
11155,88608880,88609380,500,0,100.0,0.0
11156,88609380,88609880,500,0,100.0,0.0
11157,88609880,88610380,500,0,100.0,0.0
11158,88610380,88610880,500,0,100.0,0.0
11159,88610880,88611380,500,0,100.0,0.0
11160,88611380,88611880,500,0,100.0,0.0
11161,88611880,88612380,500,0,100.0,0.0
11162,88612380,88612880,500,0,100.0,0.0
11163,88612880,88613380,500,0,100.0,0.0
11164,88613380,88613880,500,0,100.0,0.0
11165,88613880,88614380,500,0,100.0,0.0
11166,88614380,88614880,500,0,100.0,0.0
11167,88614880,88615380,500,0,100.0,0.0
11168,88615380,88615880,500,0,100.0,0.0
11169,88615880,88616380,500,0,100.0,0.0
11170,88616380,88616880,500,0,100.0,0.0
11171,88616880,88617380,500,0,100.0,0.0
11172,88617380,88617880,500,0,100.0,0.0
11173,88617880,88618380,500,0,100.0,0.0
11174,88618380,88618880,500,0,100.0,0.0
11175,88618880,88619380,500,0,100.0,0.0
11176,88619380,88619880,333,167,66.60000000000001,33.39999999999999
11177,88619880,88620380,7,493,1.4000000000000001,98.6
11178,88620380,88620880,39,461,7.8,92.2
11179,88620880,88621380,49,451,9.8,90.2
11180,88621380,88621880,195,305,39.0,61.0
11181,88621880,88622380,500,0,100.0,0.0
11182,88622380,88622880,500,0,100.0,0.0
11183,88622880,88623380,500,0,100.0,0.0
11184,88623380,88623880,500,0,100.0,0.0
11185,88623880,88624380,500,0,100.0,0.0
11186,88624380,88624880,500,0,100.0,0.0
11187,88624880,88625380,500,0,100.0,0.0
11188,88625380,88625880,500,0,100.0,0.0
11189,88625880,88626380,500,0,100.0,0.0
11190,88626380,88626880,500,0,100.0,0.0
11191,88626880,88627380,500,0,100.0,0.0
11192,88627380,88627880,500,0,100.0,0.0
11193,88627880,88628380,500,0,100.0,0.0
11194,88628380,88628880,500,0,100.0,0.0
11195,88628880,88629380,500,0,100.0,0.0
11196,88629380,88629880,500,0,100.0,0.0
11197,88629880,88630380,500,0,100.0,0.0
11198,88630380,88630880,500,0,100.0,0.0
11199,88630880,88631380,500,0,100.0,0.0
11200,88631380,88631880,500,0,100.0,0.0
11201,88631880,88632380,500,0,100.0,0.0
11202,88632380,88632880,500,0,100.0,0.0
11203,88632880,88633380,500,0,100.0,0.0
11204,88633380,88633880,500,0,100.0,0.0
11205,88633880,88634380,500,0,100.0,0.0
11206,88634380,88634880,500,0,100.0,0.0
11207,88634880,88635380,500,0,100.0,0.0
11208,88635380,88635880,500,0,100.0,0.0
11209,88635880,88636380,500,0,100.0,0.0
11210,88636380,88636880,500,0,100.0,0.0
11211,88636880,88637380,500,0,100.0,0.0
11212,88637380,88637880,500,0,100.0,0.0
11213,88637880,88638380,500,0,100.0,0.0
11214,88638380,88638880,500,0,100.0,0.0
11215,88638880,88639380,500,0,100.0,0.0
11216,88639380,88639880,500,0,100.0,0.0
11217,88639880,88640380,500,0,100.0,0.0
11218,88640380,88640880,500,0,100.0,0.0
11219,88640880,88641380,500,0,100.0,0.0
11220,88641380,88641880,500,0,100.0,0.0
11221,88641880,88642380,500,0,100.0,0.0
11222,88642380,88642880,374,126,74.8,25.200000000000003
11223,88642880,88643380,6,494,1.2,98.8
11224,88643380,88643880,6,494,1.2,98.8
11225,88643880,88644380,96,404,19.2,80.8
11226,88644380,88644880,5,495,1.0,99.0
11227,88644880,88645380,450,50,90.0,10.0
11228,88645380,88645880,500,0,100.0,0.0
11229,88645880,88646380,500,0,100.0,0.0
11230,88646380,88646880,500,0,100.0,0.0
11231,88646880,88647380,500,0,100.0,0.0
11232,88647380,88647880,500,0,100.0,0.0
11233,88647880,88648380,500,0,100.0,0.0
11234,88648380,88648880,500,0,100.0,0.0
11235,88648880,88649380,500,0,100.0,0.0
11236,88649380,88649880,500,0,100.0,0.0
11237,88649880,88650380,500,0,100.0,0.0
11238,88650380,88650880,500,0,100.0,0.0
11239,88650880,88651380,500,0,100.0,0.0
11240,88651380,88651880,500,0,100.0,0.0
11241,88651880,88652380,500,0,100.0,0.0
11242,88652380,88652880,500,0,100.0,0.0
11243,88652880,88653380,500,0,100.0,0.0
11244,88653380,88653880,500,0,100.0,0.0
11245,88653880,88654380,500,0,100.0,0.0
11246,88654380,88654880,500,0,100.0,0.0
11247,88654880,88655380,500,0,100.0,0.0
11248,88655380,88655880,500,0,100.0,0.0
11249,88655880,88656380,500,0,100.0,0.0
11250,88656380,88656880,500,0,100.0,0.0
11251,88656880,88657380,500,0,100.0,0.0
11252,88657380,88657880,500,0,100.0,0.0
11253,88657880,88658380,500,0,100.0,0.0
11254,88658380,88658880,500,0,100.0,0.0
11255,88658880,88659380,500,0,100.0,0.0
11256,88659380,88659880,500,0,100.0,0.0
11257,88659880,88660380,500,0,100.0,0.0
11258,88660380,88660880,500,0,100.0,0.0
11259,88660880,88661380,500,0,100.0,0.0
11260,88661380,88661880,500,0,100.0,0.0
11261,88661880,88662380,500,0,100.0,0.0
11262,88662380,88662880,500,0,100.0,0.0
11263,88662880,88663380,500,0,100.0,0.0
11264,88663380,88663880,500,0,100.0,0.0
11265,88663880,88664380,500,0,100.0,0.0
11266,88664380,88664880,500,0,100.0,0.0
11267,88664880,88665380,500,0,100.0,0.0
11268,88665380,88665880,312,188,62.4,37.6
11269,88665880,88666380,8,492,1.6,98.4
11270,88666380,88666880,9,491,1.7999999999999998,98.2
11271,88666880,88667380,82,418,16.400000000000002,83.6
11272,88667380,88667880,106,394,21.2,78.8
11273,88667880,88668380,500,0,100.0,0.0
11274,88668380,88668880,500,0,100.0,0.0
11275,88668880,88669380,500,0,100.0,0.0
11276,88669380,88669880,500,0,100.0,0.0
11277,88669880,88670380,500,0,100.0,0.0
11278,88670380,88670880,500,0,100.0,0.0
11279,88670880,88671380,500,0,100.0,0.0
11280,88671380,88671880,500,0,100.0,0.0
11281,88671880,88672380,500,0,100.0,0.0
11282,88672380,88672880,500,0,100.0,0.0
11283,88672880,88673380,500,0,100.0,0.0
11284,88673380,88673880,500,0,100.0,0.0
11285,88673880,88674380,500,0,100.0,0.0
11286,88674380,88674880,500,0,100.0,0.0
11287,88674880,88675380,500,0,100.0,0.0
11288,88675380,88675880,500,0,100.0,0.0
11289,88675880,88676380,500,0,100.0,0.0
11290,88676380,88676880,500,0,100.0,0.0
11291,88676880,88677380,500,0,100.0,0.0
11292,88677380,88677880,500,0,100.0,0.0
11293,88677880,88678380,500,0,100.0,0.0
11294,88678380,88678880,500,0,100.0,0.0
11295,88678880,88679380,500,0,100.0,0.0
11296,88679380,88679880,500,0,100.0,0.0
11297,88679880,88680380,500,0,100.0,0.0
11298,88680380,88680880,500,0,100.0,0.0
11299,88680880,88681380,500,0,100.0,0.0
11300,88681380,88681880,500,0,100.0,0.0
11301,88681880,88682380,500,0,100.0,0.0
11302,88682380,88682880,500,0,100.0,0.0
11303,88682880,88683380,500,0,100.0,0.0
11304,88683380,88683880,500,0,100.0,0.0
11305,88683880,88684380,500,0,100.0,0.0
11306,88684380,88684880,500,0,100.0,0.0
11307,88684880,88685380,500,0,100.0,0.0
11308,88685380,88685880,500,0,100.0,0.0
11309,88685880,88686380,500,0,100.0,0.0
11310,88686380,88686880,500,0,100.0,0.0
11311,88686880,88687380,337,163,67.4,32.599999999999994
11312,88687380,88687880,8,492,1.6,98.4
11313,88687880,88688380,11,489,2.1999999999999997,97.8
11314,88688380,88688880,123,377,24.6,75.4
11315,88688880,88689380,95,405,19.0,81.0
11316,88689380,88689880,500,0,100.0,0.0
11317,88689880,88690380,500,0,100.0,0.0
11318,88690380,88690880,500,0,100.0,0.0
11319,88690880,88691380,500,0,100.0,0.0
11320,88691380,88691880,500,0,100.0,0.0
11321,88691880,88692380,500,0,100.0,0.0
11322,88692380,88692880,500,0,100.0,0.0
11323,88692880,88693380,500,0,100.0,0.0
11324,88693380,88693880,500,0,100.0,0.0
11325,88693880,88694380,500,0,100.0,0.0
11326,88694380,88694880,500,0,100.0,0.0
11327,88694880,88695380,500,0,100.0,0.0
11328,88695380,88695880,500,0,100.0,0.0
11329,88695880,88696380,500,0,100.0,0.0
11330,88696380,88696880,500,0,100.0,0.0
11331,88696880,88697380,500,0,100.0,0.0
11332,88697380,88697880,500,0,100.0,0.0
11333,88697880,88698380,500,0,100.0,0.0
11334,88698380,88698880,500,0,100.0,0.0
11335,88698880,88699380,500,0,100.0,0.0
11336,88699380,88699880,500,0,100.0,0.0
11337,88699880,88700380,500,0,100.0,0.0
11338,88700380,88700880,500,0,100.0,0.0
11339,88700880,88701380,500,0,100.0,0.0
11340,88701380,88701880,500,0,100.0,0.0
11341,88701880,88702380,500,0,100.0,0.0
11342,88702380,88702880,500,0,100.0,0.0
11343,88702880,88703380,500,0,100.0,0.0
11344,88703380,88703880,500,0,100.0,0.0
11345,88703880,88704380,500,0,100.0,0.0
11346,88704380,88704880,500,0,100.0,0.0
11347,88704880,88705380,500,0,100.0,0.0
11348,88705380,88705880,500,0,100.0,0.0
11349,88705880,88706380,500,0,100.0,0.0
11350,88706380,88706880,500,0,100.0,0.0
11351,88706880,88707380,500,0,100.0,0.0
11352,88707380,88707880,500,0,100.0,0.0
11353,88707880,88708380,500,0,100.0,0.0
11354,88708380,88708880,500,0,100.0,0.0
11355,88708880,88709380,500,0,100.0,0.0
11356,88709380,88709880,500,0,100.0,0.0
11357,88709880,88710380,500,0,100.0,0.0
11358,88710380,88710880,500,0,100.0,0.0
11359,88710880,88711380,500,0,100.0,0.0
11360,88711380,88711880,500,0,100.0,0.0
11361,88711880,88712380,500,0,100.0,0.0
11362,88712380,88712880,500,0,100.0,0.0
11363,88712880,88713380,500,0,100.0,0.0
11364,88713380,88713880,129,371,25.8,74.2
11365,88713880,88714380,6,494,1.2,98.8
11366,88714380,88714880,124,376,24.8,75.2
11367,88714880,88715380,4,496,0.8,99.2
11368,88715380,88715880,240,260,48.0,52.0
11369,88715880,88716380,500,0,100.0,0.0
11370,88716380,88716880,500,0,100.0,0.0
11371,88716880,88717380,500,0,100.0,0.0
11372,88717380,88717880,500,0,100.0,0.0
11373,88717880,88718380,500,0,100.0,0.0
11374,88718380,88718880,500,0,100.0,0.0
11375,88718880,88719380,500,0,100.0,0.0
11376,88719380,88719880,500,0,100.0,0.0
11377,88719880,88720380,500,0,100.0,0.0
11378,88720380,88720880,500,0,100.0,0.0
11379,88720880,88721380,500,0,100.0,0.0
11380,88721380,88721880,500,0,100.0,0.0
11381,88721880,88722380,500,0,100.0,0.0
11382,88722380,88722880,500,0,100.0,0.0
11383,88722880,88723380,500,0,100.0,0.0
11384,88723380,88723880,500,0,100.0,0.0
11385,88723880,88724380,500,0,100.0,0.0
11386,88724380,88724880,500,0,100.0,0.0
11387,88724880,88725380,500,0,100.0,0.0
11388,88725380,88725880,500,0,100.0,0.0
11389,88725880,88726380,500,0,100.0,0.0
11390,88726380,88726880,500,0,100.0,0.0
11391,88726880,88727380,500,0,100.0,0.0
11392,88727380,88727880,500,0,100.0,0.0
11393,88727880,88728380,500,0,100.0,0.0
11394,88728380,88728880,500,0,100.0,0.0
11395,88728880,88729380,500,0,100.0,0.0
11396,88729380,88729880,500,0,100.0,0.0
11397,88729880,88730380,500,0,100.0,0.0
11398,88730380,88730880,500,0,100.0,0.0
11399,88730880,88731380,500,0,100.0,0.0
11400,88731380,88731880,500,0,100.0,0.0
11401,88731880,88732380,500,0,100.0,0.0
11402,88732380,88732880,500,0,100.0,0.0
11403,88732880,88733380,500,0,100.0,0.0
11404,88733380,88733880,500,0,100.0,0.0
11405,88733880,88734380,500,0,100.0,0.0
11406,88734380,88734880,500,0,100.0,0.0
11407,88734880,88735380,30,470,6.0,94.0
11408,88735380,88735880,7,493,1.4000000000000001,98.6
11409,88735880,88736380,82,418,16.400000000000002,83.6
11410,88736380,88736880,5,495,1.0,99.0
11411,88736880,88737380,248,252,49.6,50.4
11412,88737380,88737880,500,0,100.0,0.0
11413,88737880,88738380,500,0,100.0,0.0
11414,88738380,88738880,500,0,100.0,0.0
11415,88738880,88739380,500,0,100.0,0.0
11416,88739380,88739880,500,0,100.0,0.0
11417,88739880,88740380,500,0,100.0,0.0
11418,88740380,88740880,500,0,100.0,0.0
11419,88740880,88741380,500,0,100.0,0.0
11420,88741380,88741880,500,0,100.0,0.0
11421,88741880,88742380,500,0,100.0,0.0
11422,88742380,88742880,500,0,100.0,0.0
11423,88742880,88743380,500,0,100.0,0.0
11424,88743380,88743880,500,0,100.0,0.0
11425,88743880,88744380,500,0,100.0,0.0
11426,88744380,88744880,500,0,100.0,0.0
11427,88744880,88745380,500,0,100.0,0.0
11428,88745380,88745880,500,0,100.0,0.0
11429,88745880,88746380,500,0,100.0,0.0
11430,88746380,88746880,500,0,100.0,0.0
11431,88746880,88747380,500,0,100.0,0.0
11432,88747380,88747880,500,0,100.0,0.0
11433,88747880,88748380,500,0,100.0,0.0
11434,88748380,88748880,500,0,100.0,0.0
11435,88748880,88749380,500,0,100.0,0.0
11436,88749380,88749880,500,0,100.0,0.0
11437,88749880,88750380,500,0,100.0,0.0
11438,88750380,88750880,500,0,100.0,0.0
11439,88750880,88751380,500,0,100.0,0.0
11440,88751380,88751880,500,0,100.0,0.0
11441,88751880,88752380,500,0,100.0,0.0
11442,88752380,88752880,500,0,100.0,0.0
11443,88752880,88753380,500,0,100.0,0.0
11444,88753380,88753880,500,0,100.0,0.0
11445,88753880,88754380,500,0,100.0,0.0
11446,88754380,88754880,500,0,100.0,0.0
11447,88754880,88755380,500,0,100.0,0.0
11448,88755380,88755880,500,0,100.0,0.0
11449,88755880,88756380,154,346,30.8,69.2
11450,88756380,88756880,6,494,1.2,98.8
11451,88756880,88757380,78,422,15.6,84.4
11452,88757380,88757880,5,495,1.0,99.0
11453,88757880,88758380,208,292,41.6,58.4
11454,88758380,88758880,500,0,100.0,0.0
11455,88758880,88759380,500,0,100.0,0.0
11456,88759380,88759880,500,0,100.0,0.0
11457,88759880,88760380,500,0,100.0,0.0
11458,88760380,88760880,500,0,100.0,0.0
11459,88760880,88761380,500,0,100.0,0.0
11460,88761380,88761880,500,0,100.0,0.0
11461,88761880,88762380,500,0,100.0,0.0
11462,88762380,88762880,500,0,100.0,0.0
11463,88762880,88763380,500,0,100.0,0.0
11464,88763380,88763880,500,0,100.0,0.0
11465,88763880,88764380,500,0,100.0,0.0
11466,88764380,88764880,500,0,100.0,0.0
11467,88764880,88765380,500,0,100.0,0.0
11468,88765380,88765880,500,0,100.0,0.0
11469,88765880,88766380,500,0,100.0,0.0
11470,88766380,88766880,500,0,100.0,0.0
11471,88766880,88767380,500,0,100.0,0.0
11472,88767380,88767880,500,0,100.0,0.0
11473,88767880,88768380,500,0,100.0,0.0
11474,88768380,88768880,500,0,100.0,0.0
11475,88768880,88769380,500,0,100.0,0.0
11476,88769380,88769880,500,0,100.0,0.0
11477,88769880,88770380,500,0,100.0,0.0
11478,88770380,88770880,500,0,100.0,0.0
11479,88770880,88771380,500,0,100.0,0.0
11480,88771380,88771880,500,0,100.0,0.0
11481,88771880,88772380,500,0,100.0,0.0
11482,88772380,88772880,500,0,100.0,0.0
11483,88772880,88773380,500,0,100.0,0.0
11484,88773380,88773880,500,0,100.0,0.0
11485,88773880,88774380,500,0,100.0,0.0
11486,88774380,88774880,500,0,100.0,0.0
11487,88774880,88775380,500,0,100.0,0.0
11488,88775380,88775880,500,0,100.0,0.0
11489,88775880,88776380,500,0,100.0,0.0
11490,88776380,88776880,500,0,100.0,0.0
11491,88776880,88777380,500,0,100.0,0.0
11492,88777380,88777880,404,96,80.80000000000001,19.19999999999999
11493,88777880,88778380,9,491,1.7999999999999998,98.2
11494,88778380,88778880,5,495,1.0,99.0
11495,88778880,88779380,137,363,27.400000000000002,72.6
11496,88779380,88779880,107,393,21.4,78.6
11497,88779880,88780380,500,0,100.0,0.0
11498,88780380,88780880,500,0,100.0,0.0
11499,88780880,88781380,500,0,100.0,0.0
11500,88781380,88781880,500,0,100.0,0.0
11501,88781880,88782380,500,0,100.0,0.0
11502,88782380,88782880,500,0,100.0,0.0
11503,88782880,88783380,500,0,100.0,0.0
11504,88783380,88783880,500,0,100.0,0.0
11505,88783880,88784380,500,0,100.0,0.0
11506,88784380,88784880,500,0,100.0,0.0
11507,88784880,88785380,500,0,100.0,0.0
11508,88785380,88785880,500,0,100.0,0.0
11509,88785880,88786380,500,0,100.0,0.0
11510,88786380,88786880,500,0,100.0,0.0
11511,88786880,88787380,500,0,100.0,0.0
11512,88787380,88787880,500,0,100.0,0.0
11513,88787880,88788380,500,0,100.0,0.0
11514,88788380,88788880,500,0,100.0,0.0
11515,88788880,88789380,500,0,100.0,0.0
11516,88789380,88789880,500,0,100.0,0.0
11517,88789880,88790380,500,0,100.0,0.0
11518,88790380,88790880,500,0,100.0,0.0
11519,88790880,88791380,500,0,100.0,0.0
11520,88791380,88791880,500,0,100.0,0.0
11521,88791880,88792380,500,0,100.0,0.0
11522,88792380,88792880,500,0,100.0,0.0
11523,88792880,88793380,500,0,100.0,0.0
11524,88793380,88793880,500,0,100.0,0.0
11525,88793880,88794380,500,0,100.0,0.0
11526,88794380,88794880,500,0,100.0,0.0
11527,88794880,88795380,500,0,100.0,0.0
11528,88795380,88795880,500,0,100.0,0.0
11529,88795880,88796380,500,0,100.0,0.0
11530,88796380,88796880,500,0,100.0,0.0
11531,88796880,88797380,500,0,100.0,0.0
11532,88797380,88797880,500,0,100.0,0.0
11533,88797880,88798380,500,0,100.0,0.0
11534,88798380,88798880,50,450,10.0,90.0
11535,88798880,88799380,4,496,0.8,99.2
11536,88799380,88799880,104,396,20.8,79.2
11537,88799880,88800380,4,496,0.8,99.2
11538,88800380,88800880,488,12,97.6,2.4000000000000057
11539,88800880,88801380,500,0,100.0,0.0
11540,88801380,88801880,500,0,100.0,0.0
11541,88801880,88802380,500,0,100.0,0.0
11542,88802380,88802880,500,0,100.0,0.0
11543,88802880,88803380,500,0,100.0,0.0
11544,88803380,88803880,500,0,100.0,0.0
11545,88803880,88804380,500,0,100.0,0.0
11546,88804380,88804880,500,0,100.0,0.0
11547,88804880,88805380,500,0,100.0,0.0
11548,88805380,88805880,500,0,100.0,0.0
11549,88805880,88806380,500,0,100.0,0.0
11550,88806380,88806880,500,0,100.0,0.0
11551,88806880,88807380,500,0,100.0,0.0
11552,88807380,88807880,500,0,100.0,0.0
11553,88807880,88808380,500,0,100.0,0.0
11554,88808380,88808880,500,0,100.0,0.0
11555,88808880,88809380,500,0,100.0,0.0
11556,88809380,88809880,500,0,100.0,0.0
11557,88809880,88810380,500,0,100.0,0.0
11558,88810380,88810880,500,0,100.0,0.0
11559,88810880,88811380,500,0,100.0,0.0
11560,88811380,88811880,500,0,100.0,0.0
11561,88811880,88812380,500,0,100.0,0.0
11562,88812380,88812880,500,0,100.0,0.0
11563,88812880,88813380,500,0,100.0,0.0
11564,88813380,88813880,500,0,100.0,0.0
11565,88813880,88814380,500,0,100.0,0.0
11566,88814380,88814880,500,0,100.0,0.0
11567,88814880,88815380,500,0,100.0,0.0
11568,88815380,88815880,500,0,100.0,0.0
11569,88815880,88816380,500,0,100.0,0.0
11570,88816380,88816880,500,0,100.0,0.0
11571,88816880,88817380,500,0,100.0,0.0
11572,88817380,88817880,500,0,100.0,0.0
11573,88817880,88818380,500,0,100.0,0.0
11574,88818380,88818880,128,372,25.6,74.4
11575,88818880,88819380,5,495,1.0,99.0
11576,88819380,88819880,79,421,15.8,84.2
11577,88819880,88820380,5,495,1.0,99.0
11578,88820380,88820880,440,60,88.0,12.0
11579,88820880,88821380,500,0,100.0,0.0
11580,88821380,88821880,500,0,100.0,0.0
11581,88821880,88822380,500,0,100.0,0.0
11582,88822380,88822880,500,0,100.0,0.0
11583,88822880,88823380,500,0,100.0,0.0
11584,88823380,88823880,500,0,100.0,0.0
11585,88823880,88824380,500,0,100.0,0.0
11586,88824380,88824880,500,0,100.0,0.0
11587,88824880,88825380,500,0,100.0,0.0
11588,88825380,88825880,500,0,100.0,0.0
11589,88825880,88826380,500,0,100.0,0.0
11590,88826380,88826880,500,0,100.0,0.0
11591,88826880,88827380,500,0,100.0,0.0
11592,88827380,88827880,500,0,100.0,0.0
11593,88827880,88828380,500,0,100.0,0.0
11594,88828380,88828880,500,0,100.0,0.0
11595,88828880,88829380,500,0,100.0,0.0
11596,88829380,88829880,500,0,100.0,0.0
11597,88829880,88830380,500,0,100.0,0.0
11598,88830380,88830880,500,0,100.0,0.0
11599,88830880,88831380,500,0,100.0,0.0
11600,88831380,88831880,500,0,100.0,0.0
11601,88831880,88832380,500,0,100.0,0.0
11602,88832380,88832880,500,0,100.0,0.0
11603,88832880,88833380,500,0,100.0,0.0
11604,88833380,88833880,500,0,100.0,0.0
11605,88833880,88834380,500,0,100.0,0.0
11606,88834380,88834880,500,0,100.0,0.0
11607,88834880,88835380,500,0,100.0,0.0
11608,88835380,88835880,500,0,100.0,0.0
11609,88835880,88836380,500,0,100.0,0.0
11610,88836380,88836880,500,0,100.0,0.0
11611,88836880,88837380,500,0,100.0,0.0
11612,88837380,88837880,500,0,100.0,0.0
11613,88837880,88838380,500,0,100.0,0.0
11614,88838380,88838880,440,60,88.0,12.0
11615,88838880,88839380,6,494,1.2,98.8
11616,88839380,88839880,6,494,1.2,98.8
11617,88839880,88840380,1,499,0.2,99.8
11618,88840380,88840880,0,500,0.0,100.0
11619,88840880,88841380,0,500,0.0,100.0
11620,88841380,88841880,0,500,0.0,100.0
11621,88841880,88842380,5,495,1.0,99.0
11622,88842380,88842880,110,390,22.0,78.0
11623,88842880,88843380,5,495,1.0,99.0
11624,88843380,88843880,493,7,98.6,1.4000000000000057
11625,88843880,88844380,500,0,100.0,0.0
11626,88844380,88844880,500,0,100.0,0.0
11627,88844880,88845380,500,0,100.0,0.0
11628,88845380,88845880,500,0,100.0,0.0
11629,88845880,88846380,500,0,100.0,0.0
11630,88846380,88846880,500,0,100.0,0.0
11631,88846880,88847380,500,0,100.0,0.0
11632,88847380,88847880,500,0,100.0,0.0
11633,88847880,88848380,500,0,100.0,0.0
11634,88848380,88848880,500,0,100.0,0.0
11635,88848880,88849380,500,0,100.0,0.0
11636,88849380,88849880,500,0,100.0,0.0
11637,88849880,88850380,500,0,100.0,0.0
11638,88850380,88850880,500,0,100.0,0.0
11639,88850880,88851380,500,0,100.0,0.0
11640,88851380,88851880,500,0,100.0,0.0
11641,88851880,88852380,500,0,100.0,0.0
11642,88852380,88852880,500,0,100.0,0.0
11643,88852880,88853380,500,0,100.0,0.0
11644,88853380,88853880,500,0,100.0,0.0
11645,88853880,88854380,500,0,100.0,0.0
11646,88854380,88854880,500,0,100.0,0.0
11647,88854880,88855380,500,0,100.0,0.0
11648,88855380,88855880,500,0,100.0,0.0
11649,88855880,88856380,500,0,100.0,0.0
11650,88856380,88856880,500,0,100.0,0.0
11651,88856880,88857380,500,0,100.0,0.0
11652,88857380,88857880,500,0,100.0,0.0
11653,88857880,88858380,500,0,100.0,0.0
11654,88858380,88858880,500,0,100.0,0.0
11655,88858880,88859380,500,0,100.0,0.0
11656,88859380,88859880,500,0,100.0,0.0
11657,88859880,88860380,500,0,100.0,0.0
11658,88860380,88860880,500,0,100.0,0.0
11659,88860880,88861380,500,0,100.0,0.0
11660,88861380,88861880,500,0,100.0,0.0
11661,88861880,88862380,500,0,100.0,0.0
11662,88862380,88862880,500,0,100.0,0.0
11663,88862880,88863380,500,0,100.0,0.0
11664,88863380,88863880,21,479,4.2,95.8
11665,88863880,88864380,5,495,1.0,99.0
11666,88864380,88864880,73,427,14.6,85.4
11667,88864880,88865380,111,389,22.2,77.8
11668,88865380,88865880,500,0,100.0,0.0
11669,88865880,88866380,500,0,100.0,0.0
11670,88866380,88866880,500,0,100.0,0.0
11671,88866880,88867380,500,0,100.0,0.0
11672,88867380,88867880,500,0,100.0,0.0
11673,88867880,88868380,500,0,100.0,0.0
11674,88868380,88868880,500,0,100.0,0.0
11675,88868880,88869380,500,0,100.0,0.0
11676,88869380,88869880,500,0,100.0,0.0
11677,88869880,88870380,500,0,100.0,0.0
11678,88870380,88870880,500,0,100.0,0.0
11679,88870880,88871380,500,0,100.0,0.0
11680,88871380,88871880,500,0,100.0,0.0
11681,88871880,88872380,500,0,100.0,0.0
11682,88872380,88872880,500,0,100.0,0.0
11683,88872880,88873380,500,0,100.0,0.0
11684,88873380,88873880,500,0,100.0,0.0
11685,88873880,88874380,500,0,100.0,0.0
11686,88874380,88874880,500,0,100.0,0.0
11687,88874880,88875380,500,0,100.0,0.0
11688,88875380,88875880,500,0,100.0,0.0
11689,88875880,88876380,500,0,100.0,0.0
11690,88876380,88876880,500,0,100.0,0.0
11691,88876880,88877380,500,0,100.0,0.0
11692,88877380,88877880,500,0,100.0,0.0
11693,88877880,88878380,500,0,100.0,0.0
11694,88878380,88878880,500,0,100.0,0.0
11695,88878880,88879380,500,0,100.0,0.0
11696,88879380,88879880,500,0,100.0,0.0
11697,88879880,88880380,500,0,100.0,0.0
11698,88880380,88880880,500,0,100.0,0.0
11699,88880880,88881380,500,0,100.0,0.0
11700,88881380,88881880,500,0,100.0,0.0
11701,88881880,88882380,500,0,100.0,0.0
11702,88882380,88882880,500,0,100.0,0.0
11703,88882880,88883380,355,145,71.0,29.0
11704,88883380,88883880,9,491,1.7999999999999998,98.2
11705,88883880,88884380,77,423,15.4,84.6
11706,88884380,88884880,6,494,1.2,98.8
11707,88884880,88885380,292,208,58.4,41.6
11708,88885380,88885880,500,0,100.0,0.0
11709,88885880,88886380,500,0,100.0,0.0
11710,88886380,88886880,500,0,100.0,0.0
11711,88886880,88887380,500,0,100.0,0.0
11712,88887380,88887880,500,0,100.0,0.0
11713,88887880,88888380,500,0,100.0,0.0
11714,88888380,88888880,500,0,100.0,0.0
11715,88888880,88889380,500,0,100.0,0.0
11716,88889380,88889880,500,0,100.0,0.0
11717,88889880,88890380,500,0,100.0,0.0
11718,88890380,88890880,500,0,100.0,0.0
11719,88890880,88891380,500,0,100.0,0.0
11720,88891380,88891880,500,0,100.0,0.0
11721,88891880,88892380,500,0,100.0,0.0
11722,88892380,88892880,500,0,100.0,0.0
11723,88892880,88893380,500,0,100.0,0.0
11724,88893380,88893880,500,0,100.0,0.0
11725,88893880,88894380,500,0,100.0,0.0
11726,88894380,88894880,500,0,100.0,0.0
11727,88894880,88895380,500,0,100.0,0.0
11728,88895380,88895880,500,0,100.0,0.0
11729,88895880,88896380,500,0,100.0,0.0
11730,88896380,88896880,500,0,100.0,0.0
11731,88896880,88897380,500,0,100.0,0.0
11732,88897380,88897880,500,0,100.0,0.0
11733,88897880,88898380,500,0,100.0,0.0
11734,88898380,88898880,500,0,100.0,0.0
11735,88898880,88899380,500,0,100.0,0.0
11736,88899380,88899880,500,0,100.0,0.0
11737,88899880,88900380,500,0,100.0,0.0
11738,88900380,88900880,500,0,100.0,0.0
11739,88900880,88901380,500,0,100.0,0.0
11740,88901380,88901880,500,0,100.0,0.0
11741,88901880,88902380,310,190,62.0,38.0
11742,88902380,88902880,8,492,1.6,98.4
11743,88902880,88903380,58,442,11.600000000000001,88.4
11744,88903380,88903880,60,440,12.0,88.0
11745,88903880,88904380,216,284,43.2,56.8
11746,88904380,88904880,500,0,100.0,0.0
11747,88904880,88905380,500,0,100.0,0.0
11748,88905380,88905880,500,0,100.0,0.0
11749,88905880,88906380,500,0,100.0,0.0
11750,88906380,88906880,500,0,100.0,0.0
11751,88906880,88907380,500,0,100.0,0.0
11752,88907380,88907880,500,0,100.0,0.0
11753,88907880,88908380,500,0,100.0,0.0
11754,88908380,88908880,500,0,100.0,0.0
11755,88908880,88909380,500,0,100.0,0.0
11756,88909380,88909880,500,0,100.0,0.0
11757,88909880,88910380,500,0,100.0,0.0
11758,88910380,88910880,500,0,100.0,0.0
11759,88910880,88911380,500,0,100.0,0.0
11760,88911380,88911880,500,0,100.0,0.0
11761,88911880,88912380,500,0,100.0,0.0
11762,88912380,88912880,500,0,100.0,0.0
11763,88912880,88913380,500,0,100.0,0.0
11764,88913380,88913880,500,0,100.0,0.0
11765,88913880,88914380,500,0,100.0,0.0
11766,88914380,88914880,500,0,100.0,0.0
11767,88914880,88915380,500,0,100.0,0.0
11768,88915380,88915880,500,0,100.0,0.0
11769,88915880,88916380,500,0,100.0,0.0
11770,88916380,88916880,500,0,100.0,0.0
11771,88916880,88917380,500,0,100.0,0.0
11772,88917380,88917880,500,0,100.0,0.0
11773,88917880,88918380,500,0,100.0,0.0
11774,88918380,88918880,500,0,100.0,0.0
11775,88918880,88919380,500,0,100.0,0.0
11776,88919380,88919880,500,0,100.0,0.0
11777,88919880,88920380,500,0,100.0,0.0
11778,88920380,88920880,500,0,100.0,0.0
11779,88920880,88921380,31,469,6.2,93.8
11780,88921380,88921880,7,493,1.4000000000000001,98.6
11781,88921880,88922380,74,426,14.799999999999999,85.2
11782,88922380,88922880,127,373,25.4,74.6
11783,88922880,88923380,500,0,100.0,0.0
11784,88923380,88923880,500,0,100.0,0.0
11785,88923880,88924380,500,0,100.0,0.0
11786,88924380,88924880,500,0,100.0,0.0
11787,88924880,88925380,500,0,100.0,0.0
11788,88925380,88925880,500,0,100.0,0.0
11789,88925880,88926380,500,0,100.0,0.0
11790,88926380,88926880,500,0,100.0,0.0
11791,88926880,88927380,500,0,100.0,0.0
11792,88927380,88927880,500,0,100.0,0.0
11793,88927880,88928380,500,0,100.0,0.0
11794,88928380,88928880,500,0,100.0,0.0
11795,88928880,88929380,500,0,100.0,0.0
11796,88929380,88929880,500,0,100.0,0.0
11797,88929880,88930380,500,0,100.0,0.0
11798,88930380,88930880,500,0,100.0,0.0
11799,88930880,88931380,500,0,100.0,0.0
11800,88931380,88931880,500,0,100.0,0.0
11801,88931880,88932380,500,0,100.0,0.0
11802,88932380,88932880,500,0,100.0,0.0
11803,88932880,88933380,500,0,100.0,0.0
11804,88933380,88933880,500,0,100.0,0.0
11805,88933880,88934380,500,0,100.0,0.0
11806,88934380,88934880,500,0,100.0,0.0
11807,88934880,88935380,500,0,100.0,0.0
11808,88935380,88935880,500,0,100.0,0.0
11809,88935880,88936380,500,0,100.0,0.0
11810,88936380,88936880,500,0,100.0,0.0
11811,88936880,88937380,500,0,100.0,0.0
11812,88937380,88937880,500,0,100.0,0.0
11813,88937880,88938380,500,0,100.0,0.0
11814,88938380,88938880,500,0,100.0,0.0
11815,88938880,88939380,41,459,8.200000000000001,91.8
11816,88939380,88939880,7,493,1.4000000000000001,98.6
11817,88939880,88940380,66,434,13.200000000000001,86.8
11818,88940380,88940880,242,258,48.4,51.6
11819,88940880,88941380,500,0,100.0,0.0
11820,88941380,88941880,500,0,100.0,0.0
11821,88941880,88942380,500,0,100.0,0.0
11822,88942380,88942880,500,0,100.0,0.0
11823,88942880,88943380,500,0,100.0,0.0
11824,88943380,88943880,500,0,100.0,0.0
11825,88943880,88944380,500,0,100.0,0.0
11826,88944380,88944880,500,0,100.0,0.0
11827,88944880,88945380,500,0,100.0,0.0
11828,88945380,88945880,500,0,100.0,0.0
11829,88945880,88946380,500,0,100.0,0.0
11830,88946380,88946880,500,0,100.0,0.0
11831,88946880,88947380,500,0,100.0,0.0
11832,88947380,88947880,500,0,100.0,0.0
11833,88947880,88948380,500,0,100.0,0.0
11834,88948380,88948880,500,0,100.0,0.0
11835,88948880,88949380,500,0,100.0,0.0
11836,88949380,88949880,500,0,100.0,0.0
11837,88949880,88950380,500,0,100.0,0.0
11838,88950380,88950880,500,0,100.0,0.0
11839,88950880,88951380,500,0,100.0,0.0
11840,88951380,88951880,500,0,100.0,0.0
11841,88951880,88952380,500,0,100.0,0.0
11842,88952380,88952880,500,0,100.0,0.0
11843,88952880,88953380,500,0,100.0,0.0
11844,88953380,88953880,500,0,100.0,0.0
11845,88953880,88954380,500,0,100.0,0.0
11846,88954380,88954880,500,0,100.0,0.0
11847,88954880,88955380,500,0,100.0,0.0
11848,88955380,88955880,500,0,100.0,0.0
11849,88955880,88956380,500,0,100.0,0.0
11850,88956380,88956880,500,0,100.0,0.0
11851,88956880,88957380,500,0,100.0,0.0
11852,88957380,88957880,382,118,76.4,23.599999999999994
11853,88957880,88958380,6,494,1.2,98.8
11854,88958380,88958880,100,400,20.0,80.0
11855,88958880,88959380,5,495,1.0,99.0
11856,88959380,88959880,370,130,74.0,26.0
11857,88959880,88960380,500,0,100.0,0.0
11858,88960380,88960880,500,0,100.0,0.0
11859,88960880,88961380,500,0,100.0,0.0
11860,88961380,88961880,500,0,100.0,0.0
11861,88961880,88962380,500,0,100.0,0.0
11862,88962380,88962880,500,0,100.0,0.0
11863,88962880,88963380,500,0,100.0,0.0
11864,88963380,88963880,500,0,100.0,0.0
11865,88963880,88964380,500,0,100.0,0.0
11866,88964380,88964880,500,0,100.0,0.0
11867,88964880,88965380,500,0,100.0,0.0
11868,88965380,88965880,500,0,100.0,0.0
11869,88965880,88966380,500,0,100.0,0.0
11870,88966380,88966880,500,0,100.0,0.0
11871,88966880,88967380,500,0,100.0,0.0
11872,88967380,88967880,500,0,100.0,0.0
11873,88967880,88968380,500,0,100.0,0.0
11874,88968380,88968880,500,0,100.0,0.0
11875,88968880,88969380,500,0,100.0,0.0
11876,88969380,88969880,500,0,100.0,0.0
11877,88969880,88970380,500,0,100.0,0.0
11878,88970380,88970880,500,0,100.0,0.0
11879,88970880,88971380,500,0,100.0,0.0
11880,88971380,88971880,500,0,100.0,0.0
11881,88971880,88972380,500,0,100.0,0.0
11882,88972380,88972880,500,0,100.0,0.0
11883,88972880,88973380,500,0,100.0,0.0
11884,88973380,88973880,500,0,100.0,0.0
11885,88973880,88974380,500,0,100.0,0.0
11886,88974380,88974880,500,0,100.0,0.0
11887,88974880,88975380,500,0,100.0,0.0
11888,88975380,88975880,500,0,100.0,0.0
11889,88975880,88976380,287,213,57.4,42.6
11890,88976380,88976880,8,492,1.6,98.4
11891,88976880,88977380,57,443,11.4,88.6
11892,88977380,88977880,35,465,7.000000000000001,93.0
11893,88977880,88978380,310,190,62.0,38.0
11894,88978380,88978880,500,0,100.0,0.0
11895,88978880,88979380,500,0,100.0,0.0
11896,88979380,88979880,500,0,100.0,0.0
11897,88979880,88980380,500,0,100.0,0.0
11898,88980380,88980880,500,0,100.0,0.0
11899,88980880,88981380,500,0,100.0,0.0
11900,88981380,88981880,500,0,100.0,0.0
11901,88981880,88982380,500,0,100.0,0.0
11902,88982380,88982880,500,0,100.0,0.0
11903,88982880,88983380,500,0,100.0,0.0
11904,88983380,88983880,500,0,100.0,0.0
11905,88983880,88984380,500,0,100.0,0.0
11906,88984380,88984880,500,0,100.0,0.0
11907,88984880,88985380,500,0,100.0,0.0
11908,88985380,88985880,500,0,100.0,0.0
11909,88985880,88986380,500,0,100.0,0.0
11910,88986380,88986880,500,0,100.0,0.0
11911,88986880,88987380,500,0,100.0,0.0
11912,88987380,88987880,500,0,100.0,0.0
11913,88987880,88988380,500,0,100.0,0.0
11914,88988380,88988880,500,0,100.0,0.0
11915,88988880,88989380,500,0,100.0,0.0
11916,88989380,88989880,500,0,100.0,0.0
11917,88989880,88990380,500,0,100.0,0.0
11918,88990380,88990880,500,0,100.0,0.0
11919,88990880,88991380,500,0,100.0,0.0
11920,88991380,88991880,500,0,100.0,0.0
11921,88991880,88992380,500,0,100.0,0.0
11922,88992380,88992880,500,0,100.0,0.0
11923,88992880,88993380,500,0,100.0,0.0
11924,88993380,88993880,500,0,100.0,0.0
11925,88993880,88994380,500,0,100.0,0.0
11926,88994380,88994880,500,0,100.0,0.0
11927,88994880,88995380,500,0,100.0,0.0
11928,88995380,88995880,500,0,100.0,0.0
11929,88995880,88996380,500,0,100.0,0.0
11930,88996380,88996880,500,0,100.0,0.0
11931,88996880,88997380,500,0,100.0,0.0
11932,88997380,88997880,500,0,100.0,0.0
11933,88997880,88998380,500,0,100.0,0.0
11934,88998380,88998880,500,0,100.0,0.0
11935,88998880,88999380,500,0,100.0,0.0
11936,88999380,88999880,500,0,100.0,0.0
11937,88999880,89000380,500,0,100.0,0.0
11938,89000380,89000880,500,0,100.0,0.0
11939,89000880,89001380,500,0,100.0,0.0
11940,89001380,89001880,500,0,100.0,0.0
11941,89001880,89002380,500,0,100.0,0.0
11942,89002380,89002880,500,0,100.0,0.0
11943,89002880,89003380,500,0,100.0,0.0
11944,89003380,89003880,500,0,100.0,0.0
11945,89003880,89004380,500,0,100.0,0.0
11946,89004380,89004880,500,0,100.0,0.0
11947,89004880,89005380,500,0,100.0,0.0
11948,89005380,89005880,500,0,100.0,0.0
11949,89005880,89006380,500,0,100.0,0.0
11950,89006380,89006880,500,0,100.0,0.0
11951,89006880,89007380,500,0,100.0,0.0
11952,89007380,89007880,500,0,100.0,0.0
11953,89007880,89008380,500,0,100.0,0.0
11954,89008380,89008880,500,0,100.0,0.0
11955,89008880,89009380,500,0,100.0,0.0
11956,89009380,89009880,500,0,100.0,0.0
11957,89009880,89010380,500,0,100.0,0.0
11958,89010380,89010880,500,0,100.0,0.0
11959,89010880,89011380,500,0,100.0,0.0
11960,89011380,89011880,500,0,100.0,0.0
11961,89011880,89012380,500,0,100.0,0.0
11962,89012380,89012880,500,0,100.0,0.0
11963,89012880,89013380,500,0,100.0,0.0
11964,89013380,89013880,500,0,100.0,0.0
11965,89013880,89014380,500,0,100.0,0.0
11966,89014380,89014880,500,0,100.0,0.0
11967,89014880,89015380,500,0,100.0,0.0
11968,89015380,89015880,500,0,100.0,0.0
11969,89015880,89016380,500,0,100.0,0.0
11970,89016380,89016880,500,0,100.0,0.0
11971,89016880,89017380,500,0,100.0,0.0
11972,89017380,89017880,500,0,100.0,0.0
11973,89017880,89018380,500,0,100.0,0.0
11974,89018380,89018880,500,0,100.0,0.0
11975,89018880,89019380,500,0,100.0,0.0
11976,89019380,89019880,500,0,100.0,0.0
11977,89019880,89020380,500,0,100.0,0.0
11978,89020380,89020880,500,0,100.0,0.0
11979,89020880,89021380,500,0,100.0,0.0
11980,89021380,89021880,500,0,100.0,0.0
11981,89021880,89022380,500,0,100.0,0.0
11982,89022380,89022880,500,0,100.0,0.0
11983,89022880,89023380,500,0,100.0,0.0
11984,89023380,89023880,500,0,100.0,0.0
11985,89023880,89024380,500,0,100.0,0.0
11986,89024380,89024880,500,0,100.0,0.0
11987,89024880,89025380,500,0,100.0,0.0
11988,89025380,89025880,500,0,100.0,0.0
11989,89025880,89026380,500,0,100.0,0.0
11990,89026380,89026880,500,0,100.0,0.0
11991,89026880,89027380,500,0,100.0,0.0
11992,89027380,89027880,500,0,100.0,0.0
11993,89027880,89028380,500,0,100.0,0.0
11994,89028380,89028880,500,0,100.0,0.0
11995,89028880,89029380,500,0,100.0,0.0
11996,89029380,89029880,500,0,100.0,0.0
11997,89029880,89030380,500,0,100.0,0.0
11998,89030380,89030880,500,0,100.0,0.0
11999,89030880,89031380,500,0,100.0,0.0
12000,89031380,89031880,500,0,100.0,0.0
12001,89031880,89032380,500,0,100.0,0.0
12002,89032380,89032880,500,0,100.0,0.0
12003,89032880,89033380,500,0,100.0,0.0
12004,89033380,89033880,500,0,100.0,0.0
12005,89033880,89034380,500,0,100.0,0.0
12006,89034380,89034880,500,0,100.0,0.0
12007,89034880,89035380,500,0,100.0,0.0
12008,89035380,89035880,500,0,100.0,0.0
12009,89035880,89036380,500,0,100.0,0.0
12010,89036380,89036880,500,0,100.0,0.0
12011,89036880,89037380,500,0,100.0,0.0
12012,89037380,89037880,500,0,100.0,0.0
12013,89037880,89038380,500,0,100.0,0.0
12014,89038380,89038880,500,0,100.0,0.0
12015,89038880,89039380,500,0,100.0,0.0
12016,89039380,89039880,500,0,100.0,0.0
12017,89039880,89040380,500,0,100.0,0.0
12018,89040380,89040880,500,0,100.0,0.0
12019,89040880,89041380,500,0,100.0,0.0
12020,89041380,89041880,500,0,100.0,0.0
12021,89041880,89042380,500,0,100.0,0.0
12022,89042380,89042880,500,0,100.0,0.0
12023,89042880,89043380,500,0,100.0,0.0
12024,89043380,89043880,500,0,100.0,0.0
12025,89043880,89044380,331,169,66.2,33.8
12026,89044380,89044880,7,493,1.4000000000000001,98.6
12027,89044880,89045380,88,412,17.599999999999998,82.4
12028,89045380,89045880,90,410,18.0,82.0
12029,89045880,89046380,500,0,100.0,0.0
12030,89046380,89046880,500,0,100.0,0.0
12031,89046880,89047380,500,0,100.0,0.0
12032,89047380,89047880,500,0,100.0,0.0
12033,89047880,89048380,500,0,100.0,0.0
12034,89048380,89048880,500,0,100.0,0.0
12035,89048880,89049380,500,0,100.0,0.0
12036,89049380,89049880,500,0,100.0,0.0
12037,89049880,89050380,500,0,100.0,0.0
12038,89050380,89050880,500,0,100.0,0.0
12039,89050880,89051380,500,0,100.0,0.0
12040,89051380,89051880,500,0,100.0,0.0
12041,89051880,89052380,500,0,100.0,0.0
12042,89052380,89052880,500,0,100.0,0.0
12043,89052880,89053380,500,0,100.0,0.0
12044,89053380,89053880,500,0,100.0,0.0
12045,89053880,89054380,500,0,100.0,0.0
12046,89054380,89054880,500,0,100.0,0.0
12047,89054880,89055380,500,0,100.0,0.0
12048,89055380,89055880,500,0,100.0,0.0
12049,89055880,89056380,500,0,100.0,0.0
12050,89056380,89056880,500,0,100.0,0.0
12051,89056880,89057380,500,0,100.0,0.0
12052,89057380,89057880,500,0,100.0,0.0
12053,89057880,89058380,500,0,100.0,0.0
12054,89058380,89058880,500,0,100.0,0.0
12055,89058880,89059380,500,0,100.0,0.0
12056,89059380,89059880,500,0,100.0,0.0
12057,89059880,89060380,500,0,100.0,0.0
12058,89060380,89060880,500,0,100.0,0.0
12059,89060880,89061380,110,390,22.0,78.0
12060,89061380,89061880,10,490,2.0,98.0
12061,89061880,89062380,72,428,14.399999999999999,85.6
12062,89062380,89062880,26,474,5.2,94.8
12063,89062880,89063380,500,0,100.0,0.0
12064,89063380,89063880,500,0,100.0,0.0
12065,89063880,89064380,500,0,100.0,0.0
12066,89064380,89064880,500,0,100.0,0.0
12067,89064880,89065380,500,0,100.0,0.0
12068,89065380,89065880,500,0,100.0,0.0
12069,89065880,89066380,500,0,100.0,0.0
12070,89066380,89066880,500,0,100.0,0.0
12071,89066880,89067380,500,0,100.0,0.0
12072,89067380,89067880,500,0,100.0,0.0
12073,89067880,89068380,500,0,100.0,0.0
12074,89068380,89068880,500,0,100.0,0.0
12075,89068880,89069380,500,0,100.0,0.0
12076,89069380,89069880,500,0,100.0,0.0
12077,89069880,89070380,500,0,100.0,0.0
12078,89070380,89070880,500,0,100.0,0.0
12079,89070880,89071380,500,0,100.0,0.0
12080,89071380,89071880,500,0,100.0,0.0
12081,89071880,89072380,500,0,100.0,0.0
12082,89072380,89072880,500,0,100.0,0.0
12083,89072880,89073380,500,0,100.0,0.0
12084,89073380,89073880,500,0,100.0,0.0
12085,89073880,89074380,500,0,100.0,0.0
12086,89074380,89074880,500,0,100.0,0.0
12087,89074880,89075380,500,0,100.0,0.0
12088,89075380,89075880,500,0,100.0,0.0
12089,89075880,89076380,500,0,100.0,0.0
12090,89076380,89076880,500,0,100.0,0.0
12091,89076880,89077380,500,0,100.0,0.0
12092,89077380,89077880,500,0,100.0,0.0
12093,89077880,89078380,42,458,8.4,91.6
12094,89078380,89078880,56,444,11.200000000000001,88.8
12095,89078880,89079380,38,462,7.6,92.4
12096,89079380,89079880,317,183,63.4,36.6
12097,89079880,89080380,500,0,100.0,0.0
12098,89080380,89080880,500,0,100.0,0.0
12099,89080880,89081380,500,0,100.0,0.0
12100,89081380,89081880,500,0,100.0,0.0
12101,89081880,89082380,500,0,100.0,0.0
12102,89082380,89082880,500,0,100.0,0.0
12103,89082880,89083380,500,0,100.0,0.0
12104,89083380,89083880,500,0,100.0,0.0
12105,89083880,89084380,500,0,100.0,0.0
12106,89084380,89084880,500,0,100.0,0.0
12107,89084880,89085380,500,0,100.0,0.0
12108,89085380,89085880,500,0,100.0,0.0
12109,89085880,89086380,500,0,100.0,0.0
12110,89086380,89086880,500,0,100.0,0.0
12111,89086880,89087380,500,0,100.0,0.0
12112,89087380,89087880,500,0,100.0,0.0
12113,89087880,89088380,500,0,100.0,0.0
12114,89088380,89088880,500,0,100.0,0.0
12115,89088880,89089380,500,0,100.0,0.0
12116,89089380,89089880,500,0,100.0,0.0
12117,89089880,89090380,500,0,100.0,0.0
12118,89090380,89090880,500,0,100.0,0.0
12119,89090880,89091380,500,0,100.0,0.0
12120,89091380,89091880,500,0,100.0,0.0
12121,89091880,89092380,500,0,100.0,0.0
12122,89092380,89092880,500,0,100.0,0.0
12123,89092880,89093380,500,0,100.0,0.0
12124,89093380,89093880,500,0,100.0,0.0
12125,89093880,89094380,500,0,100.0,0.0
12126,89094380,89094880,485,15,97.0,3.0
12127,89094880,89095380,6,494,1.2,98.8
12128,89095380,89095880,7,493,1.4000000000000001,98.6
12129,89095880,89096380,72,428,14.399999999999999,85.6
12130,89096380,89096880,135,365,27.0,73.0
12131,89096880,89097380,500,0,100.0,0.0
12132,89097380,89097880,500,0,100.0,0.0
12133,89097880,89098380,500,0,100.0,0.0
12134,89098380,89098880,500,0,100.0,0.0
12135,89098880,89099380,500,0,100.0,0.0
12136,89099380,89099880,500,0,100.0,0.0
12137,89099880,89100380,500,0,100.0,0.0
12138,89100380,89100880,500,0,100.0,0.0
12139,89100880,89101380,500,0,100.0,0.0
12140,89101380,89101880,500,0,100.0,0.0
12141,89101880,89102380,500,0,100.0,0.0
12142,89102380,89102880,500,0,100.0,0.0
12143,89102880,89103380,500,0,100.0,0.0
12144,89103380,89103880,500,0,100.0,0.0
12145,89103880,89104380,500,0,100.0,0.0
12146,89104380,89104880,500,0,100.0,0.0
12147,89104880,89105380,500,0,100.0,0.0
12148,89105380,89105880,500,0,100.0,0.0
12149,89105880,89106380,500,0,100.0,0.0
12150,89106380,89106880,500,0,100.0,0.0
12151,89106880,89107380,500,0,100.0,0.0
12152,89107380,89107880,500,0,100.0,0.0
12153,89107880,89108380,500,0,100.0,0.0
12154,89108380,89108880,500,0,100.0,0.0
12155,89108880,89109380,500,0,100.0,0.0
12156,89109380,89109880,500,0,100.0,0.0
12157,89109880,89110380,500,0,100.0,0.0
12158,89110380,89110880,500,0,100.0,0.0
12159,89110880,89111380,500,0,100.0,0.0
12160,89111380,89111880,182,318,36.4,63.6
12161,89111880,89112380,6,494,1.2,98.8
12162,89112380,89112880,108,392,21.6,78.4
12163,89112880,89113380,175,325,35.0,65.0
12164,89113380,89113880,500,0,100.0,0.0
12165,89113880,89114380,500,0,100.0,0.0
12166,89114380,89114880,500,0,100.0,0.0
12167,89114880,89115380,500,0,100.0,0.0
12168,89115380,89115880,500,0,100.0,0.0
12169,89115880,89116380,500,0,100.0,0.0
12170,89116380,89116880,500,0,100.0,0.0
12171,89116880,89117380,500,0,100.0,0.0
12172,89117380,89117880,500,0,100.0,0.0
12173,89117880,89118380,500,0,100.0,0.0
12174,89118380,89118880,500,0,100.0,0.0
12175,89118880,89119380,500,0,100.0,0.0
12176,89119380,89119880,500,0,100.0,0.0
12177,89119880,89120380,500,0,100.0,0.0
12178,89120380,89120880,500,0,100.0,0.0
12179,89120880,89121380,500,0,100.0,0.0
12180,89121380,89121880,500,0,100.0,0.0
12181,89121880,89122380,500,0,100.0,0.0
12182,89122380,89122880,500,0,100.0,0.0
12183,89122880,89123380,500,0,100.0,0.0
12184,89123380,89123880,500,0,100.0,0.0
12185,89123880,89124380,500,0,100.0,0.0
12186,89124380,89124880,500,0,100.0,0.0
12187,89124880,89125380,500,0,100.0,0.0
12188,89125380,89125880,500,0,100.0,0.0
12189,89125880,89126380,500,0,100.0,0.0
12190,89126380,89126880,500,0,100.0,0.0
12191,89126880,89127380,500,0,100.0,0.0
12192,89127380,89127880,500,0,100.0,0.0
12193,89127880,89128380,500,0,100.0,0.0
12194,89128380,89128880,25,475,5.0,95.0
12195,89128880,89129380,67,433,13.4,86.6
12196,89129380,89129880,6,494,1.2,98.8
12197,89129880,89130380,495,5,99.0,1.0
12198,89130380,89130880,500,0,100.0,0.0
12199,89130880,89131380,500,0,100.0,0.0
12200,89131380,89131880,500,0,100.0,0.0
12201,89131880,89132380,500,0,100.0,0.0
12202,89132380,89132880,500,0,100.0,0.0
12203,89132880,89133380,500,0,100.0,0.0
12204,89133380,89133880,500,0,100.0,0.0
12205,89133880,89134380,500,0,100.0,0.0
12206,89134380,89134880,500,0,100.0,0.0
12207,89134880,89135380,500,0,100.0,0.0
12208,89135380,89135880,500,0,100.0,0.0
12209,89135880,89136380,500,0,100.0,0.0
12210,89136380,89136880,500,0,100.0,0.0
12211,89136880,89137380,500,0,100.0,0.0
12212,89137380,89137880,500,0,100.0,0.0
12213,89137880,89138380,500,0,100.0,0.0
12214,89138380,89138880,500,0,100.0,0.0
12215,89138880,89139380,500,0,100.0,0.0
12216,89139380,89139880,500,0,100.0,0.0
12217,89139880,89140380,500,0,100.0,0.0
12218,89140380,89140880,500,0,100.0,0.0
12219,89140880,89141380,500,0,100.0,0.0
12220,89141380,89141880,500,0,100.0,0.0
12221,89141880,89142380,500,0,100.0,0.0
12222,89142380,89142880,500,0,100.0,0.0
12223,89142880,89143380,500,0,100.0,0.0
12224,89143380,89143880,500,0,100.0,0.0
12225,89143880,89144380,500,0,100.0,0.0
12226,89144380,89144880,500,0,100.0,0.0
12227,89144880,89145380,44,456,8.799999999999999,91.2
12228,89145380,89145880,70,430,14.000000000000002,86.0
12229,89145880,89146380,4,496,0.8,99.2
12230,89146380,89146880,363,137,72.6,27.400000000000006
12231,89146880,89147380,500,0,100.0,0.0
12232,89147380,89147880,500,0,100.0,0.0
12233,89147880,89148380,500,0,100.0,0.0
12234,89148380,89148880,500,0,100.0,0.0
12235,89148880,89149380,500,0,100.0,0.0
12236,89149380,89149880,500,0,100.0,0.0
12237,89149880,89150380,500,0,100.0,0.0
12238,89150380,89150880,500,0,100.0,0.0
12239,89150880,89151380,500,0,100.0,0.0
12240,89151380,89151880,500,0,100.0,0.0
12241,89151880,89152380,500,0,100.0,0.0
12242,89152380,89152880,500,0,100.0,0.0
12243,89152880,89153380,500,0,100.0,0.0
12244,89153380,89153880,500,0,100.0,0.0
12245,89153880,89154380,500,0,100.0,0.0
12246,89154380,89154880,500,0,100.0,0.0
12247,89154880,89155380,500,0,100.0,0.0
12248,89155380,89155880,500,0,100.0,0.0
12249,89155880,89156380,500,0,100.0,0.0
12250,89156380,89156880,500,0,100.0,0.0
12251,89156880,89157380,500,0,100.0,0.0
12252,89157380,89157880,500,0,100.0,0.0
12253,89157880,89158380,500,0,100.0,0.0
12254,89158380,89158880,500,0,100.0,0.0
12255,89158880,89159380,500,0,100.0,0.0
12256,89159380,89159880,500,0,100.0,0.0
12257,89159880,89160380,500,0,100.0,0.0
12258,89160380,89160880,500,0,100.0,0.0
12259,89160880,89161380,500,0,100.0,0.0
12260,89161380,89161880,203,297,40.6,59.4
12261,89161880,89162380,6,494,1.2,98.8
12262,89162380,89162880,142,358,28.4,71.6
12263,89162880,89163380,109,391,21.8,78.2
12264,89163380,89163880,500,0,100.0,0.0
12265,89163880,89164380,500,0,100.0,0.0
12266,89164380,89164880,500,0,100.0,0.0
12267,89164880,89165380,500,0,100.0,0.0
12268,89165380,89165880,500,0,100.0,0.0
12269,89165880,89166380,500,0,100.0,0.0
12270,89166380,89166880,500,0,100.0,0.0
12271,89166880,89167380,500,0,100.0,0.0
12272,89167380,89167880,500,0,100.0,0.0
12273,89167880,89168380,500,0,100.0,0.0
12274,89168380,89168880,500,0,100.0,0.0
12275,89168880,89169380,500,0,100.0,0.0
12276,89169380,89169880,500,0,100.0,0.0
12277,89169880,89170380,500,0,100.0,0.0
12278,89170380,89170880,500,0,100.0,0.0
12279,89170880,89171380,500,0,100.0,0.0
12280,89171380,89171880,500,0,100.0,0.0
12281,89171880,89172380,500,0,100.0,0.0
12282,89172380,89172880,500,0,100.0,0.0
12283,89172880,89173380,500,0,100.0,0.0
12284,89173380,89173880,500,0,100.0,0.0
12285,89173880,89174380,500,0,100.0,0.0
12286,89174380,89174880,500,0,100.0,0.0
12287,89174880,89175380,500,0,100.0,0.0
12288,89175380,89175880,500,0,100.0,0.0
12289,89175880,89176380,500,0,100.0,0.0
12290,89176380,89176880,500,0,100.0,0.0
12291,89176880,89177380,500,0,100.0,0.0
12292,89177380,89177880,500,0,100.0,0.0
12293,89177880,89178380,500,0,100.0,0.0
12294,89178380,89178880,152,348,30.4,69.6
12295,89178880,89179380,6,494,1.2,98.8
12296,89179380,89179880,66,434,13.200000000000001,86.8
12297,89179880,89180380,235,265,47.0,53.0
12298,89180380,89180880,500,0,100.0,0.0
12299,89180880,89181380,500,0,100.0,0.0
12300,89181380,89181880,500,0,100.0,0.0
12301,89181880,89182380,500,0,100.0,0.0
12302,89182380,89182880,500,0,100.0,0.0
12303,89182880,89183380,500,0,100.0,0.0
12304,89183380,89183880,500,0,100.0,0.0
12305,89183880,89184380,500,0,100.0,0.0
12306,89184380,89184880,500,0,100.0,0.0
12307,89184880,89185380,500,0,100.0,0.0
12308,89185380,89185880,500,0,100.0,0.0
12309,89185880,89186380,500,0,100.0,0.0
12310,89186380,89186880,500,0,100.0,0.0
12311,89186880,89187380,500,0,100.0,0.0
12312,89187380,89187880,500,0,100.0,0.0
12313,89187880,89188380,500,0,100.0,0.0
12314,89188380,89188880,500,0,100.0,0.0
12315,89188880,89189380,500,0,100.0,0.0
12316,89189380,89189880,500,0,100.0,0.0
12317,89189880,89190380,500,0,100.0,0.0
12318,89190380,89190880,500,0,100.0,0.0
12319,89190880,89191380,500,0,100.0,0.0
12320,89191380,89191880,500,0,100.0,0.0
12321,89191880,89192380,500,0,100.0,0.0
12322,89192380,89192880,500,0,100.0,0.0
12323,89192880,89193380,500,0,100.0,0.0
12324,89193380,89193880,500,0,100.0,0.0
12325,89193880,89194380,500,0,100.0,0.0
12326,89194380,89194880,263,237,52.6,47.4
12327,89194880,89195380,5,495,1.0,99.0
12328,89195380,89195880,66,434,13.200000000000001,86.8
12329,89195880,89196380,117,383,23.400000000000002,76.6
12330,89196380,89196880,500,0,100.0,0.0
12331,89196880,89197380,500,0,100.0,0.0
12332,89197380,89197880,500,0,100.0,0.0
12333,89197880,89198380,500,0,100.0,0.0
12334,89198380,89198880,500,0,100.0,0.0
12335,89198880,89199380,500,0,100.0,0.0
12336,89199380,89199880,500,0,100.0,0.0
12337,89199880,89200380,500,0,100.0,0.0
12338,89200380,89200880,500,0,100.0,0.0
12339,89200880,89201380,500,0,100.0,0.0
12340,89201380,89201880,500,0,100.0,0.0
12341,89201880,89202380,500,0,100.0,0.0
12342,89202380,89202880,500,0,100.0,0.0
12343,89202880,89203380,500,0,100.0,0.0
12344,89203380,89203880,500,0,100.0,0.0
12345,89203880,89204380,500,0,100.0,0.0
12346,89204380,89204880,500,0,100.0,0.0
12347,89204880,89205380,500,0,100.0,0.0
12348,89205380,89205880,500,0,100.0,0.0
12349,89205880,89206380,500,0,100.0,0.0
12350,89206380,89206880,500,0,100.0,0.0
12351,89206880,89207380,500,0,100.0,0.0
12352,89207380,89207880,500,0,100.0,0.0
12353,89207880,89208380,500,0,100.0,0.0
12354,89208380,89208880,500,0,100.0,0.0
12355,89208880,89209380,500,0,100.0,0.0
12356,89209380,89209880,500,0,100.0,0.0
12357,89209880,89210380,500,0,100.0,0.0
12358,89210380,89210880,259,241,51.800000000000004,48.199999999999996
12359,89210880,89211380,7,493,1.4000000000000001,98.6
12360,89211380,89211880,88,412,17.599999999999998,82.4
12361,89211880,89212380,204,296,40.8,59.2
12362,89212380,89212880,500,0,100.0,0.0
12363,89212880,89213380,500,0,100.0,0.0
12364,89213380,89213880,500,0,100.0,0.0
12365,89213880,89214380,500,0,100.0,0.0
12366,89214380,89214880,500,0,100.0,0.0
12367,89214880,89215380,500,0,100.0,0.0
12368,89215380,89215880,500,0,100.0,0.0
12369,89215880,89216380,500,0,100.0,0.0
12370,89216380,89216880,500,0,100.0,0.0
12371,89216880,89217380,500,0,100.0,0.0
12372,89217380,89217880,500,0,100.0,0.0
12373,89217880,89218380,500,0,100.0,0.0
12374,89218380,89218880,500,0,100.0,0.0
12375,89218880,89219380,500,0,100.0,0.0
12376,89219380,89219880,500,0,100.0,0.0
12377,89219880,89220380,500,0,100.0,0.0
12378,89220380,89220880,500,0,100.0,0.0
12379,89220880,89221380,500,0,100.0,0.0
12380,89221380,89221880,500,0,100.0,0.0
12381,89221880,89222380,500,0,100.0,0.0
12382,89222380,89222880,500,0,100.0,0.0
12383,89222880,89223380,500,0,100.0,0.0
12384,89223380,89223880,500,0,100.0,0.0
12385,89223880,89224380,500,0,100.0,0.0
12386,89224380,89224880,500,0,100.0,0.0
12387,89224880,89225380,500,0,100.0,0.0
12388,89225380,89225880,500,0,100.0,0.0
12389,89225880,89226380,461,39,92.2,7.799999999999997
12390,89226380,89226880,8,492,1.6,98.4
12391,89226880,89227380,67,433,13.4,86.6
12392,89227380,89227880,7,493,1.4000000000000001,98.6
12393,89227880,89228380,453,47,90.60000000000001,9.399999999999991
12394,89228380,89228880,500,0,100.0,0.0
12395,89228880,89229380,500,0,100.0,0.0
12396,89229380,89229880,500,0,100.0,0.0
12397,89229880,89230380,500,0,100.0,0.0
12398,89230380,89230880,500,0,100.0,0.0
12399,89230880,89231380,500,0,100.0,0.0
12400,89231380,89231880,500,0,100.0,0.0
12401,89231880,89232380,500,0,100.0,0.0
12402,89232380,89232880,500,0,100.0,0.0
12403,89232880,89233380,500,0,100.0,0.0
12404,89233380,89233880,500,0,100.0,0.0
12405,89233880,89234380,500,0,100.0,0.0
12406,89234380,89234880,500,0,100.0,0.0
12407,89234880,89235380,500,0,100.0,0.0
12408,89235380,89235880,500,0,100.0,0.0
12409,89235880,89236380,500,0,100.0,0.0
12410,89236380,89236880,500,0,100.0,0.0
12411,89236880,89237380,500,0,100.0,0.0
12412,89237380,89237880,500,0,100.0,0.0
12413,89237880,89238380,500,0,100.0,0.0
12414,89238380,89238880,500,0,100.0,0.0
12415,89238880,89239380,500,0,100.0,0.0
12416,89239380,89239880,500,0,100.0,0.0
12417,89239880,89240380,500,0,100.0,0.0
12418,89240380,89240880,500,0,100.0,0.0
12419,89240880,89241380,500,0,100.0,0.0
12420,89241380,89241880,500,0,100.0,0.0
12421,89241880,89242380,357,143,71.39999999999999,28.60000000000001
12422,89242380,89242880,7,493,1.4000000000000001,98.6
12423,89242880,89243380,69,431,13.8,86.2
12424,89243380,89243880,6,494,1.2,98.8
12425,89243880,89244380,460,40,92.0,8.0
12426,89244380,89244880,500,0,100.0,0.0
12427,89244880,89245380,500,0,100.0,0.0
12428,89245380,89245880,500,0,100.0,0.0
12429,89245880,89246380,500,0,100.0,0.0
12430,89246380,89246880,500,0,100.0,0.0
12431,89246880,89247380,500,0,100.0,0.0
12432,89247380,89247880,500,0,100.0,0.0
12433,89247880,89248380,500,0,100.0,0.0
12434,89248380,89248880,500,0,100.0,0.0
12435,89248880,89249380,500,0,100.0,0.0
12436,89249380,89249880,500,0,100.0,0.0
12437,89249880,89250380,500,0,100.0,0.0
12438,89250380,89250880,500,0,100.0,0.0
12439,89250880,89251380,500,0,100.0,0.0
12440,89251380,89251880,500,0,100.0,0.0
12441,89251880,89252380,500,0,100.0,0.0
12442,89252380,89252880,500,0,100.0,0.0
12443,89252880,89253380,500,0,100.0,0.0
12444,89253380,89253880,500,0,100.0,0.0
12445,89253880,89254380,500,0,100.0,0.0
12446,89254380,89254880,500,0,100.0,0.0
12447,89254880,89255380,500,0,100.0,0.0
12448,89255380,89255880,500,0,100.0,0.0
12449,89255880,89256380,500,0,100.0,0.0
12450,89256380,89256880,500,0,100.0,0.0
12451,89256880,89257380,500,0,100.0,0.0
12452,89257380,89257880,500,0,100.0,0.0
12453,89257880,89258380,422,78,84.39999999999999,15.600000000000009
12454,89258380,89258880,8,492,1.6,98.4
12455,89258880,89259380,85,415,17.0,83.0
12456,89259380,89259880,38,462,7.6,92.4
12457,89259880,89260380,500,0,100.0,0.0
12458,89260380,89260880,500,0,100.0,0.0
12459,89260880,89261380,500,0,100.0,0.0
12460,89261380,89261880,500,0,100.0,0.0
12461,89261880,89262380,500,0,100.0,0.0
12462,89262380,89262880,500,0,100.0,0.0
12463,89262880,89263380,500,0,100.0,0.0
12464,89263380,89263880,500,0,100.0,0.0
12465,89263880,89264380,500,0,100.0,0.0
12466,89264380,89264880,500,0,100.0,0.0
12467,89264880,89265380,500,0,100.0,0.0
12468,89265380,89265880,500,0,100.0,0.0
12469,89265880,89266380,500,0,100.0,0.0
12470,89266380,89266880,500,0,100.0,0.0
12471,89266880,89267380,500,0,100.0,0.0
12472,89267380,89267880,500,0,100.0,0.0
12473,89267880,89268380,500,0,100.0,0.0
12474,89268380,89268880,500,0,100.0,0.0
12475,89268880,89269380,500,0,100.0,0.0
12476,89269380,89269880,500,0,100.0,0.0
12477,89269880,89270380,500,0,100.0,0.0
12478,89270380,89270880,500,0,100.0,0.0
12479,89270880,89271380,500,0,100.0,0.0
12480,89271380,89271880,500,0,100.0,0.0
12481,89271880,89272380,500,0,100.0,0.0
12482,89272380,89272880,500,0,100.0,0.0
12483,89272880,89273380,500,0,100.0,0.0
12484,89273380,89273880,500,0,100.0,0.0
12485,89273880,89274380,262,238,52.400000000000006,47.599999999999994
12486,89274380,89274880,8,492,1.6,98.4
12487,89274880,89275380,83,417,16.6,83.4
12488,89275380,89275880,307,193,61.4,38.6
12489,89275880,89276380,500,0,100.0,0.0
12490,89276380,89276880,500,0,100.0,0.0
12491,89276880,89277380,500,0,100.0,0.0
12492,89277380,89277880,500,0,100.0,0.0
12493,89277880,89278380,500,0,100.0,0.0
12494,89278380,89278880,500,0,100.0,0.0
12495,89278880,89279380,500,0,100.0,0.0
12496,89279380,89279880,500,0,100.0,0.0
12497,89279880,89280380,500,0,100.0,0.0
12498,89280380,89280880,500,0,100.0,0.0
12499,89280880,89281380,500,0,100.0,0.0
12500,89281380,89281880,500,0,100.0,0.0
12501,89281880,89282380,500,0,100.0,0.0
12502,89282380,89282880,500,0,100.0,0.0
12503,89282880,89283380,500,0,100.0,0.0
12504,89283380,89283880,500,0,100.0,0.0
12505,89283880,89284380,500,0,100.0,0.0
12506,89284380,89284880,500,0,100.0,0.0
12507,89284880,89285380,500,0,100.0,0.0
12508,89285380,89285880,500,0,100.0,0.0
12509,89285880,89286380,500,0,100.0,0.0
12510,89286380,89286880,500,0,100.0,0.0
12511,89286880,89287380,500,0,100.0,0.0
12512,89287380,89287880,500,0,100.0,0.0
12513,89287880,89288380,500,0,100.0,0.0
12514,89288380,89288880,500,0,100.0,0.0
12515,89288880,89289380,500,0,100.0,0.0
12516,89289380,89289880,440,60,88.0,12.0
12517,89289880,89290380,9,491,1.7999999999999998,98.2
12518,89290380,89290880,105,395,21.0,79.0
12519,89290880,89291380,63,437,12.6,87.4
12520,89291380,89291880,264,236,52.800000000000004,47.199999999999996
12521,89291880,89292380,500,0,100.0,0.0
12522,89292380,89292880,500,0,100.0,0.0
12523,89292880,89293380,500,0,100.0,0.0
12524,89293380,89293880,500,0,100.0,0.0
12525,89293880,89294380,500,0,100.0,0.0
12526,89294380,89294880,500,0,100.0,0.0
12527,89294880,89295380,500,0,100.0,0.0
12528,89295380,89295880,500,0,100.0,0.0
12529,89295880,89296380,500,0,100.0,0.0
12530,89296380,89296880,500,0,100.0,0.0
12531,89296880,89297380,500,0,100.0,0.0
12532,89297380,89297880,500,0,100.0,0.0
12533,89297880,89298380,500,0,100.0,0.0
12534,89298380,89298880,500,0,100.0,0.0
12535,89298880,89299380,500,0,100.0,0.0
12536,89299380,89299880,500,0,100.0,0.0
12537,89299880,89300380,500,0,100.0,0.0
12538,89300380,89300880,500,0,100.0,0.0
12539,89300880,89301380,500,0,100.0,0.0
12540,89301380,89301880,500,0,100.0,0.0
12541,89301880,89302380,500,0,100.0,0.0
12542,89302380,89302880,500,0,100.0,0.0
12543,89302880,89303380,500,0,100.0,0.0
12544,89303380,89303880,500,0,100.0,0.0
12545,89303880,89304380,500,0,100.0,0.0
12546,89304380,89304880,500,0,100.0,0.0
12547,89304880,89305380,500,0,100.0,0.0
12548,89305380,89305880,500,0,100.0,0.0
12549,89305880,89306380,500,0,100.0,0.0
12550,89306380,89306880,496,4,99.2,0.7999999999999972
12551,89306880,89307380,6,494,1.2,98.8
12552,89307380,89307880,85,415,17.0,83.0
12553,89307880,89308380,6,494,1.2,98.8
12554,89308380,89308880,438,62,87.6,12.400000000000006
12555,89308880,89309380,500,0,100.0,0.0
12556,89309380,89309880,500,0,100.0,0.0
12557,89309880,89310380,500,0,100.0,0.0
12558,89310380,89310880,500,0,100.0,0.0
12559,89310880,89311380,500,0,100.0,0.0
12560,89311380,89311880,500,0,100.0,0.0
12561,89311880,89312380,500,0,100.0,0.0
12562,89312380,89312880,500,0,100.0,0.0
12563,89312880,89313380,500,0,100.0,0.0
12564,89313380,89313880,500,0,100.0,0.0
12565,89313880,89314380,500,0,100.0,0.0
12566,89314380,89314880,500,0,100.0,0.0
12567,89314880,89315380,500,0,100.0,0.0
12568,89315380,89315880,500,0,100.0,0.0
12569,89315880,89316380,500,0,100.0,0.0
12570,89316380,89316880,500,0,100.0,0.0
12571,89316880,89317380,500,0,100.0,0.0
12572,89317380,89317880,500,0,100.0,0.0
12573,89317880,89318380,500,0,100.0,0.0
12574,89318380,89318880,500,0,100.0,0.0
12575,89318880,89319380,500,0,100.0,0.0
12576,89319380,89319880,500,0,100.0,0.0
12577,89319880,89320380,500,0,100.0,0.0
12578,89320380,89320880,500,0,100.0,0.0
12579,89320880,89321380,500,0,100.0,0.0
12580,89321380,89321880,500,0,100.0,0.0
12581,89321880,89322380,500,0,100.0,0.0
12582,89322380,89322880,500,0,100.0,0.0
12583,89322880,89323380,500,0,100.0,0.0
12584,89323380,89323880,500,0,100.0,0.0
12585,89323880,89324380,500,0,100.0,0.0
12586,89324380,89324880,28,472,5.6000000000000005,94.4
12587,89324880,89325380,6,494,1.2,98.8
12588,89325380,89325880,0,500,0.0,100.0
12589,89325880,89326380,180,320,36.0,64.0
12590,89326380,89326880,6,494,1.2,98.8
12591,89326880,89327380,0,500,0.0,100.0
12592,89327380,89327880,31,469,6.2,93.8
12593,89327880,89328380,52,448,10.4,89.6
12594,89328380,89328880,500,0,100.0,0.0
12595,89328880,89329380,500,0,100.0,0.0
12596,89329380,89329880,500,0,100.0,0.0
12597,89329880,89330380,500,0,100.0,0.0
12598,89330380,89330880,500,0,100.0,0.0
12599,89330880,89331380,500,0,100.0,0.0
12600,89331380,89331880,500,0,100.0,0.0
12601,89331880,89332380,500,0,100.0,0.0
12602,89332380,89332880,500,0,100.0,0.0
12603,89332880,89333380,500,0,100.0,0.0
12604,89333380,89333880,500,0,100.0,0.0
12605,89333880,89334380,500,0,100.0,0.0
12606,89334380,89334880,500,0,100.0,0.0
12607,89334880,89335380,500,0,100.0,0.0
12608,89335380,89335880,500,0,100.0,0.0
12609,89335880,89336380,500,0,100.0,0.0
12610,89336380,89336880,500,0,100.0,0.0
12611,89336880,89337380,500,0,100.0,0.0
12612,89337380,89337880,500,0,100.0,0.0
12613,89337880,89338380,500,0,100.0,0.0
12614,89338380,89338880,500,0,100.0,0.0
12615,89338880,89339380,500,0,100.0,0.0
12616,89339380,89339880,500,0,100.0,0.0
12617,89339880,89340380,500,0,100.0,0.0
12618,89340380,89340880,500,0,100.0,0.0
12619,89340880,89341380,500,0,100.0,0.0
12620,89341380,89341880,500,0,100.0,0.0
12621,89341880,89342380,500,0,100.0,0.0
12622,89342380,89342880,500,0,100.0,0.0
12623,89342880,89343380,500,0,100.0,0.0
12624,89343380,89343880,500,0,100.0,0.0
12625,89343880,89344380,500,0,100.0,0.0
12626,89344380,89344880,500,0,100.0,0.0
12627,89344880,89345380,288,212,57.599999999999994,42.400000000000006
12628,89345380,89345880,7,493,1.4000000000000001,98.6
12629,89345880,89346380,95,405,19.0,81.0
12630,89346380,89346880,194,306,38.800000000000004,61.199999999999996
12631,89346880,89347380,500,0,100.0,0.0
12632,89347380,89347880,500,0,100.0,0.0
12633,89347880,89348380,500,0,100.0,0.0
12634,89348380,89348880,500,0,100.0,0.0
12635,89348880,89349380,500,0,100.0,0.0
12636,89349380,89349880,500,0,100.0,0.0
12637,89349880,89350380,500,0,100.0,0.0
12638,89350380,89350880,500,0,100.0,0.0
12639,89350880,89351380,500,0,100.0,0.0
12640,89351380,89351880,500,0,100.0,0.0
12641,89351880,89352380,500,0,100.0,0.0
12642,89352380,89352880,500,0,100.0,0.0
12643,89352880,89353380,500,0,100.0,0.0
12644,89353380,89353880,500,0,100.0,0.0
12645,89353880,89354380,500,0,100.0,0.0
12646,89354380,89354880,500,0,100.0,0.0
12647,89354880,89355380,500,0,100.0,0.0
12648,89355380,89355880,500,0,100.0,0.0
12649,89355880,89356380,500,0,100.0,0.0
12650,89356380,89356880,500,0,100.0,0.0
12651,89356880,89357380,500,0,100.0,0.0
12652,89357380,89357880,500,0,100.0,0.0
12653,89357880,89358380,500,0,100.0,0.0
12654,89358380,89358880,500,0,100.0,0.0
12655,89358880,89359380,500,0,100.0,0.0
12656,89359380,89359880,500,0,100.0,0.0
12657,89359880,89360380,500,0,100.0,0.0
12658,89360380,89360880,500,0,100.0,0.0
12659,89360880,89361380,500,0,100.0,0.0
12660,89361380,89361880,500,0,100.0,0.0
12661,89361880,89362380,500,0,100.0,0.0
12662,89362380,89362880,275,225,55.00000000000001,44.99999999999999
12663,89362880,89363380,8,492,1.6,98.4
12664,89363380,89363880,81,419,16.2,83.8
12665,89363880,89364380,4,496,0.8,99.2
12666,89364380,89364880,492,8,98.4,1.5999999999999943
12667,89364880,89365380,500,0,100.0,0.0
12668,89365380,89365880,500,0,100.0,0.0
12669,89365880,89366380,500,0,100.0,0.0
12670,89366380,89366880,500,0,100.0,0.0
12671,89366880,89367380,500,0,100.0,0.0
12672,89367380,89367880,500,0,100.0,0.0
12673,89367880,89368380,500,0,100.0,0.0
12674,89368380,89368880,500,0,100.0,0.0
12675,89368880,89369380,500,0,100.0,0.0
12676,89369380,89369880,500,0,100.0,0.0
12677,89369880,89370380,500,0,100.0,0.0
12678,89370380,89370880,500,0,100.0,0.0
12679,89370880,89371380,500,0,100.0,0.0
12680,89371380,89371880,500,0,100.0,0.0
12681,89371880,89372380,500,0,100.0,0.0
12682,89372380,89372880,500,0,100.0,0.0
12683,89372880,89373380,500,0,100.0,0.0
12684,89373380,89373880,500,0,100.0,0.0
12685,89373880,89374380,500,0,100.0,0.0
12686,89374380,89374880,500,0,100.0,0.0
12687,89374880,89375380,500,0,100.0,0.0
12688,89375380,89375880,500,0,100.0,0.0
12689,89375880,89376380,500,0,100.0,0.0
12690,89376380,89376880,500,0,100.0,0.0
12691,89376880,89377380,500,0,100.0,0.0
12692,89377380,89377880,500,0,100.0,0.0
12693,89377880,89378380,500,0,100.0,0.0
12694,89378380,89378880,500,0,100.0,0.0
12695,89378880,89379380,500,0,100.0,0.0
12696,89379380,89379880,500,0,100.0,0.0
12697,89379880,89380380,500,0,100.0,0.0
12698,89380380,89380880,500,0,100.0,0.0
12699,89380880,89381380,500,0,100.0,0.0
12700,89381380,89381880,500,0,100.0,0.0
12701,89381880,89382380,500,0,100.0,0.0
12702,89382380,89382880,310,190,62.0,38.0
12703,89382880,89383380,7,493,1.4000000000000001,98.6
12704,89383380,89383880,74,426,14.799999999999999,85.2
12705,89383880,89384380,76,424,15.2,84.8
12706,89384380,89384880,500,0,100.0,0.0
12707,89384880,89385380,500,0,100.0,0.0
12708,89385380,89385880,500,0,100.0,0.0
12709,89385880,89386380,500,0,100.0,0.0
12710,89386380,89386880,500,0,100.0,0.0
12711,89386880,89387380,500,0,100.0,0.0
12712,89387380,89387880,500,0,100.0,0.0
12713,89387880,89388380,500,0,100.0,0.0
12714,89388380,89388880,500,0,100.0,0.0
12715,89388880,89389380,500,0,100.0,0.0
12716,89389380,89389880,500,0,100.0,0.0
12717,89389880,89390380,500,0,100.0,0.0
12718,89390380,89390880,500,0,100.0,0.0
12719,89390880,89391380,500,0,100.0,0.0
12720,89391380,89391880,500,0,100.0,0.0
12721,89391880,89392380,500,0,100.0,0.0
12722,89392380,89392880,500,0,100.0,0.0
12723,89392880,89393380,500,0,100.0,0.0
12724,89393380,89393880,500,0,100.0,0.0
12725,89393880,89394380,500,0,100.0,0.0
12726,89394380,89394880,500,0,100.0,0.0
12727,89394880,89395380,500,0,100.0,0.0
12728,89395380,89395880,500,0,100.0,0.0
12729,89395880,89396380,500,0,100.0,0.0
12730,89396380,89396880,500,0,100.0,0.0
12731,89396880,89397380,500,0,100.0,0.0
12732,89397380,89397880,500,0,100.0,0.0
12733,89397880,89398380,500,0,100.0,0.0
12734,89398380,89398880,500,0,100.0,0.0
12735,89398880,89399380,500,0,100.0,0.0
12736,89399380,89399880,500,0,100.0,0.0
12737,89399880,89400380,500,0,100.0,0.0
12738,89400380,89400880,500,0,100.0,0.0
12739,89400880,89401380,500,0,100.0,0.0
12740,89401380,89401880,30,470,6.0,94.0
12741,89401880,89402380,7,493,1.4000000000000001,98.6
12742,89402380,89402880,83,417,16.6,83.4
12743,89402880,89403380,244,256,48.8,51.2
12744,89403380,89403880,500,0,100.0,0.0
12745,89403880,89404380,500,0,100.0,0.0
12746,89404380,89404880,500,0,100.0,0.0
12747,89404880,89405380,500,0,100.0,0.0
12748,89405380,89405880,500,0,100.0,0.0
12749,89405880,89406380,500,0,100.0,0.0
12750,89406380,89406880,500,0,100.0,0.0
12751,89406880,89407380,500,0,100.0,0.0
12752,89407380,89407880,500,0,100.0,0.0
12753,89407880,89408380,500,0,100.0,0.0
12754,89408380,89408880,500,0,100.0,0.0
12755,89408880,89409380,500,0,100.0,0.0
12756,89409380,89409880,500,0,100.0,0.0
12757,89409880,89410380,500,0,100.0,0.0
12758,89410380,89410880,500,0,100.0,0.0
12759,89410880,89411380,500,0,100.0,0.0
12760,89411380,89411880,500,0,100.0,0.0
12761,89411880,89412380,500,0,100.0,0.0
12762,89412380,89412880,500,0,100.0,0.0
12763,89412880,89413380,500,0,100.0,0.0
12764,89413380,89413880,500,0,100.0,0.0
12765,89413880,89414380,500,0,100.0,0.0
12766,89414380,89414880,500,0,100.0,0.0
12767,89414880,89415380,500,0,100.0,0.0
12768,89415380,89415880,500,0,100.0,0.0
12769,89415880,89416380,500,0,100.0,0.0
12770,89416380,89416880,500,0,100.0,0.0
12771,89416880,89417380,500,0,100.0,0.0
12772,89417380,89417880,500,0,100.0,0.0
12773,89417880,89418380,500,0,100.0,0.0
12774,89418380,89418880,500,0,100.0,0.0
12775,89418880,89419380,500,0,100.0,0.0
12776,89419380,89419880,240,260,48.0,52.0
12777,89419880,89420380,7,493,1.4000000000000001,98.6
12778,89420380,89420880,85,415,17.0,83.0
12779,89420880,89421380,5,495,1.0,99.0
12780,89421380,89421880,466,34,93.2,6.799999999999997
12781,89421880,89422380,500,0,100.0,0.0
12782,89422380,89422880,500,0,100.0,0.0
12783,89422880,89423380,500,0,100.0,0.0
12784,89423380,89423880,500,0,100.0,0.0
12785,89423880,89424380,500,0,100.0,0.0
12786,89424380,89424880,500,0,100.0,0.0
12787,89424880,89425380,500,0,100.0,0.0
12788,89425380,89425880,500,0,100.0,0.0
12789,89425880,89426380,500,0,100.0,0.0
12790,89426380,89426880,500,0,100.0,0.0
12791,89426880,89427380,500,0,100.0,0.0
12792,89427380,89427880,500,0,100.0,0.0
12793,89427880,89428380,500,0,100.0,0.0
12794,89428380,89428880,500,0,100.0,0.0
12795,89428880,89429380,500,0,100.0,0.0
12796,89429380,89429880,500,0,100.0,0.0
12797,89429880,89430380,500,0,100.0,0.0
12798,89430380,89430880,500,0,100.0,0.0
12799,89430880,89431380,500,0,100.0,0.0
12800,89431380,89431880,500,0,100.0,0.0
12801,89431880,89432380,500,0,100.0,0.0
12802,89432380,89432880,500,0,100.0,0.0
12803,89432880,89433380,500,0,100.0,0.0
12804,89433380,89433880,500,0,100.0,0.0
12805,89433880,89434380,500,0,100.0,0.0
12806,89434380,89434880,500,0,100.0,0.0
12807,89434880,89435380,500,0,100.0,0.0
12808,89435380,89435880,500,0,100.0,0.0
12809,89435880,89436380,500,0,100.0,0.0
12810,89436380,89436880,500,0,100.0,0.0
12811,89436880,89437380,500,0,100.0,0.0
12812,89437380,89437880,446,54,89.2,10.799999999999997
12813,89437880,89438380,7,493,1.4000000000000001,98.6
12814,89438380,89438880,75,425,15.0,85.0
12815,89438880,89439380,5,495,1.0,99.0
12816,89439380,89439880,405,95,81.0,19.0
12817,89439880,89440380,500,0,100.0,0.0
12818,89440380,89440880,500,0,100.0,0.0
12819,89440880,89441380,500,0,100.0,0.0
12820,89441380,89441880,500,0,100.0,0.0
12821,89441880,89442380,500,0,100.0,0.0
12822,89442380,89442880,500,0,100.0,0.0
12823,89442880,89443380,500,0,100.0,0.0
12824,89443380,89443880,500,0,100.0,0.0
12825,89443880,89444380,500,0,100.0,0.0
12826,89444380,89444880,500,0,100.0,0.0
12827,89444880,89445380,500,0,100.0,0.0
12828,89445380,89445880,500,0,100.0,0.0
12829,89445880,89446380,500,0,100.0,0.0
12830,89446380,89446880,500,0,100.0,0.0
12831,89446880,89447380,500,0,100.0,0.0
12832,89447380,89447880,500,0,100.0,0.0
12833,89447880,89448380,500,0,100.0,0.0
12834,89448380,89448880,500,0,100.0,0.0
12835,89448880,89449380,500,0,100.0,0.0
12836,89449380,89449880,500,0,100.0,0.0
12837,89449880,89450380,500,0,100.0,0.0
12838,89450380,89450880,500,0,100.0,0.0
12839,89450880,89451380,500,0,100.0,0.0
12840,89451380,89451880,500,0,100.0,0.0
12841,89451880,89452380,500,0,100.0,0.0
12842,89452380,89452880,500,0,100.0,0.0
12843,89452880,89453380,500,0,100.0,0.0
12844,89453380,89453880,500,0,100.0,0.0
12845,89453880,89454380,500,0,100.0,0.0
12846,89454380,89454880,500,0,100.0,0.0
12847,89454880,89455380,122,378,24.4,75.6
12848,89455380,89455880,9,491,1.7999999999999998,98.2
12849,89455880,89456380,4,496,0.8,99.2
12850,89456380,89456880,7,493,1.4000000000000001,98.6
12851,89456880,89457380,97,403,19.400000000000002,80.6
12852,89457380,89457880,138,362,27.6,72.4
12853,89457880,89458380,500,0,100.0,0.0
12854,89458380,89458880,500,0,100.0,0.0
12855,89458880,89459380,500,0,100.0,0.0
12856,89459380,89459880,500,0,100.0,0.0
12857,89459880,89460380,500,0,100.0,0.0
12858,89460380,89460880,500,0,100.0,0.0
12859,89460880,89461380,500,0,100.0,0.0
12860,89461380,89461880,500,0,100.0,0.0
12861,89461880,89462380,500,0,100.0,0.0
12862,89462380,89462880,500,0,100.0,0.0
12863,89462880,89463380,500,0,100.0,0.0
12864,89463380,89463880,500,0,100.0,0.0
12865,89463880,89464380,500,0,100.0,0.0
12866,89464380,89464880,500,0,100.0,0.0
12867,89464880,89465380,500,0,100.0,0.0
12868,89465380,89465880,500,0,100.0,0.0
12869,89465880,89466380,500,0,100.0,0.0
12870,89466380,89466880,500,0,100.0,0.0
12871,89466880,89467380,500,0,100.0,0.0
12872,89467380,89467880,500,0,100.0,0.0
12873,89467880,89468380,500,0,100.0,0.0
12874,89468380,89468880,500,0,100.0,0.0
12875,89468880,89469380,500,0,100.0,0.0
12876,89469380,89469880,500,0,100.0,0.0
12877,89469880,89470380,500,0,100.0,0.0
12878,89470380,89470880,500,0,100.0,0.0
12879,89470880,89471380,500,0,100.0,0.0
12880,89471380,89471880,500,0,100.0,0.0
12881,89471880,89472380,500,0,100.0,0.0
12882,89472380,89472880,500,0,100.0,0.0
12883,89472880,89473380,500,0,100.0,0.0
12884,89473380,89473880,500,0,100.0,0.0
12885,89473880,89474380,500,0,100.0,0.0
12886,89474380,89474880,500,0,100.0,0.0
12887,89474880,89475380,33,467,6.6000000000000005,93.4
12888,89475380,89475880,53,447,10.6,89.4
12889,89475880,89476380,57,443,11.4,88.6
12890,89476380,89476880,308,192,61.6,38.4
12891,89476880,89477380,500,0,100.0,0.0
12892,89477380,89477880,500,0,100.0,0.0
12893,89477880,89478380,500,0,100.0,0.0
12894,89478380,89478880,500,0,100.0,0.0
12895,89478880,89479380,500,0,100.0,0.0
12896,89479380,89479880,500,0,100.0,0.0
12897,89479880,89480380,500,0,100.0,0.0
12898,89480380,89480880,500,0,100.0,0.0
12899,89480880,89481380,500,0,100.0,0.0
12900,89481380,89481880,500,0,100.0,0.0
12901,89481880,89482380,500,0,100.0,0.0
12902,89482380,89482880,500,0,100.0,0.0
12903,89482880,89483380,500,0,100.0,0.0
12904,89483380,89483880,500,0,100.0,0.0
12905,89483880,89484380,500,0,100.0,0.0
12906,89484380,89484880,500,0,100.0,0.0
12907,89484880,89485380,500,0,100.0,0.0
12908,89485380,89485880,500,0,100.0,0.0
12909,89485880,89486380,500,0,100.0,0.0
12910,89486380,89486880,500,0,100.0,0.0
12911,89486880,89487380,500,0,100.0,0.0
12912,89487380,89487880,500,0,100.0,0.0
12913,89487880,89488380,500,0,100.0,0.0
12914,89488380,89488880,500,0,100.0,0.0
12915,89488880,89489380,500,0,100.0,0.0
12916,89489380,89489880,500,0,100.0,0.0
12917,89489880,89490380,500,0,100.0,0.0
12918,89490380,89490880,500,0,100.0,0.0
12919,89490880,89491380,500,0,100.0,0.0
12920,89491380,89491880,500,0,100.0,0.0
12921,89491880,89492380,500,0,100.0,0.0
12922,89492380,89492880,500,0,100.0,0.0
12923,89492880,89493380,500,0,100.0,0.0
12924,89493380,89493880,500,0,100.0,0.0
12925,89493880,89494380,500,0,100.0,0.0
12926,89494380,89494880,500,0,100.0,0.0
12927,89494880,89495380,500,0,100.0,0.0
12928,89495380,89495880,500,0,100.0,0.0
12929,89495880,89496380,500,0,100.0,0.0
12930,89496380,89496880,500,0,100.0,0.0
12931,89496880,89497380,500,0,100.0,0.0
12932,89497380,89497880,40,460,8.0,92.0
12933,89497880,89498380,5,495,1.0,99.0
12934,89498380,89498880,80,420,16.0,84.0
12935,89498880,89499380,233,267,46.6,53.4
12936,89499380,89499880,500,0,100.0,0.0
12937,89499880,89500380,500,0,100.0,0.0
12938,89500380,89500880,500,0,100.0,0.0
12939,89500880,89501380,500,0,100.0,0.0
12940,89501380,89501880,500,0,100.0,0.0
12941,89501880,89502380,500,0,100.0,0.0
12942,89502380,89502880,500,0,100.0,0.0
12943,89502880,89503380,500,0,100.0,0.0
12944,89503380,89503880,500,0,100.0,0.0
12945,89503880,89504380,500,0,100.0,0.0
12946,89504380,89504880,500,0,100.0,0.0
12947,89504880,89505380,500,0,100.0,0.0
12948,89505380,89505880,500,0,100.0,0.0
12949,89505880,89506380,500,0,100.0,0.0
12950,89506380,89506880,500,0,100.0,0.0
12951,89506880,89507380,500,0,100.0,0.0
12952,89507380,89507880,500,0,100.0,0.0
12953,89507880,89508380,500,0,100.0,0.0
12954,89508380,89508880,500,0,100.0,0.0
12955,89508880,89509380,500,0,100.0,0.0
12956,89509380,89509880,500,0,100.0,0.0
12957,89509880,89510380,500,0,100.0,0.0
12958,89510380,89510880,500,0,100.0,0.0
12959,89510880,89511380,500,0,100.0,0.0
12960,89511380,89511880,500,0,100.0,0.0
12961,89511880,89512380,500,0,100.0,0.0
12962,89512380,89512880,500,0,100.0,0.0
12963,89512880,89513380,500,0,100.0,0.0
12964,89513380,89513880,500,0,100.0,0.0
12965,89513880,89514380,500,0,100.0,0.0
12966,89514380,89514880,500,0,100.0,0.0
12967,89514880,89515380,322,178,64.4,35.599999999999994
12968,89515380,89515880,7,493,1.4000000000000001,98.6
12969,89515880,89516380,143,357,28.599999999999998,71.4
12970,89516380,89516880,31,469,6.2,93.8
12971,89516880,89517380,500,0,100.0,0.0
12972,89517380,89517880,500,0,100.0,0.0
12973,89517880,89518380,500,0,100.0,0.0
12974,89518380,89518880,500,0,100.0,0.0
12975,89518880,89519380,500,0,100.0,0.0
12976,89519380,89519880,500,0,100.0,0.0
12977,89519880,89520380,500,0,100.0,0.0
12978,89520380,89520880,500,0,100.0,0.0
12979,89520880,89521380,500,0,100.0,0.0
12980,89521380,89521880,500,0,100.0,0.0
12981,89521880,89522380,500,0,100.0,0.0
12982,89522380,89522880,500,0,100.0,0.0
12983,89522880,89523380,500,0,100.0,0.0
12984,89523380,89523880,500,0,100.0,0.0
12985,89523880,89524380,500,0,100.0,0.0
12986,89524380,89524880,500,0,100.0,0.0
12987,89524880,89525380,500,0,100.0,0.0
12988,89525380,89525880,500,0,100.0,0.0
12989,89525880,89526380,500,0,100.0,0.0
12990,89526380,89526880,500,0,100.0,0.0
12991,89526880,89527380,500,0,100.0,0.0
12992,89527380,89527880,500,0,100.0,0.0
12993,89527880,89528380,500,0,100.0,0.0
12994,89528380,89528880,500,0,100.0,0.0
12995,89528880,89529380,500,0,100.0,0.0
12996,89529380,89529880,500,0,100.0,0.0
12997,89529880,89530380,500,0,100.0,0.0
12998,89530380,89530880,500,0,100.0,0.0
12999,89530880,89531380,500,0,100.0,0.0
13000,89531380,89531880,500,0,100.0,0.0
13001,89531880,89532380,500,0,100.0,0.0
13002,89532380,89532880,500,0,100.0,0.0
13003,89532880,89533380,500,0,100.0,0.0
13004,89533380,89533880,500,0,100.0,0.0
13005,89533880,89534380,133,367,26.6,73.4
13006,89534380,89534880,7,493,1.4000000000000001,98.6
13007,89534880,89535380,75,425,15.0,85.0
13008,89535380,89535880,160,340,32.0,68.0
13009,89535880,89536380,500,0,100.0,0.0
13010,89536380,89536880,500,0,100.0,0.0
13011,89536880,89537380,500,0,100.0,0.0
13012,89537380,89537880,500,0,100.0,0.0
13013,89537880,89538380,500,0,100.0,0.0
13014,89538380,89538880,500,0,100.0,0.0
13015,89538880,89539380,500,0,100.0,0.0
13016,89539380,89539880,500,0,100.0,0.0
13017,89539880,89540380,500,0,100.0,0.0
13018,89540380,89540880,500,0,100.0,0.0
13019,89540880,89541380,500,0,100.0,0.0
13020,89541380,89541880,500,0,100.0,0.0
13021,89541880,89542380,500,0,100.0,0.0
13022,89542380,89542880,500,0,100.0,0.0
13023,89542880,89543380,500,0,100.0,0.0
13024,89543380,89543880,500,0,100.0,0.0
13025,89543880,89544380,500,0,100.0,0.0
13026,89544380,89544880,500,0,100.0,0.0
13027,89544880,89545380,500,0,100.0,0.0
13028,89545380,89545880,500,0,100.0,0.0
13029,89545880,89546380,500,0,100.0,0.0
13030,89546380,89546880,500,0,100.0,0.0
13031,89546880,89547380,500,0,100.0,0.0
13032,89547380,89547880,500,0,100.0,0.0
13033,89547880,89548380,500,0,100.0,0.0
13034,89548380,89548880,500,0,100.0,0.0
13035,89548880,89549380,500,0,100.0,0.0
13036,89549380,89549880,500,0,100.0,0.0
13037,89549880,89550380,500,0,100.0,0.0
13038,89550380,89550880,500,0,100.0,0.0
13039,89550880,89551380,500,0,100.0,0.0
13040,89551380,89551880,500,0,100.0,0.0
13041,89551880,89552380,500,0,100.0,0.0
13042,89552380,89552880,500,0,100.0,0.0
13043,89552880,89553380,290,210,57.99999999999999,42.00000000000001
13044,89553380,89553880,9,491,1.7999999999999998,98.2
13045,89553880,89554380,111,389,22.2,77.8
13046,89554380,89554880,91,409,18.2,81.8
13047,89554880,89555380,500,0,100.0,0.0
13048,89555380,89555880,500,0,100.0,0.0
13049,89555880,89556380,500,0,100.0,0.0
13050,89556380,89556880,500,0,100.0,0.0
13051,89556880,89557380,500,0,100.0,0.0
13052,89557380,89557880,500,0,100.0,0.0
13053,89557880,89558380,500,0,100.0,0.0
13054,89558380,89558880,500,0,100.0,0.0
13055,89558880,89559380,500,0,100.0,0.0
13056,89559380,89559880,500,0,100.0,0.0
13057,89559880,89560380,500,0,100.0,0.0
13058,89560380,89560880,500,0,100.0,0.0
13059,89560880,89561380,500,0,100.0,0.0
13060,89561380,89561880,500,0,100.0,0.0
13061,89561880,89562380,500,0,100.0,0.0
13062,89562380,89562880,500,0,100.0,0.0
13063,89562880,89563380,500,0,100.0,0.0
13064,89563380,89563880,500,0,100.0,0.0
13065,89563880,89564380,500,0,100.0,0.0
13066,89564380,89564880,500,0,100.0,0.0
13067,89564880,89565380,500,0,100.0,0.0
13068,89565380,89565880,500,0,100.0,0.0
13069,89565880,89566380,500,0,100.0,0.0
13070,89566380,89566880,500,0,100.0,0.0
13071,89566880,89567380,500,0,100.0,0.0
13072,89567380,89567880,500,0,100.0,0.0
13073,89567880,89568380,500,0,100.0,0.0
13074,89568380,89568880,500,0,100.0,0.0
13075,89568880,89569380,500,0,100.0,0.0
13076,89569380,89569880,500,0,100.0,0.0
13077,89569880,89570380,500,0,100.0,0.0
13078,89570380,89570880,344,156,68.8,31.200000000000003
13079,89570880,89571380,9,491,1.7999999999999998,98.2
13080,89571380,89571880,71,429,14.2,85.8
13081,89571880,89572380,5,495,1.0,99.0
13082,89572380,89572880,492,8,98.4,1.5999999999999943
13083,89572880,89573380,500,0,100.0,0.0
13084,89573380,89573880,500,0,100.0,0.0
13085,89573880,89574380,500,0,100.0,0.0
13086,89574380,89574880,500,0,100.0,0.0
13087,89574880,89575380,500,0,100.0,0.0
13088,89575380,89575880,500,0,100.0,0.0
13089,89575880,89576380,500,0,100.0,0.0
13090,89576380,89576880,500,0,100.0,0.0
13091,89576880,89577380,500,0,100.0,0.0
13092,89577380,89577880,500,0,100.0,0.0
13093,89577880,89578380,500,0,100.0,0.0
13094,89578380,89578880,500,0,100.0,0.0
13095,89578880,89579380,500,0,100.0,0.0
13096,89579380,89579880,500,0,100.0,0.0
13097,89579880,89580380,500,0,100.0,0.0
13098,89580380,89580880,500,0,100.0,0.0
13099,89580880,89581380,500,0,100.0,0.0
13100,89581380,89581880,500,0,100.0,0.0
13101,89581880,89582380,500,0,100.0,0.0
13102,89582380,89582880,500,0,100.0,0.0
13103,89582880,89583380,500,0,100.0,0.0
13104,89583380,89583880,500,0,100.0,0.0
13105,89583880,89584380,500,0,100.0,0.0
13106,89584380,89584880,500,0,100.0,0.0
13107,89584880,89585380,500,0,100.0,0.0
13108,89585380,89585880,500,0,100.0,0.0
13109,89585880,89586380,500,0,100.0,0.0
13110,89586380,89586880,500,0,100.0,0.0
13111,89586880,89587380,500,0,100.0,0.0
13112,89587380,89587880,87,413,17.4,82.6
13113,89587880,89588380,22,478,4.3999999999999995,95.6
13114,89588380,89588880,63,437,12.6,87.4
13115,89588880,89589380,329,171,65.8,34.2
13116,89589380,89589880,500,0,100.0,0.0
13117,89589880,89590380,500,0,100.0,0.0
13118,89590380,89590880,500,0,100.0,0.0
13119,89590880,89591380,500,0,100.0,0.0
13120,89591380,89591880,500,0,100.0,0.0
13121,89591880,89592380,500,0,100.0,0.0
13122,89592380,89592880,500,0,100.0,0.0
13123,89592880,89593380,500,0,100.0,0.0
13124,89593380,89593880,500,0,100.0,0.0
13125,89593880,89594380,500,0,100.0,0.0
13126,89594380,89594880,500,0,100.0,0.0
13127,89594880,89595380,500,0,100.0,0.0
13128,89595380,89595880,500,0,100.0,0.0
13129,89595880,89596380,500,0,100.0,0.0
13130,89596380,89596880,500,0,100.0,0.0
13131,89596880,89597380,500,0,100.0,0.0
13132,89597380,89597880,500,0,100.0,0.0
13133,89597880,89598380,500,0,100.0,0.0
13134,89598380,89598880,500,0,100.0,0.0
13135,89598880,89599380,500,0,100.0,0.0
13136,89599380,89599880,500,0,100.0,0.0
13137,89599880,89600380,500,0,100.0,0.0
13138,89600380,89600880,500,0,100.0,0.0
13139,89600880,89601380,500,0,100.0,0.0
13140,89601380,89601880,500,0,100.0,0.0
13141,89601880,89602380,500,0,100.0,0.0
13142,89602380,89602880,500,0,100.0,0.0
13143,89602880,89603380,500,0,100.0,0.0
13144,89603380,89603880,500,0,100.0,0.0
13145,89603880,89604380,407,93,81.39999999999999,18.60000000000001
13146,89604380,89604880,8,492,1.6,98.4
13147,89604880,89605380,57,443,11.4,88.6
13148,89605380,89605880,80,420,16.0,84.0
13149,89605880,89606380,500,0,100.0,0.0
13150,89606380,89606880,500,0,100.0,0.0
13151,89606880,89607380,500,0,100.0,0.0
13152,89607380,89607880,500,0,100.0,0.0
13153,89607880,89608380,500,0,100.0,0.0
13154,89608380,89608880,500,0,100.0,0.0
13155,89608880,89609380,500,0,100.0,0.0
13156,89609380,89609880,500,0,100.0,0.0
13157,89609880,89610380,500,0,100.0,0.0
13158,89610380,89610880,500,0,100.0,0.0
13159,89610880,89611380,500,0,100.0,0.0
13160,89611380,89611880,500,0,100.0,0.0
13161,89611880,89612380,500,0,100.0,0.0
13162,89612380,89612880,500,0,100.0,0.0
13163,89612880,89613380,500,0,100.0,0.0
13164,89613380,89613880,500,0,100.0,0.0
13165,89613880,89614380,500,0,100.0,0.0
13166,89614380,89614880,500,0,100.0,0.0
13167,89614880,89615380,500,0,100.0,0.0
13168,89615380,89615880,500,0,100.0,0.0
13169,89615880,89616380,500,0,100.0,0.0
13170,89616380,89616880,500,0,100.0,0.0
13171,89616880,89617380,500,0,100.0,0.0
13172,89617380,89617880,500,0,100.0,0.0
13173,89617880,89618380,500,0,100.0,0.0
13174,89618380,89618880,500,0,100.0,0.0
13175,89618880,89619380,500,0,100.0,0.0
13176,89619380,89619880,500,0,100.0,0.0
13177,89619880,89620380,500,0,100.0,0.0
13178,89620380,89620880,500,0,100.0,0.0
13179,89620880,89621380,271,229,54.2,45.8
13180,89621380,89621880,6,494,1.2,98.8
13181,89621880,89622380,107,393,21.4,78.6
13182,89622380,89622880,178,322,35.6,64.4
13183,89622880,89623380,500,0,100.0,0.0
13184,89623380,89623880,500,0,100.0,0.0
13185,89623880,89624380,500,0,100.0,0.0
13186,89624380,89624880,500,0,100.0,0.0
13187,89624880,89625380,500,0,100.0,0.0
13188,89625380,89625880,500,0,100.0,0.0
13189,89625880,89626380,500,0,100.0,0.0
13190,89626380,89626880,500,0,100.0,0.0
13191,89626880,89627380,500,0,100.0,0.0
13192,89627380,89627880,500,0,100.0,0.0
13193,89627880,89628380,500,0,100.0,0.0
13194,89628380,89628880,500,0,100.0,0.0
13195,89628880,89629380,500,0,100.0,0.0
13196,89629380,89629880,500,0,100.0,0.0
13197,89629880,89630380,500,0,100.0,0.0
13198,89630380,89630880,500,0,100.0,0.0
13199,89630880,89631380,500,0,100.0,0.0
13200,89631380,89631880,500,0,100.0,0.0
13201,89631880,89632380,500,0,100.0,0.0
13202,89632380,89632880,500,0,100.0,0.0
13203,89632880,89633380,500,0,100.0,0.0
13204,89633380,89633880,500,0,100.0,0.0
13205,89633880,89634380,500,0,100.0,0.0
13206,89634380,89634880,500,0,100.0,0.0
13207,89634880,89635380,500,0,100.0,0.0
13208,89635380,89635880,500,0,100.0,0.0
13209,89635880,89636380,500,0,100.0,0.0
13210,89636380,89636880,500,0,100.0,0.0
13211,89636880,89637380,500,0,100.0,0.0
13212,89637380,89637880,500,0,100.0,0.0
13213,89637880,89638380,500,0,100.0,0.0
13214,89638380,89638880,489,11,97.8,2.200000000000003
13215,89638880,89639380,9,491,1.7999999999999998,98.2
13216,89639380,89639880,72,428,14.399999999999999,85.6
13217,89639880,89640380,5,495,1.0,99.0
13218,89640380,89640880,372,128,74.4,25.599999999999994
13219,89640880,89641380,500,0,100.0,0.0
13220,89641380,89641880,500,0,100.0,0.0
13221,89641880,89642380,500,0,100.0,0.0
13222,89642380,89642880,500,0,100.0,0.0
13223,89642880,89643380,500,0,100.0,0.0
13224,89643380,89643880,500,0,100.0,0.0
13225,89643880,89644380,500,0,100.0,0.0
13226,89644380,89644880,500,0,100.0,0.0
13227,89644880,89645380,500,0,100.0,0.0
13228,89645380,89645880,500,0,100.0,0.0
13229,89645880,89646380,500,0,100.0,0.0
13230,89646380,89646880,500,0,100.0,0.0
13231,89646880,89647380,500,0,100.0,0.0
13232,89647380,89647880,500,0,100.0,0.0
13233,89647880,89648380,500,0,100.0,0.0
13234,89648380,89648880,500,0,100.0,0.0
13235,89648880,89649380,500,0,100.0,0.0
13236,89649380,89649880,500,0,100.0,0.0
13237,89649880,89650380,500,0,100.0,0.0
13238,89650380,89650880,500,0,100.0,0.0
13239,89650880,89651380,500,0,100.0,0.0
13240,89651380,89651880,500,0,100.0,0.0
13241,89651880,89652380,500,0,100.0,0.0
13242,89652380,89652880,500,0,100.0,0.0
13243,89652880,89653380,500,0,100.0,0.0
13244,89653380,89653880,500,0,100.0,0.0
13245,89653880,89654380,500,0,100.0,0.0
13246,89654380,89654880,500,0,100.0,0.0
13247,89654880,89655380,500,0,100.0,0.0
13248,89655380,89655880,500,0,100.0,0.0
13249,89655880,89656380,500,0,100.0,0.0
13250,89656380,89656880,130,370,26.0,74.0
13251,89656880,89657380,6,494,1.2,98.8
13252,89657380,89657880,73,427,14.6,85.4
13253,89657880,89658380,246,254,49.2,50.8
13254,89658380,89658880,500,0,100.0,0.0
13255,89658880,89659380,500,0,100.0,0.0
13256,89659380,89659880,500,0,100.0,0.0
13257,89659880,89660380,500,0,100.0,0.0
13258,89660380,89660880,500,0,100.0,0.0
13259,89660880,89661380,500,0,100.0,0.0
13260,89661380,89661880,500,0,100.0,0.0
13261,89661880,89662380,500,0,100.0,0.0
13262,89662380,89662880,500,0,100.0,0.0
13263,89662880,89663380,500,0,100.0,0.0
13264,89663380,89663880,500,0,100.0,0.0
13265,89663880,89664380,500,0,100.0,0.0
13266,89664380,89664880,500,0,100.0,0.0
13267,89664880,89665380,500,0,100.0,0.0
13268,89665380,89665880,500,0,100.0,0.0
13269,89665880,89666380,500,0,100.0,0.0
13270,89666380,89666880,500,0,100.0,0.0
13271,89666880,89667380,500,0,100.0,0.0
13272,89667380,89667880,500,0,100.0,0.0
13273,89667880,89668380,500,0,100.0,0.0
13274,89668380,89668880,500,0,100.0,0.0
13275,89668880,89669380,500,0,100.0,0.0
13276,89669380,89669880,500,0,100.0,0.0
13277,89669880,89670380,500,0,100.0,0.0
13278,89670380,89670880,500,0,100.0,0.0
13279,89670880,89671380,500,0,100.0,0.0
13280,89671380,89671880,500,0,100.0,0.0
13281,89671880,89672380,500,0,100.0,0.0
13282,89672380,89672880,500,0,100.0,0.0
13283,89672880,89673380,500,0,100.0,0.0
13284,89673380,89673880,500,0,100.0,0.0
13285,89673880,89674380,500,0,100.0,0.0
13286,89674380,89674880,281,219,56.2,43.8
13287,89674880,89675380,7,493,1.4000000000000001,98.6
13288,89675380,89675880,118,382,23.599999999999998,76.4
13289,89675880,89676380,2,498,0.4,99.6
13290,89676380,89676880,4,496,0.8,99.2
13291,89676880,89677380,224,276,44.800000000000004,55.199999999999996
13292,89677380,89677880,500,0,100.0,0.0
13293,89677880,89678380,500,0,100.0,0.0
13294,89678380,89678880,500,0,100.0,0.0
13295,89678880,89679380,500,0,100.0,0.0
13296,89679380,89679880,500,0,100.0,0.0
13297,89679880,89680380,500,0,100.0,0.0
13298,89680380,89680880,500,0,100.0,0.0
13299,89680880,89681380,500,0,100.0,0.0
13300,89681380,89681880,500,0,100.0,0.0
13301,89681880,89682380,500,0,100.0,0.0
13302,89682380,89682880,500,0,100.0,0.0
13303,89682880,89683380,500,0,100.0,0.0
13304,89683380,89683880,500,0,100.0,0.0
13305,89683880,89684380,500,0,100.0,0.0
13306,89684380,89684880,500,0,100.0,0.0
13307,89684880,89685380,500,0,100.0,0.0
13308,89685380,89685880,500,0,100.0,0.0
13309,89685880,89686380,500,0,100.0,0.0
13310,89686380,89686880,500,0,100.0,0.0
13311,89686880,89687380,500,0,100.0,0.0
13312,89687380,89687880,500,0,100.0,0.0
13313,89687880,89688380,500,0,100.0,0.0
13314,89688380,89688880,500,0,100.0,0.0
13315,89688880,89689380,500,0,100.0,0.0
13316,89689380,89689880,500,0,100.0,0.0
13317,89689880,89690380,500,0,100.0,0.0
13318,89690380,89690880,500,0,100.0,0.0
13319,89690880,89691380,500,0,100.0,0.0
13320,89691380,89691880,500,0,100.0,0.0
13321,89691880,89692380,500,0,100.0,0.0
13322,89692380,89692880,465,35,93.0,7.0
13323,89692880,89693380,7,493,1.4000000000000001,98.6
13324,89693380,89693880,7,493,1.4000000000000001,98.6
13325,89693880,89694380,72,428,14.399999999999999,85.6
13326,89694380,89694880,221,279,44.2,55.8
13327,89694880,89695380,500,0,100.0,0.0
13328,89695380,89695880,500,0,100.0,0.0
13329,89695880,89696380,500,0,100.0,0.0
13330,89696380,89696880,500,0,100.0,0.0
13331,89696880,89697380,500,0,100.0,0.0
13332,89697380,89697880,500,0,100.0,0.0
13333,89697880,89698380,500,0,100.0,0.0
13334,89698380,89698880,500,0,100.0,0.0
13335,89698880,89699380,500,0,100.0,0.0
13336,89699380,89699880,500,0,100.0,0.0
13337,89699880,89700380,500,0,100.0,0.0
13338,89700380,89700880,500,0,100.0,0.0
13339,89700880,89701380,500,0,100.0,0.0
13340,89701380,89701880,500,0,100.0,0.0
13341,89701880,89702380,500,0,100.0,0.0
13342,89702380,89702880,500,0,100.0,0.0
13343,89702880,89703380,500,0,100.0,0.0
13344,89703380,89703880,500,0,100.0,0.0
13345,89703880,89704380,500,0,100.0,0.0
13346,89704380,89704880,500,0,100.0,0.0
13347,89704880,89705380,500,0,100.0,0.0
13348,89705380,89705880,500,0,100.0,0.0
13349,89705880,89706380,500,0,100.0,0.0
13350,89706380,89706880,500,0,100.0,0.0
13351,89706880,89707380,500,0,100.0,0.0
13352,89707380,89707880,500,0,100.0,0.0
13353,89707880,89708380,500,0,100.0,0.0
13354,89708380,89708880,500,0,100.0,0.0
13355,89708880,89709380,500,0,100.0,0.0
13356,89709380,89709880,500,0,100.0,0.0
13357,89709880,89710380,500,0,100.0,0.0
13358,89710380,89710880,386,114,77.2,22.799999999999997
13359,89710880,89711380,7,493,1.4000000000000001,98.6
13360,89711380,89711880,72,428,14.399999999999999,85.6
13361,89711880,89712380,4,496,0.8,99.2
13362,89712380,89712880,422,78,84.39999999999999,15.600000000000009
13363,89712880,89713380,500,0,100.0,0.0
13364,89713380,89713880,500,0,100.0,0.0
13365,89713880,89714380,500,0,100.0,0.0
13366,89714380,89714880,500,0,100.0,0.0
13367,89714880,89715380,500,0,100.0,0.0
13368,89715380,89715880,500,0,100.0,0.0
13369,89715880,89716380,500,0,100.0,0.0
13370,89716380,89716880,500,0,100.0,0.0
13371,89716880,89717380,500,0,100.0,0.0
13372,89717380,89717880,500,0,100.0,0.0
13373,89717880,89718380,500,0,100.0,0.0
13374,89718380,89718880,500,0,100.0,0.0
13375,89718880,89719380,500,0,100.0,0.0
13376,89719380,89719880,500,0,100.0,0.0
13377,89719880,89720380,500,0,100.0,0.0
13378,89720380,89720880,500,0,100.0,0.0
13379,89720880,89721380,500,0,100.0,0.0
13380,89721380,89721880,500,0,100.0,0.0
13381,89721880,89722380,500,0,100.0,0.0
13382,89722380,89722880,500,0,100.0,0.0
13383,89722880,89723380,500,0,100.0,0.0
13384,89723380,89723880,500,0,100.0,0.0
13385,89723880,89724380,500,0,100.0,0.0
13386,89724380,89724880,500,0,100.0,0.0
13387,89724880,89725380,500,0,100.0,0.0
13388,89725380,89725880,500,0,100.0,0.0
13389,89725880,89726380,500,0,100.0,0.0
13390,89726380,89726880,500,0,100.0,0.0
13391,89726880,89727380,500,0,100.0,0.0
13392,89727380,89727880,500,0,100.0,0.0
13393,89727880,89728380,500,0,100.0,0.0
13394,89728380,89728880,500,0,100.0,0.0
13395,89728880,89729380,500,0,100.0,0.0
13396,89729380,89729880,500,0,100.0,0.0
13397,89729880,89730380,500,0,100.0,0.0
13398,89730380,89730880,500,0,100.0,0.0
13399,89730880,89731380,206,294,41.199999999999996,58.800000000000004
13400,89731380,89731880,6,494,1.2,98.8
13401,89731880,89732380,112,388,22.400000000000002,77.6
13402,89732380,89732880,18,482,3.5999999999999996,96.4
13403,89732880,89733380,277,223,55.400000000000006,44.599999999999994
13404,89733380,89733880,500,0,100.0,0.0
13405,89733880,89734380,500,0,100.0,0.0
13406,89734380,89734880,500,0,100.0,0.0
13407,89734880,89735380,500,0,100.0,0.0
13408,89735380,89735880,500,0,100.0,0.0
13409,89735880,89736380,500,0,100.0,0.0
13410,89736380,89736880,500,0,100.0,0.0
13411,89736880,89737380,500,0,100.0,0.0
13412,89737380,89737880,500,0,100.0,0.0
13413,89737880,89738380,500,0,100.0,0.0
13414,89738380,89738880,500,0,100.0,0.0
13415,89738880,89739380,500,0,100.0,0.0
13416,89739380,89739880,500,0,100.0,0.0
13417,89739880,89740380,500,0,100.0,0.0
13418,89740380,89740880,500,0,100.0,0.0
13419,89740880,89741380,500,0,100.0,0.0
13420,89741380,89741880,500,0,100.0,0.0
13421,89741880,89742380,500,0,100.0,0.0
13422,89742380,89742880,500,0,100.0,0.0
13423,89742880,89743380,500,0,100.0,0.0
13424,89743380,89743880,500,0,100.0,0.0
13425,89743880,89744380,500,0,100.0,0.0
13426,89744380,89744880,500,0,100.0,0.0
13427,89744880,89745380,500,0,100.0,0.0
13428,89745380,89745880,500,0,100.0,0.0
13429,89745880,89746380,500,0,100.0,0.0
13430,89746380,89746880,500,0,100.0,0.0
13431,89746880,89747380,500,0,100.0,0.0
13432,89747380,89747880,500,0,100.0,0.0
13433,89747880,89748380,500,0,100.0,0.0
13434,89748380,89748880,500,0,100.0,0.0
13435,89748880,89749380,500,0,100.0,0.0
13436,89749380,89749880,500,0,100.0,0.0
13437,89749880,89750380,500,0,100.0,0.0
13438,89750380,89750880,500,0,100.0,0.0
13439,89750880,89751380,500,0,100.0,0.0
13440,89751380,89751880,331,169,66.2,33.8
13441,89751880,89752380,7,493,1.4000000000000001,98.6
13442,89752380,89752880,79,421,15.8,84.2
13443,89752880,89753380,8,492,1.6,98.4
13444,89753380,89753880,500,0,100.0,0.0
13445,89753880,89754380,500,0,100.0,0.0
13446,89754380,89754880,500,0,100.0,0.0
13447,89754880,89755380,500,0,100.0,0.0
13448,89755380,89755880,500,0,100.0,0.0
13449,89755880,89756380,500,0,100.0,0.0
13450,89756380,89756880,500,0,100.0,0.0
13451,89756880,89757380,500,0,100.0,0.0
13452,89757380,89757880,500,0,100.0,0.0
13453,89757880,89758380,500,0,100.0,0.0
13454,89758380,89758880,500,0,100.0,0.0
13455,89758880,89759380,500,0,100.0,0.0
13456,89759380,89759880,500,0,100.0,0.0
13457,89759880,89760380,500,0,100.0,0.0
13458,89760380,89760880,500,0,100.0,0.0
13459,89760880,89761380,500,0,100.0,0.0
13460,89761380,89761880,500,0,100.0,0.0
13461,89761880,89762380,500,0,100.0,0.0
13462,89762380,89762880,500,0,100.0,0.0
13463,89762880,89763380,500,0,100.0,0.0
13464,89763380,89763880,500,0,100.0,0.0
13465,89763880,89764380,500,0,100.0,0.0
13466,89764380,89764880,500,0,100.0,0.0
13467,89764880,89765380,500,0,100.0,0.0
13468,89765380,89765880,500,0,100.0,0.0
13469,89765880,89766380,500,0,100.0,0.0
13470,89766380,89766880,500,0,100.0,0.0
13471,89766880,89767380,500,0,100.0,0.0
13472,89767380,89767880,500,0,100.0,0.0
13473,89767880,89768380,500,0,100.0,0.0
13474,89768380,89768880,500,0,100.0,0.0
13475,89768880,89769380,106,394,21.2,78.8
13476,89769380,89769880,8,492,1.6,98.4
13477,89769880,89770380,75,425,15.0,85.0
13478,89770380,89770880,203,297,40.6,59.4
13479,89770880,89771380,500,0,100.0,0.0
13480,89771380,89771880,500,0,100.0,0.0
13481,89771880,89772380,500,0,100.0,0.0
13482,89772380,89772880,500,0,100.0,0.0
13483,89772880,89773380,500,0,100.0,0.0
13484,89773380,89773880,500,0,100.0,0.0
13485,89773880,89774380,500,0,100.0,0.0
13486,89774380,89774880,500,0,100.0,0.0
13487,89774880,89775380,500,0,100.0,0.0
13488,89775380,89775880,500,0,100.0,0.0
13489,89775880,89776380,500,0,100.0,0.0
13490,89776380,89776880,500,0,100.0,0.0
13491,89776880,89777380,500,0,100.0,0.0
13492,89777380,89777880,500,0,100.0,0.0
13493,89777880,89778380,500,0,100.0,0.0
13494,89778380,89778880,500,0,100.0,0.0
13495,89778880,89779380,500,0,100.0,0.0
13496,89779380,89779880,500,0,100.0,0.0
13497,89779880,89780380,500,0,100.0,0.0
13498,89780380,89780880,500,0,100.0,0.0
13499,89780880,89781380,500,0,100.0,0.0
13500,89781380,89781880,500,0,100.0,0.0
13501,89781880,89782380,500,0,100.0,0.0
13502,89782380,89782880,500,0,100.0,0.0
13503,89782880,89783380,500,0,100.0,0.0
13504,89783380,89783880,500,0,100.0,0.0
13505,89783880,89784380,500,0,100.0,0.0
13506,89784380,89784880,500,0,100.0,0.0
13507,89784880,89785380,500,0,100.0,0.0
13508,89785380,89785880,500,0,100.0,0.0
13509,89785880,89786380,396,104,79.2,20.799999999999997
13510,89786380,89786880,8,492,1.6,98.4
13511,89786880,89787380,106,394,21.2,78.8
13512,89787380,89787880,6,494,1.2,98.8
13513,89787880,89788380,500,0,100.0,0.0
13514,89788380,89788880,500,0,100.0,0.0
13515,89788880,89789380,500,0,100.0,0.0
13516,89789380,89789880,500,0,100.0,0.0
13517,89789880,89790380,500,0,100.0,0.0
13518,89790380,89790880,500,0,100.0,0.0
13519,89790880,89791380,500,0,100.0,0.0
13520,89791380,89791880,500,0,100.0,0.0
13521,89791880,89792380,500,0,100.0,0.0
13522,89792380,89792880,500,0,100.0,0.0
13523,89792880,89793380,500,0,100.0,0.0
13524,89793380,89793880,500,0,100.0,0.0
13525,89793880,89794380,500,0,100.0,0.0
13526,89794380,89794880,500,0,100.0,0.0
13527,89794880,89795380,500,0,100.0,0.0
13528,89795380,89795880,500,0,100.0,0.0
13529,89795880,89796380,500,0,100.0,0.0
13530,89796380,89796880,500,0,100.0,0.0
13531,89796880,89797380,500,0,100.0,0.0
13532,89797380,89797880,500,0,100.0,0.0
13533,89797880,89798380,500,0,100.0,0.0
13534,89798380,89798880,500,0,100.0,0.0
13535,89798880,89799380,500,0,100.0,0.0
13536,89799380,89799880,500,0,100.0,0.0
13537,89799880,89800380,500,0,100.0,0.0
13538,89800380,89800880,500,0,100.0,0.0
13539,89800880,89801380,500,0,100.0,0.0
13540,89801380,89801880,500,0,100.0,0.0
13541,89801880,89802380,500,0,100.0,0.0
13542,89802380,89802880,455,45,91.0,9.0
13543,89802880,89803380,7,493,1.4000000000000001,98.6
13544,89803380,89803880,117,383,23.400000000000002,76.6
13545,89803880,89804380,6,494,1.2,98.8
13546,89804380,89804880,360,140,72.0,28.0
13547,89804880,89805380,500,0,100.0,0.0
13548,89805380,89805880,500,0,100.0,0.0
13549,89805880,89806380,500,0,100.0,0.0
13550,89806380,89806880,500,0,100.0,0.0
13551,89806880,89807380,500,0,100.0,0.0
13552,89807380,89807880,500,0,100.0,0.0
13553,89807880,89808380,500,0,100.0,0.0
13554,89808380,89808880,500,0,100.0,0.0
13555,89808880,89809380,500,0,100.0,0.0
13556,89809380,89809880,500,0,100.0,0.0
13557,89809880,89810380,500,0,100.0,0.0
13558,89810380,89810880,500,0,100.0,0.0
13559,89810880,89811380,500,0,100.0,0.0
13560,89811380,89811880,500,0,100.0,0.0
13561,89811880,89812380,500,0,100.0,0.0
13562,89812380,89812880,500,0,100.0,0.0
13563,89812880,89813380,500,0,100.0,0.0
13564,89813380,89813880,500,0,100.0,0.0
13565,89813880,89814380,500,0,100.0,0.0
13566,89814380,89814880,500,0,100.0,0.0
13567,89814880,89815380,500,0,100.0,0.0
13568,89815380,89815880,500,0,100.0,0.0
13569,89815880,89816380,500,0,100.0,0.0
13570,89816380,89816880,500,0,100.0,0.0
13571,89816880,89817380,500,0,100.0,0.0
13572,89817380,89817880,500,0,100.0,0.0
13573,89817880,89818380,500,0,100.0,0.0
13574,89818380,89818880,500,0,100.0,0.0
13575,89818880,89819380,500,0,100.0,0.0
13576,89819380,89819880,500,0,100.0,0.0
13577,89819880,89820380,310,190,62.0,38.0
13578,89820380,89820880,7,493,1.4000000000000001,98.6
13579,89820880,89821380,77,423,15.4,84.6
13580,89821380,89821880,6,494,1.2,98.8
13581,89821880,89822380,466,34,93.2,6.799999999999997
13582,89822380,89822880,500,0,100.0,0.0
13583,89822880,89823380,500,0,100.0,0.0
13584,89823380,89823880,500,0,100.0,0.0
13585,89823880,89824380,500,0,100.0,0.0
13586,89824380,89824880,500,0,100.0,0.0
13587,89824880,89825380,500,0,100.0,0.0
13588,89825380,89825880,500,0,100.0,0.0
13589,89825880,89826380,500,0,100.0,0.0
13590,89826380,89826880,500,0,100.0,0.0
13591,89826880,89827380,500,0,100.0,0.0
13592,89827380,89827880,500,0,100.0,0.0
13593,89827880,89828380,500,0,100.0,0.0
13594,89828380,89828880,500,0,100.0,0.0
13595,89828880,89829380,500,0,100.0,0.0
13596,89829380,89829880,500,0,100.0,0.0
13597,89829880,89830380,500,0,100.0,0.0
13598,89830380,89830880,500,0,100.0,0.0
13599,89830880,89831380,500,0,100.0,0.0
13600,89831380,89831880,500,0,100.0,0.0
13601,89831880,89832380,500,0,100.0,0.0
13602,89832380,89832880,500,0,100.0,0.0
13603,89832880,89833380,500,0,100.0,0.0
13604,89833380,89833880,500,0,100.0,0.0
13605,89833880,89834380,500,0,100.0,0.0
13606,89834380,89834880,500,0,100.0,0.0
13607,89834880,89835380,500,0,100.0,0.0
13608,89835380,89835880,500,0,100.0,0.0
13609,89835880,89836380,500,0,100.0,0.0
13610,89836380,89836880,500,0,100.0,0.0
13611,89836880,89837380,107,393,21.4,78.6
13612,89837380,89837880,8,492,1.6,98.4
13613,89837880,89838380,74,426,14.799999999999999,85.2
13614,89838380,89838880,20,480,4.0,96.0
13615,89838880,89839380,325,175,65.0,35.0
13616,89839380,89839880,500,0,100.0,0.0
13617,89839880,89840380,500,0,100.0,0.0
13618,89840380,89840880,500,0,100.0,0.0
13619,89840880,89841380,500,0,100.0,0.0
13620,89841380,89841880,500,0,100.0,0.0
13621,89841880,89842380,500,0,100.0,0.0
13622,89842380,89842880,500,0,100.0,0.0
13623,89842880,89843380,500,0,100.0,0.0
13624,89843380,89843880,500,0,100.0,0.0
13625,89843880,89844380,500,0,100.0,0.0
13626,89844380,89844880,500,0,100.0,0.0
13627,89844880,89845380,500,0,100.0,0.0
13628,89845380,89845880,500,0,100.0,0.0
13629,89845880,89846380,500,0,100.0,0.0
13630,89846380,89846880,500,0,100.0,0.0
13631,89846880,89847380,500,0,100.0,0.0
13632,89847380,89847880,500,0,100.0,0.0
13633,89847880,89848380,500,0,100.0,0.0
13634,89848380,89848880,500,0,100.0,0.0
13635,89848880,89849380,500,0,100.0,0.0
13636,89849380,89849880,500,0,100.0,0.0
13637,89849880,89850380,500,0,100.0,0.0
13638,89850380,89850880,500,0,100.0,0.0
13639,89850880,89851380,500,0,100.0,0.0
13640,89851380,89851880,500,0,100.0,0.0
13641,89851880,89852380,500,0,100.0,0.0
13642,89852380,89852880,500,0,100.0,0.0
13643,89852880,89853380,500,0,100.0,0.0
13644,89853380,89853880,500,0,100.0,0.0
13645,89853880,89854380,500,0,100.0,0.0
13646,89854380,89854880,500,0,100.0,0.0
13647,89854880,89855380,500,0,100.0,0.0
13648,89855380,89855880,500,0,100.0,0.0
13649,89855880,89856380,500,0,100.0,0.0
13650,89856380,89856880,500,0,100.0,0.0
13651,89856880,89857380,500,0,100.0,0.0
13652,89857380,89857880,500,0,100.0,0.0
13653,89857880,89858380,68,432,13.600000000000001,86.4
13654,89858380,89858880,7,493,1.4000000000000001,98.6
13655,89858880,89859380,67,433,13.4,86.6
13656,89859380,89859880,126,374,25.2,74.8
13657,89859880,89860380,500,0,100.0,0.0
13658,89860380,89860880,500,0,100.0,0.0
13659,89860880,89861380,500,0,100.0,0.0
13660,89861380,89861880,500,0,100.0,0.0
13661,89861880,89862380,500,0,100.0,0.0
13662,89862380,89862880,500,0,100.0,0.0
13663,89862880,89863380,500,0,100.0,0.0
13664,89863380,89863880,500,0,100.0,0.0
13665,89863880,89864380,500,0,100.0,0.0
13666,89864380,89864880,500,0,100.0,0.0
13667,89864880,89865380,500,0,100.0,0.0
13668,89865380,89865880,500,0,100.0,0.0
13669,89865880,89866380,500,0,100.0,0.0
13670,89866380,89866880,500,0,100.0,0.0
13671,89866880,89867380,500,0,100.0,0.0
13672,89867380,89867880,500,0,100.0,0.0
13673,89867880,89868380,500,0,100.0,0.0
13674,89868380,89868880,500,0,100.0,0.0
13675,89868880,89869380,500,0,100.0,0.0
13676,89869380,89869880,500,0,100.0,0.0
13677,89869880,89870380,500,0,100.0,0.0
13678,89870380,89870880,500,0,100.0,0.0
13679,89870880,89871380,500,0,100.0,0.0
13680,89871380,89871880,500,0,100.0,0.0
13681,89871880,89872380,500,0,100.0,0.0
13682,89872380,89872880,500,0,100.0,0.0
13683,89872880,89873380,500,0,100.0,0.0
13684,89873380,89873880,500,0,100.0,0.0
13685,89873880,89874380,500,0,100.0,0.0
13686,89874380,89874880,500,0,100.0,0.0
13687,89874880,89875380,500,0,100.0,0.0
13688,89875380,89875880,438,62,87.6,12.400000000000006
13689,89875880,89876380,2,498,0.4,99.6
13690,89876380,89876880,10,490,2.0,98.0
13691,89876880,89877380,52,448,10.4,89.6
13692,89877380,89877880,38,462,7.6,92.4
13693,89877880,89878380,310,190,62.0,38.0
13694,89878380,89878880,500,0,100.0,0.0
13695,89878880,89879380,500,0,100.0,0.0
13696,89879380,89879880,500,0,100.0,0.0
13697,89879880,89880380,500,0,100.0,0.0
13698,89880380,89880880,500,0,100.0,0.0
13699,89880880,89881380,500,0,100.0,0.0
13700,89881380,89881880,500,0,100.0,0.0
13701,89881880,89882380,500,0,100.0,0.0
13702,89882380,89882880,500,0,100.0,0.0
13703,89882880,89883380,500,0,100.0,0.0
13704,89883380,89883880,500,0,100.0,0.0
13705,89883880,89884380,500,0,100.0,0.0
13706,89884380,89884880,500,0,100.0,0.0
13707,89884880,89885380,500,0,100.0,0.0
13708,89885380,89885880,500,0,100.0,0.0
13709,89885880,89886380,500,0,100.0,0.0
13710,89886380,89886880,500,0,100.0,0.0
13711,89886880,89887380,500,0,100.0,0.0
13712,89887380,89887880,500,0,100.0,0.0
13713,89887880,89888380,500,0,100.0,0.0
13714,89888380,89888880,500,0,100.0,0.0
13715,89888880,89889380,500,0,100.0,0.0
13716,89889380,89889880,500,0,100.0,0.0
13717,89889880,89890380,500,0,100.0,0.0
13718,89890380,89890880,500,0,100.0,0.0
13719,89890880,89891380,500,0,100.0,0.0
13720,89891380,89891880,500,0,100.0,0.0
13721,89891880,89892380,500,0,100.0,0.0
13722,89892380,89892880,500,0,100.0,0.0
13723,89892880,89893380,381,119,76.2,23.799999999999997
13724,89893380,89893880,9,491,1.7999999999999998,98.2
13725,89893880,89894380,96,404,19.2,80.8
13726,89894380,89894880,6,494,1.2,98.8
13727,89894880,89895380,485,15,97.0,3.0
13728,89895380,89895880,500,0,100.0,0.0
13729,89895880,89896380,500,0,100.0,0.0
13730,89896380,89896880,500,0,100.0,0.0
13731,89896880,89897380,500,0,100.0,0.0
13732,89897380,89897880,500,0,100.0,0.0
13733,89897880,89898380,500,0,100.0,0.0
13734,89898380,89898880,500,0,100.0,0.0
13735,89898880,89899380,500,0,100.0,0.0
13736,89899380,89899880,500,0,100.0,0.0
13737,89899880,89900380,500,0,100.0,0.0
13738,89900380,89900880,500,0,100.0,0.0
13739,89900880,89901380,500,0,100.0,0.0
13740,89901380,89901880,500,0,100.0,0.0
13741,89901880,89902380,500,0,100.0,0.0
13742,89902380,89902880,500,0,100.0,0.0
13743,89902880,89903380,500,0,100.0,0.0
13744,89903380,89903880,500,0,100.0,0.0
13745,89903880,89904380,500,0,100.0,0.0
13746,89904380,89904880,500,0,100.0,0.0
13747,89904880,89905380,500,0,100.0,0.0
13748,89905380,89905880,500,0,100.0,0.0
13749,89905880,89906380,500,0,100.0,0.0
13750,89906380,89906880,500,0,100.0,0.0
13751,89906880,89907380,500,0,100.0,0.0
13752,89907380,89907880,500,0,100.0,0.0
13753,89907880,89908380,500,0,100.0,0.0
13754,89908380,89908880,500,0,100.0,0.0
13755,89908880,89909380,500,0,100.0,0.0
13756,89909380,89909880,500,0,100.0,0.0
13757,89909880,89910380,500,0,100.0,0.0
13758,89910380,89910880,500,0,100.0,0.0
13759,89910880,89911380,500,0,100.0,0.0
13760,89911380,89911880,333,167,66.60000000000001,33.39999999999999
13761,89911880,89912380,4,496,0.8,99.2
13762,89912380,89912880,72,428,14.399999999999999,85.6
13763,89912880,89913380,5,495,1.0,99.0
13764,89913380,89913880,477,23,95.39999999999999,4.6000000000000085
13765,89913880,89914380,500,0,100.0,0.0
13766,89914380,89914880,500,0,100.0,0.0
13767,89914880,89915380,500,0,100.0,0.0
13768,89915380,89915880,500,0,100.0,0.0
13769,89915880,89916380,500,0,100.0,0.0
13770,89916380,89916880,500,0,100.0,0.0
13771,89916880,89917380,500,0,100.0,0.0
13772,89917380,89917880,500,0,100.0,0.0
13773,89917880,89918380,500,0,100.0,0.0
13774,89918380,89918880,500,0,100.0,0.0
13775,89918880,89919380,500,0,100.0,0.0
13776,89919380,89919880,500,0,100.0,0.0
13777,89919880,89920380,500,0,100.0,0.0
13778,89920380,89920880,500,0,100.0,0.0
13779,89920880,89921380,500,0,100.0,0.0
13780,89921380,89921880,500,0,100.0,0.0
13781,89921880,89922380,500,0,100.0,0.0
13782,89922380,89922880,500,0,100.0,0.0
13783,89922880,89923380,500,0,100.0,0.0
13784,89923380,89923880,500,0,100.0,0.0
13785,89923880,89924380,500,0,100.0,0.0
13786,89924380,89924880,500,0,100.0,0.0
13787,89924880,89925380,500,0,100.0,0.0
13788,89925380,89925880,500,0,100.0,0.0
13789,89925880,89926380,500,0,100.0,0.0
13790,89926380,89926880,500,0,100.0,0.0
13791,89926880,89927380,500,0,100.0,0.0
13792,89927380,89927880,500,0,100.0,0.0
13793,89927880,89928380,500,0,100.0,0.0
13794,89928380,89928880,500,0,100.0,0.0
13795,89928880,89929380,26,474,5.2,94.8
13796,89929380,89929880,8,492,1.6,98.4
13797,89929880,89930380,77,423,15.4,84.6
13798,89930380,89930880,5,495,1.0,99.0
13799,89930880,89931380,287,213,57.4,42.6
13800,89931380,89931880,500,0,100.0,0.0
13801,89931880,89932380,500,0,100.0,0.0
13802,89932380,89932880,500,0,100.0,0.0
13803,89932880,89933380,500,0,100.0,0.0
13804,89933380,89933880,500,0,100.0,0.0
13805,89933880,89934380,500,0,100.0,0.0
13806,89934380,89934880,500,0,100.0,0.0
13807,89934880,89935380,500,0,100.0,0.0
13808,89935380,89935880,500,0,100.0,0.0
13809,89935880,89936380,500,0,100.0,0.0
13810,89936380,89936880,500,0,100.0,0.0
13811,89936880,89937380,500,0,100.0,0.0
13812,89937380,89937880,500,0,100.0,0.0
13813,89937880,89938380,500,0,100.0,0.0
13814,89938380,89938880,500,0,100.0,0.0
13815,89938880,89939380,500,0,100.0,0.0
13816,89939380,89939880,500,0,100.0,0.0
13817,89939880,89940380,500,0,100.0,0.0
13818,89940380,89940880,500,0,100.0,0.0
13819,89940880,89941380,500,0,100.0,0.0
13820,89941380,89941880,500,0,100.0,0.0
13821,89941880,89942380,500,0,100.0,0.0
13822,89942380,89942880,500,0,100.0,0.0
13823,89942880,89943380,500,0,100.0,0.0
13824,89943380,89943880,500,0,100.0,0.0
13825,89943880,89944380,500,0,100.0,0.0
13826,89944380,89944880,500,0,100.0,0.0
13827,89944880,89945380,500,0,100.0,0.0
13828,89945380,89945880,500,0,100.0,0.0
13829,89945880,89946380,500,0,100.0,0.0
13830,89946380,89946880,500,0,100.0,0.0
13831,89946880,89947380,500,0,100.0,0.0
13832,89947380,89947880,500,0,100.0,0.0
13833,89947880,89948380,500,0,100.0,0.0
13834,89948380,89948880,56,444,11.200000000000001,88.8
13835,89948880,89949380,27,473,5.4,94.6
13836,89949380,89949880,114,386,22.8,77.2
13837,89949880,89950380,244,256,48.8,51.2
13838,89950380,89950880,500,0,100.0,0.0
13839,89950880,89951380,500,0,100.0,0.0
13840,89951380,89951880,500,0,100.0,0.0
13841,89951880,89952380,500,0,100.0,0.0
13842,89952380,89952880,500,0,100.0,0.0
13843,89952880,89953380,500,0,100.0,0.0
13844,89953380,89953880,500,0,100.0,0.0
13845,89953880,89954380,500,0,100.0,0.0
13846,89954380,89954880,500,0,100.0,0.0
13847,89954880,89955380,500,0,100.0,0.0
13848,89955380,89955880,500,0,100.0,0.0
13849,89955880,89956380,500,0,100.0,0.0
13850,89956380,89956880,500,0,100.0,0.0
13851,89956880,89957380,500,0,100.0,0.0
13852,89957380,89957880,500,0,100.0,0.0
13853,89957880,89958380,500,0,100.0,0.0
13854,89958380,89958880,500,0,100.0,0.0
13855,89958880,89959380,500,0,100.0,0.0
13856,89959380,89959880,500,0,100.0,0.0
13857,89959880,89960380,500,0,100.0,0.0
13858,89960380,89960880,500,0,100.0,0.0
13859,89960880,89961380,500,0,100.0,0.0
13860,89961380,89961880,500,0,100.0,0.0
13861,89961880,89962380,500,0,100.0,0.0
13862,89962380,89962880,500,0,100.0,0.0
13863,89962880,89963380,500,0,100.0,0.0
13864,89963380,89963880,500,0,100.0,0.0
13865,89963880,89964380,500,0,100.0,0.0
13866,89964380,89964880,500,0,100.0,0.0
13867,89964880,89965380,500,0,100.0,0.0
13868,89965380,89965880,500,0,100.0,0.0
13869,89965880,89966380,500,0,100.0,0.0
13870,89966380,89966880,500,0,100.0,0.0
13871,89966880,89967380,500,0,100.0,0.0
13872,89967380,89967880,500,0,100.0,0.0
13873,89967880,89968380,500,0,100.0,0.0
13874,89968380,89968880,500,0,100.0,0.0
13875,89968880,89969380,500,0,100.0,0.0
13876,89969380,89969880,500,0,100.0,0.0
13877,89969880,89970380,500,0,100.0,0.0
13878,89970380,89970880,500,0,100.0,0.0
13879,89970880,89971380,500,0,100.0,0.0
13880,89971380,89971880,500,0,100.0,0.0
13881,89971880,89972380,500,0,100.0,0.0
13882,89972380,89972880,500,0,100.0,0.0
13883,89972880,89973380,500,0,100.0,0.0
13884,89973380,89973880,500,0,100.0,0.0
13885,89973880,89974380,500,0,100.0,0.0
13886,89974380,89974880,253,247,50.6,49.4
13887,89974880,89975380,7,493,1.4000000000000001,98.6
13888,89975380,89975880,81,419,16.2,83.8
13889,89975880,89976380,5,495,1.0,99.0
13890,89976380,89976880,3,497,0.6,99.4
13891,89976880,89977380,3,497,0.6,99.4
13892,89977380,89977880,272,228,54.400000000000006,45.599999999999994
13893,89977880,89978380,500,0,100.0,0.0
13894,89978380,89978880,500,0,100.0,0.0
13895,89978880,89979380,500,0,100.0,0.0
13896,89979380,89979880,500,0,100.0,0.0
13897,89979880,89980380,500,0,100.0,0.0
13898,89980380,89980880,500,0,100.0,0.0
13899,89980880,89981380,500,0,100.0,0.0
13900,89981380,89981880,500,0,100.0,0.0
13901,89981880,89982380,500,0,100.0,0.0
13902,89982380,89982880,500,0,100.0,0.0
13903,89982880,89983380,500,0,100.0,0.0
13904,89983380,89983880,500,0,100.0,0.0
13905,89983880,89984380,500,0,100.0,0.0
13906,89984380,89984880,500,0,100.0,0.0
13907,89984880,89985380,500,0,100.0,0.0
13908,89985380,89985880,500,0,100.0,0.0
13909,89985880,89986380,500,0,100.0,0.0
13910,89986380,89986880,500,0,100.0,0.0
13911,89986880,89987380,500,0,100.0,0.0
13912,89987380,89987880,500,0,100.0,0.0
13913,89987880,89988380,500,0,100.0,0.0
13914,89988380,89988880,500,0,100.0,0.0
13915,89988880,89989380,500,0,100.0,0.0
13916,89989380,89989880,500,0,100.0,0.0
13917,89989880,89990380,500,0,100.0,0.0
13918,89990380,89990880,500,0,100.0,0.0
13919,89990880,89991380,500,0,100.0,0.0
13920,89991380,89991880,500,0,100.0,0.0
13921,89991880,89992380,500,0,100.0,0.0
13922,89992380,89992880,500,0,100.0,0.0
13923,89992880,89993380,500,0,100.0,0.0
13924,89993380,89993880,500,0,100.0,0.0
13925,89993880,89994380,500,0,100.0,0.0
13926,89994380,89994880,500,0,100.0,0.0
13927,89994880,89995380,500,0,100.0,0.0
13928,89995380,89995880,500,0,100.0,0.0
13929,89995880,89996380,500,0,100.0,0.0
13930,89996380,89996880,500,0,100.0,0.0
13931,89996880,89997380,500,0,100.0,0.0
13932,89997380,89997880,500,0,100.0,0.0
13933,89997880,89998380,500,0,100.0,0.0
13934,89998380,89998880,500,0,100.0,0.0
13935,89998880,89999380,500,0,100.0,0.0
13936,89999380,89999880,500,0,100.0,0.0
13937,89999880,90000380,500,0,100.0,0.0
13938,90000380,90000880,500,0,100.0,0.0
13939,90000880,90001380,500,0,100.0,0.0
13940,90001380,90001880,500,0,100.0,0.0
13941,90001880,90002380,500,0,100.0,0.0
13942,90002380,90002880,500,0,100.0,0.0
13943,90002880,90003380,500,0,100.0,0.0
13944,90003380,90003880,500,0,100.0,0.0
13945,90003880,90004380,500,0,100.0,0.0
13946,90004380,90004880,500,0,100.0,0.0
13947,90004880,90005380,500,0,100.0,0.0
13948,90005380,90005880,500,0,100.0,0.0
13949,90005880,90006380,500,0,100.0,0.0
13950,90006380,90006880,500,0,100.0,0.0
13951,90006880,90007380,500,0,100.0,0.0
13952,90007380,90007880,500,0,100.0,0.0
13953,90007880,90008380,500,0,100.0,0.0
13954,90008380,90008880,500,0,100.0,0.0
13955,90008880,90009380,500,0,100.0,0.0
13956,90009380,90009880,500,0,100.0,0.0
13957,90009880,90010380,500,0,100.0,0.0
13958,90010380,90010880,500,0,100.0,0.0
13959,90010880,90011380,500,0,100.0,0.0
13960,90011380,90011880,500,0,100.0,0.0
13961,90011880,90012380,500,0,100.0,0.0
13962,90012380,90012880,500,0,100.0,0.0
13963,90012880,90013380,500,0,100.0,0.0
13964,90013380,90013880,500,0,100.0,0.0
13965,90013880,90014380,500,0,100.0,0.0
13966,90014380,90014880,500,0,100.0,0.0
13967,90014880,90015380,500,0,100.0,0.0
13968,90015380,90015880,500,0,100.0,0.0
13969,90015880,90016380,500,0,100.0,0.0
13970,90016380,90016880,500,0,100.0,0.0
13971,90016880,90017380,500,0,100.0,0.0
13972,90017380,90017880,500,0,100.0,0.0
13973,90017880,90018380,500,0,100.0,0.0
13974,90018380,90018880,500,0,100.0,0.0
13975,90018880,90019380,500,0,100.0,0.0
13976,90019380,90019880,500,0,100.0,0.0
13977,90019880,90020380,500,0,100.0,0.0
13978,90020380,90020880,500,0,100.0,0.0
13979,90020880,90021380,500,0,100.0,0.0
13980,90021380,90021880,500,0,100.0,0.0
13981,90021880,90022380,500,0,100.0,0.0
13982,90022380,90022880,500,0,100.0,0.0
13983,90022880,90023380,500,0,100.0,0.0
13984,90023380,90023880,500,0,100.0,0.0
13985,90023880,90024380,500,0,100.0,0.0
13986,90024380,90024880,500,0,100.0,0.0
13987,90024880,90025380,500,0,100.0,0.0
13988,90025380,90025880,500,0,100.0,0.0
13989,90025880,90026380,500,0,100.0,0.0
13990,90026380,90026880,500,0,100.0,0.0
13991,90026880,90027380,500,0,100.0,0.0
13992,90027380,90027880,500,0,100.0,0.0
13993,90027880,90028380,500,0,100.0,0.0
13994,90028380,90028880,500,0,100.0,0.0
13995,90028880,90029380,500,0,100.0,0.0
13996,90029380,90029880,500,0,100.0,0.0
13997,90029880,90030380,500,0,100.0,0.0
13998,90030380,90030880,500,0,100.0,0.0
13999,90030880,90031380,500,0,100.0,0.0
14000,90031380,90031880,500,0,100.0,0.0
14001,90031880,90032380,500,0,100.0,0.0
14002,90032380,90032880,500,0,100.0,0.0
14003,90032880,90033380,500,0,100.0,0.0
14004,90033380,90033880,500,0,100.0,0.0
14005,90033880,90034380,500,0,100.0,0.0
14006,90034380,90034880,500,0,100.0,0.0
14007,90034880,90035380,500,0,100.0,0.0
14008,90035380,90035880,500,0,100.0,0.0
14009,90035880,90036380,500,0,100.0,0.0
14010,90036380,90036880,500,0,100.0,0.0
14011,90036880,90037380,500,0,100.0,0.0
14012,90037380,90037880,500,0,100.0,0.0
14013,90037880,90038380,500,0,100.0,0.0
14014,90038380,90038880,500,0,100.0,0.0
14015,90038880,90039380,500,0,100.0,0.0
14016,90039380,90039880,500,0,100.0,0.0
14017,90039880,90040380,500,0,100.0,0.0
14018,90040380,90040880,500,0,100.0,0.0
14019,90040880,90041380,500,0,100.0,0.0
14020,90041380,90041880,500,0,100.0,0.0
14021,90041880,90042380,500,0,100.0,0.0
14022,90042380,90042880,500,0,100.0,0.0
14023,90042880,90043380,500,0,100.0,0.0
14024,90043380,90043880,500,0,100.0,0.0
14025,90043880,90044380,500,0,100.0,0.0
14026,90044380,90044880,500,0,100.0,0.0
14027,90044880,90045380,500,0,100.0,0.0
14028,90045380,90045880,109,391,21.8,78.2
14029,90045880,90046380,6,494,1.2,98.8
14030,90046380,90046880,96,404,19.2,80.8
14031,90046880,90047380,142,358,28.4,71.6
14032,90047380,90047880,500,0,100.0,0.0
14033,90047880,90048380,500,0,100.0,0.0
14034,90048380,90048880,500,0,100.0,0.0
14035,90048880,90049380,500,0,100.0,0.0
14036,90049380,90049880,500,0,100.0,0.0
14037,90049880,90050380,500,0,100.0,0.0
14038,90050380,90050880,500,0,100.0,0.0
14039,90050880,90051380,500,0,100.0,0.0
14040,90051380,90051880,500,0,100.0,0.0
14041,90051880,90052380,500,0,100.0,0.0
14042,90052380,90052880,500,0,100.0,0.0
14043,90052880,90053380,500,0,100.0,0.0
14044,90053380,90053880,500,0,100.0,0.0
14045,90053880,90054380,500,0,100.0,0.0
14046,90054380,90054880,500,0,100.0,0.0
14047,90054880,90055380,500,0,100.0,0.0
14048,90055380,90055880,500,0,100.0,0.0
14049,90055880,90056380,500,0,100.0,0.0
14050,90056380,90056880,500,0,100.0,0.0
14051,90056880,90057380,500,0,100.0,0.0
14052,90057380,90057880,500,0,100.0,0.0
14053,90057880,90058380,500,0,100.0,0.0
14054,90058380,90058880,500,0,100.0,0.0
14055,90058880,90059380,500,0,100.0,0.0
14056,90059380,90059880,500,0,100.0,0.0
14057,90059880,90060380,500,0,100.0,0.0
14058,90060380,90060880,500,0,100.0,0.0
14059,90060880,90061380,500,0,100.0,0.0
14060,90061380,90061880,500,0,100.0,0.0
14061,90061880,90062380,500,0,100.0,0.0
14062,90062380,90062880,500,0,100.0,0.0
14063,90062880,90063380,369,131,73.8,26.200000000000003
14064,90063380,90063880,7,493,1.4000000000000001,98.6
14065,90063880,90064380,64,436,12.8,87.2
14066,90064380,90064880,61,439,12.2,87.8
14067,90064880,90065380,500,0,100.0,0.0
14068,90065380,90065880,500,0,100.0,0.0
14069,90065880,90066380,500,0,100.0,0.0
14070,90066380,90066880,500,0,100.0,0.0
14071,90066880,90067380,500,0,100.0,0.0
14072,90067380,90067880,500,0,100.0,0.0
14073,90067880,90068380,500,0,100.0,0.0
14074,90068380,90068880,500,0,100.0,0.0
14075,90068880,90069380,500,0,100.0,0.0
14076,90069380,90069880,500,0,100.0,0.0
14077,90069880,90070380,500,0,100.0,0.0
14078,90070380,90070880,500,0,100.0,0.0
14079,90070880,90071380,500,0,100.0,0.0
14080,90071380,90071880,500,0,100.0,0.0
14081,90071880,90072380,500,0,100.0,0.0
14082,90072380,90072880,500,0,100.0,0.0
14083,90072880,90073380,500,0,100.0,0.0
14084,90073380,90073880,500,0,100.0,0.0
14085,90073880,90074380,500,0,100.0,0.0
14086,90074380,90074880,500,0,100.0,0.0
14087,90074880,90075380,500,0,100.0,0.0
14088,90075380,90075880,500,0,100.0,0.0
14089,90075880,90076380,500,0,100.0,0.0
14090,90076380,90076880,500,0,100.0,0.0
14091,90076880,90077380,500,0,100.0,0.0
14092,90077380,90077880,500,0,100.0,0.0
14093,90077880,90078380,500,0,100.0,0.0
14094,90078380,90078880,500,0,100.0,0.0
14095,90078880,90079380,500,0,100.0,0.0
14096,90079380,90079880,500,0,100.0,0.0
14097,90079880,90080380,442,58,88.4,11.599999999999994
14098,90080380,90080880,9,491,1.7999999999999998,98.2
14099,90080880,90081380,63,437,12.6,87.4
14100,90081380,90081880,6,494,1.2,98.8
14101,90081880,90082380,490,10,98.0,2.0
14102,90082380,90082880,500,0,100.0,0.0
14103,90082880,90083380,500,0,100.0,0.0
14104,90083380,90083880,500,0,100.0,0.0
14105,90083880,90084380,500,0,100.0,0.0
14106,90084380,90084880,500,0,100.0,0.0
14107,90084880,90085380,500,0,100.0,0.0
14108,90085380,90085880,500,0,100.0,0.0
14109,90085880,90086380,500,0,100.0,0.0
14110,90086380,90086880,500,0,100.0,0.0
14111,90086880,90087380,500,0,100.0,0.0
14112,90087380,90087880,500,0,100.0,0.0
14113,90087880,90088380,500,0,100.0,0.0
14114,90088380,90088880,500,0,100.0,0.0
14115,90088880,90089380,500,0,100.0,0.0
14116,90089380,90089880,500,0,100.0,0.0
14117,90089880,90090380,500,0,100.0,0.0
14118,90090380,90090880,500,0,100.0,0.0
14119,90090880,90091380,500,0,100.0,0.0
14120,90091380,90091880,500,0,100.0,0.0
14121,90091880,90092380,500,0,100.0,0.0
14122,90092380,90092880,500,0,100.0,0.0
14123,90092880,90093380,500,0,100.0,0.0
14124,90093380,90093880,500,0,100.0,0.0
14125,90093880,90094380,500,0,100.0,0.0
14126,90094380,90094880,500,0,100.0,0.0
14127,90094880,90095380,500,0,100.0,0.0
14128,90095380,90095880,500,0,100.0,0.0
14129,90095880,90096380,500,0,100.0,0.0
14130,90096380,90096880,500,0,100.0,0.0
14131,90096880,90097380,500,0,100.0,0.0
14132,90097380,90097880,500,0,100.0,0.0
14133,90097880,90098380,300,200,60.0,40.0
14134,90098380,90098880,7,493,1.4000000000000001,98.6
14135,90098880,90099380,63,437,12.6,87.4
14136,90099380,90099880,121,379,24.2,75.8
14137,90099880,90100380,500,0,100.0,0.0
14138,90100380,90100880,500,0,100.0,0.0
14139,90100880,90101380,500,0,100.0,0.0
14140,90101380,90101880,500,0,100.0,0.0
14141,90101880,90102380,500,0,100.0,0.0
14142,90102380,90102880,500,0,100.0,0.0
14143,90102880,90103380,500,0,100.0,0.0
14144,90103380,90103880,500,0,100.0,0.0
14145,90103880,90104380,500,0,100.0,0.0
14146,90104380,90104880,500,0,100.0,0.0
14147,90104880,90105380,500,0,100.0,0.0
14148,90105380,90105880,500,0,100.0,0.0
14149,90105880,90106380,500,0,100.0,0.0
14150,90106380,90106880,500,0,100.0,0.0
14151,90106880,90107380,500,0,100.0,0.0
14152,90107380,90107880,500,0,100.0,0.0
14153,90107880,90108380,500,0,100.0,0.0
14154,90108380,90108880,500,0,100.0,0.0
14155,90108880,90109380,500,0,100.0,0.0
14156,90109380,90109880,500,0,100.0,0.0
14157,90109880,90110380,500,0,100.0,0.0
14158,90110380,90110880,500,0,100.0,0.0
14159,90110880,90111380,500,0,100.0,0.0
14160,90111380,90111880,500,0,100.0,0.0
14161,90111880,90112380,500,0,100.0,0.0
14162,90112380,90112880,500,0,100.0,0.0
14163,90112880,90113380,500,0,100.0,0.0
14164,90113380,90113880,500,0,100.0,0.0
14165,90113880,90114380,500,0,100.0,0.0
14166,90114380,90114880,500,0,100.0,0.0
14167,90114880,90115380,500,0,100.0,0.0
14168,90115380,90115880,241,259,48.199999999999996,51.800000000000004
14169,90115880,90116380,6,494,1.2,98.8
14170,90116380,90116880,111,389,22.2,77.8
14171,90116880,90117380,5,495,1.0,99.0
14172,90117380,90117880,426,74,85.2,14.799999999999997
14173,90117880,90118380,500,0,100.0,0.0
14174,90118380,90118880,500,0,100.0,0.0
14175,90118880,90119380,500,0,100.0,0.0
14176,90119380,90119880,500,0,100.0,0.0
14177,90119880,90120380,500,0,100.0,0.0
14178,90120380,90120880,500,0,100.0,0.0
14179,90120880,90121380,500,0,100.0,0.0
14180,90121380,90121880,500,0,100.0,0.0
14181,90121880,90122380,500,0,100.0,0.0
14182,90122380,90122880,500,0,100.0,0.0
14183,90122880,90123380,500,0,100.0,0.0
14184,90123380,90123880,500,0,100.0,0.0
14185,90123880,90124380,500,0,100.0,0.0
14186,90124380,90124880,500,0,100.0,0.0
14187,90124880,90125380,500,0,100.0,0.0
14188,90125380,90125880,500,0,100.0,0.0
14189,90125880,90126380,500,0,100.0,0.0
14190,90126380,90126880,500,0,100.0,0.0
14191,90126880,90127380,500,0,100.0,0.0
14192,90127380,90127880,500,0,100.0,0.0
14193,90127880,90128380,500,0,100.0,0.0
14194,90128380,90128880,500,0,100.0,0.0
14195,90128880,90129380,500,0,100.0,0.0
14196,90129380,90129880,500,0,100.0,0.0
14197,90129880,90130380,500,0,100.0,0.0
14198,90130380,90130880,500,0,100.0,0.0
14199,90130880,90131380,500,0,100.0,0.0
14200,90131380,90131880,500,0,100.0,0.0
14201,90131880,90132380,500,0,100.0,0.0
14202,90132380,90132880,500,0,100.0,0.0
14203,90132880,90133380,500,0,100.0,0.0
14204,90133380,90133880,125,375,25.0,75.0
14205,90133880,90134380,6,494,1.2,98.8
14206,90134380,90134880,112,388,22.400000000000002,77.6
14207,90134880,90135380,65,435,13.0,87.0
14208,90135380,90135880,500,0,100.0,0.0
14209,90135880,90136380,500,0,100.0,0.0
14210,90136380,90136880,500,0,100.0,0.0
14211,90136880,90137380,500,0,100.0,0.0
14212,90137380,90137880,500,0,100.0,0.0
14213,90137880,90138380,500,0,100.0,0.0
14214,90138380,90138880,500,0,100.0,0.0
14215,90138880,90139380,500,0,100.0,0.0
14216,90139380,90139880,500,0,100.0,0.0
14217,90139880,90140380,500,0,100.0,0.0
14218,90140380,90140880,500,0,100.0,0.0
14219,90140880,90141380,500,0,100.0,0.0
14220,90141380,90141880,500,0,100.0,0.0
14221,90141880,90142380,500,0,100.0,0.0
14222,90142380,90142880,500,0,100.0,0.0
14223,90142880,90143380,500,0,100.0,0.0
14224,90143380,90143880,500,0,100.0,0.0
14225,90143880,90144380,500,0,100.0,0.0
14226,90144380,90144880,500,0,100.0,0.0
14227,90144880,90145380,500,0,100.0,0.0
14228,90145380,90145880,500,0,100.0,0.0
14229,90145880,90146380,500,0,100.0,0.0
14230,90146380,90146880,500,0,100.0,0.0
14231,90146880,90147380,500,0,100.0,0.0
14232,90147380,90147880,500,0,100.0,0.0
14233,90147880,90148380,500,0,100.0,0.0
14234,90148380,90148880,500,0,100.0,0.0
14235,90148880,90149380,500,0,100.0,0.0
14236,90149380,90149880,500,0,100.0,0.0
14237,90149880,90150380,500,0,100.0,0.0
14238,90150380,90150880,500,0,100.0,0.0
14239,90150880,90151380,500,0,100.0,0.0
14240,90151380,90151880,481,19,96.2,3.799999999999997
14241,90151880,90152380,7,493,1.4000000000000001,98.6
14242,90152380,90152880,75,425,15.0,85.0
14243,90152880,90153380,3,497,0.6,99.4
14244,90153380,90153880,39,461,7.8,92.2
14245,90153880,90154380,500,0,100.0,0.0
14246,90154380,90154880,500,0,100.0,0.0
14247,90154880,90155380,500,0,100.0,0.0
14248,90155380,90155880,500,0,100.0,0.0
14249,90155880,90156380,500,0,100.0,0.0
14250,90156380,90156880,500,0,100.0,0.0
14251,90156880,90157380,500,0,100.0,0.0
14252,90157380,90157880,500,0,100.0,0.0
14253,90157880,90158380,500,0,100.0,0.0
14254,90158380,90158880,500,0,100.0,0.0
14255,90158880,90159380,500,0,100.0,0.0
14256,90159380,90159880,500,0,100.0,0.0
14257,90159880,90160380,500,0,100.0,0.0
14258,90160380,90160880,500,0,100.0,0.0
14259,90160880,90161380,500,0,100.0,0.0
14260,90161380,90161880,500,0,100.0,0.0
14261,90161880,90162380,500,0,100.0,0.0
14262,90162380,90162880,500,0,100.0,0.0
14263,90162880,90163380,500,0,100.0,0.0
14264,90163380,90163880,500,0,100.0,0.0
14265,90163880,90164380,500,0,100.0,0.0
14266,90164380,90164880,500,0,100.0,0.0
14267,90164880,90165380,500,0,100.0,0.0
14268,90165380,90165880,500,0,100.0,0.0
14269,90165880,90166380,500,0,100.0,0.0
14270,90166380,90166880,500,0,100.0,0.0
14271,90166880,90167380,500,0,100.0,0.0
14272,90167380,90167880,500,0,100.0,0.0
14273,90167880,90168380,500,0,100.0,0.0
14274,90168380,90168880,500,0,100.0,0.0
14275,90168880,90169380,500,0,100.0,0.0
14276,90169380,90169880,500,0,100.0,0.0
14277,90169880,90170380,500,0,100.0,0.0
14278,90170380,90170880,500,0,100.0,0.0
14279,90170880,90171380,7,493,1.4000000000000001,98.6
14280,90171380,90171880,66,434,13.200000000000001,86.8
14281,90171880,90172380,19,481,3.8,96.2
14282,90172380,90172880,357,143,71.39999999999999,28.60000000000001
14283,90172880,90173380,500,0,100.0,0.0
14284,90173380,90173880,500,0,100.0,0.0
14285,90173880,90174380,500,0,100.0,0.0
14286,90174380,90174880,500,0,100.0,0.0
14287,90174880,90175380,500,0,100.0,0.0
14288,90175380,90175880,500,0,100.0,0.0
14289,90175880,90176380,500,0,100.0,0.0
14290,90176380,90176880,500,0,100.0,0.0
14291,90176880,90177380,500,0,100.0,0.0
14292,90177380,90177880,500,0,100.0,0.0
14293,90177880,90178380,500,0,100.0,0.0
14294,90178380,90178880,500,0,100.0,0.0
14295,90178880,90179380,500,0,100.0,0.0
14296,90179380,90179880,500,0,100.0,0.0
14297,90179880,90180380,500,0,100.0,0.0
14298,90180380,90180880,500,0,100.0,0.0
14299,90180880,90181380,500,0,100.0,0.0
14300,90181380,90181880,500,0,100.0,0.0
14301,90181880,90182380,500,0,100.0,0.0
14302,90182380,90182880,500,0,100.0,0.0
14303,90182880,90183380,500,0,100.0,0.0
14304,90183380,90183880,500,0,100.0,0.0
14305,90183880,90184380,500,0,100.0,0.0
14306,90184380,90184880,500,0,100.0,0.0
14307,90184880,90185380,500,0,100.0,0.0
14308,90185380,90185880,500,0,100.0,0.0
14309,90185880,90186380,500,0,100.0,0.0
14310,90186380,90186880,500,0,100.0,0.0
14311,90186880,90187380,500,0,100.0,0.0
14312,90187380,90187880,500,0,100.0,0.0
14313,90187880,90188380,500,0,100.0,0.0
14314,90188380,90188880,500,0,100.0,0.0
14315,90188880,90189380,500,0,100.0,0.0
14316,90189380,90189880,500,0,100.0,0.0
14317,90189880,90190380,500,0,100.0,0.0
14318,90190380,90190880,500,0,100.0,0.0
14319,90190880,90191380,500,0,100.0,0.0
14320,90191380,90191880,500,0,100.0,0.0
14321,90191880,90192380,478,22,95.6,4.400000000000006
14322,90192380,90192880,7,493,1.4000000000000001,98.6
14323,90192880,90193380,3,497,0.6,99.4
14324,90193380,90193880,89,411,17.8,82.2
14325,90193880,90194380,4,496,0.8,99.2
14326,90194380,90194880,357,143,71.39999999999999,28.60000000000001
14327,90194880,90195380,500,0,100.0,0.0
14328,90195380,90195880,500,0,100.0,0.0
14329,90195880,90196380,500,0,100.0,0.0
14330,90196380,90196880,500,0,100.0,0.0
14331,90196880,90197380,500,0,100.0,0.0
14332,90197380,90197880,500,0,100.0,0.0
14333,90197880,90198380,500,0,100.0,0.0
14334,90198380,90198880,500,0,100.0,0.0
14335,90198880,90199380,500,0,100.0,0.0
14336,90199380,90199880,500,0,100.0,0.0
14337,90199880,90200380,500,0,100.0,0.0
14338,90200380,90200880,500,0,100.0,0.0
14339,90200880,90201380,500,0,100.0,0.0
14340,90201380,90201880,500,0,100.0,0.0
14341,90201880,90202380,500,0,100.0,0.0
14342,90202380,90202880,500,0,100.0,0.0
14343,90202880,90203380,500,0,100.0,0.0
14344,90203380,90203880,500,0,100.0,0.0
14345,90203880,90204380,500,0,100.0,0.0
14346,90204380,90204880,500,0,100.0,0.0
14347,90204880,90205380,500,0,100.0,0.0
14348,90205380,90205880,500,0,100.0,0.0
14349,90205880,90206380,500,0,100.0,0.0
14350,90206380,90206880,500,0,100.0,0.0
14351,90206880,90207380,500,0,100.0,0.0
14352,90207380,90207880,500,0,100.0,0.0
14353,90207880,90208380,500,0,100.0,0.0
14354,90208380,90208880,500,0,100.0,0.0
14355,90208880,90209380,500,0,100.0,0.0
14356,90209380,90209880,500,0,100.0,0.0
14357,90209880,90210380,500,0,100.0,0.0
14358,90210380,90210880,500,0,100.0,0.0
14359,90210880,90211380,500,0,100.0,0.0
14360,90211380,90211880,500,0,100.0,0.0
14361,90211880,90212380,500,0,100.0,0.0
14362,90212380,90212880,258,242,51.6,48.4
14363,90212880,90213380,6,494,1.2,98.8
14364,90213380,90213880,99,401,19.8,80.2
14365,90213880,90214380,29,471,5.800000000000001,94.2
14366,90214380,90214880,500,0,100.0,0.0
14367,90214880,90215380,500,0,100.0,0.0
14368,90215380,90215880,500,0,100.0,0.0
14369,90215880,90216380,500,0,100.0,0.0
14370,90216380,90216880,500,0,100.0,0.0
14371,90216880,90217380,500,0,100.0,0.0
14372,90217380,90217880,500,0,100.0,0.0
14373,90217880,90218380,500,0,100.0,0.0
14374,90218380,90218880,500,0,100.0,0.0
14375,90218880,90219380,500,0,100.0,0.0
14376,90219380,90219880,500,0,100.0,0.0
14377,90219880,90220380,500,0,100.0,0.0
14378,90220380,90220880,500,0,100.0,0.0
14379,90220880,90221380,500,0,100.0,0.0
14380,90221380,90221880,500,0,100.0,0.0
14381,90221880,90222380,500,0,100.0,0.0
14382,90222380,90222880,500,0,100.0,0.0
14383,90222880,90223380,500,0,100.0,0.0
14384,90223380,90223880,500,0,100.0,0.0
14385,90223880,90224380,500,0,100.0,0.0
14386,90224380,90224880,500,0,100.0,0.0
14387,90224880,90225380,500,0,100.0,0.0
14388,90225380,90225880,500,0,100.0,0.0
14389,90225880,90226380,500,0,100.0,0.0
14390,90226380,90226880,500,0,100.0,0.0
14391,90226880,90227380,500,0,100.0,0.0
14392,90227380,90227880,500,0,100.0,0.0
14393,90227880,90228380,500,0,100.0,0.0
14394,90228380,90228880,500,0,100.0,0.0
14395,90228880,90229380,500,0,100.0,0.0
14396,90229380,90229880,500,0,100.0,0.0
14397,90229880,90230380,497,3,99.4,0.5999999999999943
14398,90230380,90230880,7,493,1.4000000000000001,98.6
14399,90230880,90231380,18,482,3.5999999999999996,96.4
14400,90231380,90231880,76,424,15.2,84.8
14401,90231880,90232380,301,199,60.199999999999996,39.800000000000004
14402,90232380,90232880,500,0,100.0,0.0
14403,90232880,90233380,500,0,100.0,0.0
14404,90233380,90233880,500,0,100.0,0.0
14405,90233880,90234380,500,0,100.0,0.0
14406,90234380,90234880,500,0,100.0,0.0
14407,90234880,90235380,500,0,100.0,0.0
14408,90235380,90235880,500,0,100.0,0.0
14409,90235880,90236380,500,0,100.0,0.0
14410,90236380,90236880,500,0,100.0,0.0
14411,90236880,90237380,500,0,100.0,0.0
14412,90237380,90237880,500,0,100.0,0.0
14413,90237880,90238380,500,0,100.0,0.0
14414,90238380,90238880,500,0,100.0,0.0
14415,90238880,90239380,500,0,100.0,0.0
14416,90239380,90239880,500,0,100.0,0.0
14417,90239880,90240380,500,0,100.0,0.0
14418,90240380,90240880,500,0,100.0,0.0
14419,90240880,90241380,500,0,100.0,0.0
14420,90241380,90241880,500,0,100.0,0.0
14421,90241880,90242380,500,0,100.0,0.0
14422,90242380,90242880,500,0,100.0,0.0
14423,90242880,90243380,500,0,100.0,0.0
14424,90243380,90243880,500,0,100.0,0.0
14425,90243880,90244380,500,0,100.0,0.0
14426,90244380,90244880,500,0,100.0,0.0
14427,90244880,90245380,500,0,100.0,0.0
14428,90245380,90245880,500,0,100.0,0.0
14429,90245880,90246380,500,0,100.0,0.0
14430,90246380,90246880,500,0,100.0,0.0
14431,90246880,90247380,33,467,6.6000000000000005,93.4
14432,90247380,90247880,63,437,12.6,87.4
14433,90247880,90248380,89,411,17.8,82.2
14434,90248380,90248880,300,200,60.0,40.0
14435,90248880,90249380,500,0,100.0,0.0
14436,90249380,90249880,500,0,100.0,0.0
14437,90249880,90250380,500,0,100.0,0.0
14438,90250380,90250880,500,0,100.0,0.0
14439,90250880,90251380,500,0,100.0,0.0
14440,90251380,90251880,500,0,100.0,0.0
14441,90251880,90252380,500,0,100.0,0.0
14442,90252380,90252880,500,0,100.0,0.0
14443,90252880,90253380,500,0,100.0,0.0
14444,90253380,90253880,500,0,100.0,0.0
14445,90253880,90254380,500,0,100.0,0.0
14446,90254380,90254880,500,0,100.0,0.0
14447,90254880,90255380,500,0,100.0,0.0
14448,90255380,90255880,500,0,100.0,0.0
14449,90255880,90256380,500,0,100.0,0.0
14450,90256380,90256880,500,0,100.0,0.0
14451,90256880,90257380,500,0,100.0,0.0
14452,90257380,90257880,500,0,100.0,0.0
14453,90257880,90258380,500,0,100.0,0.0
14454,90258380,90258880,500,0,100.0,0.0
14455,90258880,90259380,500,0,100.0,0.0
14456,90259380,90259880,500,0,100.0,0.0
14457,90259880,90260380,500,0,100.0,0.0
14458,90260380,90260880,500,0,100.0,0.0
14459,90260880,90261380,500,0,100.0,0.0
14460,90261380,90261880,500,0,100.0,0.0
14461,90261880,90262380,500,0,100.0,0.0
14462,90262380,90262880,500,0,100.0,0.0
14463,90262880,90263380,500,0,100.0,0.0
14464,90263380,90263880,500,0,100.0,0.0
14465,90263880,90264380,309,191,61.8,38.2
14466,90264380,90264880,8,492,1.6,98.4
14467,90264880,90265380,141,359,28.199999999999996,71.80000000000001
14468,90265380,90265880,114,386,22.8,77.2
14469,90265880,90266380,500,0,100.0,0.0
14470,90266380,90266880,500,0,100.0,0.0
14471,90266880,90267380,500,0,100.0,0.0
14472,90267380,90267880,500,0,100.0,0.0
14473,90267880,90268380,500,0,100.0,0.0
14474,90268380,90268880,500,0,100.0,0.0
14475,90268880,90269380,500,0,100.0,0.0
14476,90269380,90269880,500,0,100.0,0.0
14477,90269880,90270380,500,0,100.0,0.0
14478,90270380,90270880,500,0,100.0,0.0
14479,90270880,90271380,500,0,100.0,0.0
14480,90271380,90271880,500,0,100.0,0.0
14481,90271880,90272380,500,0,100.0,0.0
14482,90272380,90272880,500,0,100.0,0.0
14483,90272880,90273380,500,0,100.0,0.0
14484,90273380,90273880,500,0,100.0,0.0
14485,90273880,90274380,500,0,100.0,0.0
14486,90274380,90274880,500,0,100.0,0.0
14487,90274880,90275380,500,0,100.0,0.0
14488,90275380,90275880,500,0,100.0,0.0
14489,90275880,90276380,500,0,100.0,0.0
14490,90276380,90276880,500,0,100.0,0.0
14491,90276880,90277380,500,0,100.0,0.0
14492,90277380,90277880,500,0,100.0,0.0
14493,90277880,90278380,500,0,100.0,0.0
14494,90278380,90278880,500,0,100.0,0.0
14495,90278880,90279380,500,0,100.0,0.0
14496,90279380,90279880,500,0,100.0,0.0
14497,90279880,90280380,500,0,100.0,0.0
14498,90280380,90280880,500,0,100.0,0.0
14499,90280880,90281380,29,471,5.800000000000001,94.2
14500,90281380,90281880,52,448,10.4,89.6
14501,90281880,90282380,88,412,17.599999999999998,82.4
14502,90282380,90282880,313,187,62.6,37.4
14503,90282880,90283380,500,0,100.0,0.0
14504,90283380,90283880,500,0,100.0,0.0
14505,90283880,90284380,500,0,100.0,0.0
14506,90284380,90284880,500,0,100.0,0.0
14507,90284880,90285380,500,0,100.0,0.0
14508,90285380,90285880,500,0,100.0,0.0
14509,90285880,90286380,500,0,100.0,0.0
14510,90286380,90286880,500,0,100.0,0.0
14511,90286880,90287380,500,0,100.0,0.0
14512,90287380,90287880,500,0,100.0,0.0
14513,90287880,90288380,500,0,100.0,0.0
14514,90288380,90288880,500,0,100.0,0.0
14515,90288880,90289380,500,0,100.0,0.0
14516,90289380,90289880,500,0,100.0,0.0
14517,90289880,90290380,500,0,100.0,0.0
14518,90290380,90290880,500,0,100.0,0.0
14519,90290880,90291380,500,0,100.0,0.0
14520,90291380,90291880,500,0,100.0,0.0
14521,90291880,90292380,500,0,100.0,0.0
14522,90292380,90292880,500,0,100.0,0.0
14523,90292880,90293380,500,0,100.0,0.0
14524,90293380,90293880,500,0,100.0,0.0
14525,90293880,90294380,500,0,100.0,0.0
14526,90294380,90294880,500,0,100.0,0.0
14527,90294880,90295380,500,0,100.0,0.0
14528,90295380,90295880,500,0,100.0,0.0
14529,90295880,90296380,500,0,100.0,0.0
14530,90296380,90296880,500,0,100.0,0.0
14531,90296880,90297380,500,0,100.0,0.0
14532,90297380,90297880,500,0,100.0,0.0
14533,90297880,90298380,440,60,88.0,12.0
14534,90298380,90298880,8,492,1.6,98.4
14535,90298880,90299380,118,382,23.599999999999998,76.4
14536,90299380,90299880,6,494,1.2,98.8
14537,90299880,90300380,500,0,100.0,0.0
14538,90300380,90300880,500,0,100.0,0.0
14539,90300880,90301380,500,0,100.0,0.0
14540,90301380,90301880,500,0,100.0,0.0
14541,90301880,90302380,500,0,100.0,0.0
14542,90302380,90302880,500,0,100.0,0.0
14543,90302880,90303380,500,0,100.0,0.0
14544,90303380,90303880,500,0,100.0,0.0
14545,90303880,90304380,500,0,100.0,0.0
14546,90304380,90304880,500,0,100.0,0.0
14547,90304880,90305380,500,0,100.0,0.0
14548,90305380,90305880,500,0,100.0,0.0
14549,90305880,90306380,500,0,100.0,0.0
14550,90306380,90306880,500,0,100.0,0.0
14551,90306880,90307380,500,0,100.0,0.0
14552,90307380,90307880,500,0,100.0,0.0
14553,90307880,90308380,500,0,100.0,0.0
14554,90308380,90308880,500,0,100.0,0.0
14555,90308880,90309380,500,0,100.0,0.0
14556,90309380,90309880,500,0,100.0,0.0
14557,90309880,90310380,500,0,100.0,0.0
14558,90310380,90310880,500,0,100.0,0.0
14559,90310880,90311380,500,0,100.0,0.0
14560,90311380,90311880,500,0,100.0,0.0
14561,90311880,90312380,500,0,100.0,0.0
14562,90312380,90312880,500,0,100.0,0.0
14563,90312880,90313380,500,0,100.0,0.0
14564,90313380,90313880,500,0,100.0,0.0
14565,90313880,90314380,500,0,100.0,0.0
14566,90314380,90314880,500,0,100.0,0.0
14567,90314880,90315380,500,0,100.0,0.0
14568,90315380,90315880,500,0,100.0,0.0
14569,90315880,90316380,500,0,100.0,0.0
14570,90316380,90316880,500,0,100.0,0.0
14571,90316880,90317380,500,0,100.0,0.0
14572,90317380,90317880,500,0,100.0,0.0
14573,90317880,90318380,500,0,100.0,0.0
14574,90318380,90318880,500,0,100.0,0.0
14575,90318880,90319380,107,393,21.4,78.6
14576,90319380,90319880,9,491,1.7999999999999998,98.2
14577,90319880,90320380,103,397,20.599999999999998,79.4
14578,90320380,90320880,269,231,53.800000000000004,46.199999999999996
14579,90320880,90321380,500,0,100.0,0.0
14580,90321380,90321880,500,0,100.0,0.0
14581,90321880,90322380,500,0,100.0,0.0
14582,90322380,90322880,500,0,100.0,0.0
14583,90322880,90323380,500,0,100.0,0.0
14584,90323380,90323880,500,0,100.0,0.0
14585,90323880,90324380,500,0,100.0,0.0
14586,90324380,90324880,500,0,100.0,0.0
14587,90324880,90325380,500,0,100.0,0.0
14588,90325380,90325880,500,0,100.0,0.0
14589,90325880,90326380,500,0,100.0,0.0
14590,90326380,90326880,500,0,100.0,0.0
14591,90326880,90327380,500,0,100.0,0.0
14592,90327380,90327880,500,0,100.0,0.0
14593,90327880,90328380,500,0,100.0,0.0
14594,90328380,90328880,500,0,100.0,0.0
14595,90328880,90329380,500,0,100.0,0.0
14596,90329380,90329880,500,0,100.0,0.0
14597,90329880,90330380,500,0,100.0,0.0
14598,90330380,90330880,500,0,100.0,0.0
14599,90330880,90331380,500,0,100.0,0.0
14600,90331380,90331880,500,0,100.0,0.0
14601,90331880,90332380,500,0,100.0,0.0
14602,90332380,90332880,500,0,100.0,0.0
14603,90332880,90333380,500,0,100.0,0.0
14604,90333380,90333880,500,0,100.0,0.0
14605,90333880,90334380,500,0,100.0,0.0
14606,90334380,90334880,500,0,100.0,0.0
14607,90334880,90335380,500,0,100.0,0.0
14608,90335380,90335880,500,0,100.0,0.0
14609,90335880,90336380,500,0,100.0,0.0
14610,90336380,90336880,500,0,100.0,0.0
14611,90336880,90337380,500,0,100.0,0.0
14612,90337380,90337880,355,145,71.0,29.0
14613,90337880,90338380,7,493,1.4000000000000001,98.6
14614,90338380,90338880,71,429,14.2,85.8
14615,90338880,90339380,94,406,18.8,81.2
14616,90339380,90339880,500,0,100.0,0.0
14617,90339880,90340380,500,0,100.0,0.0
14618,90340380,90340880,500,0,100.0,0.0
14619,90340880,90341380,500,0,100.0,0.0
14620,90341380,90341880,500,0,100.0,0.0
14621,90341880,90342380,500,0,100.0,0.0
14622,90342380,90342880,500,0,100.0,0.0
14623,90342880,90343380,500,0,100.0,0.0
14624,90343380,90343880,500,0,100.0,0.0
14625,90343880,90344380,500,0,100.0,0.0
14626,90344380,90344880,500,0,100.0,0.0
14627,90344880,90345380,500,0,100.0,0.0
14628,90345380,90345880,500,0,100.0,0.0
14629,90345880,90346380,500,0,100.0,0.0
14630,90346380,90346880,500,0,100.0,0.0
14631,90346880,90347380,500,0,100.0,0.0
14632,90347380,90347880,500,0,100.0,0.0
14633,90347880,90348380,500,0,100.0,0.0
14634,90348380,90348880,500,0,100.0,0.0
14635,90348880,90349380,500,0,100.0,0.0
14636,90349380,90349880,500,0,100.0,0.0
14637,90349880,90350380,500,0,100.0,0.0
14638,90350380,90350880,500,0,100.0,0.0
14639,90350880,90351380,500,0,100.0,0.0
14640,90351380,90351880,500,0,100.0,0.0
14641,90351880,90352380,500,0,100.0,0.0
14642,90352380,90352880,500,0,100.0,0.0
14643,90352880,90353380,500,0,100.0,0.0
14644,90353380,90353880,500,0,100.0,0.0
14645,90353880,90354380,391,109,78.2,21.799999999999997
14646,90354380,90354880,8,492,1.6,98.4
14647,90354880,90355380,100,400,20.0,80.0
14648,90355380,90355880,100,400,20.0,80.0
14649,90355880,90356380,500,0,100.0,0.0
14650,90356380,90356880,500,0,100.0,0.0
14651,90356880,90357380,500,0,100.0,0.0
14652,90357380,90357880,500,0,100.0,0.0
14653,90357880,90358380,500,0,100.0,0.0
14654,90358380,90358880,500,0,100.0,0.0
14655,90358880,90359380,500,0,100.0,0.0
14656,90359380,90359880,500,0,100.0,0.0
14657,90359880,90360380,500,0,100.0,0.0
14658,90360380,90360880,500,0,100.0,0.0
14659,90360880,90361380,500,0,100.0,0.0
14660,90361380,90361880,500,0,100.0,0.0
14661,90361880,90362380,500,0,100.0,0.0
14662,90362380,90362880,500,0,100.0,0.0
14663,90362880,90363380,500,0,100.0,0.0
14664,90363380,90363880,500,0,100.0,0.0
14665,90363880,90364380,500,0,100.0,0.0
14666,90364380,90364880,500,0,100.0,0.0
14667,90364880,90365380,500,0,100.0,0.0
14668,90365380,90365880,500,0,100.0,0.0
14669,90365880,90366380,500,0,100.0,0.0
14670,90366380,90366880,500,0,100.0,0.0
14671,90366880,90367380,500,0,100.0,0.0
14672,90367380,90367880,500,0,100.0,0.0
14673,90367880,90368380,500,0,100.0,0.0
14674,90368380,90368880,500,0,100.0,0.0
14675,90368880,90369380,500,0,100.0,0.0
14676,90369380,90369880,500,0,100.0,0.0
14677,90369880,90370380,500,0,100.0,0.0
14678,90370380,90370880,500,0,100.0,0.0
14679,90370880,90371380,53,447,10.6,89.4
14680,90371380,90371880,76,424,15.2,84.8
14681,90371880,90372380,3,497,0.6,99.4
14682,90372380,90372880,214,286,42.8,57.2
14683,90372880,90373380,500,0,100.0,0.0
14684,90373380,90373880,500,0,100.0,0.0
14685,90373880,90374380,500,0,100.0,0.0
14686,90374380,90374880,500,0,100.0,0.0
14687,90374880,90375380,500,0,100.0,0.0
14688,90375380,90375880,500,0,100.0,0.0
14689,90375880,90376380,500,0,100.0,0.0
14690,90376380,90376880,500,0,100.0,0.0
14691,90376880,90377380,500,0,100.0,0.0
14692,90377380,90377880,500,0,100.0,0.0
14693,90377880,90378380,500,0,100.0,0.0
14694,90378380,90378880,500,0,100.0,0.0
14695,90378880,90379380,500,0,100.0,0.0
14696,90379380,90379880,500,0,100.0,0.0
14697,90379880,90380380,500,0,100.0,0.0
14698,90380380,90380880,500,0,100.0,0.0
14699,90380880,90381380,500,0,100.0,0.0
14700,90381380,90381880,500,0,100.0,0.0
14701,90381880,90382380,500,0,100.0,0.0
14702,90382380,90382880,500,0,100.0,0.0
14703,90382880,90383380,500,0,100.0,0.0
14704,90383380,90383880,500,0,100.0,0.0
14705,90383880,90384380,500,0,100.0,0.0
14706,90384380,90384880,500,0,100.0,0.0
14707,90384880,90385380,500,0,100.0,0.0
14708,90385380,90385880,500,0,100.0,0.0
14709,90385880,90386380,500,0,100.0,0.0
14710,90386380,90386880,500,0,100.0,0.0
14711,90386880,90387380,119,381,23.799999999999997,76.2
14712,90387380,90387880,22,478,4.3999999999999995,95.6
14713,90387880,90388380,47,453,9.4,90.6
14714,90388380,90388880,369,131,73.8,26.200000000000003
14715,90388880,90389380,500,0,100.0,0.0
14716,90389380,90389880,500,0,100.0,0.0
14717,90389880,90390380,500,0,100.0,0.0
14718,90390380,90390880,500,0,100.0,0.0
14719,90390880,90391380,500,0,100.0,0.0
14720,90391380,90391880,500,0,100.0,0.0
14721,90391880,90392380,500,0,100.0,0.0
14722,90392380,90392880,500,0,100.0,0.0
14723,90392880,90393380,500,0,100.0,0.0
14724,90393380,90393880,500,0,100.0,0.0
14725,90393880,90394380,500,0,100.0,0.0
14726,90394380,90394880,500,0,100.0,0.0
14727,90394880,90395380,500,0,100.0,0.0
14728,90395380,90395880,500,0,100.0,0.0
14729,90395880,90396380,500,0,100.0,0.0
14730,90396380,90396880,500,0,100.0,0.0
14731,90396880,90397380,500,0,100.0,0.0
14732,90397380,90397880,500,0,100.0,0.0
14733,90397880,90398380,500,0,100.0,0.0
14734,90398380,90398880,500,0,100.0,0.0
14735,90398880,90399380,500,0,100.0,0.0
14736,90399380,90399880,500,0,100.0,0.0
14737,90399880,90400380,500,0,100.0,0.0
14738,90400380,90400880,500,0,100.0,0.0
14739,90400880,90401380,500,0,100.0,0.0
14740,90401380,90401880,500,0,100.0,0.0
14741,90401880,90402380,500,0,100.0,0.0
14742,90402380,90402880,500,0,100.0,0.0
14743,90402880,90403380,378,122,75.6,24.400000000000006
14744,90403380,90403880,9,491,1.7999999999999998,98.2
14745,90403880,90404380,72,428,14.399999999999999,85.6
14746,90404380,90404880,115,385,23.0,77.0
14747,90404880,90405380,500,0,100.0,0.0
14748,90405380,90405880,500,0,100.0,0.0
14749,90405880,90406380,500,0,100.0,0.0
14750,90406380,90406880,500,0,100.0,0.0
14751,90406880,90407380,500,0,100.0,0.0
14752,90407380,90407880,500,0,100.0,0.0
14753,90407880,90408380,500,0,100.0,0.0
14754,90408380,90408880,500,0,100.0,0.0
14755,90408880,90409380,500,0,100.0,0.0
14756,90409380,90409880,500,0,100.0,0.0
14757,90409880,90410380,500,0,100.0,0.0
14758,90410380,90410880,500,0,100.0,0.0
14759,90410880,90411380,500,0,100.0,0.0
14760,90411380,90411880,500,0,100.0,0.0
14761,90411880,90412380,500,0,100.0,0.0
14762,90412380,90412880,500,0,100.0,0.0
14763,90412880,90413380,500,0,100.0,0.0
14764,90413380,90413880,500,0,100.0,0.0
14765,90413880,90414380,500,0,100.0,0.0
14766,90414380,90414880,500,0,100.0,0.0
14767,90414880,90415380,500,0,100.0,0.0
14768,90415380,90415880,500,0,100.0,0.0
14769,90415880,90416380,500,0,100.0,0.0
14770,90416380,90416880,500,0,100.0,0.0
14771,90416880,90417380,500,0,100.0,0.0
14772,90417380,90417880,500,0,100.0,0.0
14773,90417880,90418380,500,0,100.0,0.0
14774,90418380,90418880,500,0,100.0,0.0
14775,90418880,90419380,500,0,100.0,0.0
14776,90419380,90419880,39,461,7.8,92.2
14777,90419880,90420380,58,442,11.600000000000001,88.4
14778,90420380,90420880,11,489,2.1999999999999997,97.8
14779,90420880,90421380,495,5,99.0,1.0
14780,90421380,90421880,500,0,100.0,0.0
14781,90421880,90422380,500,0,100.0,0.0
14782,90422380,90422880,500,0,100.0,0.0
14783,90422880,90423380,500,0,100.0,0.0
14784,90423380,90423880,500,0,100.0,0.0
14785,90423880,90424380,500,0,100.0,0.0
14786,90424380,90424880,500,0,100.0,0.0
14787,90424880,90425380,500,0,100.0,0.0
14788,90425380,90425880,500,0,100.0,0.0
14789,90425880,90426380,500,0,100.0,0.0
14790,90426380,90426880,500,0,100.0,0.0
14791,90426880,90427380,500,0,100.0,0.0
14792,90427380,90427880,500,0,100.0,0.0
14793,90427880,90428380,500,0,100.0,0.0
14794,90428380,90428880,500,0,100.0,0.0
14795,90428880,90429380,500,0,100.0,0.0
14796,90429380,90429880,500,0,100.0,0.0
14797,90429880,90430380,500,0,100.0,0.0
14798,90430380,90430880,500,0,100.0,0.0
14799,90430880,90431380,500,0,100.0,0.0
14800,90431380,90431880,500,0,100.0,0.0
14801,90431880,90432380,500,0,100.0,0.0
14802,90432380,90432880,500,0,100.0,0.0
14803,90432880,90433380,500,0,100.0,0.0
14804,90433380,90433880,500,0,100.0,0.0
14805,90433880,90434380,500,0,100.0,0.0
14806,90434380,90434880,500,0,100.0,0.0
14807,90434880,90435380,500,0,100.0,0.0
14808,90435380,90435880,500,0,100.0,0.0
14809,90435880,90436380,500,0,100.0,0.0
14810,90436380,90436880,500,0,100.0,0.0
14811,90436880,90437380,500,0,100.0,0.0
14812,90437380,90437880,236,264,47.199999999999996,52.800000000000004
14813,90437880,90438380,7,493,1.4000000000000001,98.6
14814,90438380,90438880,107,393,21.4,78.6
14815,90438880,90439380,175,325,35.0,65.0
14816,90439380,90439880,500,0,100.0,0.0
14817,90439880,90440380,500,0,100.0,0.0
14818,90440380,90440880,500,0,100.0,0.0
14819,90440880,90441380,500,0,100.0,0.0
14820,90441380,90441880,500,0,100.0,0.0
14821,90441880,90442380,500,0,100.0,0.0
14822,90442380,90442880,500,0,100.0,0.0
14823,90442880,90443380,500,0,100.0,0.0
14824,90443380,90443880,500,0,100.0,0.0
14825,90443880,90444380,500,0,100.0,0.0
14826,90444380,90444880,500,0,100.0,0.0
14827,90444880,90445380,500,0,100.0,0.0
14828,90445380,90445880,500,0,100.0,0.0
14829,90445880,90446380,500,0,100.0,0.0
14830,90446380,90446880,500,0,100.0,0.0
14831,90446880,90447380,500,0,100.0,0.0
14832,90447380,90447880,500,0,100.0,0.0
14833,90447880,90448380,500,0,100.0,0.0
14834,90448380,90448880,500,0,100.0,0.0
14835,90448880,90449380,500,0,100.0,0.0
14836,90449380,90449880,500,0,100.0,0.0
14837,90449880,90450380,500,0,100.0,0.0
14838,90450380,90450880,500,0,100.0,0.0
14839,90450880,90451380,500,0,100.0,0.0
14840,90451380,90451880,500,0,100.0,0.0
14841,90451880,90452380,500,0,100.0,0.0
14842,90452380,90452880,500,0,100.0,0.0
14843,90452880,90453380,296,204,59.199999999999996,40.800000000000004
14844,90453380,90453880,8,492,1.6,98.4
14845,90453880,90454380,57,443,11.4,88.6
14846,90454380,90454880,265,235,53.0,47.0
14847,90454880,90455380,500,0,100.0,0.0
14848,90455380,90455880,500,0,100.0,0.0
14849,90455880,90456380,500,0,100.0,0.0
14850,90456380,90456880,500,0,100.0,0.0
14851,90456880,90457380,500,0,100.0,0.0
14852,90457380,90457880,500,0,100.0,0.0
14853,90457880,90458380,500,0,100.0,0.0
14854,90458380,90458880,500,0,100.0,0.0
14855,90458880,90459380,500,0,100.0,0.0
14856,90459380,90459880,500,0,100.0,0.0
14857,90459880,90460380,500,0,100.0,0.0
14858,90460380,90460880,500,0,100.0,0.0
14859,90460880,90461380,500,0,100.0,0.0
14860,90461380,90461880,500,0,100.0,0.0
14861,90461880,90462380,500,0,100.0,0.0
14862,90462380,90462880,500,0,100.0,0.0
14863,90462880,90463380,500,0,100.0,0.0
14864,90463380,90463880,500,0,100.0,0.0
14865,90463880,90464380,500,0,100.0,0.0
14866,90464380,90464880,500,0,100.0,0.0
14867,90464880,90465380,500,0,100.0,0.0
14868,90465380,90465880,500,0,100.0,0.0
14869,90465880,90466380,500,0,100.0,0.0
14870,90466380,90466880,500,0,100.0,0.0
14871,90466880,90467380,500,0,100.0,0.0
14872,90467380,90467880,500,0,100.0,0.0
14873,90467880,90468380,500,0,100.0,0.0
14874,90468380,90468880,251,249,50.2,49.8
14875,90468880,90469380,7,493,1.4000000000000001,98.6
14876,90469380,90469880,107,393,21.4,78.6
14877,90469880,90470380,147,353,29.4,70.6
14878,90470380,90470880,500,0,100.0,0.0
14879,90470880,90471380,500,0,100.0,0.0
14880,90471380,90471880,500,0,100.0,0.0
14881,90471880,90472380,500,0,100.0,0.0
14882,90472380,90472880,500,0,100.0,0.0
14883,90472880,90473380,500,0,100.0,0.0
14884,90473380,90473880,500,0,100.0,0.0
14885,90473880,90474380,500,0,100.0,0.0
14886,90474380,90474880,500,0,100.0,0.0
14887,90474880,90475380,500,0,100.0,0.0
14888,90475380,90475880,500,0,100.0,0.0
14889,90475880,90476380,500,0,100.0,0.0
14890,90476380,90476880,500,0,100.0,0.0
14891,90476880,90477380,500,0,100.0,0.0
14892,90477380,90477880,500,0,100.0,0.0
14893,90477880,90478380,500,0,100.0,0.0
14894,90478380,90478880,500,0,100.0,0.0
14895,90478880,90479380,500,0,100.0,0.0
14896,90479380,90479880,500,0,100.0,0.0
14897,90479880,90480380,500,0,100.0,0.0
14898,90480380,90480880,500,0,100.0,0.0
14899,90480880,90481380,500,0,100.0,0.0
14900,90481380,90481880,500,0,100.0,0.0
14901,90481880,90482380,500,0,100.0,0.0
14902,90482380,90482880,500,0,100.0,0.0
14903,90482880,90483380,500,0,100.0,0.0
14904,90483380,90483880,500,0,100.0,0.0
14905,90483880,90484380,494,6,98.8,1.2000000000000028
14906,90484380,90484880,8,492,1.6,98.4
14907,90484880,90485380,93,407,18.6,81.4
14908,90485380,90485880,4,496,0.8,99.2
14909,90485880,90486380,166,334,33.2,66.8
14910,90486380,90486880,500,0,100.0,0.0
14911,90486880,90487380,500,0,100.0,0.0
14912,90487380,90487880,500,0,100.0,0.0
14913,90487880,90488380,500,0,100.0,0.0
14914,90488380,90488880,500,0,100.0,0.0
14915,90488880,90489380,500,0,100.0,0.0
14916,90489380,90489880,500,0,100.0,0.0
14917,90489880,90490380,500,0,100.0,0.0
14918,90490380,90490880,500,0,100.0,0.0
14919,90490880,90491380,500,0,100.0,0.0
14920,90491380,90491880,500,0,100.0,0.0
14921,90491880,90492380,500,0,100.0,0.0
14922,90492380,90492880,500,0,100.0,0.0
14923,90492880,90493380,500,0,100.0,0.0
14924,90493380,90493880,500,0,100.0,0.0
14925,90493880,90494380,500,0,100.0,0.0
14926,90494380,90494880,500,0,100.0,0.0
14927,90494880,90495380,500,0,100.0,0.0
14928,90495380,90495880,500,0,100.0,0.0
14929,90495880,90496380,500,0,100.0,0.0
14930,90496380,90496880,500,0,100.0,0.0
14931,90496880,90497380,500,0,100.0,0.0
14932,90497380,90497880,500,0,100.0,0.0
14933,90497880,90498380,500,0,100.0,0.0
14934,90498380,90498880,500,0,100.0,0.0
14935,90498880,90499380,500,0,100.0,0.0
14936,90499380,90499880,500,0,100.0,0.0
14937,90499880,90500380,319,181,63.800000000000004,36.199999999999996
14938,90500380,90500880,8,492,1.6,98.4
14939,90500880,90501380,66,434,13.200000000000001,86.8
14940,90501380,90501880,278,222,55.60000000000001,44.39999999999999
14941,90501880,90502380,500,0,100.0,0.0
14942,90502380,90502880,500,0,100.0,0.0
14943,90502880,90503380,500,0,100.0,0.0
14944,90503380,90503880,500,0,100.0,0.0
14945,90503880,90504380,500,0,100.0,0.0
14946,90504380,90504880,500,0,100.0,0.0
14947,90504880,90505380,500,0,100.0,0.0
14948,90505380,90505880,500,0,100.0,0.0
14949,90505880,90506380,500,0,100.0,0.0
14950,90506380,90506880,500,0,100.0,0.0
14951,90506880,90507380,500,0,100.0,0.0
14952,90507380,90507880,500,0,100.0,0.0
14953,90507880,90508380,500,0,100.0,0.0
14954,90508380,90508880,500,0,100.0,0.0
14955,90508880,90509380,500,0,100.0,0.0
14956,90509380,90509880,500,0,100.0,0.0
14957,90509880,90510380,500,0,100.0,0.0
14958,90510380,90510880,500,0,100.0,0.0
14959,90510880,90511380,500,0,100.0,0.0
14960,90511380,90511880,500,0,100.0,0.0
14961,90511880,90512380,500,0,100.0,0.0
14962,90512380,90512880,500,0,100.0,0.0
14963,90512880,90513380,500,0,100.0,0.0
14964,90513380,90513880,500,0,100.0,0.0
14965,90513880,90514380,500,0,100.0,0.0
14966,90514380,90514880,500,0,100.0,0.0
14967,90514880,90515380,333,167,66.60000000000001,33.39999999999999
14968,90515380,90515880,8,492,1.6,98.4
14969,90515880,90516380,72,428,14.399999999999999,85.6
14970,90516380,90516880,260,240,52.0,48.0
14971,90516880,90517380,500,0,100.0,0.0
14972,90517380,90517880,500,0,100.0,0.0
14973,90517880,90518380,500,0,100.0,0.0
14974,90518380,90518880,500,0,100.0,0.0
14975,90518880,90519380,500,0,100.0,0.0
14976,90519380,90519880,500,0,100.0,0.0
14977,90519880,90520380,500,0,100.0,0.0
14978,90520380,90520880,500,0,100.0,0.0
14979,90520880,90521380,500,0,100.0,0.0
14980,90521380,90521880,500,0,100.0,0.0
14981,90521880,90522380,500,0,100.0,0.0
14982,90522380,90522880,500,0,100.0,0.0
14983,90522880,90523380,500,0,100.0,0.0
14984,90523380,90523880,500,0,100.0,0.0
14985,90523880,90524380,500,0,100.0,0.0
14986,90524380,90524880,500,0,100.0,0.0
14987,90524880,90525380,500,0,100.0,0.0
14988,90525380,90525880,500,0,100.0,0.0
14989,90525880,90526380,500,0,100.0,0.0
14990,90526380,90526880,500,0,100.0,0.0
14991,90526880,90527380,500,0,100.0,0.0
14992,90527380,90527880,500,0,100.0,0.0
14993,90527880,90528380,500,0,100.0,0.0
14994,90528380,90528880,500,0,100.0,0.0
14995,90528880,90529380,500,0,100.0,0.0
14996,90529380,90529880,500,0,100.0,0.0
14997,90529880,90530380,500,0,100.0,0.0
14998,90530380,90530880,31,469,6.2,93.8
14999,90530880,90531380,56,444,11.200000000000001,88.8
15000,90531380,90531880,79,421,15.8,84.2
15001,90531880,90532380,500,0,100.0,0.0
15002,90532380,90532880,500,0,100.0,0.0
15003,90532880,90533380,500,0,100.0,0.0
15004,90533380,90533880,500,0,100.0,0.0
15005,90533880,90534380,500,0,100.0,0.0
15006,90534380,90534880,500,0,100.0,0.0
15007,90534880,90535380,500,0,100.0,0.0
15008,90535380,90535880,500,0,100.0,0.0
15009,90535880,90536380,500,0,100.0,0.0
15010,90536380,90536880,500,0,100.0,0.0
15011,90536880,90537380,500,0,100.0,0.0
15012,90537380,90537880,500,0,100.0,0.0
15013,90537880,90538380,500,0,100.0,0.0
15014,90538380,90538880,500,0,100.0,0.0
15015,90538880,90539380,500,0,100.0,0.0
15016,90539380,90539880,500,0,100.0,0.0
15017,90539880,90540380,500,0,100.0,0.0
15018,90540380,90540880,500,0,100.0,0.0
15019,90540880,90541380,500,0,100.0,0.0
15020,90541380,90541880,500,0,100.0,0.0
15021,90541880,90542380,500,0,100.0,0.0
15022,90542380,90542880,500,0,100.0,0.0
15023,90542880,90543380,500,0,100.0,0.0
15024,90543380,90543880,500,0,100.0,0.0
15025,90543880,90544380,500,0,100.0,0.0
15026,90544380,90544880,500,0,100.0,0.0
15027,90544880,90545380,500,0,100.0,0.0
15028,90545380,90545880,250,250,50.0,50.0
15029,90545880,90546380,7,493,1.4000000000000001,98.6
15030,90546380,90546880,64,436,12.8,87.2
15031,90546880,90547380,239,261,47.8,52.2
15032,90547380,90547880,500,0,100.0,0.0
15033,90547880,90548380,500,0,100.0,0.0
15034,90548380,90548880,500,0,100.0,0.0
15035,90548880,90549380,500,0,100.0,0.0
15036,90549380,90549880,500,0,100.0,0.0
15037,90549880,90550380,500,0,100.0,0.0
15038,90550380,90550880,500,0,100.0,0.0
15039,90550880,90551380,500,0,100.0,0.0
15040,90551380,90551880,500,0,100.0,0.0
15041,90551880,90552380,500,0,100.0,0.0
15042,90552380,90552880,500,0,100.0,0.0
15043,90552880,90553380,500,0,100.0,0.0
15044,90553380,90553880,500,0,100.0,0.0
15045,90553880,90554380,500,0,100.0,0.0
15046,90554380,90554880,500,0,100.0,0.0
15047,90554880,90555380,500,0,100.0,0.0
15048,90555380,90555880,500,0,100.0,0.0
15049,90555880,90556380,500,0,100.0,0.0
15050,90556380,90556880,500,0,100.0,0.0
15051,90556880,90557380,500,0,100.0,0.0
15052,90557380,90557880,500,0,100.0,0.0
15053,90557880,90558380,500,0,100.0,0.0
15054,90558380,90558880,500,0,100.0,0.0
15055,90558880,90559380,500,0,100.0,0.0
15056,90559380,90559880,500,0,100.0,0.0
15057,90559880,90560380,500,0,100.0,0.0
15058,90560380,90560880,169,331,33.800000000000004,66.19999999999999
15059,90560880,90561380,6,494,1.2,98.8
15060,90561380,90561880,90,410,18.0,82.0
15061,90561880,90562380,5,495,1.0,99.0
15062,90562380,90562880,450,50,90.0,10.0
15063,90562880,90563380,500,0,100.0,0.0
15064,90563380,90563880,500,0,100.0,0.0
15065,90563880,90564380,500,0,100.0,0.0
15066,90564380,90564880,500,0,100.0,0.0
15067,90564880,90565380,500,0,100.0,0.0
15068,90565380,90565880,500,0,100.0,0.0
15069,90565880,90566380,500,0,100.0,0.0
15070,90566380,90566880,500,0,100.0,0.0
15071,90566880,90567380,500,0,100.0,0.0
15072,90567380,90567880,500,0,100.0,0.0
15073,90567880,90568380,500,0,100.0,0.0
15074,90568380,90568880,500,0,100.0,0.0
15075,90568880,90569380,500,0,100.0,0.0
15076,90569380,90569880,500,0,100.0,0.0
15077,90569880,90570380,500,0,100.0,0.0
15078,90570380,90570880,500,0,100.0,0.0
15079,90570880,90571380,500,0,100.0,0.0
15080,90571380,90571880,500,0,100.0,0.0
15081,90571880,90572380,500,0,100.0,0.0
15082,90572380,90572880,500,0,100.0,0.0
15083,90572880,90573380,500,0,100.0,0.0
15084,90573380,90573880,500,0,100.0,0.0
15085,90573880,90574380,500,0,100.0,0.0
15086,90574380,90574880,500,0,100.0,0.0
15087,90574880,90575380,500,0,100.0,0.0
15088,90575380,90575880,500,0,100.0,0.0
15089,90575880,90576380,139,361,27.800000000000004,72.19999999999999
15090,90576380,90576880,8,492,1.6,98.4
15091,90576880,90577380,67,433,13.4,86.6
15092,90577380,90577880,290,210,57.99999999999999,42.00000000000001
15093,90577880,90578380,500,0,100.0,0.0
15094,90578380,90578880,500,0,100.0,0.0
15095,90578880,90579380,500,0,100.0,0.0
15096,90579380,90579880,500,0,100.0,0.0
15097,90579880,90580380,500,0,100.0,0.0
15098,90580380,90580880,500,0,100.0,0.0
15099,90580880,90581380,500,0,100.0,0.0
15100,90581380,90581880,500,0,100.0,0.0
15101,90581880,90582380,500,0,100.0,0.0
15102,90582380,90582880,500,0,100.0,0.0
15103,90582880,90583380,500,0,100.0,0.0
15104,90583380,90583880,500,0,100.0,0.0
15105,90583880,90584380,500,0,100.0,0.0
15106,90584380,90584880,500,0,100.0,0.0
15107,90584880,90585380,500,0,100.0,0.0
15108,90585380,90585880,500,0,100.0,0.0
15109,90585880,90586380,500,0,100.0,0.0
15110,90586380,90586880,500,0,100.0,0.0
15111,90586880,90587380,500,0,100.0,0.0
15112,90587380,90587880,500,0,100.0,0.0
15113,90587880,90588380,500,0,100.0,0.0
15114,90588380,90588880,500,0,100.0,0.0
15115,90588880,90589380,500,0,100.0,0.0
15116,90589380,90589880,500,0,100.0,0.0
15117,90589880,90590380,500,0,100.0,0.0
15118,90590380,90590880,500,0,100.0,0.0
15119,90590880,90591380,78,422,15.6,84.4
15120,90591380,90591880,59,441,11.799999999999999,88.2
15121,90591880,90592380,5,495,1.0,99.0
15122,90592380,90592880,406,94,81.2,18.799999999999997
15123,90592880,90593380,500,0,100.0,0.0
15124,90593380,90593880,500,0,100.0,0.0
15125,90593880,90594380,500,0,100.0,0.0
15126,90594380,90594880,500,0,100.0,0.0
15127,90594880,90595380,500,0,100.0,0.0
15128,90595380,90595880,500,0,100.0,0.0
15129,90595880,90596380,500,0,100.0,0.0
15130,90596380,90596880,500,0,100.0,0.0
15131,90596880,90597380,500,0,100.0,0.0
15132,90597380,90597880,500,0,100.0,0.0
15133,90597880,90598380,500,0,100.0,0.0
15134,90598380,90598880,500,0,100.0,0.0
15135,90598880,90599380,500,0,100.0,0.0
15136,90599380,90599880,500,0,100.0,0.0
15137,90599880,90600380,500,0,100.0,0.0
15138,90600380,90600880,500,0,100.0,0.0
15139,90600880,90601380,500,0,100.0,0.0
15140,90601380,90601880,500,0,100.0,0.0
15141,90601880,90602380,500,0,100.0,0.0
15142,90602380,90602880,500,0,100.0,0.0
15143,90602880,90603380,500,0,100.0,0.0
15144,90603380,90603880,500,0,100.0,0.0
15145,90603880,90604380,500,0,100.0,0.0
15146,90604380,90604880,500,0,100.0,0.0
15147,90604880,90605380,500,0,100.0,0.0
15148,90605380,90605880,500,0,100.0,0.0
15149,90605880,90606380,93,407,18.6,81.4
15150,90606380,90606880,88,412,17.599999999999998,82.4
15151,90606880,90607380,5,495,1.0,99.0
15152,90607380,90607880,437,63,87.4,12.599999999999994
15153,90607880,90608380,500,0,100.0,0.0
15154,90608380,90608880,500,0,100.0,0.0
15155,90608880,90609380,500,0,100.0,0.0
15156,90609380,90609880,500,0,100.0,0.0
15157,90609880,90610380,500,0,100.0,0.0
15158,90610380,90610880,500,0,100.0,0.0
15159,90610880,90611380,500,0,100.0,0.0
15160,90611380,90611880,500,0,100.0,0.0
15161,90611880,90612380,500,0,100.0,0.0
15162,90612380,90612880,500,0,100.0,0.0
15163,90612880,90613380,500,0,100.0,0.0
15164,90613380,90613880,500,0,100.0,0.0
15165,90613880,90614380,500,0,100.0,0.0
15166,90614380,90614880,500,0,100.0,0.0
15167,90614880,90615380,500,0,100.0,0.0
15168,90615380,90615880,500,0,100.0,0.0
15169,90615880,90616380,500,0,100.0,0.0
15170,90616380,90616880,500,0,100.0,0.0
15171,90616880,90617380,500,0,100.0,0.0
15172,90617380,90617880,500,0,100.0,0.0
15173,90617880,90618380,500,0,100.0,0.0
15174,90618380,90618880,500,0,100.0,0.0
15175,90618880,90619380,500,0,100.0,0.0
15176,90619380,90619880,500,0,100.0,0.0
15177,90619880,90620380,500,0,100.0,0.0
15178,90620380,90620880,500,0,100.0,0.0
15179,90620880,90621380,330,170,66.0,34.0
15180,90621380,90621880,7,493,1.4000000000000001,98.6
15181,90621880,90622380,71,429,14.2,85.8
15182,90622380,90622880,143,357,28.599999999999998,71.4
15183,90622880,90623380,500,0,100.0,0.0
15184,90623380,90623880,500,0,100.0,0.0
15185,90623880,90624380,500,0,100.0,0.0
15186,90624380,90624880,500,0,100.0,0.0
15187,90624880,90625380,500,0,100.0,0.0
15188,90625380,90625880,500,0,100.0,0.0
15189,90625880,90626380,500,0,100.0,0.0
15190,90626380,90626880,500,0,100.0,0.0
15191,90626880,90627380,500,0,100.0,0.0
15192,90627380,90627880,500,0,100.0,0.0
15193,90627880,90628380,500,0,100.0,0.0
15194,90628380,90628880,500,0,100.0,0.0
15195,90628880,90629380,500,0,100.0,0.0
15196,90629380,90629880,500,0,100.0,0.0
15197,90629880,90630380,500,0,100.0,0.0
15198,90630380,90630880,500,0,100.0,0.0
15199,90630880,90631380,500,0,100.0,0.0
15200,90631380,90631880,500,0,100.0,0.0
15201,90631880,90632380,500,0,100.0,0.0
15202,90632380,90632880,500,0,100.0,0.0
15203,90632880,90633380,500,0,100.0,0.0
15204,90633380,90633880,500,0,100.0,0.0
15205,90633880,90634380,500,0,100.0,0.0
15206,90634380,90634880,500,0,100.0,0.0
15207,90634880,90635380,500,0,100.0,0.0
15208,90635380,90635880,500,0,100.0,0.0
15209,90635880,90636380,500,0,100.0,0.0
15210,90636380,90636880,136,364,27.200000000000003,72.8
15211,90636880,90637380,54,446,10.8,89.2
15212,90637380,90637880,41,459,8.200000000000001,91.8
15213,90637880,90638380,500,0,100.0,0.0
15214,90638380,90638880,500,0,100.0,0.0
15215,90638880,90639380,500,0,100.0,0.0
15216,90639380,90639880,500,0,100.0,0.0
15217,90639880,90640380,500,0,100.0,0.0
15218,90640380,90640880,500,0,100.0,0.0
15219,90640880,90641380,500,0,100.0,0.0
15220,90641380,90641880,500,0,100.0,0.0
15221,90641880,90642380,500,0,100.0,0.0
15222,90642380,90642880,500,0,100.0,0.0
15223,90642880,90643380,500,0,100.0,0.0
15224,90643380,90643880,500,0,100.0,0.0
15225,90643880,90644380,500,0,100.0,0.0
15226,90644380,90644880,500,0,100.0,0.0
15227,90644880,90645380,500,0,100.0,0.0
15228,90645380,90645880,500,0,100.0,0.0
15229,90645880,90646380,500,0,100.0,0.0
15230,90646380,90646880,500,0,100.0,0.0
15231,90646880,90647380,500,0,100.0,0.0
15232,90647380,90647880,500,0,100.0,0.0
15233,90647880,90648380,500,0,100.0,0.0
15234,90648380,90648880,500,0,100.0,0.0
15235,90648880,90649380,500,0,100.0,0.0
15236,90649380,90649880,500,0,100.0,0.0
15237,90649880,90650380,500,0,100.0,0.0
15238,90650380,90650880,500,0,100.0,0.0
15239,90650880,90651380,28,472,5.6000000000000005,94.4
15240,90651380,90651880,52,448,10.4,89.6
15241,90651880,90652380,70,430,14.000000000000002,86.0
15242,90652380,90652880,500,0,100.0,0.0
15243,90652880,90653380,500,0,100.0,0.0
15244,90653380,90653880,500,0,100.0,0.0
15245,90653880,90654380,500,0,100.0,0.0
15246,90654380,90654880,500,0,100.0,0.0
15247,90654880,90655380,500,0,100.0,0.0
15248,90655380,90655880,500,0,100.0,0.0
15249,90655880,90656380,500,0,100.0,0.0
15250,90656380,90656880,500,0,100.0,0.0
15251,90656880,90657380,500,0,100.0,0.0
15252,90657380,90657880,500,0,100.0,0.0
15253,90657880,90658380,500,0,100.0,0.0
15254,90658380,90658880,500,0,100.0,0.0
15255,90658880,90659380,500,0,100.0,0.0
15256,90659380,90659880,500,0,100.0,0.0
15257,90659880,90660380,500,0,100.0,0.0
15258,90660380,90660880,500,0,100.0,0.0
15259,90660880,90661380,500,0,100.0,0.0
15260,90661380,90661880,500,0,100.0,0.0
15261,90661880,90662380,500,0,100.0,0.0
15262,90662380,90662880,500,0,100.0,0.0
15263,90662880,90663380,500,0,100.0,0.0
15264,90663380,90663880,500,0,100.0,0.0
15265,90663880,90664380,500,0,100.0,0.0
15266,90664380,90664880,500,0,100.0,0.0
15267,90664880,90665380,500,0,100.0,0.0
15268,90665380,90665880,500,0,100.0,0.0
15269,90665880,90666380,500,0,100.0,0.0
15270,90666380,90666880,500,0,100.0,0.0
15271,90666880,90667380,500,0,100.0,0.0
15272,90667380,90667880,500,0,100.0,0.0
15273,90667880,90668380,500,0,100.0,0.0
15274,90668380,90668880,500,0,100.0,0.0
15275,90668880,90669380,500,0,100.0,0.0
15276,90669380,90669880,500,0,100.0,0.0
15277,90669880,90670380,500,0,100.0,0.0
15278,90670380,90670880,148,352,29.599999999999998,70.4
15279,90670880,90671380,5,495,1.0,99.0
15280,90671380,90671880,96,404,19.2,80.8
15281,90671880,90672380,326,174,65.2,34.8
15282,90672380,90672880,500,0,100.0,0.0
15283,90672880,90673380,500,0,100.0,0.0
15284,90673380,90673880,500,0,100.0,0.0
15285,90673880,90674380,500,0,100.0,0.0
15286,90674380,90674880,500,0,100.0,0.0
15287,90674880,90675380,500,0,100.0,0.0
15288,90675380,90675880,500,0,100.0,0.0
15289,90675880,90676380,500,0,100.0,0.0
15290,90676380,90676880,500,0,100.0,0.0
15291,90676880,90677380,500,0,100.0,0.0
15292,90677380,90677880,500,0,100.0,0.0
15293,90677880,90678380,500,0,100.0,0.0
15294,90678380,90678880,500,0,100.0,0.0
15295,90678880,90679380,500,0,100.0,0.0
15296,90679380,90679880,500,0,100.0,0.0
15297,90679880,90680380,500,0,100.0,0.0
15298,90680380,90680880,500,0,100.0,0.0
15299,90680880,90681380,500,0,100.0,0.0
15300,90681380,90681880,500,0,100.0,0.0
15301,90681880,90682380,500,0,100.0,0.0
15302,90682380,90682880,500,0,100.0,0.0
15303,90682880,90683380,500,0,100.0,0.0
15304,90683380,90683880,500,0,100.0,0.0
15305,90683880,90684380,500,0,100.0,0.0
15306,90684380,90684880,500,0,100.0,0.0
15307,90684880,90685380,500,0,100.0,0.0
15308,90685380,90685880,500,0,100.0,0.0
15309,90685880,90686380,500,0,100.0,0.0
15310,90686380,90686880,500,0,100.0,0.0
15311,90686880,90687380,500,0,100.0,0.0
15312,90687380,90687880,500,0,100.0,0.0
15313,90687880,90688380,500,0,100.0,0.0
15314,90688380,90688880,306,194,61.199999999999996,38.800000000000004
15315,90688880,90689380,8,492,1.6,98.4
15316,90689380,90689880,72,428,14.399999999999999,85.6
15317,90689880,90690380,210,290,42.0,58.0
15318,90690380,90690880,500,0,100.0,0.0
15319,90690880,90691380,500,0,100.0,0.0
15320,90691380,90691880,500,0,100.0,0.0
15321,90691880,90692380,500,0,100.0,0.0
15322,90692380,90692880,500,0,100.0,0.0
15323,90692880,90693380,500,0,100.0,0.0
15324,90693380,90693880,500,0,100.0,0.0
15325,90693880,90694380,500,0,100.0,0.0
15326,90694380,90694880,500,0,100.0,0.0
15327,90694880,90695380,500,0,100.0,0.0
15328,90695380,90695880,500,0,100.0,0.0
15329,90695880,90696380,500,0,100.0,0.0
15330,90696380,90696880,500,0,100.0,0.0
15331,90696880,90697380,500,0,100.0,0.0
15332,90697380,90697880,500,0,100.0,0.0
15333,90697880,90698380,500,0,100.0,0.0
15334,90698380,90698880,500,0,100.0,0.0
15335,90698880,90699380,500,0,100.0,0.0
15336,90699380,90699880,500,0,100.0,0.0
15337,90699880,90700380,500,0,100.0,0.0
15338,90700380,90700880,500,0,100.0,0.0
15339,90700880,90701380,500,0,100.0,0.0
15340,90701380,90701880,500,0,100.0,0.0
15341,90701880,90702380,500,0,100.0,0.0
15342,90702380,90702880,500,0,100.0,0.0
15343,90702880,90703380,500,0,100.0,0.0
15344,90703380,90703880,500,0,100.0,0.0
15345,90703880,90704380,492,8,98.4,1.5999999999999943
15346,90704380,90704880,8,492,1.6,98.4
15347,90704880,90705380,69,431,13.8,86.2
15348,90705380,90705880,107,393,21.4,78.6
15349,90705880,90706380,500,0,100.0,0.0
15350,90706380,90706880,500,0,100.0,0.0
15351,90706880,90707380,500,0,100.0,0.0
15352,90707380,90707880,500,0,100.0,0.0
15353,90707880,90708380,500,0,100.0,0.0
15354,90708380,90708880,500,0,100.0,0.0
15355,90708880,90709380,500,0,100.0,0.0
15356,90709380,90709880,500,0,100.0,0.0
15357,90709880,90710380,500,0,100.0,0.0
15358,90710380,90710880,500,0,100.0,0.0
15359,90710880,90711380,500,0,100.0,0.0
15360,90711380,90711880,500,0,100.0,0.0
15361,90711880,90712380,500,0,100.0,0.0
15362,90712380,90712880,500,0,100.0,0.0
15363,90712880,90713380,500,0,100.0,0.0
15364,90713380,90713880,500,0,100.0,0.0
15365,90713880,90714380,500,0,100.0,0.0
15366,90714380,90714880,500,0,100.0,0.0
15367,90714880,90715380,500,0,100.0,0.0
15368,90715380,90715880,500,0,100.0,0.0
15369,90715880,90716380,500,0,100.0,0.0
15370,90716380,90716880,500,0,100.0,0.0
15371,90716880,90717380,500,0,100.0,0.0
15372,90717380,90717880,500,0,100.0,0.0
15373,90717880,90718380,500,0,100.0,0.0
15374,90718380,90718880,500,0,100.0,0.0
15375,90718880,90719380,500,0,100.0,0.0
15376,90719380,90719880,213,287,42.6,57.4
15377,90719880,90720380,7,493,1.4000000000000001,98.6
15378,90720380,90720880,79,421,15.8,84.2
15379,90720880,90721380,277,223,55.400000000000006,44.599999999999994
15380,90721380,90721880,500,0,100.0,0.0
15381,90721880,90722380,500,0,100.0,0.0
15382,90722380,90722880,500,0,100.0,0.0
15383,90722880,90723380,500,0,100.0,0.0
15384,90723380,90723880,500,0,100.0,0.0
15385,90723880,90724380,500,0,100.0,0.0
15386,90724380,90724880,500,0,100.0,0.0
15387,90724880,90725380,500,0,100.0,0.0
15388,90725380,90725880,500,0,100.0,0.0
15389,90725880,90726380,500,0,100.0,0.0
15390,90726380,90726880,500,0,100.0,0.0
15391,90726880,90727380,500,0,100.0,0.0
15392,90727380,90727880,500,0,100.0,0.0
15393,90727880,90728380,500,0,100.0,0.0
15394,90728380,90728880,500,0,100.0,0.0
15395,90728880,90729380,500,0,100.0,0.0
15396,90729380,90729880,500,0,100.0,0.0
15397,90729880,90730380,500,0,100.0,0.0
15398,90730380,90730880,500,0,100.0,0.0
15399,90730880,90731380,500,0,100.0,0.0
15400,90731380,90731880,500,0,100.0,0.0
15401,90731880,90732380,500,0,100.0,0.0
15402,90732380,90732880,500,0,100.0,0.0
15403,90732880,90733380,500,0,100.0,0.0
15404,90733380,90733880,500,0,100.0,0.0
15405,90733880,90734380,500,0,100.0,0.0
15406,90734380,90734880,500,0,100.0,0.0
15407,90734880,90735380,500,0,100.0,0.0
15408,90735380,90735880,472,28,94.39999999999999,5.6000000000000085
15409,90735880,90736380,9,491,1.7999999999999998,98.2
15410,90736380,90736880,4,496,0.8,99.2
15411,90736880,90737380,106,394,21.2,78.8
15412,90737380,90737880,5,495,1.0,99.0
15413,90737880,90738380,4,496,0.8,99.2
15414,90738380,90738880,453,47,90.60000000000001,9.399999999999991
15415,90738880,90739380,500,0,100.0,0.0
15416,90739380,90739880,500,0,100.0,0.0
15417,90739880,90740380,500,0,100.0,0.0
15418,90740380,90740880,500,0,100.0,0.0
15419,90740880,90741380,500,0,100.0,0.0
15420,90741380,90741880,500,0,100.0,0.0
15421,90741880,90742380,500,0,100.0,0.0
15422,90742380,90742880,500,0,100.0,0.0
15423,90742880,90743380,500,0,100.0,0.0
15424,90743380,90743880,500,0,100.0,0.0
15425,90743880,90744380,500,0,100.0,0.0
15426,90744380,90744880,500,0,100.0,0.0
15427,90744880,90745380,500,0,100.0,0.0
15428,90745380,90745880,500,0,100.0,0.0
15429,90745880,90746380,500,0,100.0,0.0
15430,90746380,90746880,500,0,100.0,0.0
15431,90746880,90747380,500,0,100.0,0.0
15432,90747380,90747880,500,0,100.0,0.0
15433,90747880,90748380,500,0,100.0,0.0
15434,90748380,90748880,500,0,100.0,0.0
15435,90748880,90749380,500,0,100.0,0.0
15436,90749380,90749880,500,0,100.0,0.0
15437,90749880,90750380,500,0,100.0,0.0
15438,90750380,90750880,500,0,100.0,0.0
15439,90750880,90751380,500,0,100.0,0.0
15440,90751380,90751880,500,0,100.0,0.0
15441,90751880,90752380,500,0,100.0,0.0
15442,90752380,90752880,500,0,100.0,0.0
15443,90752880,90753380,500,0,100.0,0.0
15444,90753380,90753880,500,0,100.0,0.0
15445,90753880,90754380,500,0,100.0,0.0
15446,90754380,90754880,500,0,100.0,0.0
15447,90754880,90755380,500,0,100.0,0.0
15448,90755380,90755880,500,0,100.0,0.0
15449,90755880,90756380,500,0,100.0,0.0
15450,90756380,90756880,500,0,100.0,0.0
15451,90756880,90757380,500,0,100.0,0.0
15452,90757380,90757880,500,0,100.0,0.0
15453,90757880,90758380,500,0,100.0,0.0
15454,90758380,90758880,500,0,100.0,0.0
15455,90758880,90759380,500,0,100.0,0.0
15456,90759380,90759880,500,0,100.0,0.0
15457,90759880,90760380,500,0,100.0,0.0
15458,90760380,90760880,500,0,100.0,0.0
15459,90760880,90761380,500,0,100.0,0.0
15460,90761380,90761880,500,0,100.0,0.0
15461,90761880,90762380,500,0,100.0,0.0
15462,90762380,90762880,347,153,69.39999999999999,30.60000000000001
15463,90762880,90763380,7,493,1.4000000000000001,98.6
15464,90763380,90763880,79,421,15.8,84.2
15465,90763880,90764380,6,494,1.2,98.8
15466,90764380,90764880,500,0,100.0,0.0
15467,90764880,90765380,500,0,100.0,0.0
15468,90765380,90765880,500,0,100.0,0.0
15469,90765880,90766380,500,0,100.0,0.0
15470,90766380,90766880,500,0,100.0,0.0
15471,90766880,90767380,500,0,100.0,0.0
15472,90767380,90767880,500,0,100.0,0.0
15473,90767880,90768380,500,0,100.0,0.0
15474,90768380,90768880,500,0,100.0,0.0
15475,90768880,90769380,500,0,100.0,0.0
15476,90769380,90769880,500,0,100.0,0.0
15477,90769880,90770380,500,0,100.0,0.0
15478,90770380,90770880,500,0,100.0,0.0
15479,90770880,90771380,500,0,100.0,0.0
15480,90771380,90771880,500,0,100.0,0.0
15481,90771880,90772380,500,0,100.0,0.0
15482,90772380,90772880,500,0,100.0,0.0
15483,90772880,90773380,500,0,100.0,0.0
15484,90773380,90773880,500,0,100.0,0.0
15485,90773880,90774380,500,0,100.0,0.0
15486,90774380,90774880,500,0,100.0,0.0
15487,90774880,90775380,500,0,100.0,0.0
15488,90775380,90775880,500,0,100.0,0.0
15489,90775880,90776380,500,0,100.0,0.0
15490,90776380,90776880,500,0,100.0,0.0
15491,90776880,90777380,500,0,100.0,0.0
15492,90777380,90777880,500,0,100.0,0.0
15493,90777880,90778380,500,0,100.0,0.0
15494,90778380,90778880,500,0,100.0,0.0
15495,90778880,90779380,500,0,100.0,0.0
15496,90779380,90779880,500,0,100.0,0.0
15497,90779880,90780380,441,59,88.2,11.799999999999997
15498,90780380,90780880,9,491,1.7999999999999998,98.2
15499,90780880,90781380,74,426,14.799999999999999,85.2
15500,90781380,90781880,12,488,2.4,97.6
15501,90781880,90782380,333,167,66.60000000000001,33.39999999999999
15502,90782380,90782880,500,0,100.0,0.0
15503,90782880,90783380,500,0,100.0,0.0
15504,90783380,90783880,500,0,100.0,0.0
15505,90783880,90784380,500,0,100.0,0.0
15506,90784380,90784880,500,0,100.0,0.0
15507,90784880,90785380,500,0,100.0,0.0
15508,90785380,90785880,500,0,100.0,0.0
15509,90785880,90786380,500,0,100.0,0.0
15510,90786380,90786880,500,0,100.0,0.0
15511,90786880,90787380,500,0,100.0,0.0
15512,90787380,90787880,500,0,100.0,0.0
15513,90787880,90788380,500,0,100.0,0.0
15514,90788380,90788880,500,0,100.0,0.0
15515,90788880,90789380,500,0,100.0,0.0
15516,90789380,90789880,500,0,100.0,0.0
15517,90789880,90790380,500,0,100.0,0.0
15518,90790380,90790880,500,0,100.0,0.0
15519,90790880,90791380,500,0,100.0,0.0
15520,90791380,90791880,500,0,100.0,0.0
15521,90791880,90792380,500,0,100.0,0.0
15522,90792380,90792880,500,0,100.0,0.0
15523,90792880,90793380,500,0,100.0,0.0
15524,90793380,90793880,500,0,100.0,0.0
15525,90793880,90794380,500,0,100.0,0.0
15526,90794380,90794880,500,0,100.0,0.0
15527,90794880,90795380,500,0,100.0,0.0
15528,90795380,90795880,500,0,100.0,0.0
15529,90795880,90796380,500,0,100.0,0.0
15530,90796380,90796880,500,0,100.0,0.0
15531,90796880,90797380,500,0,100.0,0.0
15532,90797380,90797880,500,0,100.0,0.0
15533,90797880,90798380,26,474,5.2,94.8
15534,90798380,90798880,66,434,13.200000000000001,86.8
15535,90798880,90799380,16,484,3.2,96.8
15536,90799380,90799880,373,127,74.6,25.400000000000006
15537,90799880,90800380,500,0,100.0,0.0
15538,90800380,90800880,500,0,100.0,0.0
15539,90800880,90801380,500,0,100.0,0.0
15540,90801380,90801880,500,0,100.0,0.0
15541,90801880,90802380,500,0,100.0,0.0
15542,90802380,90802880,500,0,100.0,0.0
15543,90802880,90803380,500,0,100.0,0.0
15544,90803380,90803880,500,0,100.0,0.0
15545,90803880,90804380,500,0,100.0,0.0
15546,90804380,90804880,500,0,100.0,0.0
15547,90804880,90805380,500,0,100.0,0.0
15548,90805380,90805880,500,0,100.0,0.0
15549,90805880,90806380,500,0,100.0,0.0
15550,90806380,90806880,500,0,100.0,0.0
15551,90806880,90807380,500,0,100.0,0.0
15552,90807380,90807880,500,0,100.0,0.0
15553,90807880,90808380,500,0,100.0,0.0
15554,90808380,90808880,500,0,100.0,0.0
15555,90808880,90809380,500,0,100.0,0.0
15556,90809380,90809880,500,0,100.0,0.0
15557,90809880,90810380,500,0,100.0,0.0
15558,90810380,90810880,500,0,100.0,0.0
15559,90810880,90811380,500,0,100.0,0.0
15560,90811380,90811880,500,0,100.0,0.0
15561,90811880,90812380,500,0,100.0,0.0
15562,90812380,90812880,500,0,100.0,0.0
15563,90812880,90813380,500,0,100.0,0.0
15564,90813380,90813880,500,0,100.0,0.0
15565,90813880,90814380,500,0,100.0,0.0
15566,90814380,90814880,500,0,100.0,0.0
15567,90814880,90815380,500,0,100.0,0.0
15568,90815380,90815880,500,0,100.0,0.0
15569,90815880,90816380,99,401,19.8,80.2
15570,90816380,90816880,9,491,1.7999999999999998,98.2
15571,90816880,90817380,81,419,16.2,83.8
15572,90817380,90817880,121,379,24.2,75.8
15573,90817880,90818380,500,0,100.0,0.0
15574,90818380,90818880,500,0,100.0,0.0
15575,90818880,90819380,500,0,100.0,0.0
15576,90819380,90819880,500,0,100.0,0.0
15577,90819880,90820380,500,0,100.0,0.0
15578,90820380,90820880,500,0,100.0,0.0
15579,90820880,90821380,500,0,100.0,0.0
15580,90821380,90821880,500,0,100.0,0.0
15581,90821880,90822380,500,0,100.0,0.0
15582,90822380,90822880,500,0,100.0,0.0
15583,90822880,90823380,500,0,100.0,0.0
15584,90823380,90823880,500,0,100.0,0.0
15585,90823880,90824380,500,0,100.0,0.0
15586,90824380,90824880,500,0,100.0,0.0
15587,90824880,90825380,500,0,100.0,0.0
15588,90825380,90825880,500,0,100.0,0.0
15589,90825880,90826380,500,0,100.0,0.0
15590,90826380,90826880,500,0,100.0,0.0
15591,90826880,90827380,500,0,100.0,0.0
15592,90827380,90827880,500,0,100.0,0.0
15593,90827880,90828380,500,0,100.0,0.0
15594,90828380,90828880,500,0,100.0,0.0
15595,90828880,90829380,500,0,100.0,0.0
15596,90829380,90829880,500,0,100.0,0.0
15597,90829880,90830380,500,0,100.0,0.0
15598,90830380,90830880,500,0,100.0,0.0
15599,90830880,90831380,500,0,100.0,0.0
15600,90831380,90831880,500,0,100.0,0.0
15601,90831880,90832380,500,0,100.0,0.0
15602,90832380,90832880,500,0,100.0,0.0
15603,90832880,90833380,500,0,100.0,0.0
15604,90833380,90833880,500,0,100.0,0.0
15605,90833880,90834380,500,0,100.0,0.0
15606,90834380,90834880,182,318,36.4,63.6
15607,90834880,90835380,6,494,1.2,98.8
15608,90835380,90835880,138,362,27.6,72.4
15609,90835880,90836380,6,494,1.2,98.8
15610,90836380,90836880,444,56,88.8,11.200000000000003
15611,90836880,90837380,500,0,100.0,0.0
15612,90837380,90837880,500,0,100.0,0.0
15613,90837880,90838380,500,0,100.0,0.0
15614,90838380,90838880,500,0,100.0,0.0
15615,90838880,90839380,500,0,100.0,0.0
15616,90839380,90839880,500,0,100.0,0.0
15617,90839880,90840380,500,0,100.0,0.0
15618,90840380,90840880,500,0,100.0,0.0
15619,90840880,90841380,500,0,100.0,0.0
15620,90841380,90841880,500,0,100.0,0.0
15621,90841880,90842380,500,0,100.0,0.0
15622,90842380,90842880,500,0,100.0,0.0
15623,90842880,90843380,500,0,100.0,0.0
15624,90843380,90843880,500,0,100.0,0.0
15625,90843880,90844380,500,0,100.0,0.0
15626,90844380,90844880,500,0,100.0,0.0
15627,90844880,90845380,500,0,100.0,0.0
15628,90845380,90845880,500,0,100.0,0.0
15629,90845880,90846380,500,0,100.0,0.0
15630,90846380,90846880,500,0,100.0,0.0
15631,90846880,90847380,500,0,100.0,0.0
15632,90847380,90847880,500,0,100.0,0.0
15633,90847880,90848380,500,0,100.0,0.0
15634,90848380,90848880,500,0,100.0,0.0
15635,90848880,90849380,500,0,100.0,0.0
15636,90849380,90849880,500,0,100.0,0.0
15637,90849880,90850380,500,0,100.0,0.0
15638,90850380,90850880,500,0,100.0,0.0
15639,90850880,90851380,500,0,100.0,0.0
15640,90851380,90851880,500,0,100.0,0.0
15641,90851880,90852380,500,0,100.0,0.0
15642,90852380,90852880,500,0,100.0,0.0
15643,90852880,90853380,500,0,100.0,0.0
15644,90853380,90853880,500,0,100.0,0.0
15645,90853880,90854380,500,0,100.0,0.0
15646,90854380,90854880,500,0,100.0,0.0
15647,90854880,90855380,500,0,100.0,0.0
15648,90855380,90855880,500,0,100.0,0.0
15649,90855880,90856380,500,0,100.0,0.0
15650,90856380,90856880,500,0,100.0,0.0
15651,90856880,90857380,500,0,100.0,0.0
15652,90857380,90857880,500,0,100.0,0.0
15653,90857880,90858380,500,0,100.0,0.0
15654,90858380,90858880,455,45,91.0,9.0
15655,90858880,90859380,4,496,0.8,99.2
15656,90859380,90859880,8,492,1.6,98.4
15657,90859880,90860380,3,497,0.6,99.4
15658,90860380,90860880,162,338,32.4,67.6
15659,90860880,90861380,4,496,0.8,99.2
15660,90861380,90861880,384,116,76.8,23.200000000000003
15661,90861880,90862380,500,0,100.0,0.0
15662,90862380,90862880,500,0,100.0,0.0
15663,90862880,90863380,500,0,100.0,0.0
15664,90863380,90863880,500,0,100.0,0.0
15665,90863880,90864380,500,0,100.0,0.0
15666,90864380,90864880,500,0,100.0,0.0
15667,90864880,90865380,500,0,100.0,0.0
15668,90865380,90865880,500,0,100.0,0.0
15669,90865880,90866380,500,0,100.0,0.0
15670,90866380,90866880,500,0,100.0,0.0
15671,90866880,90867380,500,0,100.0,0.0
15672,90867380,90867880,500,0,100.0,0.0
15673,90867880,90868380,500,0,100.0,0.0
15674,90868380,90868880,500,0,100.0,0.0
15675,90868880,90869380,500,0,100.0,0.0
15676,90869380,90869880,500,0,100.0,0.0
15677,90869880,90870380,500,0,100.0,0.0
15678,90870380,90870880,500,0,100.0,0.0
15679,90870880,90871380,500,0,100.0,0.0
15680,90871380,90871880,500,0,100.0,0.0
15681,90871880,90872380,500,0,100.0,0.0
15682,90872380,90872880,500,0,100.0,0.0
15683,90872880,90873380,500,0,100.0,0.0
15684,90873380,90873880,500,0,100.0,0.0
15685,90873880,90874380,500,0,100.0,0.0
15686,90874380,90874880,500,0,100.0,0.0
15687,90874880,90875380,500,0,100.0,0.0
15688,90875380,90875880,500,0,100.0,0.0
15689,90875880,90876380,500,0,100.0,0.0
15690,90876380,90876880,500,0,100.0,0.0
15691,90876880,90877380,500,0,100.0,0.0
15692,90877380,90877880,500,0,100.0,0.0
15693,90877880,90878380,500,0,100.0,0.0
15694,90878380,90878880,500,0,100.0,0.0
15695,90878880,90879380,500,0,100.0,0.0
15696,90879380,90879880,500,0,100.0,0.0
15697,90879880,90880380,500,0,100.0,0.0
15698,90880380,90880880,500,0,100.0,0.0
15699,90880880,90881380,500,0,100.0,0.0
15700,90881380,90881880,500,0,100.0,0.0
15701,90881880,90882380,54,446,10.8,89.2
15702,90882380,90882880,8,492,1.6,98.4
15703,90882880,90883380,108,392,21.6,78.4
15704,90883380,90883880,78,422,15.6,84.4
15705,90883880,90884380,500,0,100.0,0.0
15706,90884380,90884880,500,0,100.0,0.0
15707,90884880,90885380,500,0,100.0,0.0
15708,90885380,90885880,500,0,100.0,0.0
15709,90885880,90886380,500,0,100.0,0.0
15710,90886380,90886880,500,0,100.0,0.0
15711,90886880,90887380,500,0,100.0,0.0
15712,90887380,90887880,500,0,100.0,0.0
15713,90887880,90888380,500,0,100.0,0.0
15714,90888380,90888880,500,0,100.0,0.0
15715,90888880,90889380,500,0,100.0,0.0
15716,90889380,90889880,500,0,100.0,0.0
15717,90889880,90890380,500,0,100.0,0.0
15718,90890380,90890880,500,0,100.0,0.0
15719,90890880,90891380,500,0,100.0,0.0
15720,90891380,90891880,500,0,100.0,0.0
15721,90891880,90892380,500,0,100.0,0.0
15722,90892380,90892880,500,0,100.0,0.0
15723,90892880,90893380,500,0,100.0,0.0
15724,90893380,90893880,500,0,100.0,0.0
15725,90893880,90894380,500,0,100.0,0.0
15726,90894380,90894880,500,0,100.0,0.0
15727,90894880,90895380,500,0,100.0,0.0
15728,90895380,90895880,500,0,100.0,0.0
15729,90895880,90896380,500,0,100.0,0.0
15730,90896380,90896880,500,0,100.0,0.0
15731,90896880,90897380,500,0,100.0,0.0
15732,90897380,90897880,500,0,100.0,0.0
15733,90897880,90898380,500,0,100.0,0.0
15734,90898380,90898880,500,0,100.0,0.0
15735,90898880,90899380,500,0,100.0,0.0
15736,90899380,90899880,500,0,100.0,0.0
15737,90899880,90900380,500,0,100.0,0.0
15738,90900380,90900880,500,0,100.0,0.0
15739,90900880,90901380,500,0,100.0,0.0
15740,90901380,90901880,500,0,100.0,0.0
15741,90901880,90902380,500,0,100.0,0.0
15742,90902380,90902880,44,456,8.799999999999999,91.2
15743,90902880,90903380,6,494,1.2,98.8
15744,90903380,90903880,131,369,26.200000000000003,73.8
15745,90903880,90904380,5,495,1.0,99.0
15746,90904380,90904880,497,3,99.4,0.5999999999999943
15747,90904880,90905380,500,0,100.0,0.0
15748,90905380,90905880,500,0,100.0,0.0
15749,90905880,90906380,500,0,100.0,0.0
15750,90906380,90906880,500,0,100.0,0.0
15751,90906880,90907380,500,0,100.0,0.0
15752,90907380,90907880,500,0,100.0,0.0
15753,90907880,90908380,500,0,100.0,0.0
15754,90908380,90908880,500,0,100.0,0.0
15755,90908880,90909380,500,0,100.0,0.0
15756,90909380,90909880,500,0,100.0,0.0
15757,90909880,90910380,500,0,100.0,0.0
15758,90910380,90910880,500,0,100.0,0.0
15759,90910880,90911380,500,0,100.0,0.0
15760,90911380,90911880,500,0,100.0,0.0
15761,90911880,90912380,500,0,100.0,0.0
15762,90912380,90912880,500,0,100.0,0.0
15763,90912880,90913380,500,0,100.0,0.0
15764,90913380,90913880,500,0,100.0,0.0
15765,90913880,90914380,500,0,100.0,0.0
15766,90914380,90914880,500,0,100.0,0.0
15767,90914880,90915380,500,0,100.0,0.0
15768,90915380,90915880,500,0,100.0,0.0
15769,90915880,90916380,500,0,100.0,0.0
15770,90916380,90916880,500,0,100.0,0.0
15771,90916880,90917380,500,0,100.0,0.0
15772,90917380,90917880,500,0,100.0,0.0
15773,90917880,90918380,500,0,100.0,0.0
15774,90918380,90918880,500,0,100.0,0.0
15775,90918880,90919380,500,0,100.0,0.0
15776,90919380,90919880,500,0,100.0,0.0
15777,90919880,90920380,500,0,100.0,0.0
15778,90920380,90920880,500,0,100.0,0.0
15779,90920880,90921380,500,0,100.0,0.0
15780,90921380,90921880,500,0,100.0,0.0
15781,90921880,90922380,500,0,100.0,0.0
15782,90922380,90922880,500,0,100.0,0.0
15783,90922880,90923380,500,0,100.0,0.0
15784,90923380,90923880,500,0,100.0,0.0
15785,90923880,90924380,500,0,100.0,0.0
15786,90924380,90924880,500,0,100.0,0.0
15787,90924880,90925380,500,0,100.0,0.0
15788,90925380,90925880,102,398,20.4,79.6
15789,90925880,90926380,0,500,0.0,100.0
15790,90926380,90926880,10,490,2.0,98.0
15791,90926880,90927380,6,494,1.2,98.8
15792,90927380,90927880,153,347,30.599999999999998,69.4
15793,90927880,90928380,6,494,1.2,98.8
15794,90928380,90928880,467,33,93.4,6.599999999999994
15795,90928880,90929380,500,0,100.0,0.0
15796,90929380,90929880,500,0,100.0,0.0
15797,90929880,90930380,500,0,100.0,0.0
15798,90930380,90930880,500,0,100.0,0.0
15799,90930880,90931380,500,0,100.0,0.0
15800,90931380,90931880,500,0,100.0,0.0
15801,90931880,90932380,500,0,100.0,0.0
15802,90932380,90932880,500,0,100.0,0.0
15803,90932880,90933380,500,0,100.0,0.0
15804,90933380,90933880,500,0,100.0,0.0
15805,90933880,90934380,500,0,100.0,0.0
15806,90934380,90934880,500,0,100.0,0.0
15807,90934880,90935380,500,0,100.0,0.0
15808,90935380,90935880,500,0,100.0,0.0
15809,90935880,90936380,500,0,100.0,0.0
15810,90936380,90936880,500,0,100.0,0.0
15811,90936880,90937380,500,0,100.0,0.0
15812,90937380,90937880,500,0,100.0,0.0
15813,90937880,90938380,500,0,100.0,0.0
15814,90938380,90938880,500,0,100.0,0.0
15815,90938880,90939380,500,0,100.0,0.0
15816,90939380,90939880,500,0,100.0,0.0
15817,90939880,90940380,500,0,100.0,0.0
15818,90940380,90940880,500,0,100.0,0.0
15819,90940880,90941380,500,0,100.0,0.0
15820,90941380,90941880,500,0,100.0,0.0
15821,90941880,90942380,500,0,100.0,0.0
15822,90942380,90942880,500,0,100.0,0.0
15823,90942880,90943380,500,0,100.0,0.0
15824,90943380,90943880,500,0,100.0,0.0
15825,90943880,90944380,500,0,100.0,0.0
15826,90944380,90944880,500,0,100.0,0.0
15827,90944880,90945380,500,0,100.0,0.0
15828,90945380,90945880,500,0,100.0,0.0
15829,90945880,90946380,500,0,100.0,0.0
15830,90946380,90946880,500,0,100.0,0.0
15831,90946880,90947380,500,0,100.0,0.0
15832,90947380,90947880,500,0,100.0,0.0
15833,90947880,90948380,500,0,100.0,0.0
15834,90948380,90948880,500,0,100.0,0.0
15835,90948880,90949380,500,0,100.0,0.0
15836,90949380,90949880,500,0,100.0,0.0
15837,90949880,90950380,500,0,100.0,0.0
15838,90950380,90950880,500,0,100.0,0.0
15839,90950880,90951380,500,0,100.0,0.0
15840,90951380,90951880,500,0,100.0,0.0
15841,90951880,90952380,75,425,15.0,85.0
15842,90952380,90952880,8,492,1.6,98.4
15843,90952880,90953380,76,424,15.2,84.8
15844,90953380,90953880,164,336,32.800000000000004,67.19999999999999
15845,90953880,90954380,500,0,100.0,0.0
15846,90954380,90954880,500,0,100.0,0.0
15847,90954880,90955380,500,0,100.0,0.0
15848,90955380,90955880,500,0,100.0,0.0
15849,90955880,90956380,500,0,100.0,0.0
15850,90956380,90956880,500,0,100.0,0.0
15851,90956880,90957380,500,0,100.0,0.0
15852,90957380,90957880,500,0,100.0,0.0
15853,90957880,90958380,500,0,100.0,0.0
15854,90958380,90958880,500,0,100.0,0.0
15855,90958880,90959380,500,0,100.0,0.0
15856,90959380,90959880,500,0,100.0,0.0
15857,90959880,90960380,500,0,100.0,0.0
15858,90960380,90960880,500,0,100.0,0.0
15859,90960880,90961380,500,0,100.0,0.0
15860,90961380,90961880,500,0,100.0,0.0
15861,90961880,90962380,500,0,100.0,0.0
15862,90962380,90962880,500,0,100.0,0.0
15863,90962880,90963380,500,0,100.0,0.0
15864,90963380,90963880,500,0,100.0,0.0
15865,90963880,90964380,500,0,100.0,0.0
15866,90964380,90964880,500,0,100.0,0.0
15867,90964880,90965380,500,0,100.0,0.0
15868,90965380,90965880,500,0,100.0,0.0
15869,90965880,90966380,500,0,100.0,0.0
15870,90966380,90966880,500,0,100.0,0.0
15871,90966880,90967380,500,0,100.0,0.0
15872,90967380,90967880,500,0,100.0,0.0
15873,90967880,90968380,500,0,100.0,0.0
15874,90968380,90968880,500,0,100.0,0.0
15875,90968880,90969380,500,0,100.0,0.0
15876,90969380,90969880,500,0,100.0,0.0
15877,90969880,90970380,500,0,100.0,0.0
15878,90970380,90970880,500,0,100.0,0.0
15879,90970880,90971380,500,0,100.0,0.0
15880,90971380,90971880,83,417,16.6,83.4
15881,90971880,90972380,6,494,1.2,98.8
15882,90972380,90972880,77,423,15.4,84.6
15883,90972880,90973380,148,352,29.599999999999998,70.4
15884,90973380,90973880,500,0,100.0,0.0
15885,90973880,90974380,500,0,100.0,0.0
15886,90974380,90974880,500,0,100.0,0.0
15887,90974880,90975380,500,0,100.0,0.0
15888,90975380,90975880,500,0,100.0,0.0
15889,90975880,90976380,500,0,100.0,0.0
15890,90976380,90976880,500,0,100.0,0.0
15891,90976880,90977380,500,0,100.0,0.0
15892,90977380,90977880,500,0,100.0,0.0
15893,90977880,90978380,500,0,100.0,0.0
15894,90978380,90978880,500,0,100.0,0.0
15895,90978880,90979380,500,0,100.0,0.0
15896,90979380,90979880,500,0,100.0,0.0
15897,90979880,90980380,500,0,100.0,0.0
15898,90980380,90980880,500,0,100.0,0.0
15899,90980880,90981380,500,0,100.0,0.0
15900,90981380,90981880,500,0,100.0,0.0
15901,90981880,90982380,500,0,100.0,0.0
15902,90982380,90982880,500,0,100.0,0.0
15903,90982880,90983380,500,0,100.0,0.0
15904,90983380,90983880,500,0,100.0,0.0
15905,90983880,90984380,500,0,100.0,0.0
15906,90984380,90984880,500,0,100.0,0.0
15907,90984880,90985380,500,0,100.0,0.0
15908,90985380,90985880,500,0,100.0,0.0
15909,90985880,90986380,500,0,100.0,0.0
15910,90986380,90986880,500,0,100.0,0.0
15911,90986880,90987380,500,0,100.0,0.0
15912,90987380,90987880,500,0,100.0,0.0
15913,90987880,90988380,500,0,100.0,0.0
15914,90988380,90988880,500,0,100.0,0.0
15915,90988880,90989380,500,0,100.0,0.0
15916,90989380,90989880,500,0,100.0,0.0
15917,90989880,90990380,500,0,100.0,0.0
15918,90990380,90990880,500,0,100.0,0.0
15919,90990880,90991380,500,0,100.0,0.0
15920,90991380,90991880,500,0,100.0,0.0
15921,90991880,90992380,500,0,100.0,0.0
15922,90992380,90992880,500,0,100.0,0.0
15923,90992880,90993380,500,0,100.0,0.0
15924,90993380,90993880,500,0,100.0,0.0
15925,90993880,90994380,500,0,100.0,0.0
15926,90994380,90994880,500,0,100.0,0.0
15927,90994880,90995380,500,0,100.0,0.0
15928,90995380,90995880,500,0,100.0,0.0
15929,90995880,90996380,500,0,100.0,0.0
15930,90996380,90996880,500,0,100.0,0.0
15931,90996880,90997380,500,0,100.0,0.0
15932,90997380,90997880,500,0,100.0,0.0
15933,90997880,90998380,500,0,100.0,0.0
15934,90998380,90998880,500,0,100.0,0.0
15935,90998880,90999380,500,0,100.0,0.0
15936,90999380,90999880,500,0,100.0,0.0
15937,90999880,91000380,500,0,100.0,0.0
15938,91000380,91000880,500,0,100.0,0.0
15939,91000880,91001380,500,0,100.0,0.0
15940,91001380,91001880,500,0,100.0,0.0
15941,91001880,91002380,500,0,100.0,0.0
15942,91002380,91002880,500,0,100.0,0.0
15943,91002880,91003380,500,0,100.0,0.0
15944,91003380,91003880,500,0,100.0,0.0
15945,91003880,91004380,500,0,100.0,0.0
15946,91004380,91004880,500,0,100.0,0.0
15947,91004880,91005380,500,0,100.0,0.0
15948,91005380,91005880,500,0,100.0,0.0
15949,91005880,91006380,500,0,100.0,0.0
15950,91006380,91006880,500,0,100.0,0.0
15951,91006880,91007380,500,0,100.0,0.0
15952,91007380,91007880,500,0,100.0,0.0
15953,91007880,91008380,500,0,100.0,0.0
15954,91008380,91008880,500,0,100.0,0.0
15955,91008880,91009380,500,0,100.0,0.0
15956,91009380,91009880,500,0,100.0,0.0
15957,91009880,91010380,500,0,100.0,0.0
15958,91010380,91010880,500,0,100.0,0.0
15959,91010880,91011380,500,0,100.0,0.0
15960,91011380,91011880,500,0,100.0,0.0
15961,91011880,91012380,500,0,100.0,0.0
15962,91012380,91012880,500,0,100.0,0.0
15963,91012880,91013380,500,0,100.0,0.0
15964,91013380,91013880,500,0,100.0,0.0
15965,91013880,91014380,500,0,100.0,0.0
15966,91014380,91014880,500,0,100.0,0.0
15967,91014880,91015380,500,0,100.0,0.0
15968,91015380,91015880,500,0,100.0,0.0
15969,91015880,91016380,500,0,100.0,0.0
15970,91016380,91016880,500,0,100.0,0.0
15971,91016880,91017380,500,0,100.0,0.0
15972,91017380,91017880,500,0,100.0,0.0
15973,91017880,91018380,500,0,100.0,0.0
15974,91018380,91018880,500,0,100.0,0.0
15975,91018880,91019380,500,0,100.0,0.0
15976,91019380,91019880,500,0,100.0,0.0
15977,91019880,91020380,500,0,100.0,0.0
15978,91020380,91020880,500,0,100.0,0.0
15979,91020880,91021380,500,0,100.0,0.0
15980,91021380,91021880,500,0,100.0,0.0
15981,91021880,91022380,500,0,100.0,0.0
15982,91022380,91022880,500,0,100.0,0.0
15983,91022880,91023380,500,0,100.0,0.0
15984,91023380,91023880,500,0,100.0,0.0
15985,91023880,91024380,500,0,100.0,0.0
15986,91024380,91024880,500,0,100.0,0.0
15987,91024880,91025380,500,0,100.0,0.0
15988,91025380,91025880,500,0,100.0,0.0
15989,91025880,91026380,500,0,100.0,0.0
15990,91026380,91026880,500,0,100.0,0.0
15991,91026880,91027380,500,0,100.0,0.0
15992,91027380,91027880,500,0,100.0,0.0
15993,91027880,91028380,500,0,100.0,0.0
15994,91028380,91028880,500,0,100.0,0.0
15995,91028880,91029380,500,0,100.0,0.0
15996,91029380,91029880,500,0,100.0,0.0
15997,91029880,91030380,500,0,100.0,0.0
15998,91030380,91030880,500,0,100.0,0.0
15999,91030880,91031380,500,0,100.0,0.0
16000,91031380,91031880,500,0,100.0,0.0
16001,91031880,91032380,500,0,100.0,0.0
16002,91032380,91032880,500,0,100.0,0.0
16003,91032880,91033380,500,0,100.0,0.0
16004,91033380,91033880,500,0,100.0,0.0
16005,91033880,91034380,500,0,100.0,0.0
16006,91034380,91034880,500,0,100.0,0.0
16007,91034880,91035380,500,0,100.0,0.0
16008,91035380,91035880,500,0,100.0,0.0
16009,91035880,91036380,500,0,100.0,0.0
16010,91036380,91036880,500,0,100.0,0.0
16011,91036880,91037380,500,0,100.0,0.0
16012,91037380,91037880,500,0,100.0,0.0
16013,91037880,91038380,500,0,100.0,0.0
16014,91038380,91038880,500,0,100.0,0.0
16015,91038880,91039380,500,0,100.0,0.0
16016,91039380,91039880,500,0,100.0,0.0
16017,91039880,91040380,500,0,100.0,0.0
16018,91040380,91040880,500,0,100.0,0.0
16019,91040880,91041380,500,0,100.0,0.0
16020,91041380,91041880,500,0,100.0,0.0
16021,91041880,91042380,500,0,100.0,0.0
16022,91042380,91042880,500,0,100.0,0.0
16023,91042880,91043380,500,0,100.0,0.0
16024,91043380,91043880,500,0,100.0,0.0
16025,91043880,91044380,500,0,100.0,0.0
16026,91044380,91044880,500,0,100.0,0.0
16027,91044880,91045380,112,388,22.400000000000002,77.6
16028,91045380,91045880,6,494,1.2,98.8
16029,91045880,91046380,99,401,19.8,80.2
16030,91046380,91046880,5,495,1.0,99.0
16031,91046880,91047380,132,368,26.400000000000002,73.6
16032,91047380,91047880,500,0,100.0,0.0
16033,91047880,91048380,500,0,100.0,0.0
16034,91048380,91048880,500,0,100.0,0.0
16035,91048880,91049380,500,0,100.0,0.0
16036,91049380,91049880,500,0,100.0,0.0
16037,91049880,91050380,500,0,100.0,0.0
16038,91050380,91050880,500,0,100.0,0.0
16039,91050880,91051380,500,0,100.0,0.0
16040,91051380,91051880,500,0,100.0,0.0
16041,91051880,91052380,500,0,100.0,0.0
16042,91052380,91052880,500,0,100.0,0.0
16043,91052880,91053380,500,0,100.0,0.0
16044,91053380,91053880,500,0,100.0,0.0
16045,91053880,91054380,500,0,100.0,0.0
16046,91054380,91054880,500,0,100.0,0.0
16047,91054880,91055380,500,0,100.0,0.0
16048,91055380,91055880,500,0,100.0,0.0
16049,91055880,91056380,500,0,100.0,0.0
16050,91056380,91056880,500,0,100.0,0.0
16051,91056880,91057380,500,0,100.0,0.0
16052,91057380,91057880,500,0,100.0,0.0
16053,91057880,91058380,500,0,100.0,0.0
16054,91058380,91058880,500,0,100.0,0.0
16055,91058880,91059380,500,0,100.0,0.0
16056,91059380,91059880,500,0,100.0,0.0
16057,91059880,91060380,500,0,100.0,0.0
16058,91060380,91060880,500,0,100.0,0.0
16059,91060880,91061380,500,0,100.0,0.0
16060,91061380,91061880,500,0,100.0,0.0
16061,91061880,91062380,500,0,100.0,0.0
16062,91062380,91062880,500,0,100.0,0.0
16063,91062880,91063380,500,0,100.0,0.0
16064,91063380,91063880,306,194,61.199999999999996,38.800000000000004
16065,91063880,91064380,9,491,1.7999999999999998,98.2
16066,91064380,91064880,128,372,25.6,74.4
16067,91064880,91065380,4,496,0.8,99.2
16068,91065380,91065880,5,495,1.0,99.0
16069,91065880,91066380,455,45,91.0,9.0
16070,91066380,91066880,500,0,100.0,0.0
16071,91066880,91067380,500,0,100.0,0.0
16072,91067380,91067880,500,0,100.0,0.0
16073,91067880,91068380,500,0,100.0,0.0
16074,91068380,91068880,500,0,100.0,0.0
16075,91068880,91069380,500,0,100.0,0.0
16076,91069380,91069880,500,0,100.0,0.0
16077,91069880,91070380,500,0,100.0,0.0
16078,91070380,91070880,500,0,100.0,0.0
16079,91070880,91071380,500,0,100.0,0.0
16080,91071380,91071880,500,0,100.0,0.0
16081,91071880,91072380,500,0,100.0,0.0
16082,91072380,91072880,500,0,100.0,0.0
16083,91072880,91073380,500,0,100.0,0.0
16084,91073380,91073880,500,0,100.0,0.0
16085,91073880,91074380,500,0,100.0,0.0
16086,91074380,91074880,500,0,100.0,0.0
16087,91074880,91075380,500,0,100.0,0.0
16088,91075380,91075880,500,0,100.0,0.0
16089,91075880,91076380,500,0,100.0,0.0
16090,91076380,91076880,500,0,100.0,0.0
16091,91076880,91077380,500,0,100.0,0.0
16092,91077380,91077880,500,0,100.0,0.0
16093,91077880,91078380,500,0,100.0,0.0
16094,91078380,91078880,500,0,100.0,0.0
16095,91078880,91079380,500,0,100.0,0.0
16096,91079380,91079880,500,0,100.0,0.0
16097,91079880,91080380,500,0,100.0,0.0
16098,91080380,91080880,500,0,100.0,0.0
16099,91080880,91081380,500,0,100.0,0.0
16100,91081380,91081880,500,0,100.0,0.0
16101,91081880,91082380,500,0,100.0,0.0
16102,91082380,91082880,500,0,100.0,0.0
16103,91082880,91083380,500,0,100.0,0.0
16104,91083380,91083880,197,303,39.4,60.6
16105,91083880,91084380,6,494,1.2,98.8
16106,91084380,91084880,70,430,14.000000000000002,86.0
16107,91084880,91085380,37,463,7.3999999999999995,92.6
16108,91085380,91085880,500,0,100.0,0.0
16109,91085880,91086380,500,0,100.0,0.0
16110,91086380,91086880,500,0,100.0,0.0
16111,91086880,91087380,500,0,100.0,0.0
16112,91087380,91087880,500,0,100.0,0.0
16113,91087880,91088380,500,0,100.0,0.0
16114,91088380,91088880,500,0,100.0,0.0
16115,91088880,91089380,500,0,100.0,0.0
16116,91089380,91089880,500,0,100.0,0.0
16117,91089880,91090380,500,0,100.0,0.0
16118,91090380,91090880,500,0,100.0,0.0
16119,91090880,91091380,500,0,100.0,0.0
16120,91091380,91091880,500,0,100.0,0.0
16121,91091880,91092380,500,0,100.0,0.0
16122,91092380,91092880,500,0,100.0,0.0
16123,91092880,91093380,500,0,100.0,0.0
16124,91093380,91093880,500,0,100.0,0.0
16125,91093880,91094380,500,0,100.0,0.0
16126,91094380,91094880,500,0,100.0,0.0
16127,91094880,91095380,500,0,100.0,0.0
16128,91095380,91095880,500,0,100.0,0.0
16129,91095880,91096380,500,0,100.0,0.0
16130,91096380,91096880,500,0,100.0,0.0
16131,91096880,91097380,500,0,100.0,0.0
16132,91097380,91097880,500,0,100.0,0.0
16133,91097880,91098380,500,0,100.0,0.0
16134,91098380,91098880,500,0,100.0,0.0
16135,91098880,91099380,500,0,100.0,0.0
16136,91099380,91099880,500,0,100.0,0.0
16137,91099880,91100380,500,0,100.0,0.0
16138,91100380,91100880,500,0,100.0,0.0
16139,91100880,91101380,500,0,100.0,0.0
16140,91101380,91101880,500,0,100.0,0.0
16141,91101880,91102380,500,0,100.0,0.0
16142,91102380,91102880,500,0,100.0,0.0
16143,91102880,91103380,125,375,25.0,75.0
16144,91103380,91103880,8,492,1.6,98.4
16145,91103880,91104380,71,429,14.2,85.8
16146,91104380,91104880,150,350,30.0,70.0
16147,91104880,91105380,500,0,100.0,0.0
16148,91105380,91105880,500,0,100.0,0.0
16149,91105880,91106380,500,0,100.0,0.0
16150,91106380,91106880,500,0,100.0,0.0
16151,91106880,91107380,500,0,100.0,0.0
16152,91107380,91107880,500,0,100.0,0.0
16153,91107880,91108380,500,0,100.0,0.0
16154,91108380,91108880,500,0,100.0,0.0
16155,91108880,91109380,500,0,100.0,0.0
16156,91109380,91109880,500,0,100.0,0.0
16157,91109880,91110380,500,0,100.0,0.0
16158,91110380,91110880,500,0,100.0,0.0
16159,91110880,91111380,500,0,100.0,0.0
16160,91111380,91111880,500,0,100.0,0.0
16161,91111880,91112380,500,0,100.0,0.0
16162,91112380,91112880,500,0,100.0,0.0
16163,91112880,91113380,500,0,100.0,0.0
16164,91113380,91113880,500,0,100.0,0.0
16165,91113880,91114380,500,0,100.0,0.0
16166,91114380,91114880,500,0,100.0,0.0
16167,91114880,91115380,500,0,100.0,0.0
16168,91115380,91115880,500,0,100.0,0.0
16169,91115880,91116380,500,0,100.0,0.0
16170,91116380,91116880,500,0,100.0,0.0
16171,91116880,91117380,500,0,100.0,0.0
16172,91117380,91117880,500,0,100.0,0.0
16173,91117880,91118380,500,0,100.0,0.0
16174,91118380,91118880,500,0,100.0,0.0
16175,91118880,91119380,500,0,100.0,0.0
16176,91119380,91119880,500,0,100.0,0.0
16177,91119880,91120380,500,0,100.0,0.0
16178,91120380,91120880,500,0,100.0,0.0
16179,91120880,91121380,500,0,100.0,0.0
16180,91121380,91121880,500,0,100.0,0.0
16181,91121880,91122380,145,355,28.999999999999996,71.0
16182,91122380,91122880,9,491,1.7999999999999998,98.2
16183,91122880,91123380,73,427,14.6,85.4
16184,91123380,91123880,81,419,16.2,83.8
16185,91123880,91124380,500,0,100.0,0.0
16186,91124380,91124880,500,0,100.0,0.0
16187,91124880,91125380,500,0,100.0,0.0
16188,91125380,91125880,500,0,100.0,0.0
16189,91125880,91126380,500,0,100.0,0.0
16190,91126380,91126880,500,0,100.0,0.0
16191,91126880,91127380,500,0,100.0,0.0
16192,91127380,91127880,500,0,100.0,0.0
16193,91127880,91128380,500,0,100.0,0.0
16194,91128380,91128880,500,0,100.0,0.0
16195,91128880,91129380,500,0,100.0,0.0
16196,91129380,91129880,500,0,100.0,0.0
16197,91129880,91130380,500,0,100.0,0.0
16198,91130380,91130880,500,0,100.0,0.0
16199,91130880,91131380,500,0,100.0,0.0
16200,91131380,91131880,500,0,100.0,0.0
16201,91131880,91132380,500,0,100.0,0.0
16202,91132380,91132880,500,0,100.0,0.0
16203,91132880,91133380,500,0,100.0,0.0
16204,91133380,91133880,500,0,100.0,0.0
16205,91133880,91134380,500,0,100.0,0.0
16206,91134380,91134880,500,0,100.0,0.0
16207,91134880,91135380,500,0,100.0,0.0
16208,91135380,91135880,500,0,100.0,0.0
16209,91135880,91136380,500,0,100.0,0.0
16210,91136380,91136880,500,0,100.0,0.0
16211,91136880,91137380,500,0,100.0,0.0
16212,91137380,91137880,500,0,100.0,0.0
16213,91137880,91138380,500,0,100.0,0.0
16214,91138380,91138880,500,0,100.0,0.0
16215,91138880,91139380,500,0,100.0,0.0
16216,91139380,91139880,500,0,100.0,0.0
16217,91139880,91140380,500,0,100.0,0.0
16218,91140380,91140880,109,391,21.8,78.2
16219,91140880,91141380,6,494,1.2,98.8
16220,91141380,91141880,180,320,36.0,64.0
16221,91141880,91142380,93,407,18.6,81.4
16222,91142380,91142880,500,0,100.0,0.0
16223,91142880,91143380,500,0,100.0,0.0
16224,91143380,91143880,500,0,100.0,0.0
16225,91143880,91144380,500,0,100.0,0.0
16226,91144380,91144880,500,0,100.0,0.0
16227,91144880,91145380,500,0,100.0,0.0
16228,91145380,91145880,500,0,100.0,0.0
16229,91145880,91146380,500,0,100.0,0.0
16230,91146380,91146880,500,0,100.0,0.0
16231,91146880,91147380,500,0,100.0,0.0
16232,91147380,91147880,500,0,100.0,0.0
16233,91147880,91148380,500,0,100.0,0.0
16234,91148380,91148880,500,0,100.0,0.0
16235,91148880,91149380,500,0,100.0,0.0
16236,91149380,91149880,500,0,100.0,0.0
16237,91149880,91150380,500,0,100.0,0.0
16238,91150380,91150880,500,0,100.0,0.0
16239,91150880,91151380,500,0,100.0,0.0
16240,91151380,91151880,500,0,100.0,0.0
16241,91151880,91152380,500,0,100.0,0.0
16242,91152380,91152880,500,0,100.0,0.0
16243,91152880,91153380,500,0,100.0,0.0
16244,91153380,91153880,500,0,100.0,0.0
16245,91153880,91154380,500,0,100.0,0.0
16246,91154380,91154880,500,0,100.0,0.0
16247,91154880,91155380,500,0,100.0,0.0
16248,91155380,91155880,500,0,100.0,0.0
16249,91155880,91156380,500,0,100.0,0.0
16250,91156380,91156880,500,0,100.0,0.0
16251,91156880,91157380,500,0,100.0,0.0
16252,91157380,91157880,500,0,100.0,0.0
16253,91157880,91158380,83,417,16.6,83.4
16254,91158380,91158880,8,492,1.6,98.4
16255,91158880,91159380,96,404,19.2,80.8
16256,91159380,91159880,77,423,15.4,84.6
16257,91159880,91160380,500,0,100.0,0.0
16258,91160380,91160880,500,0,100.0,0.0
16259,91160880,91161380,500,0,100.0,0.0
16260,91161380,91161880,500,0,100.0,0.0
16261,91161880,91162380,500,0,100.0,0.0
16262,91162380,91162880,500,0,100.0,0.0
16263,91162880,91163380,500,0,100.0,0.0
16264,91163380,91163880,500,0,100.0,0.0
16265,91163880,91164380,500,0,100.0,0.0
16266,91164380,91164880,500,0,100.0,0.0
16267,91164880,91165380,500,0,100.0,0.0
16268,91165380,91165880,500,0,100.0,0.0
16269,91165880,91166380,500,0,100.0,0.0
16270,91166380,91166880,500,0,100.0,0.0
16271,91166880,91167380,500,0,100.0,0.0
16272,91167380,91167880,500,0,100.0,0.0
16273,91167880,91168380,500,0,100.0,0.0
16274,91168380,91168880,500,0,100.0,0.0
16275,91168880,91169380,500,0,100.0,0.0
16276,91169380,91169880,500,0,100.0,0.0
16277,91169880,91170380,500,0,100.0,0.0
16278,91170380,91170880,500,0,100.0,0.0
16279,91170880,91171380,500,0,100.0,0.0
16280,91171380,91171880,500,0,100.0,0.0
16281,91171880,91172380,500,0,100.0,0.0
16282,91172380,91172880,500,0,100.0,0.0
16283,91172880,91173380,500,0,100.0,0.0
16284,91173380,91173880,500,0,100.0,0.0
16285,91173880,91174380,500,0,100.0,0.0
16286,91174380,91174880,500,0,100.0,0.0
16287,91174880,91175380,500,0,100.0,0.0
16288,91175380,91175880,476,24,95.19999999999999,4.800000000000011
16289,91175880,91176380,8,492,1.6,98.4
16290,91176380,91176880,7,493,1.4000000000000001,98.6
16291,91176880,91177380,138,362,27.6,72.4
16292,91177380,91177880,7,493,1.4000000000000001,98.6
16293,91177880,91178380,492,8,98.4,1.5999999999999943
16294,91178380,91178880,500,0,100.0,0.0
16295,91178880,91179380,500,0,100.0,0.0
16296,91179380,91179880,500,0,100.0,0.0
16297,91179880,91180380,500,0,100.0,0.0
16298,91180380,91180880,500,0,100.0,0.0
16299,91180880,91181380,500,0,100.0,0.0
16300,91181380,91181880,500,0,100.0,0.0
16301,91181880,91182380,500,0,100.0,0.0
16302,91182380,91182880,500,0,100.0,0.0
16303,91182880,91183380,500,0,100.0,0.0
16304,91183380,91183880,500,0,100.0,0.0
16305,91183880,91184380,500,0,100.0,0.0
16306,91184380,91184880,500,0,100.0,0.0
16307,91184880,91185380,500,0,100.0,0.0
16308,91185380,91185880,500,0,100.0,0.0
16309,91185880,91186380,500,0,100.0,0.0
16310,91186380,91186880,500,0,100.0,0.0
16311,91186880,91187380,500,0,100.0,0.0
16312,91187380,91187880,500,0,100.0,0.0
16313,91187880,91188380,500,0,100.0,0.0
16314,91188380,91188880,500,0,100.0,0.0
16315,91188880,91189380,500,0,100.0,0.0
16316,91189380,91189880,500,0,100.0,0.0
16317,91189880,91190380,500,0,100.0,0.0
16318,91190380,91190880,500,0,100.0,0.0
16319,91190880,91191380,500,0,100.0,0.0
16320,91191380,91191880,500,0,100.0,0.0
16321,91191880,91192380,500,0,100.0,0.0
16322,91192380,91192880,500,0,100.0,0.0
16323,91192880,91193380,500,0,100.0,0.0
16324,91193380,91193880,500,0,100.0,0.0
16325,91193880,91194380,500,0,100.0,0.0
16326,91194380,91194880,500,0,100.0,0.0
16327,91194880,91195380,500,0,100.0,0.0
16328,91195380,91195880,500,0,100.0,0.0
16329,91195880,91196380,500,0,100.0,0.0
16330,91196380,91196880,180,320,36.0,64.0
16331,91196880,91197380,7,493,1.4000000000000001,98.6
16332,91197380,91197880,68,432,13.600000000000001,86.4
16333,91197880,91198380,147,353,29.4,70.6
16334,91198380,91198880,500,0,100.0,0.0
16335,91198880,91199380,500,0,100.0,0.0
16336,91199380,91199880,500,0,100.0,0.0
16337,91199880,91200380,500,0,100.0,0.0
16338,91200380,91200880,500,0,100.0,0.0
16339,91200880,91201380,500,0,100.0,0.0
16340,91201380,91201880,500,0,100.0,0.0
16341,91201880,91202380,500,0,100.0,0.0
16342,91202380,91202880,500,0,100.0,0.0
16343,91202880,91203380,500,0,100.0,0.0
16344,91203380,91203880,500,0,100.0,0.0
16345,91203880,91204380,500,0,100.0,0.0
16346,91204380,91204880,500,0,100.0,0.0
16347,91204880,91205380,500,0,100.0,0.0
16348,91205380,91205880,500,0,100.0,0.0
16349,91205880,91206380,500,0,100.0,0.0
16350,91206380,91206880,500,0,100.0,0.0
16351,91206880,91207380,500,0,100.0,0.0
16352,91207380,91207880,500,0,100.0,0.0
16353,91207880,91208380,500,0,100.0,0.0
16354,91208380,91208880,500,0,100.0,0.0
16355,91208880,91209380,500,0,100.0,0.0
16356,91209380,91209880,500,0,100.0,0.0
16357,91209880,91210380,500,0,100.0,0.0
16358,91210380,91210880,500,0,100.0,0.0
16359,91210880,91211380,500,0,100.0,0.0
16360,91211380,91211880,500,0,100.0,0.0
16361,91211880,91212380,500,0,100.0,0.0
16362,91212380,91212880,500,0,100.0,0.0
16363,91212880,91213380,500,0,100.0,0.0
16364,91213380,91213880,500,0,100.0,0.0
16365,91213880,91214380,500,0,100.0,0.0
16366,91214380,91214880,136,364,27.200000000000003,72.8
16367,91214880,91215380,6,494,1.2,98.8
16368,91215380,91215880,98,402,19.6,80.4
16369,91215880,91216380,155,345,31.0,69.0
16370,91216380,91216880,500,0,100.0,0.0
16371,91216880,91217380,500,0,100.0,0.0
16372,91217380,91217880,500,0,100.0,0.0
16373,91217880,91218380,500,0,100.0,0.0
16374,91218380,91218880,500,0,100.0,0.0
16375,91218880,91219380,500,0,100.0,0.0
16376,91219380,91219880,500,0,100.0,0.0
16377,91219880,91220380,500,0,100.0,0.0
16378,91220380,91220880,500,0,100.0,0.0
16379,91220880,91221380,500,0,100.0,0.0
16380,91221380,91221880,500,0,100.0,0.0
16381,91221880,91222380,500,0,100.0,0.0
16382,91222380,91222880,500,0,100.0,0.0
16383,91222880,91223380,500,0,100.0,0.0
16384,91223380,91223880,500,0,100.0,0.0
16385,91223880,91224380,500,0,100.0,0.0
16386,91224380,91224880,500,0,100.0,0.0
16387,91224880,91225380,500,0,100.0,0.0
16388,91225380,91225880,500,0,100.0,0.0
16389,91225880,91226380,500,0,100.0,0.0
16390,91226380,91226880,500,0,100.0,0.0
16391,91226880,91227380,500,0,100.0,0.0
16392,91227380,91227880,500,0,100.0,0.0
16393,91227880,91228380,500,0,100.0,0.0
16394,91228380,91228880,500,0,100.0,0.0
16395,91228880,91229380,500,0,100.0,0.0
16396,91229380,91229880,500,0,100.0,0.0
16397,91229880,91230380,500,0,100.0,0.0
16398,91230380,91230880,500,0,100.0,0.0
16399,91230880,91231380,500,0,100.0,0.0
16400,91231380,91231880,500,0,100.0,0.0
16401,91231880,91232380,377,123,75.4,24.599999999999994
16402,91232380,91232880,10,490,2.0,98.0
16403,91232880,91233380,76,424,15.2,84.8
16404,91233380,91233880,80,420,16.0,84.0
16405,91233880,91234380,500,0,100.0,0.0
16406,91234380,91234880,500,0,100.0,0.0
16407,91234880,91235380,500,0,100.0,0.0
16408,91235380,91235880,500,0,100.0,0.0
16409,91235880,91236380,500,0,100.0,0.0
16410,91236380,91236880,500,0,100.0,0.0
16411,91236880,91237380,500,0,100.0,0.0
16412,91237380,91237880,500,0,100.0,0.0
16413,91237880,91238380,500,0,100.0,0.0
16414,91238380,91238880,500,0,100.0,0.0
16415,91238880,91239380,500,0,100.0,0.0
16416,91239380,91239880,500,0,100.0,0.0
16417,91239880,91240380,500,0,100.0,0.0
16418,91240380,91240880,500,0,100.0,0.0
16419,91240880,91241380,500,0,100.0,0.0
16420,91241380,91241880,500,0,100.0,0.0
16421,91241880,91242380,500,0,100.0,0.0
16422,91242380,91242880,500,0,100.0,0.0
16423,91242880,91243380,500,0,100.0,0.0
16424,91243380,91243880,500,0,100.0,0.0
16425,91243880,91244380,500,0,100.0,0.0
16426,91244380,91244880,500,0,100.0,0.0
16427,91244880,91245380,500,0,100.0,0.0
16428,91245380,91245880,500,0,100.0,0.0
16429,91245880,91246380,500,0,100.0,0.0
16430,91246380,91246880,500,0,100.0,0.0
16431,91246880,91247380,500,0,100.0,0.0
16432,91247380,91247880,500,0,100.0,0.0
16433,91247880,91248380,500,0,100.0,0.0
16434,91248380,91248880,500,0,100.0,0.0
16435,91248880,91249380,500,0,100.0,0.0
16436,91249380,91249880,500,0,100.0,0.0
16437,91249880,91250380,500,0,100.0,0.0
16438,91250380,91250880,500,0,100.0,0.0
16439,91250880,91251380,22,478,4.3999999999999995,95.6
16440,91251380,91251880,43,457,8.6,91.4
16441,91251880,91252380,36,464,7.199999999999999,92.8
16442,91252380,91252880,336,164,67.2,32.8
16443,91252880,91253380,500,0,100.0,0.0
16444,91253380,91253880,500,0,100.0,0.0
16445,91253880,91254380,500,0,100.0,0.0
16446,91254380,91254880,500,0,100.0,0.0
16447,91254880,91255380,500,0,100.0,0.0
16448,91255380,91255880,500,0,100.0,0.0
16449,91255880,91256380,500,0,100.0,0.0
16450,91256380,91256880,500,0,100.0,0.0
16451,91256880,91257380,500,0,100.0,0.0
16452,91257380,91257880,500,0,100.0,0.0
16453,91257880,91258380,500,0,100.0,0.0
16454,91258380,91258880,500,0,100.0,0.0
16455,91258880,91259380,500,0,100.0,0.0
16456,91259380,91259880,500,0,100.0,0.0
16457,91259880,91260380,500,0,100.0,0.0
16458,91260380,91260880,500,0,100.0,0.0
16459,91260880,91261380,500,0,100.0,0.0
16460,91261380,91261880,500,0,100.0,0.0
16461,91261880,91262380,500,0,100.0,0.0
16462,91262380,91262880,500,0,100.0,0.0
16463,91262880,91263380,500,0,100.0,0.0
16464,91263380,91263880,500,0,100.0,0.0
16465,91263880,91264380,500,0,100.0,0.0
16466,91264380,91264880,500,0,100.0,0.0
16467,91264880,91265380,500,0,100.0,0.0
16468,91265380,91265880,500,0,100.0,0.0
16469,91265880,91266380,500,0,100.0,0.0
16470,91266380,91266880,500,0,100.0,0.0
16471,91266880,91267380,500,0,100.0,0.0
16472,91267380,91267880,500,0,100.0,0.0
16473,91267880,91268380,500,0,100.0,0.0
16474,91268380,91268880,13,487,2.6,97.4
16475,91268880,91269380,70,430,14.000000000000002,86.0
16476,91269380,91269880,6,494,1.2,98.8
16477,91269880,91270380,472,28,94.39999999999999,5.6000000000000085
16478,91270380,91270880,500,0,100.0,0.0
16479,91270880,91271380,500,0,100.0,0.0
16480,91271380,91271880,500,0,100.0,0.0
16481,91271880,91272380,500,0,100.0,0.0
16482,91272380,91272880,500,0,100.0,0.0
16483,91272880,91273380,500,0,100.0,0.0
16484,91273380,91273880,500,0,100.0,0.0
16485,91273880,91274380,500,0,100.0,0.0
16486,91274380,91274880,500,0,100.0,0.0
16487,91274880,91275380,500,0,100.0,0.0
16488,91275380,91275880,500,0,100.0,0.0
16489,91275880,91276380,500,0,100.0,0.0
16490,91276380,91276880,500,0,100.0,0.0
16491,91276880,91277380,500,0,100.0,0.0
16492,91277380,91277880,500,0,100.0,0.0
16493,91277880,91278380,500,0,100.0,0.0
16494,91278380,91278880,500,0,100.0,0.0
16495,91278880,91279380,500,0,100.0,0.0
16496,91279380,91279880,500,0,100.0,0.0
16497,91279880,91280380,500,0,100.0,0.0
16498,91280380,91280880,500,0,100.0,0.0
16499,91280880,91281380,500,0,100.0,0.0
16500,91281380,91281880,500,0,100.0,0.0
16501,91281880,91282380,500,0,100.0,0.0
16502,91282380,91282880,500,0,100.0,0.0
16503,91282880,91283380,500,0,100.0,0.0
16504,91283380,91283880,500,0,100.0,0.0
16505,91283880,91284380,500,0,100.0,0.0
16506,91284380,91284880,500,0,100.0,0.0
16507,91284880,91285380,500,0,100.0,0.0
16508,91285380,91285880,181,319,36.199999999999996,63.800000000000004
16509,91285880,91286380,7,493,1.4000000000000001,98.6
16510,91286380,91286880,64,436,12.8,87.2
16511,91286880,91287380,233,267,46.6,53.4
16512,91287380,91287880,500,0,100.0,0.0
16513,91287880,91288380,500,0,100.0,0.0
16514,91288380,91288880,500,0,100.0,0.0
16515,91288880,91289380,500,0,100.0,0.0
16516,91289380,91289880,500,0,100.0,0.0
16517,91289880,91290380,500,0,100.0,0.0
16518,91290380,91290880,500,0,100.0,0.0
16519,91290880,91291380,500,0,100.0,0.0
16520,91291380,91291880,500,0,100.0,0.0
16521,91291880,91292380,500,0,100.0,0.0
16522,91292380,91292880,500,0,100.0,0.0
16523,91292880,91293380,500,0,100.0,0.0
16524,91293380,91293880,500,0,100.0,0.0
16525,91293880,91294380,500,0,100.0,0.0
16526,91294380,91294880,500,0,100.0,0.0
16527,91294880,91295380,500,0,100.0,0.0
16528,91295380,91295880,500,0,100.0,0.0
16529,91295880,91296380,500,0,100.0,0.0
16530,91296380,91296880,500,0,100.0,0.0
16531,91296880,91297380,500,0,100.0,0.0
16532,91297380,91297880,500,0,100.0,0.0
16533,91297880,91298380,500,0,100.0,0.0
16534,91298380,91298880,500,0,100.0,0.0
16535,91298880,91299380,500,0,100.0,0.0
16536,91299380,91299880,500,0,100.0,0.0
16537,91299880,91300380,500,0,100.0,0.0
16538,91300380,91300880,500,0,100.0,0.0
16539,91300880,91301380,500,0,100.0,0.0
16540,91301380,91301880,500,0,100.0,0.0
16541,91301880,91302380,500,0,100.0,0.0
16542,91302380,91302880,110,390,22.0,78.0
16543,91302880,91303380,5,495,1.0,99.0
16544,91303380,91303880,65,435,13.0,87.0
16545,91303880,91304380,259,241,51.800000000000004,48.199999999999996
16546,91304380,91304880,500,0,100.0,0.0
16547,91304880,91305380,500,0,100.0,0.0
16548,91305380,91305880,500,0,100.0,0.0
16549,91305880,91306380,500,0,100.0,0.0
16550,91306380,91306880,500,0,100.0,0.0
16551,91306880,91307380,500,0,100.0,0.0
16552,91307380,91307880,500,0,100.0,0.0
16553,91307880,91308380,500,0,100.0,0.0
16554,91308380,91308880,500,0,100.0,0.0
16555,91308880,91309380,500,0,100.0,0.0
16556,91309380,91309880,500,0,100.0,0.0
16557,91309880,91310380,500,0,100.0,0.0
16558,91310380,91310880,500,0,100.0,0.0
16559,91310880,91311380,500,0,100.0,0.0
16560,91311380,91311880,500,0,100.0,0.0
16561,91311880,91312380,500,0,100.0,0.0
16562,91312380,91312880,500,0,100.0,0.0
16563,91312880,91313380,500,0,100.0,0.0
16564,91313380,91313880,500,0,100.0,0.0
16565,91313880,91314380,500,0,100.0,0.0
16566,91314380,91314880,500,0,100.0,0.0
16567,91314880,91315380,500,0,100.0,0.0
16568,91315380,91315880,500,0,100.0,0.0
16569,91315880,91316380,500,0,100.0,0.0
16570,91316380,91316880,500,0,100.0,0.0
16571,91316880,91317380,500,0,100.0,0.0
16572,91317380,91317880,500,0,100.0,0.0
16573,91317880,91318380,500,0,100.0,0.0
16574,91318380,91318880,500,0,100.0,0.0
16575,91318880,91319380,500,0,100.0,0.0
16576,91319380,91319880,446,54,89.2,10.799999999999997
16577,91319880,91320380,8,492,1.6,98.4
16578,91320380,91320880,77,423,15.4,84.6
16579,91320880,91321380,10,490,2.0,98.0
16580,91321380,91321880,500,0,100.0,0.0
16581,91321880,91322380,500,0,100.0,0.0
16582,91322380,91322880,500,0,100.0,0.0
16583,91322880,91323380,500,0,100.0,0.0
16584,91323380,91323880,500,0,100.0,0.0
16585,91323880,91324380,500,0,100.0,0.0
16586,91324380,91324880,500,0,100.0,0.0
16587,91324880,91325380,500,0,100.0,0.0
16588,91325380,91325880,500,0,100.0,0.0
16589,91325880,91326380,500,0,100.0,0.0
16590,91326380,91326880,500,0,100.0,0.0
16591,91326880,91327380,500,0,100.0,0.0
16592,91327380,91327880,500,0,100.0,0.0
16593,91327880,91328380,500,0,100.0,0.0
16594,91328380,91328880,500,0,100.0,0.0
16595,91328880,91329380,500,0,100.0,0.0
16596,91329380,91329880,500,0,100.0,0.0
16597,91329880,91330380,500,0,100.0,0.0
16598,91330380,91330880,500,0,100.0,0.0
16599,91330880,91331380,500,0,100.0,0.0
16600,91331380,91331880,500,0,100.0,0.0
16601,91331880,91332380,500,0,100.0,0.0
16602,91332380,91332880,500,0,100.0,0.0
16603,91332880,91333380,500,0,100.0,0.0
16604,91333380,91333880,500,0,100.0,0.0
16605,91333880,91334380,500,0,100.0,0.0
16606,91334380,91334880,500,0,100.0,0.0
16607,91334880,91335380,500,0,100.0,0.0
16608,91335380,91335880,500,0,100.0,0.0
16609,91335880,91336380,121,379,24.2,75.8
16610,91336380,91336880,8,492,1.6,98.4
16611,91336880,91337380,56,444,11.200000000000001,88.8
16612,91337380,91337880,350,150,70.0,30.0
16613,91337880,91338380,500,0,100.0,0.0
16614,91338380,91338880,500,0,100.0,0.0
16615,91338880,91339380,500,0,100.0,0.0
16616,91339380,91339880,500,0,100.0,0.0
16617,91339880,91340380,500,0,100.0,0.0
16618,91340380,91340880,500,0,100.0,0.0
16619,91340880,91341380,500,0,100.0,0.0
16620,91341380,91341880,500,0,100.0,0.0
16621,91341880,91342380,500,0,100.0,0.0
16622,91342380,91342880,500,0,100.0,0.0
16623,91342880,91343380,500,0,100.0,0.0
16624,91343380,91343880,500,0,100.0,0.0
16625,91343880,91344380,500,0,100.0,0.0
16626,91344380,91344880,500,0,100.0,0.0
16627,91344880,91345380,500,0,100.0,0.0
16628,91345380,91345880,500,0,100.0,0.0
16629,91345880,91346380,500,0,100.0,0.0
16630,91346380,91346880,500,0,100.0,0.0
16631,91346880,91347380,500,0,100.0,0.0
16632,91347380,91347880,500,0,100.0,0.0
16633,91347880,91348380,500,0,100.0,0.0
16634,91348380,91348880,500,0,100.0,0.0
16635,91348880,91349380,500,0,100.0,0.0
16636,91349380,91349880,500,0,100.0,0.0
16637,91349880,91350380,500,0,100.0,0.0
16638,91350380,91350880,500,0,100.0,0.0
16639,91350880,91351380,500,0,100.0,0.0
16640,91351380,91351880,500,0,100.0,0.0
16641,91351880,91352380,500,0,100.0,0.0
16642,91352380,91352880,281,219,56.2,43.8
16643,91352880,91353380,8,492,1.6,98.4
16644,91353380,91353880,89,411,17.8,82.2
16645,91353880,91354380,72,428,14.399999999999999,85.6
16646,91354380,91354880,500,0,100.0,0.0
16647,91354880,91355380,500,0,100.0,0.0
16648,91355380,91355880,500,0,100.0,0.0
16649,91355880,91356380,500,0,100.0,0.0
16650,91356380,91356880,500,0,100.0,0.0
16651,91356880,91357380,500,0,100.0,0.0
16652,91357380,91357880,500,0,100.0,0.0
16653,91357880,91358380,500,0,100.0,0.0
16654,91358380,91358880,500,0,100.0,0.0
16655,91358880,91359380,500,0,100.0,0.0
16656,91359380,91359880,500,0,100.0,0.0
16657,91359880,91360380,500,0,100.0,0.0
16658,91360380,91360880,500,0,100.0,0.0
16659,91360880,91361380,500,0,100.0,0.0
16660,91361380,91361880,500,0,100.0,0.0
16661,91361880,91362380,500,0,100.0,0.0
16662,91362380,91362880,500,0,100.0,0.0
16663,91362880,91363380,500,0,100.0,0.0
16664,91363380,91363880,500,0,100.0,0.0
16665,91363880,91364380,500,0,100.0,0.0
16666,91364380,91364880,500,0,100.0,0.0
16667,91364880,91365380,500,0,100.0,0.0
16668,91365380,91365880,500,0,100.0,0.0
16669,91365880,91366380,500,0,100.0,0.0
16670,91366380,91366880,500,0,100.0,0.0
16671,91366880,91367380,500,0,100.0,0.0
16672,91367380,91367880,500,0,100.0,0.0
16673,91367880,91368380,500,0,100.0,0.0
16674,91368380,91368880,500,0,100.0,0.0
16675,91368880,91369380,500,0,100.0,0.0
16676,91369380,91369880,500,0,100.0,0.0
16677,91369880,91370380,112,388,22.400000000000002,77.6
16678,91370380,91370880,18,482,3.5999999999999996,96.4
16679,91370880,91371380,53,447,10.6,89.4
16680,91371380,91371880,360,140,72.0,28.0
16681,91371880,91372380,500,0,100.0,0.0
16682,91372380,91372880,500,0,100.0,0.0
16683,91372880,91373380,500,0,100.0,0.0
16684,91373380,91373880,500,0,100.0,0.0
16685,91373880,91374380,500,0,100.0,0.0
16686,91374380,91374880,500,0,100.0,0.0
16687,91374880,91375380,500,0,100.0,0.0
16688,91375380,91375880,500,0,100.0,0.0
16689,91375880,91376380,500,0,100.0,0.0
16690,91376380,91376880,500,0,100.0,0.0
16691,91376880,91377380,500,0,100.0,0.0
16692,91377380,91377880,500,0,100.0,0.0
16693,91377880,91378380,500,0,100.0,0.0
16694,91378380,91378880,500,0,100.0,0.0
16695,91378880,91379380,500,0,100.0,0.0
16696,91379380,91379880,500,0,100.0,0.0
16697,91379880,91380380,500,0,100.0,0.0
16698,91380380,91380880,500,0,100.0,0.0
16699,91380880,91381380,500,0,100.0,0.0
16700,91381380,91381880,500,0,100.0,0.0
16701,91381880,91382380,500,0,100.0,0.0
16702,91382380,91382880,500,0,100.0,0.0
16703,91382880,91383380,500,0,100.0,0.0
16704,91383380,91383880,500,0,100.0,0.0
16705,91383880,91384380,500,0,100.0,0.0
16706,91384380,91384880,500,0,100.0,0.0
16707,91384880,91385380,500,0,100.0,0.0
16708,91385380,91385880,500,0,100.0,0.0
16709,91385880,91386380,500,0,100.0,0.0
16710,91386380,91386880,500,0,100.0,0.0
16711,91386880,91387380,445,55,89.0,11.0
16712,91387380,91387880,8,492,1.6,98.4
16713,91387880,91388380,78,422,15.6,84.4
16714,91388380,91388880,71,429,14.2,85.8
16715,91388880,91389380,500,0,100.0,0.0
16716,91389380,91389880,500,0,100.0,0.0
16717,91389880,91390380,500,0,100.0,0.0
16718,91390380,91390880,500,0,100.0,0.0
16719,91390880,91391380,500,0,100.0,0.0
16720,91391380,91391880,500,0,100.0,0.0
16721,91391880,91392380,500,0,100.0,0.0
16722,91392380,91392880,500,0,100.0,0.0
16723,91392880,91393380,500,0,100.0,0.0
16724,91393380,91393880,500,0,100.0,0.0
16725,91393880,91394380,500,0,100.0,0.0
16726,91394380,91394880,500,0,100.0,0.0
16727,91394880,91395380,500,0,100.0,0.0
16728,91395380,91395880,500,0,100.0,0.0
16729,91395880,91396380,500,0,100.0,0.0
16730,91396380,91396880,500,0,100.0,0.0
16731,91396880,91397380,500,0,100.0,0.0
16732,91397380,91397880,500,0,100.0,0.0
16733,91397880,91398380,500,0,100.0,0.0
16734,91398380,91398880,500,0,100.0,0.0
16735,91398880,91399380,500,0,100.0,0.0
16736,91399380,91399880,500,0,100.0,0.0
16737,91399880,91400380,500,0,100.0,0.0
16738,91400380,91400880,500,0,100.0,0.0
16739,91400880,91401380,500,0,100.0,0.0
16740,91401380,91401880,500,0,100.0,0.0
16741,91401880,91402380,500,0,100.0,0.0
16742,91402380,91402880,500,0,100.0,0.0
16743,91402880,91403380,500,0,100.0,0.0
16744,91403380,91403880,155,345,31.0,69.0
16745,91403880,91404380,6,494,1.2,98.8
16746,91404380,91404880,92,408,18.4,81.6
16747,91404880,91405380,251,249,50.2,49.8
16748,91405380,91405880,500,0,100.0,0.0
16749,91405880,91406380,500,0,100.0,0.0
16750,91406380,91406880,500,0,100.0,0.0
16751,91406880,91407380,500,0,100.0,0.0
16752,91407380,91407880,500,0,100.0,0.0
16753,91407880,91408380,500,0,100.0,0.0
16754,91408380,91408880,500,0,100.0,0.0
16755,91408880,91409380,500,0,100.0,0.0
16756,91409380,91409880,500,0,100.0,0.0
16757,91409880,91410380,500,0,100.0,0.0
16758,91410380,91410880,500,0,100.0,0.0
16759,91410880,91411380,500,0,100.0,0.0
16760,91411380,91411880,500,0,100.0,0.0
16761,91411880,91412380,500,0,100.0,0.0
16762,91412380,91412880,500,0,100.0,0.0
16763,91412880,91413380,500,0,100.0,0.0
16764,91413380,91413880,500,0,100.0,0.0
16765,91413880,91414380,500,0,100.0,0.0
16766,91414380,91414880,500,0,100.0,0.0
16767,91414880,91415380,500,0,100.0,0.0
16768,91415380,91415880,500,0,100.0,0.0
16769,91415880,91416380,500,0,100.0,0.0
16770,91416380,91416880,500,0,100.0,0.0
16771,91416880,91417380,500,0,100.0,0.0
16772,91417380,91417880,500,0,100.0,0.0
16773,91417880,91418380,500,0,100.0,0.0
16774,91418380,91418880,500,0,100.0,0.0
16775,91418880,91419380,500,0,100.0,0.0
16776,91419380,91419880,395,105,79.0,21.0
16777,91419880,91420380,7,493,1.4000000000000001,98.6
16778,91420380,91420880,61,439,12.2,87.8
16779,91420880,91421380,84,416,16.8,83.2
16780,91421380,91421880,500,0,100.0,0.0
16781,91421880,91422380,500,0,100.0,0.0
16782,91422380,91422880,500,0,100.0,0.0
16783,91422880,91423380,500,0,100.0,0.0
16784,91423380,91423880,500,0,100.0,0.0
16785,91423880,91424380,500,0,100.0,0.0
16786,91424380,91424880,500,0,100.0,0.0
16787,91424880,91425380,500,0,100.0,0.0
16788,91425380,91425880,500,0,100.0,0.0
16789,91425880,91426380,500,0,100.0,0.0
16790,91426380,91426880,500,0,100.0,0.0
16791,91426880,91427380,500,0,100.0,0.0
16792,91427380,91427880,500,0,100.0,0.0
16793,91427880,91428380,500,0,100.0,0.0
16794,91428380,91428880,500,0,100.0,0.0
16795,91428880,91429380,500,0,100.0,0.0
16796,91429380,91429880,500,0,100.0,0.0
16797,91429880,91430380,500,0,100.0,0.0
16798,91430380,91430880,500,0,100.0,0.0
16799,91430880,91431380,500,0,100.0,0.0
16800,91431380,91431880,500,0,100.0,0.0
16801,91431880,91432380,500,0,100.0,0.0
16802,91432380,91432880,500,0,100.0,0.0
16803,91432880,91433380,500,0,100.0,0.0
16804,91433380,91433880,500,0,100.0,0.0
16805,91433880,91434380,500,0,100.0,0.0
16806,91434380,91434880,500,0,100.0,0.0
16807,91434880,91435380,500,0,100.0,0.0
16808,91435380,91435880,500,0,100.0,0.0
16809,91435880,91436380,500,0,100.0,0.0
16810,91436380,91436880,39,461,7.8,92.2
16811,91436880,91437380,63,437,12.6,87.4
16812,91437380,91437880,16,484,3.2,96.8
16813,91437880,91438380,500,0,100.0,0.0
16814,91438380,91438880,500,0,100.0,0.0
16815,91438880,91439380,500,0,100.0,0.0
16816,91439380,91439880,500,0,100.0,0.0
16817,91439880,91440380,500,0,100.0,0.0
16818,91440380,91440880,500,0,100.0,0.0
16819,91440880,91441380,500,0,100.0,0.0
16820,91441380,91441880,500,0,100.0,0.0
16821,91441880,91442380,500,0,100.0,0.0
16822,91442380,91442880,500,0,100.0,0.0
16823,91442880,91443380,500,0,100.0,0.0
16824,91443380,91443880,500,0,100.0,0.0
16825,91443880,91444380,500,0,100.0,0.0
16826,91444380,91444880,500,0,100.0,0.0
16827,91444880,91445380,500,0,100.0,0.0
16828,91445380,91445880,500,0,100.0,0.0
16829,91445880,91446380,500,0,100.0,0.0
16830,91446380,91446880,500,0,100.0,0.0
16831,91446880,91447380,500,0,100.0,0.0
16832,91447380,91447880,500,0,100.0,0.0
16833,91447880,91448380,500,0,100.0,0.0
16834,91448380,91448880,500,0,100.0,0.0
16835,91448880,91449380,500,0,100.0,0.0
16836,91449380,91449880,500,0,100.0,0.0
16837,91449880,91450380,500,0,100.0,0.0
16838,91450380,91450880,500,0,100.0,0.0
16839,91450880,91451380,500,0,100.0,0.0
16840,91451380,91451880,500,0,100.0,0.0
16841,91451880,91452380,500,0,100.0,0.0
16842,91452380,91452880,225,275,45.0,55.0
16843,91452880,91453380,7,493,1.4000000000000001,98.6
16844,91453380,91453880,90,410,18.0,82.0
16845,91453880,91454380,245,255,49.0,51.0
16846,91454380,91454880,500,0,100.0,0.0
16847,91454880,91455380,500,0,100.0,0.0
16848,91455380,91455880,500,0,100.0,0.0
16849,91455880,91456380,500,0,100.0,0.0
16850,91456380,91456880,500,0,100.0,0.0
16851,91456880,91457380,500,0,100.0,0.0
16852,91457380,91457880,500,0,100.0,0.0
16853,91457880,91458380,500,0,100.0,0.0
16854,91458380,91458880,500,0,100.0,0.0
16855,91458880,91459380,500,0,100.0,0.0
16856,91459380,91459880,500,0,100.0,0.0
16857,91459880,91460380,500,0,100.0,0.0
16858,91460380,91460880,500,0,100.0,0.0
16859,91460880,91461380,500,0,100.0,0.0
16860,91461380,91461880,500,0,100.0,0.0
16861,91461880,91462380,500,0,100.0,0.0
16862,91462380,91462880,500,0,100.0,0.0
16863,91462880,91463380,500,0,100.0,0.0
16864,91463380,91463880,500,0,100.0,0.0
16865,91463880,91464380,500,0,100.0,0.0
16866,91464380,91464880,500,0,100.0,0.0
16867,91464880,91465380,500,0,100.0,0.0
16868,91465380,91465880,500,0,100.0,0.0
16869,91465880,91466380,500,0,100.0,0.0
16870,91466380,91466880,500,0,100.0,0.0
16871,91466880,91467380,500,0,100.0,0.0
16872,91467380,91467880,500,0,100.0,0.0
16873,91467880,91468380,92,408,18.4,81.6
16874,91468380,91468880,75,425,15.0,85.0
16875,91468880,91469380,5,495,1.0,99.0
16876,91469380,91469880,401,99,80.2,19.799999999999997
16877,91469880,91470380,500,0,100.0,0.0
16878,91470380,91470880,500,0,100.0,0.0
16879,91470880,91471380,500,0,100.0,0.0
16880,91471380,91471880,500,0,100.0,0.0
16881,91471880,91472380,500,0,100.0,0.0
16882,91472380,91472880,500,0,100.0,0.0
16883,91472880,91473380,500,0,100.0,0.0
16884,91473380,91473880,500,0,100.0,0.0
16885,91473880,91474380,500,0,100.0,0.0
16886,91474380,91474880,500,0,100.0,0.0
16887,91474880,91475380,500,0,100.0,0.0
16888,91475380,91475880,500,0,100.0,0.0
16889,91475880,91476380,500,0,100.0,0.0
16890,91476380,91476880,500,0,100.0,0.0
16891,91476880,91477380,500,0,100.0,0.0
16892,91477380,91477880,500,0,100.0,0.0
16893,91477880,91478380,500,0,100.0,0.0
16894,91478380,91478880,500,0,100.0,0.0
16895,91478880,91479380,500,0,100.0,0.0
16896,91479380,91479880,500,0,100.0,0.0
16897,91479880,91480380,500,0,100.0,0.0
16898,91480380,91480880,500,0,100.0,0.0
16899,91480880,91481380,500,0,100.0,0.0
16900,91481380,91481880,500,0,100.0,0.0
16901,91481880,91482380,500,0,100.0,0.0
16902,91482380,91482880,500,0,100.0,0.0
16903,91482880,91483380,500,0,100.0,0.0
16904,91483380,91483880,261,239,52.2,47.8
16905,91483880,91484380,7,493,1.4000000000000001,98.6
16906,91484380,91484880,81,419,16.2,83.8
16907,91484880,91485380,264,236,52.800000000000004,47.199999999999996
16908,91485380,91485880,500,0,100.0,0.0
16909,91485880,91486380,500,0,100.0,0.0
16910,91486380,91486880,500,0,100.0,0.0
16911,91486880,91487380,500,0,100.0,0.0
16912,91487380,91487880,500,0,100.0,0.0
16913,91487880,91488380,500,0,100.0,0.0
16914,91488380,91488880,500,0,100.0,0.0
16915,91488880,91489380,500,0,100.0,0.0
16916,91489380,91489880,500,0,100.0,0.0
16917,91489880,91490380,500,0,100.0,0.0
16918,91490380,91490880,500,0,100.0,0.0
16919,91490880,91491380,500,0,100.0,0.0
16920,91491380,91491880,500,0,100.0,0.0
16921,91491880,91492380,500,0,100.0,0.0
16922,91492380,91492880,500,0,100.0,0.0
16923,91492880,91493380,500,0,100.0,0.0
16924,91493380,91493880,500,0,100.0,0.0
16925,91493880,91494380,500,0,100.0,0.0
16926,91494380,91494880,500,0,100.0,0.0
16927,91494880,91495380,500,0,100.0,0.0
16928,91495380,91495880,500,0,100.0,0.0
16929,91495880,91496380,500,0,100.0,0.0
16930,91496380,91496880,500,0,100.0,0.0
16931,91496880,91497380,500,0,100.0,0.0
16932,91497380,91497880,500,0,100.0,0.0
16933,91497880,91498380,500,0,100.0,0.0
16934,91498380,91498880,500,0,100.0,0.0
16935,91498880,91499380,500,0,100.0,0.0
16936,91499380,91499880,469,31,93.8,6.200000000000003
16937,91499880,91500380,6,494,1.2,98.8
16938,91500380,91500880,63,437,12.6,87.4
16939,91500880,91501380,5,495,1.0,99.0
16940,91501380,91501880,487,13,97.39999999999999,2.6000000000000085
16941,91501880,91502380,500,0,100.0,0.0
16942,91502380,91502880,500,0,100.0,0.0
16943,91502880,91503380,500,0,100.0,0.0
16944,91503380,91503880,500,0,100.0,0.0
16945,91503880,91504380,500,0,100.0,0.0
16946,91504380,91504880,500,0,100.0,0.0
16947,91504880,91505380,500,0,100.0,0.0
16948,91505380,91505880,500,0,100.0,0.0
16949,91505880,91506380,500,0,100.0,0.0
16950,91506380,91506880,500,0,100.0,0.0
16951,91506880,91507380,500,0,100.0,0.0
16952,91507380,91507880,500,0,100.0,0.0
16953,91507880,91508380,500,0,100.0,0.0
16954,91508380,91508880,500,0,100.0,0.0
16955,91508880,91509380,500,0,100.0,0.0
16956,91509380,91509880,500,0,100.0,0.0
16957,91509880,91510380,500,0,100.0,0.0
16958,91510380,91510880,500,0,100.0,0.0
16959,91510880,91511380,500,0,100.0,0.0
16960,91511380,91511880,500,0,100.0,0.0
16961,91511880,91512380,500,0,100.0,0.0
16962,91512380,91512880,500,0,100.0,0.0
16963,91512880,91513380,500,0,100.0,0.0
16964,91513380,91513880,500,0,100.0,0.0
16965,91513880,91514380,500,0,100.0,0.0
16966,91514380,91514880,500,0,100.0,0.0
16967,91514880,91515380,500,0,100.0,0.0
16968,91515380,91515880,500,0,100.0,0.0
16969,91515880,91516380,51,449,10.2,89.8
16970,91516380,91516880,85,415,17.0,83.0
16971,91516880,91517380,6,494,1.2,98.8
16972,91517380,91517880,469,31,93.8,6.200000000000003
16973,91517880,91518380,500,0,100.0,0.0
16974,91518380,91518880,500,0,100.0,0.0
16975,91518880,91519380,500,0,100.0,0.0
16976,91519380,91519880,500,0,100.0,0.0
16977,91519880,91520380,500,0,100.0,0.0
16978,91520380,91520880,500,0,100.0,0.0
16979,91520880,91521380,500,0,100.0,0.0
16980,91521380,91521880,500,0,100.0,0.0
16981,91521880,91522380,500,0,100.0,0.0
16982,91522380,91522880,500,0,100.0,0.0
16983,91522880,91523380,500,0,100.0,0.0
16984,91523380,91523880,500,0,100.0,0.0
16985,91523880,91524380,500,0,100.0,0.0
16986,91524380,91524880,500,0,100.0,0.0
16987,91524880,91525380,500,0,100.0,0.0
16988,91525380,91525880,500,0,100.0,0.0
16989,91525880,91526380,500,0,100.0,0.0
16990,91526380,91526880,500,0,100.0,0.0
16991,91526880,91527380,500,0,100.0,0.0
16992,91527380,91527880,500,0,100.0,0.0
16993,91527880,91528380,500,0,100.0,0.0
16994,91528380,91528880,500,0,100.0,0.0
16995,91528880,91529380,500,0,100.0,0.0
16996,91529380,91529880,500,0,100.0,0.0
16997,91529880,91530380,500,0,100.0,0.0
16998,91530380,91530880,346,154,69.19999999999999,30.80000000000001
16999,91530880,91531380,7,493,1.4000000000000001,98.6
17000,91531380,91531880,92,408,18.4,81.6
17001,91531880,91532380,193,307,38.6,61.4
17002,91532380,91532880,500,0,100.0,0.0
17003,91532880,91533380,500,0,100.0,0.0
17004,91533380,91533880,500,0,100.0,0.0
17005,91533880,91534380,500,0,100.0,0.0
17006,91534380,91534880,500,0,100.0,0.0
17007,91534880,91535380,500,0,100.0,0.0
17008,91535380,91535880,500,0,100.0,0.0
17009,91535880,91536380,500,0,100.0,0.0
17010,91536380,91536880,500,0,100.0,0.0
17011,91536880,91537380,500,0,100.0,0.0
17012,91537380,91537880,500,0,100.0,0.0
17013,91537880,91538380,500,0,100.0,0.0
17014,91538380,91538880,500,0,100.0,0.0
17015,91538880,91539380,500,0,100.0,0.0
17016,91539380,91539880,500,0,100.0,0.0
17017,91539880,91540380,500,0,100.0,0.0
17018,91540380,91540880,500,0,100.0,0.0
17019,91540880,91541380,500,0,100.0,0.0
17020,91541380,91541880,500,0,100.0,0.0
17021,91541880,91542380,500,0,100.0,0.0
17022,91542380,91542880,500,0,100.0,0.0
17023,91542880,91543380,500,0,100.0,0.0
17024,91543380,91543880,500,0,100.0,0.0
17025,91543880,91544380,500,0,100.0,0.0
17026,91544380,91544880,500,0,100.0,0.0
17027,91544880,91545380,500,0,100.0,0.0
17028,91545380,91545880,500,0,100.0,0.0
17029,91545880,91546380,500,0,100.0,0.0
17030,91546380,91546880,448,52,89.60000000000001,10.399999999999991
17031,91546880,91547380,7,493,1.4000000000000001,98.6
17032,91547380,91547880,71,429,14.2,85.8
17033,91547880,91548380,63,437,12.6,87.4
17034,91548380,91548880,500,0,100.0,0.0
17035,91548880,91549380,500,0,100.0,0.0
17036,91549380,91549880,500,0,100.0,0.0
17037,91549880,91550380,500,0,100.0,0.0
17038,91550380,91550880,500,0,100.0,0.0
17039,91550880,91551380,500,0,100.0,0.0
17040,91551380,91551880,500,0,100.0,0.0
17041,91551880,91552380,500,0,100.0,0.0
17042,91552380,91552880,500,0,100.0,0.0
17043,91552880,91553380,500,0,100.0,0.0
17044,91553380,91553880,500,0,100.0,0.0
17045,91553880,91554380,500,0,100.0,0.0
17046,91554380,91554880,500,0,100.0,0.0
17047,91554880,91555380,500,0,100.0,0.0
17048,91555380,91555880,500,0,100.0,0.0
17049,91555880,91556380,500,0,100.0,0.0
17050,91556380,91556880,500,0,100.0,0.0
17051,91556880,91557380,500,0,100.0,0.0
17052,91557380,91557880,500,0,100.0,0.0
17053,91557880,91558380,500,0,100.0,0.0
17054,91558380,91558880,500,0,100.0,0.0
17055,91558880,91559380,500,0,100.0,0.0
17056,91559380,91559880,500,0,100.0,0.0
17057,91559880,91560380,500,0,100.0,0.0
17058,91560380,91560880,500,0,100.0,0.0
17059,91560880,91561380,500,0,100.0,0.0
17060,91561380,91561880,220,280,44.0,56.0
17061,91561880,91562380,6,494,1.2,98.8
17062,91562380,91562880,63,437,12.6,87.4
17063,91562880,91563380,312,188,62.4,37.6
17064,91563380,91563880,500,0,100.0,0.0
17065,91563880,91564380,500,0,100.0,0.0
17066,91564380,91564880,500,0,100.0,0.0
17067,91564880,91565380,500,0,100.0,0.0
17068,91565380,91565880,500,0,100.0,0.0
17069,91565880,91566380,500,0,100.0,0.0
17070,91566380,91566880,500,0,100.0,0.0
17071,91566880,91567380,500,0,100.0,0.0
17072,91567380,91567880,500,0,100.0,0.0
17073,91567880,91568380,500,0,100.0,0.0
17074,91568380,91568880,500,0,100.0,0.0
17075,91568880,91569380,500,0,100.0,0.0
17076,91569380,91569880,500,0,100.0,0.0
17077,91569880,91570380,500,0,100.0,0.0
17078,91570380,91570880,500,0,100.0,0.0
17079,91570880,91571380,500,0,100.0,0.0
17080,91571380,91571880,500,0,100.0,0.0
17081,91571880,91572380,500,0,100.0,0.0
17082,91572380,91572880,500,0,100.0,0.0
17083,91572880,91573380,500,0,100.0,0.0
17084,91573380,91573880,500,0,100.0,0.0
17085,91573880,91574380,500,0,100.0,0.0
17086,91574380,91574880,500,0,100.0,0.0
17087,91574880,91575380,500,0,100.0,0.0
17088,91575380,91575880,500,0,100.0,0.0
17089,91575880,91576380,500,0,100.0,0.0
17090,91576380,91576880,243,257,48.6,51.4
17091,91576880,91577380,7,493,1.4000000000000001,98.6
17092,91577380,91577880,57,443,11.4,88.6
17093,91577880,91578380,257,243,51.4,48.6
17094,91578380,91578880,500,0,100.0,0.0
17095,91578880,91579380,500,0,100.0,0.0
17096,91579380,91579880,500,0,100.0,0.0
17097,91579880,91580380,500,0,100.0,0.0
17098,91580380,91580880,500,0,100.0,0.0
17099,91580880,91581380,500,0,100.0,0.0
17100,91581380,91581880,500,0,100.0,0.0
17101,91581880,91582380,500,0,100.0,0.0
17102,91582380,91582880,500,0,100.0,0.0
17103,91582880,91583380,500,0,100.0,0.0
17104,91583380,91583880,500,0,100.0,0.0
17105,91583880,91584380,500,0,100.0,0.0
17106,91584380,91584880,500,0,100.0,0.0
17107,91584880,91585380,500,0,100.0,0.0
17108,91585380,91585880,500,0,100.0,0.0
17109,91585880,91586380,500,0,100.0,0.0
17110,91586380,91586880,500,0,100.0,0.0
17111,91586880,91587380,500,0,100.0,0.0
17112,91587380,91587880,500,0,100.0,0.0
17113,91587880,91588380,500,0,100.0,0.0
17114,91588380,91588880,500,0,100.0,0.0
17115,91588880,91589380,500,0,100.0,0.0
17116,91589380,91589880,500,0,100.0,0.0
17117,91589880,91590380,500,0,100.0,0.0
17118,91590380,91590880,500,0,100.0,0.0
17119,91590880,91591380,32,468,6.4,93.6
17120,91591380,91591880,57,443,11.4,88.6
17121,91591880,91592380,3,497,0.6,99.4
17122,91592380,91592880,327,173,65.4,34.599999999999994
17123,91592880,91593380,500,0,100.0,0.0
17124,91593380,91593880,500,0,100.0,0.0
17125,91593880,91594380,500,0,100.0,0.0
17126,91594380,91594880,500,0,100.0,0.0
17127,91594880,91595380,500,0,100.0,0.0
17128,91595380,91595880,500,0,100.0,0.0
17129,91595880,91596380,500,0,100.0,0.0
17130,91596380,91596880,500,0,100.0,0.0
17131,91596880,91597380,500,0,100.0,0.0
17132,91597380,91597880,500,0,100.0,0.0
17133,91597880,91598380,500,0,100.0,0.0
17134,91598380,91598880,500,0,100.0,0.0
17135,91598880,91599380,500,0,100.0,0.0
17136,91599380,91599880,500,0,100.0,0.0
17137,91599880,91600380,500,0,100.0,0.0
17138,91600380,91600880,500,0,100.0,0.0
17139,91600880,91601380,500,0,100.0,0.0
17140,91601380,91601880,500,0,100.0,0.0
17141,91601880,91602380,500,0,100.0,0.0
17142,91602380,91602880,500,0,100.0,0.0
17143,91602880,91603380,500,0,100.0,0.0
17144,91603380,91603880,500,0,100.0,0.0
17145,91603880,91604380,500,0,100.0,0.0
17146,91604380,91604880,500,0,100.0,0.0
17147,91604880,91605380,500,0,100.0,0.0
17148,91605380,91605880,500,0,100.0,0.0
17149,91605880,91606380,500,0,100.0,0.0
17150,91606380,91606880,469,31,93.8,6.200000000000003
17151,91606880,91607380,6,494,1.2,98.8
17152,91607380,91607880,102,398,20.4,79.6
17153,91607880,91608380,86,414,17.2,82.8
17154,91608380,91608880,500,0,100.0,0.0
17155,91608880,91609380,500,0,100.0,0.0
17156,91609380,91609880,500,0,100.0,0.0
17157,91609880,91610380,500,0,100.0,0.0
17158,91610380,91610880,500,0,100.0,0.0
17159,91610880,91611380,500,0,100.0,0.0
17160,91611380,91611880,500,0,100.0,0.0
17161,91611880,91612380,500,0,100.0,0.0
17162,91612380,91612880,500,0,100.0,0.0
17163,91612880,91613380,500,0,100.0,0.0
17164,91613380,91613880,500,0,100.0,0.0
17165,91613880,91614380,500,0,100.0,0.0
17166,91614380,91614880,500,0,100.0,0.0
17167,91614880,91615380,500,0,100.0,0.0
17168,91615380,91615880,500,0,100.0,0.0
17169,91615880,91616380,500,0,100.0,0.0
17170,91616380,91616880,500,0,100.0,0.0
17171,91616880,91617380,500,0,100.0,0.0
17172,91617380,91617880,500,0,100.0,0.0
17173,91617880,91618380,500,0,100.0,0.0
17174,91618380,91618880,500,0,100.0,0.0
17175,91618880,91619380,500,0,100.0,0.0
17176,91619380,91619880,500,0,100.0,0.0
17177,91619880,91620380,500,0,100.0,0.0
17178,91620380,91620880,500,0,100.0,0.0
17179,91620880,91621380,500,0,100.0,0.0
17180,91621380,91621880,500,0,100.0,0.0
17181,91621880,91622380,500,0,100.0,0.0
17182,91622380,91622880,40,460,8.0,92.0
17183,91622880,91623380,59,441,11.799999999999999,88.2
17184,91623380,91623880,123,377,24.6,75.4
17185,91623880,91624380,500,0,100.0,0.0
17186,91624380,91624880,500,0,100.0,0.0
17187,91624880,91625380,500,0,100.0,0.0
17188,91625380,91625880,500,0,100.0,0.0
17189,91625880,91626380,500,0,100.0,0.0
17190,91626380,91626880,500,0,100.0,0.0
17191,91626880,91627380,500,0,100.0,0.0
17192,91627380,91627880,500,0,100.0,0.0
17193,91627880,91628380,500,0,100.0,0.0
17194,91628380,91628880,500,0,100.0,0.0
17195,91628880,91629380,500,0,100.0,0.0
17196,91629380,91629880,500,0,100.0,0.0
17197,91629880,91630380,500,0,100.0,0.0
17198,91630380,91630880,500,0,100.0,0.0
17199,91630880,91631380,500,0,100.0,0.0
17200,91631380,91631880,500,0,100.0,0.0
17201,91631880,91632380,500,0,100.0,0.0
17202,91632380,91632880,500,0,100.0,0.0
17203,91632880,91633380,500,0,100.0,0.0
17204,91633380,91633880,500,0,100.0,0.0
17205,91633880,91634380,500,0,100.0,0.0
17206,91634380,91634880,500,0,100.0,0.0
17207,91634880,91635380,500,0,100.0,0.0
17208,91635380,91635880,500,0,100.0,0.0
17209,91635880,91636380,500,0,100.0,0.0
17210,91636380,91636880,500,0,100.0,0.0
17211,91636880,91637380,68,432,13.600000000000001,86.4
17212,91637380,91637880,89,411,17.8,82.2
17213,91637880,91638380,20,480,4.0,96.0
17214,91638380,91638880,500,0,100.0,0.0
17215,91638880,91639380,500,0,100.0,0.0
17216,91639380,91639880,500,0,100.0,0.0
17217,91639880,91640380,500,0,100.0,0.0
17218,91640380,91640880,500,0,100.0,0.0
17219,91640880,91641380,500,0,100.0,0.0
17220,91641380,91641880,500,0,100.0,0.0
17221,91641880,91642380,500,0,100.0,0.0
17222,91642380,91642880,500,0,100.0,0.0
17223,91642880,91643380,500,0,100.0,0.0
17224,91643380,91643880,500,0,100.0,0.0
17225,91643880,91644380,500,0,100.0,0.0
17226,91644380,91644880,500,0,100.0,0.0
17227,91644880,91645380,500,0,100.0,0.0
17228,91645380,91645880,500,0,100.0,0.0
17229,91645880,91646380,500,0,100.0,0.0
17230,91646380,91646880,500,0,100.0,0.0
17231,91646880,91647380,500,0,100.0,0.0
17232,91647380,91647880,500,0,100.0,0.0
17233,91647880,91648380,500,0,100.0,0.0
17234,91648380,91648880,500,0,100.0,0.0
17235,91648880,91649380,500,0,100.0,0.0
17236,91649380,91649880,500,0,100.0,0.0
17237,91649880,91650380,500,0,100.0,0.0
17238,91650380,91650880,500,0,100.0,0.0
17239,91650880,91651380,500,0,100.0,0.0
17240,91651380,91651880,146,354,29.2,70.8
17241,91651880,91652380,47,453,9.4,90.6
17242,91652380,91652880,39,461,7.8,92.2
17243,91652880,91653380,500,0,100.0,0.0
17244,91653380,91653880,500,0,100.0,0.0
17245,91653880,91654380,500,0,100.0,0.0
17246,91654380,91654880,500,0,100.0,0.0
17247,91654880,91655380,500,0,100.0,0.0
17248,91655380,91655880,500,0,100.0,0.0
17249,91655880,91656380,500,0,100.0,0.0
17250,91656380,91656880,500,0,100.0,0.0
17251,91656880,91657380,500,0,100.0,0.0
17252,91657380,91657880,500,0,100.0,0.0
17253,91657880,91658380,500,0,100.0,0.0
17254,91658380,91658880,500,0,100.0,0.0
17255,91658880,91659380,500,0,100.0,0.0
17256,91659380,91659880,500,0,100.0,0.0
17257,91659880,91660380,500,0,100.0,0.0
17258,91660380,91660880,500,0,100.0,0.0
17259,91660880,91661380,500,0,100.0,0.0
17260,91661380,91661880,500,0,100.0,0.0
17261,91661880,91662380,500,0,100.0,0.0
17262,91662380,91662880,500,0,100.0,0.0
17263,91662880,91663380,500,0,100.0,0.0
17264,91663380,91663880,500,0,100.0,0.0
17265,91663880,91664380,500,0,100.0,0.0
17266,91664380,91664880,500,0,100.0,0.0
17267,91664880,91665380,500,0,100.0,0.0
17268,91665380,91665880,500,0,100.0,0.0
17269,91665880,91666380,500,0,100.0,0.0
17270,91666380,91666880,500,0,100.0,0.0
17271,91666880,91667380,446,54,89.2,10.799999999999997
17272,91667380,91667880,9,491,1.7999999999999998,98.2
17273,91667880,91668380,71,429,14.2,85.8
17274,91668380,91668880,176,324,35.199999999999996,64.80000000000001
17275,91668880,91669380,500,0,100.0,0.0
17276,91669380,91669880,500,0,100.0,0.0
17277,91669880,91670380,500,0,100.0,0.0
17278,91670380,91670880,500,0,100.0,0.0
17279,91670880,91671380,500,0,100.0,0.0
17280,91671380,91671880,500,0,100.0,0.0
17281,91671880,91672380,500,0,100.0,0.0
17282,91672380,91672880,500,0,100.0,0.0
17283,91672880,91673380,500,0,100.0,0.0
17284,91673380,91673880,500,0,100.0,0.0
17285,91673880,91674380,500,0,100.0,0.0
17286,91674380,91674880,500,0,100.0,0.0
17287,91674880,91675380,500,0,100.0,0.0
17288,91675380,91675880,500,0,100.0,0.0
17289,91675880,91676380,500,0,100.0,0.0
17290,91676380,91676880,500,0,100.0,0.0
17291,91676880,91677380,500,0,100.0,0.0
17292,91677380,91677880,500,0,100.0,0.0
17293,91677880,91678380,500,0,100.0,0.0
17294,91678380,91678880,500,0,100.0,0.0
17295,91678880,91679380,500,0,100.0,0.0
17296,91679380,91679880,500,0,100.0,0.0
17297,91679880,91680380,500,0,100.0,0.0
17298,91680380,91680880,500,0,100.0,0.0
17299,91680880,91681380,500,0,100.0,0.0
17300,91681380,91681880,500,0,100.0,0.0
17301,91681880,91682380,500,0,100.0,0.0
17302,91682380,91682880,500,0,100.0,0.0
17303,91682880,91683380,500,0,100.0,0.0
17304,91683380,91683880,305,195,61.0,39.0
17305,91683880,91684380,6,494,1.2,98.8
17306,91684380,91684880,74,426,14.799999999999999,85.2
17307,91684880,91685380,148,352,29.599999999999998,70.4
17308,91685380,91685880,500,0,100.0,0.0
17309,91685880,91686380,500,0,100.0,0.0
17310,91686380,91686880,500,0,100.0,0.0
17311,91686880,91687380,500,0,100.0,0.0
17312,91687380,91687880,500,0,100.0,0.0
17313,91687880,91688380,500,0,100.0,0.0
17314,91688380,91688880,500,0,100.0,0.0
17315,91688880,91689380,500,0,100.0,0.0
17316,91689380,91689880,500,0,100.0,0.0
17317,91689880,91690380,500,0,100.0,0.0
17318,91690380,91690880,500,0,100.0,0.0
17319,91690880,91691380,500,0,100.0,0.0
17320,91691380,91691880,500,0,100.0,0.0
17321,91691880,91692380,500,0,100.0,0.0
17322,91692380,91692880,500,0,100.0,0.0
17323,91692880,91693380,500,0,100.0,0.0
17324,91693380,91693880,500,0,100.0,0.0
17325,91693880,91694380,500,0,100.0,0.0
17326,91694380,91694880,500,0,100.0,0.0
17327,91694880,91695380,500,0,100.0,0.0
17328,91695380,91695880,500,0,100.0,0.0
17329,91695880,91696380,500,0,100.0,0.0
17330,91696380,91696880,500,0,100.0,0.0
17331,91696880,91697380,500,0,100.0,0.0
17332,91697380,91697880,500,0,100.0,0.0
17333,91697880,91698380,500,0,100.0,0.0
17334,91698380,91698880,500,0,100.0,0.0
17335,91698880,91699380,500,0,100.0,0.0
17336,91699380,91699880,355,145,71.0,29.0
17337,91699880,91700380,6,494,1.2,98.8
17338,91700380,91700880,62,438,12.4,87.6
17339,91700880,91701380,215,285,43.0,57.0
17340,91701380,91701880,500,0,100.0,0.0
17341,91701880,91702380,500,0,100.0,0.0
17342,91702380,91702880,500,0,100.0,0.0
17343,91702880,91703380,500,0,100.0,0.0
17344,91703380,91703880,500,0,100.0,0.0
17345,91703880,91704380,500,0,100.0,0.0
17346,91704380,91704880,500,0,100.0,0.0
17347,91704880,91705380,500,0,100.0,0.0
17348,91705380,91705880,500,0,100.0,0.0
17349,91705880,91706380,500,0,100.0,0.0
17350,91706380,91706880,500,0,100.0,0.0
17351,91706880,91707380,500,0,100.0,0.0
17352,91707380,91707880,500,0,100.0,0.0
17353,91707880,91708380,500,0,100.0,0.0
17354,91708380,91708880,500,0,100.0,0.0
17355,91708880,91709380,500,0,100.0,0.0
17356,91709380,91709880,500,0,100.0,0.0
17357,91709880,91710380,500,0,100.0,0.0
17358,91710380,91710880,500,0,100.0,0.0
17359,91710880,91711380,500,0,100.0,0.0
17360,91711380,91711880,500,0,100.0,0.0
17361,91711880,91712380,500,0,100.0,0.0
17362,91712380,91712880,500,0,100.0,0.0
17363,91712880,91713380,500,0,100.0,0.0
17364,91713380,91713880,500,0,100.0,0.0
17365,91713880,91714380,500,0,100.0,0.0
17366,91714380,91714880,141,359,28.199999999999996,71.80000000000001
17367,91714880,91715380,50,450,10.0,90.0
17368,91715380,91715880,37,463,7.3999999999999995,92.6
17369,91715880,91716380,500,0,100.0,0.0
17370,91716380,91716880,500,0,100.0,0.0
17371,91716880,91717380,500,0,100.0,0.0
17372,91717380,91717880,500,0,100.0,0.0
17373,91717880,91718380,500,0,100.0,0.0
17374,91718380,91718880,500,0,100.0,0.0
17375,91718880,91719380,500,0,100.0,0.0
17376,91719380,91719880,500,0,100.0,0.0
17377,91719880,91720380,500,0,100.0,0.0
17378,91720380,91720880,500,0,100.0,0.0
17379,91720880,91721380,500,0,100.0,0.0
17380,91721380,91721880,500,0,100.0,0.0
17381,91721880,91722380,500,0,100.0,0.0
17382,91722380,91722880,500,0,100.0,0.0
17383,91722880,91723380,500,0,100.0,0.0
17384,91723380,91723880,500,0,100.0,0.0
17385,91723880,91724380,500,0,100.0,0.0
17386,91724380,91724880,500,0,100.0,0.0
17387,91724880,91725380,500,0,100.0,0.0
17388,91725380,91725880,500,0,100.0,0.0
17389,91725880,91726380,500,0,100.0,0.0
17390,91726380,91726880,500,0,100.0,0.0
17391,91726880,91727380,500,0,100.0,0.0
17392,91727380,91727880,500,0,100.0,0.0
17393,91727880,91728380,500,0,100.0,0.0
17394,91728380,91728880,500,0,100.0,0.0
17395,91728880,91729380,500,0,100.0,0.0
17396,91729380,91729880,500,0,100.0,0.0
17397,91729880,91730380,402,98,80.4,19.599999999999994
17398,91730380,91730880,9,491,1.7999999999999998,98.2
17399,91730880,91731380,4,496,0.8,99.2
17400,91731380,91731880,4,496,0.8,99.2
17401,91731880,91732380,116,384,23.200000000000003,76.8
17402,91732380,91732880,6,494,1.2,98.8
17403,91732880,91733380,312,188,62.4,37.6
17404,91733380,91733880,500,0,100.0,0.0
17405,91733880,91734380,500,0,100.0,0.0
17406,91734380,91734880,500,0,100.0,0.0
17407,91734880,91735380,500,0,100.0,0.0
17408,91735380,91735880,500,0,100.0,0.0
17409,91735880,91736380,500,0,100.0,0.0
17410,91736380,91736880,500,0,100.0,0.0
17411,91736880,91737380,500,0,100.0,0.0
17412,91737380,91737880,500,0,100.0,0.0
17413,91737880,91738380,500,0,100.0,0.0
17414,91738380,91738880,500,0,100.0,0.0
17415,91738880,91739380,500,0,100.0,0.0
17416,91739380,91739880,500,0,100.0,0.0
17417,91739880,91740380,500,0,100.0,0.0
17418,91740380,91740880,500,0,100.0,0.0
17419,91740880,91741380,500,0,100.0,0.0
17420,91741380,91741880,500,0,100.0,0.0
17421,91741880,91742380,500,0,100.0,0.0
17422,91742380,91742880,500,0,100.0,0.0
17423,91742880,91743380,500,0,100.0,0.0
17424,91743380,91743880,500,0,100.0,0.0
17425,91743880,91744380,500,0,100.0,0.0
17426,91744380,91744880,500,0,100.0,0.0
17427,91744880,91745380,500,0,100.0,0.0
17428,91745380,91745880,500,0,100.0,0.0
17429,91745880,91746380,500,0,100.0,0.0
17430,91746380,91746880,500,0,100.0,0.0
17431,91746880,91747380,500,0,100.0,0.0
17432,91747380,91747880,500,0,100.0,0.0
17433,91747880,91748380,500,0,100.0,0.0
17434,91748380,91748880,500,0,100.0,0.0
17435,91748880,91749380,500,0,100.0,0.0
17436,91749380,91749880,500,0,100.0,0.0
17437,91749880,91750380,500,0,100.0,0.0
17438,91750380,91750880,500,0,100.0,0.0
17439,91750880,91751380,500,0,100.0,0.0
17440,91751380,91751880,500,0,100.0,0.0
17441,91751880,91752380,500,0,100.0,0.0
17442,91752380,91752880,500,0,100.0,0.0
17443,91752880,91753380,500,0,100.0,0.0
17444,91753380,91753880,500,0,100.0,0.0
17445,91753880,91754380,500,0,100.0,0.0
17446,91754380,91754880,500,0,100.0,0.0
17447,91754880,91755380,500,0,100.0,0.0
17448,91755380,91755880,500,0,100.0,0.0
17449,91755880,91756380,500,0,100.0,0.0
17450,91756380,91756880,365,135,73.0,27.0
17451,91756880,91757380,9,491,1.7999999999999998,98.2
17452,91757380,91757880,4,496,0.8,99.2
17453,91757880,91758380,89,411,17.8,82.2
17454,91758380,91758880,85,415,17.0,83.0
17455,91758880,91759380,500,0,100.0,0.0
17456,91759380,91759880,500,0,100.0,0.0
17457,91759880,91760380,500,0,100.0,0.0
17458,91760380,91760880,500,0,100.0,0.0
17459,91760880,91761380,500,0,100.0,0.0
17460,91761380,91761880,500,0,100.0,0.0
17461,91761880,91762380,500,0,100.0,0.0
17462,91762380,91762880,500,0,100.0,0.0
17463,91762880,91763380,500,0,100.0,0.0
17464,91763380,91763880,500,0,100.0,0.0
17465,91763880,91764380,500,0,100.0,0.0
17466,91764380,91764880,500,0,100.0,0.0
17467,91764880,91765380,500,0,100.0,0.0
17468,91765380,91765880,500,0,100.0,0.0
17469,91765880,91766380,500,0,100.0,0.0
17470,91766380,91766880,500,0,100.0,0.0
17471,91766880,91767380,500,0,100.0,0.0
17472,91767380,91767880,500,0,100.0,0.0
17473,91767880,91768380,500,0,100.0,0.0
17474,91768380,91768880,500,0,100.0,0.0
17475,91768880,91769380,500,0,100.0,0.0
17476,91769380,91769880,500,0,100.0,0.0
17477,91769880,91770380,500,0,100.0,0.0
17478,91770380,91770880,500,0,100.0,0.0
17479,91770880,91771380,500,0,100.0,0.0
17480,91771380,91771880,500,0,100.0,0.0
17481,91771880,91772380,500,0,100.0,0.0
17482,91772380,91772880,500,0,100.0,0.0
17483,91772880,91773380,500,0,100.0,0.0
17484,91773380,91773880,500,0,100.0,0.0
17485,91773880,91774380,500,0,100.0,0.0
17486,91774380,91774880,500,0,100.0,0.0
17487,91774880,91775380,500,0,100.0,0.0
17488,91775380,91775880,342,158,68.4,31.599999999999994
17489,91775880,91776380,7,493,1.4000000000000001,98.6
17490,91776380,91776880,76,424,15.2,84.8
17491,91776880,91777380,38,462,7.6,92.4
17492,91777380,91777880,500,0,100.0,0.0
17493,91777880,91778380,500,0,100.0,0.0
17494,91778380,91778880,500,0,100.0,0.0
17495,91778880,91779380,500,0,100.0,0.0
17496,91779380,91779880,500,0,100.0,0.0
17497,91779880,91780380,500,0,100.0,0.0
17498,91780380,91780880,500,0,100.0,0.0
17499,91780880,91781380,500,0,100.0,0.0
17500,91781380,91781880,500,0,100.0,0.0
17501,91781880,91782380,500,0,100.0,0.0
17502,91782380,91782880,500,0,100.0,0.0
17503,91782880,91783380,500,0,100.0,0.0
17504,91783380,91783880,500,0,100.0,0.0
17505,91783880,91784380,500,0,100.0,0.0
17506,91784380,91784880,500,0,100.0,0.0
17507,91784880,91785380,500,0,100.0,0.0
17508,91785380,91785880,500,0,100.0,0.0
17509,91785880,91786380,500,0,100.0,0.0
17510,91786380,91786880,500,0,100.0,0.0
17511,91786880,91787380,500,0,100.0,0.0
17512,91787380,91787880,500,0,100.0,0.0
17513,91787880,91788380,500,0,100.0,0.0
17514,91788380,91788880,500,0,100.0,0.0
17515,91788880,91789380,500,0,100.0,0.0
17516,91789380,91789880,500,0,100.0,0.0
17517,91789880,91790380,500,0,100.0,0.0
17518,91790380,91790880,500,0,100.0,0.0
17519,91790880,91791380,500,0,100.0,0.0
17520,91791380,91791880,500,0,100.0,0.0
17521,91791880,91792380,500,0,100.0,0.0
17522,91792380,91792880,500,0,100.0,0.0
17523,91792880,91793380,500,0,100.0,0.0
17524,91793380,91793880,500,0,100.0,0.0
17525,91793880,91794380,500,0,100.0,0.0
17526,91794380,91794880,500,0,100.0,0.0
17527,91794880,91795380,98,402,19.6,80.4
17528,91795380,91795880,8,492,1.6,98.4
17529,91795880,91796380,83,417,16.6,83.4
17530,91796380,91796880,8,492,1.6,98.4
17531,91796880,91797380,472,28,94.39999999999999,5.6000000000000085
17532,91797380,91797880,500,0,100.0,0.0
17533,91797880,91798380,500,0,100.0,0.0
17534,91798380,91798880,500,0,100.0,0.0
17535,91798880,91799380,500,0,100.0,0.0
17536,91799380,91799880,500,0,100.0,0.0
17537,91799880,91800380,500,0,100.0,0.0
17538,91800380,91800880,500,0,100.0,0.0
17539,91800880,91801380,500,0,100.0,0.0
17540,91801380,91801880,500,0,100.0,0.0
17541,91801880,91802380,500,0,100.0,0.0
17542,91802380,91802880,500,0,100.0,0.0
17543,91802880,91803380,500,0,100.0,0.0
17544,91803380,91803880,500,0,100.0,0.0
17545,91803880,91804380,500,0,100.0,0.0
17546,91804380,91804880,500,0,100.0,0.0
17547,91804880,91805380,500,0,100.0,0.0
17548,91805380,91805880,500,0,100.0,0.0
17549,91805880,91806380,500,0,100.0,0.0
17550,91806380,91806880,500,0,100.0,0.0
17551,91806880,91807380,500,0,100.0,0.0
17552,91807380,91807880,500,0,100.0,0.0
17553,91807880,91808380,500,0,100.0,0.0
17554,91808380,91808880,500,0,100.0,0.0
17555,91808880,91809380,500,0,100.0,0.0
17556,91809380,91809880,500,0,100.0,0.0
17557,91809880,91810380,500,0,100.0,0.0
17558,91810380,91810880,500,0,100.0,0.0
17559,91810880,91811380,500,0,100.0,0.0
17560,91811380,91811880,500,0,100.0,0.0
17561,91811880,91812380,500,0,100.0,0.0
17562,91812380,91812880,130,370,26.0,74.0
17563,91812880,91813380,7,493,1.4000000000000001,98.6
17564,91813380,91813880,126,374,25.2,74.8
17565,91813880,91814380,196,304,39.2,60.8
17566,91814380,91814880,500,0,100.0,0.0
17567,91814880,91815380,500,0,100.0,0.0
17568,91815380,91815880,500,0,100.0,0.0
17569,91815880,91816380,500,0,100.0,0.0
17570,91816380,91816880,500,0,100.0,0.0
17571,91816880,91817380,500,0,100.0,0.0
17572,91817380,91817880,500,0,100.0,0.0
17573,91817880,91818380,500,0,100.0,0.0
17574,91818380,91818880,500,0,100.0,0.0
17575,91818880,91819380,500,0,100.0,0.0
17576,91819380,91819880,500,0,100.0,0.0
17577,91819880,91820380,500,0,100.0,0.0
17578,91820380,91820880,500,0,100.0,0.0
17579,91820880,91821380,500,0,100.0,0.0
17580,91821380,91821880,500,0,100.0,0.0
17581,91821880,91822380,500,0,100.0,0.0
17582,91822380,91822880,500,0,100.0,0.0
17583,91822880,91823380,500,0,100.0,0.0
17584,91823380,91823880,500,0,100.0,0.0
17585,91823880,91824380,500,0,100.0,0.0
17586,91824380,91824880,500,0,100.0,0.0
17587,91824880,91825380,500,0,100.0,0.0
17588,91825380,91825880,500,0,100.0,0.0
17589,91825880,91826380,500,0,100.0,0.0
17590,91826380,91826880,500,0,100.0,0.0
17591,91826880,91827380,500,0,100.0,0.0
17592,91827380,91827880,500,0,100.0,0.0
17593,91827880,91828380,500,0,100.0,0.0
17594,91828380,91828880,500,0,100.0,0.0
17595,91828880,91829380,500,0,100.0,0.0
17596,91829380,91829880,500,0,100.0,0.0
17597,91829880,91830380,405,95,81.0,19.0
17598,91830380,91830880,9,491,1.7999999999999998,98.2
17599,91830880,91831380,81,419,16.2,83.8
17600,91831380,91831880,15,485,3.0,97.0
17601,91831880,91832380,500,0,100.0,0.0
17602,91832380,91832880,500,0,100.0,0.0
17603,91832880,91833380,500,0,100.0,0.0
17604,91833380,91833880,500,0,100.0,0.0
17605,91833880,91834380,500,0,100.0,0.0
17606,91834380,91834880,500,0,100.0,0.0
17607,91834880,91835380,500,0,100.0,0.0
17608,91835380,91835880,500,0,100.0,0.0
17609,91835880,91836380,500,0,100.0,0.0
17610,91836380,91836880,500,0,100.0,0.0
17611,91836880,91837380,500,0,100.0,0.0
17612,91837380,91837880,500,0,100.0,0.0
17613,91837880,91838380,500,0,100.0,0.0
17614,91838380,91838880,500,0,100.0,0.0
17615,91838880,91839380,500,0,100.0,0.0
17616,91839380,91839880,500,0,100.0,0.0
17617,91839880,91840380,500,0,100.0,0.0
17618,91840380,91840880,500,0,100.0,0.0
17619,91840880,91841380,500,0,100.0,0.0
17620,91841380,91841880,500,0,100.0,0.0
17621,91841880,91842380,500,0,100.0,0.0
17622,91842380,91842880,500,0,100.0,0.0
17623,91842880,91843380,500,0,100.0,0.0
17624,91843380,91843880,500,0,100.0,0.0
17625,91843880,91844380,500,0,100.0,0.0
17626,91844380,91844880,500,0,100.0,0.0
17627,91844880,91845380,500,0,100.0,0.0
17628,91845380,91845880,500,0,100.0,0.0
17629,91845880,91846380,500,0,100.0,0.0
17630,91846380,91846880,500,0,100.0,0.0
17631,91846880,91847380,500,0,100.0,0.0
17632,91847380,91847880,500,0,100.0,0.0
17633,91847880,91848380,500,0,100.0,0.0
17634,91848380,91848880,500,0,100.0,0.0
17635,91848880,91849380,500,0,100.0,0.0
17636,91849380,91849880,500,0,100.0,0.0
17637,91849880,91850380,500,0,100.0,0.0
17638,91850380,91850880,500,0,100.0,0.0
17639,91850880,91851380,500,0,100.0,0.0
17640,91851380,91851880,500,0,100.0,0.0
17641,91851880,91852380,500,0,100.0,0.0
17642,91852380,91852880,500,0,100.0,0.0
17643,91852880,91853380,500,0,100.0,0.0
17644,91853380,91853880,500,0,100.0,0.0
17645,91853880,91854380,500,0,100.0,0.0
17646,91854380,91854880,500,0,100.0,0.0
17647,91854880,91855380,500,0,100.0,0.0
17648,91855380,91855880,500,0,100.0,0.0
17649,91855880,91856380,500,0,100.0,0.0
17650,91856380,91856880,468,32,93.60000000000001,6.3999999999999915
17651,91856880,91857380,6,494,1.2,98.8
17652,91857380,91857880,7,493,1.4000000000000001,98.6
17653,91857880,91858380,84,416,16.8,83.2
17654,91858380,91858880,186,314,37.2,62.8
17655,91858880,91859380,500,0,100.0,0.0
17656,91859380,91859880,500,0,100.0,0.0
17657,91859880,91860380,500,0,100.0,0.0
17658,91860380,91860880,500,0,100.0,0.0
17659,91860880,91861380,500,0,100.0,0.0
17660,91861380,91861880,500,0,100.0,0.0
17661,91861880,91862380,500,0,100.0,0.0
17662,91862380,91862880,500,0,100.0,0.0
17663,91862880,91863380,500,0,100.0,0.0
17664,91863380,91863880,500,0,100.0,0.0
17665,91863880,91864380,500,0,100.0,0.0
17666,91864380,91864880,500,0,100.0,0.0
17667,91864880,91865380,500,0,100.0,0.0
17668,91865380,91865880,500,0,100.0,0.0
17669,91865880,91866380,500,0,100.0,0.0
17670,91866380,91866880,500,0,100.0,0.0
17671,91866880,91867380,500,0,100.0,0.0
17672,91867380,91867880,500,0,100.0,0.0
17673,91867880,91868380,500,0,100.0,0.0
17674,91868380,91868880,500,0,100.0,0.0
17675,91868880,91869380,500,0,100.0,0.0
17676,91869380,91869880,500,0,100.0,0.0
17677,91869880,91870380,500,0,100.0,0.0
17678,91870380,91870880,500,0,100.0,0.0
17679,91870880,91871380,500,0,100.0,0.0
17680,91871380,91871880,500,0,100.0,0.0
17681,91871880,91872380,500,0,100.0,0.0
17682,91872380,91872880,500,0,100.0,0.0
17683,91872880,91873380,500,0,100.0,0.0
17684,91873380,91873880,500,0,100.0,0.0
17685,91873880,91874380,500,0,100.0,0.0
17686,91874380,91874880,500,0,100.0,0.0
17687,91874880,91875380,500,0,100.0,0.0
17688,91875380,91875880,500,0,100.0,0.0
17689,91875880,91876380,500,0,100.0,0.0
17690,91876380,91876880,500,0,100.0,0.0
17691,91876880,91877380,500,0,100.0,0.0
17692,91877380,91877880,500,0,100.0,0.0
17693,91877880,91878380,500,0,100.0,0.0
17694,91878380,91878880,490,10,98.0,2.0
17695,91878880,91879380,8,492,1.6,98.4
17696,91879380,91879880,6,494,1.2,98.8
17697,91879880,91880380,92,408,18.4,81.6
17698,91880380,91880880,5,495,1.0,99.0
17699,91880880,91881380,499,1,99.8,0.20000000000000284
17700,91881380,91881880,500,0,100.0,0.0
17701,91881880,91882380,500,0,100.0,0.0
17702,91882380,91882880,500,0,100.0,0.0
17703,91882880,91883380,500,0,100.0,0.0
17704,91883380,91883880,500,0,100.0,0.0
17705,91883880,91884380,500,0,100.0,0.0
17706,91884380,91884880,500,0,100.0,0.0
17707,91884880,91885380,500,0,100.0,0.0
17708,91885380,91885880,500,0,100.0,0.0
17709,91885880,91886380,500,0,100.0,0.0
17710,91886380,91886880,500,0,100.0,0.0
17711,91886880,91887380,500,0,100.0,0.0
17712,91887380,91887880,500,0,100.0,0.0
17713,91887880,91888380,500,0,100.0,0.0
17714,91888380,91888880,500,0,100.0,0.0
17715,91888880,91889380,500,0,100.0,0.0
17716,91889380,91889880,500,0,100.0,0.0
17717,91889880,91890380,500,0,100.0,0.0
17718,91890380,91890880,500,0,100.0,0.0
17719,91890880,91891380,500,0,100.0,0.0
17720,91891380,91891880,500,0,100.0,0.0
17721,91891880,91892380,500,0,100.0,0.0
17722,91892380,91892880,500,0,100.0,0.0
17723,91892880,91893380,500,0,100.0,0.0
17724,91893380,91893880,500,0,100.0,0.0
17725,91893880,91894380,500,0,100.0,0.0
17726,91894380,91894880,500,0,100.0,0.0
17727,91894880,91895380,500,0,100.0,0.0
17728,91895380,91895880,500,0,100.0,0.0
17729,91895880,91896380,500,0,100.0,0.0
17730,91896380,91896880,500,0,100.0,0.0
17731,91896880,91897380,500,0,100.0,0.0
17732,91897380,91897880,500,0,100.0,0.0
17733,91897880,91898380,500,0,100.0,0.0
17734,91898380,91898880,500,0,100.0,0.0
17735,91898880,91899380,325,175,65.0,35.0
17736,91899380,91899880,8,492,1.6,98.4
17737,91899880,91900380,80,420,16.0,84.0
17738,91900380,91900880,6,494,1.2,98.8
17739,91900880,91901380,474,26,94.8,5.200000000000003
17740,91901380,91901880,500,0,100.0,0.0
17741,91901880,91902380,500,0,100.0,0.0
17742,91902380,91902880,500,0,100.0,0.0
17743,91902880,91903380,500,0,100.0,0.0
17744,91903380,91903880,500,0,100.0,0.0
17745,91903880,91904380,500,0,100.0,0.0
17746,91904380,91904880,500,0,100.0,0.0
17747,91904880,91905380,500,0,100.0,0.0
17748,91905380,91905880,500,0,100.0,0.0
17749,91905880,91906380,500,0,100.0,0.0
17750,91906380,91906880,500,0,100.0,0.0
17751,91906880,91907380,500,0,100.0,0.0
17752,91907380,91907880,500,0,100.0,0.0
17753,91907880,91908380,500,0,100.0,0.0
17754,91908380,91908880,500,0,100.0,0.0
17755,91908880,91909380,500,0,100.0,0.0
17756,91909380,91909880,500,0,100.0,0.0
17757,91909880,91910380,500,0,100.0,0.0
17758,91910380,91910880,500,0,100.0,0.0
17759,91910880,91911380,500,0,100.0,0.0
17760,91911380,91911880,500,0,100.0,0.0
17761,91911880,91912380,500,0,100.0,0.0
17762,91912380,91912880,500,0,100.0,0.0
17763,91912880,91913380,500,0,100.0,0.0
17764,91913380,91913880,500,0,100.0,0.0
17765,91913880,91914380,500,0,100.0,0.0
17766,91914380,91914880,500,0,100.0,0.0
17767,91914880,91915380,500,0,100.0,0.0
17768,91915380,91915880,500,0,100.0,0.0
17769,91915880,91916380,500,0,100.0,0.0
17770,91916380,91916880,500,0,100.0,0.0
17771,91916880,91917380,500,0,100.0,0.0
17772,91917380,91917880,500,0,100.0,0.0
17773,91917880,91918380,500,0,100.0,0.0
17774,91918380,91918880,500,0,100.0,0.0
17775,91918880,91919380,500,0,100.0,0.0
17776,91919380,91919880,500,0,100.0,0.0
17777,91919880,91920380,500,0,100.0,0.0
17778,91920380,91920880,500,0,100.0,0.0
17779,91920880,91921380,500,0,100.0,0.0
17780,91921380,91921880,500,0,100.0,0.0
17781,91921880,91922380,500,0,100.0,0.0
17782,91922380,91922880,271,229,54.2,45.8
17783,91922880,91923380,6,494,1.2,98.8
17784,91923380,91923880,82,418,16.400000000000002,83.6
17785,91923880,91924380,5,495,1.0,99.0
17786,91924380,91924880,347,153,69.39999999999999,30.60000000000001
17787,91924880,91925380,500,0,100.0,0.0
17788,91925380,91925880,500,0,100.0,0.0
17789,91925880,91926380,500,0,100.0,0.0
17790,91926380,91926880,500,0,100.0,0.0
17791,91926880,91927380,500,0,100.0,0.0
17792,91927380,91927880,500,0,100.0,0.0
17793,91927880,91928380,500,0,100.0,0.0
17794,91928380,91928880,500,0,100.0,0.0
17795,91928880,91929380,500,0,100.0,0.0
17796,91929380,91929880,500,0,100.0,0.0
17797,91929880,91930380,500,0,100.0,0.0
17798,91930380,91930880,500,0,100.0,0.0
17799,91930880,91931380,500,0,100.0,0.0
17800,91931380,91931880,500,0,100.0,0.0
17801,91931880,91932380,500,0,100.0,0.0
17802,91932380,91932880,500,0,100.0,0.0
17803,91932880,91933380,500,0,100.0,0.0
17804,91933380,91933880,500,0,100.0,0.0
17805,91933880,91934380,500,0,100.0,0.0
17806,91934380,91934880,500,0,100.0,0.0
17807,91934880,91935380,500,0,100.0,0.0
17808,91935380,91935880,500,0,100.0,0.0
17809,91935880,91936380,500,0,100.0,0.0
17810,91936380,91936880,500,0,100.0,0.0
17811,91936880,91937380,500,0,100.0,0.0
17812,91937380,91937880,500,0,100.0,0.0
17813,91937880,91938380,500,0,100.0,0.0
17814,91938380,91938880,500,0,100.0,0.0
17815,91938880,91939380,500,0,100.0,0.0
17816,91939380,91939880,500,0,100.0,0.0
17817,91939880,91940380,500,0,100.0,0.0
17818,91940380,91940880,500,0,100.0,0.0
17819,91940880,91941380,500,0,100.0,0.0
17820,91941380,91941880,500,0,100.0,0.0
17821,91941880,91942380,500,0,100.0,0.0
17822,91942380,91942880,500,0,100.0,0.0
17823,91942880,91943380,500,0,100.0,0.0
17824,91943380,91943880,500,0,100.0,0.0
17825,91943880,91944380,500,0,100.0,0.0
17826,91944380,91944880,358,142,71.6,28.400000000000006
17827,91944880,91945380,6,494,1.2,98.8
17828,91945380,91945880,6,494,1.2,98.8
17829,91945880,91946380,105,395,21.0,79.0
17830,91946380,91946880,6,494,1.2,98.8
17831,91946880,91947380,476,24,95.19999999999999,4.800000000000011
17832,91947380,91947880,500,0,100.0,0.0
17833,91947880,91948380,500,0,100.0,0.0
17834,91948380,91948880,500,0,100.0,0.0
17835,91948880,91949380,500,0,100.0,0.0
17836,91949380,91949880,500,0,100.0,0.0
17837,91949880,91950380,500,0,100.0,0.0
17838,91950380,91950880,500,0,100.0,0.0
17839,91950880,91951380,500,0,100.0,0.0
17840,91951380,91951880,500,0,100.0,0.0
17841,91951880,91952380,500,0,100.0,0.0
17842,91952380,91952880,500,0,100.0,0.0
17843,91952880,91953380,500,0,100.0,0.0
17844,91953380,91953880,500,0,100.0,0.0
17845,91953880,91954380,500,0,100.0,0.0
17846,91954380,91954880,500,0,100.0,0.0
17847,91954880,91955380,500,0,100.0,0.0
17848,91955380,91955880,500,0,100.0,0.0
17849,91955880,91956380,500,0,100.0,0.0
17850,91956380,91956880,500,0,100.0,0.0
17851,91956880,91957380,500,0,100.0,0.0
17852,91957380,91957880,500,0,100.0,0.0
17853,91957880,91958380,500,0,100.0,0.0
17854,91958380,91958880,500,0,100.0,0.0
17855,91958880,91959380,500,0,100.0,0.0
17856,91959380,91959880,500,0,100.0,0.0
17857,91959880,91960380,500,0,100.0,0.0
17858,91960380,91960880,500,0,100.0,0.0
17859,91960880,91961380,500,0,100.0,0.0
17860,91961380,91961880,500,0,100.0,0.0
17861,91961880,91962380,500,0,100.0,0.0
17862,91962380,91962880,500,0,100.0,0.0
17863,91962880,91963380,500,0,100.0,0.0
17864,91963380,91963880,500,0,100.0,0.0
17865,91963880,91964380,500,0,100.0,0.0
17866,91964380,91964880,500,0,100.0,0.0
17867,91964880,91965380,500,0,100.0,0.0
17868,91965380,91965880,38,462,7.6,92.4
17869,91965880,91966380,5,495,1.0,99.0
17870,91966380,91966880,84,416,16.8,83.2
17871,91966880,91967380,141,359,28.199999999999996,71.80000000000001
17872,91967380,91967880,500,0,100.0,0.0
17873,91967880,91968380,500,0,100.0,0.0
17874,91968380,91968880,500,0,100.0,0.0
17875,91968880,91969380,500,0,100.0,0.0
17876,91969380,91969880,500,0,100.0,0.0
17877,91969880,91970380,500,0,100.0,0.0
17878,91970380,91970880,500,0,100.0,0.0
17879,91970880,91971380,500,0,100.0,0.0
17880,91971380,91971880,500,0,100.0,0.0
17881,91971880,91972380,500,0,100.0,0.0
17882,91972380,91972880,500,0,100.0,0.0
17883,91972880,91973380,500,0,100.0,0.0
17884,91973380,91973880,500,0,100.0,0.0
17885,91973880,91974380,500,0,100.0,0.0
17886,91974380,91974880,500,0,100.0,0.0
17887,91974880,91975380,500,0,100.0,0.0
17888,91975380,91975880,500,0,100.0,0.0
17889,91975880,91976380,500,0,100.0,0.0
17890,91976380,91976880,500,0,100.0,0.0
17891,91976880,91977380,500,0,100.0,0.0
17892,91977380,91977880,500,0,100.0,0.0
17893,91977880,91978380,500,0,100.0,0.0
17894,91978380,91978880,500,0,100.0,0.0
17895,91978880,91979380,500,0,100.0,0.0
17896,91979380,91979880,500,0,100.0,0.0
17897,91979880,91980380,500,0,100.0,0.0
17898,91980380,91980880,500,0,100.0,0.0
17899,91980880,91981380,500,0,100.0,0.0
17900,91981380,91981880,500,0,100.0,0.0
17901,91981880,91982380,500,0,100.0,0.0
17902,91982380,91982880,500,0,100.0,0.0
17903,91982880,91983380,500,0,100.0,0.0
17904,91983380,91983880,500,0,100.0,0.0
17905,91983880,91984380,500,0,100.0,0.0
17906,91984380,91984880,500,0,100.0,0.0
17907,91984880,91985380,500,0,100.0,0.0
17908,91985380,91985880,500,0,100.0,0.0
17909,91985880,91986380,500,0,100.0,0.0
17910,91986380,91986880,500,0,100.0,0.0
17911,91986880,91987380,500,0,100.0,0.0
17912,91987380,91987880,500,0,100.0,0.0
17913,91987880,91988380,500,0,100.0,0.0
17914,91988380,91988880,500,0,100.0,0.0
17915,91988880,91989380,500,0,100.0,0.0
17916,91989380,91989880,500,0,100.0,0.0
17917,91989880,91990380,500,0,100.0,0.0
17918,91990380,91990880,500,0,100.0,0.0
17919,91990880,91991380,500,0,100.0,0.0
17920,91991380,91991880,500,0,100.0,0.0
17921,91991880,91992380,500,0,100.0,0.0
17922,91992380,91992880,500,0,100.0,0.0
17923,91992880,91993380,500,0,100.0,0.0
17924,91993380,91993880,500,0,100.0,0.0
17925,91993880,91994380,500,0,100.0,0.0
17926,91994380,91994880,500,0,100.0,0.0
17927,91994880,91995380,500,0,100.0,0.0
17928,91995380,91995880,500,0,100.0,0.0
17929,91995880,91996380,500,0,100.0,0.0
17930,91996380,91996880,500,0,100.0,0.0
17931,91996880,91997380,500,0,100.0,0.0
17932,91997380,91997880,500,0,100.0,0.0
17933,91997880,91998380,500,0,100.0,0.0
17934,91998380,91998880,500,0,100.0,0.0
17935,91998880,91999380,500,0,100.0,0.0
17936,91999380,91999880,500,0,100.0,0.0
17937,91999880,92000380,500,0,100.0,0.0
17938,92000380,92000880,500,0,100.0,0.0
17939,92000880,92001380,500,0,100.0,0.0
17940,92001380,92001880,500,0,100.0,0.0
17941,92001880,92002380,500,0,100.0,0.0
17942,92002380,92002880,500,0,100.0,0.0
17943,92002880,92003380,500,0,100.0,0.0
17944,92003380,92003880,500,0,100.0,0.0
17945,92003880,92004380,500,0,100.0,0.0
17946,92004380,92004880,500,0,100.0,0.0
17947,92004880,92005380,500,0,100.0,0.0
17948,92005380,92005880,500,0,100.0,0.0
17949,92005880,92006380,500,0,100.0,0.0
17950,92006380,92006880,500,0,100.0,0.0
17951,92006880,92007380,500,0,100.0,0.0
17952,92007380,92007880,500,0,100.0,0.0
17953,92007880,92008380,500,0,100.0,0.0
17954,92008380,92008880,500,0,100.0,0.0
17955,92008880,92009380,500,0,100.0,0.0
17956,92009380,92009880,500,0,100.0,0.0
17957,92009880,92010380,500,0,100.0,0.0
17958,92010380,92010880,500,0,100.0,0.0
17959,92010880,92011380,500,0,100.0,0.0
17960,92011380,92011880,500,0,100.0,0.0
17961,92011880,92012380,500,0,100.0,0.0
17962,92012380,92012880,500,0,100.0,0.0
17963,92012880,92013380,500,0,100.0,0.0
17964,92013380,92013880,500,0,100.0,0.0
17965,92013880,92014380,500,0,100.0,0.0
17966,92014380,92014880,500,0,100.0,0.0
17967,92014880,92015380,500,0,100.0,0.0
17968,92015380,92015880,500,0,100.0,0.0
17969,92015880,92016380,500,0,100.0,0.0
17970,92016380,92016880,500,0,100.0,0.0
17971,92016880,92017380,500,0,100.0,0.0
17972,92017380,92017880,500,0,100.0,0.0
17973,92017880,92018380,500,0,100.0,0.0
17974,92018380,92018880,500,0,100.0,0.0
17975,92018880,92019380,500,0,100.0,0.0
17976,92019380,92019880,500,0,100.0,0.0
17977,92019880,92020380,500,0,100.0,0.0
17978,92020380,92020880,500,0,100.0,0.0
17979,92020880,92021380,500,0,100.0,0.0
17980,92021380,92021880,500,0,100.0,0.0
17981,92021880,92022380,500,0,100.0,0.0
17982,92022380,92022880,500,0,100.0,0.0
17983,92022880,92023380,500,0,100.0,0.0
17984,92023380,92023880,500,0,100.0,0.0
17985,92023880,92024380,500,0,100.0,0.0
17986,92024380,92024880,500,0,100.0,0.0
17987,92024880,92025380,500,0,100.0,0.0
17988,92025380,92025880,500,0,100.0,0.0
17989,92025880,92026380,500,0,100.0,0.0
17990,92026380,92026880,500,0,100.0,0.0
17991,92026880,92027380,500,0,100.0,0.0
17992,92027380,92027880,500,0,100.0,0.0
17993,92027880,92028380,500,0,100.0,0.0
17994,92028380,92028880,500,0,100.0,0.0
17995,92028880,92029380,500,0,100.0,0.0
17996,92029380,92029880,500,0,100.0,0.0
17997,92029880,92030380,500,0,100.0,0.0
17998,92030380,92030880,445,55,89.0,11.0
17999,92030880,92031380,4,496,0.8,99.2
18000,92031380,92031880,9,491,1.7999999999999998,98.2
18001,92031880,92032380,0,500,0.0,100.0
18002,92032380,92032880,8,492,1.6,98.4
18003,92032880,92033380,229,271,45.800000000000004,54.199999999999996
18004,92033380,92033880,76,424,15.2,84.8
18005,92033880,92034380,0,500,0.0,100.0
18006,92034380,92034880,5,495,1.0,99.0
18007,92034880,92035380,3,497,0.6,99.4
18008,92035380,92035880,4,496,0.8,99.2
18009,92035880,92036380,3,497,0.6,99.4
18010,92036380,92036880,61,439,12.2,87.8
18011,92036880,92037380,500,0,100.0,0.0
18012,92037380,92037880,500,0,100.0,0.0
18013,92037880,92038380,500,0,100.0,0.0
18014,92038380,92038880,500,0,100.0,0.0
18015,92038880,92039380,500,0,100.0,0.0
18016,92039380,92039880,500,0,100.0,0.0
18017,92039880,92040380,500,0,100.0,0.0
18018,92040380,92040880,500,0,100.0,0.0
18019,92040880,92041380,500,0,100.0,0.0
18020,92041380,92041880,500,0,100.0,0.0
18021,92041880,92042380,500,0,100.0,0.0
18022,92042380,92042880,500,0,100.0,0.0
18023,92042880,92043380,500,0,100.0,0.0
18024,92043380,92043880,500,0,100.0,0.0
18025,92043880,92044380,500,0,100.0,0.0
18026,92044380,92044880,500,0,100.0,0.0
18027,92044880,92045380,500,0,100.0,0.0
18028,92045380,92045880,500,0,100.0,0.0
18029,92045880,92046380,500,0,100.0,0.0
18030,92046380,92046880,500,0,100.0,0.0
18031,92046880,92047380,500,0,100.0,0.0
18032,92047380,92047880,500,0,100.0,0.0
18033,92047880,92048380,500,0,100.0,0.0
18034,92048380,92048880,500,0,100.0,0.0
18035,92048880,92049380,500,0,100.0,0.0
18036,92049380,92049880,500,0,100.0,0.0
18037,92049880,92050380,500,0,100.0,0.0
18038,92050380,92050880,500,0,100.0,0.0
18039,92050880,92051380,500,0,100.0,0.0
18040,92051380,92051880,500,0,100.0,0.0
18041,92051880,92052380,500,0,100.0,0.0
18042,92052380,92052880,500,0,100.0,0.0
18043,92052880,92053380,500,0,100.0,0.0
18044,92053380,92053880,500,0,100.0,0.0
18045,92053880,92054380,500,0,100.0,0.0
18046,92054380,92054880,500,0,100.0,0.0
18047,92054880,92055380,500,0,100.0,0.0
18048,92055380,92055880,500,0,100.0,0.0
18049,92055880,92056380,500,0,100.0,0.0
18050,92056380,92056880,500,0,100.0,0.0
18051,92056880,92057380,500,0,100.0,0.0
18052,92057380,92057880,500,0,100.0,0.0
18053,92057880,92058380,500,0,100.0,0.0
18054,92058380,92058880,500,0,100.0,0.0
18055,92058880,92059380,500,0,100.0,0.0
18056,92059380,92059880,500,0,100.0,0.0
18057,92059880,92060380,163,337,32.6,67.4
18058,92060380,92060880,6,494,1.2,98.8
18059,92060880,92061380,81,419,16.2,83.8
18060,92061380,92061880,5,495,1.0,99.0
18061,92061880,92062380,266,234,53.2,46.8
18062,92062380,92062880,500,0,100.0,0.0
18063,92062880,92063380,500,0,100.0,0.0
18064,92063380,92063880,500,0,100.0,0.0
18065,92063880,92064380,500,0,100.0,0.0
18066,92064380,92064880,500,0,100.0,0.0
18067,92064880,92065380,500,0,100.0,0.0
18068,92065380,92065880,500,0,100.0,0.0
18069,92065880,92066380,500,0,100.0,0.0
18070,92066380,92066880,500,0,100.0,0.0
18071,92066880,92067380,500,0,100.0,0.0
18072,92067380,92067880,500,0,100.0,0.0
18073,92067880,92068380,500,0,100.0,0.0
18074,92068380,92068880,500,0,100.0,0.0
18075,92068880,92069380,500,0,100.0,0.0
18076,92069380,92069880,500,0,100.0,0.0
18077,92069880,92070380,500,0,100.0,0.0
18078,92070380,92070880,500,0,100.0,0.0
18079,92070880,92071380,500,0,100.0,0.0
18080,92071380,92071880,500,0,100.0,0.0
18081,92071880,92072380,500,0,100.0,0.0
18082,92072380,92072880,500,0,100.0,0.0
18083,92072880,92073380,500,0,100.0,0.0
18084,92073380,92073880,500,0,100.0,0.0
18085,92073880,92074380,500,0,100.0,0.0
18086,92074380,92074880,500,0,100.0,0.0
18087,92074880,92075380,500,0,100.0,0.0
18088,92075380,92075880,500,0,100.0,0.0
18089,92075880,92076380,500,0,100.0,0.0
18090,92076380,92076880,500,0,100.0,0.0
18091,92076880,92077380,500,0,100.0,0.0
18092,92077380,92077880,500,0,100.0,0.0
18093,92077880,92078380,500,0,100.0,0.0
18094,92078380,92078880,500,0,100.0,0.0
18095,92078880,92079380,500,0,100.0,0.0
18096,92079380,92079880,500,0,100.0,0.0
18097,92079880,92080380,500,0,100.0,0.0
18098,92080380,92080880,500,0,100.0,0.0
18099,92080880,92081380,78,422,15.6,84.4
18100,92081380,92081880,8,492,1.6,98.4
18101,92081880,92082380,87,413,17.4,82.6
18102,92082380,92082880,25,475,5.0,95.0
18103,92082880,92083380,500,0,100.0,0.0
18104,92083380,92083880,500,0,100.0,0.0
18105,92083880,92084380,500,0,100.0,0.0
18106,92084380,92084880,500,0,100.0,0.0
18107,92084880,92085380,500,0,100.0,0.0
18108,92085380,92085880,500,0,100.0,0.0
18109,92085880,92086380,500,0,100.0,0.0
18110,92086380,92086880,500,0,100.0,0.0
18111,92086880,92087380,500,0,100.0,0.0
18112,92087380,92087880,500,0,100.0,0.0
18113,92087880,92088380,500,0,100.0,0.0
18114,92088380,92088880,500,0,100.0,0.0
18115,92088880,92089380,500,0,100.0,0.0
18116,92089380,92089880,500,0,100.0,0.0
18117,92089880,92090380,500,0,100.0,0.0
18118,92090380,92090880,500,0,100.0,0.0
18119,92090880,92091380,500,0,100.0,0.0
18120,92091380,92091880,500,0,100.0,0.0
18121,92091880,92092380,500,0,100.0,0.0
18122,92092380,92092880,500,0,100.0,0.0
18123,92092880,92093380,500,0,100.0,0.0
18124,92093380,92093880,500,0,100.0,0.0
18125,92093880,92094380,500,0,100.0,0.0
18126,92094380,92094880,500,0,100.0,0.0
18127,92094880,92095380,500,0,100.0,0.0
18128,92095380,92095880,500,0,100.0,0.0
18129,92095880,92096380,500,0,100.0,0.0
18130,92096380,92096880,500,0,100.0,0.0
18131,92096880,92097380,500,0,100.0,0.0
18132,92097380,92097880,500,0,100.0,0.0
18133,92097880,92098380,500,0,100.0,0.0
18134,92098380,92098880,500,0,100.0,0.0
18135,92098880,92099380,500,0,100.0,0.0
18136,92099380,92099880,500,0,100.0,0.0
18137,92099880,92100380,500,0,100.0,0.0
18138,92100380,92100880,500,0,100.0,0.0
18139,92100880,92101380,500,0,100.0,0.0
18140,92101380,92101880,500,0,100.0,0.0
18141,92101880,92102380,500,0,100.0,0.0
18142,92102380,92102880,500,0,100.0,0.0
18143,92102880,92103380,500,0,100.0,0.0
18144,92103380,92103880,500,0,100.0,0.0
18145,92103880,92104380,500,0,100.0,0.0
18146,92104380,92104880,500,0,100.0,0.0
18147,92104880,92105380,500,0,100.0,0.0
18148,92105380,92105880,500,0,100.0,0.0
18149,92105880,92106380,500,0,100.0,0.0
18150,92106380,92106880,500,0,100.0,0.0
18151,92106880,92107380,500,0,100.0,0.0
18152,92107380,92107880,500,0,100.0,0.0
18153,92107880,92108380,500,0,100.0,0.0
18154,92108380,92108880,500,0,100.0,0.0
18155,92108880,92109380,500,0,100.0,0.0
18156,92109380,92109880,500,0,100.0,0.0
18157,92109880,92110380,500,0,100.0,0.0
18158,92110380,92110880,500,0,100.0,0.0
18159,92110880,92111380,500,0,100.0,0.0
18160,92111380,92111880,500,0,100.0,0.0
18161,92111880,92112380,500,0,100.0,0.0
18162,92112380,92112880,500,0,100.0,0.0
18163,92112880,92113380,500,0,100.0,0.0
18164,92113380,92113880,500,0,100.0,0.0
18165,92113880,92114380,500,0,100.0,0.0
18166,92114380,92114880,500,0,100.0,0.0
18167,92114880,92115380,500,0,100.0,0.0
18168,92115380,92115880,500,0,100.0,0.0
18169,92115880,92116380,500,0,100.0,0.0
18170,92116380,92116880,500,0,100.0,0.0
18171,92116880,92117380,55,445,11.0,89.0
18172,92117380,92117880,10,490,2.0,98.0
18173,92117880,92118380,5,495,1.0,99.0
18174,92118380,92118880,145,355,28.999999999999996,71.0
18175,92118880,92119380,79,421,15.8,84.2
18176,92119380,92119880,5,495,1.0,99.0
18177,92119880,92120380,64,436,12.8,87.2
18178,92120380,92120880,500,0,100.0,0.0
18179,92120880,92121380,500,0,100.0,0.0
18180,92121380,92121880,500,0,100.0,0.0
18181,92121880,92122380,500,0,100.0,0.0
18182,92122380,92122880,500,0,100.0,0.0
18183,92122880,92123380,500,0,100.0,0.0
18184,92123380,92123880,500,0,100.0,0.0
18185,92123880,92124380,500,0,100.0,0.0
18186,92124380,92124880,500,0,100.0,0.0
18187,92124880,92125380,500,0,100.0,0.0
18188,92125380,92125880,500,0,100.0,0.0
18189,92125880,92126380,500,0,100.0,0.0
18190,92126380,92126880,500,0,100.0,0.0
18191,92126880,92127380,500,0,100.0,0.0
18192,92127380,92127880,500,0,100.0,0.0
18193,92127880,92128380,500,0,100.0,0.0
18194,92128380,92128880,500,0,100.0,0.0
18195,92128880,92129380,500,0,100.0,0.0
18196,92129380,92129880,500,0,100.0,0.0
18197,92129880,92130380,500,0,100.0,0.0
18198,92130380,92130880,500,0,100.0,0.0
18199,92130880,92131380,500,0,100.0,0.0
18200,92131380,92131880,500,0,100.0,0.0
18201,92131880,92132380,500,0,100.0,0.0
18202,92132380,92132880,500,0,100.0,0.0
18203,92132880,92133380,500,0,100.0,0.0
18204,92133380,92133880,500,0,100.0,0.0
18205,92133880,92134380,500,0,100.0,0.0
18206,92134380,92134880,500,0,100.0,0.0
18207,92134880,92135380,500,0,100.0,0.0
18208,92135380,92135880,500,0,100.0,0.0
18209,92135880,92136380,500,0,100.0,0.0
18210,92136380,92136880,500,0,100.0,0.0
18211,92136880,92137380,500,0,100.0,0.0
18212,92137380,92137880,500,0,100.0,0.0
18213,92137880,92138380,500,0,100.0,0.0
18214,92138380,92138880,500,0,100.0,0.0
18215,92138880,92139380,500,0,100.0,0.0
18216,92139380,92139880,500,0,100.0,0.0
18217,92139880,92140380,500,0,100.0,0.0
18218,92140380,92140880,500,0,100.0,0.0
18219,92140880,92141380,500,0,100.0,0.0
18220,92141380,92141880,500,0,100.0,0.0
18221,92141880,92142380,500,0,100.0,0.0
18222,92142380,92142880,500,0,100.0,0.0
18223,92142880,92143380,500,0,100.0,0.0
18224,92143380,92143880,500,0,100.0,0.0
18225,92143880,92144380,500,0,100.0,0.0
18226,92144380,92144880,500,0,100.0,0.0
18227,92144880,92145380,500,0,100.0,0.0
18228,92145380,92145880,500,0,100.0,0.0
18229,92145880,92146380,465,35,93.0,7.0
18230,92146380,92146880,9,491,1.7999999999999998,98.2
18231,92146880,92147380,3,497,0.6,99.4
18232,92147380,92147880,179,321,35.8,64.2
18233,92147880,92148380,4,496,0.8,99.2
18234,92148380,92148880,308,192,61.6,38.4
18235,92148880,92149380,500,0,100.0,0.0
18236,92149380,92149880,500,0,100.0,0.0
18237,92149880,92150380,500,0,100.0,0.0
18238,92150380,92150880,500,0,100.0,0.0
18239,92150880,92151380,500,0,100.0,0.0
18240,92151380,92151880,500,0,100.0,0.0
18241,92151880,92152380,500,0,100.0,0.0
18242,92152380,92152880,500,0,100.0,0.0
18243,92152880,92153380,500,0,100.0,0.0
18244,92153380,92153880,500,0,100.0,0.0
18245,92153880,92154380,500,0,100.0,0.0
18246,92154380,92154880,500,0,100.0,0.0
18247,92154880,92155380,500,0,100.0,0.0
18248,92155380,92155880,500,0,100.0,0.0
18249,92155880,92156380,500,0,100.0,0.0
18250,92156380,92156880,500,0,100.0,0.0
18251,92156880,92157380,500,0,100.0,0.0
18252,92157380,92157880,500,0,100.0,0.0
18253,92157880,92158380,500,0,100.0,0.0
18254,92158380,92158880,500,0,100.0,0.0
18255,92158880,92159380,500,0,100.0,0.0
18256,92159380,92159880,500,0,100.0,0.0
18257,92159880,92160380,500,0,100.0,0.0
18258,92160380,92160880,500,0,100.0,0.0
18259,92160880,92161380,500,0,100.0,0.0
18260,92161380,92161880,500,0,100.0,0.0
18261,92161880,92162380,500,0,100.0,0.0
18262,92162380,92162880,500,0,100.0,0.0
18263,92162880,92163380,500,0,100.0,0.0
18264,92163380,92163880,500,0,100.0,0.0
18265,92163880,92164380,500,0,100.0,0.0
18266,92164380,92164880,500,0,100.0,0.0
18267,92164880,92165380,500,0,100.0,0.0
18268,92165380,92165880,500,0,100.0,0.0
18269,92165880,92166380,500,0,100.0,0.0
18270,92166380,92166880,500,0,100.0,0.0
18271,92166880,92167380,500,0,100.0,0.0
18272,92167380,92167880,500,0,100.0,0.0
18273,92167880,92168380,500,0,100.0,0.0
18274,92168380,92168880,500,0,100.0,0.0
18275,92168880,92169380,500,0,100.0,0.0
18276,92169380,92169880,500,0,100.0,0.0
18277,92169880,92170380,500,0,100.0,0.0
18278,92170380,92170880,500,0,100.0,0.0
18279,92170880,92171380,500,0,100.0,0.0
18280,92171380,92171880,500,0,100.0,0.0
18281,92171880,92172380,500,0,100.0,0.0
18282,92172380,92172880,500,0,100.0,0.0
18283,92172880,92173380,500,0,100.0,0.0
18284,92173380,92173880,500,0,100.0,0.0
18285,92173880,92174380,500,0,100.0,0.0
18286,92174380,92174880,500,0,100.0,0.0
18287,92174880,92175380,500,0,100.0,0.0
18288,92175380,92175880,500,0,100.0,0.0
18289,92175880,92176380,500,0,100.0,0.0
18290,92176380,92176880,500,0,100.0,0.0
18291,92176880,92177380,500,0,100.0,0.0
18292,92177380,92177880,500,0,100.0,0.0
18293,92177880,92178380,500,0,100.0,0.0
18294,92178380,92178880,28,472,5.6000000000000005,94.4
18295,92178880,92179380,8,492,1.6,98.4
18296,92179380,92179880,6,494,1.2,98.8
18297,92179880,92180380,0,500,0.0,100.0
18298,92180380,92180880,12,488,2.4,97.6
18299,92180880,92181380,0,500,0.0,100.0
18300,92181380,92181880,5,495,1.0,99.0
18301,92181880,92182380,3,497,0.6,99.4
18302,92182380,92182880,179,321,35.8,64.2
18303,92182880,92183380,5,495,1.0,99.0
18304,92183380,92183880,409,91,81.8,18.200000000000003
18305,92183880,92184380,500,0,100.0,0.0
18306,92184380,92184880,500,0,100.0,0.0
18307,92184880,92185380,500,0,100.0,0.0
18308,92185380,92185880,500,0,100.0,0.0
18309,92185880,92186380,500,0,100.0,0.0
18310,92186380,92186880,500,0,100.0,0.0
18311,92186880,92187380,500,0,100.0,0.0
18312,92187380,92187880,500,0,100.0,0.0
18313,92187880,92188380,500,0,100.0,0.0
18314,92188380,92188880,500,0,100.0,0.0
18315,92188880,92189380,500,0,100.0,0.0
18316,92189380,92189880,500,0,100.0,0.0
18317,92189880,92190380,500,0,100.0,0.0
18318,92190380,92190880,500,0,100.0,0.0
18319,92190880,92191380,500,0,100.0,0.0
18320,92191380,92191880,500,0,100.0,0.0
18321,92191880,92192380,500,0,100.0,0.0
18322,92192380,92192880,500,0,100.0,0.0
18323,92192880,92193380,500,0,100.0,0.0
18324,92193380,92193880,500,0,100.0,0.0
18325,92193880,92194380,500,0,100.0,0.0
18326,92194380,92194880,500,0,100.0,0.0
18327,92194880,92195380,500,0,100.0,0.0
18328,92195380,92195880,500,0,100.0,0.0
18329,92195880,92196380,500,0,100.0,0.0
18330,92196380,92196880,500,0,100.0,0.0
18331,92196880,92197380,500,0,100.0,0.0
18332,92197380,92197880,500,0,100.0,0.0
18333,92197880,92198380,500,0,100.0,0.0
18334,92198380,92198880,500,0,100.0,0.0
18335,92198880,92199380,500,0,100.0,0.0
18336,92199380,92199880,500,0,100.0,0.0
18337,92199880,92200380,500,0,100.0,0.0
18338,92200380,92200880,500,0,100.0,0.0
18339,92200880,92201380,500,0,100.0,0.0
18340,92201380,92201880,500,0,100.0,0.0
18341,92201880,92202380,500,0,100.0,0.0
18342,92202380,92202880,500,0,100.0,0.0
18343,92202880,92203380,500,0,100.0,0.0
18344,92203380,92203880,500,0,100.0,0.0
18345,92203880,92204380,500,0,100.0,0.0
18346,92204380,92204880,500,0,100.0,0.0
18347,92204880,92205380,500,0,100.0,0.0
18348,92205380,92205880,500,0,100.0,0.0
18349,92205880,92206380,500,0,100.0,0.0
18350,92206380,92206880,500,0,100.0,0.0
18351,92206880,92207380,500,0,100.0,0.0
18352,92207380,92207880,500,0,100.0,0.0
18353,92207880,92208380,500,0,100.0,0.0
18354,92208380,92208880,500,0,100.0,0.0
18355,92208880,92209380,500,0,100.0,0.0
18356,92209380,92209880,500,0,100.0,0.0
18357,92209880,92210380,500,0,100.0,0.0
18358,92210380,92210880,500,0,100.0,0.0
18359,92210880,92211380,500,0,100.0,0.0
18360,92211380,92211880,500,0,100.0,0.0
18361,92211880,92212380,500,0,100.0,0.0
18362,92212380,92212880,500,0,100.0,0.0
18363,92212880,92213380,500,0,100.0,0.0
18364,92213380,92213880,500,0,100.0,0.0
18365,92213880,92214380,500,0,100.0,0.0
18366,92214380,92214880,500,0,100.0,0.0
18367,92214880,92215380,500,0,100.0,0.0
18368,92215380,92215880,500,0,100.0,0.0
18369,92215880,92216380,17,483,3.4000000000000004,96.6
18370,92216380,92216754,6,368,1.6042780748663104,98.39572192513369
