timestamp,relative_time,pid,comm,uid,syscall,duration_us
456.915161154,124.192068056,1175,chrt,0,execve,14.103
456.917546679,124.194453581,1175,chrt,0,execve,16.493
456.919675182,124.196582084,1175,bash,0,execve,468.762
456.920686292,124.197593194,1175,bash,0,brk,1.880
456.930648975,124.207555877,1175,bash,0,access,17.413
456.931405044,124.208311946,1175,bash,0,openat,21.931
456.931818778,124.208725680,1175,bash,0,fstat,4.992
456.932512921,124.209419823,1175,bash,0,mmap,20.046
456.932833618,124.209740520,1175,bash,0,close,3.519
456.933532711,124.210439613,1175,bash,0,openat,16.144
456.934366969,124.211273871,1175,bash,0,read,8.256
456.934568677,124.211475579,1175,bash,0,fstat,2.268
456.934747125,124.211654027,1175,bash,0,mmap,9.264
456.935186336,124.212093238,1175,bash,0,mmap,7.165
456.935370439,124.212277341,1175,bash,0,mmap,13.583
456.935554840,124.212461742,1175,bash,0,mmap,10.616
456.935852671,124.212759573,1175,bash,0,mmap,24.498
456.936590886,124.213497788,1175,bash,0,mmap,17.511
456.936936502,124.213843404,1175,bash,0,close,2.743
456.937637839,124.214544741,1175,bash,0,openat,16.686
456.937956700,124.214863602,1175,bash,0,read,5.915
456.938669128,124.215576030,1175,bash,0,pread64,4.769
456.939424000,124.216330902,1175,bash,0,fstat,2.253
456.939596661,124.216503563,1175,bash,0,pread64,2.843
456.939769477,124.216676379,1175,bash,0,mmap,10.391
456.940204486,124.217111388,1175,bash,0,mmap,15.058
456.940397275,124.217304177,1175,bash,0,mmap,12.920
456.940671710,124.217578612,1175,bash,0,mmap,20.716
456.941012773,124.217919675,1175,bash,0,mmap,11.576
456.941733322,124.218640224,1175,bash,0,close,2.631
456.942049794,124.218956696,1175,bash,0,openat,16.583
456.942748284,124.219655186,1175,bash,0,read,5.196
456.943053067,124.219959969,1175,bash,0,fstat,3.837
456.943739778,124.220646680,1175,bash,0,mmap,20.428
456.944524007,124.221430909,1175,bash,0,mmap,24.112
456.944860064,124.221766966,1175,bash,0,mmap,21.600
456.945878998,124.222785900,1175,bash,0,mmap,34.782
456.946719535,124.223626437,1175,bash,0,close,3.294
456.947555971,124.224462873,1175,bash,0,mmap,14.114
456.947910750,124.224817652,1175,bash,0,syscall_158,2.598
456.948634698,124.225541600,1175,bash,0,syscall_218,2.539
456.948954177,124.225861079,1175,bash,0,syscall_273,2.032
456.949674441,124.226581343,1175,bash,0,syscall_334,2.197
456.950116684,124.227023586,1175,bash,0,mprotect,21.149
456.951017534,124.227924436,1175,bash,0,mprotect,14.559
456.951840599,124.228747501,1175,bash,0,mprotect,18.919
456.952732936,124.229639838,1175,bash,0,mprotect,13.545
456.953507667,124.230414569,1175,bash,0,mprotect,16.184
456.953861241,124.230768143,1175,bash,0,syscall_302,2.982
456.954613780,124.231520682,1175,bash,0,syscall_318,4.100
456.954930470,124.231837372,1175,bash,0,munmap,22.883
456.955612257,124.232519159,1175,bash,0,openat,21.174
456.955822036,124.232728938,1175,bash,0,close,4.634
456.956626004,124.233532906,1175,bash,0,brk,14.414
456.956924798,124.233831700,1175,bash,0,brk,7.207
456.968422676,124.245329578,1175,bash,0,openat,15.210
456.969470430,124.246377332,1175,bash,0,openat,14.059
456.970719830,124.247626732,1175,bash,0,fstat,4.501
456.971299638,124.248206540,1175,bash,0,read,5.532
456.971552882,124.248459784,1175,bash,0,read,2.940
456.972181407,124.249088309,1175,bash,0,close,6.001
456.972414004,124.249320906,1175,bash,0,openat,13.989
456.973213016,124.250119918,1175,bash,0,openat,15.031
456.973450313,124.250357215,1175,bash,0,fstat,3.801
456.973628004,124.250534906,1175,bash,0,mmap,21.443
456.974328952,124.251235854,1175,bash,0,close,2.498
456.974581813,124.251488715,1175,bash,0,openat,7.812
456.975616764,124.252523666,1175,bash,0,openat,22.515
456.976370403,124.253277305,1175,bash,0,fstat,3.135
456.976786570,124.253693472,1175,bash,0,read,12.398
456.979833834,124.256740736,1175,bash,0,read,4.963
456.980310226,124.257217128,1175,bash,0,close,13.582
456.981802980,124.258709882,1175,bash,0,openat,38.712
456.982966252,124.259873154,1175,bash,0,fstat,8.280
456.983677045,124.260583947,1175,bash,0,syscall_217,13.991
456.984418570,124.261325472,1175,bash,0,openat,8.507
456.984601247,124.261508149,1175,bash,0,fstat,2.235
456.986073564,124.262980466,1175,bash,0,read,5.200
456.986575595,124.263482497,1175,bash,0,read,3.367
456.986807929,124.263714831,1175,bash,0,read,3.077
456.987250223,124.264157125,1175,bash,0,read,3.024
456.987485364,124.264392266,1175,bash,0,read,2.831
456.987877923,124.264784825,1175,bash,0,read,5.163
456.988747189,124.265654091,1175,bash,0,read,5.333
456.990148108,124.267055010,1175,bash,0,read,10.284
456.991780502,124.268687404,1175,bash,0,read,3.958
456.992365445,124.269272347,1175,bash,0,brk,18.042
456.994030113,124.270937015,1175,bash,0,read,27.068
456.997184422,124.274091324,1175,bash,0,read,9.070
456.999137330,124.276044232,1175,bash,0,read,5.277
457.000567899,124.277474801,1175,bash,0,read,12.229
457.002378514,124.279285416,1175,bash,0,read,11.443
457.003836074,124.280742976,1175,bash,0,read,5.422
457.006931894,124.283838796,1175,bash,0,close,15.747
457.008572585,124.285479487,1175,bash,0,syscall_217,27.762
457.010876808,124.287783710,1175,bash,0,close,16.040
457.014169645,124.291076547,1175,bash,0,syscall_202,6.397
457.016451572,124.293358474,1175,bash,0,openat,19.562
457.016846911,124.293753813,1175,bash,0,openat,21.284
457.017714686,124.294621588,1175,bash,0,fstat,8.371
457.018851290,124.295758192,1175,bash,0,mmap,32.123
457.019810745,124.296717647,1175,bash,0,close,5.130
457.021199175,124.298106077,1175,bash,0,openat,25.692
457.021801082,124.298707984,1175,bash,0,openat,27.170
457.022843033,124.299749935,1175,bash,0,fstat,3.494
457.023760059,124.300666961,1175,bash,0,mmap,13.551
457.024326974,124.301233876,1175,bash,0,close,4.454
457.025997909,124.302904811,1175,bash,0,openat,20.701
457.027622822,124.304529724,1175,bash,0,openat,24.156
457.029883329,124.306790231,1175,bash,0,fstat,7.962
457.032857511,124.309764413,1175,bash,0,mmap,14.969
457.033505532,124.310412434,1175,bash,0,close,4.826
457.034719891,124.311626793,1175,bash,0,openat,17.688
457.035873360,124.312780262,1175,bash,0,openat,15.449
457.037862315,124.314769217,1175,bash,0,fstat,4.137
457.038976858,124.315883760,1175,bash,0,mmap,40.745
457.043007823,124.319914725,1175,bash,0,close,4.564
457.043499136,124.320406038,1175,bash,0,openat,12.984
457.043688892,124.320595794,1175,bash,0,openat,10.041
457.043869572,124.320776474,1175,bash,0,fstat,3.625
457.044260402,124.321167304,1175,bash,0,mmap,16.777
457.044449707,124.321356609,1175,bash,0,close,1.453
457.044631604,124.321538506,1175,bash,0,openat,5.940
457.045716200,124.322623102,1175,bash,0,openat,28.019
457.047117248,124.324024150,1175,bash,0,fstat,6.382
457.050028699,124.326935601,1175,bash,0,close,12.841
457.052957836,124.329864738,1175,bash,0,openat,23.985
457.054290254,124.331197156,1175,bash,0,fstat,5.201
457.054627524,124.331534426,1175,bash,0,mmap,19.238
457.054962095,124.331868997,1175,bash,0,close,2.243
457.056641717,124.333548619,1175,bash,0,openat,13.647
457.058642786,124.335549688,1175,bash,0,openat,28.387
457.059541734,124.336448636,1175,bash,0,fstat,6.790
457.059903301,124.336810203,1175,bash,0,mmap,27.049
457.060712485,124.337619387,1175,bash,0,close,3.726
457.061678964,124.338585866,1175,bash,0,openat,7.021
457.063017042,124.339923944,1175,bash,0,openat,25.209
457.065110790,124.342017692,1175,bash,0,fstat,7.096
457.066211550,124.343118452,1175,bash,0,mmap,19.924
457.066409529,124.343316431,1175,bash,0,close,2.115
457.066608265,124.343515167,1175,bash,0,openat,13.686
457.067300495,124.344207397,1175,bash,0,openat,18.803
457.067622081,124.344528983,1175,bash,0,fstat,5.981
457.068316509,124.345223411,1175,bash,0,mmap,13.938
457.068634234,124.345541136,1175,bash,0,close,2.753
457.069381999,124.346288901,1175,bash,0,openat,10.138
457.069780735,124.346687637,1175,bash,0,openat,12.713
457.070482818,124.347389720,1175,bash,0,fstat,2.590
457.070664251,124.347571153,1175,bash,0,mmap,14.411
457.070848796,124.347755698,1175,bash,0,close,1.549
457.071248698,124.348155600,1175,bash,0,openat,5.846
457.071430348,124.348337250,1175,bash,0,openat,7.110
457.071613302,124.348520204,1175,bash,0,fstat,2.185
457.071811235,124.348718137,1175,bash,0,mmap,16.668
457.072519037,124.349425939,1175,bash,0,close,2.952
457.073318888,124.350225790,1175,bash,0,syscall_118,2.843
457.074504839,124.351411741,1175,bash,0,syscall_120,3.064
457.074838725,124.351745627,1175,bash,0,rt_sigprocmask,3.020
457.075643361,124.352550263,1175,bash,0,rt_sigaction,3.666
457.076447958,124.353354860,1175,bash,0,rt_sigaction,3.301
457.076775537,124.353682439,1175,bash,0,rt_sigaction,2.791
457.077706459,124.354613361,1175,bash,0,rt_sigaction,5.190
457.078459108,124.355366010,1175,bash,0,rt_sigaction,2.940
457.078792229,124.355699131,1175,bash,0,rt_sigaction,2.672
457.079535175,124.356442077,1175,bash,0,rt_sigaction,2.333
457.079742743,124.356649645,1175,bash,0,rt_sigaction,2.059
457.080245810,124.357152712,1175,bash,0,rt_sigaction,1.695
457.080429541,124.357336443,1175,bash,0,rt_sigaction,1.348
457.080607565,124.357514467,1175,bash,0,rt_sigaction,1.210
457.080878528,124.357785430,1175,bash,0,rt_sigaction,2.345
457.081593361,124.358500263,1175,bash,0,rt_sigprocmask,2.814
457.081916949,124.358823851,1175,bash,0,rt_sigaction,3.027
457.083026666,124.359933568,1175,bash,0,uname,3.832
457.084735511,124.361642413,1175,bash,0,getcwd,5.742
457.084939430,124.361846332,1175,bash,0,getpid,1.664
457.085627562,124.362534464,1175,bash,0,syscall_110,2.389
457.085970692,124.362877594,1175,bash,0,newfstatat,8.981
457.086726833,124.363633735,1175,bash,0,newfstatat,15.051
457.087984161,124.364891063,1175,bash,0,newfstatat,11.561
457.089615002,124.366521904,1175,bash,0,newfstatat,29.346
457.090484229,124.367391131,1175,bash,0,newfstatat,9.235
457.090832142,124.367739044,1175,bash,0,syscall_107,2.597
457.091600915,124.368507817,1175,bash,0,syscall_108,2.182
457.091942942,124.368849844,1175,bash,0,syscall_102,2.408
457.092710151,124.369617053,1175,bash,0,syscall_104,2.281
457.093539760,124.370446662,1175,bash,0,access,15.434
457.093901000,124.370807902,1175,bash,0,newfstatat,9.145
457.094682617,124.371589519,1175,bash,0,syscall_107,2.818
457.095026027,124.371932929,1175,bash,0,syscall_108,2.221
457.095773581,124.372680483,1175,bash,0,syscall_102,1.925
457.096576021,124.373482923,1175,bash,0,syscall_104,2.678
457.097309518,124.374216420,1175,bash,0,access,10.321
457.097667514,124.374574416,1175,bash,0,getpid,2.918
457.097996167,124.374903069,1175,bash,0,syscall_110,3.327
457.098743757,124.375650659,1175,bash,0,getpid,2.649
457.099544644,124.376451546,1175,bash,0,syscall_110,2.927
457.101002559,124.377909461,1175,bash,0,syscall_111,4.301
457.103896206,124.380803108,1175,bash,0,ioctl,5.535
457.106048943,124.382955845,1175,bash,0,rt_sigaction,4.964
457.107824102,124.384731004,1175,bash,0,syscall_302,4.842
457.109007950,124.385914852,1175,bash,0,rt_sigprocmask,4.476
457.109813646,124.386720548,1175,bash,0,syscall_52,2.876
457.110837066,124.387743968,1175,bash,0,rt_sigprocmask,4.506
457.113240315,124.390147217,1175,bash,0,openat,78.247
457.114733224,124.391640126,1175,bash,0,fcntl,5.514
457.115906612,124.392813514,1175,bash,0,fcntl,2.751
457.116605980,124.393512882,1175,bash,0,fcntl,2.851
457.116834490,124.393741392,1175,bash,0,fcntl,1.484
457.117909722,124.394816624,1175,bash,0,dup2,3.902
457.118116279,124.395023181,1175,bash,0,close,2.151
457.118299960,124.395206862,1175,bash,0,fstat,4.517
457.119514181,124.396421083,1175,bash,0,write,25.068
457.120440251,124.397347153,1175,bash,0,dup2,4.702
457.120818849,124.397725751,1175,bash,0,fcntl,3.061
457.121707330,124.398614232,1175,bash,0,close,3.007
457.122275148,124.399182050,1175,bash,0,openat,40.418
457.122517809,124.399424711,1175,bash,0,fcntl,1.563
457.122715583,124.399622485,1175,bash,0,fcntl,1.742
457.123186855,124.400093757,1175,bash,0,fcntl,1.256
457.123431987,124.400338889,1175,bash,0,fcntl,1.938
457.123678865,124.400585767,1175,bash,0,dup2,2.652
457.124870679,124.401777581,1175,bash,0,close,4.481
457.126800703,124.403707605,1175,bash,0,write,32.464
457.127640579,124.404547481,1175,bash,0,dup2,6.220
457.128509286,124.405416188,1175,bash,0,fcntl,3.750
457.128861786,124.405768688,1175,bash,0,close,4.138
457.129674072,124.406580974,1175,bash,0,openat,53.492
457.130069055,124.406975957,1175,bash,0,fcntl,2.840
457.131383764,124.408290666,1175,bash,0,fcntl,5.684
457.132821305,124.409728207,1175,bash,0,fcntl,1.765
457.133014295,124.409921197,1175,bash,0,fcntl,1.650
457.133425737,124.410332639,1175,bash,0,dup2,2.054
457.133603828,124.410510730,1175,bash,0,close,1.867
457.133780201,124.410687103,1175,bash,0,write,17.998
457.134237887,124.411144789,1175,bash,0,dup2,1.741
457.134416696,124.411323598,1175,bash,0,fcntl,1.314
457.134742138,124.411649040,1175,bash,0,close,2.673
457.135545533,124.412452435,1175,bash,0,openat,50.623
457.135937668,124.412844570,1175,bash,0,fcntl,2.860
457.136705242,124.413612144,1175,bash,0,fcntl,2.859
457.137539595,124.414446497,1175,bash,0,fcntl,2.135
457.137862482,124.414769384,1175,bash,0,fcntl,2.410
457.138590739,124.415497641,1175,bash,0,dup2,3.492
457.138913124,124.415820026,1175,bash,0,close,2.780
457.139962013,124.416868915,1175,bash,0,write,33.883
457.141893742,124.418800644,1175,bash,0,dup2,5.956
457.144006716,124.420913618,1175,bash,0,fcntl,4.012
457.144855222,124.421762124,1175,bash,0,close,4.665
457.145569798,124.422476700,1175,bash,0,openat,56.381
457.145921613,124.422828515,1175,bash,0,fcntl,1.809
457.146813715,124.423720617,1175,bash,0,fcntl,4.979
457.148951882,124.425858784,1175,bash,0,fcntl,3.982
457.150243550,124.427150452,1175,bash,0,fcntl,4.281
457.153626527,124.430533429,1175,bash,0,dup2,8.334
457.154197650,124.431104552,1175,bash,0,close,3.483
457.154727236,124.431634138,1175,bash,0,write,23.407
457.155181081,124.432087983,1175,bash,0,dup2,2.563
457.155369061,124.432275963,1175,bash,0,fcntl,1.989
457.155873033,124.432779935,1175,bash,0,close,5.999
457.158037943,124.434944845,1175,bash,0,openat,65.610
457.160958761,124.437865663,1175,bash,0,fcntl,4.346
457.161915611,124.438822513,1175,bash,0,fcntl,5.251
457.162968322,124.439875224,1175,bash,0,fcntl,4.953
457.165750824,124.442657726,1175,bash,0,fcntl,4.983
457.166917318,124.443824220,1175,bash,0,dup2,3.928
457.167611538,124.444518440,1175,bash,0,close,2.203
457.167792919,124.444699821,1175,bash,0,write,20.540
457.168338245,124.445245147,1175,bash,0,dup2,4.986
457.168670525,124.445577427,1175,bash,0,fcntl,2.953
457.169546756,124.446453658,1175,bash,0,close,4.256
457.170828675,124.447735577,1175,bash,0,openat,68.438
457.172071290,124.448978192,1175,bash,0,fcntl,4.989
457.174763852,124.451670754,1175,bash,0,fcntl,5.626
457.175858309,124.452765211,1175,bash,0,fcntl,3.449
457.176884302,124.453791204,1175,bash,0,fcntl,5.032
457.177957527,124.454864429,1175,bash,0,dup2,4.566
457.178493724,124.455400626,1175,bash,0,close,30.748
457.178739622,124.455646524,1175,bash,0,write,37.520
457.179332791,124.456239693,1175,bash,0,dup2,5.673
457.179691801,124.456598703,1175,bash,0,fcntl,3.332
457.180484525,124.457391427,1175,bash,0,close,3.538
457.180829613,124.457736515,1175,bash,0,openat,49.762
457.181645575,124.458552477,1175,bash,0,fcntl,3.457
457.181967986,124.458874888,1175,bash,0,fcntl,3.797
457.182779784,124.459686686,1175,bash,0,fcntl,3.009
457.183723920,124.460630822,1175,bash,0,fcntl,5.480
457.185066883,124.461973785,1175,bash,0,dup2,3.499
457.186799248,124.463706150,1175,bash,0,close,4.861
457.188979609,124.465886511,1175,bash,0,write,42.759
457.189520519,124.466427421,1175,bash,0,dup2,2.323
457.189968371,124.466875273,1175,bash,0,fcntl,4.350
457.193666274,124.470573176,1175,bash,0,close,4.474
457.194056665,124.470963567,1175,bash,0,openat,57.455
457.194838362,124.471745264,1175,bash,0,fcntl,4.417
457.195650750,124.472557652,1175,bash,0,fcntl,3.887
457.196662096,124.473568998,1175,bash,0,fcntl,3.426
457.197767375,124.474674277,1175,bash,0,fcntl,3.526
457.198843377,124.475750279,1175,bash,0,dup2,5.442
457.199821531,124.476728433,1175,bash,0,close,3.848
457.200735058,124.477641960,1175,bash,0,write,30.463
457.201701447,124.478608349,1175,bash,0,dup2,2.850
457.202423677,124.479330579,1175,bash,0,fcntl,1.982
457.202705231,124.479612133,1175,bash,0,close,6.185
457.203526497,124.480433399,1175,bash,0,openat,40.399
457.203762482,124.480669384,1175,bash,0,fcntl,2.169
457.204016814,124.480923716,1175,bash,0,fcntl,5.011
457.204922729,124.481829631,1175,bash,0,fcntl,1.774
457.205521948,124.482428850,1175,bash,0,fcntl,3.507
457.206541743,124.483448645,1175,bash,0,dup2,4.940
457.206935359,124.483842261,1175,bash,0,close,4.279
457.207935799,124.484842701,1175,bash,0,write,23.179
457.208594930,124.485501832,1175,bash,0,dup2,6.787
457.208850499,124.485757401,1175,bash,0,fcntl,1.813
457.209368531,124.486275433,1175,bash,0,close,4.884
457.210860949,124.487767851,1175,bash,0,openat,192.806
457.213947586,124.490854488,1175,bash,0,fcntl,4.723
457.215958930,124.492865832,1175,bash,0,fcntl,4.841
457.218882525,124.495789427,1175,bash,0,fcntl,4.160
457.221978699,124.498885601,1175,bash,0,fcntl,3.822
457.223770896,124.500677798,1175,bash,0,dup2,6.489
457.224880661,124.501787563,1175,bash,0,close,5.220
457.226902548,124.503809450,1175,bash,0,write,39.837
457.229738293,124.506645195,1175,bash,0,dup2,2.697
457.230872189,124.507779091,1175,bash,0,fcntl,5.004
457.232985433,124.509892335,1175,bash,0,close,4.719
457.235024084,124.511930986,1175,bash,0,openat,67.819
457.237900659,124.514807561,1175,bash,0,fcntl,4.396
457.239913130,124.516820032,1175,bash,0,fcntl,1.691
457.240797128,124.517704030,1175,bash,0,fcntl,4.038
457.242947889,124.519854791,1175,bash,0,fcntl,4.236
457.245845514,124.522752416,1175,bash,0,dup2,5.116
457.247970753,124.524877655,1175,bash,0,close,4.466
457.250828044,124.527734946,1175,bash,0,write,35.365
457.251648461,124.528555363,1175,bash,0,dup2,3.789
457.252463638,124.529370540,1175,bash,0,fcntl,2.451
457.252772933,124.529679835,1175,bash,0,close,3.097
457.253505620,124.530412522,1175,bash,0,openat,47.888
457.253857654,124.530764556,1175,bash,0,fcntl,2.378
457.254549467,124.531456369,1175,bash,0,fcntl,2.550
457.254854760,124.531761662,1175,bash,0,fcntl,2.223
457.255560084,124.532466986,1175,bash,0,fcntl,2.303
457.255864901,124.532771803,1175,bash,0,dup2,3.251
457.256589591,124.533496493,1175,bash,0,close,2.565
457.256900067,124.533806969,1175,bash,0,write,20.470
457.257613480,124.534520382,1175,bash,0,dup2,3.291
457.257922813,124.534829715,1175,bash,0,fcntl,2.398
457.258616194,124.535523096,1175,bash,0,close,2.534
457.258953352,124.535860254,1175,bash,0,openat,34.773
457.259680609,124.536587511,1175,bash,0,fcntl,2.537
457.259984318,124.536891220,1175,bash,0,fcntl,2.597
457.260771361,124.537678263,1175,bash,0,fcntl,2.347
457.261557499,124.538464401,1175,bash,0,fcntl,2.507
457.261872371,124.538779273,1175,bash,0,dup2,3.317
457.262571799,124.539478701,1175,bash,0,close,2.744
457.262881815,124.539788717,1175,bash,0,write,19.848
457.263592042,124.540498944,1175,bash,0,dup2,2.940
457.263902508,124.540809410,1175,bash,0,fcntl,2.111
457.264588517,124.541495419,1175,bash,0,close,2.547
457.264936874,124.541843776,1175,bash,0,openat,39.579
457.265670089,124.542576991,1175,bash,0,fcntl,2.849
457.265976726,124.542883628,1175,bash,0,fcntl,2.732
457.266668863,124.543575765,1175,bash,0,fcntl,2.392
457.266978769,124.543885671,1175,bash,0,fcntl,2.553
457.267709938,124.544616840,1175,bash,0,dup2,3.420
457.268477656,124.545384558,1175,bash,0,close,2.703
457.268792123,124.545699025,1175,bash,0,write,19.717
457.269502565,124.546409467,1175,bash,0,dup2,3.064
457.269813419,124.546720321,1175,bash,0,fcntl,2.222
457.270497949,124.547404851,1175,bash,0,close,2.956
457.270830876,124.547737778,1175,bash,0,openat,31.953
457.271778458,124.548685360,1175,bash,0,fcntl,6.210
457.273970296,124.550877198,1175,bash,0,fcntl,4.782
457.276887082,124.553793984,1175,bash,0,fcntl,4.454
457.278557320,124.555464222,1175,bash,0,fcntl,2.163
457.278755034,124.555661936,1175,bash,0,dup2,2.336
457.278939818,124.555846720,1175,bash,0,close,2.118
457.280024955,124.556931857,1175,bash,0,write,30.738
457.281963974,124.558870876,1175,bash,0,dup2,5.930
457.284910325,124.561817227,1175,bash,0,fcntl,4.355
457.287958229,124.564865131,1175,bash,0,close,5.384
457.290216627,124.567123529,1175,bash,0,openat,74.427
457.291718151,124.568625053,1175,bash,0,fcntl,4.690
457.292695317,124.569602219,1175,bash,0,fcntl,3.011
457.292877956,124.569784858,1175,bash,0,fcntl,1.560
457.293279512,124.570186414,1175,bash,0,fcntl,1.391
457.293452121,124.570359023,1175,bash,0,dup2,2.257
457.293627068,124.570533970,1175,bash,0,close,1.716
457.293808603,124.570715505,1175,bash,0,write,20.528
457.294430256,124.571337158,1175,bash,0,dup2,3.407
457.294760067,124.571666969,1175,bash,0,fcntl,2.575
457.295489625,124.572396527,1175,bash,0,close,2.739
457.295851497,124.572758399,1175,bash,0,openat,58.078
457.296693143,124.573600045,1175,bash,0,fcntl,1.653
457.297497044,124.574403946,1175,bash,0,fcntl,3.090
457.297824083,124.574730985,1175,bash,0,fcntl,2.369
457.298557289,124.575464191,1175,bash,0,fcntl,2.462
457.298880442,124.575787344,1175,bash,0,dup2,3.124
457.299600758,124.576507660,1175,bash,0,close,2.727
457.299928407,124.576835309,1175,bash,0,write,20.440
457.300674075,124.577580977,1175,bash,0,dup2,3.332
457.301501586,124.578408488,1175,bash,0,fcntl,2.943
457.301846569,124.578753471,1175,bash,0,close,2.997
457.302914948,124.579821850,1175,bash,0,openat,58.570
457.305961395,124.582868297,1175,bash,0,fcntl,4.264
457.308905684,124.585812586,1175,bash,0,fcntl,4.557
457.311024545,124.587931447,1175,bash,0,fcntl,4.632
457.313962598,124.590869500,1175,bash,0,fcntl,4.940
457.316891703,124.593798605,1175,bash,0,dup2,7.665
457.318827639,124.595734541,1175,bash,0,close,6.979
457.319895964,124.596802866,1175,bash,0,write,49.292
457.322062920,124.598969822,1175,bash,0,dup2,6.469
457.322651833,124.599558735,1175,bash,0,fcntl,4.594
457.325777476,124.602684378,1175,bash,0,close,5.417
457.328762236,124.605669138,1175,bash,0,openat,74.328
457.331555051,124.608461953,1175,bash,0,fcntl,2.695
457.332491986,124.609398888,1175,bash,0,fcntl,2.016
457.333757126,124.610664028,1175,bash,0,fcntl,4.014
457.334917797,124.611824699,1175,bash,0,fcntl,6.388
457.335482378,124.612389280,1175,bash,0,dup2,3.871
457.335702954,124.612609856,1175,bash,0,close,2.359
457.336757259,124.613664161,1175,bash,0,write,34.510
457.337863312,124.614770214,1175,bash,0,dup2,4.752
457.338672449,124.615579351,1175,bash,0,fcntl,3.261
457.339522445,124.616429347,1175,bash,0,close,3.763
457.339887445,124.616794347,1175,bash,0,openat,127.347
457.340774166,124.617681068,1175,bash,0,fcntl,2.663
457.341500576,124.618407478,1175,bash,0,fcntl,2.992
457.341830606,124.618737508,1175,bash,0,fcntl,2.260
457.343126485,124.620033387,1175,bash,0,fcntl,6.370
457.344763009,124.621669911,1175,bash,0,dup2,3.607
457.349567544,124.626474446,1175,bash,0,close,4.748
457.349833809,124.626740711,1175,bash,0,write,29.317
457.350531724,124.627438626,1175,bash,0,dup2,3.881
457.351269485,124.628176387,1175,bash,0,fcntl,2.289
457.351706769,124.628613671,1175,bash,0,close,6.214
457.352840739,124.629747641,1175,bash,0,openat,77.980
457.355712264,124.632619166,1175,bash,0,fcntl,2.001
457.356546395,124.633453297,1175,bash,0,fcntl,5.158
457.357017810,124.633924712,1175,bash,0,fcntl,4.146
457.359895109,124.636802011,1175,bash,0,fcntl,4.164
457.360915414,124.637822316,1175,bash,0,dup2,5.158
457.361766234,124.638673136,1175,bash,0,close,4.125
457.362715568,124.639622470,1175,bash,0,write,48.772
457.363433832,124.640340734,1175,bash,0,dup2,2.555
457.363624374,124.640531276,1175,bash,0,fcntl,1.967
457.363816262,124.640723164,1175,bash,0,close,2.277
457.364608480,124.641515382,1175,bash,0,openat,99.510
457.365027745,124.641934647,1175,bash,0,fcntl,5.805
457.365312182,124.642219084,1175,bash,0,fcntl,2.099
457.365567311,124.642474213,1175,bash,0,fcntl,2.462
457.365820251,124.642727153,1175,bash,0,fcntl,2.272
457.366636653,124.643543555,1175,bash,0,dup2,5.158
457.367510502,124.644417404,1175,bash,0,close,3.929
457.368698464,124.645605366,1175,bash,0,write,31.482
457.380320575,124.657227477,1175,bash,0,dup2,6.014
457.381479955,124.658386857,1175,bash,0,fcntl,5.456
457.382407862,124.659314764,1175,bash,0,close,6.881
457.384553094,124.661459996,1175,bash,0,openat,77.545
457.386410388,124.663317290,1175,bash,0,fcntl,3.067
457.386887639,124.663794541,1175,bash,0,fcntl,1.690
457.389370057,124.666276959,1175,bash,0,fcntl,1.783
457.389601031,124.666507933,1175,bash,0,fcntl,5.198
457.390764408,124.667671310,1175,bash,0,dup2,3.699
457.391853282,124.668760184,1175,bash,0,close,5.497
457.393563361,124.670470263,1175,bash,0,write,36.333
457.394517336,124.671424238,1175,bash,0,dup2,10.363
457.395469203,124.672376105,1175,bash,0,fcntl,1.764
457.395681533,124.672588435,1175,bash,0,close,2.656
457.395904203,124.672811105,1175,bash,0,openat,43.514
457.396360722,124.673267624,1175,bash,0,fcntl,1.831
457.396564205,124.673471107,1175,bash,0,fcntl,5.314
457.396802901,124.673709803,1175,bash,0,fcntl,1.448
457.397620570,124.674527472,1175,bash,0,fcntl,4.887
457.398924306,124.675831208,1175,bash,0,dup2,6.114
457.401932389,124.678839291,1175,bash,0,close,4.957
457.404052623,124.680959525,1175,bash,0,write,58.461
457.406945228,124.683852130,1175,bash,0,dup2,5.928
457.409399646,124.686306548,1175,bash,0,fcntl,1.527
457.409832195,124.686739097,1175,bash,0,close,4.608
457.412059906,124.688966808,1175,bash,0,openat,59.494
457.414926393,124.691833295,1175,bash,0,fcntl,4.541
457.416925440,124.693832342,1175,bash,0,fcntl,4.622
457.419018460,124.695925362,1175,bash,0,fcntl,3.789
457.421815123,124.698722025,1175,bash,0,fcntl,4.690
457.423952801,124.700859703,1175,bash,0,dup2,6.867
457.425985333,124.702892235,1175,bash,0,close,4.450
457.427783751,124.704690653,1175,bash,0,write,33.972
457.429969131,124.706876033,1175,bash,0,dup2,6.547
457.432862658,124.709769560,1175,bash,0,fcntl,4.126
457.434939446,124.711846348,1175,bash,0,close,5.092
457.437007494,124.713914396,1175,bash,0,openat,45.740
457.441478596,124.718385498,1175,bash,0,fcntl,4.662
457.442828818,124.719735720,1175,bash,0,fcntl,2.277
457.444904082,124.721810984,1175,bash,0,fcntl,3.717
457.447028501,124.723935403,1175,bash,0,fcntl,4.112
457.449950778,124.726857680,1175,bash,0,dup2,6.030
457.452839114,124.729746016,1175,bash,0,close,5.975
457.454531837,124.731438739,1175,bash,0,write,19.505
457.455605552,124.732512454,1175,bash,0,dup2,3.970
457.455908800,124.732815702,1175,bash,0,fcntl,2.110
457.456571299,124.733478201,1175,bash,0,close,2.914
457.456909496,124.733816398,1175,bash,0,openat,38.504
457.457656394,124.734563296,1175,bash,0,fcntl,3.373
457.458026215,124.734933117,1175,bash,0,fcntl,3.216
457.458744349,124.735651251,1175,bash,0,fcntl,2.184
457.459047625,124.735954527,1175,bash,0,fcntl,2.350
457.459756265,124.736663167,1175,bash,0,dup2,3.018
457.460499793,124.737406695,1175,bash,0,close,2.692
457.460817557,124.737724459,1175,bash,0,write,20.538
457.461554382,124.738461284,1175,bash,0,dup2,2.452
457.461844525,124.738751427,1175,bash,0,fcntl,2.629
457.639882564,124.916789466,1179,chrt,0,execve,8.426
457.642485420,124.919392322,1179,chrt,0,execve,13.659
457.643640566,124.920547468,1179,find,0,execve,430.175
457.647327833,124.924234735,1179,find,0,brk,2.534
457.664981148,124.941888050,1179,find,0,access,23.096
457.670023296,124.946930198,1179,find,0,openat,32.677
457.670929054,124.947835956,1179,find,0,fstat,7.004
457.671665104,124.948572006,1179,find,0,mmap,26.696
457.672524185,124.949431087,1179,find,0,close,4.298
457.672902166,124.949809068,1179,find,0,openat,23.978
457.673715905,124.950622807,1179,find,0,read,8.729
457.674531569,124.951438471,1179,find,0,fstat,5.861
457.674853123,124.951760025,1179,find,0,mmap,20.352
457.675605361,124.952512263,1179,find,0,mmap,16.330
457.675927522,124.952834424,1179,find,0,mmap,25.535
457.676631293,124.953538195,1179,find,0,mmap,21.494
457.677424138,124.954331040,1179,find,0,mmap,18.977
457.677685074,124.954591976,1179,find,0,close,5.649
457.678325517,124.955232419,1179,find,0,openat,16.117
457.678533099,124.955440001,1179,find,0,read,5.240
457.678777282,124.955684184,1179,find,0,pread64,5.025
457.679770184,124.956677086,1179,find,0,fstat,5.730
457.680482344,124.957389246,1179,find,0,pread64,5.939
457.680807851,124.957714753,1179,find,0,mmap,32.804
457.681732954,124.958639856,1179,find,0,mmap,28.882
457.682528443,124.959435345,1179,find,0,mmap,25.197
457.682864770,124.959771672,1179,find,0,mmap,21.973
457.683606590,124.960513492,1179,find,0,mmap,11.786
457.683956175,124.960863077,1179,find,0,close,3.416
457.684696794,124.961603696,1179,find,0,mmap,14.342
457.685026300,124.961933202,1179,find,0,syscall_158,2.606
457.685770778,124.962677680,1179,find,0,syscall_218,3.232
457.686449767,124.963356669,1179,find,0,syscall_273,2.130
457.686759834,124.963666736,1179,find,0,syscall_334,3.034
457.687630000,124.964536902,1179,find,0,mprotect,16.026
457.687880890,124.964787792,1179,find,0,mprotect,14.775
457.688450281,124.965357183,1179,find,0,mprotect,19.239
457.688688694,124.965595596,1179,find,0,mprotect,19.915
457.688931456,124.965838358,1179,find,0,syscall_302,2.439
457.689728706,124.966635608,1179,find,0,syscall_318,4.855
457.690051372,124.966958274,1179,find,0,munmap,25.553
457.691010024,124.967916926,1179,find,0,brk,3.784
457.691779711,124.968686613,1179,find,0,brk,15.600
457.692615969,124.969522871,1179,find,0,openat,88.770
457.693603680,124.970510582,1179,find,0,uname,4.666
457.693943947,124.970850849,1179,find,0,ioctl,9.595
457.694696332,124.971603234,1179,find,0,openat,18.108
457.695515611,124.972422513,1179,find,0,openat,28.130
457.695973273,124.972880175,1179,find,0,fstat,8.309
457.696808419,124.973715321,1179,find,0,read,9.426
457.697630454,124.974537356,1179,find,0,read,5.454
457.698051821,124.974958723,1179,find,0,close,5.942
457.698489304,124.975396206,1179,find,0,openat,8.956
457.698688110,124.975595012,1179,find,0,openat,10.085
457.698882120,124.975789022,1179,find,0,fstat,3.226
457.699304302,124.976211204,1179,find,0,mmap,17.797
457.699513126,124.976420028,1179,find,0,close,2.125
457.699712007,124.976618909,1179,find,0,openat,7.908
457.699914951,124.976821853,1179,find,0,openat,10.251
457.700367698,124.977274600,1179,find,0,fstat,3.940
457.700575556,124.977482458,1179,find,0,read,6.155
457.700817940,124.977724842,1179,find,0,read,2.995
457.701324489,124.978231391,1179,find,0,close,5.588
457.701690064,124.978596966,1179,find,0,openat,29.152
457.702747869,124.979654771,1179,find,0,fstat,10.278
457.703796246,124.980703148,1179,find,0,syscall_217,32.410
457.704744126,124.981651028,1179,find,0,openat,27.048
457.705735640,124.982642542,1179,find,0,fstat,9.645
457.706653831,124.983560733,1179,find,0,read,9.540
457.707027590,124.983934492,1179,find,0,read,5.333
457.707892039,124.984798941,1179,find,0,read,7.705
457.708514943,124.985421845,1179,find,0,read,4.473
457.708787907,124.985694809,1179,find,0,read,4.438
457.709425669,124.986332571,1179,find,0,read,4.402
457.709955275,124.986862177,1179,find,0,read,11.758
457.711228236,124.988135138,1179,find,0,read,11.374
457.712477884,124.989384786,1179,find,0,read,10.334
457.712843664,124.989750566,1179,find,0,brk,12.768
457.713899845,124.990806747,1179,find,0,read,15.297
457.717254979,124.994161881,1179,find,0,read,12.766
457.718721383,124.995628285,1179,find,0,read,7.748
457.719460291,124.996367193,1179,find,0,read,4.910
457.719851105,124.996758007,1179,find,0,read,4.195
457.720640966,124.997547868,1179,find,0,read,3.170
457.721892187,124.998799089,1179,find,0,close,15.803
457.725783763,125.002690665,1179,find,0,syscall_217,35.812
457.726482040,125.003388942,1179,find,0,close,7.588
457.726736625,125.003643527,1179,find,0,syscall_202,2.759
457.727215426,125.004122328,1179,find,0,openat,13.901
457.727414893,125.004321795,1179,find,0,openat,10.947
457.727610409,125.004517311,1179,find,0,fstat,3.533
457.727796292,125.004703194,1179,find,0,mmap,22.708
457.728239083,125.005145985,1179,find,0,close,1.523
457.728449233,125.005356135,1179,find,0,openat,6.513
457.728640084,125.005546986,1179,find,0,openat,8.381
457.728850863,125.005757765,1179,find,0,fstat,3.771
457.729543609,125.006450511,1179,find,0,mmap,14.716
457.729849875,125.006756777,1179,find,0,close,2.406
457.730551092,125.007457994,1179,find,0,openat,9.061
457.730867918,125.007774820,1179,find,0,openat,11.709
457.731560449,125.008467351,1179,find,0,fstat,3.614
457.731870314,125.008777216,1179,find,0,mmap,15.111
457.732561565,125.009468467,1179,find,0,close,2.445
457.732881139,125.009788041,1179,find,0,openat,8.488
457.733576899,125.010483801,1179,find,0,openat,11.348
457.733895865,125.010802767,1179,find,0,fstat,3.647
457.734559525,125.011466427,1179,find,0,mmap,12.688
457.734874192,125.011781094,1179,find,0,close,2.450
457.735579806,125.012486708,1179,find,0,openat,9.352
457.735892187,125.012799089,1179,find,0,openat,10.817
457.736540872,125.013447774,1179,find,0,fstat,3.795
457.736848884,125.013755786,1179,find,0,mmap,22.231
457.737424709,125.014331611,1179,find,0,close,2.615
457.737750834,125.014657736,1179,find,0,openat,9.385
457.738505195,125.015412097,1179,find,0,openat,16.005
457.738825977,125.015732879,1179,find,0,fstat,3.702
457.739568111,125.016475013,1179,find,0,close,8.386
457.739881907,125.016788809,1179,find,0,openat,13.410
457.740602908,125.017509810,1179,find,0,fstat,2.301
457.740775655,125.017682557,1179,find,0,mmap,9.545
457.740955806,125.017862708,1179,find,0,close,1.317
457.741359176,125.018266078,1179,find,0,openat,5.644
457.741544929,125.018451831,1179,find,0,openat,6.826
457.741735357,125.018642259,1179,find,0,fstat,2.203
457.741922003,125.018828905,1179,find,0,mmap,8.665
457.742400584,125.019307486,1179,find,0,close,2.780
457.742742048,125.019648950,1179,find,0,openat,10.031
457.743505587,125.020412489,1179,find,0,openat,15.181
457.743831971,125.020738873,1179,find,0,fstat,4.080
457.744548144,125.021455046,1179,find,0,mmap,10.035
457.744727592,125.021634494,1179,find,0,close,1.423
457.744915829,125.021822731,1179,find,0,openat,6.010
457.745337921,125.022244823,1179,find,0,openat,6.878
457.745514044,125.022420946,1179,find,0,fstat,2.232
457.745787846,125.022694748,1179,find,0,mmap,14.022
457.746574019,125.023480921,1179,find,0,close,2.441
457.746905153,125.023812055,1179,find,0,openat,9.435
457.747617036,125.024523938,1179,find,0,openat,12.927
457.747935029,125.024841931,1179,find,0,fstat,3.862
457.748651220,125.025558122,1179,find,0,mmap,17.877
457.748994772,125.025901674,1179,find,0,close,3.722
457.749729140,125.026636042,1179,find,0,openat,11.966
457.750494229,125.027401131,1179,find,0,openat,17.336
457.750821654,125.027728556,1179,find,0,fstat,4.469
457.751390734,125.028297636,1179,find,0,mmap,27.036
457.751691475,125.028598377,1179,find,0,close,1.985
457.752046532,125.028953434,1179,find,0,syscall_302,1.924
457.752238908,125.029145810,1179,find,0,mmap,8.998
457.752736588,125.029643490,1179,find,0,newfstatat,9.033
457.752925561,125.029832463,1179,find,0,openat,7.374
457.753320247,125.030227149,1179,find,0,fstat,1.964
457.753493434,125.030400336,1179,find,0,fcntl,2.139
457.753750637,125.030657539,1179,find,0,fcntl,2.397
457.754533847,125.031440749,1179,find,0,fstat,4.883
457.754862855,125.031769757,1179,find,0,syscall_138,4.334
457.755569928,125.032476830,1179,find,0,fcntl,3.468
457.755878659,125.032785561,1179,find,0,syscall_217,48.793
457.756649151,125.033556053,1179,find,0,syscall_217,3.795
457.756959219,125.033866121,1179,find,0,close,3.823
457.757661401,125.034568303,1179,find,0,fcntl,3.161
457.757986198,125.034893100,1179,find,0,mmap,18.542
457.758732899,125.035639801,1179,find,0,rt_sigaction,4.437
457.759518354,125.036425256,1179,find,0,rt_sigprocmask,3.235
457.759840990,125.036747892,1179,find,0,clone,157.504
457.760728029,125.037634931,1179,find,0,rt_sigprocmask,2.776
457.761526353,125.038433255,1180,find,0,syscall_273,1.331
457.761871449,125.038778351,1180,find,0,rt_sigprocmask,2.646
457.762597528,125.039504430,1180,find,0,syscall_81,5.410
457.762940802,125.039847704,1180,find,0,execve,17.918
457.763666508,125.040573410,1180,find,0,execve,12.624
457.763984248,125.040891150,1180,cat,0,execve,296.107
457.765035712,125.041942614,1180,cat,0,brk,2.660
457.773882808,125.050789710,1180,cat,0,access,16.419
457.775031792,125.051938694,1180,cat,0,openat,16.431
457.776964034,125.053870936,1180,cat,0,fstat,8.874
457.778832408,125.055739310,1180,cat,0,mmap,27.188
457.779729459,125.056636361,1180,cat,0,close,6.563
457.780558853,125.057465755,1180,cat,0,openat,22.491
457.781360627,125.058267529,1180,cat,0,read,11.606
457.781940674,125.058847576,1180,cat,0,pread64,8.155
457.783682201,125.060589103,1180,cat,0,fstat,4.308
457.783884573,125.060791475,1180,cat,0,mmap,15.148
457.785886718,125.062793620,1180,cat,0,pread64,4.713
457.786847776,125.063754678,1180,cat,0,mmap,32.962
457.787538866,125.064445768,1180,cat,0,mmap,19.022
457.787823125,125.064730027,1180,cat,0,mmap,21.161
457.788505631,125.065412533,1180,cat,0,mmap,25.278
457.788822381,125.065729283,1180,cat,0,mmap,8.038
457.790024052,125.066930954,1180,cat,0,close,5.284
457.791816691,125.068723593,1180,cat,0,mmap,7.197
457.792903443,125.069810345,1180,cat,0,syscall_158,4.248
457.794981816,125.071888718,1180,cat,0,syscall_218,4.332
457.796756141,125.073663043,1180,cat,0,syscall_273,1.936
457.797380448,125.074287350,1180,cat,0,syscall_334,1.535
457.797659664,125.074566566,1180,cat,0,mprotect,18.522
457.797895730,125.074802632,1180,cat,0,mprotect,22.765
457.798370241,125.075277143,1180,cat,0,mprotect,15.848
457.798609765,125.075516667,1180,cat,0,syscall_302,2.206
457.798814858,125.075721760,1180,cat,0,syscall_318,3.035
457.799234352,125.076141254,1180,cat,0,munmap,16.617
457.799455955,125.076362857,1180,cat,0,brk,1.697
457.799629917,125.076536819,1180,cat,0,brk,6.430
457.799887140,125.076794042,1180,cat,0,openat,18.430
457.800680409,125.077587311,1180,cat,0,openat,20.565
457.801500918,125.078407820,1180,cat,0,fstat,6.069
457.801838144,125.078745046,1180,cat,0,read,8.203
457.802569111,125.079476013,1180,cat,0,read,4.679
457.802881127,125.079788029,1180,cat,0,close,7.205
457.803591902,125.080498804,1180,cat,0,openat,9.221
457.803893139,125.080800041,1180,cat,0,openat,16.876
457.804603288,125.081510190,1180,cat,0,fstat,4.697
457.804909297,125.081816199,1180,cat,0,mmap,25.900
457.805623575,125.082530477,1180,cat,0,close,3.276
457.805873015,125.082779917,1180,cat,0,openat,7.633
457.806380181,125.083287083,1180,cat,0,openat,11.270
457.806593389,125.083500291,1180,cat,0,fstat,3.754
457.806799056,125.083705958,1180,cat,0,read,5.775
457.807016497,125.083923399,1180,cat,0,read,2.604
457.807429633,125.084336535,1180,cat,0,close,4.559
457.807622910,125.084529812,1180,cat,0,openat,10.900
457.807885818,125.084792720,1180,cat,0,fstat,5.467
457.808755965,125.085662867,1180,cat,0,syscall_217,15.451
457.808960276,125.085867178,1180,cat,0,openat,12.946
457.809363477,125.086270379,1180,cat,0,fstat,2.380
457.809542999,125.086449901,1180,cat,0,read,3.853
457.809752604,125.086659506,1180,cat,0,read,3.007
457.809997095,125.086903997,1180,cat,0,read,5.236
457.810808420,125.087715322,1180,cat,0,read,6.877
457.811433748,125.088340650,1180,cat,0,read,3.313
457.811676477,125.088583379,1180,cat,0,read,3.461
457.812004623,125.088911525,1180,cat,0,read,2.971
457.812667965,125.089574867,1180,cat,0,read,4.448
457.812985468,125.089892370,1180,cat,0,read,3.066
457.813440578,125.090347480,1180,cat,0,brk,10.426
457.813665116,125.090572018,1180,cat,0,read,3.212
457.813934098,125.090841000,1180,cat,0,read,3.149
457.814600070,125.091506972,1180,cat,0,read,4.837
457.815111590,125.092018492,1180,cat,0,read,4.981
457.816004404,125.092911306,1180,cat,0,read,4.842
457.816737238,125.093644140,1180,cat,0,read,3.225
457.817518445,125.094425347,1180,cat,0,close,9.246
457.817835373,125.094742275,1180,cat,0,syscall_217,17.222
457.818540143,125.095447045,1180,cat,0,close,7.213
457.818940331,125.095847233,1180,cat,0,syscall_202,4.195
457.819881846,125.096788748,1180,cat,0,openat,23.072
457.821041309,125.097948211,1180,cat,0,openat,12.179
457.823925332,125.100832234,1180,cat,0,fstat,7.528
457.825794369,125.102701271,1180,cat,0,mmap,23.000
457.826761376,125.103668278,1180,cat,0,close,2.459
457.827801424,125.104708326,1180,cat,0,openat,7.940
457.828953635,125.105860537,1180,cat,0,openat,26.115
457.830662601,125.107569503,1180,cat,0,fstat,6.775
457.831561132,125.108468034,1180,cat,0,mmap,18.267
457.831771046,125.108677948,1180,cat,0,close,2.093
457.833056975,125.109963877,1180,cat,0,openat,24.670
457.833722019,125.110628921,1180,cat,0,openat,12.782
457.834264273,125.111171175,1180,cat,0,fstat,4.488
457.834528403,125.111435305,1180,cat,0,mmap,72.556
457.834794296,125.111701198,1180,cat,0,close,2.204
457.835517604,125.112424506,1180,cat,0,openat,7.891
457.835850067,125.112756969,1180,cat,0,openat,9.766
457.836301173,125.113208075,1180,cat,0,fstat,2.421
457.836543733,125.113450635,1180,cat,0,mmap,13.265
457.836798892,125.113705794,1180,cat,0,close,2.081
457.837541348,125.114448250,1180,cat,0,openat,14.885
457.837873684,125.114780586,1180,cat,0,openat,13.447
457.838602258,125.115509160,1180,cat,0,fstat,4.084
457.838927221,125.115834123,1180,cat,0,mmap,16.820
457.839662539,125.116569441,1180,cat,0,close,2.686
457.839996765,125.116903667,1180,cat,0,openat,8.496
457.840720571,125.117627473,1180,cat,0,openat,14.540
457.841699929,125.118606831,1180,cat,0,fstat,7.357
457.842493941,125.119400843,1180,cat,0,close,7.150
457.842722216,125.119629118,1180,cat,0,openat,10.379
457.843240132,125.120147034,1180,cat,0,fstat,4.188
457.843418602,125.120325504,1180,cat,0,mmap,11.403
457.843600294,125.120507196,1180,cat,0,close,1.374
457.843787457,125.120694359,1180,cat,0,openat,5.800
457.844215502,125.121122404,1180,cat,0,openat,7.125
457.844391932,125.121298834,1180,cat,0,fstat,2.188
457.844569964,125.121476866,1180,cat,0,mmap,7.106
457.844745832,125.121652734,1180,cat,0,close,1.425
457.844937564,125.121844466,1180,cat,0,openat,4.703
457.845328469,125.122235371,1180,cat,0,openat,6.269
457.845502609,125.122409511,1180,cat,0,fstat,1.944
457.845675161,125.122582063,1180,cat,0,mmap,7.003
457.845850500,125.122757402,1180,cat,0,close,1.268
457.846271906,125.123178808,1180,cat,0,openat,4.509
457.846534906,125.123441808,1180,cat,0,openat,10.412
457.846855355,125.123762257,1180,cat,0,fstat,3.383
457.847539595,125.124446497,1180,cat,0,mmap,16.544
457.847859286,125.124766188,1180,cat,0,close,2.275
457.848553446,125.125460348,1180,cat,0,openat,7.993
457.848864275,125.125771177,1180,cat,0,openat,10.767
457.849658273,125.126565175,1180,cat,0,fstat,6.057
457.850610582,125.127517484,1180,cat,0,mmap,10.027
457.850809797,125.127716699,1180,cat,0,close,1.838
457.851018145,125.127925047,1180,cat,0,openat,7.503
457.851527047,125.128433949,1180,cat,0,openat,18.779
457.852577278,125.129484180,1180,cat,0,fstat,4.496
457.852927220,125.129834122,1180,cat,0,mmap,30.990
457.853594676,125.130501578,1180,cat,0,close,2.492
457.853816083,125.130722985,1180,cat,0,fstat,3.226
457.854513788,125.131420690,1180,cat,0,openat,16.003
457.854717988,125.131624890,1180,cat,0,fstat,2.803
457.854898743,125.131805645,1180,cat,0,syscall_221,1.750
457.855299379,125.132206281,1180,cat,0,mmap,10.516
457.855509032,125.132415934,1180,cat,0,read,9.254
457.855829712,125.132736614,1180,cat,0,write,4.122
457.856608941,125.133515843,1180,cat,0,read,5.362
457.856956430,125.133863332,1180,cat,0,munmap,21.742
457.857726760,125.134633662,1180,cat,0,close,7.809
457.858541307,125.135448209,1180,cat,0,close,2.840
457.858883492,125.135790394,1180,cat,0,close,3.987
457.761478258,125.038385160,1179,find,0,wait4,98363.767
457.860749295,125.137656197,1179,find,0,rt_sigprocmask,3.759
457.861603473,125.138510375,1179,find,0,clone,245.337
457.862793738,125.139700640,1179,find,0,rt_sigprocmask,2.346
457.863489932,125.140396834,1181,find,0,syscall_273,0.974
457.863683209,125.140590111,1181,find,0,rt_sigprocmask,1.229
457.863910574,125.140817476,1181,find,0,syscall_81,3.418
457.865705581,125.142612483,1181,find,0,execve,13.632
457.866369985,125.143276887,1181,find,0,execve,7.406
457.866604232,125.143511134,1181,cat,0,execve,265.486
457.867701901,125.144608803,1181,cat,0,brk,4.600
457.876479053,125.153385955,1181,cat,0,access,14.195
457.876722638,125.153629540,1181,cat,0,openat,31.200
457.877837504,125.154744406,1181,cat,0,fstat,4.637
457.878617040,125.155523942,1181,cat,0,mmap,17.492
457.878960199,125.155867101,1181,cat,0,close,2.829
457.879419426,125.156326328,1181,cat,0,openat,17.905
457.879624804,125.156531706,1181,cat,0,read,5.223
457.879805919,125.156712821,1181,cat,0,pread64,3.040
457.880262847,125.157169749,1181,cat,0,fstat,2.674
457.880444389,125.157351291,1181,cat,0,mmap,10.394
457.880659803,125.157566705,1181,cat,0,pread64,3.273
457.881836053,125.158742955,1181,cat,0,mmap,27.738
457.882757491,125.159664393,1181,cat,0,mmap,43.799
457.883622065,125.160528967,1181,cat,0,mmap,15.706
457.883812750,125.160719652,1181,cat,0,mmap,17.130
457.884018088,125.160924990,1181,cat,0,mmap,7.011
457.884437011,125.161343913,1181,cat,0,close,2.280
457.884631839,125.161538741,1181,cat,0,mmap,7.526
457.884819350,125.161726252,1181,cat,0,syscall_158,1.762
457.885326835,125.162233737,1181,cat,0,syscall_218,1.758
457.885509728,125.162416630,1181,cat,0,syscall_273,1.349
457.885757511,125.162664413,1181,cat,0,syscall_334,2.731
457.886761049,125.163667951,1181,cat,0,mprotect,19.606
457.887539002,125.164445904,1181,cat,0,mprotect,15.201
457.887914563,125.164821465,1181,cat,0,mprotect,17.090
457.889833126,125.166740028,1181,cat,0,syscall_302,5.001
457.892117714,125.169024616,1181,cat,0,syscall_318,7.658
457.893827510,125.170734412,1181,cat,0,munmap,21.962
457.894312603,125.171219505,1181,cat,0,brk,1.686
457.894488382,125.171395284,1181,cat,0,brk,7.317
457.894676052,125.171582954,1181,cat,0,openat,11.702
457.894866643,125.171773545,1181,cat,0,openat,10.944
457.895327602,125.172234504,1181,cat,0,fstat,3.352
457.895529332,125.172436234,1181,cat,0,read,5.119
457.895719987,125.172626889,1181,cat,0,read,1.818
457.895934611,125.172841513,1181,cat,0,close,6.979
457.896472810,125.173379712,1181,cat,0,openat,13.596
457.896797399,125.173704301,1181,cat,0,openat,15.504
457.897475692,125.174382594,1181,cat,0,fstat,2.827
457.897684969,125.174591871,1181,cat,0,mmap,29.232
457.898513391,125.175420293,1181,cat,0,close,2.525
457.898708951,125.175615853,1181,cat,0,openat,13.074
457.898904611,125.175811513,1181,cat,0,openat,9.350
457.899313229,125.176220131,1181,cat,0,fstat,2.961
457.899571648,125.176478550,1181,cat,0,read,7.961
457.899973330,125.176880232,1181,cat,0,read,4.300
457.900943544,125.177850446,1181,cat,0,close,11.877
457.901787318,125.178694220,1181,cat,0,openat,25.826
457.902605203,125.179512105,1181,cat,0,fstat,4.827
457.902967127,125.179874029,1181,cat,0,syscall_217,23.463
457.903880997,125.180787899,1181,cat,0,openat,18.544
457.904848203,125.181755105,1181,cat,0,fstat,7.655
457.908027793,125.184934695,1181,cat,0,read,20.325
457.911047720,125.187954622,1181,cat,0,read,6.850
457.912218332,125.189125234,1181,cat,0,read,11.800
457.913230422,125.190137324,1181,cat,0,read,5.203
457.913501141,125.190408043,1181,cat,0,read,3.382
457.913739329,125.190646231,1181,cat,0,read,2.810
457.914841635,125.191748537,1181,cat,0,read,11.301
457.915922116,125.192829018,1181,cat,0,read,11.182
457.919043164,125.195950066,1181,cat,0,read,10.014
457.920991042,125.197897944,1181,cat,0,brk,22.078
457.923990131,125.200897033,1181,cat,0,read,11.457
457.925400966,125.202307868,1181,cat,0,read,6.486
457.925704591,125.202611493,1181,cat,0,read,9.435
457.926461379,125.203368281,1181,cat,0,read,4.921
457.927016702,125.203923604,1181,cat,0,read,4.927
457.928359368,125.205266270,1181,cat,0,read,3.819
457.928552353,125.205459255,1181,cat,0,close,7.905
457.928879814,125.205786716,1181,cat,0,syscall_217,25.522
457.930619105,125.207526007,1181,cat,0,close,6.829
457.931537209,125.208444111,1181,cat,0,syscall_202,4.164
457.931883231,125.208790133,1181,cat,0,openat,16.492
457.932642805,125.209549707,1181,cat,0,openat,18.056
457.933518454,125.210425356,1181,cat,0,fstat,6.142
457.933825753,125.210732655,1181,cat,0,mmap,17.193
457.934243186,125.211150088,1181,cat,0,close,1.757
457.934444521,125.211351423,1181,cat,0,openat,5.956
457.934631824,125.211538726,1181,cat,0,openat,7.196
457.934832658,125.211739560,1181,cat,0,fstat,2.794
457.935461979,125.212368881,1181,cat,0,mmap,27.953
457.936712776,125.213619678,1181,cat,0,close,1.937
457.937564109,125.214471011,1181,cat,0,openat,20.581
457.938803495,125.215710397,1181,cat,0,openat,21.650
457.939396329,125.216303231,1181,cat,0,fstat,6.741
457.940767303,125.217674205,1181,cat,0,mmap,21.069
457.941988599,125.218895501,1181,cat,0,close,5.013
457.943882903,125.220789805,1181,cat,0,openat,15.325
457.944666714,125.221573616,1181,cat,0,openat,16.337
457.945964691,125.222871593,1181,cat,0,fstat,8.769
457.946998942,125.223905844,1181,cat,0,mmap,14.336
457.948873400,125.225780302,1181,cat,0,close,5.540
457.950732469,125.227639371,1181,cat,0,openat,21.877
457.952854859,125.229761761,1181,cat,0,openat,24.042
457.954025655,125.230932557,1181,cat,0,fstat,4.278
457.954915064,125.231821966,1181,cat,0,mmap,27.673
457.955698538,125.232605440,1181,cat,0,close,3.540
457.967355310,125.244262212,1181,cat,0,openat,21.865
457.968414742,125.245321644,1181,cat,0,openat,22.477
457.969508593,125.246415495,1181,cat,0,fstat,6.399
457.970270634,125.247177536,1181,cat,0,close,9.400
457.970476087,125.247382989,1181,cat,0,openat,13.178
457.971180317,125.248087219,1181,cat,0,fstat,8.030
457.972526050,125.249432952,1181,cat,0,mmap,26.136
457.973333651,125.250240553,1181,cat,0,close,3.322
457.973728461,125.250635363,1181,cat,0,openat,13.788
457.974561047,125.251467949,1181,cat,0,openat,16.524
457.975783825,125.252690727,1181,cat,0,fstat,6.853
457.977739834,125.254646736,1181,cat,0,mmap,16.212
457.977943348,125.254850250,1181,cat,0,close,2.101
457.978389656,125.255296558,1181,cat,0,openat,9.489
457.978574731,125.255481633,1181,cat,0,openat,10.099
457.978754266,125.255661168,1181,cat,0,fstat,2.889
457.979148485,125.256055387,1181,cat,0,mmap,10.235
457.979330756,125.256237658,1181,cat,0,close,1.697
457.979514807,125.256421709,1181,cat,0,openat,6.086
457.979695364,125.256602266,1181,cat,0,openat,7.313
457.980606075,125.257512977,1181,cat,0,fstat,8.387
457.981617064,125.258523966,1181,cat,0,mmap,19.162
457.982444580,125.259351482,1181,cat,0,close,2.043
457.982950555,125.259857457,1181,cat,0,openat,18.070
457.983785367,125.260692269,1181,cat,0,openat,10.043
457.984201714,125.261108616,1181,cat,0,fstat,5.721
457.984392317,125.261299219,1181,cat,0,mmap,10.902
457.984659882,125.261566784,1181,cat,0,close,2.496
457.985358990,125.262265892,1181,cat,0,openat,11.578
457.985689189,125.262596091,1181,cat,0,openat,13.678
457.986428979,125.263335881,1181,cat,0,fstat,4.739
457.987258689,125.264165591,1181,cat,0,mmap,12.807
457.987447577,125.264354479,1181,cat,0,close,1.821
457.987655023,125.264561925,1181,cat,0,fstat,3.104
457.987837069,125.264743971,1181,cat,0,openat,12.214
457.988271899,125.265178801,1181,cat,0,fstat,3.324
457.988733630,125.265640532,1181,cat,0,syscall_221,4.968
457.989952872,125.266859774,1181,cat,0,mmap,12.216
457.990635076,125.267541978,1181,cat,0,read,20.989
457.991947619,125.268854521,1181,cat,0,write,5.964
457.994034815,125.270941717,1181,cat,0,read,7.138
457.994975346,125.271882248,1181,cat,0,munmap,16.701
457.995506830,125.272413732,1181,cat,0,close,7.413
457.995690097,125.272596999,1181,cat,0,close,1.650
457.995864656,125.272771558,1181,cat,0,close,1.581
457.863458341,125.140365243,1179,find,0,wait4,133142.751
457.996813353,125.273720255,1179,find,0,rt_sigprocmask,2.165
457.997212778,125.274119680,1179,find,0,clone,85.541
457.997491743,125.274398645,1179,find,0,rt_sigprocmask,1.308
457.997687814,125.274594716,1182,find,0,syscall_273,0.943
457.998499631,125.275406533,1182,find,0,rt_sigprocmask,2.289
457.998836421,125.275743323,1182,find,0,syscall_81,4.379
457.999554658,125.276461560,1182,find,0,execve,15.347
457.999884443,125.276791345,1182,find,0,execve,9.043
458.000587812,125.277494714,1182,cat,0,execve,543.218
458.001626248,125.278533150,1182,cat,0,brk,2.273
458.009054931,125.285961833,1182,cat,0,access,15.987
458.009509779,125.286416681,1182,cat,0,openat,16.345
458.009703565,125.286610467,1182,cat,0,fstat,3.774
458.009882523,125.286789425,1182,cat,0,mmap,20.643
458.010637441,125.287544343,1182,cat,0,close,3.654
458.010955684,125.287862586,1182,cat,0,openat,16.634
458.011631339,125.288538241,1182,cat,0,read,5.192
458.011830296,125.288737198,1182,cat,0,pread64,3.570
458.012956904,125.289863806,1182,cat,0,fstat,7.786
458.015069888,125.291976790,1182,cat,0,mmap,27.185
458.017838641,125.294745543,1182,cat,0,pread64,8.641
458.019687757,125.296594659,1182,cat,0,mmap,22.859
458.019906175,125.296813077,1182,cat,0,mmap,18.827
458.020419820,125.297326722,1182,cat,0,mmap,17.223
458.020628524,125.297535426,1182,cat,0,mmap,46.336
458.022017039,125.298923941,1182,cat,0,mmap,20.539
458.024996535,125.301903437,1182,cat,0,close,6.505
458.027933339,125.304840241,1182,cat,0,mmap,12.688
458.028514605,125.305421507,1182,cat,0,syscall_158,2.160
458.028803922,125.305710824,1182,cat,0,syscall_218,4.118
458.031997578,125.308904480,1182,cat,0,syscall_273,4.089
458.034945282,125.311852184,1182,cat,0,syscall_334,5.868
458.036437956,125.313344858,1182,cat,0,mprotect,17.613
458.036963782,125.313870684,1182,cat,0,mprotect,30.484
458.039025646,125.315932548,1182,cat,0,mprotect,32.295
458.042436143,125.319343045,1182,cat,0,syscall_302,3.973
458.042785475,125.319692377,1182,cat,0,syscall_318,5.233
458.043471260,125.320378162,1182,cat,0,munmap,27.697
458.043859336,125.320766238,1182,cat,0,brk,3.149
458.044556145,125.321463047,1182,cat,0,brk,14.347
458.044837064,125.321743966,1182,cat,0,openat,12.624
458.045253764,125.322160666,1182,cat,0,openat,12.461
458.045445681,125.322352583,1182,cat,0,fstat,4.157
458.700818025,125.977724927,1198,cat,0,access,23.669
458.706042093,125.982948995,1198,cat,0,openat,38.086
458.708743163,125.985650065,1198,cat,0,fstat,6.660
458.709812854,125.986719756,1198,cat,0,mmap,20.145
458.711869138,125.988776040,1198,cat,0,close,8.122
458.712755414,125.989662316,1198,cat,0,openat,16.281
458.713235175,125.990142077,1198,cat,0,read,7.929
458.713934991,125.990841893,1198,cat,0,pread64,43.829
458.714777511,125.991684413,1198,cat,0,fstat,4.750
458.715634648,125.992541550,1198,cat,0,mmap,25.397
458.716608033,125.993514935,1198,cat,0,pread64,3.362
458.717834128,125.994741030,1198,cat,0,mmap,34.248
458.720034487,125.996941389,1198,cat,0,mmap,17.661
458.720559669,125.997466571,1198,cat,0,mmap,28.860
458.720819667,125.997726569,1198,cat,0,mmap,20.763
458.721026960,125.997933862,1198,cat,0,mmap,19.161
458.721602723,125.998509625,1198,cat,0,close,2.481
458.721802729,125.998709631,1198,cat,0,mmap,7.589
458.722742060,125.999648962,1198,cat,0,syscall_158,2.724
458.723746387,126.000653289,1198,cat,0,syscall_218,1.873
458.724599328,126.001506230,1198,cat,0,syscall_273,1.216
458.725021666,126.001928568,1198,cat,0,syscall_334,4.103
458.727770952,126.004677854,1198,cat,0,mprotect,44.494
458.729008453,126.005915355,1198,cat,0,mprotect,27.629
458.730988264,126.007895166,1198,cat,0,mprotect,18.388
458.732643915,126.009550817,1198,cat,0,syscall_302,8.275
458.734029931,126.010936833,1198,cat,0,syscall_318,6.699
458.736841542,126.013748444,1198,cat,0,munmap,93.517
458.738477714,126.015384616,1198,cat,0,brk,4.984
458.738799682,126.015706584,1198,cat,0,brk,7.698
458.740018139,126.016925041,1198,cat,0,openat,23.349
458.741580632,126.018487534,1198,cat,0,openat,35.068
458.742891067,126.019797969,1198,cat,0,fstat,8.205
458.744993215,126.021900117,1198,cat,0,read,11.361
458.747944749,126.024851651,1198,cat,0,read,6.135
458.751947772,126.028854674,1198,cat,0,close,34.838
458.753978822,126.030885724,1198,cat,0,openat,26.680
458.754945241,126.031852143,1198,cat,0,openat,28.305
458.756925934,126.033832836,1198,cat,0,fstat,23.595
458.759886206,126.036793108,1198,cat,0,mmap,70.731
458.762041453,126.038948355,1198,cat,0,close,5.302
458.762649716,126.039556618,1198,cat,0,openat,25.978
458.764886296,126.041793198,1198,cat,0,openat,26.919
458.767781383,126.044688285,1198,cat,0,fstat,6.612
458.769888001,126.046794903,1198,cat,0,read,13.370
458.772973180,126.049880082,1198,cat,0,read,5.939
458.775808800,126.052715702,1198,cat,0,close,10.341
458.777964652,126.054871554,1198,cat,0,openat,23.570
458.780870854,126.057777756,1198,cat,0,fstat,6.828
458.782969021,126.059875923,1198,cat,0,syscall_217,39.240
458.785917368,126.062824270,1198,cat,0,openat,22.185
458.788721158,126.065628060,1198,cat,0,fstat,3.649
458.789944870,126.066851772,1198,cat,0,read,10.643
458.792642707,126.069549609,1198,cat,0,read,10.478
458.793115038,126.070021940,1198,cat,0,read,9.901
458.793738611,126.070645513,1198,cat,0,read,3.740
458.794336641,126.071243543,1198,cat,0,read,3.858
458.794666084,126.071572986,1198,cat,0,read,9.966
458.796215141,126.073122043,1198,cat,0,read,8.900
458.797590647,126.074497549,1198,cat,0,read,3.511
458.798925594,126.075832496,1198,cat,0,read,3.408
458.800041121,126.076948023,1198,cat,0,brk,15.074
458.800868047,126.077774949,1198,cat,0,read,3.882
458.801935759,126.078842661,1198,cat,0,read,9.291
458.805356008,126.082262910,1198,cat,0,read,8.931
458.807164830,126.084071732,1198,cat,0,read,9.217
458.808978859,126.085885761,1198,cat,0,read,8.525
458.811966036,126.088872938,1198,cat,0,read,6.300
458.814767612,126.091674514,1198,cat,0,close,13.285
458.816867899,126.093774801,1198,cat,0,syscall_217,38.796
458.819846847,126.096753749,1198,cat,0,close,11.480
458.822996161,126.099903063,1198,cat,0,syscall_202,7.681
458.825905052,126.102811954,1198,cat,0,openat,24.281
458.828885130,126.105792032,1198,cat,0,openat,27.242
458.831841545,126.108748447,1198,cat,0,fstat,8.163
458.833963140,126.110870042,1198,cat,0,mmap,31.856
458.836933954,126.113840856,1198,cat,0,close,5.388
458.839960710,126.116867612,1198,cat,0,openat,21.429
458.843865461,126.120772363,1198,cat,0,openat,75.717
458.845953051,126.122859953,1198,cat,0,fstat,6.798
458.846867437,126.123774339,1198,cat,0,mmap,29.962
458.847737359,126.124644261,1198,cat,0,close,5.462
458.849078954,126.125985856,1198,cat,0,openat,19.878
458.852981164,126.129888066,1198,cat,0,openat,34.756
458.854821834,126.131728736,1198,cat,0,fstat,5.022
458.856850909,126.133757811,1198,cat,0,mmap,43.024
458.859007976,126.135914878,1198,cat,0,close,5.332
458.860684650,126.137591552,1198,cat,0,openat,28.514
458.862007782,126.138914684,1198,cat,0,openat,21.623
458.862821633,126.139728535,1198,cat,0,fstat,4.730
458.863818168,126.140725070,1198,cat,0,mmap,33.805
458.866933575,126.143840477,1198,cat,0,close,5.427
458.869851550,126.146758452,1198,cat,0,openat,26.744
458.870696506,126.147603408,1198,cat,0,openat,26.640
458.871118204,126.148025106,1198,cat,0,fstat,7.841
458.872955174,126.149862076,1198,cat,0,mmap,44.070
458.874805846,126.151712748,1198,cat,0,close,5.243
458.877710614,126.154617516,1198,cat,0,openat,16.630
458.878674959,126.155581861,1198,cat,0,openat,15.391
458.878872921,126.155779823,1198,cat,0,fstat,3.234
458.881999685,126.158906587,1198,cat,0,close,26.416
458.884911211,126.161818113,1198,cat,0,openat,45.330
458.885867061,126.162773963,1198,cat,0,fstat,3.448
458.886728300,126.163635202,1198,cat,0,mmap,32.723
458.888917394,126.165824296,1198,cat,0,close,9.909
458.891884894,126.168791796,1198,cat,0,openat,16.975
458.892858301,126.169765203,1198,cat,0,openat,20.693
458.894936782,126.171843684,1198,cat,0,fstat,8.822
458.896943339,126.173850241,1198,cat,0,mmap,18.387
458.899898062,126.176804964,1198,cat,0,close,6.031
458.902589301,126.179496203,1198,cat,0,openat,28.281
458.903885918,126.180792820,1198,cat,0,openat,29.134
458.905901034,126.182807936,1198,cat,0,fstat,8.634
458.907928567,126.184835469,1198,cat,0,mmap,32.765
458.909747306,126.186654208,1198,cat,0,close,6.337
458.911839746,126.188746648,1198,cat,0,openat,20.047
458.913956572,126.190863474,1198,cat,0,openat,26.149
458.915919912,126.192826814,1198,cat,0,fstat,7.013
458.917778476,126.194685378,1198,cat,0,mmap,36.084
458.918977225,126.195884127,1198,cat,0,close,5.243
458.921873677,126.198780579,1198,cat,0,openat,16.573
458.923154684,126.200061586,1198,cat,0,openat,40.916
458.924584418,126.201491320,1198,cat,0,fstat,72.943
458.925770460,126.202677362,1198,cat,0,mmap,38.059
458.927921963,126.204828865,1198,cat,0,close,7.189
458.929963077,126.206869979,1198,cat,0,openat,17.474
458.932880229,126.209787131,1198,cat,0,openat,35.958
458.934918468,126.211825370,1198,cat,0,fstat,11.996
458.938002887,126.214909789,1198,cat,0,mmap,50.904
458.939648849,126.216555751,1198,cat,0,close,5.711
458.941015468,126.217922370,1198,cat,0,fstat,7.532
458.943974288,126.220881190,1198,cat,0,openat,39.238
458.946543379,126.223450281,1198,cat,0,fstat,5.810
458.946900331,126.223807233,1198,cat,0,syscall_221,1.798
458.948024547,126.224931449,1198,cat,0,mmap,41.480
458.950042500,126.226949402,1198,cat,0,read,22.521
458.952861336,126.229768238,1198,cat,0,write,6.378
458.953865108,126.230772010,1198,cat,0,read,3.291
458.954669681,126.231576583,1198,cat,0,munmap,74.416
458.955908009,126.232814911,1198,cat,0,close,16.563
458.957034825,126.233941727,1198,cat,0,close,4.650
458.959399024,126.236305926,1198,cat,0,close,2.436
458.584774335,125.861681237,1179,find,0,wait4,375112.755
458.967756594,126.244663496,1179,find,0,rt_sigprocmask,5.491
458.968662550,126.245569452,1179,find,0,clone,361.020
458.969721269,126.246628171,1179,find,0,rt_sigprocmask,1.736
458.969960621,126.246867523,1199,find,0,syscall_273,0.997
458.970423973,126.247330875,1199,find,0,rt_sigprocmask,1.404
458.970619806,126.247526708,1199,find,0,syscall_81,3.578
458.970819833,126.247726735,1199,find,0,execve,12.893
458.971775896,126.248682798,1199,find,0,execve,23.418
458.973941815,126.250848717,1199,cat,0,execve,711.544
458.977632704,126.254539606,1199,cat,0,brk,4.854
459.023168074,126.300074976,1199,cat,0,access,34.555
459.024487529,126.301394431,1199,cat,0,openat,26.217
459.024865205,126.301772107,1199,cat,0,fstat,6.034
459.025933950,126.302840852,1199,cat,0,mmap,51.601
459.029058798,126.305965700,1199,cat,0,close,9.597
459.032684842,126.309591744,1199,cat,0,openat,18.142
459.033428793,126.310335695,1199,cat,0,read,11.770
459.033686911,126.310593813,1199,cat,0,pread64,3.064
459.034876338,126.311783240,1199,cat,0,fstat,9.144
459.037924193,126.314831095,1199,cat,0,mmap,30.089
459.039968128,126.316875030,1199,cat,0,pread64,6.625
459.040378949,126.317285851,1199,cat,0,mmap,14.768
459.041972773,126.318879675,1199,cat,0,mmap,80.339
459.043822737,126.320729639,1199,cat,0,mmap,63.524
459.046937921,126.323844823,1199,cat,0,mmap,62.559
459.050991898,126.327898800,1199,cat,0,mmap,41.722
459.053951486,126.330858388,1199,cat,0,close,10.002
459.055875012,126.332781914,1199,cat,0,mmap,14.923
459.056393181,126.333300083,1199,cat,0,syscall_158,2.440
459.056586592,126.333493494,1199,cat,0,syscall_218,2.190
459.057847895,126.334754797,1199,cat,0,syscall_273,4.547
459.063729995,126.340636897,1199,cat,0,syscall_334,3.718
459.064787429,126.341694331,1199,cat,0,mprotect,36.084
459.067016150,126.343923052,1199,cat,0,mprotect,37.146
459.069978990,126.346885892,1199,cat,0,mprotect,63.218
459.071694059,126.348600961,1199,cat,0,syscall_302,5.870
459.073907296,126.350814198,1199,cat,0,syscall_318,12.043
459.076949073,126.353855975,1199,cat,0,munmap,60.405
459.078735258,126.355642160,1199,cat,0,brk,3.809
459.080883179,126.357790081,1199,cat,0,brk,41.631
459.084187610,126.361094512,1199,cat,0,openat,38.247
459.085849467,126.362756369,1199,cat,0,openat,28.121
459.088978376,126.365885278,1199,cat,0,fstat,7.545
459.092939149,126.369846051,1199,cat,0,read,19.256
459.095017944,126.371924846,1199,cat,0,read,7.395
459.097923190,126.374830092,1199,cat,0,close,23.075
459.100928049,126.377834951,1199,cat,0,openat,41.579
459.103906121,126.380813023,1199,cat,0,openat,17.451
459.104370007,126.381276909,1199,cat,0,fstat,8.487
459.105779934,126.382686836,1199,cat,0,mmap,40.140
459.107976894,126.384883796,1199,cat,0,close,9.347
459.110756886,126.387663788,1199,cat,0,openat,12.253
459.110999611,126.387906513,1199,cat,0,openat,21.820
459.114007510,126.390914412,1199,cat,0,fstat,9.530
459.115567481,126.392474383,1199,cat,0,read,12.754
459.116052963,126.392959865,1199,cat,0,read,6.436
459.117036589,126.393943491,1199,cat,0,close,22.397
459.118716675,126.395623577,1199,cat,0,openat,34.878
459.119971835,126.396878737,1199,cat,0,fstat,7.678
459.120903384,126.397810286,1199,cat,0,syscall_217,26.622
459.121852259,126.398759161,1199,cat,0,openat,25.773
459.122805798,126.399712700,1199,cat,0,fstat,5.805
459.124008212,126.400915114,1199,cat,0,read,9.501
459.125845517,126.402752419,1199,cat,0,read,12.337
459.127163382,126.404070284,1199,cat,0,read,14.602
459.128817786,126.405724688,1199,cat,0,read,15.156
459.131677172,126.408584074,1199,cat,0,read,11.914
459.133036205,126.409943107,1199,cat,0,read,12.027
459.136821236,126.413728138,1199,cat,0,read,13.386
459.139037296,126.415944198,1199,cat,0,read,17.296
459.141024979,126.417931881,1199,cat,0,read,12.566
459.143131208,126.420038110,1199,cat,0,brk,19.140
459.145018930,126.421925832,1199,cat,0,read,13.294
459.146657721,126.423564623,1199,cat,0,read,14.232
459.147718117,126.424625019,1199,cat,0,read,5.723
459.148799764,126.425706666,1199,cat,0,read,6.957
459.150043181,126.426950083,1199,cat,0,read,5.152
459.151565577,126.428472479,1199,cat,0,read,9.117
459.151871722,126.428778624,1199,cat,0,close,10.501
459.152427029,126.429333931,1199,cat,0,syscall_217,29.152
459.152645687,126.429552589,1199,cat,0,close,6.818
459.152902959,126.429809861,1199,cat,0,syscall_202,3.192
459.156039140,126.432946042,1199,cat,0,openat,197.540
459.157363783,126.434270685,1199,cat,0,openat,64.124
459.157834128,126.434741030,1199,cat,0,fstat,6.260
459.160425362,126.437332264,1199,cat,0,mmap,41.745
459.161931510,126.438838412,1199,cat,0,close,7.575
459.164010385,126.440917287,1199,cat,0,openat,20.671
459.164796701,126.441703603,1199,cat,0,openat,20.419
459.165765958,126.442672860,1199,cat,0,fstat,9.926
459.167007353,126.443914255,1199,cat,0,mmap,32.651
459.170028738,126.446935640,1199,cat,0,close,8.004
459.171530772,126.448437674,1199,cat,0,openat,24.984
459.171875797,126.448782699,1199,cat,0,openat,19.254
459.172703979,126.449610881,1199,cat,0,fstat,5.736
459.173523295,126.450430197,1199,cat,0,mmap,27.338
459.173860215,126.450767117,1199,cat,0,close,3.720
459.174541165,126.451448067,1199,cat,0,openat,22.964
459.174887928,126.451794830,1199,cat,0,openat,19.259
459.175670809,126.452577711,1199,cat,0,fstat,5.283
459.176686636,126.453593538,1199,cat,0,mmap,36.267
459.177842352,126.454749254,1199,cat,0,close,5.752
459.178648219,126.455555121,1199,cat,0,openat,18.477
459.179844996,126.456751898,1199,cat,0,openat,31.857
459.182828168,126.459735070,1199,cat,0,fstat,10.935
459.184123998,126.461030900,1199,cat,0,mmap,40.269
459.186822987,126.463729889,1199,cat,0,close,5.775
459.187951943,126.464858845,1199,cat,0,openat,19.254
459.189967166,126.466874068,1199,cat,0,openat,37.096
459.192986642,126.469893544,1199,cat,0,fstat,12.288
459.197066310,126.473973212,1199,cat,0,close,22.402
459.198442838,126.475349740,1199,cat,0,openat,25.643
459.199772542,126.476679444,1199,cat,0,fstat,10.381
459.202888991,126.479795893,1199,cat,0,mmap,43.283
459.205971286,126.482878188,1199,cat,0,close,9.230
459.208981538,126.485888440,1199,cat,0,openat,33.953
459.211909873,126.488816775,1199,cat,0,openat,40.843
459.213974156,126.490881058,1199,cat,0,fstat,12.035
459.216904651,126.493811553,1199,cat,0,mmap,39.112
459.220862731,126.497769633,1199,cat,0,close,7.901
459.224121233,126.501028135,1199,cat,0,openat,33.223
459.225666531,126.502573433,1199,cat,0,openat,34.551
459.226987299,126.503894201,1199,cat,0,fstat,8.744
459.228880852,126.505787754,1199,cat,0,mmap,43.636
459.231980853,126.508887755,1199,cat,0,close,6.541
459.234927233,126.511834135,1199,cat,0,openat,33.017
459.235704656,126.512611558,1199,cat,0,openat,35.990
459.236994919,126.513901821,1199,cat,0,fstat,10.099
459.238866212,126.515773114,1199,cat,0,mmap,40.983
459.240980798,126.517887700,1199,cat,0,close,7.376
459.241898089,126.518804991,1199,cat,0,openat,15.902
459.243041611,126.519948513,1199,cat,0,openat,35.124
459.244790060,126.521696962,1199,cat,0,fstat,5.784
459.245202571,126.522109473,1199,cat,0,mmap,43.414
459.246688782,126.523595684,1199,cat,0,close,6.746
459.247782951,126.524689853,1199,cat,0,openat,25.692
459.249463507,126.526370409,1199,cat,0,openat,16.988
459.250871900,126.527778802,1199,cat,0,fstat,8.433
459.251715679,126.528622581,1199,cat,0,mmap,33.598
459.252920193,126.529827095,1199,cat,0,close,6.234
459.254587488,126.531494390,1199,cat,0,fstat,11.505
459.255703924,126.532610826,1199,cat,0,openat,36.607
459.256777865,126.533684767,1199,cat,0,fstat,4.598
459.257901101,126.534808003,1199,cat,0,syscall_221,2.614
459.259749331,126.536656233,1199,cat,0,mmap,47.286
459.261866205,126.538773107,1199,cat,0,read,26.859
459.263684212,126.540591114,1199,cat,0,write,5.344
459.264513565,126.541420467,1199,cat,0,read,9.336
459.264812190,126.541719092,1199,cat,0,munmap,44.463
459.265772616,126.542679518,1199,cat,0,close,10.960
459.267016141,126.543923043,1199,cat,0,close,5.994
459.267789223,126.544696125,1199,cat,0,close,3.397
458.969926886,126.246833788,1179,find,0,wait4,299041.119
459.271083415,126.547990317,1179,find,0,rt_sigprocmask,7.137
459.271702735,126.548609637,1179,find,0,clone,142.095
459.273716491,126.550623393,1179,find,0,rt_sigprocmask,5.857
459.274845546,126.551752448,1200,find,0,syscall_273,2.660
459.277828942,126.554735844,1200,find,0,rt_sigprocmask,6.633
459.279989341,126.556896243,1200,find,0,syscall_81,11.821
459.280617632,126.557524534,1200,find,0,execve,24.306
459.281971667,126.558878569,1200,find,0,execve,20.225
459.283963070,126.560869972,1200,cat,0,execve,638.540
459.287821106,126.564728008,1200,cat,0,brk,3.048
459.302551600,126.579458502,1200,cat,0,access,17.985
459.302871324,126.579778226,1200,cat,0,openat,20.967
459.303467896,126.580374798,1200,cat,0,fstat,5.313
459.303720766,126.580627668,1200,cat,0,mmap,27.541
459.304959606,126.581866508,1200,cat,0,close,3.869
459.305636719,126.582543621,1200,cat,0,openat,21.961
459.305952941,126.582859843,1200,cat,0,read,12.113
459.307004821,126.583911723,1200,cat,0,pread64,8.921
459.307973849,126.584880751,1200,cat,0,fstat,4.438
459.308437861,126.585344763,1200,cat,0,mmap,20.088
459.308671521,126.585578423,1200,cat,0,pread64,4.881
459.308875037,126.585781939,1200,cat,0,mmap,15.614
459.309380960,126.586287862,1200,cat,0,mmap,23.082
459.309620581,126.586527483,1200,cat,0,mmap,16.487
459.309846296,126.586753198,1200,cat,0,mmap,20.350
459.310503564,126.587410466,1200,cat,0,mmap,22.147
459.310871417,126.587778319,1200,cat,0,close,3.030
459.311700802,126.588607704,1200,cat,0,mmap,13.326
459.311948919,126.588855821,1200,cat,0,syscall_158,5.086
459.313644545,126.590551447,1200,cat,0,syscall_218,2.253
459.313837416,126.590744318,1200,cat,0,syscall_273,1.559
459.314037955,126.590944857,1200,cat,0,syscall_334,1.827
459.314984046,126.591890948,1200,cat,0,mprotect,19.119
459.315520986,126.592427888,1200,cat,0,mprotect,15.710
459.315754861,126.592661763,1200,cat,0,mprotect,19.306
459.316696157,126.593603059,1200,cat,0,syscall_302,2.369
459.317632350,126.594539252,1200,cat,0,syscall_318,3.894
459.317890496,126.594797398,1200,cat,0,munmap,21.834
459.318689578,126.595596480,1200,cat,0,brk,5.499
459.319595100,126.596502002,1200,cat,0,brk,12.245
459.319813126,126.596720028,1200,cat,0,openat,13.994
459.320714272,126.597621174,1200,cat,0,openat,29.055
459.321103838,126.598010740,1200,cat,0,fstat,4.037
459.321817157,126.598724059,1200,cat,0,read,7.435
459.322480192,126.599387094,1200,cat,0,read,8.522
459.322892918,126.599799820,1200,cat,0,close,15.391
459.323785115,126.600692017,1200,cat,0,openat,14.741
459.324692319,126.601599221,1200,cat,0,openat,34.461
459.326571684,126.603478586,1200,cat,0,fstat,7.420
459.326850562,126.603757464,1200,cat,0,mmap,27.947
459.327847059,126.604753961,1200,cat,0,close,3.836
459.328677557,126.605584459,1200,cat,0,openat,18.202
459.329565744,126.606472646,1200,cat,0,openat,29.337
459.329840849,126.606747751,1200,cat,0,fstat,3.836
459.330388806,126.607295708,1200,cat,0,read,6.858
459.330705003,126.607611905,1200,cat,0,read,7.127
459.331482011,126.608388913,1200,cat,0,close,8.663
459.331790349,126.608697251,1200,cat,0,openat,23.783
459.332573777,126.609480679,1200,cat,0,fstat,4.742
459.333632835,126.610539737,1200,cat,0,syscall_217,18.900
459.334924691,126.611831593,1200,cat,0,openat,37.245
459.335913845,126.612820747,1200,cat,0,fstat,5.913
459.337882420,126.614789322,1200,cat,0,read,7.798
459.338514755,126.615421657,1200,cat,0,read,6.531
459.338977057,126.615883959,1200,cat,0,read,4.237
459.340434597,126.617341499,1200,cat,0,read,10.406
459.342042316,126.618949218,1200,cat,0,read,13.394
459.345069138,126.621976040,1200,cat,0,read,11.258
459.346055584,126.622962486,1200,cat,0,read,5.465
459.348046687,126.624953589,1200,cat,0,read,4.748
459.349217963,126.626124865,1200,cat,0,read,4.228
459.350613235,126.627520137,1200,cat,0,brk,22.641
459.351677897,126.628584799,1200,cat,0,read,6.774
459.353300517,126.630207419,1200,cat,0,read,13.584
459.354912838,126.631819740,1200,cat,0,read,13.857
459.357068482,126.633975384,1200,cat,0,read,7.643
459.358990405,126.635897307,1200,cat,0,read,12.441
459.360837663,126.637744565,1200,cat,0,read,4.489
459.361502268,126.638409170,1200,cat,0,close,9.102
459.361881832,126.638788734,1200,cat,0,syscall_217,17.230
459.362346893,126.639253795,1200,cat,0,close,6.698
459.362742743,126.639649645,1200,cat,0,syscall_202,7.120
459.365939026,126.642845928,1200,cat,0,openat,30.326
459.366906500,126.643813402,1200,cat,0,openat,29.632
459.367924383,126.644831285,1200,cat,0,fstat,8.623
459.368757194,126.645664096,1200,cat,0,mmap,23.197
459.369303392,126.646210294,1200,cat,0,close,6.300
459.369950865,126.646857767,1200,cat,0,openat,14.442
459.371635525,126.648542427,1200,cat,0,openat,28.787
459.372577794,126.649484696,1200,cat,0,fstat,7.840
459.373916436,126.650823338,1200,cat,0,mmap,36.732
459.375926665,126.652833567,1200,cat,0,close,7.801
459.377068796,126.653975698,1200,cat,0,openat,15.585
459.379687677,126.656594579,1200,cat,0,openat,37.629
459.380352275,126.657259177,1200,cat,0,fstat,5.204
459.380665842,126.657572744,1200,cat,0,mmap,37.327
459.383015797,126.659922699,1200,cat,0,close,5.687
459.385187580,126.662094482,1200,cat,0,openat,27.693
459.386644103,126.663551005,1200,cat,0,openat,31.032
459.388898945,126.665805847,1200,cat,0,fstat,9.735
459.390999221,126.667906123,1200,cat,0,mmap,42.210
459.392898121,126.669805023,1200,cat,0,close,6.025
459.394003912,126.670910814,1200,cat,0,openat,28.979
459.395811758,126.672718660,1200,cat,0,openat,30.329
459.397895181,126.674802083,1200,cat,0,fstat,8.666
459.400553200,126.677460102,1200,cat,0,mmap,31.858
459.401900709,126.678807611,1200,cat,0,close,6.217
459.402798682,126.679705584,1200,cat,0,openat,23.808
459.404573871,126.681480773,1200,cat,0,openat,18.926
459.404769621,126.681676523,1200,cat,0,fstat,3.209
459.406019380,126.682926282,1200,cat,0,close,15.149
459.408898172,126.685805074,1200,cat,0,openat,27.312
459.409984014,126.686890916,1200,cat,0,fstat,3.965
459.412963810,126.689870712,1200,cat,0,mmap,33.163
459.416012913,126.692919815,1200,cat,0,close,5.053
459.418885650,126.695792552,1200,cat,0,openat,20.843
459.421587337,126.698494239,1200,cat,0,openat,28.816
459.422915269,126.699822171,1200,cat,0,fstat,7.439
459.424838545,126.701745447,1200,cat,0,mmap,31.921
459.426983670,126.703890572,1200,cat,0,close,10.146
459.430021465,126.706928367,1200,cat,0,openat,25.738
459.432852363,126.709759265,1200,cat,0,openat,35.421
459.434960507,126.711867409,1200,cat,0,fstat,9.585
459.437861651,126.714768553,1200,cat,0,mmap,22.348
459.439938843,126.716845745,1200,cat,0,close,5.306
459.441990763,126.718897665,1200,cat,0,openat,21.225
459.444931170,126.721838072,1200,cat,0,openat,27.452
459.448939868,126.725846770,1200,cat,0,fstat,11.788
459.452056349,126.728963251,1200,cat,0,mmap,62.883
459.455953940,126.732860842,1200,cat,0,close,6.513
459.457482319,126.734389221,1200,cat,0,openat,32.206
459.458818917,126.735725819,1200,cat,0,openat,29.530
459.460955927,126.737862829,1200,cat,0,fstat,7.983
459.463843272,126.740750174,1200,cat,0,mmap,41.450
459.465962060,126.742868962,1200,cat,0,close,5.177
459.468840107,126.745747009,1200,cat,0,openat,17.019
459.470991317,126.747898219,1200,cat,0,openat,20.083
459.473892306,126.750799208,1200,cat,0,fstat,7.607
459.475978970,126.752885872,1200,cat,0,mmap,24.084
459.479898406,126.756805308,1200,cat,0,close,9.541
459.482960714,126.759867616,1200,cat,0,fstat,10.141
459.485895856,126.762802758,1200,cat,0,openat,62.690
459.489931971,126.766838873,1200,cat,0,fstat,18.887
459.492847380,126.769754282,1200,cat,0,syscall_221,6.014
459.494952788,126.771859690,1200,cat,0,mmap,45.681
459.496991638,126.773898540,1200,cat,0,read,15.098
459.498917882,126.775824784,1200,cat,0,write,10.714
459.501045674,126.777952576,1200,cat,0,read,13.462
459.502459156,126.779366058,1200,cat,0,munmap,29.102
459.502957342,126.779864244,1200,cat,0,close,11.990
459.504612641,126.781519543,1200,cat,0,close,4.205
459.507062833,126.783969735,1200,cat,0,close,7.510
459.274765921,126.551672823,1179,find,0,wait4,235704.933
459.512051726,126.788958628,1179,find,0,rt_sigprocmask,5.042
459.514841685,126.791748587,1179,find,0,clone,321.643
459.516730300,126.793637202,1179,find,0,rt_sigprocmask,7.762
459.519091185,126.795998087,1201,find,0,syscall_273,1.301
459.521989837,126.798896739,1201,find,0,rt_sigprocmask,6.286
459.524847488,126.801754390,1201,find,0,syscall_81,9.156
459.526998940,126.803905842,1201,find,0,execve,28.164
459.530933868,126.807840770,1201,find,0,execve,31.735
459.533936770,126.810843672,1201,cat,0,execve,491.235
459.536781333,126.813688235,1201,cat,0,brk,4.714
459.583057763,126.859964665,1201,cat,0,access,23.960
459.585906377,126.862813279,1201,cat,0,openat,30.577
459.588013820,126.864920722,1201,cat,0,fstat,8.841
459.589357908,126.866264810,1201,cat,0,mmap,48.886
459.590789296,126.867696198,1201,cat,0,close,6.177
459.593912018,126.870818920,1201,cat,0,openat,31.190
459.595929822,126.872836724,1201,cat,0,read,11.699
459.598865470,126.875772372,1201,cat,0,pread64,13.375
459.601954353,126.878861255,1201,cat,0,fstat,12.955
459.604818208,126.881725110,1201,cat,0,mmap,44.230
459.606992869,126.883899771,1201,cat,0,pread64,19.505
459.609809134,126.886716036,1201,cat,0,mmap,29.988
459.614921664,126.891828566,1201,cat,0,mmap,69.162
459.617809693,126.894716595,1201,cat,0,mmap,38.150
459.619946518,126.896853420,1201,cat,0,mmap,57.511
459.620973309,126.897880211,1201,cat,0,mmap,6.599
459.623902659,126.900809561,1201,cat,0,close,12.333
459.626883416,126.903790318,1201,cat,0,mmap,45.736
459.629831419,126.906738321,1201,cat,0,syscall_158,4.177
459.796861963,127.073768865,1201,cat,0,syscall_218,4.229
459.798897147,127.075804049,1201,cat,0,syscall_273,3.572
459.801803190,127.078710092,1201,cat,0,syscall_334,8.165
459.805007560,127.081914462,1201,cat,0,mprotect,38.018
459.809050246,127.085957148,1201,cat,0,mprotect,31.114
459.809852799,127.086759701,1201,cat,0,mprotect,11.041
459.810934768,127.087841670,1201,cat,0,syscall_302,5.801
459.813990647,127.090897549,1201,cat,0,syscall_318,8.945
459.817320848,127.094227750,1201,cat,0,munmap,17.412
459.817590082,127.094496984,1201,cat,0,brk,4.930
459.818997996,127.095904898,1201,cat,0,brk,21.612
459.821978308,127.098885210,1201,cat,0,openat,33.030
459.823583534,127.100490436,1201,cat,0,openat,24.688
459.824912904,127.101819806,1201,cat,0,fstat,9.760
459.827042198,127.103949100,1201,cat,0,read,15.693
459.829879388,127.106786290,1201,cat,0,read,165.802
459.832829832,127.109736734,1201,cat,0,close,13.392
459.835033006,127.111939908,1201,cat,0,openat,20.747
459.837753114,127.114660016,1201,cat,0,openat,21.524
459.839844184,127.116751086,1201,cat,0,fstat,7.276
459.841597439,127.118504341,1201,cat,0,mmap,48.021
459.843010543,127.119917445,1201,cat,0,close,5.295
459.845928067,127.122834969,1201,cat,0,openat,20.961
459.848048954,127.124955856,1201,cat,0,openat,23.078
459.850730502,127.127637404,1201,cat,0,fstat,144.461
459.852030231,127.128937133,1201,cat,0,read,11.990
459.855163105,127.132070007,1201,cat,0,read,3.215
459.858798286,127.135705188,1201,cat,0,close,20.390
459.860916326,127.137823228,1201,cat,0,openat,56.504
459.862368027,127.139274929,1201,cat,0,fstat,2.343
459.862624021,127.139530923,1201,cat,0,syscall_217,93.752
459.864927807,127.141834709,1201,cat,0,openat,23.714
459.865693261,127.142600163,1201,cat,0,fstat,1.942
459.866884278,127.143791180,1201,cat,0,read,12.476
459.869085121,127.145992023,1201,cat,0,read,8.969
459.873076465,127.149983367,1201,cat,0,read,8.562
459.876129448,127.153036350,1201,cat,0,read,9.644
459.879119325,127.156026227,1201,cat,0,read,9.220
459.883852924,127.160759826,1201,cat,0,read,11.767
459.887040147,127.163947049,1201,cat,0,read,9.244
459.890144479,127.167051381,1201,cat,0,read,9.101
459.894184031,127.171090933,1201,cat,0,read,13.344
459.895801999,127.172708901,1201,cat,0,brk,14.773
459.896840855,127.173747757,1201,cat,0,read,9.978
459.900111284,127.177018186,1201,cat,0,read,9.100
459.904189261,127.181096163,1201,cat,0,read,10.467
459.906091669,127.182998571,1201,cat,0,read,11.044
459.908286273,127.185193175,1201,cat,0,read,17.266
459.909804786,127.186711688,1201,cat,0,read,6.673
459.912872748,127.189779650,1201,cat,0,close,18.420
459.915759471,127.192666373,1201,cat,0,syscall_217,36.999
459.917436175,127.194343077,1201,cat,0,close,5.769
459.917789884,127.194696786,1201,cat,0,syscall_202,3.462
459.918038215,127.194945117,1201,cat,0,openat,13.373
459.918949869,127.195856771,1201,cat,0,openat,30.932
459.920659875,127.197566777,1201,cat,0,fstat,20.369
459.922838889,127.199745791,1201,cat,0,mmap,49.061
459.925641193,127.202548095,1201,cat,0,close,1.774
459.925871002,127.202777904,1201,cat,0,openat,13.060
459.926954578,127.203861480,1201,cat,0,openat,24.288
459.929589750,127.206496652,1201,cat,0,fstat,4.452
459.929802318,127.206709220,1201,cat,0,mmap,12.842
459.930503604,127.207410506,1201,cat,0,close,1.445
459.930700875,127.207607777,1201,cat,0,openat,10.078
459.932887695,127.209794597,1201,cat,0,openat,22.880
459.936867360,127.213774262,1201,cat,0,fstat,11.791
459.937920769,127.214827671,1201,cat,0,mmap,51.035
459.938862436,127.215769338,1201,cat,0,close,7.544
459.939402184,127.216309086,1201,cat,0,openat,14.845
459.939586533,127.216493435,1201,cat,0,openat,12.021
459.939771350,127.216678252,1201,cat,0,fstat,2.231
459.940189984,127.217096886,1201,cat,0,mmap,19.515
459.940510329,127.217417231,1201,cat,0,close,2.265
459.940828771,127.217735673,1201,cat,0,openat,7.810
459.941514930,127.218421832,1201,cat,0,openat,10.227
459.941825041,127.218731943,1201,cat,0,fstat,3.416
459.942506794,127.219413696,1201,cat,0,mmap,11.302
459.942815492,127.219722394,1201,cat,0,close,2.294
459.943505344,127.220412246,1201,cat,0,openat,7.463
459.943817222,127.220724124,1201,cat,0,openat,13.284
459.944133081,127.221039983,1201,cat,0,fstat,3.080
459.944422191,127.221329093,1201,cat,0,close,6.067
459.945827024,127.222733926,1201,cat,0,openat,40.903
459.949943716,127.226850618,1201,cat,0,fstat,10.331
459.955059937,127.231966839,1201,cat,0,mmap,50.986
459.969222476,127.246129378,1201,cat,0,close,4.141
459.969428534,127.246335436,1201,cat,0,openat,20.487
459.970648894,127.247555796,1201,cat,0,openat,15.687
459.970846931,127.247753833,1201,cat,0,fstat,4.891
459.971465810,127.248372712,1201,cat,0,mmap,22.381
459.971771992,127.248678894,1201,cat,0,close,2.656
459.972007309,127.248914211,1201,cat,0,openat,9.130
459.972525855,127.249432757,1201,cat,0,openat,82.268
459.972872062,127.249778964,1201,cat,0,fstat,3.024
459.973618053,127.250524955,1201,cat,0,mmap,21.801
459.975025804,127.251932706,1201,cat,0,close,7.037
459.977977915,127.254884817,1201,cat,0,openat,18.097
459.979875159,127.256782061,1201,cat,0,openat,35.976
459.982068320,127.258975222,1201,cat,0,fstat,5.249
459.982770937,127.259677839,1201,cat,0,mmap,182.267
459.983615547,127.260522449,1201,cat,0,close,1.825
459.983810677,127.260717579,1201,cat,0,openat,6.224
459.984640185,127.261547087,1201,cat,0,openat,21.865
459.985949615,127.262856517,1201,cat,0,fstat,7.892
459.988836158,127.265743060,1201,cat,0,mmap,30.033
459.991909906,127.268816808,1201,cat,0,close,3.388
459.995917535,127.272824437,1201,cat,0,openat,32.211
459.998868333,127.275775235,1201,cat,0,openat,32.121
460.000987285,127.277894187,1201,cat,0,fstat,7.662
460.003990193,127.280897095,1201,cat,0,mmap,38.458
460.006728045,127.283634947,1201,cat,0,close,4.979
460.007886224,127.284793126,1201,cat,0,fstat,7.975
460.010923190,127.287830092,1201,cat,0,openat,39.232
460.012977452,127.289884354,1201,cat,0,fstat,9.702
460.013978817,127.290885719,1201,cat,0,syscall_221,3.340
460.016965802,127.293872704,1201,cat,0,mmap,46.495
460.018710746,127.295617648,1201,cat,0,read,33.982
460.021020204,127.297927106,1201,cat,0,write,7.481
460.023823563,127.300730465,1201,cat,0,read,6.264
460.027913339,127.304820241,1201,cat,0,munmap,40.170
460.029985132,127.306892034,1201,cat,0,close,14.631
460.032890602,127.309797504,1201,cat,0,close,4.763
460.035053172,127.311960074,1201,cat,0,close,4.829
459.519032854,126.795939756,1179,find,0,wait4,518977.446
460.038896512,127.315803414,1179,find,0,rt_sigprocmask,1.977
460.039701732,127.316608634,1179,find,0,clone,192.130
460.042044138,127.318951040,1179,find,0,rt_sigprocmask,4.271
460.044987069,127.321893971,1202,find,0,syscall_273,2.615
460.047755630,127.324662532,1202,find,0,rt_sigprocmask,10.349
460.049719371,127.326626273,1202,find,0,syscall_81,4.841
460.052890232,127.329797134,1202,find,0,execve,26.841
460.055932960,127.332839862,1202,find,0,execve,19.667
460.058836316,127.335743218,1202,cat,0,execve,2274.910
460.063488107,127.340395009,1202,cat,0,brk,4.839
460.095800701,127.372707603,1202,cat,0,access,24.656
460.098968380,127.375875282,1202,cat,0,openat,46.635
460.103927245,127.380834147,1202,cat,0,fstat,10.029
460.106984905,127.383891807,1202,cat,0,mmap,38.537
460.109781710,127.386688612,1202,cat,0,close,3.738
460.110641116,127.387548018,1202,cat,0,openat,33.677
460.112572792,127.389479694,1202,cat,0,read,6.441
460.112771308,127.389678210,1202,cat,0,pread64,2.931
460.113456389,127.390363291,1202,cat,0,fstat,3.353
460.113642505,127.390549407,1202,cat,0,mmap,13.729
460.113848264,127.390755166,1202,cat,0,pread64,3.180
460.114672045,127.391578947,1202,cat,0,mmap,40.383
460.116879576,127.393786478,1202,cat,0,mmap,39.661
460.119612089,127.396518991,1202,cat,0,mmap,27.930
460.122102140,127.399009042,1202,cat,0,mmap,59.212
460.123388173,127.400295075,1202,cat,0,mmap,97.315
460.124867786,127.401774688,1202,cat,0,close,6.612
460.127913749,127.404820651,1202,cat,0,mmap,13.034
460.128533846,127.405440748,1202,cat,0,syscall_158,1.849
460.129875025,127.406781927,1202,cat,0,syscall_218,4.778
460.133964757,127.410871659,1202,cat,0,syscall_273,8.425
460.136547322,127.413454224,1202,cat,0,syscall_334,6.391
460.138039255,127.414946157,1202,cat,0,mprotect,20.244
460.139511222,127.416418124,1202,cat,0,mprotect,44.752
460.141001234,127.417908136,1202,cat,0,mprotect,16.142
460.142951839,127.419858741,1202,cat,0,syscall_302,6.349
460.144942347,127.421849249,1202,cat,0,syscall_318,3.455
460.145375894,127.422282796,1202,cat,0,munmap,21.979
460.145993644,127.422900546,1202,cat,0,brk,4.763
460.148661833,127.425568735,1202,cat,0,brk,26.248
460.150682798,127.427589700,1202,cat,0,openat,19.612
460.150916986,127.427823888,1202,cat,0,openat,16.188
460.151346221,127.428253123,1202,cat,0,fstat,3.677
460.151532008,127.428438910,1202,cat,0,read,5.675
460.151879441,127.428786343,1202,cat,0,read,1.949
460.152600052,127.429506954,1202,cat,0,close,6.327
460.153969757,127.430876659,1202,cat,0,openat,25.588
460.156756837,127.433663739,1202,cat,0,openat,34.274
460.158775593,127.435682495,1202,cat,0,fstat,4.002
460.159875453,127.436782355,1202,cat,0,mmap,42.457
460.160915480,127.437822382,1202,cat,0,close,4.059
460.161927805,127.438834707,1202,cat,0,openat,22.610
460.163752070,127.440658972,1202,cat,0,openat,26.023
460.164970197,127.441877099,1202,cat,0,fstat,7.936
460.167627560,127.444534462,1202,cat,0,read,16.087
460.168768439,127.445675341,1202,cat,0,read,2.333
460.170477333,127.447384235,1202,cat,0,close,12.554
460.171674020,127.448580922,1202,cat,0,openat,19.503
460.172947413,127.449854315,1202,cat,0,fstat,8.028
460.175931964,127.452838866,1202,cat,0,syscall_217,35.077
460.205468561,127.482375463,1202,cat,0,openat,27.518
460.206315379,127.483222281,1202,cat,0,fstat,5.048
460.206527313,127.483434215,1202,cat,0,read,6.540
460.207266406,127.484173308,1202,cat,0,read,5.185
460.207542481,127.484449383,1202,cat,0,read,4.045
460.208081741,127.484988643,1202,cat,0,read,3.473
460.208570493,127.485477395,1202,cat,0,read,3.234
460.208833511,127.485740413,1202,cat,0,read,3.238
460.209120148,127.486027050,1202,cat,0,read,3.156
460.209692754,127.486599656,1202,cat,0,read,4.324
460.209999438,127.486906340,1202,cat,0,read,4.801
460.210579396,127.487486298,1202,cat,0,brk,13.472
460.210859394,127.487766296,1202,cat,0,read,4.370
460.211571339,127.488478241,1202,cat,0,read,5.369
460.211937559,127.488844461,1202,cat,0,read,4.070
460.213029263,127.489936165,1202,cat,0,read,4.804
460.214167807,127.491074709,1202,cat,0,read,9.997
460.216027221,127.492934123,1202,cat,0,read,2.505
460.216477654,127.493384556,1202,cat,0,close,7.958
460.216731346,127.493638248,1202,cat,0,syscall_217,15.963
460.217632566,127.494539468,1202,cat,0,close,12.604
460.218888054,127.495794956,1202,cat,0,syscall_202,6.334
460.219619649,127.496526551,1202,cat,0,openat,14.008
460.219857790,127.496764692,1202,cat,0,openat,13.902
460.220421649,127.497328551,1202,cat,0,fstat,4.328
460.220886106,127.497793008,1202,cat,0,mmap,32.681
460.221884320,127.498791222,1202,cat,0,close,4.897
460.222820434,127.499727336,1202,cat,0,openat,9.189
460.223056071,127.499962973,1202,cat,0,openat,11.170
460.223758553,127.500665455,1202,cat,0,fstat,7.337
460.224862695,127.501769597,1202,cat,0,mmap,18.786
460.225325583,127.502232485,1202,cat,0,close,24.104
460.225551962,127.502458864,1202,cat,0,openat,10.267
460.225733008,127.502639910,1202,cat,0,openat,10.505
460.225929124,127.502836026,1202,cat,0,fstat,3.262
460.226375818,127.503282720,1202,cat,0,mmap,14.145
460.226607482,127.503514384,1202,cat,0,close,1.870
460.226822832,127.503729734,1202,cat,0,openat,7.940
460.227283873,127.504190775,1202,cat,0,openat,12.002
460.227485780,127.504392682,1202,cat,0,fstat,2.810
460.227677930,127.504584832,1202,cat,0,mmap,12.168
460.227883130,127.504790032,1202,cat,0,close,1.804
460.228338073,127.505244975,1202,cat,0,openat,8.063
460.228541649,127.505448551,1202,cat,0,openat,11.110
460.228740662,127.505647564,1202,cat,0,fstat,3.441
460.228919018,127.505825920,1202,cat,0,mmap,14.071
460.229365720,127.506272622,1202,cat,0,close,3.271
460.229578088,127.506484990,1202,cat,0,openat,7.829
460.229773227,127.506680129,1202,cat,0,openat,12.108
460.230283618,127.507190520,1202,cat,0,fstat,4.363
460.230482422,127.507389324,1202,cat,0,close,6.440
460.230712101,127.507619003,1202,cat,0,openat,10.194
460.230915812,127.507822714,1202,cat,0,fstat,2.706
460.231342779,127.508249681,1202,cat,0,mmap,13.961
460.231540808,127.508447710,1202,cat,0,close,1.680
460.231742530,127.508649432,1202,cat,0,openat,6.413
460.231933292,127.508840194,1202,cat,0,openat,7.463
460.232359350,127.509266252,1202,cat,0,fstat,2.480
460.232542956,127.509449858,1202,cat,0,mmap,9.587
460.232744252,127.509651154,1202,cat,0,close,1.697
460.232960161,127.509867063,1202,cat,0,openat,6.510
460.233430790,127.510337692,1202,cat,0,openat,9.927
460.233624076,127.510530978,1202,cat,0,fstat,2.740
460.233815508,127.510722410,1202,cat,0,mmap,12.805
460.234314071,127.511220973,1202,cat,0,close,2.125
460.234518863,127.511425765,1202,cat,0,openat,6.605
460.234712131,127.511619033,1202,cat,0,openat,8.477
460.234904585,127.511811487,1202,cat,0,fstat,2.458
460.235955615,127.512862517,1202,cat,0,mmap,26.201
460.236610081,127.513516983,1202,cat,0,close,2.854
460.236978363,127.513885265,1202,cat,0,openat,24.785
460.238028592,127.514935494,1202,cat,0,openat,14.335
460.239433758,127.516340660,1202,cat,0,fstat,9.426
460.239699595,127.516606497,1202,cat,0,mmap,26.820
460.240814461,127.517721363,1202,cat,0,close,5.079
460.241813031,127.518719933,1202,cat,0,openat,23.998
460.242485001,127.519391903,1202,cat,0,openat,14.286
460.242677676,127.519584578,1202,cat,0,fstat,3.413
460.242922570,127.519829472,1202,cat,0,mmap,15.719
460.243631988,127.520538890,1202,cat,0,close,5.083
460.243919381,127.520826283,1202,cat,0,fstat,3.926
460.244470585,127.521377487,1202,cat,0,openat,18.946
460.244688914,127.521595816,1202,cat,0,fstat,3.219
460.245036109,127.521943011,1202,cat,0,syscall_221,1.959
460.245224414,127.522131316,1202,cat,0,mmap,17.290
460.246259936,127.523166838,1202,cat,0,read,11.505
460.246471015,127.523377917,1202,cat,0,write,3.368
460.246665250,127.523572152,1202,cat,0,read,2.335
460.247143029,127.524049931,1202,cat,0,munmap,17.714
460.247351370,127.524258272,1202,cat,0,close,5.658
460.247551745,127.524458647,1202,cat,0,close,1.923
460.247752351,127.524659253,1202,cat,0,close,2.277
460.044923389,127.321830291,1179,find,0,wait4,203424.447
460.248581521,127.525488423,1179,find,0,rt_sigprocmask,2.524
460.248771562,127.525678464,1179,find,0,clone,100.060
460.249319336,127.526226238,1179,find,0,rt_sigprocmask,1.692
460.249533746,127.526440648,1203,find,0,syscall_273,1.024
460.249733767,127.526640669,1203,find,0,rt_sigprocmask,1.411
460.250185615,127.527092517,1203,find,0,syscall_81,3.632
460.250400311,127.527307213,1203,find,0,execve,13.585
460.250613296,127.527520198,1203,find,0,execve,6.933
460.250803086,127.527709988,1203,cat,0,execve,343.359
460.251642244,127.528549146,1203,cat,0,brk,1.881
460.255891693,127.532798595,1203,cat,0,access,14.386
460.256378842,127.533285744,1203,cat,0,openat,17.099
460.256579419,127.533486321,1203,cat,0,fstat,3.769
460.256768637,127.533675539,1203,cat,0,mmap,18.465
460.257293477,127.534200379,1203,cat,0,close,3.149
460.257512181,127.534419083,1203,cat,0,openat,15.118
460.257711181,127.534618083,1203,cat,0,read,4.989
460.257912840,127.534819742,1203,cat,0,pread64,2.923
460.258385481,127.535292383,1203,cat,0,fstat,3.790
460.258577425,127.535484327,1203,cat,0,mmap,14.701
460.258788448,127.535695350,1203,cat,0,pread64,3.827
460.258978636,127.535885538,1203,cat,0,mmap,13.463
460.259411476,127.536318378,1203,cat,0,mmap,16.719
460.259611579,127.536518481,1203,cat,0,mmap,12.832
460.259816187,127.536723089,1203,cat,0,mmap,22.465
460.260038025,127.536944927,1203,cat,0,mmap,7.455
460.260556413,127.537463315,1203,cat,0,close,2.700
460.260779930,127.537686832,1203,cat,0,mmap,9.925
460.261016668,127.537923570,1203,cat,0,syscall_158,1.871
460.261459162,127.538366064,1203,cat,0,syscall_218,2.238
460.261647200,127.538554102,1203,cat,0,syscall_273,1.297
460.261840252,127.538747154,1203,cat,0,syscall_334,1.687
460.262423968,127.539330870,1203,cat,0,mprotect,16.517
460.262647133,127.539554035,1203,cat,0,mprotect,11.476
460.262863611,127.539770513,1203,cat,0,mprotect,16.128
460.263390553,127.540297455,1203,cat,0,syscall_302,2.481
460.263599459,127.540506361,1203,cat,0,syscall_318,3.020
460.263802794,127.540709696,1203,cat,0,munmap,17.519
460.264038135,127.540945037,1203,cat,0,brk,1.934
460.264460624,127.541367526,1203,cat,0,brk,7.977
460.264667719,127.541574621,1203,cat,0,openat,13.390
460.264873488,127.541780390,1203,cat,0,openat,11.443
460.265352819,127.542259721,1203,cat,0,fstat,4.057
460.265555601,127.542462503,1203,cat,0,read,5.812
460.265764059,127.542670961,1203,cat,0,read,2.115
460.266376877,127.543283779,1203,cat,0,close,5.285
460.266579293,127.543486195,1203,cat,0,openat,10.958
460.266775144,127.543682046,1203,cat,0,openat,9.942
460.266967352,127.543874254,1203,cat,0,fstat,3.144
460.267401501,127.544308403,1203,cat,0,mmap,19.975
460.267605646,127.544512548,1203,cat,0,close,1.683
460.267802258,127.544709160,1203,cat,0,openat,7.336
460.268052479,127.544959381,1203,cat,0,openat,9.766
460.268492249,127.545399151,1203,cat,0,fstat,3.375
460.268692914,127.545599816,1203,cat,0,read,4.978
460.268905423,127.545812325,1203,cat,0,read,2.295
460.269327648,127.546234550,1203,cat,0,close,4.271
460.269516436,127.546423338,1203,cat,0,openat,11.852
460.269710724,127.546617626,1203,cat,0,fstat,2.655
460.269903761,127.546810663,1203,cat,0,syscall_217,15.267
460.270355333,127.547262235,1203,cat,0,openat,9.340
460.270549603,127.547456505,1203,cat,0,fstat,2.520
460.270741071,127.547647973,1203,cat,0,read,4.540
460.270970649,127.547877551,1203,cat,0,read,3.502
460.271451388,127.548358290,1203,cat,0,read,4.138
460.271708981,127.548615883,1203,cat,0,read,3.993
460.272008091,127.548914993,1203,cat,0,read,3.871
460.272502400,127.549409302,1203,cat,0,read,3.933
460.272776785,127.549683687,1203,cat,0,read,3.698
460.273055182,127.549962084,1203,cat,0,read,3.499
460.884716620,128.161623522,1235,cat,0,access,13.335
460.884933137,128.161840039,1235,cat,0,openat,13.884
460.885332410,128.162239312,1235,cat,0,fstat,3.458
460.885542028,128.162448930,1235,cat,0,mmap,22.609
460.885926944,128.162833846,1235,cat,0,close,4.030
460.887301459,128.164208361,1235,cat,0,openat,15.026
460.887740302,128.164647204,1235,cat,0,read,11.158
460.888278281,128.165185183,1235,cat,0,pread64,4.681
460.888615123,128.165522025,1235,cat,0,fstat,11.709
460.889944797,128.166851699,1235,cat,0,mmap,40.006
460.893968068,128.170874970,1235,cat,0,pread64,14.342
460.895984461,128.172891363,1235,cat,0,mmap,44.032
460.898838652,128.175745554,1235,cat,0,mmap,47.311
460.900923252,128.177830154,1235,cat,0,mmap,65.399
460.903832033,128.180738935,1235,cat,0,mmap,86.040
460.906966916,128.183873818,1235,cat,0,mmap,30.157
460.908977387,128.185884289,1235,cat,0,close,5.397
460.911924180,128.188831082,1235,cat,0,mmap,26.728
460.914853948,128.191760850,1235,cat,0,syscall_158,4.538
460.916760357,128.193667259,1235,cat,0,syscall_218,1.776
460.917966988,128.194873890,1235,cat,0,syscall_273,3.696
460.920996479,128.197903381,1235,cat,0,syscall_334,4.461
460.924030491,128.200937393,1235,cat,0,mprotect,36.169
460.926943476,128.203850378,1235,cat,0,mprotect,29.107
460.928919487,128.205826389,1235,cat,0,mprotect,32.956
460.931931622,128.208838524,1235,cat,0,syscall_302,5.271
460.934883286,128.211790188,1235,cat,0,syscall_318,8.183
460.936989664,128.213896566,1235,cat,0,munmap,41.999
460.939018457,128.215925359,1235,cat,0,brk,5.140
460.941852950,128.218759852,1235,cat,0,brk,21.451
460.943987203,128.220894105,1235,cat,0,openat,33.156
460.946901414,128.223808316,1235,cat,0,openat,29.982
460.949042203,128.225949105,1235,cat,0,fstat,9.138
460.951487089,128.228393991,1235,cat,0,read,16.396
460.952274451,128.229181353,1235,cat,0,read,2.759
460.952535981,128.229442883,1235,cat,0,close,10.262
460.952742018,128.229648920,1235,cat,0,openat,18.883
460.953175111,128.230082013,1235,cat,0,openat,14.839
460.954062460,128.230969362,1235,cat,0,fstat,15.509
460.955657300,128.232564202,1235,cat,0,mmap,39.367
460.967810254,128.244717156,1235,cat,0,close,7.592
460.970034546,128.246941448,1235,cat,0,openat,26.534
460.971774148,128.248681050,1235,cat,0,openat,17.949
460.972501420,128.249408322,1235,cat,0,fstat,4.808
460.972818541,128.249725443,1235,cat,0,read,8.023
460.974817780,128.251724682,1235,cat,0,read,8.441
460.976926694,128.253833596,1235,cat,0,close,19.948
460.978972415,128.255879317,1235,cat,0,openat,45.263
460.982574983,128.259481885,1235,cat,0,fstat,11.480
460.983425619,128.260332521,1235,cat,0,syscall_217,29.800
460.984948909,128.261855811,1235,cat,0,openat,49.941
460.987834134,128.264741036,1235,cat,0,fstat,7.491
460.990010546,128.266917448,1235,cat,0,read,12.863
460.995038988,128.271945890,1235,cat,0,read,18.479
460.998071272,128.274978174,1235,cat,0,read,9.085
461.001052075,128.277958977,1235,cat,0,read,8.269
461.006205006,128.283111908,1235,cat,0,read,29.208
461.008021889,128.284928791,1235,cat,0,read,46.195
461.012157392,128.289064294,1235,cat,0,read,11.926
461.013947244,128.290854146,1235,cat,0,read,9.858
461.017111611,128.294018513,1235,cat,0,read,9.261
461.018757987,128.295664889,1235,cat,0,brk,29.447
461.022009389,128.298916291,1235,cat,0,read,18.568
461.026077289,128.302984191,1235,cat,0,read,5.402
461.029357543,128.306264445,1235,cat,0,read,11.477
461.031152999,128.308059901,1235,cat,0,read,9.602
461.036224123,128.313131025,1235,cat,0,read,13.887
461.037742644,128.314649546,1235,cat,0,read,6.607
461.039910852,128.316817754,1235,cat,0,close,20.438
461.041773504,128.318680406,1235,cat,0,syscall_217,15.006
461.043786563,128.320693465,1235,cat,0,close,14.435
461.050043726,128.326950628,1235,cat,0,syscall_202,7.286
461.051942343,128.328849245,1235,cat,0,openat,48.837
461.055488341,128.332395243,1235,cat,0,openat,53.161
461.057015925,128.333922827,1235,cat,0,fstat,14.996
461.058633626,128.335540528,1235,cat,0,mmap,50.710
461.060874176,128.337781078,1235,cat,0,close,7.672
461.063064863,128.339971765,1235,cat,0,openat,27.924
461.066864067,128.343770969,1235,cat,0,openat,50.151
461.069948003,128.346854905,1235,cat,0,fstat,9.308
461.072140266,128.349047168,1235,cat,0,mmap,39.575
461.074791294,128.351698196,1235,cat,0,close,5.131
461.076623478,128.353530380,1235,cat,0,openat,34.379
461.078820154,128.355727056,1235,cat,0,openat,29.265
461.080932536,128.357839438,1235,cat,0,fstat,9.273
461.083830737,128.360737639,1235,cat,0,mmap,45.372
461.086018968,128.362925870,1235,cat,0,close,3.433
461.088959721,128.365866623,1235,cat,0,openat,15.689
461.091860166,128.368767068,1235,cat,0,openat,21.760
461.093204029,128.370110931,1235,cat,0,fstat,7.305
461.094670778,128.371577680,1235,cat,0,mmap,24.735
461.096921617,128.373828519,1235,cat,0,close,14.425
461.099943914,128.376850816,1235,cat,0,openat,43.569
461.102894185,128.379801087,1235,cat,0,openat,24.954
461.105808921,128.382715823,1235,cat,0,fstat,9.197
461.108985820,128.385892722,1235,cat,0,mmap,39.524
461.111941873,128.388848775,1235,cat,0,close,4.895
461.114856919,128.391763821,1235,cat,0,openat,20.226
461.116966110,128.393873012,1235,cat,0,openat,25.380
461.119951094,128.396857996,1235,cat,0,fstat,7.287
461.122887107,128.399794009,1235,cat,0,close,18.044
461.124979898,128.401886800,1235,cat,0,openat,19.903
461.127802589,128.404709491,1235,cat,0,fstat,10.823
461.131931456,128.408838358,1235,cat,0,mmap,52.631
461.136940113,128.413847015,1235,cat,0,close,11.153
461.142027443,128.418934345,1235,cat,0,openat,48.085
461.147009371,128.423916273,1235,cat,0,openat,60.751
461.150886208,128.427793110,1235,cat,0,fstat,9.047
461.153010167,128.429917069,1235,cat,0,mmap,37.600
461.158481001,128.435387903,1235,cat,0,close,7.988
461.160731246,128.437638148,1235,cat,0,openat,31.608
461.162470761,128.439377663,1235,cat,0,openat,32.422
461.163484276,128.440391178,1235,cat,0,fstat,9.803
461.164623888,128.441530790,1235,cat,0,mmap,28.731
461.167557239,128.444464141,1235,cat,0,close,9.024
461.170841994,128.447748896,1235,cat,0,openat,34.371
461.173863870,128.450770772,1235,cat,0,openat,39.828
461.177865064,128.454771966,1235,cat,0,fstat,11.472
461.180571841,128.457478743,1235,cat,0,mmap,58.025
461.182816524,128.459723426,1235,cat,0,close,6.552
461.185123632,128.462030534,1235,cat,0,openat,16.291
461.186779839,128.463686741,1235,cat,0,openat,29.447
461.188971873,128.465878775,1235,cat,0,fstat,7.833
461.191466060,128.468372962,1235,cat,0,mmap,18.030
461.191720595,128.468627497,1235,cat,0,close,1.921
461.192386559,128.469293461,1235,cat,0,openat,7.538
461.192672858,128.469579760,1235,cat,0,openat,9.139
461.193215851,128.470122753,1235,cat,0,fstat,2.698
461.193424916,128.470331818,1235,cat,0,mmap,21.452
461.193690283,128.470597185,1235,cat,0,close,1.470
461.193918492,128.470825394,1235,cat,0,fstat,3.360
461.194408779,128.471315681,1235,cat,0,openat,9.810
461.194662819,128.471569721,1235,cat,0,fstat,2.219
461.195301827,128.472208729,1235,cat,0,syscall_221,1.789
461.195515998,128.472422900,1235,cat,0,mmap,21.758
461.195808655,128.472715557,1235,cat,0,read,9.713
461.196493478,128.473400380,1235,cat,0,write,2.591
461.196740223,128.473647125,1235,cat,0,read,2.114
461.196995820,128.473902722,1235,cat,0,munmap,15.866
461.197592938,128.474499840,1235,cat,0,close,3.276
461.197853442,128.474760344,1235,cat,0,close,2.290
461.198478290,128.475385192,1235,cat,0,close,1.927
460.735821958,128.012728860,1179,find,0,wait4,463090.222
461.199545824,128.476452726,1179,find,0,rt_sigprocmask,4.693
461.199815103,128.476722005,1179,find,0,clone,171.698
461.201874380,128.478781282,1179,find,0,rt_sigprocmask,4.836
461.204145993,128.481052895,1236,find,0,syscall_273,4.428
461.205470245,128.482377147,1236,find,0,rt_sigprocmask,4.515
461.206941886,128.483848788,1236,find,0,syscall_81,10.024
461.209975090,128.486881992,1236,find,0,execve,29.364
461.213007956,128.489914858,1236,find,0,execve,35.576
461.215858197,128.492765099,1236,cat,0,execve,774.868
461.218932496,128.495839398,1236,cat,0,brk,4.505
461.260967233,128.537874135,1236,cat,0,access,26.313
461.264040939,128.540947841,1236,cat,0,openat,39.969
461.265860169,128.542767071,1236,cat,0,fstat,10.324
461.267983223,128.544890125,1236,cat,0,mmap,36.606
461.270972986,128.547879888,1236,cat,0,close,8.351
461.273557713,128.550464615,1236,cat,0,openat,37.661
461.274921906,128.551828808,1236,cat,0,read,14.036
461.277870861,128.554777763,1236,cat,0,pread64,8.117
461.279921266,128.556828168,1236,cat,0,fstat,6.956
461.281811722,128.558718624,1236,cat,0,mmap,25.411
461.282310990,128.559217892,1236,cat,0,pread64,10.437
461.282517497,128.559424399,1236,cat,0,mmap,15.625
461.282708372,128.559615274,1236,cat,0,mmap,22.673
461.283317856,128.560224758,1236,cat,0,mmap,11.833
461.284963532,128.561870434,1236,cat,0,mmap,84.869
461.287951428,128.564858330,1236,cat,0,mmap,22.896
461.290893998,128.567800900,1236,cat,0,close,5.652
461.292833310,128.569740212,1236,cat,0,mmap,40.760
461.295887731,128.572794633,1236,cat,0,syscall_158,4.997
461.297185477,128.574092379,1236,cat,0,syscall_218,4.383
461.297757572,128.574664474,1236,cat,0,syscall_273,3.673
461.300899583,128.577806485,1236,cat,0,syscall_334,3.704
461.304000086,128.580906988,1236,cat,0,mprotect,38.590
461.305630706,128.582537608,1236,cat,0,mprotect,26.414
461.306958868,128.583865770,1236,cat,0,mprotect,30.936
461.309949198,128.586856100,1236,cat,0,syscall_302,5.392
461.312938292,128.589845194,1236,cat,0,syscall_318,8.504
461.315944053,128.592850955,1236,cat,0,munmap,45.670
461.318806001,128.595712903,1236,cat,0,brk,1.786
461.319607730,128.596514632,1236,cat,0,brk,8.270
461.321169900,128.598076802,1236,cat,0,openat,25.761
461.322652920,128.599559822,1236,cat,0,openat,31.896
461.324918641,128.601825543,1236,cat,0,fstat,9.247
461.327995787,128.604902689,1236,cat,0,read,16.023
461.330923985,128.607830887,1236,cat,0,read,6.256
461.333813352,128.610720254,1236,cat,0,close,15.837
461.335998236,128.612905138,1236,cat,0,openat,21.562
461.337580290,128.614487192,1236,cat,0,openat,46.649
461.338926451,128.615833353,1236,cat,0,fstat,9.288
461.340768565,128.617675467,1236,cat,0,mmap,50.975
461.342989342,128.619896244,1236,cat,0,close,5.132
461.345850388,128.622757290,1236,cat,0,openat,25.454
461.347659619,128.624566521,1236,cat,0,openat,46.913
461.349973567,128.626880469,1236,cat,0,fstat,8.167
461.353041699,128.629948601,1236,cat,0,read,14.274
461.355930831,128.632837733,1236,cat,0,read,5.968
461.359036425,128.635943327,1236,cat,0,close,25.551
461.361038144,128.637945046,1236,cat,0,openat,50.972
461.364851818,128.641758720,1236,cat,0,fstat,11.122
461.366985252,128.643892154,1236,cat,0,syscall_217,40.977
461.368769759,128.645676661,1236,cat,0,openat,35.802
461.371009123,128.647916025,1236,cat,0,fstat,8.240
461.374067671,128.650974573,1236,cat,0,read,16.907
461.376985187,128.653892089,1236,cat,0,read,9.444
461.380602923,128.657509825,1236,cat,0,read,5.217
461.382065627,128.658972529,1236,cat,0,read,9.974
461.385052922,128.661959824,1236,cat,0,read,8.945
461.388056161,128.664963063,1236,cat,0,read,111.160
461.390065269,128.666972171,1236,cat,0,read,8.767
461.393126897,128.670033799,1236,cat,0,read,9.995
461.396180794,128.673087696,1236,cat,0,read,9.000
461.399052756,128.675959658,1236,cat,0,brk,12.522
461.401174731,128.678081633,1236,cat,0,read,13.511
461.402886831,128.679793733,1236,cat,0,read,10.419
461.405361376,128.682268278,1236,cat,0,read,9.213
461.407136452,128.684043354,1236,cat,0,read,9.594
461.409065035,128.685971937,1236,cat,0,read,9.378
461.410976124,128.687883026,1236,cat,0,read,7.610
461.413779464,128.690686366,1236,cat,0,close,14.267
461.415889526,128.692796428,1236,cat,0,syscall_217,29.065
461.418807012,128.695713914,1236,cat,0,close,12.142
461.424039911,128.700946813,1236,cat,0,syscall_202,8.630
461.426931583,128.703838485,1236,cat,0,openat,28.289
461.429894571,128.706801473,1236,cat,0,openat,26.345
461.431806095,128.708712997,1236,cat,0,fstat,19.328
461.434014434,128.710921336,1236,cat,0,mmap,47.309
461.436911204,128.713818106,1236,cat,0,close,5.450
461.439076309,128.715983211,1236,cat,0,openat,37.054
461.441967792,128.718874694,1236,cat,0,openat,24.537
461.443764023,128.720670925,1236,cat,0,fstat,7.141
461.446931478,128.723838380,1236,cat,0,mmap,22.367
461.448684734,128.725591636,1236,cat,0,close,4.933
461.450863838,128.727770740,1236,cat,0,openat,18.370
461.451771598,128.728678500,1236,cat,0,openat,7.586
461.452979865,128.729886767,1236,cat,0,fstat,7.303
461.455797468,128.732704370,1236,cat,0,mmap,26.607
461.458586681,128.735493583,1236,cat,0,close,6.762
461.460114384,128.737021286,1236,cat,0,openat,16.000
461.461895583,128.738802485,1236,cat,0,openat,44.085
461.464944240,128.741851142,1236,cat,0,fstat,9.104
461.467847500,128.744754402,1236,cat,0,mmap,43.297
461.470857016,128.747763918,1236,cat,0,close,4.973
461.473654708,128.750561610,1236,cat,0,openat,41.286
461.475853454,128.752760356,1236,cat,0,openat,30.415
461.477975274,128.754882176,1236,cat,0,fstat,8.277
461.479896329,128.756803231,1236,cat,0,mmap,21.158
461.483025561,128.759932463,1236,cat,0,close,12.768
461.486964866,128.763871768,1236,cat,0,openat,37.777
461.490006906,128.766913808,1236,cat,0,openat,34.290
461.491682518,128.768589420,1236,cat,0,fstat,9.979
461.493884161,128.770791063,1236,cat,0,close,17.000
461.494835908,128.771742810,1236,cat,0,openat,19.614
461.495932687,128.772839589,1236,cat,0,fstat,11.648
461.498921720,128.775828622,1236,cat,0,mmap,43.791
461.501864838,128.778771740,1236,cat,0,close,5.743
461.504104505,128.781011407,1236,cat,0,openat,21.727
461.505529292,128.782436194,1236,cat,0,openat,17.098
461.506473427,128.783380329,1236,cat,0,fstat,2.564
461.506646109,128.783553011,1236,cat,0,mmap,8.895
461.507825286,128.784732188,1236,cat,0,close,5.747
461.510616046,128.787522948,1236,cat,0,openat,29.577
461.511968477,128.788875379,1236,cat,0,openat,22.867
461.514894578,128.791801480,1236,cat,0,fstat,7.558
461.518926440,128.795833342,1236,cat,0,mmap,29.021
461.521958642,128.798865544,1236,cat,0,close,8.087
461.523316063,128.800222965,1236,cat,0,openat,28.857
461.523920328,128.800827230,1236,cat,0,openat,23.323
461.525578401,128.802485303,1236,cat,0,fstat,8.075
461.526914055,128.803820957,1236,cat,0,mmap,46.686
461.529834519,128.806741421,1236,cat,0,close,5.461
461.532856045,128.809762947,1236,cat,0,openat,25.385
461.535803519,128.812710421,1236,cat,0,openat,26.317
461.537998590,128.814905492,1236,cat,0,fstat,7.934
461.540954040,128.817860942,1236,cat,0,mmap,36.075
461.542996216,128.819903118,1236,cat,0,close,6.255
461.545915697,128.822822599,1236,cat,0,openat,22.177
461.548842530,128.825749432,1236,cat,0,openat,20.884
461.551675736,128.828582638,1236,cat,0,fstat,18.411
461.553992343,128.830899245,1236,cat,0,mmap,210.196
461.557790656,128.834697558,1236,cat,0,close,8.231
461.560086336,128.836993238,1236,cat,0,fstat,11.491
461.563010452,128.839917354,1236,cat,0,openat,57.474
461.566877485,128.843784387,1236,cat,0,fstat,7.522
461.568979300,128.845886202,1236,cat,0,syscall_221,5.526
461.572841599,128.849748501,1236,cat,0,mmap,33.181
461.574949381,128.851856283,1236,cat,0,read,17.256
461.577756411,128.854663313,1236,cat,0,write,7.605
461.579820402,128.856727304,1236,cat,0,read,8.044
461.581856234,128.858763136,1236,cat,0,munmap,36.315
461.584060778,128.860967680,1236,cat,0,close,15.033
461.586979946,128.863886848,1236,cat,0,close,4.871
461.589772350,128.866679252,1236,cat,0,close,5.213
461.203983349,128.480890251,1179,find,0,wait4,388292.362
461.593732491,128.870639393,1179,find,0,rt_sigprocmask,5.775
461.596873451,128.873780353,1179,find,0,clone,380.169
461.599861659,128.876768561,1179,find,0,rt_sigprocmask,4.875
461.602928575,128.879835477,1237,find,0,syscall_273,2.188
461.606007753,128.882914655,1237,find,0,rt_sigprocmask,4.227
461.609015468,128.885922370,1237,find,0,syscall_81,8.117
461.610689168,128.887596070,1237,find,0,execve,31.154
461.612294371,128.889201273,1237,find,0,execve,16.711
461.612507930,128.889414832,1237,cat,0,execve,193.641
461.612943948,128.889850850,1237,cat,0,brk,1.582
461.619411958,128.896318860,1237,cat,0,access,13.880
461.619624905,128.896531807,1237,cat,0,openat,15.230
461.619817508,128.896724410,1237,cat,0,fstat,3.504
461.619997013,128.896903915,1237,cat,0,mmap,16.583
461.620557143,128.897464045,1237,cat,0,close,3.639
461.620876413,128.897783315,1237,cat,0,openat,15.209
461.621576202,128.898483104,1237,cat,0,read,6.957
461.621883612,128.898790514,1237,cat,0,pread64,4.705
461.622572706,128.899479608,1237,cat,0,fstat,3.656
461.622877090,128.899783992,1237,cat,0,mmap,14.403
461.623585925,128.900492827,1237,cat,0,pread64,4.037
461.623892695,128.900799597,1237,cat,0,mmap,14.774
461.624580525,128.901487427,1237,cat,0,mmap,24.504
461.624904830,128.901811732,1237,cat,0,mmap,19.398
461.625601907,128.902508809,1237,cat,0,mmap,29.433
461.625945435,128.902852337,1237,cat,0,mmap,11.570
461.626655102,128.903562004,1237,cat,0,close,2.505
461.626980230,128.903887132,1237,cat,0,mmap,8.954
461.627704687,128.904611589,1237,cat,0,syscall_158,2.553
461.628008728,128.904915630,1237,cat,0,syscall_218,2.455
461.628691690,128.905598592,1237,cat,0,syscall_273,1.982
461.628994146,128.905901048,1237,cat,0,syscall_334,2.445
461.629456982,128.906363884,1237,cat,0,mprotect,9.753
461.629654174,128.906561076,1237,cat,0,mprotect,7.924
461.629835217,128.906742119,1237,cat,0,mprotect,10.176
461.630029401,128.906936303,1237,cat,0,syscall_302,1.725
461.630554270,128.907461172,1237,cat,0,syscall_318,4.070
461.630865759,128.907772661,1237,cat,0,munmap,20.480
461.631610455,128.908517357,1237,cat,0,brk,2.774
461.631953922,128.908860824,1237,cat,0,brk,9.186
461.632857238,128.909764140,1237,cat,0,openat,11.056
461.633796594,128.910703496,1237,cat,0,openat,8.587
461.633989237,128.910896139,1237,cat,0,fstat,2.047
461.634477323,128.911384225,1237,cat,0,read,14.703
461.635922919,128.912829821,1237,cat,0,read,6.471
461.638008507,128.914915409,1237,cat,0,close,12.969
461.642971847,128.919878749,1237,cat,0,openat,47.520
461.645047078,128.921953980,1237,cat,0,openat,31.110
461.647810500,128.924717402,1237,cat,0,fstat,4.340
461.648922614,128.925829516,1237,cat,0,mmap,35.700
461.649874745,128.926781647,1237,cat,0,close,3.958
461.651832974,128.928739876,1237,cat,0,openat,44.251
461.655871944,128.932778846,1237,cat,0,openat,39.472
461.658886601,128.935793503,1237,cat,0,fstat,9.649
461.663878086,128.940784988,1237,cat,0,read,22.319
461.666873081,128.943779983,1237,cat,0,read,9.208
461.668890667,128.945797569,1237,cat,0,close,21.095
461.670703135,128.947610037,1237,cat,0,openat,43.721
461.673976476,128.950883378,1237,cat,0,fstat,8.944
461.676899004,128.953805906,1237,cat,0,syscall_217,47.443
461.680916548,128.957823450,1237,cat,0,openat,42.090
461.685921891,128.962828793,1237,cat,0,fstat,13.482
461.689070584,128.965977486,1237,cat,0,read,18.095
461.693956159,128.970863061,1237,cat,0,read,16.493
461.696169378,128.973076280,1237,cat,0,read,9.703
461.697760539,128.974667441,1237,cat,0,read,9.314
461.700032321,128.976939223,1237,cat,0,read,9.471
461.703122439,128.980029341,1237,cat,0,read,16.919
461.707075362,128.983982264,1237,cat,0,read,9.187
461.710181171,128.987088073,1237,cat,0,read,9.500
461.711854595,128.988761497,1237,cat,0,read,14.651
461.715027309,128.991934211,1237,cat,0,brk,32.456
461.719003211,128.995910113,1237,cat,0,read,16.630
461.722169698,128.999076600,1237,cat,0,read,4.227
461.724009144,129.000916046,1237,cat,0,read,11.497
461.727214426,129.004121328,1237,cat,0,read,9.352
461.729023560,129.005930462,1237,cat,0,read,8.639
461.732820355,129.009727257,1237,cat,0,read,7.531
461.734840372,129.011747274,1237,cat,0,close,24.292
461.737790423,129.014697325,1237,cat,0,syscall_217,38.542
461.739947850,129.016854752,1237,cat,0,close,11.548
461.742884688,129.019791590,1237,cat,0,syscall_202,4.184
461.745013464,129.021920366,1237,cat,0,openat,35.062
461.968391390,129.245298292,1237,cat,0,openat,43.867
461.970570489,129.247477391,1237,cat,0,fstat,6.878
461.971573683,129.248480585,1237,cat,0,mmap,24.077
461.972251831,129.249158733,1237,cat,0,close,2.371
461.972461908,129.249368810,1237,cat,0,openat,7.854
461.972652004,129.249558906,1237,cat,0,openat,7.784
461.973477802,129.250384704,1237,cat,0,fstat,5.321
461.974446038,129.251352940,1237,cat,0,mmap,15.961
461.974698406,129.251605308,1237,cat,0,close,3.286
461.975354488,129.252261390,1237,cat,0,openat,16.981
461.975676408,129.252583310,1237,cat,0,openat,15.751
461.976395137,129.253302039,1237,cat,0,fstat,4.582
461.976712618,129.253619520,1237,cat,0,mmap,18.093
461.977426757,129.254333659,1237,cat,0,close,2.928
461.977755360,129.254662262,1237,cat,0,openat,11.048
461.978504511,129.255411413,1237,cat,0,openat,12.747
461.978822201,129.255729103,1237,cat,0,fstat,3.693
461.979505535,129.256412437,1237,cat,0,mmap,14.740
461.979820633,129.256727535,1237,cat,0,close,2.616
461.980524568,129.257431470,1237,cat,0,openat,8.778
461.980835547,129.257742449,1237,cat,0,openat,12.493
461.981528816,129.258435718,1237,cat,0,fstat,3.629
461.982466447,129.259373349,1237,cat,0,mmap,12.045
461.982668763,129.259575665,1237,cat,0,close,1.580
461.983362157,129.260269059,1237,cat,0,openat,8.441
461.983550472,129.260457374,1237,cat,0,openat,12.200
461.983733360,129.260640262,1237,cat,0,fstat,2.389
461.984180093,129.261086995,1237,cat,0,close,5.022
461.984359222,129.261266124,1237,cat,0,openat,6.975
461.984681066,129.261587968,1237,cat,0,fstat,3.631
461.985410177,129.262317079,1237,cat,0,mmap,18.455
461.986205757,129.263112659,1237,cat,0,close,2.645
461.986551391,129.263458293,1237,cat,0,openat,9.249
461.986881147,129.263788049,1237,cat,0,openat,11.297
461.987610852,129.264517754,1237,cat,0,fstat,3.529
461.987934784,129.264841686,1237,cat,0,mmap,11.270
461.988657157,129.265564059,1237,cat,0,close,2.399
461.989011734,129.265918636,1237,cat,0,openat,7.698
461.989740052,129.266646954,1237,cat,0,openat,10.820
461.990530331,129.267437233,1237,cat,0,fstat,3.189
461.990852552,129.267759454,1237,cat,0,mmap,12.386
461.991597257,129.268504159,1237,cat,0,close,2.325
461.991942471,129.268849373,1237,cat,0,openat,8.343
461.992705902,129.269612804,1237,cat,0,openat,29.863
461.992925284,129.269832186,1237,cat,0,fstat,3.750
461.993318785,129.270225687,1237,cat,0,mmap,27.830
461.993520156,129.270427058,1237,cat,0,close,2.639
461.993723331,129.270630233,1237,cat,0,openat,7.879
461.993901445,129.270808347,1237,cat,0,openat,7.554
461.994304637,129.271211539,1237,cat,0,fstat,3.059
461.994604397,129.271511299,1237,cat,0,mmap,18.274
461.994943735,129.271850637,1237,cat,0,close,3.432
461.995590953,129.272497855,1237,cat,0,openat,8.024
461.995777355,129.272684257,1237,cat,0,openat,7.339
461.995954533,129.272861435,1237,cat,0,fstat,2.634
461.996339485,129.273246387,1237,cat,0,mmap,16.548
461.996675376,129.273582278,1237,cat,0,close,2.846
461.997494300,129.274401202,1237,cat,0,fstat,4.684
461.997800511,129.274707413,1237,cat,0,openat,13.252
461.998531894,129.275438796,1237,cat,0,fstat,3.579
461.998835405,129.275742307,1237,cat,0,syscall_221,2.744
461.999575316,129.276482218,1237,cat,0,mmap,11.645
461.999903456,129.276810358,1237,cat,0,read,13.955
462.000594975,129.277501877,1237,cat,0,write,3.969
462.000899406,129.277806308,1237,cat,0,read,3.089
462.001654107,129.278561009,1237,cat,0,munmap,22.232
462.001988021,129.278894923,1237,cat,0,close,4.980
462.002823363,129.279730265,1237,cat,0,close,2.536
462.003010048,129.279916950,1237,cat,0,close,2.176
461.602864618,128.879771520,1179,find,0,wait4,400693.331
462.003775798,129.280682700,1179,find,0,rt_sigprocmask,2.272
462.003958361,129.280865263,1179,find,0,clone,83.924
462.004451286,129.281358188,1179,find,0,rt_sigprocmask,1.535
462.004715476,129.281622378,1238,find,0,syscall_273,1.354
462.005574058,129.282480960,1238,find,0,rt_sigprocmask,3.624
462.006539542,129.283446444,1238,find,0,syscall_81,5.287
462.006881472,129.283788374,1238,find,0,execve,13.201
462.007580380,129.284487282,1238,find,0,execve,8.049
462.007891410,129.284798312,1238,cat,0,execve,259.193
462.008879181,129.285786083,1238,cat,0,brk,2.490
462.064016066,129.340922968,1238,cat,0,access,34.731
462.065674171,129.342581073,1238,cat,0,openat,40.771
462.067982011,129.344888913,1238,cat,0,fstat,9.708
462.071849661,129.348756563,1238,cat,0,mmap,43.026
462.074896102,129.351803004,1238,cat,0,close,6.867
462.079002944,129.355909846,1238,cat,0,openat,30.792
462.081958736,129.358865638,1238,cat,0,read,18.955
462.084920431,129.361827333,1238,cat,0,pread64,8.630
462.088853977,129.365760879,1238,cat,0,fstat,8.834
462.092017608,129.368924510,1238,cat,0,mmap,34.376
462.094992470,129.371899372,1238,cat,0,pread64,9.903
462.099036409,129.375943311,1238,cat,0,mmap,36.474
462.101961818,129.378868720,1238,cat,0,mmap,47.742
462.104755491,129.381662393,1238,cat,0,mmap,36.905
462.108007039,129.384913941,1238,cat,0,mmap,71.697
462.110993895,129.387900797,1238,cat,0,mmap,13.683
462.111473095,129.388379997,1238,cat,0,close,5.355
462.112936665,129.389843567,1238,cat,0,mmap,20.247
462.115899044,129.392805946,1238,cat,0,syscall_158,9.715
462.119004152,129.395911054,1238,cat,0,syscall_218,5.730
462.122921586,129.399828488,1238,cat,0,syscall_273,4.771
462.125946040,129.402852942,1238,cat,0,syscall_334,4.780
462.127550496,129.404457398,1238,cat,0,mprotect,20.950
462.128933274,129.405840176,1238,cat,0,mprotect,27.780
462.131901817,129.408808719,1238,cat,0,mprotect,33.546
462.134214700,129.411121602,1238,cat,0,syscall_302,11.843
462.136700116,129.413607018,1238,cat,0,syscall_318,9.000
462.139896551,129.416803453,1238,cat,0,munmap,58.778
462.143115827,129.420022729,1238,cat,0,brk,5.184
462.144598242,129.421505144,1238,cat,0,brk,26.661
462.146844992,129.423751894,1238,cat,0,openat,33.701
462.149924664,129.426831566,1238,cat,0,openat,33.009
462.153881762,129.430788664,1238,cat,0,fstat,9.951
462.156932721,129.433839623,1238,cat,0,read,14.860
462.157556587,129.434463489,1238,cat,0,read,6.526
462.160910617,129.437817519,1238,cat,0,close,13.713
462.164002279,129.440909181,1238,cat,0,openat,21.011
462.167013342,129.443920244,1238,cat,0,openat,25.344
462.170880593,129.447787495,1238,cat,0,fstat,8.559
462.174983602,129.451890504,1238,cat,0,mmap,57.654
462.176645186,129.453552088,1238,cat,0,close,4.757
462.178069141,129.454976043,1238,cat,0,openat,23.217
462.179957013,129.456863915,1238,cat,0,openat,46.674
462.181729725,129.458636627,1238,cat,0,fstat,9.796
462.185052030,129.461958932,1238,cat,0,read,19.648
462.189086119,129.465993021,1238,cat,0,read,63.453
462.190623977,129.467530879,1238,cat,0,close,20.529
462.192945955,129.469852857,1238,cat,0,openat,51.205
462.195958203,129.472865105,1238,cat,0,fstat,9.117
462.199777645,129.476684547,1238,cat,0,syscall_217,14.625
462.199975100,129.476882002,1238,cat,0,openat,8.473
462.201498563,129.478405465,1238,cat,0,fstat,12.308
462.862131237,130.139038139,1247,cat,0,read,19.298
462.872366003,130.149272905,1247,cat,0,read,10.334
462.873983896,130.150890798,1247,cat,0,read,10.972
462.875059037,130.151965939,1247,cat,0,read,7.463
462.875952465,130.152859367,1247,cat,0,read,2.591
462.876549307,130.153456209,1247,cat,0,close,7.394
462.876794339,130.153701241,1247,cat,0,syscall_217,19.297
462.877074716,130.153981618,1247,cat,0,close,10.093
462.878958219,130.155865121,1247,cat,0,syscall_202,7.318
462.879782708,130.156689610,1247,cat,0,openat,20.775
462.880850726,130.157757628,1247,cat,0,openat,29.218
462.883903348,130.160810250,1247,cat,0,fstat,12.956
462.886841786,130.163748688,1247,cat,0,mmap,48.279
462.889559331,130.166466233,1247,cat,0,close,3.158
462.890755246,130.167662148,1247,cat,0,openat,21.399
462.891621292,130.168528194,1247,cat,0,openat,29.572
462.892922422,130.169829324,1247,cat,0,fstat,10.806
462.896014338,130.172921240,1247,cat,0,mmap,36.913
462.897958421,130.174865323,1247,cat,0,close,10.003
462.898951251,130.175858153,1247,cat,0,openat,22.707
462.900586029,130.177492931,1247,cat,0,openat,31.229
462.901697531,130.178604433,1247,cat,0,fstat,8.863
462.902690834,130.179597736,1247,cat,0,mmap,33.804
462.903699471,130.180606373,1247,cat,0,close,5.913
462.904703986,130.181610888,1247,cat,0,openat,25.524
462.905718594,130.182625496,1247,cat,0,openat,30.331
462.906709868,130.183616770,1247,cat,0,fstat,8.462
462.907777202,130.184684104,1247,cat,0,mmap,32.901
462.908841649,130.185748551,1247,cat,0,close,7.107
462.909976948,130.186883850,1247,cat,0,openat,23.687
462.910988185,130.187895087,1247,cat,0,openat,34.580
462.912820250,130.189727152,1247,cat,0,fstat,9.108
462.913809678,130.190716580,1247,cat,0,mmap,33.406
462.914930808,130.191837710,1247,cat,0,close,7.085
462.917132709,130.194039611,1247,cat,0,openat,20.671
462.918969226,130.195876128,1247,cat,0,openat,32.601
462.919957570,130.196864472,1247,cat,0,fstat,8.421
462.922878248,130.199785150,1247,cat,0,close,19.041
462.924941622,130.201848524,1247,cat,0,openat,25.005
462.927881581,130.204788483,1247,cat,0,fstat,7.372
462.929869851,130.206776753,1247,cat,0,mmap,36.940
462.932028033,130.208934935,1247,cat,0,close,5.356
462.933837123,130.210744025,1247,cat,0,openat,28.389
462.936654935,130.213561837,1247,cat,0,openat,30.498
462.937968006,130.214874908,1247,cat,0,fstat,8.071
462.939904184,130.216811086,1247,cat,0,mmap,22.840
462.941934136,130.218841038,1247,cat,0,close,5.561
462.944881998,130.221788900,1247,cat,0,openat,20.035
462.946978519,130.223885421,1247,cat,0,openat,23.195
462.949840010,130.226746912,1247,cat,0,fstat,7.333
462.951811630,130.228718532,1247,cat,0,mmap,30.020
462.954848021,130.231754923,1247,cat,0,close,6.260
462.956803494,130.233710396,1247,cat,0,openat,10.573
462.957771079,130.234677981,1247,cat,0,openat,13.798
462.958942767,130.235849669,1247,cat,0,fstat,7.416
462.977535029,130.254441931,1247,cat,0,mmap,33.426
462.978651752,130.255558654,1247,cat,0,close,5.503
462.979942598,130.256849500,1247,cat,0,openat,33.144
462.982751443,130.259658345,1247,cat,0,openat,25.218
462.984085157,130.260992059,1247,cat,0,fstat,11.738
462.986091839,130.262998741,1247,cat,0,mmap,34.508
462.988048881,130.264955783,1247,cat,0,close,4.534
462.990963188,130.267870090,1247,cat,0,openat,26.096
462.994018051,130.270924953,1247,cat,0,openat,30.253
462.996908033,130.273814935,1247,cat,0,fstat,8.026
462.999795747,130.276702649,1247,cat,0,mmap,30.440
463.001892780,130.278799682,1247,cat,0,close,5.196
463.003960891,130.280867793,1247,cat,0,fstat,9.548
463.006893040,130.283799942,1247,cat,0,openat,29.743
463.009847913,130.286754815,1247,cat,0,fstat,7.225
463.011864465,130.288771367,1247,cat,0,syscall_221,5.016
463.014868275,130.291775177,1247,cat,0,mmap,28.169
463.016906192,130.293813094,1247,cat,0,read,30.763
463.018963717,130.295870619,1247,cat,0,write,7.323
463.021553267,130.298460169,1247,cat,0,read,2.051
463.023165100,130.300072002,1247,cat,0,munmap,17.665
463.023377590,130.300284492,1247,cat,0,close,5.403
463.024173743,130.301080645,1247,cat,0,close,1.652
463.024400824,130.301307726,1247,cat,0,close,2.577
462.688591058,129.965497960,1179,find,0,wait4,337672.031
463.028626191,130.305533093,1179,find,0,rt_sigprocmask,5.333
463.030841755,130.307748657,1179,find,0,clone,1357.330
463.033807344,130.310714246,1179,find,0,rt_sigprocmask,4.135
463.034827769,130.311734671,1248,find,0,syscall_273,2.197
463.039324496,130.316231398,1248,find,0,rt_sigprocmask,2.487
463.040623105,130.317530007,1248,find,0,syscall_81,9.517
463.042928436,130.319835338,1248,find,0,execve,29.847
463.047555724,130.324462626,1248,find,0,execve,18.501
463.049035290,130.325942192,1248,cat,0,execve,2432.013
463.055862505,130.332769407,1248,cat,0,brk,6.044
463.115025784,130.391932686,1248,cat,0,access,22.818
463.117053629,130.393960531,1248,cat,0,openat,30.670
463.119849507,130.396756409,1248,cat,0,fstat,13.649
463.122941509,130.399848411,1248,cat,0,mmap,47.162
463.126878378,130.403785280,1248,cat,0,close,5.908
463.128659054,130.405565956,1248,cat,0,openat,49.880
463.130921141,130.407828043,1248,cat,0,read,11.469
463.134078829,130.410985731,1248,cat,0,pread64,6.375
463.135641285,130.412548187,1248,cat,0,fstat,9.579
463.137812114,130.414719016,1248,cat,0,mmap,35.157
463.141113643,130.418020545,1248,cat,0,pread64,11.890
463.144900361,130.421807263,1248,cat,0,mmap,37.672
463.149992056,130.426898958,1248,cat,0,mmap,59.819
463.152916970,130.429823872,1248,cat,0,mmap,44.940
463.155868584,130.432775486,1248,cat,0,mmap,55.162
463.159549942,130.436456844,1248,cat,0,mmap,38.118
463.161194311,130.438101213,1248,cat,0,close,7.271
463.162768455,130.439675357,1248,cat,0,mmap,18.737
463.165005112,130.441912014,1248,cat,0,syscall_158,4.471
463.167983470,130.444890372,1248,cat,0,syscall_218,4.420
463.172921249,130.449828151,1248,cat,0,syscall_273,92.582
463.176816624,130.453723526,1248,cat,0,syscall_334,4.180
463.179132083,130.456038985,1248,cat,0,mprotect,36.810
463.180793454,130.457700356,1248,cat,0,mprotect,30.890
463.183848179,130.460755081,1248,cat,0,mprotect,34.443
463.186923835,130.463830737,1248,cat,0,syscall_302,5.383
463.190093369,130.467000271,1248,cat,0,syscall_318,4.079
463.193913946,130.470820848,1248,cat,0,munmap,163.470
463.198003731,130.474910633,1248,cat,0,brk,3.167
463.198626166,130.475533068,1248,cat,0,brk,9.516
463.199332709,130.476239611,1248,cat,0,openat,15.471
463.199628987,130.476535889,1248,cat,0,openat,14.672
463.199930035,130.476836937,1248,cat,0,fstat,4.469
463.201975469,130.478882371,1248,cat,0,read,14.692
463.204817924,130.481724826,1248,cat,0,read,6.408
463.207053341,130.483960243,1248,cat,0,close,31.559
463.208606375,130.485513277,1248,cat,0,openat,38.634
463.211944858,130.488851760,1248,cat,0,openat,56.806
463.214766568,130.491673470,1248,cat,0,fstat,6.412
463.216931060,130.493837962,1248,cat,0,mmap,219.580
463.218699447,130.495606349,1248,cat,0,close,9.146
463.221178996,130.498085898,1248,cat,0,openat,21.188
463.222624718,130.499531620,1248,cat,0,openat,32.951
463.223954170,130.500861072,1248,cat,0,fstat,9.452
463.227035937,130.503942839,1248,cat,0,read,15.323
463.229934788,130.506841690,1248,cat,0,read,8.257
463.232947620,130.509854522,1248,cat,0,close,16.623
463.235868992,130.512775894,1248,cat,0,openat,26.404
463.236962744,130.513869646,1248,cat,0,fstat,6.170
463.238943242,130.515850144,1248,cat,0,syscall_217,23.199
463.242004525,130.518911427,1248,cat,0,openat,28.839
463.243749094,130.520655996,1248,cat,0,fstat,3.405
463.244885350,130.521792252,1248,cat,0,read,12.046
463.248048827,130.524955729,1248,cat,0,read,9.105
463.251032395,130.527939297,1248,cat,0,read,8.924
463.257200213,130.534107115,1248,cat,0,read,19.167
463.258878496,130.535785398,1248,cat,0,read,8.969
463.260983842,130.537890744,1248,cat,0,read,5.401
463.262791869,130.539698771,1248,cat,0,read,8.917
463.263754383,130.540661285,1248,cat,0,read,4.423
463.264807138,130.541714040,1248,cat,0,read,11.499
463.267709079,130.544615981,1248,cat,0,brk,11.569
463.268581087,130.545487989,1248,cat,0,read,8.014
463.270359526,130.547266428,1248,cat,0,read,11.096
463.276233441,130.553140343,1248,cat,0,read,11.403
463.278038694,130.554945596,1248,cat,0,read,9.573
463.281257751,130.558164653,1248,cat,0,read,8.336
463.282750947,130.559657849,1248,cat,0,read,6.337
463.285820103,130.562727005,1248,cat,0,close,15.879
463.288788179,130.565695081,1248,cat,0,syscall_217,26.738
463.290993930,130.567900832,1248,cat,0,close,18.847
463.294676928,130.571583830,1248,cat,0,syscall_202,3.908
463.296947944,130.573854846,1248,cat,0,openat,23.872
463.298971935,130.575878837,1248,cat,0,openat,34.571
463.301944081,130.578850983,1248,cat,0,fstat,10.766
463.304987761,130.581894663,1248,cat,0,mmap,33.259
463.307912946,130.584819848,1248,cat,0,close,4.926
463.310863327,130.587770229,1248,cat,0,openat,19.483
463.313866885,130.590773787,1248,cat,0,openat,24.983
463.317031551,130.593938453,1248,cat,0,fstat,17.273
463.318584499,130.595491401,1248,cat,0,mmap,34.123
463.319931632,130.596838534,1248,cat,0,close,6.717
463.322172107,130.599079009,1248,cat,0,openat,28.566
463.324942072,130.601848974,1248,cat,0,openat,48.696
463.326580119,130.603487021,1248,cat,0,fstat,15.749
463.327911098,130.604818000,1248,cat,0,mmap,40.648
463.329805762,130.606712664,1248,cat,0,close,5.299
463.330871509,130.607778411,1248,cat,0,openat,33.241
463.333897046,130.610803948,1248,cat,0,openat,38.543
463.335877455,130.612784357,1248,cat,0,fstat,10.273
463.337793089,130.614699991,1248,cat,0,mmap,29.227
463.338899055,130.615805957,1248,cat,0,close,3.159
463.341041707,130.617948609,1248,cat,0,openat,33.345
463.343715154,130.620622056,1248,cat,0,openat,25.631
463.344812557,130.621719459,1248,cat,0,fstat,7.773
463.346893669,130.623800571,1248,cat,0,mmap,35.137
463.348990148,130.625897050,1248,cat,0,close,4.288
463.351724853,130.628631755,1248,cat,0,openat,18.818
463.352585158,130.629492060,1248,cat,0,openat,12.844
463.353851964,130.630758866,1248,cat,0,fstat,8.279
463.356025224,130.632932126,1248,cat,0,close,15.675
463.357661253,130.634568155,1248,cat,0,openat,21.237
463.359655565,130.636562467,1248,cat,0,fstat,3.452
463.361530390,130.638437292,1248,cat,0,mmap,22.372
463.362950806,130.639857708,1248,cat,0,close,4.312
463.366020970,130.642927872,1248,cat,0,openat,31.128
463.367299754,130.644206656,1248,cat,0,openat,116.116
463.367687691,130.644594593,1248,cat,0,fstat,3.941
463.367964429,130.644871331,1248,cat,0,mmap,10.681
463.368473090,130.645379992,1248,cat,0,close,4.783
463.369096557,130.646003459,1248,cat,0,openat,17.855
463.372967023,130.649873925,1248,cat,0,openat,24.034
463.375491435,130.652398337,1248,cat,0,fstat,2.413
463.375822228,130.652729130,1248,cat,0,mmap,39.186
463.376281078,130.653187980,1248,cat,0,close,7.805
463.376900918,130.653807820,1248,cat,0,openat,15.893
463.380056900,130.656963802,1248,cat,0,openat,21.434
463.381600393,130.658507295,1248,cat,0,fstat,6.499
463.383086037,130.659992939,1248,cat,0,mmap,20.231
463.383862484,130.660769386,1248,cat,0,close,1.904
463.384786339,130.661693241,1248,cat,0,openat,24.702
463.386949441,130.663856343,1248,cat,0,openat,24.423
463.389880428,130.666787330,1248,cat,0,fstat,11.957
463.391978154,130.668885056,1248,cat,0,mmap,26.230
463.396987784,130.673894686,1248,cat,0,close,10.761
463.399805703,130.676712605,1248,cat,0,openat,20.989
463.400425957,130.677332859,1248,cat,0,openat,11.150
463.400658403,130.677565305,1248,cat,0,fstat,3.925
463.400865197,130.677772099,1248,cat,0,mmap,15.809
463.401590201,130.678497103,1248,cat,0,close,4.844
463.403082449,130.679989351,1248,cat,0,fstat,81.004
463.404630044,130.681536946,1248,cat,0,openat,15.126
463.406253715,130.683160617,1248,cat,0,fstat,6.499
463.406713960,130.683620862,1248,cat,0,syscall_221,6.120
463.408022802,130.684929704,1248,cat,0,mmap,45.927
463.409984831,130.686891733,1248,cat,0,read,44.139
463.411826340,130.688733242,1248,cat,0,write,9.338
463.415877955,130.692784857,1248,cat,0,read,8.438
463.418339383,130.695246285,1248,cat,0,munmap,100.163
463.419927447,130.696834349,1248,cat,0,close,11.740
463.421768064,130.698674966,1248,cat,0,close,5.152
463.423976020,130.700882922,1248,cat,0,close,5.318
463.034745922,130.311652824,1179,find,0,wait4,394081.553
463.429347780,130.706254682,1179,find,0,rt_sigprocmask,2.195
463.429518890,130.706425792,1179,find,0,clone,498.144
463.430443899,130.707350801,1179,find,0,rt_sigprocmask,1.667
463.432012642,130.708919544,1249,find,0,syscall_273,4.771
463.435926883,130.712833785,1249,find,0,rt_sigprocmask,4.562
463.438938522,130.715845424,1249,find,0,syscall_81,9.105
463.443002255,130.719909157,1249,find,0,execve,35.099
463.444737395,130.721644297,1249,find,0,execve,26.187
463.447652781,130.724559683,1249,cat,0,execve,626.001
463.449878907,130.726785809,1249,cat,0,brk,5.257
463.482043044,130.758949946,1249,cat,0,access,33.939
463.483719134,130.760626036,1249,cat,0,openat,67.638
463.486852182,130.763759084,1249,cat,0,fstat,11.274
463.489867463,130.766774365,1249,cat,0,mmap,47.593
463.491839447,130.768746349,1249,cat,0,close,2.440
463.492296792,130.769203694,1249,cat,0,openat,10.804
463.492885748,130.769792650,1249,cat,0,read,10.534
463.495964193,130.772871095,1249,cat,0,pread64,9.280
463.498913268,130.775820170,1249,cat,0,fstat,6.914
463.499719061,130.776625963,1249,cat,0,mmap,14.568
463.500414929,130.777321831,1249,cat,0,pread64,8.529
463.501944926,130.778851828,1249,cat,0,mmap,32.539
463.503248228,130.780155130,1249,cat,0,mmap,15.833
463.503432834,130.780339736,1249,cat,0,mmap,11.603
463.503614370,130.780521272,1249,cat,0,mmap,14.802
463.504823136,130.781730038,1249,cat,0,mmap,21.270
463.507556099,130.784463001,1249,cat,0,close,1.937
463.508986232,130.785893134,1249,cat,0,mmap,23.457
463.512964698,130.789871600,1249,cat,0,syscall_158,4.485
463.513799813,130.790706715,1249,cat,0,syscall_218,1.615
463.513969036,130.790875938,1249,cat,0,syscall_273,1.141
463.514989728,130.791896630,1249,cat,0,syscall_334,4.038
463.518233288,130.795140190,1249,cat,0,mprotect,34.975
463.519744028,130.796650930,1249,cat,0,mprotect,34.066
463.524494086,130.801400988,1249,cat,0,mprotect,53.517
463.525994995,130.802901897,1249,cat,0,syscall_302,6.284
463.528982103,130.805889005,1249,cat,0,syscall_318,2.691
463.529868990,130.806775892,1249,cat,0,munmap,62.600
463.530408579,130.807315481,1249,cat,0,brk,1.699
463.530656315,130.807563217,1249,cat,0,brk,11.413
463.530916287,130.807823189,1249,cat,0,openat,10.735
463.532132181,130.809039083,1249,cat,0,openat,31.190
463.533772581,130.810679483,1249,cat,0,fstat,9.455
463.536947530,130.813854432,1249,cat,0,read,16.033
463.538722684,130.815629586,1249,cat,0,read,7.365
463.540983251,130.817890153,1249,cat,0,close,10.905
463.543931288,130.820838190,1249,cat,0,openat,23.546
463.547611239,130.824518141,1249,cat,0,openat,35.204
463.548990707,130.825897609,1249,cat,0,fstat,2.561
463.549547279,130.826454181,1249,cat,0,mmap,46.760
463.550960108,130.827867010,1249,cat,0,close,5.054
463.555767967,130.832674869,1249,cat,0,openat,16.803
463.558037590,130.834944492,1249,cat,0,openat,21.011
463.559667510,130.836574412,1249,cat,0,fstat,8.032
463.561026564,130.837933466,1249,cat,0,read,11.566
463.562793438,130.839700340,1249,cat,0,read,6.349
463.564132426,130.841039328,1249,cat,0,close,12.536
463.564730378,130.841637280,1249,cat,0,openat,30.249
463.567848542,130.844755444,1249,cat,0,fstat,7.375
463.571012891,130.847919793,1249,cat,0,syscall_217,41.589
463.574908087,130.851814989,1249,cat,0,openat,35.046
463.578938550,130.855845452,1249,cat,0,fstat,8.826
463.581937723,130.858844625,1249,cat,0,read,12.446
463.583763574,130.860670476,1249,cat,0,read,3.079
463.584352093,130.861258995,1249,cat,0,read,2.826
463.584693173,130.861600075,1249,cat,0,read,8.616
463.584930870,130.861837772,1249,cat,0,read,2.871
463.585622187,130.862529089,1249,cat,0,read,9.749
463.585937911,130.862844813,1249,cat,0,read,2.842
463.586572884,130.863479786,1249,cat,0,read,9.808
463.588159152,130.865066054,1249,cat,0,read,9.184
463.589822563,130.866729465,1249,cat,0,brk,19.158
463.593081942,130.869988844,1249,cat,0,read,10.264
463.596255819,130.873162721,1249,cat,0,read,9.306
463.598114841,130.875021743,1249,cat,0,read,9.053
463.601296689,130.878203591,1249,cat,0,read,9.533
463.603146656,130.880053558,1249,cat,0,read,8.839
463.605967460,130.882874362,1249,cat,0,read,5.997
463.608762576,130.885669478,1249,cat,0,close,19.104
463.610866044,130.887772946,1249,cat,0,syscall_217,41.442
463.614982013,130.891888915,1249,cat,0,close,40.519
463.619174643,130.896081545,1249,cat,0,syscall_202,10.335
463.620703521,130.897610423,1249,cat,0,openat,23.190
463.622621687,130.899528589,1249,cat,0,openat,52.996
463.624544035,130.901450937,1249,cat,0,fstat,7.875
463.624765019,130.901671921,1249,cat,0,mmap,55.945
463.628006550,130.904913452,1249,cat,0,close,4.211
463.632026616,130.908933518,1249,cat,0,openat,46.209
463.636909317,130.913816219,1249,cat,0,openat,43.987
463.639912211,130.916819113,1249,cat,0,fstat,7.785
463.642996050,130.919902952,1249,cat,0,mmap,34.269
463.645937357,130.922844259,1249,cat,0,close,4.905
463.649005981,130.925912883,1249,cat,0,openat,18.367
463.650609778,130.927516680,1249,cat,0,openat,24.502
463.654988707,130.931895609,1249,cat,0,fstat,22.601
463.657824469,130.934731371,1249,cat,0,mmap,46.117
463.659953035,130.936859937,1249,cat,0,close,5.772
463.662907052,130.939813954,1249,cat,0,openat,41.725
463.665938399,130.942845301,1249,cat,0,openat,41.397
463.669067918,130.945974820,1249,cat,0,fstat,23.161
463.671999780,130.948906682,1249,cat,0,mmap,50.127
463.674852355,130.951759257,1249,cat,0,close,3.778
463.675915196,130.952822098,1249,cat,0,openat,45.227
463.677868232,130.954775134,1249,cat,0,openat,49.502
463.680553074,130.957459976,1249,cat,0,fstat,22.044
463.681998131,130.958905033,1249,cat,0,mmap,30.454
463.684838732,130.961745634,1249,cat,0,close,4.937
463.689040214,130.965947116,1249,cat,0,openat,44.781
463.690658478,130.967565380,1249,cat,0,openat,39.593
463.692008695,130.968915597,1249,cat,0,fstat,11.509
463.696952961,130.973859863,1249,cat,0,close,14.288
463.700142733,130.977049635,1249,cat,0,openat,44.680
463.701686947,130.978593849,1249,cat,0,fstat,12.537
463.704104947,130.981011849,1249,cat,0,mmap,60.148
463.705658415,130.982565317,1249,cat,0,close,9.742
463.706612343,130.983519245,1249,cat,0,openat,14.719
463.707457889,130.984364791,1249,cat,0,openat,16.877
463.707840309,130.984747211,1249,cat,0,fstat,5.061
463.708616159,130.985523061,1249,cat,0,mmap,65.410
463.709504753,130.986411655,1249,cat,0,close,2.884
463.709884604,130.986791506,1249,cat,0,openat,11.394
463.710736186,130.987643088,1249,cat,0,openat,17.841
463.711690501,130.988597403,1249,cat,0,fstat,5.415
463.712040789,130.988947691,1249,cat,0,mmap,19.821
463.715936566,130.992843468,1249,cat,0,close,6.047
463.719850653,130.996757555,1249,cat,0,openat,24.825
463.723940576,131.000847478,1249,cat,0,openat,31.630
463.726978261,131.003885163,1249,cat,0,fstat,7.841
463.730576407,131.007483309,1249,cat,0,mmap,62.474
463.731995306,131.008902208,1249,cat,0,close,5.552
463.735039312,131.011946214,1249,cat,0,openat,21.758
463.737957377,131.014864279,1249,cat,0,openat,45.942
463.740935516,131.017842418,1249,cat,0,fstat,7.559
463.742272975,131.019179877,1249,cat,0,mmap,33.217
463.742500545,131.019407447,1249,cat,0,close,3.462
463.742717295,131.019624197,1249,cat,0,openat,14.450
463.743188634,131.020095536,1249,cat,0,openat,21.305
463.743392003,131.020298905,1249,cat,0,fstat,4.429
463.743572637,131.020479539,1249,cat,0,mmap,7.674
463.743756264,131.020663166,1249,cat,0,close,1.144
463.744229345,131.021136247,1249,cat,0,fstat,3.429
463.744412075,131.021318977,1249,cat,0,openat,11.738
463.744741533,131.021648435,1249,cat,0,fstat,6.283
463.745270058,131.022176960,1249,cat,0,syscall_221,2.419
463.745452235,131.022359137,1249,cat,0,mmap,72.257
463.745729564,131.022636466,1249,cat,0,read,10.708
463.745917490,131.022824392,1249,cat,0,write,2.951
463.746328006,131.023234908,1249,cat,0,read,2.195
463.746506044,131.023412946,1249,cat,0,munmap,20.316
463.746699629,131.023606531,1249,cat,0,close,6.034
463.746883969,131.023790871,1249,cat,0,close,1.140
463.747058664,131.023965566,1249,cat,0,close,1.569
463.431840716,130.708747618,1179,find,0,wait4,368901.496
463.806786122,131.083693024,1179,find,0,rt_sigprocmask,4.922
463.808664781,131.085571683,1179,find,0,clone,479.133
463.810396634,131.087303536,1179,find,0,rt_sigprocmask,1.557
463.810733229,131.087640131,1250,find,0,syscall_273,1.625
463.811268669,131.088175571,1250,find,0,rt_sigprocmask,1.353
463.811532743,131.088439645,1250,find,0,syscall_81,3.579
463.812454039,131.089360941,1250,find,0,execve,18.304
463.813359355,131.090266257,1250,find,0,execve,9.187
463.813854315,131.090761217,1250,cat,0,execve,1128.324
463.816431016,131.093337918,1250,cat,0,brk,2.441
463.855213217,131.132120119,1250,cat,0,access,41.449
463.856741432,131.133648334,1250,cat,0,openat,25.745
463.857653201,131.134560103,1250,cat,0,fstat,5.060
463.858623321,131.135530223,1250,cat,0,mmap,23.206
463.859604618,131.136511520,1250,cat,0,close,3.699
463.860564838,131.137471740,1250,cat,0,openat,15.947
463.861942863,131.138849765,1250,cat,0,read,9.262
463.866513793,131.143420695,1250,cat,0,pread64,3.660
463.866938049,131.143844951,1250,cat,0,fstat,3.766
463.867456618,131.144363520,1250,cat,0,mmap,21.328
463.868015880,131.144922782,1250,cat,0,pread64,5.931
463.868932921,131.145839823,1250,cat,0,mmap,20.440
463.869883986,131.146790888,1250,cat,0,mmap,29.676
463.873186839,131.150093741,1250,cat,0,mmap,18.772
463.873790836,131.150697738,1250,cat,0,mmap,27.521
463.874400797,131.151307699,1250,cat,0,mmap,10.190
463.874777457,131.151684359,1250,cat,0,close,2.262
463.875536789,131.152443691,1250,cat,0,mmap,13.950
463.876091062,131.152997964,1250,cat,0,syscall_158,3.095
463.877998716,131.154905618,1250,cat,0,syscall_218,2.226
463.878842033,131.155748935,1250,cat,0,syscall_273,1.535
463.879675427,131.156582329,1250,cat,0,syscall_334,1.716
463.880675845,131.157582747,1250,cat,0,mprotect,89.749
463.881716315,131.158623217,1250,cat,0,mprotect,13.557
463.882161808,131.159068710,1250,cat,0,mprotect,16.747
463.883081434,131.159988336,1250,cat,0,syscall_302,2.344
463.883942953,131.160849855,1250,cat,0,syscall_318,4.195
463.884790312,131.161697214,1250,cat,0,munmap,90.008
463.885749045,131.162655947,1250,cat,0,brk,2.073
463.886706434,131.163613336,1250,cat,0,brk,10.748
463.887688150,131.164595052,1250,cat,0,openat,15.367
463.888602703,131.165509605,1250,cat,0,openat,16.382
463.889038864,131.165945766,1250,cat,0,fstat,4.254
463.889854227,131.166761129,1250,cat,0,read,6.330
463.890681566,131.167588468,1250,cat,0,read,3.004
463.892172793,131.169079695,1250,cat,0,close,9.586
463.893900445,131.170807347,1250,cat,0,openat,21.352
463.895027154,131.171934056,1250,cat,0,openat,18.675
463.897145801,131.174052703,1250,cat,0,fstat,5.214
463.898532136,131.175439038,1250,cat,0,mmap,25.895
463.899464510,131.176371412,1250,cat,0,close,2.799
463.899918331,131.176825233,1250,cat,0,openat,13.116
463.900807884,131.177714786,1250,cat,0,openat,13.392
463.901613442,131.178520344,1250,cat,0,fstat,3.529
463.902532141,131.179439043,1250,cat,0,read,6.055
463.903008378,131.179915280,1250,cat,0,read,3.166
463.903825266,131.180732168,1250,cat,0,close,5.794
463.904635962,131.181542864,1250,cat,0,openat,46.292
463.905474824,131.182381726,1250,cat,0,fstat,3.305
463.905921672,131.182828574,1250,cat,0,syscall_217,19.617
463.906757666,131.183664568,1250,cat,0,openat,10.696
463.908122210,131.185029112,1250,cat,0,fstat,6.963
463.909790003,131.186696905,1250,cat,0,read,12.492
463.912294606,131.189201508,1250,cat,0,read,8.632
463.914095105,131.191002007,1250,cat,0,read,8.913
463.916363684,131.193270586,1250,cat,0,read,4.212
463.916683329,131.193590231,1250,cat,0,read,3.252
463.918239312,131.195146214,1250,cat,0,read,8.507
463.919750543,131.196657445,1250,cat,0,read,10.957
463.925571840,131.202478742,1250,cat,0,read,14.621
463.929089000,131.205995902,1250,cat,0,read,15.837
463.931211046,131.208117948,1250,cat,0,brk,29.622
463.933313790,131.210220692,1250,cat,0,read,16.401
463.936462875,131.213369777,1250,cat,0,read,13.009
463.937678431,131.214585333,1250,cat,0,read,3.359
463.938475706,131.215382608,1250,cat,0,read,3.338
463.938848718,131.215755620,1250,cat,0,read,2.928
463.939352980,131.216259882,1250,cat,0,read,2.186
463.939602347,131.216509249,1250,cat,0,close,5.604
463.940535685,131.217442587,1250,cat,0,syscall_217,17.382
463.941447601,131.218354503,1250,cat,0,close,7.882
463.941963562,131.218870464,1250,cat,0,syscall_202,3.598
463.942865374,131.219772276,1250,cat,0,openat,18.033
463.943711328,131.220618230,1250,cat,0,openat,18.442
463.944545699,131.221452601,1250,cat,0,fstat,4.727
463.945461882,131.222368784,1250,cat,0,mmap,22.645
463.945910760,131.222817662,1250,cat,0,close,2.681
463.946766543,131.223673445,1250,cat,0,openat,10.306
463.947574341,131.224481243,1250,cat,0,openat,8.628
463.947819783,131.224726685,1250,cat,0,fstat,2.604
463.948283083,131.225189985,1250,cat,0,mmap,9.803
463.948527998,131.225434900,1250,cat,0,close,1.282
463.948854046,131.225760948,1250,cat,0,openat,10.370
463.949449352,131.226356254,1250,cat,0,openat,7.946
463.949696349,131.226603251,1250,cat,0,fstat,2.430
463.949929631,131.226836533,1250,cat,0,mmap,9.253
463.952612017,131.229518919,1250,cat,0,close,7.384
463.953650863,131.230557765,1250,cat,0,openat,19.098
463.954563259,131.231470161,1250,cat,0,openat,19.752
463.955537745,131.232444647,1250,cat,0,fstat,5.535
463.956241764,131.233148666,1250,cat,0,mmap,28.055
463.956955560,131.233862462,1250,cat,0,close,1.922
463.960754711,131.237661613,1250,cat,0,openat,14.695
463.961394708,131.238301610,1250,cat,0,openat,19.083
463.961839710,131.238746612,1250,cat,0,fstat,4.668
463.962729107,131.239636009,1250,cat,0,mmap,22.397
463.963554565,131.240461467,1250,cat,0,close,2.746
463.963978937,131.240885839,1250,cat,0,openat,10.213
463.964770068,131.241676970,1250,cat,0,openat,15.434
463.965571847,131.242478749,1250,cat,0,fstat,3.599
463.965972453,131.242879355,1250,cat,0,close,7.228
463.966788911,131.243695813,1250,cat,0,openat,14.012
463.967647395,131.244554297,1250,cat,0,fstat,4.204
463.968743222,131.245650124,1250,cat,0,mmap,32.769
463.970171434,131.247078336,1250,cat,0,close,1.651
463.974294824,131.251201726,1250,cat,0,openat,25.540
463.976252549,131.253159451,1250,cat,0,openat,23.512
463.977928250,131.254835152,1250,cat,0,fstat,6.966
463.979994517,131.256901419,1250,cat,0,mmap,13.855
463.980536876,131.257443778,1250,cat,0,close,2.095
463.980816179,131.257723081,1250,cat,0,openat,11.780
463.981294486,131.258201388,1250,cat,0,openat,10.264
463.981541624,131.258448526,1250,cat,0,fstat,2.535
463.981842260,131.258749162,1250,cat,0,mmap,9.448
463.982369639,131.259276541,1250,cat,0,close,1.407
463.982724787,131.259631689,1250,cat,0,openat,11.612
463.983603414,131.260510316,1250,cat,0,openat,15.015
463.984479608,131.261386510,1250,cat,0,fstat,4.343
463.984937656,131.261844558,1250,cat,0,mmap,16.920
463.985829251,131.262736153,1250,cat,0,close,2.162
463.986477024,131.263383926,1250,cat,0,openat,7.224
463.986742577,131.263649479,1250,cat,0,openat,6.997
463.987335104,131.264242006,1250,cat,0,fstat,3.995
463.987802842,131.264709744,1250,cat,0,mmap,16.444
463.988696549,131.265603451,1250,cat,0,close,2.033
463.989580889,131.266487791,1250,cat,0,openat,11.631
463.990092845,131.266999747,1250,cat,0,openat,1892.029
463.995238546,131.272145448,1250,cat,0,fstat,7.331
463.996870663,131.273777565,1250,cat,0,mmap,169.811
463.998729488,131.275636390,1250,cat,0,close,3.970
463.999775430,131.276682332,1250,cat,0,fstat,3.616
464.000700994,131.277607896,1250,cat,0,openat,28.392
464.001434193,131.278341095,1250,cat,0,fstat,2.853
464.001679215,131.278586117,1250,cat,0,syscall_221,1.620
464.001912858,131.278819760,1250,cat,0,mmap,9.342
464.002573670,131.279480572,1250,cat,0,read,13.695
464.003584439,131.280491341,1250,cat,0,write,4.262
464.004053621,131.280960523,1250,cat,0,read,4.967
464.004929611,131.281836513,1250,cat,0,munmap,23.085
464.005906022,131.282812924,1250,cat,0,close,6.994
464.006782070,131.283688972,1250,cat,0,close,2.805
464.007728411,131.284635313,1250,cat,0,close,3.452
463.810671788,131.087578690,1179,find,0,wait4,198425.804
464.010041923,131.286948825,1179,find,0,rt_sigprocmask,2.990
464.010998387,131.287905289,1179,find,0,clone,2844.029
464.017199447,131.294106349,1179,find,0,rt_sigprocmask,4.567
464.019032521,131.295939423,1251,find,0,syscall_273,4.562
464.022461949,131.299368851,1251,find,0,rt_sigprocmask,1.435
464.022752850,131.299659752,1251,find,0,syscall_81,3.584
464.023241673,131.300148575,1251,find,0,execve,18.821
464.023719508,131.300626410,1251,find,0,execve,10.466
464.025207408,131.302114310,1251,cat,0,execve,1507.420
464.028915389,131.305822291,1251,cat,0,brk,3.021
464.046757605,131.323664507,1251,cat,0,access,18.992
464.048236456,131.325143358,1251,cat,0,openat,23.328
464.049394350,131.326301252,1251,cat,0,fstat,3.291
464.049671357,131.326578259,1251,cat,0,mmap,65.998
464.050274993,131.327181895,1251,cat,0,close,2.237
464.050530127,131.327437029,1251,cat,0,openat,11.060
464.050778253,131.327685155,1251,cat,0,read,4.033
464.051482136,131.328389038,1251,cat,0,pread64,5.497
464.051940545,131.328847447,1251,cat,0,fstat,4.440
464.053061393,131.329968295,1251,cat,0,mmap,10.928
464.053615322,131.330522224,1251,cat,0,pread64,3.321
464.053903836,131.330810738,1251,cat,0,mmap,11.505
464.054381976,131.331288878,1251,cat,0,mmap,18.510
464.054642313,131.331549215,1251,cat,0,mmap,14.376
464.055068728,131.331975630,1251,cat,0,mmap,141.089
464.057083786,131.333990688,1251,cat,0,mmap,26.941
464.059043803,131.335950705,1251,cat,0,close,6.411
464.063824758,131.340731660,1251,cat,0,mmap,15.125
464.064727464,131.341634366,1251,cat,0,syscall_158,2.161
464.065601975,131.342508877,1251,cat,0,syscall_218,2.570
464.066533795,131.343440697,1251,cat,0,syscall_273,1.927
464.066983054,131.343889956,1251,cat,0,syscall_334,1.958
464.067961703,131.344868605,1251,cat,0,mprotect,18.966
464.068888269,131.345795171,1251,cat,0,mprotect,17.466
464.069533746,131.346440648,1251,cat,0,mprotect,13.846
464.069832073,131.346738975,1251,cat,0,syscall_302,1.494
464.070315149,131.347222051,1251,cat,0,syscall_318,2.501
464.070792001,131.347698903,1251,cat,0,munmap,105.384
464.071437870,131.348344772,1251,cat,0,brk,1.422
464.071727962,131.348634864,1251,cat,0,brk,6.120
464.072432112,131.349339014,1251,cat,0,openat,16.198
464.072882141,131.349789043,1251,cat,0,openat,17.572
464.073980953,131.350887855,1251,cat,0,fstat,9.578
464.078297460,131.355204362,1251,cat,0,read,6.391
464.081285815,131.358192717,1251,cat,0,read,6.151
464.082942760,131.359849662,1251,cat,0,close,10.749
464.085091264,131.361998166,1251,cat,0,openat,33.248
464.089658398,131.366565300,1251,cat,0,openat,48.706
464.091925513,131.368832415,1251,cat,0,fstat,6.028
464.092922834,131.369829736,1251,cat,0,mmap,33.549
464.093904856,131.370811758,1251,cat,0,close,3.733
464.098165372,131.375072274,1251,cat,0,openat,35.499
464.099899263,131.376806165,1251,cat,0,openat,28.942
464.104281743,131.381188645,1251,cat,0,fstat,12.229
464.106078749,131.382985651,1251,cat,0,read,11.387
464.110166946,131.387073848,1251,cat,0,read,6.898
464.111987794,131.388894696,1251,cat,0,close,13.336
464.113759945,131.390666847,1251,cat,0,openat,33.627
464.114398632,131.391305534,1251,cat,0,fstat,3.174
464.114588210,131.391495112,1251,cat,0,syscall_217,13.877
464.115849483,131.392756385,1251,cat,0,openat,23.563
464.118928668,131.395835570,1251,cat,0,fstat,10.908
464.122875792,131.399782694,1251,cat,0,read,13.299
464.125889488,131.402796390,1251,cat,0,read,8.847
464.126499094,131.403405996,1251,cat,0,read,3.973
464.126731557,131.403638459,1251,cat,0,read,3.469
464.127530981,131.404437883,1251,cat,0,read,6.492
464.127966056,131.404872958,1251,cat,0,read,5.558
464.128849732,131.405756634,1251,cat,0,read,6.664
464.129783425,131.406690327,1251,cat,0,read,8.443
464.131413414,131.408320316,1251,cat,0,read,12.118
464.133028921,131.409935823,1251,cat,0,brk,21.936
464.135751152,131.412658054,1251,cat,0,read,6.276
464.136296208,131.413203110,1251,cat,0,read,4.154
464.136608116,131.413515018,1251,cat,0,read,3.505
464.136904617,131.413811519,1251,cat,0,read,3.490
464.137461931,131.414368833,1251,cat,0,read,3.543
464.137861917,131.414768819,1251,cat,0,read,4.534
464.138636952,131.415543854,1251,cat,0,close,11.458
464.139515763,131.416422665,1251,cat,0,syscall_217,21.374
464.139852127,131.416759029,1251,cat,0,close,8.498
464.140673499,131.417580401,1251,cat,0,syscall_202,4.770
464.141509241,131.418416143,1251,cat,0,openat,18.549
464.141844493,131.418751395,1251,cat,0,openat,18.053
464.142613512,131.419520414,1251,cat,0,fstat,5.316
464.142925711,131.419832613,1251,cat,0,mmap,24.754
464.143727127,131.420634029,1251,cat,0,close,2.913
464.144571966,131.421478868,1251,cat,0,openat,12.169
464.144895277,131.421802179,1251,cat,0,openat,14.722
464.145611129,131.422518031,1251,cat,0,fstat,4.483
464.146082711,131.422989613,1251,cat,0,mmap,21.911
464.148999058,131.425905960,1251,cat,0,close,4.625
464.151950275,131.428857177,1251,cat,0,openat,19.917
464.154908022,131.431814924,1251,cat,0,openat,26.601
464.155514103,131.432421005,1251,cat,0,fstat,7.602
464.156713513,131.433620415,1251,cat,0,mmap,21.513
464.157185107,131.434092009,1251,cat,0,close,2.963
464.157392497,131.434299399,1251,cat,0,openat,16.874
464.157582879,131.434489781,1251,cat,0,openat,15.841
464.157770879,131.434677781,1251,cat,0,fstat,4.642
464.158179644,131.435086546,1251,cat,0,mmap,10.851
464.158405589,131.435312491,1251,cat,0,close,2.812
464.158751779,131.435658681,1251,cat,0,openat,12.610
464.159516672,131.436423574,1251,cat,0,openat,17.229
464.159855256,131.436762158,1251,cat,0,fstat,4.655
464.160594868,131.437501770,1251,cat,0,mmap,19.297
464.161553608,131.438460510,1251,cat,0,close,3.583
464.161908239,131.438815141,1251,cat,0,openat,13.175
464.162661658,131.439568560,1251,cat,0,openat,19.756
464.163543868,131.440450770,1251,cat,0,fstat,5.629
464.163875646,131.440782548,1251,cat,0,close,9.530
464.164639478,131.441546380,1251,cat,0,openat,17.949
464.165470226,131.442377128,1251,cat,0,fstat,5.575
464.165799687,131.442706589,1251,cat,0,mmap,18.373
464.166695678,131.443602580,1251,cat,0,close,6.946
464.168902979,131.445809881,1251,cat,0,openat,21.446
464.171039275,131.447946177,1251,cat,0,openat,23.718
464.173889148,131.450796050,1251,cat,0,fstat,7.558
464.176028514,131.452935416,1251,cat,0,mmap,28.568
464.177477745,131.454384647,1251,cat,0,close,2.797
464.177864768,131.454771670,1251,cat,0,openat,18.517
464.179988518,131.456895420,1251,cat,0,openat,25.391
464.182907729,131.459814631,1251,cat,0,fstat,8.720
464.185895206,131.462802108,1251,cat,0,mmap,45.250
464.187814259,131.464721161,1251,cat,0,close,4.066
464.188301174,131.465208076,1251,cat,0,openat,11.311
464.188487996,131.465394898,1251,cat,0,openat,8.522
464.188911794,131.465818696,1251,cat,0,fstat,7.957
464.192048241,131.468955143,1251,cat,0,mmap,187.609
464.193748224,131.470655126,1251,cat,0,close,5.216
464.194939702,131.471846604,1251,cat,0,openat,21.924
464.198961303,131.475868205,1251,cat,0,openat,26.878
464.201955658,131.478862560,1251,cat,0,fstat,8.951
464.204848524,131.481755426,1251,cat,0,mmap,32.911
464.206982873,131.483889775,1251,cat,0,close,5.210
464.209972648,131.486879550,1251,cat,0,openat,11.120
464.212862791,131.489769693,1251,cat,0,openat,25.627
464.215953177,131.492860079,1251,cat,0,fstat,7.092
464.218888506,131.495795408,1251,cat,0,mmap,24.083
464.219372637,131.496279539,1251,cat,0,close,2.923
464.219583666,131.496490568,1251,cat,0,fstat,4.774
464.219767414,131.496674316,1251,cat,0,openat,19.529
464.219958800,131.496865702,1251,cat,0,fstat,2.314
464.220670384,131.497577286,1251,cat,0,syscall_221,3.633
464.221822272,131.498729174,1251,cat,0,mmap,28.468
464.224965111,131.501872013,1251,cat,0,read,106.823
464.229249015,131.506155917,1251,cat,0,write,4.409
464.229779953,131.506686855,1251,cat,0,read,10.523
464.231917988,131.508824890,1251,cat,0,munmap,51.545
464.234894363,131.511801265,1251,cat,0,close,14.826
464.237035751,131.513942653,1251,cat,0,close,4.041
464.237879868,131.514786770,1251,cat,0,close,2.740
464.018855064,131.295761966,1179,find,0,wait4,219788.476
464.239346952,131.516253854,1179,find,0,rt_sigprocmask,2.474
464.239522890,131.516429792,1179,find,0,clone,1076.858
464.242869931,131.519776833,1179,find,0,rt_sigprocmask,4.293
464.246051972,131.522958874,1252,find,0,syscall_273,4.644
464.248979525,131.525886427,1252,find,0,rt_sigprocmask,5.492
464.250404522,131.527311424,1252,find,0,syscall_81,4.840
464.250614679,131.527521581,1252,find,0,execve,13.208
464.250802444,131.527709346,1252,find,0,execve,5.427
464.251226381,131.528133283,1252,cat,0,execve,1202.498
464.253690628,131.530597530,1252,cat,0,brk,3.461
464.264996960,131.541903862,1252,cat,0,access,20.275
464.266037303,131.542944205,1252,cat,0,openat,21.399
464.266823179,131.543730081,1252,cat,0,fstat,6.031
464.267568759,131.544475661,1252,cat,0,mmap,27.020
464.267920763,131.544827665,1252,cat,0,close,4.021
464.268719204,131.545626106,1252,cat,0,openat,18.174
464.269457971,131.546364873,1252,cat,0,read,9.202
464.269776873,131.546683775,1252,cat,0,pread64,5.680
464.270565659,131.547472561,1252,cat,0,fstat,5.626
464.270883732,131.547790634,1252,cat,0,mmap,19.530
464.271996350,131.548903252,1252,cat,0,pread64,23.043
464.273812620,131.550719522,1252,cat,0,mmap,105.399
464.278960824,131.555867726,1252,cat,0,mmap,51.426
464.283046971,131.559953873,1252,cat,0,mmap,29.671
464.283574950,131.560481852,1252,cat,0,mmap,71.018
464.283835642,131.560742544,1252,cat,0,mmap,7.564
464.284287442,131.561194344,1252,cat,0,close,2.654
464.284603156,131.561510058,1252,cat,0,mmap,13.544
464.285509527,131.562416429,1252,cat,0,syscall_158,3.190
464.285857870,131.562764772,1252,cat,0,syscall_218,2.855
464.286631991,131.563538893,1252,cat,0,syscall_273,2.043
464.286974162,131.563881064,1252,cat,0,syscall_334,2.703
464.287876025,131.564782927,1252,cat,0,mprotect,20.769
464.288699757,131.565606659,1252,cat,0,mprotect,19.803
464.289588507,131.566495409,1252,cat,0,mprotect,23.766
464.289998186,131.566905088,1252,cat,0,syscall_302,3.589
464.290768576,131.567675478,1252,cat,0,syscall_318,4.933
464.291513360,131.568420262,1252,cat,0,munmap,93.664
464.291993710,131.568900612,1252,cat,0,brk,3.041
464.292732604,131.569639506,1252,cat,0,brk,10.862
464.293535169,131.570442071,1252,cat,0,openat,17.116
464.293872856,131.570779758,1252,cat,0,openat,16.978
464.294597800,131.571504702,1252,cat,0,fstat,5.596
464.294931403,131.571838305,1252,cat,0,read,8.762
464.295419284,131.572326186,1252,cat,0,read,2.146
464.295598785,131.572505687,1252,cat,0,close,3.852
464.295786020,131.572692922,1252,cat,0,openat,6.180
464.296220103,131.573127005,1252,cat,0,openat,8.966
464.296528760,131.573435662,1252,cat,0,fstat,3.765
464.296842343,131.573749245,1252,cat,0,mmap,20.619
464.297559928,131.574466830,1252,cat,0,close,2.627
464.297878783,131.574785685,1252,cat,0,openat,10.765
464.298620653,131.575527555,1252,cat,0,openat,12.327
464.298954098,131.575861000,1252,cat,0,fstat,4.397
464.299897769,131.576804671,1252,cat,0,read,11.618
464.302109587,131.579016489,1252,cat,0,read,6.430
464.304972382,131.581879284,1252,cat,0,close,11.617
464.307836003,131.584742905,1252,cat,0,openat,30.531
464.309970651,131.586877553,1252,cat,0,fstat,7.804
464.312949709,131.589856611,1252,cat,0,syscall_217,40.513
464.315886243,131.592793145,1252,cat,0,openat,30.238
464.318854118,131.595761020,1252,cat,0,fstat,6.997
464.320970877,131.597877779,1252,cat,0,read,11.184
464.323140072,131.600046974,1252,cat,0,read,9.406
464.324758417,131.601665319,1252,cat,0,read,9.657
464.327038302,131.603945204,1252,cat,0,read,8.893
464.330178299,131.607085201,1252,cat,0,read,12.859
464.331807603,131.608714505,1252,cat,0,read,10.729
464.335133786,131.612040688,1252,cat,0,read,10.141
464.336836721,131.613743623,1252,cat,0,read,10.103
464.339284441,131.616191343,1252,cat,0,read,9.895
464.340379409,131.617286311,1252,cat,0,brk,11.233
464.340626223,131.617533125,1252,cat,0,read,4.087
464.340902443,131.617809345,1252,cat,0,read,3.274
464.341773592,131.618680494,1252,cat,0,read,6.575
464.342969918,131.619876820,1252,cat,0,read,7.962
464.343965572,131.620872474,1252,cat,0,read,6.735
464.344776465,131.621683367,1252,cat,0,read,4.626
464.345523273,131.622430175,1252,cat,0,close,11.772
464.345873148,131.622780050,1252,cat,0,syscall_217,21.990
464.346632912,131.623539814,1252,cat,0,close,8.964
464.347540318,131.624447220,1252,cat,0,syscall_202,5.100
464.347886567,131.624793469,1252,cat,0,openat,18.512
464.348645794,131.625552696,1252,cat,0,openat,19.028
464.349486017,131.626392919,1252,cat,0,fstat,6.276
464.349818782,131.626725684,1252,cat,0,mmap,23.134
464.350595417,131.627502319,1252,cat,0,close,3.692
464.350957782,131.627864684,1252,cat,0,openat,13.613
464.351718512,131.628625414,1252,cat,0,openat,15.247
464.352477230,131.629384132,1252,cat,0,fstat,4.549
464.352803226,131.629710128,1252,cat,0,mmap,19.776
464.353576888,131.630483790,1252,cat,0,close,3.400
464.353926881,131.630833783,1252,cat,0,openat,12.153
464.354690970,131.631597872,1252,cat,0,openat,15.939
464.355044194,131.631951096,1252,cat,0,fstat,4.654
464.355786138,131.632693040,1252,cat,0,mmap,18.739
464.356639561,131.633546463,1252,cat,0,close,3.490
464.357002269,131.633909171,1252,cat,0,openat,12.500
464.357755885,131.634662787,1252,cat,0,openat,16.468
464.358584183,131.635491085,1252,cat,0,fstat,4.804
464.358902176,131.635809078,1252,cat,0,mmap,16.653
464.359629875,131.636536777,1252,cat,0,close,3.074
464.360355302,131.637262204,1252,cat,0,openat,13.654
464.360675241,131.637582143,1252,cat,0,openat,14.091
464.360997839,131.637904741,1252,cat,0,fstat,4.051
464.361694299,131.638601201,1252,cat,0,mmap,20.970
464.362477107,131.639384009,1252,cat,0,close,2.977
464.362807674,131.639714576,1252,cat,0,openat,10.512
464.363724034,131.640630936,1252,cat,0,openat,28.169
464.363998885,131.640905787,1252,cat,0,fstat,3.014
464.364406177,131.641313079,1252,cat,0,close,5.441
464.364584664,131.641491566,1252,cat,0,openat,8.664
464.364764824,131.641671726,1252,cat,0,fstat,2.177
464.365536456,131.642443358,1252,cat,0,mmap,19.815
464.365896939,131.642803841,1252,cat,0,close,3.181
464.366704143,131.643611045,1252,cat,0,openat,13.340
464.367058866,131.643965768,1252,cat,0,openat,13.655
464.367813028,131.644719930,1252,cat,0,fstat,4.492
464.368622067,131.645528969,1252,cat,0,mmap,16.005
464.368963940,131.645870842,1252,cat,0,close,3.156
464.369737893,131.646644795,1252,cat,0,openat,11.191
464.370548805,131.647455707,1252,cat,0,openat,15.174
464.370874332,131.647781234,1252,cat,0,fstat,3.984
464.371584597,131.648491499,1252,cat,0,mmap,15.085
464.371915796,131.648822698,1252,cat,0,close,2.881
464.372583829,131.649490731,1252,cat,0,openat,6.184
464.372764189,131.649671091,1252,cat,0,openat,7.367
464.372948434,131.649855336,1252,cat,0,fstat,2.272
464.373340317,131.650247219,1252,cat,0,mmap,62.621
464.373581873,131.650488775,1252,cat,0,close,1.538
464.373767430,131.650674332,1252,cat,0,openat,5.618
464.373952286,131.650859188,1252,cat,0,openat,6.996
464.376038133,131.652945035,1252,cat,0,fstat,12.589
464.378968097,131.655874999,1252,cat,0,mmap,37.688
464.381848933,131.658755835,1252,cat,0,close,5.400
464.385090134,131.661997036,1252,cat,0,openat,23.331
464.388799281,131.665706183,1252,cat,0,openat,25.985
464.389894576,131.666801478,1252,cat,0,fstat,7.702
464.390652726,131.667559628,1252,cat,0,mmap,22.115
464.391494173,131.668401075,1252,cat,0,close,3.128
464.391858376,131.668765278,1252,cat,0,fstat,5.428
464.392664733,131.669571635,1252,cat,0,openat,17.887
464.393482909,131.670389811,1252,cat,0,fstat,3.790
464.393805575,131.670712477,1252,cat,0,syscall_221,2.720
464.394535357,131.671442259,1252,cat,0,mmap,12.459
464.395890285,131.672797187,1252,cat,0,read,9.181
464.396326692,131.673233594,1252,cat,0,write,2.931
464.396506287,131.673413189,1252,cat,0,read,1.891
464.396903697,131.673810599,1252,cat,0,munmap,31.654
464.400003507,131.676910409,1252,cat,0,close,10.854
464.404875160,131.681782062,1252,cat,0,close,5.299
464.406375364,131.683282266,1252,cat,0,close,2.922
464.245889849,131.522796751,1179,find,0,wait4,161563.427
464.408659638,131.685566540,1179,find,0,rt_sigprocmask,4.029
464.409415933,131.686322835,1179,find,0,clone,731.795
464.411981254,131.688888156,1179,find,0,rt_sigprocmask,6.312
464.416129384,131.693036286,1253,find,0,syscall_273,4.801
464.419890803,131.696797705,1253,find,0,rt_sigprocmask,4.944
464.422919400,131.699826302,1253,find,0,syscall_81,10.996
464.426481502,131.703388404,1253,find,0,execve,16.423
464.426858639,131.703765541,1253,find,0,execve,15.737
464.429010833,131.705917735,1253,cat,0,execve,1959.125
464.434731972,131.711638874,1253,cat,0,brk,4.208
464.444586016,131.721492918,1253,cat,0,access,17.223
464.445455604,131.722362506,1253,cat,0,openat,21.448
464.445792321,131.722699223,1253,cat,0,fstat,5.797
464.446574733,131.723481635,1253,cat,0,mmap,24.693
464.447884397,131.724791299,1253,cat,0,close,5.817
464.450022871,131.726929773,1253,cat,0,openat,29.780
464.452863919,131.729770821,1253,cat,0,read,12.098
464.455020664,131.731927566,1253,cat,0,pread64,9.921
464.456326898,131.733233800,1253,cat,0,fstat,7.600
464.457841064,131.734747966,1253,cat,0,mmap,26.509
464.460884680,131.737791582,1253,cat,0,pread64,9.957
464.462472330,131.739379232,1253,cat,0,mmap,33.236
464.463267291,131.740174193,1253,cat,0,mmap,34.920
464.463653623,131.740560525,1253,cat,0,mmap,26.754
464.464454302,131.741361204,1253,cat,0,mmap,166.187
464.465487249,131.742394151,1253,cat,0,mmap,17.262
464.465967098,131.742874000,1253,cat,0,close,4.839
464.466753445,131.743660347,1253,cat,0,mmap,16.167
464.467983633,131.744890535,1253,cat,0,syscall_158,7.077
464.470943900,131.747850802,1253,cat,0,syscall_218,5.901
464.473918076,131.750824978,1253,cat,0,syscall_273,3.302
464.475951320,131.752858222,1253,cat,0,syscall_334,4.389
464.478197383,131.755104285,1253,cat,0,mprotect,20.095
464.478676778,131.755583680,1253,cat,0,mprotect,13.068
464.478882095,131.755788997,1253,cat,0,mprotect,12.481
464.479316364,131.756223266,1253,cat,0,syscall_302,2.120
464.479582704,131.756489606,1253,cat,0,syscall_318,4.344
464.479920672,131.756827574,1253,cat,0,munmap,114.684
464.480841536,131.757748438,1253,cat,0,brk,3.552
464.481581185,131.758488087,1253,cat,0,brk,11.589
464.481946128,131.758853030,1253,cat,0,openat,19.218
464.482725212,131.759632114,1253,cat,0,openat,21.686
464.483793352,131.760700254,1253,cat,0,fstat,7.893
464.485667256,131.762574158,1253,cat,0,read,8.941
464.486503754,131.763410656,1253,cat,0,read,3.575
464.486869225,131.763776127,1253,cat,0,close,8.153
464.487612275,131.764519177,1253,cat,0,openat,14.461
464.487987382,131.764894284,1253,cat,0,openat,14.724
464.492077256,131.768984158,1253,cat,0,fstat,9.715
464.495046372,131.771953274,1253,cat,0,mmap,52.612
464.496573086,131.773479988,1253,cat,0,close,5.744
464.497986244,131.774893146,1253,cat,0,openat,20.517
464.499724082,131.776630984,1253,cat,0,openat,26.738
464.501956218,131.778863120,1253,cat,0,fstat,7.306
464.504985098,131.781892000,1253,cat,0,read,11.901
464.507980266,131.784887168,1253,cat,0,read,6.840
464.509737562,131.786644464,1253,cat,0,close,3.977
464.510560525,131.787467427,1253,cat,0,openat,24.593
464.511919891,131.788826793,1253,cat,0,fstat,6.571
464.514977971,131.791884873,1253,cat,0,syscall_217,29.448
464.517949436,131.794856338,1253,cat,0,openat,21.715
464.521028875,131.797935777,1253,cat,0,fstat,10.918
464.525503883,131.802410785,1253,cat,0,read,9.601
464.525748881,131.802655783,1253,cat,0,read,3.684
464.526379936,131.803286838,1253,cat,0,read,6.814
464.526818801,131.803725703,1253,cat,0,read,6.169
464.527685153,131.804592055,1253,cat,0,read,5.554
464.529073211,131.805980113,1253,cat,0,read,9.872
464.530811016,131.807717918,1253,cat,0,read,9.054
464.533084129,131.809991031,1253,cat,0,read,11.260
464.534018206,131.810925108,1253,cat,0,read,5.693
464.537112079,131.814018981,1253,cat,0,brk,23.483
464.540134576,131.817041478,1253,cat,0,read,7.600
464.540643949,131.817550851,1253,cat,0,read,3.385
464.542263263,131.819170165,1253,cat,0,read,9.351
464.544119212,131.821026114,1253,cat,0,read,9.486
464.546275934,131.823182836,1253,cat,0,read,11.976
464.548956731,131.825863633,1253,cat,0,read,8.589
464.550805987,131.827712889,1253,cat,0,close,8.093
464.551375727,131.828282629,1253,cat,0,syscall_217,27.376
464.551615828,131.828522730,1253,cat,0,close,4.745
464.551847489,131.828754391,1253,cat,0,syscall_202,2.763
464.552251916,131.829158818,1253,cat,0,openat,12.554
464.552562543,131.829469445,1253,cat,0,openat,18.808
464.553339391,131.830246293,1253,cat,0,fstat,5.246
464.553678466,131.830585368,1253,cat,0,mmap,25.511
464.554439210,131.831346112,1253,cat,0,close,2.957
464.554799121,131.831706023,1253,cat,0,openat,11.458
464.555532799,131.832439701,1253,cat,0,openat,14.939
464.555859462,131.832766364,1253,cat,0,fstat,4.105
464.556622949,131.833529851,1253,cat,0,mmap,17.554
464.557476715,131.834383617,1253,cat,0,close,3.195
464.557811720,131.834718622,1253,cat,0,openat,11.402
464.558561698,131.835468600,1253,cat,0,openat,15.700
464.558887067,131.835793969,1253,cat,0,fstat,3.940
464.559642988,131.836549890,1253,cat,0,mmap,16.072
464.559966437,131.836873339,1253,cat,0,close,2.679
464.561970511,131.838877413,1253,cat,0,openat,18.312
464.564962992,131.841869894,1253,cat,0,openat,23.191
464.567863915,131.844770817,1253,cat,0,fstat,7.159
464.569959940,131.846866842,1253,cat,0,mmap,28.326
464.571559369,131.848466271,1253,cat,0,close,4.467
464.571768966,131.848675868,1253,cat,0,openat,15.687
464.572213743,131.849120645,1253,cat,0,openat,14.068
464.572548949,131.849455851,1253,cat,0,fstat,6.206
464.572873378,131.849780280,1253,cat,0,mmap,28.134
464.573637062,131.850543964,1253,cat,0,close,3.618
464.573983174,131.850890076,1253,cat,0,openat,10.505
464.575201546,131.852108448,1253,cat,0,openat,19.572
464.575539557,131.852446459,1253,cat,0,fstat,4.328
464.575848188,131.852755090,1253,cat,0,close,8.215
464.576609184,131.853516086,1253,cat,0,openat,15.423
464.576937589,131.853844491,1253,cat,0,fstat,3.996
464.577644665,131.854551567,1253,cat,0,mmap,20.532
464.577972369,131.854879271,1253,cat,0,close,2.686
464.578697906,131.855604808,1253,cat,0,openat,12.287
464.579470819,131.856377721,1253,cat,0,openat,15.169
464.579801515,131.856708417,1253,cat,0,fstat,4.253
464.580503098,131.857410000,1253,cat,0,mmap,15.657
464.580826425,131.857733327,1253,cat,0,close,2.928
464.583051125,131.859958027,1253,cat,0,openat,21.920
464.585966960,131.862873862,1253,cat,0,openat,24.263
464.588922922,131.865829824,1253,cat,0,fstat,7.729
464.591054884,131.867961786,1253,cat,0,mmap,31.524
464.592584112,131.869491014,1253,cat,0,close,4.950
464.593991517,131.870898419,1253,cat,0,openat,16.359
464.596790337,131.873697239,1253,cat,0,openat,20.839
464.598922002,131.875828904,1253,cat,0,fstat,6.481
464.601818413,131.878725315,1253,cat,0,mmap,233.572
464.604896133,131.881803035,1253,cat,0,close,4.232
464.607003373,131.883910275,1253,cat,0,openat,16.302
464.608292749,131.885199651,1253,cat,0,openat,13.793
464.608656090,131.885562992,1253,cat,0,fstat,4.446
464.609395087,131.886301989,1253,cat,0,mmap,14.373
464.609760975,131.886667877,1253,cat,0,close,2.652
464.610564370,131.887471272,1253,cat,0,openat,9.403
464.610905634,131.887812536,1253,cat,0,openat,11.604
464.611678788,131.888585690,1253,cat,0,fstat,3.553
464.612781006,131.889687908,1253,cat,0,mmap,22.843
464.615926644,131.892833546,1253,cat,0,close,5.926
464.620019187,131.896926089,1253,cat,0,fstat,9.984
464.624013023,131.900919925,1253,cat,0,openat,31.577
464.626897977,131.903804879,1253,cat,0,fstat,8.263
464.628205446,131.905112348,1253,cat,0,syscall_221,4.838
464.629654004,131.906560906,1253,cat,0,mmap,28.549
464.631902040,131.908808942,1253,cat,0,read,34.696
464.633583125,131.910490027,1253,cat,0,write,6.099
464.633795170,131.910702072,1253,cat,0,read,6.927
464.634211857,131.911118759,1253,cat,0,munmap,22.399
464.634411970,131.911318872,1253,cat,0,close,5.927
464.634635762,131.911542664,1253,cat,0,close,2.791
464.637959691,131.914866593,1253,cat,0,close,11.907
464.415927225,131.692834127,1179,find,0,wait4,225794.539
464.645987867,131.922894769,1179,find,0,rt_sigprocmask,6.056
464.648826882,131.925733784,1179,find,0,clone,1119.057
464.653760056,131.930666958,1179,find,0,rt_sigprocmask,4.281
464.657019209,131.933926111,1254,find,0,syscall_273,4.970
464.659910255,131.936817157,1254,find,0,rt_sigprocmask,4.741
464.661422069,131.938328971,1254,find,0,syscall_81,8.063
464.662864102,131.939771004,1254,find,0,execve,25.216
464.664821583,131.941728485,1254,find,0,execve,14.549
464.665244424,131.942151326,1254,cat,0,execve,907.200
464.667445787,131.944352689,1254,cat,0,brk,3.635
464.685770978,131.962677880,1254,cat,0,access,13.776
464.685983924,131.962890826,1254,cat,0,openat,14.998
464.686403224,131.963310126,1254,cat,0,fstat,3.844
464.686691118,131.963598020,1254,cat,0,mmap,26.586
464.687571773,131.964478675,1254,cat,0,close,3.892
464.687925680,131.964832582,1254,cat,0,openat,18.796
464.688708682,131.965615584,1254,cat,0,read,7.930
464.689684263,131.966591165,1254,cat,0,pread64,7.916
464.690545263,131.967452165,1254,cat,0,fstat,5.639
464.690881058,131.967787960,1254,cat,0,mmap,17.159
464.691683188,131.968590090,1254,cat,0,pread64,6.809
464.692016539,131.968923441,1254,cat,0,mmap,20.434
464.692806145,131.969713047,1254,cat,0,mmap,31.403
464.693607305,131.970514207,1254,cat,0,mmap,27.202
464.693961078,131.970867980,1254,cat,0,mmap,115.665
464.694852976,131.971759878,1254,cat,0,mmap,14.863
464.696503128,131.973410030,1254,cat,0,close,2.671
464.696858359,131.973765261,1254,cat,0,mmap,14.713
464.697711579,131.974618481,1254,cat,0,syscall_158,3.070
464.698460418,131.975367320,1254,cat,0,syscall_218,1.920
464.698638348,131.975545250,1254,cat,0,syscall_273,1.167
464.698813486,131.975720388,1254,cat,0,syscall_334,1.482
464.699320951,131.976227853,1254,cat,0,mprotect,11.958
464.699527218,131.976434120,1254,cat,0,mprotect,10.338
464.699843259,131.976750161,1254,cat,0,mprotect,19.981
464.700625915,131.977532817,1254,cat,0,syscall_302,3.140
464.700968611,131.977875513,1254,cat,0,syscall_318,4.579
464.701680797,131.978587699,1254,cat,0,munmap,92.896
464.702589617,131.979496519,1254,cat,0,brk,3.021
464.702910253,131.979817155,1254,cat,0,brk,11.070
464.703638704,131.980545606,1254,cat,0,openat,16.645
464.703970807,131.980877709,1254,cat,0,openat,17.208
464.704739656,131.981646558,1254,cat,0,fstat,5.188
464.705596324,131.982503226,1254,cat,0,read,8.246
464.705855073,131.982761975,1254,cat,0,read,2.342
464.706033009,131.982939911,1254,cat,0,close,4.184
464.706433165,131.983340067,1254,cat,0,openat,6.932
464.706612280,131.983519182,1254,cat,0,openat,8.365
464.706792004,131.983698906,1254,cat,0,fstat,2.441
464.707456091,131.984362993,1254,cat,0,mmap,22.661
464.707756323,131.984663225,1254,cat,0,close,2.343
464.708392845,131.985299747,1254,cat,0,openat,10.578
464.708657173,131.985564075,1254,cat,0,openat,11.301
464.708912051,131.985818953,1254,cat,0,fstat,3.352
464.709614454,131.986521356,1254,cat,0,read,7.903
464.709966719,131.986873621,1254,cat,0,read,3.606
464.710667866,131.987574768,1254,cat,0,close,6.992
464.710990634,131.987897536,1254,cat,0,openat,16.575
464.711705822,131.988612724,1254,cat,0,fstat,4.501
464.712497107,131.989404009,1254,cat,0,syscall_217,22.430
464.712850916,131.989757818,1254,cat,0,openat,14.932
464.713560189,131.990467091,1254,cat,0,fstat,4.360
464.713884889,131.990791791,1254,cat,0,read,6.465
464.714696996,131.991603898,1254,cat,0,read,6.699
464.715576594,131.992483496,1254,cat,0,read,7.095
464.718303240,131.995210142,1254,cat,0,read,17.782
464.720142383,131.997049285,1254,cat,0,read,16.144
464.722031590,131.998938492,1254,cat,0,read,15.785
464.726662020,132.003568922,1254,cat,0,read,3.873
464.726960269,132.003867171,1254,cat,0,read,3.805
464.727450089,132.004356991,1254,cat,0,read,3.635
464.727694762,132.004601664,1254,cat,0,brk,15.762
464.728528610,132.005435512,1254,cat,0,read,6.606
464.729036627,132.005943529,1254,cat,0,read,6.208
464.730240770,132.007147672,1254,cat,0,read,7.252
464.731681028,132.008587930,1254,cat,0,read,7.099
464.732702970,132.009609872,1254,cat,0,read,6.609
464.733497638,132.010404540,1254,cat,0,read,4.535
464.733836544,132.010743446,1254,cat,0,close,10.259
464.734554200,132.011461102,1254,cat,0,syscall_217,20.203
464.735386631,132.012293533,1254,cat,0,close,9.399
464.735791048,132.012697950,1254,cat,0,syscall_202,4.531
464.736125062,132.013031964,1254,cat,0,openat,18.481
464.739289894,132.016196796,1254,cat,0,openat,13.541
464.739496207,132.016403109,1254,cat,0,fstat,15.917
464.739690896,132.016597798,1254,cat,0,mmap,19.732
464.739881640,132.016788542,1254,cat,0,close,1.877
464.740297352,132.017204254,1254,cat,0,openat,6.429
464.740477999,132.017384901,1254,cat,0,openat,7.536
464.740655498,132.017562400,1254,cat,0,fstat,2.501
464.740831129,132.017738031,1254,cat,0,mmap,11.178
464.741230471,132.018137373,1254,cat,0,close,1.596
464.741413839,132.018320741,1254,cat,0,openat,6.420
464.741592416,132.018499318,1254,cat,0,openat,7.071
464.741772248,132.018679150,1254,cat,0,fstat,2.330
464.742160852,132.019067754,1254,cat,0,mmap,9.608
464.742443135,132.019350037,1254,cat,0,close,3.142
464.742786722,132.019693624,1254,cat,0,openat,11.172
464.743501219,132.020408121,1254,cat,0,openat,14.718
464.743823430,132.020730332,1254,cat,0,fstat,3.903
464.744569236,132.021476138,1254,cat,0,mmap,16.467
464.744892244,132.021799146,1254,cat,0,close,2.813
464.746070131,132.022977033,1254,cat,0,openat,27.379
464.765438605,132.042345507,1254,cat,0,openat,31.904
464.772466554,132.049373456,1254,cat,0,fstat,5.728
464.774637449,132.051544351,1254,cat,0,mmap,26.323
464.775507877,132.052414779,1254,cat,0,close,2.267
464.775787037,132.052693939,1254,cat,0,openat,14.625
464.776292269,132.053199171,1254,cat,0,openat,14.240
464.776554719,132.053461621,1254,cat,0,fstat,2.820
464.777360429,132.054267331,1254,cat,0,close,10.049
464.777832448,132.054739350,1254,cat,0,openat,16.626
464.778749553,132.055656455,1254,cat,0,fstat,4.851
464.779635599,132.056542501,1254,cat,0,mmap,23.378
464.780097816,132.057004718,1254,cat,0,close,3.075
464.781840908,132.058747810,1254,cat,0,openat,16.811
464.782760737,132.059667639,1254,cat,0,openat,15.904
464.783691319,132.060598221,1254,cat,0,fstat,5.926
464.784748012,132.061654914,1254,cat,0,mmap,22.830
464.786163826,132.063070728,1254,cat,0,close,11.580
464.787883885,132.064790787,1254,cat,0,openat,29.594
464.790221696,132.067128598,1254,cat,0,openat,29.461
464.792206837,132.069113739,1254,cat,0,fstat,9.961
464.793327332,132.070234234,1254,cat,0,mmap,23.237
464.793613930,132.070520832,1254,cat,0,close,2.418
464.793890463,132.070797365,1254,cat,0,openat,10.830
464.794491984,132.071398886,1254,cat,0,openat,22.799
464.795636276,132.072543178,1254,cat,0,fstat,6.431
464.796652751,132.073559653,1254,cat,0,mmap,34.110
464.797599828,132.074506730,1254,cat,0,close,3.702
464.798632798,132.075539700,1254,cat,0,openat,17.370
464.799561647,132.076468549,1254,cat,0,openat,14.272
464.799868114,132.076775016,1254,cat,0,fstat,3.445
464.800148392,132.077055294,1254,cat,0,mmap,17.225
464.800758606,132.077665508,1254,cat,0,close,2.683
464.801489570,132.078396472,1254,cat,0,openat,16.076
464.801832707,132.078739609,1254,cat,0,openat,14.823
464.802862685,132.079769587,1254,cat,0,fstat,7.236
464.803881251,132.080788153,1254,cat,0,mmap,22.277
464.804598320,132.081505222,1254,cat,0,close,3.198
464.805107420,132.082014322,1254,cat,0,fstat,7.885
464.807099581,132.084006483,1254,cat,0,openat,38.651
464.809036132,132.085943034,1254,cat,0,fstat,8.581
464.809983150,132.086890052,1254,cat,0,syscall_221,3.633
464.810886691,132.087793593,1254,cat,0,mmap,22.792
464.811823943,132.088730845,1254,cat,0,read,14.650
464.812744630,132.089651532,1254,cat,0,write,4.967
464.813643850,132.090550752,1254,cat,0,read,6.116
464.814670573,132.091577475,1254,cat,0,munmap,31.006
464.815400669,132.092307571,1254,cat,0,close,7.018
464.815699784,132.092606686,1254,cat,0,close,2.369
464.816367884,132.093274786,1254,cat,0,close,3.611
464.656822212,131.933729114,1179,find,0,wait4,160461.970
464.818746026,132.095652928,1179,find,0,rt_sigprocmask,3.859
464.819677995,132.096584897,1179,find,0,clone,1132.401
464.822106480,132.099013382,1179,find,0,rt_sigprocmask,4.332
464.823687587,132.100594489,1255,find,0,syscall_273,3.177
464.824649188,132.101556090,1255,find,0,rt_sigprocmask,3.156
464.825644007,132.102550909,1255,find,0,syscall_81,6.966
464.826417614,132.103324516,1255,find,0,execve,15.225
464.826748893,132.103655795,1255,find,0,execve,7.111
464.827231158,132.104138060,1255,cat,0,execve,990.953
464.829898824,132.106805726,1255,cat,0,brk,3.759
464.863045617,132.139952519,1255,cat,0,access,48.665
464.866425379,132.143332281,1255,cat,0,openat,38.537
464.868064183,132.144971085,1255,cat,0,fstat,7.875
464.871100079,132.148006981,1255,cat,0,mmap,32.221
464.872931346,132.149838248,1255,cat,0,close,6.460
464.875957027,132.152863929,1255,cat,0,openat,22.613
464.878982083,132.155888985,1255,cat,0,read,9.530
464.881960891,132.158867793,1255,cat,0,pread64,8.798
464.885052188,132.161959090,1255,cat,0,fstat,8.023
464.888088883,132.164995785,1255,cat,0,mmap,34.752
464.889769576,132.166676478,1255,cat,0,pread64,11.071
464.892070560,132.168977462,1255,cat,0,mmap,26.301
464.895063286,132.171970188,1255,cat,0,mmap,45.727
464.898144469,132.175051371,1255,cat,0,mmap,48.687
464.899836362,132.176743264,1255,cat,0,mmap,187.643
464.902844671,132.179751573,1255,cat,0,mmap,13.396
464.906277500,132.183184402,1255,cat,0,close,7.368
464.907910653,132.184817555,1255,cat,0,mmap,23.044
464.911022842,132.187929744,1255,cat,0,syscall_158,3.938
464.912564916,132.189471818,1255,cat,0,syscall_218,3.159
464.912876149,132.189783051,1255,cat,0,syscall_273,1.214
464.917345202,132.194252104,1255,cat,0,syscall_334,5.053
464.919198536,132.196105438,1255,cat,0,mprotect,38.991
464.920882489,132.197789391,1255,cat,0,mprotect,26.714
464.924042675,132.200949577,1255,cat,0,mprotect,18.296
464.927226356,132.204133258,1255,cat,0,syscall_302,4.993
464.928873433,132.205780335,1255,cat,0,syscall_318,7.738
464.931996517,132.208903419,1255,cat,0,munmap,176.171
464.933858826,132.210765728,1255,cat,0,brk,4.197
464.938015568,132.214922470,1255,cat,0,brk,24.141
464.941084236,132.217991138,1255,cat,0,openat,21.927
464.945075493,132.221982395,1255,cat,0,openat,34.096
464.946795612,132.223702514,1255,cat,0,fstat,8.101
464.949083827,132.225990729,1255,cat,0,read,11.952
464.958919850,132.235826752,1255,cat,0,read,12.091
464.977775773,132.254682675,1255,cat,0,close,7.401
464.978874868,132.255781770,1255,cat,0,openat,18.364
464.979732287,132.256639189,1255,cat,0,openat,16.179
464.980564120,132.257471022,1255,cat,0,fstat,4.647
464.981432802,132.258339704,1255,cat,0,mmap,28.460
464.981879230,132.258786132,1255,cat,0,close,3.026
464.982678322,132.259585224,1255,cat,0,openat,9.824
464.983094927,132.260001829,1255,cat,0,openat,10.906
464.983871347,132.260778249,1255,cat,0,fstat,2.923
464.984654230,132.261561132,1255,cat,0,read,6.599
464.985086228,132.261993130,1255,cat,0,read,3.003
464.985861618,132.262768520,1255,cat,0,close,4.602
464.986809800,132.263716702,1255,cat,0,openat,8.524
464.987900116,132.264807018,1255,cat,0,fstat,1.859
464.988876054,132.265782956,1255,cat,0,syscall_217,35.484
464.991246340,132.268153242,1255,cat,0,openat,29.539
464.992831003,132.269737905,1255,cat,0,fstat,6.251
464.995120692,132.272027594,1255,cat,0,read,9.481
465.000650672,132.277557574,1255,cat,0,read,20.523
465.004301762,132.281208664,1255,cat,0,read,11.082
465.007234983,132.284141885,1255,cat,0,read,12.135
465.012338129,132.289245031,1255,cat,0,read,11.886
465.017407458,132.294314360,1255,cat,0,read,18.800
465.021492474,132.298399376,1255,cat,0,read,18.901
465.024360892,132.301267794,1255,cat,0,read,11.729
465.025899119,132.302806021,1255,cat,0,read,13.701
465.028713094,132.305619996,1255,cat,0,brk,21.610
465.032398897,132.309305799,1255,cat,0,read,13.717
465.036361236,132.313268138,1255,cat,0,read,12.630
465.040538887,132.317445789,1255,cat,0,read,13.054
465.043703748,132.320610650,1255,cat,0,read,7.834
465.044695248,132.321602150,1255,cat,0,read,4.185
465.045491500,132.322398402,1255,cat,0,read,2.607
465.045875732,132.322782634,1255,cat,0,close,7.580
465.046612431,132.323519333,1255,cat,0,syscall_217,15.830
465.047426968,132.324333870,1255,cat,0,close,6.715
465.047879072,132.324785974,1255,cat,0,syscall_202,3.528
465.048621792,132.325528694,1255,cat,0,openat,15.492
465.049696024,132.326602926,1255,cat,0,openat,34.843
465.052048535,132.328955437,1255,cat,0,fstat,8.328
465.055053280,132.331960182,1255,cat,0,mmap,41.663
465.058101657,132.335008559,1255,cat,0,close,4.358
465.062133203,132.339040105,1255,cat,0,openat,37.882
465.063947110,132.340854012,1255,cat,0,openat,33.676
465.067155027,132.344061929,1255,cat,0,fstat,17.104
465.068754898,132.345661800,1255,cat,0,mmap,45.740
465.070899772,132.347806674,1255,cat,0,close,7.803
465.074058432,132.350965334,1255,cat,0,openat,29.306
465.077065842,132.353972744,1255,cat,0,openat,30.081
465.079274783,132.356181685,1255,cat,0,fstat,7.941
465.080027288,132.356934190,1255,cat,0,mmap,13.518
465.083023813,132.359930715,1255,cat,0,close,6.278
465.087029047,132.363935949,1255,cat,0,openat,17.657
465.090935122,132.367842024,1255,cat,0,openat,8.386
465.091882660,132.368789562,1255,cat,0,fstat,6.162
465.094949075,132.371855977,1255,cat,0,mmap,33.792
465.097991729,132.374898631,1255,cat,0,close,4.551
465.101216894,132.378123796,1255,cat,0,openat,11.128
465.101870938,132.378777840,1255,cat,0,openat,37.935
465.105010061,132.381916963,1255,cat,0,fstat,10.520
465.107989006,132.384895908,1255,cat,0,mmap,32.659
465.111071275,132.387978177,1255,cat,0,close,5.071
465.114610710,132.391517612,1255,cat,0,openat,16.276
465.116114720,132.393021622,1255,cat,0,openat,23.729
465.117738480,132.394645382,1255,cat,0,fstat,7.423
465.120044521,132.396951423,1255,cat,0,close,13.313
465.122512500,132.399419402,1255,cat,0,openat,8.387
465.123880675,132.400787577,1255,cat,0,fstat,5.929
465.127145384,132.404052286,1255,cat,0,mmap,53.085
465.128878967,132.405785869,1255,cat,0,close,4.763
465.134035214,132.410942116,1255,cat,0,openat,26.632
465.139109421,132.416016323,1255,cat,0,openat,32.039
465.140832687,132.417739589,1255,cat,0,fstat,7.971
465.145207907,132.422114809,1255,cat,0,mmap,29.616
465.146939208,132.423846110,1255,cat,0,close,4.722
465.150254379,132.427161281,1255,cat,0,openat,23.522
465.152096627,132.429003529,1255,cat,0,openat,26.652
465.153903058,132.430809960,1255,cat,0,fstat,7.071
465.169047286,132.445954188,1255,cat,0,mmap,38.799
465.171182454,132.448089356,1255,cat,0,close,7.053
465.174010566,132.450917468,1255,cat,0,openat,20.630
465.179142325,132.456049227,1255,cat,0,openat,45.859
465.180882741,132.457789643,1255,cat,0,fstat,8.186
465.186134309,132.463041211,1255,cat,0,mmap,45.602
465.190038509,132.466945411,1255,cat,0,close,6.195
465.193145600,132.470052502,1255,cat,0,openat,30.900
465.194758537,132.471665439,1255,cat,0,openat,25.681
465.197003944,132.473910846,1255,cat,0,fstat,9.124
465.200941191,132.477848093,1255,cat,0,mmap,34.875
465.203954685,132.480861587,1255,cat,0,close,4.580
465.206209787,132.483116689,1255,cat,0,openat,30.514
465.207966053,132.484872955,1255,cat,0,openat,32.683
465.211193662,132.488100564,1255,cat,0,fstat,9.556
465.212996964,132.489903866,1255,cat,0,mmap,30.050
465.215990079,132.492896981,1255,cat,0,close,7.376
465.219093411,132.496000313,1255,cat,0,fstat,11.577
465.223012587,132.499919489,1255,cat,0,openat,21.709
465.225930405,132.502837307,1255,cat,0,fstat,10.109
465.228992579,132.505899481,1255,cat,0,syscall_221,6.512
465.232061770,132.508968672,1255,cat,0,mmap,42.233
465.235170487,132.512077389,1255,cat,0,read,27.750
465.238058737,132.514965639,1255,cat,0,write,5.511
465.241143799,132.518050701,1255,cat,0,read,7.314
465.242941271,132.519848173,1255,cat,0,munmap,61.070
465.245937769,132.522844671,1255,cat,0,close,11.546
465.250254971,132.527161873,1255,cat,0,close,9.820
465.251779650,132.528686552,1255,cat,0,close,5.253
464.823560105,132.100467007,1179,find,0,wait4,434028.652
465.260211892,132.537118794,1179,find,0,rt_sigprocmask,5.389
465.261788959,132.538695861,1179,find,0,clone,1282.888
465.266944222,132.543851124,1179,find,0,rt_sigprocmask,4.785
465.270097737,132.547004639,1256,find,0,syscall_273,4.829
465.274083882,132.550990784,1256,find,0,rt_sigprocmask,4.485
465.278135199,132.555042101,1256,find,0,syscall_81,6.206
465.280066985,132.556973887,1256,find,0,execve,22.239
465.285124455,132.562031357,1256,find,0,execve,18.415
465.290256365,132.567163267,1256,cat,0,execve,2110.640
465.296108139,132.573015041,1256,cat,0,brk,6.456
465.349012957,132.625919859,1256,cat,0,access,27.842
465.353074184,132.629981086,1256,cat,0,openat,37.384
465.354914829,132.631821731,1256,cat,0,fstat,7.055
465.359161291,132.636068193,1256,cat,0,mmap,41.253
465.360874346,132.637781248,1256,cat,0,close,5.221
465.363419892,132.640326794,1256,cat,0,openat,38.612
465.373181372,132.650088274,1256,cat,0,read,17.757
465.375975309,132.652882211,1256,cat,0,pread64,10.006
465.379903873,132.656810775,1256,cat,0,fstat,9.736
465.383938044,132.660844946,1256,cat,0,mmap,29.491
465.388043368,132.664950270,1256,cat,0,pread64,10.820
465.389873944,132.666780846,1256,cat,0,mmap,36.965
465.395989503,132.672896405,1256,cat,0,mmap,256.678
465.396707333,132.673614235,1256,cat,0,mmap,17.020
465.399083963,132.675990865,1256,cat,0,mmap,52.076
465.400794345,132.677701247,1256,cat,0,mmap,22.588
465.403833885,132.680740787,1256,cat,0,close,7.414
465.407055908,132.683962810,1256,cat,0,mmap,23.617
465.408938404,132.685845306,1256,cat,0,syscall_158,3.552
465.413116967,132.690023869,1256,cat,0,syscall_218,4.814
465.414914082,132.691820984,1256,cat,0,syscall_273,3.616
465.418088157,132.694995059,1256,cat,0,syscall_334,3.119
465.420107659,132.697014561,1256,cat,0,mprotect,36.594
465.422030821,132.698937723,1256,cat,0,mprotect,29.952
465.424657386,132.701564288,1256,cat,0,mprotect,11.378
465.425837446,132.702744348,1256,cat,0,syscall_302,4.485
465.430681267,132.707588169,1256,cat,0,syscall_318,2.844
465.430913306,132.707820208,1256,cat,0,munmap,70.670
465.434215101,132.711122003,1256,cat,0,brk,4.577
465.435869599,132.712776501,1256,cat,0,brk,20.306
465.439113322,132.716020224,1256,cat,0,openat,34.123
465.440832774,132.717739676,1256,cat,0,openat,31.559
465.444220394,132.721127296,1256,cat,0,fstat,9.434
465.445977336,132.722884238,1256,cat,0,read,13.080
465.450083247,132.726990149,1256,cat,0,read,5.332
465.452042448,132.728949350,1256,cat,0,close,14.122
465.454153770,132.731060672,1256,cat,0,openat,28.535
465.457083513,132.733990415,1256,cat,0,openat,33.732
465.460119743,132.737026645,1256,cat,0,fstat,10.642
465.461746269,132.738653171,1256,cat,0,mmap,49.975
465.464820907,132.741727809,1256,cat,0,close,5.793
465.467980042,132.744886944,1256,cat,0,openat,20.135
465.471093127,132.748000029,1256,cat,0,openat,22.450
465.475085669,132.751992571,1256,cat,0,fstat,8.316
465.476833426,132.753740328,1256,cat,0,read,12.312
465.479050153,132.755957055,1256,cat,0,read,5.949
465.482811962,132.759718864,1256,cat,0,close,13.051
465.484932814,132.761839716,1256,cat,0,openat,34.840
465.487845121,132.764752023,1256,cat,0,fstat,7.375
465.490062334,132.766969236,1256,cat,0,syscall_217,54.388
465.491647599,132.768554501,1256,cat,0,openat,57.205
465.492994482,132.769901384,1256,cat,0,fstat,11.336
465.494985152,132.771892054,1256,cat,0,read,11.487
465.498209873,132.775116775,1256,cat,0,read,13.685
465.499879780,132.776786682,1256,cat,0,read,9.404
465.503110665,132.780017567,1256,cat,0,read,9.088
465.509184541,132.786091443,1256,cat,0,read,30.729
465.510831142,132.787738044,1256,cat,0,read,4.573
465.513133991,132.790040893,1256,cat,0,read,10.163
465.516229797,132.793136699,1256,cat,0,read,9.487
465.517957375,132.794864277,1256,cat,0,read,9.268
465.520157672,132.797064574,1256,cat,0,brk,27.657
465.521713049,132.798619951,1256,cat,0,read,9.394
465.524125380,132.801032282,1256,cat,0,read,9.228
465.527461357,132.804368259,1256,cat,0,read,9.267
465.531114178,132.808021080,1256,cat,0,read,13.662
465.533217453,132.810124355,1256,cat,0,read,10.062
465.534795835,132.811702737,1256,cat,0,read,6.628
465.537901106,132.814808008,1256,cat,0,close,18.246
465.540947595,132.817854497,1256,cat,0,syscall_217,33.840
465.544787457,132.821694359,1256,cat,0,close,15.369
465.548002972,132.824909874,1256,cat,0,syscall_202,6.125
465.549466475,132.826373377,1256,cat,0,openat,11.764
465.549671202,132.826578104,1256,cat,0,openat,9.764
465.553897569,132.830804471,1256,cat,0,fstat,22.979
465.556823200,132.833730102,1256,cat,0,mmap,34.080
465.559633770,132.836540672,1256,cat,0,close,5.323
465.560968845,132.837875747,1256,cat,0,openat,27.971
465.562991311,132.839898213,1256,cat,0,openat,42.827
465.565868775,132.842775677,1256,cat,0,fstat,10.866
465.567972729,132.844879631,1256,cat,0,mmap,48.358
465.570604946,132.847511848,1256,cat,0,close,7.597
465.573922947,132.850829849,1256,cat,0,openat,116.283
465.576947323,132.853854225,1256,cat,0,openat,27.198
465.580907920,132.857814822,1256,cat,0,fstat,8.019
465.583893530,132.860800432,1256,cat,0,mmap,33.639
465.586948452,132.863855354,1256,cat,0,close,4.706
465.592997453,132.869904355,1256,cat,0,openat,41.234
465.595881445,132.872788347,1256,cat,0,openat,26.449
465.597987919,132.874894821,1256,cat,0,fstat,9.269
465.600880320,132.877787222,1256,cat,0,mmap,48.267
465.603930574,132.880837476,1256,cat,0,close,6.478
465.606300877,132.883207779,1256,cat,0,openat,60.897
465.609912949,132.886819851,1256,cat,0,openat,38.038
465.613513422,132.890420324,1256,cat,0,fstat,5.130
465.614930372,132.891837274,1256,cat,0,mmap,164.951
465.617910419,132.894817321,1256,cat,0,close,5.033
465.620851888,132.897758790,1256,cat,0,openat,27.498
465.622503491,132.899410393,1256,cat,0,openat,36.909
465.623908341,132.900815243,1256,cat,0,fstat,6.883
465.625983202,132.902890104,1256,cat,0,close,14.014
465.628867691,132.905774593,1256,cat,0,openat,20.886
465.630954071,132.907860973,1256,cat,0,fstat,6.799
465.634878727,132.911785629,1256,cat,0,mmap,33.013
465.639955778,132.916862680,1256,cat,0,close,10.695
465.643983909,132.920890811,1256,cat,0,openat,19.387
465.646946436,132.923853338,1256,cat,0,openat,36.251
465.649957145,132.926864047,1256,cat,0,fstat,9.586
465.655027374,132.931934276,1256,cat,0,mmap,45.280
465.658818372,132.935725274,1256,cat,0,close,5.656
465.660949632,132.937856534,1256,cat,0,openat,19.100
465.663918027,132.940824929,1256,cat,0,openat,30.598
465.666835135,132.943742037,1256,cat,0,fstat,8.080
465.668915440,132.945822342,1256,cat,0,mmap,31.116
465.671923368,132.948830270,1256,cat,0,close,4.936
465.675954904,132.952861806,1256,cat,0,openat,31.977
465.678818769,132.955725671,1256,cat,0,openat,31.008
465.679985991,132.956892893,1256,cat,0,fstat,7.163
465.682801611,132.959708513,1256,cat,0,mmap,43.599
465.684883011,132.961789913,1256,cat,0,close,6.364
465.688071314,132.964978216,1256,cat,0,openat,22.771
465.692189755,132.969096657,1256,cat,0,openat,28.614
465.693650928,132.970557830,1256,cat,0,fstat,8.228
465.695931130,132.972838032,1256,cat,0,mmap,31.856
465.698937821,132.975844723,1256,cat,0,close,5.445
465.701900210,132.978807112,1256,cat,0,openat,19.857
465.704890398,132.981797300,1256,cat,0,openat,24.190
465.706753667,132.983660569,1256,cat,0,fstat,15.934
465.708917606,132.985824508,1256,cat,0,mmap,50.875
465.711947926,132.988854828,1256,cat,0,close,8.337
465.714934429,132.991841331,1256,cat,0,fstat,10.448
465.717876002,132.994782904,1256,cat,0,openat,51.431
465.720001888,132.996908790,1256,cat,0,fstat,7.106
465.723834885,133.000741787,1256,cat,0,syscall_221,4.659
465.725694690,133.002601592,1256,cat,0,mmap,38.824
465.727948355,133.004855257,1256,cat,0,read,28.939
465.730883220,133.007790122,1256,cat,0,write,6.906
465.733831899,133.010738801,1256,cat,0,read,6.394
465.735913173,133.012820075,1256,cat,0,munmap,37.416
465.739993577,133.016900479,1256,cat,0,close,24.699
465.742948872,133.019855774,1256,cat,0,close,5.895
465.745977190,133.022884092,1256,cat,0,close,5.142
465.269922367,132.546829269,1179,find,0,wait4,493979.446
465.767125235,133.044032137,1179,find,0,rt_sigprocmask,5.061
465.771776487,133.048683389,1179,find,0,clone,1326.242
465.775752915,133.052659817,1179,find,0,rt_sigprocmask,4.635
465.778766278,133.055673180,1257,find,0,syscall_273,2.372
465.781967743,133.058874645,1257,find,0,rt_sigprocmask,4.596
465.785856799,133.062763701,1257,find,0,syscall_81,8.582
465.789593874,133.066500776,1257,find,0,execve,35.548
465.792060387,133.068967289,1257,find,0,execve,21.360
465.795946732,133.072853634,1257,cat,0,execve,2009.121
465.799827790,133.076734692,1257,cat,0,brk,5.180
465.810424129,133.087331031,1257,cat,0,access,14.360
465.810930392,133.087837294,1257,cat,0,openat,14.951
465.811609161,133.088516063,1257,cat,0,fstat,3.223
465.811923965,133.088830867,1257,cat,0,mmap,20.450
465.815116129,133.092023031,1257,cat,0,close,3.947
465.816038509,133.092945411,1257,cat,0,openat,17.577
465.816912621,133.093819523,1257,cat,0,read,6.525
465.817756781,133.094663683,1257,cat,0,pread64,4.833
465.818614524,133.095521426,1257,cat,0,fstat,4.408
465.819593925,133.096500827,1257,cat,0,mmap,21.206
465.820688883,133.097595785,1257,cat,0,pread64,3.521
465.820941156,133.097848058,1257,cat,0,mmap,12.143
465.821253760,133.098160662,1257,cat,0,mmap,25.424
465.822675014,133.099581916,1257,cat,0,mmap,102.926
465.823664622,133.100571524,1257,cat,0,mmap,28.986
465.824582127,133.101489029,1257,cat,0,mmap,12.139
465.825610258,133.102517160,1257,cat,0,close,3.861
465.826553831,133.103460733,1257,cat,0,mmap,11.187
465.827034464,133.103941366,1257,cat,0,syscall_158,2.198
465.827901647,133.104808549,1257,cat,0,syscall_218,1.961
465.828718104,133.105625006,1257,cat,0,syscall_273,1.517
465.839002274,133.115909176,1257,cat,0,syscall_334,9.820
465.843584606,133.120491508,1257,cat,0,mprotect,47.698
465.846225813,133.123132715,1257,cat,0,mprotect,30.357
465.847845147,133.124752049,1257,cat,0,mprotect,34.878
465.853463805,133.130370707,1257,cat,0,syscall_302,6.030
465.856131502,133.133038404,1257,cat,0,syscall_318,8.858
465.857846945,133.134753847,1257,cat,0,munmap,157.635
465.861673730,133.138580632,1257,cat,0,brk,2.635
465.862246149,133.139153051,1257,cat,0,brk,9.651
465.862629147,133.139536049,1257,cat,0,openat,12.464
465.863570099,133.140477001,1257,cat,0,openat,33.289
465.865136378,133.142043280,1257,cat,0,fstat,7.905
465.868165832,133.145072734,1257,cat,0,read,10.402
465.869832985,133.146739887,1257,cat,0,read,5.303
465.873814074,133.150720976,1257,cat,0,close,19.887
465.875780711,133.152687613,1257,cat,0,openat,15.910
465.876583537,133.153490439,1257,cat,0,openat,14.108
465.877464062,133.154370964,1257,cat,0,fstat,3.958
465.877887230,133.154794132,1257,cat,0,mmap,28.487
465.878713837,133.155620739,1257,cat,0,close,2.179
465.879558396,133.156465298,1257,cat,0,openat,9.830
465.879995520,133.156902422,1257,cat,0,openat,10.899
465.880816885,133.157723787,1257,cat,0,fstat,3.091
465.881725133,133.158632035,1257,cat,0,read,6.700
465.882664649,133.159571551,1257,cat,0,read,3.549
465.883000159,133.159907061,1257,cat,0,close,7.901
465.883859845,133.160766747,1257,cat,0,openat,23.214
465.884676233,133.161583135,1257,cat,0,fstat,3.910
465.885544783,133.162451685,1257,cat,0,syscall_217,18.608
465.885977301,133.162884203,1257,cat,0,openat,11.638
465.886763052,133.163669954,1257,cat,0,fstat,3.282
465.887547520,133.164454422,1257,cat,0,read,6.558
465.888008459,133.164915361,1257,cat,0,read,4.516
465.888893740,133.165800642,1257,cat,0,read,5.427
465.889739605,133.166646507,1257,cat,0,read,4.218
465.890480393,133.167387295,1257,cat,0,read,3.844
465.890961826,133.167868728,1257,cat,0,read,4.495
465.891873466,133.168780368,1257,cat,0,read,4.496
465.892805793,133.169712695,1257,cat,0,read,4.258
465.894441853,133.171348755,1257,cat,0,read,9.571
465.896334418,133.173241320,1257,cat,0,brk,25.779
465.898278687,133.175185589,1257,cat,0,read,9.383
465.899934166,133.176841068,1257,cat,0,read,6.670
465.901102141,133.178009043,1257,cat,0,read,6.113
465.902972343,133.179879245,1257,cat,0,read,7.095
465.905020100,133.181927002,1257,cat,0,read,5.629
465.905964267,133.182871169,1257,cat,0,read,4.953
465.907623562,133.184530464,1257,cat,0,close,11.001
465.908808639,133.185715541,1257,cat,0,syscall_217,24.906
465.909991504,133.186898406,1257,cat,0,close,11.507
465.911177435,133.188084337,1257,cat,0,syscall_202,5.126
465.912806015,133.189712917,1257,cat,0,openat,21.180
465.913825790,133.190732692,1257,cat,0,openat,21.891
465.914888747,133.191795649,1257,cat,0,fstat,13.152
465.915966233,133.192873135,1257,cat,0,mmap,32.524
465.917679388,133.194586290,1257,cat,0,close,4.137
465.918327707,133.195234609,1257,cat,0,openat,11.763
465.918609388,133.195516290,1257,cat,0,openat,11.302
465.918896306,133.195803208,1257,cat,0,fstat,2.920
465.919419984,133.196326886,1257,cat,0,mmap,16.257
465.919725336,133.196632238,1257,cat,0,close,1.740
465.920463239,133.197370141,1257,cat,0,openat,24.299
465.920893505,133.197800407,1257,cat,0,openat,12.360
465.921539176,133.198446078,1257,cat,0,fstat,2.768
465.921907925,133.198814827,1257,cat,0,mmap,15.122
465.922399905,133.199306807,1257,cat,0,close,2.193
465.922663019,133.199569921,1257,cat,0,openat,7.720
465.922906308,133.199813210,1257,cat,0,openat,9.206
465.923776559,133.200683461,1257,cat,0,fstat,3.492
465.924746039,133.201652941,1257,cat,0,mmap,62.544
465.926145640,133.203052542,1257,cat,0,close,4.240
465.927770987,133.204677889,1257,cat,0,openat,18.398
465.930110631,133.207017533,1257,cat,0,openat,22.306
465.933218047,133.210124949,1257,cat,0,fstat,6.404
465.934552254,133.211459156,1257,cat,0,mmap,15.457
465.935099533,133.212006435,1257,cat,0,close,2.231
465.936001537,133.212908439,1257,cat,0,openat,10.614
465.938191728,133.215098630,1257,cat,0,openat,42.106
465.939814631,133.216721533,1257,cat,0,fstat,7.099
465.942099605,133.219006507,1257,cat,0,close,14.930
465.945108712,133.222015614,1257,cat,0,openat,25.244
465.948118660,133.225025562,1257,cat,0,fstat,6.937
465.951111829,133.228018731,1257,cat,0,mmap,35.569
465.952751420,133.229658322,1257,cat,0,close,4.537
465.955055561,133.231962463,1257,cat,0,openat,15.796
465.963052324,133.239959226,1257,cat,0,openat,33.302
465.984097110,133.261004012,1257,cat,0,fstat,14.092
465.985772847,133.262679749,1257,cat,0,mmap,30.611
465.988041027,133.264947929,1257,cat,0,close,7.048
465.991125470,133.268032372,1257,cat,0,openat,19.519
465.992935885,133.269842787,1257,cat,0,openat,39.720
465.995204288,133.272111190,1257,cat,0,fstat,7.554
465.996767833,133.273674735,1257,cat,0,mmap,32.924
465.998199032,133.275105934,1257,cat,0,close,5.264
465.999829335,133.276736237,1257,cat,0,openat,22.358
466.002290806,133.279197708,1257,cat,0,openat,32.257
466.003905128,133.280812030,1257,cat,0,fstat,6.996
466.007023561,133.283930463,1257,cat,0,mmap,44.512
466.009951718,133.286858620,1257,cat,0,close,3.025
466.013087452,133.289994354,1257,cat,0,openat,24.674
466.016147024,133.293053926,1257,cat,0,openat,21.858
466.017742609,133.294649511,1257,cat,0,fstat,6.482
466.019140041,133.296046943,1257,cat,0,mmap,31.340
466.020736284,133.297643186,1257,cat,0,close,4.735
466.023061308,133.299968210,1257,cat,0,openat,10.037
466.026112340,133.303019242,1257,cat,0,openat,27.525
466.027731149,133.304638051,1257,cat,0,fstat,3.813
466.031208151,133.308115053,1257,cat,0,mmap,36.059
466.033016539,133.309923441,1257,cat,0,close,4.881
466.036177771,133.313084673,1257,cat,0,fstat,10.036
466.040937396,133.317844298,1257,cat,0,openat,44.804
466.044138673,133.321045575,1257,cat,0,fstat,8.393
466.045731231,133.322638133,1257,cat,0,syscall_221,4.373
466.048024908,133.324931810,1257,cat,0,mmap,36.203
466.051039064,133.327945966,1257,cat,0,read,17.064
466.052968062,133.329874964,1257,cat,0,write,7.744
466.057107271,133.334014173,1257,cat,0,read,9.491
466.062322392,133.339229294,1257,cat,0,munmap,45.778
466.064131943,133.341038845,1257,cat,0,close,12.880
466.065804898,133.342711800,1257,cat,0,close,6.345
466.069149593,133.346056495,1257,cat,0,close,6.842
465.778685189,133.055592091,1179,find,0,wait4,292962.686
466.075538548,133.352445450,1179,find,0,rt_sigprocmask,7.700
466.078885449,133.355792351,1179,find,0,clone,1179.805
466.081895890,133.358802792,1179,find,0,rt_sigprocmask,7.371
466.083582349,133.360489251,1258,find,0,syscall_273,4.611
466.084708908,133.361615810,1258,find,0,rt_sigprocmask,5.388
466.087914153,133.364821055,1258,find,0,syscall_81,10.558
466.094408846,133.371315748,1258,find,0,execve,38.370
466.098119902,133.375026804,1258,find,0,execve,27.703
466.099877027,133.376783929,1258,cat,0,execve,4028.059
466.107995287,133.384902189,1258,cat,0,brk,5.465
466.150144047,133.427050949,1258,cat,0,access,34.700
466.152161555,133.429068457,1258,cat,0,openat,40.246
466.154197643,133.431104545,1258,cat,0,fstat,11.438
466.155845949,133.432752851,1258,cat,0,mmap,47.304
466.159145364,133.436052266,1258,cat,0,close,7.100
466.160854757,133.437761659,1258,cat,0,openat,28.757
466.165204319,133.442111221,1258,cat,0,read,10.337
466.172336530,133.449243432,1258,cat,0,pread64,19.066
466.175365845,133.452272747,1258,cat,0,fstat,9.585
466.179002762,133.455909664,1258,cat,0,mmap,41.502
466.184036734,133.460943636,1258,cat,0,pread64,6.595
466.188064855,133.464971757,1258,cat,0,mmap,43.899
466.189808086,133.466714988,1258,cat,0,mmap,64.125
466.193994787,133.470901689,1258,cat,0,mmap,184.529
466.197346529,133.474253431,1258,cat,0,mmap,67.137
466.200323826,133.477230728,1258,cat,0,mmap,28.958
466.204021174,133.480928076,1258,cat,0,close,6.138
466.205749172,133.482656074,1258,cat,0,mmap,7.087
466.206435472,133.483342374,1258,cat,0,syscall_158,2.089
466.208217009,133.485123911,1258,cat,0,syscall_218,4.775
466.209997658,133.486904560,1258,cat,0,syscall_273,3.616
466.212469458,133.489376360,1258,cat,0,syscall_334,1.250
466.212784695,133.489691597,1258,cat,0,mprotect,12.939
466.217750046,133.494656948,1258,cat,0,mprotect,11.029
466.218134539,133.495041441,1258,cat,0,mprotect,21.846
466.220057995,133.496964897,1258,cat,0,syscall_302,4.888
466.224048085,133.500954987,1258,cat,0,syscall_318,8.264
466.226417127,133.503324029,1258,cat,0,munmap,57.575
466.228127228,133.505034130,1258,cat,0,brk,5.104
466.229741973,133.506648875,1258,cat,0,brk,21.895
466.232400532,133.509307434,1258,cat,0,openat,32.772
466.233934381,133.510841283,1258,cat,0,openat,16.424
466.237113276,133.514020178,1258,cat,0,fstat,7.315
466.238889393,133.515796295,1258,cat,0,read,13.120
466.241075921,133.517982823,1258,cat,0,read,13.040
466.242848110,133.519755012,1258,cat,0,close,16.844
466.248402064,133.525308966,1258,cat,0,openat,24.740
466.251150022,133.528056924,1258,cat,0,openat,31.481
466.253060925,133.529967827,1258,cat,0,fstat,5.240
466.254292368,133.531199270,1258,cat,0,mmap,20.066
466.254847603,133.531754505,1258,cat,0,close,5.466
466.257790327,133.534697229,1258,cat,0,openat,7.996
466.258741320,133.535648222,1258,cat,0,openat,27.660
466.261060411,133.537967313,1258,cat,0,fstat,7.468
466.264114998,133.541021900,1258,cat,0,read,13.782
466.265809383,133.542716285,1258,cat,0,read,6.036
466.268997671,133.545904573,1258,cat,0,close,4.786
466.269561002,133.546467904,1258,cat,0,openat,27.849
466.272155446,133.549062348,1258,cat,0,fstat,2.969
466.274056308,133.550963210,1258,cat,0,syscall_217,38.544
466.276233495,133.553140397,1258,cat,0,openat,37.989
466.278098670,133.555005572,1258,cat,0,fstat,6.508
466.279919687,133.556826589,1258,cat,0,read,5.718
466.280706759,133.557613661,1258,cat,0,read,3.039
466.281972724,133.558879626,1258,cat,0,read,16.134
466.283978901,133.560885803,1258,cat,0,read,8.847
466.287234651,133.564141553,1258,cat,0,read,8.417
466.289037308,133.565944210,1258,cat,0,read,8.198
466.296212146,133.573119048,1258,cat,0,read,11.579
466.298393724,133.575300626,1258,cat,0,read,9.860
466.300491536,133.577398438,1258,cat,0,read,9.463
466.304052122,133.580959024,1258,cat,0,brk,10.121
466.304634860,133.581541762,1258,cat,0,read,3.087
466.305730954,133.582637856,1258,cat,0,read,10.746
466.309528464,133.586435366,1258,cat,0,read,11.670
466.312420757,133.589327659,1258,cat,0,read,3.286
466.314069280,133.590976182,1258,cat,0,read,11.044
466.319357561,133.596264463,1258,cat,0,read,10.281
466.320200711,133.597107613,1258,cat,0,close,7.185
466.320817786,133.597724688,1258,cat,0,syscall_217,22.385
466.323122102,133.600029004,1258,cat,0,close,13.325
466.325043461,133.601950363,1258,cat,0,syscall_202,8.792
466.327893294,133.604800196,1258,cat,0,openat,13.808
466.328795675,133.605702577,1258,cat,0,openat,12.109
466.329258156,133.606165058,1258,cat,0,fstat,2.841
466.329998270,133.606905172,1258,cat,0,mmap,48.307
466.332209134,133.609116036,1258,cat,0,close,5.331
466.334160141,133.611067043,1258,cat,0,openat,93.477
466.336163071,133.613069973,1258,cat,0,openat,26.406
466.337425087,133.614331989,1258,cat,0,fstat,3.895
466.337712911,133.614619813,1258,cat,0,mmap,17.302
466.338922855,133.615829757,1258,cat,0,close,5.666
466.342310736,133.619217638,1258,cat,0,openat,20.679
466.344158645,133.621065547,1258,cat,0,openat,46.731
466.347122278,133.624029180,1258,cat,0,fstat,7.361
466.348753661,133.625660563,1258,cat,0,mmap,152.688
466.350879244,133.627786146,1258,cat,0,close,5.349
466.356594020,133.633500922,1258,cat,0,openat,23.489
466.357736036,133.634642938,1258,cat,0,openat,140.036
466.358714802,133.635621704,1258,cat,0,fstat,7.647
466.364702553,133.641609455,1258,cat,0,mmap,15.064
466.365493030,133.642399932,1258,cat,0,close,2.440
466.365732918,133.642639820,1258,cat,0,openat,10.385
466.366175777,133.643082679,1258,cat,0,openat,13.883
466.366382722,133.643289624,1258,cat,0,fstat,3.114
466.366575919,133.643482821,1258,cat,0,mmap,13.168
466.366783619,133.643690521,1258,cat,0,close,1.775
466.367232013,133.644138915,1258,cat,0,openat,6.498
466.367836562,133.644743464,1258,cat,0,openat,25.175
466.368853983,133.645760885,1258,cat,0,fstat,3.075
466.369253322,133.646160224,1258,cat,0,close,5.663
466.369438888,133.646345790,1258,cat,0,openat,9.193
466.369711019,133.646617921,1258,cat,0,fstat,4.312
466.370472008,133.647378910,1258,cat,0,mmap,17.323
466.370839461,133.647746363,1258,cat,0,close,3.395
466.371664088,133.648570990,1258,cat,0,openat,10.257
466.372507003,133.649413905,1258,cat,0,openat,12.107
466.372835039,133.649741941,1258,cat,0,fstat,3.670
466.373554470,133.650461372,1258,cat,0,mmap,11.317
466.373827542,133.650734444,1258,cat,0,close,1.798
466.374483144,133.651390046,1258,cat,0,openat,8.951
466.374829417,133.651736319,1258,cat,0,openat,11.317
466.375606852,133.652513754,1258,cat,0,fstat,2.167
466.375935384,133.652842286,1258,cat,0,mmap,12.723
466.376688110,133.653595012,1258,cat,0,close,2.395
466.377479590,133.654386492,1258,cat,0,openat,8.338
466.378679835,133.655586737,1258,cat,0,openat,11.122
466.379733454,133.656640356,1258,cat,0,fstat,4.526
466.381923681,133.658830583,1258,cat,0,mmap,38.708
466.386033848,133.662940750,1258,cat,0,close,8.323
466.387932343,133.664839245,1258,cat,0,openat,22.410
466.390912074,133.667818976,1258,cat,0,openat,38.694
466.393983437,133.670890339,1258,cat,0,fstat,12.519
466.396460612,133.673367514,1258,cat,0,mmap,26.821
466.397762359,133.674669261,1258,cat,0,close,5.016
466.399882579,133.676789481,1258,cat,0,openat,26.145
466.401944307,133.678851209,1258,cat,0,openat,32.139
466.405897101,133.682804003,1258,cat,0,fstat,19.362
466.408841781,133.685748683,1258,cat,0,mmap,41.670
466.411954611,133.688861513,1258,cat,0,close,6.401
466.416956132,133.693863034,1258,cat,0,fstat,18.334
466.419861539,133.696768441,1258,cat,0,openat,23.399
466.420874879,133.697781781,1258,cat,0,fstat,5.082
466.423919064,133.700825966,1258,cat,0,syscall_221,4.586
466.425762696,133.702669598,1258,cat,0,mmap,34.236
466.428102129,133.705009031,1258,cat,0,read,27.200
466.430981561,133.707888463,1258,cat,0,write,8.164
466.433934125,133.710841027,1258,cat,0,read,6.463
466.436005064,133.712911966,1258,cat,0,munmap,128.220
466.438965619,133.715872521,1258,cat,0,close,18.490
466.442853093,133.719759995,1258,cat,0,close,4.325
466.444906063,133.721812965,1258,cat,0,close,2.372
466.083480780,133.360387682,1179,find,0,wait4,364771.286
466.450650686,133.727557588,1179,find,0,rt_sigprocmask,3.759
466.451770562,133.728677464,1179,find,0,clone,2122.149
466.457834728,133.734741630,1179,find,0,rt_sigprocmask,4.002
466.458620340,133.735527242,1259,find,0,syscall_273,1.609
466.458833427,133.735740329,1259,find,0,rt_sigprocmask,1.260
466.459636903,133.736543805,1259,find,0,syscall_81,3.390
466.460934530,133.737841432,1259,find,0,execve,26.118
466.463877496,133.740784398,1259,find,0,execve,29.228
466.465914614,133.742821516,1259,cat,0,execve,1619.851
466.470828827,133.747735729,1259,cat,0,brk,4.085
466.502986283,133.779893185,1259,cat,0,access,25.934
466.505927561,133.782834463,1259,cat,0,openat,42.731
466.507639978,133.784546880,1259,cat,0,fstat,12.651
466.510023420,133.786930322,1259,cat,0,mmap,52.162
466.511546658,133.788453560,1259,cat,0,close,3.761
466.512980159,133.789887061,1259,cat,0,openat,36.624
466.514588001,133.791494903,1259,cat,0,read,7.574
466.515381738,133.792288640,1259,cat,0,pread64,5.039
466.515691244,133.792598146,1259,cat,0,fstat,4.245
466.516534102,133.793441004,1259,cat,0,mmap,17.123
466.516980555,133.793887457,1259,cat,0,pread64,6.949
466.518928739,133.795835641,1259,cat,0,mmap,17.924
466.520989511,133.797896413,1259,cat,0,mmap,103.839
466.522594993,133.799501895,1259,cat,0,mmap,22.883
466.523888329,133.800795231,1259,cat,0,mmap,71.881
466.526956021,133.803862923,1259,cat,0,mmap,25.548
466.530139162,133.807046064,1259,cat,0,close,11.945
466.532950218,133.809857120,1259,cat,0,mmap,35.246
466.535836913,133.812743815,1259,cat,0,syscall_158,3.734
466.537987712,133.814894614,1259,cat,0,syscall_218,5.395
466.540973914,133.817880816,1259,cat,0,syscall_273,3.595
466.542997831,133.819904733,1259,cat,0,syscall_334,4.890
466.546163960,133.823070862,1259,cat,0,mprotect,39.570
466.547643543,133.824550445,1259,cat,0,mprotect,28.238
466.548824201,133.825731103,1259,cat,0,mprotect,28.861
466.550999105,133.827906007,1259,cat,0,syscall_302,5.678
466.553820754,133.830727656,1259,cat,0,syscall_318,7.702
466.555801864,133.832708766,1259,cat,0,munmap,185.908
466.559134878,133.836041780,1259,cat,0,brk,6.717
466.561886054,133.838792956,1259,cat,0,brk,25.869
466.564992292,133.841899194,1259,cat,0,openat,16.716
466.566957314,133.843864216,1259,cat,0,openat,41.928
466.567714218,133.844621120,1259,cat,0,fstat,5.052
466.568498429,133.845405331,1259,cat,0,read,8.288
466.569819468,133.846726370,1259,cat,0,read,6.508
466.570474307,133.847381209,1259,cat,0,close,5.971
466.570794388,133.847701290,1259,cat,0,openat,17.861
466.572933916,133.849840818,1259,cat,0,openat,26.294
466.575854885,133.852761787,1259,cat,0,fstat,7.837
466.577940933,133.854847835,1259,cat,0,mmap,43.891
466.581816815,133.858723717,1259,cat,0,close,6.736
466.582743567,133.859650469,1259,cat,0,openat,22.099
466.583898161,133.860805063,1259,cat,0,openat,24.168
466.587697414,133.864604316,1259,cat,0,fstat,10.371
466.590164122,133.867071024,1259,cat,0,read,13.728
466.591714338,133.868621240,1259,cat,0,read,3.657
466.592796289,133.869703191,1259,cat,0,close,12.539
466.594090654,133.870997556,1259,cat,0,openat,34.361
466.595547292,133.872454194,1259,cat,0,fstat,8.105
466.596959470,133.873866372,1259,cat,0,syscall_217,30.447
466.598417360,133.875324262,1259,cat,0,openat,8.672
466.598830088,133.875736990,1259,cat,0,fstat,6.696
466.600836071,133.877742973,1259,cat,0,read,4.329
466.602974792,133.879881694,1259,cat,0,read,7.513
466.603773173,133.880680075,1259,cat,0,read,2.782
466.605524856,133.882431758,1259,cat,0,read,8.365
466.606404245,133.883311147,1259,cat,0,read,3.851
466.606647962,133.883554864,1259,cat,0,read,2.901
466.606980064,133.883886966,1259,cat,0,read,9.195
466.609215633,133.886122535,1259,cat,0,read,9.463
466.611017887,133.887924789,1259,cat,0,read,8.872
466.611894671,133.888801573,1259,cat,0,brk,74.493
466.612702067,133.889608969,1259,cat,0,read,9.455
466.614284736,133.891191638,1259,cat,0,read,10.181
466.616008907,133.892915809,1259,cat,0,read,9.132
466.619136373,133.896043275,1259,cat,0,read,9.563
466.620847999,133.897754901,1259,cat,0,read,5.179
466.621717216,133.898624118,1259,cat,0,read,3.056
466.623937058,133.900843960,1259,cat,0,close,23.534
466.626833631,133.903740533,1259,cat,0,syscall_217,38.521
466.630970094,133.907876996,1259,cat,0,close,25.007
466.633106897,133.910013799,1259,cat,0,syscall_202,8.559
466.636412672,133.913319574,1259,cat,0,openat,15.226
466.636610604,133.913517506,1259,cat,0,openat,11.739
466.637725503,133.914632405,1259,cat,0,fstat,10.527
466.638998224,133.915905126,1259,cat,0,mmap,35.356
466.640984345,133.917891247,1259,cat,0,close,7.278
466.642752076,133.919658978,1259,cat,0,openat,20.662
466.644338070,133.921244972,1259,cat,0,openat,16.608
466.644658224,133.921565126,1259,cat,0,fstat,2.564
466.644829795,133.921736697,1259,cat,0,mmap,62.985
466.645648102,133.922555004,1259,cat,0,close,5.553
466.646949658,133.923856560,1259,cat,0,openat,22.386
466.649022288,133.925929190,1259,cat,0,openat,22.298
466.651866643,133.928773545,1259,cat,0,fstat,3.052
466.652567521,133.929474423,1259,cat,0,mmap,12.797
466.652754976,133.929661878,1259,cat,0,close,1.533
466.653294169,133.930201071,1259,cat,0,openat,6.858
466.653471539,133.930378441,1259,cat,0,openat,7.367
466.654750138,133.931657040,1259,cat,0,fstat,8.134
466.655969857,133.932876759,1259,cat,0,mmap,22.557
466.657977603,133.934884505,1259,cat,0,close,4.419
466.659952679,133.936859581,1259,cat,0,openat,5.325
466.660446104,133.937353006,1259,cat,0,openat,6.670
466.660623793,133.937530695,1259,cat,0,fstat,2.278
466.660869269,133.937776171,1259,cat,0,mmap,21.632
466.662899035,133.939805937,1259,cat,0,close,4.634
466.664894448,133.941801350,1259,cat,0,openat,16.345
466.666962859,133.943869761,1259,cat,0,openat,23.770
466.668445492,133.945352394,1259,cat,0,fstat,3.410
466.668655478,133.945562380,1259,cat,0,close,5.664
466.669806349,133.946713251,1259,cat,0,openat,31.396
466.671913456,133.948820358,1259,cat,0,fstat,6.304
466.673637701,133.950544603,1259,cat,0,mmap,9.686
466.673922668,133.950829570,1259,cat,0,close,1.287
466.674412871,133.951319773,1259,cat,0,openat,6.316
466.674589822,133.951496724,1259,cat,0,openat,6.604
466.674836351,133.951743253,1259,cat,0,fstat,9.221
466.676897244,133.953804146,1259,cat,0,mmap,19.704
466.678951777,133.955858679,1259,cat,0,close,4.689
466.680279352,133.957186254,1259,cat,0,openat,15.760
466.681693217,133.958600119,1259,cat,0,openat,21.132
466.682562103,133.959469005,1259,cat,0,fstat,2.868
466.683358195,133.960265097,1259,cat,0,mmap,9.639
466.683568647,133.960475549,1259,cat,0,close,1.446
466.684850797,133.961757699,1259,cat,0,openat,24.342
466.686865200,133.963772102,1259,cat,0,openat,20.730
466.688887885,133.965794787,1259,cat,0,fstat,6.243
466.690437956,133.967344858,1259,cat,0,mmap,11.014
466.690627156,133.967534058,1259,cat,0,close,1.742
466.690857543,133.967764445,1259,cat,0,openat,17.773
466.694915747,133.971822649,1259,cat,0,openat,33.845
466.697985975,133.974892877,1259,cat,0,fstat,3.351
466.698423078,133.975329980,1259,cat,0,mmap,14.483
466.698890684,133.975797586,1259,cat,0,close,5.687
466.699633587,133.976540489,1259,cat,0,openat,5.595
466.699808312,133.976715214,1259,cat,0,openat,6.934
466.700988712,133.977895614,1259,cat,0,fstat,6.991
466.703893854,133.980800756,1259,cat,0,mmap,25.244
466.706445437,133.983352339,1259,cat,0,close,1.983
466.706642010,133.983548912,1259,cat,0,fstat,3.242
466.706828358,133.983735260,1259,cat,0,openat,9.959
466.707953955,133.984860857,1259,cat,0,fstat,6.695
466.710828022,133.987734924,1259,cat,0,syscall_221,4.614
466.712145854,133.989052756,1259,cat,0,mmap,141.872
466.713808425,133.990715327,1259,cat,0,read,114.850
466.715323675,133.992230577,1259,cat,0,write,2.930
466.715528275,133.992435177,1259,cat,0,read,7.855
466.716675068,133.993581970,1259,cat,0,munmap,53.111
466.718005551,133.994912453,1259,cat,0,close,11.748
466.720822790,133.997729692,1259,cat,0,close,4.032
466.722023116,133.998930018,1259,cat,0,close,1.696
466.458558913,133.735465815,1179,find,0,wait4,264286.494
466.724117120,134.001024022,1179,find,0,rt_sigprocmask,6.252
466.725813000,134.002719902,1179,find,0,clone,1216.788
466.728673101,134.005580003,1179,find,0,rt_sigprocmask,4.811
466.730167310,134.007074212,1260,find,0,syscall_273,5.141
466.732965902,134.009872804,1260,find,0,rt_sigprocmask,4.477
466.735590594,134.012497496,1260,find,0,syscall_81,4.680
466.736601612,134.013508514,1260,find,0,execve,11.977
466.736787826,134.013694728,1260,find,0,execve,4.939
466.736961990,134.013868892,1260,cat,0,execve,1030.353
466.740949551,134.017856453,1260,cat,0,brk,5.960
466.799001458,134.075908360,1260,cat,0,access,21.985
466.803358181,134.080265083,1260,cat,0,openat,27.567
466.805011576,134.081918478,1260,cat,0,fstat,8.684
466.808155325,134.085062227,1260,cat,0,mmap,15.323
466.808692378,134.085599280,1260,cat,0,close,5.653
466.810988288,134.087895190,1260,cat,0,openat,22.953
466.812932737,134.089839639,1260,cat,0,read,10.887
466.814412989,134.091319891,1260,cat,0,pread64,3.341
466.814859296,134.091766198,1260,cat,0,fstat,9.329
466.818178467,134.095085369,1260,cat,0,mmap,32.354
466.820101266,134.097008168,1260,cat,0,pread64,14.424
466.822497225,134.099404127,1260,cat,0,mmap,14.296
466.823499312,134.100406214,1260,cat,0,mmap,53.052
466.824913848,134.101820750,1260,cat,0,mmap,39.502
466.828033427,134.104940329,1260,cat,0,mmap,57.279
466.829827755,134.106734657,1260,cat,0,mmap,7.643
466.833223865,134.110130767,1260,cat,0,close,7.872
466.834884639,134.111791541,1260,cat,0,mmap,27.811
466.838347742,134.115254644,1260,cat,0,syscall_158,3.733
466.839852298,134.116759200,1260,cat,0,syscall_218,2.835
466.840374102,134.117281004,1260,cat,0,syscall_273,1.235
466.842065646,134.118972548,1260,cat,0,syscall_334,3.115
466.844800318,134.121707220,1260,cat,0,mprotect,31.064
466.846092824,134.122999726,1260,cat,0,mprotect,40.218
466.847921569,134.124828471,1260,cat,0,mprotect,44.300
466.850304347,134.127211249,1260,cat,0,syscall_302,1.866
466.852035866,134.128942768,1260,cat,0,syscall_318,3.604
466.852802998,134.129709900,1260,cat,0,munmap,60.230
466.853725298,134.130632200,1260,cat,0,brk,4.125
466.854461425,134.131368327,1260,cat,0,brk,12.257
466.856199644,134.133106546,1260,cat,0,openat,37.717
466.857900283,134.134807185,1260,cat,0,openat,36.924
466.861115637,134.138022539,1260,cat,0,fstat,9.602
466.864023583,134.140930485,1260,cat,0,read,10.666
466.868380014,134.145286916,1260,cat,0,read,6.107
466.869980551,134.146887453,1260,cat,0,close,9.622
466.870939337,134.147846239,1260,cat,0,openat,19.835
466.875112834,134.152019736,1260,cat,0,openat,143.199
466.876906104,134.153813006,1260,cat,0,fstat,7.099
466.881130602,134.158037504,1260,cat,0,mmap,23.831
466.884312097,134.161218999,1260,cat,0,close,5.635
466.888551843,134.165458745,1260,cat,0,openat,79.127
466.892294856,134.169201758,1260,cat,0,openat,44.924
466.895009512,134.171916414,1260,cat,0,fstat,9.828
466.899093274,134.176000176,1260,cat,0,read,11.852
466.903143582,134.180050484,1260,cat,0,read,6.799
466.904749016,134.181655918,1260,cat,0,close,10.685
466.907109897,134.184016799,1260,cat,0,openat,28.884
466.908764841,134.185671743,1260,cat,0,fstat,6.606
466.911153228,134.188060130,1260,cat,0,syscall_217,38.376
466.913181925,134.190088827,1260,cat,0,openat,39.151
466.915025839,134.191932741,1260,cat,0,fstat,7.547
466.919150865,134.196057767,1260,cat,0,read,16.336
466.920876956,134.197783858,1260,cat,0,read,8.613
466.925503665,134.202410567,1260,cat,0,read,18.197
466.927389387,134.204296289,1260,cat,0,read,9.357
466.929181677,134.206088579,1260,cat,0,read,8.723
466.930989283,134.207896185,1260,cat,0,read,9.276
466.935198133,134.212105035,1260,cat,0,read,9.401
466.937140758,134.214047660,1260,cat,0,read,11.041
466.939118354,134.216025256,1260,cat,0,read,9.240
466.943127309,134.220034211,1260,cat,0,brk,29.748
466.945171657,134.222078559,1260,cat,0,read,12.117
466.947202972,134.224109874,1260,cat,0,read,9.539
466.950295106,134.227202008,1260,cat,0,read,11.182
466.976190671,134.253097573,1260,cat,0,read,24.920
466.979400404,134.256307306,1260,cat,0,read,10.513
466.984355247,134.261262149,1260,cat,0,read,13.332
466.988008998,134.264915900,1260,cat,0,close,12.099
466.989896848,134.266803750,1260,cat,0,syscall_217,33.047
466.993122022,134.270028924,1260,cat,0,close,16.519
466.994914893,134.271821795,1260,cat,0,syscall_202,7.628
466.998244180,134.275151082,1260,cat,0,openat,34.901
467.000184210,134.277091112,1260,cat,0,openat,39.117
467.001825426,134.278732328,1260,cat,0,fstat,8.371
467.004963511,134.281870413,1260,cat,0,mmap,45.063
467.008159807,134.285066709,1260,cat,0,close,5.730
467.009828771,134.286735673,1260,cat,0,openat,22.662
467.013135666,134.290042568,1260,cat,0,openat,30.351
467.014756286,134.291663188,1260,cat,0,fstat,7.067
467.018108363,134.295015265,1260,cat,0,mmap,37.008
467.019866288,134.296773190,1260,cat,0,close,4.898
467.023048165,134.299955067,1260,cat,0,openat,25.565
467.027009053,134.303915955,1260,cat,0,openat,22.923
467.030746559,134.307653461,1260,cat,0,fstat,8.862
467.034070999,134.310977901,1260,cat,0,mmap,35.582
467.039230811,134.316137713,1260,cat,0,close,6.434
467.040979675,134.317886577,1260,cat,0,openat,32.386
467.045025663,134.321932565,1260,cat,0,openat,31.145
467.048035801,134.324942703,1260,cat,0,fstat,4.422
467.051033036,134.327939938,1260,cat,0,mmap,37.878
467.055798505,134.332705407,1260,cat,0,close,4.368
467.056741245,134.333648147,1260,cat,0,openat,47.765
467.060061481,134.336968383,1260,cat,0,openat,45.410
467.061824545,134.338731447,1260,cat,0,fstat,9.132
467.065078027,134.341984929,1260,cat,0,mmap,163.677
467.066367123,134.343274025,1260,cat,0,close,1.215
467.066682050,134.343588952,1260,cat,0,openat,23.891
467.069093261,134.346000163,1260,cat,0,openat,26.186
467.073117049,134.350023951,1260,cat,0,fstat,8.405
467.076970322,134.353877224,1260,cat,0,close,14.605
467.080108672,134.357015574,1260,cat,0,openat,31.894
467.081797778,134.358704680,1260,cat,0,fstat,6.708
467.084151917,134.361058819,1260,cat,0,mmap,36.962
467.085756109,134.362663011,1260,cat,0,close,4.380
467.088085806,134.364992708,1260,cat,0,openat,21.068
467.094819696,134.371726598,1260,cat,0,openat,40.954
467.098058852,134.374965754,1260,cat,0,fstat,8.324
467.103317599,134.380224501,1260,cat,0,mmap,27.872
467.105013246,134.381920148,1260,cat,0,close,5.571
467.108135187,134.385042089,1260,cat,0,openat,31.604
467.109766113,134.386673015,1260,cat,0,openat,32.073
467.112800356,134.389707258,1260,cat,0,fstat,4.730
467.113540686,134.390447588,1260,cat,0,mmap,15.416
467.114875733,134.391782635,1260,cat,0,close,4.311
467.120277342,134.397184244,1260,cat,0,openat,33.495
467.122146352,134.399053254,1260,cat,0,openat,24.595
467.123761148,134.400668050,1260,cat,0,fstat,7.628
467.126066188,134.402973090,1260,cat,0,mmap,50.640
467.129935284,134.406842186,1260,cat,0,close,4.406
467.134373489,134.411280391,1260,cat,0,openat,21.664
467.136018677,134.412925579,1260,cat,0,openat,27.420
467.139898869,134.416805771,1260,cat,0,fstat,11.014
467.142333838,134.419240740,1260,cat,0,mmap,30.686
467.144019682,134.420926584,1260,cat,0,close,5.913
467.147015690,134.423922592,1260,cat,0,openat,28.720
467.150054532,134.426961434,1260,cat,0,openat,30.897
467.153081661,134.429988563,1260,cat,0,fstat,13.070
467.154990305,134.431897207,1260,cat,0,mmap,25.103
467.156596298,134.433503200,1260,cat,0,close,2.049
467.156988133,134.433895035,1260,cat,0,fstat,7.615
467.167391879,134.444298781,1260,cat,0,openat,54.426
467.169432079,134.446338981,1260,cat,0,fstat,6.461
467.170501078,134.447407980,1260,cat,0,syscall_221,1.715
467.170770717,134.447677619,1260,cat,0,mmap,33.283
467.172144599,134.449051501,1260,cat,0,read,43.480
467.175772612,134.452679514,1260,cat,0,write,6.571
467.178580292,134.455487194,1260,cat,0,read,2.525
467.179950942,134.456857844,1260,cat,0,munmap,298.377
467.181999806,134.458906708,1260,cat,0,close,14.274
467.183598402,134.460505304,1260,cat,0,close,1.676
467.185147565,134.462054467,1260,cat,0,close,8.937
466.729981979,134.006888881,1179,find,0,wait4,457879.953
467.191033576,134.467940478,1179,find,0,rt_sigprocmask,5.959
467.194045407,134.470952309,1179,find,0,clone,1141.853
467.196923287,134.473830189,1179,find,0,rt_sigprocmask,4.711
467.200228654,134.477135556,1261,find,0,syscall_273,4.954
467.201551835,134.478458737,1261,find,0,rt_sigprocmask,1.372
467.202863841,134.479770743,1261,find,0,syscall_81,11.123
467.204976589,134.481883491,1261,find,0,execve,23.251
467.208000701,134.484907603,1261,find,0,execve,17.747
467.211938043,134.488844945,1261,cat,0,execve,1934.240
467.217050761,134.493957663,1261,cat,0,brk,4.564
467.248914007,134.525820909,1261,cat,0,access,37.976
467.252526172,134.529433074,1261,cat,0,openat,21.961
467.254026437,134.530933339,1261,cat,0,fstat,7.112
467.256982591,134.533889493,1261,cat,0,mmap,38.130
467.260068129,134.536975031,1261,cat,0,close,7.668
467.263134038,134.540040940,1261,cat,0,openat,29.333
467.264752970,134.541659872,1261,cat,0,read,12.143
467.267161472,134.544068374,1261,cat,0,pread64,3.537
467.268765822,134.545672724,1261,cat,0,fstat,7.203
467.271112035,134.548018937,1261,cat,0,mmap,28.769
467.275170197,134.552077099,1261,cat,0,pread64,13.691
467.276800161,134.553707063,1261,cat,0,mmap,19.475
467.278161629,134.555068531,1261,cat,0,mmap,42.249
467.281019756,134.557926658,1261,cat,0,mmap,46.704
467.282929424,134.559836326,1261,cat,0,mmap,63.142
467.286020823,134.562927725,1261,cat,0,mmap,12.377
467.289179381,134.566086283,1261,cat,0,close,3.457
467.290837850,134.567744752,1261,cat,0,mmap,24.946
467.293109834,134.570016736,1261,cat,0,syscall_158,4.000
467.296089944,134.572996846,1261,cat,0,syscall_218,4.220
467.301126419,134.578033321,1261,cat,0,syscall_273,3.471
467.301977146,134.578884048,1261,cat,0,syscall_334,2.006
467.305189894,134.582096796,1261,cat,0,mprotect,42.249
467.306872713,134.583779615,1261,cat,0,mprotect,31.158
467.312142765,134.589049667,1261,cat,0,mprotect,195.428
467.314164137,134.591071039,1261,cat,0,syscall_302,4.918
467.315953558,134.592860460,1261,cat,0,syscall_318,5.982
467.317040758,134.593947660,1261,cat,0,munmap,181.199
467.318948923,134.595855825,1261,cat,0,brk,4.689
467.323056603,134.599963505,1261,cat,0,brk,80.737
467.324965690,134.601872592,1261,cat,0,openat,31.953
467.329081292,134.605988194,1261,cat,0,openat,36.415
467.330838068,134.607744970,1261,cat,0,fstat,8.625
467.333110736,134.610017638,1261,cat,0,read,5.741
467.336205776,134.613112678,1261,cat,0,read,7.001
467.337904150,134.614811052,1261,cat,0,close,10.136
467.340822038,134.617728940,1261,cat,0,openat,13.769
467.342536414,134.619443316,1261,cat,0,openat,10.194
467.342899310,134.619806212,1261,cat,0,fstat,7.328
467.346028667,134.622935569,1261,cat,0,mmap,48.059
467.347846505,134.624753407,1261,cat,0,close,5.073
467.351232920,134.628139822,1261,cat,0,openat,26.439
467.352945968,134.629852870,1261,cat,0,openat,27.020
467.356179219,134.633086121,1261,cat,0,fstat,9.084
467.358041278,134.634948180,1261,cat,0,read,14.966
467.361984592,134.638891494,1261,cat,0,read,3.080
467.363145444,134.640052346,1261,cat,0,close,4.774
467.363788434,134.640695336,1261,cat,0,openat,30.007
467.371094602,134.648001504,1261,cat,0,fstat,7.274
467.374020765,134.650927667,1261,cat,0,syscall_217,23.790
467.378235159,134.655142061,1261,cat,0,openat,22.972
467.379405137,134.656312039,1261,cat,0,fstat,8.376
467.381294311,134.658201213,1261,cat,0,read,27.868
467.385902884,134.662809786,1261,cat,0,read,13.217
467.389122336,134.666029238,1261,cat,0,read,17.335
467.392061599,134.668968501,1261,cat,0,read,12.454
467.396128602,134.673035504,1261,cat,0,read,13.906
467.397779905,134.674686807,1261,cat,0,read,9.910
467.401945118,134.678852020,1261,cat,0,read,32.325
467.404260313,134.681167215,1261,cat,0,read,20.309
467.406241263,134.683148165,1261,cat,0,read,10.158
467.407847861,134.684754763,1261,cat,0,brk,29.730
467.411023248,134.687930150,1261,cat,0,read,13.040
467.415304097,134.692210999,1261,cat,0,read,26.142
467.417141278,134.694048180,1261,cat,0,read,9.971
467.419001866,134.695908768,1261,cat,0,read,9.235
467.422210712,134.699117614,1261,cat,0,read,8.433
467.424881680,134.701788582,1261,cat,0,read,6.270
467.427828558,134.704735460,1261,cat,0,close,15.329
467.429789783,134.706696685,1261,cat,0,syscall_217,39.656
467.431892724,134.708799626,1261,cat,0,close,11.302
467.433468831,134.710375733,1261,cat,0,syscall_202,7.925
467.434811218,134.711718120,1261,cat,0,openat,26.577
467.437754888,134.714661790,1261,cat,0,openat,27.480
467.439866254,134.716773156,1261,cat,0,fstat,8.755
467.441950432,134.718857334,1261,cat,0,mmap,52.211
467.444935377,134.721842279,1261,cat,0,close,6.585
467.447858534,134.724765436,1261,cat,0,openat,14.780
467.449993026,134.726899928,1261,cat,0,openat,21.187
467.452787766,134.729694668,1261,cat,0,fstat,6.434
467.455881604,134.732788506,1261,cat,0,mmap,26.414
467.457435111,134.734342013,1261,cat,0,close,4.012
467.457865139,134.734772041,1261,cat,0,openat,22.981
467.458871115,134.735778017,1261,cat,0,openat,26.991
467.462029737,134.738936639,1261,cat,0,fstat,13.483
467.465983286,134.742890188,1261,cat,0,mmap,51.980
467.467549707,134.744456609,1261,cat,0,close,8.980
467.468854802,134.745761704,1261,cat,0,openat,38.537
467.470923315,134.747830217,1261,cat,0,openat,32.150
467.473023599,134.749930501,1261,cat,0,fstat,11.821
467.476936707,134.753843609,1261,cat,0,mmap,48.520
467.479941048,134.756847950,1261,cat,0,close,6.368
467.482886417,134.759793319,1261,cat,0,openat,37.145
467.486052203,134.762959105,1261,cat,0,openat,66.236
467.488875304,134.765782206,1261,cat,0,fstat,9.159
467.490886899,134.767793801,1261,cat,0,mmap,38.980
467.493896615,134.770803517,1261,cat,0,close,4.483
467.495382327,134.772289229,1261,cat,0,openat,10.938
467.495914181,134.772821083,1261,cat,0,openat,16.592
467.496928774,134.773835676,1261,cat,0,fstat,7.136
467.500035353,134.776942255,1261,cat,0,close,27.901
467.502046907,134.778953809,1261,cat,0,openat,18.217
467.503048120,134.779955022,1261,cat,0,fstat,8.636
467.507040388,134.783947290,1261,cat,0,mmap,30.982
467.509807134,134.786714036,1261,cat,0,close,8.365
467.512711343,134.789618245,1261,cat,0,openat,33.510
467.514969681,134.791876583,1261,cat,0,openat,31.264
467.518118020,134.795024922,1261,cat,0,fstat,10.345
467.520798499,134.797705401,1261,cat,0,mmap,38.984
467.523815843,134.800722745,1261,cat,0,close,2.532
467.524794616,134.801701518,1261,cat,0,openat,21.762
467.526689420,134.803596322,1261,cat,0,openat,48.637
467.527636202,134.804543104,1261,cat,0,fstat,11.010
467.528921776,134.805828678,1261,cat,0,mmap,46.361
467.530635440,134.807542342,1261,cat,0,close,11.486
467.532046099,134.808953001,1261,cat,0,openat,28.584
467.534796815,134.811703717,1261,cat,0,openat,23.582
467.535689322,134.812596224,1261,cat,0,fstat,10.394
467.536991203,134.813898105,1261,cat,0,mmap,1910.047
467.540756192,134.817663094,1261,cat,0,close,3.224
467.541599950,134.818506852,1261,cat,0,openat,9.483
467.542450762,134.819357664,1261,cat,0,openat,10.503
467.543865685,134.820772587,1261,cat,0,fstat,8.567
467.545808485,134.822715387,1261,cat,0,mmap,36.158
467.547903045,134.824809947,1261,cat,0,close,4.203
467.550051891,134.826958793,1261,cat,0,openat,17.080
467.553767755,134.830674657,1261,cat,0,openat,51.932
467.556049636,134.832956538,1261,cat,0,fstat,8.915
467.557665368,134.834572270,1261,cat,0,mmap,49.183
467.560877139,134.837784041,1261,cat,0,close,3.747
467.563104418,134.840011320,1261,cat,0,fstat,13.448
467.564577007,134.841483909,1261,cat,0,openat,53.650
467.565877628,134.842784530,1261,cat,0,fstat,6.958
467.567978243,134.844885145,1261,cat,0,syscall_221,5.043
467.570860184,134.847767086,1261,cat,0,mmap,32.063
467.572273934,134.849180836,1261,cat,0,read,30.060
467.573736740,134.850643642,1261,cat,0,write,7.349
467.575800284,134.852707186,1261,cat,0,read,6.355
467.577848018,134.854754920,1261,cat,0,munmap,175.998
467.580878779,134.857785681,1261,cat,0,close,12.526
467.583926428,134.860833330,1261,cat,0,close,4.976
467.587467089,134.864373991,1261,cat,0,close,9.225
467.200053537,134.476960439,1179,find,0,wait4,391101.101
467.592628435,134.869535337,1179,find,0,rt_sigprocmask,5.634
467.593911273,134.870818175,1179,find,0,clone,1097.579
467.597813799,134.874720701,1179,find,0,rt_sigprocmask,4.800
467.601087285,134.877994187,1262,find,0,syscall_273,5.227
467.603939881,134.880846783,1262,find,0,rt_sigprocmask,4.552
467.605649255,134.882556157,1262,find,0,syscall_81,9.461
467.607795158,134.884702060,1262,find,0,execve,26.000
467.610287069,134.887193971,1262,find,0,execve,5.209
467.610760220,134.887667122,1262,cat,0,execve,1146.633
467.612774946,134.889681848,1262,cat,0,brk,1.594
467.655005826,134.931912728,1262,cat,0,access,28.883
467.657849868,134.934756770,1262,cat,0,openat,35.147
467.659963868,134.936870770,1262,cat,0,fstat,9.151
467.664095798,134.941002700,1262,cat,0,mmap,59.643
467.665639166,134.942546068,1262,cat,0,close,6.688
467.666976938,134.943883840,1262,cat,0,openat,50.643
467.669925956,134.946832858,1262,cat,0,read,10.334
467.672012874,134.948919776,1262,cat,0,pread64,8.465
467.674944879,134.951851781,1262,cat,0,fstat,9.838
467.677893267,134.954800169,1262,cat,0,mmap,39.445
467.681008262,134.957915164,1262,cat,0,pread64,16.053
467.683692492,134.960599394,1262,cat,0,mmap,40.627
467.685960752,134.962867654,1262,cat,0,mmap,47.326
467.688908473,134.965815375,1262,cat,0,mmap,36.959
467.690297529,134.967204431,1262,cat,0,mmap,337.467
467.693959127,134.970866029,1262,cat,0,mmap,36.993
467.697084676,134.973991578,1262,cat,0,close,6.661
467.703033420,134.979940322,1262,cat,0,mmap,30.007
467.704639732,134.981546634,1262,cat,0,syscall_158,5.266
467.706829580,134.983736482,1262,cat,0,syscall_218,4.767
467.708906912,134.985813814,1262,cat,0,syscall_273,3.591
467.710985390,134.987892292,1262,cat,0,syscall_334,4.308
467.714130618,134.991037520,1262,cat,0,mprotect,38.213
467.715626623,134.992533525,1262,cat,0,mprotect,27.688
467.716930028,134.993836930,1262,cat,0,mprotect,32.278
467.719920559,134.996827461,1262,cat,0,syscall_302,5.481
467.722349875,134.999256777,1262,cat,0,syscall_318,8.650
467.723847807,135.000754709,1262,cat,0,munmap,191.521
467.725721480,135.002628382,1262,cat,0,brk,4.894
467.727858215,135.004765117,1262,cat,0,brk,20.894
467.730810414,135.007717316,1262,cat,0,openat,29.490
467.733855938,135.010762840,1262,cat,0,openat,33.026
467.736867645,135.013774547,1262,cat,0,fstat,6.947
467.739002366,135.015909268,1262,cat,0,read,13.956
467.741817908,135.018724810,1262,cat,0,read,6.138
467.743960001,135.020866903,1262,cat,0,close,5.458
467.747996749,135.024903651,1262,cat,0,openat,24.306
467.761505360,135.038412262,1262,cat,0,openat,58.079
467.776083493,135.052990395,1262,cat,0,fstat,10.595
467.777816148,135.054723050,1262,cat,0,mmap,54.885
467.781003382,135.057910284,1262,cat,0,close,5.519
467.785354410,135.062261312,1262,cat,0,openat,20.265
467.787064223,135.063971125,1262,cat,0,openat,21.153
467.788811275,135.065718177,1262,cat,0,fstat,9.705
467.791335621,135.068242523,1262,cat,0,read,8.886
467.794401664,135.071308566,1262,cat,0,read,6.892
467.795993754,135.072900656,1262,cat,0,close,13.046
467.798477561,135.075384463,1262,cat,0,openat,10.074
467.799913545,135.076820447,1262,cat,0,fstat,5.990
467.811993235,135.088900137,1262,cat,0,syscall_217,48.349
467.815238032,135.092144934,1262,cat,0,openat,46.860
467.816912069,135.093818971,1262,cat,0,fstat,8.727
467.820047260,135.096954162,1262,cat,0,read,12.407
467.824253286,135.101160188,1262,cat,0,read,12.581
467.826032535,135.102939437,1262,cat,0,read,9.318
467.830237136,135.107144038,1262,cat,0,read,11.252
467.832042972,135.108949874,1262,cat,0,read,9.464
467.836105726,135.113012628,1262,cat,0,read,9.664
467.840367411,135.117274313,1262,cat,0,read,11.494
467.842276411,135.119183313,1262,cat,0,read,9.061
467.844136409,135.121043311,1262,cat,0,read,8.549
467.848121746,135.125028648,1262,cat,0,brk,30.906
467.849945118,135.126852020,1262,cat,0,read,12.388
467.853320464,135.130227366,1262,cat,0,read,11.287
467.856255905,135.133162807,1262,cat,0,read,10.472
467.858261545,135.135168447,1262,cat,0,read,9.114
467.863828853,135.140735755,1262,cat,0,read,16.011
467.869201514,135.146108416,1262,cat,0,read,12.661
467.870937865,135.147844767,1262,cat,0,close,11.915
467.874000528,135.150907430,1262,cat,0,syscall_217,29.163
467.877048025,135.153954927,1262,cat,0,close,12.361
467.897152348,135.174059250,1262,cat,0,syscall_202,12.845
467.898879976,135.175786878,1262,cat,0,openat,34.559
467.902034266,135.178941168,1262,cat,0,openat,34.592
467.908016747,135.184923649,1262,cat,0,fstat,6.539
467.912167227,135.189074129,1262,cat,0,mmap,45.996
467.914016391,135.190923293,1262,cat,0,close,7.421
467.917274545,135.194181447,1262,cat,0,openat,34.402
467.920018181,135.196925083,1262,cat,0,openat,38.979
467.923130466,135.200037368,1262,cat,0,fstat,9.224
467.924850500,135.201757402,1262,cat,0,mmap,41.253
467.928039865,135.204946767,1262,cat,0,close,5.548
467.931057537,135.207964439,1262,cat,0,openat,25.002
467.934143976,135.211050878,1262,cat,0,openat,30.003
467.935755079,135.212661981,1262,cat,0,fstat,7.755
467.937079892,135.213986794,1262,cat,0,mmap,34.417
467.942219110,135.219126012,1262,cat,0,close,9.169
467.943952779,135.220859681,1262,cat,0,openat,19.848
467.947955872,135.224862774,1262,cat,0,openat,29.837
467.950988777,135.227895679,1262,cat,0,fstat,7.079
467.954050544,135.230957446,1262,cat,0,mmap,39.936
467.955855606,135.232762508,1262,cat,0,close,4.317
467.978066179,135.254973081,1262,cat,0,openat,21.437
467.982019198,135.258926100,1262,cat,0,openat,42.154
467.985125695,135.262032597,1262,cat,0,fstat,9.422
467.986773816,135.263680718,1262,cat,0,mmap,29.498
467.987720655,135.264627557,1262,cat,0,close,2.149
467.988920768,135.265827670,1262,cat,0,openat,25.743
467.990757340,135.267664242,1262,cat,0,openat,37.066
467.992226981,135.269133883,1262,cat,0,fstat,7.655
467.993900120,135.270807022,1262,cat,0,close,14.231
467.996130905,135.273037807,1262,cat,0,openat,13.802
467.999148613,135.276055515,1262,cat,0,fstat,8.984
468.000734911,135.277641813,1262,cat,0,mmap,34.088
468.004116461,135.281023363,1262,cat,0,close,6.420
468.009057010,135.285963912,1262,cat,0,openat,28.523
468.012162859,135.289069761,1262,cat,0,openat,31.171
468.013451503,135.290358405,1262,cat,0,fstat,2.145
468.014922633,135.291829535,1262,cat,0,mmap,29.328
468.017951253,135.294858155,1262,cat,0,close,4.596
468.020744870,135.297651772,1262,cat,0,openat,6.335
468.023127809,135.300034711,1262,cat,0,openat,29.333
468.024846392,135.301753294,1262,cat,0,fstat,7.011
468.027160825,135.304067727,1262,cat,0,mmap,33.520
468.028758520,135.305665422,1262,cat,0,close,4.820
468.034300119,135.311207021,1262,cat,0,openat,26.930
468.036024239,135.312931141,1262,cat,0,openat,21.277
468.039984144,135.316891046,1262,cat,0,fstat,8.070
468.042996714,135.319903616,1262,cat,0,mmap,46.019
468.046039235,135.322946137,1262,cat,0,close,4.213
468.050196072,135.327102974,1262,cat,0,openat,27.923
468.051905414,135.328812316,1262,cat,0,openat,34.288
468.056294470,135.333201372,1262,cat,0,fstat,9.112
468.057913585,135.334820487,1262,cat,0,mmap,29.199
468.059851765,135.336758667,1262,cat,0,close,4.342
468.065443482,135.342350384,1262,cat,0,openat,25.672
468.067161063,135.344067965,1262,cat,0,openat,40.167
468.068933528,135.345840430,1262,cat,0,fstat,9.334
468.072190436,135.349097338,1262,cat,0,mmap,50.437
468.073884495,135.350791397,1262,cat,0,close,5.948
468.077108427,135.354015329,1262,cat,0,fstat,6.660
468.078610007,135.355516909,1262,cat,0,openat,23.288
468.079681210,135.356588112,1262,cat,0,fstat,5.145
468.080335036,135.357241938,1262,cat,0,syscall_221,1.888
468.080641588,135.357548490,1262,cat,0,mmap,12.006
468.081577261,135.358484163,1262,cat,0,read,24.679
468.083103552,135.360010454,1262,cat,0,write,6.947
468.086068506,135.362975408,1262,cat,0,read,6.974
468.089003184,135.365910086,1262,cat,0,munmap,33.971
468.093136171,135.370043073,1262,cat,0,close,11.009
468.094787941,135.371694843,1262,cat,0,close,4.154
468.098053699,135.374960601,1262,cat,0,close,5.096
467.600896976,134.877803878,1179,find,0,wait4,503100.339
468.108004152,135.384911054,1179,find,0,rt_sigprocmask,6.582
468.110007528,135.386914430,1179,find,0,clone,3850.623
468.117048991,135.393955893,1179,find,0,rt_sigprocmask,4.024
468.121045120,135.397952022,1263,find,0,syscall_273,5.306
468.124149557,135.401056459,1263,find,0,rt_sigprocmask,5.426
468.125862550,135.402769452,1263,find,0,syscall_81,8.266
468.129023472,135.405930374,1263,find,0,execve,33.304
468.131337916,135.408244818,1263,find,0,execve,17.256
468.132737579,135.409644481,1263,cat,0,execve,1903.450
468.137988924,135.414895826,1263,cat,0,brk,4.588
468.187573196,135.464480098,1263,cat,0,access,18.419
468.188943716,135.465850618,1263,cat,0,openat,43.593
468.191832176,135.468739078,1263,cat,0,fstat,9.803
468.193877816,135.470784718,1263,cat,0,mmap,45.401
468.196939730,135.473846632,1263,cat,0,close,6.654
468.199873781,135.476780683,1263,cat,0,openat,49.814
468.202008633,135.478915535,1263,cat,0,read,14.074
468.203994071,135.480900973,1263,cat,0,pread64,7.918
468.206868548,135.483775450,1263,cat,0,fstat,9.028
468.211014049,135.487920951,1263,cat,0,mmap,49.432
468.214972198,135.491879100,1263,cat,0,pread64,24.763
468.217763890,135.494670792,1263,cat,0,mmap,77.294
468.219937317,135.496844219,1263,cat,0,mmap,47.709
468.222062708,135.498969610,1263,cat,0,mmap,32.052
468.224868250,135.501775152,1263,cat,0,mmap,190.396
468.228062786,135.504969688,1263,cat,0,mmap,26.409
468.231086238,135.507993140,1263,cat,0,close,6.473
468.233934490,135.510841392,1263,cat,0,mmap,19.015
468.236680107,135.513587009,1263,cat,0,syscall_158,5.089
468.238793817,135.515700719,1263,cat,0,syscall_218,4.658
468.240879463,135.517786365,1263,cat,0,syscall_273,3.148
468.243942664,135.520849566,1263,cat,0,syscall_334,3.856
468.248283027,135.525189929,1263,cat,0,mprotect,24.533
468.249749760,135.526656662,1263,cat,0,mprotect,27.771
468.251862994,135.528769896,1263,cat,0,mprotect,32.255
468.253981993,135.530888895,1263,cat,0,syscall_302,5.250
468.256978057,135.533884959,1263,cat,0,syscall_318,6.804
468.259842173,135.536749075,1263,cat,0,munmap,171.516
468.262086490,135.538993392,1263,cat,0,brk,5.068
468.264895310,135.541802212,1263,cat,0,brk,21.153
468.267118716,135.544025618,1263,cat,0,openat,27.543
468.269977957,135.546884859,1263,cat,0,openat,61.433
468.273563558,135.550470460,1263,cat,0,fstat,23.513
468.274940143,135.551847045,1263,cat,0,read,17.234
468.277888671,135.554795573,1263,cat,0,read,6.646
468.279939460,135.556846362,1263,cat,0,close,13.039
468.281217060,135.558123962,1263,cat,0,openat,39.597
468.284944126,135.561851028,1263,cat,0,openat,73.804
468.289912600,135.566819502,1263,cat,0,fstat,13.095
468.292740120,135.569647022,1263,cat,0,mmap,57.412
468.294901052,135.571807954,1263,cat,0,close,6.243
468.297033081,135.573939983,1263,cat,0,openat,42.031
468.301973690,135.578880592,1263,cat,0,openat,68.971
468.303573208,135.580480110,1263,cat,0,fstat,9.916
468.304905069,135.581811971,1263,cat,0,read,15.726
468.307076604,135.583983506,1263,cat,0,read,6.144
468.310924806,135.587831708,1263,cat,0,close,31.942
468.314577311,135.591484213,1263,cat,0,openat,64.012
468.315983987,135.592890889,1263,cat,0,fstat,11.855
468.318896854,135.595803756,1263,cat,0,syscall_217,41.652
468.322928232,135.599835134,1263,cat,0,openat,61.558
468.325807998,135.602714900,1263,cat,0,fstat,9.387
468.327947638,135.604854540,1263,cat,0,read,14.912
468.330208328,135.607115230,1263,cat,0,read,9.620
468.331771214,135.608678116,1263,cat,0,read,9.650
468.334142653,135.611049555,1263,cat,0,read,9.151
468.338044068,135.614950970,1263,cat,0,read,9.043
468.341673078,135.618579980,1263,cat,0,read,33.171
468.344117623,135.621024525,1263,cat,0,read,10.519
468.348028028,135.624934930,1263,cat,0,read,9.355
468.351172109,135.628079011,1263,cat,0,read,9.883
468.352766937,135.629673839,1263,cat,0,brk,29.034
468.355024604,135.631931506,1263,cat,0,read,9.438
468.360283603,135.637190505,1263,cat,0,read,27.307
468.362314192,135.639221094,1263,cat,0,read,11.544
468.363973730,135.640880632,1263,cat,0,read,4.898
468.365282630,135.642189532,1263,cat,0,read,9.043
468.366769170,135.643676072,1263,cat,0,read,6.196
468.368895256,135.645802158,1263,cat,0,close,11.976
468.371928827,135.648835729,1263,cat,0,syscall_217,28.042
468.374682551,135.651589453,1263,cat,0,close,22.015
468.377107935,135.654014837,1263,cat,0,syscall_202,8.677
468.380779996,135.657686898,1263,cat,0,openat,33.788
468.383452488,135.660359390,1263,cat,0,openat,56.729
468.384940806,135.661847708,1263,cat,0,fstat,8.884
468.387846934,135.664753836,1263,cat,0,mmap,68.437
468.390806580,135.667713482,1263,cat,0,close,5.016
468.395000786,135.671907688,1263,cat,0,openat,37.397
468.397930587,135.674837489,1263,cat,0,openat,32.226
468.399250906,135.676157808,1263,cat,0,fstat,9.863
468.400637659,135.677544561,1263,cat,0,mmap,47.629
468.402765785,135.679672687,1263,cat,0,close,6.081
468.403945491,135.680852393,1263,cat,0,openat,24.532
468.406793370,135.683700272,1263,cat,0,openat,26.979
468.408901828,135.685808730,1263,cat,0,fstat,7.472
468.411981711,135.688888613,1263,cat,0,mmap,34.875
468.414960219,135.691867121,1263,cat,0,close,7.015
468.417999952,135.694906854,1263,cat,0,openat,28.175
468.421033574,135.697940476,1263,cat,0,openat,34.319
468.425902048,135.702808950,1263,cat,0,fstat,17.712
468.428877054,135.705783956,1263,cat,0,mmap,47.460
468.431595994,135.708502896,1263,cat,0,close,6.538
468.433047560,135.709954462,1263,cat,0,openat,37.230
468.436883326,135.713790228,1263,cat,0,openat,95.131
468.439968160,135.716875062,1263,cat,0,fstat,7.676
468.444017044,135.720923946,1263,cat,0,mmap,42.279
468.445859329,135.722766231,1263,cat,0,close,8.176
468.449813546,135.726720448,1263,cat,0,openat,30.343
468.453030457,135.729937359,1263,cat,0,openat,40.049
468.455722869,135.732629771,1263,cat,0,fstat,7.241
468.456324392,135.733231294,1263,cat,0,close,6.579
468.457744635,135.734651537,1263,cat,0,openat,35.296
468.459892990,135.736799892,1263,cat,0,fstat,6.922
468.461984674,135.738891576,1263,cat,0,mmap,36.871
468.464002985,135.740909887,1263,cat,0,close,4.311
468.466596916,135.743503818,1263,cat,0,openat,25.231
468.468917889,135.745824791,1263,cat,0,openat,28.458
468.471838577,135.748745479,1263,cat,0,fstat,7.428
468.473975900,135.750882802,1263,cat,0,mmap,31.611
468.478979349,135.755886251,1263,cat,0,close,6.253
468.480993586,135.757900488,1263,cat,0,openat,28.772
468.484968994,135.761875896,1263,cat,0,openat,36.895
468.485580620,135.762487522,1263,cat,0,fstat,8.201
468.486591643,135.763498545,1263,cat,0,mmap,11.852
468.487672002,135.764578904,1263,cat,0,close,4.320
468.489876449,135.766783351,1263,cat,0,openat,24.403
468.492959165,135.769866067,1263,cat,0,openat,20.723
468.495851463,135.772758365,1263,cat,0,fstat,8.857
468.498864865,135.775771767,1263,cat,0,mmap,197.058
468.501959791,135.778866693,1263,cat,0,close,5.283
468.504819177,135.781726079,1263,cat,0,openat,23.911
468.507909857,135.784816759,1263,cat,0,openat,30.178
468.510006941,135.786913843,1263,cat,0,fstat,7.769
468.513071426,135.789978328,1263,cat,0,mmap,23.904
468.515945001,135.792851903,1263,cat,0,close,5.545
468.518056591,135.794963493,1263,cat,0,openat,21.825
468.521645325,135.798552227,1263,cat,0,openat,63.449
468.523865503,135.800772405,1263,cat,0,fstat,8.129
468.525978913,135.802885815,1263,cat,0,mmap,25.534
468.528843794,135.805750696,1263,cat,0,close,6.033
468.531976343,135.808883245,1263,cat,0,fstat,5.517
468.532855813,135.809762715,1263,cat,0,openat,31.016
468.534982069,135.811888971,1263,cat,0,fstat,6.980
468.537958478,135.814865380,1263,cat,0,syscall_221,2.615
468.538752192,135.815659094,1263,cat,0,mmap,13.899
468.540842879,135.817749781,1263,cat,0,read,27.347
468.543859607,135.820766509,1263,cat,0,write,7.706
468.545960995,135.822867897,1263,cat,0,read,12.204
468.548900723,135.825807625,1263,cat,0,munmap,31.562
468.551809958,135.828716860,1263,cat,0,close,8.775
468.553905320,135.830812222,1263,cat,0,close,4.068
468.556915913,135.833822815,1263,cat,0,close,4.971
468.120864589,135.397771491,1179,find,0,wait4,439054.323
468.562951160,135.839858062,1179,find,0,rt_sigprocmask,5.149
468.565039535,135.841946437,1179,find,0,clone,1208.004
468.567672843,135.844579745,1179,find,0,rt_sigprocmask,4.004
468.570110450,135.847017352,1264,find,0,syscall_273,2.809
468.573012932,135.849919834,1264,find,0,rt_sigprocmask,6.753
468.574998897,135.851905799,1264,find,0,syscall_81,11.969
468.577922776,135.854829678,1264,find,0,execve,35.633
468.580973556,135.857880458,1264,find,0,execve,22.012
468.583786513,135.860693415,1264,cat,0,execve,1957.594
468.588781788,135.865688690,1264,cat,0,brk,2.237
468.632093911,135.909000813,1264,cat,0,access,27.510
468.634875287,135.911782189,1264,cat,0,openat,40.288
468.637832586,135.914739488,1264,cat,0,fstat,9.602
468.641044582,135.917951484,1264,cat,0,mmap,61.010
468.644884771,135.921791673,1264,cat,0,close,6.885
468.646212266,135.923119168,1264,cat,0,openat,41.486
468.647714057,135.924620959,1264,cat,0,read,15.145
468.649813426,135.926720328,1264,cat,0,pread64,8.305
468.651909391,135.928816293,1264,cat,0,fstat,8.357
468.654868929,135.931775831,1264,cat,0,mmap,25.428
468.657812648,135.934719550,1264,cat,0,pread64,10.041
468.659894052,135.936800954,1264,cat,0,mmap,28.497
468.662942246,135.939849148,1264,cat,0,mmap,44.025
468.664482803,135.941389705,1264,cat,0,mmap,16.718
468.665874822,135.942781724,1264,cat,0,mmap,183.940
468.668877996,135.945784898,1264,cat,0,mmap,20.530
468.671977569,135.948884471,1264,cat,0,close,5.693
468.675990286,135.952897188,1264,cat,0,mmap,41.868
468.678026537,135.954933439,1264,cat,0,syscall_158,4.158
468.680882868,135.957789770,1264,cat,0,syscall_218,4.588
468.682953197,135.959860099,1264,cat,0,syscall_273,3.260
468.685807905,135.962714807,1264,cat,0,syscall_334,3.668
468.688208523,135.965115425,1264,cat,0,mprotect,41.097
468.689664435,135.966571337,1264,cat,0,mprotect,26.709
468.692915309,135.969822211,1264,cat,0,mprotect,38.053
468.695021593,135.971928495,1264,cat,0,syscall_302,5.766
468.696778934,135.973685836,1264,cat,0,syscall_318,7.965
468.698066765,135.974973667,1264,cat,0,munmap,266.698
468.699802447,135.976709349,1264,cat,0,brk,5.326
468.701059576,135.977966478,1264,cat,0,brk,17.196
468.703962055,135.980868957,1264,cat,0,openat,32.200
468.706015866,135.982922768,1264,cat,0,openat,30.360
468.708868601,135.985775503,1264,cat,0,fstat,8.593
468.709864898,135.986771800,1264,cat,0,read,17.003
468.712851140,135.989758042,1264,cat,0,read,5.710
468.714939260,135.991846162,1264,cat,0,close,17.958
468.717866908,135.994773810,1264,cat,0,openat,49.557
468.720860110,135.997767012,1264,cat,0,openat,33.051
468.723992407,136.000899309,1264,cat,0,fstat,7.355
468.726972012,136.003878914,1264,cat,0,mmap,62.506
468.729815506,136.006722408,1264,cat,0,close,4.853
468.731967691,136.008874593,1264,cat,0,openat,20.547
468.734875738,136.011782640,1264,cat,0,openat,23.641
468.737041107,136.013948009,1264,cat,0,fstat,6.660
468.738584295,136.015491197,1264,cat,0,read,4.950
468.738958435,136.015865337,1264,cat,0,read,6.663
468.741934209,136.018841111,1264,cat,0,close,12.270
468.744939796,136.021846698,1264,cat,0,openat,32.271
468.747053358,136.023960260,1264,cat,0,fstat,7.361
468.775713366,136.052620268,1264,cat,0,syscall_217,41.903
468.780019322,136.056926224,1264,cat,0,openat,45.616
468.784029737,136.060936639,1264,cat,0,fstat,9.282
468.787220487,136.064127389,1264,cat,0,read,12.086
468.789046463,136.065953365,1264,cat,0,read,9.336
468.793854493,136.070761395,1264,cat,0,read,19.293
468.798407884,136.075314786,1264,cat,0,read,15.242
468.800555433,136.077462335,1264,cat,0,read,4.313
468.802301809,136.079208711,1264,cat,0,read,10.180
468.804384737,136.081291639,1264,cat,0,read,10.732
468.806312662,136.083219564,1264,cat,0,read,9.085
468.809104893,136.086011795,1264,cat,0,read,9.772
468.815344930,136.092251832,1264,cat,0,brk,28.266
468.818003754,136.094910656,1264,cat,0,read,12.566
468.821681768,136.098588670,1264,cat,0,read,14.413
468.825472021,136.102378923,1264,cat,0,read,12.545
468.829443833,136.106350735,1264,cat,0,read,12.407
468.833534140,136.110441042,1264,cat,0,read,12.174
468.838098466,136.115005368,1264,cat,0,read,6.645
468.840008719,136.116915621,1264,cat,0,close,17.814
468.841874194,136.118781096,1264,cat,0,syscall_217,32.834
468.845969668,136.122876570,1264,cat,0,close,16.294
468.849208374,136.126115276,1264,cat,0,syscall_202,6.833
468.850852010,136.127758912,1264,cat,0,openat,32.583
468.855070186,136.131977088,1264,cat,0,openat,29.829
468.859082628,136.135989530,1264,cat,0,fstat,17.918
468.860803702,136.137710604,1264,cat,0,mmap,33.945
468.865136971,136.142043873,1264,cat,0,close,5.091
468.866898788,136.143805690,1264,cat,0,openat,37.710
468.871243788,136.148150690,1264,cat,0,openat,44.568
468.874119207,136.151026109,1264,cat,0,fstat,11.197
468.875840113,136.152747015,1264,cat,0,mmap,43.891
468.880155674,136.157062576,1264,cat,0,close,83.466
468.883150357,136.160057259,1264,cat,0,openat,14.220
468.883778038,136.160684940,1264,cat,0,openat,10.197
468.884251694,136.161158596,1264,cat,0,fstat,2.419
468.884485587,136.161392489,1264,cat,0,mmap,10.080
468.885406944,136.162313846,1264,cat,0,close,2.908
468.885933387,136.162840289,1264,cat,0,openat,11.290
468.886823910,136.163730812,1264,cat,0,openat,13.492
468.887712046,136.164618948,1264,cat,0,fstat,3.471
468.888531954,136.165438856,1264,cat,0,mmap,16.684
468.889455805,136.166362707,1264,cat,0,close,2.032
468.889913485,136.166820387,1264,cat,0,openat,9.042
468.890690366,136.167597268,1264,cat,0,openat,11.594
468.891561003,136.168467905,1264,cat,0,fstat,3.428
468.893061073,136.169967975,1264,cat,0,mmap,16.419
468.894891142,136.171798044,1264,cat,0,close,1.615
468.901289438,136.178196340,1264,cat,0,openat,29.901
468.904162015,136.181068917,1264,cat,0,openat,55.246
468.905824544,136.182731446,1264,cat,0,fstat,6.144
468.908026807,136.184933709,1264,cat,0,close,16.501
468.911112460,136.188019362,1264,cat,0,openat,24.552
468.912780184,136.189687086,1264,cat,0,fstat,3.733
468.915079988,136.191986890,1264,cat,0,mmap,30.121
468.919036943,136.195943845,1264,cat,0,close,5.562
468.922189280,136.199096182,1264,cat,0,openat,18.855
468.923791152,136.200698054,1264,cat,0,openat,27.263
468.926060836,136.202967738,1264,cat,0,fstat,15.373
468.927851861,136.204758763,1264,cat,0,mmap,34.921
468.931092533,136.207999435,1264,cat,0,close,5.829
468.933019189,136.209926091,1264,cat,0,openat,42.097
468.939090734,136.215997636,1264,cat,0,openat,27.711
468.940736854,136.217643756,1264,cat,0,fstat,5.861
468.943112028,136.220018930,1264,cat,0,mmap,37.383
468.944726877,136.221633779,1264,cat,0,close,4.503
468.947038208,136.223945110,1264,cat,0,openat,20.585
468.956119149,136.233026051,1264,cat,0,openat,29.191
468.957933475,136.234840377,1264,cat,0,fstat,66.554
468.979942854,136.256849756,1264,cat,0,mmap,57.203
468.983883234,136.260790136,1264,cat,0,close,6.760
468.986059966,136.262966868,1264,cat,0,openat,25.593
468.987779511,136.264686413,1264,cat,0,openat,13.952
468.988090661,136.264997563,1264,cat,0,fstat,3.237
468.991133223,136.268040125,1264,cat,0,mmap,36.534
468.992873300,136.269780202,1264,cat,0,close,4.538
468.995469276,136.272376178,1264,cat,0,openat,24.851
468.997120858,136.274027760,1264,cat,0,openat,25.686
469.000998630,136.277905532,1264,cat,0,fstat,6.175
469.003078394,136.279985296,1264,cat,0,mmap,26.078
469.004886705,136.281793607,1264,cat,0,close,4.272
469.010491707,136.287398609,1264,cat,0,fstat,10.726
469.014066462,136.290973364,1264,cat,0,openat,41.578
469.015814140,136.292721042,1264,cat,0,fstat,7.193
469.019159446,136.296066348,1264,cat,0,syscall_221,3.924
469.020887415,136.297794317,1264,cat,0,mmap,26.466
469.024244332,136.301151234,1264,cat,0,read,27.554
469.025955528,136.302862430,1264,cat,0,write,5.307
469.032194834,136.309101736,1264,cat,0,read,4.703
469.035144487,136.312051389,1264,cat,0,munmap,182.368
469.036929420,136.313836322,1264,cat,0,close,15.525
469.038815518,136.315722420,1264,cat,0,close,2.810
469.044568884,136.321475786,1264,cat,0,close,8.969
468.569960235,135.846867137,1179,find,0,wait4,478890.937
469.050622363,136.327529265,1179,find,0,rt_sigprocmask,2.272
469.051920051,136.328826953,1179,find,0,clone,1289.837
469.058027842,136.334934744,1179,find,0,rt_sigprocmask,5.383
469.060827109,136.337734011,1265,find,0,syscall_273,1.379
469.061561081,136.338467983,1265,find,0,rt_sigprocmask,4.068
469.064175200,136.341082102,1265,find,0,syscall_81,9.756
469.065913394,136.342820296,1265,find,0,execve,29.512
469.070117788,136.347024690,1265,find,0,execve,16.872
469.071313350,136.348220252,1265,cat,0,execve,1477.238
469.077095417,136.354002319,1265,cat,0,brk,4.962
469.115074399,136.391981301,1265,cat,0,access,40.053
469.116325079,136.393231981,1265,cat,0,openat,38.091
469.117514923,136.394421825,1265,cat,0,fstat,2.808
469.117813345,136.394720247,1265,cat,0,mmap,40.575
469.121226977,136.398133879,1265,cat,0,close,5.803
469.123166190,136.400073092,1265,cat,0,openat,15.894
469.127326064,136.404232966,1265,cat,0,read,18.572
469.128984611,136.405891513,1265,cat,0,pread64,7.226
469.132007400,136.408914302,1265,cat,0,fstat,9.013
469.134521206,136.411428108,1265,cat,0,mmap,22.771
469.136074686,136.412981588,1265,cat,0,pread64,9.864
469.139094459,136.416001361,1265,cat,0,mmap,33.550
469.145054606,136.421961508,1265,cat,0,mmap,40.366
469.149266930,136.426173832,1265,cat,0,mmap,46.946
469.152291412,136.429198314,1265,cat,0,mmap,209.605
469.157254098,136.434161000,1265,cat,0,mmap,56.653
469.163533445,136.440440347,1265,cat,0,close,8.538
469.168950308,136.445857210,1265,cat,0,mmap,26.829
469.174939192,136.451846094,1265,cat,0,syscall_158,5.587
469.178047245,136.454954147,1265,cat,0,syscall_218,5.681
469.181753461,136.458660363,1265,cat,0,syscall_273,2.175
469.182552393,136.459459295,1265,cat,0,syscall_334,1.034
469.182857084,136.459763986,1265,cat,0,mprotect,16.259
469.184031622,136.460938524,1265,cat,0,mprotect,34.945
469.186797716,136.463704618,1265,cat,0,mprotect,67.642
469.190069445,136.466976347,1265,cat,0,syscall_302,5.020
469.194197588,136.471104490,1265,cat,0,syscall_318,8.991
469.195977692,136.472884594,1265,cat,0,munmap,113.852
469.196864297,136.473771199,1265,cat,0,brk,6.382
469.200279431,136.477186333,1265,cat,0,brk,26.722
469.202020616,136.478927518,1265,cat,0,openat,33.867
469.203885066,136.480791968,1265,cat,0,openat,36.378
469.209998969,136.486905871,1265,cat,0,fstat,5.719
469.213065808,136.489972710,1265,cat,0,read,10.784
469.216896477,136.493803379,1265,cat,0,read,2.124
469.217600808,136.494507710,1265,cat,0,close,14.587
469.220050043,136.496956945,1265,cat,0,openat,18.663
469.223171684,136.500078586,1265,cat,0,openat,34.804
469.224670903,136.501577805,1265,cat,0,fstat,6.649
469.225702687,136.502609589,1265,cat,0,mmap,40.654
469.230087887,136.506994789,1265,cat,0,close,5.036
469.234238609,136.511145511,1265,cat,0,openat,31.526
469.235894604,136.512801506,1265,cat,0,openat,22.010
469.238886838,136.515793740,1265,cat,0,fstat,11.226
469.242180399,136.519087301,1265,cat,0,read,12.759
469.243945081,136.520851983,1265,cat,0,read,5.303
469.248201687,136.525108589,1265,cat,0,close,9.388
469.249954056,136.526860958,1265,cat,0,openat,51.281
469.253121489,136.530028391,1265,cat,0,fstat,8.876
469.257034933,136.533941835,1265,cat,0,syscall_217,36.076
469.259096348,136.536003250,1265,cat,0,openat,11.459
469.261104295,136.538011197,1265,cat,0,fstat,8.138
469.262898137,136.539805039,1265,cat,0,read,5.638
469.266162260,136.543069162,1265,cat,0,read,9.812
469.268045126,136.544952028,1265,cat,0,read,9.482
469.270046291,136.546953193,1265,cat,0,read,9.147
469.273647195,136.550554097,1265,cat,0,read,3.405
469.275029849,136.551936751,1265,cat,0,read,9.383
469.277153770,136.554060672,1265,cat,0,read,10.086
469.282324748,136.559231650,1265,cat,0,read,16.249
469.284458857,136.561365759,1265,cat,0,read,10.550
469.287345827,136.564252729,1265,cat,0,brk,30.356
469.290244246,136.567151148,1265,cat,0,read,12.209
469.293503001,136.570409903,1265,cat,0,read,12.082
469.298452509,136.575359411,1265,cat,0,read,12.424
469.302642137,136.579549039,1265,cat,0,read,15.256
469.306507558,136.583414460,1265,cat,0,read,9.872
469.309914982,136.586821884,1265,cat,0,read,6.278
469.313029608,136.589936510,1265,cat,0,close,17.221
469.316944272,136.593851174,1265,cat,0,syscall_217,33.642
469.319980896,136.596887798,1265,cat,0,close,13.730
469.323440536,136.600347438,1265,cat,0,syscall_202,8.150
469.325355949,136.602262851,1265,cat,0,openat,34.108
469.326915919,136.603822821,1265,cat,0,openat,24.925
469.330004698,136.606911600,1265,cat,0,fstat,10.460
469.331837730,136.608744632,1265,cat,0,mmap,46.462
469.332762064,136.609668966,1265,cat,0,close,1.397
469.333817637,136.610724539,1265,cat,0,openat,22.427
469.336955045,136.613861947,1265,cat,0,openat,26.648
469.339983917,136.616890819,1265,cat,0,fstat,6.946
469.346003157,136.622910059,1265,cat,0,mmap,37.526
469.349231846,136.626138748,1265,cat,0,close,4.781
469.350836823,136.627743725,1265,cat,0,openat,26.518
469.354257352,136.631164254,1265,cat,0,openat,52.394
469.356163336,136.633070238,1265,cat,0,fstat,7.160
469.357938766,136.634845668,1265,cat,0,mmap,37.836
469.358762544,136.635669446,1265,cat,0,close,2.616
469.360005008,136.636911910,1265,cat,0,openat,31.454
469.364002728,136.640909630,1265,cat,0,openat,12.629
469.364959343,136.641866245,1265,cat,0,fstat,5.810
469.365544681,136.642451583,1265,cat,0,mmap,15.412
469.365797347,136.642704249,1265,cat,0,close,1.156
469.370112696,136.647019598,1265,cat,0,openat,34.919
469.372936075,136.649842977,1265,cat,0,openat,35.872
469.374741858,136.651648760,1265,cat,0,fstat,3.139
469.377031071,136.653937973,1265,cat,0,mmap,43.791
469.381015418,136.657922320,1265,cat,0,close,5.816
469.385154927,136.662061829,1265,cat,0,openat,26.253
469.386872867,136.663779769,1265,cat,0,openat,31.559
469.390945461,136.667852363,1265,cat,0,fstat,8.009
469.394090356,136.670997258,1265,cat,0,close,15.980
469.395843615,136.672750517,1265,cat,0,openat,29.895
469.400177115,136.677084017,1265,cat,0,fstat,9.347
469.401811836,136.678718738,1265,cat,0,mmap,32.886
469.405798507,136.682705409,1265,cat,0,close,1.532
469.406432291,136.683339193,1265,cat,0,openat,25.461
469.408018410,136.684925312,1265,cat,0,openat,24.545
469.409903722,136.686810624,1265,cat,0,fstat,6.587
469.414158251,136.691065153,1265,cat,0,mmap,27.046
469.415979124,136.692886026,1265,cat,0,close,1.307
469.416453428,136.693360330,1265,cat,0,openat,5.180
469.417050944,136.693957846,1265,cat,0,openat,24.602
469.421103262,136.698010164,1265,cat,0,fstat,7.647
469.423013251,136.699920153,1265,cat,0,mmap,35.337
469.428389502,136.705296404,1265,cat,0,close,5.053
469.430134076,136.707040978,1265,cat,0,openat,28.005
469.431750205,136.708657107,1265,cat,0,openat,24.911
469.434070278,136.710977180,1265,cat,0,fstat,6.694
469.437939183,136.714846085,1265,cat,0,mmap,133.325
469.441115865,136.718022767,1265,cat,0,close,5.067
469.445084899,136.721991801,1265,cat,0,openat,21.526
469.448112373,136.725019275,1265,cat,0,openat,25.150
469.449922311,136.726829213,1265,cat,0,fstat,7.673
469.453046143,136.729953045,1265,cat,0,mmap,36.021
469.457238232,136.734145134,1265,cat,0,close,7.242
469.458998984,136.735905886,1265,cat,0,openat,39.088
469.460671847,136.737578749,1265,cat,0,openat,43.976
469.463892988,136.740799890,1265,cat,0,fstat,13.961
469.466851863,136.743758765,1265,cat,0,mmap,48.592
469.469983909,136.746890811,1265,cat,0,close,7.785
469.474542063,136.751448965,1265,cat,0,fstat,15.183
469.475854254,136.752761156,1265,cat,0,openat,48.437
469.477854364,136.754761266,1265,cat,0,fstat,12.059
469.479972953,136.756879855,1265,cat,0,syscall_221,6.575
469.483945240,136.760852142,1265,cat,0,mmap,105.722
469.485607106,136.762514008,1265,cat,0,read,24.582
469.487908732,136.764815634,1265,cat,0,write,8.017
469.490952483,136.767859385,1265,cat,0,read,10.174
469.494899757,136.771806659,1265,cat,0,munmap,59.681
469.498987087,136.775893989,1265,cat,0,close,19.229
469.503907798,136.780814700,1265,cat,0,close,4.047
469.506949624,136.783856526,1265,cat,0,close,5.414
469.060775507,136.337682409,1179,find,0,wait4,450470.207
469.512873814,136.789780716,1179,find,0,rt_sigprocmask,6.474
469.517005490,136.793912392,1179,find,0,clone,1416.471
469.520876023,136.797782925,1179,find,0,rt_sigprocmask,6.778
469.523908365,136.800815267,1266,find,0,syscall_273,5.652
469.526810090,136.803716992,1266,find,0,rt_sigprocmask,4.319
469.532062764,136.808969666,1266,find,0,syscall_81,14.504
469.533682685,136.810589587,1266,find,0,execve,27.635
469.535813786,136.812720688,1266,find,0,execve,17.010
469.537804470,136.814711372,1266,cat,0,execve,1866.915
469.541883120,136.818790022,1266,cat,0,brk,6.004
469.588060281,136.864967183,1266,cat,0,access,23.883
469.589597337,136.866504239,1266,cat,0,openat,39.850
469.590927779,136.867834681,1266,cat,0,fstat,7.889
469.594925182,136.871832084,1266,cat,0,mmap,44.603
469.597859553,136.874766455,1266,cat,0,close,6.124
469.600975097,136.877881999,1266,cat,0,openat,31.341
469.603889705,136.880796607,1266,cat,0,read,13.293
469.605661922,136.882568824,1266,cat,0,pread64,31.054
469.608976949,136.885883851,1266,cat,0,fstat,8.752
469.611966728,136.888873630,1266,cat,0,mmap,41.191
469.614355835,136.891262737,1266,cat,0,pread64,12.436
469.616752173,136.893659075,1266,cat,0,mmap,33.675
469.619799435,136.896706337,1266,cat,0,mmap,47.801
469.623877388,136.900784290,1266,cat,0,mmap,44.352
469.627956982,136.904863884,1266,cat,0,mmap,199.260
469.629672919,136.906579821,1266,cat,0,mmap,23.014
469.631934210,136.908841112,1266,cat,0,close,6.333
469.634875221,136.911782123,1266,cat,0,mmap,21.055
469.636862948,136.913769850,1266,cat,0,syscall_158,12.942
469.640018630,136.916925532,1266,cat,0,syscall_218,4.334
469.643952554,136.920859456,1266,cat,0,syscall_273,10.628
469.649916102,136.926823004,1266,cat,0,syscall_334,8.297
469.654191328,136.931098230,1266,cat,0,mprotect,48.063
469.655748629,136.932655531,1266,cat,0,mprotect,26.260
469.656804100,136.933711002,1266,cat,0,mprotect,14.764
469.657776066,136.934682968,1266,cat,0,syscall_302,5.787
469.660123015,136.937029917,1266,cat,0,syscall_318,9.522
469.661958810,136.938865712,1266,cat,0,munmap,211.456
469.663700274,136.940607176,1266,cat,0,brk,5.198
469.665840287,136.942747189,1266,cat,0,brk,23.648
469.671027429,136.947934331,1266,cat,0,openat,43.530
469.674904574,136.951811476,1266,cat,0,openat,37.658
469.676582187,136.953489089,1266,cat,0,fstat,9.415
469.678202645,136.955109547,1266,cat,0,read,14.925
469.679699212,136.956606114,1266,cat,0,read,6.573
469.681837562,136.958744464,1266,cat,0,close,18.681
469.684884506,136.961791408,1266,cat,0,openat,37.822
469.688002031,136.964908933,1266,cat,0,openat,30.964
469.689670636,136.966577538,1266,cat,0,fstat,8.947
469.691001090,136.967907992,1266,cat,0,mmap,61.168
469.694951039,136.971857941,1266,cat,0,close,4.666
469.698789379,136.975696281,1266,cat,0,openat,9.553
469.699701026,136.976607928,1266,cat,0,openat,26.338
469.701789708,136.978696610,1266,cat,0,fstat,16.861
469.704996572,136.981903474,1266,cat,0,read,19.627
469.707976682,136.984883584,1266,cat,0,read,7.276
469.709342310,136.986249212,1266,cat,0,close,22.520
469.710001433,136.986908335,1266,cat,0,openat,36.783
469.711808829,136.988715731,1266,cat,0,fstat,8.357
469.714909115,136.991816017,1266,cat,0,syscall_217,24.944
469.716959933,136.993866835,1266,cat,0,openat,20.374
469.717751740,136.994658642,1266,cat,0,fstat,4.136
469.718487643,136.995394545,1266,cat,0,read,7.317
469.719632222,136.996539124,1266,cat,0,read,7.065
469.720681918,136.997588820,1266,cat,0,read,10.606
469.721687969,136.998594871,1266,cat,0,read,7.745
469.722716562,136.999623464,1266,cat,0,read,10.416
469.724043713,137.000950615,1266,cat,0,read,6.766
469.725034461,137.001941363,1266,cat,0,read,8.561
469.727015992,137.003922894,1266,cat,0,read,11.179
469.728772000,137.005678902,1266,cat,0,read,10.046
469.729798583,137.006705485,1266,cat,0,brk,11.445
469.730256000,137.007162902,1266,cat,0,read,3.993
469.730530478,137.007437380,1266,cat,0,read,3.213
469.730953697,137.007860599,1266,cat,0,read,5.786
469.731914235,137.008821137,1266,cat,0,read,6.280
469.732906408,137.009813310,1266,cat,0,read,6.525
469.733733964,137.010640866,1266,cat,0,read,5.307
469.734510096,137.011416998,1266,cat,0,close,11.924
469.734883279,137.011790181,1266,cat,0,syscall_217,22.834
469.735824717,137.012731619,1266,cat,0,close,9.983
469.736709591,137.013616493,1266,cat,0,syscall_202,5.461
469.737601410,137.014508312,1266,cat,0,openat,20.712
469.737968334,137.014875236,1266,cat,0,openat,20.947
469.738761419,137.015668321,1266,cat,0,fstat,6.887
469.739789315,137.016696217,1266,cat,0,mmap,28.765
469.740393239,137.017300141,1266,cat,0,close,2.778
469.740709441,137.017616343,1266,cat,0,openat,20.594
469.741550754,137.018457656,1266,cat,0,openat,17.699
469.741753155,137.018660057,1266,cat,0,fstat,3.036
469.742043912,137.018950814,1266,cat,0,mmap,23.919
469.743629430,137.020536332,1266,cat,0,close,3.913
469.743987436,137.020894338,1266,cat,0,openat,13.453
469.744781871,137.021688773,1266,cat,0,openat,19.193
469.745559225,137.022466127,1266,cat,0,fstat,5.580
469.745878556,137.022785458,1266,cat,0,mmap,20.296
469.746666000,137.023572902,1266,cat,0,close,2.700
469.746991172,137.023898074,1266,cat,0,openat,10.658
469.747736590,137.024643492,1266,cat,0,openat,15.166
469.754991890,137.031898792,1266,cat,0,fstat,8.227
469.759111042,137.036017944,1266,cat,0,mmap,54.849
469.761256298,137.038163200,1266,cat,0,close,2.212
469.762014770,137.038921672,1266,cat,0,openat,35.921
469.764956124,137.041863026,1266,cat,0,openat,119.895
469.767975891,137.044882793,1266,cat,0,fstat,10.058
469.771990786,137.048897688,1266,cat,0,mmap,43.308
469.774980371,137.051887273,1266,cat,0,close,6.756
469.778903412,137.055810314,1266,cat,0,openat,26.646
469.781988410,137.058895312,1266,cat,0,openat,27.830
469.787118824,137.064025726,1266,cat,0,fstat,7.788
469.790137212,137.067044114,1266,cat,0,close,14.843
469.791551159,137.068458061,1266,cat,0,openat,23.884
469.792787634,137.069694536,1266,cat,0,fstat,7.805
469.793945097,137.070851999,1266,cat,0,mmap,16.833
469.796301353,137.073208255,1266,cat,0,close,5.191
469.798082649,137.074989551,1266,cat,0,openat,24.408
469.799632478,137.076539380,1266,cat,0,openat,13.653
469.800521053,137.077427955,1266,cat,0,fstat,7.602
469.802071758,137.078978660,1266,cat,0,mmap,27.454
469.803752187,137.080659089,1266,cat,0,close,2.397
469.804295954,137.081202856,1266,cat,0,openat,12.025
469.804658310,137.081565212,1266,cat,0,openat,19.039
469.805585074,137.082491976,1266,cat,0,fstat,4.860
469.806534680,137.083441582,1266,cat,0,mmap,28.640
469.807518909,137.084425811,1266,cat,0,close,3.054
469.808005034,137.084911936,1266,cat,0,openat,11.581
469.808913364,137.085820266,1266,cat,0,openat,14.211
469.809739412,137.086646314,1266,cat,0,fstat,3.470
469.810548789,137.087455691,1266,cat,0,mmap,21.737
469.811465085,137.088371987,1266,cat,0,close,2.170
469.811908650,137.088815552,1266,cat,0,openat,8.639
469.812858578,137.089765480,1266,cat,0,openat,21.304
469.815075836,137.091982738,1266,cat,0,fstat,5.967
469.816944664,137.093851566,1266,cat,0,mmap,9.163
469.817998099,137.094905001,1266,cat,0,close,3.767
469.820768853,137.097675755,1266,cat,0,openat,12.721
469.821799671,137.098706573,1266,cat,0,openat,17.026
469.822667278,137.099574180,1266,cat,0,fstat,4.619
469.823940432,137.100847334,1266,cat,0,mmap,19.180
469.824727701,137.101634603,1266,cat,0,close,2.335
469.825097565,137.102004467,1266,cat,0,fstat,4.459
469.825820050,137.102726952,1266,cat,0,openat,25.300
469.826692810,137.103599712,1266,cat,0,fstat,4.873
469.827713072,137.104619974,1266,cat,0,syscall_221,3.169
469.828622854,137.105529756,1266,cat,0,mmap,20.188
469.829660418,137.106567320,1266,cat,0,read,13.545
469.830142705,137.107049607,1266,cat,0,write,4.547
469.831002276,137.107909178,1266,cat,0,read,4.859
469.831858024,137.108764926,1266,cat,0,munmap,23.333
469.832773325,137.109680227,1266,cat,0,close,8.026
469.833931707,137.110838609,1266,cat,0,close,2.225
469.834517620,137.111424522,1266,cat,0,close,1.962
469.523709611,136.800616513,1179,find,0,wait4,311528.557
469.835861584,137.112768486,1179,find,0,rt_sigprocmask,2.714
469.836832515,137.113739417,1179,find,0,clone,1198.284
469.838818417,137.115725319,1179,find,0,rt_sigprocmask,1.447
469.839492942,137.116399844,1267,find,0,syscall_273,1.892
469.839784741,137.116691643,1267,find,0,rt_sigprocmask,1.742
469.840695014,137.117601916,1267,find,0,syscall_81,4.158
469.841545369,137.118452271,1267,find,0,execve,19.387
469.842463331,137.119370233,1267,find,0,execve,11.188
469.842903885,137.119810787,1267,cat,0,execve,2380.510
469.846935300,137.123842202,1267,cat,0,brk,4.066
469.854744430,137.131651332,1267,cat,0,access,31.211
469.855597996,137.132504898,1267,cat,0,openat,26.795
469.856504649,137.133411551,1267,cat,0,fstat,7.332
469.857681827,137.134588729,1267,cat,0,mmap,24.387
469.859144978,137.136051880,1267,cat,0,close,3.652
469.860610001,137.137516903,1267,cat,0,openat,25.865
469.861639767,137.138546669,1267,cat,0,read,6.938
469.862594439,137.139501341,1267,cat,0,pread64,5.206
469.863016801,137.139923703,1267,cat,0,fstat,4.305
469.863824883,137.140731785,1267,cat,0,mmap,19.733
469.864902760,137.141809662,1267,cat,0,pread64,7.128
469.866005588,137.142912490,1267,cat,0,mmap,12.728
469.868244665,137.145151567,1267,cat,0,mmap,43.625
469.869830018,137.146736920,1267,cat,0,mmap,42.206
469.873048000,137.149954902,1267,cat,0,mmap,301.158
469.876372620,137.153279522,1267,cat,0,mmap,33.599
469.879185534,137.156092436,1267,cat,0,close,7.371
469.880993191,137.157900093,1267,cat,0,mmap,26.281
469.885218968,137.162125870,1267,cat,0,syscall_158,3.695
469.886950395,137.163857297,1267,cat,0,syscall_218,4.577
469.891085919,137.167992821,1267,cat,0,syscall_273,4.119
469.893761893,137.170668795,1267,cat,0,syscall_334,1.112
469.896202191,137.173109093,1267,cat,0,mprotect,31.958
469.897874082,137.174780984,1267,cat,0,mprotect,28.332
469.901037062,137.177943964,1267,cat,0,mprotect,44.165
469.904175667,137.181082569,1267,cat,0,syscall_302,5.079
469.905807031,137.182713933,1267,cat,0,syscall_318,7.736
469.908914330,137.185821232,1267,cat,0,munmap,145.937
469.912009547,137.188916449,1267,cat,0,brk,4.238
469.916238481,137.193145383,1267,cat,0,brk,25.389
469.918260272,137.195167174,1267,cat,0,openat,31.777
469.919951177,137.196858079,1267,cat,0,openat,23.601
469.922764180,137.199671082,1267,cat,0,fstat,8.083
469.925035971,137.201942873,1267,cat,0,read,11.283
469.939933523,137.216840425,1267,cat,0,read,12.916
469.941931885,137.218838787,1267,cat,0,close,8.762
469.943123442,137.220030344,1267,cat,0,openat,21.599
469.944814236,137.221721138,1267,cat,0,openat,26.800
469.945994275,137.222901177,1267,cat,0,fstat,5.986
469.947925058,137.224831960,1267,cat,0,mmap,34.875
469.954783517,137.231690419,1267,cat,0,close,8.090
469.956976822,137.233883724,1267,cat,0,openat,30.714
469.959023712,137.235930614,1267,cat,0,openat,32.255
469.960914598,137.237821500,1267,cat,0,fstat,6.345
469.973847050,137.250753952,1267,cat,0,read,15.070
469.976761379,137.253668281,1267,cat,0,read,7.221
469.979115921,137.256022823,1267,cat,0,close,7.834
469.981872751,137.258779653,1267,cat,0,openat,43.071
469.983757940,137.260664842,1267,cat,0,fstat,9.284
469.985700384,137.262607286,1267,cat,0,syscall_217,16.278
469.986817970,137.263724872,1267,cat,0,openat,72.592
469.988789079,137.265695981,1267,cat,0,fstat,5.058
469.989427248,137.266334150,1267,cat,0,read,4.793
469.989707820,137.266614722,1267,cat,0,read,3.115
469.990430157,137.267337059,1267,cat,0,read,3.718
469.990897877,137.267804779,1267,cat,0,read,6.546
469.992887107,137.269794009,1267,cat,0,read,8.586
469.994840209,137.271747111,1267,cat,0,read,8.027
469.996171860,137.273078762,1267,cat,0,read,7.465
469.999037965,137.275944867,1267,cat,0,read,5.021
470.000039488,137.276946390,1267,cat,0,read,9.144
470.003281593,137.280188495,1267,cat,0,brk,18.494
470.005178791,137.282085693,1267,cat,0,read,6.701
470.007060739,137.283967641,1267,cat,0,read,9.243
470.010879225,137.287786127,1267,cat,0,read,7.729
470.012190956,137.289097858,1267,cat,0,read,8.336
470.014012530,137.290919432,1267,cat,0,read,7.253
470.015728464,137.292635366,1267,cat,0,read,5.090
470.016779266,137.293686168,1267,cat,0,close,10.190
470.017713373,137.294620275,1267,cat,0,syscall_217,20.297
470.018555518,137.295462420,1267,cat,0,close,8.275
470.019529061,137.296435963,1267,cat,0,syscall_202,3.246
470.019917849,137.296824751,1267,cat,0,openat,15.859
470.020739545,137.297646447,1267,cat,0,openat,18.341
470.021572074,137.298478976,1267,cat,0,fstat,5.095
470.022474748,137.299381650,1267,cat,0,mmap,23.106
470.022929116,137.299836018,1267,cat,0,close,2.543
470.023779997,137.300686899,1267,cat,0,openat,11.444
470.024623905,137.301530807,1267,cat,0,openat,15.721
470.025539336,137.302446238,1267,cat,0,fstat,4.292
470.025985960,137.302892862,1267,cat,0,mmap,16.034
470.026842234,137.303749136,1267,cat,0,close,2.492
470.027645875,137.304552777,1267,cat,0,openat,10.999
470.028560313,137.305467215,1267,cat,0,openat,12.193
470.028990602,137.305897504,1267,cat,0,fstat,4.642
470.029829817,137.306736719,1267,cat,0,mmap,17.410
470.030678520,137.307585422,1267,cat,0,close,2.610
470.031504649,137.308411551,1267,cat,0,openat,12.503
470.031974813,137.308881715,1267,cat,0,openat,13.930
470.032799437,137.309706339,1267,cat,0,fstat,3.855
470.033675746,137.310582648,1267,cat,0,mmap,16.983
470.034129482,137.311036384,1267,cat,0,close,2.487
470.034971907,137.311878809,1267,cat,0,openat,11.497
470.035848385,137.312755287,1267,cat,0,openat,16.515
470.036766827,137.313673729,1267,cat,0,fstat,3.942
470.037710944,137.314617846,1267,cat,0,mmap,16.075
470.038679458,137.315586360,1267,cat,0,close,2.980
470.039627006,137.316533908,1267,cat,0,openat,10.625
470.040072484,137.316979386,1267,cat,0,openat,16.783
470.041118693,137.318025595,1267,cat,0,fstat,7.208
470.043488533,137.320395435,1267,cat,0,close,15.620
470.044471956,137.321378858,1267,cat,0,openat,31.627
470.045972537,137.322879439,1267,cat,0,fstat,6.794
470.048981259,137.325888161,1267,cat,0,mmap,36.061
470.051066384,137.327973286,1267,cat,0,close,2.551
470.051720098,137.328627000,1267,cat,0,openat,12.595
470.052333187,137.329240089,1267,cat,0,openat,12.499
470.052926713,137.329833615,1267,cat,0,fstat,5.093
470.053926532,137.330833434,1267,cat,0,mmap,19.711
470.054839381,137.331746283,1267,cat,0,close,2.749
470.055746258,137.332653160,1267,cat,0,openat,27.433
470.056814633,137.333721535,1267,cat,0,openat,15.188
470.057746639,137.334653541,1267,cat,0,fstat,4.441
470.058577807,137.335484709,1267,cat,0,mmap,17.719
470.059555539,137.336462441,1267,cat,0,close,2.598
470.060036489,137.336943391,1267,cat,0,openat,10.675
470.060871739,137.337778641,1267,cat,0,openat,14.766
470.062047840,137.338954742,1267,cat,0,fstat,3.873
470.065186851,137.342093753,1267,cat,0,mmap,38.655
470.066844657,137.343751559,1267,cat,0,close,4.210
470.069193700,137.346100602,1267,cat,0,openat,21.248
470.070773724,137.347680626,1267,cat,0,openat,27.782
470.074100969,137.351007871,1267,cat,0,fstat,7.815
470.076001207,137.352908109,1267,cat,0,mmap,21.780
470.076941367,137.353848269,1267,cat,0,close,2.975
470.077785956,137.354692858,1267,cat,0,openat,12.760
470.078598662,137.355505564,1267,cat,0,openat,14.349
470.079606346,137.356513248,1267,cat,0,fstat,6.189
470.080582552,137.357489454,1267,cat,0,mmap,18.789
470.081534957,137.358441859,1267,cat,0,close,3.108
470.082025483,137.358932385,1267,cat,0,fstat,5.243
470.083006627,137.359913529,1267,cat,0,openat,20.663
470.083923318,137.360830220,1267,cat,0,fstat,5.106
470.084807758,137.361714660,1267,cat,0,syscall_221,3.142
470.085688992,137.362595894,1267,cat,0,mmap,19.230
470.086607433,137.363514335,1267,cat,0,read,13.227
470.087579101,137.364486003,1267,cat,0,write,3.610
470.088040588,137.364947490,1267,cat,0,read,4.267
470.088956074,137.365862976,1267,cat,0,munmap,22.413
470.089860641,137.366767543,1267,cat,0,close,7.575
470.090730268,137.367637170,1267,cat,0,close,2.771
470.091715686,137.368622588,1267,cat,0,close,4.673
469.839434808,137.116341710,1179,find,0,wait4,253739.568
470.093772318,137.370679220,1179,find,0,rt_sigprocmask,1.797
470.094358925,137.371265827,1179,find,0,clone,518.105
470.095784340,137.372691242,1179,find,0,rt_sigprocmask,1.778
470.096885124,137.373792026,1268,find,0,syscall_273,2.686
470.097833445,137.374740347,1268,find,0,rt_sigprocmask,2.248
470.098821469,137.375728371,1268,find,0,syscall_81,6.109
470.099751803,137.376658705,1268,find,0,execve,18.744
470.100727606,137.377634508,1268,find,0,execve,11.867
470.101677240,137.378584142,1268,cat,0,execve,1173.797
470.105216180,137.382123082,1268,cat,0,brk,3.833
470.135498693,137.412405595,1268,cat,0,access,36.268
470.137855726,137.414762628,1268,cat,0,openat,702.272
470.143077115,137.419984017,1268,cat,0,fstat,12.041
470.145890408,137.422797310,1268,cat,0,mmap,32.420
470.149860559,137.426767461,1268,cat,0,close,4.997
470.153897962,137.430804864,1268,cat,0,openat,32.942
470.155464057,137.432370959,1268,cat,0,read,3.767
470.155693108,137.432600010,1268,cat,0,pread64,2.173
470.157002836,137.433909738,1268,cat,0,fstat,9.518
470.166607525,137.443514427,1268,cat,0,mmap,30.584
470.168796473,137.445703375,1268,cat,0,pread64,11.697
470.171929868,137.448836770,1268,cat,0,mmap,33.568
470.174806855,137.451713757,1268,cat,0,mmap,43.273
470.176968877,137.453875779,1268,cat,0,mmap,51.367
470.179926791,137.456833693,1268,cat,0,mmap,49.559
470.182872488,137.459779390,1268,cat,0,mmap,21.913
470.185236110,137.462143012,1268,cat,0,close,5.640
470.186963898,137.463870800,1268,cat,0,mmap,19.640
470.190082398,137.466989300,1268,cat,0,syscall_158,3.736
470.194022427,137.470929329,1268,cat,0,syscall_218,4.130
470.197006254,137.473913156,1268,cat,0,syscall_273,1.491
470.199201881,137.476108783,1268,cat,0,syscall_334,3.594
470.203273474,137.480180376,1268,cat,0,mprotect,36.287
470.204938801,137.481845703,1268,cat,0,mprotect,25.381
470.207595726,137.484502628,1268,cat,0,mprotect,13.233
470.207988830,137.484895732,1268,cat,0,syscall_302,8.314
470.209162123,137.486069025,1268,cat,0,syscall_318,4.993
470.210605059,137.487511961,1268,cat,0,munmap,107.385
470.211657574,137.488564476,1268,cat,0,brk,3.030
470.212552455,137.489459357,1268,cat,0,brk,14.498
470.213565253,137.490472155,1268,cat,0,openat,17.639
470.214621279,137.491528181,1268,cat,0,openat,19.743
470.215545010,137.492451912,1268,cat,0,fstat,5.142
470.216018349,137.492925251,1268,cat,0,read,6.852
470.217004575,137.493911477,1268,cat,0,read,3.906
470.218026286,137.494933188,1268,cat,0,close,9.944
470.221232492,137.498139394,1268,cat,0,openat,20.750
470.222487293,137.499394195,1268,cat,0,openat,21.842
470.223548440,137.500455342,1268,cat,0,fstat,5.428
470.224495516,137.501402418,1268,cat,0,mmap,25.413
470.224973991,137.501880893,1268,cat,0,close,2.511
470.226002139,137.502909041,1268,cat,0,openat,14.659
470.226942244,137.503849146,1268,cat,0,openat,16.248
470.227865312,137.504772214,1268,cat,0,fstat,5.964
470.228870456,137.505777358,1268,cat,0,read,5.409
470.229414628,137.506321530,1268,cat,0,read,2.415
470.229717370,137.506624272,1268,cat,0,close,5.805
470.230538920,137.507445822,1268,cat,0,openat,22.001
470.231006619,137.507913521,1268,cat,0,fstat,4.399
470.231883313,137.508790215,1268,cat,0,syscall_217,18.929
470.232774021,137.509680923,1268,cat,0,openat,15.767
470.233647933,137.510554835,1268,cat,0,fstat,4.212
470.234630529,137.511537431,1268,cat,0,read,6.752
470.235644419,137.512551321,1268,cat,0,read,6.031
470.236684674,137.513591576,1268,cat,0,read,6.168
470.237780192,137.514687094,1268,cat,0,read,5.282
470.238759720,137.515666622,1268,cat,0,read,9.068
470.239643884,137.516550786,1268,cat,0,read,6.204
470.239979532,137.516886434,1268,cat,0,read,3.789
470.240668171,137.517575073,1268,cat,0,read,6.546
470.241305493,137.518212395,1268,cat,0,read,5.885
470.242796344,137.519703246,1268,cat,0,brk,14.562
470.243751499,137.520658401,1268,cat,0,read,5.261
470.244802168,137.521709070,1268,cat,0,read,5.890
470.245815757,137.522722659,1268,cat,0,read,5.275
470.246845878,137.523752780,1268,cat,0,read,5.670
470.247487218,137.524394120,1268,cat,0,read,5.031
470.248813059,137.525719961,1268,cat,0,read,4.052
470.250862909,137.527769811,1268,cat,0,close,12.042
470.254051092,137.530957994,1268,cat,0,syscall_217,23.631
470.257063208,137.533970110,1268,cat,0,close,11.648
470.258870615,137.535777517,1268,cat,0,syscall_202,5.613
470.263104176,137.540011078,1268,cat,0,openat,19.283
470.263983587,137.540890489,1268,cat,0,openat,18.279
470.264852681,137.541759583,1268,cat,0,fstat,5.655
470.265590027,137.542496929,1268,cat,0,mmap,27.687
470.266490799,137.543397701,1268,cat,0,close,3.781
470.266853293,137.543760195,1268,cat,0,openat,13.402
470.269115577,137.546022479,1268,cat,0,openat,28.844
470.270459140,137.547366042,1268,cat,0,fstat,5.741
470.270751632,137.547658534,1268,cat,0,mmap,19.458
470.271646988,137.548553890,1268,cat,0,close,3.372
470.272353378,137.549260280,1268,cat,0,openat,9.766
470.272593156,137.549500058,1268,cat,0,openat,9.947
470.273850986,137.550757888,1268,cat,0,fstat,59.609
470.275526568,137.552433470,1268,cat,0,mmap,29.849
470.276571575,137.553478477,1268,cat,0,close,4.663
470.276829851,137.553736753,1268,cat,0,openat,13.955
470.277231144,137.554138046,1268,cat,0,openat,11.418
470.277416246,137.554323148,1268,cat,0,fstat,3.295
470.277589535,137.554496437,1268,cat,0,mmap,9.091
470.277774139,137.554681041,1268,cat,0,close,2.851
470.278619890,137.555526792,1268,cat,0,openat,12.048
470.279467220,137.556374122,1268,cat,0,openat,13.938
470.279818142,137.556725044,1268,cat,0,fstat,4.003
470.281986136,137.558893038,1268,cat,0,mmap,143.014
470.283660455,137.560567357,1268,cat,0,close,4.747
470.285903552,137.562810454,1268,cat,0,openat,20.630
470.289002343,137.565909245,1268,cat,0,openat,27.065
470.291705984,137.568612886,1268,cat,0,fstat,9.543
470.293818159,137.570725061,1268,cat,0,close,11.835
470.294782423,137.571689325,1268,cat,0,openat,30.915
470.296897558,137.573804460,1268,cat,0,fstat,7.236
470.299009583,137.575916485,1268,cat,0,mmap,33.445
470.302877837,137.579784739,1268,cat,0,close,5.846
470.305019472,137.581926374,1268,cat,0,openat,22.836
470.307826072,137.584732974,1268,cat,0,openat,25.283
470.309927474,137.586834376,1268,cat,0,fstat,6.856
470.311816272,137.588723174,1268,cat,0,mmap,25.820
470.313861761,137.590768663,1268,cat,0,close,3.218
470.314650886,137.591557788,1268,cat,0,openat,12.074
470.315981761,137.592888663,1268,cat,0,openat,25.266
470.319907363,137.596814265,1268,cat,0,fstat,7.525
470.323031959,137.599938861,1268,cat,0,mmap,32.766
470.325882300,137.602789202,1268,cat,0,close,5.741
470.327974192,137.604881094,1268,cat,0,openat,19.462
470.330847779,137.607754681,1268,cat,0,openat,22.359
470.332130521,137.609037423,1268,cat,0,fstat,8.965
470.332767297,137.609674199,1268,cat,0,mmap,18.332
470.333327541,137.610234443,1268,cat,0,close,2.224
470.333550915,137.610457817,1268,cat,0,openat,9.194
470.333792647,137.610699549,1268,cat,0,openat,13.628
470.334532953,137.611439855,1268,cat,0,fstat,4.446
470.334855404,137.611762306,1268,cat,0,mmap,15.821
470.335586369,137.612493271,1268,cat,0,close,2.818
470.335929594,137.612836496,1268,cat,0,openat,9.165
470.336923558,137.613830460,1268,cat,0,openat,18.525
470.339020282,137.615927184,1268,cat,0,fstat,6.796
470.343886046,137.620792948,1268,cat,0,mmap,31.346
470.345884130,137.622791032,1268,cat,0,close,4.568
470.349021905,137.625928807,1268,cat,0,fstat,8.333
470.352936705,137.629843607,1268,cat,0,openat,52.491
470.355990958,137.632897860,1268,cat,0,fstat,8.293
470.360835382,137.637742284,1268,cat,0,syscall_221,6.642
470.365085806,137.641992708,1268,cat,0,mmap,16.548
470.366647387,137.643554289,1268,cat,0,read,22.641
470.367935595,137.644842497,1268,cat,0,write,8.833
470.369945563,137.646852465,1268,cat,0,read,6.530
470.372858180,137.649765082,1268,cat,0,munmap,43.697
470.375929802,137.652836704,1268,cat,0,close,12.782
470.377793120,137.654700022,1268,cat,0,close,5.638
470.381091752,137.657998654,1268,cat,0,close,4.812
470.096772547,137.373679449,1179,find,0,wait4,285835.873
470.385425492,137.662332394,1179,find,0,rt_sigprocmask,8.001
470.386761059,137.663667961,1179,find,0,clone,1214.082
470.391757121,137.668664023,1179,find,0,rt_sigprocmask,2.687
470.392822424,137.669729326,1269,find,0,syscall_273,2.204
470.393309906,137.670216808,1269,find,0,rt_sigprocmask,1.755
470.393579106,137.670486008,1269,find,0,syscall_81,7.230
470.396923164,137.673830066,1269,find,0,execve,63.720
470.397480308,137.674387210,1269,find,0,execve,6.459
470.397660314,137.674567216,1269,cat,0,execve,1589.570
470.400478616,137.677385518,1269,cat,0,brk,5.891
470.425880879,137.702787781,1269,cat,0,access,14.762
470.426495149,137.703402051,1269,cat,0,openat,29.822
470.428002241,137.704909143,1269,cat,0,fstat,12.698
470.430698702,137.707605604,1269,cat,0,mmap,25.540
470.431603372,137.708510274,1269,cat,0,close,2.881
470.432891706,137.709798608,1269,cat,0,openat,32.132
470.434618098,137.711525000,1269,cat,0,read,13.091
470.435705821,137.712612723,1269,cat,0,pread64,3.753
470.435894764,137.712801666,1269,cat,0,fstat,3.604
470.438831908,137.715738810,1269,cat,0,mmap,26.061
470.441510353,137.718417255,1269,cat,0,pread64,6.619
470.441700450,137.718607352,1269,cat,0,mmap,15.120
470.441891281,137.718798183,1269,cat,0,mmap,18.123
470.442627402,137.719534304,1269,cat,0,mmap,118.481
470.445894263,137.722801165,1269,cat,0,mmap,50.897
470.446992290,137.723899192,1269,cat,0,mmap,25.453
470.448801076,137.725707978,1269,cat,0,close,5.902
470.449865333,137.726772235,1269,cat,0,mmap,25.299
470.450948676,137.727855578,1269,cat,0,syscall_158,2.240
470.451600241,137.728507143,1269,cat,0,syscall_218,1.742
470.451786780,137.728693682,1269,cat,0,syscall_273,1.387
470.452344348,137.729251250,1269,cat,0,syscall_334,1.537
470.452696464,137.729603366,1269,cat,0,mprotect,17.772
470.452921944,137.729828846,1269,cat,0,mprotect,9.720
470.453358340,137.730265242,1269,cat,0,mprotect,12.473
470.453572252,137.730479154,1269,cat,0,syscall_302,2.079
470.453779528,137.730686430,1269,cat,0,syscall_318,3.311
470.454209170,137.731116072,1269,cat,0,munmap,73.056
470.454515562,137.731422464,1269,cat,0,brk,1.757
470.454693262,137.731600164,1269,cat,0,brk,7.490
470.454884450,137.731791352,1269,cat,0,openat,12.404
470.455295262,137.732202164,1269,cat,0,openat,11.799
470.455487104,137.732394006,1269,cat,0,fstat,3.320
470.455673385,137.732580287,1269,cat,0,read,5.753
470.455920902,137.732827804,1269,cat,0,read,2.327
470.456393483,137.733300385,1269,cat,0,close,7.340
470.456809568,137.733716470,1269,cat,0,openat,16.929
470.457491648,137.734398550,1269,cat,0,openat,15.307
470.457857291,137.734764193,1269,cat,0,fstat,4.254
470.458734322,137.735641224,1269,cat,0,mmap,26.074
470.458942092,137.735848994,1269,cat,0,close,2.455
470.459669377,137.736576279,1269,cat,0,openat,25.110
470.461076060,137.737982962,1269,cat,0,openat,27.110
470.461715801,137.738622703,1269,cat,0,fstat,10.483
470.462510504,137.739417406,1269,cat,0,read,6.206
470.462880714,137.739787616,1269,cat,0,read,6.574
470.464821236,137.741728138,1269,cat,0,close,12.013
470.465046804,137.741953706,1269,cat,0,openat,20.322
470.466605079,137.743511981,1269,cat,0,fstat,5.120
470.466820748,137.743727650,1269,cat,0,syscall_217,17.063
470.467432279,137.744339181,1269,cat,0,openat,16.763
470.467962589,137.744869491,1269,cat,0,fstat,7.129
470.468613424,137.745520326,1269,cat,0,read,8.076
470.468876652,137.745783554,1269,cat,0,read,3.910
470.469539687,137.746446589,1269,cat,0,read,4.429
470.469909511,137.746816413,1269,cat,0,read,3.315
470.470541491,137.747448393,1269,cat,0,read,4.735
470.470955389,137.747862291,1269,cat,0,read,10.735
470.474312862,137.751219764,1269,cat,0,read,7.376
470.474927738,137.751834640,1269,cat,0,read,4.951
470.476997723,137.753904625,1269,cat,0,read,8.992
470.478886851,137.755793753,1269,cat,0,brk,21.407
470.480129745,137.757036647,1269,cat,0,read,6.663
470.480816844,137.757723746,1269,cat,0,read,10.101
470.482022927,137.758929829,1269,cat,0,read,11.193
470.485096952,137.762003854,1269,cat,0,read,5.017
470.487900620,137.764807522,1269,cat,0,read,5.158
470.488811402,137.765718304,1269,cat,0,read,3.480
470.491081716,137.767988618,1269,cat,0,close,26.955
470.492824574,137.769731476,1269,cat,0,syscall_217,31.163
470.493795758,137.770702660,1269,cat,0,close,14.536
470.496162230,137.773069132,1269,cat,0,syscall_202,7.374
470.498097212,137.775004114,1269,cat,0,openat,50.670
470.499751150,137.776658052,1269,cat,0,openat,30.476
470.501831629,137.778738531,1269,cat,0,fstat,8.678
470.503678296,137.780585198,1269,cat,0,mmap,37.124
470.507012098,137.783919000,1269,cat,0,close,9.316
470.508655924,137.785562826,1269,cat,0,openat,16.551
470.508876367,137.785783269,1269,cat,0,openat,12.942
470.509541615,137.786448517,1269,cat,0,fstat,3.869
470.509724885,137.786631787,1269,cat,0,mmap,18.394
470.510968455,137.787875357,1269,cat,0,close,6.000
470.514737915,137.791644817,1269,cat,0,openat,22.349
470.515669690,137.792576592,1269,cat,0,openat,27.956
470.515933603,137.792840505,1269,cat,0,fstat,72.927
470.516923904,137.793830806,1269,cat,0,mmap,18.779
470.518908306,137.795815208,1269,cat,0,close,6.061
470.520966068,137.797872970,1269,cat,0,openat,25.647
470.523933552,137.800840454,1269,cat,0,openat,26.977
470.525461765,137.802368667,1269,cat,0,fstat,9.036
470.526852173,137.803759075,1269,cat,0,mmap,193.311
470.530844764,137.807751666,1269,cat,0,close,7.956
470.531766835,137.808673737,1269,cat,0,openat,15.164
470.532244604,137.809151506,1269,cat,0,openat,14.647
470.532448262,137.809355164,1269,cat,0,fstat,4.441
470.532643639,137.809550541,1269,cat,0,mmap,20.974
470.533836648,137.810743550,1269,cat,0,close,2.937
470.534471754,137.811378656,1269,cat,0,openat,13.347
470.534684379,137.811591281,1269,cat,0,openat,15.923
470.534875553,137.811782455,1269,cat,0,fstat,3.463
470.535453384,137.812360286,1269,cat,0,close,7.240
470.535680417,137.812587319,1269,cat,0,openat,10.446
470.536931728,137.813838630,1269,cat,0,fstat,6.790
470.540882007,137.817788909,1269,cat,0,mmap,34.761
470.541683685,137.818590587,1269,cat,0,close,4.112
470.541910884,137.818817786,1269,cat,0,openat,16.448
470.544062569,137.820969471,1269,cat,0,openat,28.589
470.547875960,137.824782862,1269,cat,0,fstat,7.703
470.549521795,137.826428697,1269,cat,0,mmap,17.669
470.549711934,137.826618836,1269,cat,0,close,2.414
470.550601076,137.827507978,1269,cat,0,openat,17.490
470.551809479,137.828716381,1269,cat,0,openat,27.359
470.553066311,137.829973213,1269,cat,0,fstat,7.676
470.554932524,137.831839426,1269,cat,0,mmap,28.355
470.556536064,137.833442966,1269,cat,0,close,3.146
470.556958301,137.833865203,1269,cat,0,openat,22.109
470.557955294,137.834862196,1269,cat,0,openat,26.998
470.559726888,137.836633790,1269,cat,0,fstat,5.378
470.559916974,137.836823876,1269,cat,0,mmap,22.135
470.560423707,137.837330609,1269,cat,0,close,3.345
470.560622209,137.837529111,1269,cat,0,openat,8.569
470.560804838,137.837711740,1269,cat,0,openat,8.436
470.561249353,137.838156255,1269,cat,0,fstat,3.025
470.561437323,137.838344225,1269,cat,0,mmap,11.700
470.561625068,137.838531970,1269,cat,0,close,1.550
470.561824478,137.838731380,1269,cat,0,openat,6.313
470.563002872,137.839909774,1269,cat,0,openat,28.289
470.564920411,137.841827313,1269,cat,0,fstat,4.653
470.565456297,137.842363199,1269,cat,0,mmap,17.434
470.565749140,137.842656042,1269,cat,0,close,2.588
470.571673050,137.848579952,1269,cat,0,fstat,11.656
470.572806962,137.849713864,1269,cat,0,openat,34.922
470.573781422,137.850688324,1269,cat,0,fstat,8.919
470.574796974,137.851703876,1269,cat,0,syscall_221,4.118
470.575369652,137.852276554,1269,cat,0,mmap,19.379
470.575689412,137.852596314,1269,cat,0,read,11.558
470.576658204,137.853565106,1269,cat,0,write,4.682
470.576845742,137.853752644,1269,cat,0,read,3.462
470.577423597,137.854330499,1269,cat,0,munmap,22.356
470.577629889,137.854536791,1269,cat,0,close,6.966
470.578924632,137.855831534,1269,cat,0,close,4.954
470.581488151,137.858395053,1269,cat,0,close,6.635
470.392441319,137.669348221,1179,find,0,wait4,189536.013
470.585116945,137.862023847,1179,find,0,rt_sigprocmask,5.929
470.586434137,137.863341039,1179,find,0,clone,779.037
470.588541669,137.865448571,1179,find,0,rt_sigprocmask,1.708
470.589785613,137.866692515,1270,find,0,syscall_273,4.878
470.590717576,137.867624478,1270,find,0,rt_sigprocmask,2.302
470.590917058,137.867823960,1270,find,0,syscall_81,4.819
470.591120343,137.868027245,1270,find,0,execve,13.254
470.591391804,137.868298706,1270,find,0,execve,10.155
470.592366421,137.869273323,1270,cat,0,execve,916.891
470.594398047,137.871304949,1270,cat,0,brk,3.501
470.611110140,137.888017042,1270,cat,0,access,22.870
470.612761267,137.889668169,1270,cat,0,openat,33.032
470.613973337,137.890880239,1270,cat,0,fstat,8.108
470.616036466,137.892943368,1270,cat,0,mmap,51.236
470.617934120,137.894841022,1270,cat,0,close,5.284
470.618596789,137.895503691,1270,cat,0,openat,14.598
470.618795222,137.895702124,1270,cat,0,read,4.941
470.619453747,137.896360649,1270,cat,0,pread64,6.975
470.619849342,137.896756244,1270,cat,0,fstat,7.759
470.621067297,137.897974199,1270,cat,0,mmap,28.661
470.622610287,137.899517189,1270,cat,0,pread64,4.998
470.622981760,137.899888662,1270,cat,0,mmap,15.895
470.623371479,137.900278381,1270,cat,0,mmap,120.441
470.624410381,137.901317283,1270,cat,0,mmap,19.610
470.624648359,137.901555261,1270,cat,0,mmap,18.973
470.625654746,137.902561648,1270,cat,0,mmap,16.813
470.626736116,137.903643018,1270,cat,0,close,6.658
470.627826126,137.904733028,1270,cat,0,mmap,23.426
470.629879805,137.906786707,1270,cat,0,syscall_158,4.702
470.631338030,137.908244932,1270,cat,0,syscall_218,1.901
470.631647683,137.908554585,1270,cat,0,syscall_273,3.800
470.632577212,137.909484114,1270,cat,0,syscall_334,4.002
470.634096847,137.911003749,1270,cat,0,mprotect,34.806
470.635654737,137.912561639,1270,cat,0,mprotect,26.693
470.637997221,137.914904123,1270,cat,0,mprotect,28.716
470.638951665,137.915858567,1270,cat,0,syscall_302,5.470
470.639959663,137.916866565,1270,cat,0,syscall_318,7.793
470.640880255,137.917787157,1270,cat,0,munmap,239.258
470.643905227,137.920812129,1270,cat,0,brk,6.165
470.644918677,137.921825579,1270,cat,0,brk,21.191
470.648039485,137.924946387,1270,cat,0,openat,24.314
470.649921789,137.926828691,1270,cat,0,openat,31.165
470.651964368,137.928871270,1270,cat,0,fstat,7.740
470.654728934,137.931635836,1270,cat,0,read,13.054
470.656842949,137.933749851,1270,cat,0,read,7.024
470.657667748,137.934574650,1270,cat,0,close,9.459
470.657900088,137.934806990,1270,cat,0,openat,12.777
470.658715318,137.935622220,1270,cat,0,openat,27.083
470.658940524,137.935847426,1270,cat,0,fstat,4.062
470.661883357,137.938790259,1270,cat,0,mmap,64.148
470.664049274,137.940956176,1270,cat,0,close,5.168
470.666071631,137.942978533,1270,cat,0,openat,29.969
470.667616874,137.944523776,1270,cat,0,openat,42.000
470.669826790,137.946733692,1270,cat,0,fstat,7.814
470.671877459,137.948784361,1270,cat,0,read,6.019
470.674061502,137.950968404,1270,cat,0,read,6.778
470.675720512,137.952627414,1270,cat,0,close,33.487
470.677020687,137.953927589,1270,cat,0,openat,24.825
470.677790641,137.954697543,1270,cat,0,fstat,4.173
470.678250367,137.955157269,1270,cat,0,syscall_217,18.975
470.679593529,137.956500431,1270,cat,0,openat,13.785
470.679814465,137.956721367,1270,cat,0,fstat,3.011
470.680704140,137.957611042,1270,cat,0,read,11.640
470.683067353,137.959974255,1270,cat,0,read,12.265
470.685039440,137.961946342,1270,cat,0,read,6.585
470.685607075,137.962513977,1270,cat,0,read,3.656
470.685855262,137.962762164,1270,cat,0,read,3.173
470.686341570,137.963248472,1270,cat,0,read,3.464
470.686863430,137.963770332,1270,cat,0,read,6.114
470.687644657,137.964551559,1270,cat,0,read,4.130
470.687913755,137.964820657,1270,cat,0,read,3.131
470.689983354,137.966890256,1270,cat,0,brk,21.446
470.692642489,137.969549391,1270,cat,0,read,12.129
470.693862031,137.970768933,1270,cat,0,read,13.220
470.695342844,137.972249746,1270,cat,0,read,4.814
470.695985542,137.972892444,1270,cat,0,read,10.423
470.699507992,137.976414894,1270,cat,0,read,10.645
470.701981049,137.978887951,1270,cat,0,read,8.541
470.703571451,137.980478353,1270,cat,0,close,13.504
470.704832098,137.981739000,1270,cat,0,syscall_217,14.412
470.706789537,137.983696439,1270,cat,0,close,4.861
470.707850336,137.984757238,1270,cat,0,syscall_202,3.222
470.708902509,137.985809411,1270,cat,0,openat,14.847
470.709354931,137.986261833,1270,cat,0,openat,12.375
470.710981068,137.987887970,1270,cat,0,fstat,5.955
470.712769426,137.989676328,1270,cat,0,mmap,25.763
470.714968939,137.991875841,1270,cat,0,close,5.453
470.719100236,137.996007138,1270,cat,0,openat,14.580
470.719667577,137.996574479,1270,cat,0,openat,17.435
470.719894536,137.996801438,1270,cat,0,fstat,3.956
470.721955575,137.998862477,1270,cat,0,mmap,30.204
470.724941131,138.001848033,1270,cat,0,close,3.875
470.725392754,138.002299656,1270,cat,0,openat,13.869
470.725942313,138.002849215,1270,cat,0,openat,17.588
470.726491111,138.003398013,1270,cat,0,fstat,8.290
470.727041433,138.003948335,1270,cat,0,mmap,213.981
470.729912627,138.006819529,1270,cat,0,close,6.482
470.733993050,138.010899952,1270,cat,0,openat,28.401
470.735556677,138.012463579,1270,cat,0,openat,21.046
470.735767497,138.012674399,1270,cat,0,fstat,4.342
470.736334040,138.013240942,1270,cat,0,mmap,19.706
470.736543632,138.013450534,1270,cat,0,close,2.450
470.736794881,138.013701783,1270,cat,0,openat,16.774
470.737397540,138.014304442,1270,cat,0,openat,16.722
470.737771075,138.014677977,1270,cat,0,fstat,4.307
470.738627473,138.015534375,1270,cat,0,mmap,17.955
470.738834832,138.015741734,1270,cat,0,close,2.382
470.739477130,138.016384032,1270,cat,0,openat,10.792
470.739666561,138.016573463,1270,cat,0,openat,11.577
470.739859819,138.016766721,1270,cat,0,fstat,3.231
470.740279978,138.017186880,1270,cat,0,close,5.296
470.740471327,138.017378229,1270,cat,0,openat,7.027
470.741371244,138.018278146,1270,cat,0,fstat,8.201
470.741860911,138.018767813,1270,cat,0,mmap,20.584
470.743004396,138.019911298,1270,cat,0,close,5.831
470.745077169,138.021984071,1270,cat,0,openat,23.993
470.746986816,138.023893718,1270,cat,0,openat,20.667
470.747677305,138.024584207,1270,cat,0,fstat,4.885
470.747984599,138.024891501,1270,cat,0,mmap,14.042
470.764228344,138.041135246,1270,cat,0,close,4.294
470.770629730,138.047536632,1270,cat,0,openat,25.319
470.771714122,138.048621024,1270,cat,0,openat,23.475
470.772462161,138.049369063,1270,cat,0,fstat,3.343
470.772977243,138.049884145,1270,cat,0,mmap,20.087
470.773814014,138.050720916,1270,cat,0,close,2.590
470.774568508,138.051475410,1270,cat,0,openat,15.282
470.775385523,138.052292425,1270,cat,0,openat,14.495
470.775720314,138.052627216,1270,cat,0,fstat,7.197
470.777023397,138.053930299,1270,cat,0,mmap,26.483
470.779176417,138.056083319,1270,cat,0,close,4.100
470.780925304,138.057832206,1270,cat,0,openat,14.945
470.782647010,138.059553912,1270,cat,0,openat,33.472
470.784095714,138.061002616,1270,cat,0,fstat,7.069
470.784811757,138.061718659,1270,cat,0,mmap,17.285
470.785617521,138.062524423,1270,cat,0,close,2.261
470.785921938,138.062828840,1270,cat,0,openat,11.073
470.786427588,138.063334490,1270,cat,0,openat,12.102
470.786853203,138.063760105,1270,cat,0,fstat,3.567
470.787572664,138.064479566,1270,cat,0,mmap,29.635
470.788439284,138.065346186,1270,cat,0,close,3.394
470.789011726,138.065918628,1270,cat,0,fstat,6.272
470.789910175,138.066817077,1270,cat,0,openat,24.491
470.790760775,138.067667677,1270,cat,0,fstat,3.447
470.791757874,138.068664776,1270,cat,0,syscall_221,2.293
470.792734451,138.069641353,1270,cat,0,mmap,16.212
470.793524387,138.070431289,1270,cat,0,read,13.394
470.793954294,138.070861196,1270,cat,0,write,3.928
470.794803364,138.071710266,1270,cat,0,read,2.671
470.795855737,138.072762639,1270,cat,0,munmap,34.609
470.796915433,138.073822335,1270,cat,0,close,7.119
470.797408828,138.074315730,1270,cat,0,close,1.721
470.797789283,138.074696185,1270,cat,0,close,2.917
470.589647801,137.866554703,1179,find,0,wait4,209562.535
470.800786684,138.077693586,1179,find,0,rt_sigprocmask,2.132
470.801596723,138.078503625,1179,find,0,clone,1717.105
470.804557049,138.081463951,1179,find,0,rt_sigprocmask,2.602
470.805459328,138.082366230,1271,find,0,syscall_273,1.880
470.805812210,138.082719112,1271,find,0,rt_sigprocmask,3.916
470.806409889,138.083316791,1271,find,0,syscall_81,8.258
470.807533612,138.084440514,1271,find,0,execve,163.977
470.808257245,138.085164147,1271,find,0,execve,9.645
470.808777538,138.085684440,1271,cat,0,execve,824.904
470.810872369,138.087779271,1271,cat,0,brk,2.335
470.820891049,138.097797951,1271,cat,0,access,14.988
470.823120063,138.100026965,1271,cat,0,openat,29.190
470.824483842,138.101390744,1271,cat,0,fstat,3.795
470.824850490,138.101757392,1271,cat,0,mmap,17.742
470.825765028,138.102671930,1271,cat,0,close,2.513
470.826921547,138.103828449,1271,cat,0,openat,17.541
470.827597633,138.104504535,1271,cat,0,read,4.646
470.828381958,138.105288860,1271,cat,0,pread64,3.000
470.828639998,138.105546900,1271,cat,0,fstat,3.527
470.828892435,138.105799337,1271,cat,0,mmap,18.073
470.829571404,138.106478306,1271,cat,0,pread64,3.420
470.829826322,138.106733224,1271,cat,0,mmap,17.714
470.830299181,138.107206083,1271,cat,0,mmap,71.955
470.830600882,138.107507784,1271,cat,0,mmap,11.589
470.830838822,138.107745724,1271,cat,0,mmap,15.041
470.831105857,138.108012759,1271,cat,0,mmap,14.445
470.832302521,138.109209423,1271,cat,0,close,2.612
470.832983110,138.109890012,1271,cat,0,mmap,15.344
470.833809383,138.110716285,1271,cat,0,syscall_158,2.481
470.834723861,138.111630763,1271,cat,0,syscall_218,2.235
470.836077680,138.112984582,1271,cat,0,syscall_273,3.376
470.837767962,138.114674864,1271,cat,0,syscall_334,3.067
470.840272312,138.117179214,1271,cat,0,mprotect,36.702
470.841720559,138.118627461,1271,cat,0,mprotect,32.305
470.842608070,138.119514972,1271,cat,0,mprotect,30.590
470.842949539,138.119856441,1271,cat,0,syscall_302,1.924
470.844656853,138.121563755,1271,cat,0,syscall_318,5.379
470.845300449,138.122207351,1271,cat,0,munmap,93.458
470.845703280,138.122610182,1271,cat,0,brk,1.573
470.846518968,138.123425870,1271,cat,0,brk,10.497
470.846852485,138.123759387,1271,cat,0,openat,12.752
470.847333219,138.124240121,1271,cat,0,openat,10.721
470.847594912,138.124501814,1271,cat,0,fstat,2.956
470.847834118,138.124741020,1271,cat,0,read,4.264
470.848616178,138.125523080,1271,cat,0,read,3.302
470.849024107,138.125931009,1271,cat,0,close,3.930
470.849764700,138.126671602,1271,cat,0,openat,10.197
470.850582435,138.127489337,1271,cat,0,openat,17.356
470.850964483,138.127871385,1271,cat,0,fstat,2.998
470.851616054,138.128522956,1271,cat,0,mmap,98.181
470.852035232,138.128942134,1271,cat,0,close,4.578
470.853219856,138.130126758,1271,cat,0,openat,24.579
470.854806975,138.131713877,1271,cat,0,openat,12.990
470.855495947,138.132402849,1271,cat,0,fstat,4.496
470.855817023,138.132723925,1271,cat,0,read,7.212
470.856475901,138.133382803,1271,cat,0,read,2.543
470.856748455,138.133655357,1271,cat,0,close,6.011
470.857031800,138.133938702,1271,cat,0,openat,18.670
470.857835541,138.134742443,1271,cat,0,fstat,4.290
470.858408270,138.135315172,1271,cat,0,syscall_217,16.618
470.858736443,138.135643345,1271,cat,0,openat,20.397
470.859388872,138.136295774,1271,cat,0,fstat,4.882
470.859961906,138.136868808,1271,cat,0,read,10.806
470.860697922,138.137604824,1271,cat,0,read,3.891
470.861165309,138.138072211,1271,cat,0,read,4.039
470.861772636,138.138679538,1271,cat,0,read,3.631
470.862590871,138.139497773,1271,cat,0,read,3.922
470.862946265,138.139853167,1271,cat,0,read,3.641
470.864041250,138.140948152,1271,cat,0,read,6.029
470.864750886,138.141657788,1271,cat,0,read,3.708
470.865695027,138.142601929,1271,cat,0,read,4.603
470.866070917,138.142977819,1271,cat,0,brk,11.525
470.866940082,138.143846984,1271,cat,0,read,7.680
470.868285912,138.145192814,1271,cat,0,read,10.425
470.870293826,138.147200728,1271,cat,0,read,8.383
470.871750797,138.148657699,1271,cat,0,read,10.073
470.874435546,138.151342448,1271,cat,0,read,7.210
470.876050819,138.152957721,1271,cat,0,read,6.186
470.878953212,138.155860114,1271,cat,0,close,9.902
470.881968412,138.158875314,1271,cat,0,syscall_217,15.884
470.885166473,138.162073375,1271,cat,0,close,13.219
470.887046607,138.163953509,1271,cat,0,syscall_202,5.927
470.889121212,138.166028114,1271,cat,0,openat,14.745
470.889844647,138.166751549,1271,cat,0,openat,25.069
470.891898546,138.168805448,1271,cat,0,fstat,8.208
470.894765371,138.171672273,1271,cat,0,mmap,18.816
470.895549427,138.172456329,1271,cat,0,close,3.224
470.896938084,138.173844986,1271,cat,0,openat,24.766
470.897895310,138.174802212,1271,cat,0,openat,20.183
470.900013055,138.176919957,1271,cat,0,fstat,7.514
470.901798306,138.178705208,1271,cat,0,mmap,33.741
470.902957274,138.179864176,1271,cat,0,close,4.831
470.906227511,138.183134413,1271,cat,0,openat,26.148
470.907827505,138.184734407,1271,cat,0,openat,12.246
470.908716475,138.185623377,1271,cat,0,fstat,3.331
470.909665713,138.186572615,1271,cat,0,mmap,18.125
470.910937484,138.187844386,1271,cat,0,close,4.580
470.911996856,138.188903758,1271,cat,0,openat,15.238
470.913994205,138.190901107,1271,cat,0,openat,26.064
470.916977529,138.193884431,1271,cat,0,fstat,4.918
470.918796291,138.195703193,1271,cat,0,mmap,30.536
470.920573103,138.197480005,1271,cat,0,close,3.034
470.920878236,138.197785138,1271,cat,0,openat,12.410
470.921430831,138.198337733,1271,cat,0,openat,13.148
470.921697249,138.198604151,1271,cat,0,fstat,3.252
470.923016967,138.199923869,1271,cat,0,mmap,39.479
470.924735373,138.201642275,1271,cat,0,close,1.680
470.925778134,138.202685036,1271,cat,0,openat,20.656
470.927907226,138.204814128,1271,cat,0,openat,28.380
470.930895868,138.207802770,1271,cat,0,fstat,10.811
470.932814375,138.209721277,1271,cat,0,close,10.606
470.933770593,138.210677495,1271,cat,0,openat,21.862
470.935203212,138.212110114,1271,cat,0,fstat,8.188
470.938151459,138.215058361,1271,cat,0,mmap,47.809
470.939799679,138.216706581,1271,cat,0,close,5.104
470.941753140,138.218660042,1271,cat,0,openat,12.684
470.944108715,138.221015617,1271,cat,0,openat,16.417
470.945213923,138.222120825,1271,cat,0,fstat,7.212
470.946959552,138.223866454,1271,cat,0,mmap,26.943
470.949672903,138.226579805,1271,cat,0,close,2.593
470.954898642,138.231805544,1271,cat,0,openat,15.963
470.955820912,138.232727814,1271,cat,0,openat,24.559
470.957909993,138.234816895,1271,cat,0,fstat,5.171
470.958663519,138.235570421,1271,cat,0,mmap,33.207
470.967504106,138.244411008,1271,cat,0,close,5.869
470.969443419,138.246350321,1271,cat,0,openat,19.335
470.971636477,138.248543379,1271,cat,0,openat,19.429
470.972515854,138.249422756,1271,cat,0,fstat,3.923
470.973398743,138.250305645,1271,cat,0,mmap,22.782
470.974351250,138.251258152,1271,cat,0,close,2.531
470.974645704,138.251552606,1271,cat,0,openat,14.493
470.975318301,138.252225203,1271,cat,0,openat,14.699
470.976875534,138.253782436,1271,cat,0,fstat,6.703
470.979490534,138.256397436,1271,cat,0,mmap,32.689
470.980707224,138.257614126,1271,cat,0,close,5.049
470.981692447,138.258599349,1271,cat,0,openat,50.877
470.982942010,138.259848912,1271,cat,0,openat,14.860
470.983482220,138.260389122,1271,cat,0,fstat,3.572
470.983744924,138.260651826,1271,cat,0,mmap,17.147
470.984318642,138.261225544,1271,cat,0,close,2.444
470.984806215,138.261713117,1271,cat,0,fstat,8.748
470.986895039,138.263801941,1271,cat,0,openat,25.434
470.987649053,138.264555955,1271,cat,0,fstat,7.661
470.988539704,138.265446606,1271,cat,0,syscall_221,2.058
470.989064063,138.265970965,1271,cat,0,mmap,18.035
470.993159430,138.270066332,1271,cat,0,read,21.511
470.994677226,138.271584128,1271,cat,0,write,3.006
470.995789289,138.272696191,1271,cat,0,read,6.000
470.997065112,138.273972014,1271,cat,0,munmap,20.122
470.997796181,138.274703083,1271,cat,0,close,5.653
470.998624402,138.275531304,1271,cat,0,close,4.508
471.000058731,138.276965633,1271,cat,0,close,1.877
470.805375059,138.082281961,1179,find,0,wait4,197144.708
471.003838584,138.280745486,1179,find,0,rt_sigprocmask,3.926
471.004956573,138.281863475,1179,find,0,clone,1007.032
471.007853254,138.284760156,1179,find,0,rt_sigprocmask,1.967
471.010153035,138.287059937,1272,find,0,syscall_273,4.703
471.011578031,138.288484933,1272,find,0,rt_sigprocmask,1.417
471.012750401,138.289657303,1272,find,0,syscall_81,7.837
471.013953306,138.290860208,1272,find,0,execve,28.488
471.015994192,138.292901094,1272,find,0,execve,17.600
471.017657193,138.294564095,1272,cat,0,execve,1459.774
471.020673801,138.297580703,1272,cat,0,brk,4.566
471.041756332,138.318663234,1272,cat,0,access,15.947
471.044324493,138.321231395,1272,cat,0,openat,21.420
471.047223963,138.324130865,1272,cat,0,fstat,7.714
471.048943480,138.325850382,1272,cat,0,mmap,32.213
471.049949331,138.326856233,1272,cat,0,close,2.227
471.051993440,138.328900342,1272,cat,0,openat,19.344
471.053035112,138.329942014,1272,cat,0,read,10.234
471.055999955,138.332906857,1272,cat,0,pread64,8.381
471.057752638,138.334659540,1272,cat,0,fstat,3.794
471.058520514,138.335427416,1272,cat,0,mmap,20.308
471.059025979,138.335932881,1272,cat,0,pread64,8.231
471.060872678,138.337779580,1272,cat,0,mmap,165.683
471.064645462,138.341552364,1272,cat,0,mmap,46.028
471.066912308,138.343819210,1272,cat,0,mmap,38.861
471.067813601,138.344720503,1272,cat,0,mmap,59.638
471.069813980,138.346720882,1272,cat,0,mmap,16.666
471.070603076,138.347509978,1272,cat,0,close,3.574
471.070947719,138.347854621,1272,cat,0,mmap,11.222
471.071468891,138.348375793,1272,cat,0,syscall_158,1.296
471.072321793,138.349228695,1272,cat,0,syscall_218,2.227
471.073971654,138.350878556,1272,cat,0,syscall_273,1.073
471.075048032,138.351954934,1272,cat,0,syscall_334,4.476
471.077489635,138.354396537,1272,cat,0,mprotect,18.592
471.078903560,138.355810462,1272,cat,0,mprotect,12.808
471.080071264,138.356978166,1272,cat,0,mprotect,30.804
471.083344431,138.360251333,1272,cat,0,syscall_302,5.332
471.084916586,138.361823488,1272,cat,0,syscall_318,8.823
471.088948044,138.365854946,1272,cat,0,munmap,83.614
471.089708308,138.366615210,1272,cat,0,brk,1.846
471.090957725,138.367864627,1272,cat,0,brk,31.682
471.095117446,138.372024348,1272,cat,0,openat,18.458
471.098001931,138.374908833,1272,cat,0,openat,29.018
471.098742691,138.375649593,1272,cat,0,fstat,3.160
471.099592465,138.376499367,1272,cat,0,read,12.582
471.102345662,138.379252564,1272,cat,0,read,6.869
471.103785826,138.380692728,1272,cat,0,close,10.215
471.106217577,138.383124479,1272,cat,0,openat,12.842
471.107855907,138.384762809,1272,cat,0,openat,23.679
471.110929473,138.387836375,1272,cat,0,fstat,6.909
471.112534063,138.389440965,1272,cat,0,mmap,93.757
471.112979706,138.389886608,1272,cat,0,close,3.519
471.114704352,138.391611254,1272,cat,0,openat,21.362
471.115924156,138.392831058,1272,cat,0,openat,27.327
471.119129245,138.396036147,1272,cat,0,fstat,6.831
471.121782334,138.398689236,1272,cat,0,read,10.927
471.124198754,138.401105656,1272,cat,0,read,2.414
471.125980376,138.402887278,1272,cat,0,close,19.363
471.131267312,138.408174214,1272,cat,0,openat,36.498
471.132830265,138.409737167,1272,cat,0,fstat,7.095
471.134207795,138.411114697,1272,cat,0,syscall_217,29.862
471.138279897,138.415186799,1272,cat,0,openat,50.060
471.141007056,138.417913958,1272,cat,0,fstat,3.514
471.163078714,138.439985616,1272,cat,0,read,18.246
471.164793670,138.441700572,1272,cat,0,read,4.296
471.165883838,138.442790740,1272,cat,0,read,10.643
471.166837950,138.443744852,1272,cat,0,read,9.737
471.167899384,138.444806286,1272,cat,0,read,3.775
471.168377204,138.445284106,1272,cat,0,read,4.102
471.168736181,138.445643083,1272,cat,0,read,3.001
471.170086795,138.446993697,1272,cat,0,read,9.260
471.171880956,138.448787858,1272,cat,0,read,9.337
471.174092924,138.450999826,1272,cat,0,brk,21.513
471.175159580,138.452066482,1272,cat,0,read,4.406
471.178313649,138.455220551,1272,cat,0,read,10.181
471.180130467,138.457037369,1272,cat,0,read,11.644
471.183894682,138.460801584,1272,cat,0,read,11.166
471.186186060,138.463092962,1272,cat,0,read,32.232
471.187873699,138.464780601,1272,cat,0,read,6.767
471.190948637,138.467855539,1272,cat,0,close,14.427
471.192917172,138.469824074,1272,cat,0,syscall_217,41.378
471.194710848,138.471617750,1272,cat,0,close,11.744
471.195529671,138.472436573,1272,cat,0,syscall_202,6.299
471.196524703,138.473431605,1272,cat,0,openat,24.366
471.196928075,138.473834977,1272,cat,0,openat,13.193
471.198821086,138.475727988,1272,cat,0,fstat,13.692
471.200977575,138.477884477,1272,cat,0,mmap,60.398
471.203900493,138.480807395,1272,cat,0,close,5.455
471.205852668,138.482759570,1272,cat,0,openat,26.922
471.207695654,138.484602556,1272,cat,0,openat,13.991
471.208588701,138.485495603,1272,cat,0,fstat,11.498
471.209871866,138.486778768,1272,cat,0,mmap,46.756
471.211684682,138.488591584,1272,cat,0,close,5.217
471.213518621,138.490425523,1272,cat,0,openat,12.691
471.214969037,138.491875939,1272,cat,0,openat,38.703
471.218931967,138.495838869,1272,cat,0,fstat,8.062
471.221845924,138.498752826,1272,cat,0,mmap,36.317
471.224676629,138.501583531,1272,cat,0,close,6.073
471.225507361,138.502414263,1272,cat,0,openat,16.023
471.226580525,138.503487427,1272,cat,0,openat,27.775
471.226856510,138.503763412,1272,cat,0,fstat,4.742
471.227567317,138.504474219,1272,cat,0,mmap,20.052
471.229399346,138.506306248,1272,cat,0,close,3.573
471.229605060,138.506511962,1272,cat,0,openat,13.821
471.229970124,138.506877026,1272,cat,0,openat,27.209
471.233976166,138.510883068,1272,cat,0,fstat,7.380
471.235542975,138.512449877,1272,cat,0,mmap,33.032
471.235755364,138.512662266,1272,cat,0,close,1.958
471.236486301,138.513393203,1272,cat,0,openat,23.691
471.237231683,138.514138585,1272,cat,0,openat,17.505
471.237437997,138.514344899,1272,cat,0,fstat,3.241
471.237649658,138.514556560,1272,cat,0,close,5.422
471.240029043,138.516935945,1272,cat,0,openat,36.643
471.241250163,138.518157065,1272,cat,0,fstat,9.472
471.241720533,138.518627435,1272,cat,0,mmap,20.575
471.242686232,138.519593134,1272,cat,0,close,5.254
471.243026416,138.519933318,1272,cat,0,openat,20.141
471.243959063,138.520865965,1272,cat,0,openat,16.944
471.244740499,138.521647401,1272,cat,0,fstat,3.288
471.244959160,138.521866062,1272,cat,0,mmap,12.663
471.245538143,138.522445045,1272,cat,0,close,3.080
471.246004994,138.522911896,1272,cat,0,openat,11.035
471.246574639,138.523481541,1272,cat,0,openat,12.557
471.246768519,138.523675421,1272,cat,0,fstat,3.225
471.246992078,138.523898980,1272,cat,0,mmap,15.343
471.247412732,138.524319634,1272,cat,0,close,2.040
471.247617475,138.524524377,1272,cat,0,openat,6.681
471.248782965,138.525689867,1272,cat,0,openat,22.129
471.249625806,138.526532708,1272,cat,0,fstat,6.816
471.250730430,138.527637332,1272,cat,0,mmap,232.380
471.251727009,138.528633911,1272,cat,0,close,3.085
471.251972281,138.528879183,1272,cat,0,openat,20.181
471.254972815,138.531879717,1272,cat,0,openat,29.664
471.257109334,138.534016236,1272,cat,0,fstat,2.978
471.257853922,138.534760824,1272,cat,0,mmap,19.855
471.258601371,138.535508273,1272,cat,0,close,6.031
471.259999945,138.536906847,1272,cat,0,openat,21.835
471.261724668,138.538631570,1272,cat,0,openat,73.758
471.265857167,138.542764069,1272,cat,0,fstat,7.295
471.270995159,138.547902061,1272,cat,0,mmap,52.859
471.273683731,138.550590633,1272,cat,0,close,4.664
471.273911267,138.550818169,1272,cat,0,fstat,4.299
471.275980328,138.552887230,1272,cat,0,openat,124.914
471.277617312,138.554524214,1272,cat,0,fstat,11.948
471.279039189,138.555946091,1272,cat,0,syscall_221,4.850
471.283454135,138.560361037,1272,cat,0,mmap,17.428
471.283670032,138.560576934,1272,cat,0,read,9.234
471.284218960,138.561125862,1272,cat,0,write,4.026
471.284417414,138.561324316,1272,cat,0,read,6.453
471.285658861,138.562565763,1272,cat,0,munmap,19.042
471.285855380,138.562762282,1272,cat,0,close,5.901
471.286618897,138.563525799,1272,cat,0,close,1.729
471.286824366,138.563731268,1272,cat,0,close,5.128
471.009985347,138.286892249,1179,find,0,wait4,279273.189
471.290731548,138.567638450,1179,find,0,rt_sigprocmask,5.235
471.291601395,138.568508297,1179,find,0,clone,182.818
471.293028321,138.569935223,1179,find,0,rt_sigprocmask,4.671
471.295923577,138.572830479,1273,find,0,syscall_273,0.819
471.296413522,138.573320424,1273,find,0,rt_sigprocmask,1.979
471.297840831,138.574747733,1273,find,0,syscall_81,6.936
471.299960647,138.576867549,1273,find,0,execve,23.214
471.300696710,138.577603612,1273,find,0,execve,9.110
471.300893381,138.577800283,1273,cat,0,execve,190.747
471.304255071,138.581161973,1273,cat,0,brk,4.882
471.340720272,138.617627174,1273,cat,0,access,97.915
471.343982484,138.620889386,1273,cat,0,openat,31.681
471.346929080,138.623835982,1273,cat,0,fstat,8.455
471.349953726,138.626860628,1273,cat,0,mmap,34.164
471.351606102,138.628513004,1273,cat,0,close,5.869
471.351822711,138.628729613,1273,cat,0,openat,13.247
471.352426379,138.629333281,1273,cat,0,read,5.725
471.352832521,138.629739423,1273,cat,0,pread64,3.059
471.353398493,138.630305395,1273,cat,0,fstat,3.714
471.353586859,138.630493761,1273,cat,0,mmap,14.784
471.353818549,138.630725451,1273,cat,0,pread64,9.695
471.355598533,138.632505435,1273,cat,0,mmap,19.869
471.355831331,138.632738233,1273,cat,0,mmap,18.970
471.356339093,138.633245995,1273,cat,0,mmap,16.356
471.356533159,138.633440061,1273,cat,0,mmap,20.198
471.356735576,138.633642478,1273,cat,0,mmap,6.998
471.357220801,138.634127703,1273,cat,0,close,2.537
471.357421774,138.634328676,1273,cat,0,mmap,7.677
471.357645078,138.634551980,1273,cat,0,syscall_158,1.600
471.357904126,138.634811028,1273,cat,0,syscall_218,1.830
471.358405859,138.635312761,1273,cat,0,syscall_273,1.427
471.358585677,138.635492579,1273,cat,0,syscall_334,1.457
471.358886591,138.635793493,1273,cat,0,mprotect,29.047
471.359517801,138.636424703,1273,cat,0,mprotect,12.288
471.360924642,138.637831544,1273,cat,0,mprotect,37.093
471.362779769,138.639686671,1273,cat,0,syscall_302,4.883
471.364140747,138.641047649,1273,cat,0,syscall_318,9.060
471.366917007,138.643823909,1273,cat,0,munmap,49.208
471.369130845,138.646037747,1273,cat,0,brk,4.410
471.371926438,138.648833340,1273,cat,0,brk,26.629
471.373761398,138.650668300,1273,cat,0,openat,117.634
471.377993423,138.654900325,1273,cat,0,openat,35.261
471.381836014,138.658742916,1273,cat,0,fstat,7.871
471.386005192,138.662912094,1273,cat,0,read,16.184
471.389962788,138.666869690,1273,cat,0,read,6.782
471.391619101,138.668526003,1273,cat,0,close,28.817
471.393662072,138.670568974,1273,cat,0,openat,23.228
471.395949948,138.672856850,1273,cat,0,openat,28.428
471.398790274,138.675697176,1273,cat,0,fstat,8.861
471.400894433,138.677801335,1273,cat,0,mmap,51.829
471.403918692,138.680825594,1273,cat,0,close,6.734
471.406702537,138.683609439,1273,cat,0,openat,5.778
471.406897536,138.683804438,1273,cat,0,openat,6.813
471.407765925,138.684672827,1273,cat,0,fstat,3.408
471.408613137,138.685520039,1273,cat,0,read,4.817
471.408808498,138.685715400,1273,cat,0,read,1.929
471.409000801,138.685907703,1273,cat,0,close,14.342
471.410660835,138.687567737,1273,cat,0,openat,12.349
471.410853269,138.687760171,1273,cat,0,fstat,3.091
471.412028707,138.688935609,1273,cat,0,syscall_217,39.824
471.416054371,138.692961273,1273,cat,0,openat,27.169
471.417607984,138.694514886,1273,cat,0,fstat,6.915
471.419045805,138.695952707,1273,cat,0,read,15.722
471.423040631,138.699947533,1273,cat,0,read,9.542
471.424857714,138.701764616,1273,cat,0,read,9.678
471.426691323,138.703598225,1273,cat,0,read,9.433
471.427906414,138.704813316,1273,cat,0,read,3.168
471.428731814,138.705638716,1273,cat,0,read,9.594
471.429699716,138.706606618,1273,cat,0,read,9.360
471.433005796,138.709912698,1273,cat,0,read,9.351
471.436151897,138.713058799,1273,cat,0,read,9.790
471.437732282,138.714639184,1273,cat,0,brk,31.061
471.440688097,138.717594999,1273,cat,0,read,12.507
471.443121171,138.720028073,1273,cat,0,read,9.677
471.446261566,138.723168468,1273,cat,0,read,9.296
471.449676985,138.726583887,1273,cat,0,read,5.344
471.451067819,138.727974721,1273,cat,0,read,9.192
471.454964868,138.731871770,1273,cat,0,read,5.247
471.455445632,138.732352534,1273,cat,0,close,6.947
471.455633520,138.732540422,1273,cat,0,syscall_217,12.791
471.456618479,138.733525381,1273,cat,0,close,6.037
471.457920168,138.734827070,1273,cat,0,syscall_202,2.561
471.459425798,138.736332700,1273,cat,0,openat,26.477
471.461877689,138.738784591,1273,cat,0,openat,39.906
471.465799153,138.742706055,1273,cat,0,fstat,9.814
471.467936033,138.744842935,1273,cat,0,mmap,48.212
471.471869774,138.748776676,1273,cat,0,close,7.250
471.473446536,138.750353438,1273,cat,0,openat,10.539
471.473684669,138.750591571,1273,cat,0,openat,8.739
471.475949892,138.752856794,1273,cat,0,fstat,8.748
471.478899199,138.755806101,1273,cat,0,mmap,39.984
471.483229949,138.760136851,1273,cat,0,close,4.343
471.484720976,138.761627878,1273,cat,0,openat,31.369
471.487941990,138.764848892,1273,cat,0,openat,25.043
471.490880706,138.767787608,1273,cat,0,fstat,6.980
471.492973375,138.769880277,1273,cat,0,mmap,34.658
471.494820866,138.771727768,1273,cat,0,close,12.181
471.498014839,138.774921741,1273,cat,0,openat,40.056
471.499364424,138.776271326,1273,cat,0,openat,17.770
471.499718779,138.776625681,1273,cat,0,fstat,7.441
471.501856137,138.778763039,1273,cat,0,mmap,32.084
471.502922831,138.779829733,1273,cat,0,close,2.438
471.504611522,138.781518424,1273,cat,0,openat,6.360
471.505928533,138.782835435,1273,cat,0,openat,24.690
471.508868377,138.785775279,1273,cat,0,fstat,6.259
471.510962861,138.787869763,1273,cat,0,mmap,24.455
471.514036130,138.790943032,1273,cat,0,close,4.982
471.516009326,138.792916228,1273,cat,0,openat,29.811
471.518912105,138.795819007,1273,cat,0,openat,15.665
471.519507125,138.796414027,1273,cat,0,fstat,10.827
471.520995811,138.797902713,1273,cat,0,close,17.786
471.522751965,138.799658867,1273,cat,0,openat,31.359
471.525454206,138.802361108,1273,cat,0,fstat,4.704
471.525742907,138.802649809,1273,cat,0,mmap,52.165
471.528916567,138.805823469,1273,cat,0,close,5.804
471.531189623,138.808096525,1273,cat,0,openat,39.276
471.532676474,138.809583376,1273,cat,0,openat,33.016
471.534043595,138.810950497,1273,cat,0,fstat,9.944
471.535836578,138.812743480,1273,cat,0,mmap,20.767
471.536446792,138.813353694,1273,cat,0,close,1.998
471.536942179,138.813849081,1273,cat,0,openat,26.439
471.539964783,138.816871685,1273,cat,0,openat,29.246
471.542884004,138.819790906,1273,cat,0,fstat,8.362
471.545033997,138.821940899,1273,cat,0,mmap,48.423
471.546634240,138.823541142,1273,cat,0,close,5.404
471.547258726,138.824165628,1273,cat,0,openat,19.911
471.548656171,138.825563073,1273,cat,0,openat,23.759
471.550783440,138.827690342,1273,cat,0,fstat,6.649
471.551934691,138.828841593,1273,cat,0,mmap,33.807
471.559903296,138.836810198,1273,cat,0,close,9.523
471.562669772,138.839576674,1273,cat,0,openat,11.966
471.563671479,138.840578381,1273,cat,0,openat,27.597
471.565806081,138.842712983,1273,cat,0,fstat,8.868
471.566920402,138.843827304,1273,cat,0,mmap,24.060
471.567394750,138.844301652,1273,cat,0,close,5.452
471.568421841,138.845328743,1273,cat,0,openat,5.701
471.568605572,138.845512474,1273,cat,0,openat,7.563
471.569507381,138.846414283,1273,cat,0,fstat,6.682
471.571886496,138.848793398,1273,cat,0,mmap,29.251
471.572619487,138.849526389,1273,cat,0,close,2.798
471.573781098,138.850688000,1273,cat,0,fstat,8.971
471.575870242,138.852777144,1273,cat,0,openat,50.872
471.577931580,138.854838482,1273,cat,0,fstat,2.286
471.579944318,138.856851220,1273,cat,0,syscall_221,4.889
471.582806013,138.859712915,1273,cat,0,mmap,33.522
471.584952852,138.861859754,1273,cat,0,read,19.398
471.587070590,138.863977492,1273,cat,0,write,7.805
471.588726635,138.865633537,1273,cat,0,read,9.791
471.590893652,138.867800554,1273,cat,0,munmap,37.308
471.593031310,138.869938212,1273,cat,0,close,11.613
471.595919816,138.872826718,1273,cat,0,close,6.191
471.597963629,138.874870531,1273,cat,0,close,5.849
471.295895844,138.572802746,1179,find,0,wait4,307701.027
471.606121555,138.883028457,1179,find,0,rt_sigprocmask,6.507
471.610816902,138.887723804,1179,find,0,clone,235.271
471.613876831,138.890783733,1179,find,0,rt_sigprocmask,4.696
471.615056118,138.891963020,1274,find,0,syscall_273,2.980
471.617963209,138.894870111,1274,find,0,rt_sigprocmask,4.694
471.620955395,138.897862297,1274,find,0,syscall_81,10.613
471.624941138,138.901848040,1274,find,0,execve,36.155
471.628644213,138.905551115,1274,find,0,execve,14.008
471.629928459,138.906835361,1274,cat,0,execve,539.202
471.631854244,138.908761146,1274,cat,0,brk,5.477
471.674847242,138.951754144,1274,cat,0,access,16.166
471.675445819,138.952352721,1274,cat,0,openat,29.337
471.675817143,138.952724045,1274,cat,0,fstat,7.982
471.676881976,138.953788878,1274,cat,0,mmap,46.532
471.677602241,138.954509143,1274,cat,0,close,3.617
471.677835556,138.954742458,1274,cat,0,openat,18.423
471.678542791,138.955449693,1274,cat,0,read,5.333
471.678826031,138.955732933,1274,cat,0,pread64,4.550
471.679441987,138.956348889,1274,cat,0,fstat,4.061
471.679666804,138.956573706,1274,cat,0,mmap,17.014
471.679918492,138.956825394,1274,cat,0,pread64,5.547
471.680726914,138.957633816,1274,cat,0,mmap,29.379
471.681736859,138.958643761,1274,cat,0,mmap,37.449
471.682904604,138.959811506,1274,cat,0,mmap,46.257
471.684912068,138.961818970,1274,cat,0,mmap,27.151
471.686897422,138.963804324,1274,cat,0,mmap,22.644
471.689908603,138.966815505,1274,cat,0,close,19.050
471.691751214,138.968658116,1274,cat,0,mmap,21.563
471.694106269,138.971013171,1274,cat,0,syscall_158,6.363
471.695901932,138.972808834,1274,cat,0,syscall_218,4.342
471.697738117,138.974645019,1274,cat,0,syscall_273,2.679
471.698729012,138.975635914,1274,cat,0,syscall_334,4.180
471.700984699,138.977891601,1274,cat,0,mprotect,24.916
471.702850930,138.979757832,1274,cat,0,mprotect,10.880
471.703986728,138.980893630,1274,cat,0,mprotect,28.063
471.705921921,138.982828823,1274,cat,0,syscall_302,4.882
471.707737872,138.984644774,1274,cat,0,syscall_318,3.426
471.708936281,138.985843183,1274,cat,0,munmap,36.511
471.710776884,138.987683786,1274,cat,0,brk,4.589
471.711942402,138.988849304,1274,cat,0,brk,16.981
471.713847890,138.990754792,1274,cat,0,openat,28.076
471.716825064,138.993731966,1274,cat,0,openat,27.498
471.718957497,138.995864399,1274,cat,0,fstat,7.381
471.721848253,138.998755155,1274,cat,0,read,11.351
471.725004159,139.001911061,1274,cat,0,read,12.392
471.727906710,139.004813612,1274,cat,0,close,13.966
471.729969537,139.006876439,1274,cat,0,openat,26.440
471.732958238,139.009865140,1274,cat,0,openat,25.804
471.734007881,139.010914783,1274,cat,0,fstat,21.324
471.736954511,139.013861413,1274,cat,0,mmap,39.054
471.738350768,139.015257670,1274,cat,0,close,3.093
471.738567839,139.015474741,1274,cat,0,openat,16.134
471.738786486,139.015693388,1274,cat,0,openat,13.509
471.738991419,139.015898321,1274,cat,0,fstat,3.904
471.739742348,139.016649250,1274,cat,0,read,13.147
471.741263780,139.018170682,1274,cat,0,read,3.032
471.741544896,139.018451798,1274,cat,0,close,6.439
471.741788463,139.018695365,1274,cat,0,openat,16.933
471.742371648,139.019278550,1274,cat,0,fstat,7.996
471.742668711,139.019575613,1274,cat,0,syscall_217,15.987
471.742908401,139.019815303,1274,cat,0,openat,11.773
471.743448635,139.020355537,1274,cat,0,fstat,3.329
471.743965114,139.020872016,1274,cat,0,read,12.284
471.744826227,139.021733129,1274,cat,0,read,10.850
471.745406186,139.022313088,1274,cat,0,read,4.914
471.745691393,139.022598295,1274,cat,0,read,4.720
471.745977783,139.022884685,1274,cat,0,read,4.560
471.746657449,139.023564351,1274,cat,0,read,10.989
471.748345153,139.025252055,1274,cat,0,read,9.278
471.750149100,139.027056002,1274,cat,0,read,8.945
471.751550159,139.028457061,1274,cat,0,read,5.382
471.752783890,139.029690792,1274,cat,0,brk,13.244
471.754026837,139.030933739,1274,cat,0,read,10.606
471.754821121,139.031728023,1274,cat,0,read,5.283
471.755708825,139.032615727,1274,cat,0,read,3.764
471.757321574,139.034228476,1274,cat,0,read,9.520
471.758895869,139.035802771,1274,cat,0,read,3.705
471.759586764,139.036493666,1274,cat,0,read,2.970
471.759848285,139.036755187,1274,cat,0,close,7.512
471.760600445,139.037507347,1274,cat,0,syscall_217,27.377
471.761903143,139.038810045,1274,cat,0,close,12.016
471.763581813,139.040488715,1274,cat,0,syscall_202,5.846
471.764937586,139.041844488,1274,cat,0,openat,27.372
471.765590134,139.042497036,1274,cat,0,openat,27.500
471.765812629,139.042719531,1274,cat,0,fstat,3.796
471.766239775,139.043146677,1274,cat,0,mmap,17.263
471.766431623,139.043338525,1274,cat,0,close,2.095
471.766669153,139.043576055,1274,cat,0,openat,17.701
471.767570936,139.044477838,1274,cat,0,openat,7.439
471.768591763,139.045498665,1274,cat,0,fstat,7.425
471.768957802,139.045864704,1274,cat,0,mmap,16.020
471.769742636,139.046649538,1274,cat,0,close,4.962
471.770472202,139.047379104,1274,cat,0,openat,21.612
471.770853435,139.047760337,1274,cat,0,openat,12.136
471.772003495,139.048910397,1274,cat,0,fstat,7.124
471.773560175,139.050467077,1274,cat,0,mmap,15.876
471.773888573,139.050795475,1274,cat,0,close,5.288
471.774551823,139.051458725,1274,cat,0,openat,10.836
471.774780973,139.051687875,1274,cat,0,openat,13.598
471.776374712,139.053281614,1274,cat,0,fstat,6.040
471.776906983,139.053813885,1274,cat,0,mmap,76.218
471.778716627,139.055623529,1274,cat,0,close,6.656
471.779289298,139.056196200,1274,cat,0,openat,17.400
471.779539661,139.056446563,1274,cat,0,openat,26.995
471.779796786,139.056703688,1274,cat,0,fstat,3.340
471.780560934,139.057467836,1274,cat,0,mmap,16.797
471.780797994,139.057704896,1274,cat,0,close,5.967
471.782077161,139.058984063,1274,cat,0,openat,12.392
471.784001820,139.060908722,1274,cat,0,openat,69.811
471.786888685,139.063795587,1274,cat,0,fstat,8.242
471.787703080,139.064609982,1274,cat,0,close,14.900
471.789013899,139.065920801,1274,cat,0,openat,12.115
471.789438511,139.066345413,1274,cat,0,fstat,3.166
471.789621627,139.066528529,1274,cat,0,mmap,23.813
471.789816936,139.066723838,1274,cat,0,close,1.709
471.790246297,139.067153199,1274,cat,0,openat,7.242
471.790448740,139.067355642,1274,cat,0,openat,22.175
471.791399479,139.068306381,1274,cat,0,fstat,2.550
471.791637186,139.068544088,1274,cat,0,mmap,24.208
471.792426441,139.069333343,1274,cat,0,close,4.459
471.792933134,139.069840036,1274,cat,0,openat,24.085
471.796045260,139.072952162,1274,cat,0,openat,22.275
471.797720781,139.074627683,1274,cat,0,fstat,7.362
471.798716982,139.075623884,1274,cat,0,mmap,27.578
471.799719483,139.076626385,1274,cat,0,close,1.830
471.800963658,139.077870560,1274,cat,0,openat,25.732
471.802865283,139.079772185,1274,cat,0,openat,7.660
471.804821784,139.081728686,1274,cat,0,fstat,2.382
471.805741780,139.082648682,1274,cat,0,mmap,31.045
471.806918342,139.083825244,1274,cat,0,close,1.616
471.808770477,139.085677379,1274,cat,0,openat,15.577
471.809948251,139.086855153,1274,cat,0,openat,7.956
471.811861142,139.088768044,1274,cat,0,fstat,2.238
471.812033333,139.088940235,1274,cat,0,mmap,8.595
471.813890669,139.090797571,1274,cat,0,close,4.562
471.815008976,139.091915878,1274,cat,0,openat,18.024
471.816091247,139.092998149,1274,cat,0,openat,29.841
471.817690350,139.094597252,1274,cat,0,fstat,10.677
471.819902642,139.096809544,1274,cat,0,mmap,23.980
471.821638484,139.098545386,1274,cat,0,close,4.626
471.823983595,139.100890497,1274,cat,0,fstat,11.571
471.826792816,139.103699718,1274,cat,0,openat,38.581
471.828714409,139.105621311,1274,cat,0,fstat,3.979
471.829813766,139.106720668,1274,cat,0,syscall_221,2.848
471.830880157,139.107787059,1274,cat,0,mmap,25.542
471.832951915,139.109858817,1274,cat,0,read,27.078
471.836044427,139.112951329,1274,cat,0,write,22.854
471.837260582,139.114167484,1274,cat,0,read,9.842
471.838534410,139.115441312,1274,cat,0,munmap,57.668
471.839890963,139.116797865,1274,cat,0,close,10.455
471.842786281,139.119693183,1274,cat,0,close,3.877
471.846579495,139.123486397,1274,cat,0,close,4.780
471.614980730,138.891887632,1179,find,0,wait4,232701.077
471.848708982,139.125615884,1179,find,0,rt_sigprocmask,6.047
471.850944074,139.127850976,1179,find,0,clone,228.721
471.852705004,139.129611906,1179,find,0,rt_sigprocmask,4.030
471.854082946,139.130989848,1275,find,0,syscall_273,3.499
471.856854961,139.133761863,1275,find,0,rt_sigprocmask,4.719
471.860963325,139.137870227,1275,find,0,syscall_81,4.956
471.861638877,139.138545779,1275,find,0,execve,16.791
471.862459741,139.139366643,1275,find,0,execve,12.967
471.862832390,139.139739292,1275,cat,0,execve,331.048
471.863846015,139.140752917,1275,cat,0,brk,2.819
471.884364942,139.161271844,1275,cat,0,access,13.650
471.884570260,139.161477162,1275,cat,0,openat,14.327
471.884845679,139.161752581,1275,cat,0,fstat,3.425
471.885768648,139.162675550,1275,cat,0,mmap,17.291
471.885962621,139.162869523,1275,cat,0,close,2.231
471.886709769,139.163616671,1275,cat,0,openat,28.796
471.887468108,139.164375010,1275,cat,0,read,4.565
471.887657685,139.164564587,1275,cat,0,pread64,2.714
471.889018768,139.165925670,1275,cat,0,fstat,7.282
471.891112501,139.168019403,1275,cat,0,mmap,30.230
471.892921895,139.169828797,1275,cat,0,pread64,11.088
471.895880716,139.172787618,1275,cat,0,mmap,28.779
471.898882133,139.175789035,1275,cat,0,mmap,38.078
471.900826177,139.177733079,1275,cat,0,mmap,89.016
471.902985683,139.179892585,1275,cat,0,mmap,180.391
471.904669905,139.181576807,1275,cat,0,mmap,31.876
471.906902135,139.183809037,1275,cat,0,close,6.062
471.908893938,139.185800840,1275,cat,0,mmap,21.514
471.912003087,139.188909989,1275,cat,0,syscall_158,7.008
471.915878396,139.192785298,1275,cat,0,syscall_218,6.445
471.917850731,139.194757633,1275,cat,0,syscall_273,3.962
471.919743382,139.196650284,1275,cat,0,syscall_334,4.028
471.921078031,139.197984933,1275,cat,0,mprotect,33.221
471.922997512,139.199904414,1275,cat,0,mprotect,24.788
471.927971141,139.204878043,1275,cat,0,mprotect,62.291
471.930891196,139.207798098,1275,cat,0,syscall_302,5.590
471.932613387,139.209520289,1275,cat,0,syscall_318,9.495
471.934855392,139.211762294,1275,cat,0,munmap,60.431
471.937040693,139.213947595,1275,cat,0,brk,4.880
471.939855674,139.216762576,1275,cat,0,brk,22.237
471.941997593,139.218904495,1275,cat,0,openat,17.822
471.945501302,139.222408204,1275,cat,0,openat,25.594
471.946783077,139.223689979,1275,cat,0,fstat,7.989
471.948143554,139.225050456,1275,cat,0,read,15.211
471.949621938,139.226528840,1275,cat,0,read,6.241
471.950956837,139.227863739,1275,cat,0,close,13.705
471.952818335,139.229725237,1275,cat,0,openat,29.658
471.955992940,139.232899842,1275,cat,0,openat,46.414
471.959903847,139.236810749,1275,cat,0,fstat,8.603
471.970288060,139.247194962,1275,cat,0,mmap,36.140
471.971383270,139.248290172,1275,cat,0,close,4.434
471.972515663,139.249422565,1275,cat,0,openat,21.239
471.973308098,139.250215000,1275,cat,0,openat,19.207
471.974528229,139.251435131,1275,cat,0,fstat,6.316
471.975419200,139.252326102,1275,cat,0,read,10.633
471.976787202,139.253694104,1275,cat,0,read,9.047
471.977751354,139.254658256,1275,cat,0,close,25.504
471.980558053,139.257464955,1275,cat,0,openat,52.816
471.982745283,139.259652185,1275,cat,0,fstat,7.953
471.984846653,139.261753555,1275,cat,0,syscall_217,25.191
471.988860951,139.265767853,1275,cat,0,openat,40.367
471.993919117,139.270826019,1275,cat,0,fstat,15.490
471.997572232,139.274479134,1275,cat,0,read,9.609
471.998391235,139.275298137,1275,cat,0,read,5.826
471.998771072,139.275677974,1275,cat,0,read,9.690
472.001934578,139.278841480,1275,cat,0,read,9.330
472.004060837,139.280967739,1275,cat,0,read,9.973
472.005554933,139.282461835,1275,cat,0,read,3.935
472.007034794,139.283941696,1275,cat,0,read,9.368
472.009200039,139.286106941,1275,cat,0,read,8.783
472.010228237,139.287135139,1275,cat,0,read,3.183
472.010717876,139.287624778,1275,cat,0,brk,21.452
472.013077246,139.289984148,1275,cat,0,read,9.755
472.015006623,139.291913525,1275,cat,0,read,10.445
472.019191918,139.296098820,1275,cat,0,read,8.871
472.021077490,139.297984392,1275,cat,0,read,5.522
472.023264570,139.300171472,1275,cat,0,read,9.175
472.024723615,139.301630517,1275,cat,0,read,6.416
472.026812377,139.303719279,1275,cat,0,close,7.620
472.027849012,139.304755914,1275,cat,0,syscall_217,26.117
472.029931214,139.306838116,1275,cat,0,close,11.473
472.032633008,139.309539910,1275,cat,0,syscall_202,3.506
472.032908791,139.309815693,1275,cat,0,openat,26.467
472.034912620,139.311819522,1275,cat,0,openat,30.606
472.037867286,139.314774188,1275,cat,0,fstat,9.414
472.038708940,139.315615842,1275,cat,0,mmap,36.172
472.040787838,139.317694740,1275,cat,0,close,6.148
472.041441140,139.318348042,1275,cat,0,openat,26.730
472.042644035,139.319550937,1275,cat,0,openat,26.404
472.043933475,139.320840377,1275,cat,0,fstat,16.069
472.045653842,139.322560744,1275,cat,0,mmap,30.802
472.046571790,139.323478692,1275,cat,0,close,2.283
472.047710923,139.324617825,1275,cat,0,openat,26.455
472.048407882,139.325314784,1275,cat,0,openat,15.818
472.048614819,139.325521721,1275,cat,0,fstat,3.319
472.048806137,139.325713039,1275,cat,0,mmap,12.155
472.049687617,139.326594519,1275,cat,0,close,4.753
472.050529722,139.327436624,1275,cat,0,openat,9.161
472.050798602,139.327705504,1275,cat,0,openat,10.373
472.051293742,139.328200644,1275,cat,0,fstat,18.998
472.051600943,139.328507845,1275,cat,0,mmap,43.199
472.052847737,139.329754639,1275,cat,0,close,1.912
472.053544328,139.330451230,1275,cat,0,openat,8.042
472.053866979,139.330773881,1275,cat,0,openat,9.357
472.054604524,139.331511426,1275,cat,0,fstat,7.766
472.055080409,139.331987311,1275,cat,0,mmap,35.343
472.056997008,139.333903910,1275,cat,0,close,4.528
472.058922847,139.335829749,1275,cat,0,openat,16.260
472.059905654,139.336812556,1275,cat,0,openat,27.147
472.061451322,139.338358224,1275,cat,0,fstat,7.349
472.061682203,139.338589105,1275,cat,0,close,5.873
472.061913033,139.338819935,1275,cat,0,openat,21.910
472.062993306,139.339900208,1275,cat,0,fstat,7.038
472.065914427,139.342821329,1275,cat,0,mmap,24.579
472.285188614,139.562095516,1277,cat,0,access,33.524
472.286732632,139.563639534,1277,cat,0,openat,34.302
472.288957407,139.565864309,1277,cat,0,fstat,13.066
472.291870925,139.568777827,1277,cat,0,mmap,43.471
472.294122068,139.571028970,1277,cat,0,close,5.871
472.296748087,139.573654989,1277,cat,0,openat,37.901
472.298874991,139.575781893,1277,cat,0,read,18.639
472.300964654,139.577871556,1277,cat,0,pread64,10.489
472.303775533,139.580682435,1277,cat,0,fstat,12.972
472.305933090,139.582839992,1277,cat,0,mmap,33.257
472.309095535,139.586002437,1277,cat,0,pread64,22.350
472.311917277,139.588824179,1277,cat,0,mmap,33.366
472.314845677,139.591752579,1277,cat,0,mmap,46.134
472.316836281,139.593743183,1277,cat,0,mmap,48.119
472.318959205,139.595866107,1277,cat,0,mmap,122.248
472.322843542,139.599750444,1277,cat,0,mmap,25.024
472.325030316,139.601937218,1277,cat,0,close,15.088
472.327922668,139.604829570,1277,cat,0,mmap,22.505
472.331007640,139.607914542,1277,cat,0,syscall_158,7.458
472.334898120,139.611805022,1277,cat,0,syscall_218,6.478
472.339945848,139.616852750,1277,cat,0,syscall_273,3.251
472.341382671,139.618289573,1277,cat,0,syscall_334,1.369
472.341832614,139.618739516,1277,cat,0,mprotect,17.071
472.342382349,139.619289251,1277,cat,0,mprotect,8.588
472.342706547,139.619613449,1277,cat,0,mprotect,28.530
472.343315145,139.620222047,1277,cat,0,syscall_302,1.888
472.343614937,139.620521839,1277,cat,0,syscall_318,8.726
472.345001994,139.621908896,1277,cat,0,munmap,47.863
472.349077682,139.625984584,1277,cat,0,brk,5.582
472.351967596,139.628874498,1277,cat,0,brk,17.243
472.353568933,139.630475835,1277,cat,0,openat,33.777
472.355898083,139.632804985,1277,cat,0,openat,30.836
472.360899953,139.637806855,1277,cat,0,fstat,10.688
472.363728259,139.640635161,1277,cat,0,read,7.812
472.364478130,139.641385032,1277,cat,0,read,3.155
472.364758558,139.641665460,1277,cat,0,close,6.151
472.366903287,139.643810189,1277,cat,0,openat,24.455
472.370907374,139.647814276,1277,cat,0,openat,32.928
472.373891288,139.650798190,1277,cat,0,fstat,7.845
472.376901566,139.653808468,1277,cat,0,mmap,46.149
472.380983957,139.657890859,1277,cat,0,close,5.749
472.384039929,139.660946831,1277,cat,0,openat,23.819
472.386556930,139.663463832,1277,cat,0,openat,20.995
472.386837559,139.663744461,1277,cat,0,fstat,2.386
472.387331479,139.664238381,1277,cat,0,read,3.776
472.387574632,139.664481534,1277,cat,0,read,2.382
472.387760882,139.664667784,1277,cat,0,close,3.890
472.388250395,139.665157297,1277,cat,0,openat,8.844
472.388432515,139.665339417,1277,cat,0,fstat,2.176
472.388613198,139.665520100,1277,cat,0,syscall_217,14.726
472.388805367,139.665712269,1277,cat,0,openat,6.247
472.388980222,139.665887124,1277,cat,0,fstat,1.893
472.389635102,139.666542004,1277,cat,0,read,3.636
472.389852987,139.666759889,1277,cat,0,read,3.560
472.390444129,139.667351031,1277,cat,0,read,3.210
472.390672673,139.667579575,1277,cat,0,read,3.007
472.390901952,139.667808854,1277,cat,0,read,2.875
472.392259381,139.669166283,1277,cat,0,read,9.439
472.393328573,139.670235475,1277,cat,0,read,2.878
472.393685138,139.670592040,1277,cat,0,read,3.106
472.393945828,139.670852730,1277,cat,0,read,2.744
472.394392787,139.671299689,1277,cat,0,brk,10.632
472.394960450,139.671867352,1277,cat,0,read,9.049
472.398306850,139.675213752,1277,cat,0,read,9.255
472.401143297,139.678050199,1277,cat,0,read,4.207
472.404247061,139.681153963,1277,cat,0,read,14.361
472.407178222,139.684085124,1277,cat,0,read,9.681
472.408682745,139.685589647,1277,cat,0,read,7.080
472.409655577,139.686562479,1277,cat,0,close,7.504
472.410292703,139.687199605,1277,cat,0,syscall_217,16.584
472.410713389,139.687620291,1277,cat,0,close,12.943
472.414094383,139.691001285,1277,cat,0,syscall_202,8.719
472.417947020,139.694853922,1277,cat,0,openat,36.077
472.421908531,139.698815433,1277,cat,0,openat,36.894
472.425571693,139.702478595,1277,cat,0,fstat,23.131
472.426964737,139.703871639,1277,cat,0,mmap,53.616
472.429850689,139.706757591,1277,cat,0,close,5.235
472.433016364,139.709923266,1277,cat,0,openat,31.841
472.434625929,139.711532831,1277,cat,0,openat,27.373
472.435966925,139.712873827,1277,cat,0,fstat,11.630
472.438919099,139.715826001,1277,cat,0,mmap,54.875
472.443777986,139.720684888,1277,cat,0,close,5.884
472.444239607,139.721146509,1277,cat,0,openat,19.089
472.444439586,139.721346488,1277,cat,0,openat,13.209
472.444629521,139.721536423,1277,cat,0,fstat,3.247
472.444808777,139.721715679,1277,cat,0,mmap,22.834
472.445241434,139.722148336,1277,cat,0,close,1.252
472.445433475,139.722340377,1277,cat,0,openat,3.746
472.445613643,139.722520545,1277,cat,0,openat,5.606
472.445794977,139.722701879,1277,cat,0,fstat,1.818
472.446198557,139.723105459,1277,cat,0,mmap,5.405
472.446383398,139.723290300,1277,cat,0,close,0.975
472.446568175,139.723475077,1277,cat,0,openat,3.865
472.446750007,139.723656909,1277,cat,0,openat,5.629
472.447210472,139.724117374,1277,cat,0,fstat,1.781
472.447388514,139.724295416,1277,cat,0,mmap,12.920
472.447579237,139.724486139,1277,cat,0,close,0.989
472.447764904,139.724671806,1277,cat,0,openat,4.176
472.448202833,139.725109735,1277,cat,0,openat,8.893
472.448391316,139.725298218,1277,cat,0,fstat,1.778
472.448566864,139.725473766,1277,cat,0,close,4.199
472.448748006,139.725654908,1277,cat,0,openat,5.943
472.448929463,139.725836365,1277,cat,0,fstat,1.748
472.449330952,139.726237854,1277,cat,0,mmap,5.829
472.449510142,139.726417044,1277,cat,0,close,1.223
472.449697778,139.726604680,1277,cat,0,openat,6.440
472.449878737,139.726785639,1277,cat,0,openat,5.849
472.450427572,139.727334474,1277,cat,0,fstat,12.060
472.450644830,139.727551732,1277,cat,0,mmap,15.715
472.450833895,139.727740797,1277,cat,0,close,1.916
472.451041517,139.727948419,1277,cat,0,openat,11.852
472.452591015,139.729497917,1277,cat,0,openat,108.890
472.454988598,139.731895500,1277,cat,0,fstat,6.771
472.455891478,139.732798380,1277,cat,0,mmap,11.297
472.456485774,139.733392676,1277,cat,0,close,2.198
472.456699500,139.733606402,1277,cat,0,openat,7.645
472.457846892,139.734753794,1277,cat,0,openat,14.145
472.458393781,139.735300683,1277,cat,0,fstat,3.555
472.458898244,139.735805146,1277,cat,0,mmap,55.088
472.463948668,139.740855570,1277,cat,0,close,8.644
472.467067270,139.743974172,1277,cat,0,openat,34.667
472.470877127,139.747784029,1277,cat,0,openat,29.721
472.471504479,139.748411381,1277,cat,0,fstat,10.137
472.475799302,139.752706204,1277,cat,0,mmap,47.382
472.478860859,139.755767761,1277,cat,0,close,5.596
472.481884732,139.758791634,1277,cat,0,openat,26.818
472.484821857,139.761728759,1277,cat,0,openat,30.279
472.486928308,139.763835210,1277,cat,0,fstat,8.198
472.488915825,139.765822727,1277,cat,0,mmap,28.678
472.491829298,139.768736200,1277,cat,0,close,5.184
472.494034095,139.770940997,1277,cat,0,fstat,10.593
472.496905355,139.773812257,1277,cat,0,openat,34.856
472.499836629,139.776743531,1277,cat,0,fstat,7.003
472.502004110,139.778911012,1277,cat,0,syscall_221,4.607
472.506000952,139.782907854,1277,cat,0,mmap,24.931
472.507905759,139.784812661,1277,cat,0,read,53.868
472.508565846,139.785472748,1277,cat,0,write,2.884
472.509858449,139.786765351,1277,cat,0,read,6.561
