bin_index,start_time_us,end_time_us,waiting_time_us,running_time_us,waiting_pct,running_pct
0,0,2000,248,1752,12.4,87.6
1,2000,4000,11,1989,0.5499999999999999,99.45
2,4000,6000,37,1963,1.8499999999999999,98.15
3,6000,8000,55,1945,2.75,97.25
4,8000,10000,48,1952,2.4,97.6
5,10000,12000,44,1956,2.1999999999999997,97.8
6,12000,14000,11,1989,0.5499999999999999,99.45
7,14000,16000,17,1983,0.8500000000000001,99.15
8,16000,18000,8,1992,0.4,99.6
9,18000,20000,8,1992,0.4,99.6
10,20000,22000,16,1984,0.8,99.2
11,22000,24000,125,1875,6.25,93.75
12,24000,26000,10,1990,0.5,99.5
13,26000,28000,20,1980,1.0,99.0
14,28000,30000,11,1989,0.5499999999999999,99.45
15,30000,32000,15,1985,0.75,99.25
16,32000,34000,7,1993,0.35000000000000003,99.65
17,34000,36000,160,1840,8.0,92.0
18,36000,38000,43,1957,2.15,97.85
19,38000,40000,18,1982,0.8999999999999999,99.1
20,40000,42000,7,1993,0.35000000000000003,99.65
21,42000,44000,8,1992,0.4,99.6
22,44000,46000,43,1957,2.15,97.85
23,46000,48000,120,1880,6.0,94.0
24,48000,50000,10,1990,0.5,99.5
25,50000,52000,15,1985,0.75,99.25
26,52000,54000,17,1983,0.8500000000000001,99.15
27,54000,56000,13,1987,0.65,99.35
28,56000,58000,15,1985,0.75,99.25
29,58000,60000,21,1979,1.05,98.95
30,60000,62000,130,1870,6.5,93.5
31,62000,64000,9,1991,0.44999999999999996,99.55
32,64000,66000,8,1992,0.4,99.6
33,66000,68000,18,1982,0.8999999999999999,99.1
34,68000,70000,19,1981,0.95,99.05
35,70000,72000,10,1990,0.5,99.5
36,72000,74000,133,1867,6.65,93.35
37,74000,76000,10,1990,0.5,99.5
38,76000,78000,10,1990,0.5,99.5
39,78000,80000,18,1982,0.8999999999999999,99.1
40,80000,82000,8,1992,0.4,99.6
41,82000,84000,12,1988,0.6,99.4
42,84000,86000,10,1990,0.5,99.5
43,86000,88000,181,1819,9.049999999999999,90.95
44,88000,90000,9,1991,0.44999999999999996,99.55
45,90000,92000,8,1992,0.4,99.6
46,92000,94000,18,1982,0.8999999999999999,99.1
47,94000,96000,12,1988,0.6,99.4
48,96000,98000,10,1990,0.5,99.5
49,98000,100000,18,1982,0.8999999999999999,99.1
50,100000,102000,113,1887,5.65,94.35
51,102000,104000,8,1992,0.4,99.6
52,104000,106000,15,1985,0.75,99.25
53,106000,108000,7,1993,0.35000000000000003,99.65
54,108000,110000,15,1985,0.75,99.25
55,110000,112000,8,1992,0.4,99.6
56,112000,114000,110,1890,5.5,94.5
57,114000,116000,7,1993,0.35000000000000003,99.65
58,116000,118000,7,1993,0.35000000000000003,99.65
59,118000,120000,19,1981,0.95,99.05
60,120000,122000,8,1992,0.4,99.6
61,122000,124000,15,1985,0.75,99.25
62,124000,126000,122,1878,6.1,93.9
63,126000,128000,10,1990,0.5,99.5
64,128000,130000,10,1990,0.5,99.5
65,130000,132000,18,1982,0.8999999999999999,99.1
66,132000,134000,11,1989,0.5499999999999999,99.45
67,134000,136000,8,1992,0.4,99.6
68,136000,138000,121,1879,6.05,93.95
69,138000,140000,9,1991,0.44999999999999996,99.55
70,140000,142000,10,1990,0.5,99.5
71,142000,144000,17,1983,0.8500000000000001,99.15
72,144000,146000,8,1992,0.4,99.6
73,146000,148000,8,1992,0.4,99.6
74,148000,150000,113,1887,5.65,94.35
75,150000,152000,20,1980,1.0,99.0
76,152000,154000,8,1992,0.4,99.6
77,154000,156000,15,1985,0.75,99.25
78,156000,158000,8,1992,0.4,99.6
79,158000,160000,8,1992,0.4,99.6
80,160000,162000,177,1823,8.85,91.15
81,162000,164000,8,1992,0.4,99.6
82,164000,166000,14,1986,0.7000000000000001,99.3
83,166000,168000,8,1992,0.4,99.6
84,168000,170000,15,1985,0.75,99.25
85,170000,172000,118,1882,5.8999999999999995,94.1
86,172000,174000,8,1992,0.4,99.6
87,174000,176000,14,1986,0.7000000000000001,99.3
88,176000,178000,8,1992,0.4,99.6
89,178000,180000,14,1986,0.7000000000000001,99.3
90,180000,182000,9,1991,0.44999999999999996,99.55
91,182000,184000,113,1887,5.65,94.35
92,184000,186000,16,1984,0.8,99.2
93,186000,188000,7,1993,0.35000000000000003,99.65
94,188000,190000,14,1986,0.7000000000000001,99.3
95,190000,192000,9,1991,0.44999999999999996,99.55
96,192000,194000,8,1992,0.4,99.6
97,194000,196000,147,1853,7.35,92.65
98,196000,198000,9,1991,0.44999999999999996,99.55
99,198000,200000,17,1983,0.8500000000000001,99.15
100,200000,202000,8,1992,0.4,99.6
101,202000,204000,7,1993,0.35000000000000003,99.65
102,204000,206000,15,1985,0.75,99.25
103,206000,208000,109,1891,5.45,94.55
104,208000,210000,15,1985,0.75,99.25
105,210000,212000,7,1993,0.35000000000000003,99.65
106,212000,214000,8,1992,0.4,99.6
107,214000,216000,16,1984,0.8,99.2
108,216000,218000,7,1993,0.35000000000000003,99.65
109,218000,220000,120,1880,6.0,94.0
110,220000,222000,9,1991,0.44999999999999996,99.55
111,222000,224000,7,1993,0.35000000000000003,99.65
112,224000,226000,16,1984,0.8,99.2
113,226000,228000,7,1993,0.35000000000000003,99.65
114,228000,230000,14,1986,0.7000000000000001,99.3
115,230000,232000,175,1825,8.75,91.25
116,232000,234000,9,1991,0.44999999999999996,99.55
117,234000,236000,16,1984,0.8,99.2
118,236000,238000,7,1993,0.35000000000000003,99.65
119,238000,240000,19,1981,0.95,99.05
120,240000,242000,164,1836,8.200000000000001,91.8
121,242000,244000,10,1990,0.5,99.5
122,244000,246000,15,1985,0.75,99.25
123,246000,248000,7,1993,0.35000000000000003,99.65
124,248000,250000,16,1984,0.8,99.2
125,250000,252000,8,1992,0.4,99.6
126,252000,254000,165,1835,8.25,91.75
127,254000,256000,8,1992,0.4,99.6
128,256000,258000,16,1984,0.8,99.2
129,258000,260000,8,1992,0.4,99.6
130,260000,262000,16,1984,0.8,99.2
131,262000,264000,9,1991,0.44999999999999996,99.55
132,264000,266000,121,1879,6.05,93.95
133,266000,268000,16,1984,0.8,99.2
134,268000,270000,7,1993,0.35000000000000003,99.65
135,270000,272000,15,1985,0.75,99.25
136,272000,274000,7,1993,0.35000000000000003,99.65
137,274000,276000,16,1984,0.8,99.2
138,276000,278000,172,1828,8.6,91.4
139,278000,280000,8,1992,0.4,99.6
140,280000,282000,15,1985,0.75,99.25
141,282000,284000,7,1993,0.35000000000000003,99.65
142,284000,286000,8,1992,0.4,99.6
143,286000,288000,49,1951,2.45,97.55
144,288000,290000,89,1911,4.45,95.55
145,290000,292000,16,1984,0.8,99.2
146,292000,294000,7,1993,0.35000000000000003,99.65
147,294000,296000,7,1993,0.35000000000000003,99.65
148,296000,298000,15,1985,0.75,99.25
149,298000,300000,117,1883,5.8500000000000005,94.15
150,300000,302000,10,1990,0.5,99.5
151,302000,304000,17,1983,0.8500000000000001,99.15
152,304000,306000,8,1992,0.4,99.6
153,306000,308000,14,1986,0.7000000000000001,99.3
154,308000,310000,8,1992,0.4,99.6
155,310000,312000,171,1829,8.55,91.45
156,312000,314000,7,1993,0.35000000000000003,99.65
157,314000,316000,16,1984,0.8,99.2
158,316000,318000,8,1992,0.4,99.6
159,318000,320000,15,1985,0.75,99.25
160,320000,322000,127,1873,6.35,93.65
161,322000,324000,8,1992,0.4,99.6
162,324000,326000,17,1983,0.8500000000000001,99.15
163,326000,328000,7,1993,0.35000000000000003,99.65
164,328000,330000,16,1984,0.8,99.2
165,330000,332000,7,1993,0.35000000000000003,99.65
166,332000,334000,197,1803,9.85,90.15
167,334000,336000,18,1982,0.8999999999999999,99.1
168,336000,338000,9,1991,0.44999999999999996,99.55
169,338000,340000,17,1983,0.8500000000000001,99.15
170,340000,342000,7,1993,0.35000000000000003,99.65
171,342000,344000,14,1986,0.7000000000000001,99.3
172,344000,346000,138,1862,6.9,93.1
173,346000,348000,7,1993,0.35000000000000003,99.65
174,348000,350000,17,1983,0.8500000000000001,99.15
175,350000,352000,7,1993,0.35000000000000003,99.65
176,352000,354000,14,1986,0.7000000000000001,99.3
177,354000,356000,117,1883,5.8500000000000005,94.15
178,356000,358000,12,1988,0.6,99.4
179,358000,360000,18,1982,0.8999999999999999,99.1
180,360000,362000,9,1991,0.44999999999999996,99.55
181,362000,364000,18,1982,0.8999999999999999,99.1
182,364000,366000,9,1991,0.44999999999999996,99.55
183,366000,368000,194,1806,9.700000000000001,90.3
184,368000,370000,16,1984,0.8,99.2
185,370000,372000,8,1992,0.4,99.6
186,372000,374000,16,1984,0.8,99.2
187,374000,376000,8,1992,0.4,99.6
188,376000,378000,17,1983,0.8500000000000001,99.15
189,378000,380000,216,1784,10.8,89.2
190,380000,382000,7,1993,0.35000000000000003,99.65
191,382000,384000,15,1985,0.75,99.25
192,384000,386000,8,1992,0.4,99.6
193,386000,388000,14,1986,0.7000000000000001,99.3
194,388000,390000,127,1873,6.35,93.65
195,390000,392000,17,1983,0.8500000000000001,99.15
196,392000,394000,7,1993,0.35000000000000003,99.65
197,394000,396000,16,1984,0.8,99.2
198,396000,398000,9,1991,0.44999999999999996,99.55
199,398000,400000,7,1993,0.35000000000000003,99.65
200,400000,402000,162,1838,8.1,91.9
201,402000,404000,10,1990,0.5,99.5
202,404000,406000,15,1985,0.75,99.25
203,406000,408000,7,1993,0.35000000000000003,99.65
204,408000,410000,15,1985,0.75,99.25
205,410000,412000,12,1988,0.6,99.4
206,412000,414000,148,1852,7.3999999999999995,92.6
207,414000,416000,21,1979,1.05,98.95
208,416000,418000,12,1988,0.6,99.4
209,418000,420000,10,1990,0.5,99.5
210,420000,422000,16,1984,0.8,99.2
211,422000,424000,10,1990,0.5,99.5
212,424000,426000,193,1807,9.65,90.35
213,426000,428000,16,1984,0.8,99.2
214,428000,430000,8,1992,0.4,99.6
215,430000,432000,19,1981,0.95,99.05
216,432000,434000,7,1993,0.35000000000000003,99.65
217,434000,436000,14,1986,0.7000000000000001,99.3
218,436000,438000,301,1699,15.049999999999999,84.95
219,438000,440000,12,1988,0.6,99.4
220,440000,442000,9,1991,0.44999999999999996,99.55
221,442000,444000,11,1989,0.5499999999999999,99.45
222,444000,446000,24,1976,1.2,98.8
223,446000,448000,8,1992,0.4,99.6
224,448000,450000,153,1847,7.6499999999999995,92.35
225,450000,452000,0,2000,0.0,100.0
226,452000,454000,18,1982,0.8999999999999999,99.1
227,454000,456000,14,1986,0.7000000000000001,99.3
228,456000,458000,10,1990,0.5,99.5
229,458000,460000,8,1992,0.4,99.6
230,460000,462000,19,1981,0.95,99.05
231,462000,464000,8,1992,0.4,99.6
232,464000,466000,169,1831,8.450000000000001,91.55
233,466000,468000,8,1992,0.4,99.6
234,468000,470000,7,1993,0.35000000000000003,99.65
235,470000,472000,8,1992,0.4,99.6
236,472000,474000,15,1985,0.75,99.25
237,474000,476000,17,1983,0.8500000000000001,99.15
238,476000,478000,8,1992,0.4,99.6
239,478000,480000,228,1772,11.4,88.6
240,480000,482000,13,1987,0.65,99.35
241,482000,484000,10,1990,0.5,99.5
242,484000,486000,18,1982,0.8999999999999999,99.1
243,486000,488000,8,1992,0.4,99.6
244,488000,490000,8,1992,0.4,99.6
245,490000,492000,17,1983,0.8500000000000001,99.15
246,492000,494000,154,1846,7.7,92.3
247,494000,496000,14,1986,0.7000000000000001,99.3
248,496000,498000,15,1985,0.75,99.25
249,498000,500000,9,1991,0.44999999999999996,99.55
250,500000,502000,17,1983,0.8500000000000001,99.15
251,502000,504000,8,1992,0.4,99.6
252,504000,506000,238,1762,11.899999999999999,88.1
253,506000,508000,19,1981,0.95,99.05
254,508000,510000,7,1993,0.35000000000000003,99.65
255,510000,512000,18,1982,0.8999999999999999,99.1
256,512000,514000,7,1993,0.35000000000000003,99.65
257,514000,516000,28,1972,1.4000000000000001,98.6
258,516000,518000,171,1829,8.55,91.45
259,518000,520000,17,1983,0.8500000000000001,99.15
260,520000,522000,13,1987,0.65,99.35
261,522000,524000,21,1979,1.05,98.95
262,524000,526000,7,1993,0.35000000000000003,99.65
263,526000,528000,152,1848,7.6,92.4
264,528000,530000,10,1990,0.5,99.5
265,530000,532000,8,1992,0.4,99.6
266,532000,534000,18,1982,0.8999999999999999,99.1
267,534000,536000,15,1985,0.75,99.25
268,536000,538000,17,1983,0.8500000000000001,99.15
269,538000,540000,200,1800,10.0,90.0
270,540000,542000,24,1976,1.2,98.8
271,542000,544000,10,1990,0.5,99.5
272,544000,546000,10,1990,0.5,99.5
273,546000,548000,26,1974,1.3,98.7
274,548000,550000,15,1985,0.75,99.25
275,550000,552000,148,1852,7.3999999999999995,92.6
276,552000,554000,8,1992,0.4,99.6
277,554000,556000,18,1982,0.8999999999999999,99.1
278,556000,558000,8,1992,0.4,99.6
279,558000,560000,9,1991,0.44999999999999996,99.55
280,560000,562000,17,1983,0.8500000000000001,99.15
281,562000,564000,125,1875,6.25,93.75
282,564000,566000,17,1983,0.8500000000000001,99.15
283,566000,568000,8,1992,0.4,99.6
284,568000,570000,58,1942,2.9000000000000004,97.1
285,570000,572000,7,1993,0.35000000000000003,99.65
286,572000,574000,120,1880,6.0,94.0
287,574000,576000,9,1991,0.44999999999999996,99.55
288,576000,578000,16,1984,0.8,99.2
289,578000,580000,8,1992,0.4,99.6
290,580000,582000,16,1984,0.8,99.2
291,582000,584000,120,1880,6.0,94.0
292,584000,586000,10,1990,0.5,99.5
293,586000,588000,17,1983,0.8500000000000001,99.15
294,588000,590000,15,1985,0.75,99.25
295,590000,592000,54,1946,2.7,97.3
296,592000,594000,8,1992,0.4,99.6
297,594000,596000,126,1874,6.3,93.7
298,596000,598000,11,1989,0.5499999999999999,99.45
299,598000,600000,16,1984,0.8,99.2
300,600000,602000,11,1989,0.5499999999999999,99.45
301,602000,604000,11,1989,0.5499999999999999,99.45
302,604000,606000,21,1979,1.05,98.95
303,606000,608000,139,1861,6.950000000000001,93.05
304,608000,610000,9,1991,0.44999999999999996,99.55
305,610000,612000,15,1985,0.75,99.25
306,612000,614000,9,1991,0.44999999999999996,99.55
307,614000,616000,18,1982,0.8999999999999999,99.1
308,616000,618000,10,1990,0.5,99.5
309,618000,620000,164,1836,8.200000000000001,91.8
310,620000,622000,17,1983,0.8500000000000001,99.15
311,622000,624000,9,1991,0.44999999999999996,99.55
312,624000,626000,12,1988,0.6,99.4
313,626000,628000,27,1973,1.35,98.65
314,628000,630000,143,1857,7.1499999999999995,92.85
315,630000,632000,10,1990,0.5,99.5
316,632000,634000,15,1985,0.75,99.25
317,634000,636000,18,1982,0.8999999999999999,99.1
318,636000,638000,7,1993,0.35000000000000003,99.65
319,638000,640000,8,1992,0.4,99.6
320,640000,642000,12,1988,0.6,99.4
321,642000,644000,176,1824,8.799999999999999,91.2
322,644000,646000,17,1983,0.8500000000000001,99.15
323,646000,648000,33,1967,1.6500000000000001,98.35
324,648000,650000,9,1991,0.44999999999999996,99.55
325,650000,652000,16,1984,0.8,99.2
326,652000,654000,19,1981,0.95,99.05
327,654000,656000,133,1867,6.65,93.35
328,656000,658000,13,1987,0.65,99.35
329,658000,660000,20,1980,1.0,99.0
330,660000,662000,7,1993,0.35000000000000003,99.65
331,662000,664000,25,1975,1.25,98.75
332,664000,666000,10,1990,0.5,99.5
333,666000,668000,29,1971,1.4500000000000002,98.55
334,668000,670000,165,1835,8.25,91.75
335,670000,672000,10,1990,0.5,99.5
336,672000,674000,13,1987,0.65,99.35
337,674000,676000,11,1989,0.5499999999999999,99.45
338,676000,678000,28,1972,1.4000000000000001,98.6
339,678000,680000,12,1988,0.6,99.4
340,680000,682000,150,1850,7.5,92.5
341,682000,684000,10,1990,0.5,99.5
342,684000,686000,21,1979,1.05,98.95
343,686000,688000,11,1989,0.5499999999999999,99.45
344,688000,690000,12,1988,0.6,99.4
345,690000,692000,27,1973,1.35,98.65
346,692000,694000,182,1818,9.1,90.9
347,694000,696000,18,1982,0.8999999999999999,99.1
348,696000,698000,16,1984,0.8,99.2
349,698000,700000,12,1988,0.6,99.4
350,700000,702000,11,1989,0.5499999999999999,99.45
351,702000,704000,17,1983,0.8500000000000001,99.15
352,704000,706000,22,1978,1.0999999999999999,98.9
353,706000,708000,128,1872,6.4,93.6
354,708000,710000,9,1991,0.44999999999999996,99.55
355,710000,712000,8,1992,0.4,99.6
356,712000,714000,16,1984,0.8,99.2
357,714000,716000,12,1988,0.6,99.4
358,716000,718000,11,1989,0.5499999999999999,99.45
359,718000,720000,156,1844,7.8,92.2
360,720000,722000,13,1987,0.65,99.35
361,722000,724000,13,1987,0.65,99.35
362,724000,726000,0,2000,0.0,100.0
363,726000,728000,25,1975,1.25,98.75
364,728000,730000,12,1988,0.6,99.4
365,730000,732000,12,1988,0.6,99.4
366,732000,734000,10,1990,0.5,99.5
367,734000,736000,136,1864,6.800000000000001,93.2
368,736000,738000,12,1988,0.6,99.4
369,738000,740000,13,1987,0.65,99.35
370,740000,742000,20,1980,1.0,99.0
371,742000,744000,9,1991,0.44999999999999996,99.55
372,744000,746000,9,1991,0.44999999999999996,99.55
373,746000,748000,12,1988,0.6,99.4
374,748000,750000,141,1859,7.049999999999999,92.95
375,750000,752000,24,1976,1.2,98.8
376,752000,754000,9,1991,0.44999999999999996,99.55
377,754000,756000,8,1992,0.4,99.6
378,756000,758000,15,1985,0.75,99.25
379,758000,760000,15,1985,0.75,99.25
380,760000,762000,12,1988,0.6,99.4
381,762000,764000,259,1741,12.950000000000001,87.05
382,764000,766000,9,1991,0.44999999999999996,99.55
383,766000,768000,17,1983,0.8500000000000001,99.15
384,768000,770000,10,1990,0.5,99.5
385,770000,772000,19,1981,0.95,99.05
386,772000,774000,200,1800,10.0,90.0
387,774000,776000,9,1991,0.44999999999999996,99.55
388,776000,778000,16,1984,0.8,99.2
389,778000,780000,17,1983,0.8500000000000001,99.15
390,780000,782000,10,1990,0.5,99.5
391,782000,784000,18,1982,0.8999999999999999,99.1
392,784000,786000,162,1838,8.1,91.9
393,786000,788000,21,1979,1.05,98.95
394,788000,790000,9,1991,0.44999999999999996,99.55
395,790000,792000,16,1984,0.8,99.2
396,792000,794000,9,1991,0.44999999999999996,99.55
397,794000,796000,15,1985,0.75,99.25
398,796000,798000,196,1804,9.8,90.2
399,798000,800000,17,1983,0.8500000000000001,99.15
400,800000,802000,16,1984,0.8,99.2
401,802000,804000,11,1989,0.5499999999999999,99.45
402,804000,806000,18,1982,0.8999999999999999,99.1
403,806000,808000,10,1990,0.5,99.5
404,808000,810000,160,1840,8.0,92.0
405,810000,812000,14,1986,0.7000000000000001,99.3
406,812000,814000,13,1987,0.65,99.35
407,814000,816000,17,1983,0.8500000000000001,99.15
408,816000,818000,19,1981,0.95,99.05
409,818000,820000,17,1983,0.8500000000000001,99.15
410,820000,822000,14,1986,0.7000000000000001,99.3
411,822000,824000,21,1979,1.05,98.95
412,824000,826000,169,1831,8.450000000000001,91.55
413,826000,828000,10,1990,0.5,99.5
414,828000,830000,63,1937,3.15,96.85
415,830000,832000,26,1974,1.3,98.7
416,832000,834000,11,1989,0.5499999999999999,99.45
417,834000,836000,8,1992,0.4,99.6
418,836000,838000,10,1990,0.5,99.5
419,838000,840000,16,1984,0.8,99.2
420,840000,842000,145,1855,7.249999999999999,92.75
421,842000,844000,23,1977,1.15,98.85
422,844000,846000,26,1974,1.3,98.7
423,846000,848000,9,1991,0.44999999999999996,99.55
424,848000,850000,8,1992,0.4,99.6
425,850000,852000,18,1982,0.8999999999999999,99.1
426,852000,854000,149,1851,7.449999999999999,92.55
427,854000,856000,8,1992,0.4,99.6
428,856000,858000,19,1981,0.95,99.05
429,858000,860000,17,1983,0.8500000000000001,99.15
430,860000,862000,16,1984,0.8,99.2
431,862000,864000,136,1864,6.800000000000001,93.2
432,864000,866000,19,1981,0.95,99.05
433,866000,868000,9,1991,0.44999999999999996,99.55
434,868000,870000,19,1981,0.95,99.05
435,870000,872000,9,1991,0.44999999999999996,99.55
436,872000,874000,15,1985,0.75,99.25
437,874000,876000,143,1857,7.1499999999999995,92.85
438,876000,878000,21,1979,1.05,98.95
439,878000,880000,21,1979,1.05,98.95
440,880000,882000,13,1987,0.65,99.35
441,882000,884000,20,1980,1.0,99.0
442,884000,886000,22,1978,1.0999999999999999,98.9
443,886000,888000,157,1843,7.85,92.15
444,888000,890000,19,1981,0.95,99.05
445,890000,892000,11,1989,0.5499999999999999,99.45
446,892000,894000,11,1989,0.5499999999999999,99.45
447,894000,896000,12,1988,0.6,99.4
448,896000,898000,20,1980,1.0,99.0
449,898000,900000,8,1992,0.4,99.6
450,900000,902000,145,1855,7.249999999999999,92.75
451,902000,904000,17,1983,0.8500000000000001,99.15
452,904000,906000,11,1989,0.5499999999999999,99.45
453,906000,908000,26,1974,1.3,98.7
454,908000,910000,10,1990,0.5,99.5
455,910000,912000,154,1846,7.7,92.3
456,912000,914000,22,1978,1.0999999999999999,98.9
457,914000,916000,16,1984,0.8,99.2
458,916000,918000,13,1987,0.65,99.35
459,918000,920000,18,1982,0.8999999999999999,99.1
460,920000,922000,22,1978,1.0999999999999999,98.9
461,922000,924000,79,1921,3.95,96.05
462,924000,926000,85,1915,4.25,95.75
463,926000,928000,24,1976,1.2,98.8
464,928000,930000,16,1984,0.8,99.2
465,930000,932000,13,1987,0.65,99.35
466,932000,934000,16,1984,0.8,99.2
467,934000,936000,30,1970,1.5,98.5
468,936000,938000,145,1855,7.249999999999999,92.75
469,938000,940000,11,1989,0.5499999999999999,99.45
470,940000,942000,12,1988,0.6,99.4
471,942000,944000,28,1972,1.4000000000000001,98.6
472,944000,946000,11,1989,0.5499999999999999,99.45
473,946000,948000,13,1987,0.65,99.35
474,948000,950000,10,1990,0.5,99.5
475,950000,952000,0,2000,0.0,100.0
476,952000,954000,0,2000,0.0,100.0
477,954000,956000,0,2000,0.0,100.0
478,956000,958000,0,2000,0.0,100.0
479,958000,960000,0,2000,0.0,100.0
480,960000,962000,126,1874,6.3,93.7
481,962000,964000,17,1983,0.8500000000000001,99.15
482,964000,966000,18,1982,0.8999999999999999,99.1
483,966000,968000,23,1977,1.15,98.85
484,968000,970000,14,1986,0.7000000000000001,99.3
485,970000,972000,17,1983,0.8500000000000001,99.15
486,972000,974000,16,1984,0.8,99.2
487,974000,976000,19,1981,0.95,99.05
488,976000,978000,245,1755,12.25,87.75
489,978000,980000,15,1985,0.75,99.25
490,980000,982000,22,1978,1.0999999999999999,98.9
491,982000,984000,16,1984,0.8,99.2
492,984000,986000,20,1980,1.0,99.0
493,986000,988000,19,1981,0.95,99.05
494,988000,990000,17,1983,0.8500000000000001,99.15
495,990000,992000,0,2000,0.0,100.0
496,992000,994000,30,1970,1.5,98.5
497,994000,996000,0,2000,0.0,100.0
498,996000,998000,195,1805,9.75,90.25
499,998000,1000000,22,1978,1.0999999999999999,98.9
500,1000000,1002000,23,1977,1.15,98.85
501,1002000,1004000,15,1985,0.75,99.25
502,1004000,1006000,19,1981,0.95,99.05
503,1006000,1008000,18,1982,0.8999999999999999,99.1
504,1008000,1010000,21,1979,1.05,98.95
505,1010000,1012000,14,1986,0.7000000000000001,99.3
506,1012000,1014000,25,1975,1.25,98.75
507,1014000,1016000,167,1833,8.35,91.65
508,1016000,1018000,15,1985,0.75,99.25
509,1018000,1020000,18,1982,0.8999999999999999,99.1
510,1020000,1022000,16,1984,0.8,99.2
511,1022000,1024000,18,1982,0.8999999999999999,99.1
512,1024000,1026000,26,1974,1.3,98.7
513,1026000,1028000,17,1983,0.8500000000000001,99.15
514,1028000,1030000,32,1968,1.6,98.4
515,1030000,1032000,133,1867,6.65,93.35
516,1032000,1034000,14,1986,0.7000000000000001,99.3
517,1034000,1036000,12,1988,0.6,99.4
518,1036000,1038000,12,1988,0.6,99.4
519,1038000,1040000,25,1975,1.25,98.75
520,1040000,1042000,13,1987,0.65,99.35
521,1042000,1044000,136,1864,6.800000000000001,93.2
522,1044000,1046000,10,1990,0.5,99.5
523,1046000,1048000,14,1986,0.7000000000000001,99.3
524,1048000,1050000,17,1983,0.8500000000000001,99.15
525,1050000,1052000,17,1983,0.8500000000000001,99.15
526,1052000,1054000,18,1982,0.8999999999999999,99.1
527,1054000,1056000,16,1984,0.8,99.2
528,1056000,1058000,17,1983,0.8500000000000001,99.15
529,1058000,1060000,174,1826,8.7,91.3
530,1060000,1062000,17,1983,0.8500000000000001,99.15
531,1062000,1064000,22,1978,1.0999999999999999,98.9
532,1064000,1066000,19,1981,0.95,99.05
533,1066000,1068000,21,1979,1.05,98.95
534,1068000,1070000,16,1984,0.8,99.2
535,1070000,1072000,14,1986,0.7000000000000001,99.3
536,1072000,1074000,12,1988,0.6,99.4
537,1074000,1076000,182,1818,9.1,90.9
538,1076000,1078000,31,1969,1.55,98.45
539,1078000,1080000,0,2000,0.0,100.0
540,1080000,1082000,34,1966,1.7000000000000002,98.3
541,1082000,1084000,18,1982,0.8999999999999999,99.1
542,1084000,1086000,17,1983,0.8500000000000001,99.15
543,1086000,1088000,14,1986,0.7000000000000001,99.3
544,1088000,1090000,134,1866,6.7,93.3
545,1090000,1092000,11,1989,0.5499999999999999,99.45
546,1092000,1094000,23,1977,1.15,98.85
547,1094000,1096000,9,1991,0.44999999999999996,99.55
548,1096000,1098000,13,1987,0.65,99.35
549,1098000,1100000,30,1970,1.5,98.5
550,1100000,1102000,10,1990,0.5,99.5
551,1102000,1104000,132,1868,6.6000000000000005,93.4
552,1104000,1106000,17,1983,0.8500000000000001,99.15
553,1106000,1108000,12,1988,0.6,99.4
554,1108000,1110000,20,1980,1.0,99.0
555,1110000,1112000,12,1988,0.6,99.4
556,1112000,1114000,14,1986,0.7000000000000001,99.3
557,1114000,1116000,67,1933,3.35,96.65
558,1116000,1118000,80,1920,4.0,96.0
559,1118000,1120000,15,1985,0.75,99.25
560,1120000,1122000,14,1986,0.7000000000000001,99.3
561,1122000,1124000,22,1978,1.0999999999999999,98.9
562,1124000,1126000,15,1985,0.75,99.25
563,1126000,1128000,10,1990,0.5,99.5
564,1128000,1130000,277,1723,13.850000000000001,86.15
565,1130000,1132000,13,1987,0.65,99.35
566,1132000,1134000,19,1981,0.95,99.05
567,1134000,1136000,13,1987,0.65,99.35
568,1136000,1138000,21,1979,1.05,98.95
569,1138000,1140000,25,1975,1.25,98.75
570,1140000,1142000,14,1986,0.7000000000000001,99.3
571,1142000,1144000,154,1846,7.7,92.3
572,1144000,1146000,9,1991,0.44999999999999996,99.55
573,1146000,1148000,30,1970,1.5,98.5
574,1148000,1150000,13,1987,0.65,99.35
575,1150000,1152000,15,1985,0.75,99.25
576,1152000,1154000,15,1985,0.75,99.25
577,1154000,1156000,10,1990,0.5,99.5
578,1156000,1158000,16,1984,0.8,99.2
579,1158000,1160000,149,1851,7.449999999999999,92.55
580,1160000,1162000,22,1978,1.0999999999999999,98.9
581,1162000,1164000,0,2000,0.0,100.0
582,1164000,1166000,27,1973,1.35,98.65
583,1166000,1168000,17,1983,0.8500000000000001,99.15
584,1168000,1170000,13,1987,0.65,99.35
585,1170000,1172000,10,1990,0.5,99.5
586,1172000,1174000,12,1988,0.6,99.4
587,1174000,1176000,19,1981,0.95,99.05
588,1176000,1178000,159,1841,7.95,92.05
589,1178000,1180000,34,1966,1.7000000000000002,98.3
590,1180000,1182000,0,2000,0.0,100.0
591,1182000,1184000,22,1978,1.0999999999999999,98.9
592,1184000,1186000,16,1984,0.8,99.2
593,1186000,1188000,28,1972,1.4000000000000001,98.6
594,1188000,1190000,9,1991,0.44999999999999996,99.55
595,1190000,1192000,152,1848,7.6,92.4
596,1192000,1194000,10,1990,0.5,99.5
597,1194000,1196000,11,1989,0.5499999999999999,99.45
598,1196000,1198000,25,1975,1.25,98.75
599,1198000,1200000,10,1990,0.5,99.5
600,1200000,1202000,11,1989,0.5499999999999999,99.45
601,1202000,1204000,19,1981,0.95,99.05
602,1204000,1206000,125,1875,6.25,93.75
603,1206000,1208000,19,1981,0.95,99.05
604,1208000,1210000,15,1985,0.75,99.25
605,1210000,1212000,13,1987,0.65,99.35
606,1212000,1214000,13,1987,0.65,99.35
607,1214000,1216000,10,1990,0.5,99.5
608,1216000,1218000,13,1987,0.65,99.35
609,1218000,1220000,136,1864,6.800000000000001,93.2
610,1220000,1222000,9,1991,0.44999999999999996,99.55
611,1222000,1224000,7,1993,0.35000000000000003,99.65
612,1224000,1226000,18,1982,0.8999999999999999,99.1
613,1226000,1228000,9,1991,0.44999999999999996,99.55
614,1228000,1230000,21,1979,1.05,98.95
615,1230000,1232000,144,1856,7.199999999999999,92.8
616,1232000,1234000,11,1989,0.5499999999999999,99.45
617,1234000,1236000,9,1991,0.44999999999999996,99.55
618,1236000,1238000,18,1982,0.8999999999999999,99.1
619,1238000,1240000,11,1989,0.5499999999999999,99.45
620,1240000,1242000,21,1979,1.05,98.95
621,1242000,1244000,163,1837,8.15,91.85
622,1244000,1246000,14,1986,0.7000000000000001,99.3
623,1246000,1248000,13,1987,0.65,99.35
624,1248000,1250000,18,1982,0.8999999999999999,99.1
625,1250000,1252000,8,1992,0.4,99.6
626,1252000,1254000,17,1983,0.8500000000000001,99.15
627,1254000,1256000,17,1983,0.8500000000000001,99.15
628,1256000,1258000,208,1792,10.4,89.6
629,1258000,1260000,17,1983,0.8500000000000001,99.15
630,1260000,1262000,10,1990,0.5,99.5
631,1262000,1264000,22,1978,1.0999999999999999,98.9
632,1264000,1266000,14,1986,0.7000000000000001,99.3
633,1266000,1268000,12,1988,0.6,99.4
634,1268000,1270000,248,1752,12.4,87.6
635,1270000,1272000,18,1982,0.8999999999999999,99.1
636,1272000,1274000,21,1979,1.05,98.95
637,1274000,1276000,13,1987,0.65,99.35
638,1276000,1278000,10,1990,0.5,99.5
639,1278000,1280000,8,1992,0.4,99.6
640,1280000,1282000,18,1982,0.8999999999999999,99.1
641,1282000,1284000,248,1752,12.4,87.6
642,1284000,1286000,10,1990,0.5,99.5
643,1286000,1288000,18,1982,0.8999999999999999,99.1
644,1288000,1290000,19,1981,0.95,99.05
645,1290000,1292000,8,1992,0.4,99.6
646,1292000,1294000,8,1992,0.4,99.6
647,1294000,1296000,15,1985,0.75,99.25
648,1296000,1298000,480,1520,24.0,76.0
649,1298000,1300000,21,1979,1.05,98.95
650,1300000,1302000,11,1989,0.5499999999999999,99.45
651,1302000,1304000,10,1990,0.5,99.5
652,1304000,1306000,18,1982,0.8999999999999999,99.1
653,1306000,1308000,408,1592,20.4,79.6
654,1308000,1310000,55,1945,2.75,97.25
655,1310000,1312000,147,1853,7.35,92.65
656,1312000,1314000,23,1977,1.15,98.85
657,1314000,1316000,0,2000,0.0,100.0
658,1316000,1318000,15,1985,0.75,99.25
659,1318000,1320000,22,1978,1.0999999999999999,98.9
660,1320000,1322000,9,1991,0.44999999999999996,99.55
661,1322000,1324000,13,1987,0.65,99.35
662,1324000,1326000,176,1824,8.799999999999999,91.2
663,1326000,1328000,11,1989,0.5499999999999999,99.45
664,1328000,1330000,13,1987,0.65,99.35
665,1330000,1332000,17,1983,0.8500000000000001,99.15
666,1332000,1334000,13,1987,0.65,99.35
667,1334000,1336000,11,1989,0.5499999999999999,99.45
668,1336000,1338000,28,1972,1.4000000000000001,98.6
669,1338000,1340000,137,1863,6.8500000000000005,93.15
670,1340000,1342000,20,1980,1.0,99.0
671,1342000,1344000,12,1988,0.6,99.4
672,1344000,1346000,10,1990,0.5,99.5
673,1346000,1348000,28,1972,1.4000000000000001,98.6
674,1348000,1350000,12,1988,0.6,99.4
675,1350000,1352000,9,1991,0.44999999999999996,99.55
676,1352000,1354000,176,1824,8.799999999999999,91.2
677,1354000,1356000,10,1990,0.5,99.5
678,1356000,1358000,34,1966,1.7000000000000002,98.3
679,1358000,1360000,11,1989,0.5499999999999999,99.45
680,1360000,1362000,9,1991,0.44999999999999996,99.55
681,1362000,1364000,25,1975,1.25,98.75
682,1364000,1366000,146,1854,7.3,92.7
683,1366000,1368000,9,1991,0.44999999999999996,99.55
684,1368000,1370000,0,2000,0.0,100.0
685,1370000,1372000,20,1980,1.0,99.0
686,1372000,1374000,17,1983,0.8500000000000001,99.15
687,1374000,1376000,10,1990,0.5,99.5
688,1376000,1378000,11,1989,0.5499999999999999,99.45
689,1378000,1380000,238,1762,11.899999999999999,88.1
690,1380000,1382000,12,1988,0.6,99.4
691,1382000,1384000,21,1979,1.05,98.95
692,1384000,1386000,12,1988,0.6,99.4
693,1386000,1388000,13,1987,0.65,99.35
694,1388000,1390000,17,1983,0.8500000000000001,99.15
695,1390000,1392000,23,1977,1.15,98.85
696,1392000,1394000,147,1853,7.35,92.65
697,1394000,1396000,13,1987,0.65,99.35
698,1396000,1398000,29,1971,1.4500000000000002,98.55
699,1398000,1400000,78,1922,3.9,96.1
700,1400000,1402000,10,1990,0.5,99.5
701,1402000,1404000,16,1984,0.8,99.2
702,1404000,1406000,32,1968,1.6,98.4
703,1406000,1408000,161,1839,8.05,91.95
704,1408000,1410000,10,1990,0.5,99.5
705,1410000,1412000,18,1982,0.8999999999999999,99.1
706,1412000,1414000,13,1987,0.65,99.35
707,1414000,1416000,10,1990,0.5,99.5
708,1416000,1418000,19,1981,0.95,99.05
709,1418000,1420000,183,1817,9.15,90.85
710,1420000,1422000,13,1987,0.65,99.35
711,1422000,1424000,10,1990,0.5,99.5
712,1424000,1426000,18,1982,0.8999999999999999,99.1
713,1426000,1428000,8,1992,0.4,99.6
714,1428000,1430000,22,1978,1.0999999999999999,98.9
715,1430000,1432000,114,1886,5.7,94.3
716,1432000,1434000,20,1980,1.0,99.0
717,1434000,1436000,9,1991,0.44999999999999996,99.55
718,1436000,1438000,11,1989,0.5499999999999999,99.45
719,1438000,1440000,55,1945,2.75,97.25
720,1440000,1442000,8,1992,0.4,99.6
721,1442000,1444000,124,1876,6.2,93.8
722,1444000,1446000,10,1990,0.5,99.5
723,1446000,1448000,77,1923,3.85,96.15
724,1448000,1450000,12,1988,0.6,99.4
725,1450000,1452000,10,1990,0.5,99.5
726,1452000,1454000,19,1981,0.95,99.05
727,1454000,1456000,22,1978,1.0999999999999999,98.9
728,1456000,1458000,163,1837,8.15,91.85
729,1458000,1460000,8,1992,0.4,99.6
730,1460000,1462000,28,1972,1.4000000000000001,98.6
731,1462000,1464000,9,1991,0.44999999999999996,99.55
732,1464000,1466000,19,1981,0.95,99.05
733,1466000,1468000,22,1978,1.0999999999999999,98.9
734,1468000,1470000,12,1988,0.6,99.4
735,1470000,1472000,125,1875,6.25,93.75
736,1472000,1474000,11,1989,0.5499999999999999,99.45
737,1474000,1476000,17,1983,0.8500000000000001,99.15
738,1476000,1478000,24,1976,1.2,98.8
739,1478000,1480000,11,1989,0.5499999999999999,99.45
740,1480000,1482000,10,1990,0.5,99.5
741,1482000,1484000,199,1801,9.950000000000001,90.05
742,1484000,1486000,14,1986,0.7000000000000001,99.3
743,1486000,1488000,12,1988,0.6,99.4
744,1488000,1490000,13,1987,0.65,99.35
745,1490000,1492000,14,1986,0.7000000000000001,99.3
746,1492000,1494000,23,1977,1.15,98.85
747,1494000,1496000,10,1990,0.5,99.5
748,1496000,1498000,10,1990,0.5,99.5
749,1498000,1500000,156,1844,7.8,92.2
750,1500000,1502000,13,1987,0.65,99.35
751,1502000,1504000,18,1982,0.8999999999999999,99.1
752,1504000,1506000,9,1991,0.44999999999999996,99.55
753,1506000,1508000,17,1983,0.8500000000000001,99.15
754,1508000,1510000,9,1991,0.44999999999999996,99.55
755,1510000,1512000,114,1886,5.7,94.3
756,1512000,1514000,19,1981,0.95,99.05
757,1514000,1516000,10,1990,0.5,99.5
758,1516000,1518000,9,1991,0.44999999999999996,99.55
759,1518000,1520000,22,1978,1.0999999999999999,98.9
760,1520000,1522000,10,1990,0.5,99.5
761,1522000,1524000,113,1887,5.65,94.35
762,1524000,1526000,20,1980,1.0,99.0
763,1526000,1528000,11,1989,0.5499999999999999,99.45
764,1528000,1530000,10,1990,0.5,99.5
765,1530000,1532000,17,1983,0.8500000000000001,99.15
766,1532000,1534000,119,1881,5.949999999999999,94.05
767,1534000,1536000,9,1991,0.44999999999999996,99.55
768,1536000,1538000,17,1983,0.8500000000000001,99.15
769,1538000,1540000,10,1990,0.5,99.5
770,1540000,1542000,11,1989,0.5499999999999999,99.45
771,1542000,1544000,24,1976,1.2,98.8
772,1544000,1546000,8,1992,0.4,99.6
773,1546000,1548000,147,1853,7.35,92.65
774,1548000,1550000,11,1989,0.5499999999999999,99.45
775,1550000,1552000,19,1981,0.95,99.05
776,1552000,1554000,10,1990,0.5,99.5
777,1554000,1556000,14,1986,0.7000000000000001,99.3
778,1556000,1558000,11,1989,0.5499999999999999,99.45
779,1558000,1560000,154,1846,7.7,92.3
780,1560000,1562000,24,1976,1.2,98.8
781,1562000,1564000,11,1989,0.5499999999999999,99.45
782,1564000,1566000,14,1986,0.7000000000000001,99.3
783,1566000,1568000,13,1987,0.65,99.35
784,1568000,1570000,23,1977,1.15,98.85
785,1570000,1572000,8,1992,0.4,99.6
786,1572000,1574000,137,1863,6.8500000000000005,93.15
787,1574000,1576000,8,1992,0.4,99.6
788,1576000,1578000,15,1985,0.75,99.25
789,1578000,1580000,11,1989,0.5499999999999999,99.45
790,1580000,1582000,23,1977,1.15,98.85
791,1582000,1584000,10,1990,0.5,99.5
792,1584000,1586000,153,1847,7.6499999999999995,92.35
793,1586000,1588000,24,1976,1.2,98.8
794,1588000,1590000,19,1981,0.95,99.05
795,1590000,1592000,15,1985,0.75,99.25
796,1592000,1594000,13,1987,0.65,99.35
797,1594000,1596000,11,1989,0.5499999999999999,99.45
798,1596000,1598000,18,1982,0.8999999999999999,99.1
799,1598000,1600000,152,1848,7.6,92.4
800,1600000,1602000,19,1981,0.95,99.05
801,1602000,1604000,9,1991,0.44999999999999996,99.55
802,1604000,1606000,18,1982,0.8999999999999999,99.1
803,1606000,1608000,9,1991,0.44999999999999996,99.55
804,1608000,1610000,9,1991,0.44999999999999996,99.55
805,1610000,1612000,167,1833,8.35,91.65
806,1612000,1614000,17,1983,0.8500000000000001,99.15
807,1614000,1616000,8,1992,0.4,99.6
808,1616000,1618000,9,1991,0.44999999999999996,99.55
809,1618000,1620000,21,1979,1.05,98.95
810,1620000,1622000,9,1991,0.44999999999999996,99.55
811,1622000,1624000,219,1781,10.95,89.05
812,1624000,1626000,10,1990,0.5,99.5
813,1626000,1628000,15,1985,0.75,99.25
814,1628000,1630000,19,1981,0.95,99.05
815,1630000,1632000,13,1987,0.65,99.35
816,1632000,1634000,18,1982,0.8999999999999999,99.1
817,1634000,1636000,10,1990,0.5,99.5
818,1636000,1638000,164,1836,8.200000000000001,91.8
819,1638000,1640000,10,1990,0.5,99.5
820,1640000,1642000,17,1983,0.8500000000000001,99.15
821,1642000,1644000,9,1991,0.44999999999999996,99.55
822,1644000,1646000,8,1992,0.4,99.6
823,1646000,1648000,18,1982,0.8999999999999999,99.1
824,1648000,1650000,198,1802,9.9,90.1
825,1650000,1652000,8,1992,0.4,99.6
826,1652000,1654000,10,1990,0.5,99.5
827,1654000,1656000,16,1984,0.8,99.2
828,1656000,1658000,9,1991,0.44999999999999996,99.55
829,1658000,1660000,11,1989,0.5499999999999999,99.45
830,1660000,1662000,13,1987,0.65,99.35
831,1662000,1664000,247,1753,12.35,87.65
832,1664000,1666000,9,1991,0.44999999999999996,99.55
833,1666000,1668000,16,1984,0.8,99.2
834,1668000,1670000,8,1992,0.4,99.6
835,1670000,1672000,19,1981,0.95,99.05
836,1672000,1674000,0,2000,0.0,100.0
837,1674000,1676000,0,2000,0.0,100.0
838,1676000,1678000,159,1841,7.95,92.05
839,1678000,1680000,183,1817,9.15,90.85
840,1680000,1682000,20,1980,1.0,99.0
841,1682000,1684000,18,1982,0.8999999999999999,99.1
842,1684000,1686000,17,1983,0.8500000000000001,99.15
843,1686000,1688000,13,1987,0.65,99.35
844,1688000,1690000,14,1986,0.7000000000000001,99.3
845,1690000,1692000,436,1564,21.8,78.2
846,1692000,1694000,254,1746,12.7,87.3
847,1694000,1696000,9,1991,0.44999999999999996,99.55
848,1696000,1698000,8,1992,0.4,99.6
849,1698000,1700000,14,1986,0.7000000000000001,99.3
850,1700000,1702000,16,1984,0.8,99.2
851,1702000,1704000,18,1982,0.8999999999999999,99.1
852,1704000,1706000,227,1773,11.35,88.65
853,1706000,1708000,20,1980,1.0,99.0
854,1708000,1710000,14,1986,0.7000000000000001,99.3
855,1710000,1712000,13,1987,0.65,99.35
856,1712000,1714000,18,1982,0.8999999999999999,99.1
857,1714000,1716000,8,1992,0.4,99.6
858,1716000,1718000,17,1983,0.8500000000000001,99.15
859,1718000,1720000,150,1850,7.5,92.5
860,1720000,1722000,7,1993,0.35000000000000003,99.65
861,1722000,1724000,24,1976,1.2,98.8
862,1724000,1726000,0,2000,0.0,100.0
863,1726000,1728000,0,2000,0.0,100.0
864,1728000,1730000,26,1974,1.3,98.7
865,1730000,1732000,20,1980,1.0,99.0
866,1732000,1734000,15,1985,0.75,99.25
867,1734000,1736000,250,1750,12.5,87.5
868,1736000,1738000,53,1947,2.65,97.35
869,1738000,1740000,9,1991,0.44999999999999996,99.55
870,1740000,1742000,14,1986,0.7000000000000001,99.3
871,1742000,1744000,15,1985,0.75,99.25
872,1744000,1746000,11,1989,0.5499999999999999,99.45
873,1746000,1748000,17,1983,0.8500000000000001,99.15
874,1748000,1750000,8,1992,0.4,99.6
875,1750000,1752000,297,1703,14.85,85.15
876,1752000,1754000,17,1983,0.8500000000000001,99.15
877,1754000,1756000,7,1993,0.35000000000000003,99.65
878,1756000,1758000,13,1987,0.65,99.35
879,1758000,1760000,23,1977,1.15,98.85
880,1760000,1762000,9,1991,0.44999999999999996,99.55
881,1762000,1764000,251,1749,12.55,87.45
882,1764000,1766000,17,1983,0.8500000000000001,99.15
883,1766000,1768000,8,1992,0.4,99.6
884,1768000,1770000,16,1984,0.8,99.2
885,1770000,1772000,7,1993,0.35000000000000003,99.65
886,1772000,1774000,222,1778,11.1,88.9
887,1774000,1776000,23,1977,1.15,98.85
888,1776000,1778000,10,1990,0.5,99.5
889,1778000,1780000,10,1990,0.5,99.5
890,1780000,1782000,23,1977,1.15,98.85
891,1782000,1784000,7,1993,0.35000000000000003,99.65
892,1784000,1786000,167,1833,8.35,91.65
893,1786000,1788000,15,1985,0.75,99.25
894,1788000,1790000,16,1984,0.8,99.2
895,1790000,1792000,11,1989,0.5499999999999999,99.45
896,1792000,1794000,13,1987,0.65,99.35
897,1794000,1796000,12,1988,0.6,99.4
898,1796000,1798000,137,1863,6.8500000000000005,93.15
899,1798000,1800000,133,1867,6.65,93.35
900,1800000,1802000,26,1974,1.3,98.7
901,1802000,1804000,11,1989,0.5499999999999999,99.45
902,1804000,1806000,12,1988,0.6,99.4
903,1806000,1808000,24,1976,1.2,98.8
904,1808000,1810000,32,1968,1.6,98.4
905,1810000,1812000,133,1867,6.65,93.35
906,1812000,1814000,14,1986,0.7000000000000001,99.3
907,1814000,1816000,8,1992,0.4,99.6
908,1816000,1818000,27,1973,1.35,98.65
909,1818000,1820000,8,1992,0.4,99.6
910,1820000,1822000,127,1873,6.35,93.65
911,1822000,1824000,19,1981,0.95,99.05
912,1824000,1826000,11,1989,0.5499999999999999,99.45
913,1826000,1828000,12,1988,0.6,99.4
914,1828000,1830000,24,1976,1.2,98.8
915,1830000,1832000,8,1992,0.4,99.6
916,1832000,1834000,145,1855,7.249999999999999,92.75
917,1834000,1836000,13,1987,0.65,99.35
918,1836000,1838000,16,1984,0.8,99.2
919,1838000,1840000,9,1991,0.44999999999999996,99.55
920,1840000,1842000,16,1984,0.8,99.2
921,1842000,1844000,22,1978,1.0999999999999999,98.9
922,1844000,1846000,13,1987,0.65,99.35
923,1846000,1848000,178,1822,8.9,91.1
924,1848000,1850000,12,1988,0.6,99.4
925,1850000,1852000,12,1988,0.6,99.4
926,1852000,1854000,17,1983,0.8500000000000001,99.15
927,1854000,1856000,8,1992,0.4,99.6
928,1856000,1858000,18,1982,0.8999999999999999,99.1
929,1858000,1860000,17,1983,0.8500000000000001,99.15
930,1860000,1862000,14,1986,0.7000000000000001,99.3
931,1862000,1864000,133,1867,6.65,93.35
932,1864000,1866000,19,1981,0.95,99.05
933,1866000,1868000,9,1991,0.44999999999999996,99.55
934,1868000,1870000,15,1985,0.75,99.25
935,1870000,1872000,10,1990,0.5,99.5
936,1872000,1874000,10,1990,0.5,99.5
937,1874000,1876000,271,1729,13.55,86.45
938,1876000,1878000,12,1988,0.6,99.4
939,1878000,1880000,21,1979,1.05,98.95
940,1880000,1882000,29,1971,1.4500000000000002,98.55
941,1882000,1884000,13,1987,0.65,99.35
942,1884000,1886000,8,1992,0.4,99.6
943,1886000,1888000,8,1992,0.4,99.6
944,1888000,1890000,126,1874,6.3,93.7
945,1890000,1892000,18,1982,0.8999999999999999,99.1
946,1892000,1894000,13,1987,0.65,99.35
947,1894000,1896000,15,1985,0.75,99.25
948,1896000,1898000,10,1990,0.5,99.5
949,1898000,1900000,26,1974,1.3,98.7
950,1900000,1902000,13,1987,0.65,99.35
951,1902000,1904000,9,1991,0.44999999999999996,99.55
952,1904000,1906000,152,1848,7.6,92.4
953,1906000,1908000,43,1957,2.15,97.85
954,1908000,1910000,12,1988,0.6,99.4
955,1910000,1912000,19,1981,0.95,99.05
956,1912000,1914000,8,1992,0.4,99.6
957,1914000,1916000,7,1993,0.35000000000000003,99.65
958,1916000,1918000,8,1992,0.4,99.6
959,1918000,1920000,18,1982,0.8999999999999999,99.1
960,1920000,1922000,147,1853,7.35,92.65
961,1922000,1924000,10,1990,0.5,99.5
962,1924000,1926000,9,1991,0.44999999999999996,99.55
963,1926000,1928000,17,1983,0.8500000000000001,99.15
964,1928000,1930000,12,1988,0.6,99.4
965,1930000,1932000,14,1986,0.7000000000000001,99.3
966,1932000,1934000,9,1991,0.44999999999999996,99.55
967,1934000,1936000,212,1788,10.6,89.4
968,1936000,1938000,14,1986,0.7000000000000001,99.3
969,1938000,1940000,13,1987,0.65,99.35
970,1940000,1942000,10,1990,0.5,99.5
971,1942000,1944000,17,1983,0.8500000000000001,99.15
972,1944000,1946000,12,1988,0.6,99.4
973,1946000,1948000,151,1849,7.55,92.45
974,1948000,1950000,9,1991,0.44999999999999996,99.55
975,1950000,1952000,0,2000,0.0,100.0
976,1952000,1954000,14,1986,0.7000000000000001,99.3
977,1954000,1956000,9,1991,0.44999999999999996,99.55
978,1956000,1958000,17,1983,0.8500000000000001,99.15
979,1958000,1960000,17,1983,0.8500000000000001,99.15
980,1960000,1962000,11,1989,0.5499999999999999,99.45
981,1962000,1964000,138,1862,6.9,93.1
982,1964000,1966000,10,1990,0.5,99.5
983,1966000,1968000,9,1991,0.44999999999999996,99.55
984,1968000,1970000,19,1981,0.95,99.05
985,1970000,1972000,7,1993,0.35000000000000003,99.65
986,1972000,1974000,10,1990,0.5,99.5
987,1974000,1976000,14,1986,0.7000000000000001,99.3
988,1976000,1978000,492,1508,24.6,75.4
989,1978000,1980000,10,1990,0.5,99.5
990,1980000,1982000,15,1985,0.75,99.25
991,1982000,1984000,20,1980,1.0,99.0
992,1984000,1986000,7,1993,0.35000000000000003,99.65
993,1986000,1988000,7,1993,0.35000000000000003,99.65
994,1988000,1990000,9,1991,0.44999999999999996,99.55
995,1990000,1992000,17,1983,0.8500000000000001,99.15
996,1992000,1994000,136,1864,6.800000000000001,93.2
997,1994000,1996000,10,1990,0.5,99.5
998,1996000,1998000,10,1990,0.5,99.5
999,1998000,2000000,18,1982,0.8999999999999999,99.1
1000,2000000,2002000,17,1983,0.8500000000000001,99.15
1001,2002000,2004000,10,1990,0.5,99.5
1002,2004000,2006000,8,1992,0.4,99.6
1003,2006000,2008000,140,1860,7.000000000000001,93.0
1004,2008000,2010000,15,1985,0.75,99.25
1005,2010000,2012000,13,1987,0.65,99.35
1006,2012000,2014000,10,1990,0.5,99.5
1007,2014000,2016000,14,1986,0.7000000000000001,99.3
1008,2016000,2018000,7,1993,0.35000000000000003,99.65
1009,2018000,2020000,111,1889,5.55,94.45
1010,2020000,2022000,7,1993,0.35000000000000003,99.65
1011,2022000,2024000,17,1983,0.8500000000000001,99.15
1012,2024000,2026000,8,1992,0.4,99.6
1013,2026000,2028000,13,1987,0.65,99.35
1014,2028000,2030000,7,1993,0.35000000000000003,99.65
1015,2030000,2032000,145,1855,7.249999999999999,92.75
1016,2032000,2034000,17,1983,0.8500000000000001,99.15
1017,2034000,2036000,7,1993,0.35000000000000003,99.65
1018,2036000,2038000,8,1992,0.4,99.6
1019,2038000,2040000,19,1981,0.95,99.05
1020,2040000,2042000,7,1993,0.35000000000000003,99.65
1021,2042000,2044000,105,1895,5.25,94.75
1022,2044000,2046000,7,1993,0.35000000000000003,99.65
1023,2046000,2048000,53,1947,2.65,97.35
1024,2048000,2050000,7,1993,0.35000000000000003,99.65
1025,2050000,2052000,40,1960,2.0,98.0
1026,2052000,2054000,45,1955,2.25,97.75
1027,2054000,2056000,118,1882,5.8999999999999995,94.1
1028,2056000,2058000,8,1992,0.4,99.6
1029,2058000,2060000,14,1986,0.7000000000000001,99.3
1030,2060000,2062000,7,1993,0.35000000000000003,99.65
1031,2062000,2064000,14,1986,0.7000000000000001,99.3
1032,2064000,2066000,8,1992,0.4,99.6
1033,2066000,2068000,131,1869,6.550000000000001,93.45
1034,2068000,2070000,13,1987,0.65,99.35
1035,2070000,2072000,7,1993,0.35000000000000003,99.65
1036,2072000,2074000,15,1985,0.75,99.25
1037,2074000,2076000,12,1988,0.6,99.4
1038,2076000,2078000,13,1987,0.65,99.35
1039,2078000,2080000,11,1989,0.5499999999999999,99.45
1040,2080000,2082000,20,1980,1.0,99.0
1041,2082000,2084000,145,1855,7.249999999999999,92.75
1042,2084000,2086000,13,1987,0.65,99.35
1043,2086000,2088000,17,1983,0.8500000000000001,99.15
1044,2088000,2090000,12,1988,0.6,99.4
1045,2090000,2092000,14,1986,0.7000000000000001,99.3
1046,2092000,2094000,10,1990,0.5,99.5
1047,2094000,2096000,9,1991,0.44999999999999996,99.55
1048,2096000,2098000,131,1869,6.550000000000001,93.45
1049,2098000,2100000,7,1993,0.35000000000000003,99.65
1050,2100000,2102000,15,1985,0.75,99.25
1051,2102000,2104000,9,1991,0.44999999999999996,99.55
1052,2104000,2106000,15,1985,0.75,99.25
1053,2106000,2108000,13,1987,0.65,99.35
1054,2108000,2110000,124,1876,6.2,93.8
1055,2110000,2112000,8,1992,0.4,99.6
1056,2112000,2114000,52,1948,2.6,97.4
1057,2114000,2116000,7,1993,0.35000000000000003,99.65
1058,2116000,2118000,70,1930,3.5000000000000004,96.5
1059,2118000,2120000,68,1932,3.4000000000000004,96.6
1060,2120000,2122000,122,1878,6.1,93.9
1061,2122000,2124000,8,1992,0.4,99.6
1062,2124000,2126000,15,1985,0.75,99.25
1063,2126000,2128000,12,1988,0.6,99.4
1064,2128000,2130000,8,1992,0.4,99.6
1065,2130000,2132000,11,1989,0.5499999999999999,99.45
1066,2132000,2134000,129,1871,6.45,93.55
1067,2134000,2136000,15,1985,0.75,99.25
1068,2136000,2138000,8,1992,0.4,99.6
1069,2138000,2140000,7,1993,0.35000000000000003,99.65
1070,2140000,2142000,22,1978,1.0999999999999999,98.9
1071,2142000,2144000,8,1992,0.4,99.6
1072,2144000,2146000,23,1977,1.15,98.85
1073,2146000,2148000,182,1818,9.1,90.9
1074,2148000,2150000,20,1980,1.0,99.0
1075,2150000,2152000,7,1993,0.35000000000000003,99.65
1076,2152000,2154000,0,2000,0.0,100.0
1077,2154000,2156000,19,1981,0.95,99.05
1078,2156000,2158000,13,1987,0.65,99.35
1079,2158000,2160000,17,1983,0.8500000000000001,99.15
1080,2160000,2162000,212,1788,10.6,89.4
1081,2162000,2164000,10,1990,0.5,99.5
1082,2164000,2166000,39,1961,1.95,98.05
1083,2166000,2168000,9,1991,0.44999999999999996,99.55
1084,2168000,2170000,10,1990,0.5,99.5
1085,2170000,2172000,14,1986,0.7000000000000001,99.3
1086,2172000,2174000,12,1988,0.6,99.4
1087,2174000,2176000,168,1832,8.4,91.6
1088,2176000,2178000,9,1991,0.44999999999999996,99.55
1089,2178000,2180000,12,1988,0.6,99.4
1090,2180000,2182000,9,1991,0.44999999999999996,99.55
1091,2182000,2184000,16,1984,0.8,99.2
1092,2184000,2186000,7,1993,0.35000000000000003,99.65
1093,2186000,2188000,132,1868,6.6000000000000005,93.4
1094,2188000,2190000,7,1993,0.35000000000000003,99.65
1095,2190000,2192000,16,1984,0.8,99.2
1096,2192000,2194000,10,1990,0.5,99.5
1097,2194000,2196000,10,1990,0.5,99.5
1098,2196000,2198000,10,1990,0.5,99.5
1099,2198000,2200000,9,1991,0.44999999999999996,99.55
1100,2200000,2202000,11,1989,0.5499999999999999,99.45
1101,2202000,2204000,8,1992,0.4,99.6
1102,2204000,2206000,130,1870,6.5,93.5
1103,2206000,2208000,12,1988,0.6,99.4
1104,2208000,2210000,9,1991,0.44999999999999996,99.55
1105,2210000,2212000,8,1992,0.4,99.6
1106,2212000,2214000,7,1993,0.35000000000000003,99.65
1107,2214000,2216000,14,1986,0.7000000000000001,99.3
1108,2216000,2218000,7,1993,0.35000000000000003,99.65
1109,2218000,2220000,198,1802,9.9,90.1
1110,2220000,2222000,7,1993,0.35000000000000003,99.65
1111,2222000,2224000,80,1920,4.0,96.0
1112,2224000,2226000,8,1992,0.4,99.6
1113,2226000,2228000,7,1993,0.35000000000000003,99.65
1114,2228000,2230000,17,1983,0.8500000000000001,99.15
1115,2230000,2232000,119,1881,5.949999999999999,94.05
1116,2232000,2234000,6,1994,0.3,99.7
1117,2234000,2236000,14,1986,0.7000000000000001,99.3
1118,2236000,2238000,9,1991,0.44999999999999996,99.55
1119,2238000,2240000,17,1983,0.8500000000000001,99.15
1120,2240000,2242000,11,1989,0.5499999999999999,99.45
1121,2242000,2244000,106,1894,5.3,94.7
1122,2244000,2246000,7,1993,0.35000000000000003,99.65
1123,2246000,2248000,13,1987,0.65,99.35
1124,2248000,2250000,6,1994,0.3,99.7
1125,2250000,2252000,12,1988,0.6,99.4
1126,2252000,2254000,7,1993,0.35000000000000003,99.65
1127,2254000,2256000,154,1846,7.7,92.3
1128,2256000,2258000,15,1985,0.75,99.25
1129,2258000,2260000,7,1993,0.35000000000000003,99.65
1130,2260000,2262000,7,1993,0.35000000000000003,99.65
1131,2262000,2264000,15,1985,0.75,99.25
1132,2264000,2266000,7,1993,0.35000000000000003,99.65
1133,2266000,2268000,104,1896,5.2,94.8
1134,2268000,2270000,13,1987,0.65,99.35
1135,2270000,2272000,7,1993,0.35000000000000003,99.65
1136,2272000,2274000,8,1992,0.4,99.6
1137,2274000,2276000,14,1986,0.7000000000000001,99.3
1138,2276000,2278000,7,1993,0.35000000000000003,99.65
1139,2278000,2280000,113,1887,5.65,94.35
1140,2280000,2282000,12,1988,0.6,99.4
1141,2282000,2284000,6,1994,0.3,99.7
1142,2284000,2286000,12,1988,0.6,99.4
1143,2286000,2288000,6,1994,0.3,99.7
1144,2288000,2290000,6,1994,0.3,99.7
1145,2290000,2292000,178,1822,8.9,91.1
1146,2292000,2294000,10,1990,0.5,99.5
1147,2294000,2296000,7,1993,0.35000000000000003,99.65
1148,2296000,2298000,15,1985,0.75,99.25
1149,2298000,2300000,7,1993,0.35000000000000003,99.65
1150,2300000,2302000,18,1982,0.8999999999999999,99.1
1151,2302000,2304000,112,1888,5.6000000000000005,94.4
1152,2304000,2306000,9,1991,0.44999999999999996,99.55
1153,2306000,2308000,10,1990,0.5,99.5
1154,2308000,2310000,9,1991,0.44999999999999996,99.55
1155,2310000,2312000,11,1989,0.5499999999999999,99.45
1156,2312000,2314000,8,1992,0.4,99.6
1157,2314000,2316000,21,1979,1.05,98.95
1158,2316000,2318000,152,1848,7.6,92.4
1159,2318000,2320000,8,1992,0.4,99.6
1160,2320000,2322000,10,1990,0.5,99.5
1161,2322000,2324000,12,1988,0.6,99.4
1162,2324000,2326000,18,1982,0.8999999999999999,99.1
1163,2326000,2328000,11,1989,0.5499999999999999,99.45
1164,2328000,2330000,11,1989,0.5499999999999999,99.45
1165,2330000,2332000,144,1856,7.199999999999999,92.8
1166,2332000,2334000,19,1981,0.95,99.05
1167,2334000,2336000,11,1989,0.5499999999999999,99.45
1168,2336000,2338000,8,1992,0.4,99.6
1169,2338000,2340000,10,1990,0.5,99.5
1170,2340000,2342000,32,1968,1.6,98.4
1171,2342000,2344000,10,1990,0.5,99.5
1172,2344000,2346000,136,1864,6.800000000000001,93.2
1173,2346000,2348000,15,1985,0.75,99.25
1174,2348000,2350000,10,1990,0.5,99.5
1175,2350000,2352000,7,1993,0.35000000000000003,99.65
1176,2352000,2354000,15,1985,0.75,99.25
1177,2354000,2356000,10,1990,0.5,99.5
1178,2356000,2358000,174,1826,8.7,91.3
1179,2358000,2360000,7,1993,0.35000000000000003,99.65
1180,2360000,2362000,0,2000,0.0,100.0
1181,2362000,2364000,28,1972,1.4000000000000001,98.6
1182,2364000,2366000,11,1989,0.5499999999999999,99.45
1183,2366000,2368000,9,1991,0.44999999999999996,99.55
1184,2368000,2370000,56,1944,2.8000000000000003,97.2
1185,2370000,2372000,13,1987,0.65,99.35
1186,2372000,2374000,178,1822,8.9,91.1
1187,2374000,2376000,0,2000,0.0,100.0
1188,2376000,2378000,13,1987,0.65,99.35
1189,2378000,2380000,13,1987,0.65,99.35
1190,2380000,2382000,20,1980,1.0,99.0
1191,2382000,2384000,10,1990,0.5,99.5
1192,2384000,2386000,11,1989,0.5499999999999999,99.45
1193,2386000,2388000,9,1991,0.44999999999999996,99.55
1194,2388000,2390000,172,1828,8.6,91.4
1195,2390000,2392000,13,1987,0.65,99.35
1196,2392000,2394000,13,1987,0.65,99.35
1197,2394000,2396000,9,1991,0.44999999999999996,99.55
1198,2396000,2398000,15,1985,0.75,99.25
1199,2398000,2400000,7,1993,0.35000000000000003,99.65
1200,2400000,2402000,153,1847,7.6499999999999995,92.35
1201,2402000,2404000,16,1984,0.8,99.2
1202,2404000,2406000,10,1990,0.5,99.5
1203,2406000,2408000,9,1991,0.44999999999999996,99.55
1204,2408000,2410000,16,1984,0.8,99.2
1205,2410000,2412000,7,1993,0.35000000000000003,99.65
1206,2412000,2414000,56,1944,2.8000000000000003,97.2
1207,2414000,2416000,83,1917,4.15,95.85
1208,2416000,2418000,15,1985,0.75,99.25
1209,2418000,2420000,13,1987,0.65,99.35
1210,2420000,2422000,7,1993,0.35000000000000003,99.65
1211,2422000,2424000,15,1985,0.75,99.25
1212,2424000,2426000,9,1991,0.44999999999999996,99.55
1213,2426000,2428000,125,1875,6.25,93.75
1214,2428000,2430000,14,1986,0.7000000000000001,99.3
1215,2430000,2432000,8,1992,0.4,99.6
1216,2432000,2434000,7,1993,0.35000000000000003,99.65
1217,2434000,2436000,15,1985,0.75,99.25
1218,2436000,2438000,8,1992,0.4,99.6
1219,2438000,2440000,181,1819,9.049999999999999,90.95
1220,2440000,2442000,9,1991,0.44999999999999996,99.55
1221,2442000,2444000,11,1989,0.5499999999999999,99.45
1222,2444000,2446000,18,1982,0.8999999999999999,99.1
1223,2446000,2448000,7,1993,0.35000000000000003,99.65
1224,2448000,2450000,10,1990,0.5,99.5
1225,2450000,2452000,9,1991,0.44999999999999996,99.55
1226,2452000,2454000,219,1781,10.95,89.05
1227,2454000,2456000,13,1987,0.65,99.35
1228,2456000,2458000,8,1992,0.4,99.6
1229,2458000,2460000,16,1984,0.8,99.2
1230,2460000,2462000,7,1993,0.35000000000000003,99.65
1231,2462000,2464000,15,1985,0.75,99.25
1232,2464000,2466000,140,1860,7.000000000000001,93.0
1233,2466000,2468000,7,1993,0.35000000000000003,99.65
1234,2468000,2470000,8,1992,0.4,99.6
1235,2470000,2472000,14,1986,0.7000000000000001,99.3
1236,2472000,2474000,8,1992,0.4,99.6
1237,2474000,2476000,9,1991,0.44999999999999996,99.55
1238,2476000,2478000,9,1991,0.44999999999999996,99.55
1239,2478000,2480000,214,1786,10.7,89.3
1240,2480000,2482000,8,1992,0.4,99.6
1241,2482000,2484000,7,1993,0.35000000000000003,99.65
1242,2484000,2486000,13,1987,0.65,99.35
1243,2486000,2488000,7,1993,0.35000000000000003,99.65
1244,2488000,2490000,6,1994,0.3,99.7
1245,2490000,2492000,128,1872,6.4,93.6
1246,2492000,2494000,7,1993,0.35000000000000003,99.65
1247,2494000,2496000,7,1993,0.35000000000000003,99.65
1248,2496000,2498000,14,1986,0.7000000000000001,99.3
1249,2498000,2500000,7,1993,0.35000000000000003,99.65
1250,2500000,2502000,23,1977,1.15,98.85
1251,2502000,2504000,116,1884,5.800000000000001,94.2
1252,2504000,2506000,6,1994,0.3,99.7
1253,2506000,2508000,10,1990,0.5,99.5
1254,2508000,2510000,7,1993,0.35000000000000003,99.65
1255,2510000,2512000,14,1986,0.7000000000000001,99.3
1256,2512000,2514000,11,1989,0.5499999999999999,99.45
1257,2514000,2516000,14,1986,0.7000000000000001,99.3
1258,2516000,2518000,16,1984,0.8,99.2
1259,2518000,2520000,143,1857,7.1499999999999995,92.85
1260,2520000,2522000,18,1982,0.8999999999999999,99.1
1261,2522000,2524000,8,1992,0.4,99.6
1262,2524000,2526000,11,1989,0.5499999999999999,99.45
1263,2526000,2528000,7,1993,0.35000000000000003,99.65
1264,2528000,2530000,16,1984,0.8,99.2
1265,2530000,2532000,13,1987,0.65,99.35
1266,2532000,2534000,151,1849,7.55,92.45
1267,2534000,2536000,10,1990,0.5,99.5
1268,2536000,2538000,7,1993,0.35000000000000003,99.65
1269,2538000,2540000,18,1982,0.8999999999999999,99.1
1270,2540000,2542000,11,1989,0.5499999999999999,99.45
1271,2542000,2544000,11,1989,0.5499999999999999,99.45
1272,2544000,2546000,12,1988,0.6,99.4
1273,2546000,2548000,264,1736,13.200000000000001,86.8
1274,2548000,2550000,8,1992,0.4,99.6
1275,2550000,2552000,14,1986,0.7000000000000001,99.3
1276,2552000,2554000,8,1992,0.4,99.6
1277,2554000,2556000,13,1987,0.65,99.35
1278,2556000,2558000,7,1993,0.35000000000000003,99.65
1279,2558000,2560000,150,1850,7.5,92.5
1280,2560000,2562000,14,1986,0.7000000000000001,99.3
1281,2562000,2564000,8,1992,0.4,99.6
1282,2564000,2566000,11,1989,0.5499999999999999,99.45
1283,2566000,2568000,8,1992,0.4,99.6
1284,2568000,2570000,0,2000,0.0,100.0
1285,2570000,2572000,21,1979,1.05,98.95
1286,2572000,2574000,11,1989,0.5499999999999999,99.45
1287,2574000,2576000,10,1990,0.5,99.5
1288,2576000,2578000,165,1835,8.25,91.75
1289,2578000,2580000,11,1989,0.5499999999999999,99.45
1290,2580000,2582000,8,1992,0.4,99.6
1291,2582000,2584000,15,1985,0.75,99.25
1292,2584000,2586000,10,1990,0.5,99.5
1293,2586000,2588000,15,1985,0.75,99.25
1294,2588000,2590000,138,1862,6.9,93.1
1295,2590000,2592000,18,1982,0.8999999999999999,99.1
1296,2592000,2594000,12,1988,0.6,99.4
1297,2594000,2596000,18,1982,0.8999999999999999,99.1
1298,2596000,2598000,70,1930,3.5000000000000004,96.5
1299,2598000,2600000,8,1992,0.4,99.6
1300,2600000,2602000,133,1867,6.65,93.35
1301,2602000,2604000,19,1981,0.95,99.05
1302,2604000,2606000,7,1993,0.35000000000000003,99.65
1303,2606000,2608000,7,1993,0.35000000000000003,99.65
1304,2608000,2610000,18,1982,0.8999999999999999,99.1
1305,2610000,2612000,9,1991,0.44999999999999996,99.55
1306,2612000,2614000,110,1890,5.5,94.5
1307,2614000,2616000,14,1986,0.7000000000000001,99.3
1308,2616000,2618000,7,1993,0.35000000000000003,99.65
1309,2618000,2620000,7,1993,0.35000000000000003,99.65
1310,2620000,2622000,14,1986,0.7000000000000001,99.3
1311,2622000,2624000,7,1993,0.35000000000000003,99.65
1312,2624000,2626000,160,1840,8.0,92.0
1313,2626000,2628000,10,1990,0.5,99.5
1314,2628000,2630000,18,1982,0.8999999999999999,99.1
1315,2630000,2632000,7,1993,0.35000000000000003,99.65
1316,2632000,2634000,7,1993,0.35000000000000003,99.65
1317,2634000,2636000,17,1983,0.8500000000000001,99.15
1318,2636000,2638000,181,1819,9.049999999999999,90.95
1319,2638000,2640000,8,1992,0.4,99.6
1320,2640000,2642000,19,1981,0.95,99.05
1321,2642000,2644000,8,1992,0.4,99.6
1322,2644000,2646000,16,1984,0.8,99.2
1323,2646000,2648000,9,1991,0.44999999999999996,99.55
1324,2648000,2650000,165,1835,8.25,91.75
1325,2650000,2652000,21,1979,1.05,98.95
1326,2652000,2654000,9,1991,0.44999999999999996,99.55
1327,2654000,2656000,11,1989,0.5499999999999999,99.45
1328,2656000,2658000,9,1991,0.44999999999999996,99.55
1329,2658000,2660000,9,1991,0.44999999999999996,99.55
1330,2660000,2662000,20,1980,1.0,99.0
1331,2662000,2664000,134,1866,6.7,93.3
1332,2664000,2666000,10,1990,0.5,99.5
1333,2666000,2668000,11,1989,0.5499999999999999,99.45
1334,2668000,2670000,16,1984,0.8,99.2
1335,2670000,2672000,9,1991,0.44999999999999996,99.55
1336,2672000,2674000,20,1980,1.0,99.0
1337,2674000,2676000,8,1992,0.4,99.6
1338,2676000,2678000,7,1993,0.35000000000000003,99.65
1339,2678000,2680000,172,1828,8.6,91.4
1340,2680000,2682000,12,1988,0.6,99.4
1341,2682000,2684000,12,1988,0.6,99.4
1342,2684000,2686000,10,1990,0.5,99.5
1343,2686000,2688000,12,1988,0.6,99.4
1344,2688000,2690000,18,1982,0.8999999999999999,99.1
1345,2690000,2692000,9,1991,0.44999999999999996,99.55
1346,2692000,2694000,118,1882,5.8999999999999995,94.1
1347,2694000,2696000,8,1992,0.4,99.6
1348,2696000,2698000,15,1985,0.75,99.25
1349,2698000,2700000,7,1993,0.35000000000000003,99.65
1350,2700000,2702000,14,1986,0.7000000000000001,99.3
1351,2702000,2704000,11,1989,0.5499999999999999,99.45
1352,2704000,2706000,181,1819,9.049999999999999,90.95
1353,2706000,2708000,10,1990,0.5,99.5
1354,2708000,2710000,21,1979,1.05,98.95
1355,2710000,2712000,9,1991,0.44999999999999996,99.55
1356,2712000,2714000,7,1993,0.35000000000000003,99.65
1357,2714000,2716000,15,1985,0.75,99.25
1358,2716000,2718000,150,1850,7.5,92.5
1359,2718000,2720000,15,1985,0.75,99.25
1360,2720000,2722000,9,1991,0.44999999999999996,99.55
1361,2722000,2724000,17,1983,0.8500000000000001,99.15
1362,2724000,2726000,7,1993,0.35000000000000003,99.65
1363,2726000,2728000,6,1994,0.3,99.7
1364,2728000,2730000,0,2000,0.0,100.0
1365,2730000,2732000,17,1983,0.8500000000000001,99.15
1366,2732000,2734000,244,1756,12.2,87.8
1367,2734000,2736000,17,1983,0.8500000000000001,99.15
1368,2736000,2738000,10,1990,0.5,99.5
1369,2738000,2740000,9,1991,0.44999999999999996,99.55
1370,2740000,2742000,15,1985,0.75,99.25
1371,2742000,2744000,8,1992,0.4,99.6
1372,2744000,2746000,364,1636,18.2,81.8
1373,2746000,2748000,7,1993,0.35000000000000003,99.65
1374,2748000,2750000,11,1989,0.5499999999999999,99.45
1375,2750000,2752000,16,1984,0.8,99.2
1376,2752000,2754000,9,1991,0.44999999999999996,99.55
1377,2754000,2756000,12,1988,0.6,99.4
1378,2756000,2758000,21,1979,1.05,98.95
1379,2758000,2760000,274,1726,13.700000000000001,86.3
1380,2760000,2762000,7,1993,0.35000000000000003,99.65
1381,2762000,2764000,14,1986,0.7000000000000001,99.3
1382,2764000,2766000,8,1992,0.4,99.6
1383,2766000,2768000,6,1994,0.3,99.7
1384,2768000,2770000,15,1985,0.75,99.25
1385,2770000,2772000,339,1661,16.950000000000003,83.05
1386,2772000,2774000,8,1992,0.4,99.6
1387,2774000,2776000,8,1992,0.4,99.6
1388,2776000,2778000,0,2000,0.0,100.0
1389,2778000,2780000,512,1488,25.6,74.4
1390,2780000,2782000,11,1989,0.5499999999999999,99.45
1391,2782000,2784000,9,1991,0.44999999999999996,99.55
1392,2784000,2786000,10,1990,0.5,99.5
1393,2786000,2788000,15,1985,0.75,99.25
1394,2788000,2790000,815,1185,40.75,59.25
1395,2790000,2792000,18,1982,0.8999999999999999,99.1
1396,2792000,2794000,11,1989,0.5499999999999999,99.45
1397,2794000,2796000,9,1991,0.44999999999999996,99.55
1398,2796000,2798000,7,1993,0.35000000000000003,99.65
1399,2798000,2800000,8,1992,0.4,99.6
1400,2800000,2802000,11,1989,0.5499999999999999,99.45
1401,2802000,2804000,8,1992,0.4,99.6
1402,2804000,2806000,29,1971,1.4500000000000002,98.55
1403,2806000,2808000,332,1668,16.6,83.4
1404,2808000,2810000,7,1993,0.35000000000000003,99.65
1405,2810000,2812000,15,1985,0.75,99.25
1406,2812000,2814000,7,1993,0.35000000000000003,99.65
1407,2814000,2816000,16,1984,0.8,99.2
1408,2816000,2818000,8,1992,0.4,99.6
1409,2818000,2820000,287,1713,14.35,85.65
1410,2820000,2822000,10,1990,0.5,99.5
1411,2822000,2824000,18,1982,0.8999999999999999,99.1
1412,2824000,2826000,10,1990,0.5,99.5
1413,2826000,2828000,13,1987,0.65,99.35
1414,2828000,2830000,17,1983,0.8500000000000001,99.15
1415,2830000,2832000,197,1803,9.85,90.15
1416,2832000,2834000,18,1982,0.8999999999999999,99.1
1417,2834000,2836000,9,1991,0.44999999999999996,99.55
1418,2836000,2838000,15,1985,0.75,99.25
1419,2838000,2840000,8,1992,0.4,99.6
1420,2840000,2842000,9,1991,0.44999999999999996,99.55
1421,2842000,2844000,217,1783,10.85,89.15
1422,2844000,2846000,14,1986,0.7000000000000001,99.3
1423,2846000,2848000,6,1994,0.3,99.7
1424,2848000,2850000,8,1992,0.4,99.6
1425,2850000,2852000,16,1984,0.8,99.2
1426,2852000,2854000,6,1994,0.3,99.7
1427,2854000,2856000,7,1993,0.35000000000000003,99.65
1428,2856000,2858000,263,1737,13.15,86.85
1429,2858000,2860000,13,1987,0.65,99.35
1430,2860000,2862000,7,1993,0.35000000000000003,99.65
1431,2862000,2864000,17,1983,0.8500000000000001,99.15
1432,2864000,2866000,12,1988,0.6,99.4
1433,2866000,2868000,10,1990,0.5,99.5
1434,2868000,2870000,123,1877,6.15,93.85
1435,2870000,2872000,11,1989,0.5499999999999999,99.45
1436,2872000,2874000,9,1991,0.44999999999999996,99.55
1437,2874000,2876000,21,1979,1.05,98.95
1438,2876000,2878000,53,1947,2.65,97.35
1439,2878000,2880000,8,1992,0.4,99.6
1440,2880000,2882000,38,1962,1.9,98.1
1441,2882000,2884000,479,1521,23.95,76.05
1442,2884000,2886000,16,1984,0.8,99.2
1443,2886000,2888000,7,1993,0.35000000000000003,99.65
1444,2888000,2890000,14,1986,0.7000000000000001,99.3
1445,2890000,2892000,10,1990,0.5,99.5
1446,2892000,2894000,121,1879,6.05,93.95
1447,2894000,2896000,15,1985,0.75,99.25
1448,2896000,2898000,14,1986,0.7000000000000001,99.3
1449,2898000,2900000,10,1990,0.5,99.5
1450,2900000,2902000,13,1987,0.65,99.35
1451,2902000,2904000,8,1992,0.4,99.6
1452,2904000,2906000,173,1827,8.649999999999999,91.35
1453,2906000,2908000,7,1993,0.35000000000000003,99.65
1454,2908000,2910000,12,1988,0.6,99.4
1455,2910000,2912000,10,1990,0.5,99.5
1456,2912000,2914000,17,1983,0.8500000000000001,99.15
1457,2914000,2916000,8,1992,0.4,99.6
1458,2916000,2918000,240,1760,12.0,88.0
1459,2918000,2920000,8,1992,0.4,99.6
1460,2920000,2922000,15,1985,0.75,99.25
1461,2922000,2924000,6,1994,0.3,99.7
1462,2924000,2926000,7,1993,0.35000000000000003,99.65
1463,2926000,2928000,8,1992,0.4,99.6
1464,2928000,2930000,187,1813,9.35,90.65
1465,2930000,2932000,15,1985,0.75,99.25
1466,2932000,2934000,8,1992,0.4,99.6
1467,2934000,2936000,8,1992,0.4,99.6
1468,2936000,2938000,14,1986,0.7000000000000001,99.3
1469,2938000,2940000,8,1992,0.4,99.6
1470,2940000,2942000,122,1878,6.1,93.9
1471,2942000,2944000,55,1945,2.75,97.25
1472,2944000,2946000,7,1993,0.35000000000000003,99.65
1473,2946000,2948000,13,1987,0.65,99.35
1474,2948000,2950000,40,1960,2.0,98.0
1475,2950000,2952000,8,1992,0.4,99.6
1476,2952000,2954000,152,1848,7.6,92.4
1477,2954000,2956000,8,1992,0.4,99.6
1478,2956000,2958000,8,1992,0.4,99.6
1479,2958000,2960000,15,1985,0.75,99.25
1480,2960000,2962000,0,2000,0.0,100.0
1481,2962000,2964000,11,1989,0.5499999999999999,99.45
1482,2964000,2966000,10,1990,0.5,99.5
1483,2966000,2968000,8,1992,0.4,99.6
1484,2968000,2970000,169,1831,8.450000000000001,91.55
1485,2970000,2972000,7,1993,0.35000000000000003,99.65
1486,2972000,2974000,7,1993,0.35000000000000003,99.65
1487,2974000,2976000,7,1993,0.35000000000000003,99.65
1488,2976000,2978000,9,1991,0.44999999999999996,99.55
1489,2978000,2980000,18,1982,0.8999999999999999,99.1
1490,2980000,2982000,8,1992,0.4,99.6
1491,2982000,2984000,124,1876,6.2,93.8
1492,2984000,2986000,13,1987,0.65,99.35
1493,2986000,2988000,10,1990,0.5,99.5
1494,2988000,2990000,14,1986,0.7000000000000001,99.3
1495,2990000,2992000,7,1993,0.35000000000000003,99.65
1496,2992000,2994000,8,1992,0.4,99.6
1497,2994000,2996000,14,1986,0.7000000000000001,99.3
1498,2996000,2998000,220,1780,11.0,89.0
1499,2998000,3000000,6,1994,0.3,99.7
1500,3000000,3002000,13,1987,0.65,99.35
1501,3002000,3004000,19,1981,0.95,99.05
1502,3004000,3006000,15,1985,0.75,99.25
1503,3006000,3008000,15,1985,0.75,99.25
1504,3008000,3010000,11,1989,0.5499999999999999,99.45
1505,3010000,3012000,173,1827,8.649999999999999,91.35
1506,3012000,3014000,8,1992,0.4,99.6
1507,3014000,3016000,9,1991,0.44999999999999996,99.55
1508,3016000,3018000,11,1989,0.5499999999999999,99.45
1509,3018000,3020000,9,1991,0.44999999999999996,99.55
1510,3020000,3022000,8,1992,0.4,99.6
1511,3022000,3024000,8,1992,0.4,99.6
1512,3024000,3026000,120,1880,6.0,94.0
1513,3026000,3028000,89,1911,4.45,95.55
1514,3028000,3030000,10,1990,0.5,99.5
1515,3030000,3032000,18,1982,0.8999999999999999,99.1
1516,3032000,3034000,11,1989,0.5499999999999999,99.45
1517,3034000,3036000,8,1992,0.4,99.6
1518,3036000,3038000,9,1991,0.44999999999999996,99.55
1519,3038000,3040000,9,1991,0.44999999999999996,99.55
1520,3040000,3042000,125,1875,6.25,93.75
1521,3042000,3044000,16,1984,0.8,99.2
1522,3044000,3046000,7,1993,0.35000000000000003,99.65
1523,3046000,3048000,9,1991,0.44999999999999996,99.55
1524,3048000,3050000,16,1984,0.8,99.2
1525,3050000,3052000,7,1993,0.35000000000000003,99.65
1526,3052000,3054000,180,1820,9.0,91.0
1527,3054000,3056000,14,1986,0.7000000000000001,99.3
1528,3056000,3058000,7,1993,0.35000000000000003,99.65
1529,3058000,3060000,10,1990,0.5,99.5
1530,3060000,3062000,16,1984,0.8,99.2
1531,3062000,3064000,8,1992,0.4,99.6
1532,3064000,3066000,124,1876,6.2,93.8
1533,3066000,3068000,10,1990,0.5,99.5
1534,3068000,3070000,18,1982,0.8999999999999999,99.1
1535,3070000,3072000,7,1993,0.35000000000000003,99.65
1536,3072000,3074000,8,1992,0.4,99.6
1537,3074000,3076000,32,1968,1.6,98.4
1538,3076000,3078000,180,1820,9.0,91.0
1539,3078000,3080000,10,1990,0.5,99.5
1540,3080000,3082000,8,1992,0.4,99.6
1541,3082000,3084000,15,1985,0.75,99.25
1542,3084000,3086000,7,1993,0.35000000000000003,99.65
1543,3086000,3088000,8,1992,0.4,99.6
1544,3088000,3090000,169,1831,8.450000000000001,91.55
1545,3090000,3092000,17,1983,0.8500000000000001,99.15
1546,3092000,3094000,8,1992,0.4,99.6
1547,3094000,3096000,10,1990,0.5,99.5
1548,3096000,3098000,15,1985,0.75,99.25
1549,3098000,3100000,8,1992,0.4,99.6
1550,3100000,3102000,10,1990,0.5,99.5
1551,3102000,3104000,198,1802,9.9,90.1
1552,3104000,3106000,16,1984,0.8,99.2
1553,3106000,3108000,9,1991,0.44999999999999996,99.55
1554,3108000,3110000,10,1990,0.5,99.5
1555,3110000,3112000,16,1984,0.8,99.2
1556,3112000,3114000,8,1992,0.4,99.6
1557,3114000,3116000,159,1841,7.95,92.05
1558,3116000,3118000,9,1991,0.44999999999999996,99.55
1559,3118000,3120000,16,1984,0.8,99.2
1560,3120000,3122000,9,1991,0.44999999999999996,99.55
1561,3122000,3124000,8,1992,0.4,99.6
1562,3124000,3126000,9,1991,0.44999999999999996,99.55
1563,3126000,3128000,188,1812,9.4,90.6
1564,3128000,3130000,15,1985,0.75,99.25
1565,3130000,3132000,7,1993,0.35000000000000003,99.65
1566,3132000,3134000,14,1986,0.7000000000000001,99.3
1567,3134000,3136000,7,1993,0.35000000000000003,99.65
1568,3136000,3138000,14,1986,0.7000000000000001,99.3
1569,3138000,3140000,224,1776,11.200000000000001,88.8
1570,3140000,3142000,8,1992,0.4,99.6
1571,3142000,3144000,7,1993,0.35000000000000003,99.65
1572,3144000,3146000,14,1986,0.7000000000000001,99.3
1573,3146000,3148000,7,1993,0.35000000000000003,99.65
1574,3148000,3150000,7,1993,0.35000000000000003,99.65
1575,3150000,3152000,151,1849,7.55,92.45
1576,3152000,3154000,15,1985,0.75,99.25
1577,3154000,3156000,7,1993,0.35000000000000003,99.65
1578,3156000,3158000,7,1993,0.35000000000000003,99.65
1579,3158000,3160000,9,1991,0.44999999999999996,99.55
1580,3160000,3162000,9,1991,0.44999999999999996,99.55
1581,3162000,3164000,17,1983,0.8500000000000001,99.15
1582,3164000,3166000,155,1845,7.75,92.25
1583,3166000,3168000,7,1993,0.35000000000000003,99.65
1584,3168000,3170000,7,1993,0.35000000000000003,99.65
1585,3170000,3172000,15,1985,0.75,99.25
1586,3172000,3174000,7,1993,0.35000000000000003,99.65
1587,3174000,3176000,14,1986,0.7000000000000001,99.3
1588,3176000,3178000,167,1833,8.35,91.65
1589,3178000,3180000,7,1993,0.35000000000000003,99.65
1590,3180000,3182000,14,1986,0.7000000000000001,99.3
1591,3182000,3184000,7,1993,0.35000000000000003,99.65
1592,3184000,3186000,13,1987,0.65,99.35
1593,3186000,3188000,0,2000,0.0,100.0
1594,3188000,3190000,154,1846,7.7,92.3
1595,3190000,3192000,62,1938,3.1,96.9
1596,3192000,3194000,17,1983,0.8500000000000001,99.15
1597,3194000,3196000,8,1992,0.4,99.6
1598,3196000,3198000,7,1993,0.35000000000000003,99.65
1599,3198000,3200000,16,1984,0.8,99.2
1600,3200000,3202000,16,1984,0.8,99.2
1601,3202000,3204000,17,1983,0.8500000000000001,99.15
1602,3204000,3206000,177,1823,8.85,91.15
1603,3206000,3208000,12,1988,0.6,99.4
1604,3208000,3210000,12,1988,0.6,99.4
1605,3210000,3212000,11,1989,0.5499999999999999,99.45
1606,3212000,3214000,0,2000,0.0,100.0
1607,3214000,3216000,23,1977,1.15,98.85
1608,3216000,3218000,9,1991,0.44999999999999996,99.55
1609,3218000,3220000,8,1992,0.4,99.6
1610,3220000,3222000,174,1826,8.7,91.3
1611,3222000,3224000,10,1990,0.5,99.5
1612,3224000,3226000,10,1990,0.5,99.5
1613,3226000,3228000,10,1990,0.5,99.5
1614,3228000,3230000,11,1989,0.5499999999999999,99.45
1615,3230000,3232000,16,1984,0.8,99.2
1616,3232000,3234000,7,1993,0.35000000000000003,99.65
1617,3234000,3236000,8,1992,0.4,99.6
1618,3236000,3238000,144,1856,7.199999999999999,92.8
1619,3238000,3240000,7,1993,0.35000000000000003,99.65
1620,3240000,3242000,14,1986,0.7000000000000001,99.3
1621,3242000,3244000,8,1992,0.4,99.6
1622,3244000,3246000,7,1993,0.35000000000000003,99.65
1623,3246000,3248000,14,1986,0.7000000000000001,99.3
1624,3248000,3250000,118,1882,5.8999999999999995,94.1
1625,3250000,3252000,14,1986,0.7000000000000001,99.3
1626,3252000,3254000,8,1992,0.4,99.6
1627,3254000,3256000,9,1991,0.44999999999999996,99.55
1628,3256000,3258000,15,1985,0.75,99.25
1629,3258000,3260000,8,1992,0.4,99.6
1630,3260000,3262000,199,1801,9.950000000000001,90.05
1631,3262000,3264000,7,1993,0.35000000000000003,99.65
1632,3264000,3266000,7,1993,0.35000000000000003,99.65
1633,3266000,3268000,16,1984,0.8,99.2
1634,3268000,3270000,6,1994,0.3,99.7
1635,3270000,3272000,113,1887,5.65,94.35
1636,3272000,3274000,14,1986,0.7000000000000001,99.3
1637,3274000,3276000,7,1993,0.35000000000000003,99.65
1638,3276000,3278000,13,1987,0.65,99.35
1639,3278000,3280000,7,1993,0.35000000000000003,99.65
1640,3280000,3282000,14,1986,0.7000000000000001,99.3
1641,3282000,3284000,167,1833,8.35,91.65
1642,3284000,3286000,7,1993,0.35000000000000003,99.65
1643,3286000,3288000,9,1991,0.44999999999999996,99.55
1644,3288000,3290000,14,1986,0.7000000000000001,99.3
1645,3290000,3292000,8,1992,0.4,99.6
1646,3292000,3294000,12,1988,0.6,99.4
1647,3294000,3296000,121,1879,6.05,93.95
1648,3296000,3298000,7,1993,0.35000000000000003,99.65
1649,3298000,3300000,7,1993,0.35000000000000003,99.65
1650,3300000,3302000,20,1980,1.0,99.0
1651,3302000,3304000,8,1992,0.4,99.6
1652,3304000,3306000,9,1991,0.44999999999999996,99.55
1653,3306000,3308000,8,1992,0.4,99.6
1654,3308000,3310000,138,1862,6.9,93.1
1655,3310000,3312000,14,1986,0.7000000000000001,99.3
1656,3312000,3314000,6,1994,0.3,99.7
1657,3314000,3316000,7,1993,0.35000000000000003,99.65
1658,3316000,3318000,14,1986,0.7000000000000001,99.3
1659,3318000,3320000,7,1993,0.35000000000000003,99.65
1660,3320000,3322000,140,1860,7.000000000000001,93.0
1661,3322000,3324000,7,1993,0.35000000000000003,99.65
1662,3324000,3326000,16,1984,0.8,99.2
1663,3326000,3328000,10,1990,0.5,99.5
1664,3328000,3330000,7,1993,0.35000000000000003,99.65
1665,3330000,3332000,16,1984,0.8,99.2
1666,3332000,3334000,135,1865,6.75,93.25
1667,3334000,3336000,7,1993,0.35000000000000003,99.65
1668,3336000,3338000,8,1992,0.4,99.6
1669,3338000,3340000,9,1991,0.44999999999999996,99.55
1670,3340000,3342000,10,1990,0.5,99.5
1671,3342000,3344000,8,1992,0.4,99.6
1672,3344000,3346000,17,1983,0.8500000000000001,99.15
1673,3346000,3348000,192,1808,9.6,90.4
1674,3348000,3350000,18,1982,0.8999999999999999,99.1
1675,3350000,3352000,7,1993,0.35000000000000003,99.65
1676,3352000,3354000,8,1992,0.4,99.6
1677,3354000,3356000,8,1992,0.4,99.6
1678,3356000,3358000,7,1993,0.35000000000000003,99.65
1679,3358000,3360000,14,1986,0.7000000000000001,99.3
1680,3360000,3362000,169,1831,8.450000000000001,91.55
1681,3362000,3364000,7,1993,0.35000000000000003,99.65
1682,3364000,3366000,7,1993,0.35000000000000003,99.65
1683,3366000,3368000,8,1992,0.4,99.6
1684,3368000,3370000,8,1992,0.4,99.6
1685,3370000,3372000,15,1985,0.75,99.25
1686,3372000,3374000,7,1993,0.35000000000000003,99.65
1687,3374000,3376000,111,1889,5.55,94.45
1688,3376000,3378000,21,1979,1.05,98.95
1689,3378000,3380000,8,1992,0.4,99.6
1690,3380000,3382000,45,1955,2.25,97.75
1691,3382000,3384000,13,1987,0.65,99.35
1692,3384000,3386000,7,1993,0.35000000000000003,99.65
1693,3386000,3388000,127,1873,6.35,93.65
1694,3388000,3390000,6,1994,0.3,99.7
1695,3390000,3392000,28,1972,1.4000000000000001,98.6
1696,3392000,3394000,7,1993,0.35000000000000003,99.65
1697,3394000,3396000,13,1987,0.65,99.35
1698,3396000,3398000,7,1993,0.35000000000000003,99.65
1699,3398000,3400000,105,1895,5.25,94.75
1700,3400000,3402000,13,1987,0.65,99.35
1701,3402000,3404000,15,1985,0.75,99.25
1702,3404000,3406000,7,1993,0.35000000000000003,99.65
1703,3406000,3408000,7,1993,0.35000000000000003,99.65
1704,3408000,3410000,15,1985,0.75,99.25
1705,3410000,3412000,8,1992,0.4,99.6
1706,3412000,3414000,146,1854,7.3,92.7
1707,3414000,3416000,14,1986,0.7000000000000001,99.3
1708,3416000,3418000,6,1994,0.3,99.7
1709,3418000,3420000,21,1979,1.05,98.95
1710,3420000,3422000,10,1990,0.5,99.5
1711,3422000,3424000,20,1980,1.0,99.0
1712,3424000,3426000,145,1855,7.249999999999999,92.75
1713,3426000,3428000,10,1990,0.5,99.5
1714,3428000,3430000,8,1992,0.4,99.6
1715,3430000,3432000,7,1993,0.35000000000000003,99.65
1716,3432000,3434000,15,1985,0.75,99.25
1717,3434000,3436000,7,1993,0.35000000000000003,99.65
1718,3436000,3438000,204,1796,10.2,89.8
1719,3438000,3440000,23,1977,1.15,98.85
1720,3440000,3442000,7,1993,0.35000000000000003,99.65
1721,3442000,3444000,8,1992,0.4,99.6
1722,3444000,3446000,8,1992,0.4,99.6
1723,3446000,3448000,13,1987,0.65,99.35
1724,3448000,3450000,7,1993,0.35000000000000003,99.65
1725,3450000,3452000,138,1862,6.9,93.1
1726,3452000,3454000,7,1993,0.35000000000000003,99.65
1727,3454000,3456000,12,1988,0.6,99.4
1728,3456000,3458000,9,1991,0.44999999999999996,99.55
1729,3458000,3460000,7,1993,0.35000000000000003,99.65
1730,3460000,3462000,68,1932,3.4000000000000004,96.6
1731,3462000,3464000,189,1811,9.45,90.55
1732,3464000,3466000,7,1993,0.35000000000000003,99.65
1733,3466000,3468000,15,1985,0.75,99.25
1734,3468000,3470000,53,1947,2.65,97.35
1735,3470000,3472000,7,1993,0.35000000000000003,99.65
1736,3472000,3474000,14,1986,0.7000000000000001,99.3
1737,3474000,3476000,156,1844,7.8,92.2
1738,3476000,3478000,96,1904,4.8,95.2
1739,3478000,3480000,8,1992,0.4,99.6
1740,3480000,3482000,13,1987,0.65,99.35
1741,3482000,3484000,7,1993,0.35000000000000003,99.65
1742,3484000,3486000,8,1992,0.4,99.6
1743,3486000,3488000,57,1943,2.85,97.15
1744,3488000,3490000,125,1875,6.25,93.75
1745,3490000,3492000,8,1992,0.4,99.6
1746,3492000,3494000,7,1993,0.35000000000000003,99.65
1747,3494000,3496000,65,1935,3.25,96.75
1748,3496000,3498000,6,1994,0.3,99.7
1749,3498000,3500000,7,1993,0.35000000000000003,99.65
1750,3500000,3502000,120,1880,6.0,94.0
1751,3502000,3504000,13,1987,0.65,99.35
1752,3504000,3506000,15,1985,0.75,99.25
1753,3506000,3508000,15,1985,0.75,99.25
1754,3508000,3510000,7,1993,0.35000000000000003,99.65
1755,3510000,3512000,8,1992,0.4,99.6
1756,3512000,3514000,124,1876,6.2,93.8
1757,3514000,3516000,17,1983,0.8500000000000001,99.15
1758,3516000,3518000,7,1993,0.35000000000000003,99.65
1759,3518000,3520000,8,1992,0.4,99.6
1760,3520000,3522000,10,1990,0.5,99.5
1761,3522000,3524000,15,1985,0.75,99.25
1762,3524000,3526000,10,1990,0.5,99.5
1763,3526000,3528000,128,1872,6.4,93.6
1764,3528000,3530000,9,1991,0.44999999999999996,99.55
1765,3530000,3532000,7,1993,0.35000000000000003,99.65
1766,3532000,3534000,17,1983,0.8500000000000001,99.15
1767,3534000,3536000,9,1991,0.44999999999999996,99.55
1768,3536000,3538000,7,1993,0.35000000000000003,99.65
1769,3538000,3540000,133,1867,6.65,93.35
1770,3540000,3542000,9,1991,0.44999999999999996,99.55
1771,3542000,3544000,8,1992,0.4,99.6
1772,3544000,3546000,7,1993,0.35000000000000003,99.65
1773,3546000,3548000,16,1984,0.8,99.2
1774,3548000,3550000,7,1993,0.35000000000000003,99.65
1775,3550000,3552000,8,1992,0.4,99.6
1776,3552000,3554000,136,1864,6.800000000000001,93.2
1777,3554000,3556000,9,1991,0.44999999999999996,99.55
1778,3556000,3558000,15,1985,0.75,99.25
1779,3558000,3560000,10,1990,0.5,99.5
1780,3560000,3562000,8,1992,0.4,99.6
1781,3562000,3564000,16,1984,0.8,99.2
1782,3564000,3566000,95,1905,4.75,95.25
1783,3566000,3568000,73,1927,3.65,96.35
1784,3568000,3570000,44,1956,2.1999999999999997,97.8
1785,3570000,3572000,15,1985,0.75,99.25
1786,3572000,3574000,9,1991,0.44999999999999996,99.55
1787,3574000,3576000,8,1992,0.4,99.6
1788,3576000,3578000,15,1985,0.75,99.25
1789,3578000,3580000,203,1797,10.15,89.85
1790,3580000,3582000,79,1921,3.95,96.05
1791,3582000,3584000,9,1991,0.44999999999999996,99.55
1792,3584000,3586000,7,1993,0.35000000000000003,99.65
1793,3586000,3588000,13,1987,0.65,99.35
1794,3588000,3590000,20,1980,1.0,99.0
1795,3590000,3592000,128,1872,6.4,93.6
1796,3592000,3594000,8,1992,0.4,99.6
1797,3594000,3596000,10,1990,0.5,99.5
1798,3596000,3598000,9,1991,0.44999999999999996,99.55
1799,3598000,3600000,32,1968,1.6,98.4
1800,3600000,3602000,8,1992,0.4,99.6
1801,3602000,3604000,16,1984,0.8,99.2
1802,3604000,3606000,120,1880,6.0,94.0
1803,3606000,3608000,7,1993,0.35000000000000003,99.65
1804,3608000,3610000,0,2000,0.0,100.0
1805,3610000,3612000,25,1975,1.25,98.75
1806,3612000,3614000,14,1986,0.7000000000000001,99.3
1807,3614000,3616000,9,1991,0.44999999999999996,99.55
1808,3616000,3618000,11,1989,0.5499999999999999,99.45
1809,3618000,3620000,19,1981,0.95,99.05
1810,3620000,3622000,224,1776,11.200000000000001,88.8
1811,3622000,3624000,78,1922,3.9,96.1
1812,3624000,3626000,12,1988,0.6,99.4
1813,3626000,3628000,12,1988,0.6,99.4
1814,3628000,3630000,31,1969,1.55,98.45
1815,3630000,3632000,0,2000,0.0,100.0
1816,3632000,3634000,17,1983,0.8500000000000001,99.15
1817,3634000,3636000,13,1987,0.65,99.35
1818,3636000,3638000,21,1979,1.05,98.95
1819,3638000,3640000,363,1637,18.15,81.85
1820,3640000,3642000,18,1982,0.8999999999999999,99.1
1821,3642000,3644000,8,1992,0.4,99.6
1822,3644000,3646000,8,1992,0.4,99.6
1823,3646000,3648000,15,1985,0.75,99.25
1824,3648000,3650000,16,1984,0.8,99.2
1825,3650000,3652000,141,1859,7.049999999999999,92.95
1826,3652000,3654000,62,1938,3.1,96.9
1827,3654000,3656000,9,1991,0.44999999999999996,99.55
1828,3656000,3658000,77,1923,3.85,96.15
1829,3658000,3660000,9,1991,0.44999999999999996,99.55
1830,3660000,3662000,7,1993,0.35000000000000003,99.65
1831,3662000,3664000,15,1985,0.75,99.25
1832,3664000,3666000,129,1871,6.45,93.55
1833,3666000,3668000,7,1993,0.35000000000000003,99.65
1834,3668000,3670000,7,1993,0.35000000000000003,99.65
1835,3670000,3672000,15,1985,0.75,99.25
1836,3672000,3674000,9,1991,0.44999999999999996,99.55
1837,3674000,3676000,9,1991,0.44999999999999996,99.55
1838,3676000,3678000,126,1874,6.3,93.7
1839,3678000,3680000,8,1992,0.4,99.6
1840,3680000,3682000,15,1985,0.75,99.25
1841,3682000,3684000,7,1993,0.35000000000000003,99.65
1842,3684000,3686000,7,1993,0.35000000000000003,99.65
1843,3686000,3688000,16,1984,0.8,99.2
1844,3688000,3690000,121,1879,6.05,93.95
1845,3690000,3692000,10,1990,0.5,99.5
1846,3692000,3694000,6,1994,0.3,99.7
1847,3694000,3696000,8,1992,0.4,99.6
1848,3696000,3698000,12,1988,0.6,99.4
1849,3698000,3700000,6,1994,0.3,99.7
1850,3700000,3702000,7,1993,0.35000000000000003,99.65
1851,3702000,3704000,150,1850,7.5,92.5
1852,3704000,3706000,14,1986,0.7000000000000001,99.3
1853,3706000,3708000,8,1992,0.4,99.6
1854,3708000,3710000,13,1987,0.65,99.35
1855,3710000,3712000,9,1991,0.44999999999999996,99.55
1856,3712000,3714000,7,1993,0.35000000000000003,99.65
1857,3714000,3716000,134,1866,6.7,93.3
1858,3716000,3718000,7,1993,0.35000000000000003,99.65
1859,3718000,3720000,7,1993,0.35000000000000003,99.65
1860,3720000,3722000,15,1985,0.75,99.25
1861,3722000,3724000,7,1993,0.35000000000000003,99.65
1862,3724000,3726000,40,1960,2.0,98.0
1863,3726000,3728000,0,2000,0.0,100.0
1864,3728000,3730000,141,1859,7.049999999999999,92.95
1865,3730000,3732000,15,1985,0.75,99.25
1866,3732000,3734000,11,1989,0.5499999999999999,99.45
1867,3734000,3736000,11,1989,0.5499999999999999,99.45
1868,3736000,3738000,13,1987,0.65,99.35
1869,3738000,3740000,19,1981,0.95,99.05
1870,3740000,3742000,8,1992,0.4,99.6
1871,3742000,3744000,148,1852,7.3999999999999995,92.6
1872,3744000,3746000,12,1988,0.6,99.4
1873,3746000,3748000,10,1990,0.5,99.5
1874,3748000,3750000,16,1984,0.8,99.2
1875,3750000,3752000,7,1993,0.35000000000000003,99.65
1876,3752000,3754000,17,1983,0.8500000000000001,99.15
1877,3754000,3756000,53,1947,2.65,97.35
1878,3756000,3758000,100,1900,5.0,95.0
1879,3758000,3760000,8,1992,0.4,99.6
1880,3760000,3762000,18,1982,0.8999999999999999,99.1
1881,3762000,3764000,11,1989,0.5499999999999999,99.45
1882,3764000,3766000,7,1993,0.35000000000000003,99.65
1883,3766000,3768000,9,1991,0.44999999999999996,99.55
1884,3768000,3770000,140,1860,7.000000000000001,93.0
1885,3770000,3772000,7,1993,0.35000000000000003,99.65
1886,3772000,3774000,16,1984,0.8,99.2
1887,3774000,3776000,7,1993,0.35000000000000003,99.65
1888,3776000,3778000,8,1992,0.4,99.6
1889,3778000,3780000,14,1986,0.7000000000000001,99.3
1890,3780000,3782000,116,1884,5.800000000000001,94.2
1891,3782000,3784000,6,1994,0.3,99.7
1892,3784000,3786000,14,1986,0.7000000000000001,99.3
1893,3786000,3788000,9,1991,0.44999999999999996,99.55
1894,3788000,3790000,8,1992,0.4,99.6
1895,3790000,3792000,16,1984,0.8,99.2
1896,3792000,3794000,105,1895,5.25,94.75
1897,3794000,3796000,16,1984,0.8,99.2
1898,3796000,3798000,8,1992,0.4,99.6
1899,3798000,3800000,14,1986,0.7000000000000001,99.3
1900,3800000,3802000,7,1993,0.35000000000000003,99.65
1901,3802000,3804000,7,1993,0.35000000000000003,99.65
1902,3804000,3806000,191,1809,9.55,90.45
1903,3806000,3808000,10,1990,0.5,99.5
1904,3808000,3810000,16,1984,0.8,99.2
1905,3810000,3812000,8,1992,0.4,99.6
1906,3812000,3814000,13,1987,0.65,99.35
1907,3814000,3816000,7,1993,0.35000000000000003,99.65
1908,3816000,3818000,0,2000,0.0,100.0
1909,3818000,3820000,187,1813,9.35,90.65
1910,3820000,3822000,11,1989,0.5499999999999999,99.45
1911,3822000,3824000,8,1992,0.4,99.6
1912,3824000,3826000,15,1985,0.75,99.25
1913,3826000,3828000,8,1992,0.4,99.6
1914,3828000,3830000,13,1987,0.65,99.35
1915,3830000,3832000,16,1984,0.8,99.2
1916,3832000,3834000,196,1804,9.8,90.2
1917,3834000,3836000,8,1992,0.4,99.6
1918,3836000,3838000,48,1952,2.4,97.6
1919,3838000,3840000,16,1984,0.8,99.2
1920,3840000,3842000,8,1992,0.4,99.6
1921,3842000,3844000,9,1991,0.44999999999999996,99.55
1922,3844000,3846000,146,1854,7.3,92.7
1923,3846000,3848000,11,1989,0.5499999999999999,99.45
1924,3848000,3850000,15,1985,0.75,99.25
1925,3850000,3852000,10,1990,0.5,99.5
1926,3852000,3854000,9,1991,0.44999999999999996,99.55
1927,3854000,3856000,14,1986,0.7000000000000001,99.3
1928,3856000,3858000,131,1869,6.550000000000001,93.45
1929,3858000,3860000,8,1992,0.4,99.6
1930,3860000,3862000,84,1916,4.2,95.8
1931,3862000,3864000,8,1992,0.4,99.6
1932,3864000,3866000,8,1992,0.4,99.6
1933,3866000,3868000,22,1978,1.0999999999999999,98.9
1934,3868000,3870000,74,1926,3.6999999999999997,96.3
1935,3870000,3872000,69,1931,3.45,96.55
1936,3872000,3874000,14,1986,0.7000000000000001,99.3
1937,3874000,3876000,6,1994,0.3,99.7
1938,3876000,3878000,9,1991,0.44999999999999996,99.55
1939,3878000,3880000,9,1991,0.44999999999999996,99.55
1940,3880000,3882000,16,1984,0.8,99.2
1941,3882000,3884000,124,1876,6.2,93.8
1942,3884000,3886000,8,1992,0.4,99.6
1943,3886000,3888000,18,1982,0.8999999999999999,99.1
1944,3888000,3890000,12,1988,0.6,99.4
1945,3890000,3892000,6,1994,0.3,99.7
1946,3892000,3894000,101,1899,5.050000000000001,94.95
1947,3894000,3896000,31,1969,1.55,98.45
1948,3896000,3898000,7,1993,0.35000000000000003,99.65
1949,3898000,3900000,12,1988,0.6,99.4
1950,3900000,3902000,10,1990,0.5,99.5
1951,3902000,3904000,7,1993,0.35000000000000003,99.65
1952,3904000,3906000,7,1993,0.35000000000000003,99.65
1953,3906000,3908000,119,1881,5.949999999999999,94.05
1954,3908000,3910000,16,1984,0.8,99.2
1955,3910000,3912000,8,1992,0.4,99.6
1956,3912000,3914000,8,1992,0.4,99.6
1957,3914000,3916000,10,1990,0.5,99.5
1958,3916000,3918000,9,1991,0.44999999999999996,99.55
1959,3918000,3920000,20,1980,1.0,99.0
1960,3920000,3922000,158,1842,7.9,92.1
1961,3922000,3924000,21,1979,1.05,98.95
1962,3924000,3926000,8,1992,0.4,99.6
1963,3926000,3928000,8,1992,0.4,99.6
1964,3928000,3930000,10,1990,0.5,99.5
1965,3930000,3932000,15,1985,0.75,99.25
1966,3932000,3934000,119,1881,5.949999999999999,94.05
1967,3934000,3936000,14,1986,0.7000000000000001,99.3
1968,3936000,3938000,7,1993,0.35000000000000003,99.65
1969,3938000,3940000,15,1985,0.75,99.25
1970,3940000,3942000,8,1992,0.4,99.6
1971,3942000,3944000,17,1983,0.8500000000000001,99.15
1972,3944000,3946000,124,1876,6.2,93.8
1973,3946000,3948000,24,1976,1.2,98.8
1974,3948000,3950000,9,1991,0.44999999999999996,99.55
1975,3950000,3952000,10,1990,0.5,99.5
1976,3952000,3954000,8,1992,0.4,99.6
1977,3954000,3956000,12,1988,0.6,99.4
1978,3956000,3958000,9,1991,0.44999999999999996,99.55
1979,3958000,3960000,146,1854,7.3,92.7
1980,3960000,3962000,9,1991,0.44999999999999996,99.55
1981,3962000,3964000,10,1990,0.5,99.5
1982,3964000,3966000,8,1992,0.4,99.6
1983,3966000,3968000,7,1993,0.35000000000000003,99.65
1984,3968000,3970000,9,1991,0.44999999999999996,99.55
1985,3970000,3972000,11,1989,0.5499999999999999,99.45
1986,3972000,3974000,8,1992,0.4,99.6
1987,3974000,3976000,186,1814,9.3,90.7
1988,3976000,3978000,8,1992,0.4,99.6
1989,3978000,3980000,15,1985,0.75,99.25
1990,3980000,3982000,7,1993,0.35000000000000003,99.65
1991,3982000,3984000,8,1992,0.4,99.6
1992,3984000,3986000,8,1992,0.4,99.6
1993,3986000,3988000,16,1984,0.8,99.2
1994,3988000,3990000,119,1881,5.949999999999999,94.05
1995,3990000,3992000,14,1986,0.7000000000000001,99.3
1996,3992000,3994000,7,1993,0.35000000000000003,99.65
1997,3994000,3996000,7,1993,0.35000000000000003,99.65
1998,3996000,3998000,7,1993,0.35000000000000003,99.65
1999,3998000,4000000,19,1981,0.95,99.05
2000,4000000,4002000,9,1991,0.44999999999999996,99.55
2001,4002000,4004000,126,1874,6.3,93.7
2002,4004000,4006000,7,1993,0.35000000000000003,99.65
2003,4006000,4008000,16,1984,0.8,99.2
2004,4008000,4010000,7,1993,0.35000000000000003,99.65
2005,4010000,4012000,15,1985,0.75,99.25
2006,4012000,4014000,47,1953,2.35,97.65
2007,4014000,4016000,74,1926,3.6999999999999997,96.3
2008,4016000,4018000,14,1986,0.7000000000000001,99.3
2009,4018000,4020000,7,1993,0.35000000000000003,99.65
2010,4020000,4022000,8,1992,0.4,99.6
2011,4022000,4024000,17,1983,0.8500000000000001,99.15
2012,4024000,4026000,0,2000,0.0,100.0
2013,4026000,4028000,148,1852,7.3999999999999995,92.6
2014,4028000,4030000,14,1986,0.7000000000000001,99.3
2015,4030000,4032000,8,1992,0.4,99.6
2016,4032000,4034000,16,1984,0.8,99.2
2017,4034000,4036000,9,1991,0.44999999999999996,99.55
2018,4036000,4038000,8,1992,0.4,99.6
2019,4038000,4040000,9,1991,0.44999999999999996,99.55
2020,4040000,4042000,217,1783,10.85,89.15
2021,4042000,4044000,12,1988,0.6,99.4
2022,4044000,4046000,19,1981,0.95,99.05
2023,4046000,4048000,13,1987,0.65,99.35
2024,4048000,4050000,9,1991,0.44999999999999996,99.55
2025,4050000,4052000,7,1993,0.35000000000000003,99.65
2026,4052000,4054000,7,1993,0.35000000000000003,99.65
2027,4054000,4056000,10,1990,0.5,99.5
2028,4056000,4058000,153,1847,7.6499999999999995,92.35
2029,4058000,4060000,16,1984,0.8,99.2
2030,4060000,4062000,7,1993,0.35000000000000003,99.65
2031,4062000,4064000,7,1993,0.35000000000000003,99.65
2032,4064000,4066000,14,1986,0.7000000000000001,99.3
2033,4066000,4068000,7,1993,0.35000000000000003,99.65
2034,4068000,4070000,132,1868,6.6000000000000005,93.4
2035,4070000,4072000,17,1983,0.8500000000000001,99.15
2036,4072000,4074000,9,1991,0.44999999999999996,99.55
2037,4074000,4076000,10,1990,0.5,99.5
2038,4076000,4078000,15,1985,0.75,99.25
2039,4078000,4080000,7,1993,0.35000000000000003,99.65
2040,4080000,4082000,147,1853,7.35,92.65
2041,4082000,4084000,22,1978,1.0999999999999999,98.9
2042,4084000,4086000,14,1986,0.7000000000000001,99.3
2043,4086000,4088000,10,1990,0.5,99.5
2044,4088000,4090000,21,1979,1.05,98.95
2045,4090000,4092000,10,1990,0.5,99.5
2046,4092000,4094000,130,1870,6.5,93.5
2047,4094000,4096000,17,1983,0.8500000000000001,99.15
2048,4096000,4098000,8,1992,0.4,99.6
2049,4098000,4100000,7,1993,0.35000000000000003,99.65
2050,4100000,4102000,14,1986,0.7000000000000001,99.3
2051,4102000,4104000,7,1993,0.35000000000000003,99.65
2052,4104000,4106000,121,1879,6.05,93.95
2053,4106000,4108000,7,1993,0.35000000000000003,99.65
2054,4108000,4110000,7,1993,0.35000000000000003,99.65
2055,4110000,4112000,13,1987,0.65,99.35
2056,4112000,4114000,7,1993,0.35000000000000003,99.65
2057,4114000,4116000,16,1984,0.8,99.2
2058,4116000,4118000,159,1841,7.95,92.05
2059,4118000,4120000,7,1993,0.35000000000000003,99.65
2060,4120000,4122000,13,1987,0.65,99.35
2061,4122000,4124000,6,1994,0.3,99.7
2062,4124000,4126000,15,1985,0.75,99.25
2063,4126000,4128000,13,1987,0.65,99.35
2064,4128000,4130000,121,1879,6.05,93.95
2065,4130000,4132000,7,1993,0.35000000000000003,99.65
2066,4132000,4134000,7,1993,0.35000000000000003,99.65
2067,4134000,4136000,14,1986,0.7000000000000001,99.3
2068,4136000,4138000,6,1994,0.3,99.7
2069,4138000,4140000,7,1993,0.35000000000000003,99.65
2070,4140000,4142000,155,1845,7.75,92.25
2071,4142000,4144000,14,1986,0.7000000000000001,99.3
2072,4144000,4146000,8,1992,0.4,99.6
2073,4146000,4148000,9,1991,0.44999999999999996,99.55
2074,4148000,4150000,16,1984,0.8,99.2
2075,4150000,4152000,7,1993,0.35000000000000003,99.65
2076,4152000,4154000,119,1881,5.949999999999999,94.05
2077,4154000,4156000,7,1993,0.35000000000000003,99.65
2078,4156000,4158000,8,1992,0.4,99.6
2079,4158000,4160000,15,1985,0.75,99.25
2080,4160000,4162000,7,1993,0.35000000000000003,99.65
2081,4162000,4164000,8,1992,0.4,99.6
2082,4164000,4166000,14,1986,0.7000000000000001,99.3
2083,4166000,4168000,116,1884,5.800000000000001,94.2
2084,4168000,4170000,14,1986,0.7000000000000001,99.3
2085,4170000,4172000,8,1992,0.4,99.6
2086,4172000,4174000,13,1987,0.65,99.35
2087,4174000,4176000,7,1993,0.35000000000000003,99.65
2088,4176000,4178000,8,1992,0.4,99.6
2089,4178000,4180000,106,1894,5.3,94.7
2090,4180000,4182000,8,1992,0.4,99.6
2091,4182000,4184000,11,1989,0.5499999999999999,99.45
2092,4184000,4186000,9,1991,0.44999999999999996,99.55
2093,4186000,4188000,10,1990,0.5,99.5
2094,4188000,4190000,9,1991,0.44999999999999996,99.55
2095,4190000,4192000,14,1986,0.7000000000000001,99.3
2096,4192000,4194000,11,1989,0.5499999999999999,99.45
2097,4194000,4196000,10,1990,0.5,99.5
2098,4196000,4198000,181,1819,9.049999999999999,90.95
2099,4198000,4200000,9,1991,0.44999999999999996,99.55
2100,4200000,4202000,8,1992,0.4,99.6
2101,4202000,4204000,15,1985,0.75,99.25
2102,4204000,4206000,7,1993,0.35000000000000003,99.65
2103,4206000,4208000,10,1990,0.5,99.5
2104,4208000,4210000,129,1871,6.45,93.55
2105,4210000,4212000,10,1990,0.5,99.5
2106,4212000,4214000,11,1989,0.5499999999999999,99.45
2107,4214000,4216000,15,1985,0.75,99.25
2108,4216000,4218000,8,1992,0.4,99.6
2109,4218000,4220000,15,1985,0.75,99.25
2110,4220000,4222000,8,1992,0.4,99.6
2111,4222000,4224000,117,1883,5.8500000000000005,94.15
2112,4224000,4226000,9,1991,0.44999999999999996,99.55
2113,4226000,4228000,18,1982,0.8999999999999999,99.1
2114,4228000,4230000,9,1991,0.44999999999999996,99.55
2115,4230000,4232000,7,1993,0.35000000000000003,99.65
2116,4232000,4234000,0,2000,0.0,100.0
2117,4234000,4236000,18,1982,0.8999999999999999,99.1
2118,4236000,4238000,143,1857,7.1499999999999995,92.85
2119,4238000,4240000,8,1992,0.4,99.6
2120,4240000,4242000,20,1980,1.0,99.0
2121,4242000,4244000,9,1991,0.44999999999999996,99.55
2122,4244000,4246000,12,1988,0.6,99.4
2123,4246000,4248000,12,1988,0.6,99.4
2124,4248000,4250000,12,1988,0.6,99.4
2125,4250000,4252000,168,1832,8.4,91.6
2126,4252000,4254000,17,1983,0.8500000000000001,99.15
2127,4254000,4256000,7,1993,0.35000000000000003,99.65
2128,4256000,4258000,14,1986,0.7000000000000001,99.3
2129,4258000,4260000,7,1993,0.35000000000000003,99.65
2130,4260000,4262000,7,1993,0.35000000000000003,99.65
2131,4262000,4264000,120,1880,6.0,94.0
2132,4264000,4266000,18,1982,0.8999999999999999,99.1
2133,4266000,4268000,8,1992,0.4,99.6
2134,4268000,4270000,14,1986,0.7000000000000001,99.3
2135,4270000,4272000,8,1992,0.4,99.6
2136,4272000,4274000,8,1992,0.4,99.6
2137,4274000,4276000,139,1861,6.950000000000001,93.05
2138,4276000,4278000,18,1982,0.8999999999999999,99.1
2139,4278000,4280000,7,1993,0.35000000000000003,99.65
2140,4280000,4282000,16,1984,0.8,99.2
2141,4282000,4284000,7,1993,0.35000000000000003,99.65
2142,4284000,4286000,8,1992,0.4,99.6
2143,4286000,4288000,181,1819,9.049999999999999,90.95
2144,4288000,4290000,16,1984,0.8,99.2
2145,4290000,4292000,8,1992,0.4,99.6
2146,4292000,4294000,8,1992,0.4,99.6
2147,4294000,4296000,15,1985,0.75,99.25
2148,4296000,4298000,7,1993,0.35000000000000003,99.65
2149,4298000,4300000,156,1844,7.8,92.2
2150,4300000,4302000,18,1982,0.8999999999999999,99.1
2151,4302000,4304000,8,1992,0.4,99.6
2152,4304000,4306000,7,1993,0.35000000000000003,99.65
2153,4306000,4308000,14,1986,0.7000000000000001,99.3
2154,4308000,4310000,7,1993,0.35000000000000003,99.65
2155,4310000,4312000,236,1764,11.799999999999999,88.2
2156,4312000,4314000,17,1983,0.8500000000000001,99.15
2157,4314000,4316000,7,1993,0.35000000000000003,99.65
2158,4316000,4318000,8,1992,0.4,99.6
2159,4318000,4320000,16,1984,0.8,99.2
2160,4320000,4322000,9,1991,0.44999999999999996,99.55
2161,4322000,4324000,134,1866,6.7,93.3
2162,4324000,4326000,15,1985,0.75,99.25
2163,4326000,4328000,8,1992,0.4,99.6
2164,4328000,4330000,9,1991,0.44999999999999996,99.55
2165,4330000,4332000,9,1991,0.44999999999999996,99.55
2166,4332000,4334000,66,1934,3.3000000000000003,96.7
2167,4334000,4336000,148,1852,7.3999999999999995,92.6
2168,4336000,4338000,8,1992,0.4,99.6
2169,4338000,4340000,43,1957,2.15,97.85
2170,4340000,4342000,18,1982,0.8999999999999999,99.1
2171,4342000,4344000,8,1992,0.4,99.6
2172,4344000,4346000,8,1992,0.4,99.6
2173,4346000,4348000,79,1921,3.95,96.05
2174,4348000,4350000,212,1788,10.6,89.4
2175,4350000,4352000,18,1982,0.8999999999999999,99.1
2176,4352000,4354000,7,1993,0.35000000000000003,99.65
2177,4354000,4356000,13,1987,0.65,99.35
2178,4356000,4358000,7,1993,0.35000000000000003,99.65
2179,4358000,4360000,19,1981,0.95,99.05
2180,4360000,4362000,172,1828,8.6,91.4
2181,4362000,4364000,10,1990,0.5,99.5
2182,4364000,4366000,7,1993,0.35000000000000003,99.65
2183,4366000,4368000,15,1985,0.75,99.25
2184,4368000,4370000,7,1993,0.35000000000000003,99.65
2185,4370000,4372000,7,1993,0.35000000000000003,99.65
2186,4372000,4374000,289,1711,14.45,85.55
2187,4374000,4376000,10,1990,0.5,99.5
2188,4376000,4378000,17,1983,0.8500000000000001,99.15
2189,4378000,4380000,11,1989,0.5499999999999999,99.45
2190,4380000,4382000,14,1986,0.7000000000000001,99.3
2191,4382000,4384000,7,1993,0.35000000000000003,99.65
2192,4384000,4386000,269,1731,13.450000000000001,86.55
2193,4386000,4388000,7,1993,0.35000000000000003,99.65
2194,4388000,4390000,14,1986,0.7000000000000001,99.3
2195,4390000,4392000,7,1993,0.35000000000000003,99.65
2196,4392000,4394000,9,1991,0.44999999999999996,99.55
2197,4394000,4396000,15,1985,0.75,99.25
2198,4396000,4398000,115,1885,5.75,94.25
2199,4398000,4400000,7,1993,0.35000000000000003,99.65
2200,4400000,4402000,14,1986,0.7000000000000001,99.3
2201,4402000,4404000,7,1993,0.35000000000000003,99.65
2202,4404000,4406000,10,1990,0.5,99.5
2203,4406000,4408000,14,1986,0.7000000000000001,99.3
2204,4408000,4410000,186,1814,9.3,90.7
2205,4410000,4412000,8,1992,0.4,99.6
2206,4412000,4414000,10,1990,0.5,99.5
2207,4414000,4416000,14,1986,0.7000000000000001,99.3
2208,4416000,4418000,6,1994,0.3,99.7
2209,4418000,4420000,18,1982,0.8999999999999999,99.1
2210,4420000,4422000,8,1992,0.4,99.6
2211,4422000,4424000,218,1782,10.9,89.1
2212,4424000,4426000,9,1991,0.44999999999999996,99.55
2213,4426000,4428000,13,1987,0.65,99.35
2214,4428000,4430000,7,1993,0.35000000000000003,99.65
2215,4430000,4432000,8,1992,0.4,99.6
2216,4432000,4434000,15,1985,0.75,99.25
2217,4434000,4436000,163,1837,8.15,91.85
2218,4436000,4438000,7,1993,0.35000000000000003,99.65
2219,4438000,4440000,7,1993,0.35000000000000003,99.65
2220,4440000,4442000,13,1987,0.65,99.35
2221,4442000,4444000,11,1989,0.5499999999999999,99.45
2222,4444000,4446000,9,1991,0.44999999999999996,99.55
2223,4446000,4448000,9,1991,0.44999999999999996,99.55
2224,4448000,4450000,269,1731,13.450000000000001,86.55
2225,4450000,4452000,9,1991,0.44999999999999996,99.55
2226,4452000,4454000,14,1986,0.7000000000000001,99.3
2227,4454000,4456000,6,1994,0.3,99.7
2228,4456000,4458000,9,1991,0.44999999999999996,99.55
2229,4458000,4460000,15,1985,0.75,99.25
2230,4460000,4462000,11,1989,0.5499999999999999,99.45
2231,4462000,4464000,176,1824,8.799999999999999,91.2
2232,4464000,4466000,8,1992,0.4,99.6
2233,4466000,4468000,8,1992,0.4,99.6
2234,4468000,4470000,15,1985,0.75,99.25
2235,4470000,4472000,7,1993,0.35000000000000003,99.65
2236,4472000,4474000,7,1993,0.35000000000000003,99.65
2237,4474000,4476000,266,1734,13.3,86.7
2238,4476000,4478000,15,1985,0.75,99.25
2239,4478000,4480000,6,1994,0.3,99.7
2240,4480000,4482000,9,1991,0.44999999999999996,99.55
2241,4482000,4484000,16,1984,0.8,99.2
2242,4484000,4486000,8,1992,0.4,99.6
2243,4486000,4488000,102,1898,5.1,94.9
2244,4488000,4490000,150,1850,7.5,92.5
2245,4490000,4492000,10,1990,0.5,99.5
2246,4492000,4494000,20,1980,1.0,99.0
2247,4494000,4496000,10,1990,0.5,99.5
2248,4496000,4498000,23,1977,1.15,98.85
2249,4498000,4500000,10,1990,0.5,99.5
2250,4500000,4502000,264,1736,13.200000000000001,86.8
2251,4502000,4504000,11,1989,0.5499999999999999,99.45
2252,4504000,4506000,8,1992,0.4,99.6
2253,4506000,4508000,7,1993,0.35000000000000003,99.65
2254,4508000,4510000,7,1993,0.35000000000000003,99.65
2255,4510000,4512000,21,1979,1.05,98.95
2256,4512000,4514000,8,1992,0.4,99.6
2257,4514000,4516000,313,1687,15.65,84.35
2258,4516000,4518000,8,1992,0.4,99.6
2259,4518000,4520000,18,1982,0.8999999999999999,99.1
2260,4520000,4522000,8,1992,0.4,99.6
2261,4522000,4524000,8,1992,0.4,99.6
2262,4524000,4526000,17,1983,0.8500000000000001,99.15
2263,4526000,4528000,7,1993,0.35000000000000003,99.65
2264,4528000,4530000,242,1758,12.1,87.9
2265,4530000,4532000,7,1993,0.35000000000000003,99.65
2266,4532000,4534000,14,1986,0.7000000000000001,99.3
2267,4534000,4536000,7,1993,0.35000000000000003,99.65
2268,4536000,4538000,13,1987,0.65,99.35
2269,4538000,4540000,10,1990,0.5,99.5
2270,4540000,4542000,163,1837,8.15,91.85
2271,4542000,4544000,8,1992,0.4,99.6
2272,4544000,4546000,14,1986,0.7000000000000001,99.3
2273,4546000,4548000,7,1993,0.35000000000000003,99.65
2274,4548000,4550000,14,1986,0.7000000000000001,99.3
2275,4550000,4552000,105,1895,5.25,94.75
2276,4552000,4554000,7,1993,0.35000000000000003,99.65
2277,4554000,4556000,14,1986,0.7000000000000001,99.3
2278,4556000,4558000,7,1993,0.35000000000000003,99.65
2279,4558000,4560000,15,1985,0.75,99.25
2280,4560000,4562000,7,1993,0.35000000000000003,99.65
2281,4562000,4564000,108,1892,5.4,94.6
2282,4564000,4566000,15,1985,0.75,99.25
2283,4566000,4568000,7,1993,0.35000000000000003,99.65
2284,4568000,4570000,7,1993,0.35000000000000003,99.65
2285,4570000,4572000,15,1985,0.75,99.25
2286,4572000,4574000,7,1993,0.35000000000000003,99.65
2287,4574000,4576000,124,1876,6.2,93.8
2288,4576000,4578000,20,1980,1.0,99.0
2289,4578000,4580000,7,1993,0.35000000000000003,99.65
2290,4580000,4582000,18,1982,0.8999999999999999,99.1
2291,4582000,4584000,7,1993,0.35000000000000003,99.65
2292,4584000,4586000,8,1992,0.4,99.6
2293,4586000,4588000,109,1891,5.45,94.55
2294,4588000,4590000,7,1993,0.35000000000000003,99.65
2295,4590000,4592000,10,1990,0.5,99.5
2296,4592000,4594000,16,1984,0.8,99.2
2297,4594000,4596000,10,1990,0.5,99.5
2298,4596000,4598000,8,1992,0.4,99.6
2299,4598000,4600000,108,1892,5.4,94.6
2300,4600000,4602000,9,1991,0.44999999999999996,99.55
2301,4602000,4604000,8,1992,0.4,99.6
2302,4604000,4606000,15,1985,0.75,99.25
2303,4606000,4608000,7,1993,0.35000000000000003,99.65
2304,4608000,4610000,14,1986,0.7000000000000001,99.3
2305,4610000,4612000,92,1908,4.6,95.4
2306,4612000,4614000,10,1990,0.5,99.5
2307,4614000,4616000,15,1985,0.75,99.25
2308,4616000,4618000,8,1992,0.4,99.6
2309,4618000,4620000,8,1992,0.4,99.6
2310,4620000,4622000,7,1993,0.35000000000000003,99.65
2311,4622000,4624000,114,1886,5.7,94.3
2312,4624000,4626000,9,1991,0.44999999999999996,99.55
2313,4626000,4628000,9,1991,0.44999999999999996,99.55
2314,4628000,4630000,8,1992,0.4,99.6
2315,4630000,4632000,8,1992,0.4,99.6
2316,4632000,4634000,19,1981,0.95,99.05
2317,4634000,4636000,9,1991,0.44999999999999996,99.55
2318,4636000,4638000,108,1892,5.4,94.6
2319,4638000,4640000,14,1986,0.7000000000000001,99.3
2320,4640000,4642000,7,1993,0.35000000000000003,99.65
2321,4642000,4644000,10,1990,0.5,99.5
2322,4644000,4646000,11,1989,0.5499999999999999,99.45
2323,4646000,4648000,14,1986,0.7000000000000001,99.3
2324,4648000,4650000,0,2000,0.0,100.0
2325,4650000,4652000,224,1776,11.200000000000001,88.8
2326,4652000,4654000,8,1992,0.4,99.6
2327,4654000,4656000,15,1985,0.75,99.25
2328,4656000,4658000,8,1992,0.4,99.6
2329,4658000,4660000,7,1993,0.35000000000000003,99.65
2330,4660000,4662000,14,1986,0.7000000000000001,99.3
2331,4662000,4664000,23,1977,1.15,98.85
2332,4664000,4666000,167,1833,8.35,91.65
2333,4666000,4668000,8,1992,0.4,99.6
2334,4668000,4670000,8,1992,0.4,99.6
2335,4670000,4672000,16,1984,0.8,99.2
2336,4672000,4674000,257,1743,12.85,87.15
2337,4674000,4676000,0,2000,0.0,100.0
2338,4676000,4678000,12,1988,0.6,99.4
2339,4678000,4680000,244,1756,12.2,87.8
2340,4680000,4682000,9,1991,0.44999999999999996,99.55
2341,4682000,4684000,4,1996,0.2,99.8
2342,4684000,4686000,18,1982,0.8999999999999999,99.1
2343,4686000,4688000,8,1992,0.4,99.6
2344,4688000,4690000,7,1993,0.35000000000000003,99.65
2345,4690000,4692000,22,1978,1.0999999999999999,98.9
2346,4692000,4694000,24,1976,1.2,98.8
2347,4694000,4696000,194,1806,9.700000000000001,90.3
2348,4696000,4698000,7,1993,0.35000000000000003,99.65
2349,4698000,4700000,14,1986,0.7000000000000001,99.3
2350,4700000,4702000,11,1989,0.5499999999999999,99.45
2351,4702000,4704000,7,1993,0.35000000000000003,99.65
2352,4704000,4706000,18,1982,0.8999999999999999,99.1
2353,4706000,4708000,109,1891,5.45,94.55
2354,4708000,4710000,15,1985,0.75,99.25
2355,4710000,4712000,48,1952,2.4,97.6
2356,4712000,4714000,13,1987,0.65,99.35
2357,4714000,4716000,42,1958,2.1,97.9
2358,4716000,4718000,7,1993,0.35000000000000003,99.65
2359,4718000,4720000,97,1903,4.8500000000000005,95.15
2360,4720000,4722000,16,1984,0.8,99.2
2361,4722000,4724000,7,1993,0.35000000000000003,99.65
2362,4724000,4726000,9,1991,0.44999999999999996,99.55
2363,4726000,4728000,0,2000,0.0,100.0
2364,4728000,4730000,15,1985,0.75,99.25
2365,4730000,4732000,10,1990,0.5,99.5
2366,4732000,4734000,19,1981,0.95,99.05
2367,4734000,4736000,140,1860,7.000000000000001,93.0
2368,4736000,4738000,19,1981,0.95,99.05
2369,4738000,4740000,10,1990,0.5,99.5
2370,4740000,4742000,7,1993,0.35000000000000003,99.65
2371,4742000,4744000,61,1939,3.05,96.95
2372,4744000,4746000,16,1984,0.8,99.2
2373,4746000,4748000,19,1981,0.95,99.05
2374,4748000,4750000,133,1867,6.65,93.35
2375,4750000,4752000,11,1989,0.5499999999999999,99.45
2376,4752000,4754000,10,1990,0.5,99.5
2377,4754000,4756000,9,1991,0.44999999999999996,99.55
2378,4756000,4758000,20,1980,1.0,99.0
2379,4758000,4760000,10,1990,0.5,99.5
2380,4760000,4762000,127,1873,6.35,93.65
2381,4762000,4764000,7,1993,0.35000000000000003,99.65
2382,4764000,4766000,8,1992,0.4,99.6
2383,4766000,4768000,9,1991,0.44999999999999996,99.55
2384,4768000,4770000,7,1993,0.35000000000000003,99.65
2385,4770000,4772000,7,1993,0.35000000000000003,99.65
2386,4772000,4774000,7,1993,0.35000000000000003,99.65
2387,4774000,4776000,115,1885,5.75,94.25
2388,4776000,4778000,10,1990,0.5,99.5
2389,4778000,4780000,8,1992,0.4,99.6
2390,4780000,4782000,8,1992,0.4,99.6
2391,4782000,4784000,7,1993,0.35000000000000003,99.65
2392,4784000,4786000,14,1986,0.7000000000000001,99.3
2393,4786000,4788000,9,1991,0.44999999999999996,99.55
2394,4788000,4790000,7,1993,0.35000000000000003,99.65
2395,4790000,4792000,206,1794,10.299999999999999,89.7
2396,4792000,4794000,7,1993,0.35000000000000003,99.65
2397,4794000,4796000,13,1987,0.65,99.35
2398,4796000,4798000,6,1994,0.3,99.7
2399,4798000,4800000,12,1988,0.6,99.4
2400,4800000,4802000,171,1829,8.55,91.45
2401,4802000,4804000,7,1993,0.35000000000000003,99.65
2402,4804000,4806000,12,1988,0.6,99.4
2403,4806000,4808000,6,1994,0.3,99.7
2404,4808000,4810000,8,1992,0.4,99.6
2405,4810000,4812000,21,1979,1.05,98.95
2406,4812000,4814000,8,1992,0.4,99.6
2407,4814000,4816000,224,1776,11.200000000000001,88.8
2408,4816000,4818000,9,1991,0.44999999999999996,99.55
2409,4818000,4820000,13,1987,0.65,99.35
2410,4820000,4822000,8,1992,0.4,99.6
2411,4822000,4824000,17,1983,0.8500000000000001,99.15
2412,4824000,4826000,9,1991,0.44999999999999996,99.55
2413,4826000,4828000,213,1787,10.65,89.35
2414,4828000,4830000,8,1992,0.4,99.6
2415,4830000,4832000,10,1990,0.5,99.5
2416,4832000,4834000,14,1986,0.7000000000000001,99.3
2417,4834000,4836000,7,1993,0.35000000000000003,99.65
2418,4836000,4838000,7,1993,0.35000000000000003,99.65
2419,4838000,4840000,8,1992,0.4,99.6
2420,4840000,4842000,290,1710,14.499999999999998,85.5
2421,4842000,4844000,7,1993,0.35000000000000003,99.65
2422,4844000,4846000,15,1985,0.75,99.25
2423,4846000,4848000,8,1992,0.4,99.6
2424,4848000,4850000,8,1992,0.4,99.6
2425,4850000,4852000,7,1993,0.35000000000000003,99.65
2426,4852000,4854000,14,1986,0.7000000000000001,99.3
2427,4854000,4856000,144,1856,7.199999999999999,92.8
2428,4856000,4858000,11,1989,0.5499999999999999,99.45
2429,4858000,4860000,9,1991,0.44999999999999996,99.55
2430,4860000,4862000,14,1986,0.7000000000000001,99.3
2431,4862000,4864000,16,1984,0.8,99.2
2432,4864000,4866000,0,2000,0.0,100.0
2433,4866000,4868000,24,1976,1.2,98.8
2434,4868000,4870000,9,1991,0.44999999999999996,99.55
2435,4870000,4872000,267,1733,13.350000000000001,86.65
2436,4872000,4874000,9,1991,0.44999999999999996,99.55
2437,4874000,4876000,12,1988,0.6,99.4
2438,4876000,4878000,9,1991,0.44999999999999996,99.55
2439,4878000,4880000,18,1982,0.8999999999999999,99.1
2440,4880000,4882000,9,1991,0.44999999999999996,99.55
2441,4882000,4884000,13,1987,0.65,99.35
2442,4884000,4886000,94,1906,4.7,95.3
2443,4886000,4888000,104,1896,5.2,94.8
2444,4888000,4890000,14,1986,0.7000000000000001,99.3
2445,4890000,4892000,7,1993,0.35000000000000003,99.65
2446,4892000,4894000,7,1993,0.35000000000000003,99.65
2447,4894000,4896000,28,1972,1.4000000000000001,98.6
2448,4896000,4898000,118,1882,5.8999999999999995,94.1
2449,4898000,4900000,7,1993,0.35000000000000003,99.65
2450,4900000,4902000,16,1984,0.8,99.2
2451,4902000,4904000,6,1994,0.3,99.7
2452,4904000,4906000,12,1988,0.6,99.4
2453,4906000,4908000,6,1994,0.3,99.7
2454,4908000,4910000,109,1891,5.45,94.55
2455,4910000,4912000,17,1983,0.8500000000000001,99.15
2456,4912000,4914000,6,1994,0.3,99.7
2457,4914000,4916000,12,1988,0.6,99.4
2458,4916000,4918000,6,1994,0.3,99.7
2459,4918000,4920000,6,1994,0.3,99.7
2460,4920000,4922000,116,1884,5.800000000000001,94.2
2461,4922000,4924000,6,1994,0.3,99.7
2462,4924000,4926000,13,1987,0.65,99.35
2463,4926000,4928000,6,1994,0.3,99.7
2464,4928000,4930000,7,1993,0.35000000000000003,99.65
2465,4930000,4932000,14,1986,0.7000000000000001,99.3
2466,4932000,4934000,102,1898,5.1,94.9
2467,4934000,4936000,12,1988,0.6,99.4
2468,4936000,4938000,6,1994,0.3,99.7
2469,4938000,4940000,12,1988,0.6,99.4
2470,4940000,4942000,9,1991,0.44999999999999996,99.55
2471,4942000,4944000,3,1997,0.15,99.85
2472,4944000,4946000,116,1884,5.800000000000001,94.2
2473,4946000,4948000,11,1989,0.5499999999999999,99.45
2474,4948000,4950000,8,1992,0.4,99.6
2475,4950000,4952000,10,1990,0.5,99.5
2476,4952000,4954000,13,1987,0.65,99.35
2477,4954000,4956000,7,1993,0.35000000000000003,99.65
2478,4956000,4958000,112,1888,5.6000000000000005,94.4
2479,4958000,4960000,14,1986,0.7000000000000001,99.3
2480,4960000,4962000,10,1990,0.5,99.5
2481,4962000,4964000,8,1992,0.4,99.6
2482,4964000,4966000,13,1987,0.65,99.35
2483,4966000,4968000,7,1993,0.35000000000000003,99.65
2484,4968000,4970000,171,1829,8.55,91.45
2485,4970000,4972000,17,1983,0.8500000000000001,99.15
2486,4972000,4974000,7,1993,0.35000000000000003,99.65
2487,4974000,4976000,13,1987,0.65,99.35
2488,4976000,4978000,10,1990,0.5,99.5
2489,4978000,4980000,7,1993,0.35000000000000003,99.65
2490,4980000,4982000,156,1844,7.8,92.2
2491,4982000,4984000,8,1992,0.4,99.6
2492,4984000,4986000,7,1993,0.35000000000000003,99.65
2493,4986000,4988000,12,1988,0.6,99.4
2494,4988000,4990000,8,1992,0.4,99.6
2495,4990000,4992000,9,1991,0.44999999999999996,99.55
2496,4992000,4994000,110,1890,5.5,94.5
2497,4994000,4996000,15,1985,0.75,99.25
2498,4996000,4998000,8,1992,0.4,99.6
2499,4998000,5000000,9,1991,0.44999999999999996,99.55
2500,5000000,5002000,16,1984,0.8,99.2
2501,5002000,5004000,7,1993,0.35000000000000003,99.65
2502,5004000,5006000,11,1989,0.5499999999999999,99.45
2503,5006000,5008000,225,1775,11.25,88.75
2504,5008000,5010000,0,2000,0.0,100.0
2505,5010000,5012000,10,1990,0.5,99.5
2506,5012000,5014000,18,1982,0.8999999999999999,99.1
2507,5014000,5016000,7,1993,0.35000000000000003,99.65
2508,5016000,5018000,8,1992,0.4,99.6
2509,5018000,5020000,16,1984,0.8,99.2
2510,5020000,5022000,11,1989,0.5499999999999999,99.45
2511,5022000,5024000,180,1820,9.0,91.0
2512,5024000,5026000,12,1988,0.6,99.4
2513,5026000,5028000,8,1992,0.4,99.6
2514,5028000,5030000,7,1993,0.35000000000000003,99.65
2515,5030000,5032000,17,1983,0.8500000000000001,99.15
2516,5032000,5034000,10,1990,0.5,99.5
2517,5034000,5036000,102,1898,5.1,94.9
2518,5036000,5038000,9,1991,0.44999999999999996,99.55
2519,5038000,5040000,15,1985,0.75,99.25
2520,5040000,5042000,8,1992,0.4,99.6
2521,5042000,5044000,15,1985,0.75,99.25
2522,5044000,5046000,7,1993,0.35000000000000003,99.65
2523,5046000,5048000,94,1906,4.7,95.3
2524,5048000,5050000,11,1989,0.5499999999999999,99.45
2525,5050000,5052000,7,1993,0.35000000000000003,99.65
2526,5052000,5054000,7,1993,0.35000000000000003,99.65
2527,5054000,5056000,9,1991,0.44999999999999996,99.55
2528,5056000,5058000,16,1984,0.8,99.2
2529,5058000,5060000,8,1992,0.4,99.6
2530,5060000,5062000,107,1893,5.35,94.65
2531,5062000,5064000,17,1983,0.8500000000000001,99.15
2532,5064000,5066000,0,2000,0.0,100.0
2533,5066000,5068000,0,2000,0.0,100.0
2534,5068000,5070000,20,1980,1.0,99.0
2535,5070000,5072000,13,1987,0.65,99.35
2536,5072000,5074000,9,1991,0.44999999999999996,99.55
2537,5074000,5076000,19,1981,0.95,99.05
2538,5076000,5078000,7,1993,0.35000000000000003,99.65
2539,5078000,5080000,133,1867,6.65,93.35
2540,5080000,5082000,11,1989,0.5499999999999999,99.45
2541,5082000,5084000,8,1992,0.4,99.6
2542,5084000,5086000,25,1975,1.25,98.75
2543,5086000,5088000,12,1988,0.6,99.4
2544,5088000,5090000,11,1989,0.5499999999999999,99.45
2545,5090000,5092000,133,1867,6.65,93.35
2546,5092000,5094000,8,1992,0.4,99.6
2547,5094000,5096000,15,1985,0.75,99.25
2548,5096000,5098000,8,1992,0.4,99.6
2549,5098000,5100000,7,1993,0.35000000000000003,99.65
2550,5100000,5102000,17,1983,0.8500000000000001,99.15
2551,5102000,5104000,8,1992,0.4,99.6
2552,5104000,5106000,106,1894,5.3,94.7
2553,5106000,5108000,14,1986,0.7000000000000001,99.3
2554,5108000,5110000,7,1993,0.35000000000000003,99.65
2555,5110000,5112000,13,1987,0.65,99.35
2556,5112000,5114000,7,1993,0.35000000000000003,99.65
2557,5114000,5116000,175,1825,8.75,91.25
2558,5116000,5118000,7,1993,0.35000000000000003,99.65
2559,5118000,5120000,14,1986,0.7000000000000001,99.3
2560,5120000,5122000,7,1993,0.35000000000000003,99.65
2561,5122000,5124000,14,1986,0.7000000000000001,99.3
2562,5124000,5126000,7,1993,0.35000000000000003,99.65
2563,5126000,5128000,190,1810,9.5,90.5
2564,5128000,5130000,8,1992,0.4,99.6
2565,5130000,5132000,14,1986,0.7000000000000001,99.3
2566,5132000,5134000,8,1992,0.4,99.6
2567,5134000,5136000,9,1991,0.44999999999999996,99.55
2568,5136000,5138000,16,1984,0.8,99.2
2569,5138000,5140000,58,1942,2.9000000000000004,97.1
2570,5140000,5142000,98,1902,4.9,95.1
2571,5142000,5144000,16,1984,0.8,99.2
2572,5144000,5146000,26,1974,1.3,98.7
2573,5146000,5148000,17,1983,0.8500000000000001,99.15
2574,5148000,5150000,10,1990,0.5,99.5
2575,5150000,5152000,96,1904,4.8,95.2
2576,5152000,5154000,7,1993,0.35000000000000003,99.65
2577,5154000,5156000,14,1986,0.7000000000000001,99.3
2578,5156000,5158000,10,1990,0.5,99.5
2579,5158000,5160000,14,1986,0.7000000000000001,99.3
2580,5160000,5162000,8,1992,0.4,99.6
2581,5162000,5164000,105,1895,5.25,94.75
2582,5164000,5166000,7,1993,0.35000000000000003,99.65
2583,5166000,5168000,17,1983,0.8500000000000001,99.15
2584,5168000,5170000,8,1992,0.4,99.6
2585,5170000,5172000,15,1985,0.75,99.25
2586,5172000,5174000,7,1993,0.35000000000000003,99.65
2587,5174000,5176000,148,1852,7.3999999999999995,92.6
2588,5176000,5178000,15,1985,0.75,99.25
2589,5178000,5180000,9,1991,0.44999999999999996,99.55
2590,5180000,5182000,19,1981,0.95,99.05
2591,5182000,5184000,8,1992,0.4,99.6
2592,5184000,5186000,7,1993,0.35000000000000003,99.65
2593,5186000,5188000,228,1772,11.4,88.6
2594,5188000,5190000,16,1984,0.8,99.2
2595,5190000,5192000,7,1993,0.35000000000000003,99.65
2596,5192000,5194000,15,1985,0.75,99.25
2597,5194000,5196000,7,1993,0.35000000000000003,99.65
2598,5196000,5198000,7,1993,0.35000000000000003,99.65
2599,5198000,5200000,139,1861,6.950000000000001,93.05
2600,5200000,5202000,9,1991,0.44999999999999996,99.55
2601,5202000,5204000,8,1992,0.4,99.6
2602,5204000,5206000,11,1989,0.5499999999999999,99.45
2603,5206000,5208000,59,1941,2.9499999999999997,97.05
2604,5208000,5210000,9,1991,0.44999999999999996,99.55
2605,5210000,5212000,0,2000,0.0,100.0
2606,5212000,5214000,22,1978,1.0999999999999999,98.9
2607,5214000,5216000,154,1846,7.7,92.3
2608,5216000,5218000,9,1991,0.44999999999999996,99.55
2609,5218000,5220000,9,1991,0.44999999999999996,99.55
2610,5220000,5222000,9,1991,0.44999999999999996,99.55
2611,5222000,5224000,8,1992,0.4,99.6
2612,5224000,5226000,20,1980,1.0,99.0
2613,5226000,5228000,10,1990,0.5,99.5
2614,5228000,5230000,10,1990,0.5,99.5
2615,5230000,5232000,137,1863,6.8500000000000005,93.15
2616,5232000,5233439,32,1407,2.223766504517026,97.77623349548297
