bin_index,start_time_us,end_time_us,waiting_time_us,running_time_us,waiting_pct,running_pct
0,0,2000,158,1842,7.9,92.1
1,2000,4000,70,1930,3.5000000000000004,96.5
2,4000,6000,93,1907,4.65,95.35
3,6000,8000,71,1929,3.55,96.45
4,8000,10000,66,1934,3.3000000000000003,96.7
5,10000,12000,29,1971,1.4500000000000002,98.55
6,12000,14000,84,1916,4.2,95.8
7,14000,16000,65,1935,3.25,96.75
8,16000,18000,71,1929,3.55,96.45
9,18000,20000,42,1958,2.1,97.9
10,20000,22000,59,1941,2.9499999999999997,97.05
11,22000,24000,40,1960,2.0,98.0
12,24000,26000,15,1985,0.75,99.25
13,26000,28000,39,1961,1.95,98.05
14,28000,30000,38,1962,1.9,98.1
15,30000,32000,29,1971,1.4500000000000002,98.55
16,32000,34000,32,1968,1.6,98.4
17,34000,36000,34,1966,1.7000000000000002,98.3
18,36000,38000,35,1965,1.7500000000000002,98.25
19,38000,40000,34,1966,1.7000000000000002,98.3
20,40000,42000,33,1967,1.6500000000000001,98.35
21,42000,44000,32,1968,1.6,98.4
22,44000,46000,34,1966,1.7000000000000002,98.3
23,46000,48000,32,1968,1.6,98.4
24,48000,50000,36,1964,1.7999999999999998,98.2
25,50000,52000,33,1967,1.6500000000000001,98.35
26,52000,54000,34,1966,1.7000000000000002,98.3
27,54000,56000,32,1968,1.6,98.4
28,56000,58000,32,1968,1.6,98.4
29,58000,60000,31,1969,1.55,98.45
30,60000,62000,36,1964,1.7999999999999998,98.2
31,62000,64000,34,1966,1.7000000000000002,98.3
32,64000,66000,33,1967,1.6500000000000001,98.35
33,66000,68000,34,1966,1.7000000000000002,98.3
34,68000,70000,35,1965,1.7500000000000002,98.25
35,70000,72000,35,1965,1.7500000000000002,98.25
36,72000,74000,34,1966,1.7000000000000002,98.3
37,74000,76000,33,1967,1.6500000000000001,98.35
38,76000,78000,35,1965,1.7500000000000002,98.25
39,78000,80000,28,1972,1.4000000000000001,98.6
40,80000,82000,19,1981,0.95,99.05
41,82000,84000,40,1960,2.0,98.0
42,84000,86000,34,1966,1.7000000000000002,98.3
43,86000,88000,34,1966,1.7000000000000002,98.3
44,88000,90000,33,1967,1.6500000000000001,98.35
45,90000,92000,34,1966,1.7000000000000002,98.3
46,92000,94000,31,1969,1.55,98.45
47,94000,96000,35,1965,1.7500000000000002,98.25
48,96000,98000,31,1969,1.55,98.45
49,98000,100000,33,1967,1.6500000000000001,98.35
50,100000,102000,33,1967,1.6500000000000001,98.35
51,102000,104000,33,1967,1.6500000000000001,98.35
52,104000,106000,35,1965,1.7500000000000002,98.25
53,106000,108000,36,1964,1.7999999999999998,98.2
54,108000,110000,32,1968,1.6,98.4
55,110000,112000,34,1966,1.7000000000000002,98.3
56,112000,114000,34,1966,1.7000000000000002,98.3
57,114000,116000,36,1964,1.7999999999999998,98.2
58,116000,118000,33,1967,1.6500000000000001,98.35
59,118000,120000,34,1966,1.7000000000000002,98.3
60,120000,122000,36,1964,1.7999999999999998,98.2
61,122000,124000,35,1965,1.7500000000000002,98.25
62,124000,126000,59,1941,2.9499999999999997,97.05
63,126000,128000,39,1961,1.95,98.05
64,128000,130000,35,1965,1.7500000000000002,98.25
65,130000,132000,33,1967,1.6500000000000001,98.35
66,132000,134000,32,1968,1.6,98.4
67,134000,136000,34,1966,1.7000000000000002,98.3
68,136000,138000,34,1966,1.7000000000000002,98.3
69,138000,140000,33,1967,1.6500000000000001,98.35
70,140000,142000,31,1969,1.55,98.45
71,142000,144000,35,1965,1.7500000000000002,98.25
72,144000,146000,37,1963,1.8499999999999999,98.15
73,146000,148000,34,1966,1.7000000000000002,98.3
74,148000,150000,37,1963,1.8499999999999999,98.15
75,150000,152000,38,1962,1.9,98.1
76,152000,154000,32,1968,1.6,98.4
77,154000,156000,36,1964,1.7999999999999998,98.2
78,156000,158000,36,1964,1.7999999999999998,98.2
79,158000,160000,32,1968,1.6,98.4
80,160000,162000,36,1964,1.7999999999999998,98.2
81,162000,164000,35,1965,1.7500000000000002,98.25
82,164000,166000,36,1964,1.7999999999999998,98.2
83,166000,168000,37,1963,1.8499999999999999,98.15
84,168000,170000,33,1967,1.6500000000000001,98.35
85,170000,172000,46,1954,2.3,97.7
86,172000,174000,36,1964,1.7999999999999998,98.2
87,174000,176000,32,1968,1.6,98.4
88,176000,178000,35,1965,1.7500000000000002,98.25
89,178000,180000,39,1961,1.95,98.05
90,180000,182000,35,1965,1.7500000000000002,98.25
91,182000,184000,33,1967,1.6500000000000001,98.35
92,184000,186000,35,1965,1.7500000000000002,98.25
93,186000,188000,34,1966,1.7000000000000002,98.3
94,188000,190000,38,1962,1.9,98.1
95,190000,192000,35,1965,1.7500000000000002,98.25
96,192000,194000,32,1968,1.6,98.4
97,194000,196000,36,1964,1.7999999999999998,98.2
98,196000,198000,33,1967,1.6500000000000001,98.35
99,198000,200000,35,1965,1.7500000000000002,98.25
100,200000,202000,35,1965,1.7500000000000002,98.25
101,202000,204000,34,1966,1.7000000000000002,98.3
102,204000,206000,34,1966,1.7000000000000002,98.3
103,206000,208000,32,1968,1.6,98.4
104,208000,210000,38,1962,1.9,98.1
105,210000,212000,36,1964,1.7999999999999998,98.2
106,212000,214000,38,1962,1.9,98.1
107,214000,216000,35,1965,1.7500000000000002,98.25
108,216000,218000,34,1966,1.7000000000000002,98.3
109,218000,220000,32,1968,1.6,98.4
110,220000,222000,45,1955,2.25,97.75
111,222000,224000,33,1967,1.6500000000000001,98.35
112,224000,226000,39,1961,1.95,98.05
113,226000,228000,35,1965,1.7500000000000002,98.25
114,228000,230000,34,1966,1.7000000000000002,98.3
115,230000,232000,37,1963,1.8499999999999999,98.15
116,232000,234000,33,1967,1.6500000000000001,98.35
117,234000,236000,42,1958,2.1,97.9
118,236000,238000,35,1965,1.7500000000000002,98.25
119,238000,240000,34,1966,1.7000000000000002,98.3
120,240000,242000,35,1965,1.7500000000000002,98.25
121,242000,244000,33,1967,1.6500000000000001,98.35
122,244000,246000,34,1966,1.7000000000000002,98.3
123,246000,248000,36,1964,1.7999999999999998,98.2
124,248000,250000,37,1963,1.8499999999999999,98.15
125,250000,252000,37,1963,1.8499999999999999,98.15
126,252000,254000,33,1967,1.6500000000000001,98.35
127,254000,256000,31,1969,1.55,98.45
128,256000,258000,36,1964,1.7999999999999998,98.2
129,258000,260000,35,1965,1.7500000000000002,98.25
130,260000,262000,32,1968,1.6,98.4
131,262000,264000,51,1949,2.55,97.45
132,264000,266000,42,1958,2.1,97.9
133,266000,268000,35,1965,1.7500000000000002,98.25
134,268000,270000,34,1966,1.7000000000000002,98.3
135,270000,272000,35,1965,1.7500000000000002,98.25
136,272000,274000,36,1964,1.7999999999999998,98.2
137,274000,276000,35,1965,1.7500000000000002,98.25
138,276000,278000,36,1964,1.7999999999999998,98.2
139,278000,280000,34,1966,1.7000000000000002,98.3
140,280000,282000,33,1967,1.6500000000000001,98.35
141,282000,284000,33,1967,1.6500000000000001,98.35
142,284000,286000,33,1967,1.6500000000000001,98.35
143,286000,288000,32,1968,1.6,98.4
144,288000,290000,37,1963,1.8499999999999999,98.15
145,290000,292000,34,1966,1.7000000000000002,98.3
146,292000,294000,50,1950,2.5,97.5
147,294000,296000,37,1963,1.8499999999999999,98.15
148,296000,298000,37,1963,1.8499999999999999,98.15
149,298000,300000,34,1966,1.7000000000000002,98.3
150,300000,302000,35,1965,1.7500000000000002,98.25
151,302000,304000,38,1962,1.9,98.1
152,304000,306000,34,1966,1.7000000000000002,98.3
153,306000,308000,36,1964,1.7999999999999998,98.2
154,308000,310000,33,1967,1.6500000000000001,98.35
155,310000,312000,36,1964,1.7999999999999998,98.2
156,312000,314000,33,1967,1.6500000000000001,98.35
157,314000,316000,34,1966,1.7000000000000002,98.3
158,316000,318000,33,1967,1.6500000000000001,98.35
159,318000,320000,40,1960,2.0,98.0
160,320000,322000,34,1966,1.7000000000000002,98.3
161,322000,324000,32,1968,1.6,98.4
162,324000,326000,47,1953,2.35,97.65
163,326000,328000,37,1963,1.8499999999999999,98.15
164,328000,330000,36,1964,1.7999999999999998,98.2
165,330000,332000,35,1965,1.7500000000000002,98.25
166,332000,334000,37,1963,1.8499999999999999,98.15
167,334000,336000,36,1964,1.7999999999999998,98.2
168,336000,338000,34,1966,1.7000000000000002,98.3
169,338000,340000,34,1966,1.7000000000000002,98.3
170,340000,342000,34,1966,1.7000000000000002,98.3
171,342000,344000,37,1963,1.8499999999999999,98.15
172,344000,346000,35,1965,1.7500000000000002,98.25
173,346000,348000,36,1964,1.7999999999999998,98.2
174,348000,350000,37,1963,1.8499999999999999,98.15
175,350000,352000,37,1963,1.8499999999999999,98.15
176,352000,354000,34,1966,1.7000000000000002,98.3
177,354000,356000,33,1967,1.6500000000000001,98.35
178,356000,358000,38,1962,1.9,98.1
179,358000,360000,40,1960,2.0,98.0
180,360000,362000,37,1963,1.8499999999999999,98.15
181,362000,364000,33,1967,1.6500000000000001,98.35
182,364000,366000,47,1953,2.35,97.65
183,366000,368000,34,1966,1.7000000000000002,98.3
184,368000,370000,33,1967,1.6500000000000001,98.35
185,370000,372000,36,1964,1.7999999999999998,98.2
186,372000,374000,28,1972,1.4000000000000001,98.6
187,374000,376000,37,1963,1.8499999999999999,98.15
188,376000,378000,51,1949,2.55,97.45
189,378000,380000,37,1963,1.8499999999999999,98.15
190,380000,382000,35,1965,1.7500000000000002,98.25
191,382000,384000,34,1966,1.7000000000000002,98.3
192,384000,386000,33,1967,1.6500000000000001,98.35
193,386000,388000,34,1966,1.7000000000000002,98.3
194,388000,390000,37,1963,1.8499999999999999,98.15
195,390000,392000,33,1967,1.6500000000000001,98.35
196,392000,394000,43,1957,2.15,97.85
197,394000,396000,34,1966,1.7000000000000002,98.3
198,396000,398000,32,1968,1.6,98.4
199,398000,400000,33,1967,1.6500000000000001,98.35
200,400000,402000,34,1966,1.7000000000000002,98.3
201,402000,404000,35,1965,1.7500000000000002,98.25
202,404000,406000,36,1964,1.7999999999999998,98.2
203,406000,408000,36,1964,1.7999999999999998,98.2
204,408000,410000,26,1974,1.3,98.7
205,410000,412000,43,1957,2.15,97.85
206,412000,414000,39,1961,1.95,98.05
207,414000,416000,33,1967,1.6500000000000001,98.35
208,416000,418000,35,1965,1.7500000000000002,98.25
209,418000,420000,40,1960,2.0,98.0
210,420000,422000,35,1965,1.7500000000000002,98.25
211,422000,424000,33,1967,1.6500000000000001,98.35
212,424000,426000,32,1968,1.6,98.4
213,426000,428000,40,1960,2.0,98.0
214,428000,430000,35,1965,1.7500000000000002,98.25
215,430000,432000,36,1964,1.7999999999999998,98.2
216,432000,434000,34,1966,1.7000000000000002,98.3
217,434000,436000,45,1955,2.25,97.75
218,436000,438000,31,1969,1.55,98.45
219,438000,440000,31,1969,1.55,98.45
220,440000,442000,37,1963,1.8499999999999999,98.15
221,442000,444000,35,1965,1.7500000000000002,98.25
222,444000,446000,33,1967,1.6500000000000001,98.35
223,446000,448000,36,1964,1.7999999999999998,98.2
224,448000,450000,32,1968,1.6,98.4
225,450000,452000,35,1965,1.7500000000000002,98.25
226,452000,454000,35,1965,1.7500000000000002,98.25
227,454000,456000,34,1966,1.7000000000000002,98.3
228,456000,458000,35,1965,1.7500000000000002,98.25
229,458000,460000,35,1965,1.7500000000000002,98.25
230,460000,462000,35,1965,1.7500000000000002,98.25
231,462000,464000,35,1965,1.7500000000000002,98.25
232,464000,466000,33,1967,1.6500000000000001,98.35
233,466000,468000,51,1949,2.55,97.45
234,468000,470000,35,1965,1.7500000000000002,98.25
235,470000,472000,34,1966,1.7000000000000002,98.3
236,472000,474000,35,1965,1.7500000000000002,98.25
237,474000,476000,32,1968,1.6,98.4
238,476000,478000,33,1967,1.6500000000000001,98.35
239,478000,480000,34,1966,1.7000000000000002,98.3
240,480000,482000,42,1958,2.1,97.9
241,482000,484000,37,1963,1.8499999999999999,98.15
242,484000,486000,36,1964,1.7999999999999998,98.2
243,486000,488000,44,1956,2.1999999999999997,97.8
244,488000,490000,38,1962,1.9,98.1
245,490000,492000,35,1965,1.7500000000000002,98.25
246,492000,494000,35,1965,1.7500000000000002,98.25
247,494000,496000,37,1963,1.8499999999999999,98.15
248,496000,498000,46,1954,2.3,97.7
249,498000,500000,36,1964,1.7999999999999998,98.2
250,500000,502000,36,1964,1.7999999999999998,98.2
251,502000,504000,65,1935,3.25,96.75
252,504000,506000,35,1965,1.7500000000000002,98.25
253,506000,508000,33,1967,1.6500000000000001,98.35
254,508000,510000,35,1965,1.7500000000000002,98.25
255,510000,512000,45,1955,2.25,97.75
256,512000,514000,34,1966,1.7000000000000002,98.3
257,514000,516000,35,1965,1.7500000000000002,98.25
258,516000,518000,34,1966,1.7000000000000002,98.3
259,518000,520000,35,1965,1.7500000000000002,98.25
260,520000,522000,35,1965,1.7500000000000002,98.25
261,522000,524000,33,1967,1.6500000000000001,98.35
262,524000,526000,56,1944,2.8000000000000003,97.2
263,526000,528000,34,1966,1.7000000000000002,98.3
264,528000,530000,36,1964,1.7999999999999998,98.2
265,530000,532000,34,1966,1.7000000000000002,98.3
266,532000,534000,36,1964,1.7999999999999998,98.2
267,534000,536000,42,1958,2.1,97.9
268,536000,538000,35,1965,1.7500000000000002,98.25
269,538000,540000,32,1968,1.6,98.4
270,540000,542000,34,1966,1.7000000000000002,98.3
271,542000,544000,41,1959,2.0500000000000003,97.95
272,544000,546000,35,1965,1.7500000000000002,98.25
273,546000,548000,35,1965,1.7500000000000002,98.25
274,548000,550000,34,1966,1.7000000000000002,98.3
275,550000,552000,35,1965,1.7500000000000002,98.25
276,552000,554000,36,1964,1.7999999999999998,98.2
277,554000,556000,45,1955,2.25,97.75
278,556000,558000,37,1963,1.8499999999999999,98.15
279,558000,560000,37,1963,1.8499999999999999,98.15
280,560000,562000,35,1965,1.7500000000000002,98.25
281,562000,564000,33,1967,1.6500000000000001,98.35
282,564000,566000,44,1956,2.1999999999999997,97.8
283,566000,568000,35,1965,1.7500000000000002,98.25
284,568000,570000,33,1967,1.6500000000000001,98.35
285,570000,572000,37,1963,1.8499999999999999,98.15
286,572000,574000,33,1967,1.6500000000000001,98.35
287,574000,576000,36,1964,1.7999999999999998,98.2
288,576000,578000,51,1949,2.55,97.45
289,578000,580000,33,1967,1.6500000000000001,98.35
290,580000,582000,35,1965,1.7500000000000002,98.25
291,582000,584000,39,1961,1.95,98.05
292,584000,586000,36,1964,1.7999999999999998,98.2
293,586000,588000,32,1968,1.6,98.4
294,588000,590000,33,1967,1.6500000000000001,98.35
295,590000,592000,38,1962,1.9,98.1
296,592000,594000,40,1960,2.0,98.0
297,594000,596000,32,1968,1.6,98.4
298,596000,598000,37,1963,1.8499999999999999,98.15
299,598000,600000,34,1966,1.7000000000000002,98.3
300,600000,602000,35,1965,1.7500000000000002,98.25
301,602000,604000,39,1961,1.95,98.05
302,604000,606000,36,1964,1.7999999999999998,98.2
303,606000,608000,33,1967,1.6500000000000001,98.35
304,608000,610000,37,1963,1.8499999999999999,98.15
305,610000,612000,34,1966,1.7000000000000002,98.3
306,612000,614000,36,1964,1.7999999999999998,98.2
307,614000,616000,35,1965,1.7500000000000002,98.25
308,616000,618000,36,1964,1.7999999999999998,98.2
309,618000,620000,36,1964,1.7999999999999998,98.2
310,620000,622000,35,1965,1.7500000000000002,98.25
311,622000,624000,38,1962,1.9,98.1
312,624000,626000,35,1965,1.7500000000000002,98.25
313,626000,628000,59,1941,2.9499999999999997,97.05
314,628000,630000,41,1959,2.0500000000000003,97.95
315,630000,632000,35,1965,1.7500000000000002,98.25
316,632000,634000,33,1967,1.6500000000000001,98.35
317,634000,636000,32,1968,1.6,98.4
318,636000,638000,33,1967,1.6500000000000001,98.35
319,638000,640000,35,1965,1.7500000000000002,98.25
320,640000,642000,34,1966,1.7000000000000002,98.3
321,642000,644000,34,1966,1.7000000000000002,98.3
322,644000,646000,35,1965,1.7500000000000002,98.25
323,646000,648000,36,1964,1.7999999999999998,98.2
324,648000,650000,33,1967,1.6500000000000001,98.35
325,650000,652000,35,1965,1.7500000000000002,98.25
326,652000,654000,33,1967,1.6500000000000001,98.35
327,654000,656000,31,1969,1.55,98.45
328,656000,658000,36,1964,1.7999999999999998,98.2
329,658000,660000,36,1964,1.7999999999999998,98.2
330,660000,662000,35,1965,1.7500000000000002,98.25
331,662000,664000,34,1966,1.7000000000000002,98.3
332,664000,666000,33,1967,1.6500000000000001,98.35
333,666000,668000,33,1967,1.6500000000000001,98.35
334,668000,670000,34,1966,1.7000000000000002,98.3
335,670000,672000,34,1966,1.7000000000000002,98.3
336,672000,674000,34,1966,1.7000000000000002,98.3
337,674000,676000,33,1967,1.6500000000000001,98.35
338,676000,678000,35,1965,1.7500000000000002,98.25
339,678000,680000,37,1963,1.8499999999999999,98.15
340,680000,682000,35,1965,1.7500000000000002,98.25
341,682000,684000,35,1965,1.7500000000000002,98.25
342,684000,686000,32,1968,1.6,98.4
343,686000,688000,34,1966,1.7000000000000002,98.3
344,688000,690000,37,1963,1.8499999999999999,98.15
345,690000,692000,34,1966,1.7000000000000002,98.3
346,692000,694000,61,1939,3.05,96.95
347,694000,696000,34,1966,1.7000000000000002,98.3
348,696000,698000,34,1966,1.7000000000000002,98.3
349,698000,700000,33,1967,1.6500000000000001,98.35
350,700000,702000,34,1966,1.7000000000000002,98.3
351,702000,704000,33,1967,1.6500000000000001,98.35
352,704000,706000,35,1965,1.7500000000000002,98.25
353,706000,708000,52,1948,2.6,97.4
354,708000,710000,36,1964,1.7999999999999998,98.2
355,710000,712000,36,1964,1.7999999999999998,98.2
356,712000,714000,37,1963,1.8499999999999999,98.15
357,714000,716000,37,1963,1.8499999999999999,98.15
358,716000,718000,37,1963,1.8499999999999999,98.15
359,718000,720000,40,1960,2.0,98.0
360,720000,722000,41,1959,2.0500000000000003,97.95
361,722000,724000,35,1965,1.7500000000000002,98.25
362,724000,726000,34,1966,1.7000000000000002,98.3
363,726000,728000,38,1962,1.9,98.1
364,728000,730000,33,1967,1.6500000000000001,98.35
365,730000,732000,37,1963,1.8499999999999999,98.15
366,732000,734000,32,1968,1.6,98.4
367,734000,736000,40,1960,2.0,98.0
368,736000,738000,36,1964,1.7999999999999998,98.2
369,738000,740000,42,1958,2.1,97.9
370,740000,742000,35,1965,1.7500000000000002,98.25
371,742000,744000,38,1962,1.9,98.1
372,744000,746000,37,1963,1.8499999999999999,98.15
373,746000,748000,36,1964,1.7999999999999998,98.2
374,748000,750000,35,1965,1.7500000000000002,98.25
375,750000,752000,39,1961,1.95,98.05
376,752000,754000,34,1966,1.7000000000000002,98.3
377,754000,756000,34,1966,1.7000000000000002,98.3
378,756000,758000,35,1965,1.7500000000000002,98.25
379,758000,760000,53,1947,2.65,97.35
380,760000,762000,37,1963,1.8499999999999999,98.15
381,762000,764000,33,1967,1.6500000000000001,98.35
382,764000,766000,33,1967,1.6500000000000001,98.35
383,766000,768000,41,1959,2.0500000000000003,97.95
384,768000,770000,34,1966,1.7000000000000002,98.3
385,770000,772000,35,1965,1.7500000000000002,98.25
386,772000,774000,34,1966,1.7000000000000002,98.3
387,774000,776000,37,1963,1.8499999999999999,98.15
388,776000,778000,37,1963,1.8499999999999999,98.15
389,778000,780000,32,1968,1.6,98.4
390,780000,782000,37,1963,1.8499999999999999,98.15
391,782000,784000,36,1964,1.7999999999999998,98.2
392,784000,786000,33,1967,1.6500000000000001,98.35
393,786000,788000,35,1965,1.7500000000000002,98.25
394,788000,790000,47,1953,2.35,97.65
395,790000,792000,31,1969,1.55,98.45
396,792000,794000,33,1967,1.6500000000000001,98.35
397,794000,796000,33,1967,1.6500000000000001,98.35
398,796000,798000,33,1967,1.6500000000000001,98.35
399,798000,800000,33,1967,1.6500000000000001,98.35
400,800000,802000,32,1968,1.6,98.4
401,802000,804000,33,1967,1.6500000000000001,98.35
402,804000,806000,33,1967,1.6500000000000001,98.35
403,806000,808000,33,1967,1.6500000000000001,98.35
404,808000,810000,33,1967,1.6500000000000001,98.35
405,810000,812000,37,1963,1.8499999999999999,98.15
406,812000,814000,32,1968,1.6,98.4
407,814000,816000,33,1967,1.6500000000000001,98.35
408,816000,818000,36,1964,1.7999999999999998,98.2
409,818000,820000,33,1967,1.6500000000000001,98.35
410,820000,822000,37,1963,1.8499999999999999,98.15
411,822000,824000,35,1965,1.7500000000000002,98.25
412,824000,826000,35,1965,1.7500000000000002,98.25
413,826000,828000,36,1964,1.7999999999999998,98.2
414,828000,830000,34,1966,1.7000000000000002,98.3
415,830000,832000,32,1968,1.6,98.4
416,832000,834000,33,1967,1.6500000000000001,98.35
417,834000,836000,38,1962,1.9,98.1
418,836000,838000,36,1964,1.7999999999999998,98.2
419,838000,840000,38,1962,1.9,98.1
420,840000,842000,34,1966,1.7000000000000002,98.3
421,842000,844000,52,1948,2.6,97.4
422,844000,846000,37,1963,1.8499999999999999,98.15
423,846000,848000,33,1967,1.6500000000000001,98.35
424,848000,850000,34,1966,1.7000000000000002,98.3
425,850000,852000,36,1964,1.7999999999999998,98.2
426,852000,854000,33,1967,1.6500000000000001,98.35
427,854000,856000,32,1968,1.6,98.4
428,856000,858000,34,1966,1.7000000000000002,98.3
429,858000,860000,47,1953,2.35,97.65
430,860000,862000,36,1964,1.7999999999999998,98.2
431,862000,864000,32,1968,1.6,98.4
432,864000,866000,34,1966,1.7000000000000002,98.3
433,866000,868000,38,1962,1.9,98.1
434,868000,870000,36,1964,1.7999999999999998,98.2
435,870000,872000,31,1969,1.55,98.45
436,872000,874000,37,1963,1.8499999999999999,98.15
437,874000,876000,34,1966,1.7000000000000002,98.3
438,876000,878000,34,1966,1.7000000000000002,98.3
439,878000,880000,33,1967,1.6500000000000001,98.35
440,880000,882000,35,1965,1.7500000000000002,98.25
441,882000,884000,35,1965,1.7500000000000002,98.25
442,884000,886000,32,1968,1.6,98.4
443,886000,888000,36,1964,1.7999999999999998,98.2
444,888000,890000,36,1964,1.7999999999999998,98.2
445,890000,892000,34,1966,1.7000000000000002,98.3
446,892000,894000,37,1963,1.8499999999999999,98.15
447,894000,896000,35,1965,1.7500000000000002,98.25
448,896000,898000,41,1959,2.0500000000000003,97.95
449,898000,900000,32,1968,1.6,98.4
450,900000,902000,34,1966,1.7000000000000002,98.3
451,902000,904000,52,1948,2.6,97.4
452,904000,906000,35,1965,1.7500000000000002,98.25
453,906000,908000,33,1967,1.6500000000000001,98.35
454,908000,910000,37,1963,1.8499999999999999,98.15
455,910000,912000,34,1966,1.7000000000000002,98.3
456,912000,914000,33,1967,1.6500000000000001,98.35
457,914000,916000,40,1960,2.0,98.0
458,916000,918000,48,1952,2.4,97.6
459,918000,920000,44,1956,2.1999999999999997,97.8
460,920000,922000,38,1962,1.9,98.1
461,922000,924000,37,1963,1.8499999999999999,98.15
462,924000,926000,34,1966,1.7000000000000002,98.3
463,926000,928000,40,1960,2.0,98.0
464,928000,930000,32,1968,1.6,98.4
465,930000,932000,34,1966,1.7000000000000002,98.3
466,932000,934000,32,1968,1.6,98.4
467,934000,936000,35,1965,1.7500000000000002,98.25
468,936000,938000,33,1967,1.6500000000000001,98.35
469,938000,940000,35,1965,1.7500000000000002,98.25
470,940000,942000,34,1966,1.7000000000000002,98.3
471,942000,944000,33,1967,1.6500000000000001,98.35
472,944000,946000,36,1964,1.7999999999999998,98.2
473,946000,948000,37,1963,1.8499999999999999,98.15
474,948000,950000,3,1997,0.15,99.85
475,950000,952000,0,2000,0.0,100.0
476,952000,954000,0,2000,0.0,100.0
477,954000,956000,0,2000,0.0,100.0
478,956000,958000,0,2000,0.0,100.0
479,958000,960000,0,2000,0.0,100.0
480,960000,962000,0,2000,0.0,100.0
481,962000,964000,0,2000,0.0,100.0
482,964000,966000,0,2000,0.0,100.0
483,966000,968000,0,2000,0.0,100.0
484,968000,970000,0,2000,0.0,100.0
485,970000,972000,0,2000,0.0,100.0
486,972000,974000,0,2000,0.0,100.0
487,974000,976000,0,2000,0.0,100.0
488,976000,978000,0,2000,0.0,100.0
489,978000,980000,0,2000,0.0,100.0
490,980000,982000,0,2000,0.0,100.0
491,982000,984000,0,2000,0.0,100.0
492,984000,986000,0,2000,0.0,100.0
493,986000,988000,0,2000,0.0,100.0
494,988000,990000,0,2000,0.0,100.0
495,990000,992000,0,2000,0.0,100.0
496,992000,994000,0,2000,0.0,100.0
497,994000,996000,0,2000,0.0,100.0
498,996000,998000,0,2000,0.0,100.0
499,998000,1000000,0,2000,0.0,100.0
500,1000000,1002000,0,2000,0.0,100.0
501,1002000,1004000,0,2000,0.0,100.0
502,1004000,1006000,0,2000,0.0,100.0
503,1006000,1008000,0,2000,0.0,100.0
504,1008000,1010000,50,1950,2.5,97.5
505,1010000,1012000,36,1964,1.7999999999999998,98.2
506,1012000,1014000,33,1967,1.6500000000000001,98.35
507,1014000,1016000,35,1965,1.7500000000000002,98.25
508,1016000,1018000,32,1968,1.6,98.4
509,1018000,1020000,38,1962,1.9,98.1
510,1020000,1022000,33,1967,1.6500000000000001,98.35
511,1022000,1024000,32,1968,1.6,98.4
512,1024000,1026000,34,1966,1.7000000000000002,98.3
513,1026000,1028000,33,1967,1.6500000000000001,98.35
514,1028000,1030000,34,1966,1.7000000000000002,98.3
515,1030000,1032000,32,1968,1.6,98.4
516,1032000,1034000,32,1968,1.6,98.4
517,1034000,1036000,33,1967,1.6500000000000001,98.35
518,1036000,1038000,32,1968,1.6,98.4
519,1038000,1040000,33,1967,1.6500000000000001,98.35
520,1040000,1042000,33,1967,1.6500000000000001,98.35
521,1042000,1044000,33,1967,1.6500000000000001,98.35
522,1044000,1046000,32,1968,1.6,98.4
523,1046000,1048000,33,1967,1.6500000000000001,98.35
524,1048000,1050000,32,1968,1.6,98.4
525,1050000,1052000,36,1964,1.7999999999999998,98.2
526,1052000,1054000,32,1968,1.6,98.4
527,1054000,1056000,33,1967,1.6500000000000001,98.35
528,1056000,1058000,33,1967,1.6500000000000001,98.35
529,1058000,1060000,32,1968,1.6,98.4
530,1060000,1062000,41,1959,2.0500000000000003,97.95
531,1062000,1064000,32,1968,1.6,98.4
532,1064000,1066000,33,1967,1.6500000000000001,98.35
533,1066000,1068000,34,1966,1.7000000000000002,98.3
534,1068000,1070000,32,1968,1.6,98.4
535,1070000,1072000,36,1964,1.7999999999999998,98.2
536,1072000,1074000,35,1965,1.7500000000000002,98.25
537,1074000,1076000,36,1964,1.7999999999999998,98.2
538,1076000,1078000,26,1974,1.3,98.7
539,1078000,1080000,21,1979,1.05,98.95
540,1080000,1082000,36,1964,1.7999999999999998,98.2
541,1082000,1084000,34,1966,1.7000000000000002,98.3
542,1084000,1086000,33,1967,1.6500000000000001,98.35
543,1086000,1088000,33,1967,1.6500000000000001,98.35
544,1088000,1090000,34,1966,1.7000000000000002,98.3
545,1090000,1092000,36,1964,1.7999999999999998,98.2
546,1092000,1094000,34,1966,1.7000000000000002,98.3
547,1094000,1096000,40,1960,2.0,98.0
548,1096000,1098000,45,1955,2.25,97.75
549,1098000,1100000,38,1962,1.9,98.1
550,1100000,1102000,32,1968,1.6,98.4
551,1102000,1104000,33,1967,1.6500000000000001,98.35
552,1104000,1106000,34,1966,1.7000000000000002,98.3
553,1106000,1108000,31,1969,1.55,98.45
554,1108000,1110000,34,1966,1.7000000000000002,98.3
555,1110000,1112000,34,1966,1.7000000000000002,98.3
556,1112000,1114000,34,1966,1.7000000000000002,98.3
557,1114000,1116000,32,1968,1.6,98.4
558,1116000,1118000,32,1968,1.6,98.4
559,1118000,1120000,34,1966,1.7000000000000002,98.3
560,1120000,1122000,32,1968,1.6,98.4
561,1122000,1124000,33,1967,1.6500000000000001,98.35
562,1124000,1126000,32,1968,1.6,98.4
563,1126000,1128000,35,1965,1.7500000000000002,98.25
564,1128000,1130000,33,1967,1.6500000000000001,98.35
565,1130000,1132000,33,1967,1.6500000000000001,98.35
566,1132000,1134000,33,1967,1.6500000000000001,98.35
567,1134000,1136000,34,1966,1.7000000000000002,98.3
568,1136000,1138000,32,1968,1.6,98.4
569,1138000,1140000,35,1965,1.7500000000000002,98.25
570,1140000,1142000,32,1968,1.6,98.4
571,1142000,1144000,34,1966,1.7000000000000002,98.3
572,1144000,1146000,37,1963,1.8499999999999999,98.15
573,1146000,1148000,32,1968,1.6,98.4
574,1148000,1150000,33,1967,1.6500000000000001,98.35
575,1150000,1152000,33,1967,1.6500000000000001,98.35
576,1152000,1154000,36,1964,1.7999999999999998,98.2
577,1154000,1156000,44,1956,2.1999999999999997,97.8
578,1156000,1158000,34,1966,1.7000000000000002,98.3
579,1158000,1160000,33,1967,1.6500000000000001,98.35
580,1160000,1162000,33,1967,1.6500000000000001,98.35
581,1162000,1164000,43,1957,2.15,97.85
582,1164000,1166000,39,1961,1.95,98.05
583,1166000,1168000,45,1955,2.25,97.75
584,1168000,1170000,32,1968,1.6,98.4
585,1170000,1172000,33,1967,1.6500000000000001,98.35
586,1172000,1174000,33,1967,1.6500000000000001,98.35
587,1174000,1176000,32,1968,1.6,98.4
588,1176000,1178000,36,1964,1.7999999999999998,98.2
589,1178000,1180000,34,1966,1.7000000000000002,98.3
590,1180000,1182000,35,1965,1.7500000000000002,98.25
591,1182000,1184000,34,1966,1.7000000000000002,98.3
592,1184000,1186000,34,1966,1.7000000000000002,98.3
593,1186000,1188000,32,1968,1.6,98.4
594,1188000,1190000,35,1965,1.7500000000000002,98.25
595,1190000,1192000,33,1967,1.6500000000000001,98.35
596,1192000,1194000,37,1963,1.8499999999999999,98.15
597,1194000,1196000,32,1968,1.6,98.4
598,1196000,1198000,37,1963,1.8499999999999999,98.15
599,1198000,1200000,33,1967,1.6500000000000001,98.35
600,1200000,1202000,33,1967,1.6500000000000001,98.35
601,1202000,1204000,35,1965,1.7500000000000002,98.25
602,1204000,1206000,31,1969,1.55,98.45
603,1206000,1208000,35,1965,1.7500000000000002,98.25
604,1208000,1210000,34,1966,1.7000000000000002,98.3
605,1210000,1212000,34,1966,1.7000000000000002,98.3
606,1212000,1214000,33,1967,1.6500000000000001,98.35
607,1214000,1216000,35,1965,1.7500000000000002,98.25
608,1216000,1218000,34,1966,1.7000000000000002,98.3
609,1218000,1220000,34,1966,1.7000000000000002,98.3
610,1220000,1222000,36,1964,1.7999999999999998,98.2
611,1222000,1224000,31,1969,1.55,98.45
612,1224000,1226000,35,1965,1.7500000000000002,98.25
613,1226000,1228000,42,1958,2.1,97.9
614,1228000,1230000,33,1967,1.6500000000000001,98.35
615,1230000,1232000,35,1965,1.7500000000000002,98.25
616,1232000,1234000,33,1967,1.6500000000000001,98.35
617,1234000,1236000,34,1966,1.7000000000000002,98.3
618,1236000,1238000,34,1966,1.7000000000000002,98.3
619,1238000,1240000,36,1964,1.7999999999999998,98.2
620,1240000,1242000,33,1967,1.6500000000000001,98.35
621,1242000,1244000,33,1967,1.6500000000000001,98.35
622,1244000,1246000,34,1966,1.7000000000000002,98.3
623,1246000,1248000,36,1964,1.7999999999999998,98.2
624,1248000,1250000,35,1965,1.7500000000000002,98.25
625,1250000,1252000,33,1967,1.6500000000000001,98.35
626,1252000,1254000,36,1964,1.7999999999999998,98.2
627,1254000,1256000,33,1967,1.6500000000000001,98.35
628,1256000,1258000,75,1925,3.75,96.25
629,1258000,1260000,36,1964,1.7999999999999998,98.2
630,1260000,1262000,36,1964,1.7999999999999998,98.2
631,1262000,1264000,38,1962,1.9,98.1
632,1264000,1266000,35,1965,1.7500000000000002,98.25
633,1266000,1268000,36,1964,1.7999999999999998,98.2
634,1268000,1270000,35,1965,1.7500000000000002,98.25
635,1270000,1272000,36,1964,1.7999999999999998,98.2
636,1272000,1274000,34,1966,1.7000000000000002,98.3
637,1274000,1276000,36,1964,1.7999999999999998,98.2
638,1276000,1278000,37,1963,1.8499999999999999,98.15
639,1278000,1280000,41,1959,2.0500000000000003,97.95
640,1280000,1282000,36,1964,1.7999999999999998,98.2
641,1282000,1284000,33,1967,1.6500000000000001,98.35
642,1284000,1286000,37,1963,1.8499999999999999,98.15
643,1286000,1288000,33,1967,1.6500000000000001,98.35
644,1288000,1290000,37,1963,1.8499999999999999,98.15
645,1290000,1292000,35,1965,1.7500000000000002,98.25
646,1292000,1294000,33,1967,1.6500000000000001,98.35
647,1294000,1296000,34,1966,1.7000000000000002,98.3
648,1296000,1298000,36,1964,1.7999999999999998,98.2
649,1298000,1300000,34,1966,1.7000000000000002,98.3
650,1300000,1302000,35,1965,1.7500000000000002,98.25
651,1302000,1304000,35,1965,1.7500000000000002,98.25
652,1304000,1306000,36,1964,1.7999999999999998,98.2
653,1306000,1308000,35,1965,1.7500000000000002,98.25
654,1308000,1310000,35,1965,1.7500000000000002,98.25
655,1310000,1312000,34,1966,1.7000000000000002,98.3
656,1312000,1314000,35,1965,1.7500000000000002,98.25
657,1314000,1316000,37,1963,1.8499999999999999,98.15
658,1316000,1318000,35,1965,1.7500000000000002,98.25
659,1318000,1320000,36,1964,1.7999999999999998,98.2
660,1320000,1322000,35,1965,1.7500000000000002,98.25
661,1322000,1324000,38,1962,1.9,98.1
662,1324000,1326000,34,1966,1.7000000000000002,98.3
663,1326000,1328000,36,1964,1.7999999999999998,98.2
664,1328000,1330000,36,1964,1.7999999999999998,98.2
665,1330000,1332000,33,1967,1.6500000000000001,98.35
666,1332000,1334000,38,1962,1.9,98.1
667,1334000,1336000,36,1964,1.7999999999999998,98.2
668,1336000,1338000,35,1965,1.7500000000000002,98.25
669,1338000,1340000,36,1964,1.7999999999999998,98.2
670,1340000,1342000,36,1964,1.7999999999999998,98.2
671,1342000,1344000,38,1962,1.9,98.1
672,1344000,1346000,35,1965,1.7500000000000002,98.25
673,1346000,1348000,34,1966,1.7000000000000002,98.3
674,1348000,1350000,47,1953,2.35,97.65
675,1350000,1352000,35,1965,1.7500000000000002,98.25
676,1352000,1354000,36,1964,1.7999999999999998,98.2
677,1354000,1356000,36,1964,1.7999999999999998,98.2
678,1356000,1358000,35,1965,1.7500000000000002,98.25
679,1358000,1360000,37,1963,1.8499999999999999,98.15
680,1360000,1362000,37,1963,1.8499999999999999,98.15
681,1362000,1364000,33,1967,1.6500000000000001,98.35
682,1364000,1366000,36,1964,1.7999999999999998,98.2
683,1366000,1368000,34,1966,1.7000000000000002,98.3
684,1368000,1370000,34,1966,1.7000000000000002,98.3
685,1370000,1372000,35,1965,1.7500000000000002,98.25
686,1372000,1374000,50,1950,2.5,97.5
687,1374000,1376000,40,1960,2.0,98.0
688,1376000,1378000,38,1962,1.9,98.1
689,1378000,1380000,33,1967,1.6500000000000001,98.35
690,1380000,1382000,37,1963,1.8499999999999999,98.15
691,1382000,1384000,33,1967,1.6500000000000001,98.35
692,1384000,1386000,35,1965,1.7500000000000002,98.25
693,1386000,1388000,35,1965,1.7500000000000002,98.25
694,1388000,1390000,35,1965,1.7500000000000002,98.25
695,1390000,1392000,35,1965,1.7500000000000002,98.25
696,1392000,1394000,34,1966,1.7000000000000002,98.3
697,1394000,1396000,37,1963,1.8499999999999999,98.15
698,1396000,1398000,34,1966,1.7000000000000002,98.3
699,1398000,1400000,36,1964,1.7999999999999998,98.2
700,1400000,1402000,34,1966,1.7000000000000002,98.3
701,1402000,1404000,34,1966,1.7000000000000002,98.3
702,1404000,1406000,37,1963,1.8499999999999999,98.15
703,1406000,1408000,36,1964,1.7999999999999998,98.2
704,1408000,1410000,34,1966,1.7000000000000002,98.3
705,1410000,1412000,37,1963,1.8499999999999999,98.15
706,1412000,1414000,35,1965,1.7500000000000002,98.25
707,1414000,1416000,36,1964,1.7999999999999998,98.2
708,1416000,1418000,34,1966,1.7000000000000002,98.3
709,1418000,1420000,36,1964,1.7999999999999998,98.2
710,1420000,1422000,34,1966,1.7000000000000002,98.3
711,1422000,1424000,36,1964,1.7999999999999998,98.2
712,1424000,1426000,35,1965,1.7500000000000002,98.25
713,1426000,1428000,36,1964,1.7999999999999998,98.2
714,1428000,1430000,36,1964,1.7999999999999998,98.2
715,1430000,1432000,35,1965,1.7500000000000002,98.25
716,1432000,1434000,34,1966,1.7000000000000002,98.3
717,1434000,1436000,35,1965,1.7500000000000002,98.25
718,1436000,1438000,35,1965,1.7500000000000002,98.25
719,1438000,1440000,38,1962,1.9,98.1
720,1440000,1442000,35,1965,1.7500000000000002,98.25
721,1442000,1444000,37,1963,1.8499999999999999,98.15
722,1444000,1446000,34,1966,1.7000000000000002,98.3
723,1446000,1448000,36,1964,1.7999999999999998,98.2
724,1448000,1450000,35,1965,1.7500000000000002,98.25
725,1450000,1452000,35,1965,1.7500000000000002,98.25
726,1452000,1454000,34,1966,1.7000000000000002,98.3
727,1454000,1456000,34,1966,1.7000000000000002,98.3
728,1456000,1458000,39,1961,1.95,98.05
729,1458000,1460000,33,1967,1.6500000000000001,98.35
730,1460000,1462000,36,1964,1.7999999999999998,98.2
731,1462000,1464000,36,1964,1.7999999999999998,98.2
732,1464000,1466000,35,1965,1.7500000000000002,98.25
733,1466000,1468000,37,1963,1.8499999999999999,98.15
734,1468000,1470000,33,1967,1.6500000000000001,98.35
735,1470000,1472000,35,1965,1.7500000000000002,98.25
736,1472000,1474000,38,1962,1.9,98.1
737,1474000,1476000,34,1966,1.7000000000000002,98.3
738,1476000,1478000,36,1964,1.7999999999999998,98.2
739,1478000,1480000,38,1962,1.9,98.1
740,1480000,1482000,38,1962,1.9,98.1
741,1482000,1484000,36,1964,1.7999999999999998,98.2
742,1484000,1486000,36,1964,1.7999999999999998,98.2
743,1486000,1488000,35,1965,1.7500000000000002,98.25
744,1488000,1490000,37,1963,1.8499999999999999,98.15
745,1490000,1492000,38,1962,1.9,98.1
746,1492000,1494000,36,1964,1.7999999999999998,98.2
747,1494000,1496000,36,1964,1.7999999999999998,98.2
748,1496000,1498000,40,1960,2.0,98.0
749,1498000,1500000,52,1948,2.6,97.4
750,1500000,1502000,38,1962,1.9,98.1
751,1502000,1504000,35,1965,1.7500000000000002,98.25
752,1504000,1506000,35,1965,1.7500000000000002,98.25
753,1506000,1508000,44,1956,2.1999999999999997,97.8
754,1508000,1510000,38,1962,1.9,98.1
755,1510000,1512000,35,1965,1.7500000000000002,98.25
756,1512000,1514000,40,1960,2.0,98.0
757,1514000,1516000,36,1964,1.7999999999999998,98.2
758,1516000,1518000,34,1966,1.7000000000000002,98.3
759,1518000,1520000,36,1964,1.7999999999999998,98.2
760,1520000,1522000,28,1972,1.4000000000000001,98.6
761,1522000,1524000,42,1958,2.1,97.9
762,1524000,1526000,39,1961,1.95,98.05
763,1526000,1528000,35,1965,1.7500000000000002,98.25
764,1528000,1530000,44,1956,2.1999999999999997,97.8
765,1530000,1532000,34,1966,1.7000000000000002,98.3
766,1532000,1534000,42,1958,2.1,97.9
767,1534000,1536000,32,1968,1.6,98.4
768,1536000,1538000,33,1967,1.6500000000000001,98.35
769,1538000,1540000,36,1964,1.7999999999999998,98.2
770,1540000,1542000,40,1960,2.0,98.0
771,1542000,1544000,39,1961,1.95,98.05
772,1544000,1546000,36,1964,1.7999999999999998,98.2
773,1546000,1548000,37,1963,1.8499999999999999,98.15
774,1548000,1550000,35,1965,1.7500000000000002,98.25
775,1550000,1552000,31,1969,1.55,98.45
776,1552000,1554000,40,1960,2.0,98.0
777,1554000,1556000,41,1959,2.0500000000000003,97.95
778,1556000,1558000,39,1961,1.95,98.05
779,1558000,1560000,36,1964,1.7999999999999998,98.2
780,1560000,1562000,37,1963,1.8499999999999999,98.15
781,1562000,1564000,34,1966,1.7000000000000002,98.3
782,1564000,1566000,34,1966,1.7000000000000002,98.3
783,1566000,1568000,38,1962,1.9,98.1
784,1568000,1570000,35,1965,1.7500000000000002,98.25
785,1570000,1572000,36,1964,1.7999999999999998,98.2
786,1572000,1574000,42,1958,2.1,97.9
787,1574000,1576000,42,1958,2.1,97.9
788,1576000,1578000,35,1965,1.7500000000000002,98.25
789,1578000,1580000,40,1960,2.0,98.0
790,1580000,1582000,31,1969,1.55,98.45
791,1582000,1584000,39,1961,1.95,98.05
792,1584000,1586000,34,1966,1.7000000000000002,98.3
793,1586000,1588000,34,1966,1.7000000000000002,98.3
794,1588000,1590000,40,1960,2.0,98.0
795,1590000,1592000,34,1966,1.7000000000000002,98.3
796,1592000,1594000,35,1965,1.7500000000000002,98.25
797,1594000,1596000,34,1966,1.7000000000000002,98.3
798,1596000,1598000,34,1966,1.7000000000000002,98.3
799,1598000,1600000,34,1966,1.7000000000000002,98.3
800,1600000,1602000,35,1965,1.7500000000000002,98.25
801,1602000,1604000,34,1966,1.7000000000000002,98.3
802,1604000,1606000,40,1960,2.0,98.0
803,1606000,1608000,36,1964,1.7999999999999998,98.2
804,1608000,1610000,36,1964,1.7999999999999998,98.2
805,1610000,1612000,34,1966,1.7000000000000002,98.3
806,1612000,1614000,34,1966,1.7000000000000002,98.3
807,1614000,1616000,35,1965,1.7500000000000002,98.25
808,1616000,1618000,35,1965,1.7500000000000002,98.25
809,1618000,1620000,35,1965,1.7500000000000002,98.25
810,1620000,1622000,36,1964,1.7999999999999998,98.2
811,1622000,1624000,32,1968,1.6,98.4
812,1624000,1626000,35,1965,1.7500000000000002,98.25
813,1626000,1628000,35,1965,1.7500000000000002,98.25
814,1628000,1630000,33,1967,1.6500000000000001,98.35
815,1630000,1632000,35,1965,1.7500000000000002,98.25
816,1632000,1634000,34,1966,1.7000000000000002,98.3
817,1634000,1636000,37,1963,1.8499999999999999,98.15
818,1636000,1638000,32,1968,1.6,98.4
819,1638000,1640000,51,1949,2.55,97.45
820,1640000,1642000,42,1958,2.1,97.9
821,1642000,1644000,35,1965,1.7500000000000002,98.25
822,1644000,1646000,36,1964,1.7999999999999998,98.2
823,1646000,1648000,35,1965,1.7500000000000002,98.25
824,1648000,1650000,36,1964,1.7999999999999998,98.2
825,1650000,1652000,34,1966,1.7000000000000002,98.3
826,1652000,1654000,32,1968,1.6,98.4
827,1654000,1656000,31,1969,1.55,98.45
828,1656000,1658000,35,1965,1.7500000000000002,98.25
829,1658000,1660000,33,1967,1.6500000000000001,98.35
830,1660000,1662000,35,1965,1.7500000000000002,98.25
831,1662000,1664000,33,1967,1.6500000000000001,98.35
832,1664000,1666000,33,1967,1.6500000000000001,98.35
833,1666000,1668000,34,1966,1.7000000000000002,98.3
834,1668000,1670000,33,1967,1.6500000000000001,98.35
835,1670000,1672000,33,1967,1.6500000000000001,98.35
836,1672000,1674000,34,1966,1.7000000000000002,98.3
837,1674000,1676000,35,1965,1.7500000000000002,98.25
838,1676000,1678000,33,1967,1.6500000000000001,98.35
839,1678000,1680000,36,1964,1.7999999999999998,98.2
840,1680000,1682000,33,1967,1.6500000000000001,98.35
841,1682000,1684000,33,1967,1.6500000000000001,98.35
842,1684000,1686000,33,1967,1.6500000000000001,98.35
843,1686000,1688000,39,1961,1.95,98.05
844,1688000,1690000,35,1965,1.7500000000000002,98.25
845,1690000,1692000,36,1964,1.7999999999999998,98.2
846,1692000,1694000,34,1966,1.7000000000000002,98.3
847,1694000,1696000,34,1966,1.7000000000000002,98.3
848,1696000,1698000,33,1967,1.6500000000000001,98.35
849,1698000,1700000,36,1964,1.7999999999999998,98.2
850,1700000,1702000,35,1965,1.7500000000000002,98.25
851,1702000,1704000,34,1966,1.7000000000000002,98.3
852,1704000,1706000,35,1965,1.7500000000000002,98.25
853,1706000,1708000,33,1967,1.6500000000000001,98.35
854,1708000,1710000,36,1964,1.7999999999999998,98.2
855,1710000,1712000,33,1967,1.6500000000000001,98.35
856,1712000,1714000,34,1966,1.7000000000000002,98.3
857,1714000,1716000,49,1951,2.45,97.55
858,1716000,1718000,34,1966,1.7000000000000002,98.3
859,1718000,1720000,32,1968,1.6,98.4
860,1720000,1722000,39,1961,1.95,98.05
861,1722000,1724000,33,1967,1.6500000000000001,98.35
862,1724000,1726000,36,1964,1.7999999999999998,98.2
863,1726000,1728000,33,1967,1.6500000000000001,98.35
864,1728000,1730000,34,1966,1.7000000000000002,98.3
865,1730000,1732000,33,1967,1.6500000000000001,98.35
866,1732000,1734000,33,1967,1.6500000000000001,98.35
867,1734000,1736000,33,1967,1.6500000000000001,98.35
868,1736000,1738000,34,1966,1.7000000000000002,98.3
869,1738000,1740000,37,1963,1.8499999999999999,98.15
870,1740000,1742000,39,1961,1.95,98.05
871,1742000,1744000,37,1963,1.8499999999999999,98.15
872,1744000,1746000,37,1963,1.8499999999999999,98.15
873,1746000,1748000,41,1959,2.0500000000000003,97.95
874,1748000,1750000,33,1967,1.6500000000000001,98.35
875,1750000,1752000,35,1965,1.7500000000000002,98.25
876,1752000,1754000,40,1960,2.0,98.0
877,1754000,1756000,36,1964,1.7999999999999998,98.2
878,1756000,1758000,34,1966,1.7000000000000002,98.3
879,1758000,1760000,33,1967,1.6500000000000001,98.35
880,1760000,1762000,47,1953,2.35,97.65
881,1762000,1764000,40,1960,2.0,98.0
882,1764000,1766000,35,1965,1.7500000000000002,98.25
883,1766000,1768000,32,1968,1.6,98.4
884,1768000,1770000,40,1960,2.0,98.0
885,1770000,1772000,33,1967,1.6500000000000001,98.35
886,1772000,1774000,32,1968,1.6,98.4
887,1774000,1776000,79,1921,3.95,96.05
888,1776000,1778000,38,1962,1.9,98.1
889,1778000,1780000,23,1977,1.15,98.85
890,1780000,1782000,54,1946,2.7,97.3
891,1782000,1784000,23,1977,1.15,98.85
892,1784000,1786000,26,1974,1.3,98.7
893,1786000,1788000,28,1972,1.4000000000000001,98.6
894,1788000,1790000,24,1976,1.2,98.8
895,1790000,1792000,26,1974,1.3,98.7
896,1792000,1794000,26,1974,1.3,98.7
897,1794000,1796000,55,1945,2.75,97.25
898,1796000,1798000,72,1928,3.5999999999999996,96.4
899,1798000,1800000,39,1961,1.95,98.05
900,1800000,1802000,40,1960,2.0,98.0
901,1802000,1804000,33,1967,1.6500000000000001,98.35
902,1804000,1806000,33,1967,1.6500000000000001,98.35
903,1806000,1808000,37,1963,1.8499999999999999,98.15
904,1808000,1810000,35,1965,1.7500000000000002,98.25
905,1810000,1812000,34,1966,1.7000000000000002,98.3
906,1812000,1814000,32,1968,1.6,98.4
907,1814000,1816000,34,1966,1.7000000000000002,98.3
908,1816000,1818000,36,1964,1.7999999999999998,98.2
909,1818000,1820000,33,1967,1.6500000000000001,98.35
910,1820000,1822000,40,1960,2.0,98.0
911,1822000,1824000,35,1965,1.7500000000000002,98.25
912,1824000,1826000,35,1965,1.7500000000000002,98.25
913,1826000,1828000,34,1966,1.7000000000000002,98.3
914,1828000,1830000,31,1969,1.55,98.45
915,1830000,1832000,36,1964,1.7999999999999998,98.2
916,1832000,1834000,34,1966,1.7000000000000002,98.3
917,1834000,1836000,32,1968,1.6,98.4
918,1836000,1838000,32,1968,1.6,98.4
919,1838000,1840000,37,1963,1.8499999999999999,98.15
920,1840000,1842000,34,1966,1.7000000000000002,98.3
921,1842000,1844000,33,1967,1.6500000000000001,98.35
922,1844000,1846000,35,1965,1.7500000000000002,98.25
923,1846000,1848000,40,1960,2.0,98.0
924,1848000,1850000,35,1965,1.7500000000000002,98.25
925,1850000,1852000,36,1964,1.7999999999999998,98.2
926,1852000,1854000,44,1956,2.1999999999999997,97.8
927,1854000,1856000,39,1961,1.95,98.05
928,1856000,1858000,33,1967,1.6500000000000001,98.35
929,1858000,1860000,36,1964,1.7999999999999998,98.2
930,1860000,1862000,35,1965,1.7500000000000002,98.25
931,1862000,1864000,35,1965,1.7500000000000002,98.25
932,1864000,1866000,39,1961,1.95,98.05
933,1866000,1868000,34,1966,1.7000000000000002,98.3
934,1868000,1870000,36,1964,1.7999999999999998,98.2
935,1870000,1872000,38,1962,1.9,98.1
936,1872000,1874000,38,1962,1.9,98.1
937,1874000,1876000,38,1962,1.9,98.1
938,1876000,1878000,28,1972,1.4000000000000001,98.6
939,1878000,1880000,42,1958,2.1,97.9
940,1880000,1882000,39,1961,1.95,98.05
941,1882000,1884000,33,1967,1.6500000000000001,98.35
942,1884000,1886000,27,1973,1.35,98.65
943,1886000,1888000,50,1950,2.5,97.5
944,1888000,1890000,36,1964,1.7999999999999998,98.2
945,1890000,1892000,52,1948,2.6,97.4
946,1892000,1894000,45,1955,2.25,97.75
947,1894000,1896000,33,1967,1.6500000000000001,98.35
948,1896000,1898000,42,1958,2.1,97.9
949,1898000,1900000,34,1966,1.7000000000000002,98.3
950,1900000,1902000,39,1961,1.95,98.05
951,1902000,1904000,35,1965,1.7500000000000002,98.25
952,1904000,1906000,44,1956,2.1999999999999997,97.8
953,1906000,1908000,38,1962,1.9,98.1
954,1908000,1910000,38,1962,1.9,98.1
955,1910000,1912000,39,1961,1.95,98.05
956,1912000,1914000,51,1949,2.55,97.45
957,1914000,1916000,42,1958,2.1,97.9
958,1916000,1918000,37,1963,1.8499999999999999,98.15
959,1918000,1920000,38,1962,1.9,98.1
960,1920000,1922000,35,1965,1.7500000000000002,98.25
961,1922000,1924000,35,1965,1.7500000000000002,98.25
962,1924000,1926000,46,1954,2.3,97.7
963,1926000,1928000,33,1967,1.6500000000000001,98.35
964,1928000,1930000,36,1964,1.7999999999999998,98.2
965,1930000,1932000,33,1967,1.6500000000000001,98.35
966,1932000,1934000,34,1966,1.7000000000000002,98.3
967,1934000,1936000,35,1965,1.7500000000000002,98.25
968,1936000,1938000,33,1967,1.6500000000000001,98.35
969,1938000,1940000,36,1964,1.7999999999999998,98.2
970,1940000,1942000,37,1963,1.8499999999999999,98.15
971,1942000,1944000,27,1973,1.35,98.65
972,1944000,1946000,35,1965,1.7500000000000002,98.25
973,1946000,1948000,35,1965,1.7500000000000002,98.25
974,1948000,1950000,3,1997,0.15,99.85
975,1950000,1952000,0,2000,0.0,100.0
976,1952000,1954000,0,2000,0.0,100.0
977,1954000,1956000,0,2000,0.0,100.0
978,1956000,1958000,0,2000,0.0,100.0
979,1958000,1960000,0,2000,0.0,100.0
980,1960000,1962000,0,2000,0.0,100.0
981,1962000,1964000,0,2000,0.0,100.0
982,1964000,1966000,0,2000,0.0,100.0
983,1966000,1968000,0,2000,0.0,100.0
984,1968000,1970000,0,2000,0.0,100.0
985,1970000,1972000,0,2000,0.0,100.0
986,1972000,1974000,0,2000,0.0,100.0
987,1974000,1976000,0,2000,0.0,100.0
988,1976000,1978000,0,2000,0.0,100.0
989,1978000,1980000,0,2000,0.0,100.0
990,1980000,1982000,0,2000,0.0,100.0
991,1982000,1984000,0,2000,0.0,100.0
992,1984000,1986000,0,2000,0.0,100.0
993,1986000,1988000,0,2000,0.0,100.0
994,1988000,1990000,0,2000,0.0,100.0
995,1990000,1992000,0,2000,0.0,100.0
996,1992000,1994000,0,2000,0.0,100.0
997,1994000,1996000,0,2000,0.0,100.0
998,1996000,1998000,0,2000,0.0,100.0
999,1998000,2000000,59,1941,2.9499999999999997,97.05
1000,2000000,2002000,32,1968,1.6,98.4
1001,2002000,2004000,34,1966,1.7000000000000002,98.3
1002,2004000,2006000,44,1956,2.1999999999999997,97.8
1003,2006000,2008000,39,1961,1.95,98.05
1004,2008000,2010000,41,1959,2.0500000000000003,97.95
1005,2010000,2012000,34,1966,1.7000000000000002,98.3
1006,2012000,2014000,33,1967,1.6500000000000001,98.35
1007,2014000,2016000,40,1960,2.0,98.0
1008,2016000,2018000,32,1968,1.6,98.4
1009,2018000,2020000,34,1966,1.7000000000000002,98.3
1010,2020000,2022000,31,1969,1.55,98.45
1011,2022000,2024000,48,1952,2.4,97.6
1012,2024000,2026000,41,1959,2.0500000000000003,97.95
1013,2026000,2028000,32,1968,1.6,98.4
1014,2028000,2030000,41,1959,2.0500000000000003,97.95
1015,2030000,2032000,34,1966,1.7000000000000002,98.3
1016,2032000,2034000,33,1967,1.6500000000000001,98.35
1017,2034000,2036000,33,1967,1.6500000000000001,98.35
1018,2036000,2038000,34,1966,1.7000000000000002,98.3
1019,2038000,2040000,55,1945,2.75,97.25
1020,2040000,2042000,34,1966,1.7000000000000002,98.3
1021,2042000,2044000,32,1968,1.6,98.4
1022,2044000,2046000,33,1967,1.6500000000000001,98.35
1023,2046000,2048000,34,1966,1.7000000000000002,98.3
1024,2048000,2050000,35,1965,1.7500000000000002,98.25
1025,2050000,2052000,38,1962,1.9,98.1
1026,2052000,2054000,40,1960,2.0,98.0
1027,2054000,2056000,22,1978,1.0999999999999999,98.9
1028,2056000,2058000,50,1950,2.5,97.5
1029,2058000,2060000,32,1968,1.6,98.4
1030,2060000,2062000,35,1965,1.7500000000000002,98.25
1031,2062000,2064000,31,1969,1.55,98.45
1032,2064000,2066000,34,1966,1.7000000000000002,98.3
1033,2066000,2068000,35,1965,1.7500000000000002,98.25
1034,2068000,2070000,37,1963,1.8499999999999999,98.15
1035,2070000,2072000,23,1977,1.15,98.85
1036,2072000,2074000,67,1933,3.35,96.65
1037,2074000,2076000,32,1968,1.6,98.4
1038,2076000,2078000,37,1963,1.8499999999999999,98.15
1039,2078000,2080000,36,1964,1.7999999999999998,98.2
1040,2080000,2082000,33,1967,1.6500000000000001,98.35
1041,2082000,2084000,34,1966,1.7000000000000002,98.3
1042,2084000,2086000,9,1991,0.44999999999999996,99.55
1043,2086000,2088000,28,1972,1.4000000000000001,98.6
1044,2088000,2090000,33,1967,1.6500000000000001,98.35
1045,2090000,2092000,53,1947,2.65,97.35
1046,2092000,2094000,32,1968,1.6,98.4
1047,2094000,2096000,32,1968,1.6,98.4
1048,2096000,2098000,33,1967,1.6500000000000001,98.35
1049,2098000,2100000,32,1968,1.6,98.4
1050,2100000,2102000,34,1966,1.7000000000000002,98.3
1051,2102000,2104000,34,1966,1.7000000000000002,98.3
1052,2104000,2106000,38,1962,1.9,98.1
1053,2106000,2108000,36,1964,1.7999999999999998,98.2
1054,2108000,2110000,42,1958,2.1,97.9
1055,2110000,2112000,35,1965,1.7500000000000002,98.25
1056,2112000,2114000,32,1968,1.6,98.4
1057,2114000,2116000,34,1966,1.7000000000000002,98.3
1058,2116000,2118000,33,1967,1.6500000000000001,98.35
1059,2118000,2120000,34,1966,1.7000000000000002,98.3
1060,2120000,2122000,33,1967,1.6500000000000001,98.35
1061,2122000,2124000,46,1954,2.3,97.7
1062,2124000,2126000,32,1968,1.6,98.4
1063,2126000,2128000,33,1967,1.6500000000000001,98.35
1064,2128000,2130000,33,1967,1.6500000000000001,98.35
1065,2130000,2132000,32,1968,1.6,98.4
1066,2132000,2134000,37,1963,1.8499999999999999,98.15
1067,2134000,2136000,31,1969,1.55,98.45
1068,2136000,2138000,33,1967,1.6500000000000001,98.35
1069,2138000,2140000,42,1958,2.1,97.9
1070,2140000,2142000,36,1964,1.7999999999999998,98.2
1071,2142000,2144000,47,1953,2.35,97.65
1072,2144000,2146000,39,1961,1.95,98.05
1073,2146000,2148000,32,1968,1.6,98.4
1074,2148000,2150000,43,1957,2.15,97.85
1075,2150000,2152000,34,1966,1.7000000000000002,98.3
1076,2152000,2154000,35,1965,1.7500000000000002,98.25
1077,2154000,2156000,37,1963,1.8499999999999999,98.15
1078,2156000,2158000,34,1966,1.7000000000000002,98.3
1079,2158000,2160000,33,1967,1.6500000000000001,98.35
1080,2160000,2162000,33,1967,1.6500000000000001,98.35
1081,2162000,2164000,39,1961,1.95,98.05
1082,2164000,2166000,36,1964,1.7999999999999998,98.2
1083,2166000,2168000,34,1966,1.7000000000000002,98.3
1084,2168000,2170000,35,1965,1.7500000000000002,98.25
1085,2170000,2172000,34,1966,1.7000000000000002,98.3
1086,2172000,2174000,32,1968,1.6,98.4
1087,2174000,2176000,33,1967,1.6500000000000001,98.35
1088,2176000,2178000,40,1960,2.0,98.0
1089,2178000,2180000,51,1949,2.55,97.45
1090,2180000,2182000,34,1966,1.7000000000000002,98.3
1091,2182000,2184000,33,1967,1.6500000000000001,98.35
1092,2184000,2186000,36,1964,1.7999999999999998,98.2
1093,2186000,2188000,39,1961,1.95,98.05
1094,2188000,2190000,33,1967,1.6500000000000001,98.35
1095,2190000,2192000,34,1966,1.7000000000000002,98.3
1096,2192000,2194000,35,1965,1.7500000000000002,98.25
1097,2194000,2196000,35,1965,1.7500000000000002,98.25
1098,2196000,2198000,44,1956,2.1999999999999997,97.8
1099,2198000,2200000,34,1966,1.7000000000000002,98.3
1100,2200000,2202000,39,1961,1.95,98.05
1101,2202000,2204000,32,1968,1.6,98.4
1102,2204000,2206000,34,1966,1.7000000000000002,98.3
1103,2206000,2208000,33,1967,1.6500000000000001,98.35
1104,2208000,2210000,34,1966,1.7000000000000002,98.3
1105,2210000,2212000,35,1965,1.7500000000000002,98.25
1106,2212000,2214000,32,1968,1.6,98.4
1107,2214000,2216000,37,1963,1.8499999999999999,98.15
1108,2216000,2218000,39,1961,1.95,98.05
1109,2218000,2220000,33,1967,1.6500000000000001,98.35
1110,2220000,2222000,34,1966,1.7000000000000002,98.3
1111,2222000,2224000,34,1966,1.7000000000000002,98.3
1112,2224000,2226000,34,1966,1.7000000000000002,98.3
1113,2226000,2228000,31,1969,1.55,98.45
1114,2228000,2230000,33,1967,1.6500000000000001,98.35
1115,2230000,2232000,41,1959,2.0500000000000003,97.95
1116,2232000,2234000,35,1965,1.7500000000000002,98.25
1117,2234000,2236000,37,1963,1.8499999999999999,98.15
1118,2236000,2238000,32,1968,1.6,98.4
1119,2238000,2240000,42,1958,2.1,97.9
1120,2240000,2242000,35,1965,1.7500000000000002,98.25
1121,2242000,2244000,34,1966,1.7000000000000002,98.3
1122,2244000,2246000,33,1967,1.6500000000000001,98.35
1123,2246000,2248000,37,1963,1.8499999999999999,98.15
1124,2248000,2250000,34,1966,1.7000000000000002,98.3
1125,2250000,2252000,35,1965,1.7500000000000002,98.25
1126,2252000,2254000,34,1966,1.7000000000000002,98.3
1127,2254000,2256000,33,1967,1.6500000000000001,98.35
1128,2256000,2258000,33,1967,1.6500000000000001,98.35
1129,2258000,2260000,34,1966,1.7000000000000002,98.3
1130,2260000,2262000,33,1967,1.6500000000000001,98.35
1131,2262000,2264000,33,1967,1.6500000000000001,98.35
1132,2264000,2266000,34,1966,1.7000000000000002,98.3
1133,2266000,2268000,35,1965,1.7500000000000002,98.25
1134,2268000,2270000,32,1968,1.6,98.4
1135,2270000,2272000,35,1965,1.7500000000000002,98.25
1136,2272000,2274000,32,1968,1.6,98.4
1137,2274000,2276000,33,1967,1.6500000000000001,98.35
1138,2276000,2278000,41,1959,2.0500000000000003,97.95
1139,2278000,2280000,46,1954,2.3,97.7
1140,2280000,2282000,33,1967,1.6500000000000001,98.35
1141,2282000,2284000,34,1966,1.7000000000000002,98.3
1142,2284000,2286000,24,1976,1.2,98.8
1143,2286000,2288000,41,1959,2.0500000000000003,97.95
1144,2288000,2290000,35,1965,1.7500000000000002,98.25
1145,2290000,2292000,31,1969,1.55,98.45
1146,2292000,2294000,34,1966,1.7000000000000002,98.3
1147,2294000,2296000,39,1961,1.95,98.05
1148,2296000,2298000,32,1968,1.6,98.4
1149,2298000,2300000,32,1968,1.6,98.4
1150,2300000,2302000,35,1965,1.7500000000000002,98.25
1151,2302000,2304000,39,1961,1.95,98.05
1152,2304000,2306000,32,1968,1.6,98.4
1153,2306000,2308000,36,1964,1.7999999999999998,98.2
1154,2308000,2310000,40,1960,2.0,98.0
1155,2310000,2312000,35,1965,1.7500000000000002,98.25
1156,2312000,2314000,34,1966,1.7000000000000002,98.3
1157,2314000,2316000,33,1967,1.6500000000000001,98.35
1158,2316000,2318000,33,1967,1.6500000000000001,98.35
1159,2318000,2320000,34,1966,1.7000000000000002,98.3
1160,2320000,2322000,33,1967,1.6500000000000001,98.35
1161,2322000,2324000,36,1964,1.7999999999999998,98.2
1162,2324000,2326000,35,1965,1.7500000000000002,98.25
1163,2326000,2328000,35,1965,1.7500000000000002,98.25
1164,2328000,2330000,32,1968,1.6,98.4
1165,2330000,2332000,37,1963,1.8499999999999999,98.15
1166,2332000,2334000,37,1963,1.8499999999999999,98.15
1167,2334000,2336000,32,1968,1.6,98.4
1168,2336000,2338000,31,1969,1.55,98.45
1169,2338000,2340000,33,1967,1.6500000000000001,98.35
1170,2340000,2342000,39,1961,1.95,98.05
1171,2342000,2344000,32,1968,1.6,98.4
1172,2344000,2346000,31,1969,1.55,98.45
1173,2346000,2348000,34,1966,1.7000000000000002,98.3
1174,2348000,2350000,36,1964,1.7999999999999998,98.2
1175,2350000,2352000,33,1967,1.6500000000000001,98.35
1176,2352000,2354000,34,1966,1.7000000000000002,98.3
1177,2354000,2356000,34,1966,1.7000000000000002,98.3
1178,2356000,2358000,33,1967,1.6500000000000001,98.35
1179,2358000,2360000,33,1967,1.6500000000000001,98.35
1180,2360000,2362000,32,1968,1.6,98.4
1181,2362000,2364000,167,1833,8.35,91.65
1182,2364000,2366000,39,1961,1.95,98.05
1183,2366000,2368000,33,1967,1.6500000000000001,98.35
1184,2368000,2370000,32,1968,1.6,98.4
1185,2370000,2372000,40,1960,2.0,98.0
1186,2372000,2374000,34,1966,1.7000000000000002,98.3
1187,2374000,2376000,37,1963,1.8499999999999999,98.15
1188,2376000,2378000,38,1962,1.9,98.1
1189,2378000,2380000,37,1963,1.8499999999999999,98.15
1190,2380000,2382000,32,1968,1.6,98.4
1191,2382000,2384000,33,1967,1.6500000000000001,98.35
1192,2384000,2386000,46,1954,2.3,97.7
1193,2386000,2388000,37,1963,1.8499999999999999,98.15
1194,2388000,2390000,35,1965,1.7500000000000002,98.25
1195,2390000,2392000,34,1966,1.7000000000000002,98.3
1196,2392000,2394000,37,1963,1.8499999999999999,98.15
1197,2394000,2396000,32,1968,1.6,98.4
1198,2396000,2398000,34,1966,1.7000000000000002,98.3
1199,2398000,2400000,65,1935,3.25,96.75
1200,2400000,2402000,37,1963,1.8499999999999999,98.15
1201,2402000,2404000,36,1964,1.7999999999999998,98.2
1202,2404000,2406000,35,1965,1.7500000000000002,98.25
1203,2406000,2408000,34,1966,1.7000000000000002,98.3
1204,2408000,2410000,39,1961,1.95,98.05
1205,2410000,2412000,35,1965,1.7500000000000002,98.25
1206,2412000,2414000,33,1967,1.6500000000000001,98.35
1207,2414000,2416000,33,1967,1.6500000000000001,98.35
1208,2416000,2418000,35,1965,1.7500000000000002,98.25
1209,2418000,2420000,36,1964,1.7999999999999998,98.2
1210,2420000,2422000,33,1967,1.6500000000000001,98.35
1211,2422000,2424000,37,1963,1.8499999999999999,98.15
1212,2424000,2426000,36,1964,1.7999999999999998,98.2
1213,2426000,2428000,37,1963,1.8499999999999999,98.15
1214,2428000,2430000,35,1965,1.7500000000000002,98.25
1215,2430000,2432000,34,1966,1.7000000000000002,98.3
1216,2432000,2434000,35,1965,1.7500000000000002,98.25
1217,2434000,2436000,34,1966,1.7000000000000002,98.3
1218,2436000,2438000,36,1964,1.7999999999999998,98.2
1219,2438000,2440000,65,1935,3.25,96.75
1220,2440000,2442000,34,1966,1.7000000000000002,98.3
1221,2442000,2444000,31,1969,1.55,98.45
1222,2444000,2446000,33,1967,1.6500000000000001,98.35
1223,2446000,2448000,34,1966,1.7000000000000002,98.3
1224,2448000,2450000,40,1960,2.0,98.0
1225,2450000,2452000,34,1966,1.7000000000000002,98.3
1226,2452000,2454000,32,1968,1.6,98.4
1227,2454000,2456000,37,1963,1.8499999999999999,98.15
1228,2456000,2458000,37,1963,1.8499999999999999,98.15
1229,2458000,2460000,34,1966,1.7000000000000002,98.3
1230,2460000,2462000,35,1965,1.7500000000000002,98.25
1231,2462000,2464000,35,1965,1.7500000000000002,98.25
1232,2464000,2466000,35,1965,1.7500000000000002,98.25
1233,2466000,2468000,34,1966,1.7000000000000002,98.3
1234,2468000,2470000,36,1964,1.7999999999999998,98.2
1235,2470000,2472000,33,1967,1.6500000000000001,98.35
1236,2472000,2474000,35,1965,1.7500000000000002,98.25
1237,2474000,2476000,31,1969,1.55,98.45
1238,2476000,2478000,34,1966,1.7000000000000002,98.3
1239,2478000,2480000,38,1962,1.9,98.1
1240,2480000,2482000,33,1967,1.6500000000000001,98.35
1241,2482000,2484000,38,1962,1.9,98.1
1242,2484000,2486000,39,1961,1.95,98.05
1243,2486000,2488000,34,1966,1.7000000000000002,98.3
1244,2488000,2490000,36,1964,1.7999999999999998,98.2
1245,2490000,2492000,35,1965,1.7500000000000002,98.25
1246,2492000,2494000,32,1968,1.6,98.4
1247,2494000,2496000,38,1962,1.9,98.1
1248,2496000,2498000,33,1967,1.6500000000000001,98.35
1249,2498000,2500000,32,1968,1.6,98.4
1250,2500000,2502000,34,1966,1.7000000000000002,98.3
1251,2502000,2504000,34,1966,1.7000000000000002,98.3
1252,2504000,2506000,36,1964,1.7999999999999998,98.2
1253,2506000,2508000,38,1962,1.9,98.1
1254,2508000,2510000,37,1963,1.8499999999999999,98.15
1255,2510000,2512000,35,1965,1.7500000000000002,98.25
1256,2512000,2514000,34,1966,1.7000000000000002,98.3
1257,2514000,2516000,34,1966,1.7000000000000002,98.3
1258,2516000,2518000,35,1965,1.7500000000000002,98.25
1259,2518000,2520000,36,1964,1.7999999999999998,98.2
1260,2520000,2522000,35,1965,1.7500000000000002,98.25
1261,2522000,2524000,33,1967,1.6500000000000001,98.35
1262,2524000,2526000,39,1961,1.95,98.05
1263,2526000,2528000,34,1966,1.7000000000000002,98.3
1264,2528000,2530000,32,1968,1.6,98.4
1265,2530000,2532000,34,1966,1.7000000000000002,98.3
1266,2532000,2534000,35,1965,1.7500000000000002,98.25
1267,2534000,2536000,35,1965,1.7500000000000002,98.25
1268,2536000,2538000,33,1967,1.6500000000000001,98.35
1269,2538000,2540000,34,1966,1.7000000000000002,98.3
1270,2540000,2542000,34,1966,1.7000000000000002,98.3
1271,2542000,2544000,33,1967,1.6500000000000001,98.35
1272,2544000,2546000,37,1963,1.8499999999999999,98.15
1273,2546000,2548000,38,1962,1.9,98.1
1274,2548000,2550000,34,1966,1.7000000000000002,98.3
1275,2550000,2552000,30,1970,1.5,98.5
1276,2552000,2554000,34,1966,1.7000000000000002,98.3
1277,2554000,2556000,37,1963,1.8499999999999999,98.15
1278,2556000,2558000,37,1963,1.8499999999999999,98.15
1279,2558000,2560000,34,1966,1.7000000000000002,98.3
1280,2560000,2562000,33,1967,1.6500000000000001,98.35
1281,2562000,2564000,37,1963,1.8499999999999999,98.15
1282,2564000,2566000,35,1965,1.7500000000000002,98.25
1283,2566000,2568000,35,1965,1.7500000000000002,98.25
1284,2568000,2570000,36,1964,1.7999999999999998,98.2
1285,2570000,2572000,40,1960,2.0,98.0
1286,2572000,2574000,41,1959,2.0500000000000003,97.95
1287,2574000,2576000,34,1966,1.7000000000000002,98.3
1288,2576000,2578000,35,1965,1.7500000000000002,98.25
1289,2578000,2580000,37,1963,1.8499999999999999,98.15
1290,2580000,2582000,37,1963,1.8499999999999999,98.15
1291,2582000,2584000,34,1966,1.7000000000000002,98.3
1292,2584000,2586000,33,1967,1.6500000000000001,98.35
1293,2586000,2588000,38,1962,1.9,98.1
1294,2588000,2590000,35,1965,1.7500000000000002,98.25
1295,2590000,2592000,43,1957,2.15,97.85
1296,2592000,2594000,33,1967,1.6500000000000001,98.35
1297,2594000,2596000,35,1965,1.7500000000000002,98.25
1298,2596000,2598000,33,1967,1.6500000000000001,98.35
1299,2598000,2600000,35,1965,1.7500000000000002,98.25
1300,2600000,2602000,34,1966,1.7000000000000002,98.3
1301,2602000,2604000,43,1957,2.15,97.85
1302,2604000,2606000,34,1966,1.7000000000000002,98.3
1303,2606000,2608000,35,1965,1.7500000000000002,98.25
1304,2608000,2610000,79,1921,3.95,96.05
1305,2610000,2612000,34,1966,1.7000000000000002,98.3
1306,2612000,2614000,32,1968,1.6,98.4
1307,2614000,2616000,36,1964,1.7999999999999998,98.2
1308,2616000,2618000,33,1967,1.6500000000000001,98.35
1309,2618000,2620000,33,1967,1.6500000000000001,98.35
1310,2620000,2622000,32,1968,1.6,98.4
1311,2622000,2624000,38,1962,1.9,98.1
1312,2624000,2626000,28,1972,1.4000000000000001,98.6
1313,2626000,2628000,36,1964,1.7999999999999998,98.2
1314,2628000,2630000,34,1966,1.7000000000000002,98.3
1315,2630000,2632000,32,1968,1.6,98.4
1316,2632000,2634000,41,1959,2.0500000000000003,97.95
1317,2634000,2636000,32,1968,1.6,98.4
1318,2636000,2638000,35,1965,1.7500000000000002,98.25
1319,2638000,2640000,34,1966,1.7000000000000002,98.3
1320,2640000,2642000,34,1966,1.7000000000000002,98.3
1321,2642000,2644000,36,1964,1.7999999999999998,98.2
1322,2644000,2646000,33,1967,1.6500000000000001,98.35
1323,2646000,2648000,36,1964,1.7999999999999998,98.2
1324,2648000,2650000,25,1975,1.25,98.75
1325,2650000,2652000,41,1959,2.0500000000000003,97.95
1326,2652000,2654000,33,1967,1.6500000000000001,98.35
1327,2654000,2656000,32,1968,1.6,98.4
1328,2656000,2658000,34,1966,1.7000000000000002,98.3
1329,2658000,2660000,34,1966,1.7000000000000002,98.3
1330,2660000,2662000,32,1968,1.6,98.4
1331,2662000,2664000,35,1965,1.7500000000000002,98.25
1332,2664000,2666000,35,1965,1.7500000000000002,98.25
1333,2666000,2668000,33,1967,1.6500000000000001,98.35
1334,2668000,2670000,35,1965,1.7500000000000002,98.25
1335,2670000,2672000,42,1958,2.1,97.9
1336,2672000,2674000,36,1964,1.7999999999999998,98.2
1337,2674000,2676000,32,1968,1.6,98.4
1338,2676000,2678000,33,1967,1.6500000000000001,98.35
1339,2678000,2680000,33,1967,1.6500000000000001,98.35
1340,2680000,2682000,36,1964,1.7999999999999998,98.2
1341,2682000,2684000,36,1964,1.7999999999999998,98.2
1342,2684000,2686000,39,1961,1.95,98.05
1343,2686000,2688000,30,1970,1.5,98.5
1344,2688000,2690000,47,1953,2.35,97.65
1345,2690000,2692000,34,1966,1.7000000000000002,98.3
1346,2692000,2694000,34,1966,1.7000000000000002,98.3
1347,2694000,2696000,44,1956,2.1999999999999997,97.8
1348,2696000,2698000,34,1966,1.7000000000000002,98.3
1349,2698000,2700000,34,1966,1.7000000000000002,98.3
1350,2700000,2702000,31,1969,1.55,98.45
1351,2702000,2704000,50,1950,2.5,97.5
1352,2704000,2706000,34,1966,1.7000000000000002,98.3
1353,2706000,2708000,33,1967,1.6500000000000001,98.35
1354,2708000,2710000,34,1966,1.7000000000000002,98.3
1355,2710000,2712000,34,1966,1.7000000000000002,98.3
1356,2712000,2714000,36,1964,1.7999999999999998,98.2
1357,2714000,2716000,32,1968,1.6,98.4
1358,2716000,2718000,41,1959,2.0500000000000003,97.95
1359,2718000,2720000,37,1963,1.8499999999999999,98.15
1360,2720000,2722000,32,1968,1.6,98.4
1361,2722000,2724000,35,1965,1.7500000000000002,98.25
1362,2724000,2726000,34,1966,1.7000000000000002,98.3
1363,2726000,2728000,33,1967,1.6500000000000001,98.35
1364,2728000,2730000,34,1966,1.7000000000000002,98.3
1365,2730000,2732000,33,1967,1.6500000000000001,98.35
1366,2732000,2734000,36,1964,1.7999999999999998,98.2
1367,2734000,2736000,34,1966,1.7000000000000002,98.3
1368,2736000,2738000,35,1965,1.7500000000000002,98.25
1369,2738000,2740000,32,1968,1.6,98.4
1370,2740000,2742000,36,1964,1.7999999999999998,98.2
1371,2742000,2744000,33,1967,1.6500000000000001,98.35
1372,2744000,2746000,35,1965,1.7500000000000002,98.25
1373,2746000,2748000,32,1968,1.6,98.4
1374,2748000,2750000,49,1951,2.45,97.55
1375,2750000,2752000,34,1966,1.7000000000000002,98.3
1376,2752000,2754000,34,1966,1.7000000000000002,98.3
1377,2754000,2756000,33,1967,1.6500000000000001,98.35
1378,2756000,2758000,38,1962,1.9,98.1
1379,2758000,2760000,35,1965,1.7500000000000002,98.25
1380,2760000,2762000,33,1967,1.6500000000000001,98.35
1381,2762000,2764000,33,1967,1.6500000000000001,98.35
1382,2764000,2766000,38,1962,1.9,98.1
1383,2766000,2768000,29,1971,1.4500000000000002,98.55
1384,2768000,2770000,71,1929,3.55,96.45
1385,2770000,2772000,38,1962,1.9,98.1
1386,2772000,2774000,37,1963,1.8499999999999999,98.15
1387,2774000,2776000,35,1965,1.7500000000000002,98.25
1388,2776000,2778000,40,1960,2.0,98.0
1389,2778000,2780000,36,1964,1.7999999999999998,98.2
1390,2780000,2782000,33,1967,1.6500000000000001,98.35
1391,2782000,2784000,34,1966,1.7000000000000002,98.3
1392,2784000,2786000,46,1954,2.3,97.7
1393,2786000,2788000,39,1961,1.95,98.05
1394,2788000,2790000,34,1966,1.7000000000000002,98.3
1395,2790000,2792000,35,1965,1.7500000000000002,98.25
1396,2792000,2794000,33,1967,1.6500000000000001,98.35
1397,2794000,2796000,66,1934,3.3000000000000003,96.7
1398,2796000,2798000,34,1966,1.7000000000000002,98.3
1399,2798000,2800000,30,1970,1.5,98.5
1400,2800000,2802000,37,1963,1.8499999999999999,98.15
1401,2802000,2804000,35,1965,1.7500000000000002,98.25
1402,2804000,2806000,35,1965,1.7500000000000002,98.25
1403,2806000,2808000,33,1967,1.6500000000000001,98.35
1404,2808000,2810000,39,1961,1.95,98.05
1405,2810000,2812000,36,1964,1.7999999999999998,98.2
1406,2812000,2814000,36,1964,1.7999999999999998,98.2
1407,2814000,2816000,34,1966,1.7000000000000002,98.3
1408,2816000,2818000,34,1966,1.7000000000000002,98.3
1409,2818000,2820000,34,1966,1.7000000000000002,98.3
1410,2820000,2822000,33,1967,1.6500000000000001,98.35
1411,2822000,2824000,36,1964,1.7999999999999998,98.2
1412,2824000,2826000,35,1965,1.7500000000000002,98.25
1413,2826000,2828000,34,1966,1.7000000000000002,98.3
1414,2828000,2830000,33,1967,1.6500000000000001,98.35
1415,2830000,2832000,37,1963,1.8499999999999999,98.15
1416,2832000,2834000,38,1962,1.9,98.1
1417,2834000,2836000,33,1967,1.6500000000000001,98.35
1418,2836000,2838000,37,1963,1.8499999999999999,98.15
1419,2838000,2840000,45,1955,2.25,97.75
1420,2840000,2842000,32,1968,1.6,98.4
1421,2842000,2844000,34,1966,1.7000000000000002,98.3
1422,2844000,2846000,36,1964,1.7999999999999998,98.2
1423,2846000,2848000,33,1967,1.6500000000000001,98.35
1424,2848000,2850000,39,1961,1.95,98.05
1425,2850000,2852000,35,1965,1.7500000000000002,98.25
1426,2852000,2854000,36,1964,1.7999999999999998,98.2
1427,2854000,2856000,32,1968,1.6,98.4
1428,2856000,2858000,36,1964,1.7999999999999998,98.2
1429,2858000,2860000,36,1964,1.7999999999999998,98.2
1430,2860000,2862000,32,1968,1.6,98.4
1431,2862000,2864000,35,1965,1.7500000000000002,98.25
1432,2864000,2866000,39,1961,1.95,98.05
1433,2866000,2868000,34,1966,1.7000000000000002,98.3
1434,2868000,2870000,35,1965,1.7500000000000002,98.25
1435,2870000,2872000,32,1968,1.6,98.4
1436,2872000,2874000,42,1958,2.1,97.9
1437,2874000,2876000,34,1966,1.7000000000000002,98.3
1438,2876000,2878000,32,1968,1.6,98.4
1439,2878000,2880000,35,1965,1.7500000000000002,98.25
1440,2880000,2882000,34,1966,1.7000000000000002,98.3
1441,2882000,2884000,34,1966,1.7000000000000002,98.3
1442,2884000,2886000,36,1964,1.7999999999999998,98.2
1443,2886000,2888000,34,1966,1.7000000000000002,98.3
1444,2888000,2890000,34,1966,1.7000000000000002,98.3
1445,2890000,2892000,34,1966,1.7000000000000002,98.3
1446,2892000,2894000,36,1964,1.7999999999999998,98.2
1447,2894000,2896000,35,1965,1.7500000000000002,98.25
1448,2896000,2898000,34,1966,1.7000000000000002,98.3
1449,2898000,2900000,33,1967,1.6500000000000001,98.35
1450,2900000,2902000,38,1962,1.9,98.1
1451,2902000,2904000,54,1946,2.7,97.3
1452,2904000,2906000,31,1969,1.55,98.45
1453,2906000,2908000,31,1969,1.55,98.45
1454,2908000,2910000,32,1968,1.6,98.4
1455,2910000,2912000,34,1966,1.7000000000000002,98.3
1456,2912000,2914000,32,1968,1.6,98.4
1457,2914000,2916000,31,1969,1.55,98.45
1458,2916000,2918000,37,1963,1.8499999999999999,98.15
1459,2918000,2920000,41,1959,2.0500000000000003,97.95
1460,2920000,2922000,36,1964,1.7999999999999998,98.2
1461,2922000,2924000,33,1967,1.6500000000000001,98.35
1462,2924000,2926000,35,1965,1.7500000000000002,98.25
1463,2926000,2928000,32,1968,1.6,98.4
1464,2928000,2930000,33,1967,1.6500000000000001,98.35
1465,2930000,2932000,33,1967,1.6500000000000001,98.35
1466,2932000,2934000,33,1967,1.6500000000000001,98.35
1467,2934000,2936000,35,1965,1.7500000000000002,98.25
1468,2936000,2938000,33,1967,1.6500000000000001,98.35
1469,2938000,2940000,35,1965,1.7500000000000002,98.25
1470,2940000,2942000,32,1968,1.6,98.4
1471,2942000,2944000,35,1965,1.7500000000000002,98.25
1472,2944000,2946000,33,1967,1.6500000000000001,98.35
1473,2946000,2948000,21,1979,1.05,98.95
1474,2948000,2950000,0,2000,0.0,100.0
1475,2950000,2952000,0,2000,0.0,100.0
1476,2952000,2954000,0,2000,0.0,100.0
1477,2954000,2956000,0,2000,0.0,100.0
1478,2956000,2958000,0,2000,0.0,100.0
1479,2958000,2960000,0,2000,0.0,100.0
1480,2960000,2962000,0,2000,0.0,100.0
1481,2962000,2964000,0,2000,0.0,100.0
1482,2964000,2966000,0,2000,0.0,100.0
1483,2966000,2968000,0,2000,0.0,100.0
1484,2968000,2970000,0,2000,0.0,100.0
1485,2970000,2972000,0,2000,0.0,100.0
1486,2972000,2974000,0,2000,0.0,100.0
1487,2974000,2976000,0,2000,0.0,100.0
1488,2976000,2978000,0,2000,0.0,100.0
1489,2978000,2980000,0,2000,0.0,100.0
1490,2980000,2982000,0,2000,0.0,100.0
1491,2982000,2984000,0,2000,0.0,100.0
1492,2984000,2986000,0,2000,0.0,100.0
1493,2986000,2988000,0,2000,0.0,100.0
1494,2988000,2990000,0,2000,0.0,100.0
1495,2990000,2992000,0,2000,0.0,100.0
1496,2992000,2994000,0,2000,0.0,100.0
1497,2994000,2996000,54,1946,2.7,97.3
1498,2996000,2998000,33,1967,1.6500000000000001,98.35
1499,2998000,3000000,31,1969,1.55,98.45
1500,3000000,3002000,34,1966,1.7000000000000002,98.3
1501,3002000,3004000,48,1952,2.4,97.6
1502,3004000,3006000,32,1968,1.6,98.4
1503,3006000,3008000,33,1967,1.6500000000000001,98.35
1504,3008000,3010000,33,1967,1.6500000000000001,98.35
1505,3010000,3012000,41,1959,2.0500000000000003,97.95
1506,3012000,3014000,33,1967,1.6500000000000001,98.35
1507,3014000,3016000,35,1965,1.7500000000000002,98.25
1508,3016000,3018000,33,1967,1.6500000000000001,98.35
1509,3018000,3020000,34,1966,1.7000000000000002,98.3
1510,3020000,3022000,32,1968,1.6,98.4
1511,3022000,3024000,33,1967,1.6500000000000001,98.35
1512,3024000,3026000,31,1969,1.55,98.45
1513,3026000,3028000,33,1967,1.6500000000000001,98.35
1514,3028000,3030000,29,1971,1.4500000000000002,98.55
1515,3030000,3032000,40,1960,2.0,98.0
1516,3032000,3034000,35,1965,1.7500000000000002,98.25
1517,3034000,3036000,33,1967,1.6500000000000001,98.35
1518,3036000,3038000,33,1967,1.6500000000000001,98.35
1519,3038000,3040000,33,1967,1.6500000000000001,98.35
1520,3040000,3042000,45,1955,2.25,97.75
1521,3042000,3044000,32,1968,1.6,98.4
1522,3044000,3046000,34,1966,1.7000000000000002,98.3
1523,3046000,3048000,33,1967,1.6500000000000001,98.35
1524,3048000,3050000,34,1966,1.7000000000000002,98.3
1525,3050000,3052000,33,1967,1.6500000000000001,98.35
1526,3052000,3054000,35,1965,1.7500000000000002,98.25
1527,3054000,3056000,33,1967,1.6500000000000001,98.35
1528,3056000,3058000,32,1968,1.6,98.4
1529,3058000,3060000,34,1966,1.7000000000000002,98.3
1530,3060000,3062000,33,1967,1.6500000000000001,98.35
1531,3062000,3064000,34,1966,1.7000000000000002,98.3
1532,3064000,3066000,56,1944,2.8000000000000003,97.2
1533,3066000,3068000,33,1967,1.6500000000000001,98.35
1534,3068000,3070000,34,1966,1.7000000000000002,98.3
1535,3070000,3072000,35,1965,1.7500000000000002,98.25
1536,3072000,3074000,116,1884,5.800000000000001,94.2
1537,3074000,3076000,24,1976,1.2,98.8
1538,3076000,3078000,21,1979,1.05,98.95
1539,3078000,3080000,35,1965,1.7500000000000002,98.25
1540,3080000,3082000,38,1962,1.9,98.1
1541,3082000,3084000,33,1967,1.6500000000000001,98.35
1542,3084000,3086000,35,1965,1.7500000000000002,98.25
1543,3086000,3088000,32,1968,1.6,98.4
1544,3088000,3090000,46,1954,2.3,97.7
1545,3090000,3092000,33,1967,1.6500000000000001,98.35
1546,3092000,3094000,34,1966,1.7000000000000002,98.3
1547,3094000,3096000,33,1967,1.6500000000000001,98.35
1548,3096000,3098000,38,1962,1.9,98.1
1549,3098000,3100000,33,1967,1.6500000000000001,98.35
1550,3100000,3102000,33,1967,1.6500000000000001,98.35
1551,3102000,3104000,33,1967,1.6500000000000001,98.35
1552,3104000,3106000,35,1965,1.7500000000000002,98.25
1553,3106000,3108000,32,1968,1.6,98.4
1554,3108000,3110000,32,1968,1.6,98.4
1555,3110000,3112000,34,1966,1.7000000000000002,98.3
1556,3112000,3114000,34,1966,1.7000000000000002,98.3
1557,3114000,3116000,33,1967,1.6500000000000001,98.35
1558,3116000,3118000,36,1964,1.7999999999999998,98.2
1559,3118000,3120000,33,1967,1.6500000000000001,98.35
1560,3120000,3122000,33,1967,1.6500000000000001,98.35
1561,3122000,3124000,33,1967,1.6500000000000001,98.35
1562,3124000,3126000,33,1967,1.6500000000000001,98.35
1563,3126000,3128000,33,1967,1.6500000000000001,98.35
1564,3128000,3130000,44,1956,2.1999999999999997,97.8
1565,3130000,3132000,33,1967,1.6500000000000001,98.35
1566,3132000,3134000,34,1966,1.7000000000000002,98.3
1567,3134000,3136000,36,1964,1.7999999999999998,98.2
1568,3136000,3138000,33,1967,1.6500000000000001,98.35
1569,3138000,3140000,31,1969,1.55,98.45
1570,3140000,3142000,37,1963,1.8499999999999999,98.15
1571,3142000,3144000,42,1958,2.1,97.9
1572,3144000,3146000,33,1967,1.6500000000000001,98.35
1573,3146000,3148000,33,1967,1.6500000000000001,98.35
1574,3148000,3150000,32,1968,1.6,98.4
1575,3150000,3152000,42,1958,2.1,97.9
1576,3152000,3154000,32,1968,1.6,98.4
1577,3154000,3156000,35,1965,1.7500000000000002,98.25
1578,3156000,3158000,36,1964,1.7999999999999998,98.2
1579,3158000,3160000,34,1966,1.7000000000000002,98.3
1580,3160000,3162000,32,1968,1.6,98.4
1581,3162000,3164000,35,1965,1.7500000000000002,98.25
1582,3164000,3166000,41,1959,2.0500000000000003,97.95
1583,3166000,3168000,33,1967,1.6500000000000001,98.35
1584,3168000,3170000,30,1970,1.5,98.5
1585,3170000,3172000,41,1959,2.0500000000000003,97.95
1586,3172000,3174000,33,1967,1.6500000000000001,98.35
1587,3174000,3176000,35,1965,1.7500000000000002,98.25
1588,3176000,3178000,32,1968,1.6,98.4
1589,3178000,3180000,36,1964,1.7999999999999998,98.2
1590,3180000,3182000,41,1959,2.0500000000000003,97.95
1591,3182000,3184000,35,1965,1.7500000000000002,98.25
1592,3184000,3186000,33,1967,1.6500000000000001,98.35
1593,3186000,3188000,31,1969,1.55,98.45
1594,3188000,3190000,41,1959,2.0500000000000003,97.95
1595,3190000,3192000,34,1966,1.7000000000000002,98.3
1596,3192000,3194000,34,1966,1.7000000000000002,98.3
1597,3194000,3196000,34,1966,1.7000000000000002,98.3
1598,3196000,3198000,55,1945,2.75,97.25
1599,3198000,3200000,34,1966,1.7000000000000002,98.3
1600,3200000,3202000,33,1967,1.6500000000000001,98.35
1601,3202000,3204000,31,1969,1.55,98.45
1602,3204000,3206000,39,1961,1.95,98.05
1603,3206000,3208000,34,1966,1.7000000000000002,98.3
1604,3208000,3210000,35,1965,1.7500000000000002,98.25
1605,3210000,3212000,32,1968,1.6,98.4
1606,3212000,3214000,37,1963,1.8499999999999999,98.15
1607,3214000,3216000,34,1966,1.7000000000000002,98.3
1608,3216000,3218000,35,1965,1.7500000000000002,98.25
1609,3218000,3220000,39,1961,1.95,98.05
1610,3220000,3222000,35,1965,1.7500000000000002,98.25
1611,3222000,3224000,34,1966,1.7000000000000002,98.3
1612,3224000,3226000,31,1969,1.55,98.45
1613,3226000,3228000,35,1965,1.7500000000000002,98.25
1614,3228000,3230000,35,1965,1.7500000000000002,98.25
1615,3230000,3232000,32,1968,1.6,98.4
1616,3232000,3234000,35,1965,1.7500000000000002,98.25
1617,3234000,3236000,42,1958,2.1,97.9
1618,3236000,3238000,33,1967,1.6500000000000001,98.35
1619,3238000,3240000,33,1967,1.6500000000000001,98.35
1620,3240000,3242000,33,1967,1.6500000000000001,98.35
1621,3242000,3244000,35,1965,1.7500000000000002,98.25
1622,3244000,3246000,31,1969,1.55,98.45
1623,3246000,3248000,34,1966,1.7000000000000002,98.3
1624,3248000,3250000,32,1968,1.6,98.4
1625,3250000,3252000,49,1951,2.45,97.55
1626,3252000,3254000,35,1965,1.7500000000000002,98.25
1627,3254000,3256000,32,1968,1.6,98.4
1628,3256000,3258000,33,1967,1.6500000000000001,98.35
1629,3258000,3260000,35,1965,1.7500000000000002,98.25
1630,3260000,3262000,34,1966,1.7000000000000002,98.3
1631,3262000,3264000,30,1970,1.5,98.5
1632,3264000,3266000,36,1964,1.7999999999999998,98.2
1633,3266000,3268000,32,1968,1.6,98.4
1634,3268000,3270000,35,1965,1.7500000000000002,98.25
1635,3270000,3272000,33,1967,1.6500000000000001,98.35
1636,3272000,3274000,38,1962,1.9,98.1
1637,3274000,3276000,34,1966,1.7000000000000002,98.3
1638,3276000,3278000,31,1969,1.55,98.45
1639,3278000,3280000,34,1966,1.7000000000000002,98.3
1640,3280000,3282000,60,1940,3.0,97.0
1641,3282000,3284000,35,1965,1.7500000000000002,98.25
1642,3284000,3286000,34,1966,1.7000000000000002,98.3
1643,3286000,3288000,34,1966,1.7000000000000002,98.3
1644,3288000,3290000,34,1966,1.7000000000000002,98.3
1645,3290000,3292000,34,1966,1.7000000000000002,98.3
1646,3292000,3294000,36,1964,1.7999999999999998,98.2
1647,3294000,3296000,36,1964,1.7999999999999998,98.2
1648,3296000,3298000,42,1958,2.1,97.9
1649,3298000,3300000,35,1965,1.7500000000000002,98.25
1650,3300000,3302000,40,1960,2.0,98.0
1651,3302000,3304000,35,1965,1.7500000000000002,98.25
1652,3304000,3306000,40,1960,2.0,98.0
1653,3306000,3308000,36,1964,1.7999999999999998,98.2
1654,3308000,3310000,33,1967,1.6500000000000001,98.35
1655,3310000,3312000,40,1960,2.0,98.0
1656,3312000,3314000,34,1966,1.7000000000000002,98.3
1657,3314000,3316000,35,1965,1.7500000000000002,98.25
1658,3316000,3318000,35,1965,1.7500000000000002,98.25
1659,3318000,3320000,30,1970,1.5,98.5
1660,3320000,3322000,35,1965,1.7500000000000002,98.25
1661,3322000,3324000,37,1963,1.8499999999999999,98.15
1662,3324000,3326000,32,1968,1.6,98.4
1663,3326000,3328000,37,1963,1.8499999999999999,98.15
1664,3328000,3330000,35,1965,1.7500000000000002,98.25
1665,3330000,3332000,32,1968,1.6,98.4
1666,3332000,3334000,32,1968,1.6,98.4
1667,3334000,3336000,42,1958,2.1,97.9
1668,3336000,3338000,33,1967,1.6500000000000001,98.35
1669,3338000,3340000,32,1968,1.6,98.4
1670,3340000,3342000,36,1964,1.7999999999999998,98.2
1671,3342000,3344000,71,1929,3.55,96.45
1672,3344000,3346000,33,1967,1.6500000000000001,98.35
1673,3346000,3348000,33,1967,1.6500000000000001,98.35
1674,3348000,3350000,30,1970,1.5,98.5
1675,3350000,3352000,37,1963,1.8499999999999999,98.15
1676,3352000,3354000,36,1964,1.7999999999999998,98.2
1677,3354000,3356000,35,1965,1.7500000000000002,98.25
1678,3356000,3358000,35,1965,1.7500000000000002,98.25
1679,3358000,3360000,35,1965,1.7500000000000002,98.25
1680,3360000,3362000,33,1967,1.6500000000000001,98.35
1681,3362000,3364000,32,1968,1.6,98.4
1682,3364000,3366000,35,1965,1.7500000000000002,98.25
1683,3366000,3368000,36,1964,1.7999999999999998,98.2
1684,3368000,3370000,34,1966,1.7000000000000002,98.3
1685,3370000,3372000,34,1966,1.7000000000000002,98.3
1686,3372000,3374000,39,1961,1.95,98.05
1687,3374000,3376000,37,1963,1.8499999999999999,98.15
1688,3376000,3378000,40,1960,2.0,98.0
1689,3378000,3380000,31,1969,1.55,98.45
1690,3380000,3382000,38,1962,1.9,98.1
1691,3382000,3384000,35,1965,1.7500000000000002,98.25
1692,3384000,3386000,33,1967,1.6500000000000001,98.35
1693,3386000,3388000,33,1967,1.6500000000000001,98.35
1694,3388000,3390000,36,1964,1.7999999999999998,98.2
1695,3390000,3392000,35,1965,1.7500000000000002,98.25
1696,3392000,3394000,33,1967,1.6500000000000001,98.35
1697,3394000,3396000,33,1967,1.6500000000000001,98.35
1698,3396000,3398000,36,1964,1.7999999999999998,98.2
1699,3398000,3400000,33,1967,1.6500000000000001,98.35
1700,3400000,3402000,33,1967,1.6500000000000001,98.35
1701,3402000,3404000,33,1967,1.6500000000000001,98.35
1702,3404000,3406000,56,1944,2.8000000000000003,97.2
1703,3406000,3408000,34,1966,1.7000000000000002,98.3
1704,3408000,3410000,34,1966,1.7000000000000002,98.3
1705,3410000,3412000,32,1968,1.6,98.4
1706,3412000,3414000,36,1964,1.7999999999999998,98.2
1707,3414000,3416000,34,1966,1.7000000000000002,98.3
1708,3416000,3418000,35,1965,1.7500000000000002,98.25
1709,3418000,3420000,34,1966,1.7000000000000002,98.3
1710,3420000,3422000,63,1937,3.15,96.85
1711,3422000,3424000,36,1964,1.7999999999999998,98.2
1712,3424000,3426000,33,1967,1.6500000000000001,98.35
1713,3426000,3428000,34,1966,1.7000000000000002,98.3
1714,3428000,3430000,34,1966,1.7000000000000002,98.3
1715,3430000,3432000,35,1965,1.7500000000000002,98.25
1716,3432000,3434000,34,1966,1.7000000000000002,98.3
1717,3434000,3436000,61,1939,3.05,96.95
1718,3436000,3438000,35,1965,1.7500000000000002,98.25
1719,3438000,3440000,35,1965,1.7500000000000002,98.25
1720,3440000,3442000,35,1965,1.7500000000000002,98.25
1721,3442000,3444000,45,1955,2.25,97.75
1722,3444000,3446000,37,1963,1.8499999999999999,98.15
1723,3446000,3448000,36,1964,1.7999999999999998,98.2
1724,3448000,3450000,36,1964,1.7999999999999998,98.2
1725,3450000,3452000,47,1953,2.35,97.65
1726,3452000,3454000,32,1968,1.6,98.4
1727,3454000,3456000,36,1964,1.7999999999999998,98.2
1728,3456000,3458000,34,1966,1.7000000000000002,98.3
1729,3458000,3460000,34,1966,1.7000000000000002,98.3
1730,3460000,3462000,32,1968,1.6,98.4
1731,3462000,3464000,33,1967,1.6500000000000001,98.35
1732,3464000,3466000,37,1963,1.8499999999999999,98.15
1733,3466000,3468000,33,1967,1.6500000000000001,98.35
1734,3468000,3470000,35,1965,1.7500000000000002,98.25
1735,3470000,3472000,35,1965,1.7500000000000002,98.25
1736,3472000,3474000,33,1967,1.6500000000000001,98.35
1737,3474000,3476000,37,1963,1.8499999999999999,98.15
1738,3476000,3478000,35,1965,1.7500000000000002,98.25
1739,3478000,3480000,33,1967,1.6500000000000001,98.35
1740,3480000,3482000,37,1963,1.8499999999999999,98.15
1741,3482000,3484000,35,1965,1.7500000000000002,98.25
1742,3484000,3486000,32,1968,1.6,98.4
1743,3486000,3488000,35,1965,1.7500000000000002,98.25
1744,3488000,3490000,34,1966,1.7000000000000002,98.3
1745,3490000,3492000,34,1966,1.7000000000000002,98.3
1746,3492000,3494000,32,1968,1.6,98.4
1747,3494000,3496000,34,1966,1.7000000000000002,98.3
1748,3496000,3498000,39,1961,1.95,98.05
1749,3498000,3500000,34,1966,1.7000000000000002,98.3
1750,3500000,3502000,33,1967,1.6500000000000001,98.35
1751,3502000,3504000,32,1968,1.6,98.4
1752,3504000,3506000,33,1967,1.6500000000000001,98.35
1753,3506000,3508000,34,1966,1.7000000000000002,98.3
1754,3508000,3510000,34,1966,1.7000000000000002,98.3
1755,3510000,3512000,39,1961,1.95,98.05
1756,3512000,3514000,35,1965,1.7500000000000002,98.25
1757,3514000,3516000,36,1964,1.7999999999999998,98.2
1758,3516000,3518000,35,1965,1.7500000000000002,98.25
1759,3518000,3520000,37,1963,1.8499999999999999,98.15
1760,3520000,3522000,35,1965,1.7500000000000002,98.25
1761,3522000,3524000,38,1962,1.9,98.1
1762,3524000,3526000,34,1966,1.7000000000000002,98.3
1763,3526000,3528000,38,1962,1.9,98.1
1764,3528000,3530000,34,1966,1.7000000000000002,98.3
1765,3530000,3532000,35,1965,1.7500000000000002,98.25
1766,3532000,3534000,36,1964,1.7999999999999998,98.2
1767,3534000,3536000,38,1962,1.9,98.1
1768,3536000,3538000,36,1964,1.7999999999999998,98.2
1769,3538000,3540000,38,1962,1.9,98.1
1770,3540000,3542000,32,1968,1.6,98.4
1771,3542000,3544000,37,1963,1.8499999999999999,98.15
1772,3544000,3546000,35,1965,1.7500000000000002,98.25
1773,3546000,3548000,35,1965,1.7500000000000002,98.25
1774,3548000,3550000,35,1965,1.7500000000000002,98.25
1775,3550000,3552000,32,1968,1.6,98.4
1776,3552000,3554000,35,1965,1.7500000000000002,98.25
1777,3554000,3556000,35,1965,1.7500000000000002,98.25
1778,3556000,3558000,36,1964,1.7999999999999998,98.2
1779,3558000,3560000,32,1968,1.6,98.4
1780,3560000,3562000,35,1965,1.7500000000000002,98.25
1781,3562000,3564000,32,1968,1.6,98.4
1782,3564000,3566000,35,1965,1.7500000000000002,98.25
1783,3566000,3568000,32,1968,1.6,98.4
1784,3568000,3570000,36,1964,1.7999999999999998,98.2
1785,3570000,3572000,44,1956,2.1999999999999997,97.8
1786,3572000,3574000,34,1966,1.7000000000000002,98.3
1787,3574000,3576000,33,1967,1.6500000000000001,98.35
1788,3576000,3578000,33,1967,1.6500000000000001,98.35
1789,3578000,3580000,34,1966,1.7000000000000002,98.3
1790,3580000,3582000,32,1968,1.6,98.4
1791,3582000,3584000,33,1967,1.6500000000000001,98.35
1792,3584000,3586000,32,1968,1.6,98.4
1793,3586000,3588000,33,1967,1.6500000000000001,98.35
1794,3588000,3590000,32,1968,1.6,98.4
1795,3590000,3592000,35,1965,1.7500000000000002,98.25
1796,3592000,3594000,33,1967,1.6500000000000001,98.35
1797,3594000,3596000,33,1967,1.6500000000000001,98.35
1798,3596000,3598000,32,1968,1.6,98.4
1799,3598000,3600000,42,1958,2.1,97.9
1800,3600000,3602000,34,1966,1.7000000000000002,98.3
1801,3602000,3604000,34,1966,1.7000000000000002,98.3
1802,3604000,3606000,56,1944,2.8000000000000003,97.2
1803,3606000,3608000,36,1964,1.7999999999999998,98.2
1804,3608000,3610000,50,1950,2.5,97.5
1805,3610000,3612000,40,1960,2.0,98.0
1806,3612000,3614000,31,1969,1.55,98.45
1807,3614000,3616000,35,1965,1.7500000000000002,98.25
1808,3616000,3618000,42,1958,2.1,97.9
1809,3618000,3620000,42,1958,2.1,97.9
1810,3620000,3622000,37,1963,1.8499999999999999,98.15
1811,3622000,3624000,38,1962,1.9,98.1
1812,3624000,3626000,35,1965,1.7500000000000002,98.25
1813,3626000,3628000,33,1967,1.6500000000000001,98.35
1814,3628000,3630000,57,1943,2.85,97.15
1815,3630000,3632000,35,1965,1.7500000000000002,98.25
1816,3632000,3634000,41,1959,2.0500000000000003,97.95
1817,3634000,3636000,32,1968,1.6,98.4
1818,3636000,3638000,43,1957,2.15,97.85
1819,3638000,3640000,44,1956,2.1999999999999997,97.8
1820,3640000,3642000,36,1964,1.7999999999999998,98.2
1821,3642000,3644000,33,1967,1.6500000000000001,98.35
1822,3644000,3646000,40,1960,2.0,98.0
1823,3646000,3648000,33,1967,1.6500000000000001,98.35
1824,3648000,3650000,34,1966,1.7000000000000002,98.3
1825,3650000,3652000,34,1966,1.7000000000000002,98.3
1826,3652000,3654000,33,1967,1.6500000000000001,98.35
1827,3654000,3656000,31,1969,1.55,98.45
1828,3656000,3658000,35,1965,1.7500000000000002,98.25
1829,3658000,3660000,35,1965,1.7500000000000002,98.25
1830,3660000,3662000,31,1969,1.55,98.45
1831,3662000,3664000,36,1964,1.7999999999999998,98.2
1832,3664000,3666000,33,1967,1.6500000000000001,98.35
1833,3666000,3668000,33,1967,1.6500000000000001,98.35
1834,3668000,3670000,30,1970,1.5,98.5
1835,3670000,3672000,33,1967,1.6500000000000001,98.35
1836,3672000,3674000,31,1969,1.55,98.45
1837,3674000,3676000,31,1969,1.55,98.45
1838,3676000,3678000,34,1966,1.7000000000000002,98.3
1839,3678000,3680000,32,1968,1.6,98.4
1840,3680000,3682000,29,1971,1.4500000000000002,98.55
1841,3682000,3684000,124,1876,6.2,93.8
1842,3684000,3686000,51,1949,2.55,97.45
1843,3686000,3688000,35,1965,1.7500000000000002,98.25
1844,3688000,3690000,59,1941,2.9499999999999997,97.05
1845,3690000,3692000,41,1959,2.0500000000000003,97.95
1846,3692000,3694000,34,1966,1.7000000000000002,98.3
1847,3694000,3696000,34,1966,1.7000000000000002,98.3
1848,3696000,3698000,31,1969,1.55,98.45
1849,3698000,3700000,96,1904,4.8,95.2
1850,3700000,3702000,43,1957,2.15,97.85
1851,3702000,3704000,33,1967,1.6500000000000001,98.35
1852,3704000,3706000,32,1968,1.6,98.4
1853,3706000,3708000,37,1963,1.8499999999999999,98.15
1854,3708000,3710000,38,1962,1.9,98.1
1855,3710000,3712000,35,1965,1.7500000000000002,98.25
1856,3712000,3714000,43,1957,2.15,97.85
1857,3714000,3716000,52,1948,2.6,97.4
1858,3716000,3718000,33,1967,1.6500000000000001,98.35
1859,3718000,3720000,33,1967,1.6500000000000001,98.35
1860,3720000,3722000,34,1966,1.7000000000000002,98.3
1861,3722000,3724000,34,1966,1.7000000000000002,98.3
1862,3724000,3726000,33,1967,1.6500000000000001,98.35
1863,3726000,3728000,34,1966,1.7000000000000002,98.3
1864,3728000,3730000,33,1967,1.6500000000000001,98.35
1865,3730000,3732000,34,1966,1.7000000000000002,98.3
1866,3732000,3734000,27,1973,1.35,98.65
1867,3734000,3736000,41,1959,2.0500000000000003,97.95
1868,3736000,3738000,43,1957,2.15,97.85
1869,3738000,3740000,38,1962,1.9,98.1
1870,3740000,3742000,35,1965,1.7500000000000002,98.25
1871,3742000,3744000,35,1965,1.7500000000000002,98.25
1872,3744000,3746000,39,1961,1.95,98.05
1873,3746000,3748000,35,1965,1.7500000000000002,98.25
1874,3748000,3750000,42,1958,2.1,97.9
1875,3750000,3752000,35,1965,1.7500000000000002,98.25
1876,3752000,3754000,37,1963,1.8499999999999999,98.15
1877,3754000,3756000,34,1966,1.7000000000000002,98.3
1878,3756000,3758000,33,1967,1.6500000000000001,98.35
1879,3758000,3760000,33,1967,1.6500000000000001,98.35
1880,3760000,3762000,32,1968,1.6,98.4
1881,3762000,3764000,30,1970,1.5,98.5
1882,3764000,3766000,36,1964,1.7999999999999998,98.2
1883,3766000,3768000,35,1965,1.7500000000000002,98.25
1884,3768000,3770000,36,1964,1.7999999999999998,98.2
1885,3770000,3772000,34,1966,1.7000000000000002,98.3
1886,3772000,3774000,33,1967,1.6500000000000001,98.35
1887,3774000,3776000,31,1969,1.55,98.45
1888,3776000,3778000,35,1965,1.7500000000000002,98.25
1889,3778000,3780000,33,1967,1.6500000000000001,98.35
1890,3780000,3782000,41,1959,2.0500000000000003,97.95
1891,3782000,3784000,37,1963,1.8499999999999999,98.15
1892,3784000,3786000,33,1967,1.6500000000000001,98.35
1893,3786000,3788000,33,1967,1.6500000000000001,98.35
1894,3788000,3790000,35,1965,1.7500000000000002,98.25
1895,3790000,3792000,34,1966,1.7000000000000002,98.3
1896,3792000,3794000,38,1962,1.9,98.1
1897,3794000,3796000,35,1965,1.7500000000000002,98.25
1898,3796000,3798000,36,1964,1.7999999999999998,98.2
1899,3798000,3800000,47,1953,2.35,97.65
1900,3800000,3802000,34,1966,1.7000000000000002,98.3
1901,3802000,3804000,34,1966,1.7000000000000002,98.3
1902,3804000,3806000,36,1964,1.7999999999999998,98.2
1903,3806000,3808000,34,1966,1.7000000000000002,98.3
1904,3808000,3810000,33,1967,1.6500000000000001,98.35
1905,3810000,3812000,31,1969,1.55,98.45
1906,3812000,3814000,33,1967,1.6500000000000001,98.35
1907,3814000,3816000,50,1950,2.5,97.5
1908,3816000,3818000,36,1964,1.7999999999999998,98.2
1909,3818000,3820000,36,1964,1.7999999999999998,98.2
1910,3820000,3822000,32,1968,1.6,98.4
1911,3822000,3824000,35,1965,1.7500000000000002,98.25
1912,3824000,3826000,35,1965,1.7500000000000002,98.25
1913,3826000,3828000,32,1968,1.6,98.4
1914,3828000,3830000,34,1966,1.7000000000000002,98.3
1915,3830000,3832000,32,1968,1.6,98.4
1916,3832000,3834000,37,1963,1.8499999999999999,98.15
1917,3834000,3836000,34,1966,1.7000000000000002,98.3
1918,3836000,3838000,36,1964,1.7999999999999998,98.2
1919,3838000,3840000,36,1964,1.7999999999999998,98.2
1920,3840000,3842000,35,1965,1.7500000000000002,98.25
1921,3842000,3844000,33,1967,1.6500000000000001,98.35
1922,3844000,3846000,36,1964,1.7999999999999998,98.2
1923,3846000,3848000,36,1964,1.7999999999999998,98.2
1924,3848000,3850000,65,1935,3.25,96.75
1925,3850000,3852000,34,1966,1.7000000000000002,98.3
1926,3852000,3854000,43,1957,2.15,97.85
1927,3854000,3856000,35,1965,1.7500000000000002,98.25
1928,3856000,3858000,55,1945,2.75,97.25
1929,3858000,3860000,35,1965,1.7500000000000002,98.25
1930,3860000,3862000,33,1967,1.6500000000000001,98.35
1931,3862000,3864000,32,1968,1.6,98.4
1932,3864000,3866000,37,1963,1.8499999999999999,98.15
1933,3866000,3868000,33,1967,1.6500000000000001,98.35
1934,3868000,3870000,35,1965,1.7500000000000002,98.25
1935,3870000,3872000,34,1966,1.7000000000000002,98.3
1936,3872000,3874000,32,1968,1.6,98.4
1937,3874000,3876000,32,1968,1.6,98.4
1938,3876000,3878000,33,1967,1.6500000000000001,98.35
1939,3878000,3880000,33,1967,1.6500000000000001,98.35
1940,3880000,3882000,35,1965,1.7500000000000002,98.25
1941,3882000,3884000,34,1966,1.7000000000000002,98.3
1942,3884000,3886000,32,1968,1.6,98.4
1943,3886000,3888000,33,1967,1.6500000000000001,98.35
1944,3888000,3890000,32,1968,1.6,98.4
1945,3890000,3892000,35,1965,1.7500000000000002,98.25
1946,3892000,3894000,32,1968,1.6,98.4
1947,3894000,3896000,32,1968,1.6,98.4
1948,3896000,3898000,32,1968,1.6,98.4
1949,3898000,3900000,33,1967,1.6500000000000001,98.35
1950,3900000,3902000,35,1965,1.7500000000000002,98.25
1951,3902000,3904000,40,1960,2.0,98.0
1952,3904000,3906000,32,1968,1.6,98.4
1953,3906000,3908000,33,1967,1.6500000000000001,98.35
1954,3908000,3910000,39,1961,1.95,98.05
1955,3910000,3912000,37,1963,1.8499999999999999,98.15
1956,3912000,3914000,36,1964,1.7999999999999998,98.2
1957,3914000,3916000,37,1963,1.8499999999999999,98.15
1958,3916000,3918000,33,1967,1.6500000000000001,98.35
1959,3918000,3920000,29,1971,1.4500000000000002,98.55
1960,3920000,3922000,34,1966,1.7000000000000002,98.3
1961,3922000,3924000,27,1973,1.35,98.65
1962,3924000,3926000,27,1973,1.35,98.65
1963,3926000,3928000,30,1970,1.5,98.5
1964,3928000,3930000,33,1967,1.6500000000000001,98.35
1965,3930000,3932000,37,1963,1.8499999999999999,98.15
1966,3932000,3934000,38,1962,1.9,98.1
1967,3934000,3936000,35,1965,1.7500000000000002,98.25
1968,3936000,3938000,34,1966,1.7000000000000002,98.3
1969,3938000,3940000,32,1968,1.6,98.4
1970,3940000,3942000,35,1965,1.7500000000000002,98.25
1971,3942000,3944000,32,1968,1.6,98.4
1972,3944000,3946000,4,1996,0.2,99.8
1973,3946000,3948000,0,2000,0.0,100.0
1974,3948000,3950000,0,2000,0.0,100.0
1975,3950000,3952000,0,2000,0.0,100.0
1976,3952000,3954000,0,2000,0.0,100.0
1977,3954000,3956000,0,2000,0.0,100.0
1978,3956000,3958000,0,2000,0.0,100.0
1979,3958000,3960000,0,2000,0.0,100.0
1980,3960000,3962000,0,2000,0.0,100.0
1981,3962000,3964000,0,2000,0.0,100.0
1982,3964000,3966000,0,2000,0.0,100.0
1983,3966000,3968000,0,2000,0.0,100.0
1984,3968000,3970000,0,2000,0.0,100.0
1985,3970000,3972000,0,2000,0.0,100.0
1986,3972000,3974000,0,2000,0.0,100.0
1987,3974000,3976000,0,2000,0.0,100.0
1988,3976000,3978000,0,2000,0.0,100.0
1989,3978000,3980000,0,2000,0.0,100.0
1990,3980000,3982000,0,2000,0.0,100.0
1991,3982000,3984000,0,2000,0.0,100.0
1992,3984000,3986000,0,2000,0.0,100.0
1993,3986000,3988000,0,2000,0.0,100.0
1994,3988000,3990000,0,2000,0.0,100.0
1995,3990000,3992000,0,2000,0.0,100.0
1996,3992000,3994000,0,2000,0.0,100.0
1997,3994000,3996000,0,2000,0.0,100.0
1998,3996000,3998000,0,2000,0.0,100.0
1999,3998000,4000000,0,2000,0.0,100.0
2000,4000000,4002000,0,2000,0.0,100.0
2001,4002000,4004000,35,1965,1.7500000000000002,98.25
2002,4004000,4006000,36,1964,1.7999999999999998,98.2
2003,4006000,4008000,33,1967,1.6500000000000001,98.35
2004,4008000,4010000,32,1968,1.6,98.4
2005,4010000,4012000,35,1965,1.7500000000000002,98.25
2006,4012000,4014000,33,1967,1.6500000000000001,98.35
2007,4014000,4016000,35,1965,1.7500000000000002,98.25
2008,4016000,4018000,34,1966,1.7000000000000002,98.3
2009,4018000,4020000,33,1967,1.6500000000000001,98.35
2010,4020000,4022000,30,1970,1.5,98.5
2011,4022000,4024000,33,1967,1.6500000000000001,98.35
2012,4024000,4026000,34,1966,1.7000000000000002,98.3
2013,4026000,4028000,33,1967,1.6500000000000001,98.35
2014,4028000,4030000,32,1968,1.6,98.4
2015,4030000,4032000,33,1967,1.6500000000000001,98.35
2016,4032000,4034000,35,1965,1.7500000000000002,98.25
2017,4034000,4036000,29,1971,1.4500000000000002,98.55
2018,4036000,4038000,34,1966,1.7000000000000002,98.3
2019,4038000,4040000,34,1966,1.7000000000000002,98.3
2020,4040000,4042000,81,1919,4.05,95.95
2021,4042000,4044000,35,1965,1.7500000000000002,98.25
2022,4044000,4046000,34,1966,1.7000000000000002,98.3
2023,4046000,4048000,35,1965,1.7500000000000002,98.25
2024,4048000,4050000,40,1960,2.0,98.0
2025,4050000,4052000,35,1965,1.7500000000000002,98.25
2026,4052000,4054000,35,1965,1.7500000000000002,98.25
2027,4054000,4056000,33,1967,1.6500000000000001,98.35
2028,4056000,4058000,31,1969,1.55,98.45
2029,4058000,4060000,34,1966,1.7000000000000002,98.3
2030,4060000,4062000,32,1968,1.6,98.4
2031,4062000,4064000,31,1969,1.55,98.45
2032,4064000,4066000,34,1966,1.7000000000000002,98.3
2033,4066000,4068000,35,1965,1.7500000000000002,98.25
2034,4068000,4070000,33,1967,1.6500000000000001,98.35
2035,4070000,4072000,39,1961,1.95,98.05
2036,4072000,4074000,34,1966,1.7000000000000002,98.3
2037,4074000,4076000,34,1966,1.7000000000000002,98.3
2038,4076000,4078000,25,1975,1.25,98.75
2039,4078000,4080000,18,1982,0.8999999999999999,99.1
2040,4080000,4082000,77,1923,3.85,96.15
2041,4082000,4084000,38,1962,1.9,98.1
2042,4084000,4086000,37,1963,1.8499999999999999,98.15
2043,4086000,4088000,37,1963,1.8499999999999999,98.15
2044,4088000,4090000,25,1975,1.25,98.75
2045,4090000,4092000,80,1920,4.0,96.0
2046,4092000,4094000,35,1965,1.7500000000000002,98.25
2047,4094000,4096000,33,1967,1.6500000000000001,98.35
2048,4096000,4098000,35,1965,1.7500000000000002,98.25
2049,4098000,4100000,45,1955,2.25,97.75
2050,4100000,4102000,33,1967,1.6500000000000001,98.35
2051,4102000,4104000,10,1990,0.5,99.5
2052,4104000,4106000,35,1965,1.7500000000000002,98.25
2053,4106000,4108000,32,1968,1.6,98.4
2054,4108000,4110000,35,1965,1.7500000000000002,98.25
2055,4110000,4112000,32,1968,1.6,98.4
2056,4112000,4114000,32,1968,1.6,98.4
2057,4114000,4116000,41,1959,2.0500000000000003,97.95
2058,4116000,4118000,34,1966,1.7000000000000002,98.3
2059,4118000,4120000,32,1968,1.6,98.4
2060,4120000,4122000,35,1965,1.7500000000000002,98.25
2061,4122000,4124000,35,1965,1.7500000000000002,98.25
2062,4124000,4126000,37,1963,1.8499999999999999,98.15
2063,4126000,4128000,42,1958,2.1,97.9
2064,4128000,4130000,34,1966,1.7000000000000002,98.3
2065,4130000,4132000,33,1967,1.6500000000000001,98.35
2066,4132000,4134000,31,1969,1.55,98.45
2067,4134000,4136000,32,1968,1.6,98.4
2068,4136000,4138000,33,1967,1.6500000000000001,98.35
2069,4138000,4140000,34,1966,1.7000000000000002,98.3
2070,4140000,4142000,31,1969,1.55,98.45
2071,4142000,4144000,33,1967,1.6500000000000001,98.35
2072,4144000,4146000,36,1964,1.7999999999999998,98.2
2073,4146000,4148000,33,1967,1.6500000000000001,98.35
2074,4148000,4150000,34,1966,1.7000000000000002,98.3
2075,4150000,4152000,33,1967,1.6500000000000001,98.35
2076,4152000,4154000,34,1966,1.7000000000000002,98.3
2077,4154000,4156000,32,1968,1.6,98.4
2078,4156000,4158000,35,1965,1.7500000000000002,98.25
2079,4158000,4160000,33,1967,1.6500000000000001,98.35
2080,4160000,4162000,34,1966,1.7000000000000002,98.3
2081,4162000,4164000,32,1968,1.6,98.4
2082,4164000,4166000,33,1967,1.6500000000000001,98.35
2083,4166000,4168000,34,1966,1.7000000000000002,98.3
2084,4168000,4170000,35,1965,1.7500000000000002,98.25
2085,4170000,4172000,32,1968,1.6,98.4
2086,4172000,4174000,33,1967,1.6500000000000001,98.35
2087,4174000,4176000,33,1967,1.6500000000000001,98.35
2088,4176000,4178000,36,1964,1.7999999999999998,98.2
2089,4178000,4180000,32,1968,1.6,98.4
2090,4180000,4182000,32,1968,1.6,98.4
2091,4182000,4184000,35,1965,1.7500000000000002,98.25
2092,4184000,4186000,33,1967,1.6500000000000001,98.35
2093,4186000,4188000,33,1967,1.6500000000000001,98.35
2094,4188000,4190000,51,1949,2.55,97.45
2095,4190000,4192000,32,1968,1.6,98.4
2096,4192000,4194000,33,1967,1.6500000000000001,98.35
2097,4194000,4196000,32,1968,1.6,98.4
2098,4196000,4198000,32,1968,1.6,98.4
2099,4198000,4200000,37,1963,1.8499999999999999,98.15
2100,4200000,4202000,32,1968,1.6,98.4
2101,4202000,4204000,33,1967,1.6500000000000001,98.35
2102,4204000,4206000,33,1967,1.6500000000000001,98.35
2103,4206000,4208000,36,1964,1.7999999999999998,98.2
2104,4208000,4210000,34,1966,1.7000000000000002,98.3
2105,4210000,4212000,36,1964,1.7999999999999998,98.2
2106,4212000,4214000,38,1962,1.9,98.1
2107,4214000,4216000,34,1966,1.7000000000000002,98.3
2108,4216000,4218000,29,1971,1.4500000000000002,98.55
2109,4218000,4220000,39,1961,1.95,98.05
2110,4220000,4222000,31,1969,1.55,98.45
2111,4222000,4224000,33,1967,1.6500000000000001,98.35
2112,4224000,4226000,41,1959,2.0500000000000003,97.95
2113,4226000,4228000,35,1965,1.7500000000000002,98.25
2114,4228000,4230000,34,1966,1.7000000000000002,98.3
2115,4230000,4232000,30,1970,1.5,98.5
2116,4232000,4234000,66,1934,3.3000000000000003,96.7
2117,4234000,4236000,54,1946,2.7,97.3
2118,4236000,4238000,31,1969,1.55,98.45
2119,4238000,4240000,33,1967,1.6500000000000001,98.35
2120,4240000,4242000,34,1966,1.7000000000000002,98.3
2121,4242000,4244000,36,1964,1.7999999999999998,98.2
2122,4244000,4246000,33,1967,1.6500000000000001,98.35
2123,4246000,4248000,33,1967,1.6500000000000001,98.35
2124,4248000,4250000,39,1961,1.95,98.05
2125,4250000,4252000,33,1967,1.6500000000000001,98.35
2126,4252000,4254000,34,1966,1.7000000000000002,98.3
2127,4254000,4256000,36,1964,1.7999999999999998,98.2
2128,4256000,4258000,35,1965,1.7500000000000002,98.25
2129,4258000,4260000,37,1963,1.8499999999999999,98.15
2130,4260000,4262000,33,1967,1.6500000000000001,98.35
2131,4262000,4264000,32,1968,1.6,98.4
2132,4264000,4266000,44,1956,2.1999999999999997,97.8
2133,4266000,4268000,40,1960,2.0,98.0
2134,4268000,4270000,42,1958,2.1,97.9
2135,4270000,4272000,33,1967,1.6500000000000001,98.35
2136,4272000,4274000,32,1968,1.6,98.4
2137,4274000,4276000,31,1969,1.55,98.45
2138,4276000,4278000,42,1958,2.1,97.9
2139,4278000,4280000,35,1965,1.7500000000000002,98.25
2140,4280000,4282000,36,1964,1.7999999999999998,98.2
2141,4282000,4284000,32,1968,1.6,98.4
2142,4284000,4286000,41,1959,2.0500000000000003,97.95
2143,4286000,4288000,31,1969,1.55,98.45
2144,4288000,4290000,32,1968,1.6,98.4
2145,4290000,4292000,41,1959,2.0500000000000003,97.95
2146,4292000,4294000,32,1968,1.6,98.4
2147,4294000,4296000,33,1967,1.6500000000000001,98.35
2148,4296000,4298000,33,1967,1.6500000000000001,98.35
2149,4298000,4300000,39,1961,1.95,98.05
2150,4300000,4302000,35,1965,1.7500000000000002,98.25
2151,4302000,4304000,37,1963,1.8499999999999999,98.15
2152,4304000,4306000,32,1968,1.6,98.4
2153,4306000,4308000,45,1955,2.25,97.75
2154,4308000,4310000,38,1962,1.9,98.1
2155,4310000,4312000,34,1966,1.7000000000000002,98.3
2156,4312000,4314000,32,1968,1.6,98.4
2157,4314000,4316000,35,1965,1.7500000000000002,98.25
2158,4316000,4318000,38,1962,1.9,98.1
2159,4318000,4320000,34,1966,1.7000000000000002,98.3
2160,4320000,4322000,37,1963,1.8499999999999999,98.15
2161,4322000,4324000,33,1967,1.6500000000000001,98.35
2162,4324000,4326000,35,1965,1.7500000000000002,98.25
2163,4326000,4328000,33,1967,1.6500000000000001,98.35
2164,4328000,4330000,38,1962,1.9,98.1
2165,4330000,4332000,43,1957,2.15,97.85
2166,4332000,4334000,33,1967,1.6500000000000001,98.35
2167,4334000,4336000,34,1966,1.7000000000000002,98.3
2168,4336000,4338000,44,1956,2.1999999999999997,97.8
2169,4338000,4340000,37,1963,1.8499999999999999,98.15
2170,4340000,4342000,34,1966,1.7000000000000002,98.3
2171,4342000,4344000,32,1968,1.6,98.4
2172,4344000,4346000,44,1956,2.1999999999999997,97.8
2173,4346000,4348000,33,1967,1.6500000000000001,98.35
2174,4348000,4350000,44,1956,2.1999999999999997,97.8
2175,4350000,4352000,42,1958,2.1,97.9
2176,4352000,4354000,43,1957,2.15,97.85
2177,4354000,4356000,32,1968,1.6,98.4
2178,4356000,4358000,32,1968,1.6,98.4
2179,4358000,4360000,32,1968,1.6,98.4
2180,4360000,4362000,32,1968,1.6,98.4
2181,4362000,4364000,33,1967,1.6500000000000001,98.35
2182,4364000,4366000,35,1965,1.7500000000000002,98.25
2183,4366000,4368000,32,1968,1.6,98.4
2184,4368000,4370000,33,1967,1.6500000000000001,98.35
2185,4370000,4372000,32,1968,1.6,98.4
2186,4372000,4374000,33,1967,1.6500000000000001,98.35
2187,4374000,4376000,40,1960,2.0,98.0
2188,4376000,4378000,40,1960,2.0,98.0
2189,4378000,4380000,32,1968,1.6,98.4
2190,4380000,4382000,38,1962,1.9,98.1
2191,4382000,4384000,35,1965,1.7500000000000002,98.25
2192,4384000,4386000,34,1966,1.7000000000000002,98.3
2193,4386000,4388000,33,1967,1.6500000000000001,98.35
2194,4388000,4390000,35,1965,1.7500000000000002,98.25
2195,4390000,4392000,33,1967,1.6500000000000001,98.35
2196,4392000,4394000,33,1967,1.6500000000000001,98.35
2197,4394000,4396000,33,1967,1.6500000000000001,98.35
2198,4396000,4398000,36,1964,1.7999999999999998,98.2
2199,4398000,4400000,32,1968,1.6,98.4
2200,4400000,4402000,33,1967,1.6500000000000001,98.35
2201,4402000,4404000,34,1966,1.7000000000000002,98.3
2202,4404000,4406000,46,1954,2.3,97.7
2203,4406000,4408000,58,1942,2.9000000000000004,97.1
2204,4408000,4410000,34,1966,1.7000000000000002,98.3
2205,4410000,4412000,35,1965,1.7500000000000002,98.25
2206,4412000,4414000,33,1967,1.6500000000000001,98.35
2207,4414000,4416000,44,1956,2.1999999999999997,97.8
2208,4416000,4418000,34,1966,1.7000000000000002,98.3
2209,4418000,4420000,32,1968,1.6,98.4
2210,4420000,4422000,33,1967,1.6500000000000001,98.35
2211,4422000,4424000,35,1965,1.7500000000000002,98.25
2212,4424000,4426000,31,1969,1.55,98.45
2213,4426000,4428000,34,1966,1.7000000000000002,98.3
2214,4428000,4430000,35,1965,1.7500000000000002,98.25
2215,4430000,4432000,36,1964,1.7999999999999998,98.2
2216,4432000,4434000,33,1967,1.6500000000000001,98.35
2217,4434000,4436000,35,1965,1.7500000000000002,98.25
2218,4436000,4438000,32,1968,1.6,98.4
2219,4438000,4440000,34,1966,1.7000000000000002,98.3
2220,4440000,4442000,33,1967,1.6500000000000001,98.35
2221,4442000,4444000,32,1968,1.6,98.4
2222,4444000,4446000,33,1967,1.6500000000000001,98.35
2223,4446000,4448000,33,1967,1.6500000000000001,98.35
2224,4448000,4450000,36,1964,1.7999999999999998,98.2
2225,4450000,4452000,38,1962,1.9,98.1
2226,4452000,4454000,33,1967,1.6500000000000001,98.35
2227,4454000,4456000,34,1966,1.7000000000000002,98.3
2228,4456000,4458000,32,1968,1.6,98.4
2229,4458000,4460000,34,1966,1.7000000000000002,98.3
2230,4460000,4462000,33,1967,1.6500000000000001,98.35
2231,4462000,4464000,34,1966,1.7000000000000002,98.3
2232,4464000,4466000,36,1964,1.7999999999999998,98.2
2233,4466000,4468000,33,1967,1.6500000000000001,98.35
2234,4468000,4470000,36,1964,1.7999999999999998,98.2
2235,4470000,4472000,34,1966,1.7000000000000002,98.3
2236,4472000,4474000,34,1966,1.7000000000000002,98.3
2237,4474000,4476000,35,1965,1.7500000000000002,98.25
2238,4476000,4478000,32,1968,1.6,98.4
2239,4478000,4480000,34,1966,1.7000000000000002,98.3
2240,4480000,4482000,35,1965,1.7500000000000002,98.25
2241,4482000,4484000,35,1965,1.7500000000000002,98.25
2242,4484000,4486000,34,1966,1.7000000000000002,98.3
2243,4486000,4488000,31,1969,1.55,98.45
2244,4488000,4490000,34,1966,1.7000000000000002,98.3
2245,4490000,4492000,33,1967,1.6500000000000001,98.35
2246,4492000,4494000,34,1966,1.7000000000000002,98.3
2247,4494000,4496000,32,1968,1.6,98.4
2248,4496000,4498000,49,1951,2.45,97.55
2249,4498000,4500000,43,1957,2.15,97.85
2250,4500000,4502000,33,1967,1.6500000000000001,98.35
2251,4502000,4504000,35,1965,1.7500000000000002,98.25
2252,4504000,4506000,35,1965,1.7500000000000002,98.25
2253,4506000,4508000,57,1943,2.85,97.15
2254,4508000,4510000,33,1967,1.6500000000000001,98.35
2255,4510000,4512000,33,1967,1.6500000000000001,98.35
2256,4512000,4514000,32,1968,1.6,98.4
2257,4514000,4516000,42,1958,2.1,97.9
2258,4516000,4518000,36,1964,1.7999999999999998,98.2
2259,4518000,4520000,35,1965,1.7500000000000002,98.25
2260,4520000,4522000,32,1968,1.6,98.4
2261,4522000,4524000,32,1968,1.6,98.4
2262,4524000,4526000,33,1967,1.6500000000000001,98.35
2263,4526000,4528000,36,1964,1.7999999999999998,98.2
2264,4528000,4530000,33,1967,1.6500000000000001,98.35
2265,4530000,4532000,49,1951,2.45,97.55
2266,4532000,4534000,34,1966,1.7000000000000002,98.3
2267,4534000,4536000,32,1968,1.6,98.4
2268,4536000,4538000,35,1965,1.7500000000000002,98.25
2269,4538000,4540000,36,1964,1.7999999999999998,98.2
2270,4540000,4542000,36,1964,1.7999999999999998,98.2
2271,4542000,4544000,34,1966,1.7000000000000002,98.3
2272,4544000,4546000,33,1967,1.6500000000000001,98.35
2273,4546000,4548000,27,1973,1.35,98.65
2274,4548000,4550000,39,1961,1.95,98.05
2275,4550000,4552000,35,1965,1.7500000000000002,98.25
2276,4552000,4554000,32,1968,1.6,98.4
2277,4554000,4556000,42,1958,2.1,97.9
2278,4556000,4558000,34,1966,1.7000000000000002,98.3
2279,4558000,4560000,31,1969,1.55,98.45
2280,4560000,4562000,34,1966,1.7000000000000002,98.3
2281,4562000,4564000,42,1958,2.1,97.9
2282,4564000,4566000,41,1959,2.0500000000000003,97.95
2283,4566000,4568000,33,1967,1.6500000000000001,98.35
2284,4568000,4570000,39,1961,1.95,98.05
2285,4570000,4572000,34,1966,1.7000000000000002,98.3
2286,4572000,4574000,31,1969,1.55,98.45
2287,4574000,4576000,35,1965,1.7500000000000002,98.25
2288,4576000,4578000,36,1964,1.7999999999999998,98.2
2289,4578000,4580000,34,1966,1.7000000000000002,98.3
2290,4580000,4582000,39,1961,1.95,98.05
2291,4582000,4584000,44,1956,2.1999999999999997,97.8
2292,4584000,4586000,35,1965,1.7500000000000002,98.25
2293,4586000,4588000,36,1964,1.7999999999999998,98.2
2294,4588000,4590000,38,1962,1.9,98.1
2295,4590000,4592000,32,1968,1.6,98.4
2296,4592000,4594000,37,1963,1.8499999999999999,98.15
2297,4594000,4596000,33,1967,1.6500000000000001,98.35
2298,4596000,4598000,37,1963,1.8499999999999999,98.15
2299,4598000,4600000,36,1964,1.7999999999999998,98.2
2300,4600000,4602000,37,1963,1.8499999999999999,98.15
2301,4602000,4604000,35,1965,1.7500000000000002,98.25
2302,4604000,4606000,33,1967,1.6500000000000001,98.35
2303,4606000,4608000,35,1965,1.7500000000000002,98.25
2304,4608000,4610000,33,1967,1.6500000000000001,98.35
2305,4610000,4612000,33,1967,1.6500000000000001,98.35
2306,4612000,4614000,38,1962,1.9,98.1
2307,4614000,4616000,41,1959,2.0500000000000003,97.95
2308,4616000,4618000,33,1967,1.6500000000000001,98.35
2309,4618000,4620000,21,1979,1.05,98.95
2310,4620000,4622000,29,1971,1.4500000000000002,98.55
2311,4622000,4624000,54,1946,2.7,97.3
2312,4624000,4626000,40,1960,2.0,98.0
2313,4626000,4628000,35,1965,1.7500000000000002,98.25
2314,4628000,4630000,33,1967,1.6500000000000001,98.35
2315,4630000,4632000,714,1286,35.699999999999996,64.30000000000001
2316,4632000,4634000,405,1595,20.25,79.75
2317,4634000,4636000,1628,372,81.39999999999999,18.60000000000001
2318,4636000,4638000,2000,0,100.0,0.0
2319,4638000,4640000,2000,0,100.0,0.0
2320,4640000,4642000,2000,0,100.0,0.0
2321,4642000,4644000,2000,0,100.0,0.0
2322,4644000,4646000,2000,0,100.0,0.0
2323,4646000,4648000,2000,0,100.0,0.0
2324,4648000,4650000,2000,0,100.0,0.0
2325,4650000,4652000,2000,0,100.0,0.0
2326,4652000,4654000,2000,0,100.0,0.0
2327,4654000,4656000,2000,0,100.0,0.0
2328,4656000,4658000,2000,0,100.0,0.0
2329,4658000,4660000,2000,0,100.0,0.0
2330,4660000,4662000,2000,0,100.0,0.0
2331,4662000,4664000,2000,0,100.0,0.0
2332,4664000,4666000,2000,0,100.0,0.0
2333,4666000,4668000,2000,0,100.0,0.0
2334,4668000,4670000,2000,0,100.0,0.0
2335,4670000,4672000,2000,0,100.0,0.0
2336,4672000,4674000,1118,882,55.900000000000006,44.099999999999994
2337,4674000,4676000,271,1729,13.55,86.45
2338,4676000,4678000,1949,51,97.45,2.549999999999997
2339,4678000,4680000,2000,0,100.0,0.0
2340,4680000,4682000,2000,0,100.0,0.0
2341,4682000,4684000,2000,0,100.0,0.0
2342,4684000,4686000,2000,0,100.0,0.0
2343,4686000,4688000,2000,0,100.0,0.0
2344,4688000,4689201,306,895,25.47876769358868,74.52123230641132
