bin_index,start_time_us,end_time_us,waiting_time_us,running_time_us,waiting_pct,running_pct
0,132559084,132559584,156,344,31.2,68.8
1,132559584,132560084,2,498,0.4,99.6
2,132560084,132560584,0,500,0.0,100.0
3,132560584,132561084,0,500,0.0,100.0
4,132561084,132561584,0,500,0.0,100.0
5,132561584,132562084,14,486,2.8000000000000003,97.2
6,132562084,132562584,40,460,8.0,92.0
7,132562584,132563084,16,484,3.2,96.8
8,132563084,132563584,33,467,6.6000000000000005,93.4
9,132563584,132564084,12,488,2.4,97.6
10,132564084,132564584,28,472,5.6000000000000005,94.4
11,132564584,132565084,20,480,4.0,96.0
12,132565084,132565584,15,485,3.0,97.0
13,132565584,132566084,10,490,2.0,98.0
14,132566084,132566584,32,468,6.4,93.6
15,132566584,132567084,14,486,2.8000000000000003,97.2
16,132567084,132567584,21,479,4.2,95.8
17,132567584,132568084,9,491,1.7999999999999998,98.2
18,132568084,132568584,27,473,5.4,94.6
19,132568584,132569084,9,491,1.7999999999999998,98.2
20,132569084,132569584,7,493,1.4000000000000001,98.6
21,132569584,132570084,0,500,0.0,100.0
22,132570084,132570584,4,496,0.8,99.2
23,132570584,132571084,18,482,3.5999999999999996,96.4
24,132571084,132571584,10,490,2.0,98.0
25,132571584,132572084,36,464,7.199999999999999,92.8
26,132572084,132572584,28,472,5.6000000000000005,94.4
27,132572584,132573084,10,490,2.0,98.0
28,132573084,132573584,20,480,4.0,96.0
29,132573584,132574084,15,485,3.0,97.0
30,132574084,132574584,17,483,3.4000000000000004,96.6
31,132574584,132575084,13,487,2.6,97.4
32,132575084,132575584,19,481,3.8,96.2
33,132575584,132576084,9,491,1.7999999999999998,98.2
34,132576084,132576584,30,470,6.0,94.0
35,132576584,132577084,13,487,2.6,97.4
36,132577084,132577584,9,491,1.7999999999999998,98.2
37,132577584,132578084,6,494,1.2,98.8
38,132578084,132578584,10,490,2.0,98.0
39,132578584,132579084,17,483,3.4000000000000004,96.6
40,132579084,132579584,11,489,2.1999999999999997,97.8
41,132579584,132580084,6,494,1.2,98.8
42,132580084,132580584,10,490,2.0,98.0
43,132580584,132581084,32,468,6.4,93.6
44,132581084,132581584,18,482,3.5999999999999996,96.4
45,132581584,132582084,18,482,3.5999999999999996,96.4
46,132582084,132582584,4,496,0.8,99.2
47,132582584,132583084,0,500,0.0,100.0
48,132583084,132583584,6,494,1.2,98.8
49,132583584,132584084,3,497,0.6,99.4
50,132584084,132584584,4,496,0.8,99.2
51,132584584,132585084,2,498,0.4,99.6
52,132585084,132585584,8,492,1.6,98.4
53,132585584,132586084,4,496,0.8,99.2
54,132586084,132586584,2,498,0.4,99.6
55,132586584,132587084,25,475,5.0,95.0
56,132587084,132587584,13,487,2.6,97.4
57,132587584,132588084,3,497,0.6,99.4
58,132588084,132588584,14,486,2.8000000000000003,97.2
59,132588584,132589084,8,492,1.6,98.4
60,132589084,132589584,8,492,1.6,98.4
61,132589584,132590084,8,492,1.6,98.4
62,132590084,132590584,6,494,1.2,98.8
63,132590584,132591084,7,493,1.4000000000000001,98.6
64,132591084,132591584,8,492,1.6,98.4
65,132591584,132592084,6,494,1.2,98.8
66,132592084,132592584,9,491,1.7999999999999998,98.2
67,132592584,132593084,9,491,1.7999999999999998,98.2
68,132593084,132593584,9,491,1.7999999999999998,98.2
69,132593584,132594084,8,492,1.6,98.4
70,132594084,132594584,8,492,1.6,98.4
71,132594584,132595084,9,491,1.7999999999999998,98.2
72,132595084,132595584,10,490,2.0,98.0
73,132595584,132596084,8,492,1.6,98.4
74,132596084,132596584,9,491,1.7999999999999998,98.2
75,132596584,132597084,8,492,1.6,98.4
76,132597084,132597584,9,491,1.7999999999999998,98.2
77,132597584,132598084,8,492,1.6,98.4
78,132598084,132598584,8,492,1.6,98.4
79,132598584,132599084,9,491,1.7999999999999998,98.2
80,132599084,132599584,8,492,1.6,98.4
81,132599584,132600084,8,492,1.6,98.4
82,132600084,132600584,11,489,2.1999999999999997,97.8
83,132600584,132601084,6,494,1.2,98.8
84,132601084,132601584,9,491,1.7999999999999998,98.2
85,132601584,132602084,6,494,1.2,98.8
86,132602084,132602584,10,490,2.0,98.0
87,132602584,132603084,7,493,1.4000000000000001,98.6
88,132603084,132603584,10,490,2.0,98.0
89,132603584,132604084,8,492,1.6,98.4
90,132604084,132604584,7,493,1.4000000000000001,98.6
91,132604584,132605084,9,491,1.7999999999999998,98.2
92,132605084,132605584,9,491,1.7999999999999998,98.2
93,132605584,132606084,7,493,1.4000000000000001,98.6
94,132606084,132606584,10,490,2.0,98.0
95,132606584,132607084,6,494,1.2,98.8
96,132607084,132607584,11,489,2.1999999999999997,97.8
97,132607584,132608084,7,493,1.4000000000000001,98.6
98,132608084,132608584,10,490,2.0,98.0
99,132608584,132609084,8,492,1.6,98.4
100,132609084,132609584,8,492,1.6,98.4
101,132609584,132610084,8,492,1.6,98.4
102,132610084,132610584,9,491,1.7999999999999998,98.2
103,132610584,132611084,8,492,1.6,98.4
104,132611084,132611584,8,492,1.6,98.4
105,132611584,132612084,9,491,1.7999999999999998,98.2
106,132612084,132612584,9,491,1.7999999999999998,98.2
107,132612584,132613084,8,492,1.6,98.4
108,132613084,132613584,8,492,1.6,98.4
109,132613584,132614084,8,492,1.6,98.4
110,132614084,132614584,9,491,1.7999999999999998,98.2
111,132614584,132615084,7,493,1.4000000000000001,98.6
112,132615084,132615584,8,492,1.6,98.4
113,132615584,132616084,8,492,1.6,98.4
114,132616084,132616584,8,492,1.6,98.4
115,132616584,132617084,8,492,1.6,98.4
116,132617084,132617584,8,492,1.6,98.4
117,132617584,132618084,7,493,1.4000000000000001,98.6
118,132618084,132618584,9,491,1.7999999999999998,98.2
119,132618584,132619084,7,493,1.4000000000000001,98.6
120,132619084,132619584,10,490,2.0,98.0
121,132619584,132620084,8,492,1.6,98.4
122,132620084,132620584,10,490,2.0,98.0
123,132620584,132621084,8,492,1.6,98.4
124,132621084,132621584,8,492,1.6,98.4
125,132621584,132622084,8,492,1.6,98.4
126,132622084,132622584,9,491,1.7999999999999998,98.2
127,132622584,132623084,9,491,1.7999999999999998,98.2
128,132623084,132623584,9,491,1.7999999999999998,98.2
129,132623584,132624084,8,492,1.6,98.4
130,132624084,132624584,8,492,1.6,98.4
131,132624584,132625084,8,492,1.6,98.4
132,132625084,132625584,9,491,1.7999999999999998,98.2
133,132625584,132626084,8,492,1.6,98.4
134,132626084,132626584,10,490,2.0,98.0
135,132626584,132627084,7,493,1.4000000000000001,98.6
136,132627084,132627584,9,491,1.7999999999999998,98.2
137,132627584,132628084,7,493,1.4000000000000001,98.6
138,132628084,132628584,10,490,2.0,98.0
139,132628584,132629084,9,491,1.7999999999999998,98.2
140,132629084,132629584,8,492,1.6,98.4
141,132629584,132630084,9,491,1.7999999999999998,98.2
142,132630084,132630584,8,492,1.6,98.4
143,132630584,132631084,10,490,2.0,98.0
144,132631084,132631584,9,491,1.7999999999999998,98.2
145,132631584,132632084,8,492,1.6,98.4
146,132632084,132632584,9,491,1.7999999999999998,98.2
147,132632584,132633084,8,492,1.6,98.4
148,132633084,132633584,8,492,1.6,98.4
149,132633584,132634084,8,492,1.6,98.4
150,132634084,132634584,9,491,1.7999999999999998,98.2
151,132634584,132635084,8,492,1.6,98.4
152,132635084,132635584,9,491,1.7999999999999998,98.2
153,132635584,132636084,10,490,2.0,98.0
154,132636084,132636584,8,492,1.6,98.4
155,132636584,132637084,8,492,1.6,98.4
156,132637084,132637584,8,492,1.6,98.4
157,132637584,132638084,8,492,1.6,98.4
158,132638084,132638584,9,491,1.7999999999999998,98.2
159,132638584,132639084,3,497,0.6,99.4
160,132639084,132639584,0,500,0.0,100.0
161,132639584,132640084,0,500,0.0,100.0
162,132640084,132640584,9,491,1.7999999999999998,98.2
163,132640584,132641084,10,490,2.0,98.0
164,132641084,132641584,15,485,3.0,97.0
165,132641584,132642084,8,492,1.6,98.4
166,132642084,132642584,8,492,1.6,98.4
167,132642584,132643084,9,491,1.7999999999999998,98.2
168,132643084,132643584,7,493,1.4000000000000001,98.6
169,132643584,132644084,9,491,1.7999999999999998,98.2
170,132644084,132644584,10,490,2.0,98.0
171,132644584,132645084,8,492,1.6,98.4
172,132645084,132645584,9,491,1.7999999999999998,98.2
173,132645584,132646084,8,492,1.6,98.4
174,132646084,132646584,9,491,1.7999999999999998,98.2
175,132646584,132647084,8,492,1.6,98.4
176,132647084,132647584,9,491,1.7999999999999998,98.2
177,132647584,132648084,7,493,1.4000000000000001,98.6
178,132648084,132648584,9,491,1.7999999999999998,98.2
179,132648584,132649084,8,492,1.6,98.4
180,132649084,132649584,8,492,1.6,98.4
181,132649584,132650084,9,491,1.7999999999999998,98.2
182,132650084,132650584,9,491,1.7999999999999998,98.2
183,132650584,132651084,8,492,1.6,98.4
184,132651084,132651584,9,491,1.7999999999999998,98.2
185,132651584,132652084,6,494,1.2,98.8
186,132652084,132652584,10,490,2.0,98.0
187,132652584,132653084,6,494,1.2,98.8
188,132653084,132653584,10,490,2.0,98.0
189,132653584,132654084,7,493,1.4000000000000001,98.6
190,132654084,132654584,8,492,1.6,98.4
191,132654584,132655084,10,490,2.0,98.0
192,132655084,132655584,7,493,1.4000000000000001,98.6
193,132655584,132656084,8,492,1.6,98.4
194,132656084,132656584,9,491,1.7999999999999998,98.2
195,132656584,132657084,7,493,1.4000000000000001,98.6
196,132657084,132657584,9,491,1.7999999999999998,98.2
197,132657584,132658084,6,494,1.2,98.8
198,132658084,132658584,11,489,2.1999999999999997,97.8
199,132658584,132659084,7,493,1.4000000000000001,98.6
200,132659084,132659584,10,490,2.0,98.0
201,132659584,132660084,7,493,1.4000000000000001,98.6
202,132660084,132660584,10,490,2.0,98.0
203,132660584,132661084,6,494,1.2,98.8
204,132661084,132661584,9,491,1.7999999999999998,98.2
205,132661584,132662084,8,492,1.6,98.4
206,132662084,132662584,8,492,1.6,98.4
207,132662584,132663084,8,492,1.6,98.4
208,132663084,132663584,10,490,2.0,98.0
209,132663584,132664084,7,493,1.4000000000000001,98.6
210,132664084,132664584,10,490,2.0,98.0
211,132664584,132665084,8,492,1.6,98.4
212,132665084,132665584,8,492,1.6,98.4
213,132665584,132666084,7,493,1.4000000000000001,98.6
214,132666084,132666584,10,490,2.0,98.0
215,132666584,132667084,11,489,2.1999999999999997,97.8
216,132667084,132667584,7,493,1.4000000000000001,98.6
217,132667584,132668084,9,491,1.7999999999999998,98.2
218,132668084,132668584,8,492,1.6,98.4
219,132668584,132669084,8,492,1.6,98.4
220,132669084,132669584,9,491,1.7999999999999998,98.2
221,132669584,132670084,8,492,1.6,98.4
222,132670084,132670584,9,491,1.7999999999999998,98.2
223,132670584,132671084,8,492,1.6,98.4
224,132671084,132671584,8,492,1.6,98.4
225,132671584,132672084,8,492,1.6,98.4
226,132672084,132672584,11,489,2.1999999999999997,97.8
227,132672584,132673084,7,493,1.4000000000000001,98.6
228,132673084,132673584,10,490,2.0,98.0
229,132673584,132674084,8,492,1.6,98.4
230,132674084,132674584,9,491,1.7999999999999998,98.2
231,132674584,132675084,9,491,1.7999999999999998,98.2
232,132675084,132675584,8,492,1.6,98.4
233,132675584,132676084,8,492,1.6,98.4
234,132676084,132676584,9,491,1.7999999999999998,98.2
235,132676584,132677084,8,492,1.6,98.4
236,132677084,132677584,8,492,1.6,98.4
237,132677584,132678084,8,492,1.6,98.4
238,132678084,132678584,9,491,1.7999999999999998,98.2
239,132678584,132679084,9,491,1.7999999999999998,98.2
240,132679084,132679584,8,492,1.6,98.4
241,132679584,132680084,9,491,1.7999999999999998,98.2
242,132680084,132680584,10,490,2.0,98.0
243,132680584,132681084,9,491,1.7999999999999998,98.2
244,132681084,132681584,8,492,1.6,98.4
245,132681584,132682084,9,491,1.7999999999999998,98.2
246,132682084,132682584,10,490,2.0,98.0
247,132682584,132683084,8,492,1.6,98.4
248,132683084,132683584,9,491,1.7999999999999998,98.2
249,132683584,132684084,10,490,2.0,98.0
250,132684084,132684584,34,466,6.800000000000001,93.2
251,132684584,132685084,6,494,1.2,98.8
252,132685084,132685584,15,485,3.0,97.0
253,132685584,132686084,7,493,1.4000000000000001,98.6
254,132686084,132686584,9,491,1.7999999999999998,98.2
255,132686584,132687084,8,492,1.6,98.4
256,132687084,132687584,9,491,1.7999999999999998,98.2
257,132687584,132688084,8,492,1.6,98.4
258,132688084,132688584,10,490,2.0,98.0
259,132688584,132689084,8,492,1.6,98.4
260,132689084,132689584,9,491,1.7999999999999998,98.2
261,132689584,132690084,7,493,1.4000000000000001,98.6
262,132690084,132690584,9,491,1.7999999999999998,98.2
263,132690584,132691084,8,492,1.6,98.4
264,132691084,132691584,9,491,1.7999999999999998,98.2
265,132691584,132692084,7,493,1.4000000000000001,98.6
266,132692084,132692584,8,492,1.6,98.4
267,132692584,132693084,8,492,1.6,98.4
268,132693084,132693584,9,491,1.7999999999999998,98.2
269,132693584,132694084,8,492,1.6,98.4
270,132694084,132694584,10,490,2.0,98.0
271,132694584,132695084,7,493,1.4000000000000001,98.6
272,132695084,132695584,10,490,2.0,98.0
273,132695584,132696084,8,492,1.6,98.4
274,132696084,132696584,8,492,1.6,98.4
275,132696584,132697084,8,492,1.6,98.4
276,132697084,132697584,8,492,1.6,98.4
277,132697584,132698084,8,492,1.6,98.4
278,132698084,132698584,9,491,1.7999999999999998,98.2
279,132698584,132699084,8,492,1.6,98.4
280,132699084,132699584,9,491,1.7999999999999998,98.2
281,132699584,132700084,6,494,1.2,98.8
282,132700084,132700584,9,491,1.7999999999999998,98.2
283,132700584,132701084,7,493,1.4000000000000001,98.6
284,132701084,132701584,10,490,2.0,98.0
285,132701584,132702084,7,493,1.4000000000000001,98.6
286,132702084,132702584,9,491,1.7999999999999998,98.2
287,132702584,132703084,9,491,1.7999999999999998,98.2
288,132703084,132703584,8,492,1.6,98.4
289,132703584,132704084,8,492,1.6,98.4
290,132704084,132704584,8,492,1.6,98.4
291,132704584,132705084,13,487,2.6,97.4
292,132705084,132705584,10,490,2.0,98.0
293,132705584,132706084,8,492,1.6,98.4
294,132706084,132706584,9,491,1.7999999999999998,98.2
295,132706584,132707084,7,493,1.4000000000000001,98.6
296,132707084,132707584,10,490,2.0,98.0
297,132707584,132708084,7,493,1.4000000000000001,98.6
298,132708084,132708584,11,489,2.1999999999999997,97.8
299,132708584,132709084,9,491,1.7999999999999998,98.2
300,132709084,132709584,13,487,2.6,97.4
301,132709584,132710084,6,494,1.2,98.8
302,132710084,132710584,11,489,2.1999999999999997,97.8
303,132710584,132711084,8,492,1.6,98.4
304,132711084,132711584,9,491,1.7999999999999998,98.2
305,132711584,132712084,8,492,1.6,98.4
306,132712084,132712584,9,491,1.7999999999999998,98.2
307,132712584,132713084,6,494,1.2,98.8
308,132713084,132713584,10,490,2.0,98.0
309,132713584,132714084,6,494,1.2,98.8
310,132714084,132714584,11,489,2.1999999999999997,97.8
311,132714584,132715084,9,491,1.7999999999999998,98.2
312,132715084,132715584,10,490,2.0,98.0
313,132715584,132716084,7,493,1.4000000000000001,98.6
314,132716084,132716584,10,490,2.0,98.0
315,132716584,132717084,9,491,1.7999999999999998,98.2
316,132717084,132717584,8,492,1.6,98.4
317,132717584,132718084,8,492,1.6,98.4
318,132718084,132718584,8,492,1.6,98.4
319,132718584,132719084,8,492,1.6,98.4
320,132719084,132719584,11,489,2.1999999999999997,97.8
321,132719584,132720084,7,493,1.4000000000000001,98.6
322,132720084,132720584,10,490,2.0,98.0
323,132720584,132721084,8,492,1.6,98.4
324,132721084,132721584,10,490,2.0,98.0
325,132721584,132722084,9,491,1.7999999999999998,98.2
326,132722084,132722584,8,492,1.6,98.4
327,132722584,132723084,8,492,1.6,98.4
328,132723084,132723584,9,491,1.7999999999999998,98.2
329,132723584,132724084,9,491,1.7999999999999998,98.2
330,132724084,132724584,11,489,2.1999999999999997,97.8
331,132724584,132725084,7,493,1.4000000000000001,98.6
332,132725084,132725584,10,490,2.0,98.0
333,132725584,132726084,8,492,1.6,98.4
334,132726084,132726584,9,491,1.7999999999999998,98.2
335,132726584,132727084,10,490,2.0,98.0
336,132727084,132727584,9,491,1.7999999999999998,98.2
337,132727584,132728084,8,492,1.6,98.4
338,132728084,132728584,8,492,1.6,98.4
339,132728584,132729084,8,492,1.6,98.4
340,132729084,132729584,11,489,2.1999999999999997,97.8
341,132729584,132730084,10,490,2.0,98.0
342,132730084,132730584,19,481,3.8,96.2
343,132730584,132731084,6,494,1.2,98.8
344,132731084,132731584,11,489,2.1999999999999997,97.8
345,132731584,132732084,8,492,1.6,98.4
346,132732084,132732584,9,491,1.7999999999999998,98.2
347,132732584,132733084,8,492,1.6,98.4
348,132733084,132733584,9,491,1.7999999999999998,98.2
349,132733584,132734084,8,492,1.6,98.4
350,132734084,132734584,9,491,1.7999999999999998,98.2
351,132734584,132735084,6,494,1.2,98.8
352,132735084,132735584,10,490,2.0,98.0
353,132735584,132736084,8,492,1.6,98.4
354,132736084,132736584,10,490,2.0,98.0
355,132736584,132737084,7,493,1.4000000000000001,98.6
356,132737084,132737584,10,490,2.0,98.0
357,132737584,132738084,9,491,1.7999999999999998,98.2
358,132738084,132738584,9,491,1.7999999999999998,98.2
359,132738584,132739084,11,489,2.1999999999999997,97.8
360,132739084,132739584,9,491,1.7999999999999998,98.2
361,132739584,132740084,8,492,1.6,98.4
362,132740084,132740584,9,491,1.7999999999999998,98.2
363,132740584,132741084,9,491,1.7999999999999998,98.2
364,132741084,132741584,10,490,2.0,98.0
365,132741584,132742084,7,493,1.4000000000000001,98.6
366,132742084,132742584,9,491,1.7999999999999998,98.2
367,132742584,132743084,7,493,1.4000000000000001,98.6
368,132743084,132743584,10,490,2.0,98.0
369,132743584,132744084,8,492,1.6,98.4
370,132744084,132744584,9,491,1.7999999999999998,98.2
371,132744584,132745084,8,492,1.6,98.4
372,132745084,132745584,9,491,1.7999999999999998,98.2
373,132745584,132746084,6,494,1.2,98.8
374,132746084,132746584,6,494,1.2,98.8
375,132746584,132747084,13,487,2.6,97.4
376,132747084,132747584,11,489,2.1999999999999997,97.8
377,132747584,132748084,7,493,1.4000000000000001,98.6
378,132748084,132748584,12,488,2.4,97.6
379,132748584,132749084,8,492,1.6,98.4
380,132749084,132749584,10,490,2.0,98.0
381,132749584,132750084,7,493,1.4000000000000001,98.6
382,132750084,132750584,9,491,1.7999999999999998,98.2
383,132750584,132751084,9,491,1.7999999999999998,98.2
384,132751084,132751584,8,492,1.6,98.4
385,132751584,132752084,8,492,1.6,98.4
386,132752084,132752584,9,491,1.7999999999999998,98.2
387,132752584,132753084,7,493,1.4000000000000001,98.6
388,132753084,132753584,11,489,2.1999999999999997,97.8
389,132753584,132754084,7,493,1.4000000000000001,98.6
390,132754084,132754584,11,489,2.1999999999999997,97.8
391,132754584,132755084,7,493,1.4000000000000001,98.6
392,132755084,132755584,9,491,1.7999999999999998,98.2
393,132755584,132756084,8,492,1.6,98.4
394,132756084,132756584,8,492,1.6,98.4
395,132756584,132757084,8,492,1.6,98.4
396,132757084,132757584,10,490,2.0,98.0
397,132757584,132758084,7,493,1.4000000000000001,98.6
398,132758084,132758584,10,490,2.0,98.0
399,132758584,132759084,8,492,1.6,98.4
400,132759084,132759584,9,491,1.7999999999999998,98.2
401,132759584,132760084,9,491,1.7999999999999998,98.2
402,132760084,132760584,9,491,1.7999999999999998,98.2
403,132760584,132761084,8,492,1.6,98.4
404,132761084,132761584,9,491,1.7999999999999998,98.2
405,132761584,132762084,8,492,1.6,98.4
406,132762084,132762584,10,490,2.0,98.0
407,132762584,132763084,7,493,1.4000000000000001,98.6
408,132763084,132763584,9,491,1.7999999999999998,98.2
409,132763584,132764084,9,491,1.7999999999999998,98.2
410,132764084,132764584,8,492,1.6,98.4
411,132764584,132765084,8,492,1.6,98.4
412,132765084,132765584,8,492,1.6,98.4
413,132765584,132766084,8,492,1.6,98.4
414,132766084,132766584,9,491,1.7999999999999998,98.2
415,132766584,132767084,7,493,1.4000000000000001,98.6
416,132767084,132767584,9,491,1.7999999999999998,98.2
417,132767584,132768084,8,492,1.6,98.4
418,132768084,132768584,12,488,2.4,97.6
419,132768584,132769084,9,491,1.7999999999999998,98.2
420,132769084,132769584,11,489,2.1999999999999997,97.8
421,132769584,132770084,7,493,1.4000000000000001,98.6
422,132770084,132770584,9,491,1.7999999999999998,98.2
423,132770584,132771084,9,491,1.7999999999999998,98.2
424,132771084,132771584,9,491,1.7999999999999998,98.2
425,132771584,132772084,7,493,1.4000000000000001,98.6
426,132772084,132772584,11,489,2.1999999999999997,97.8
427,132772584,132773084,11,489,2.1999999999999997,97.8
428,132773084,132773584,11,489,2.1999999999999997,97.8
429,132773584,132774084,8,492,1.6,98.4
430,132774084,132774584,9,491,1.7999999999999998,98.2
431,132774584,132775084,7,493,1.4000000000000001,98.6
432,132775084,132775584,9,491,1.7999999999999998,98.2
433,132775584,132776084,8,492,1.6,98.4
434,132776084,132776584,9,491,1.7999999999999998,98.2
435,132776584,132777084,8,492,1.6,98.4
436,132777084,132777584,9,491,1.7999999999999998,98.2
437,132777584,132778084,6,494,1.2,98.8
438,132778084,132778584,10,490,2.0,98.0
439,132778584,132779084,7,493,1.4000000000000001,98.6
440,132779084,132779584,20,480,4.0,96.0
441,132779584,132780084,9,491,1.7999999999999998,98.2
442,132780084,132780584,8,492,1.6,98.4
443,132780584,132781084,8,492,1.6,98.4
444,132781084,132781584,8,492,1.6,98.4
445,132781584,132782084,8,492,1.6,98.4
446,132782084,132782584,9,491,1.7999999999999998,98.2
447,132782584,132783084,8,492,1.6,98.4
448,132783084,132783584,8,492,1.6,98.4
449,132783584,132784084,10,490,2.0,98.0
450,132784084,132784584,12,488,2.4,97.6
451,132784584,132785084,9,491,1.7999999999999998,98.2
452,132785084,132785584,10,490,2.0,98.0
453,132785584,132786084,7,493,1.4000000000000001,98.6
454,132786084,132786584,10,490,2.0,98.0
455,132786584,132787084,8,492,1.6,98.4
456,132787084,132787584,9,491,1.7999999999999998,98.2
457,132787584,132788084,9,491,1.7999999999999998,98.2
458,132788084,132788584,9,491,1.7999999999999998,98.2
459,132788584,132789084,7,493,1.4000000000000001,98.6
460,132789084,132789584,10,490,2.0,98.0
461,132789584,132790084,7,493,1.4000000000000001,98.6
462,132790084,132790584,11,489,2.1999999999999997,97.8
463,132790584,132791084,9,491,1.7999999999999998,98.2
464,132791084,132791584,8,492,1.6,98.4
465,132791584,132792084,11,489,2.1999999999999997,97.8
466,132792084,132792584,7,493,1.4000000000000001,98.6
467,132792584,132793084,7,493,1.4000000000000001,98.6
468,132793084,132793584,13,487,2.6,97.4
469,132793584,132794084,7,493,1.4000000000000001,98.6
470,132794084,132794584,14,486,2.8000000000000003,97.2
471,132794584,132795084,8,492,1.6,98.4
472,132795084,132795584,10,490,2.0,98.0
473,132795584,132796084,9,491,1.7999999999999998,98.2
474,132796084,132796584,8,492,1.6,98.4
475,132796584,132797084,8,492,1.6,98.4
476,132797084,132797584,9,491,1.7999999999999998,98.2
477,132797584,132798084,7,493,1.4000000000000001,98.6
478,132798084,132798584,10,490,2.0,98.0
479,132798584,132799084,8,492,1.6,98.4
480,132799084,132799584,8,492,1.6,98.4
481,132799584,132800084,9,491,1.7999999999999998,98.2
482,132800084,132800584,7,493,1.4000000000000001,98.6
483,132800584,132801084,11,489,2.1999999999999997,97.8
484,132801084,132801584,8,492,1.6,98.4
485,132801584,132802084,8,492,1.6,98.4
486,132802084,132802584,9,491,1.7999999999999998,98.2
487,132802584,132803084,8,492,1.6,98.4
488,132803084,132803584,10,490,2.0,98.0
489,132803584,132804084,8,492,1.6,98.4
490,132804084,132804584,9,491,1.7999999999999998,98.2
491,132804584,132805084,7,493,1.4000000000000001,98.6
492,132805084,132805584,10,490,2.0,98.0
493,132805584,132806084,9,491,1.7999999999999998,98.2
494,132806084,132806584,9,491,1.7999999999999998,98.2
495,132806584,132807084,8,492,1.6,98.4
496,132807084,132807584,9,491,1.7999999999999998,98.2
497,132807584,132808084,7,493,1.4000000000000001,98.6
498,132808084,132808584,15,485,3.0,97.0
499,132808584,132809084,6,494,1.2,98.8
500,132809084,132809584,11,489,2.1999999999999997,97.8
501,132809584,132810084,8,492,1.6,98.4
502,132810084,132810584,10,490,2.0,98.0
503,132810584,132811084,8,492,1.6,98.4
504,132811084,132811584,9,491,1.7999999999999998,98.2
505,132811584,132812084,8,492,1.6,98.4
506,132812084,132812584,8,492,1.6,98.4
507,132812584,132813084,8,492,1.6,98.4
508,132813084,132813584,7,493,1.4000000000000001,98.6
509,132813584,132814084,8,492,1.6,98.4
510,132814084,132814584,9,491,1.7999999999999998,98.2
511,132814584,132815084,7,493,1.4000000000000001,98.6
512,132815084,132815584,9,491,1.7999999999999998,98.2
513,132815584,132816084,7,493,1.4000000000000001,98.6
514,132816084,132816584,12,488,2.4,97.6
515,132816584,132817084,8,492,1.6,98.4
516,132817084,132817584,10,490,2.0,98.0
517,132817584,132818084,9,491,1.7999999999999998,98.2
518,132818084,132818584,8,492,1.6,98.4
519,132818584,132819084,8,492,1.6,98.4
520,132819084,132819584,8,492,1.6,98.4
521,132819584,132820084,8,492,1.6,98.4
522,132820084,132820584,9,491,1.7999999999999998,98.2
523,132820584,132821084,7,493,1.4000000000000001,98.6
524,132821084,132821584,10,490,2.0,98.0
525,132821584,132822084,25,475,5.0,95.0
526,132822084,132822584,9,491,1.7999999999999998,98.2
527,132822584,132823084,7,493,1.4000000000000001,98.6
528,132823084,132823584,9,491,1.7999999999999998,98.2
529,132823584,132824084,14,486,2.8000000000000003,97.2
530,132824084,132824584,9,491,1.7999999999999998,98.2
531,132824584,132825084,10,490,2.0,98.0
532,132825084,132825584,9,491,1.7999999999999998,98.2
533,132825584,132826084,8,492,1.6,98.4
534,132826084,132826584,10,490,2.0,98.0
535,132826584,132827084,8,492,1.6,98.4
536,132827084,132827584,9,491,1.7999999999999998,98.2
537,132827584,132828084,7,493,1.4000000000000001,98.6
538,132828084,132828584,10,490,2.0,98.0
539,132828584,132829084,8,492,1.6,98.4
540,132829084,132829584,8,492,1.6,98.4
541,132829584,132830084,10,490,2.0,98.0
542,132830084,132830584,8,492,1.6,98.4
543,132830584,132831084,9,491,1.7999999999999998,98.2
544,132831084,132831584,10,490,2.0,98.0
545,132831584,132832084,6,494,1.2,98.8
546,132832084,132832584,12,488,2.4,97.6
547,132832584,132833084,8,492,1.6,98.4
548,132833084,132833584,10,490,2.0,98.0
549,132833584,132834084,8,492,1.6,98.4
550,132834084,132834584,9,491,1.7999999999999998,98.2
551,132834584,132835084,8,492,1.6,98.4
552,132835084,132835584,9,491,1.7999999999999998,98.2
553,132835584,132836084,9,491,1.7999999999999998,98.2
554,132836084,132836584,11,489,2.1999999999999997,97.8
555,132836584,132837084,7,493,1.4000000000000001,98.6
556,132837084,132837584,15,485,3.0,97.0
557,132837584,132838084,6,494,1.2,98.8
558,132838084,132838584,5,495,1.0,99.0
559,132838584,132839084,8,492,1.6,98.4
560,132839084,132839584,8,492,1.6,98.4
561,132839584,132840084,8,492,1.6,98.4
562,132840084,132840584,9,491,1.7999999999999998,98.2
563,132840584,132841084,8,492,1.6,98.4
564,132841084,132841584,9,491,1.7999999999999998,98.2
565,132841584,132842084,7,493,1.4000000000000001,98.6
566,132842084,132842584,10,490,2.0,98.0
567,132842584,132843084,7,493,1.4000000000000001,98.6
568,132843084,132843584,9,491,1.7999999999999998,98.2
569,132843584,132844084,8,492,1.6,98.4
570,132844084,132844584,8,492,1.6,98.4
571,132844584,132845084,8,492,1.6,98.4
572,132845084,132845584,8,492,1.6,98.4
573,132845584,132846084,8,492,1.6,98.4
574,132846084,132846584,8,492,1.6,98.4
575,132846584,132847084,8,492,1.6,98.4
576,132847084,132847584,9,491,1.7999999999999998,98.2
577,132847584,132848084,11,489,2.1999999999999997,97.8
578,132848084,132848584,5,495,1.0,99.0
579,132848584,132849084,12,488,2.4,97.6
580,132849084,132849584,9,491,1.7999999999999998,98.2
581,132849584,132850084,9,491,1.7999999999999998,98.2
582,132850084,132850584,8,492,1.6,98.4
583,132850584,132851084,8,492,1.6,98.4
584,132851084,132851584,9,491,1.7999999999999998,98.2
585,132851584,132852084,4,496,0.8,99.2
586,132852084,132852584,31,469,6.2,93.8
587,132852584,132853084,6,494,1.2,98.8
588,132853084,132853584,12,488,2.4,97.6
589,132853584,132854084,5,495,1.0,99.0
590,132854084,132854584,12,488,2.4,97.6
591,132854584,132855084,8,492,1.6,98.4
592,132855084,132855584,10,490,2.0,98.0
593,132855584,132856084,7,493,1.4000000000000001,98.6
594,132856084,132856584,10,490,2.0,98.0
595,132856584,132857084,10,490,2.0,98.0
596,132857084,132857584,9,491,1.7999999999999998,98.2
597,132857584,132858084,8,492,1.6,98.4
598,132858084,132858584,11,489,2.1999999999999997,97.8
599,132858584,132859084,6,494,1.2,98.8
600,132859084,132859584,10,490,2.0,98.0
601,132859584,132860084,7,493,1.4000000000000001,98.6
602,132860084,132860584,10,490,2.0,98.0
603,132860584,132861084,8,492,1.6,98.4
604,132861084,132861584,10,490,2.0,98.0
605,132861584,132862084,8,492,1.6,98.4
606,132862084,132862584,11,489,2.1999999999999997,97.8
607,132862584,132863084,9,491,1.7999999999999998,98.2
608,132863084,132863584,9,491,1.7999999999999998,98.2
609,132863584,132864084,8,492,1.6,98.4
610,132864084,132864584,9,491,1.7999999999999998,98.2
611,132864584,132865084,8,492,1.6,98.4
612,132865084,132865584,9,491,1.7999999999999998,98.2
613,132865584,132866084,8,492,1.6,98.4
614,132866084,132866584,10,490,2.0,98.0
615,132866584,132867084,9,491,1.7999999999999998,98.2
616,132867084,132867584,8,492,1.6,98.4
617,132867584,132868084,8,492,1.6,98.4
618,132868084,132868584,7,493,1.4000000000000001,98.6
619,132868584,132869084,10,490,2.0,98.0
620,132869084,132869584,9,491,1.7999999999999998,98.2
621,132869584,132870084,1,499,0.2,99.8
622,132870084,132870584,17,483,3.4000000000000004,96.6
623,132870584,132871084,9,491,1.7999999999999998,98.2
624,132871084,132871584,8,492,1.6,98.4
625,132871584,132872084,9,491,1.7999999999999998,98.2
626,132872084,132872584,8,492,1.6,98.4
627,132872584,132873084,8,492,1.6,98.4
628,132873084,132873584,10,490,2.0,98.0
629,132873584,132874084,7,493,1.4000000000000001,98.6
630,132874084,132874584,10,490,2.0,98.0
631,132874584,132875084,7,493,1.4000000000000001,98.6
632,132875084,132875584,9,491,1.7999999999999998,98.2
633,132875584,132876084,8,492,1.6,98.4
634,132876084,132876584,8,492,1.6,98.4
635,132876584,132877084,8,492,1.6,98.4
636,132877084,132877584,9,491,1.7999999999999998,98.2
637,132877584,132878084,7,493,1.4000000000000001,98.6
638,132878084,132878584,15,485,3.0,97.0
639,132878584,132879084,9,491,1.7999999999999998,98.2
640,132879084,132879584,10,490,2.0,98.0
641,132879584,132880084,8,492,1.6,98.4
642,132880084,132880584,9,491,1.7999999999999998,98.2
643,132880584,132881084,7,493,1.4000000000000001,98.6
644,132881084,132881584,8,492,1.6,98.4
645,132881584,132882084,8,492,1.6,98.4
646,132882084,132882584,8,492,1.6,98.4
647,132882584,132883084,8,492,1.6,98.4
648,132883084,132883584,9,491,1.7999999999999998,98.2
649,132883584,132884084,4,496,0.8,99.2
650,132884084,132884584,21,479,4.2,95.8
651,132884584,132885084,13,487,2.6,97.4
652,132885084,132885584,9,491,1.7999999999999998,98.2
653,132885584,132886084,12,488,2.4,97.6
654,132886084,132886584,8,492,1.6,98.4
655,132886584,132887084,8,492,1.6,98.4
656,132887084,132887584,8,492,1.6,98.4
657,132887584,132888084,10,490,2.0,98.0
658,132888084,132888584,10,490,2.0,98.0
659,132888584,132889084,8,492,1.6,98.4
660,132889084,132889584,9,491,1.7999999999999998,98.2
661,132889584,132890084,8,492,1.6,98.4
662,132890084,132890584,10,490,2.0,98.0
663,132890584,132891084,8,492,1.6,98.4
664,132891084,132891584,9,491,1.7999999999999998,98.2
665,132891584,132892084,7,493,1.4000000000000001,98.6
666,132892084,132892584,13,487,2.6,97.4
667,132892584,132893084,8,492,1.6,98.4
668,132893084,132893584,10,490,2.0,98.0
669,132893584,132894084,9,491,1.7999999999999998,98.2
670,132894084,132894584,9,491,1.7999999999999998,98.2
671,132894584,132895084,8,492,1.6,98.4
672,132895084,132895584,9,491,1.7999999999999998,98.2
673,132895584,132896084,8,492,1.6,98.4
674,132896084,132896584,10,490,2.0,98.0
675,132896584,132897084,7,493,1.4000000000000001,98.6
676,132897084,132897584,9,491,1.7999999999999998,98.2
677,132897584,132898084,7,493,1.4000000000000001,98.6
678,132898084,132898584,10,490,2.0,98.0
679,132898584,132899084,8,492,1.6,98.4
680,132899084,132899584,8,492,1.6,98.4
681,132899584,132900084,8,492,1.6,98.4
682,132900084,132900584,8,492,1.6,98.4
683,132900584,132901084,10,490,2.0,98.0
684,132901084,132901584,9,491,1.7999999999999998,98.2
685,132901584,132902084,8,492,1.6,98.4
686,132902084,132902584,9,491,1.7999999999999998,98.2
687,132902584,132903084,11,489,2.1999999999999997,97.8
688,132903084,132903584,10,490,2.0,98.0
689,132903584,132904084,6,494,1.2,98.8
690,132904084,132904584,11,489,2.1999999999999997,97.8
691,132904584,132905084,8,492,1.6,98.4
692,132905084,132905584,10,490,2.0,98.0
693,132905584,132906084,9,491,1.7999999999999998,98.2
694,132906084,132906584,9,491,1.7999999999999998,98.2
695,132906584,132907084,8,492,1.6,98.4
696,132907084,132907584,9,491,1.7999999999999998,98.2
697,132907584,132908084,7,493,1.4000000000000001,98.6
698,132908084,132908584,9,491,1.7999999999999998,98.2
699,132908584,132909084,12,488,2.4,97.6
700,132909084,132909584,10,490,2.0,98.0
701,132909584,132910084,9,491,1.7999999999999998,98.2
702,132910084,132910584,11,489,2.1999999999999997,97.8
703,132910584,132911084,7,493,1.4000000000000001,98.6
704,132911084,132911584,9,491,1.7999999999999998,98.2
705,132911584,132912084,8,492,1.6,98.4
706,132912084,132912584,9,491,1.7999999999999998,98.2
707,132912584,132913084,8,492,1.6,98.4
708,132913084,132913584,8,492,1.6,98.4
709,132913584,132914084,8,492,1.6,98.4
710,132914084,132914584,9,491,1.7999999999999998,98.2
711,132914584,132915084,8,492,1.6,98.4
712,132915084,132915584,9,491,1.7999999999999998,98.2
713,132915584,132916084,9,491,1.7999999999999998,98.2
714,132916084,132916584,12,488,2.4,97.6
715,132916584,132917084,8,492,1.6,98.4
716,132917084,132917584,10,490,2.0,98.0
717,132917584,132918084,9,491,1.7999999999999998,98.2
718,132918084,132918584,7,493,1.4000000000000001,98.6
719,132918584,132919084,14,486,2.8000000000000003,97.2
720,132919084,132919584,9,491,1.7999999999999998,98.2
721,132919584,132920084,11,489,2.1999999999999997,97.8
722,132920084,132920584,9,491,1.7999999999999998,98.2
723,132920584,132921084,8,492,1.6,98.4
724,132921084,132921584,9,491,1.7999999999999998,98.2
725,132921584,132922084,9,491,1.7999999999999998,98.2
726,132922084,132922584,8,492,1.6,98.4
727,132922584,132923084,7,493,1.4000000000000001,98.6
728,132923084,132923584,17,483,3.4000000000000004,96.6
729,132923584,132924084,6,494,1.2,98.8
730,132924084,132924584,16,484,3.2,96.8
731,132924584,132925084,8,492,1.6,98.4
732,132925084,132925584,10,490,2.0,98.0
733,132925584,132926084,7,493,1.4000000000000001,98.6
734,132926084,132926584,9,491,1.7999999999999998,98.2
735,132926584,132927084,8,492,1.6,98.4
736,132927084,132927584,8,492,1.6,98.4
737,132927584,132928084,9,491,1.7999999999999998,98.2
738,132928084,132928584,10,490,2.0,98.0
739,132928584,132929084,6,494,1.2,98.8
740,132929084,132929584,11,489,2.1999999999999997,97.8
741,132929584,132930084,8,492,1.6,98.4
742,132930084,132930584,9,491,1.7999999999999998,98.2
743,132930584,132931084,8,492,1.6,98.4
744,132931084,132931584,8,492,1.6,98.4
745,132931584,132932084,8,492,1.6,98.4
746,132932084,132932584,6,494,1.2,98.8
747,132932584,132933084,6,494,1.2,98.8
748,132933084,132933584,15,485,3.0,97.0
749,132933584,132934084,8,492,1.6,98.4
750,132934084,132934584,10,490,2.0,98.0
751,132934584,132935084,4,496,0.8,99.2
752,132935084,132935584,18,482,3.5999999999999996,96.4
753,132935584,132936084,7,493,1.4000000000000001,98.6
754,132936084,132936584,17,483,3.4000000000000004,96.6
755,132936584,132937084,9,491,1.7999999999999998,98.2
756,132937084,132937584,9,491,1.7999999999999998,98.2
757,132937584,132938084,11,489,2.1999999999999997,97.8
758,132938084,132938584,8,492,1.6,98.4
759,132938584,132939084,9,491,1.7999999999999998,98.2
760,132939084,132939584,10,490,2.0,98.0
761,132939584,132940084,8,492,1.6,98.4
762,132940084,132940584,10,490,2.0,98.0
763,132940584,132941084,7,493,1.4000000000000001,98.6
764,132941084,132941584,9,491,1.7999999999999998,98.2
765,132941584,132942084,7,493,1.4000000000000001,98.6
766,132942084,132942584,9,491,1.7999999999999998,98.2
767,132942584,132943084,9,491,1.7999999999999998,98.2
768,132943084,132943584,8,492,1.6,98.4
769,132943584,132944084,8,492,1.6,98.4
770,132944084,132944584,9,491,1.7999999999999998,98.2
771,132944584,132945084,8,492,1.6,98.4
772,132945084,132945584,9,491,1.7999999999999998,98.2
773,132945584,132946084,6,494,1.2,98.8
774,132946084,132946584,12,488,2.4,97.6
775,132946584,132947084,7,493,1.4000000000000001,98.6
776,132947084,132947584,10,490,2.0,98.0
777,132947584,132948084,7,493,1.4000000000000001,98.6
778,132948084,132948584,10,490,2.0,98.0
779,132948584,132949084,10,490,2.0,98.0
780,132949084,132949584,8,492,1.6,98.4
781,132949584,132950084,8,492,1.6,98.4
782,132950084,132950584,9,491,1.7999999999999998,98.2
783,132950584,132951084,8,492,1.6,98.4
784,132951084,132951584,10,490,2.0,98.0
785,132951584,132952084,8,492,1.6,98.4
786,132952084,132952584,17,483,3.4000000000000004,96.6
787,132952584,132953084,8,492,1.6,98.4
788,132953084,132953584,9,491,1.7999999999999998,98.2
789,132953584,132954084,8,492,1.6,98.4
790,132954084,132954584,9,491,1.7999999999999998,98.2
791,132954584,132955084,8,492,1.6,98.4
792,132955084,132955584,8,492,1.6,98.4
793,132955584,132956084,8,492,1.6,98.4
794,132956084,132956584,8,492,1.6,98.4
795,132956584,132957084,8,492,1.6,98.4
796,132957084,132957584,9,491,1.7999999999999998,98.2
797,132957584,132958084,7,493,1.4000000000000001,98.6
798,132958084,132958584,10,490,2.0,98.0
799,132958584,132959084,7,493,1.4000000000000001,98.6
800,132959084,132959584,9,491,1.7999999999999998,98.2
801,132959584,132960084,8,492,1.6,98.4
802,132960084,132960584,9,491,1.7999999999999998,98.2
803,132960584,132961084,8,492,1.6,98.4
804,132961084,132961584,9,491,1.7999999999999998,98.2
805,132961584,132962084,6,494,1.2,98.8
806,132962084,132962584,14,486,2.8000000000000003,97.2
807,132962584,132963084,6,494,1.2,98.8
808,132963084,132963584,12,488,2.4,97.6
809,132963584,132964084,7,493,1.4000000000000001,98.6
810,132964084,132964584,9,491,1.7999999999999998,98.2
811,132964584,132965084,8,492,1.6,98.4
812,132965084,132965584,10,490,2.0,98.0
813,132965584,132966084,10,490,2.0,98.0
814,132966084,132966584,8,492,1.6,98.4
815,132966584,132967084,8,492,1.6,98.4
816,132967084,132967584,9,491,1.7999999999999998,98.2
817,132967584,132968084,8,492,1.6,98.4
818,132968084,132968584,7,493,1.4000000000000001,98.6
819,132968584,132969084,2,498,0.4,99.6
820,132969084,132969584,14,486,2.8000000000000003,97.2
821,132969584,132970084,7,493,1.4000000000000001,98.6
822,132970084,132970584,14,486,2.8000000000000003,97.2
823,132970584,132971084,8,492,1.6,98.4
824,132971084,132971584,12,488,2.4,97.6
825,132971584,132972084,10,490,2.0,98.0
826,132972084,132972584,9,491,1.7999999999999998,98.2
827,132972584,132973084,8,492,1.6,98.4
828,132973084,132973584,9,491,1.7999999999999998,98.2
829,132973584,132974084,8,492,1.6,98.4
830,132974084,132974584,10,490,2.0,98.0
831,132974584,132975084,6,494,1.2,98.8
832,132975084,132975584,10,490,2.0,98.0
833,132975584,132976084,8,492,1.6,98.4
834,132976084,132976584,10,490,2.0,98.0
835,132976584,132977084,7,493,1.4000000000000001,98.6
836,132977084,132977584,9,491,1.7999999999999998,98.2
837,132977584,132978084,9,491,1.7999999999999998,98.2
838,132978084,132978584,10,490,2.0,98.0
839,132978584,132979084,12,488,2.4,97.6
840,132979084,132979584,11,489,2.1999999999999997,97.8
841,132979584,132980084,8,492,1.6,98.4
842,132980084,132980584,8,492,1.6,98.4
843,132980584,132981084,8,492,1.6,98.4
844,132981084,132981584,9,491,1.7999999999999998,98.2
845,132981584,132982084,8,492,1.6,98.4
846,132982084,132982584,7,493,1.4000000000000001,98.6
847,132982584,132983084,9,491,1.7999999999999998,98.2
848,132983084,132983584,9,491,1.7999999999999998,98.2
849,132983584,132984084,8,492,1.6,98.4
850,132984084,132984584,8,492,1.6,98.4
851,132984584,132985084,7,493,1.4000000000000001,98.6
852,132985084,132985584,10,490,2.0,98.0
853,132985584,132986084,5,495,1.0,99.0
854,132986084,132986584,19,481,3.8,96.2
855,132986584,132987084,6,494,1.2,98.8
856,132987084,132987584,11,489,2.1999999999999997,97.8
857,132987584,132988084,8,492,1.6,98.4
858,132988084,132988584,9,491,1.7999999999999998,98.2
859,132988584,132989084,7,493,1.4000000000000001,98.6
860,132989084,132989584,11,489,2.1999999999999997,97.8
861,132989584,132990084,8,492,1.6,98.4
862,132990084,132990584,9,491,1.7999999999999998,98.2
863,132990584,132991084,8,492,1.6,98.4
864,132991084,132991584,7,493,1.4000000000000001,98.6
865,132991584,132992084,8,492,1.6,98.4
866,132992084,132992584,11,489,2.1999999999999997,97.8
867,132992584,132993084,8,492,1.6,98.4
868,132993084,132993584,10,490,2.0,98.0
869,132993584,132994084,8,492,1.6,98.4
870,132994084,132994584,16,484,3.2,96.8
871,132994584,132995084,11,489,2.1999999999999997,97.8
872,132995084,132995584,8,492,1.6,98.4
873,132995584,132996084,7,493,1.4000000000000001,98.6
874,132996084,132996584,8,492,1.6,98.4
875,132996584,132997084,8,492,1.6,98.4
876,132997084,132997584,9,491,1.7999999999999998,98.2
877,132997584,132998084,6,494,1.2,98.8
878,132998084,132998584,9,491,1.7999999999999998,98.2
879,132998584,132999084,7,493,1.4000000000000001,98.6
880,132999084,132999584,9,491,1.7999999999999998,98.2
881,132999584,133000084,7,493,1.4000000000000001,98.6
882,133000084,133000584,13,487,2.6,97.4
883,133000584,133001084,8,492,1.6,98.4
884,133001084,133001584,9,491,1.7999999999999998,98.2
885,133001584,133002084,7,493,1.4000000000000001,98.6
886,133002084,133002584,10,490,2.0,98.0
887,133002584,133003084,9,491,1.7999999999999998,98.2
888,133003084,133003584,10,490,2.0,98.0
889,133003584,133004084,7,493,1.4000000000000001,98.6
890,133004084,133004584,9,491,1.7999999999999998,98.2
891,133004584,133005084,7,493,1.4000000000000001,98.6
892,133005084,133005584,9,491,1.7999999999999998,98.2
893,133005584,133006084,9,491,1.7999999999999998,98.2
894,133006084,133006584,9,491,1.7999999999999998,98.2
895,133006584,133007084,9,491,1.7999999999999998,98.2
896,133007084,133007584,10,490,2.0,98.0
897,133007584,133008084,7,493,1.4000000000000001,98.6
898,133008084,133008584,8,492,1.6,98.4
899,133008584,133009084,7,493,1.4000000000000001,98.6
900,133009084,133009584,9,491,1.7999999999999998,98.2
901,133009584,133010084,7,493,1.4000000000000001,98.6
902,133010084,133010584,11,489,2.1999999999999997,97.8
903,133010584,133011084,8,492,1.6,98.4
904,133011084,133011584,10,490,2.0,98.0
905,133011584,133012084,8,492,1.6,98.4
906,133012084,133012584,9,491,1.7999999999999998,98.2
907,133012584,133013084,8,492,1.6,98.4
908,133013084,133013584,9,491,1.7999999999999998,98.2
909,133013584,133014084,7,493,1.4000000000000001,98.6
910,133014084,133014584,9,491,1.7999999999999998,98.2
911,133014584,133015084,9,491,1.7999999999999998,98.2
912,133015084,133015584,8,492,1.6,98.4
913,133015584,133016084,9,491,1.7999999999999998,98.2
914,133016084,133016584,10,490,2.0,98.0
915,133016584,133017084,8,492,1.6,98.4
916,133017084,133017584,10,490,2.0,98.0
917,133017584,133018084,8,492,1.6,98.4
918,133018084,133018584,10,490,2.0,98.0
919,133018584,133019084,7,493,1.4000000000000001,98.6
920,133019084,133019584,10,490,2.0,98.0
921,133019584,133020084,9,491,1.7999999999999998,98.2
922,133020084,133020584,8,492,1.6,98.4
923,133020584,133021084,8,492,1.6,98.4
924,133021084,133021584,11,489,2.1999999999999997,97.8
925,133021584,133022084,6,494,1.2,98.8
926,133022084,133022584,11,489,2.1999999999999997,97.8
927,133022584,133023084,7,493,1.4000000000000001,98.6
928,133023084,133023584,9,491,1.7999999999999998,98.2
929,133023584,133024084,6,494,1.2,98.8
930,133024084,133024584,12,488,2.4,97.6
931,133024584,133025084,6,494,1.2,98.8
932,133025084,133025584,19,481,3.8,96.2
933,133025584,133026084,10,490,2.0,98.0
934,133026084,133026584,15,485,3.0,97.0
935,133026584,133027084,7,493,1.4000000000000001,98.6
936,133027084,133027584,10,490,2.0,98.0
937,133027584,133028084,9,491,1.7999999999999998,98.2
938,133028084,133028584,9,491,1.7999999999999998,98.2
939,133028584,133029084,7,493,1.4000000000000001,98.6
940,133029084,133029584,8,492,1.6,98.4
941,133029584,133030084,8,492,1.6,98.4
942,133030084,133030584,11,489,2.1999999999999997,97.8
943,133030584,133031084,7,493,1.4000000000000001,98.6
944,133031084,133031584,10,490,2.0,98.0
945,133031584,133032084,7,493,1.4000000000000001,98.6
946,133032084,133032584,10,490,2.0,98.0
947,133032584,133033084,8,492,1.6,98.4
948,133033084,133033584,8,492,1.6,98.4
949,133033584,133034084,8,492,1.6,98.4
950,133034084,133034584,9,491,1.7999999999999998,98.2
951,133034584,133035084,7,493,1.4000000000000001,98.6
952,133035084,133035584,11,489,2.1999999999999997,97.8
953,133035584,133036084,7,493,1.4000000000000001,98.6
954,133036084,133036584,8,492,1.6,98.4
955,133036584,133037084,7,493,1.4000000000000001,98.6
956,133037084,133037584,9,491,1.7999999999999998,98.2
957,133037584,133038084,7,493,1.4000000000000001,98.6
958,133038084,133038584,10,490,2.0,98.0
959,133038584,133039084,8,492,1.6,98.4
960,133039084,133039584,7,493,1.4000000000000001,98.6
961,133039584,133040084,15,485,3.0,97.0
962,133040084,133040584,12,488,2.4,97.6
963,133040584,133041084,8,492,1.6,98.4
964,133041084,133041584,11,489,2.1999999999999997,97.8
965,133041584,133042084,8,492,1.6,98.4
966,133042084,133042584,11,489,2.1999999999999997,97.8
967,133042584,133043084,7,493,1.4000000000000001,98.6
968,133043084,133043584,10,490,2.0,98.0
969,133043584,133044084,7,493,1.4000000000000001,98.6
970,133044084,133044584,10,490,2.0,98.0
971,133044584,133045084,9,491,1.7999999999999998,98.2
972,133045084,133045584,17,483,3.4000000000000004,96.6
973,133045584,133046084,10,490,2.0,98.0
974,133046084,133046584,9,491,1.7999999999999998,98.2
975,133046584,133047084,8,492,1.6,98.4
976,133047084,133047584,10,490,2.0,98.0
977,133047584,133048084,8,492,1.6,98.4
978,133048084,133048584,10,490,2.0,98.0
979,133048584,133049084,10,490,2.0,98.0
980,133049084,133049584,9,491,1.7999999999999998,98.2
981,133049584,133050084,8,492,1.6,98.4
982,133050084,133050584,9,491,1.7999999999999998,98.2
983,133050584,133051084,9,491,1.7999999999999998,98.2
984,133051084,133051584,10,490,2.0,98.0
985,133051584,133052084,8,492,1.6,98.4
986,133052084,133052584,11,489,2.1999999999999997,97.8
987,133052584,133053084,6,494,1.2,98.8
988,133053084,133053584,10,490,2.0,98.0
989,133053584,133054084,7,493,1.4000000000000001,98.6
990,133054084,133054584,11,489,2.1999999999999997,97.8
991,133054584,133055084,9,491,1.7999999999999998,98.2
992,133055084,133055584,9,491,1.7999999999999998,98.2
993,133055584,133056084,9,491,1.7999999999999998,98.2
994,133056084,133056584,14,486,2.8000000000000003,97.2
995,133056584,133057084,14,486,2.8000000000000003,97.2
996,133057084,133057584,9,491,1.7999999999999998,98.2
997,133057584,133058084,8,492,1.6,98.4
998,133058084,133058584,11,489,2.1999999999999997,97.8
999,133058584,133059084,8,492,1.6,98.4
1000,133059084,133059584,9,491,1.7999999999999998,98.2
1001,133059584,133060084,7,493,1.4000000000000001,98.6
1002,133060084,133060584,11,489,2.1999999999999997,97.8
1003,133060584,133061084,9,491,1.7999999999999998,98.2
1004,133061084,133061584,8,492,1.6,98.4
1005,133061584,133062084,34,466,6.800000000000001,93.2
1006,133062084,133062584,5,495,1.0,99.0
1007,133062584,133063084,18,482,3.5999999999999996,96.4
1008,133063084,133063584,9,491,1.7999999999999998,98.2
1009,133063584,133064084,9,491,1.7999999999999998,98.2
1010,133064084,133064584,9,491,1.7999999999999998,98.2
1011,133064584,133065084,8,492,1.6,98.4
1012,133065084,133065584,10,490,2.0,98.0
1013,133065584,133066084,7,493,1.4000000000000001,98.6
1014,133066084,133066584,9,491,1.7999999999999998,98.2
1015,133066584,133067084,7,493,1.4000000000000001,98.6
1016,133067084,133067584,9,491,1.7999999999999998,98.2
1017,133067584,133068084,9,491,1.7999999999999998,98.2
1018,133068084,133068584,9,491,1.7999999999999998,98.2
1019,133068584,133069084,8,492,1.6,98.4
1020,133069084,133069584,9,491,1.7999999999999998,98.2
1021,133069584,133070084,16,484,3.2,96.8
1022,133070084,133070584,12,488,2.4,97.6
1023,133070584,133071084,8,492,1.6,98.4
1024,133071084,133071584,10,490,2.0,98.0
1025,133071584,133072084,7,493,1.4000000000000001,98.6
1026,133072084,133072584,10,490,2.0,98.0
1027,133072584,133073084,7,493,1.4000000000000001,98.6
1028,133073084,133073584,10,490,2.0,98.0
1029,133073584,133074084,8,492,1.6,98.4
1030,133074084,133074584,9,491,1.7999999999999998,98.2
1031,133074584,133075084,8,492,1.6,98.4
1032,133075084,133075584,9,491,1.7999999999999998,98.2
1033,133075584,133076084,6,494,1.2,98.8
1034,133076084,133076584,8,492,1.6,98.4
1035,133076584,133077084,11,489,2.1999999999999997,97.8
1036,133077084,133077584,9,491,1.7999999999999998,98.2
1037,133077584,133078084,9,491,1.7999999999999998,98.2
1038,133078084,133078584,9,491,1.7999999999999998,98.2
1039,133078584,133079084,8,492,1.6,98.4
1040,133079084,133079584,11,489,2.1999999999999997,97.8
1041,133079584,133080084,6,494,1.2,98.8
1042,133080084,133080584,11,489,2.1999999999999997,97.8
1043,133080584,133081084,7,493,1.4000000000000001,98.6
1044,133081084,133081584,9,491,1.7999999999999998,98.2
1045,133081584,133082084,7,493,1.4000000000000001,98.6
1046,133082084,133082584,9,491,1.7999999999999998,98.2
1047,133082584,133083084,8,492,1.6,98.4
1048,133083084,133083584,9,491,1.7999999999999998,98.2
1049,133083584,133084084,11,489,2.1999999999999997,97.8
1050,133084084,133084584,9,491,1.7999999999999998,98.2
1051,133084584,133085084,27,473,5.4,94.6
1052,133085084,133085584,8,492,1.6,98.4
1053,133085584,133086084,9,491,1.7999999999999998,98.2
1054,133086084,133086584,9,491,1.7999999999999998,98.2
1055,133086584,133087084,8,492,1.6,98.4
1056,133087084,133087584,11,489,2.1999999999999997,97.8
1057,133087584,133088084,7,493,1.4000000000000001,98.6
1058,133088084,133088584,10,490,2.0,98.0
1059,133088584,133089084,8,492,1.6,98.4
1060,133089084,133089584,9,491,1.7999999999999998,98.2
1061,133089584,133090084,8,492,1.6,98.4
1062,133090084,133090584,9,491,1.7999999999999998,98.2
1063,133090584,133091084,8,492,1.6,98.4
1064,133091084,133091584,9,491,1.7999999999999998,98.2
1065,133091584,133092084,8,492,1.6,98.4
1066,133092084,133092584,11,489,2.1999999999999997,97.8
1067,133092584,133093084,8,492,1.6,98.4
1068,133093084,133093584,10,490,2.0,98.0
1069,133093584,133094084,9,491,1.7999999999999998,98.2
1070,133094084,133094584,15,485,3.0,97.0
1071,133094584,133095084,8,492,1.6,98.4
1072,133095084,133095584,10,490,2.0,98.0
1073,133095584,133096084,8,492,1.6,98.4
1074,133096084,133096584,8,492,1.6,98.4
1075,133096584,133097084,9,491,1.7999999999999998,98.2
1076,133097084,133097584,8,492,1.6,98.4
1077,133097584,133098084,8,492,1.6,98.4
1078,133098084,133098584,9,491,1.7999999999999998,98.2
1079,133098584,133099084,7,493,1.4000000000000001,98.6
1080,133099084,133099584,9,491,1.7999999999999998,98.2
1081,133099584,133100084,7,493,1.4000000000000001,98.6
1082,133100084,133100584,10,490,2.0,98.0
1083,133100584,133101084,8,492,1.6,98.4
1084,133101084,133101584,7,493,1.4000000000000001,98.6
1085,133101584,133102084,15,485,3.0,97.0
1086,133102084,133102584,10,490,2.0,98.0
1087,133102584,133103084,9,491,1.7999999999999998,98.2
1088,133103084,133103584,9,491,1.7999999999999998,98.2
1089,133103584,133104084,8,492,1.6,98.4
1090,133104084,133104584,11,489,2.1999999999999997,97.8
1091,133104584,133105084,7,493,1.4000000000000001,98.6
1092,133105084,133105584,10,490,2.0,98.0
1093,133105584,133106084,8,492,1.6,98.4
1094,133106084,133106584,9,491,1.7999999999999998,98.2
1095,133106584,133107084,8,492,1.6,98.4
1096,133107084,133107584,9,491,1.7999999999999998,98.2
1097,133107584,133108084,9,491,1.7999999999999998,98.2
1098,133108084,133108584,9,491,1.7999999999999998,98.2
1099,133108584,133109084,7,493,1.4000000000000001,98.6
1100,133109084,133109584,11,489,2.1999999999999997,97.8
1101,133109584,133110084,8,492,1.6,98.4
1102,133110084,133110584,9,491,1.7999999999999998,98.2
1103,133110584,133111084,7,493,1.4000000000000001,98.6
1104,133111084,133111584,10,490,2.0,98.0
1105,133111584,133112084,9,491,1.7999999999999998,98.2
1106,133112084,133112584,9,491,1.7999999999999998,98.2
1107,133112584,133113084,8,492,1.6,98.4
1108,133113084,133113584,10,490,2.0,98.0
1109,133113584,133114084,7,493,1.4000000000000001,98.6
1110,133114084,133114584,21,479,4.2,95.8
1111,133114584,133115084,7,493,1.4000000000000001,98.6
1112,133115084,133115584,10,490,2.0,98.0
1113,133115584,133116084,10,490,2.0,98.0
1114,133116084,133116584,9,491,1.7999999999999998,98.2
1115,133116584,133117084,8,492,1.6,98.4
1116,133117084,133117584,9,491,1.7999999999999998,98.2
1117,133117584,133118084,9,491,1.7999999999999998,98.2
1118,133118084,133118584,12,488,2.4,97.6
1119,133118584,133119084,7,493,1.4000000000000001,98.6
1120,133119084,133119584,10,490,2.0,98.0
1121,133119584,133120084,7,493,1.4000000000000001,98.6
1122,133120084,133120584,9,491,1.7999999999999998,98.2
1123,133120584,133121084,9,491,1.7999999999999998,98.2
1124,133121084,133121584,9,491,1.7999999999999998,98.2
1125,133121584,133122084,8,492,1.6,98.4
1126,133122084,133122584,10,490,2.0,98.0
1127,133122584,133123084,6,494,1.2,98.8
1128,133123084,133123584,10,490,2.0,98.0
1129,133123584,133124084,10,490,2.0,98.0
1130,133124084,133124584,16,484,3.2,96.8
1131,133124584,133125084,8,492,1.6,98.4
1132,133125084,133125584,10,490,2.0,98.0
1133,133125584,133126084,7,493,1.4000000000000001,98.6
1134,133126084,133126584,10,490,2.0,98.0
1135,133126584,133127084,8,492,1.6,98.4
1136,133127084,133127584,8,492,1.6,98.4
1137,133127584,133128084,8,492,1.6,98.4
1138,133128084,133128584,9,491,1.7999999999999998,98.2
1139,133128584,133129084,8,492,1.6,98.4
1140,133129084,133129584,9,491,1.7999999999999998,98.2
1141,133129584,133130084,7,493,1.4000000000000001,98.6
1142,133130084,133130584,11,489,2.1999999999999997,97.8
1143,133130584,133131084,10,490,2.0,98.0
1144,133131084,133131584,8,492,1.6,98.4
1145,133131584,133132084,9,491,1.7999999999999998,98.2
1146,133132084,133132584,8,492,1.6,98.4
1147,133132584,133133084,8,492,1.6,98.4
1148,133133084,133133584,11,489,2.1999999999999997,97.8
1149,133133584,133134084,8,492,1.6,98.4
1150,133134084,133134584,9,491,1.7999999999999998,98.2
1151,133134584,133135084,8,492,1.6,98.4
1152,133135084,133135584,12,488,2.4,97.6
1153,133135584,133136084,10,490,2.0,98.0
1154,133136084,133136584,8,492,1.6,98.4
1155,133136584,133137084,21,479,4.2,95.8
1156,133137084,133137584,7,493,1.4000000000000001,98.6
1157,133137584,133138084,9,491,1.7999999999999998,98.2
1158,133138084,133138584,8,492,1.6,98.4
1159,133138584,133139084,9,491,1.7999999999999998,98.2
1160,133139084,133139584,11,489,2.1999999999999997,97.8
1161,133139584,133140084,7,493,1.4000000000000001,98.6
1162,133140084,133140584,7,493,1.4000000000000001,98.6
1163,133140584,133141084,10,490,2.0,98.0
1164,133141084,133141584,13,487,2.6,97.4
1165,133141584,133142084,9,491,1.7999999999999998,98.2
1166,133142084,133142584,9,491,1.7999999999999998,98.2
1167,133142584,133143084,8,492,1.6,98.4
1168,133143084,133143584,10,490,2.0,98.0
1169,133143584,133144084,9,491,1.7999999999999998,98.2
1170,133144084,133144584,9,491,1.7999999999999998,98.2
1171,133144584,133145084,8,492,1.6,98.4
1172,133145084,133145584,8,492,1.6,98.4
1173,133145584,133146084,8,492,1.6,98.4
1174,133146084,133146584,9,491,1.7999999999999998,98.2
1175,133146584,133147084,7,493,1.4000000000000001,98.6
1176,133147084,133147584,10,490,2.0,98.0
1177,133147584,133148084,7,493,1.4000000000000001,98.6
1178,133148084,133148584,10,490,2.0,98.0
1179,133148584,133149084,6,494,1.2,98.8
1180,133149084,133149584,12,488,2.4,97.6
1181,133149584,133150084,10,490,2.0,98.0
1182,133150084,133150584,8,492,1.6,98.4
1183,133150584,133151084,8,492,1.6,98.4
1184,133151084,133151584,8,492,1.6,98.4
1185,133151584,133152084,14,486,2.8000000000000003,97.2
1186,133152084,133152584,10,490,2.0,98.0
1187,133152584,133153084,8,492,1.6,98.4
1188,133153084,133153584,10,490,2.0,98.0
1189,133153584,133154084,7,493,1.4000000000000001,98.6
1190,133154084,133154584,9,491,1.7999999999999998,98.2
1191,133154584,133155084,6,494,1.2,98.8
1192,133155084,133155584,8,492,1.6,98.4
1193,133155584,133156084,9,491,1.7999999999999998,98.2
1194,133156084,133156584,13,487,2.6,97.4
1195,133156584,133157084,7,493,1.4000000000000001,98.6
1196,133157084,133157584,9,491,1.7999999999999998,98.2
1197,133157584,133158084,9,491,1.7999999999999998,98.2
1198,133158084,133158584,8,492,1.6,98.4
1199,133158584,133159084,8,492,1.6,98.4
1200,133159084,133159584,11,489,2.1999999999999997,97.8
1201,133159584,133160084,6,494,1.2,98.8
1202,133160084,133160584,11,489,2.1999999999999997,97.8
1203,133160584,133161084,7,493,1.4000000000000001,98.6
1204,133161084,133161584,10,490,2.0,98.0
1205,133161584,133162084,8,492,1.6,98.4
1206,133162084,133162584,9,491,1.7999999999999998,98.2
1207,133162584,133163084,12,488,2.4,97.6
1208,133163084,133163584,10,490,2.0,98.0
1209,133163584,133164084,9,491,1.7999999999999998,98.2
1210,133164084,133164584,9,491,1.7999999999999998,98.2
1211,133164584,133165084,8,492,1.6,98.4
1212,133165084,133165584,10,490,2.0,98.0
1213,133165584,133166084,7,493,1.4000000000000001,98.6
1214,133166084,133166584,9,491,1.7999999999999998,98.2
1215,133166584,133167084,7,493,1.4000000000000001,98.6
1216,133167084,133167584,10,490,2.0,98.0
1217,133167584,133168084,10,490,2.0,98.0
1218,133168084,133168584,8,492,1.6,98.4
1219,133168584,133169084,9,491,1.7999999999999998,98.2
1220,133169084,133169584,9,491,1.7999999999999998,98.2
1221,133169584,133170084,8,492,1.6,98.4
1222,133170084,133170584,10,490,2.0,98.0
1223,133170584,133171084,7,493,1.4000000000000001,98.6
1224,133171084,133171584,10,490,2.0,98.0
1225,133171584,133172084,8,492,1.6,98.4
1226,133172084,133172584,9,491,1.7999999999999998,98.2
1227,133172584,133173084,9,491,1.7999999999999998,98.2
1228,133173084,133173584,9,491,1.7999999999999998,98.2
1229,133173584,133174084,10,490,2.0,98.0
1230,133174084,133174584,9,491,1.7999999999999998,98.2
1231,133174584,133175084,7,493,1.4000000000000001,98.6
1232,133175084,133175584,11,489,2.1999999999999997,97.8
1233,133175584,133176084,8,492,1.6,98.4
1234,133176084,133176584,10,490,2.0,98.0
1235,133176584,133177084,7,493,1.4000000000000001,98.6
1236,133177084,133177584,10,490,2.0,98.0
1237,133177584,133178084,7,493,1.4000000000000001,98.6
1238,133178084,133178584,11,489,2.1999999999999997,97.8
1239,133178584,133179084,8,492,1.6,98.4
1240,133179084,133179584,9,491,1.7999999999999998,98.2
1241,133179584,133180084,8,492,1.6,98.4
1242,133180084,133180584,11,489,2.1999999999999997,97.8
1243,133180584,133181084,7,493,1.4000000000000001,98.6
1244,133181084,133181584,11,489,2.1999999999999997,97.8
1245,133181584,133182084,8,492,1.6,98.4
1246,133182084,133182584,10,490,2.0,98.0
1247,133182584,133183084,9,491,1.7999999999999998,98.2
1248,133183084,133183584,4,496,0.8,99.2
1249,133183584,133184084,4,496,0.8,99.2
1250,133184084,133184584,11,489,2.1999999999999997,97.8
1251,133184584,133185084,16,484,3.2,96.8
1252,133185084,133185584,8,492,1.6,98.4
1253,133185584,133186084,12,488,2.4,97.6
1254,133186084,133186584,31,469,6.2,93.8
1255,133186584,133187084,8,492,1.6,98.4
1256,133187084,133187584,10,490,2.0,98.0
1257,133187584,133188084,7,493,1.4000000000000001,98.6
1258,133188084,133188584,17,483,3.4000000000000004,96.6
1259,133188584,133189084,7,493,1.4000000000000001,98.6
1260,133189084,133189584,10,490,2.0,98.0
1261,133189584,133190084,7,493,1.4000000000000001,98.6
1262,133190084,133190584,10,490,2.0,98.0
1263,133190584,133191084,8,492,1.6,98.4
1264,133191084,133191584,8,492,1.6,98.4
1265,133191584,133192084,8,492,1.6,98.4
1266,133192084,133192584,9,491,1.7999999999999998,98.2
1267,133192584,133193084,8,492,1.6,98.4
1268,133193084,133193584,10,490,2.0,98.0
1269,133193584,133194084,7,493,1.4000000000000001,98.6
1270,133194084,133194584,9,491,1.7999999999999998,98.2
1271,133194584,133195084,6,494,1.2,98.8
1272,133195084,133195584,9,491,1.7999999999999998,98.2
1273,133195584,133196084,8,492,1.6,98.4
1274,133196084,133196584,8,492,1.6,98.4
1275,133196584,133197084,8,492,1.6,98.4
1276,133197084,133197584,9,491,1.7999999999999998,98.2
1277,133197584,133198084,8,492,1.6,98.4
1278,133198084,133198584,10,490,2.0,98.0
1279,133198584,133199084,8,492,1.6,98.4
1280,133199084,133199584,10,490,2.0,98.0
1281,133199584,133200084,6,494,1.2,98.8
1282,133200084,133200584,10,490,2.0,98.0
1283,133200584,133201084,8,492,1.6,98.4
1284,133201084,133201584,7,493,1.4000000000000001,98.6
1285,133201584,133202084,9,491,1.7999999999999998,98.2
1286,133202084,133202584,9,491,1.7999999999999998,98.2
1287,133202584,133203084,9,491,1.7999999999999998,98.2
1288,133203084,133203584,8,492,1.6,98.4
1289,133203584,133204084,9,491,1.7999999999999998,98.2
1290,133204084,133204584,11,489,2.1999999999999997,97.8
1291,133204584,133205084,7,493,1.4000000000000001,98.6
1292,133205084,133205584,10,490,2.0,98.0
1293,133205584,133206084,7,493,1.4000000000000001,98.6
1294,133206084,133206584,10,490,2.0,98.0
1295,133206584,133207084,9,491,1.7999999999999998,98.2
1296,133207084,133207584,8,492,1.6,98.4
1297,133207584,133208084,9,491,1.7999999999999998,98.2
1298,133208084,133208584,8,492,1.6,98.4
1299,133208584,133209084,8,492,1.6,98.4
1300,133209084,133209584,11,489,2.1999999999999997,97.8
1301,133209584,133210084,6,494,1.2,98.8
1302,133210084,133210584,10,490,2.0,98.0
1303,133210584,133211084,8,492,1.6,98.4
1304,133211084,133211584,10,490,2.0,98.0
1305,133211584,133212084,6,494,1.2,98.8
1306,133212084,133212584,9,491,1.7999999999999998,98.2
1307,133212584,133213084,8,492,1.6,98.4
1308,133213084,133213584,8,492,1.6,98.4
1309,133213584,133214084,8,492,1.6,98.4
1310,133214084,133214584,9,491,1.7999999999999998,98.2
1311,133214584,133215084,6,494,1.2,98.8
1312,133215084,133215584,11,489,2.1999999999999997,97.8
1313,133215584,133216084,8,492,1.6,98.4
1314,133216084,133216584,10,490,2.0,98.0
1315,133216584,133217084,7,493,1.4000000000000001,98.6
1316,133217084,133217584,10,490,2.0,98.0
1317,133217584,133218084,8,492,1.6,98.4
1318,133218084,133218584,9,491,1.7999999999999998,98.2
1319,133218584,133219084,9,491,1.7999999999999998,98.2
1320,133219084,133219584,8,492,1.6,98.4
1321,133219584,133220084,9,491,1.7999999999999998,98.2
1322,133220084,133220584,11,489,2.1999999999999997,97.8
1323,133220584,133221084,7,493,1.4000000000000001,98.6
1324,133221084,133221584,10,490,2.0,98.0
1325,133221584,133222084,7,493,1.4000000000000001,98.6
1326,133222084,133222584,9,491,1.7999999999999998,98.2
1327,133222584,133223084,8,492,1.6,98.4
1328,133223084,133223584,8,492,1.6,98.4
1329,133223584,133224084,8,492,1.6,98.4
1330,133224084,133224584,9,491,1.7999999999999998,98.2
1331,133224584,133225084,8,492,1.6,98.4
1332,133225084,133225584,11,489,2.1999999999999997,97.8
1333,133225584,133226084,7,493,1.4000000000000001,98.6
1334,133226084,133226584,9,491,1.7999999999999998,98.2
1335,133226584,133227084,6,494,1.2,98.8
1336,133227084,133227584,9,491,1.7999999999999998,98.2
1337,133227584,133228084,8,492,1.6,98.4
1338,133228084,133228584,9,491,1.7999999999999998,98.2
1339,133228584,133229084,8,492,1.6,98.4
1340,133229084,133229584,9,491,1.7999999999999998,98.2
1341,133229584,133230084,8,492,1.6,98.4
1342,133230084,133230584,10,490,2.0,98.0
1343,133230584,133231084,7,493,1.4000000000000001,98.6
1344,133231084,133231584,10,490,2.0,98.0
1345,133231584,133232084,7,493,1.4000000000000001,98.6
1346,133232084,133232584,9,491,1.7999999999999998,98.2
1347,133232584,133233084,8,492,1.6,98.4
1348,133233084,133233584,9,491,1.7999999999999998,98.2
1349,133233584,133234084,7,493,1.4000000000000001,98.6
1350,133234084,133234584,8,492,1.6,98.4
1351,133234584,133235084,9,491,1.7999999999999998,98.2
1352,133235084,133235584,10,490,2.0,98.0
1353,133235584,133236084,7,493,1.4000000000000001,98.6
1354,133236084,133236584,11,489,2.1999999999999997,97.8
1355,133236584,133237084,7,493,1.4000000000000001,98.6
1356,133237084,133237584,11,489,2.1999999999999997,97.8
1357,133237584,133238084,8,492,1.6,98.4
1358,133238084,133238584,10,490,2.0,98.0
1359,133238584,133239084,8,492,1.6,98.4
1360,133239084,133239584,9,491,1.7999999999999998,98.2
1361,133239584,133240084,9,491,1.7999999999999998,98.2
1362,133240084,133240584,11,489,2.1999999999999997,97.8
1363,133240584,133241084,6,494,1.2,98.8
1364,133241084,133241584,12,488,2.4,97.6
1365,133241584,133242084,7,493,1.4000000000000001,98.6
1366,133242084,133242584,9,491,1.7999999999999998,98.2
1367,133242584,133243084,7,493,1.4000000000000001,98.6
1368,133243084,133243584,9,491,1.7999999999999998,98.2
1369,133243584,133244084,7,493,1.4000000000000001,98.6
1370,133244084,133244584,8,492,1.6,98.4
1371,133244584,133245084,8,492,1.6,98.4
1372,133245084,133245584,9,491,1.7999999999999998,98.2
1373,133245584,133246084,6,494,1.2,98.8
1374,133246084,133246584,11,489,2.1999999999999997,97.8
1375,133246584,133247084,8,492,1.6,98.4
1376,133247084,133247584,10,490,2.0,98.0
1377,133247584,133248084,8,492,1.6,98.4
1378,133248084,133248584,10,490,2.0,98.0
1379,133248584,133249084,9,491,1.7999999999999998,98.2
1380,133249084,133249584,9,491,1.7999999999999998,98.2
1381,133249584,133250084,8,492,1.6,98.4
1382,133250084,133250584,9,491,1.7999999999999998,98.2
1383,133250584,133251084,8,492,1.6,98.4
1384,133251084,133251584,37,463,7.3999999999999995,92.6
1385,133251584,133252084,6,494,1.2,98.8
1386,133252084,133252584,11,489,2.1999999999999997,97.8
1387,133252584,133253084,7,493,1.4000000000000001,98.6
1388,133253084,133253584,10,490,2.0,98.0
1389,133253584,133254084,7,493,1.4000000000000001,98.6
1390,133254084,133254584,9,491,1.7999999999999998,98.2
1391,133254584,133255084,8,492,1.6,98.4
1392,133255084,133255584,9,491,1.7999999999999998,98.2
1393,133255584,133256084,9,491,1.7999999999999998,98.2
1394,133256084,133256584,10,490,2.0,98.0
1395,133256584,133257084,6,494,1.2,98.8
1396,133257084,133257584,10,490,2.0,98.0
1397,133257584,133258084,7,493,1.4000000000000001,98.6
1398,133258084,133258584,9,491,1.7999999999999998,98.2
1399,133258584,133259084,7,493,1.4000000000000001,98.6
1400,133259084,133259584,10,490,2.0,98.0
1401,133259584,133260084,8,492,1.6,98.4
1402,133260084,133260584,9,491,1.7999999999999998,98.2
1403,133260584,133261084,7,493,1.4000000000000001,98.6
1404,133261084,133261584,10,490,2.0,98.0
1405,133261584,133262084,8,492,1.6,98.4
1406,133262084,133262584,9,491,1.7999999999999998,98.2
1407,133262584,133263084,6,494,1.2,98.8
1408,133263084,133263584,10,490,2.0,98.0
1409,133263584,133264084,9,491,1.7999999999999998,98.2
1410,133264084,133264584,8,492,1.6,98.4
1411,133264584,133265084,8,492,1.6,98.4
1412,133265084,133265584,8,492,1.6,98.4
1413,133265584,133266084,9,491,1.7999999999999998,98.2
1414,133266084,133266584,28,472,5.6000000000000005,94.4
1415,133266584,133267084,7,493,1.4000000000000001,98.6
1416,133267084,133267584,10,490,2.0,98.0
1417,133267584,133268084,7,493,1.4000000000000001,98.6
1418,133268084,133268584,9,491,1.7999999999999998,98.2
1419,133268584,133269084,10,490,2.0,98.0
1420,133269084,133269584,8,492,1.6,98.4
1421,133269584,133270084,11,489,2.1999999999999997,97.8
1422,133270084,133270584,8,492,1.6,98.4
1423,133270584,133271084,9,491,1.7999999999999998,98.2
1424,133271084,133271584,11,489,2.1999999999999997,97.8
1425,133271584,133272084,8,492,1.6,98.4
1426,133272084,133272584,11,489,2.1999999999999997,97.8
1427,133272584,133273084,7,493,1.4000000000000001,98.6
1428,133273084,133273584,10,490,2.0,98.0
1429,133273584,133274084,9,491,1.7999999999999998,98.2
1430,133274084,133274584,9,491,1.7999999999999998,98.2
1431,133274584,133275084,9,491,1.7999999999999998,98.2
1432,133275084,133275584,9,491,1.7999999999999998,98.2
1433,133275584,133276084,10,490,2.0,98.0
1434,133276084,133276584,11,489,2.1999999999999997,97.8
1435,133276584,133277084,7,493,1.4000000000000001,98.6
1436,133277084,133277584,10,490,2.0,98.0
1437,133277584,133278084,7,493,1.4000000000000001,98.6
1438,133278084,133278584,15,485,3.0,97.0
1439,133278584,133279084,8,492,1.6,98.4
1440,133279084,133279584,11,489,2.1999999999999997,97.8
1441,133279584,133280084,8,492,1.6,98.4
1442,133280084,133280584,11,489,2.1999999999999997,97.8
1443,133280584,133281084,11,489,2.1999999999999997,97.8
1444,133281084,133281584,10,490,2.0,98.0
1445,133281584,133282084,9,491,1.7999999999999998,98.2
1446,133282084,133282584,8,492,1.6,98.4
1447,133282584,133283084,8,492,1.6,98.4
1448,133283084,133283584,11,489,2.1999999999999997,97.8
1449,133283584,133284084,7,493,1.4000000000000001,98.6
1450,133284084,133284584,9,491,1.7999999999999998,98.2
1451,133284584,133285084,7,493,1.4000000000000001,98.6
1452,133285084,133285584,9,491,1.7999999999999998,98.2
1453,133285584,133286084,11,489,2.1999999999999997,97.8
1454,133286084,133286584,9,491,1.7999999999999998,98.2
1455,133286584,133287084,9,491,1.7999999999999998,98.2
1456,133287084,133287584,8,492,1.6,98.4
1457,133287584,133288084,8,492,1.6,98.4
1458,133288084,133288584,10,490,2.0,98.0
1459,133288584,133289084,7,493,1.4000000000000001,98.6
1460,133289084,133289584,10,490,2.0,98.0
1461,133289584,133290084,7,493,1.4000000000000001,98.6
1462,133290084,133290584,10,490,2.0,98.0
1463,133290584,133291084,10,490,2.0,98.0
1464,133291084,133291584,9,491,1.7999999999999998,98.2
1465,133291584,133292084,8,492,1.6,98.4
1466,133292084,133292584,8,492,1.6,98.4
1467,133292584,133293084,7,493,1.4000000000000001,98.6
1468,133293084,133293584,14,486,2.8000000000000003,97.2
1469,133293584,133294084,6,494,1.2,98.8
1470,133294084,133294584,14,486,2.8000000000000003,97.2
1471,133294584,133295084,6,494,1.2,98.8
1472,133295084,133295584,11,489,2.1999999999999997,97.8
1473,133295584,133296084,7,493,1.4000000000000001,98.6
1474,133296084,133296584,10,490,2.0,98.0
1475,133296584,133297084,8,492,1.6,98.4
1476,133297084,133297584,13,487,2.6,97.4
1477,133297584,133298084,10,490,2.0,98.0
1478,133298084,133298584,10,490,2.0,98.0
1479,133298584,133299084,9,491,1.7999999999999998,98.2
1480,133299084,133299584,10,490,2.0,98.0
1481,133299584,133300084,9,491,1.7999999999999998,98.2
1482,133300084,133300584,7,493,1.4000000000000001,98.6
1483,133300584,133301084,9,491,1.7999999999999998,98.2
1484,133301084,133301584,7,493,1.4000000000000001,98.6
1485,133301584,133302084,12,488,2.4,97.6
1486,133302084,133302584,11,489,2.1999999999999997,97.8
1487,133302584,133303084,8,492,1.6,98.4
1488,133303084,133303584,11,489,2.1999999999999997,97.8
1489,133303584,133304084,8,492,1.6,98.4
1490,133304084,133304584,10,490,2.0,98.0
1491,133304584,133305084,8,492,1.6,98.4
1492,133305084,133305584,11,489,2.1999999999999997,97.8
1493,133305584,133306084,7,493,1.4000000000000001,98.6
1494,133306084,133306584,9,491,1.7999999999999998,98.2
1495,133306584,133307084,9,491,1.7999999999999998,98.2
1496,133307084,133307584,9,491,1.7999999999999998,98.2
1497,133307584,133308084,9,491,1.7999999999999998,98.2
1498,133308084,133308584,10,490,2.0,98.0
1499,133308584,133309084,7,493,1.4000000000000001,98.6
1500,133309084,133309584,10,490,2.0,98.0
1501,133309584,133310084,8,492,1.6,98.4
1502,133310084,133310584,11,489,2.1999999999999997,97.8
1503,133310584,133311084,10,490,2.0,98.0
1504,133311084,133311584,9,491,1.7999999999999998,98.2
1505,133311584,133312084,8,492,1.6,98.4
1506,133312084,133312584,8,492,1.6,98.4
1507,133312584,133313084,9,491,1.7999999999999998,98.2
1508,133313084,133313584,10,490,2.0,98.0
1509,133313584,133314084,6,494,1.2,98.8
1510,133314084,133314584,10,490,2.0,98.0
1511,133314584,133315084,8,492,1.6,98.4
1512,133315084,133315584,10,490,2.0,98.0
1513,133315584,133316084,9,491,1.7999999999999998,98.2
1514,133316084,133316584,8,492,1.6,98.4
1515,133316584,133317084,8,492,1.6,98.4
1516,133317084,133317584,8,492,1.6,98.4
1517,133317584,133318084,9,491,1.7999999999999998,98.2
1518,133318084,133318584,15,485,3.0,97.0
1519,133318584,133319084,21,479,4.2,95.8
1520,133319084,133319584,14,486,2.8000000000000003,97.2
1521,133319584,133320084,6,494,1.2,98.8
1522,133320084,133320584,10,490,2.0,98.0
1523,133320584,133321084,7,493,1.4000000000000001,98.6
1524,133321084,133321584,9,491,1.7999999999999998,98.2
1525,133321584,133322084,8,492,1.6,98.4
1526,133322084,133322584,8,492,1.6,98.4
1527,133322584,133323084,8,492,1.6,98.4
1528,133323084,133323584,8,492,1.6,98.4
1529,133323584,133324084,8,492,1.6,98.4
1530,133324084,133324584,10,490,2.0,98.0
1531,133324584,133325084,7,493,1.4000000000000001,98.6
1532,133325084,133325584,18,482,3.5999999999999996,96.4
1533,133325584,133326084,2,498,0.4,99.6
1534,133326084,133326584,11,489,2.1999999999999997,97.8
1535,133326584,133327084,10,490,2.0,98.0
1536,133327084,133327584,9,491,1.7999999999999998,98.2
1537,133327584,133328084,9,491,1.7999999999999998,98.2
1538,133328084,133328584,9,491,1.7999999999999998,98.2
1539,133328584,133329084,7,493,1.4000000000000001,98.6
1540,133329084,133329584,8,492,1.6,98.4
1541,133329584,133330084,8,492,1.6,98.4
1542,133330084,133330584,10,490,2.0,98.0
1543,133330584,133331084,9,491,1.7999999999999998,98.2
1544,133331084,133331584,9,491,1.7999999999999998,98.2
1545,133331584,133332084,9,491,1.7999999999999998,98.2
1546,133332084,133332584,8,492,1.6,98.4
1547,133332584,133333084,8,492,1.6,98.4
1548,133333084,133333584,11,489,2.1999999999999997,97.8
1549,133333584,133334084,7,493,1.4000000000000001,98.6
1550,133334084,133334584,10,490,2.0,98.0
1551,133334584,133335084,9,491,1.7999999999999998,98.2
1552,133335084,133335584,10,490,2.0,98.0
1553,133335584,133336084,8,492,1.6,98.4
1554,133336084,133336584,10,490,2.0,98.0
1555,133336584,133337084,9,491,1.7999999999999998,98.2
1556,133337084,133337584,8,492,1.6,98.4
1557,133337584,133338084,7,493,1.4000000000000001,98.6
1558,133338084,133338584,8,492,1.6,98.4
1559,133338584,133339084,9,491,1.7999999999999998,98.2
1560,133339084,133339584,12,488,2.4,97.6
1561,133339584,133340084,6,494,1.2,98.8
1562,133340084,133340584,12,488,2.4,97.6
1563,133340584,133341084,7,493,1.4000000000000001,98.6
1564,133341084,133341584,10,490,2.0,98.0
1565,133341584,133342084,8,492,1.6,98.4
1566,133342084,133342584,10,490,2.0,98.0
1567,133342584,133343084,8,492,1.6,98.4
1568,133343084,133343584,9,491,1.7999999999999998,98.2
1569,133343584,133344084,8,492,1.6,98.4
1570,133344084,133344584,9,491,1.7999999999999998,98.2
1571,133344584,133345084,7,493,1.4000000000000001,98.6
1572,133345084,133345584,10,490,2.0,98.0
1573,133345584,133346084,7,493,1.4000000000000001,98.6
1574,133346084,133346584,11,489,2.1999999999999997,97.8
1575,133346584,133347084,7,493,1.4000000000000001,98.6
1576,133347084,133347584,11,489,2.1999999999999997,97.8
1577,133347584,133348084,19,481,3.8,96.2
1578,133348084,133348584,9,491,1.7999999999999998,98.2
1579,133348584,133349084,8,492,1.6,98.4
1580,133349084,133349584,9,491,1.7999999999999998,98.2
1581,133349584,133350084,8,492,1.6,98.4
1582,133350084,133350584,9,491,1.7999999999999998,98.2
1583,133350584,133351084,5,495,1.0,99.0
1584,133351084,133351584,11,489,2.1999999999999997,97.8
1585,133351584,133352084,6,494,1.2,98.8
1586,133352084,133352584,9,491,1.7999999999999998,98.2
1587,133352584,133353084,7,493,1.4000000000000001,98.6
1588,133353084,133353584,9,491,1.7999999999999998,98.2
1589,133353584,133354084,8,492,1.6,98.4
1590,133354084,133354584,8,492,1.6,98.4
1591,133354584,133355084,8,492,1.6,98.4
1592,133355084,133355584,9,491,1.7999999999999998,98.2
1593,133355584,133356084,7,493,1.4000000000000001,98.6
1594,133356084,133356584,10,490,2.0,98.0
1595,133356584,133357084,7,493,1.4000000000000001,98.6
1596,133357084,133357584,9,491,1.7999999999999998,98.2
1597,133357584,133358084,8,492,1.6,98.4
1598,133358084,133358584,8,492,1.6,98.4
1599,133358584,133359084,8,492,1.6,98.4
1600,133359084,133359584,9,491,1.7999999999999998,98.2
1601,133359584,133360084,6,494,1.2,98.8
1602,133360084,133360584,10,490,2.0,98.0
1603,133360584,133361084,7,493,1.4000000000000001,98.6
1604,133361084,133361584,9,491,1.7999999999999998,98.2
1605,133361584,133362084,8,492,1.6,98.4
1606,133362084,133362584,8,492,1.6,98.4
1607,133362584,133363084,8,492,1.6,98.4
1608,133363084,133363584,9,491,1.7999999999999998,98.2
1609,133363584,133364084,7,493,1.4000000000000001,98.6
1610,133364084,133364584,10,490,2.0,98.0
1611,133364584,133365084,7,493,1.4000000000000001,98.6
1612,133365084,133365584,9,491,1.7999999999999998,98.2
1613,133365584,133366084,7,493,1.4000000000000001,98.6
1614,133366084,133366584,9,491,1.7999999999999998,98.2
1615,133366584,133367084,8,492,1.6,98.4
1616,133367084,133367584,8,492,1.6,98.4
1617,133367584,133368084,8,492,1.6,98.4
1618,133368084,133368584,10,490,2.0,98.0
1619,133368584,133369084,7,493,1.4000000000000001,98.6
1620,133369084,133369584,10,490,2.0,98.0
1621,133369584,133370084,8,492,1.6,98.4
1622,133370084,133370584,10,490,2.0,98.0
1623,133370584,133371084,9,491,1.7999999999999998,98.2
1624,133371084,133371584,8,492,1.6,98.4
1625,133371584,133372084,8,492,1.6,98.4
1626,133372084,133372584,8,492,1.6,98.4
1627,133372584,133373084,8,492,1.6,98.4
1628,133373084,133373584,9,491,1.7999999999999998,98.2
1629,133373584,133374084,7,493,1.4000000000000001,98.6
1630,133374084,133374584,10,490,2.0,98.0
1631,133374584,133375084,7,493,1.4000000000000001,98.6
1632,133375084,133375584,9,491,1.7999999999999998,98.2
1633,133375584,133376084,9,491,1.7999999999999998,98.2
1634,133376084,133376584,9,491,1.7999999999999998,98.2
1635,133376584,133377084,9,491,1.7999999999999998,98.2
1636,133377084,133377584,9,491,1.7999999999999998,98.2
1637,133377584,133378084,7,493,1.4000000000000001,98.6
1638,133378084,133378584,10,490,2.0,98.0
1639,133378584,133379084,7,493,1.4000000000000001,98.6
1640,133379084,133379584,9,491,1.7999999999999998,98.2
1641,133379584,133380084,11,489,2.1999999999999997,97.8
1642,133380084,133380584,9,491,1.7999999999999998,98.2
1643,133380584,133381084,8,492,1.6,98.4
1644,133381084,133381584,9,491,1.7999999999999998,98.2
1645,133381584,133382084,9,491,1.7999999999999998,98.2
1646,133382084,133382584,10,490,2.0,98.0
1647,133382584,133383084,7,493,1.4000000000000001,98.6
1648,133383084,133383584,10,490,2.0,98.0
1649,133383584,133384084,7,493,1.4000000000000001,98.6
1650,133384084,133384584,9,491,1.7999999999999998,98.2
1651,133384584,133385084,9,491,1.7999999999999998,98.2
1652,133385084,133385584,9,491,1.7999999999999998,98.2
1653,133385584,133386084,9,491,1.7999999999999998,98.2
1654,133386084,133386584,10,490,2.0,98.0
1655,133386584,133387084,8,492,1.6,98.4
1656,133387084,133387584,10,490,2.0,98.0
1657,133387584,133388084,6,494,1.2,98.8
1658,133388084,133388584,10,490,2.0,98.0
1659,133388584,133389084,8,492,1.6,98.4
1660,133389084,133389584,8,492,1.6,98.4
1661,133389584,133390084,8,492,1.6,98.4
1662,133390084,133390584,8,492,1.6,98.4
1663,133390584,133391084,8,492,1.6,98.4
1664,133391084,133391584,10,490,2.0,98.0
1665,133391584,133392084,7,493,1.4000000000000001,98.6
1666,133392084,133392584,10,490,2.0,98.0
1667,133392584,133393084,6,494,1.2,98.8
1668,133393084,133393584,11,489,2.1999999999999997,97.8
1669,133393584,133394084,8,492,1.6,98.4
1670,133394084,133394584,10,490,2.0,98.0
1671,133394584,133395084,9,491,1.7999999999999998,98.2
1672,133395084,133395584,11,489,2.1999999999999997,97.8
1673,133395584,133396084,7,493,1.4000000000000001,98.6
1674,133396084,133396584,10,490,2.0,98.0
1675,133396584,133397084,8,492,1.6,98.4
1676,133397084,133397584,12,488,2.4,97.6
1677,133397584,133398084,8,492,1.6,98.4
1678,133398084,133398584,10,490,2.0,98.0
1679,133398584,133399084,8,492,1.6,98.4
1680,133399084,133399584,11,489,2.1999999999999997,97.8
1681,133399584,133400084,8,492,1.6,98.4
1682,133400084,133400584,9,491,1.7999999999999998,98.2
1683,133400584,133401084,6,494,1.2,98.8
1684,133401084,133401584,13,487,2.6,97.4
1685,133401584,133402084,12,488,2.4,97.6
1686,133402084,133402584,17,483,3.4000000000000004,96.6
1687,133402584,133403084,10,490,2.0,98.0
1688,133403084,133403584,9,491,1.7999999999999998,98.2
1689,133403584,133404084,8,492,1.6,98.4
1690,133404084,133404584,8,492,1.6,98.4
1691,133404584,133405084,12,488,2.4,97.6
1692,133405084,133405584,10,490,2.0,98.0
1693,133405584,133406084,7,493,1.4000000000000001,98.6
1694,133406084,133406584,9,491,1.7999999999999998,98.2
1695,133406584,133407084,7,493,1.4000000000000001,98.6
1696,133407084,133407584,9,491,1.7999999999999998,98.2
1697,133407584,133408084,8,492,1.6,98.4
1698,133408084,133408584,9,491,1.7999999999999998,98.2
1699,133408584,133409084,8,492,1.6,98.4
1700,133409084,133409584,9,491,1.7999999999999998,98.2
1701,133409584,133410084,9,491,1.7999999999999998,98.2
1702,133410084,133410584,11,489,2.1999999999999997,97.8
1703,133410584,133411084,7,493,1.4000000000000001,98.6
1704,133411084,133411584,9,491,1.7999999999999998,98.2
1705,133411584,133412084,8,492,1.6,98.4
1706,133412084,133412584,9,491,1.7999999999999998,98.2
1707,133412584,133413084,7,493,1.4000000000000001,98.6
1708,133413084,133413584,10,490,2.0,98.0
1709,133413584,133414084,6,494,1.2,98.8
1710,133414084,133414584,10,490,2.0,98.0
1711,133414584,133415084,6,494,1.2,98.8
1712,133415084,133415584,10,490,2.0,98.0
1713,133415584,133416084,7,493,1.4000000000000001,98.6
1714,133416084,133416584,10,490,2.0,98.0
1715,133416584,133417084,7,493,1.4000000000000001,98.6
1716,133417084,133417584,21,479,4.2,95.8
1717,133417584,133418084,9,491,1.7999999999999998,98.2
1718,133418084,133418584,10,490,2.0,98.0
1719,133418584,133419084,7,493,1.4000000000000001,98.6
1720,133419084,133419584,10,490,2.0,98.0
1721,133419584,133420084,6,494,1.2,98.8
1722,133420084,133420584,11,489,2.1999999999999997,97.8
1723,133420584,133421084,9,491,1.7999999999999998,98.2
1724,133421084,133421584,8,492,1.6,98.4
1725,133421584,133422084,8,492,1.6,98.4
1726,133422084,133422584,9,491,1.7999999999999998,98.2
1727,133422584,133423084,7,493,1.4000000000000001,98.6
1728,133423084,133423584,10,490,2.0,98.0
1729,133423584,133424084,8,492,1.6,98.4
1730,133424084,133424584,8,492,1.6,98.4
1731,133424584,133425084,8,492,1.6,98.4
1732,133425084,133425584,8,492,1.6,98.4
1733,133425584,133426084,12,488,2.4,97.6
1734,133426084,133426584,12,488,2.4,97.6
1735,133426584,133427084,6,494,1.2,98.8
1736,133427084,133427584,11,489,2.1999999999999997,97.8
1737,133427584,133428084,8,492,1.6,98.4
1738,133428084,133428584,9,491,1.7999999999999998,98.2
1739,133428584,133429084,8,492,1.6,98.4
1740,133429084,133429584,8,492,1.6,98.4
1741,133429584,133430084,8,492,1.6,98.4
1742,133430084,133430584,8,492,1.6,98.4
1743,133430584,133431084,7,493,1.4000000000000001,98.6
1744,133431084,133431584,6,494,1.2,98.8
1745,133431584,133432084,12,488,2.4,97.6
1746,133432084,133432584,12,488,2.4,97.6
1747,133432584,133433084,7,493,1.4000000000000001,98.6
1748,133433084,133433584,9,491,1.7999999999999998,98.2
1749,133433584,133434084,8,492,1.6,98.4
1750,133434084,133434584,9,491,1.7999999999999998,98.2
1751,133434584,133435084,8,492,1.6,98.4
1752,133435084,133435584,9,491,1.7999999999999998,98.2
1753,133435584,133436084,8,492,1.6,98.4
1754,133436084,133436584,9,491,1.7999999999999998,98.2
1755,133436584,133437084,8,492,1.6,98.4
1756,133437084,133437584,10,490,2.0,98.0
1757,133437584,133438084,7,493,1.4000000000000001,98.6
1758,133438084,133438584,9,491,1.7999999999999998,98.2
1759,133438584,133439084,7,493,1.4000000000000001,98.6
1760,133439084,133439584,9,491,1.7999999999999998,98.2
1761,133439584,133440084,9,491,1.7999999999999998,98.2
1762,133440084,133440584,11,489,2.1999999999999997,97.8
1763,133440584,133441084,6,494,1.2,98.8
1764,133441084,133441584,11,489,2.1999999999999997,97.8
1765,133441584,133442084,7,493,1.4000000000000001,98.6
1766,133442084,133442584,10,490,2.0,98.0
1767,133442584,133443084,7,493,1.4000000000000001,98.6
1768,133443084,133443584,9,491,1.7999999999999998,98.2
1769,133443584,133444084,7,493,1.4000000000000001,98.6
1770,133444084,133444584,10,490,2.0,98.0
1771,133444584,133445084,6,494,1.2,98.8
1772,133445084,133445584,11,489,2.1999999999999997,97.8
1773,133445584,133446084,7,493,1.4000000000000001,98.6
1774,133446084,133446584,10,490,2.0,98.0
1775,133446584,133447084,8,492,1.6,98.4
1776,133447084,133447584,9,491,1.7999999999999998,98.2
1777,133447584,133448084,9,491,1.7999999999999998,98.2
1778,133448084,133448584,9,491,1.7999999999999998,98.2
1779,133448584,133449084,9,491,1.7999999999999998,98.2
1780,133449084,133449584,9,491,1.7999999999999998,98.2
1781,133449584,133450084,8,492,1.6,98.4
1782,133450084,133450584,10,490,2.0,98.0
1783,133450584,133451084,7,493,1.4000000000000001,98.6
1784,133451084,133451584,11,489,2.1999999999999997,97.8
1785,133451584,133452084,9,491,1.7999999999999998,98.2
1786,133452084,133452584,9,491,1.7999999999999998,98.2
1787,133452584,133453084,8,492,1.6,98.4
1788,133453084,133453584,9,491,1.7999999999999998,98.2
1789,133453584,133454084,8,492,1.6,98.4
1790,133454084,133454584,11,489,2.1999999999999997,97.8
1791,133454584,133455084,7,493,1.4000000000000001,98.6
1792,133455084,133455584,9,491,1.7999999999999998,98.2
1793,133455584,133456084,14,486,2.8000000000000003,97.2
1794,133456084,133456584,9,491,1.7999999999999998,98.2
1795,133456584,133457084,9,491,1.7999999999999998,98.2
1796,133457084,133457584,8,492,1.6,98.4
1797,133457584,133458084,8,492,1.6,98.4
1798,133458084,133458584,9,491,1.7999999999999998,98.2
1799,133458584,133459084,7,493,1.4000000000000001,98.6
1800,133459084,133459584,10,490,2.0,98.0
1801,133459584,133460084,7,493,1.4000000000000001,98.6
1802,133460084,133460584,9,491,1.7999999999999998,98.2
1803,133460584,133461084,8,492,1.6,98.4
1804,133461084,133461584,8,492,1.6,98.4
1805,133461584,133462084,23,477,4.6,95.4
1806,133462084,133462584,10,490,2.0,98.0
1807,133462584,133463084,11,489,2.1999999999999997,97.8
1808,133463084,133463584,10,490,2.0,98.0
1809,133463584,133464084,7,493,1.4000000000000001,98.6
1810,133464084,133464584,9,491,1.7999999999999998,98.2
1811,133464584,133465084,9,491,1.7999999999999998,98.2
1812,133465084,133465584,9,491,1.7999999999999998,98.2
1813,133465584,133466084,8,492,1.6,98.4
1814,133466084,133466584,8,492,1.6,98.4
1815,133466584,133467084,8,492,1.6,98.4
1816,133467084,133467584,9,491,1.7999999999999998,98.2
1817,133467584,133468084,8,492,1.6,98.4
1818,133468084,133468584,10,490,2.0,98.0
1819,133468584,133469084,10,490,2.0,98.0
1820,133469084,133469584,8,492,1.6,98.4
1821,133469584,133470084,8,492,1.6,98.4
1822,133470084,133470584,9,491,1.7999999999999998,98.2
1823,133470584,133471084,9,491,1.7999999999999998,98.2
1824,133471084,133471584,10,490,2.0,98.0
1825,133471584,133472084,8,492,1.6,98.4
1826,133472084,133472584,10,490,2.0,98.0
1827,133472584,133473084,5,495,1.0,99.0
1828,133473084,133473584,12,488,2.4,97.6
1829,133473584,133474084,10,490,2.0,98.0
1830,133474084,133474584,9,491,1.7999999999999998,98.2
1831,133474584,133475084,9,491,1.7999999999999998,98.2
1832,133475084,133475584,10,490,2.0,98.0
1833,133475584,133476084,10,490,2.0,98.0
1834,133476084,133476584,22,478,4.3999999999999995,95.6
1835,133476584,133477084,6,494,1.2,98.8
1836,133477084,133477584,12,488,2.4,97.6
1837,133477584,133478084,4,496,0.8,99.2
1838,133478084,133478584,22,478,4.3999999999999995,95.6
1839,133478584,133479084,6,494,1.2,98.8
1840,133479084,133479584,12,488,2.4,97.6
1841,133479584,133480084,7,493,1.4000000000000001,98.6
1842,133480084,133480584,9,491,1.7999999999999998,98.2
1843,133480584,133481084,10,490,2.0,98.0
1844,133481084,133481584,13,487,2.6,97.4
1845,133481584,133482084,6,494,1.2,98.8
1846,133482084,133482584,10,490,2.0,98.0
1847,133482584,133483084,8,492,1.6,98.4
1848,133483084,133483584,9,491,1.7999999999999998,98.2
1849,133483584,133484084,9,491,1.7999999999999998,98.2
1850,133484084,133484584,9,491,1.7999999999999998,98.2
1851,133484584,133485084,7,493,1.4000000000000001,98.6
1852,133485084,133485584,14,486,2.8000000000000003,97.2
1853,133485584,133486084,8,492,1.6,98.4
1854,133486084,133486584,10,490,2.0,98.0
1855,133486584,133487084,8,492,1.6,98.4
1856,133487084,133487584,8,492,1.6,98.4
1857,133487584,133488084,8,492,1.6,98.4
1858,133488084,133488584,8,492,1.6,98.4
1859,133488584,133489084,8,492,1.6,98.4
1860,133489084,133489584,10,490,2.0,98.0
1861,133489584,133490084,7,493,1.4000000000000001,98.6
1862,133490084,133490584,9,491,1.7999999999999998,98.2
1863,133490584,133491084,8,492,1.6,98.4
1864,133491084,133491584,8,492,1.6,98.4
1865,133491584,133492084,8,492,1.6,98.4
1866,133492084,133492584,8,492,1.6,98.4
1867,133492584,133493084,8,492,1.6,98.4
1868,133493084,133493584,10,490,2.0,98.0
1869,133493584,133494084,7,493,1.4000000000000001,98.6
1870,133494084,133494584,9,491,1.7999999999999998,98.2
1871,133494584,133495084,9,491,1.7999999999999998,98.2
1872,133495084,133495584,8,492,1.6,98.4
1873,133495584,133496084,8,492,1.6,98.4
1874,133496084,133496584,11,489,2.1999999999999997,97.8
1875,133496584,133497084,6,494,1.2,98.8
1876,133497084,133497584,11,489,2.1999999999999997,97.8
1877,133497584,133498084,7,493,1.4000000000000001,98.6
1878,133498084,133498584,9,491,1.7999999999999998,98.2
1879,133498584,133499084,8,492,1.6,98.4
1880,133499084,133499584,9,491,1.7999999999999998,98.2
1881,133499584,133500084,8,492,1.6,98.4
1882,133500084,133500584,10,490,2.0,98.0
1883,133500584,133501084,7,493,1.4000000000000001,98.6
1884,133501084,133501584,9,491,1.7999999999999998,98.2
1885,133501584,133502084,7,493,1.4000000000000001,98.6
1886,133502084,133502584,9,491,1.7999999999999998,98.2
1887,133502584,133503084,8,492,1.6,98.4
1888,133503084,133503584,9,491,1.7999999999999998,98.2
1889,133503584,133504084,9,491,1.7999999999999998,98.2
1890,133504084,133504584,10,490,2.0,98.0
1891,133504584,133505084,8,492,1.6,98.4
1892,133505084,133505584,10,490,2.0,98.0
1893,133505584,133506084,8,492,1.6,98.4
1894,133506084,133506584,10,490,2.0,98.0
1895,133506584,133507084,9,491,1.7999999999999998,98.2
1896,133507084,133507584,3,497,0.6,99.4
1897,133507584,133508084,0,500,0.0,100.0
1898,133508084,133508584,0,500,0.0,100.0
1899,133508584,133509084,0,500,0.0,100.0
1900,133509084,133509584,0,500,0.0,100.0
1901,133509584,133510084,0,500,0.0,100.0
1902,133510084,133510584,0,500,0.0,100.0
1903,133510584,133511084,0,500,0.0,100.0
1904,133511084,133511584,0,500,0.0,100.0
1905,133511584,133512084,0,500,0.0,100.0
1906,133512084,133512584,0,500,0.0,100.0
1907,133512584,133513084,0,500,0.0,100.0
1908,133513084,133513584,0,500,0.0,100.0
1909,133513584,133514084,0,500,0.0,100.0
1910,133514084,133514584,0,500,0.0,100.0
1911,133514584,133515084,0,500,0.0,100.0
1912,133515084,133515584,0,500,0.0,100.0
1913,133515584,133516084,0,500,0.0,100.0
1914,133516084,133516584,0,500,0.0,100.0
1915,133516584,133517084,0,500,0.0,100.0
1916,133517084,133517584,0,500,0.0,100.0
1917,133517584,133518084,0,500,0.0,100.0
1918,133518084,133518584,0,500,0.0,100.0
1919,133518584,133519084,0,500,0.0,100.0
1920,133519084,133519584,0,500,0.0,100.0
1921,133519584,133520084,0,500,0.0,100.0
1922,133520084,133520584,0,500,0.0,100.0
1923,133520584,133521084,0,500,0.0,100.0
1924,133521084,133521584,0,500,0.0,100.0
1925,133521584,133522084,0,500,0.0,100.0
1926,133522084,133522584,0,500,0.0,100.0
1927,133522584,133523084,0,500,0.0,100.0
1928,133523084,133523584,0,500,0.0,100.0
1929,133523584,133524084,0,500,0.0,100.0
1930,133524084,133524584,0,500,0.0,100.0
1931,133524584,133525084,0,500,0.0,100.0
1932,133525084,133525584,0,500,0.0,100.0
1933,133525584,133526084,0,500,0.0,100.0
1934,133526084,133526584,0,500,0.0,100.0
1935,133526584,133527084,0,500,0.0,100.0
1936,133527084,133527584,0,500,0.0,100.0
1937,133527584,133528084,0,500,0.0,100.0
1938,133528084,133528584,0,500,0.0,100.0
1939,133528584,133529084,0,500,0.0,100.0
1940,133529084,133529584,0,500,0.0,100.0
1941,133529584,133530084,0,500,0.0,100.0
1942,133530084,133530584,0,500,0.0,100.0
1943,133530584,133531084,0,500,0.0,100.0
1944,133531084,133531584,0,500,0.0,100.0
1945,133531584,133532084,0,500,0.0,100.0
1946,133532084,133532584,0,500,0.0,100.0
1947,133532584,133533084,0,500,0.0,100.0
1948,133533084,133533584,0,500,0.0,100.0
1949,133533584,133534084,0,500,0.0,100.0
1950,133534084,133534584,0,500,0.0,100.0
1951,133534584,133535084,0,500,0.0,100.0
1952,133535084,133535584,0,500,0.0,100.0
1953,133535584,133536084,0,500,0.0,100.0
1954,133536084,133536584,0,500,0.0,100.0
1955,133536584,133537084,0,500,0.0,100.0
1956,133537084,133537584,0,500,0.0,100.0
1957,133537584,133538084,0,500,0.0,100.0
1958,133538084,133538584,0,500,0.0,100.0
1959,133538584,133539084,0,500,0.0,100.0
1960,133539084,133539584,0,500,0.0,100.0
1961,133539584,133540084,0,500,0.0,100.0
1962,133540084,133540584,0,500,0.0,100.0
1963,133540584,133541084,0,500,0.0,100.0
1964,133541084,133541584,0,500,0.0,100.0
1965,133541584,133542084,0,500,0.0,100.0
1966,133542084,133542584,0,500,0.0,100.0
1967,133542584,133543084,0,500,0.0,100.0
1968,133543084,133543584,0,500,0.0,100.0
1969,133543584,133544084,0,500,0.0,100.0
1970,133544084,133544584,0,500,0.0,100.0
1971,133544584,133545084,0,500,0.0,100.0
1972,133545084,133545584,0,500,0.0,100.0
1973,133545584,133546084,0,500,0.0,100.0
1974,133546084,133546584,0,500,0.0,100.0
1975,133546584,133547084,0,500,0.0,100.0
1976,133547084,133547584,0,500,0.0,100.0
1977,133547584,133548084,0,500,0.0,100.0
1978,133548084,133548584,0,500,0.0,100.0
1979,133548584,133549084,0,500,0.0,100.0
1980,133549084,133549584,0,500,0.0,100.0
1981,133549584,133550084,0,500,0.0,100.0
1982,133550084,133550584,0,500,0.0,100.0
1983,133550584,133551084,0,500,0.0,100.0
1984,133551084,133551584,0,500,0.0,100.0
1985,133551584,133552084,0,500,0.0,100.0
1986,133552084,133552584,0,500,0.0,100.0
1987,133552584,133553084,0,500,0.0,100.0
1988,133553084,133553584,0,500,0.0,100.0
1989,133553584,133554084,0,500,0.0,100.0
1990,133554084,133554584,0,500,0.0,100.0
1991,133554584,133555084,0,500,0.0,100.0
1992,133555084,133555584,0,500,0.0,100.0
1993,133555584,133556084,0,500,0.0,100.0
1994,133556084,133556584,0,500,0.0,100.0
1995,133556584,133557084,0,500,0.0,100.0
1996,133557084,133557584,0,500,0.0,100.0
1997,133557584,133558084,0,500,0.0,100.0
1998,133558084,133558584,0,500,0.0,100.0
1999,133558584,133559084,0,500,0.0,100.0
2000,133559084,133559584,0,500,0.0,100.0
2001,133559584,133560084,0,500,0.0,100.0
2002,133560084,133560584,0,500,0.0,100.0
2003,133560584,133561084,0,500,0.0,100.0
2004,133561084,133561584,0,500,0.0,100.0
2005,133561584,133562084,0,500,0.0,100.0
2006,133562084,133562584,0,500,0.0,100.0
2007,133562584,133563084,0,500,0.0,100.0
2008,133563084,133563584,0,500,0.0,100.0
2009,133563584,133564084,0,500,0.0,100.0
2010,133564084,133564584,0,500,0.0,100.0
2011,133564584,133565084,0,500,0.0,100.0
2012,133565084,133565584,0,500,0.0,100.0
2013,133565584,133566084,0,500,0.0,100.0
2014,133566084,133566584,0,500,0.0,100.0
2015,133566584,133567084,0,500,0.0,100.0
2016,133567084,133567584,0,500,0.0,100.0
2017,133567584,133568084,19,481,3.8,96.2
2018,133568084,133568584,24,476,4.8,95.2
2019,133568584,133569084,7,493,1.4000000000000001,98.6
2020,133569084,133569584,11,489,2.1999999999999997,97.8
2021,133569584,133570084,7,493,1.4000000000000001,98.6
2022,133570084,133570584,10,490,2.0,98.0
2023,133570584,133571084,8,492,1.6,98.4
2024,133571084,133571584,9,491,1.7999999999999998,98.2
2025,133571584,133572084,8,492,1.6,98.4
2026,133572084,133572584,10,490,2.0,98.0
2027,133572584,133573084,6,494,1.2,98.8
2028,133573084,133573584,10,490,2.0,98.0
2029,133573584,133574084,8,492,1.6,98.4
2030,133574084,133574584,9,491,1.7999999999999998,98.2
2031,133574584,133575084,8,492,1.6,98.4
2032,133575084,133575584,8,492,1.6,98.4
2033,133575584,133576084,8,492,1.6,98.4
2034,133576084,133576584,8,492,1.6,98.4
2035,133576584,133577084,8,492,1.6,98.4
2036,133577084,133577584,12,488,2.4,97.6
2037,133577584,133578084,7,493,1.4000000000000001,98.6
2038,133578084,133578584,12,488,2.4,97.6
2039,133578584,133579084,7,493,1.4000000000000001,98.6
2040,133579084,133579584,10,490,2.0,98.0
2041,133579584,133580084,6,494,1.2,98.8
2042,133580084,133580584,9,491,1.7999999999999998,98.2
2043,133580584,133581084,8,492,1.6,98.4
2044,133581084,133581584,8,492,1.6,98.4
2045,133581584,133582084,8,492,1.6,98.4
2046,133582084,133582584,10,490,2.0,98.0
2047,133582584,133583084,6,494,1.2,98.8
2048,133583084,133583584,10,490,2.0,98.0
2049,133583584,133584084,7,493,1.4000000000000001,98.6
2050,133584084,133584584,9,491,1.7999999999999998,98.2
2051,133584584,133585084,8,492,1.6,98.4
2052,133585084,133585584,8,492,1.6,98.4
2053,133585584,133586084,8,492,1.6,98.4
2054,133586084,133586584,9,491,1.7999999999999998,98.2
2055,133586584,133587084,8,492,1.6,98.4
2056,133587084,133587584,9,491,1.7999999999999998,98.2
2057,133587584,133588084,7,493,1.4000000000000001,98.6
2058,133588084,133588584,9,491,1.7999999999999998,98.2
2059,133588584,133589084,9,491,1.7999999999999998,98.2
2060,133589084,133589584,8,492,1.6,98.4
2061,133589584,133590084,8,492,1.6,98.4
2062,133590084,133590584,8,492,1.6,98.4
2063,133590584,133591084,8,492,1.6,98.4
2064,133591084,133591584,9,491,1.7999999999999998,98.2
2065,133591584,133592084,7,493,1.4000000000000001,98.6
2066,133592084,133592584,9,491,1.7999999999999998,98.2
2067,133592584,133593084,7,493,1.4000000000000001,98.6
2068,133593084,133593584,9,491,1.7999999999999998,98.2
2069,133593584,133594084,8,492,1.6,98.4
2070,133594084,133594584,8,492,1.6,98.4
2071,133594584,133595084,8,492,1.6,98.4
2072,133595084,133595584,9,491,1.7999999999999998,98.2
2073,133595584,133596084,6,494,1.2,98.8
2074,133596084,133596584,10,490,2.0,98.0
2075,133596584,133597084,7,493,1.4000000000000001,98.6
2076,133597084,133597584,9,491,1.7999999999999998,98.2
2077,133597584,133598084,8,492,1.6,98.4
2078,133598084,133598584,8,492,1.6,98.4
2079,133598584,133599084,8,492,1.6,98.4
2080,133599084,133599584,9,491,1.7999999999999998,98.2
2081,133599584,133600084,6,494,1.2,98.8
2082,133600084,133600584,11,489,2.1999999999999997,97.8
2083,133600584,133601084,7,493,1.4000000000000001,98.6
2084,133601084,133601584,9,491,1.7999999999999998,98.2
2085,133601584,133602084,8,492,1.6,98.4
2086,133602084,133602584,8,492,1.6,98.4
2087,133602584,133603084,8,492,1.6,98.4
2088,133603084,133603584,8,492,1.6,98.4
2089,133603584,133604084,8,492,1.6,98.4
2090,133604084,133604584,9,491,1.7999999999999998,98.2
2091,133604584,133605084,7,493,1.4000000000000001,98.6
2092,133605084,133605584,9,491,1.7999999999999998,98.2
2093,133605584,133606084,6,494,1.2,98.8
2094,133606084,133606584,10,490,2.0,98.0
2095,133606584,133607084,8,492,1.6,98.4
2096,133607084,133607584,8,492,1.6,98.4
2097,133607584,133608084,8,492,1.6,98.4
2098,133608084,133608584,9,491,1.7999999999999998,98.2
2099,133608584,133609084,7,493,1.4000000000000001,98.6
2100,133609084,133609584,10,490,2.0,98.0
2101,133609584,133610084,8,492,1.6,98.4
2102,133610084,133610584,10,490,2.0,98.0
2103,133610584,133611084,8,492,1.6,98.4
2104,133611084,133611584,8,492,1.6,98.4
2105,133611584,133612084,8,492,1.6,98.4
2106,133612084,133612584,8,492,1.6,98.4
2107,133612584,133613084,8,492,1.6,98.4
2108,133613084,133613584,9,491,1.7999999999999998,98.2
2109,133613584,133614084,7,493,1.4000000000000001,98.6
2110,133614084,133614584,9,491,1.7999999999999998,98.2
2111,133614584,133615084,8,492,1.6,98.4
2112,133615084,133615584,8,492,1.6,98.4
2113,133615584,133616084,8,492,1.6,98.4
2114,133616084,133616584,9,491,1.7999999999999998,98.2
2115,133616584,133617084,8,492,1.6,98.4
2116,133617084,133617584,9,491,1.7999999999999998,98.2
2117,133617584,133618084,7,493,1.4000000000000001,98.6
2118,133618084,133618584,9,491,1.7999999999999998,98.2
2119,133618584,133619084,7,493,1.4000000000000001,98.6
2120,133619084,133619584,8,492,1.6,98.4
2121,133619584,133620084,10,490,2.0,98.0
2122,133620084,133620584,14,486,2.8000000000000003,97.2
2123,133620584,133621084,9,491,1.7999999999999998,98.2
2124,133621084,133621584,8,492,1.6,98.4
2125,133621584,133622084,8,492,1.6,98.4
2126,133622084,133622584,8,492,1.6,98.4
2127,133622584,133623084,8,492,1.6,98.4
2128,133623084,133623584,9,491,1.7999999999999998,98.2
2129,133623584,133624084,7,493,1.4000000000000001,98.6
2130,133624084,133624584,10,490,2.0,98.0
2131,133624584,133625084,7,493,1.4000000000000001,98.6
2132,133625084,133625584,9,491,1.7999999999999998,98.2
2133,133625584,133626084,8,492,1.6,98.4
2134,133626084,133626584,8,492,1.6,98.4
2135,133626584,133627084,9,491,1.7999999999999998,98.2
2136,133627084,133627584,9,491,1.7999999999999998,98.2
2137,133627584,133628084,7,493,1.4000000000000001,98.6
2138,133628084,133628584,10,490,2.0,98.0
2139,133628584,133629084,6,494,1.2,98.8
2140,133629084,133629584,11,489,2.1999999999999997,97.8
2141,133629584,133630084,8,492,1.6,98.4
2142,133630084,133630584,9,491,1.7999999999999998,98.2
2143,133630584,133631084,8,492,1.6,98.4
2144,133631084,133631584,10,490,2.0,98.0
2145,133631584,133632084,7,493,1.4000000000000001,98.6
2146,133632084,133632584,9,491,1.7999999999999998,98.2
2147,133632584,133633084,9,491,1.7999999999999998,98.2
2148,133633084,133633584,9,491,1.7999999999999998,98.2
2149,133633584,133634084,9,491,1.7999999999999998,98.2
2150,133634084,133634584,8,492,1.6,98.4
2151,133634584,133635084,10,490,2.0,98.0
2152,133635084,133635584,9,491,1.7999999999999998,98.2
2153,133635584,133636084,7,493,1.4000000000000001,98.6
2154,133636084,133636584,10,490,2.0,98.0
2155,133636584,133637084,0,500,0.0,100.0
2156,133637084,133637584,0,500,0.0,100.0
2157,133637584,133638084,0,500,0.0,100.0
2158,133638084,133638584,16,484,3.2,96.8
2159,133638584,133639084,5,495,1.0,99.0
2160,133639084,133639584,12,488,2.4,97.6
2161,133639584,133640084,7,493,1.4000000000000001,98.6
2162,133640084,133640584,10,490,2.0,98.0
2163,133640584,133641084,7,493,1.4000000000000001,98.6
2164,133641084,133641584,10,490,2.0,98.0
2165,133641584,133642084,8,492,1.6,98.4
2166,133642084,133642584,8,492,1.6,98.4
2167,133642584,133643084,8,492,1.6,98.4
2168,133643084,133643584,9,491,1.7999999999999998,98.2
2169,133643584,133644084,6,494,1.2,98.8
2170,133644084,133644584,11,489,2.1999999999999997,97.8
2171,133644584,133645084,7,493,1.4000000000000001,98.6
2172,133645084,133645584,9,491,1.7999999999999998,98.2
2173,133645584,133646084,8,492,1.6,98.4
2174,133646084,133646584,8,492,1.6,98.4
2175,133646584,133647084,8,492,1.6,98.4
2176,133647084,133647584,8,492,1.6,98.4
2177,133647584,133648084,8,492,1.6,98.4
2178,133648084,133648584,11,489,2.1999999999999997,97.8
2179,133648584,133649084,7,493,1.4000000000000001,98.6
2180,133649084,133649584,10,490,2.0,98.0
2181,133649584,133650084,8,492,1.6,98.4
2182,133650084,133650584,10,490,2.0,98.0
2183,133650584,133651084,8,492,1.6,98.4
2184,133651084,133651584,9,491,1.7999999999999998,98.2
2185,133651584,133652084,9,491,1.7999999999999998,98.2
2186,133652084,133652584,10,490,2.0,98.0
2187,133652584,133653084,6,494,1.2,98.8
2188,133653084,133653584,11,489,2.1999999999999997,97.8
2189,133653584,133654084,8,492,1.6,98.4
2190,133654084,133654584,10,490,2.0,98.0
2191,133654584,133655084,11,489,2.1999999999999997,97.8
2192,133655084,133655584,20,480,4.0,96.0
2193,133655584,133656084,7,493,1.4000000000000001,98.6
2194,133656084,133656584,11,489,2.1999999999999997,97.8
2195,133656584,133657084,7,493,1.4000000000000001,98.6
2196,133657084,133657584,10,490,2.0,98.0
2197,133657584,133658084,7,493,1.4000000000000001,98.6
2198,133658084,133658584,12,488,2.4,97.6
2199,133658584,133659084,9,491,1.7999999999999998,98.2
2200,133659084,133659584,8,492,1.6,98.4
2201,133659584,133660084,8,492,1.6,98.4
2202,133660084,133660584,9,491,1.7999999999999998,98.2
2203,133660584,133661084,7,493,1.4000000000000001,98.6
2204,133661084,133661584,9,491,1.7999999999999998,98.2
2205,133661584,133662084,7,493,1.4000000000000001,98.6
2206,133662084,133662584,10,490,2.0,98.0
2207,133662584,133663084,7,493,1.4000000000000001,98.6
2208,133663084,133663584,10,490,2.0,98.0
2209,133663584,133664084,8,492,1.6,98.4
2210,133664084,133664584,8,492,1.6,98.4
2211,133664584,133665084,8,492,1.6,98.4
2212,133665084,133665584,9,491,1.7999999999999998,98.2
2213,133665584,133666084,6,494,1.2,98.8
2214,133666084,133666584,9,491,1.7999999999999998,98.2
2215,133666584,133667084,7,493,1.4000000000000001,98.6
2216,133667084,133667584,9,491,1.7999999999999998,98.2
2217,133667584,133668084,9,491,1.7999999999999998,98.2
2218,133668084,133668584,8,492,1.6,98.4
2219,133668584,133669084,8,492,1.6,98.4
2220,133669084,133669584,8,492,1.6,98.4
2221,133669584,133670084,8,492,1.6,98.4
2222,133670084,133670584,10,490,2.0,98.0
2223,133670584,133671084,8,492,1.6,98.4
2224,133671084,133671584,8,492,1.6,98.4
2225,133671584,133672084,8,492,1.6,98.4
2226,133672084,133672584,10,490,2.0,98.0
2227,133672584,133673084,8,492,1.6,98.4
2228,133673084,133673584,8,492,1.6,98.4
2229,133673584,133674084,7,493,1.4000000000000001,98.6
2230,133674084,133674584,9,491,1.7999999999999998,98.2
2231,133674584,133675084,8,492,1.6,98.4
2232,133675084,133675584,9,491,1.7999999999999998,98.2
2233,133675584,133676084,6,494,1.2,98.8
2234,133676084,133676584,9,491,1.7999999999999998,98.2
2235,133676584,133677084,8,492,1.6,98.4
2236,133677084,133677584,9,491,1.7999999999999998,98.2
2237,133677584,133678084,9,491,1.7999999999999998,98.2
2238,133678084,133678584,8,492,1.6,98.4
2239,133678584,133679084,8,492,1.6,98.4
2240,133679084,133679584,8,492,1.6,98.4
2241,133679584,133680084,8,492,1.6,98.4
2242,133680084,133680584,9,491,1.7999999999999998,98.2
2243,133680584,133681084,7,493,1.4000000000000001,98.6
2244,133681084,133681584,9,491,1.7999999999999998,98.2
2245,133681584,133682084,8,492,1.6,98.4
2246,133682084,133682584,8,492,1.6,98.4
2247,133682584,133683084,8,492,1.6,98.4
2248,133683084,133683584,8,492,1.6,98.4
2249,133683584,133684084,8,492,1.6,98.4
2250,133684084,133684584,9,491,1.7999999999999998,98.2
2251,133684584,133685084,7,493,1.4000000000000001,98.6
2252,133685084,133685584,9,491,1.7999999999999998,98.2
2253,133685584,133686084,8,492,1.6,98.4
2254,133686084,133686584,9,491,1.7999999999999998,98.2
2255,133686584,133687084,9,491,1.7999999999999998,98.2
2256,133687084,133687584,9,491,1.7999999999999998,98.2
2257,133687584,133688084,8,492,1.6,98.4
2258,133688084,133688584,9,491,1.7999999999999998,98.2
2259,133688584,133689084,7,493,1.4000000000000001,98.6
2260,133689084,133689584,9,491,1.7999999999999998,98.2
2261,133689584,133690084,7,493,1.4000000000000001,98.6
2262,133690084,133690584,9,491,1.7999999999999998,98.2
2263,133690584,133691084,8,492,1.6,98.4
2264,133691084,133691584,8,492,1.6,98.4
2265,133691584,133692084,8,492,1.6,98.4
2266,133692084,133692584,10,490,2.0,98.0
2267,133692584,133693084,7,493,1.4000000000000001,98.6
2268,133693084,133693584,11,489,2.1999999999999997,97.8
2269,133693584,133694084,6,494,1.2,98.8
2270,133694084,133694584,10,490,2.0,98.0
2271,133694584,133695084,7,493,1.4000000000000001,98.6
2272,133695084,133695584,9,491,1.7999999999999998,98.2
2273,133695584,133696084,7,493,1.4000000000000001,98.6
2274,133696084,133696584,10,490,2.0,98.0
2275,133696584,133697084,6,494,1.2,98.8
2276,133697084,133697584,10,490,2.0,98.0
2277,133697584,133698084,6,494,1.2,98.8
2278,133698084,133698584,10,490,2.0,98.0
2279,133698584,133699084,9,491,1.7999999999999998,98.2
2280,133699084,133699584,8,492,1.6,98.4
2281,133699584,133700084,8,492,1.6,98.4
2282,133700084,133700584,8,492,1.6,98.4
2283,133700584,133701084,8,492,1.6,98.4
2284,133701084,133701584,11,489,2.1999999999999997,97.8
2285,133701584,133702084,7,493,1.4000000000000001,98.6
2286,133702084,133702584,9,491,1.7999999999999998,98.2
2287,133702584,133703084,7,493,1.4000000000000001,98.6
2288,133703084,133703584,11,489,2.1999999999999997,97.8
2289,133703584,133704084,9,491,1.7999999999999998,98.2
2290,133704084,133704584,9,491,1.7999999999999998,98.2
2291,133704584,133705084,8,492,1.6,98.4
2292,133705084,133705584,9,491,1.7999999999999998,98.2
2293,133705584,133706084,7,493,1.4000000000000001,98.6
2294,133706084,133706584,9,491,1.7999999999999998,98.2
2295,133706584,133707084,7,493,1.4000000000000001,98.6
2296,133707084,133707584,9,491,1.7999999999999998,98.2
2297,133707584,133708084,8,492,1.6,98.4
2298,133708084,133708584,9,491,1.7999999999999998,98.2
2299,133708584,133709084,7,493,1.4000000000000001,98.6
2300,133709084,133709584,9,491,1.7999999999999998,98.2
2301,133709584,133710084,7,493,1.4000000000000001,98.6
2302,133710084,133710584,10,490,2.0,98.0
2303,133710584,133711084,7,493,1.4000000000000001,98.6
2304,133711084,133711584,10,490,2.0,98.0
2305,133711584,133712084,9,491,1.7999999999999998,98.2
2306,133712084,133712584,9,491,1.7999999999999998,98.2
2307,133712584,133713084,8,492,1.6,98.4
2308,133713084,133713584,9,491,1.7999999999999998,98.2
2309,133713584,133714084,13,487,2.6,97.4
2310,133714084,133714584,14,486,2.8000000000000003,97.2
2311,133714584,133715084,8,492,1.6,98.4
2312,133715084,133715584,10,490,2.0,98.0
2313,133715584,133716084,7,493,1.4000000000000001,98.6
2314,133716084,133716584,9,491,1.7999999999999998,98.2
2315,133716584,133717084,8,492,1.6,98.4
2316,133717084,133717584,8,492,1.6,98.4
2317,133717584,133718084,9,491,1.7999999999999998,98.2
2318,133718084,133718584,9,491,1.7999999999999998,98.2
2319,133718584,133719084,7,493,1.4000000000000001,98.6
2320,133719084,133719584,9,491,1.7999999999999998,98.2
2321,133719584,133720084,6,494,1.2,98.8
2322,133720084,133720584,10,490,2.0,98.0
2323,133720584,133721084,8,492,1.6,98.4
2324,133721084,133721584,15,485,3.0,97.0
2325,133721584,133722084,10,490,2.0,98.0
2326,133722084,133722584,10,490,2.0,98.0
2327,133722584,133723084,8,492,1.6,98.4
2328,133723084,133723584,9,491,1.7999999999999998,98.2
2329,133723584,133724084,10,490,2.0,98.0
2330,133724084,133724584,13,487,2.6,97.4
2331,133724584,133725084,7,493,1.4000000000000001,98.6
2332,133725084,133725584,9,491,1.7999999999999998,98.2
2333,133725584,133726084,7,493,1.4000000000000001,98.6
2334,133726084,133726584,11,489,2.1999999999999997,97.8
2335,133726584,133727084,18,482,3.5999999999999996,96.4
2336,133727084,133727584,8,492,1.6,98.4
2337,133727584,133728084,8,492,1.6,98.4
2338,133728084,133728584,8,492,1.6,98.4
2339,133728584,133729084,8,492,1.6,98.4
2340,133729084,133729584,9,491,1.7999999999999998,98.2
2341,133729584,133730084,7,493,1.4000000000000001,98.6
2342,133730084,133730584,9,491,1.7999999999999998,98.2
2343,133730584,133731084,8,492,1.6,98.4
2344,133731084,133731584,9,491,1.7999999999999998,98.2
2345,133731584,133732084,7,493,1.4000000000000001,98.6
2346,133732084,133732584,10,490,2.0,98.0
2347,133732584,133733084,7,493,1.4000000000000001,98.6
2348,133733084,133733584,9,491,1.7999999999999998,98.2
2349,133733584,133734084,3,497,0.6,99.4
2350,133734084,133734584,12,488,2.4,97.6
2351,133734584,133735084,8,492,1.6,98.4
2352,133735084,133735584,10,490,2.0,98.0
2353,133735584,133736084,9,491,1.7999999999999998,98.2
2354,133736084,133736584,9,491,1.7999999999999998,98.2
2355,133736584,133737084,8,492,1.6,98.4
2356,133737084,133737584,11,489,2.1999999999999997,97.8
2357,133737584,133738084,6,494,1.2,98.8
2358,133738084,133738584,10,490,2.0,98.0
2359,133738584,133739084,7,493,1.4000000000000001,98.6
2360,133739084,133739584,10,490,2.0,98.0
2361,133739584,133740084,8,492,1.6,98.4
2362,133740084,133740584,9,491,1.7999999999999998,98.2
2363,133740584,133741084,8,492,1.6,98.4
2364,133741084,133741584,10,490,2.0,98.0
2365,133741584,133742084,8,492,1.6,98.4
2366,133742084,133742584,9,491,1.7999999999999998,98.2
2367,133742584,133743084,7,493,1.4000000000000001,98.6
2368,133743084,133743584,10,490,2.0,98.0
2369,133743584,133744084,8,492,1.6,98.4
2370,133744084,133744584,8,492,1.6,98.4
2371,133744584,133745084,8,492,1.6,98.4
2372,133745084,133745584,9,491,1.7999999999999998,98.2
2373,133745584,133746084,7,493,1.4000000000000001,98.6
2374,133746084,133746584,9,491,1.7999999999999998,98.2
2375,133746584,133747084,7,493,1.4000000000000001,98.6
2376,133747084,133747584,9,491,1.7999999999999998,98.2
2377,133747584,133748084,9,491,1.7999999999999998,98.2
2378,133748084,133748584,9,491,1.7999999999999998,98.2
2379,133748584,133749084,8,492,1.6,98.4
2380,133749084,133749584,9,491,1.7999999999999998,98.2
2381,133749584,133750084,7,493,1.4000000000000001,98.6
2382,133750084,133750584,9,491,1.7999999999999998,98.2
2383,133750584,133751084,8,492,1.6,98.4
2384,133751084,133751584,9,491,1.7999999999999998,98.2
2385,133751584,133752084,8,492,1.6,98.4
2386,133752084,133752584,12,488,2.4,97.6
2387,133752584,133753084,8,492,1.6,98.4
2388,133753084,133753584,8,492,1.6,98.4
2389,133753584,133754084,8,492,1.6,98.4
2390,133754084,133754584,8,492,1.6,98.4
2391,133754584,133755084,8,492,1.6,98.4
2392,133755084,133755584,11,489,2.1999999999999997,97.8
2393,133755584,133756084,8,492,1.6,98.4
2394,133756084,133756584,9,491,1.7999999999999998,98.2
2395,133756584,133757084,9,491,1.7999999999999998,98.2
2396,133757084,133757584,9,491,1.7999999999999998,98.2
2397,133757584,133758084,7,493,1.4000000000000001,98.6
2398,133758084,133758584,8,492,1.6,98.4
2399,133758584,133759084,9,491,1.7999999999999998,98.2
2400,133759084,133759584,10,490,2.0,98.0
2401,133759584,133760084,7,493,1.4000000000000001,98.6
2402,133760084,133760584,10,490,2.0,98.0
2403,133760584,133761084,6,494,1.2,98.8
2404,133761084,133761584,11,489,2.1999999999999997,97.8
2405,133761584,133762084,7,493,1.4000000000000001,98.6
2406,133762084,133762584,9,491,1.7999999999999998,98.2
2407,133762584,133763084,8,492,1.6,98.4
2408,133763084,133763584,9,491,1.7999999999999998,98.2
2409,133763584,133764084,7,493,1.4000000000000001,98.6
2410,133764084,133764584,9,491,1.7999999999999998,98.2
2411,133764584,133765084,6,494,1.2,98.8
2412,133765084,133765584,11,489,2.1999999999999997,97.8
2413,133765584,133766084,8,492,1.6,98.4
2414,133766084,133766584,8,492,1.6,98.4
2415,133766584,133767084,8,492,1.6,98.4
2416,133767084,133767584,9,491,1.7999999999999998,98.2
2417,133767584,133768084,7,493,1.4000000000000001,98.6
2418,133768084,133768584,10,490,2.0,98.0
2419,133768584,133769084,8,492,1.6,98.4
2420,133769084,133769584,8,492,1.6,98.4
2421,133769584,133770084,9,491,1.7999999999999998,98.2
2422,133770084,133770584,9,491,1.7999999999999998,98.2
2423,133770584,133771084,8,492,1.6,98.4
2424,133771084,133771584,10,490,2.0,98.0
2425,133771584,133772084,6,494,1.2,98.8
2426,133772084,133772584,10,490,2.0,98.0
2427,133772584,133773084,7,493,1.4000000000000001,98.6
2428,133773084,133773584,10,490,2.0,98.0
2429,133773584,133774084,7,493,1.4000000000000001,98.6
2430,133774084,133774584,11,489,2.1999999999999997,97.8
2431,133774584,133775084,7,493,1.4000000000000001,98.6
2432,133775084,133775584,9,491,1.7999999999999998,98.2
2433,133775584,133776084,7,493,1.4000000000000001,98.6
2434,133776084,133776584,10,490,2.0,98.0
2435,133776584,133777084,8,492,1.6,98.4
2436,133777084,133777584,9,491,1.7999999999999998,98.2
2437,133777584,133778084,8,492,1.6,98.4
2438,133778084,133778584,10,490,2.0,98.0
2439,133778584,133779084,7,493,1.4000000000000001,98.6
2440,133779084,133779584,9,491,1.7999999999999998,98.2
2441,133779584,133780084,8,492,1.6,98.4
2442,133780084,133780584,9,491,1.7999999999999998,98.2
2443,133780584,133781084,10,490,2.0,98.0
2444,133781084,133781584,7,493,1.4000000000000001,98.6
2445,133781584,133782084,8,492,1.6,98.4
2446,133782084,133782584,9,491,1.7999999999999998,98.2
2447,133782584,133783084,7,493,1.4000000000000001,98.6
2448,133783084,133783584,10,490,2.0,98.0
2449,133783584,133784084,7,493,1.4000000000000001,98.6
2450,133784084,133784584,10,490,2.0,98.0
2451,133784584,133785084,8,492,1.6,98.4
2452,133785084,133785584,10,490,2.0,98.0
2453,133785584,133786084,13,487,2.6,97.4
2454,133786084,133786584,9,491,1.7999999999999998,98.2
2455,133786584,133787084,10,490,2.0,98.0
2456,133787084,133787584,10,490,2.0,98.0
2457,133787584,133788084,6,494,1.2,98.8
2458,133788084,133788584,10,490,2.0,98.0
2459,133788584,133789084,7,493,1.4000000000000001,98.6
2460,133789084,133789584,10,490,2.0,98.0
2461,133789584,133790084,9,491,1.7999999999999998,98.2
2462,133790084,133790584,8,492,1.6,98.4
2463,133790584,133791084,8,492,1.6,98.4
2464,133791084,133791584,10,490,2.0,98.0
2465,133791584,133792084,7,493,1.4000000000000001,98.6
2466,133792084,133792584,9,491,1.7999999999999998,98.2
2467,133792584,133793084,7,493,1.4000000000000001,98.6
2468,133793084,133793584,10,490,2.0,98.0
2469,133793584,133794084,8,492,1.6,98.4
2470,133794084,133794584,8,492,1.6,98.4
2471,133794584,133795084,8,492,1.6,98.4
2472,133795084,133795584,9,491,1.7999999999999998,98.2
2473,133795584,133796084,7,493,1.4000000000000001,98.6
2474,133796084,133796584,10,490,2.0,98.0
2475,133796584,133797084,8,492,1.6,98.4
2476,133797084,133797584,10,490,2.0,98.0
2477,133797584,133798084,8,492,1.6,98.4
2478,133798084,133798584,10,490,2.0,98.0
2479,133798584,133799084,8,492,1.6,98.4
2480,133799084,133799584,10,490,2.0,98.0
2481,133799584,133800084,7,493,1.4000000000000001,98.6
2482,133800084,133800584,9,491,1.7999999999999998,98.2
2483,133800584,133801084,7,493,1.4000000000000001,98.6
2484,133801084,133801584,9,491,1.7999999999999998,98.2
2485,133801584,133802084,8,492,1.6,98.4
2486,133802084,133802584,8,492,1.6,98.4
2487,133802584,133803084,8,492,1.6,98.4
2488,133803084,133803584,10,490,2.0,98.0
2489,133803584,133804084,8,492,1.6,98.4
2490,133804084,133804584,10,490,2.0,98.0
2491,133804584,133805084,6,494,1.2,98.8
2492,133805084,133805584,10,490,2.0,98.0
2493,133805584,133806084,7,493,1.4000000000000001,98.6
2494,133806084,133806584,10,490,2.0,98.0
2495,133806584,133807084,9,491,1.7999999999999998,98.2
2496,133807084,133807584,10,490,2.0,98.0
2497,133807584,133808084,7,493,1.4000000000000001,98.6
2498,133808084,133808584,10,490,2.0,98.0
2499,133808584,133809084,8,492,1.6,98.4
2500,133809084,133809584,8,492,1.6,98.4
2501,133809584,133810084,8,492,1.6,98.4
2502,133810084,133810584,9,491,1.7999999999999998,98.2
2503,133810584,133811084,8,492,1.6,98.4
2504,133811084,133811584,11,489,2.1999999999999997,97.8
2505,133811584,133812084,8,492,1.6,98.4
2506,133812084,133812584,10,490,2.0,98.0
2507,133812584,133813084,7,493,1.4000000000000001,98.6
2508,133813084,133813584,9,491,1.7999999999999998,98.2
2509,133813584,133814084,8,492,1.6,98.4
2510,133814084,133814584,9,491,1.7999999999999998,98.2
2511,133814584,133815084,7,493,1.4000000000000001,98.6
2512,133815084,133815584,9,491,1.7999999999999998,98.2
2513,133815584,133816084,8,492,1.6,98.4
2514,133816084,133816584,10,490,2.0,98.0
2515,133816584,133817084,48,452,9.6,90.4
2516,133817084,133817584,10,490,2.0,98.0
2517,133817584,133818084,8,492,1.6,98.4
2518,133818084,133818584,10,490,2.0,98.0
2519,133818584,133819084,8,492,1.6,98.4
2520,133819084,133819584,11,489,2.1999999999999997,97.8
2521,133819584,133820084,8,492,1.6,98.4
2522,133820084,133820584,10,490,2.0,98.0
2523,133820584,133821084,7,493,1.4000000000000001,98.6
2524,133821084,133821584,10,490,2.0,98.0
2525,133821584,133822084,9,491,1.7999999999999998,98.2
2526,133822084,133822584,9,491,1.7999999999999998,98.2
2527,133822584,133823084,10,490,2.0,98.0
2528,133823084,133823584,11,489,2.1999999999999997,97.8
2529,133823584,133824084,7,493,1.4000000000000001,98.6
2530,133824084,133824584,9,491,1.7999999999999998,98.2
2531,133824584,133825084,8,492,1.6,98.4
2532,133825084,133825584,10,490,2.0,98.0
2533,133825584,133826084,8,492,1.6,98.4
2534,133826084,133826584,9,491,1.7999999999999998,98.2
2535,133826584,133827084,9,491,1.7999999999999998,98.2
2536,133827084,133827584,10,490,2.0,98.0
2537,133827584,133828084,7,493,1.4000000000000001,98.6
2538,133828084,133828584,10,490,2.0,98.0
2539,133828584,133829084,9,491,1.7999999999999998,98.2
2540,133829084,133829584,9,491,1.7999999999999998,98.2
2541,133829584,133830084,9,491,1.7999999999999998,98.2
2542,133830084,133830584,10,490,2.0,98.0
2543,133830584,133831084,7,493,1.4000000000000001,98.6
2544,133831084,133831584,9,491,1.7999999999999998,98.2
2545,133831584,133832084,7,493,1.4000000000000001,98.6
2546,133832084,133832584,10,490,2.0,98.0
2547,133832584,133833084,8,492,1.6,98.4
2548,133833084,133833584,8,492,1.6,98.4
2549,133833584,133834084,9,491,1.7999999999999998,98.2
2550,133834084,133834584,10,490,2.0,98.0
2551,133834584,133835084,9,491,1.7999999999999998,98.2
2552,133835084,133835584,9,491,1.7999999999999998,98.2
2553,133835584,133836084,9,491,1.7999999999999998,98.2
2554,133836084,133836584,10,490,2.0,98.0
2555,133836584,133837084,9,491,1.7999999999999998,98.2
2556,133837084,133837584,8,492,1.6,98.4
2557,133837584,133838084,9,491,1.7999999999999998,98.2
2558,133838084,133838584,17,483,3.4000000000000004,96.6
2559,133838584,133839084,7,493,1.4000000000000001,98.6
2560,133839084,133839584,11,489,2.1999999999999997,97.8
2561,133839584,133840084,7,493,1.4000000000000001,98.6
2562,133840084,133840584,10,490,2.0,98.0
2563,133840584,133841084,8,492,1.6,98.4
2564,133841084,133841584,9,491,1.7999999999999998,98.2
2565,133841584,133842084,8,492,1.6,98.4
2566,133842084,133842584,9,491,1.7999999999999998,98.2
2567,133842584,133843084,7,493,1.4000000000000001,98.6
2568,133843084,133843584,10,490,2.0,98.0
2569,133843584,133844084,9,491,1.7999999999999998,98.2
2570,133844084,133844584,8,492,1.6,98.4
2571,133844584,133845084,10,490,2.0,98.0
2572,133845084,133845584,9,491,1.7999999999999998,98.2
2573,133845584,133846084,7,493,1.4000000000000001,98.6
2574,133846084,133846584,10,490,2.0,98.0
2575,133846584,133847084,7,493,1.4000000000000001,98.6
2576,133847084,133847584,10,490,2.0,98.0
2577,133847584,133848084,8,492,1.6,98.4
2578,133848084,133848584,8,492,1.6,98.4
2579,133848584,133849084,11,489,2.1999999999999997,97.8
2580,133849084,133849584,10,490,2.0,98.0
2581,133849584,133850084,7,493,1.4000000000000001,98.6
2582,133850084,133850584,10,490,2.0,98.0
2583,133850584,133851084,8,492,1.6,98.4
2584,133851084,133851584,8,492,1.6,98.4
2585,133851584,133852084,8,492,1.6,98.4
2586,133852084,133852584,10,490,2.0,98.0
2587,133852584,133853084,7,493,1.4000000000000001,98.6
2588,133853084,133853584,9,491,1.7999999999999998,98.2
2589,133853584,133854084,8,492,1.6,98.4
2590,133854084,133854584,9,491,1.7999999999999998,98.2
2591,133854584,133855084,8,492,1.6,98.4
2592,133855084,133855584,9,491,1.7999999999999998,98.2
2593,133855584,133856084,10,490,2.0,98.0
2594,133856084,133856584,8,492,1.6,98.4
2595,133856584,133857084,9,491,1.7999999999999998,98.2
2596,133857084,133857584,9,491,1.7999999999999998,98.2
2597,133857584,133858084,8,492,1.6,98.4
2598,133858084,133858584,9,491,1.7999999999999998,98.2
2599,133858584,133859084,8,492,1.6,98.4
2600,133859084,133859584,11,489,2.1999999999999997,97.8
2601,133859584,133860084,8,492,1.6,98.4
2602,133860084,133860584,9,491,1.7999999999999998,98.2
2603,133860584,133861084,7,493,1.4000000000000001,98.6
2604,133861084,133861584,10,490,2.0,98.0
2605,133861584,133862084,8,492,1.6,98.4
2606,133862084,133862584,9,491,1.7999999999999998,98.2
2607,133862584,133863084,8,492,1.6,98.4
2608,133863084,133863584,10,490,2.0,98.0
2609,133863584,133864084,8,492,1.6,98.4
2610,133864084,133864584,10,490,2.0,98.0
2611,133864584,133865084,8,492,1.6,98.4
2612,133865084,133865584,9,491,1.7999999999999998,98.2
2613,133865584,133866084,8,492,1.6,98.4
2614,133866084,133866584,10,490,2.0,98.0
2615,133866584,133867084,8,492,1.6,98.4
2616,133867084,133867584,10,490,2.0,98.0
2617,133867584,133868084,7,493,1.4000000000000001,98.6
2618,133868084,133868584,10,490,2.0,98.0
2619,133868584,133869084,8,492,1.6,98.4
2620,133869084,133869584,9,491,1.7999999999999998,98.2
2621,133869584,133870084,8,492,1.6,98.4
2622,133870084,133870584,10,490,2.0,98.0
2623,133870584,133871084,7,493,1.4000000000000001,98.6
2624,133871084,133871584,9,491,1.7999999999999998,98.2
2625,133871584,133872084,10,490,2.0,98.0
2626,133872084,133872584,8,492,1.6,98.4
2627,133872584,133873084,8,492,1.6,98.4
2628,133873084,133873584,10,490,2.0,98.0
2629,133873584,133874084,8,492,1.6,98.4
2630,133874084,133874584,10,490,2.0,98.0
2631,133874584,133875084,9,491,1.7999999999999998,98.2
2632,133875084,133875584,9,491,1.7999999999999998,98.2
2633,133875584,133876084,8,492,1.6,98.4
2634,133876084,133876584,11,489,2.1999999999999997,97.8
2635,133876584,133877084,7,493,1.4000000000000001,98.6
2636,133877084,133877584,10,490,2.0,98.0
2637,133877584,133878084,6,494,1.2,98.8
2638,133878084,133878584,11,489,2.1999999999999997,97.8
2639,133878584,133879084,9,491,1.7999999999999998,98.2
2640,133879084,133879584,7,493,1.4000000000000001,98.6
2641,133879584,133880084,9,491,1.7999999999999998,98.2
2642,133880084,133880584,11,489,2.1999999999999997,97.8
2643,133880584,133881084,8,492,1.6,98.4
2644,133881084,133881584,10,490,2.0,98.0
2645,133881584,133882084,8,492,1.6,98.4
2646,133882084,133882584,11,489,2.1999999999999997,97.8
2647,133882584,133883084,9,491,1.7999999999999998,98.2
2648,133883084,133883584,8,492,1.6,98.4
2649,133883584,133884084,8,492,1.6,98.4
2650,133884084,133884584,10,490,2.0,98.0
2651,133884584,133885084,8,492,1.6,98.4
2652,133885084,133885584,10,490,2.0,98.0
2653,133885584,133886084,9,491,1.7999999999999998,98.2
2654,133886084,133886584,9,491,1.7999999999999998,98.2
2655,133886584,133887084,8,492,1.6,98.4
2656,133887084,133887584,9,491,1.7999999999999998,98.2
2657,133887584,133888084,8,492,1.6,98.4
2658,133888084,133888584,10,490,2.0,98.0
2659,133888584,133889084,9,491,1.7999999999999998,98.2
2660,133889084,133889584,8,492,1.6,98.4
2661,133889584,133890084,8,492,1.6,98.4
2662,133890084,133890584,10,490,2.0,98.0
2663,133890584,133891084,7,493,1.4000000000000001,98.6
2664,133891084,133891584,10,490,2.0,98.0
2665,133891584,133892084,8,492,1.6,98.4
2666,133892084,133892584,11,489,2.1999999999999997,97.8
2667,133892584,133893084,9,491,1.7999999999999998,98.2
2668,133893084,133893584,10,490,2.0,98.0
2669,133893584,133894084,8,492,1.6,98.4
2670,133894084,133894584,11,489,2.1999999999999997,97.8
2671,133894584,133895084,7,493,1.4000000000000001,98.6
2672,133895084,133895584,10,490,2.0,98.0
2673,133895584,133896084,9,491,1.7999999999999998,98.2
2674,133896084,133896584,8,492,1.6,98.4
2675,133896584,133897084,8,492,1.6,98.4
2676,133897084,133897584,11,489,2.1999999999999997,97.8
2677,133897584,133898084,8,492,1.6,98.4
2678,133898084,133898584,10,490,2.0,98.0
2679,133898584,133899084,7,493,1.4000000000000001,98.6
2680,133899084,133899584,10,490,2.0,98.0
2681,133899584,133900084,8,492,1.6,98.4
2682,133900084,133900584,8,492,1.6,98.4
2683,133900584,133901084,10,490,2.0,98.0
2684,133901084,133901584,11,489,2.1999999999999997,97.8
2685,133901584,133902084,7,493,1.4000000000000001,98.6
2686,133902084,133902584,10,490,2.0,98.0
2687,133902584,133903084,10,490,2.0,98.0
2688,133903084,133903584,9,491,1.7999999999999998,98.2
2689,133903584,133904084,9,491,1.7999999999999998,98.2
2690,133904084,133904584,8,492,1.6,98.4
2691,133904584,133905084,9,491,1.7999999999999998,98.2
2692,133905084,133905584,9,491,1.7999999999999998,98.2
2693,133905584,133906084,7,493,1.4000000000000001,98.6
2694,133906084,133906584,10,490,2.0,98.0
2695,133906584,133907084,8,492,1.6,98.4
2696,133907084,133907584,9,491,1.7999999999999998,98.2
2697,133907584,133908084,9,491,1.7999999999999998,98.2
2698,133908084,133908584,20,480,4.0,96.0
2699,133908584,133909084,9,491,1.7999999999999998,98.2
2700,133909084,133909584,8,492,1.6,98.4
2701,133909584,133910084,8,492,1.6,98.4
2702,133910084,133910584,11,489,2.1999999999999997,97.8
2703,133910584,133911084,8,492,1.6,98.4
2704,133911084,133911584,9,491,1.7999999999999998,98.2
2705,133911584,133912084,8,492,1.6,98.4
2706,133912084,133912584,11,489,2.1999999999999997,97.8
2707,133912584,133913084,8,492,1.6,98.4
2708,133913084,133913584,10,490,2.0,98.0
2709,133913584,133914084,9,491,1.7999999999999998,98.2
2710,133914084,133914584,9,491,1.7999999999999998,98.2
2711,133914584,133915084,8,492,1.6,98.4
2712,133915084,133915584,10,490,2.0,98.0
2713,133915584,133916084,8,492,1.6,98.4
2714,133916084,133916584,10,490,2.0,98.0
2715,133916584,133917084,7,493,1.4000000000000001,98.6
2716,133917084,133917584,10,490,2.0,98.0
2717,133917584,133918084,8,492,1.6,98.4
2718,133918084,133918584,9,491,1.7999999999999998,98.2
2719,133918584,133919084,10,490,2.0,98.0
2720,133919084,133919584,10,490,2.0,98.0
2721,133919584,133920084,8,492,1.6,98.4
2722,133920084,133920584,10,490,2.0,98.0
2723,133920584,133921084,9,491,1.7999999999999998,98.2
2724,133921084,133921584,7,493,1.4000000000000001,98.6
2725,133921584,133922084,8,492,1.6,98.4
2726,133922084,133922584,11,489,2.1999999999999997,97.8
2727,133922584,133923084,7,493,1.4000000000000001,98.6
2728,133923084,133923584,9,491,1.7999999999999998,98.2
2729,133923584,133924084,10,490,2.0,98.0
2730,133924084,133924584,9,491,1.7999999999999998,98.2
2731,133924584,133925084,8,492,1.6,98.4
2732,133925084,133925584,9,491,1.7999999999999998,98.2
2733,133925584,133926084,9,491,1.7999999999999998,98.2
2734,133926084,133926584,9,491,1.7999999999999998,98.2
2735,133926584,133927084,7,493,1.4000000000000001,98.6
2736,133927084,133927584,10,490,2.0,98.0
2737,133927584,133928084,8,492,1.6,98.4
2738,133928084,133928584,8,492,1.6,98.4
2739,133928584,133929084,8,492,1.6,98.4
2740,133929084,133929584,10,490,2.0,98.0
2741,133929584,133930084,7,493,1.4000000000000001,98.6
2742,133930084,133930584,10,490,2.0,98.0
2743,133930584,133931084,8,492,1.6,98.4
2744,133931084,133931584,10,490,2.0,98.0
2745,133931584,133932084,7,493,1.4000000000000001,98.6
2746,133932084,133932584,15,485,3.0,97.0
2747,133932584,133933084,18,482,3.5999999999999996,96.4
2748,133933084,133933584,11,489,2.1999999999999997,97.8
2749,133933584,133934084,6,494,1.2,98.8
2750,133934084,133934584,15,485,3.0,97.0
2751,133934584,133935084,8,492,1.6,98.4
2752,133935084,133935584,11,489,2.1999999999999997,97.8
2753,133935584,133936084,7,493,1.4000000000000001,98.6
2754,133936084,133936584,11,489,2.1999999999999997,97.8
2755,133936584,133937084,9,491,1.7999999999999998,98.2
2756,133937084,133937584,8,492,1.6,98.4
2757,133937584,133938084,9,491,1.7999999999999998,98.2
2758,133938084,133938584,9,491,1.7999999999999998,98.2
2759,133938584,133939084,7,493,1.4000000000000001,98.6
2760,133939084,133939584,11,489,2.1999999999999997,97.8
2761,133939584,133940084,9,491,1.7999999999999998,98.2
2762,133940084,133940584,9,491,1.7999999999999998,98.2
2763,133940584,133941084,8,492,1.6,98.4
2764,133941084,133941584,9,491,1.7999999999999998,98.2
2765,133941584,133942084,9,491,1.7999999999999998,98.2
2766,133942084,133942584,8,492,1.6,98.4
2767,133942584,133943084,7,493,1.4000000000000001,98.6
2768,133943084,133943584,10,490,2.0,98.0
2769,133943584,133944084,9,491,1.7999999999999998,98.2
2770,133944084,133944584,8,492,1.6,98.4
2771,133944584,133945084,8,492,1.6,98.4
2772,133945084,133945584,11,489,2.1999999999999997,97.8
2773,133945584,133946084,7,493,1.4000000000000001,98.6
2774,133946084,133946584,9,491,1.7999999999999998,98.2
2775,133946584,133947084,8,492,1.6,98.4
2776,133947084,133947584,10,490,2.0,98.0
2777,133947584,133948084,8,492,1.6,98.4
2778,133948084,133948584,10,490,2.0,98.0
2779,133948584,133949084,7,493,1.4000000000000001,98.6
2780,133949084,133949584,9,491,1.7999999999999998,98.2
2781,133949584,133950084,6,494,1.2,98.8
2782,133950084,133950584,10,490,2.0,98.0
2783,133950584,133951084,10,490,2.0,98.0
2784,133951084,133951584,8,492,1.6,98.4
2785,133951584,133952084,9,491,1.7999999999999998,98.2
2786,133952084,133952584,10,490,2.0,98.0
2787,133952584,133953084,7,493,1.4000000000000001,98.6
2788,133953084,133953584,10,490,2.0,98.0
2789,133953584,133954084,8,492,1.6,98.4
2790,133954084,133954584,11,489,2.1999999999999997,97.8
2791,133954584,133955084,8,492,1.6,98.4
2792,133955084,133955584,8,492,1.6,98.4
2793,133955584,133956084,8,492,1.6,98.4
2794,133956084,133956584,10,490,2.0,98.0
2795,133956584,133957084,8,492,1.6,98.4
2796,133957084,133957584,10,490,2.0,98.0
2797,133957584,133958084,9,491,1.7999999999999998,98.2
2798,133958084,133958584,9,491,1.7999999999999998,98.2
2799,133958584,133959084,8,492,1.6,98.4
2800,133959084,133959584,9,491,1.7999999999999998,98.2
2801,133959584,133960084,7,493,1.4000000000000001,98.6
2802,133960084,133960584,10,490,2.0,98.0
2803,133960584,133961084,8,492,1.6,98.4
2804,133961084,133961584,9,491,1.7999999999999998,98.2
2805,133961584,133962084,8,492,1.6,98.4
2806,133962084,133962584,9,491,1.7999999999999998,98.2
2807,133962584,133963084,8,492,1.6,98.4
2808,133963084,133963584,10,490,2.0,98.0
2809,133963584,133964084,8,492,1.6,98.4
2810,133964084,133964584,12,488,2.4,97.6
2811,133964584,133965084,7,493,1.4000000000000001,98.6
2812,133965084,133965584,10,490,2.0,98.0
2813,133965584,133966084,9,491,1.7999999999999998,98.2
2814,133966084,133966584,9,491,1.7999999999999998,98.2
2815,133966584,133967084,8,492,1.6,98.4
2816,133967084,133967584,9,491,1.7999999999999998,98.2
2817,133967584,133968084,8,492,1.6,98.4
2818,133968084,133968584,9,491,1.7999999999999998,98.2
2819,133968584,133969084,8,492,1.6,98.4
2820,133969084,133969584,12,488,2.4,97.6
2821,133969584,133970084,8,492,1.6,98.4
2822,133970084,133970584,10,490,2.0,98.0
2823,133970584,133971084,7,493,1.4000000000000001,98.6
2824,133971084,133971584,11,489,2.1999999999999997,97.8
2825,133971584,133972084,8,492,1.6,98.4
2826,133972084,133972584,8,492,1.6,98.4
2827,133972584,133973084,8,492,1.6,98.4
2828,133973084,133973584,10,490,2.0,98.0
2829,133973584,133974084,8,492,1.6,98.4
2830,133974084,133974584,10,490,2.0,98.0
2831,133974584,133975084,8,492,1.6,98.4
2832,133975084,133975584,9,491,1.7999999999999998,98.2
2833,133975584,133976084,8,492,1.6,98.4
2834,133976084,133976584,10,490,2.0,98.0
2835,133976584,133977084,7,493,1.4000000000000001,98.6
2836,133977084,133977584,10,490,2.0,98.0
2837,133977584,133978084,8,492,1.6,98.4
2838,133978084,133978584,10,490,2.0,98.0
2839,133978584,133979084,8,492,1.6,98.4
2840,133979084,133979584,9,491,1.7999999999999998,98.2
2841,133979584,133980084,8,492,1.6,98.4
2842,133980084,133980584,9,491,1.7999999999999998,98.2
2843,133980584,133981084,8,492,1.6,98.4
2844,133981084,133981584,9,491,1.7999999999999998,98.2
2845,133981584,133982084,8,492,1.6,98.4
2846,133982084,133982584,10,490,2.0,98.0
2847,133982584,133983084,9,491,1.7999999999999998,98.2
2848,133983084,133983584,9,491,1.7999999999999998,98.2
2849,133983584,133984084,7,493,1.4000000000000001,98.6
2850,133984084,133984584,11,489,2.1999999999999997,97.8
2851,133984584,133985084,8,492,1.6,98.4
2852,133985084,133985584,9,491,1.7999999999999998,98.2
2853,133985584,133986084,9,491,1.7999999999999998,98.2
2854,133986084,133986584,9,491,1.7999999999999998,98.2
2855,133986584,133987084,9,491,1.7999999999999998,98.2
2856,133987084,133987584,11,489,2.1999999999999997,97.8
2857,133987584,133988084,8,492,1.6,98.4
2858,133988084,133988584,9,491,1.7999999999999998,98.2
2859,133988584,133989084,8,492,1.6,98.4
2860,133989084,133989584,9,491,1.7999999999999998,98.2
2861,133989584,133990084,8,492,1.6,98.4
2862,133990084,133990584,10,490,2.0,98.0
2863,133990584,133991084,8,492,1.6,98.4
2864,133991084,133991584,9,491,1.7999999999999998,98.2
2865,133991584,133992084,9,491,1.7999999999999998,98.2
2866,133992084,133992584,8,492,1.6,98.4
2867,133992584,133993084,8,492,1.6,98.4
2868,133993084,133993584,10,490,2.0,98.0
2869,133993584,133994084,8,492,1.6,98.4
2870,133994084,133994584,10,490,2.0,98.0
2871,133994584,133995084,7,493,1.4000000000000001,98.6
2872,133995084,133995584,10,490,2.0,98.0
2873,133995584,133996084,8,492,1.6,98.4
2874,133996084,133996584,8,492,1.6,98.4
2875,133996584,133997084,9,491,1.7999999999999998,98.2
2876,133997084,133997584,9,491,1.7999999999999998,98.2
2877,133997584,133998084,8,492,1.6,98.4
2878,133998084,133998584,10,490,2.0,98.0
2879,133998584,133999084,11,489,2.1999999999999997,97.8
2880,133999084,133999584,9,491,1.7999999999999998,98.2
2881,133999584,134000084,9,491,1.7999999999999998,98.2
2882,134000084,134000584,9,491,1.7999999999999998,98.2
2883,134000584,134001084,8,492,1.6,98.4
2884,134001084,134001584,9,491,1.7999999999999998,98.2
2885,134001584,134002084,7,493,1.4000000000000001,98.6
2886,134002084,134002584,11,489,2.1999999999999997,97.8
2887,134002584,134003084,10,490,2.0,98.0
2888,134003084,134003584,9,491,1.7999999999999998,98.2
2889,134003584,134004084,8,492,1.6,98.4
2890,134004084,134004584,10,490,2.0,98.0
2891,134004584,134005084,7,493,1.4000000000000001,98.6
2892,134005084,134005584,10,490,2.0,98.0
2893,134005584,134006084,9,491,1.7999999999999998,98.2
2894,134006084,134006584,9,491,1.7999999999999998,98.2
2895,134006584,134007084,8,492,1.6,98.4
2896,134007084,134007584,10,490,2.0,98.0
2897,134007584,134008084,8,492,1.6,98.4
2898,134008084,134008584,9,491,1.7999999999999998,98.2
2899,134008584,134009084,8,492,1.6,98.4
2900,134009084,134009584,9,491,1.7999999999999998,98.2
2901,134009584,134010084,8,492,1.6,98.4
2902,134010084,134010584,10,490,2.0,98.0
2903,134010584,134011084,8,492,1.6,98.4
2904,134011084,134011584,9,491,1.7999999999999998,98.2
2905,134011584,134012084,7,493,1.4000000000000001,98.6
2906,134012084,134012584,10,490,2.0,98.0
2907,134012584,134013084,8,492,1.6,98.4
2908,134013084,134013584,9,491,1.7999999999999998,98.2
2909,134013584,134014084,8,492,1.6,98.4
2910,134014084,134014584,10,490,2.0,98.0
2911,134014584,134015084,7,493,1.4000000000000001,98.6
2912,134015084,134015584,11,489,2.1999999999999997,97.8
2913,134015584,134016084,9,491,1.7999999999999998,98.2
2914,134016084,134016584,10,490,2.0,98.0
2915,134016584,134017084,9,491,1.7999999999999998,98.2
2916,134017084,134017584,8,492,1.6,98.4
2917,134017584,134018084,8,492,1.6,98.4
2918,134018084,134018584,10,490,2.0,98.0
2919,134018584,134019084,7,493,1.4000000000000001,98.6
2920,134019084,134019584,12,488,2.4,97.6
2921,134019584,134020084,8,492,1.6,98.4
2922,134020084,134020584,8,492,1.6,98.4
2923,134020584,134021084,8,492,1.6,98.4
2924,134021084,134021584,10,490,2.0,98.0
2925,134021584,134022084,7,493,1.4000000000000001,98.6
2926,134022084,134022584,10,490,2.0,98.0
2927,134022584,134023084,9,491,1.7999999999999998,98.2
2928,134023084,134023584,9,491,1.7999999999999998,98.2
2929,134023584,134024084,8,492,1.6,98.4
2930,134024084,134024584,10,490,2.0,98.0
2931,134024584,134025084,8,492,1.6,98.4
2932,134025084,134025584,9,491,1.7999999999999998,98.2
2933,134025584,134026084,9,491,1.7999999999999998,98.2
2934,134026084,134026584,10,490,2.0,98.0
2935,134026584,134027084,9,491,1.7999999999999998,98.2
2936,134027084,134027584,10,490,2.0,98.0
2937,134027584,134028084,7,493,1.4000000000000001,98.6
2938,134028084,134028584,8,492,1.6,98.4
2939,134028584,134029084,8,492,1.6,98.4
2940,134029084,134029584,10,490,2.0,98.0
2941,134029584,134030084,8,492,1.6,98.4
2942,134030084,134030584,9,491,1.7999999999999998,98.2
2943,134030584,134031084,8,492,1.6,98.4
2944,134031084,134031584,9,491,1.7999999999999998,98.2
2945,134031584,134032084,9,491,1.7999999999999998,98.2
2946,134032084,134032584,10,490,2.0,98.0
2947,134032584,134033084,10,490,2.0,98.0
2948,134033084,134033584,8,492,1.6,98.4
2949,134033584,134034084,9,491,1.7999999999999998,98.2
2950,134034084,134034584,9,491,1.7999999999999998,98.2
2951,134034584,134035084,8,492,1.6,98.4
2952,134035084,134035584,11,489,2.1999999999999997,97.8
2953,134035584,134036084,8,492,1.6,98.4
2954,134036084,134036584,8,492,1.6,98.4
2955,134036584,134037084,9,491,1.7999999999999998,98.2
2956,134037084,134037584,10,490,2.0,98.0
2957,134037584,134038084,9,491,1.7999999999999998,98.2
2958,134038084,134038584,11,489,2.1999999999999997,97.8
2959,134038584,134039084,8,492,1.6,98.4
2960,134039084,134039584,10,490,2.0,98.0
2961,134039584,134040084,9,491,1.7999999999999998,98.2
2962,134040084,134040584,11,489,2.1999999999999997,97.8
2963,134040584,134041084,8,492,1.6,98.4
2964,134041084,134041584,10,490,2.0,98.0
2965,134041584,134042084,8,492,1.6,98.4
2966,134042084,134042584,8,492,1.6,98.4
2967,134042584,134043084,10,490,2.0,98.0
2968,134043084,134043584,9,491,1.7999999999999998,98.2
2969,134043584,134044084,8,492,1.6,98.4
2970,134044084,134044584,9,491,1.7999999999999998,98.2
2971,134044584,134045084,10,490,2.0,98.0
2972,134045084,134045584,9,491,1.7999999999999998,98.2
2973,134045584,134046084,9,491,1.7999999999999998,98.2
2974,134046084,134046584,9,491,1.7999999999999998,98.2
2975,134046584,134047084,8,492,1.6,98.4
2976,134047084,134047584,10,490,2.0,98.0
2977,134047584,134048084,9,491,1.7999999999999998,98.2
2978,134048084,134048584,9,491,1.7999999999999998,98.2
2979,134048584,134049084,9,491,1.7999999999999998,98.2
2980,134049084,134049584,11,489,2.1999999999999997,97.8
2981,134049584,134050084,7,493,1.4000000000000001,98.6
2982,134050084,134050584,10,490,2.0,98.0
2983,134050584,134051084,10,490,2.0,98.0
2984,134051084,134051584,9,491,1.7999999999999998,98.2
2985,134051584,134052084,9,491,1.7999999999999998,98.2
2986,134052084,134052584,11,489,2.1999999999999997,97.8
2987,134052584,134053084,7,493,1.4000000000000001,98.6
2988,134053084,134053584,10,490,2.0,98.0
2989,134053584,134054084,8,492,1.6,98.4
2990,134054084,134054584,9,491,1.7999999999999998,98.2
2991,134054584,134055084,9,491,1.7999999999999998,98.2
2992,134055084,134055584,9,491,1.7999999999999998,98.2
2993,134055584,134056084,9,491,1.7999999999999998,98.2
2994,134056084,134056584,9,491,1.7999999999999998,98.2
2995,134056584,134057084,13,487,2.6,97.4
2996,134057084,134057584,23,477,4.6,95.4
2997,134057584,134058084,7,493,1.4000000000000001,98.6
2998,134058084,134058584,12,488,2.4,97.6
2999,134058584,134059084,10,490,2.0,98.0
3000,134059084,134059584,10,490,2.0,98.0
3001,134059584,134060084,10,490,2.0,98.0
3002,134060084,134060584,10,490,2.0,98.0
3003,134060584,134061084,8,492,1.6,98.4
3004,134061084,134061584,9,491,1.7999999999999998,98.2
3005,134061584,134062084,9,491,1.7999999999999998,98.2
3006,134062084,134062584,9,491,1.7999999999999998,98.2
3007,134062584,134063084,8,492,1.6,98.4
3008,134063084,134063584,10,490,2.0,98.0
3009,134063584,134064084,7,493,1.4000000000000001,98.6
3010,134064084,134064584,10,490,2.0,98.0
3011,134064584,134065084,8,492,1.6,98.4
3012,134065084,134065584,14,486,2.8000000000000003,97.2
3013,134065584,134066084,10,490,2.0,98.0
3014,134066084,134066584,8,492,1.6,98.4
3015,134066584,134067084,12,488,2.4,97.6
3016,134067084,134067584,9,491,1.7999999999999998,98.2
3017,134067584,134068084,11,489,2.1999999999999997,97.8
3018,134068084,134068584,10,490,2.0,98.0
3019,134068584,134069084,8,492,1.6,98.4
3020,134069084,134069584,9,491,1.7999999999999998,98.2
3021,134069584,134070084,8,492,1.6,98.4
3022,134070084,134070584,10,490,2.0,98.0
3023,134070584,134071084,8,492,1.6,98.4
3024,134071084,134071584,14,486,2.8000000000000003,97.2
3025,134071584,134072084,8,492,1.6,98.4
3026,134072084,134072584,10,490,2.0,98.0
3027,134072584,134073084,8,492,1.6,98.4
3028,134073084,134073584,9,491,1.7999999999999998,98.2
3029,134073584,134074084,9,491,1.7999999999999998,98.2
3030,134074084,134074584,10,490,2.0,98.0
3031,134074584,134075084,8,492,1.6,98.4
3032,134075084,134075584,9,491,1.7999999999999998,98.2
3033,134075584,134076084,8,492,1.6,98.4
3034,134076084,134076584,9,491,1.7999999999999998,98.2
3035,134076584,134077084,8,492,1.6,98.4
3036,134077084,134077584,10,490,2.0,98.0
3037,134077584,134078084,7,493,1.4000000000000001,98.6
3038,134078084,134078584,11,489,2.1999999999999997,97.8
3039,134078584,134079084,8,492,1.6,98.4
3040,134079084,134079584,8,492,1.6,98.4
3041,134079584,134080084,8,492,1.6,98.4
3042,134080084,134080584,10,490,2.0,98.0
3043,134080584,134081084,2,498,0.4,99.6
3044,134081084,134081584,11,489,2.1999999999999997,97.8
3045,134081584,134082084,11,489,2.1999999999999997,97.8
3046,134082084,134082584,11,489,2.1999999999999997,97.8
3047,134082584,134083084,9,491,1.7999999999999998,98.2
3048,134083084,134083584,10,490,2.0,98.0
3049,134083584,134084084,11,489,2.1999999999999997,97.8
3050,134084084,134084584,10,490,2.0,98.0
3051,134084584,134085084,8,492,1.6,98.4
3052,134085084,134085584,10,490,2.0,98.0
3053,134085584,134086084,7,493,1.4000000000000001,98.6
3054,134086084,134086584,10,490,2.0,98.0
3055,134086584,134087084,8,492,1.6,98.4
3056,134087084,134087584,17,483,3.4000000000000004,96.6
3057,134087584,134088084,10,490,2.0,98.0
3058,134088084,134088584,9,491,1.7999999999999998,98.2
3059,134088584,134089084,8,492,1.6,98.4
3060,134089084,134089584,9,491,1.7999999999999998,98.2
3061,134089584,134090084,8,492,1.6,98.4
3062,134090084,134090584,9,491,1.7999999999999998,98.2
3063,134090584,134091084,8,492,1.6,98.4
3064,134091084,134091584,11,489,2.1999999999999997,97.8
3065,134091584,134092084,7,493,1.4000000000000001,98.6
3066,134092084,134092584,8,492,1.6,98.4
3067,134092584,134093084,16,484,3.2,96.8
3068,134093084,134093584,5,495,1.0,99.0
3069,134093584,134094084,9,491,1.7999999999999998,98.2
3070,134094084,134094584,10,490,2.0,98.0
3071,134094584,134095084,8,492,1.6,98.4
3072,134095084,134095584,9,491,1.7999999999999998,98.2
3073,134095584,134096084,8,492,1.6,98.4
3074,134096084,134096584,8,492,1.6,98.4
3075,134096584,134097084,8,492,1.6,98.4
3076,134097084,134097584,10,490,2.0,98.0
3077,134097584,134098084,4,496,0.8,99.2
3078,134098084,134098584,15,485,3.0,97.0
3079,134098584,134099084,7,493,1.4000000000000001,98.6
3080,134099084,134099584,13,487,2.6,97.4
3081,134099584,134100084,8,492,1.6,98.4
3082,134100084,134100584,11,489,2.1999999999999997,97.8
3083,134100584,134101084,8,492,1.6,98.4
3084,134101084,134101584,11,489,2.1999999999999997,97.8
3085,134101584,134102084,8,492,1.6,98.4
3086,134102084,134102584,9,491,1.7999999999999998,98.2
3087,134102584,134103084,11,489,2.1999999999999997,97.8
3088,134103084,134103584,13,487,2.6,97.4
3089,134103584,134104084,7,493,1.4000000000000001,98.6
3090,134104084,134104584,10,490,2.0,98.0
3091,134104584,134105084,6,494,1.2,98.8
3092,134105084,134105584,11,489,2.1999999999999997,97.8
3093,134105584,134106084,8,492,1.6,98.4
3094,134106084,134106584,9,491,1.7999999999999998,98.2
3095,134106584,134107084,9,491,1.7999999999999998,98.2
3096,134107084,134107584,9,491,1.7999999999999998,98.2
3097,134107584,134108084,7,493,1.4000000000000001,98.6
3098,134108084,134108584,10,490,2.0,98.0
3099,134108584,134109084,9,491,1.7999999999999998,98.2
3100,134109084,134109584,8,492,1.6,98.4
3101,134109584,134110084,8,492,1.6,98.4
3102,134110084,134110584,9,491,1.7999999999999998,98.2
3103,134110584,134111084,6,494,1.2,98.8
3104,134111084,134111584,15,485,3.0,97.0
3105,134111584,134112084,8,492,1.6,98.4
3106,134112084,134112584,10,490,2.0,98.0
3107,134112584,134113084,7,493,1.4000000000000001,98.6
3108,134113084,134113584,11,489,2.1999999999999997,97.8
3109,134113584,134114084,8,492,1.6,98.4
3110,134114084,134114584,10,490,2.0,98.0
3111,134114584,134115084,12,488,2.4,97.6
3112,134115084,134115584,9,491,1.7999999999999998,98.2
3113,134115584,134116084,11,489,2.1999999999999997,97.8
3114,134116084,134116584,12,488,2.4,97.6
3115,134116584,134117084,7,493,1.4000000000000001,98.6
3116,134117084,134117584,10,490,2.0,98.0
3117,134117584,134118084,8,492,1.6,98.4
3118,134118084,134118584,10,490,2.0,98.0
3119,134118584,134119084,8,492,1.6,98.4
3120,134119084,134119584,12,488,2.4,97.6
3121,134119584,134120084,8,492,1.6,98.4
3122,134120084,134120584,8,492,1.6,98.4
3123,134120584,134121084,9,491,1.7999999999999998,98.2
3124,134121084,134121584,9,491,1.7999999999999998,98.2
3125,134121584,134122084,7,493,1.4000000000000001,98.6
3126,134122084,134122584,10,490,2.0,98.0
3127,134122584,134123084,8,492,1.6,98.4
3128,134123084,134123584,9,491,1.7999999999999998,98.2
3129,134123584,134124084,8,492,1.6,98.4
3130,134124084,134124584,10,490,2.0,98.0
3131,134124584,134125084,7,493,1.4000000000000001,98.6
3132,134125084,134125584,11,489,2.1999999999999997,97.8
3133,134125584,134126084,9,491,1.7999999999999998,98.2
3134,134126084,134126584,9,491,1.7999999999999998,98.2
3135,134126584,134127084,9,491,1.7999999999999998,98.2
3136,134127084,134127584,10,490,2.0,98.0
3137,134127584,134128084,8,492,1.6,98.4
3138,134128084,134128584,9,491,1.7999999999999998,98.2
3139,134128584,134129084,8,492,1.6,98.4
3140,134129084,134129584,9,491,1.7999999999999998,98.2
3141,134129584,134130084,9,491,1.7999999999999998,98.2
3142,134130084,134130584,10,490,2.0,98.0
3143,134130584,134131084,8,492,1.6,98.4
3144,134131084,134131584,11,489,2.1999999999999997,97.8
3145,134131584,134132084,13,487,2.6,97.4
3146,134132084,134132584,11,489,2.1999999999999997,97.8
3147,134132584,134133084,7,493,1.4000000000000001,98.6
3148,134133084,134133584,9,491,1.7999999999999998,98.2
3149,134133584,134134084,7,493,1.4000000000000001,98.6
3150,134134084,134134584,11,489,2.1999999999999997,97.8
3151,134134584,134135084,15,485,3.0,97.0
3152,134135084,134135584,9,491,1.7999999999999998,98.2
3153,134135584,134136084,8,492,1.6,98.4
3154,134136084,134136584,9,491,1.7999999999999998,98.2
3155,134136584,134137084,9,491,1.7999999999999998,98.2
3156,134137084,134137584,12,488,2.4,97.6
3157,134137584,134138084,8,492,1.6,98.4
3158,134138084,134138584,10,490,2.0,98.0
3159,134138584,134139084,10,490,2.0,98.0
3160,134139084,134139584,8,492,1.6,98.4
3161,134139584,134140084,8,492,1.6,98.4
3162,134140084,134140584,10,490,2.0,98.0
3163,134140584,134141084,5,495,1.0,99.0
3164,134141084,134141584,12,488,2.4,97.6
3165,134141584,134142084,8,492,1.6,98.4
3166,134142084,134142584,10,490,2.0,98.0
3167,134142584,134143084,9,491,1.7999999999999998,98.2
3168,134143084,134143584,9,491,1.7999999999999998,98.2
3169,134143584,134144084,8,492,1.6,98.4
3170,134144084,134144584,10,490,2.0,98.0
3171,134144584,134145084,7,493,1.4000000000000001,98.6
3172,134145084,134145584,9,491,1.7999999999999998,98.2
3173,134145584,134146084,7,493,1.4000000000000001,98.6
3174,134146084,134146584,10,490,2.0,98.0
3175,134146584,134147084,8,492,1.6,98.4
3176,134147084,134147584,10,490,2.0,98.0
3177,134147584,134148084,6,494,1.2,98.8
3178,134148084,134148584,16,484,3.2,96.8
3179,134148584,134149084,8,492,1.6,98.4
3180,134149084,134149584,10,490,2.0,98.0
3181,134149584,134150084,7,493,1.4000000000000001,98.6
3182,134150084,134150584,10,490,2.0,98.0
3183,134150584,134151084,7,493,1.4000000000000001,98.6
3184,134151084,134151584,9,491,1.7999999999999998,98.2
3185,134151584,134152084,8,492,1.6,98.4
3186,134152084,134152584,10,490,2.0,98.0
3187,134152584,134153084,8,492,1.6,98.4
3188,134153084,134153584,9,491,1.7999999999999998,98.2
3189,134153584,134154084,8,492,1.6,98.4
3190,134154084,134154584,9,491,1.7999999999999998,98.2
3191,134154584,134155084,8,492,1.6,98.4
3192,134155084,134155584,9,491,1.7999999999999998,98.2
3193,134155584,134156084,8,492,1.6,98.4
3194,134156084,134156584,9,491,1.7999999999999998,98.2
3195,134156584,134157084,8,492,1.6,98.4
3196,134157084,134157584,9,491,1.7999999999999998,98.2
3197,134157584,134158084,8,492,1.6,98.4
3198,134158084,134158584,9,491,1.7999999999999998,98.2
3199,134158584,134159084,8,492,1.6,98.4
3200,134159084,134159584,9,491,1.7999999999999998,98.2
3201,134159584,134160084,7,493,1.4000000000000001,98.6
3202,134160084,134160584,11,489,2.1999999999999997,97.8
3203,134160584,134161084,8,492,1.6,98.4
3204,134161084,134161584,8,492,1.6,98.4
3205,134161584,134162084,8,492,1.6,98.4
3206,134162084,134162584,10,490,2.0,98.0
3207,134162584,134163084,8,492,1.6,98.4
3208,134163084,134163584,9,491,1.7999999999999998,98.2
3209,134163584,134164084,8,492,1.6,98.4
3210,134164084,134164584,15,485,3.0,97.0
3211,134164584,134165084,8,492,1.6,98.4
3212,134165084,134165584,12,488,2.4,97.6
3213,134165584,134166084,5,495,1.0,99.0
3214,134166084,134166584,7,493,1.4000000000000001,98.6
3215,134166584,134167084,12,488,2.4,97.6
3216,134167084,134167584,10,490,2.0,98.0
3217,134167584,134168084,9,491,1.7999999999999998,98.2
3218,134168084,134168584,10,490,2.0,98.0
3219,134168584,134169084,7,493,1.4000000000000001,98.6
3220,134169084,134169584,10,490,2.0,98.0
3221,134169584,134170084,8,492,1.6,98.4
3222,134170084,134170584,8,492,1.6,98.4
3223,134170584,134171084,8,492,1.6,98.4
3224,134171084,134171584,10,490,2.0,98.0
3225,134171584,134172084,7,493,1.4000000000000001,98.6
3226,134172084,134172584,10,490,2.0,98.0
3227,134172584,134173084,7,493,1.4000000000000001,98.6
3228,134173084,134173584,10,490,2.0,98.0
3229,134173584,134174084,9,491,1.7999999999999998,98.2
3230,134174084,134174584,8,492,1.6,98.4
3231,134174584,134175084,8,492,1.6,98.4
3232,134175084,134175584,10,490,2.0,98.0
3233,134175584,134176084,7,493,1.4000000000000001,98.6
3234,134176084,134176584,10,490,2.0,98.0
3235,134176584,134177084,8,492,1.6,98.4
3236,134177084,134177584,9,491,1.7999999999999998,98.2
3237,134177584,134178084,8,492,1.6,98.4
3238,134178084,134178584,9,491,1.7999999999999998,98.2
3239,134178584,134179084,9,491,1.7999999999999998,98.2
3240,134179084,134179584,9,491,1.7999999999999998,98.2
3241,134179584,134180084,8,492,1.6,98.4
3242,134180084,134180584,10,490,2.0,98.0
3243,134180584,134181084,9,491,1.7999999999999998,98.2
3244,134181084,134181584,3,497,0.6,99.4
3245,134181584,134182084,0,500,0.0,100.0
3246,134182084,134182584,13,487,2.6,97.4
3247,134182584,134183084,16,484,3.2,96.8
3248,134183084,134183584,9,491,1.7999999999999998,98.2
3249,134183584,134184084,9,491,1.7999999999999998,98.2
3250,134184084,134184584,10,490,2.0,98.0
3251,134184584,134185084,7,493,1.4000000000000001,98.6
3252,134185084,134185584,8,492,1.6,98.4
3253,134185584,134186084,8,492,1.6,98.4
3254,134186084,134186584,11,489,2.1999999999999997,97.8
3255,134186584,134187084,8,492,1.6,98.4
3256,134187084,134187584,9,491,1.7999999999999998,98.2
3257,134187584,134188084,8,492,1.6,98.4
3258,134188084,134188584,9,491,1.7999999999999998,98.2
3259,134188584,134189084,7,493,1.4000000000000001,98.6
3260,134189084,134189584,9,491,1.7999999999999998,98.2
3261,134189584,134190084,8,492,1.6,98.4
3262,134190084,134190584,10,490,2.0,98.0
3263,134190584,134191084,8,492,1.6,98.4
3264,134191084,134191584,8,492,1.6,98.4
3265,134191584,134192084,8,492,1.6,98.4
3266,134192084,134192584,10,490,2.0,98.0
3267,134192584,134193084,8,492,1.6,98.4
3268,134193084,134193584,10,490,2.0,98.0
3269,134193584,134194084,8,492,1.6,98.4
3270,134194084,134194584,10,490,2.0,98.0
3271,134194584,134195084,9,491,1.7999999999999998,98.2
3272,134195084,134195584,8,492,1.6,98.4
3273,134195584,134196084,8,492,1.6,98.4
3274,134196084,134196584,8,492,1.6,98.4
3275,134196584,134197084,8,492,1.6,98.4
3276,134197084,134197584,8,492,1.6,98.4
3277,134197584,134198084,13,487,2.6,97.4
3278,134198084,134198584,23,477,4.6,95.4
3279,134198584,134199084,7,493,1.4000000000000001,98.6
3280,134199084,134199584,17,483,3.4000000000000004,96.6
3281,134199584,134200084,8,492,1.6,98.4
3282,134200084,134200584,10,490,2.0,98.0
3283,134200584,134201084,7,493,1.4000000000000001,98.6
3284,134201084,134201584,10,490,2.0,98.0
3285,134201584,134202084,9,491,1.7999999999999998,98.2
3286,134202084,134202584,8,492,1.6,98.4
3287,134202584,134203084,8,492,1.6,98.4
3288,134203084,134203584,9,491,1.7999999999999998,98.2
3289,134203584,134204084,10,490,2.0,98.0
3290,134204084,134204584,10,490,2.0,98.0
3291,134204584,134205084,7,493,1.4000000000000001,98.6
3292,134205084,134205584,10,490,2.0,98.0
3293,134205584,134206084,9,491,1.7999999999999998,98.2
3294,134206084,134206584,8,492,1.6,98.4
3295,134206584,134207084,8,492,1.6,98.4
3296,134207084,134207584,9,491,1.7999999999999998,98.2
3297,134207584,134208084,9,491,1.7999999999999998,98.2
3298,134208084,134208584,10,490,2.0,98.0
3299,134208584,134209084,8,492,1.6,98.4
3300,134209084,134209584,9,491,1.7999999999999998,98.2
3301,134209584,134210084,8,492,1.6,98.4
3302,134210084,134210584,9,491,1.7999999999999998,98.2
3303,134210584,134211084,8,492,1.6,98.4
3304,134211084,134211584,9,491,1.7999999999999998,98.2
3305,134211584,134212084,7,493,1.4000000000000001,98.6
3306,134212084,134212584,9,491,1.7999999999999998,98.2
3307,134212584,134213084,7,493,1.4000000000000001,98.6
3308,134213084,134213584,8,492,1.6,98.4
3309,134213584,134214084,5,495,1.0,99.0
3310,134214084,134214584,11,489,2.1999999999999997,97.8
3311,134214584,134215084,7,493,1.4000000000000001,98.6
3312,134215084,134215584,11,489,2.1999999999999997,97.8
3313,134215584,134216084,7,493,1.4000000000000001,98.6
3314,134216084,134216584,9,491,1.7999999999999998,98.2
3315,134216584,134217084,8,492,1.6,98.4
3316,134217084,134217584,9,491,1.7999999999999998,98.2
3317,134217584,134218084,7,493,1.4000000000000001,98.6
3318,134218084,134218584,10,490,2.0,98.0
3319,134218584,134219084,7,493,1.4000000000000001,98.6
3320,134219084,134219584,9,491,1.7999999999999998,98.2
3321,134219584,134220084,9,491,1.7999999999999998,98.2
3322,134220084,134220584,8,492,1.6,98.4
3323,134220584,134221084,9,491,1.7999999999999998,98.2
3324,134221084,134221584,9,491,1.7999999999999998,98.2
3325,134221584,134222084,7,493,1.4000000000000001,98.6
3326,134222084,134222584,9,491,1.7999999999999998,98.2
3327,134222584,134223084,8,492,1.6,98.4
3328,134223084,134223584,8,492,1.6,98.4
3329,134223584,134224084,8,492,1.6,98.4
3330,134224084,134224584,8,492,1.6,98.4
3331,134224584,134225084,9,491,1.7999999999999998,98.2
3332,134225084,134225584,9,491,1.7999999999999998,98.2
3333,134225584,134226084,8,492,1.6,98.4
3334,134226084,134226584,10,490,2.0,98.0
3335,134226584,134227084,7,493,1.4000000000000001,98.6
3336,134227084,134227584,9,491,1.7999999999999998,98.2
3337,134227584,134228084,8,492,1.6,98.4
3338,134228084,134228584,9,491,1.7999999999999998,98.2
3339,134228584,134229084,7,493,1.4000000000000001,98.6
3340,134229084,134229584,9,491,1.7999999999999998,98.2
3341,134229584,134230084,7,493,1.4000000000000001,98.6
3342,134230084,134230584,9,491,1.7999999999999998,98.2
3343,134230584,134231084,8,492,1.6,98.4
3344,134231084,134231584,9,491,1.7999999999999998,98.2
3345,134231584,134232084,8,492,1.6,98.4
3346,134232084,134232584,9,491,1.7999999999999998,98.2
3347,134232584,134233084,8,492,1.6,98.4
3348,134233084,134233584,10,490,2.0,98.0
3349,134233584,134234084,8,492,1.6,98.4
3350,134234084,134234584,9,491,1.7999999999999998,98.2
3351,134234584,134235084,8,492,1.6,98.4
3352,134235084,134235584,8,492,1.6,98.4
3353,134235584,134236084,8,492,1.6,98.4
3354,134236084,134236584,9,491,1.7999999999999998,98.2
3355,134236584,134237084,8,492,1.6,98.4
3356,134237084,134237584,10,490,2.0,98.0
3357,134237584,134238084,6,494,1.2,98.8
3358,134238084,134238584,12,488,2.4,97.6
3359,134238584,134239084,8,492,1.6,98.4
3360,134239084,134239584,9,491,1.7999999999999998,98.2
3361,134239584,134240084,7,493,1.4000000000000001,98.6
3362,134240084,134240584,10,490,2.0,98.0
3363,134240584,134241084,7,493,1.4000000000000001,98.6
3364,134241084,134241584,9,491,1.7999999999999998,98.2
3365,134241584,134242084,7,493,1.4000000000000001,98.6
3366,134242084,134242584,9,491,1.7999999999999998,98.2
3367,134242584,134243084,8,492,1.6,98.4
3368,134243084,134243584,9,491,1.7999999999999998,98.2
3369,134243584,134244084,8,492,1.6,98.4
3370,134244084,134244584,9,491,1.7999999999999998,98.2
3371,134244584,134245084,7,493,1.4000000000000001,98.6
3372,134245084,134245584,9,491,1.7999999999999998,98.2
3373,134245584,134246084,8,492,1.6,98.4
3374,134246084,134246584,10,490,2.0,98.0
3375,134246584,134247084,12,488,2.4,97.6
3376,134247084,134247584,9,491,1.7999999999999998,98.2
3377,134247584,134248084,10,490,2.0,98.0
3378,134248084,134248584,10,490,2.0,98.0
3379,134248584,134249084,6,494,1.2,98.8
3380,134249084,134249584,11,489,2.1999999999999997,97.8
3381,134249584,134250084,7,493,1.4000000000000001,98.6
3382,134250084,134250584,10,490,2.0,98.0
3383,134250584,134251084,8,492,1.6,98.4
3384,134251084,134251584,9,491,1.7999999999999998,98.2
3385,134251584,134252084,8,492,1.6,98.4
3386,134252084,134252584,9,491,1.7999999999999998,98.2
3387,134252584,134253084,8,492,1.6,98.4
3388,134253084,134253584,9,491,1.7999999999999998,98.2
3389,134253584,134254084,8,492,1.6,98.4
3390,134254084,134254584,9,491,1.7999999999999998,98.2
3391,134254584,134255084,8,492,1.6,98.4
3392,134255084,134255584,9,491,1.7999999999999998,98.2
3393,134255584,134256084,8,492,1.6,98.4
3394,134256084,134256584,9,491,1.7999999999999998,98.2
3395,134256584,134257084,7,493,1.4000000000000001,98.6
3396,134257084,134257584,10,490,2.0,98.0
3397,134257584,134258084,7,493,1.4000000000000001,98.6
3398,134258084,134258584,11,489,2.1999999999999997,97.8
3399,134258584,134259084,8,492,1.6,98.4
3400,134259084,134259584,9,491,1.7999999999999998,98.2
3401,134259584,134260084,9,491,1.7999999999999998,98.2
3402,134260084,134260584,10,490,2.0,98.0
3403,134260584,134261084,7,493,1.4000000000000001,98.6
3404,134261084,134261584,10,490,2.0,98.0
3405,134261584,134262084,8,492,1.6,98.4
3406,134262084,134262584,8,492,1.6,98.4
3407,134262584,134263084,8,492,1.6,98.4
3408,134263084,134263584,10,490,2.0,98.0
3409,134263584,134264084,7,493,1.4000000000000001,98.6
3410,134264084,134264584,9,491,1.7999999999999998,98.2
3411,134264584,134265084,9,491,1.7999999999999998,98.2
3412,134265084,134265584,8,492,1.6,98.4
3413,134265584,134266084,8,492,1.6,98.4
3414,134266084,134266584,10,490,2.0,98.0
3415,134266584,134267084,7,493,1.4000000000000001,98.6
3416,134267084,134267584,9,491,1.7999999999999998,98.2
3417,134267584,134268084,7,493,1.4000000000000001,98.6
3418,134268084,134268584,11,489,2.1999999999999997,97.8
3419,134268584,134269084,9,491,1.7999999999999998,98.2
3420,134269084,134269584,8,492,1.6,98.4
3421,134269584,134270084,8,492,1.6,98.4
3422,134270084,134270584,10,490,2.0,98.0
3423,134270584,134271084,7,493,1.4000000000000001,98.6
3424,134271084,134271584,10,490,2.0,98.0
3425,134271584,134272084,8,492,1.6,98.4
3426,134272084,134272584,8,492,1.6,98.4
3427,134272584,134273084,8,492,1.6,98.4
3428,134273084,134273584,10,490,2.0,98.0
3429,134273584,134274084,23,477,4.6,95.4
3430,134274084,134274584,9,491,1.7999999999999998,98.2
3431,134274584,134275084,7,493,1.4000000000000001,98.6
3432,134275084,134275584,10,490,2.0,98.0
3433,134275584,134276084,8,492,1.6,98.4
3434,134276084,134276584,8,492,1.6,98.4
3435,134276584,134277084,8,492,1.6,98.4
3436,134277084,134277584,10,490,2.0,98.0
3437,134277584,134278084,7,493,1.4000000000000001,98.6
3438,134278084,134278584,6,494,1.2,98.8
3439,134278584,134279084,9,491,1.7999999999999998,98.2
3440,134279084,134279584,14,486,2.8000000000000003,97.2
3441,134279584,134280084,7,493,1.4000000000000001,98.6
3442,134280084,134280584,9,491,1.7999999999999998,98.2
3443,134280584,134281084,9,491,1.7999999999999998,98.2
3444,134281084,134281584,8,492,1.6,98.4
3445,134281584,134282084,8,492,1.6,98.4
3446,134282084,134282584,10,490,2.0,98.0
3447,134282584,134283084,7,493,1.4000000000000001,98.6
3448,134283084,134283584,10,490,2.0,98.0
3449,134283584,134284084,7,493,1.4000000000000001,98.6
3450,134284084,134284584,10,490,2.0,98.0
3451,134284584,134285084,9,491,1.7999999999999998,98.2
3452,134285084,134285584,8,492,1.6,98.4
3453,134285584,134286084,9,491,1.7999999999999998,98.2
3454,134286084,134286584,9,491,1.7999999999999998,98.2
3455,134286584,134287084,7,493,1.4000000000000001,98.6
3456,134287084,134287584,9,491,1.7999999999999998,98.2
3457,134287584,134288084,7,493,1.4000000000000001,98.6
3458,134288084,134288584,10,490,2.0,98.0
3459,134288584,134289084,8,492,1.6,98.4
3460,134289084,134289584,8,492,1.6,98.4
3461,134289584,134290084,8,492,1.6,98.4
3462,134290084,134290584,10,490,2.0,98.0
3463,134290584,134291084,7,493,1.4000000000000001,98.6
3464,134291084,134291584,9,491,1.7999999999999998,98.2
3465,134291584,134292084,8,492,1.6,98.4
3466,134292084,134292584,8,492,1.6,98.4
3467,134292584,134293084,8,492,1.6,98.4
3468,134293084,134293584,9,491,1.7999999999999998,98.2
3469,134293584,134294084,8,492,1.6,98.4
3470,134294084,134294584,9,491,1.7999999999999998,98.2
3471,134294584,134295084,7,493,1.4000000000000001,98.6
3472,134295084,134295584,9,491,1.7999999999999998,98.2
3473,134295584,134296084,8,492,1.6,98.4
3474,134296084,134296584,9,491,1.7999999999999998,98.2
3475,134296584,134297084,8,492,1.6,98.4
3476,134297084,134297584,12,488,2.4,97.6
3477,134297584,134298084,6,494,1.2,98.8
3478,134298084,134298584,12,488,2.4,97.6
3479,134298584,134299084,7,493,1.4000000000000001,98.6
3480,134299084,134299584,10,490,2.0,98.0
3481,134299584,134300084,8,492,1.6,98.4
3482,134300084,134300584,11,489,2.1999999999999997,97.8
3483,134300584,134301084,10,490,2.0,98.0
3484,134301084,134301584,9,491,1.7999999999999998,98.2
3485,134301584,134302084,8,492,1.6,98.4
3486,134302084,134302584,12,488,2.4,97.6
3487,134302584,134303084,8,492,1.6,98.4
3488,134303084,134303584,11,489,2.1999999999999997,97.8
3489,134303584,134304084,8,492,1.6,98.4
3490,134304084,134304584,9,491,1.7999999999999998,98.2
3491,134304584,134305084,9,491,1.7999999999999998,98.2
3492,134305084,134305584,14,486,2.8000000000000003,97.2
3493,134305584,134306084,10,490,2.0,98.0
3494,134306084,134306584,8,492,1.6,98.4
3495,134306584,134307084,9,491,1.7999999999999998,98.2
3496,134307084,134307584,9,491,1.7999999999999998,98.2
3497,134307584,134308084,6,494,1.2,98.8
3498,134308084,134308584,11,489,2.1999999999999997,97.8
3499,134308584,134309084,7,493,1.4000000000000001,98.6
3500,134309084,134309584,10,490,2.0,98.0
3501,134309584,134310084,7,493,1.4000000000000001,98.6
3502,134310084,134310584,10,490,2.0,98.0
3503,134310584,134311084,8,492,1.6,98.4
3504,134311084,134311584,9,491,1.7999999999999998,98.2
3505,134311584,134312084,9,491,1.7999999999999998,98.2
3506,134312084,134312584,8,492,1.6,98.4
3507,134312584,134313084,14,486,2.8000000000000003,97.2
3508,134313084,134313584,12,488,2.4,97.6
3509,134313584,134314084,7,493,1.4000000000000001,98.6
3510,134314084,134314584,10,490,2.0,98.0
3511,134314584,134315084,7,493,1.4000000000000001,98.6
3512,134315084,134315584,9,491,1.7999999999999998,98.2
3513,134315584,134316084,8,492,1.6,98.4
3514,134316084,134316584,9,491,1.7999999999999998,98.2
3515,134316584,134317084,8,492,1.6,98.4
3516,134317084,134317584,10,490,2.0,98.0
3517,134317584,134318084,7,493,1.4000000000000001,98.6
3518,134318084,134318584,9,491,1.7999999999999998,98.2
3519,134318584,134319084,7,493,1.4000000000000001,98.6
3520,134319084,134319584,9,491,1.7999999999999998,98.2
3521,134319584,134320084,8,492,1.6,98.4
3522,134320084,134320584,27,473,5.4,94.6
3523,134320584,134321084,3,497,0.6,99.4
3524,134321084,134321584,13,487,2.6,97.4
3525,134321584,134322084,11,489,2.1999999999999997,97.8
3526,134322084,134322584,8,492,1.6,98.4
3527,134322584,134323084,8,492,1.6,98.4
3528,134323084,134323584,9,491,1.7999999999999998,98.2
3529,134323584,134324084,6,494,1.2,98.8
3530,134324084,134324584,11,489,2.1999999999999997,97.8
3531,134324584,134325084,9,491,1.7999999999999998,98.2
3532,134325084,134325584,11,489,2.1999999999999997,97.8
3533,134325584,134326084,7,493,1.4000000000000001,98.6
3534,134326084,134326584,8,492,1.6,98.4
3535,134326584,134327084,6,494,1.2,98.8
3536,134327084,134327584,12,488,2.4,97.6
3537,134327584,134328084,8,492,1.6,98.4
3538,134328084,134328584,10,490,2.0,98.0
3539,134328584,134329084,10,490,2.0,98.0
3540,134329084,134329584,8,492,1.6,98.4
3541,134329584,134330084,9,491,1.7999999999999998,98.2
3542,134330084,134330584,8,492,1.6,98.4
3543,134330584,134331084,8,492,1.6,98.4
3544,134331084,134331584,9,491,1.7999999999999998,98.2
3545,134331584,134332084,8,492,1.6,98.4
3546,134332084,134332584,9,491,1.7999999999999998,98.2
3547,134332584,134333084,6,494,1.2,98.8
3548,134333084,134333584,10,490,2.0,98.0
3549,134333584,134334084,4,496,0.8,99.2
3550,134334084,134334584,61,439,12.2,87.8
3551,134334584,134335084,4,496,0.8,99.2
3552,134335084,134335584,18,482,3.5999999999999996,96.4
3553,134335584,134336084,4,496,0.8,99.2
3554,134336084,134336584,7,493,1.4000000000000001,98.6
3555,134336584,134337084,9,491,1.7999999999999998,98.2
3556,134337084,134337584,5,495,1.0,99.0
3557,134337584,134338084,5,495,1.0,99.0
3558,134338084,134338584,9,491,1.7999999999999998,98.2
3559,134338584,134339084,4,496,0.8,99.2
3560,134339084,134339584,40,460,8.0,92.0
3561,134339584,134340084,0,500,0.0,100.0
3562,134340084,134340584,6,494,1.2,98.8
3563,134340584,134341084,8,492,1.6,98.4
3564,134341084,134341584,7,493,1.4000000000000001,98.6
3565,134341584,134342084,6,494,1.2,98.8
3566,134342084,134342584,8,492,1.6,98.4
3567,134342584,134343084,2,498,0.4,99.6
3568,134343084,134343584,8,492,1.6,98.4
3569,134343584,134344084,3,497,0.6,99.4
3570,134344084,134344584,10,490,2.0,98.0
3571,134344584,134345084,5,495,1.0,99.0
3572,134345084,134345584,8,492,1.6,98.4
3573,134345584,134346084,5,495,1.0,99.0
3574,134346084,134346584,6,494,1.2,98.8
3575,134346584,134347084,9,491,1.7999999999999998,98.2
3576,134347084,134347584,4,496,0.8,99.2
3577,134347584,134348084,6,494,1.2,98.8
3578,134348084,134348584,9,491,1.7999999999999998,98.2
3579,134348584,134349084,5,495,1.0,99.0
3580,134349084,134349584,7,493,1.4000000000000001,98.6
3581,134349584,134350084,3,497,0.6,99.4
3582,134350084,134350584,14,486,2.8000000000000003,97.2
3583,134350584,134351084,2,498,0.4,99.6
3584,134351084,134351584,7,493,1.4000000000000001,98.6
3585,134351584,134352084,3,497,0.6,99.4
3586,134352084,134352584,11,489,2.1999999999999997,97.8
3587,134352584,134353084,5,495,1.0,99.0
3588,134353084,134353584,35,465,7.000000000000001,93.0
3589,134353584,134354084,10,490,2.0,98.0
3590,134354084,134354584,6,494,1.2,98.8
3591,134354584,134355084,4,496,0.8,99.2
3592,134355084,134355584,11,489,2.1999999999999997,97.8
3593,134355584,134356084,44,456,8.799999999999999,91.2
3594,134356084,134356584,9,491,1.7999999999999998,98.2
3595,134356584,134357084,8,492,1.6,98.4
3596,134357084,134357584,13,487,2.6,97.4
3597,134357584,134358084,7,493,1.4000000000000001,98.6
3598,134358084,134358584,10,490,2.0,98.0
3599,134358584,134359084,9,491,1.7999999999999998,98.2
3600,134359084,134359584,14,486,2.8000000000000003,97.2
3601,134359584,134360084,7,493,1.4000000000000001,98.6
3602,134360084,134360584,10,490,2.0,98.0
3603,134360584,134361084,9,491,1.7999999999999998,98.2
3604,134361084,134361584,9,491,1.7999999999999998,98.2
3605,134361584,134362084,8,492,1.6,98.4
3606,134362084,134362584,8,492,1.6,98.4
3607,134362584,134363084,8,492,1.6,98.4
3608,134363084,134363584,10,490,2.0,98.0
3609,134363584,134364084,7,493,1.4000000000000001,98.6
3610,134364084,134364584,9,491,1.7999999999999998,98.2
3611,134364584,134365084,7,493,1.4000000000000001,98.6
3612,134365084,134365584,10,490,2.0,98.0
3613,134365584,134366084,8,492,1.6,98.4
3614,134366084,134366584,9,491,1.7999999999999998,98.2
3615,134366584,134367084,10,490,2.0,98.0
3616,134367084,134367584,9,491,1.7999999999999998,98.2
3617,134367584,134368084,9,491,1.7999999999999998,98.2
3618,134368084,134368584,10,490,2.0,98.0
3619,134368584,134369084,7,493,1.4000000000000001,98.6
3620,134369084,134369584,9,491,1.7999999999999998,98.2
3621,134369584,134370084,7,493,1.4000000000000001,98.6
3622,134370084,134370584,10,490,2.0,98.0
3623,134370584,134371084,8,492,1.6,98.4
3624,134371084,134371584,8,492,1.6,98.4
3625,134371584,134372084,8,492,1.6,98.4
3626,134372084,134372584,9,491,1.7999999999999998,98.2
3627,134372584,134373084,7,493,1.4000000000000001,98.6
3628,134373084,134373584,10,490,2.0,98.0
3629,134373584,134374084,7,493,1.4000000000000001,98.6
3630,134374084,134374584,9,491,1.7999999999999998,98.2
3631,134374584,134375084,8,492,1.6,98.4
3632,134375084,134375584,11,489,2.1999999999999997,97.8
3633,134375584,134376084,8,492,1.6,98.4
3634,134376084,134376584,9,491,1.7999999999999998,98.2
3635,134376584,134377084,8,492,1.6,98.4
3636,134377084,134377584,9,491,1.7999999999999998,98.2
3637,134377584,134378084,7,493,1.4000000000000001,98.6
3638,134378084,134378584,10,490,2.0,98.0
3639,134378584,134379084,7,493,1.4000000000000001,98.6
3640,134379084,134379584,10,490,2.0,98.0
3641,134379584,134380084,9,491,1.7999999999999998,98.2
3642,134380084,134380584,7,493,1.4000000000000001,98.6
3643,134380584,134381084,14,486,2.8000000000000003,97.2
3644,134381084,134381584,10,490,2.0,98.0
3645,134381584,134382084,8,492,1.6,98.4
3646,134382084,134382584,9,491,1.7999999999999998,98.2
3647,134382584,134383084,8,492,1.6,98.4
3648,134383084,134383584,10,490,2.0,98.0
3649,134383584,134384084,8,492,1.6,98.4
3650,134384084,134384584,9,491,1.7999999999999998,98.2
3651,134384584,134385084,8,492,1.6,98.4
3652,134385084,134385584,9,491,1.7999999999999998,98.2
3653,134385584,134386084,8,492,1.6,98.4
3654,134386084,134386584,9,491,1.7999999999999998,98.2
3655,134386584,134387084,8,492,1.6,98.4
3656,134387084,134387584,9,491,1.7999999999999998,98.2
3657,134387584,134388084,7,493,1.4000000000000001,98.6
3658,134388084,134388584,10,490,2.0,98.0
3659,134388584,134389084,5,495,1.0,99.0
3660,134389084,134389584,11,489,2.1999999999999997,97.8
3661,134389584,134390084,8,492,1.6,98.4
3662,134390084,134390584,10,490,2.0,98.0
3663,134390584,134391084,7,493,1.4000000000000001,98.6
3664,134391084,134391584,10,490,2.0,98.0
3665,134391584,134392084,8,492,1.6,98.4
3666,134392084,134392584,8,492,1.6,98.4
3667,134392584,134393084,8,492,1.6,98.4
3668,134393084,134393584,8,492,1.6,98.4
3669,134393584,134394084,8,492,1.6,98.4
3670,134394084,134394584,9,491,1.7999999999999998,98.2
3671,134394584,134395084,7,493,1.4000000000000001,98.6
3672,134395084,134395584,10,490,2.0,98.0
3673,134395584,134396084,7,493,1.4000000000000001,98.6
3674,134396084,134396584,9,491,1.7999999999999998,98.2
3675,134396584,134397084,6,494,1.2,98.8
3676,134397084,134397584,11,489,2.1999999999999997,97.8
3677,134397584,134398084,8,492,1.6,98.4
3678,134398084,134398584,9,491,1.7999999999999998,98.2
3679,134398584,134399084,9,491,1.7999999999999998,98.2
3680,134399084,134399584,10,490,2.0,98.0
3681,134399584,134400084,6,494,1.2,98.8
3682,134400084,134400584,10,490,2.0,98.0
3683,134400584,134401084,8,492,1.6,98.4
3684,134401084,134401584,9,491,1.7999999999999998,98.2
3685,134401584,134402084,8,492,1.6,98.4
3686,134402084,134402584,8,492,1.6,98.4
3687,134402584,134403084,8,492,1.6,98.4
3688,134403084,134403584,8,492,1.6,98.4
3689,134403584,134404084,8,492,1.6,98.4
3690,134404084,134404584,10,490,2.0,98.0
3691,134404584,134405084,9,491,1.7999999999999998,98.2
3692,134405084,134405584,15,485,3.0,97.0
3693,134405584,134406084,7,493,1.4000000000000001,98.6
3694,134406084,134406584,10,490,2.0,98.0
3695,134406584,134407084,8,492,1.6,98.4
3696,134407084,134407584,10,490,2.0,98.0
3697,134407584,134408084,8,492,1.6,98.4
3698,134408084,134408584,9,491,1.7999999999999998,98.2
3699,134408584,134409084,8,492,1.6,98.4
3700,134409084,134409584,9,491,1.7999999999999998,98.2
3701,134409584,134410084,8,492,1.6,98.4
3702,134410084,134410584,11,489,2.1999999999999997,97.8
3703,134410584,134411084,8,492,1.6,98.4
3704,134411084,134411584,9,491,1.7999999999999998,98.2
3705,134411584,134412084,7,493,1.4000000000000001,98.6
3706,134412084,134412584,21,479,4.2,95.8
3707,134412584,134413084,7,493,1.4000000000000001,98.6
3708,134413084,134413584,12,488,2.4,97.6
3709,134413584,134414084,7,493,1.4000000000000001,98.6
3710,134414084,134414584,11,489,2.1999999999999997,97.8
3711,134414584,134415084,9,491,1.7999999999999998,98.2
3712,134415084,134415584,8,492,1.6,98.4
3713,134415584,134416084,9,491,1.7999999999999998,98.2
3714,134416084,134416584,9,491,1.7999999999999998,98.2
3715,134416584,134417084,7,493,1.4000000000000001,98.6
3716,134417084,134417584,10,490,2.0,98.0
3717,134417584,134418084,7,493,1.4000000000000001,98.6
3718,134418084,134418584,10,490,2.0,98.0
3719,134418584,134419084,9,491,1.7999999999999998,98.2
3720,134419084,134419584,8,492,1.6,98.4
3721,134419584,134420084,8,492,1.6,98.4
3722,134420084,134420584,8,492,1.6,98.4
3723,134420584,134421084,11,489,2.1999999999999997,97.8
3724,134421084,134421584,10,490,2.0,98.0
3725,134421584,134422084,8,492,1.6,98.4
3726,134422084,134422584,10,490,2.0,98.0
3727,134422584,134423084,7,493,1.4000000000000001,98.6
3728,134423084,134423584,11,489,2.1999999999999997,97.8
3729,134423584,134424084,7,493,1.4000000000000001,98.6
3730,134424084,134424584,9,491,1.7999999999999998,98.2
3731,134424584,134425084,12,488,2.4,97.6
3732,134425084,134425584,9,491,1.7999999999999998,98.2
3733,134425584,134426084,8,492,1.6,98.4
3734,134426084,134426584,9,491,1.7999999999999998,98.2
3735,134426584,134427084,8,492,1.6,98.4
3736,134427084,134427584,10,490,2.0,98.0
3737,134427584,134428084,8,492,1.6,98.4
3738,134428084,134428584,14,486,2.8000000000000003,97.2
3739,134428584,134429084,4,496,0.8,99.2
3740,134429084,134429584,13,487,2.6,97.4
3741,134429584,134430084,8,492,1.6,98.4
3742,134430084,134430584,10,490,2.0,98.0
3743,134430584,134431084,7,493,1.4000000000000001,98.6
3744,134431084,134431584,10,490,2.0,98.0
3745,134431584,134432084,8,492,1.6,98.4
3746,134432084,134432584,8,492,1.6,98.4
3747,134432584,134433084,12,488,2.4,97.6
3748,134433084,134433584,12,488,2.4,97.6
3749,134433584,134434084,8,492,1.6,98.4
3750,134434084,134434584,11,489,2.1999999999999997,97.8
3751,134434584,134435084,7,493,1.4000000000000001,98.6
3752,134435084,134435584,9,491,1.7999999999999998,98.2
3753,134435584,134436084,7,493,1.4000000000000001,98.6
3754,134436084,134436584,8,492,1.6,98.4
3755,134436584,134437084,4,496,0.8,99.2
3756,134437084,134437584,16,484,3.2,96.8
3757,134437584,134438084,6,494,1.2,98.8
3758,134438084,134438584,7,493,1.4000000000000001,98.6
3759,134438584,134439084,13,487,2.6,97.4
3760,134439084,134439584,9,491,1.7999999999999998,98.2
3761,134439584,134440084,12,488,2.4,97.6
3762,134440084,134440584,10,490,2.0,98.0
3763,134440584,134441084,8,492,1.6,98.4
3764,134441084,134441584,10,490,2.0,98.0
3765,134441584,134442084,7,493,1.4000000000000001,98.6
3766,134442084,134442584,9,491,1.7999999999999998,98.2
3767,134442584,134443084,7,493,1.4000000000000001,98.6
3768,134443084,134443584,10,490,2.0,98.0
3769,134443584,134444084,11,489,2.1999999999999997,97.8
3770,134444084,134444584,6,494,1.2,98.8
3771,134444584,134445084,0,500,0.0,100.0
3772,134445084,134445584,15,485,3.0,97.0
3773,134445584,134446084,17,483,3.4000000000000004,96.6
3774,134446084,134446584,11,489,2.1999999999999997,97.8
3775,134446584,134447084,7,493,1.4000000000000001,98.6
3776,134447084,134447584,11,489,2.1999999999999997,97.8
3777,134447584,134448084,6,494,1.2,98.8
3778,134448084,134448584,11,489,2.1999999999999997,97.8
3779,134448584,134449084,8,492,1.6,98.4
3780,134449084,134449584,9,491,1.7999999999999998,98.2
3781,134449584,134450084,8,492,1.6,98.4
3782,134450084,134450584,33,467,6.6000000000000005,93.4
3783,134450584,134451084,2,498,0.4,99.6
3784,134451084,134451584,15,485,3.0,97.0
3785,134451584,134452084,13,487,2.6,97.4
3786,134452084,134452584,9,491,1.7999999999999998,98.2
3787,134452584,134453084,8,492,1.6,98.4
3788,134453084,134453584,9,491,1.7999999999999998,98.2
3789,134453584,134454084,8,492,1.6,98.4
3790,134454084,134454584,10,490,2.0,98.0
3791,134454584,134455084,6,494,1.2,98.8
3792,134455084,134455584,13,487,2.6,97.4
3793,134455584,134456084,6,494,1.2,98.8
3794,134456084,134456584,8,492,1.6,98.4
3795,134456584,134457084,15,485,3.0,97.0
3796,134457084,134457584,4,496,0.8,99.2
3797,134457584,134458084,3,497,0.6,99.4
3798,134458084,134458584,9,491,1.7999999999999998,98.2
3799,134458584,134459084,18,482,3.5999999999999996,96.4
3800,134459084,134459584,11,489,2.1999999999999997,97.8
3801,134459584,134460084,9,491,1.7999999999999998,98.2
3802,134460084,134460584,9,491,1.7999999999999998,98.2
3803,134460584,134461084,10,490,2.0,98.0
3804,134461084,134461584,9,491,1.7999999999999998,98.2
3805,134461584,134462084,9,491,1.7999999999999998,98.2
3806,134462084,134462584,8,492,1.6,98.4
3807,134462584,134463084,9,491,1.7999999999999998,98.2
3808,134463084,134463584,11,489,2.1999999999999997,97.8
3809,134463584,134464084,5,495,1.0,99.0
3810,134464084,134464584,23,477,4.6,95.4
3811,134464584,134465084,5,495,1.0,99.0
3812,134465084,134465584,12,488,2.4,97.6
3813,134465584,134466084,7,493,1.4000000000000001,98.6
3814,134466084,134466584,13,487,2.6,97.4
3815,134466584,134467084,6,494,1.2,98.8
3816,134467084,134467584,14,486,2.8000000000000003,97.2
3817,134467584,134468084,8,492,1.6,98.4
3818,134468084,134468584,9,491,1.7999999999999998,98.2
3819,134468584,134469084,7,493,1.4000000000000001,98.6
3820,134469084,134469584,10,490,2.0,98.0
3821,134469584,134470084,8,492,1.6,98.4
3822,134470084,134470584,13,487,2.6,97.4
3823,134470584,134471084,8,492,1.6,98.4
3824,134471084,134471584,19,481,3.8,96.2
3825,134471584,134472084,6,494,1.2,98.8
3826,134472084,134472584,18,482,3.5999999999999996,96.4
3827,134472584,134473084,8,492,1.6,98.4
3828,134473084,134473584,10,490,2.0,98.0
3829,134473584,134474084,6,494,1.2,98.8
3830,134474084,134474584,15,485,3.0,97.0
3831,134474584,134475084,11,489,2.1999999999999997,97.8
3832,134475084,134475584,12,488,2.4,97.6
3833,134475584,134476084,7,493,1.4000000000000001,98.6
3834,134476084,134476584,9,491,1.7999999999999998,98.2
3835,134476584,134477084,9,491,1.7999999999999998,98.2
3836,134477084,134477584,10,490,2.0,98.0
3837,134477584,134478084,10,490,2.0,98.0
3838,134478084,134478584,8,492,1.6,98.4
3839,134478584,134479084,10,490,2.0,98.0
3840,134479084,134479584,8,492,1.6,98.4
3841,134479584,134480084,10,490,2.0,98.0
3842,134480084,134480584,9,491,1.7999999999999998,98.2
3843,134480584,134481084,8,492,1.6,98.4
3844,134481084,134481584,9,491,1.7999999999999998,98.2
3845,134481584,134482084,8,492,1.6,98.4
3846,134482084,134482584,9,491,1.7999999999999998,98.2
3847,134482584,134483084,9,491,1.7999999999999998,98.2
3848,134483084,134483584,11,489,2.1999999999999997,97.8
3849,134483584,134484084,6,494,1.2,98.8
3850,134484084,134484584,11,489,2.1999999999999997,97.8
3851,134484584,134485084,18,482,3.5999999999999996,96.4
3852,134485084,134485584,9,491,1.7999999999999998,98.2
3853,134485584,134486084,7,493,1.4000000000000001,98.6
3854,134486084,134486584,10,490,2.0,98.0
3855,134486584,134487084,7,493,1.4000000000000001,98.6
3856,134487084,134487584,10,490,2.0,98.0
3857,134487584,134488084,9,491,1.7999999999999998,98.2
3858,134488084,134488584,9,491,1.7999999999999998,98.2
3859,134488584,134489084,8,492,1.6,98.4
3860,134489084,134489584,9,491,1.7999999999999998,98.2
3861,134489584,134490084,8,492,1.6,98.4
3862,134490084,134490584,8,492,1.6,98.4
3863,134490584,134491084,8,492,1.6,98.4
3864,134491084,134491584,10,490,2.0,98.0
3865,134491584,134492084,7,493,1.4000000000000001,98.6
3866,134492084,134492584,11,489,2.1999999999999997,97.8
3867,134492584,134493084,6,494,1.2,98.8
3868,134493084,134493584,12,488,2.4,97.6
3869,134493584,134494084,7,493,1.4000000000000001,98.6
3870,134494084,134494584,9,491,1.7999999999999998,98.2
3871,134494584,134495084,7,493,1.4000000000000001,98.6
3872,134495084,134495584,10,490,2.0,98.0
3873,134495584,134496084,7,493,1.4000000000000001,98.6
3874,134496084,134496584,9,491,1.7999999999999998,98.2
3875,134496584,134497084,7,493,1.4000000000000001,98.6
3876,134497084,134497584,9,491,1.7999999999999998,98.2
3877,134497584,134498084,8,492,1.6,98.4
3878,134498084,134498584,13,487,2.6,97.4
3879,134498584,134499084,6,494,1.2,98.8
3880,134499084,134499584,12,488,2.4,97.6
3881,134499584,134500084,6,494,1.2,98.8
3882,134500084,134500584,12,488,2.4,97.6
3883,134500584,134501084,7,493,1.4000000000000001,98.6
3884,134501084,134501584,7,493,1.4000000000000001,98.6
3885,134501584,134502084,3,497,0.6,99.4
3886,134502084,134502584,11,489,2.1999999999999997,97.8
3887,134502584,134503084,6,494,1.2,98.8
3888,134503084,134503584,10,490,2.0,98.0
3889,134503584,134504084,8,492,1.6,98.4
3890,134504084,134504584,9,491,1.7999999999999998,98.2
3891,134504584,134505084,8,492,1.6,98.4
3892,134505084,134505584,9,491,1.7999999999999998,98.2
3893,134505584,134506084,7,493,1.4000000000000001,98.6
3894,134506084,134506584,10,490,2.0,98.0
3895,134506584,134507084,9,491,1.7999999999999998,98.2
3896,134507084,134507584,3,497,0.6,99.4
3897,134507584,134508084,0,500,0.0,100.0
3898,134508084,134508584,0,500,0.0,100.0
3899,134508584,134509084,0,500,0.0,100.0
3900,134509084,134509584,0,500,0.0,100.0
3901,134509584,134510084,0,500,0.0,100.0
3902,134510084,134510584,0,500,0.0,100.0
3903,134510584,134511084,0,500,0.0,100.0
3904,134511084,134511584,0,500,0.0,100.0
3905,134511584,134512084,0,500,0.0,100.0
3906,134512084,134512584,0,500,0.0,100.0
3907,134512584,134513084,0,500,0.0,100.0
3908,134513084,134513584,0,500,0.0,100.0
3909,134513584,134514084,0,500,0.0,100.0
3910,134514084,134514584,0,500,0.0,100.0
3911,134514584,134515084,0,500,0.0,100.0
3912,134515084,134515584,0,500,0.0,100.0
3913,134515584,134516084,0,500,0.0,100.0
3914,134516084,134516584,0,500,0.0,100.0
3915,134516584,134517084,0,500,0.0,100.0
3916,134517084,134517584,0,500,0.0,100.0
3917,134517584,134518084,0,500,0.0,100.0
3918,134518084,134518584,0,500,0.0,100.0
3919,134518584,134519084,0,500,0.0,100.0
3920,134519084,134519584,0,500,0.0,100.0
3921,134519584,134520084,0,500,0.0,100.0
3922,134520084,134520584,0,500,0.0,100.0
3923,134520584,134521084,0,500,0.0,100.0
3924,134521084,134521584,0,500,0.0,100.0
3925,134521584,134522084,0,500,0.0,100.0
3926,134522084,134522584,0,500,0.0,100.0
3927,134522584,134523084,0,500,0.0,100.0
3928,134523084,134523584,0,500,0.0,100.0
3929,134523584,134524084,0,500,0.0,100.0
3930,134524084,134524584,0,500,0.0,100.0
3931,134524584,134525084,0,500,0.0,100.0
3932,134525084,134525584,0,500,0.0,100.0
3933,134525584,134526084,0,500,0.0,100.0
3934,134526084,134526584,0,500,0.0,100.0
3935,134526584,134527084,0,500,0.0,100.0
3936,134527084,134527584,0,500,0.0,100.0
3937,134527584,134528084,0,500,0.0,100.0
3938,134528084,134528584,0,500,0.0,100.0
3939,134528584,134529084,0,500,0.0,100.0
3940,134529084,134529584,0,500,0.0,100.0
3941,134529584,134530084,0,500,0.0,100.0
3942,134530084,134530584,0,500,0.0,100.0
3943,134530584,134531084,0,500,0.0,100.0
3944,134531084,134531584,0,500,0.0,100.0
3945,134531584,134532084,0,500,0.0,100.0
3946,134532084,134532584,0,500,0.0,100.0
3947,134532584,134533084,0,500,0.0,100.0
3948,134533084,134533584,0,500,0.0,100.0
3949,134533584,134534084,0,500,0.0,100.0
3950,134534084,134534584,0,500,0.0,100.0
3951,134534584,134535084,0,500,0.0,100.0
3952,134535084,134535584,0,500,0.0,100.0
3953,134535584,134536084,0,500,0.0,100.0
3954,134536084,134536584,0,500,0.0,100.0
3955,134536584,134537084,0,500,0.0,100.0
3956,134537084,134537584,0,500,0.0,100.0
3957,134537584,134538084,0,500,0.0,100.0
3958,134538084,134538584,0,500,0.0,100.0
3959,134538584,134539084,0,500,0.0,100.0
3960,134539084,134539584,0,500,0.0,100.0
3961,134539584,134540084,0,500,0.0,100.0
3962,134540084,134540584,0,500,0.0,100.0
3963,134540584,134541084,0,500,0.0,100.0
3964,134541084,134541584,0,500,0.0,100.0
3965,134541584,134542084,0,500,0.0,100.0
3966,134542084,134542584,0,500,0.0,100.0
3967,134542584,134543084,0,500,0.0,100.0
3968,134543084,134543584,0,500,0.0,100.0
3969,134543584,134544084,0,500,0.0,100.0
3970,134544084,134544584,0,500,0.0,100.0
3971,134544584,134545084,0,500,0.0,100.0
3972,134545084,134545584,0,500,0.0,100.0
3973,134545584,134546084,0,500,0.0,100.0
3974,134546084,134546584,0,500,0.0,100.0
3975,134546584,134547084,0,500,0.0,100.0
3976,134547084,134547584,0,500,0.0,100.0
3977,134547584,134548084,0,500,0.0,100.0
3978,134548084,134548584,0,500,0.0,100.0
3979,134548584,134549084,0,500,0.0,100.0
3980,134549084,134549584,0,500,0.0,100.0
3981,134549584,134550084,0,500,0.0,100.0
3982,134550084,134550584,0,500,0.0,100.0
3983,134550584,134551084,0,500,0.0,100.0
3984,134551084,134551584,0,500,0.0,100.0
3985,134551584,134552084,0,500,0.0,100.0
3986,134552084,134552584,0,500,0.0,100.0
3987,134552584,134553084,0,500,0.0,100.0
3988,134553084,134553584,0,500,0.0,100.0
3989,134553584,134554084,0,500,0.0,100.0
3990,134554084,134554584,0,500,0.0,100.0
3991,134554584,134555084,0,500,0.0,100.0
3992,134555084,134555584,0,500,0.0,100.0
3993,134555584,134556084,0,500,0.0,100.0
3994,134556084,134556584,0,500,0.0,100.0
3995,134556584,134557084,0,500,0.0,100.0
3996,134557084,134557584,18,482,3.5999999999999996,96.4
3997,134557584,134558084,24,476,4.8,95.2
3998,134558084,134558584,8,492,1.6,98.4
3999,134558584,134559084,9,491,1.7999999999999998,98.2
4000,134559084,134559584,8,492,1.6,98.4
4001,134559584,134560084,8,492,1.6,98.4
4002,134560084,134560584,8,492,1.6,98.4
4003,134560584,134561084,8,492,1.6,98.4
4004,134561084,134561584,11,489,2.1999999999999997,97.8
4005,134561584,134562084,5,495,1.0,99.0
4006,134562084,134562584,11,489,2.1999999999999997,97.8
4007,134562584,134563084,7,493,1.4000000000000001,98.6
4008,134563084,134563584,9,491,1.7999999999999998,98.2
4009,134563584,134564084,5,495,1.0,99.0
4010,134564084,134564584,8,492,1.6,98.4
4011,134564584,134565084,22,478,4.3999999999999995,95.6
4012,134565084,134565584,5,495,1.0,99.0
4013,134565584,134566084,12,488,2.4,97.6
4014,134566084,134566584,14,486,2.8000000000000003,97.2
4015,134566584,134567084,8,492,1.6,98.4
4016,134567084,134567584,11,489,2.1999999999999997,97.8
4017,134567584,134568084,6,494,1.2,98.8
4018,134568084,134568584,19,481,3.8,96.2
4019,134568584,134569084,5,495,1.0,99.0
4020,134569084,134569584,11,489,2.1999999999999997,97.8
4021,134569584,134570084,7,493,1.4000000000000001,98.6
4022,134570084,134570584,9,491,1.7999999999999998,98.2
4023,134570584,134571084,7,493,1.4000000000000001,98.6
4024,134571084,134571584,10,490,2.0,98.0
4025,134571584,134572084,7,493,1.4000000000000001,98.6
4026,134572084,134572584,9,491,1.7999999999999998,98.2
4027,134572584,134573084,7,493,1.4000000000000001,98.6
4028,134573084,134573584,11,489,2.1999999999999997,97.8
4029,134573584,134574084,9,491,1.7999999999999998,98.2
4030,134574084,134574584,10,490,2.0,98.0
4031,134574584,134575084,10,490,2.0,98.0
4032,134575084,134575584,8,492,1.6,98.4
4033,134575584,134576084,8,492,1.6,98.4
4034,134576084,134576584,8,492,1.6,98.4
4035,134576584,134577084,8,492,1.6,98.4
4036,134577084,134577584,8,492,1.6,98.4
4037,134577584,134578084,9,491,1.7999999999999998,98.2
4038,134578084,134578584,10,490,2.0,98.0
4039,134578584,134579084,7,493,1.4000000000000001,98.6
4040,134579084,134579584,10,490,2.0,98.0
4041,134579584,134580084,7,493,1.4000000000000001,98.6
4042,134580084,134580584,8,492,1.6,98.4
4043,134580584,134581084,6,494,1.2,98.8
4044,134581084,134581584,11,489,2.1999999999999997,97.8
4045,134581584,134582084,20,480,4.0,96.0
4046,134582084,134582584,6,494,1.2,98.8
4047,134582584,134583084,11,489,2.1999999999999997,97.8
4048,134583084,134583584,19,481,3.8,96.2
4049,134583584,134584084,6,494,1.2,98.8
4050,134584084,134584584,10,490,2.0,98.0
4051,134584584,134585084,6,494,1.2,98.8
4052,134585084,134585584,9,491,1.7999999999999998,98.2
4053,134585584,134586084,7,493,1.4000000000000001,98.6
4054,134586084,134586584,10,490,2.0,98.0
4055,134586584,134587084,6,494,1.2,98.8
4056,134587084,134587584,9,491,1.7999999999999998,98.2
4057,134587584,134588084,6,494,1.2,98.8
4058,134588084,134588584,18,482,3.5999999999999996,96.4
4059,134588584,134589084,8,492,1.6,98.4
4060,134589084,134589584,10,490,2.0,98.0
4061,134589584,134590084,6,494,1.2,98.8
4062,134590084,134590584,11,489,2.1999999999999997,97.8
4063,134590584,134591084,7,493,1.4000000000000001,98.6
4064,134591084,134591584,9,491,1.7999999999999998,98.2
4065,134591584,134592084,8,492,1.6,98.4
4066,134592084,134592584,8,492,1.6,98.4
4067,134592584,134593084,8,492,1.6,98.4
4068,134593084,134593584,9,491,1.7999999999999998,98.2
4069,134593584,134594084,8,492,1.6,98.4
4070,134594084,134594584,10,490,2.0,98.0
4071,134594584,134595084,6,494,1.2,98.8
4072,134595084,134595584,11,489,2.1999999999999997,97.8
4073,134595584,134596084,7,493,1.4000000000000001,98.6
4074,134596084,134596584,10,490,2.0,98.0
4075,134596584,134597084,6,494,1.2,98.8
4076,134597084,134597584,14,486,2.8000000000000003,97.2
4077,134597584,134598084,4,496,0.8,99.2
4078,134598084,134598584,18,482,3.5999999999999996,96.4
4079,134598584,134599084,19,481,3.8,96.2
4080,134599084,134599584,10,490,2.0,98.0
4081,134599584,134600084,8,492,1.6,98.4
4082,134600084,134600584,9,491,1.7999999999999998,98.2
4083,134600584,134601084,7,493,1.4000000000000001,98.6
4084,134601084,134601584,9,491,1.7999999999999998,98.2
4085,134601584,134602084,7,493,1.4000000000000001,98.6
4086,134602084,134602584,9,491,1.7999999999999998,98.2
4087,134602584,134603084,7,493,1.4000000000000001,98.6
4088,134603084,134603584,9,491,1.7999999999999998,98.2
4089,134603584,134604084,8,492,1.6,98.4
4090,134604084,134604584,10,490,2.0,98.0
4091,134604584,134605084,6,494,1.2,98.8
4092,134605084,134605584,11,489,2.1999999999999997,97.8
4093,134605584,134606084,7,493,1.4000000000000001,98.6
4094,134606084,134606584,9,491,1.7999999999999998,98.2
4095,134606584,134607084,7,493,1.4000000000000001,98.6
4096,134607084,134607584,9,491,1.7999999999999998,98.2
4097,134607584,134608084,7,493,1.4000000000000001,98.6
4098,134608084,134608584,9,491,1.7999999999999998,98.2
4099,134608584,134609084,10,490,2.0,98.0
4100,134609084,134609584,14,486,2.8000000000000003,97.2
4101,134609584,134610084,7,493,1.4000000000000001,98.6
4102,134610084,134610584,10,490,2.0,98.0
4103,134610584,134611084,7,493,1.4000000000000001,98.6
4104,134611084,134611584,9,491,1.7999999999999998,98.2
4105,134611584,134612084,9,491,1.7999999999999998,98.2
4106,134612084,134612584,8,492,1.6,98.4
4107,134612584,134613084,14,486,2.8000000000000003,97.2
4108,134613084,134613584,10,490,2.0,98.0
4109,134613584,134614084,7,493,1.4000000000000001,98.6
4110,134614084,134614584,5,495,1.0,99.0
4111,134614584,134615084,0,500,0.0,100.0
4112,134615084,134615584,16,484,3.2,96.8
4113,134615584,134616084,18,482,3.5999999999999996,96.4
4114,134616084,134616584,8,492,1.6,98.4
4115,134616584,134617084,8,492,1.6,98.4
4116,134617084,134617584,8,492,1.6,98.4
4117,134617584,134618084,8,492,1.6,98.4
4118,134618084,134618584,8,492,1.6,98.4
4119,134618584,134619084,8,492,1.6,98.4
4120,134619084,134619584,9,491,1.7999999999999998,98.2
4121,134619584,134620084,9,491,1.7999999999999998,98.2
4122,134620084,134620584,8,492,1.6,98.4
4123,134620584,134621084,9,491,1.7999999999999998,98.2
4124,134621084,134621584,10,490,2.0,98.0
4125,134621584,134622084,5,495,1.0,99.0
4126,134622084,134622584,10,490,2.0,98.0
4127,134622584,134623084,6,494,1.2,98.8
4128,134623084,134623584,11,489,2.1999999999999997,97.8
4129,134623584,134624084,7,493,1.4000000000000001,98.6
4130,134624084,134624584,9,491,1.7999999999999998,98.2
4131,134624584,134625084,7,493,1.4000000000000001,98.6
4132,134625084,134625584,10,490,2.0,98.0
4133,134625584,134626084,7,493,1.4000000000000001,98.6
4134,134626084,134626584,12,488,2.4,97.6
4135,134626584,134627084,6,494,1.2,98.8
4136,134627084,134627584,11,489,2.1999999999999997,97.8
4137,134627584,134628084,9,491,1.7999999999999998,98.2
4138,134628084,134628584,9,491,1.7999999999999998,98.2
4139,134628584,134629084,8,492,1.6,98.4
4140,134629084,134629584,8,492,1.6,98.4
4141,134629584,134630084,8,492,1.6,98.4
4142,134630084,134630584,7,493,1.4000000000000001,98.6
4143,134630584,134631084,0,500,0.0,100.0
4144,134631084,134631584,22,478,4.3999999999999995,95.6
4145,134631584,134632084,18,482,3.5999999999999996,96.4
4146,134632084,134632584,15,485,3.0,97.0
4147,134632584,134633084,12,488,2.4,97.6
4148,134633084,134633584,9,491,1.7999999999999998,98.2
4149,134633584,134634084,8,492,1.6,98.4
4150,134634084,134634584,10,490,2.0,98.0
4151,134634584,134635084,5,495,1.0,99.0
4152,134635084,134635584,10,490,2.0,98.0
4153,134635584,134636084,5,495,1.0,99.0
4154,134636084,134636584,10,490,2.0,98.0
4155,134636584,134637084,12,488,2.4,97.6
4156,134637084,134637584,13,487,2.6,97.4
4157,134637584,134638084,6,494,1.2,98.8
4158,134638084,134638584,11,489,2.1999999999999997,97.8
4159,134638584,134639084,6,494,1.2,98.8
4160,134639084,134639584,9,491,1.7999999999999998,98.2
4161,134639584,134640084,7,493,1.4000000000000001,98.6
4162,134640084,134640584,10,490,2.0,98.0
4163,134640584,134641084,7,493,1.4000000000000001,98.6
4164,134641084,134641584,10,490,2.0,98.0
4165,134641584,134642084,7,493,1.4000000000000001,98.6
4166,134642084,134642584,10,490,2.0,98.0
4167,134642584,134643084,7,493,1.4000000000000001,98.6
4168,134643084,134643584,0,500,0.0,100.0
4169,134643584,134644084,0,500,0.0,100.0
4170,134644084,134644584,0,500,0.0,100.0
4171,134644584,134645084,9,491,1.7999999999999998,98.2
4172,134645084,134645584,6,494,1.2,98.8
4173,134645584,134646084,12,488,2.4,97.6
4174,134646084,134646584,8,492,1.6,98.4
4175,134646584,134647084,2,498,0.4,99.6
4176,134647084,134647584,6,494,1.2,98.8
4177,134647584,134648084,0,500,0.0,100.0
4178,134648084,134648584,24,476,4.8,95.2
4179,134648584,134649084,3,497,0.6,99.4
4180,134649084,134649584,19,481,3.8,96.2
4181,134649584,134650084,16,484,3.2,96.8
4182,134650084,134650584,8,492,1.6,98.4
4183,134650584,134651084,10,490,2.0,98.0
4184,134651084,134651584,8,492,1.6,98.4
4185,134651584,134652084,8,492,1.6,98.4
4186,134652084,134652584,8,492,1.6,98.4
4187,134652584,134653084,8,492,1.6,98.4
4188,134653084,134653584,9,491,1.7999999999999998,98.2
4189,134653584,134654084,7,493,1.4000000000000001,98.6
4190,134654084,134654584,9,491,1.7999999999999998,98.2
4191,134654584,134655084,7,493,1.4000000000000001,98.6
4192,134655084,134655584,9,491,1.7999999999999998,98.2
4193,134655584,134656084,8,492,1.6,98.4
4194,134656084,134656584,10,490,2.0,98.0
4195,134656584,134657084,6,494,1.2,98.8
4196,134657084,134657584,9,491,1.7999999999999998,98.2
4197,134657584,134658084,8,492,1.6,98.4
4198,134658084,134658584,9,491,1.7999999999999998,98.2
4199,134658584,134659084,6,494,1.2,98.8
4200,134659084,134659584,10,490,2.0,98.0
4201,134659584,134660084,7,493,1.4000000000000001,98.6
4202,134660084,134660584,9,491,1.7999999999999998,98.2
4203,134660584,134661084,8,492,1.6,98.4
4204,134661084,134661584,9,491,1.7999999999999998,98.2
4205,134661584,134662084,8,492,1.6,98.4
4206,134662084,134662584,8,492,1.6,98.4
4207,134662584,134663084,9,491,1.7999999999999998,98.2
4208,134663084,134663584,8,492,1.6,98.4
4209,134663584,134664084,8,492,1.6,98.4
4210,134664084,134664584,8,492,1.6,98.4
4211,134664584,134665084,14,486,2.8000000000000003,97.2
4212,134665084,134665584,11,489,2.1999999999999997,97.8
4213,134665584,134666084,8,492,1.6,98.4
4214,134666084,134666584,13,487,2.6,97.4
4215,134666584,134667084,4,496,0.8,99.2
4216,134667084,134667584,15,485,3.0,97.0
4217,134667584,134668084,8,492,1.6,98.4
4218,134668084,134668584,12,488,2.4,97.6
4219,134668584,134669084,7,493,1.4000000000000001,98.6
4220,134669084,134669584,9,491,1.7999999999999998,98.2
4221,134669584,134670084,9,491,1.7999999999999998,98.2
4222,134670084,134670584,9,491,1.7999999999999998,98.2
4223,134670584,134671084,8,492,1.6,98.4
4224,134671084,134671584,8,492,1.6,98.4
4225,134671584,134672084,8,492,1.6,98.4
4226,134672084,134672584,8,492,1.6,98.4
4227,134672584,134673084,8,492,1.6,98.4
4228,134673084,134673584,8,492,1.6,98.4
4229,134673584,134674084,9,491,1.7999999999999998,98.2
4230,134674084,134674584,10,490,2.0,98.0
4231,134674584,134675084,7,493,1.4000000000000001,98.6
4232,134675084,134675584,10,490,2.0,98.0
4233,134675584,134676084,7,493,1.4000000000000001,98.6
4234,134676084,134676584,9,491,1.7999999999999998,98.2
4235,134676584,134677084,7,493,1.4000000000000001,98.6
4236,134677084,134677584,10,490,2.0,98.0
4237,134677584,134678084,7,493,1.4000000000000001,98.6
4238,134678084,134678584,9,491,1.7999999999999998,98.2
4239,134678584,134679084,8,492,1.6,98.4
4240,134679084,134679584,9,491,1.7999999999999998,98.2
4241,134679584,134680084,8,492,1.6,98.4
4242,134680084,134680584,8,492,1.6,98.4
4243,134680584,134681084,8,492,1.6,98.4
4244,134681084,134681584,9,491,1.7999999999999998,98.2
4245,134681584,134682084,12,488,2.4,97.6
4246,134682084,134682584,12,488,2.4,97.6
4247,134682584,134683084,13,487,2.6,97.4
4248,134683084,134683584,8,492,1.6,98.4
4249,134683584,134684084,8,492,1.6,98.4
4250,134684084,134684584,9,491,1.7999999999999998,98.2
4251,134684584,134685084,7,493,1.4000000000000001,98.6
4252,134685084,134685584,8,492,1.6,98.4
4253,134685584,134686084,9,491,1.7999999999999998,98.2
4254,134686084,134686584,8,492,1.6,98.4
4255,134686584,134687084,8,492,1.6,98.4
4256,134687084,134687584,10,490,2.0,98.0
4257,134687584,134688084,6,494,1.2,98.8
4258,134688084,134688584,10,490,2.0,98.0
4259,134688584,134689084,7,493,1.4000000000000001,98.6
4260,134689084,134689584,9,491,1.7999999999999998,98.2
4261,134689584,134690084,7,493,1.4000000000000001,98.6
4262,134690084,134690584,8,492,1.6,98.4
4263,134690584,134691084,8,492,1.6,98.4
4264,134691084,134691584,10,490,2.0,98.0
4265,134691584,134692084,7,493,1.4000000000000001,98.6
4266,134692084,134692584,10,490,2.0,98.0
4267,134692584,134693084,10,490,2.0,98.0
4268,134693084,134693584,6,494,1.2,98.8
4269,134693584,134694084,9,491,1.7999999999999998,98.2
4270,134694084,134694584,8,492,1.6,98.4
4271,134694584,134695084,8,492,1.6,98.4
4272,134695084,134695584,9,491,1.7999999999999998,98.2
4273,134695584,134696084,7,493,1.4000000000000001,98.6
4274,134696084,134696584,9,491,1.7999999999999998,98.2
4275,134696584,134697084,8,492,1.6,98.4
4276,134697084,134697584,7,493,1.4000000000000001,98.6
4277,134697584,134698084,11,489,2.1999999999999997,97.8
4278,134698084,134698584,17,483,3.4000000000000004,96.6
4279,134698584,134699084,7,493,1.4000000000000001,98.6
4280,134699084,134699584,11,489,2.1999999999999997,97.8
4281,134699584,134700084,7,493,1.4000000000000001,98.6
4282,134700084,134700584,10,490,2.0,98.0
4283,134700584,134701084,8,492,1.6,98.4
4284,134701084,134701584,9,491,1.7999999999999998,98.2
4285,134701584,134702084,8,492,1.6,98.4
4286,134702084,134702584,7,493,1.4000000000000001,98.6
4287,134702584,134703084,23,477,4.6,95.4
4288,134703084,134703584,14,486,2.8000000000000003,97.2
4289,134703584,134704084,9,491,1.7999999999999998,98.2
4290,134704084,134704584,9,491,1.7999999999999998,98.2
4291,134704584,134705084,7,493,1.4000000000000001,98.6
4292,134705084,134705584,9,491,1.7999999999999998,98.2
4293,134705584,134706084,8,492,1.6,98.4
4294,134706084,134706584,11,489,2.1999999999999997,97.8
4295,134706584,134707084,4,496,0.8,99.2
4296,134707084,134707584,11,489,2.1999999999999997,97.8
4297,134707584,134708084,15,485,3.0,97.0
4298,134708084,134708584,11,489,2.1999999999999997,97.8
4299,134708584,134709084,6,494,1.2,98.8
4300,134709084,134709584,10,490,2.0,98.0
4301,134709584,134710084,7,493,1.4000000000000001,98.6
4302,134710084,134710584,10,490,2.0,98.0
4303,134710584,134711084,7,493,1.4000000000000001,98.6
4304,134711084,134711584,9,491,1.7999999999999998,98.2
4305,134711584,134712084,7,493,1.4000000000000001,98.6
4306,134712084,134712584,10,490,2.0,98.0
4307,134712584,134713084,9,491,1.7999999999999998,98.2
4308,134713084,134713584,6,494,1.2,98.8
4309,134713584,134714084,7,493,1.4000000000000001,98.6
4310,134714084,134714584,16,484,3.2,96.8
4311,134714584,134715084,8,492,1.6,98.4
4312,134715084,134715584,9,491,1.7999999999999998,98.2
4313,134715584,134716084,7,493,1.4000000000000001,98.6
4314,134716084,134716584,9,491,1.7999999999999998,98.2
4315,134716584,134717084,9,491,1.7999999999999998,98.2
4316,134717084,134717584,9,491,1.7999999999999998,98.2
4317,134717584,134718084,6,494,1.2,98.8
4318,134718084,134718584,11,489,2.1999999999999997,97.8
4319,134718584,134719084,7,493,1.4000000000000001,98.6
4320,134719084,134719584,9,491,1.7999999999999998,98.2
4321,134719584,134720084,8,492,1.6,98.4
4322,134720084,134720584,9,491,1.7999999999999998,98.2
4323,134720584,134721084,7,493,1.4000000000000001,98.6
4324,134721084,134721584,12,488,2.4,97.6
4325,134721584,134722084,8,492,1.6,98.4
4326,134722084,134722584,9,491,1.7999999999999998,98.2
4327,134722584,134723084,10,490,2.0,98.0
4328,134723084,134723584,10,490,2.0,98.0
4329,134723584,134724084,8,492,1.6,98.4
4330,134724084,134724584,9,491,1.7999999999999998,98.2
4331,134724584,134725084,9,491,1.7999999999999998,98.2
4332,134725084,134725584,8,492,1.6,98.4
4333,134725584,134726084,10,490,2.0,98.0
4334,134726084,134726584,8,492,1.6,98.4
4335,134726584,134727084,8,492,1.6,98.4
4336,134727084,134727584,11,489,2.1999999999999997,97.8
4337,134727584,134728084,7,493,1.4000000000000001,98.6
4338,134728084,134728584,9,491,1.7999999999999998,98.2
4339,134728584,134729084,8,492,1.6,98.4
4340,134729084,134729584,9,491,1.7999999999999998,98.2
4341,134729584,134730084,7,493,1.4000000000000001,98.6
4342,134730084,134730584,9,491,1.7999999999999998,98.2
4343,134730584,134731084,9,491,1.7999999999999998,98.2
4344,134731084,134731584,8,492,1.6,98.4
4345,134731584,134732084,8,492,1.6,98.4
4346,134732084,134732584,9,491,1.7999999999999998,98.2
4347,134732584,134733084,7,493,1.4000000000000001,98.6
4348,134733084,134733584,9,491,1.7999999999999998,98.2
4349,134733584,134734084,7,493,1.4000000000000001,98.6
4350,134734084,134734584,9,491,1.7999999999999998,98.2
4351,134734584,134735084,8,492,1.6,98.4
4352,134735084,134735584,9,491,1.7999999999999998,98.2
4353,134735584,134736084,11,489,2.1999999999999997,97.8
4354,134736084,134736584,8,492,1.6,98.4
4355,134736584,134737084,12,488,2.4,97.6
4356,134737084,134737584,25,475,5.0,95.0
4357,134737584,134738084,7,493,1.4000000000000001,98.6
4358,134738084,134738584,10,490,2.0,98.0
4359,134738584,134739084,9,491,1.7999999999999998,98.2
4360,134739084,134739584,9,491,1.7999999999999998,98.2
4361,134739584,134740084,8,492,1.6,98.4
4362,134740084,134740584,8,492,1.6,98.4
4363,134740584,134741084,9,491,1.7999999999999998,98.2
4364,134741084,134741584,8,492,1.6,98.4
4365,134741584,134742084,7,493,1.4000000000000001,98.6
4366,134742084,134742584,11,489,2.1999999999999997,97.8
4367,134742584,134743084,7,493,1.4000000000000001,98.6
4368,134743084,134743584,10,490,2.0,98.0
4369,134743584,134744084,7,493,1.4000000000000001,98.6
4370,134744084,134744584,10,490,2.0,98.0
4371,134744584,134745084,9,491,1.7999999999999998,98.2
4372,134745084,134745584,13,487,2.6,97.4
4373,134745584,134746084,8,492,1.6,98.4
4374,134746084,134746584,9,491,1.7999999999999998,98.2
4375,134746584,134747084,9,491,1.7999999999999998,98.2
4376,134747084,134747584,8,492,1.6,98.4
4377,134747584,134748084,8,492,1.6,98.4
4378,134748084,134748584,9,491,1.7999999999999998,98.2
4379,134748584,134749084,8,492,1.6,98.4
4380,134749084,134749584,10,490,2.0,98.0
4381,134749584,134750084,6,494,1.2,98.8
4382,134750084,134750584,11,489,2.1999999999999997,97.8
4383,134750584,134751084,7,493,1.4000000000000001,98.6
4384,134751084,134751584,10,490,2.0,98.0
4385,134751584,134752084,6,494,1.2,98.8
4386,134752084,134752584,10,490,2.0,98.0
4387,134752584,134753084,9,491,1.7999999999999998,98.2
4388,134753084,134753584,9,491,1.7999999999999998,98.2
4389,134753584,134754084,8,492,1.6,98.4
4390,134754084,134754584,9,491,1.7999999999999998,98.2
4391,134754584,134755084,9,491,1.7999999999999998,98.2
4392,134755084,134755584,18,482,3.5999999999999996,96.4
4393,134755584,134756084,8,492,1.6,98.4
4394,134756084,134756584,11,489,2.1999999999999997,97.8
4395,134756584,134757084,7,493,1.4000000000000001,98.6
4396,134757084,134757584,10,490,2.0,98.0
4397,134757584,134758084,7,493,1.4000000000000001,98.6
4398,134758084,134758584,10,490,2.0,98.0
4399,134758584,134759084,7,493,1.4000000000000001,98.6
4400,134759084,134759584,10,490,2.0,98.0
4401,134759584,134760084,4,496,0.8,99.2
4402,134760084,134760584,17,483,3.4000000000000004,96.6
4403,134760584,134761084,8,492,1.6,98.4
4404,134761084,134761584,8,492,1.6,98.4
4405,134761584,134762084,9,491,1.7999999999999998,98.2
4406,134762084,134762584,7,493,1.4000000000000001,98.6
4407,134762584,134763084,8,492,1.6,98.4
4408,134763084,134763584,10,490,2.0,98.0
4409,134763584,134764084,7,493,1.4000000000000001,98.6
4410,134764084,134764584,9,491,1.7999999999999998,98.2
4411,134764584,134765084,8,492,1.6,98.4
4412,134765084,134765584,9,491,1.7999999999999998,98.2
4413,134765584,134766084,8,492,1.6,98.4
4414,134766084,134766584,8,492,1.6,98.4
4415,134766584,134767084,8,492,1.6,98.4
4416,134767084,134767584,9,491,1.7999999999999998,98.2
4417,134767584,134768084,8,492,1.6,98.4
4418,134768084,134768584,8,492,1.6,98.4
4419,134768584,134769084,9,491,1.7999999999999998,98.2
4420,134769084,134769584,8,492,1.6,98.4
4421,134769584,134770084,9,491,1.7999999999999998,98.2
4422,134770084,134770584,10,490,2.0,98.0
4423,134770584,134771084,8,492,1.6,98.4
4424,134771084,134771584,8,492,1.6,98.4
4425,134771584,134772084,8,492,1.6,98.4
4426,134772084,134772584,9,491,1.7999999999999998,98.2
4427,134772584,134773084,7,493,1.4000000000000001,98.6
4428,134773084,134773584,10,490,2.0,98.0
4429,134773584,134774084,10,490,2.0,98.0
4430,134774084,134774584,9,491,1.7999999999999998,98.2
4431,134774584,134775084,8,492,1.6,98.4
4432,134775084,134775584,9,491,1.7999999999999998,98.2
4433,134775584,134776084,8,492,1.6,98.4
4434,134776084,134776584,10,490,2.0,98.0
4435,134776584,134777084,12,488,2.4,97.6
4436,134777084,134777584,8,492,1.6,98.4
4437,134777584,134778084,9,491,1.7999999999999998,98.2
4438,134778084,134778584,10,490,2.0,98.0
4439,134778584,134779084,6,494,1.2,98.8
4440,134779084,134779584,10,490,2.0,98.0
4441,134779584,134780084,7,493,1.4000000000000001,98.6
4442,134780084,134780584,9,491,1.7999999999999998,98.2
4443,134780584,134781084,8,492,1.6,98.4
4444,134781084,134781584,9,491,1.7999999999999998,98.2
4445,134781584,134782084,7,493,1.4000000000000001,98.6
4446,134782084,134782584,10,490,2.0,98.0
4447,134782584,134783084,8,492,1.6,98.4
4448,134783084,134783584,9,491,1.7999999999999998,98.2
4449,134783584,134784084,8,492,1.6,98.4
4450,134784084,134784584,9,491,1.7999999999999998,98.2
4451,134784584,134785084,8,492,1.6,98.4
4452,134785084,134785584,8,492,1.6,98.4
4453,134785584,134786084,9,491,1.7999999999999998,98.2
4454,134786084,134786584,8,492,1.6,98.4
4455,134786584,134787084,6,494,1.2,98.8
4456,134787084,134787584,11,489,2.1999999999999997,97.8
4457,134787584,134788084,7,493,1.4000000000000001,98.6
4458,134788084,134788584,9,491,1.7999999999999998,98.2
4459,134788584,134789084,6,494,1.2,98.8
4460,134789084,134789584,10,490,2.0,98.0
4461,134789584,134790084,7,493,1.4000000000000001,98.6
4462,134790084,134790584,9,491,1.7999999999999998,98.2
4463,134790584,134791084,15,485,3.0,97.0
4464,134791084,134791584,10,490,2.0,98.0
4465,134791584,134792084,8,492,1.6,98.4
4466,134792084,134792584,8,492,1.6,98.4
4467,134792584,134793084,9,491,1.7999999999999998,98.2
4468,134793084,134793584,8,492,1.6,98.4
4469,134793584,134794084,11,489,2.1999999999999997,97.8
4470,134794084,134794584,10,490,2.0,98.0
4471,134794584,134795084,8,492,1.6,98.4
4472,134795084,134795584,11,489,2.1999999999999997,97.8
4473,134795584,134796084,6,494,1.2,98.8
4474,134796084,134796584,10,490,2.0,98.0
4475,134796584,134797084,5,495,1.0,99.0
4476,134797084,134797584,11,489,2.1999999999999997,97.8
4477,134797584,134798084,11,489,2.1999999999999997,97.8
4478,134798084,134798584,13,487,2.6,97.4
4479,134798584,134799084,7,493,1.4000000000000001,98.6
4480,134799084,134799584,10,490,2.0,98.0
4481,134799584,134800084,8,492,1.6,98.4
4482,134800084,134800584,9,491,1.7999999999999998,98.2
4483,134800584,134801084,8,492,1.6,98.4
4484,134801084,134801584,9,491,1.7999999999999998,98.2
4485,134801584,134802084,9,491,1.7999999999999998,98.2
4486,134802084,134802584,7,493,1.4000000000000001,98.6
4487,134802584,134803084,9,491,1.7999999999999998,98.2
4488,134803084,134803584,8,492,1.6,98.4
4489,134803584,134804084,9,491,1.7999999999999998,98.2
4490,134804084,134804584,9,491,1.7999999999999998,98.2
4491,134804584,134805084,7,493,1.4000000000000001,98.6
4492,134805084,134805584,8,492,1.6,98.4
4493,134805584,134806084,8,492,1.6,98.4
4494,134806084,134806584,12,488,2.4,97.6
4495,134806584,134807084,9,491,1.7999999999999998,98.2
4496,134807084,134807584,10,490,2.0,98.0
4497,134807584,134808084,6,494,1.2,98.8
4498,134808084,134808584,11,489,2.1999999999999997,97.8
4499,134808584,134809084,7,493,1.4000000000000001,98.6
4500,134809084,134809584,9,491,1.7999999999999998,98.2
4501,134809584,134810084,7,493,1.4000000000000001,98.6
4502,134810084,134810584,11,489,2.1999999999999997,97.8
4503,134810584,134811084,8,492,1.6,98.4
4504,134811084,134811584,9,491,1.7999999999999998,98.2
4505,134811584,134812084,8,492,1.6,98.4
4506,134812084,134812584,8,492,1.6,98.4
4507,134812584,134813084,9,491,1.7999999999999998,98.2
4508,134813084,134813584,7,493,1.4000000000000001,98.6
4509,134813584,134814084,8,492,1.6,98.4
4510,134814084,134814584,11,489,2.1999999999999997,97.8
4511,134814584,134815084,7,493,1.4000000000000001,98.6
4512,134815084,134815584,9,491,1.7999999999999998,98.2
4513,134815584,134816084,7,493,1.4000000000000001,98.6
4514,134816084,134816584,10,490,2.0,98.0
4515,134816584,134817084,7,493,1.4000000000000001,98.6
4516,134817084,134817584,9,491,1.7999999999999998,98.2
4517,134817584,134818084,9,491,1.7999999999999998,98.2
4518,134818084,134818584,8,492,1.6,98.4
4519,134818584,134819084,8,492,1.6,98.4
4520,134819084,134819584,9,491,1.7999999999999998,98.2
4521,134819584,134820084,8,492,1.6,98.4
4522,134820084,134820584,8,492,1.6,98.4
4523,134820584,134821084,8,492,1.6,98.4
4524,134821084,134821584,10,490,2.0,98.0
4525,134821584,134822084,6,494,1.2,98.8
4526,134822084,134822584,11,489,2.1999999999999997,97.8
4527,134822584,134823084,6,494,1.2,98.8
4528,134823084,134823584,11,489,2.1999999999999997,97.8
4529,134823584,134824084,7,493,1.4000000000000001,98.6
4530,134824084,134824584,9,491,1.7999999999999998,98.2
4531,134824584,134825084,7,493,1.4000000000000001,98.6
4532,134825084,134825584,10,490,2.0,98.0
4533,134825584,134826084,8,492,1.6,98.4
4534,134826084,134826584,9,491,1.7999999999999998,98.2
4535,134826584,134827084,8,492,1.6,98.4
4536,134827084,134827584,8,492,1.6,98.4
4537,134827584,134828084,8,492,1.6,98.4
4538,134828084,134828584,8,492,1.6,98.4
4539,134828584,134829084,8,492,1.6,98.4
4540,134829084,134829584,11,489,2.1999999999999997,97.8
4541,134829584,134830084,5,495,1.0,99.0
4542,134830084,134830584,12,488,2.4,97.6
4543,134830584,134831084,7,493,1.4000000000000001,98.6
4544,134831084,134831584,8,492,1.6,98.4
4545,134831584,134832084,8,492,1.6,98.4
4546,134832084,134832584,9,491,1.7999999999999998,98.2
4547,134832584,134833084,7,493,1.4000000000000001,98.6
4548,134833084,134833584,10,490,2.0,98.0
4549,134833584,134834084,8,492,1.6,98.4
4550,134834084,134834584,7,493,1.4000000000000001,98.6
4551,134834584,134835084,8,492,1.6,98.4
4552,134835084,134835584,8,492,1.6,98.4
4553,134835584,134836084,9,491,1.7999999999999998,98.2
4554,134836084,134836584,11,489,2.1999999999999997,97.8
4555,134836584,134837084,13,487,2.6,97.4
4556,134837084,134837584,22,478,4.3999999999999995,95.6
4557,134837584,134838084,8,492,1.6,98.4
4558,134838084,134838584,9,491,1.7999999999999998,98.2
4559,134838584,134839084,7,493,1.4000000000000001,98.6
4560,134839084,134839584,9,491,1.7999999999999998,98.2
4561,134839584,134840084,7,493,1.4000000000000001,98.6
4562,134840084,134840584,10,490,2.0,98.0
4563,134840584,134841084,7,493,1.4000000000000001,98.6
4564,134841084,134841584,8,492,1.6,98.4
4565,134841584,134842084,10,490,2.0,98.0
4566,134842084,134842584,7,493,1.4000000000000001,98.6
4567,134842584,134843084,9,491,1.7999999999999998,98.2
4568,134843084,134843584,9,491,1.7999999999999998,98.2
4569,134843584,134844084,8,492,1.6,98.4
4570,134844084,134844584,7,493,1.4000000000000001,98.6
4571,134844584,134845084,0,500,0.0,100.0
4572,134845084,134845584,14,486,2.8000000000000003,97.2
4573,134845584,134846084,8,492,1.6,98.4
4574,134846084,134846584,10,490,2.0,98.0
4575,134846584,134847084,9,491,1.7999999999999998,98.2
4576,134847084,134847584,9,491,1.7999999999999998,98.2
4577,134847584,134848084,9,491,1.7999999999999998,98.2
4578,134848084,134848584,9,491,1.7999999999999998,98.2
4579,134848584,134849084,8,492,1.6,98.4
4580,134849084,134849584,7,493,1.4000000000000001,98.6
4581,134849584,134850084,8,492,1.6,98.4
4582,134850084,134850584,9,491,1.7999999999999998,98.2
4583,134850584,134851084,7,493,1.4000000000000001,98.6
4584,134851084,134851584,9,491,1.7999999999999998,98.2
4585,134851584,134852084,7,493,1.4000000000000001,98.6
4586,134852084,134852584,8,492,1.6,98.4
4587,134852584,134853084,10,490,2.0,98.0
4588,134853084,134853584,13,487,2.6,97.4
4589,134853584,134854084,7,493,1.4000000000000001,98.6
4590,134854084,134854584,10,490,2.0,98.0
4591,134854584,134855084,9,491,1.7999999999999998,98.2
4592,134855084,134855584,8,492,1.6,98.4
4593,134855584,134856084,8,492,1.6,98.4
4594,134856084,134856584,10,490,2.0,98.0
4595,134856584,134857084,6,494,1.2,98.8
4596,134857084,134857584,10,490,2.0,98.0
4597,134857584,134858084,7,493,1.4000000000000001,98.6
4598,134858084,134858584,9,491,1.7999999999999998,98.2
4599,134858584,134859084,6,494,1.2,98.8
4600,134859084,134859584,9,491,1.7999999999999998,98.2
4601,134859584,134860084,10,490,2.0,98.0
4602,134860084,134860584,8,492,1.6,98.4
4603,134860584,134861084,8,492,1.6,98.4
4604,134861084,134861584,14,486,2.8000000000000003,97.2
4605,134861584,134862084,8,492,1.6,98.4
4606,134862084,134862584,9,491,1.7999999999999998,98.2
4607,134862584,134863084,8,492,1.6,98.4
4608,134863084,134863584,9,491,1.7999999999999998,98.2
4609,134863584,134864084,8,492,1.6,98.4
4610,134864084,134864584,9,491,1.7999999999999998,98.2
4611,134864584,134865084,6,494,1.2,98.8
4612,134865084,134865584,10,490,2.0,98.0
4613,134865584,134866084,8,492,1.6,98.4
4614,134866084,134866584,9,491,1.7999999999999998,98.2
4615,134866584,134867084,9,491,1.7999999999999998,98.2
4616,134867084,134867584,8,492,1.6,98.4
4617,134867584,134868084,11,489,2.1999999999999997,97.8
4618,134868084,134868584,10,490,2.0,98.0
4619,134868584,134869084,11,489,2.1999999999999997,97.8
4620,134869084,134869584,10,490,2.0,98.0
4621,134869584,134870084,8,492,1.6,98.4
4622,134870084,134870584,8,492,1.6,98.4
4623,134870584,134871084,9,491,1.7999999999999998,98.2
4624,134871084,134871584,9,491,1.7999999999999998,98.2
4625,134871584,134872084,7,493,1.4000000000000001,98.6
4626,134872084,134872584,10,490,2.0,98.0
4627,134872584,134873084,8,492,1.6,98.4
4628,134873084,134873584,8,492,1.6,98.4
4629,134873584,134874084,9,491,1.7999999999999998,98.2
4630,134874084,134874584,8,492,1.6,98.4
4631,134874584,134875084,8,492,1.6,98.4
4632,134875084,134875584,7,493,1.4000000000000001,98.6
4633,134875584,134876084,8,492,1.6,98.4
4634,134876084,134876584,12,488,2.4,97.6
4635,134876584,134877084,6,494,1.2,98.8
4636,134877084,134877584,11,489,2.1999999999999997,97.8
4637,134877584,134878084,7,493,1.4000000000000001,98.6
4638,134878084,134878584,9,491,1.7999999999999998,98.2
4639,134878584,134879084,7,493,1.4000000000000001,98.6
4640,134879084,134879584,8,492,1.6,98.4
4641,134879584,134880084,9,491,1.7999999999999998,98.2
4642,134880084,134880584,8,492,1.6,98.4
4643,134880584,134881084,8,492,1.6,98.4
4644,134881084,134881584,9,491,1.7999999999999998,98.2
4645,134881584,134882084,8,492,1.6,98.4
4646,134882084,134882584,7,493,1.4000000000000001,98.6
4647,134882584,134883084,12,488,2.4,97.6
4648,134883084,134883584,10,490,2.0,98.0
4649,134883584,134884084,8,492,1.6,98.4
4650,134884084,134884584,9,491,1.7999999999999998,98.2
4651,134884584,134885084,8,492,1.6,98.4
4652,134885084,134885584,10,490,2.0,98.0
4653,134885584,134886084,7,493,1.4000000000000001,98.6
4654,134886084,134886584,9,491,1.7999999999999998,98.2
4655,134886584,134887084,9,491,1.7999999999999998,98.2
4656,134887084,134887584,9,491,1.7999999999999998,98.2
4657,134887584,134888084,8,492,1.6,98.4
4658,134888084,134888584,7,493,1.4000000000000001,98.6
4659,134888584,134889084,8,492,1.6,98.4
4660,134889084,134889584,9,491,1.7999999999999998,98.2
4661,134889584,134890084,7,493,1.4000000000000001,98.6
4662,134890084,134890584,13,487,2.6,97.4
4663,134890584,134891084,8,492,1.6,98.4
4664,134891084,134891584,10,490,2.0,98.0
4665,134891584,134892084,8,492,1.6,98.4
4666,134892084,134892584,9,491,1.7999999999999998,98.2
4667,134892584,134893084,10,490,2.0,98.0
4668,134893084,134893584,7,493,1.4000000000000001,98.6
4669,134893584,134894084,9,491,1.7999999999999998,98.2
4670,134894084,134894584,8,492,1.6,98.4
4671,134894584,134895084,8,492,1.6,98.4
4672,134895084,134895584,9,491,1.7999999999999998,98.2
4673,134895584,134896084,6,494,1.2,98.8
4674,134896084,134896584,9,491,1.7999999999999998,98.2
4675,134896584,134897084,7,493,1.4000000000000001,98.6
4676,134897084,134897584,9,491,1.7999999999999998,98.2
4677,134897584,134898084,8,492,1.6,98.4
4678,134898084,134898584,10,490,2.0,98.0
4679,134898584,134899084,6,494,1.2,98.8
4680,134899084,134899584,13,487,2.6,97.4
4681,134899584,134900084,8,492,1.6,98.4
4682,134900084,134900584,10,490,2.0,98.0
4683,134900584,134901084,8,492,1.6,98.4
4684,134901084,134901584,9,491,1.7999999999999998,98.2
4685,134901584,134902084,7,493,1.4000000000000001,98.6
4686,134902084,134902584,8,492,1.6,98.4
4687,134902584,134903084,8,492,1.6,98.4
4688,134903084,134903584,7,493,1.4000000000000001,98.6
4689,134903584,134904084,8,492,1.6,98.4
4690,134904084,134904584,9,491,1.7999999999999998,98.2
4691,134904584,134905084,7,493,1.4000000000000001,98.6
4692,134905084,134905584,10,490,2.0,98.0
4693,134905584,134906084,5,495,1.0,99.0
4694,134906084,134906584,12,488,2.4,97.6
4695,134906584,134907084,7,493,1.4000000000000001,98.6
4696,134907084,134907584,10,490,2.0,98.0
4697,134907584,134908084,9,491,1.7999999999999998,98.2
4698,134908084,134908584,9,491,1.7999999999999998,98.2
4699,134908584,134909084,8,492,1.6,98.4
4700,134909084,134909584,9,491,1.7999999999999998,98.2
4701,134909584,134910084,9,491,1.7999999999999998,98.2
4702,134910084,134910584,9,491,1.7999999999999998,98.2
4703,134910584,134911084,6,494,1.2,98.8
4704,134911084,134911584,9,491,1.7999999999999998,98.2
4705,134911584,134912084,7,493,1.4000000000000001,98.6
4706,134912084,134912584,9,491,1.7999999999999998,98.2
4707,134912584,134913084,9,491,1.7999999999999998,98.2
4708,134913084,134913584,8,492,1.6,98.4
4709,134913584,134914084,7,493,1.4000000000000001,98.6
4710,134914084,134914584,10,490,2.0,98.0
4711,134914584,134915084,9,491,1.7999999999999998,98.2
4712,134915084,134915584,9,491,1.7999999999999998,98.2
4713,134915584,134916084,8,492,1.6,98.4
4714,134916084,134916584,9,491,1.7999999999999998,98.2
4715,134916584,134917084,7,493,1.4000000000000001,98.6
4716,134917084,134917584,9,491,1.7999999999999998,98.2
4717,134917584,134918084,8,492,1.6,98.4
4718,134918084,134918584,8,492,1.6,98.4
4719,134918584,134919084,8,492,1.6,98.4
4720,134919084,134919584,9,491,1.7999999999999998,98.2
4721,134919584,134920084,7,493,1.4000000000000001,98.6
4722,134920084,134920584,9,491,1.7999999999999998,98.2
4723,134920584,134921084,7,493,1.4000000000000001,98.6
4724,134921084,134921584,9,491,1.7999999999999998,98.2
4725,134921584,134922084,8,492,1.6,98.4
4726,134922084,134922584,146,354,29.2,70.8
4727,134922584,134923084,4,496,0.8,99.2
4728,134923084,134923584,9,491,1.7999999999999998,98.2
4729,134923584,134924084,13,487,2.6,97.4
4730,134924084,134924584,10,490,2.0,98.0
4731,134924584,134925084,7,493,1.4000000000000001,98.6
4732,134925084,134925584,10,490,2.0,98.0
4733,134925584,134926084,7,493,1.4000000000000001,98.6
4734,134926084,134926584,9,491,1.7999999999999998,98.2
4735,134926584,134927084,7,493,1.4000000000000001,98.6
4736,134927084,134927584,10,490,2.0,98.0
4737,134927584,134928084,7,493,1.4000000000000001,98.6
4738,134928084,134928584,9,491,1.7999999999999998,98.2
4739,134928584,134929084,6,494,1.2,98.8
4740,134929084,134929584,10,490,2.0,98.0
4741,134929584,134930084,8,492,1.6,98.4
4742,134930084,134930584,14,486,2.8000000000000003,97.2
4743,134930584,134931084,8,492,1.6,98.4
4744,134931084,134931584,7,493,1.4000000000000001,98.6
4745,134931584,134932084,5,495,1.0,99.0
4746,134932084,134932584,11,489,2.1999999999999997,97.8
4747,134932584,134933084,11,489,2.1999999999999997,97.8
4748,134933084,134933584,11,489,2.1999999999999997,97.8
4749,134933584,134934084,8,492,1.6,98.4
4750,134934084,134934584,10,490,2.0,98.0
4751,134934584,134935084,8,492,1.6,98.4
4752,134935084,134935584,13,487,2.6,97.4
4753,134935584,134936084,7,493,1.4000000000000001,98.6
4754,134936084,134936584,10,490,2.0,98.0
4755,134936584,134937084,8,492,1.6,98.4
4756,134937084,134937584,8,492,1.6,98.4
4757,134937584,134938084,10,490,2.0,98.0
4758,134938084,134938584,9,491,1.7999999999999998,98.2
4759,134938584,134939084,10,490,2.0,98.0
4760,134939084,134939584,10,490,2.0,98.0
4761,134939584,134940084,7,493,1.4000000000000001,98.6
4762,134940084,134940584,9,491,1.7999999999999998,98.2
4763,134940584,134941084,6,494,1.2,98.8
4764,134941084,134941584,9,491,1.7999999999999998,98.2
4765,134941584,134942084,8,492,1.6,98.4
4766,134942084,134942584,8,492,1.6,98.4
4767,134942584,134943084,8,492,1.6,98.4
4768,134943084,134943584,9,491,1.7999999999999998,98.2
4769,134943584,134944084,18,482,3.5999999999999996,96.4
4770,134944084,134944584,9,491,1.7999999999999998,98.2
4771,134944584,134945084,10,490,2.0,98.0
4772,134945084,134945584,9,491,1.7999999999999998,98.2
4773,134945584,134946084,7,493,1.4000000000000001,98.6
4774,134946084,134946584,9,491,1.7999999999999998,98.2
4775,134946584,134947084,12,488,2.4,97.6
4776,134947084,134947584,11,489,2.1999999999999997,97.8
4777,134947584,134948084,7,493,1.4000000000000001,98.6
4778,134948084,134948584,10,490,2.0,98.0
4779,134948584,134949084,7,493,1.4000000000000001,98.6
4780,134949084,134949584,10,490,2.0,98.0
4781,134949584,134950084,8,492,1.6,98.4
4782,134950084,134950584,8,492,1.6,98.4
4783,134950584,134951084,8,492,1.6,98.4
4784,134951084,134951584,9,491,1.7999999999999998,98.2
4785,134951584,134952084,8,492,1.6,98.4
4786,134952084,134952584,10,490,2.0,98.0
4787,134952584,134953084,10,490,2.0,98.0
4788,134953084,134953584,10,490,2.0,98.0
4789,134953584,134954084,7,493,1.4000000000000001,98.6
4790,134954084,134954584,8,492,1.6,98.4
4791,134954584,134955084,7,493,1.4000000000000001,98.6
4792,134955084,134955584,9,491,1.7999999999999998,98.2
4793,134955584,134956084,9,491,1.7999999999999998,98.2
4794,134956084,134956584,8,492,1.6,98.4
4795,134956584,134957084,8,492,1.6,98.4
4796,134957084,134957584,9,491,1.7999999999999998,98.2
4797,134957584,134958084,8,492,1.6,98.4
4798,134958084,134958584,42,458,8.4,91.6
4799,134958584,134959084,6,494,1.2,98.8
4800,134959084,134959584,10,490,2.0,98.0
4801,134959584,134960084,8,492,1.6,98.4
4802,134960084,134960584,11,489,2.1999999999999997,97.8
4803,134960584,134961084,8,492,1.6,98.4
4804,134961084,134961584,10,490,2.0,98.0
4805,134961584,134962084,7,493,1.4000000000000001,98.6
4806,134962084,134962584,11,489,2.1999999999999997,97.8
4807,134962584,134963084,8,492,1.6,98.4
4808,134963084,134963584,9,491,1.7999999999999998,98.2
4809,134963584,134964084,8,492,1.6,98.4
4810,134964084,134964584,7,493,1.4000000000000001,98.6
4811,134964584,134965084,11,489,2.1999999999999997,97.8
4812,134965084,134965584,10,490,2.0,98.0
4813,134965584,134966084,6,494,1.2,98.8
4814,134966084,134966584,10,490,2.0,98.0
4815,134966584,134967084,8,492,1.6,98.4
4816,134967084,134967584,9,491,1.7999999999999998,98.2
4817,134967584,134968084,6,494,1.2,98.8
4818,134968084,134968584,13,487,2.6,97.4
4819,134968584,134969084,11,489,2.1999999999999997,97.8
4820,134969084,134969584,10,490,2.0,98.0
4821,134969584,134970084,8,492,1.6,98.4
4822,134970084,134970584,9,491,1.7999999999999998,98.2
4823,134970584,134971084,8,492,1.6,98.4
4824,134971084,134971584,9,491,1.7999999999999998,98.2
4825,134971584,134972084,7,493,1.4000000000000001,98.6
4826,134972084,134972584,10,490,2.0,98.0
4827,134972584,134973084,7,493,1.4000000000000001,98.6
4828,134973084,134973584,9,491,1.7999999999999998,98.2
4829,134973584,134974084,8,492,1.6,98.4
4830,134974084,134974584,8,492,1.6,98.4
4831,134974584,134975084,8,492,1.6,98.4
4832,134975084,134975584,9,491,1.7999999999999998,98.2
4833,134975584,134976084,7,493,1.4000000000000001,98.6
4834,134976084,134976584,10,490,2.0,98.0
4835,134976584,134977084,9,491,1.7999999999999998,98.2
4836,134977084,134977584,10,490,2.0,98.0
4837,134977584,134978084,7,493,1.4000000000000001,98.6
4838,134978084,134978584,10,490,2.0,98.0
4839,134978584,134979084,9,491,1.7999999999999998,98.2
4840,134979084,134979584,8,492,1.6,98.4
4841,134979584,134980084,8,492,1.6,98.4
4842,134980084,134980584,9,491,1.7999999999999998,98.2
4843,134980584,134981084,8,492,1.6,98.4
4844,134981084,134981584,9,491,1.7999999999999998,98.2
4845,134981584,134982084,7,493,1.4000000000000001,98.6
4846,134982084,134982584,12,488,2.4,97.6
4847,134982584,134983084,9,491,1.7999999999999998,98.2
4848,134983084,134983584,10,490,2.0,98.0
4849,134983584,134984084,7,493,1.4000000000000001,98.6
4850,134984084,134984584,11,489,2.1999999999999997,97.8
4851,134984584,134985084,8,492,1.6,98.4
4852,134985084,134985584,10,490,2.0,98.0
4853,134985584,134986084,9,491,1.7999999999999998,98.2
4854,134986084,134986584,9,491,1.7999999999999998,98.2
4855,134986584,134987084,9,491,1.7999999999999998,98.2
4856,134987084,134987584,9,491,1.7999999999999998,98.2
4857,134987584,134988084,8,492,1.6,98.4
4858,134988084,134988584,11,489,2.1999999999999997,97.8
4859,134988584,134989084,7,493,1.4000000000000001,98.6
4860,134989084,134989584,10,490,2.0,98.0
4861,134989584,134990084,7,493,1.4000000000000001,98.6
4862,134990084,134990584,9,491,1.7999999999999998,98.2
4863,134990584,134991084,8,492,1.6,98.4
4864,134991084,134991584,8,492,1.6,98.4
4865,134991584,134992084,9,491,1.7999999999999998,98.2
4866,134992084,134992584,9,491,1.7999999999999998,98.2
4867,134992584,134993084,9,491,1.7999999999999998,98.2
4868,134993084,134993584,9,491,1.7999999999999998,98.2
4869,134993584,134994084,8,492,1.6,98.4
4870,134994084,134994584,10,490,2.0,98.0
4871,134994584,134995084,7,493,1.4000000000000001,98.6
4872,134995084,134995584,8,492,1.6,98.4
4873,134995584,134996084,8,492,1.6,98.4
4874,134996084,134996584,9,491,1.7999999999999998,98.2
4875,134996584,134997084,11,489,2.1999999999999997,97.8
4876,134997084,134997584,13,487,2.6,97.4
4877,134997584,134998084,5,495,1.0,99.0
4878,134998084,134998584,37,463,7.3999999999999995,92.6
4879,134998584,134999084,10,490,2.0,98.0
4880,134999084,134999584,9,491,1.7999999999999998,98.2
4881,134999584,135000084,8,492,1.6,98.4
4882,135000084,135000584,9,491,1.7999999999999998,98.2
4883,135000584,135001084,8,492,1.6,98.4
4884,135001084,135001584,9,491,1.7999999999999998,98.2
4885,135001584,135002084,7,493,1.4000000000000001,98.6
4886,135002084,135002584,9,491,1.7999999999999998,98.2
4887,135002584,135003084,6,494,1.2,98.8
4888,135003084,135003584,10,490,2.0,98.0
4889,135003584,135004084,8,492,1.6,98.4
4890,135004084,135004584,8,492,1.6,98.4
4891,135004584,135005084,7,493,1.4000000000000001,98.6
4892,135005084,135005584,9,491,1.7999999999999998,98.2
4893,135005584,135006084,6,494,1.2,98.8
4894,135006084,135006584,8,492,1.6,98.4
4895,135006584,135007084,11,489,2.1999999999999997,97.8
4896,135007084,135007584,14,486,2.8000000000000003,97.2
4897,135007584,135008084,8,492,1.6,98.4
4898,135008084,135008584,10,490,2.0,98.0
4899,135008584,135009084,8,492,1.6,98.4
4900,135009084,135009584,10,490,2.0,98.0
4901,135009584,135010084,6,494,1.2,98.8
4902,135010084,135010584,11,489,2.1999999999999997,97.8
4903,135010584,135011084,7,493,1.4000000000000001,98.6
4904,135011084,135011584,8,492,1.6,98.4
4905,135011584,135012084,8,492,1.6,98.4
4906,135012084,135012584,9,491,1.7999999999999998,98.2
4907,135012584,135013084,7,493,1.4000000000000001,98.6
4908,135013084,135013584,9,491,1.7999999999999998,98.2
4909,135013584,135014084,6,494,1.2,98.8
4910,135014084,135014584,15,485,3.0,97.0
4911,135014584,135015084,7,493,1.4000000000000001,98.6
4912,135015084,135015584,10,490,2.0,98.0
4913,135015584,135016084,7,493,1.4000000000000001,98.6
4914,135016084,135016584,10,490,2.0,98.0
4915,135016584,135017084,10,490,2.0,98.0
4916,135017084,135017584,9,491,1.7999999999999998,98.2
4917,135017584,135018084,8,492,1.6,98.4
4918,135018084,135018584,9,491,1.7999999999999998,98.2
4919,135018584,135019084,8,492,1.6,98.4
4920,135019084,135019584,10,490,2.0,98.0
4921,135019584,135020084,7,493,1.4000000000000001,98.6
4922,135020084,135020584,10,490,2.0,98.0
4923,135020584,135021084,8,492,1.6,98.4
4924,135021084,135021584,9,491,1.7999999999999998,98.2
4925,135021584,135022084,5,495,1.0,99.0
4926,135022084,135022584,11,489,2.1999999999999997,97.8
4927,135022584,135023084,10,490,2.0,98.0
4928,135023084,135023584,9,491,1.7999999999999998,98.2
4929,135023584,135024084,8,492,1.6,98.4
4930,135024084,135024584,9,491,1.7999999999999998,98.2
4931,135024584,135025084,9,491,1.7999999999999998,98.2
4932,135025084,135025584,9,491,1.7999999999999998,98.2
4933,135025584,135026084,7,493,1.4000000000000001,98.6
4934,135026084,135026584,10,490,2.0,98.0
4935,135026584,135027084,8,492,1.6,98.4
4936,135027084,135027584,11,489,2.1999999999999997,97.8
4937,135027584,135028084,8,492,1.6,98.4
4938,135028084,135028584,9,491,1.7999999999999998,98.2
4939,135028584,135029084,8,492,1.6,98.4
4940,135029084,135029584,9,491,1.7999999999999998,98.2
4941,135029584,135030084,5,495,1.0,99.0
4942,135030084,135030584,12,488,2.4,97.6
4943,135030584,135031084,7,493,1.4000000000000001,98.6
4944,135031084,135031584,10,490,2.0,98.0
4945,135031584,135032084,8,492,1.6,98.4
4946,135032084,135032584,9,491,1.7999999999999998,98.2
4947,135032584,135033084,8,492,1.6,98.4
4948,135033084,135033584,8,492,1.6,98.4
4949,135033584,135034084,8,492,1.6,98.4
4950,135034084,135034584,9,491,1.7999999999999998,98.2
4951,135034584,135035084,6,494,1.2,98.8
4952,135035084,135035584,11,489,2.1999999999999997,97.8
4953,135035584,135036084,7,493,1.4000000000000001,98.6
4954,135036084,135036584,9,491,1.7999999999999998,98.2
4955,135036584,135037084,7,493,1.4000000000000001,98.6
4956,135037084,135037584,12,488,2.4,97.6
4957,135037584,135038084,8,492,1.6,98.4
4958,135038084,135038584,9,491,1.7999999999999998,98.2
4959,135038584,135039084,9,491,1.7999999999999998,98.2
4960,135039084,135039584,9,491,1.7999999999999998,98.2
4961,135039584,135040084,9,491,1.7999999999999998,98.2
4962,135040084,135040584,9,491,1.7999999999999998,98.2
4963,135040584,135041084,6,494,1.2,98.8
4964,135041084,135041584,13,487,2.6,97.4
4965,135041584,135042084,8,492,1.6,98.4
4966,135042084,135042584,10,490,2.0,98.0
4967,135042584,135043084,7,493,1.4000000000000001,98.6
4968,135043084,135043584,10,490,2.0,98.0
4969,135043584,135044084,7,493,1.4000000000000001,98.6
4970,135044084,135044584,11,489,2.1999999999999997,97.8
4971,135044584,135045084,11,489,2.1999999999999997,97.8
4972,135045084,135045584,9,491,1.7999999999999998,98.2
4973,135045584,135046084,8,492,1.6,98.4
4974,135046084,135046584,9,491,1.7999999999999998,98.2
4975,135046584,135047084,8,492,1.6,98.4
4976,135047084,135047584,11,489,2.1999999999999997,97.8
4977,135047584,135048084,7,493,1.4000000000000001,98.6
4978,135048084,135048584,10,490,2.0,98.0
4979,135048584,135049084,8,492,1.6,98.4
4980,135049084,135049584,9,491,1.7999999999999998,98.2
4981,135049584,135050084,8,492,1.6,98.4
4982,135050084,135050584,9,491,1.7999999999999998,98.2
4983,135050584,135051084,9,491,1.7999999999999998,98.2
4984,135051084,135051584,9,491,1.7999999999999998,98.2
4985,135051584,135052084,5,495,1.0,99.0
4986,135052084,135052584,12,488,2.4,97.6
4987,135052584,135053084,6,494,1.2,98.8
4988,135053084,135053584,11,489,2.1999999999999997,97.8
4989,135053584,135054084,8,492,1.6,98.4
4990,135054084,135054584,10,490,2.0,98.0
4991,135054584,135055084,9,491,1.7999999999999998,98.2
4992,135055084,135055584,8,492,1.6,98.4
4993,135055584,135056084,8,492,1.6,98.4
4994,135056084,135056584,9,491,1.7999999999999998,98.2
4995,135056584,135057084,8,492,1.6,98.4
4996,135057084,135057584,9,491,1.7999999999999998,98.2
4997,135057584,135058084,7,493,1.4000000000000001,98.6
4998,135058084,135058584,9,491,1.7999999999999998,98.2
4999,135058584,135059084,7,493,1.4000000000000001,98.6
5000,135059084,135059584,9,491,1.7999999999999998,98.2
5001,135059584,135060084,8,492,1.6,98.4
5002,135060084,135060584,8,492,1.6,98.4
5003,135060584,135061084,9,491,1.7999999999999998,98.2
5004,135061084,135061584,9,491,1.7999999999999998,98.2
5005,135061584,135062084,8,492,1.6,98.4
5006,135062084,135062584,10,490,2.0,98.0
5007,135062584,135063084,7,493,1.4000000000000001,98.6
5008,135063084,135063584,11,489,2.1999999999999997,97.8
5009,135063584,135064084,6,494,1.2,98.8
5010,135064084,135064584,11,489,2.1999999999999997,97.8
5011,135064584,135065084,8,492,1.6,98.4
5012,135065084,135065584,10,490,2.0,98.0
5013,135065584,135066084,9,491,1.7999999999999998,98.2
5014,135066084,135066584,11,489,2.1999999999999997,97.8
5015,135066584,135067084,8,492,1.6,98.4
5016,135067084,135067584,10,490,2.0,98.0
5017,135067584,135068084,7,493,1.4000000000000001,98.6
5018,135068084,135068584,12,488,2.4,97.6
5019,135068584,135069084,8,492,1.6,98.4
5020,135069084,135069584,11,489,2.1999999999999997,97.8
5021,135069584,135070084,8,492,1.6,98.4
5022,135070084,135070584,8,492,1.6,98.4
5023,135070584,135071084,8,492,1.6,98.4
5024,135071084,135071584,7,493,1.4000000000000001,98.6
5025,135071584,135072084,10,490,2.0,98.0
5026,135072084,135072584,10,490,2.0,98.0
5027,135072584,135073084,7,493,1.4000000000000001,98.6
5028,135073084,135073584,11,489,2.1999999999999997,97.8
5029,135073584,135074084,6,494,1.2,98.8
5030,135074084,135074584,10,490,2.0,98.0
5031,135074584,135075084,7,493,1.4000000000000001,98.6
5032,135075084,135075584,10,490,2.0,98.0
5033,135075584,135076084,6,494,1.2,98.8
5034,135076084,135076584,11,489,2.1999999999999997,97.8
5035,135076584,135077084,8,492,1.6,98.4
5036,135077084,135077584,10,490,2.0,98.0
5037,135077584,135078084,8,492,1.6,98.4
5038,135078084,135078584,11,489,2.1999999999999997,97.8
5039,135078584,135079084,7,493,1.4000000000000001,98.6
5040,135079084,135079584,11,489,2.1999999999999997,97.8
5041,135079584,135080084,8,492,1.6,98.4
5042,135080084,135080584,8,492,1.6,98.4
5043,135080584,135081084,8,492,1.6,98.4
5044,135081084,135081584,8,492,1.6,98.4
5045,135081584,135082084,8,492,1.6,98.4
5046,135082084,135082584,9,491,1.7999999999999998,98.2
5047,135082584,135083084,8,492,1.6,98.4
5048,135083084,135083584,10,490,2.0,98.0
5049,135083584,135084084,6,494,1.2,98.8
5050,135084084,135084584,15,485,3.0,97.0
5051,135084584,135085084,8,492,1.6,98.4
5052,135085084,135085584,9,491,1.7999999999999998,98.2
5053,135085584,135086084,8,492,1.6,98.4
5054,135086084,135086584,8,492,1.6,98.4
5055,135086584,135087084,9,491,1.7999999999999998,98.2
5056,135087084,135087584,9,491,1.7999999999999998,98.2
5057,135087584,135088084,7,493,1.4000000000000001,98.6
5058,135088084,135088584,9,491,1.7999999999999998,98.2
5059,135088584,135089084,7,493,1.4000000000000001,98.6
5060,135089084,135089584,10,490,2.0,98.0
5061,135089584,135090084,9,491,1.7999999999999998,98.2
5062,135090084,135090584,7,493,1.4000000000000001,98.6
5063,135090584,135091084,8,492,1.6,98.4
5064,135091084,135091584,10,490,2.0,98.0
5065,135091584,135092084,7,493,1.4000000000000001,98.6
5066,135092084,135092584,11,489,2.1999999999999997,97.8
5067,135092584,135093084,7,493,1.4000000000000001,98.6
5068,135093084,135093584,11,489,2.1999999999999997,97.8
5069,135093584,135094084,7,493,1.4000000000000001,98.6
5070,135094084,135094584,10,490,2.0,98.0
5071,135094584,135095084,7,493,1.4000000000000001,98.6
5072,135095084,135095584,9,491,1.7999999999999998,98.2
5073,135095584,135096084,8,492,1.6,98.4
5074,135096084,135096584,9,491,1.7999999999999998,98.2
5075,135096584,135097084,7,493,1.4000000000000001,98.6
5076,135097084,135097584,10,490,2.0,98.0
5077,135097584,135098084,8,492,1.6,98.4
5078,135098084,135098584,8,492,1.6,98.4
5079,135098584,135099084,8,492,1.6,98.4
5080,135099084,135099584,8,492,1.6,98.4
5081,135099584,135100084,7,493,1.4000000000000001,98.6
5082,135100084,135100584,10,490,2.0,98.0
5083,135100584,135101084,9,491,1.7999999999999998,98.2
5084,135101084,135101584,9,491,1.7999999999999998,98.2
5085,135101584,135102084,7,493,1.4000000000000001,98.6
5086,135102084,135102584,10,490,2.0,98.0
5087,135102584,135103084,7,493,1.4000000000000001,98.6
5088,135103084,135103584,12,488,2.4,97.6
5089,135103584,135104084,9,491,1.7999999999999998,98.2
5090,135104084,135104584,8,492,1.6,98.4
5091,135104584,135105084,8,492,1.6,98.4
5092,135105084,135105584,9,491,1.7999999999999998,98.2
5093,135105584,135106084,6,494,1.2,98.8
5094,135106084,135106584,17,483,3.4000000000000004,96.6
5095,135106584,135107084,6,494,1.2,98.8
5096,135107084,135107584,12,488,2.4,97.6
5097,135107584,135108084,8,492,1.6,98.4
5098,135108084,135108584,10,490,2.0,98.0
5099,135108584,135109084,4,496,0.8,99.2
5100,135109084,135109584,7,493,1.4000000000000001,98.6
5101,135109584,135110084,8,492,1.6,98.4
5102,135110084,135110584,9,491,1.7999999999999998,98.2
5103,135110584,135111084,6,494,1.2,98.8
5104,135111084,135111584,10,490,2.0,98.0
5105,135111584,135112084,8,492,1.6,98.4
5106,135112084,135112584,8,492,1.6,98.4
5107,135112584,135113084,8,492,1.6,98.4
5108,135113084,135113584,10,490,2.0,98.0
5109,135113584,135114084,5,495,1.0,99.0
5110,135114084,135114584,10,490,2.0,98.0
5111,135114584,135115084,12,488,2.4,97.6
5112,135115084,135115584,11,489,2.1999999999999997,97.8
5113,135115584,135116084,8,492,1.6,98.4
5114,135116084,135116584,9,491,1.7999999999999998,98.2
5115,135116584,135117084,9,491,1.7999999999999998,98.2
5116,135117084,135117584,8,492,1.6,98.4
5117,135117584,135118084,9,491,1.7999999999999998,98.2
5118,135118084,135118584,9,491,1.7999999999999998,98.2
5119,135118584,135119084,8,492,1.6,98.4
5120,135119084,135119584,10,490,2.0,98.0
5121,135119584,135120084,7,493,1.4000000000000001,98.6
5122,135120084,135120584,9,491,1.7999999999999998,98.2
5123,135120584,135121084,7,493,1.4000000000000001,98.6
5124,135121084,135121584,10,490,2.0,98.0
5125,135121584,135122084,9,491,1.7999999999999998,98.2
5126,135122084,135122584,9,491,1.7999999999999998,98.2
5127,135122584,135123084,9,491,1.7999999999999998,98.2
5128,135123084,135123584,10,490,2.0,98.0
5129,135123584,135124084,6,494,1.2,98.8
5130,135124084,135124584,11,489,2.1999999999999997,97.8
5131,135124584,135125084,8,492,1.6,98.4
5132,135125084,135125584,9,491,1.7999999999999998,98.2
5133,135125584,135126084,10,490,2.0,98.0
5134,135126084,135126584,8,492,1.6,98.4
5135,135126584,135127084,8,492,1.6,98.4
5136,135127084,135127584,11,489,2.1999999999999997,97.8
5137,135127584,135128084,7,493,1.4000000000000001,98.6
5138,135128084,135128584,10,490,2.0,98.0
5139,135128584,135129084,8,492,1.6,98.4
5140,135129084,135129584,9,491,1.7999999999999998,98.2
5141,135129584,135130084,5,495,1.0,99.0
5142,135130084,135130584,17,483,3.4000000000000004,96.6
5143,135130584,135131084,9,491,1.7999999999999998,98.2
5144,135131084,135131584,11,489,2.1999999999999997,97.8
5145,135131584,135132084,7,493,1.4000000000000001,98.6
5146,135132084,135132584,13,487,2.6,97.4
5147,135132584,135133084,10,490,2.0,98.0
5148,135133084,135133584,9,491,1.7999999999999998,98.2
5149,135133584,135134084,8,492,1.6,98.4
5150,135134084,135134584,9,491,1.7999999999999998,98.2
5151,135134584,135135084,8,492,1.6,98.4
5152,135135084,135135584,9,491,1.7999999999999998,98.2
5153,135135584,135136084,7,493,1.4000000000000001,98.6
5154,135136084,135136584,11,489,2.1999999999999997,97.8
5155,135136584,135137084,8,492,1.6,98.4
5156,135137084,135137584,9,491,1.7999999999999998,98.2
5157,135137584,135138084,8,492,1.6,98.4
5158,135138084,135138584,10,490,2.0,98.0
5159,135138584,135139084,10,490,2.0,98.0
5160,135139084,135139584,9,491,1.7999999999999998,98.2
5161,135139584,135140084,9,491,1.7999999999999998,98.2
5162,135140084,135140584,11,489,2.1999999999999997,97.8
5163,135140584,135141084,8,492,1.6,98.4
5164,135141084,135141584,10,490,2.0,98.0
5165,135141584,135142084,8,492,1.6,98.4
5166,135142084,135142584,8,492,1.6,98.4
5167,135142584,135143084,8,492,1.6,98.4
5168,135143084,135143584,10,490,2.0,98.0
5169,135143584,135144084,7,493,1.4000000000000001,98.6
5170,135144084,135144584,9,491,1.7999999999999998,98.2
5171,135144584,135145084,7,493,1.4000000000000001,98.6
5172,135145084,135145584,10,490,2.0,98.0
5173,135145584,135146084,6,494,1.2,98.8
5174,135146084,135146584,12,488,2.4,97.6
5175,135146584,135147084,10,490,2.0,98.0
5176,135147084,135147584,9,491,1.7999999999999998,98.2
5177,135147584,135148084,8,492,1.6,98.4
5178,135148084,135148584,9,491,1.7999999999999998,98.2
5179,135148584,135149084,9,491,1.7999999999999998,98.2
5180,135149084,135149584,9,491,1.7999999999999998,98.2
5181,135149584,135150084,6,494,1.2,98.8
5182,135150084,135150584,21,479,4.2,95.8
5183,135150584,135151084,7,493,1.4000000000000001,98.6
5184,135151084,135151584,10,490,2.0,98.0
5185,135151584,135152084,6,494,1.2,98.8
5186,135152084,135152584,7,493,1.4000000000000001,98.6
5187,135152584,135153084,10,490,2.0,98.0
5188,135153084,135153584,10,490,2.0,98.0
5189,135153584,135154084,5,495,1.0,99.0
5190,135154084,135154584,12,488,2.4,97.6
5191,135154584,135155084,8,492,1.6,98.4
5192,135155084,135155584,9,491,1.7999999999999998,98.2
5193,135155584,135156084,7,493,1.4000000000000001,98.6
5194,135156084,135156584,10,490,2.0,98.0
5195,135156584,135157084,7,493,1.4000000000000001,98.6
5196,135157084,135157584,9,491,1.7999999999999998,98.2
5197,135157584,135158084,8,492,1.6,98.4
5198,135158084,135158584,10,490,2.0,98.0
5199,135158584,135159084,8,492,1.6,98.4
5200,135159084,135159584,9,491,1.7999999999999998,98.2
5201,135159584,135160084,6,494,1.2,98.8
5202,135160084,135160584,11,489,2.1999999999999997,97.8
5203,135160584,135161084,8,492,1.6,98.4
5204,135161084,135161584,10,490,2.0,98.0
5205,135161584,135162084,13,487,2.6,97.4
5206,135162084,135162584,10,490,2.0,98.0
5207,135162584,135163084,10,490,2.0,98.0
5208,135163084,135163584,10,490,2.0,98.0
5209,135163584,135164084,7,493,1.4000000000000001,98.6
5210,135164084,135164584,10,490,2.0,98.0
5211,135164584,135165084,7,493,1.4000000000000001,98.6
5212,135165084,135165584,9,491,1.7999999999999998,98.2
5213,135165584,135166084,8,492,1.6,98.4
5214,135166084,135166584,10,490,2.0,98.0
5215,135166584,135167084,8,492,1.6,98.4
5216,135167084,135167584,8,492,1.6,98.4
5217,135167584,135168084,52,448,10.4,89.6
5218,135168084,135168584,11,489,2.1999999999999997,97.8
5219,135168584,135169084,8,492,1.6,98.4
5220,135169084,135169584,10,490,2.0,98.0
5221,135169584,135170084,6,494,1.2,98.8
5222,135170084,135170584,10,490,2.0,98.0
5223,135170584,135171084,8,492,1.6,98.4
5224,135171084,135171584,9,491,1.7999999999999998,98.2
5225,135171584,135172084,7,493,1.4000000000000001,98.6
5226,135172084,135172584,10,490,2.0,98.0
5227,135172584,135173084,6,494,1.2,98.8
5228,135173084,135173584,11,489,2.1999999999999997,97.8
5229,135173584,135174084,6,494,1.2,98.8
5230,135174084,135174584,11,489,2.1999999999999997,97.8
5231,135174584,135175084,8,492,1.6,98.4
5232,135175084,135175584,8,492,1.6,98.4
5233,135175584,135176084,7,493,1.4000000000000001,98.6
5234,135176084,135176584,9,491,1.7999999999999998,98.2
5235,135176584,135177084,9,491,1.7999999999999998,98.2
5236,135177084,135177584,10,490,2.0,98.0
5237,135177584,135178084,8,492,1.6,98.4
5238,135178084,135178584,9,491,1.7999999999999998,98.2
5239,135178584,135179084,6,494,1.2,98.8
5240,135179084,135179584,11,489,2.1999999999999997,97.8
5241,135179584,135180084,8,492,1.6,98.4
5242,135180084,135180584,3,497,0.6,99.4
5243,135180584,135181084,10,490,2.0,98.0
5244,135181084,135181584,14,486,2.8000000000000003,97.2
5245,135181584,135182084,7,493,1.4000000000000001,98.6
5246,135182084,135182584,10,490,2.0,98.0
5247,135182584,135183084,7,493,1.4000000000000001,98.6
5248,135183084,135183584,9,491,1.7999999999999998,98.2
5249,135183584,135184084,3,497,0.6,99.4
5250,135184084,135184584,4,496,0.8,99.2
5251,135184584,135185084,12,488,2.4,97.6
5252,135185084,135185584,12,488,2.4,97.6
5253,135185584,135186084,7,493,1.4000000000000001,98.6
5254,135186084,135186584,10,490,2.0,98.0
5255,135186584,135187084,7,493,1.4000000000000001,98.6
5256,135187084,135187584,11,489,2.1999999999999997,97.8
5257,135187584,135188084,7,493,1.4000000000000001,98.6
5258,135188084,135188584,9,491,1.7999999999999998,98.2
5259,135188584,135189084,7,493,1.4000000000000001,98.6
5260,135189084,135189584,9,491,1.7999999999999998,98.2
5261,135189584,135190084,7,493,1.4000000000000001,98.6
5262,135190084,135190584,9,491,1.7999999999999998,98.2
5263,135190584,135191084,7,493,1.4000000000000001,98.6
5264,135191084,135191584,9,491,1.7999999999999998,98.2
5265,135191584,135192084,6,494,1.2,98.8
5266,135192084,135192584,15,485,3.0,97.0
5267,135192584,135193084,11,489,2.1999999999999997,97.8
5268,135193084,135193584,8,492,1.6,98.4
5269,135193584,135194084,8,492,1.6,98.4
5270,135194084,135194584,8,492,1.6,98.4
5271,135194584,135195084,8,492,1.6,98.4
5272,135195084,135195584,10,490,2.0,98.0
5273,135195584,135196084,7,493,1.4000000000000001,98.6
5274,135196084,135196584,9,491,1.7999999999999998,98.2
5275,135196584,135197084,9,491,1.7999999999999998,98.2
5276,135197084,135197584,8,492,1.6,98.4
5277,135197584,135198084,9,491,1.7999999999999998,98.2
5278,135198084,135198584,8,492,1.6,98.4
5279,135198584,135199084,9,491,1.7999999999999998,98.2
5280,135199084,135199584,9,491,1.7999999999999998,98.2
5281,135199584,135200084,8,492,1.6,98.4
5282,135200084,135200584,10,490,2.0,98.0
5283,135200584,135201084,7,493,1.4000000000000001,98.6
5284,135201084,135201584,11,489,2.1999999999999997,97.8
5285,135201584,135202084,9,491,1.7999999999999998,98.2
5286,135202084,135202584,8,492,1.6,98.4
5287,135202584,135203084,8,492,1.6,98.4
5288,135203084,135203584,10,490,2.0,98.0
5289,135203584,135204084,6,494,1.2,98.8
5290,135204084,135204584,11,489,2.1999999999999997,97.8
5291,135204584,135205084,6,494,1.2,98.8
5292,135205084,135205584,11,489,2.1999999999999997,97.8
5293,135205584,135206084,8,492,1.6,98.4
5294,135206084,135206584,9,491,1.7999999999999998,98.2
5295,135206584,135207084,8,492,1.6,98.4
5296,135207084,135207584,8,492,1.6,98.4
5297,135207584,135208084,8,492,1.6,98.4
5298,135208084,135208584,6,494,1.2,98.8
5299,135208584,135209084,3,497,0.6,99.4
5300,135209084,135209584,16,484,3.2,96.8
5301,135209584,135210084,9,491,1.7999999999999998,98.2
5302,135210084,135210584,8,492,1.6,98.4
5303,135210584,135211084,8,492,1.6,98.4
5304,135211084,135211584,10,490,2.0,98.0
5305,135211584,135212084,7,493,1.4000000000000001,98.6
5306,135212084,135212584,9,491,1.7999999999999998,98.2
5307,135212584,135213084,7,493,1.4000000000000001,98.6
5308,135213084,135213584,9,491,1.7999999999999998,98.2
5309,135213584,135214084,3,497,0.6,99.4
5310,135214084,135214584,12,488,2.4,97.6
5311,135214584,135215084,8,492,1.6,98.4
5312,135215084,135215584,10,490,2.0,98.0
5313,135215584,135216084,8,492,1.6,98.4
5314,135216084,135216584,8,492,1.6,98.4
5315,135216584,135217084,8,492,1.6,98.4
5316,135217084,135217584,8,492,1.6,98.4
5317,135217584,135218084,9,491,1.7999999999999998,98.2
5318,135218084,135218584,9,491,1.7999999999999998,98.2
5319,135218584,135219084,8,492,1.6,98.4
5320,135219084,135219584,8,492,1.6,98.4
5321,135219584,135220084,8,492,1.6,98.4
5322,135220084,135220584,8,492,1.6,98.4
5323,135220584,135221084,8,492,1.6,98.4
5324,135221084,135221584,9,491,1.7999999999999998,98.2
5325,135221584,135222084,8,492,1.6,98.4
5326,135222084,135222584,10,490,2.0,98.0
5327,135222584,135223084,8,492,1.6,98.4
5328,135223084,135223584,10,490,2.0,98.0
5329,135223584,135224084,8,492,1.6,98.4
5330,135224084,135224584,9,491,1.7999999999999998,98.2
5331,135224584,135225084,8,492,1.6,98.4
5332,135225084,135225584,9,491,1.7999999999999998,98.2
5333,135225584,135226084,9,491,1.7999999999999998,98.2
5334,135226084,135226584,9,491,1.7999999999999998,98.2
5335,135226584,135227084,6,494,1.2,98.8
5336,135227084,135227584,10,490,2.0,98.0
5337,135227584,135228084,9,491,1.7999999999999998,98.2
5338,135228084,135228584,8,492,1.6,98.4
5339,135228584,135229084,8,492,1.6,98.4
5340,135229084,135229584,8,492,1.6,98.4
5341,135229584,135230084,10,490,2.0,98.0
5342,135230084,135230584,16,484,3.2,96.8
5343,135230584,135231084,8,492,1.6,98.4
5344,135231084,135231584,10,490,2.0,98.0
5345,135231584,135232084,7,493,1.4000000000000001,98.6
5346,135232084,135232584,10,490,2.0,98.0
5347,135232584,135233084,9,491,1.7999999999999998,98.2
5348,135233084,135233584,8,492,1.6,98.4
5349,135233584,135234084,8,492,1.6,98.4
5350,135234084,135234584,8,492,1.6,98.4
5351,135234584,135235084,8,492,1.6,98.4
5352,135235084,135235584,9,491,1.7999999999999998,98.2
5353,135235584,135236084,7,493,1.4000000000000001,98.6
5354,135236084,135236584,9,491,1.7999999999999998,98.2
5355,135236584,135237084,8,492,1.6,98.4
5356,135237084,135237584,10,490,2.0,98.0
5357,135237584,135238084,3,497,0.6,99.4
5358,135238084,135238584,12,488,2.4,97.6
5359,135238584,135239084,8,492,1.6,98.4
5360,135239084,135239584,10,490,2.0,98.0
5361,135239584,135240084,9,491,1.7999999999999998,98.2
5362,135240084,135240584,8,492,1.6,98.4
5363,135240584,135241084,9,491,1.7999999999999998,98.2
5364,135241084,135241584,11,489,2.1999999999999997,97.8
5365,135241584,135242084,8,492,1.6,98.4
5366,135242084,135242584,10,490,2.0,98.0
5367,135242584,135243084,7,493,1.4000000000000001,98.6
5368,135243084,135243584,10,490,2.0,98.0
5369,135243584,135244084,13,487,2.6,97.4
5370,135244084,135244584,8,492,1.6,98.4
5371,135244584,135245084,8,492,1.6,98.4
5372,135245084,135245584,8,492,1.6,98.4
5373,135245584,135246084,9,491,1.7999999999999998,98.2
5374,135246084,135246584,8,492,1.6,98.4
5375,135246584,135247084,5,495,1.0,99.0
5376,135247084,135247584,17,483,3.4000000000000004,96.6
5377,135247584,135248084,10,490,2.0,98.0
5378,135248084,135248584,10,490,2.0,98.0
5379,135248584,135249084,10,490,2.0,98.0
5380,135249084,135249584,9,491,1.7999999999999998,98.2
5381,135249584,135250084,8,492,1.6,98.4
5382,135250084,135250584,10,490,2.0,98.0
5383,135250584,135251084,7,493,1.4000000000000001,98.6
5384,135251084,135251584,10,490,2.0,98.0
5385,135251584,135252084,7,493,1.4000000000000001,98.6
5386,135252084,135252584,10,490,2.0,98.0
5387,135252584,135253084,7,493,1.4000000000000001,98.6
5388,135253084,135253584,10,490,2.0,98.0
5389,135253584,135254084,10,490,2.0,98.0
5390,135254084,135254584,16,484,3.2,96.8
5391,135254584,135255084,8,492,1.6,98.4
5392,135255084,135255584,9,491,1.7999999999999998,98.2
5393,135255584,135256084,8,492,1.6,98.4
5394,135256084,135256584,9,491,1.7999999999999998,98.2
5395,135256584,135257084,8,492,1.6,98.4
5396,135257084,135257584,9,491,1.7999999999999998,98.2
5397,135257584,135258084,8,492,1.6,98.4
5398,135258084,135258584,9,491,1.7999999999999998,98.2
5399,135258584,135259084,8,492,1.6,98.4
5400,135259084,135259584,8,492,1.6,98.4
5401,135259584,135260084,8,492,1.6,98.4
5402,135260084,135260584,8,492,1.6,98.4
5403,135260584,135261084,7,493,1.4000000000000001,98.6
5404,135261084,135261584,21,479,4.2,95.8
5405,135261584,135262084,7,493,1.4000000000000001,98.6
5406,135262084,135262584,14,486,2.8000000000000003,97.2
5407,135262584,135263084,8,492,1.6,98.4
5408,135263084,135263584,10,490,2.0,98.0
5409,135263584,135264084,7,493,1.4000000000000001,98.6
5410,135264084,135264584,9,491,1.7999999999999998,98.2
5411,135264584,135265084,8,492,1.6,98.4
5412,135265084,135265584,9,491,1.7999999999999998,98.2
5413,135265584,135266084,8,492,1.6,98.4
5414,135266084,135266584,9,491,1.7999999999999998,98.2
5415,135266584,135267084,7,493,1.4000000000000001,98.6
5416,135267084,135267584,10,490,2.0,98.0
5417,135267584,135268084,7,493,1.4000000000000001,98.6
5418,135268084,135268584,9,491,1.7999999999999998,98.2
5419,135268584,135269084,8,492,1.6,98.4
5420,135269084,135269584,9,491,1.7999999999999998,98.2
5421,135269584,135270084,7,493,1.4000000000000001,98.6
5422,135270084,135270584,10,490,2.0,98.0
5423,135270584,135271084,8,492,1.6,98.4
5424,135271084,135271584,10,490,2.0,98.0
5425,135271584,135272084,7,493,1.4000000000000001,98.6
5426,135272084,135272584,11,489,2.1999999999999997,97.8
5427,135272584,135273084,8,492,1.6,98.4
5428,135273084,135273584,8,492,1.6,98.4
5429,135273584,135274084,7,493,1.4000000000000001,98.6
5430,135274084,135274584,10,490,2.0,98.0
5431,135274584,135275084,7,493,1.4000000000000001,98.6
5432,135275084,135275584,11,489,2.1999999999999997,97.8
5433,135275584,135276084,6,494,1.2,98.8
5434,135276084,135276584,16,484,3.2,96.8
5435,135276584,135277084,8,492,1.6,98.4
5436,135277084,135277584,11,489,2.1999999999999997,97.8
5437,135277584,135278084,7,493,1.4000000000000001,98.6
5438,135278084,135278584,11,489,2.1999999999999997,97.8
5439,135278584,135279084,8,492,1.6,98.4
5440,135279084,135279584,8,492,1.6,98.4
5441,135279584,135280084,8,492,1.6,98.4
5442,135280084,135280584,9,491,1.7999999999999998,98.2
5443,135280584,135281084,7,493,1.4000000000000001,98.6
5444,135281084,135281584,9,491,1.7999999999999998,98.2
5445,135281584,135282084,8,492,1.6,98.4
5446,135282084,135282584,10,490,2.0,98.0
5447,135282584,135283084,8,492,1.6,98.4
5448,135283084,135283584,8,492,1.6,98.4
5449,135283584,135284084,8,492,1.6,98.4
5450,135284084,135284584,10,490,2.0,98.0
5451,135284584,135285084,8,492,1.6,98.4
5452,135285084,135285584,9,491,1.7999999999999998,98.2
5453,135285584,135286084,7,493,1.4000000000000001,98.6
5454,135286084,135286584,9,491,1.7999999999999998,98.2
5455,135286584,135287084,8,492,1.6,98.4
5456,135287084,135287584,9,491,1.7999999999999998,98.2
5457,135287584,135288084,9,491,1.7999999999999998,98.2
5458,135288084,135288584,8,492,1.6,98.4
5459,135288584,135289084,8,492,1.6,98.4
5460,135289084,135289584,9,491,1.7999999999999998,98.2
5461,135289584,135290084,7,493,1.4000000000000001,98.6
5462,135290084,135290584,9,491,1.7999999999999998,98.2
5463,135290584,135291084,8,492,1.6,98.4
5464,135291084,135291584,9,491,1.7999999999999998,98.2
5465,135291584,135292084,10,490,2.0,98.0
5466,135292084,135292584,9,491,1.7999999999999998,98.2
5467,135292584,135293084,8,492,1.6,98.4
5468,135293084,135293584,10,490,2.0,98.0
5469,135293584,135294084,7,493,1.4000000000000001,98.6
5470,135294084,135294584,10,490,2.0,98.0
5471,135294584,135295084,7,493,1.4000000000000001,98.6
5472,135295084,135295584,9,491,1.7999999999999998,98.2
5473,135295584,135296084,8,492,1.6,98.4
5474,135296084,135296584,9,491,1.7999999999999998,98.2
5475,135296584,135297084,9,491,1.7999999999999998,98.2
5476,135297084,135297584,9,491,1.7999999999999998,98.2
5477,135297584,135298084,7,493,1.4000000000000001,98.6
5478,135298084,135298584,9,491,1.7999999999999998,98.2
5479,135298584,135299084,7,493,1.4000000000000001,98.6
5480,135299084,135299584,10,490,2.0,98.0
5481,135299584,135300084,9,491,1.7999999999999998,98.2
5482,135300084,135300584,8,492,1.6,98.4
5483,135300584,135301084,9,491,1.7999999999999998,98.2
5484,135301084,135301584,9,491,1.7999999999999998,98.2
5485,135301584,135302084,7,493,1.4000000000000001,98.6
5486,135302084,135302584,9,491,1.7999999999999998,98.2
5487,135302584,135303084,8,492,1.6,98.4
5488,135303084,135303584,10,490,2.0,98.0
5489,135303584,135304084,9,491,1.7999999999999998,98.2
5490,135304084,135304584,8,492,1.6,98.4
5491,135304584,135305084,8,492,1.6,98.4
5492,135305084,135305584,9,491,1.7999999999999998,98.2
5493,135305584,135306084,7,493,1.4000000000000001,98.6
5494,135306084,135306584,9,491,1.7999999999999998,98.2
5495,135306584,135307084,7,493,1.4000000000000001,98.6
5496,135307084,135307584,9,491,1.7999999999999998,98.2
5497,135307584,135308084,8,492,1.6,98.4
5498,135308084,135308584,24,476,4.8,95.2
5499,135308584,135309084,8,492,1.6,98.4
5500,135309084,135309584,9,491,1.7999999999999998,98.2
5501,135309584,135310084,9,491,1.7999999999999998,98.2
5502,135310084,135310584,9,491,1.7999999999999998,98.2
5503,135310584,135311084,7,493,1.4000000000000001,98.6
5504,135311084,135311584,9,491,1.7999999999999998,98.2
5505,135311584,135312084,7,493,1.4000000000000001,98.6
5506,135312084,135312584,10,490,2.0,98.0
5507,135312584,135313084,8,492,1.6,98.4
5508,135313084,135313584,8,492,1.6,98.4
5509,135313584,135314084,8,492,1.6,98.4
5510,135314084,135314584,10,490,2.0,98.0
5511,135314584,135315084,7,493,1.4000000000000001,98.6
5512,135315084,135315584,9,491,1.7999999999999998,98.2
5513,135315584,135316084,6,494,1.2,98.8
5514,135316084,135316584,14,486,2.8000000000000003,97.2
5515,135316584,135317084,9,491,1.7999999999999998,98.2
5516,135317084,135317584,10,490,2.0,98.0
5517,135317584,135318084,9,491,1.7999999999999998,98.2
5518,135318084,135318584,8,492,1.6,98.4
5519,135318584,135319084,8,492,1.6,98.4
5520,135319084,135319584,8,492,1.6,98.4
5521,135319584,135320084,8,492,1.6,98.4
5522,135320084,135320584,10,490,2.0,98.0
5523,135320584,135321084,7,493,1.4000000000000001,98.6
5524,135321084,135321584,9,491,1.7999999999999998,98.2
5525,135321584,135322084,8,492,1.6,98.4
5526,135322084,135322584,8,492,1.6,98.4
5527,135322584,135323084,8,492,1.6,98.4
5528,135323084,135323584,8,492,1.6,98.4
5529,135323584,135324084,10,490,2.0,98.0
5530,135324084,135324584,11,489,2.1999999999999997,97.8
5531,135324584,135325084,9,491,1.7999999999999998,98.2
5532,135325084,135325584,10,490,2.0,98.0
5533,135325584,135326084,7,493,1.4000000000000001,98.6
5534,135326084,135326584,12,488,2.4,97.6
5535,135326584,135327084,0,500,0.0,100.0
5536,135327084,135327584,38,462,7.6,92.4
5537,135327584,135328084,14,486,2.8000000000000003,97.2
5538,135328084,135328584,11,489,2.1999999999999997,97.8
5539,135328584,135329084,8,492,1.6,98.4
5540,135329084,135329584,10,490,2.0,98.0
5541,135329584,135330084,7,493,1.4000000000000001,98.6
5542,135330084,135330584,13,487,2.6,97.4
5543,135330584,135331084,8,492,1.6,98.4
5544,135331084,135331584,11,489,2.1999999999999997,97.8
5545,135331584,135332084,9,491,1.7999999999999998,98.2
5546,135332084,135332584,8,492,1.6,98.4
5547,135332584,135333084,9,491,1.7999999999999998,98.2
5548,135333084,135333584,8,492,1.6,98.4
5549,135333584,135334084,9,491,1.7999999999999998,98.2
5550,135334084,135334584,11,489,2.1999999999999997,97.8
5551,135334584,135335084,7,493,1.4000000000000001,98.6
5552,135335084,135335584,11,489,2.1999999999999997,97.8
5553,135335584,135336084,6,494,1.2,98.8
5554,135336084,135336584,12,488,2.4,97.6
5555,135336584,135337084,11,489,2.1999999999999997,97.8
5556,135337084,135337584,4,496,0.8,99.2
5557,135337584,135338084,9,491,1.7999999999999998,98.2
5558,135338084,135338584,13,487,2.6,97.4
5559,135338584,135339084,10,490,2.0,98.0
5560,135339084,135339584,8,492,1.6,98.4
5561,135339584,135340084,8,492,1.6,98.4
5562,135340084,135340584,9,491,1.7999999999999998,98.2
5563,135340584,135341084,8,492,1.6,98.4
5564,135341084,135341584,10,490,2.0,98.0
5565,135341584,135342084,8,492,1.6,98.4
5566,135342084,135342584,9,491,1.7999999999999998,98.2
5567,135342584,135343084,7,493,1.4000000000000001,98.6
5568,135343084,135343584,10,490,2.0,98.0
5569,135343584,135344084,19,481,3.8,96.2
5570,135344084,135344584,9,491,1.7999999999999998,98.2
5571,135344584,135345084,8,492,1.6,98.4
5572,135345084,135345584,9,491,1.7999999999999998,98.2
5573,135345584,135346084,8,492,1.6,98.4
5574,135346084,135346584,9,491,1.7999999999999998,98.2
5575,135346584,135347084,13,487,2.6,97.4
5576,135347084,135347584,10,490,2.0,98.0
5577,135347584,135348084,8,492,1.6,98.4
5578,135348084,135348584,9,491,1.7999999999999998,98.2
5579,135348584,135349084,7,493,1.4000000000000001,98.6
5580,135349084,135349584,10,490,2.0,98.0
5581,135349584,135350084,8,492,1.6,98.4
5582,135350084,135350584,8,492,1.6,98.4
5583,135350584,135351084,9,491,1.7999999999999998,98.2
5584,135351084,135351584,8,492,1.6,98.4
5585,135351584,135352084,8,492,1.6,98.4
5586,135352084,135352584,10,490,2.0,98.0
5587,135352584,135353084,7,493,1.4000000000000001,98.6
5588,135353084,135353584,11,489,2.1999999999999997,97.8
5589,135353584,135354084,33,467,6.6000000000000005,93.4
5590,135354084,135354584,14,486,2.8000000000000003,97.2
5591,135354584,135355084,8,492,1.6,98.4
5592,135355084,135355584,10,490,2.0,98.0
5593,135355584,135356084,7,493,1.4000000000000001,98.6
5594,135356084,135356584,9,491,1.7999999999999998,98.2
5595,135356584,135357084,8,492,1.6,98.4
5596,135357084,135357584,8,492,1.6,98.4
5597,135357584,135358084,8,492,1.6,98.4
5598,135358084,135358584,8,492,1.6,98.4
5599,135358584,135359084,6,494,1.2,98.8
5600,135359084,135359584,12,488,2.4,97.6
5601,135359584,135360084,8,492,1.6,98.4
5602,135360084,135360584,10,490,2.0,98.0
5603,135360584,135361084,7,493,1.4000000000000001,98.6
5604,135361084,135361584,10,490,2.0,98.0
5605,135361584,135362084,8,492,1.6,98.4
5606,135362084,135362584,9,491,1.7999999999999998,98.2
5607,135362584,135363084,8,492,1.6,98.4
5608,135363084,135363584,9,491,1.7999999999999998,98.2
5609,135363584,135364084,8,492,1.6,98.4
5610,135364084,135364584,11,489,2.1999999999999997,97.8
5611,135364584,135365084,7,493,1.4000000000000001,98.6
5612,135365084,135365584,9,491,1.7999999999999998,98.2
5613,135365584,135366084,8,492,1.6,98.4
5614,135366084,135366584,9,491,1.7999999999999998,98.2
5615,135366584,135367084,7,493,1.4000000000000001,98.6
5616,135367084,135367584,11,489,2.1999999999999997,97.8
5617,135367584,135368084,10,490,2.0,98.0
5618,135368084,135368584,9,491,1.7999999999999998,98.2
5619,135368584,135369084,9,491,1.7999999999999998,98.2
5620,135369084,135369584,11,489,2.1999999999999997,97.8
5621,135369584,135370084,4,496,0.8,99.2
5622,135370084,135370584,8,492,1.6,98.4
5623,135370584,135371084,13,487,2.6,97.4
5624,135371084,135371584,10,490,2.0,98.0
5625,135371584,135372084,8,492,1.6,98.4
5626,135372084,135372584,10,490,2.0,98.0
5627,135372584,135373084,8,492,1.6,98.4
5628,135373084,135373584,9,491,1.7999999999999998,98.2
5629,135373584,135374084,7,493,1.4000000000000001,98.6
5630,135374084,135374584,10,490,2.0,98.0
5631,135374584,135375084,8,492,1.6,98.4
5632,135375084,135375584,9,491,1.7999999999999998,98.2
5633,135375584,135376084,8,492,1.6,98.4
5634,135376084,135376584,9,491,1.7999999999999998,98.2
5635,135376584,135377084,8,492,1.6,98.4
5636,135377084,135377584,5,495,1.0,99.0
5637,135377584,135378084,11,489,2.1999999999999997,97.8
5638,135378084,135378584,9,491,1.7999999999999998,98.2
5639,135378584,135379084,9,491,1.7999999999999998,98.2
5640,135379084,135379584,10,490,2.0,98.0
5641,135379584,135380084,6,494,1.2,98.8
5642,135380084,135380584,10,490,2.0,98.0
5643,135380584,135381084,7,493,1.4000000000000001,98.6
5644,135381084,135381584,10,490,2.0,98.0
5645,135381584,135382084,6,494,1.2,98.8
5646,135382084,135382584,11,489,2.1999999999999997,97.8
5647,135382584,135383084,9,491,1.7999999999999998,98.2
5648,135383084,135383584,11,489,2.1999999999999997,97.8
5649,135383584,135384084,3,497,0.6,99.4
5650,135384084,135384584,13,487,2.6,97.4
5651,135384584,135385084,8,492,1.6,98.4
5652,135385084,135385584,9,491,1.7999999999999998,98.2
5653,135385584,135386084,9,491,1.7999999999999998,98.2
5654,135386084,135386584,7,493,1.4000000000000001,98.6
5655,135386584,135387084,9,491,1.7999999999999998,98.2
5656,135387084,135387584,8,492,1.6,98.4
5657,135387584,135388084,8,492,1.6,98.4
5658,135388084,135388584,11,489,2.1999999999999997,97.8
5659,135388584,135389084,6,494,1.2,98.8
5660,135389084,135389584,11,489,2.1999999999999997,97.8
5661,135389584,135390084,4,496,0.8,99.2
5662,135390084,135390584,16,484,3.2,96.8
5663,135390584,135391084,6,494,1.2,98.8
5664,135391084,135391584,7,493,1.4000000000000001,98.6
5665,135391584,135392084,13,487,2.6,97.4
5666,135392084,135392584,9,491,1.7999999999999998,98.2
5667,135392584,135393084,9,491,1.7999999999999998,98.2
5668,135393084,135393584,11,489,2.1999999999999997,97.8
5669,135393584,135394084,7,493,1.4000000000000001,98.6
5670,135394084,135394584,9,491,1.7999999999999998,98.2
5671,135394584,135395084,6,494,1.2,98.8
5672,135395084,135395584,10,490,2.0,98.0
5673,135395584,135396084,8,492,1.6,98.4
5674,135396084,135396584,11,489,2.1999999999999997,97.8
5675,135396584,135397084,8,492,1.6,98.4
5676,135397084,135397584,9,491,1.7999999999999998,98.2
5677,135397584,135398084,4,496,0.8,99.2
5678,135398084,135398584,8,492,1.6,98.4
5679,135398584,135399084,24,476,4.8,95.2
5680,135399084,135399584,6,494,1.2,98.8
5681,135399584,135400084,3,497,0.6,99.4
5682,135400084,135400584,6,494,1.2,98.8
5683,135400584,135401084,17,483,3.4000000000000004,96.6
5684,135401084,135401584,12,488,2.4,97.6
5685,135401584,135402084,9,491,1.7999999999999998,98.2
5686,135402084,135402584,6,494,1.2,98.8
5687,135402584,135403084,7,493,1.4000000000000001,98.6
5688,135403084,135403584,6,494,1.2,98.8
5689,135403584,135404084,11,489,2.1999999999999997,97.8
5690,135404084,135404584,10,490,2.0,98.0
5691,135404584,135405084,9,491,1.7999999999999998,98.2
5692,135405084,135405584,9,491,1.7999999999999998,98.2
5693,135405584,135406084,7,493,1.4000000000000001,98.6
5694,135406084,135406584,8,492,1.6,98.4
5695,135406584,135407084,9,491,1.7999999999999998,98.2
5696,135407084,135407584,9,491,1.7999999999999998,98.2
5697,135407584,135408084,4,496,0.8,99.2
5698,135408084,135408584,19,481,3.8,96.2
5699,135408584,135409084,7,493,1.4000000000000001,98.6
5700,135409084,135409584,13,487,2.6,97.4
5701,135409584,135410084,6,494,1.2,98.8
5702,135410084,135410584,9,491,1.7999999999999998,98.2
5703,135410584,135411084,7,493,1.4000000000000001,98.6
5704,135411084,135411584,10,490,2.0,98.0
5705,135411584,135412084,9,491,1.7999999999999998,98.2
5706,135412084,135412584,8,492,1.6,98.4
5707,135412584,135413084,9,491,1.7999999999999998,98.2
5708,135413084,135413584,8,492,1.6,98.4
5709,135413584,135414084,8,492,1.6,98.4
5710,135414084,135414584,9,491,1.7999999999999998,98.2
5711,135414584,135415084,7,493,1.4000000000000001,98.6
5712,135415084,135415584,11,489,2.1999999999999997,97.8
5713,135415584,135416084,7,493,1.4000000000000001,98.6
5714,135416084,135416584,10,490,2.0,98.0
5715,135416584,135417084,8,492,1.6,98.4
5716,135417084,135417584,9,491,1.7999999999999998,98.2
5717,135417584,135418084,7,493,1.4000000000000001,98.6
5718,135418084,135418584,10,490,2.0,98.0
5719,135418584,135419084,10,490,2.0,98.0
5720,135419084,135419584,7,493,1.4000000000000001,98.6
5721,135419584,135420084,8,492,1.6,98.4
5722,135420084,135420584,9,491,1.7999999999999998,98.2
5723,135420584,135421084,8,492,1.6,98.4
5724,135421084,135421584,9,491,1.7999999999999998,98.2
5725,135421584,135422084,8,492,1.6,98.4
5726,135422084,135422584,11,489,2.1999999999999997,97.8
5727,135422584,135423084,7,493,1.4000000000000001,98.6
5728,135423084,135423584,9,491,1.7999999999999998,98.2
5729,135423584,135424084,6,494,1.2,98.8
5730,135424084,135424584,18,482,3.5999999999999996,96.4
5731,135424584,135425084,6,494,1.2,98.8
5732,135425084,135425584,11,489,2.1999999999999997,97.8
5733,135425584,135426084,6,494,1.2,98.8
5734,135426084,135426584,10,490,2.0,98.0
5735,135426584,135427084,7,493,1.4000000000000001,98.6
5736,135427084,135427584,9,491,1.7999999999999998,98.2
5737,135427584,135428084,7,493,1.4000000000000001,98.6
5738,135428084,135428584,10,490,2.0,98.0
5739,135428584,135429084,9,491,1.7999999999999998,98.2
5740,135429084,135429584,8,492,1.6,98.4
5741,135429584,135430084,8,492,1.6,98.4
5742,135430084,135430584,8,492,1.6,98.4
5743,135430584,135431084,8,492,1.6,98.4
5744,135431084,135431584,8,492,1.6,98.4
5745,135431584,135432084,9,491,1.7999999999999998,98.2
5746,135432084,135432584,10,490,2.0,98.0
5747,135432584,135433084,15,485,3.0,97.0
5748,135433084,135433584,11,489,2.1999999999999997,97.8
5749,135433584,135434084,5,495,1.0,99.0
5750,135434084,135434584,11,489,2.1999999999999997,97.8
5751,135434584,135435084,7,493,1.4000000000000001,98.6
5752,135435084,135435584,9,491,1.7999999999999998,98.2
5753,135435584,135436084,7,493,1.4000000000000001,98.6
5754,135436084,135436584,9,491,1.7999999999999998,98.2
5755,135436584,135437084,8,492,1.6,98.4
5756,135437084,135437584,9,491,1.7999999999999998,98.2
5757,135437584,135438084,8,492,1.6,98.4
5758,135438084,135438584,8,492,1.6,98.4
5759,135438584,135439084,9,491,1.7999999999999998,98.2
5760,135439084,135439584,7,493,1.4000000000000001,98.6
5761,135439584,135440084,9,491,1.7999999999999998,98.2
5762,135440084,135440584,12,488,2.4,97.6
5763,135440584,135441084,6,494,1.2,98.8
5764,135441084,135441584,10,490,2.0,98.0
5765,135441584,135442084,8,492,1.6,98.4
5766,135442084,135442584,9,491,1.7999999999999998,98.2
5767,135442584,135443084,7,493,1.4000000000000001,98.6
5768,135443084,135443584,9,491,1.7999999999999998,98.2
5769,135443584,135444084,8,492,1.6,98.4
5770,135444084,135444584,9,491,1.7999999999999998,98.2
5771,135444584,135445084,10,490,2.0,98.0
5772,135445084,135445584,8,492,1.6,98.4
5773,135445584,135446084,9,491,1.7999999999999998,98.2
5774,135446084,135446584,9,491,1.7999999999999998,98.2
5775,135446584,135447084,8,492,1.6,98.4
5776,135447084,135447584,8,492,1.6,98.4
5777,135447584,135448084,8,492,1.6,98.4
5778,135448084,135448584,11,489,2.1999999999999997,97.8
5779,135448584,135449084,7,493,1.4000000000000001,98.6
5780,135449084,135449584,9,491,1.7999999999999998,98.2
5781,135449584,135450084,7,493,1.4000000000000001,98.6
5782,135450084,135450584,11,489,2.1999999999999997,97.8
5783,135450584,135451084,7,493,1.4000000000000001,98.6
5784,135451084,135451584,10,490,2.0,98.0
5785,135451584,135452084,9,491,1.7999999999999998,98.2
5786,135452084,135452584,8,492,1.6,98.4
5787,135452584,135453084,9,491,1.7999999999999998,98.2
5788,135453084,135453584,8,492,1.6,98.4
5789,135453584,135454084,9,491,1.7999999999999998,98.2
5790,135454084,135454584,10,490,2.0,98.0
5791,135454584,135455084,8,492,1.6,98.4
5792,135455084,135455584,10,490,2.0,98.0
5793,135455584,135456084,8,492,1.6,98.4
5794,135456084,135456584,9,491,1.7999999999999998,98.2
5795,135456584,135457084,7,493,1.4000000000000001,98.6
5796,135457084,135457584,10,490,2.0,98.0
5797,135457584,135458084,7,493,1.4000000000000001,98.6
5798,135458084,135458584,9,491,1.7999999999999998,98.2
5799,135458584,135459084,7,493,1.4000000000000001,98.6
5800,135459084,135459584,11,489,2.1999999999999997,97.8
5801,135459584,135460084,8,492,1.6,98.4
5802,135460084,135460584,9,491,1.7999999999999998,98.2
5803,135460584,135461084,10,490,2.0,98.0
5804,135461084,135461584,21,479,4.2,95.8
5805,135461584,135462084,8,492,1.6,98.4
5806,135462084,135462584,15,485,3.0,97.0
5807,135462584,135463084,10,490,2.0,98.0
5808,135463084,135463584,7,493,1.4000000000000001,98.6
5809,135463584,135464084,9,491,1.7999999999999998,98.2
5810,135464084,135464584,8,492,1.6,98.4
5811,135464584,135465084,7,493,1.4000000000000001,98.6
5812,135465084,135465584,8,492,1.6,98.4
5813,135465584,135466084,7,493,1.4000000000000001,98.6
5814,135466084,135466584,9,491,1.7999999999999998,98.2
5815,135466584,135467084,7,493,1.4000000000000001,98.6
5816,135467084,135467584,9,491,1.7999999999999998,98.2
5817,135467584,135468084,8,492,1.6,98.4
5818,135468084,135468584,8,492,1.6,98.4
5819,135468584,135469084,7,493,1.4000000000000001,98.6
5820,135469084,135469584,9,491,1.7999999999999998,98.2
5821,135469584,135470084,6,494,1.2,98.8
5822,135470084,135470584,11,489,2.1999999999999997,97.8
5823,135470584,135471084,8,492,1.6,98.4
5824,135471084,135471584,8,492,1.6,98.4
5825,135471584,135472084,8,492,1.6,98.4
5826,135472084,135472584,9,491,1.7999999999999998,98.2
5827,135472584,135473084,7,493,1.4000000000000001,98.6
5828,135473084,135473584,9,491,1.7999999999999998,98.2
5829,135473584,135474084,6,494,1.2,98.8
5830,135474084,135474584,10,490,2.0,98.0
5831,135474584,135475084,6,494,1.2,98.8
5832,135475084,135475584,10,490,2.0,98.0
5833,135475584,135476084,6,494,1.2,98.8
5834,135476084,135476584,6,494,1.2,98.8
5835,135476584,135477084,15,485,3.0,97.0
5836,135477084,135477584,7,493,1.4000000000000001,98.6
5837,135477584,135478084,6,494,1.2,98.8
5838,135478084,135478584,13,487,2.6,97.4
5839,135478584,135479084,15,485,3.0,97.0
5840,135479084,135479584,13,487,2.6,97.4
5841,135479584,135480084,5,495,1.0,99.0
5842,135480084,135480584,12,488,2.4,97.6
5843,135480584,135481084,6,494,1.2,98.8
5844,135481084,135481584,10,490,2.0,98.0
5845,135481584,135482084,7,493,1.4000000000000001,98.6
5846,135482084,135482584,9,491,1.7999999999999998,98.2
5847,135482584,135483084,7,493,1.4000000000000001,98.6
5848,135483084,135483584,10,490,2.0,98.0
5849,135483584,135484084,7,493,1.4000000000000001,98.6
5850,135484084,135484584,9,491,1.7999999999999998,98.2
5851,135484584,135485084,9,491,1.7999999999999998,98.2
5852,135485084,135485584,8,492,1.6,98.4
5853,135485584,135486084,8,492,1.6,98.4
5854,135486084,135486584,8,492,1.6,98.4
5855,135486584,135487084,8,492,1.6,98.4
5856,135487084,135487584,9,491,1.7999999999999998,98.2
5857,135487584,135488084,8,492,1.6,98.4
5858,135488084,135488584,8,492,1.6,98.4
5859,135488584,135489084,8,492,1.6,98.4
5860,135489084,135489584,10,490,2.0,98.0
5861,135489584,135490084,7,493,1.4000000000000001,98.6
5862,135490084,135490584,9,491,1.7999999999999998,98.2
5863,135490584,135491084,7,493,1.4000000000000001,98.6
5864,135491084,135491584,10,490,2.0,98.0
5865,135491584,135492084,7,493,1.4000000000000001,98.6
5866,135492084,135492584,9,491,1.7999999999999998,98.2
5867,135492584,135493084,7,493,1.4000000000000001,98.6
5868,135493084,135493584,11,489,2.1999999999999997,97.8
5869,135493584,135494084,7,493,1.4000000000000001,98.6
5870,135494084,135494584,9,491,1.7999999999999998,98.2
5871,135494584,135495084,8,492,1.6,98.4
5872,135495084,135495584,9,491,1.7999999999999998,98.2
5873,135495584,135496084,8,492,1.6,98.4
5874,135496084,135496584,8,492,1.6,98.4
5875,135496584,135497084,8,492,1.6,98.4
5876,135497084,135497584,11,489,2.1999999999999997,97.8
5877,135497584,135498084,7,493,1.4000000000000001,98.6
5878,135498084,135498584,9,491,1.7999999999999998,98.2
5879,135498584,135499084,8,492,1.6,98.4
5880,135499084,135499584,9,491,1.7999999999999998,98.2
5881,135499584,135500084,7,493,1.4000000000000001,98.6
5882,135500084,135500584,9,491,1.7999999999999998,98.2
5883,135500584,135501084,7,493,1.4000000000000001,98.6
5884,135501084,135501584,9,491,1.7999999999999998,98.2
5885,135501584,135502084,10,490,2.0,98.0
5886,135502084,135502584,8,492,1.6,98.4
5887,135502584,135503084,8,492,1.6,98.4
5888,135503084,135503584,8,492,1.6,98.4
5889,135503584,135504084,8,492,1.6,98.4
5890,135504084,135504584,8,492,1.6,98.4
5891,135504584,135505084,9,491,1.7999999999999998,98.2
5892,135505084,135505584,10,490,2.0,98.0
5893,135505584,135506084,7,493,1.4000000000000001,98.6
5894,135506084,135506584,4,496,0.8,99.2
5895,135506584,135507084,0,500,0.0,100.0
5896,135507084,135507584,0,500,0.0,100.0
5897,135507584,135508084,0,500,0.0,100.0
5898,135508084,135508584,0,500,0.0,100.0
5899,135508584,135509084,0,500,0.0,100.0
5900,135509084,135509584,0,500,0.0,100.0
5901,135509584,135510084,0,500,0.0,100.0
5902,135510084,135510584,0,500,0.0,100.0
5903,135510584,135511084,0,500,0.0,100.0
5904,135511084,135511584,0,500,0.0,100.0
5905,135511584,135512084,0,500,0.0,100.0
5906,135512084,135512584,0,500,0.0,100.0
5907,135512584,135513084,0,500,0.0,100.0
5908,135513084,135513584,0,500,0.0,100.0
5909,135513584,135514084,0,500,0.0,100.0
5910,135514084,135514584,0,500,0.0,100.0
5911,135514584,135515084,0,500,0.0,100.0
5912,135515084,135515584,0,500,0.0,100.0
5913,135515584,135516084,0,500,0.0,100.0
5914,135516084,135516584,0,500,0.0,100.0
5915,135516584,135517084,0,500,0.0,100.0
5916,135517084,135517584,0,500,0.0,100.0
5917,135517584,135518084,0,500,0.0,100.0
5918,135518084,135518584,0,500,0.0,100.0
5919,135518584,135519084,0,500,0.0,100.0
5920,135519084,135519584,0,500,0.0,100.0
5921,135519584,135520084,0,500,0.0,100.0
5922,135520084,135520584,0,500,0.0,100.0
5923,135520584,135521084,0,500,0.0,100.0
5924,135521084,135521584,0,500,0.0,100.0
5925,135521584,135522084,0,500,0.0,100.0
5926,135522084,135522584,0,500,0.0,100.0
5927,135522584,135523084,0,500,0.0,100.0
5928,135523084,135523584,0,500,0.0,100.0
5929,135523584,135524084,0,500,0.0,100.0
5930,135524084,135524584,0,500,0.0,100.0
5931,135524584,135525084,0,500,0.0,100.0
5932,135525084,135525584,0,500,0.0,100.0
5933,135525584,135526084,0,500,0.0,100.0
5934,135526084,135526584,0,500,0.0,100.0
5935,135526584,135527084,0,500,0.0,100.0
5936,135527084,135527584,0,500,0.0,100.0
5937,135527584,135528084,0,500,0.0,100.0
5938,135528084,135528584,0,500,0.0,100.0
5939,135528584,135529084,0,500,0.0,100.0
5940,135529084,135529584,0,500,0.0,100.0
5941,135529584,135530084,0,500,0.0,100.0
5942,135530084,135530584,0,500,0.0,100.0
5943,135530584,135531084,0,500,0.0,100.0
5944,135531084,135531584,0,500,0.0,100.0
5945,135531584,135532084,0,500,0.0,100.0
5946,135532084,135532584,0,500,0.0,100.0
5947,135532584,135533084,0,500,0.0,100.0
5948,135533084,135533584,0,500,0.0,100.0
5949,135533584,135534084,0,500,0.0,100.0
5950,135534084,135534584,0,500,0.0,100.0
5951,135534584,135535084,0,500,0.0,100.0
5952,135535084,135535584,0,500,0.0,100.0
5953,135535584,135536084,0,500,0.0,100.0
5954,135536084,135536584,0,500,0.0,100.0
5955,135536584,135537084,0,500,0.0,100.0
5956,135537084,135537584,0,500,0.0,100.0
5957,135537584,135538084,0,500,0.0,100.0
5958,135538084,135538584,0,500,0.0,100.0
5959,135538584,135539084,0,500,0.0,100.0
5960,135539084,135539584,0,500,0.0,100.0
5961,135539584,135540084,0,500,0.0,100.0
5962,135540084,135540584,0,500,0.0,100.0
5963,135540584,135541084,0,500,0.0,100.0
5964,135541084,135541584,0,500,0.0,100.0
5965,135541584,135542084,0,500,0.0,100.0
5966,135542084,135542584,0,500,0.0,100.0
5967,135542584,135543084,0,500,0.0,100.0
5968,135543084,135543584,0,500,0.0,100.0
5969,135543584,135544084,0,500,0.0,100.0
5970,135544084,135544584,0,500,0.0,100.0
5971,135544584,135545084,0,500,0.0,100.0
5972,135545084,135545584,0,500,0.0,100.0
5973,135545584,135546084,0,500,0.0,100.0
5974,135546084,135546584,0,500,0.0,100.0
5975,135546584,135547084,0,500,0.0,100.0
5976,135547084,135547584,0,500,0.0,100.0
5977,135547584,135548084,0,500,0.0,100.0
5978,135548084,135548584,0,500,0.0,100.0
5979,135548584,135549084,0,500,0.0,100.0
5980,135549084,135549584,0,500,0.0,100.0
5981,135549584,135550084,0,500,0.0,100.0
5982,135550084,135550584,0,500,0.0,100.0
5983,135550584,135551084,0,500,0.0,100.0
5984,135551084,135551584,0,500,0.0,100.0
5985,135551584,135552084,0,500,0.0,100.0
5986,135552084,135552584,0,500,0.0,100.0
5987,135552584,135553084,0,500,0.0,100.0
5988,135553084,135553584,23,477,4.6,95.4
5989,135553584,135554084,6,494,1.2,98.8
5990,135554084,135554584,18,482,3.5999999999999996,96.4
5991,135554584,135555084,7,493,1.4000000000000001,98.6
5992,135555084,135555584,9,491,1.7999999999999998,98.2
5993,135555584,135556084,7,493,1.4000000000000001,98.6
5994,135556084,135556584,9,491,1.7999999999999998,98.2
5995,135556584,135557084,8,492,1.6,98.4
5996,135557084,135557584,8,492,1.6,98.4
5997,135557584,135558084,7,493,1.4000000000000001,98.6
5998,135558084,135558584,9,491,1.7999999999999998,98.2
5999,135558584,135559084,7,493,1.4000000000000001,98.6
6000,135559084,135559584,11,489,2.1999999999999997,97.8
6001,135559584,135560084,7,493,1.4000000000000001,98.6
6002,135560084,135560584,8,492,1.6,98.4
6003,135560584,135561084,8,492,1.6,98.4
6004,135561084,135561584,8,492,1.6,98.4
6005,135561584,135562084,23,477,4.6,95.4
6006,135562084,135562584,9,491,1.7999999999999998,98.2
6007,135562584,135563084,8,492,1.6,98.4
6008,135563084,135563584,8,492,1.6,98.4
6009,135563584,135564084,8,492,1.6,98.4
6010,135564084,135564584,8,492,1.6,98.4
6011,135564584,135565084,8,492,1.6,98.4
6012,135565084,135565584,9,491,1.7999999999999998,98.2
6013,135565584,135566084,8,492,1.6,98.4
6014,135566084,135566584,10,490,2.0,98.0
6015,135566584,135567084,6,494,1.2,98.8
6016,135567084,135567584,10,490,2.0,98.0
6017,135567584,135568084,7,493,1.4000000000000001,98.6
6018,135568084,135568584,9,491,1.7999999999999998,98.2
6019,135568584,135569084,7,493,1.4000000000000001,98.6
6020,135569084,135569584,9,491,1.7999999999999998,98.2
6021,135569584,135570084,9,491,1.7999999999999998,98.2
6022,135570084,135570584,16,484,3.2,96.8
6023,135570584,135571084,7,493,1.4000000000000001,98.6
6024,135571084,135571584,10,490,2.0,98.0
6025,135571584,135572084,7,493,1.4000000000000001,98.6
6026,135572084,135572584,9,491,1.7999999999999998,98.2
6027,135572584,135573084,7,493,1.4000000000000001,98.6
6028,135573084,135573584,11,489,2.1999999999999997,97.8
6029,135573584,135574084,7,493,1.4000000000000001,98.6
6030,135574084,135574584,9,491,1.7999999999999998,98.2
6031,135574584,135575084,8,492,1.6,98.4
6032,135575084,135575584,8,492,1.6,98.4
6033,135575584,135576084,8,492,1.6,98.4
6034,135576084,135576584,9,491,1.7999999999999998,98.2
6035,135576584,135577084,8,492,1.6,98.4
6036,135577084,135577584,10,490,2.0,98.0
6037,135577584,135578084,6,494,1.2,98.8
6038,135578084,135578584,11,489,2.1999999999999997,97.8
6039,135578584,135579084,7,493,1.4000000000000001,98.6
6040,135579084,135579584,9,491,1.7999999999999998,98.2
6041,135579584,135580084,7,493,1.4000000000000001,98.6
6042,135580084,135580584,10,490,2.0,98.0
6043,135580584,135581084,6,494,1.2,98.8
6044,135581084,135581584,9,491,1.7999999999999998,98.2
6045,135581584,135582084,7,493,1.4000000000000001,98.6
6046,135582084,135582584,9,491,1.7999999999999998,98.2
6047,135582584,135583084,8,492,1.6,98.4
6048,135583084,135583584,8,492,1.6,98.4
6049,135583584,135584084,9,491,1.7999999999999998,98.2
6050,135584084,135584584,6,494,1.2,98.8
6051,135584584,135585084,8,492,1.6,98.4
6052,135585084,135585584,10,490,2.0,98.0
6053,135585584,135586084,6,494,1.2,98.8
6054,135586084,135586584,10,490,2.0,98.0
6055,135586584,135587084,7,493,1.4000000000000001,98.6
6056,135587084,135587584,10,490,2.0,98.0
6057,135587584,135588084,7,493,1.4000000000000001,98.6
6058,135588084,135588584,7,493,1.4000000000000001,98.6
6059,135588584,135589084,5,495,1.0,99.0
6060,135589084,135589584,17,483,3.4000000000000004,96.6
6061,135589584,135590084,7,493,1.4000000000000001,98.6
6062,135590084,135590584,9,491,1.7999999999999998,98.2
6063,135590584,135591084,7,493,1.4000000000000001,98.6
6064,135591084,135591584,10,490,2.0,98.0
6065,135591584,135592084,7,493,1.4000000000000001,98.6
6066,135592084,135592584,9,491,1.7999999999999998,98.2
6067,135592584,135593084,9,491,1.7999999999999998,98.2
6068,135593084,135593584,8,492,1.6,98.4
6069,135593584,135594084,4,496,0.8,99.2
6070,135594084,135594584,12,488,2.4,97.6
6071,135594584,135595084,9,491,1.7999999999999998,98.2
6072,135595084,135595584,8,492,1.6,98.4
6073,135595584,135596084,8,492,1.6,98.4
6074,135596084,135596584,9,491,1.7999999999999998,98.2
6075,135596584,135597084,8,492,1.6,98.4
6076,135597084,135597584,8,492,1.6,98.4
6077,135597584,135598084,8,492,1.6,98.4
6078,135598084,135598584,11,489,2.1999999999999997,97.8
6079,135598584,135599084,6,494,1.2,98.8
6080,135599084,135599584,10,490,2.0,98.0
6081,135599584,135600084,7,493,1.4000000000000001,98.6
6082,135600084,135600584,10,490,2.0,98.0
6083,135600584,135601084,18,482,3.5999999999999996,96.4
6084,135601084,135601584,9,491,1.7999999999999998,98.2
6085,135601584,135602084,6,494,1.2,98.8
6086,135602084,135602584,10,490,2.0,98.0
6087,135602584,135603084,7,493,1.4000000000000001,98.6
6088,135603084,135603584,9,491,1.7999999999999998,98.2
6089,135603584,135604084,9,491,1.7999999999999998,98.2
6090,135604084,135604584,8,492,1.6,98.4
6091,135604584,135605084,8,492,1.6,98.4
6092,135605084,135605584,9,491,1.7999999999999998,98.2
6093,135605584,135606084,8,492,1.6,98.4
6094,135606084,135606584,8,492,1.6,98.4
6095,135606584,135607084,8,492,1.6,98.4
6096,135607084,135607584,9,491,1.7999999999999998,98.2
6097,135607584,135608084,8,492,1.6,98.4
6098,135608084,135608584,10,490,2.0,98.0
6099,135608584,135609084,7,493,1.4000000000000001,98.6
6100,135609084,135609584,9,491,1.7999999999999998,98.2
6101,135609584,135610084,7,493,1.4000000000000001,98.6
6102,135610084,135610584,10,490,2.0,98.0
6103,135610584,135611084,7,493,1.4000000000000001,98.6
6104,135611084,135611584,10,490,2.0,98.0
6105,135611584,135612084,7,493,1.4000000000000001,98.6
6106,135612084,135612584,9,491,1.7999999999999998,98.2
6107,135612584,135613084,9,491,1.7999999999999998,98.2
6108,135613084,135613584,8,492,1.6,98.4
6109,135613584,135614084,8,492,1.6,98.4
6110,135614084,135614584,9,491,1.7999999999999998,98.2
6111,135614584,135615084,8,492,1.6,98.4
6112,135615084,135615584,8,492,1.6,98.4
6113,135615584,135616084,8,492,1.6,98.4
6114,135616084,135616584,11,489,2.1999999999999997,97.8
6115,135616584,135617084,5,495,1.0,99.0
6116,135617084,135617584,11,489,2.1999999999999997,97.8
6117,135617584,135618084,7,493,1.4000000000000001,98.6
6118,135618084,135618584,9,491,1.7999999999999998,98.2
6119,135618584,135619084,7,493,1.4000000000000001,98.6
6120,135619084,135619584,10,490,2.0,98.0
6121,135619584,135620084,7,493,1.4000000000000001,98.6
6122,135620084,135620584,9,491,1.7999999999999998,98.2
6123,135620584,135621084,7,493,1.4000000000000001,98.6
6124,135621084,135621584,10,490,2.0,98.0
6125,135621584,135622084,8,492,1.6,98.4
6126,135622084,135622584,8,492,1.6,98.4
6127,135622584,135623084,8,492,1.6,98.4
6128,135623084,135623584,8,492,1.6,98.4
6129,135623584,135624084,29,471,5.800000000000001,94.2
6130,135624084,135624584,12,488,2.4,97.6
6131,135624584,135625084,7,493,1.4000000000000001,98.6
6132,135625084,135625584,9,491,1.7999999999999998,98.2
6133,135625584,135626084,8,492,1.6,98.4
6134,135626084,135626584,8,492,1.6,98.4
6135,135626584,135627084,8,492,1.6,98.4
6136,135627084,135627584,9,491,1.7999999999999998,98.2
6137,135627584,135628084,8,492,1.6,98.4
6138,135628084,135628584,9,491,1.7999999999999998,98.2
6139,135628584,135629084,8,492,1.6,98.4
6140,135629084,135629584,8,492,1.6,98.4
6141,135629584,135630084,6,494,1.2,98.8
6142,135630084,135630584,13,487,2.6,97.4
6143,135630584,135631084,8,492,1.6,98.4
6144,135631084,135631584,86,414,17.2,82.8
6145,135631584,135632084,9,491,1.7999999999999998,98.2
6146,135632084,135632584,14,486,2.8000000000000003,97.2
6147,135632584,135633084,7,493,1.4000000000000001,98.6
6148,135633084,135633584,10,490,2.0,98.0
6149,135633584,135634084,7,493,1.4000000000000001,98.6
6150,135634084,135634584,7,493,1.4000000000000001,98.6
6151,135634584,135635084,0,500,0.0,100.0
6152,135635084,135635584,0,500,0.0,100.0
6153,135635584,135636084,0,500,0.0,100.0
6154,135636084,135636584,15,485,3.0,97.0
6155,135636584,135637084,6,494,1.2,98.8
6156,135637084,135637584,11,489,2.1999999999999997,97.8
6157,135637584,135638084,7,493,1.4000000000000001,98.6
6158,135638084,135638584,9,491,1.7999999999999998,98.2
6159,135638584,135639084,8,492,1.6,98.4
6160,135639084,135639584,8,492,1.6,98.4
6161,135639584,135640084,6,494,1.2,98.8
6162,135640084,135640584,16,484,3.2,96.8
6163,135640584,135641084,8,492,1.6,98.4
6164,135641084,135641584,9,491,1.7999999999999998,98.2
6165,135641584,135642084,7,493,1.4000000000000001,98.6
6166,135642084,135642584,10,490,2.0,98.0
6167,135642584,135643084,7,493,1.4000000000000001,98.6
6168,135643084,135643584,9,491,1.7999999999999998,98.2
6169,135643584,135644084,9,491,1.7999999999999998,98.2
6170,135644084,135644584,9,491,1.7999999999999998,98.2
6171,135644584,135645084,8,492,1.6,98.4
6172,135645084,135645584,8,492,1.6,98.4
6173,135645584,135646084,8,492,1.6,98.4
6174,135646084,135646584,9,491,1.7999999999999998,98.2
6175,135646584,135647084,7,493,1.4000000000000001,98.6
6176,135647084,135647584,12,488,2.4,97.6
6177,135647584,135648084,17,483,3.4000000000000004,96.6
6178,135648084,135648584,9,491,1.7999999999999998,98.2
6179,135648584,135649084,8,492,1.6,98.4
6180,135649084,135649584,9,491,1.7999999999999998,98.2
6181,135649584,135650084,7,493,1.4000000000000001,98.6
6182,135650084,135650584,9,491,1.7999999999999998,98.2
6183,135650584,135651084,8,492,1.6,98.4
6184,135651084,135651584,8,492,1.6,98.4
6185,135651584,135652084,8,492,1.6,98.4
6186,135652084,135652584,9,491,1.7999999999999998,98.2
6187,135652584,135653084,9,491,1.7999999999999998,98.2
6188,135653084,135653584,8,492,1.6,98.4
6189,135653584,135654084,9,491,1.7999999999999998,98.2
6190,135654084,135654584,8,492,1.6,98.4
6191,135654584,135655084,8,492,1.6,98.4
6192,135655084,135655584,9,491,1.7999999999999998,98.2
6193,135655584,135656084,11,489,2.1999999999999997,97.8
6194,135656084,135656584,9,491,1.7999999999999998,98.2
6195,135656584,135657084,9,491,1.7999999999999998,98.2
6196,135657084,135657584,9,491,1.7999999999999998,98.2
6197,135657584,135658084,8,492,1.6,98.4
6198,135658084,135658584,8,492,1.6,98.4
6199,135658584,135659084,8,492,1.6,98.4
6200,135659084,135659584,8,492,1.6,98.4
6201,135659584,135660084,8,492,1.6,98.4
6202,135660084,135660584,8,492,1.6,98.4
6203,135660584,135661084,9,491,1.7999999999999998,98.2
6204,135661084,135661584,8,492,1.6,98.4
6205,135661584,135662084,4,496,0.8,99.2
6206,135662084,135662584,14,486,2.8000000000000003,97.2
6207,135662584,135663084,7,493,1.4000000000000001,98.6
6208,135663084,135663584,11,489,2.1999999999999997,97.8
6209,135663584,135664084,7,493,1.4000000000000001,98.6
6210,135664084,135664584,9,491,1.7999999999999998,98.2
6211,135664584,135665084,8,492,1.6,98.4
6212,135665084,135665584,9,491,1.7999999999999998,98.2
6213,135665584,135666084,8,492,1.6,98.4
6214,135666084,135666584,8,492,1.6,98.4
6215,135666584,135667084,7,493,1.4000000000000001,98.6
6216,135667084,135667584,10,490,2.0,98.0
6217,135667584,135668084,7,493,1.4000000000000001,98.6
6218,135668084,135668584,9,491,1.7999999999999998,98.2
6219,135668584,135669084,6,494,1.2,98.8
6220,135669084,135669584,6,494,1.2,98.8
6221,135669584,135670084,5,495,1.0,99.0
6222,135670084,135670584,11,489,2.1999999999999997,97.8
6223,135670584,135671084,12,488,2.4,97.6
6224,135671084,135671584,11,489,2.1999999999999997,97.8
6225,135671584,135672084,7,493,1.4000000000000001,98.6
6226,135672084,135672584,9,491,1.7999999999999998,98.2
6227,135672584,135673084,7,493,1.4000000000000001,98.6
6228,135673084,135673584,10,490,2.0,98.0
6229,135673584,135674084,7,493,1.4000000000000001,98.6
6230,135674084,135674584,9,491,1.7999999999999998,98.2
6231,135674584,135675084,7,493,1.4000000000000001,98.6
6232,135675084,135675584,11,489,2.1999999999999997,97.8
6233,135675584,135676084,8,492,1.6,98.4
6234,135676084,135676584,8,492,1.6,98.4
6235,135676584,135677084,9,491,1.7999999999999998,98.2
6236,135677084,135677584,8,492,1.6,98.4
6237,135677584,135678084,3,497,0.6,99.4
6238,135678084,135678584,14,486,2.8000000000000003,97.2
6239,135678584,135679084,8,492,1.6,98.4
6240,135679084,135679584,8,492,1.6,98.4
6241,135679584,135680084,9,491,1.7999999999999998,98.2
6242,135680084,135680584,8,492,1.6,98.4
6243,135680584,135681084,8,492,1.6,98.4
6244,135681084,135681584,8,492,1.6,98.4
6245,135681584,135682084,8,492,1.6,98.4
6246,135682084,135682584,9,491,1.7999999999999998,98.2
6247,135682584,135683084,8,492,1.6,98.4
6248,135683084,135683584,9,491,1.7999999999999998,98.2
6249,135683584,135684084,7,493,1.4000000000000001,98.6
6250,135684084,135684584,9,491,1.7999999999999998,98.2
6251,135684584,135685084,8,492,1.6,98.4
6252,135685084,135685584,6,494,1.2,98.8
6253,135685584,135686084,10,490,2.0,98.0
6254,135686084,135686584,9,491,1.7999999999999998,98.2
6255,135686584,135687084,8,492,1.6,98.4
6256,135687084,135687584,20,480,4.0,96.0
6257,135687584,135688084,7,493,1.4000000000000001,98.6
6258,135688084,135688584,9,491,1.7999999999999998,98.2
6259,135688584,135689084,8,492,1.6,98.4
6260,135689084,135689584,9,491,1.7999999999999998,98.2
6261,135689584,135690084,8,492,1.6,98.4
6262,135690084,135690584,8,492,1.6,98.4
6263,135690584,135691084,8,492,1.6,98.4
6264,135691084,135691584,9,491,1.7999999999999998,98.2
6265,135691584,135692084,10,490,2.0,98.0
6266,135692084,135692584,7,493,1.4000000000000001,98.6
6267,135692584,135693084,8,492,1.6,98.4
6268,135693084,135693584,9,491,1.7999999999999998,98.2
6269,135693584,135694084,10,490,2.0,98.0
6270,135694084,135694584,9,491,1.7999999999999998,98.2
6271,135694584,135695084,8,492,1.6,98.4
6272,135695084,135695584,8,492,1.6,98.4
6273,135695584,135696084,9,491,1.7999999999999998,98.2
6274,135696084,135696584,9,491,1.7999999999999998,98.2
6275,135696584,135697084,7,493,1.4000000000000001,98.6
6276,135697084,135697584,8,492,1.6,98.4
6277,135697584,135698084,7,493,1.4000000000000001,98.6
6278,135698084,135698584,10,490,2.0,98.0
6279,135698584,135699084,6,494,1.2,98.8
6280,135699084,135699584,10,490,2.0,98.0
6281,135699584,135700084,7,493,1.4000000000000001,98.6
6282,135700084,135700584,11,489,2.1999999999999997,97.8
6283,135700584,135701084,9,491,1.7999999999999998,98.2
6284,135701084,135701584,8,492,1.6,98.4
6285,135701584,135702084,5,495,1.0,99.0
6286,135702084,135702584,21,479,4.2,95.8
6287,135702584,135703084,8,492,1.6,98.4
6288,135703084,135703584,9,491,1.7999999999999998,98.2
6289,135703584,135704084,8,492,1.6,98.4
6290,135704084,135704584,9,491,1.7999999999999998,98.2
6291,135704584,135705084,7,493,1.4000000000000001,98.6
6292,135705084,135705584,9,491,1.7999999999999998,98.2
6293,135705584,135706084,8,492,1.6,98.4
6294,135706084,135706584,10,490,2.0,98.0
6295,135706584,135707084,6,494,1.2,98.8
6296,135707084,135707584,10,490,2.0,98.0
6297,135707584,135708084,7,493,1.4000000000000001,98.6
6298,135708084,135708584,9,491,1.7999999999999998,98.2
6299,135708584,135709084,6,494,1.2,98.8
6300,135709084,135709584,16,484,3.2,96.8
6301,135709584,135710084,7,493,1.4000000000000001,98.6
6302,135710084,135710584,12,488,2.4,97.6
6303,135710584,135711084,7,493,1.4000000000000001,98.6
6304,135711084,135711584,9,491,1.7999999999999998,98.2
6305,135711584,135712084,8,492,1.6,98.4
6306,135712084,135712584,8,492,1.6,98.4
6307,135712584,135713084,7,493,1.4000000000000001,98.6
6308,135713084,135713584,11,489,2.1999999999999997,97.8
6309,135713584,135714084,8,492,1.6,98.4
6310,135714084,135714584,9,491,1.7999999999999998,98.2
6311,135714584,135715084,7,493,1.4000000000000001,98.6
6312,135715084,135715584,8,492,1.6,98.4
6313,135715584,135716084,11,489,2.1999999999999997,97.8
6314,135716084,135716584,9,491,1.7999999999999998,98.2
6315,135716584,135717084,8,492,1.6,98.4
6316,135717084,135717584,8,492,1.6,98.4
6317,135717584,135718084,9,491,1.7999999999999998,98.2
6318,135718084,135718584,9,491,1.7999999999999998,98.2
6319,135718584,135719084,8,492,1.6,98.4
6320,135719084,135719584,9,491,1.7999999999999998,98.2
6321,135719584,135720084,7,493,1.4000000000000001,98.6
6322,135720084,135720584,9,491,1.7999999999999998,98.2
6323,135720584,135721084,7,493,1.4000000000000001,98.6
6324,135721084,135721584,10,490,2.0,98.0
6325,135721584,135722084,7,493,1.4000000000000001,98.6
6326,135722084,135722584,9,491,1.7999999999999998,98.2
6327,135722584,135723084,9,491,1.7999999999999998,98.2
6328,135723084,135723584,10,490,2.0,98.0
6329,135723584,135724084,15,485,3.0,97.0
6330,135724084,135724584,8,492,1.6,98.4
6331,135724584,135725084,8,492,1.6,98.4
6332,135725084,135725584,9,491,1.7999999999999998,98.2
6333,135725584,135726084,8,492,1.6,98.4
6334,135726084,135726584,10,490,2.0,98.0
6335,135726584,135727084,6,494,1.2,98.8
6336,135727084,135727584,9,491,1.7999999999999998,98.2
6337,135727584,135728084,7,493,1.4000000000000001,98.6
6338,135728084,135728584,9,491,1.7999999999999998,98.2
6339,135728584,135729084,5,495,1.0,99.0
6340,135729084,135729584,11,489,2.1999999999999997,97.8
6341,135729584,135730084,10,490,2.0,98.0
6342,135730084,135730584,13,487,2.6,97.4
6343,135730584,135731084,7,493,1.4000000000000001,98.6
6344,135731084,135731584,5,495,1.0,99.0
6345,135731584,135732084,11,489,2.1999999999999997,97.8
6346,135732084,135732584,10,490,2.0,98.0
6347,135732584,135733084,7,493,1.4000000000000001,98.6
6348,135733084,135733584,9,491,1.7999999999999998,98.2
6349,135733584,135734084,8,492,1.6,98.4
6350,135734084,135734584,10,490,2.0,98.0
6351,135734584,135735084,8,492,1.6,98.4
6352,135735084,135735584,9,491,1.7999999999999998,98.2
6353,135735584,135736084,8,492,1.6,98.4
6354,135736084,135736584,9,491,1.7999999999999998,98.2
6355,135736584,135737084,6,494,1.2,98.8
6356,135737084,135737584,10,490,2.0,98.0
6357,135737584,135738084,9,491,1.7999999999999998,98.2
6358,135738084,135738584,9,491,1.7999999999999998,98.2
6359,135738584,135739084,8,492,1.6,98.4
6360,135739084,135739584,10,490,2.0,98.0
6361,135739584,135740084,12,488,2.4,97.6
6362,135740084,135740584,8,492,1.6,98.4
6363,135740584,135741084,11,489,2.1999999999999997,97.8
6364,135741084,135741584,9,491,1.7999999999999998,98.2
6365,135741584,135742084,9,491,1.7999999999999998,98.2
6366,135742084,135742584,10,490,2.0,98.0
6367,135742584,135743084,7,493,1.4000000000000001,98.6
6368,135743084,135743584,9,491,1.7999999999999998,98.2
6369,135743584,135744084,8,492,1.6,98.4
6370,135744084,135744584,9,491,1.7999999999999998,98.2
6371,135744584,135745084,7,493,1.4000000000000001,98.6
6372,135745084,135745584,9,491,1.7999999999999998,98.2
6373,135745584,135746084,8,492,1.6,98.4
6374,135746084,135746584,7,493,1.4000000000000001,98.6
6375,135746584,135747084,7,493,1.4000000000000001,98.6
6376,135747084,135747584,8,492,1.6,98.4
6377,135747584,135748084,11,489,2.1999999999999997,97.8
6378,135748084,135748584,10,490,2.0,98.0
6379,135748584,135749084,12,488,2.4,97.6
6380,135749084,135749584,9,491,1.7999999999999998,98.2
6381,135749584,135750084,9,491,1.7999999999999998,98.2
6382,135750084,135750584,8,492,1.6,98.4
6383,135750584,135751084,8,492,1.6,98.4
6384,135751084,135751584,9,491,1.7999999999999998,98.2
6385,135751584,135752084,8,492,1.6,98.4
6386,135752084,135752584,10,490,2.0,98.0
6387,135752584,135753084,7,493,1.4000000000000001,98.6
6388,135753084,135753584,10,490,2.0,98.0
6389,135753584,135754084,8,492,1.6,98.4
6390,135754084,135754584,9,491,1.7999999999999998,98.2
6391,135754584,135755084,7,493,1.4000000000000001,98.6
6392,135755084,135755584,27,473,5.4,94.6
6393,135755584,135756084,11,489,2.1999999999999997,97.8
6394,135756084,135756584,9,491,1.7999999999999998,98.2
6395,135756584,135757084,8,492,1.6,98.4
6396,135757084,135757584,10,490,2.0,98.0
6397,135757584,135758084,6,494,1.2,98.8
6398,135758084,135758584,11,489,2.1999999999999997,97.8
6399,135758584,135759084,7,493,1.4000000000000001,98.6
6400,135759084,135759584,10,490,2.0,98.0
6401,135759584,135760084,7,493,1.4000000000000001,98.6
6402,135760084,135760584,8,492,1.6,98.4
6403,135760584,135761084,8,492,1.6,98.4
6404,135761084,135761584,8,492,1.6,98.4
6405,135761584,135762084,8,492,1.6,98.4
6406,135762084,135762584,8,492,1.6,98.4
6407,135762584,135763084,7,493,1.4000000000000001,98.6
6408,135763084,135763584,9,491,1.7999999999999998,98.2
6409,135763584,135764084,12,488,2.4,97.6
6410,135764084,135764584,9,491,1.7999999999999998,98.2
6411,135764584,135765084,9,491,1.7999999999999998,98.2
6412,135765084,135765584,10,490,2.0,98.0
6413,135765584,135766084,8,492,1.6,98.4
6414,135766084,135766584,8,492,1.6,98.4
6415,135766584,135767084,8,492,1.6,98.4
6416,135767084,135767584,8,492,1.6,98.4
6417,135767584,135768084,8,492,1.6,98.4
6418,135768084,135768584,11,489,2.1999999999999997,97.8
6419,135768584,135769084,8,492,1.6,98.4
6420,135769084,135769584,9,491,1.7999999999999998,98.2
6421,135769584,135770084,8,492,1.6,98.4
6422,135770084,135770584,9,491,1.7999999999999998,98.2
6423,135770584,135771084,6,494,1.2,98.8
6424,135771084,135771584,9,491,1.7999999999999998,98.2
6425,135771584,135772084,11,489,2.1999999999999997,97.8
6426,135772084,135772584,8,492,1.6,98.4
6427,135772584,135773084,9,491,1.7999999999999998,98.2
6428,135773084,135773584,9,491,1.7999999999999998,98.2
6429,135773584,135774084,8,492,1.6,98.4
6430,135774084,135774584,10,490,2.0,98.0
6431,135774584,135775084,7,493,1.4000000000000001,98.6
6432,135775084,135775584,10,490,2.0,98.0
6433,135775584,135776084,9,491,1.7999999999999998,98.2
6434,135776084,135776584,8,492,1.6,98.4
6435,135776584,135777084,8,492,1.6,98.4
6436,135777084,135777584,10,490,2.0,98.0
6437,135777584,135778084,11,489,2.1999999999999997,97.8
6438,135778084,135778584,8,492,1.6,98.4
6439,135778584,135779084,10,490,2.0,98.0
6440,135779084,135779584,10,490,2.0,98.0
6441,135779584,135780084,8,492,1.6,98.4
6442,135780084,135780584,9,491,1.7999999999999998,98.2
6443,135780584,135781084,8,492,1.6,98.4
6444,135781084,135781584,10,490,2.0,98.0
6445,135781584,135782084,7,493,1.4000000000000001,98.6
6446,135782084,135782584,10,490,2.0,98.0
6447,135782584,135783084,7,493,1.4000000000000001,98.6
6448,135783084,135783584,9,491,1.7999999999999998,98.2
6449,135783584,135784084,8,492,1.6,98.4
6450,135784084,135784584,8,492,1.6,98.4
6451,135784584,135785084,6,494,1.2,98.8
6452,135785084,135785584,3,497,0.6,99.4
6453,135785584,135786084,9,491,1.7999999999999998,98.2
6454,135786084,135786584,14,486,2.8000000000000003,97.2
6455,135786584,135787084,9,491,1.7999999999999998,98.2
6456,135787084,135787584,10,490,2.0,98.0
6457,135787584,135788084,8,492,1.6,98.4
6458,135788084,135788584,9,491,1.7999999999999998,98.2
6459,135788584,135789084,8,492,1.6,98.4
6460,135789084,135789584,9,491,1.7999999999999998,98.2
6461,135789584,135790084,8,492,1.6,98.4
6462,135790084,135790584,9,491,1.7999999999999998,98.2
6463,135790584,135791084,6,494,1.2,98.8
6464,135791084,135791584,11,489,2.1999999999999997,97.8
6465,135791584,135792084,7,493,1.4000000000000001,98.6
6466,135792084,135792584,10,490,2.0,98.0
6467,135792584,135793084,7,493,1.4000000000000001,98.6
6468,135793084,135793584,13,487,2.6,97.4
6469,135793584,135794084,8,492,1.6,98.4
6470,135794084,135794584,12,488,2.4,97.6
6471,135794584,135795084,9,491,1.7999999999999998,98.2
6472,135795084,135795584,8,492,1.6,98.4
6473,135795584,135796084,8,492,1.6,98.4
6474,135796084,135796584,8,492,1.6,98.4
6475,135796584,135797084,9,491,1.7999999999999998,98.2
6476,135797084,135797584,9,491,1.7999999999999998,98.2
6477,135797584,135798084,6,494,1.2,98.8
6478,135798084,135798584,11,489,2.1999999999999997,97.8
6479,135798584,135799084,7,493,1.4000000000000001,98.6
6480,135799084,135799584,10,490,2.0,98.0
6481,135799584,135800084,7,493,1.4000000000000001,98.6
6482,135800084,135800584,9,491,1.7999999999999998,98.2
6483,135800584,135801084,7,493,1.4000000000000001,98.6
6484,135801084,135801584,7,493,1.4000000000000001,98.6
6485,135801584,135802084,10,490,2.0,98.0
6486,135802084,135802584,9,491,1.7999999999999998,98.2
6487,135802584,135803084,9,491,1.7999999999999998,98.2
6488,135803084,135803584,7,493,1.4000000000000001,98.6
6489,135803584,135804084,8,492,1.6,98.4
6490,135804084,135804584,9,491,1.7999999999999998,98.2
6491,135804584,135805084,7,493,1.4000000000000001,98.6
6492,135805084,135805584,10,490,2.0,98.0
6493,135805584,135806084,7,493,1.4000000000000001,98.6
6494,135806084,135806584,10,490,2.0,98.0
6495,135806584,135807084,7,493,1.4000000000000001,98.6
6496,135807084,135807584,8,492,1.6,98.4
6497,135807584,135808084,8,492,1.6,98.4
6498,135808084,135808584,8,492,1.6,98.4
6499,135808584,135809084,8,492,1.6,98.4
6500,135809084,135809584,8,492,1.6,98.4
6501,135809584,135810084,12,488,2.4,97.6
6502,135810084,135810584,19,481,3.8,96.2
6503,135810584,135811084,10,490,2.0,98.0
6504,135811084,135811584,11,489,2.1999999999999997,97.8
6505,135811584,135812084,7,493,1.4000000000000001,98.6
6506,135812084,135812584,10,490,2.0,98.0
6507,135812584,135813084,7,493,1.4000000000000001,98.6
6508,135813084,135813584,9,491,1.7999999999999998,98.2
6509,135813584,135814084,7,493,1.4000000000000001,98.6
6510,135814084,135814584,8,492,1.6,98.4
6511,135814584,135815084,8,492,1.6,98.4
6512,135815084,135815584,10,490,2.0,98.0
6513,135815584,135816084,7,493,1.4000000000000001,98.6
6514,135816084,135816584,9,491,1.7999999999999998,98.2
6515,135816584,135817084,7,493,1.4000000000000001,98.6
6516,135817084,135817584,8,492,1.6,98.4
6517,135817584,135818084,8,492,1.6,98.4
6518,135818084,135818584,11,489,2.1999999999999997,97.8
6519,135818584,135819084,8,492,1.6,98.4
6520,135819084,135819584,9,491,1.7999999999999998,98.2
6521,135819584,135820084,7,493,1.4000000000000001,98.6
6522,135820084,135820584,9,491,1.7999999999999998,98.2
6523,135820584,135821084,9,491,1.7999999999999998,98.2
6524,135821084,135821584,9,491,1.7999999999999998,98.2
6525,135821584,135822084,7,493,1.4000000000000001,98.6
6526,135822084,135822584,9,491,1.7999999999999998,98.2
6527,135822584,135823084,5,495,1.0,99.0
6528,135823084,135823584,10,490,2.0,98.0
6529,135823584,135824084,8,492,1.6,98.4
6530,135824084,135824584,10,490,2.0,98.0
6531,135824584,135825084,8,492,1.6,98.4
6532,135825084,135825584,8,492,1.6,98.4
6533,135825584,135826084,8,492,1.6,98.4
6534,135826084,135826584,7,493,1.4000000000000001,98.6
6535,135826584,135827084,9,491,1.7999999999999998,98.2
6536,135827084,135827584,11,489,2.1999999999999997,97.8
6537,135827584,135828084,7,493,1.4000000000000001,98.6
6538,135828084,135828584,10,490,2.0,98.0
6539,135828584,135829084,7,493,1.4000000000000001,98.6
6540,135829084,135829584,9,491,1.7999999999999998,98.2
6541,135829584,135830084,8,492,1.6,98.4
6542,135830084,135830584,9,491,1.7999999999999998,98.2
6543,135830584,135831084,7,493,1.4000000000000001,98.6
6544,135831084,135831584,9,491,1.7999999999999998,98.2
6545,135831584,135832084,11,489,2.1999999999999997,97.8
6546,135832084,135832584,10,490,2.0,98.0
6547,135832584,135833084,8,492,1.6,98.4
6548,135833084,135833584,9,491,1.7999999999999998,98.2
6549,135833584,135834084,7,493,1.4000000000000001,98.6
6550,135834084,135834584,10,490,2.0,98.0
6551,135834584,135835084,8,492,1.6,98.4
6552,135835084,135835584,8,492,1.6,98.4
6553,135835584,135836084,8,492,1.6,98.4
6554,135836084,135836584,9,491,1.7999999999999998,98.2
6555,135836584,135837084,6,494,1.2,98.8
6556,135837084,135837584,11,489,2.1999999999999997,97.8
6557,135837584,135838084,8,492,1.6,98.4
6558,135838084,135838584,9,491,1.7999999999999998,98.2
6559,135838584,135839084,6,494,1.2,98.8
6560,135839084,135839584,34,466,6.800000000000001,93.2
6561,135839584,135840084,8,492,1.6,98.4
6562,135840084,135840584,11,489,2.1999999999999997,97.8
6563,135840584,135841084,7,493,1.4000000000000001,98.6
6564,135841084,135841584,10,490,2.0,98.0
6565,135841584,135842084,8,492,1.6,98.4
6566,135842084,135842584,9,491,1.7999999999999998,98.2
6567,135842584,135843084,8,492,1.6,98.4
6568,135843084,135843584,10,490,2.0,98.0
6569,135843584,135844084,8,492,1.6,98.4
6570,135844084,135844584,9,491,1.7999999999999998,98.2
6571,135844584,135845084,7,493,1.4000000000000001,98.6
6572,135845084,135845584,9,491,1.7999999999999998,98.2
6573,135845584,135846084,8,492,1.6,98.4
6574,135846084,135846584,9,491,1.7999999999999998,98.2
6575,135846584,135847084,8,492,1.6,98.4
6576,135847084,135847584,8,492,1.6,98.4
6577,135847584,135848084,10,490,2.0,98.0
6578,135848084,135848584,10,490,2.0,98.0
6579,135848584,135849084,6,494,1.2,98.8
6580,135849084,135849584,11,489,2.1999999999999997,97.8
6581,135849584,135850084,7,493,1.4000000000000001,98.6
6582,135850084,135850584,9,491,1.7999999999999998,98.2
6583,135850584,135851084,7,493,1.4000000000000001,98.6
6584,135851084,135851584,10,490,2.0,98.0
6585,135851584,135852084,9,491,1.7999999999999998,98.2
6586,135852084,135852584,8,492,1.6,98.4
6587,135852584,135853084,9,491,1.7999999999999998,98.2
6588,135853084,135853584,10,490,2.0,98.0
6589,135853584,135854084,7,493,1.4000000000000001,98.6
6590,135854084,135854584,10,490,2.0,98.0
6591,135854584,135855084,9,491,1.7999999999999998,98.2
6592,135855084,135855584,12,488,2.4,97.6
6593,135855584,135856084,10,490,2.0,98.0
6594,135856084,135856584,13,487,2.6,97.4
6595,135856584,135857084,7,493,1.4000000000000001,98.6
6596,135857084,135857584,10,490,2.0,98.0
6597,135857584,135858084,8,492,1.6,98.4
6598,135858084,135858584,10,490,2.0,98.0
6599,135858584,135859084,7,493,1.4000000000000001,98.6
6600,135859084,135859584,9,491,1.7999999999999998,98.2
6601,135859584,135860084,14,486,2.8000000000000003,97.2
6602,135860084,135860584,9,491,1.7999999999999998,98.2
6603,135860584,135861084,8,492,1.6,98.4
6604,135861084,135861584,9,491,1.7999999999999998,98.2
6605,135861584,135862084,8,492,1.6,98.4
6606,135862084,135862584,10,490,2.0,98.0
6607,135862584,135863084,8,492,1.6,98.4
6608,135863084,135863584,14,486,2.8000000000000003,97.2
6609,135863584,135864084,9,491,1.7999999999999998,98.2
6610,135864084,135864584,9,491,1.7999999999999998,98.2
6611,135864584,135865084,8,492,1.6,98.4
6612,135865084,135865584,11,489,2.1999999999999997,97.8
6613,135865584,135866084,8,492,1.6,98.4
6614,135866084,135866584,9,491,1.7999999999999998,98.2
6615,135866584,135867084,8,492,1.6,98.4
6616,135867084,135867584,9,491,1.7999999999999998,98.2
6617,135867584,135868084,6,494,1.2,98.8
6618,135868084,135868584,11,489,2.1999999999999997,97.8
6619,135868584,135869084,7,493,1.4000000000000001,98.6
6620,135869084,135869584,9,491,1.7999999999999998,98.2
6621,135869584,135870084,7,493,1.4000000000000001,98.6
6622,135870084,135870584,9,491,1.7999999999999998,98.2
6623,135870584,135871084,15,485,3.0,97.0
6624,135871084,135871584,6,494,1.2,98.8
6625,135871584,135872084,9,491,1.7999999999999998,98.2
6626,135872084,135872584,11,489,2.1999999999999997,97.8
6627,135872584,135873084,8,492,1.6,98.4
6628,135873084,135873584,10,490,2.0,98.0
6629,135873584,135874084,8,492,1.6,98.4
6630,135874084,135874584,10,490,2.0,98.0
6631,135874584,135875084,7,493,1.4000000000000001,98.6
6632,135875084,135875584,9,491,1.7999999999999998,98.2
6633,135875584,135876084,7,493,1.4000000000000001,98.6
6634,135876084,135876584,10,490,2.0,98.0
6635,135876584,135877084,9,491,1.7999999999999998,98.2
6636,135877084,135877584,8,492,1.6,98.4
6637,135877584,135878084,8,492,1.6,98.4
6638,135878084,135878584,8,492,1.6,98.4
6639,135878584,135879084,6,494,1.2,98.8
6640,135879084,135879584,8,492,1.6,98.4
6641,135879584,135880084,11,489,2.1999999999999997,97.8
6642,135880084,135880584,10,490,2.0,98.0
6643,135880584,135881084,6,494,1.2,98.8
6644,135881084,135881584,11,489,2.1999999999999997,97.8
6645,135881584,135882084,8,492,1.6,98.4
6646,135882084,135882584,9,491,1.7999999999999998,98.2
6647,135882584,135883084,9,491,1.7999999999999998,98.2
6648,135883084,135883584,9,491,1.7999999999999998,98.2
6649,135883584,135884084,8,492,1.6,98.4
6650,135884084,135884584,7,493,1.4000000000000001,98.6
6651,135884584,135885084,8,492,1.6,98.4
6652,135885084,135885584,9,491,1.7999999999999998,98.2
6653,135885584,135886084,10,490,2.0,98.0
6654,135886084,135886584,10,490,2.0,98.0
6655,135886584,135887084,8,492,1.6,98.4
6656,135887084,135887584,9,491,1.7999999999999998,98.2
6657,135887584,135888084,7,493,1.4000000000000001,98.6
6658,135888084,135888584,10,490,2.0,98.0
6659,135888584,135889084,9,491,1.7999999999999998,98.2
6660,135889084,135889584,8,492,1.6,98.4
6661,135889584,135890084,8,492,1.6,98.4
6662,135890084,135890584,8,492,1.6,98.4
6663,135890584,135891084,8,492,1.6,98.4
6664,135891084,135891584,9,491,1.7999999999999998,98.2
6665,135891584,135892084,7,493,1.4000000000000001,98.6
6666,135892084,135892584,9,491,1.7999999999999998,98.2
6667,135892584,135893084,7,493,1.4000000000000001,98.6
6668,135893084,135893584,12,488,2.4,97.6
6669,135893584,135894084,9,491,1.7999999999999998,98.2
6670,135894084,135894584,12,488,2.4,97.6
6671,135894584,135895084,9,491,1.7999999999999998,98.2
6672,135895084,135895584,8,492,1.6,98.4
6673,135895584,135896084,8,492,1.6,98.4
6674,135896084,135896584,9,491,1.7999999999999998,98.2
6675,135896584,135897084,8,492,1.6,98.4
6676,135897084,135897584,9,491,1.7999999999999998,98.2
6677,135897584,135898084,7,493,1.4000000000000001,98.6
6678,135898084,135898584,9,491,1.7999999999999998,98.2
6679,135898584,135899084,7,493,1.4000000000000001,98.6
6680,135899084,135899584,11,489,2.1999999999999997,97.8
6681,135899584,135900084,8,492,1.6,98.4
6682,135900084,135900584,9,491,1.7999999999999998,98.2
6683,135900584,135901084,8,492,1.6,98.4
6684,135901084,135901584,43,457,8.6,91.4
6685,135901584,135902084,10,490,2.0,98.0
6686,135902084,135902584,10,490,2.0,98.0
6687,135902584,135903084,8,492,1.6,98.4
6688,135903084,135903584,9,491,1.7999999999999998,98.2
6689,135903584,135904084,7,493,1.4000000000000001,98.6
6690,135904084,135904584,9,491,1.7999999999999998,98.2
6691,135904584,135905084,8,492,1.6,98.4
6692,135905084,135905584,9,491,1.7999999999999998,98.2
6693,135905584,135906084,8,492,1.6,98.4
6694,135906084,135906584,8,492,1.6,98.4
6695,135906584,135907084,8,492,1.6,98.4
6696,135907084,135907584,10,490,2.0,98.0
6697,135907584,135908084,7,493,1.4000000000000001,98.6
6698,135908084,135908584,10,490,2.0,98.0
6699,135908584,135909084,3,497,0.6,99.4
6700,135909084,135909584,12,488,2.4,97.6
6701,135909584,135910084,8,492,1.6,98.4
6702,135910084,135910584,10,490,2.0,98.0
6703,135910584,135911084,7,493,1.4000000000000001,98.6
6704,135911084,135911584,10,490,2.0,98.0
6705,135911584,135912084,10,490,2.0,98.0
6706,135912084,135912584,8,492,1.6,98.4
6707,135912584,135913084,8,492,1.6,98.4
6708,135913084,135913584,8,492,1.6,98.4
6709,135913584,135914084,7,493,1.4000000000000001,98.6
6710,135914084,135914584,14,486,2.8000000000000003,97.2
6711,135914584,135915084,6,494,1.2,98.8
6712,135915084,135915584,9,491,1.7999999999999998,98.2
6713,135915584,135916084,7,493,1.4000000000000001,98.6
6714,135916084,135916584,9,491,1.7999999999999998,98.2
6715,135916584,135917084,10,490,2.0,98.0
6716,135917084,135917584,4,496,0.8,99.2
6717,135917584,135918084,10,490,2.0,98.0
6718,135918084,135918584,11,489,2.1999999999999997,97.8
6719,135918584,135919084,10,490,2.0,98.0
6720,135919084,135919584,8,492,1.6,98.4
6721,135919584,135920084,8,492,1.6,98.4
6722,135920084,135920584,9,491,1.7999999999999998,98.2
6723,135920584,135921084,8,492,1.6,98.4
6724,135921084,135921584,9,491,1.7999999999999998,98.2
6725,135921584,135922084,7,493,1.4000000000000001,98.6
6726,135922084,135922584,10,490,2.0,98.0
6727,135922584,135923084,6,494,1.2,98.8
6728,135923084,135923584,10,490,2.0,98.0
6729,135923584,135924084,9,491,1.7999999999999998,98.2
6730,135924084,135924584,8,492,1.6,98.4
6731,135924584,135925084,8,492,1.6,98.4
6732,135925084,135925584,9,491,1.7999999999999998,98.2
6733,135925584,135926084,9,491,1.7999999999999998,98.2
6734,135926084,135926584,11,489,2.1999999999999997,97.8
6735,135926584,135927084,7,493,1.4000000000000001,98.6
6736,135927084,135927584,9,491,1.7999999999999998,98.2
6737,135927584,135928084,7,493,1.4000000000000001,98.6
6738,135928084,135928584,10,490,2.0,98.0
6739,135928584,135929084,8,492,1.6,98.4
6740,135929084,135929584,9,491,1.7999999999999998,98.2
6741,135929584,135930084,8,492,1.6,98.4
6742,135930084,135930584,10,490,2.0,98.0
6743,135930584,135931084,7,493,1.4000000000000001,98.6
6744,135931084,135931584,15,485,3.0,97.0
6745,135931584,135932084,8,492,1.6,98.4
6746,135932084,135932584,10,490,2.0,98.0
6747,135932584,135933084,6,494,1.2,98.8
6748,135933084,135933584,12,488,2.4,97.6
6749,135933584,135934084,7,493,1.4000000000000001,98.6
6750,135934084,135934584,10,490,2.0,98.0
6751,135934584,135935084,8,492,1.6,98.4
6752,135935084,135935584,13,487,2.6,97.4
6753,135935584,135936084,9,491,1.7999999999999998,98.2
6754,135936084,135936584,9,491,1.7999999999999998,98.2
6755,135936584,135937084,9,491,1.7999999999999998,98.2
6756,135937084,135937584,9,491,1.7999999999999998,98.2
6757,135937584,135938084,7,493,1.4000000000000001,98.6
6758,135938084,135938584,9,491,1.7999999999999998,98.2
6759,135938584,135939084,6,494,1.2,98.8
6760,135939084,135939584,12,488,2.4,97.6
6761,135939584,135940084,9,491,1.7999999999999998,98.2
6762,135940084,135940584,10,490,2.0,98.0
6763,135940584,135941084,7,493,1.4000000000000001,98.6
6764,135941084,135941584,10,490,2.0,98.0
6765,135941584,135942084,8,492,1.6,98.4
6766,135942084,135942584,9,491,1.7999999999999998,98.2
6767,135942584,135943084,8,492,1.6,98.4
6768,135943084,135943584,9,491,1.7999999999999998,98.2
6769,135943584,135944084,7,493,1.4000000000000001,98.6
6770,135944084,135944584,10,490,2.0,98.0
6771,135944584,135945084,7,493,1.4000000000000001,98.6
6772,135945084,135945584,10,490,2.0,98.0
6773,135945584,135946084,8,492,1.6,98.4
6774,135946084,135946584,8,492,1.6,98.4
6775,135946584,135947084,7,493,1.4000000000000001,98.6
6776,135947084,135947584,8,492,1.6,98.4
6777,135947584,135948084,10,490,2.0,98.0
6778,135948084,135948584,11,489,2.1999999999999997,97.8
6779,135948584,135949084,7,493,1.4000000000000001,98.6
6780,135949084,135949584,9,491,1.7999999999999998,98.2
6781,135949584,135950084,9,491,1.7999999999999998,98.2
6782,135950084,135950584,9,491,1.7999999999999998,98.2
6783,135950584,135951084,8,492,1.6,98.4
6784,135951084,135951584,8,492,1.6,98.4
6785,135951584,135952084,9,491,1.7999999999999998,98.2
6786,135952084,135952584,9,491,1.7999999999999998,98.2
6787,135952584,135953084,7,493,1.4000000000000001,98.6
6788,135953084,135953584,9,491,1.7999999999999998,98.2
6789,135953584,135954084,8,492,1.6,98.4
6790,135954084,135954584,8,492,1.6,98.4
6791,135954584,135955084,8,492,1.6,98.4
6792,135955084,135955584,7,493,1.4000000000000001,98.6
6793,135955584,135956084,11,489,2.1999999999999997,97.8
6794,135956084,135956584,11,489,2.1999999999999997,97.8
6795,135956584,135957084,7,493,1.4000000000000001,98.6
6796,135957084,135957584,9,491,1.7999999999999998,98.2
6797,135957584,135958084,7,493,1.4000000000000001,98.6
6798,135958084,135958584,10,490,2.0,98.0
6799,135958584,135959084,7,493,1.4000000000000001,98.6
6800,135959084,135959584,9,491,1.7999999999999998,98.2
6801,135959584,135960084,8,492,1.6,98.4
6802,135960084,135960584,9,491,1.7999999999999998,98.2
6803,135960584,135961084,7,493,1.4000000000000001,98.6
6804,135961084,135961584,9,491,1.7999999999999998,98.2
6805,135961584,135962084,8,492,1.6,98.4
6806,135962084,135962584,9,491,1.7999999999999998,98.2
6807,135962584,135963084,7,493,1.4000000000000001,98.6
6808,135963084,135963584,28,472,5.6000000000000005,94.4
6809,135963584,135964084,10,490,2.0,98.0
6810,135964084,135964584,9,491,1.7999999999999998,98.2
6811,135964584,135965084,9,491,1.7999999999999998,98.2
6812,135965084,135965584,9,491,1.7999999999999998,98.2
6813,135965584,135966084,8,492,1.6,98.4
6814,135966084,135966584,9,491,1.7999999999999998,98.2
6815,135966584,135967084,8,492,1.6,98.4
6816,135967084,135967584,9,491,1.7999999999999998,98.2
6817,135967584,135968084,9,491,1.7999999999999998,98.2
6818,135968084,135968584,8,492,1.6,98.4
6819,135968584,135969084,8,492,1.6,98.4
6820,135969084,135969584,10,490,2.0,98.0
6821,135969584,135970084,6,494,1.2,98.8
6822,135970084,135970584,10,490,2.0,98.0
6823,135970584,135971084,6,494,1.2,98.8
6824,135971084,135971584,11,489,2.1999999999999997,97.8
6825,135971584,135972084,8,492,1.6,98.4
6826,135972084,135972584,9,491,1.7999999999999998,98.2
6827,135972584,135973084,8,492,1.6,98.4
6828,135973084,135973584,11,489,2.1999999999999997,97.8
6829,135973584,135974084,6,494,1.2,98.8
6830,135974084,135974584,9,491,1.7999999999999998,98.2
6831,135974584,135975084,8,492,1.6,98.4
6832,135975084,135975584,10,490,2.0,98.0
6833,135975584,135976084,8,492,1.6,98.4
6834,135976084,135976584,7,493,1.4000000000000001,98.6
6835,135976584,135977084,10,490,2.0,98.0
6836,135977084,135977584,8,492,1.6,98.4
6837,135977584,135978084,8,492,1.6,98.4
6838,135978084,135978584,11,489,2.1999999999999997,97.8
6839,135978584,135979084,7,493,1.4000000000000001,98.6
6840,135979084,135979584,38,462,7.6,92.4
6841,135979584,135980084,4,496,0.8,99.2
6842,135980084,135980584,13,487,2.6,97.4
6843,135980584,135981084,8,492,1.6,98.4
6844,135981084,135981584,10,490,2.0,98.0
6845,135981584,135982084,7,493,1.4000000000000001,98.6
6846,135982084,135982584,11,489,2.1999999999999997,97.8
6847,135982584,135983084,8,492,1.6,98.4
6848,135983084,135983584,9,491,1.7999999999999998,98.2
6849,135983584,135984084,7,493,1.4000000000000001,98.6
6850,135984084,135984584,10,490,2.0,98.0
6851,135984584,135985084,7,493,1.4000000000000001,98.6
6852,135985084,135985584,9,491,1.7999999999999998,98.2
6853,135985584,135986084,8,492,1.6,98.4
6854,135986084,135986584,9,491,1.7999999999999998,98.2
6855,135986584,135987084,8,492,1.6,98.4
6856,135987084,135987584,9,491,1.7999999999999998,98.2
6857,135987584,135988084,8,492,1.6,98.4
6858,135988084,135988584,9,491,1.7999999999999998,98.2
6859,135988584,135989084,8,492,1.6,98.4
6860,135989084,135989584,9,491,1.7999999999999998,98.2
6861,135989584,135990084,8,492,1.6,98.4
6862,135990084,135990584,8,492,1.6,98.4
6863,135990584,135991084,10,490,2.0,98.0
6864,135991084,135991584,10,490,2.0,98.0
6865,135991584,135992084,8,492,1.6,98.4
6866,135992084,135992584,10,490,2.0,98.0
6867,135992584,135993084,6,494,1.2,98.8
6868,135993084,135993584,29,471,5.800000000000001,94.2
6869,135993584,135994084,13,487,2.6,97.4
6870,135994084,135994584,12,488,2.4,97.6
6871,135994584,135995084,7,493,1.4000000000000001,98.6
6872,135995084,135995584,10,490,2.0,98.0
6873,135995584,135996084,7,493,1.4000000000000001,98.6
6874,135996084,135996584,10,490,2.0,98.0
6875,135996584,135997084,8,492,1.6,98.4
6876,135997084,135997584,10,490,2.0,98.0
6877,135997584,135998084,8,492,1.6,98.4
6878,135998084,135998584,10,490,2.0,98.0
6879,135998584,135999084,7,493,1.4000000000000001,98.6
6880,135999084,135999584,11,489,2.1999999999999997,97.8
6881,135999584,136000084,6,494,1.2,98.8
6882,136000084,136000584,10,490,2.0,98.0
6883,136000584,136001084,8,492,1.6,98.4
6884,136001084,136001584,10,490,2.0,98.0
6885,136001584,136002084,7,493,1.4000000000000001,98.6
6886,136002084,136002584,11,489,2.1999999999999997,97.8
6887,136002584,136003084,17,483,3.4000000000000004,96.6
6888,136003084,136003584,11,489,2.1999999999999997,97.8
6889,136003584,136004084,7,493,1.4000000000000001,98.6
6890,136004084,136004584,11,489,2.1999999999999997,97.8
6891,136004584,136005084,8,492,1.6,98.4
6892,136005084,136005584,10,490,2.0,98.0
6893,136005584,136006084,8,492,1.6,98.4
6894,136006084,136006584,11,489,2.1999999999999997,97.8
6895,136006584,136007084,7,493,1.4000000000000001,98.6
6896,136007084,136007584,10,490,2.0,98.0
6897,136007584,136008084,8,492,1.6,98.4
6898,136008084,136008584,10,490,2.0,98.0
6899,136008584,136009084,8,492,1.6,98.4
6900,136009084,136009584,13,487,2.6,97.4
6901,136009584,136010084,16,484,3.2,96.8
6902,136010084,136010584,9,491,1.7999999999999998,98.2
6903,136010584,136011084,9,491,1.7999999999999998,98.2
6904,136011084,136011584,9,491,1.7999999999999998,98.2
6905,136011584,136012084,8,492,1.6,98.4
6906,136012084,136012584,9,491,1.7999999999999998,98.2
6907,136012584,136013084,6,494,1.2,98.8
6908,136013084,136013584,10,490,2.0,98.0
6909,136013584,136014084,7,493,1.4000000000000001,98.6
6910,136014084,136014584,10,490,2.0,98.0
6911,136014584,136015084,9,491,1.7999999999999998,98.2
6912,136015084,136015584,9,491,1.7999999999999998,98.2
6913,136015584,136016084,8,492,1.6,98.4
6914,136016084,136016584,9,491,1.7999999999999998,98.2
6915,136016584,136017084,8,492,1.6,98.4
6916,136017084,136017584,10,490,2.0,98.0
6917,136017584,136018084,6,494,1.2,98.8
6918,136018084,136018584,10,490,2.0,98.0
6919,136018584,136019084,8,492,1.6,98.4
6920,136019084,136019584,8,492,1.6,98.4
6921,136019584,136020084,8,492,1.6,98.4
6922,136020084,136020584,9,491,1.7999999999999998,98.2
6923,136020584,136021084,7,493,1.4000000000000001,98.6
6924,136021084,136021584,9,491,1.7999999999999998,98.2
6925,136021584,136022084,7,493,1.4000000000000001,98.6
6926,136022084,136022584,9,491,1.7999999999999998,98.2
6927,136022584,136023084,8,492,1.6,98.4
6928,136023084,136023584,8,492,1.6,98.4
6929,136023584,136024084,11,489,2.1999999999999997,97.8
6930,136024084,136024584,9,491,1.7999999999999998,98.2
6931,136024584,136025084,9,491,1.7999999999999998,98.2
6932,136025084,136025584,9,491,1.7999999999999998,98.2
6933,136025584,136026084,8,492,1.6,98.4
6934,136026084,136026584,9,491,1.7999999999999998,98.2
6935,136026584,136027084,7,493,1.4000000000000001,98.6
6936,136027084,136027584,10,490,2.0,98.0
6937,136027584,136028084,9,491,1.7999999999999998,98.2
6938,136028084,136028584,8,492,1.6,98.4
6939,136028584,136029084,8,492,1.6,98.4
6940,136029084,136029584,10,490,2.0,98.0
6941,136029584,136030084,7,493,1.4000000000000001,98.6
6942,136030084,136030584,10,490,2.0,98.0
6943,136030584,136031084,8,492,1.6,98.4
6944,136031084,136031584,9,491,1.7999999999999998,98.2
6945,136031584,136032084,7,493,1.4000000000000001,98.6
6946,136032084,136032584,9,491,1.7999999999999998,98.2
6947,136032584,136033084,8,492,1.6,98.4
6948,136033084,136033584,11,489,2.1999999999999997,97.8
6949,136033584,136034084,6,494,1.2,98.8
6950,136034084,136034584,12,488,2.4,97.6
6951,136034584,136035084,8,492,1.6,98.4
6952,136035084,136035584,10,490,2.0,98.0
6953,136035584,136036084,7,493,1.4000000000000001,98.6
6954,136036084,136036584,10,490,2.0,98.0
6955,136036584,136037084,8,492,1.6,98.4
6956,136037084,136037584,8,492,1.6,98.4
6957,136037584,136038084,8,492,1.6,98.4
6958,136038084,136038584,10,490,2.0,98.0
6959,136038584,136039084,7,493,1.4000000000000001,98.6
6960,136039084,136039584,9,491,1.7999999999999998,98.2
6961,136039584,136040084,9,491,1.7999999999999998,98.2
6962,136040084,136040584,8,492,1.6,98.4
6963,136040584,136041084,11,489,2.1999999999999997,97.8
6964,136041084,136041584,9,491,1.7999999999999998,98.2
6965,136041584,136042084,9,491,1.7999999999999998,98.2
6966,136042084,136042584,9,491,1.7999999999999998,98.2
6967,136042584,136043084,8,492,1.6,98.4
6968,136043084,136043584,9,491,1.7999999999999998,98.2
6969,136043584,136044084,7,493,1.4000000000000001,98.6
6970,136044084,136044584,9,491,1.7999999999999998,98.2
6971,136044584,136045084,7,493,1.4000000000000001,98.6
6972,136045084,136045584,10,490,2.0,98.0
6973,136045584,136046084,9,491,1.7999999999999998,98.2
6974,136046084,136046584,8,492,1.6,98.4
6975,136046584,136047084,8,492,1.6,98.4
6976,136047084,136047584,10,490,2.0,98.0
6977,136047584,136048084,8,492,1.6,98.4
6978,136048084,136048584,9,491,1.7999999999999998,98.2
6979,136048584,136049084,7,493,1.4000000000000001,98.6
6980,136049084,136049584,10,490,2.0,98.0
6981,136049584,136050084,8,492,1.6,98.4
6982,136050084,136050584,7,493,1.4000000000000001,98.6
6983,136050584,136051084,9,491,1.7999999999999998,98.2
6984,136051084,136051584,10,490,2.0,98.0
6985,136051584,136052084,7,493,1.4000000000000001,98.6
6986,136052084,136052584,9,491,1.7999999999999998,98.2
6987,136052584,136053084,6,494,1.2,98.8
6988,136053084,136053584,11,489,2.1999999999999997,97.8
6989,136053584,136054084,8,492,1.6,98.4
6990,136054084,136054584,8,492,1.6,98.4
6991,136054584,136055084,7,493,1.4000000000000001,98.6
6992,136055084,136055584,6,494,1.2,98.8
6993,136055584,136056084,13,487,2.6,97.4
6994,136056084,136056584,12,488,2.4,97.6
6995,136056584,136057084,8,492,1.6,98.4
6996,136057084,136057584,8,492,1.6,98.4
6997,136057584,136058084,9,491,1.7999999999999998,98.2
6998,136058084,136058584,10,490,2.0,98.0
6999,136058584,136059084,7,493,1.4000000000000001,98.6
7000,136059084,136059584,9,491,1.7999999999999998,98.2
7001,136059584,136060084,7,493,1.4000000000000001,98.6
7002,136060084,136060584,9,491,1.7999999999999998,98.2
7003,136060584,136061084,8,492,1.6,98.4
7004,136061084,136061584,8,492,1.6,98.4
7005,136061584,136062084,8,492,1.6,98.4
7006,136062084,136062584,9,491,1.7999999999999998,98.2
7007,136062584,136063084,7,493,1.4000000000000001,98.6
7008,136063084,136063584,9,491,1.7999999999999998,98.2
7009,136063584,136064084,7,493,1.4000000000000001,98.6
7010,136064084,136064584,9,491,1.7999999999999998,98.2
7011,136064584,136065084,8,492,1.6,98.4
7012,136065084,136065584,8,492,1.6,98.4
7013,136065584,136066084,9,491,1.7999999999999998,98.2
7014,136066084,136066584,11,489,2.1999999999999997,97.8
7015,136066584,136067084,6,494,1.2,98.8
7016,136067084,136067584,10,490,2.0,98.0
7017,136067584,136068084,7,493,1.4000000000000001,98.6
7018,136068084,136068584,9,491,1.7999999999999998,98.2
7019,136068584,136069084,8,492,1.6,98.4
7020,136069084,136069584,8,492,1.6,98.4
7021,136069584,136070084,10,490,2.0,98.0
7022,136070084,136070584,10,490,2.0,98.0
7023,136070584,136071084,11,489,2.1999999999999997,97.8
7024,136071084,136071584,11,489,2.1999999999999997,97.8
7025,136071584,136072084,8,492,1.6,98.4
7026,136072084,136072584,9,491,1.7999999999999998,98.2
7027,136072584,136073084,7,493,1.4000000000000001,98.6
7028,136073084,136073584,9,491,1.7999999999999998,98.2
7029,136073584,136074084,9,491,1.7999999999999998,98.2
7030,136074084,136074584,10,490,2.0,98.0
7031,136074584,136075084,8,492,1.6,98.4
7032,136075084,136075584,10,490,2.0,98.0
7033,136075584,136076084,8,492,1.6,98.4
7034,136076084,136076584,10,490,2.0,98.0
7035,136076584,136077084,7,493,1.4000000000000001,98.6
7036,136077084,136077584,11,489,2.1999999999999997,97.8
7037,136077584,136078084,9,491,1.7999999999999998,98.2
7038,136078084,136078584,9,491,1.7999999999999998,98.2
7039,136078584,136079084,8,492,1.6,98.4
7040,136079084,136079584,11,489,2.1999999999999997,97.8
7041,136079584,136080084,7,493,1.4000000000000001,98.6
7042,136080084,136080584,11,489,2.1999999999999997,97.8
7043,136080584,136081084,6,494,1.2,98.8
7044,136081084,136081584,11,489,2.1999999999999997,97.8
7045,136081584,136082084,8,492,1.6,98.4
7046,136082084,136082584,10,490,2.0,98.0
7047,136082584,136083084,9,491,1.7999999999999998,98.2
7048,136083084,136083584,9,491,1.7999999999999998,98.2
7049,136083584,136084084,8,492,1.6,98.4
7050,136084084,136084584,10,490,2.0,98.0
7051,136084584,136085084,7,493,1.4000000000000001,98.6
7052,136085084,136085584,11,489,2.1999999999999997,97.8
7053,136085584,136086084,9,491,1.7999999999999998,98.2
7054,136086084,136086584,10,490,2.0,98.0
7055,136086584,136087084,8,492,1.6,98.4
7056,136087084,136087584,8,492,1.6,98.4
7057,136087584,136088084,8,492,1.6,98.4
7058,136088084,136088584,10,490,2.0,98.0
7059,136088584,136089084,8,492,1.6,98.4
7060,136089084,136089584,10,490,2.0,98.0
7061,136089584,136090084,8,492,1.6,98.4
7062,136090084,136090584,9,491,1.7999999999999998,98.2
7063,136090584,136091084,8,492,1.6,98.4
7064,136091084,136091584,9,491,1.7999999999999998,98.2
7065,136091584,136092084,9,491,1.7999999999999998,98.2
7066,136092084,136092584,10,490,2.0,98.0
7067,136092584,136093084,8,492,1.6,98.4
7068,136093084,136093584,10,490,2.0,98.0
7069,136093584,136094084,10,490,2.0,98.0
7070,136094084,136094584,9,491,1.7999999999999998,98.2
7071,136094584,136095084,9,491,1.7999999999999998,98.2
7072,136095084,136095584,8,492,1.6,98.4
7073,136095584,136096084,8,492,1.6,98.4
7074,136096084,136096584,10,490,2.0,98.0
7075,136096584,136097084,10,490,2.0,98.0
7076,136097084,136097584,14,486,2.8000000000000003,97.2
7077,136097584,136098084,7,493,1.4000000000000001,98.6
7078,136098084,136098584,9,491,1.7999999999999998,98.2
7079,136098584,136099084,8,492,1.6,98.4
7080,136099084,136099584,8,492,1.6,98.4
7081,136099584,136100084,8,492,1.6,98.4
7082,136100084,136100584,10,490,2.0,98.0
7083,136100584,136101084,6,494,1.2,98.8
7084,136101084,136101584,10,490,2.0,98.0
7085,136101584,136102084,8,492,1.6,98.4
7086,136102084,136102584,10,490,2.0,98.0
7087,136102584,136103084,9,491,1.7999999999999998,98.2
7088,136103084,136103584,9,491,1.7999999999999998,98.2
7089,136103584,136104084,3,497,0.6,99.4
7090,136104084,136104584,13,487,2.6,97.4
7091,136104584,136105084,10,490,2.0,98.0
7092,136105084,136105584,11,489,2.1999999999999997,97.8
7093,136105584,136106084,8,492,1.6,98.4
7094,136106084,136106584,8,492,1.6,98.4
7095,136106584,136107084,8,492,1.6,98.4
7096,136107084,136107584,11,489,2.1999999999999997,97.8
7097,136107584,136108084,7,493,1.4000000000000001,98.6
7098,136108084,136108584,9,491,1.7999999999999998,98.2
7099,136108584,136109084,8,492,1.6,98.4
7100,136109084,136109584,8,492,1.6,98.4
7101,136109584,136110084,8,492,1.6,98.4
7102,136110084,136110584,8,492,1.6,98.4
7103,136110584,136111084,8,492,1.6,98.4
7104,136111084,136111584,10,490,2.0,98.0
7105,136111584,136112084,6,494,1.2,98.8
7106,136112084,136112584,11,489,2.1999999999999997,97.8
7107,136112584,136113084,8,492,1.6,98.4
7108,136113084,136113584,9,491,1.7999999999999998,98.2
7109,136113584,136114084,9,491,1.7999999999999998,98.2
7110,136114084,136114584,9,491,1.7999999999999998,98.2
7111,136114584,136115084,8,492,1.6,98.4
7112,136115084,136115584,9,491,1.7999999999999998,98.2
7113,136115584,136116084,8,492,1.6,98.4
7114,136116084,136116584,9,491,1.7999999999999998,98.2
7115,136116584,136117084,10,490,2.0,98.0
7116,136117084,136117584,8,492,1.6,98.4
7117,136117584,136118084,8,492,1.6,98.4
7118,136118084,136118584,9,491,1.7999999999999998,98.2
7119,136118584,136119084,7,493,1.4000000000000001,98.6
7120,136119084,136119584,9,491,1.7999999999999998,98.2
7121,136119584,136120084,8,492,1.6,98.4
7122,136120084,136120584,9,491,1.7999999999999998,98.2
7123,136120584,136121084,9,491,1.7999999999999998,98.2
7124,136121084,136121584,8,492,1.6,98.4
7125,136121584,136122084,8,492,1.6,98.4
7126,136122084,136122584,9,491,1.7999999999999998,98.2
7127,136122584,136123084,7,493,1.4000000000000001,98.6
7128,136123084,136123584,9,491,1.7999999999999998,98.2
7129,136123584,136124084,7,493,1.4000000000000001,98.6
7130,136124084,136124584,10,490,2.0,98.0
7131,136124584,136125084,9,491,1.7999999999999998,98.2
7132,136125084,136125584,8,492,1.6,98.4
7133,136125584,136126084,8,492,1.6,98.4
7134,136126084,136126584,9,491,1.7999999999999998,98.2
7135,136126584,136127084,7,493,1.4000000000000001,98.6
7136,136127084,136127584,11,489,2.1999999999999997,97.8
7137,136127584,136128084,8,492,1.6,98.4
7138,136128084,136128584,9,491,1.7999999999999998,98.2
7139,136128584,136129084,8,492,1.6,98.4
7140,136129084,136129584,9,491,1.7999999999999998,98.2
7141,136129584,136130084,6,494,1.2,98.8
7142,136130084,136130584,15,485,3.0,97.0
7143,136130584,136131084,14,486,2.8000000000000003,97.2
7144,136131084,136131584,11,489,2.1999999999999997,97.8
7145,136131584,136132084,7,493,1.4000000000000001,98.6
7146,136132084,136132584,9,491,1.7999999999999998,98.2
7147,136132584,136133084,7,493,1.4000000000000001,98.6
7148,136133084,136133584,9,491,1.7999999999999998,98.2
7149,136133584,136134084,8,492,1.6,98.4
7150,136134084,136134584,8,492,1.6,98.4
7151,136134584,136135084,8,492,1.6,98.4
7152,136135084,136135584,9,491,1.7999999999999998,98.2
7153,136135584,136136084,6,494,1.2,98.8
7154,136136084,136136584,11,489,2.1999999999999997,97.8
7155,136136584,136137084,7,493,1.4000000000000001,98.6
7156,136137084,136137584,10,490,2.0,98.0
7157,136137584,136138084,7,493,1.4000000000000001,98.6
7158,136138084,136138584,9,491,1.7999999999999998,98.2
7159,136138584,136139084,8,492,1.6,98.4
7160,136139084,136139584,8,492,1.6,98.4
7161,136139584,136140084,8,492,1.6,98.4
7162,136140084,136140584,9,491,1.7999999999999998,98.2
7163,136140584,136141084,7,493,1.4000000000000001,98.6
7164,136141084,136141584,9,491,1.7999999999999998,98.2
7165,136141584,136142084,7,493,1.4000000000000001,98.6
7166,136142084,136142584,9,491,1.7999999999999998,98.2
7167,136142584,136143084,8,492,1.6,98.4
7168,136143084,136143584,8,492,1.6,98.4
7169,136143584,136144084,8,492,1.6,98.4
7170,136144084,136144584,9,491,1.7999999999999998,98.2
7171,136144584,136145084,7,493,1.4000000000000001,98.6
7172,136145084,136145584,9,491,1.7999999999999998,98.2
7173,136145584,136146084,7,493,1.4000000000000001,98.6
7174,136146084,136146584,9,491,1.7999999999999998,98.2
7175,136146584,136147084,8,492,1.6,98.4
7176,136147084,136147584,8,492,1.6,98.4
7177,136147584,136148084,8,492,1.6,98.4
7178,136148084,136148584,9,491,1.7999999999999998,98.2
7179,136148584,136149084,7,493,1.4000000000000001,98.6
7180,136149084,136149584,10,490,2.0,98.0
7181,136149584,136150084,7,493,1.4000000000000001,98.6
7182,136150084,136150584,9,491,1.7999999999999998,98.2
7183,136150584,136151084,9,491,1.7999999999999998,98.2
7184,136151084,136151584,8,492,1.6,98.4
7185,136151584,136152084,8,492,1.6,98.4
7186,136152084,136152584,9,491,1.7999999999999998,98.2
7187,136152584,136153084,8,492,1.6,98.4
7188,136153084,136153584,9,491,1.7999999999999998,98.2
7189,136153584,136154084,7,493,1.4000000000000001,98.6
7190,136154084,136154584,10,490,2.0,98.0
7191,136154584,136155084,7,493,1.4000000000000001,98.6
7192,136155084,136155584,8,492,1.6,98.4
7193,136155584,136156084,8,492,1.6,98.4
7194,136156084,136156584,8,492,1.6,98.4
7195,136156584,136157084,8,492,1.6,98.4
7196,136157084,136157584,8,492,1.6,98.4
7197,136157584,136158084,14,486,2.8000000000000003,97.2
7198,136158084,136158584,12,488,2.4,97.6
7199,136158584,136159084,8,492,1.6,98.4
7200,136159084,136159584,10,490,2.0,98.0
7201,136159584,136160084,8,492,1.6,98.4
7202,136160084,136160584,8,492,1.6,98.4
7203,136160584,136161084,8,492,1.6,98.4
7204,136161084,136161584,10,490,2.0,98.0
7205,136161584,136162084,6,494,1.2,98.8
7206,136162084,136162584,10,490,2.0,98.0
7207,136162584,136163084,8,492,1.6,98.4
7208,136163084,136163584,10,490,2.0,98.0
7209,136163584,136164084,5,495,1.0,99.0
7210,136164084,136164584,33,467,6.6000000000000005,93.4
7211,136164584,136165084,8,492,1.6,98.4
7212,136165084,136165584,10,490,2.0,98.0
7213,136165584,136166084,3,497,0.6,99.4
7214,136166084,136166584,11,489,2.1999999999999997,97.8
7215,136166584,136167084,12,488,2.4,97.6
7216,136167084,136167584,11,489,2.1999999999999997,97.8
7217,136167584,136168084,7,493,1.4000000000000001,98.6
7218,136168084,136168584,26,474,5.2,94.8
7219,136168584,136169084,6,494,1.2,98.8
7220,136169084,136169584,12,488,2.4,97.6
7221,136169584,136170084,8,492,1.6,98.4
7222,136170084,136170584,11,489,2.1999999999999997,97.8
7223,136170584,136171084,9,491,1.7999999999999998,98.2
7224,136171084,136171584,7,493,1.4000000000000001,98.6
7225,136171584,136172084,6,494,1.2,98.8
7226,136172084,136172584,10,490,2.0,98.0
7227,136172584,136173084,8,492,1.6,98.4
7228,136173084,136173584,12,488,2.4,97.6
7229,136173584,136174084,8,492,1.6,98.4
7230,136174084,136174584,14,486,2.8000000000000003,97.2
7231,136174584,136175084,1,499,0.2,99.8
7232,136175084,136175584,20,480,4.0,96.0
7233,136175584,136176084,9,491,1.7999999999999998,98.2
7234,136176084,136176584,9,491,1.7999999999999998,98.2
7235,136176584,136177084,4,496,0.8,99.2
7236,136177084,136177584,12,488,2.4,97.6
7237,136177584,136178084,14,486,2.8000000000000003,97.2
7238,136178084,136178584,14,486,2.8000000000000003,97.2
7239,136178584,136179084,2,498,0.4,99.6
7240,136179084,136179584,11,489,2.1999999999999997,97.8
7241,136179584,136180084,4,496,0.8,99.2
7242,136180084,136180584,6,494,1.2,98.8
7243,136180584,136181084,16,484,3.2,96.8
7244,136181084,136181584,13,487,2.6,97.4
7245,136181584,136182084,6,494,1.2,98.8
7246,136182084,136182584,11,489,2.1999999999999997,97.8
7247,136182584,136183084,8,492,1.6,98.4
7248,136183084,136183584,9,491,1.7999999999999998,98.2
7249,136183584,136184084,7,493,1.4000000000000001,98.6
7250,136184084,136184584,11,489,2.1999999999999997,97.8
7251,136184584,136185084,8,492,1.6,98.4
7252,136185084,136185584,9,491,1.7999999999999998,98.2
7253,136185584,136186084,10,490,2.0,98.0
7254,136186084,136186584,8,492,1.6,98.4
7255,136186584,136187084,6,494,1.2,98.8
7256,136187084,136187584,22,478,4.3999999999999995,95.6
7257,136187584,136188084,9,491,1.7999999999999998,98.2
7258,136188084,136188584,20,480,4.0,96.0
7259,136188584,136189084,6,494,1.2,98.8
7260,136189084,136189584,11,489,2.1999999999999997,97.8
7261,136189584,136190084,7,493,1.4000000000000001,98.6
7262,136190084,136190584,10,490,2.0,98.0
7263,136190584,136191084,7,493,1.4000000000000001,98.6
7264,136191084,136191584,4,496,0.8,99.2
7265,136191584,136192084,17,483,3.4000000000000004,96.6
7266,136192084,136192584,12,488,2.4,97.6
7267,136192584,136193084,8,492,1.6,98.4
7268,136193084,136193584,9,491,1.7999999999999998,98.2
7269,136193584,136194084,9,491,1.7999999999999998,98.2
7270,136194084,136194584,10,490,2.0,98.0
7271,136194584,136195084,4,496,0.8,99.2
7272,136195084,136195584,7,493,1.4000000000000001,98.6
7273,136195584,136196084,19,481,3.8,96.2
7274,136196084,136196584,9,491,1.7999999999999998,98.2
7275,136196584,136197084,8,492,1.6,98.4
7276,136197084,136197584,18,482,3.5999999999999996,96.4
7277,136197584,136198084,9,491,1.7999999999999998,98.2
7278,136198084,136198584,11,489,2.1999999999999997,97.8
7279,136198584,136199084,6,494,1.2,98.8
7280,136199084,136199584,11,489,2.1999999999999997,97.8
7281,136199584,136200084,8,492,1.6,98.4
7282,136200084,136200584,9,491,1.7999999999999998,98.2
7283,136200584,136201084,8,492,1.6,98.4
7284,136201084,136201584,9,491,1.7999999999999998,98.2
7285,136201584,136202084,7,493,1.4000000000000001,98.6
7286,136202084,136202584,12,488,2.4,97.6
7287,136202584,136203084,5,495,1.0,99.0
7288,136203084,136203584,13,487,2.6,97.4
7289,136203584,136204084,8,492,1.6,98.4
7290,136204084,136204584,10,490,2.0,98.0
7291,136204584,136205084,9,491,1.7999999999999998,98.2
7292,136205084,136205584,8,492,1.6,98.4
7293,136205584,136206084,9,491,1.7999999999999998,98.2
7294,136206084,136206584,8,492,1.6,98.4
7295,136206584,136207084,8,492,1.6,98.4
7296,136207084,136207584,7,493,1.4000000000000001,98.6
7297,136207584,136208084,11,489,2.1999999999999997,97.8
7298,136208084,136208584,11,489,2.1999999999999997,97.8
7299,136208584,136209084,5,495,1.0,99.0
7300,136209084,136209584,10,490,2.0,98.0
7301,136209584,136210084,7,493,1.4000000000000001,98.6
7302,136210084,136210584,10,490,2.0,98.0
7303,136210584,136211084,7,493,1.4000000000000001,98.6
7304,136211084,136211584,9,491,1.7999999999999998,98.2
7305,136211584,136212084,8,492,1.6,98.4
7306,136212084,136212584,8,492,1.6,98.4
7307,136212584,136213084,8,492,1.6,98.4
7308,136213084,136213584,9,491,1.7999999999999998,98.2
7309,136213584,136214084,7,493,1.4000000000000001,98.6
7310,136214084,136214584,9,491,1.7999999999999998,98.2
7311,136214584,136215084,6,494,1.2,98.8
7312,136215084,136215584,11,489,2.1999999999999997,97.8
7313,136215584,136216084,7,493,1.4000000000000001,98.6
7314,136216084,136216584,10,490,2.0,98.0
7315,136216584,136217084,7,493,1.4000000000000001,98.6
7316,136217084,136217584,10,490,2.0,98.0
7317,136217584,136218084,8,492,1.6,98.4
7318,136218084,136218584,8,492,1.6,98.4
7319,136218584,136219084,9,491,1.7999999999999998,98.2
7320,136219084,136219584,7,493,1.4000000000000001,98.6
7321,136219584,136220084,9,491,1.7999999999999998,98.2
7322,136220084,136220584,9,491,1.7999999999999998,98.2
7323,136220584,136221084,6,494,1.2,98.8
7324,136221084,136221584,9,491,1.7999999999999998,98.2
7325,136221584,136222084,8,492,1.6,98.4
7326,136222084,136222584,9,491,1.7999999999999998,98.2
7327,136222584,136223084,10,490,2.0,98.0
7328,136223084,136223584,8,492,1.6,98.4
7329,136223584,136224084,8,492,1.6,98.4
7330,136224084,136224584,9,491,1.7999999999999998,98.2
7331,136224584,136225084,8,492,1.6,98.4
7332,136225084,136225584,9,491,1.7999999999999998,98.2
7333,136225584,136226084,8,492,1.6,98.4
7334,136226084,136226584,9,491,1.7999999999999998,98.2
7335,136226584,136227084,7,493,1.4000000000000001,98.6
7336,136227084,136227584,8,492,1.6,98.4
7337,136227584,136228084,7,493,1.4000000000000001,98.6
7338,136228084,136228584,8,492,1.6,98.4
7339,136228584,136229084,7,493,1.4000000000000001,98.6
7340,136229084,136229584,8,492,1.6,98.4
7341,136229584,136230084,9,491,1.7999999999999998,98.2
7342,136230084,136230584,8,492,1.6,98.4
7343,136230584,136231084,8,492,1.6,98.4
7344,136231084,136231584,7,493,1.4000000000000001,98.6
7345,136231584,136232084,8,492,1.6,98.4
7346,136232084,136232584,9,491,1.7999999999999998,98.2
7347,136232584,136233084,7,493,1.4000000000000001,98.6
7348,136233084,136233584,8,492,1.6,98.4
7349,136233584,136234084,7,493,1.4000000000000001,98.6
7350,136234084,136234584,8,492,1.6,98.4
7351,136234584,136235084,8,492,1.6,98.4
7352,136235084,136235584,9,491,1.7999999999999998,98.2
7353,136235584,136236084,8,492,1.6,98.4
7354,136236084,136236584,9,491,1.7999999999999998,98.2
7355,136236584,136237084,8,492,1.6,98.4
7356,136237084,136237584,8,492,1.6,98.4
7357,136237584,136238084,8,492,1.6,98.4
7358,136238084,136238584,8,492,1.6,98.4
7359,136238584,136239084,8,492,1.6,98.4
7360,136239084,136239584,8,492,1.6,98.4
7361,136239584,136240084,7,493,1.4000000000000001,98.6
7362,136240084,136240584,9,491,1.7999999999999998,98.2
7363,136240584,136241084,5,495,1.0,99.0
7364,136241084,136241584,18,482,3.5999999999999996,96.4
7365,136241584,136242084,2,498,0.4,99.6
7366,136242084,136242584,25,475,5.0,95.0
7367,136242584,136243084,79,421,15.8,84.2
7368,136243084,136243584,17,483,3.4000000000000004,96.6
7369,136243584,136244084,6,494,1.2,98.8
7370,136244084,136244584,22,478,4.3999999999999995,95.6
7371,136244584,136245084,6,494,1.2,98.8
7372,136245084,136245584,11,489,2.1999999999999997,97.8
7373,136245584,136246084,7,493,1.4000000000000001,98.6
7374,136246084,136246584,10,490,2.0,98.0
7375,136246584,136247084,7,493,1.4000000000000001,98.6
7376,136247084,136247584,11,489,2.1999999999999997,97.8
7377,136247584,136248084,7,493,1.4000000000000001,98.6
7378,136248084,136248584,33,467,6.6000000000000005,93.4
7379,136248584,136249084,8,492,1.6,98.4
7380,136249084,136249584,13,487,2.6,97.4
7381,136249584,136250084,9,491,1.7999999999999998,98.2
7382,136250084,136250584,11,489,2.1999999999999997,97.8
7383,136250584,136251084,8,492,1.6,98.4
7384,136251084,136251584,10,490,2.0,98.0
7385,136251584,136252084,7,493,1.4000000000000001,98.6
7386,136252084,136252584,9,491,1.7999999999999998,98.2
7387,136252584,136253084,8,492,1.6,98.4
7388,136253084,136253584,9,491,1.7999999999999998,98.2
7389,136253584,136254084,9,491,1.7999999999999998,98.2
7390,136254084,136254584,9,491,1.7999999999999998,98.2
7391,136254584,136255084,7,493,1.4000000000000001,98.6
7392,136255084,136255584,9,491,1.7999999999999998,98.2
7393,136255584,136256084,9,491,1.7999999999999998,98.2
7394,136256084,136256584,7,493,1.4000000000000001,98.6
7395,136256584,136257084,6,494,1.2,98.8
7396,136257084,136257584,8,492,1.6,98.4
7397,136257584,136258084,4,496,0.8,99.2
7398,136258084,136258584,75,425,15.0,85.0
7399,136258584,136259084,9,491,1.7999999999999998,98.2
7400,136259084,136259584,17,483,3.4000000000000004,96.6
7401,136259584,136260084,9,491,1.7999999999999998,98.2
7402,136260084,136260584,9,491,1.7999999999999998,98.2
7403,136260584,136261084,8,492,1.6,98.4
7404,136261084,136261584,7,493,1.4000000000000001,98.6
7405,136261584,136262084,9,491,1.7999999999999998,98.2
7406,136262084,136262584,8,492,1.6,98.4
7407,136262584,136263084,9,491,1.7999999999999998,98.2
7408,136263084,136263584,9,491,1.7999999999999998,98.2
7409,136263584,136264084,8,492,1.6,98.4
7410,136264084,136264584,8,492,1.6,98.4
7411,136264584,136265084,7,493,1.4000000000000001,98.6
7412,136265084,136265584,11,489,2.1999999999999997,97.8
7413,136265584,136266084,8,492,1.6,98.4
7414,136266084,136266584,12,488,2.4,97.6
7415,136266584,136267084,6,494,1.2,98.8
7416,136267084,136267584,12,488,2.4,97.6
7417,136267584,136268084,9,491,1.7999999999999998,98.2
7418,136268084,136268584,9,491,1.7999999999999998,98.2
7419,136268584,136269084,8,492,1.6,98.4
7420,136269084,136269584,10,490,2.0,98.0
7421,136269584,136270084,8,492,1.6,98.4
7422,136270084,136270584,8,492,1.6,98.4
7423,136270584,136271084,9,491,1.7999999999999998,98.2
7424,136271084,136271584,10,490,2.0,98.0
7425,136271584,136272084,8,492,1.6,98.4
7426,136272084,136272584,9,491,1.7999999999999998,98.2
7427,136272584,136273084,16,484,3.2,96.8
7428,136273084,136273584,27,473,5.4,94.6
7429,136273584,136274084,3,497,0.6,99.4
7430,136274084,136274584,7,493,1.4000000000000001,98.6
7431,136274584,136275084,15,485,3.0,97.0
7432,136275084,136275584,9,491,1.7999999999999998,98.2
7433,136275584,136276084,9,491,1.7999999999999998,98.2
7434,136276084,136276584,8,492,1.6,98.4
7435,136276584,136277084,7,493,1.4000000000000001,98.6
7436,136277084,136277584,8,492,1.6,98.4
7437,136277584,136278084,9,491,1.7999999999999998,98.2
7438,136278084,136278584,8,492,1.6,98.4
7439,136278584,136279084,8,492,1.6,98.4
7440,136279084,136279584,9,491,1.7999999999999998,98.2
7441,136279584,136280084,9,491,1.7999999999999998,98.2
7442,136280084,136280584,9,491,1.7999999999999998,98.2
7443,136280584,136281084,7,493,1.4000000000000001,98.6
7444,136281084,136281584,9,491,1.7999999999999998,98.2
7445,136281584,136282084,8,492,1.6,98.4
7446,136282084,136282584,9,491,1.7999999999999998,98.2
7447,136282584,136283084,8,492,1.6,98.4
7448,136283084,136283584,9,491,1.7999999999999998,98.2
7449,136283584,136284084,7,493,1.4000000000000001,98.6
7450,136284084,136284584,10,490,2.0,98.0
7451,136284584,136285084,7,493,1.4000000000000001,98.6
7452,136285084,136285584,10,490,2.0,98.0
7453,136285584,136286084,6,494,1.2,98.8
7454,136286084,136286584,9,491,1.7999999999999998,98.2
7455,136286584,136287084,9,491,1.7999999999999998,98.2
7456,136287084,136287584,9,491,1.7999999999999998,98.2
7457,136287584,136288084,8,492,1.6,98.4
7458,136288084,136288584,8,492,1.6,98.4
7459,136288584,136289084,8,492,1.6,98.4
7460,136289084,136289584,8,492,1.6,98.4
7461,136289584,136290084,8,492,1.6,98.4
7462,136290084,136290584,9,491,1.7999999999999998,98.2
7463,136290584,136291084,9,491,1.7999999999999998,98.2
7464,136291084,136291584,7,493,1.4000000000000001,98.6
7465,136291584,136292084,12,488,2.4,97.6
7466,136292084,136292584,6,494,1.2,98.8
7467,136292584,136293084,2,498,0.4,99.6
7468,136293084,136293584,10,490,2.0,98.0
7469,136293584,136294084,6,494,1.2,98.8
7470,136294084,136294584,18,482,3.5999999999999996,96.4
7471,136294584,136295084,7,493,1.4000000000000001,98.6
7472,136295084,136295584,14,486,2.8000000000000003,97.2
7473,136295584,136296084,6,494,1.2,98.8
7474,136296084,136296584,7,493,1.4000000000000001,98.6
7475,136296584,136297084,16,484,3.2,96.8
7476,136297084,136297584,10,490,2.0,98.0
7477,136297584,136298084,12,488,2.4,97.6
7478,136298084,136298584,11,489,2.1999999999999997,97.8
7479,136298584,136299084,5,495,1.0,99.0
7480,136299084,136299584,11,489,2.1999999999999997,97.8
7481,136299584,136300084,8,492,1.6,98.4
7482,136300084,136300584,9,491,1.7999999999999998,98.2
7483,136300584,136301084,7,493,1.4000000000000001,98.6
7484,136301084,136301584,12,488,2.4,97.6
7485,136301584,136302084,7,493,1.4000000000000001,98.6
7486,136302084,136302584,9,491,1.7999999999999998,98.2
7487,136302584,136303084,7,493,1.4000000000000001,98.6
7488,136303084,136303584,11,489,2.1999999999999997,97.8
7489,136303584,136304084,8,492,1.6,98.4
7490,136304084,136304584,12,488,2.4,97.6
7491,136304584,136305084,8,492,1.6,98.4
7492,136305084,136305584,9,491,1.7999999999999998,98.2
7493,136305584,136306084,8,492,1.6,98.4
7494,136306084,136306584,9,491,1.7999999999999998,98.2
7495,136306584,136307084,9,491,1.7999999999999998,98.2
7496,136307084,136307584,8,492,1.6,98.4
7497,136307584,136308084,11,489,2.1999999999999997,97.8
7498,136308084,136308584,10,490,2.0,98.0
7499,136308584,136309084,13,487,2.6,97.4
7500,136309084,136309584,7,493,1.4000000000000001,98.6
7501,136309584,136310084,14,486,2.8000000000000003,97.2
7502,136310084,136310584,10,490,2.0,98.0
7503,136310584,136311084,4,496,0.8,99.2
7504,136311084,136311584,13,487,2.6,97.4
7505,136311584,136312084,6,494,1.2,98.8
7506,136312084,136312584,11,489,2.1999999999999997,97.8
7507,136312584,136313084,7,493,1.4000000000000001,98.6
7508,136313084,136313584,9,491,1.7999999999999998,98.2
7509,136313584,136314084,7,493,1.4000000000000001,98.6
7510,136314084,136314584,11,489,2.1999999999999997,97.8
7511,136314584,136315084,7,493,1.4000000000000001,98.6
7512,136315084,136315584,9,491,1.7999999999999998,98.2
7513,136315584,136316084,8,492,1.6,98.4
7514,136316084,136316584,8,492,1.6,98.4
7515,136316584,136317084,8,492,1.6,98.4
7516,136317084,136317584,8,492,1.6,98.4
7517,136317584,136318084,8,492,1.6,98.4
7518,136318084,136318584,8,492,1.6,98.4
7519,136318584,136319084,9,491,1.7999999999999998,98.2
7520,136319084,136319584,10,490,2.0,98.0
7521,136319584,136320084,6,494,1.2,98.8
7522,136320084,136320584,11,489,2.1999999999999997,97.8
7523,136320584,136321084,5,495,1.0,99.0
7524,136321084,136321584,11,489,2.1999999999999997,97.8
7525,136321584,136322084,7,493,1.4000000000000001,98.6
7526,136322084,136322584,9,491,1.7999999999999998,98.2
7527,136322584,136323084,3,497,0.6,99.4
7528,136323084,136323584,12,488,2.4,97.6
7529,136323584,136324084,12,488,2.4,97.6
7530,136324084,136324584,8,492,1.6,98.4
7531,136324584,136325084,4,496,0.8,99.2
7532,136325084,136325584,11,489,2.1999999999999997,97.8
7533,136325584,136326084,8,492,1.6,98.4
7534,136326084,136326584,11,489,2.1999999999999997,97.8
7535,136326584,136327084,5,495,1.0,99.0
7536,136327084,136327584,11,489,2.1999999999999997,97.8
7537,136327584,136328084,6,494,1.2,98.8
7538,136328084,136328584,11,489,2.1999999999999997,97.8
7539,136328584,136329084,8,492,1.6,98.4
7540,136329084,136329584,11,489,2.1999999999999997,97.8
7541,136329584,136330084,7,493,1.4000000000000001,98.6
7542,136330084,136330584,9,491,1.7999999999999998,98.2
7543,136330584,136331084,7,493,1.4000000000000001,98.6
7544,136331084,136331584,9,491,1.7999999999999998,98.2
7545,136331584,136332084,8,492,1.6,98.4
7546,136332084,136332584,8,492,1.6,98.4
7547,136332584,136333084,8,492,1.6,98.4
7548,136333084,136333584,8,492,1.6,98.4
7549,136333584,136334084,8,492,1.6,98.4
7550,136334084,136334584,7,493,1.4000000000000001,98.6
7551,136334584,136335084,8,492,1.6,98.4
7552,136335084,136335584,10,490,2.0,98.0
7553,136335584,136336084,6,494,1.2,98.8
7554,136336084,136336584,12,488,2.4,97.6
7555,136336584,136337084,7,493,1.4000000000000001,98.6
7556,136337084,136337584,10,490,2.0,98.0
7557,136337584,136338084,7,493,1.4000000000000001,98.6
7558,136338084,136338584,9,491,1.7999999999999998,98.2
7559,136338584,136339084,7,493,1.4000000000000001,98.6
7560,136339084,136339584,8,492,1.6,98.4
7561,136339584,136340084,10,490,2.0,98.0
7562,136340084,136340584,17,483,3.4000000000000004,96.6
7563,136340584,136341084,6,494,1.2,98.8
7564,136341084,136341584,10,490,2.0,98.0
7565,136341584,136342084,8,492,1.6,98.4
7566,136342084,136342584,10,490,2.0,98.0
7567,136342584,136343084,9,491,1.7999999999999998,98.2
7568,136343084,136343584,8,492,1.6,98.4
7569,136343584,136344084,8,492,1.6,98.4
7570,136344084,136344584,9,491,1.7999999999999998,98.2
7571,136344584,136345084,8,492,1.6,98.4
7572,136345084,136345584,8,492,1.6,98.4
7573,136345584,136346084,8,492,1.6,98.4
7574,136346084,136346584,8,492,1.6,98.4
7575,136346584,136347084,9,491,1.7999999999999998,98.2
7576,136347084,136347584,10,490,2.0,98.0
7577,136347584,136348084,6,494,1.2,98.8
7578,136348084,136348584,10,490,2.0,98.0
7579,136348584,136349084,9,491,1.7999999999999998,98.2
7580,136349084,136349584,11,489,2.1999999999999997,97.8
7581,136349584,136350084,7,493,1.4000000000000001,98.6
7582,136350084,136350584,9,491,1.7999999999999998,98.2
7583,136350584,136351084,7,493,1.4000000000000001,98.6
7584,136351084,136351584,9,491,1.7999999999999998,98.2
7585,136351584,136352084,10,490,2.0,98.0
7586,136352084,136352584,10,490,2.0,98.0
7587,136352584,136353084,9,491,1.7999999999999998,98.2
7588,136353084,136353584,9,491,1.7999999999999998,98.2
7589,136353584,136354084,9,491,1.7999999999999998,98.2
7590,136354084,136354584,9,491,1.7999999999999998,98.2
7591,136354584,136355084,8,492,1.6,98.4
7592,136355084,136355584,9,491,1.7999999999999998,98.2
7593,136355584,136356084,9,491,1.7999999999999998,98.2
7594,136356084,136356584,13,487,2.6,97.4
7595,136356584,136357084,5,495,1.0,99.0
7596,136357084,136357584,15,485,3.0,97.0
7597,136357584,136358084,5,495,1.0,99.0
7598,136358084,136358584,13,487,2.6,97.4
7599,136358584,136359084,14,486,2.8000000000000003,97.2
7600,136359084,136359584,9,491,1.7999999999999998,98.2
7601,136359584,136360084,8,492,1.6,98.4
7602,136360084,136360584,9,491,1.7999999999999998,98.2
7603,136360584,136361084,8,492,1.6,98.4
7604,136361084,136361584,8,492,1.6,98.4
7605,136361584,136362084,8,492,1.6,98.4
7606,136362084,136362584,10,490,2.0,98.0
7607,136362584,136363084,8,492,1.6,98.4
7608,136363084,136363584,11,489,2.1999999999999997,97.8
7609,136363584,136364084,6,494,1.2,98.8
7610,136364084,136364584,12,488,2.4,97.6
7611,136364584,136365084,7,493,1.4000000000000001,98.6
7612,136365084,136365584,9,491,1.7999999999999998,98.2
7613,136365584,136366084,8,492,1.6,98.4
7614,136366084,136366584,9,491,1.7999999999999998,98.2
7615,136366584,136367084,8,492,1.6,98.4
7616,136367084,136367584,9,491,1.7999999999999998,98.2
7617,136367584,136368084,9,491,1.7999999999999998,98.2
7618,136368084,136368584,7,493,1.4000000000000001,98.6
7619,136368584,136369084,8,492,1.6,98.4
7620,136369084,136369584,7,493,1.4000000000000001,98.6
7621,136369584,136370084,9,491,1.7999999999999998,98.2
7622,136370084,136370584,7,493,1.4000000000000001,98.6
7623,136370584,136371084,8,492,1.6,98.4
7624,136371084,136371584,10,490,2.0,98.0
7625,136371584,136372084,7,493,1.4000000000000001,98.6
7626,136372084,136372584,9,491,1.7999999999999998,98.2
7627,136372584,136373084,7,493,1.4000000000000001,98.6
7628,136373084,136373584,10,490,2.0,98.0
7629,136373584,136374084,6,494,1.2,98.8
7630,136374084,136374584,29,471,5.800000000000001,94.2
7631,136374584,136375084,5,495,1.0,99.0
7632,136375084,136375584,13,487,2.6,97.4
7633,136375584,136376084,7,493,1.4000000000000001,98.6
7634,136376084,136376584,9,491,1.7999999999999998,98.2
7635,136376584,136377084,7,493,1.4000000000000001,98.6
7636,136377084,136377584,10,490,2.0,98.0
7637,136377584,136378084,7,493,1.4000000000000001,98.6
7638,136378084,136378584,9,491,1.7999999999999998,98.2
7639,136378584,136379084,10,490,2.0,98.0
7640,136379084,136379584,7,493,1.4000000000000001,98.6
7641,136379584,136380084,8,492,1.6,98.4
7642,136380084,136380584,8,492,1.6,98.4
7643,136380584,136381084,9,491,1.7999999999999998,98.2
7644,136381084,136381584,8,492,1.6,98.4
7645,136381584,136382084,9,491,1.7999999999999998,98.2
7646,136382084,136382584,10,490,2.0,98.0
7647,136382584,136383084,8,492,1.6,98.4
7648,136383084,136383584,9,491,1.7999999999999998,98.2
7649,136383584,136384084,8,492,1.6,98.4
7650,136384084,136384584,9,491,1.7999999999999998,98.2
7651,136384584,136385084,9,491,1.7999999999999998,98.2
7652,136385084,136385584,7,493,1.4000000000000001,98.6
7653,136385584,136386084,9,491,1.7999999999999998,98.2
7654,136386084,136386584,7,493,1.4000000000000001,98.6
7655,136386584,136387084,9,491,1.7999999999999998,98.2
7656,136387084,136387584,8,492,1.6,98.4
7657,136387584,136388084,8,492,1.6,98.4
7658,136388084,136388584,10,490,2.0,98.0
7659,136388584,136389084,8,492,1.6,98.4
7660,136389084,136389584,8,492,1.6,98.4
7661,136389584,136390084,8,492,1.6,98.4
7662,136390084,136390584,9,491,1.7999999999999998,98.2
7663,136390584,136391084,7,493,1.4000000000000001,98.6
7664,136391084,136391584,10,490,2.0,98.0
7665,136391584,136392084,6,494,1.2,98.8
7666,136392084,136392584,13,487,2.6,97.4
7667,136392584,136393084,8,492,1.6,98.4
7668,136393084,136393584,9,491,1.7999999999999998,98.2
7669,136393584,136394084,8,492,1.6,98.4
7670,136394084,136394584,9,491,1.7999999999999998,98.2
7671,136394584,136395084,8,492,1.6,98.4
7672,136395084,136395584,10,490,2.0,98.0
7673,136395584,136396084,6,494,1.2,98.8
7674,136396084,136396584,13,487,2.6,97.4
7675,136396584,136397084,7,493,1.4000000000000001,98.6
7676,136397084,136397584,11,489,2.1999999999999997,97.8
7677,136397584,136398084,7,493,1.4000000000000001,98.6
7678,136398084,136398584,10,490,2.0,98.0
7679,136398584,136399084,8,492,1.6,98.4
7680,136399084,136399584,9,491,1.7999999999999998,98.2
7681,136399584,136400084,9,491,1.7999999999999998,98.2
7682,136400084,136400584,8,492,1.6,98.4
7683,136400584,136401084,9,491,1.7999999999999998,98.2
7684,136401084,136401584,8,492,1.6,98.4
7685,136401584,136402084,9,491,1.7999999999999998,98.2
7686,136402084,136402584,10,490,2.0,98.0
7687,136402584,136403084,6,494,1.2,98.8
7688,136403084,136403584,12,488,2.4,97.6
7689,136403584,136404084,7,493,1.4000000000000001,98.6
7690,136404084,136404584,10,490,2.0,98.0
7691,136404584,136405084,7,493,1.4000000000000001,98.6
7692,136405084,136405584,10,490,2.0,98.0
7693,136405584,136406084,9,491,1.7999999999999998,98.2
7694,136406084,136406584,8,492,1.6,98.4
7695,136406584,136407084,9,491,1.7999999999999998,98.2
7696,136407084,136407584,9,491,1.7999999999999998,98.2
7697,136407584,136408084,38,462,7.6,92.4
7698,136408084,136408584,9,491,1.7999999999999998,98.2
7699,136408584,136409084,9,491,1.7999999999999998,98.2
7700,136409084,136409584,8,492,1.6,98.4
7701,136409584,136410084,8,492,1.6,98.4
7702,136410084,136410584,10,490,2.0,98.0
7703,136410584,136411084,8,492,1.6,98.4
7704,136411084,136411584,9,491,1.7999999999999998,98.2
7705,136411584,136412084,17,483,3.4000000000000004,96.6
7706,136412084,136412584,10,490,2.0,98.0
7707,136412584,136413084,7,493,1.4000000000000001,98.6
7708,136413084,136413584,10,490,2.0,98.0
7709,136413584,136414084,8,492,1.6,98.4
7710,136414084,136414584,9,491,1.7999999999999998,98.2
7711,136414584,136415084,8,492,1.6,98.4
7712,136415084,136415584,9,491,1.7999999999999998,98.2
7713,136415584,136416084,7,493,1.4000000000000001,98.6
7714,136416084,136416584,17,483,3.4000000000000004,96.6
7715,136416584,136417084,22,478,4.3999999999999995,95.6
7716,136417084,136417584,10,490,2.0,98.0
7717,136417584,136418084,8,492,1.6,98.4
7718,136418084,136418584,11,489,2.1999999999999997,97.8
7719,136418584,136419084,6,494,1.2,98.8
7720,136419084,136419584,10,490,2.0,98.0
7721,136419584,136420084,7,493,1.4000000000000001,98.6
7722,136420084,136420584,10,490,2.0,98.0
7723,136420584,136421084,6,494,1.2,98.8
7724,136421084,136421584,10,490,2.0,98.0
7725,136421584,136422084,7,493,1.4000000000000001,98.6
7726,136422084,136422584,8,492,1.6,98.4
7727,136422584,136423084,7,493,1.4000000000000001,98.6
7728,136423084,136423584,13,487,2.6,97.4
7729,136423584,136424084,8,492,1.6,98.4
7730,136424084,136424584,8,492,1.6,98.4
7731,136424584,136425084,8,492,1.6,98.4
7732,136425084,136425584,9,491,1.7999999999999998,98.2
7733,136425584,136426084,8,492,1.6,98.4
7734,136426084,136426584,8,492,1.6,98.4
7735,136426584,136427084,8,492,1.6,98.4
7736,136427084,136427584,11,489,2.1999999999999997,97.8
7737,136427584,136428084,7,493,1.4000000000000001,98.6
7738,136428084,136428584,9,491,1.7999999999999998,98.2
7739,136428584,136429084,8,492,1.6,98.4
7740,136429084,136429584,9,491,1.7999999999999998,98.2
7741,136429584,136430084,8,492,1.6,98.4
7742,136430084,136430584,9,491,1.7999999999999998,98.2
7743,136430584,136431084,8,492,1.6,98.4
7744,136431084,136431584,9,491,1.7999999999999998,98.2
7745,136431584,136432084,8,492,1.6,98.4
7746,136432084,136432584,8,492,1.6,98.4
7747,136432584,136433084,7,493,1.4000000000000001,98.6
7748,136433084,136433584,8,492,1.6,98.4
7749,136433584,136434084,8,492,1.6,98.4
7750,136434084,136434584,9,491,1.7999999999999998,98.2
7751,136434584,136435084,7,493,1.4000000000000001,98.6
7752,136435084,136435584,10,490,2.0,98.0
7753,136435584,136436084,7,493,1.4000000000000001,98.6
7754,136436084,136436584,9,491,1.7999999999999998,98.2
7755,136436584,136437084,7,493,1.4000000000000001,98.6
7756,136437084,136437584,8,492,1.6,98.4
7757,136437584,136438084,9,491,1.7999999999999998,98.2
7758,136438084,136438584,8,492,1.6,98.4
7759,136438584,136439084,8,492,1.6,98.4
7760,136439084,136439584,8,492,1.6,98.4
7761,136439584,136440084,9,491,1.7999999999999998,98.2
7762,136440084,136440584,10,490,2.0,98.0
7763,136440584,136441084,8,492,1.6,98.4
7764,136441084,136441584,11,489,2.1999999999999997,97.8
7765,136441584,136442084,6,494,1.2,98.8
7766,136442084,136442584,10,490,2.0,98.0
7767,136442584,136443084,7,493,1.4000000000000001,98.6
7768,136443084,136443584,9,491,1.7999999999999998,98.2
7769,136443584,136444084,8,492,1.6,98.4
7770,136444084,136444584,9,491,1.7999999999999998,98.2
7771,136444584,136445084,6,494,1.2,98.8
7772,136445084,136445584,10,490,2.0,98.0
7773,136445584,136446084,7,493,1.4000000000000001,98.6
7774,136446084,136446584,8,492,1.6,98.4
7775,136446584,136447084,8,492,1.6,98.4
7776,136447084,136447584,8,492,1.6,98.4
7777,136447584,136448084,9,491,1.7999999999999998,98.2
7778,136448084,136448584,9,491,1.7999999999999998,98.2
7779,136448584,136449084,6,494,1.2,98.8
7780,136449084,136449584,11,489,2.1999999999999997,97.8
7781,136449584,136450084,7,493,1.4000000000000001,98.6
7782,136450084,136450584,9,491,1.7999999999999998,98.2
7783,136450584,136451084,8,492,1.6,98.4
7784,136451084,136451584,9,491,1.7999999999999998,98.2
7785,136451584,136452084,6,494,1.2,98.8
7786,136452084,136452584,9,491,1.7999999999999998,98.2
7787,136452584,136453084,8,492,1.6,98.4
7788,136453084,136453584,8,492,1.6,98.4
7789,136453584,136454084,8,492,1.6,98.4
7790,136454084,136454584,8,492,1.6,98.4
7791,136454584,136455084,8,492,1.6,98.4
7792,136455084,136455584,8,492,1.6,98.4
7793,136455584,136456084,8,492,1.6,98.4
7794,136456084,136456584,10,490,2.0,98.0
7795,136456584,136457084,6,494,1.2,98.8
7796,136457084,136457584,10,490,2.0,98.0
7797,136457584,136458084,7,493,1.4000000000000001,98.6
7798,136458084,136458584,9,491,1.7999999999999998,98.2
7799,136458584,136459084,7,493,1.4000000000000001,98.6
7800,136459084,136459584,10,490,2.0,98.0
7801,136459584,136460084,6,494,1.2,98.8
7802,136460084,136460584,10,490,2.0,98.0
7803,136460584,136461084,9,491,1.7999999999999998,98.2
7804,136461084,136461584,14,486,2.8000000000000003,97.2
7805,136461584,136462084,10,490,2.0,98.0
7806,136462084,136462584,7,493,1.4000000000000001,98.6
7807,136462584,136463084,9,491,1.7999999999999998,98.2
7808,136463084,136463584,8,492,1.6,98.4
7809,136463584,136464084,7,493,1.4000000000000001,98.6
7810,136464084,136464584,9,491,1.7999999999999998,98.2
7811,136464584,136465084,8,492,1.6,98.4
7812,136465084,136465584,10,490,2.0,98.0
7813,136465584,136466084,6,494,1.2,98.8
7814,136466084,136466584,10,490,2.0,98.0
7815,136466584,136467084,7,493,1.4000000000000001,98.6
7816,136467084,136467584,10,490,2.0,98.0
7817,136467584,136468084,7,493,1.4000000000000001,98.6
7818,136468084,136468584,9,491,1.7999999999999998,98.2
7819,136468584,136469084,13,487,2.6,97.4
7820,136469084,136469584,7,493,1.4000000000000001,98.6
7821,136469584,136470084,8,492,1.6,98.4
7822,136470084,136470584,12,488,2.4,97.6
7823,136470584,136471084,10,490,2.0,98.0
7824,136471084,136471584,9,491,1.7999999999999998,98.2
7825,136471584,136472084,8,492,1.6,98.4
7826,136472084,136472584,8,492,1.6,98.4
7827,136472584,136473084,11,489,2.1999999999999997,97.8
7828,136473084,136473584,8,492,1.6,98.4
7829,136473584,136474084,11,489,2.1999999999999997,97.8
7830,136474084,136474584,10,490,2.0,98.0
7831,136474584,136475084,8,492,1.6,98.4
7832,136475084,136475584,8,492,1.6,98.4
7833,136475584,136476084,9,491,1.7999999999999998,98.2
7834,136476084,136476584,8,492,1.6,98.4
7835,136476584,136477084,8,492,1.6,98.4
7836,136477084,136477584,11,489,2.1999999999999997,97.8
7837,136477584,136478084,1,499,0.2,99.8
7838,136478084,136478584,9,491,1.7999999999999998,98.2
7839,136478584,136479084,8,492,1.6,98.4
7840,136479084,136479584,8,492,1.6,98.4
7841,136479584,136480084,8,492,1.6,98.4
7842,136480084,136480584,10,490,2.0,98.0
7843,136480584,136481084,8,492,1.6,98.4
7844,136481084,136481584,9,491,1.7999999999999998,98.2
7845,136481584,136482084,7,493,1.4000000000000001,98.6
7846,136482084,136482584,6,494,1.2,98.8
7847,136482584,136483084,5,495,1.0,99.0
7848,136483084,136483584,4,496,0.8,99.2
7849,136483584,136484084,8,492,1.6,98.4
7850,136484084,136484584,9,491,1.7999999999999998,98.2
7851,136484584,136485084,6,494,1.2,98.8
7852,136485084,136485584,5,495,1.0,99.0
7853,136485584,136486084,8,492,1.6,98.4
7854,136486084,136486584,9,491,1.7999999999999998,98.2
7855,136486584,136487084,8,492,1.6,98.4
7856,136487084,136487584,9,491,1.7999999999999998,98.2
7857,136487584,136488084,8,492,1.6,98.4
7858,136488084,136488584,10,490,2.0,98.0
7859,136488584,136489084,6,494,1.2,98.8
7860,136489084,136489584,11,489,2.1999999999999997,97.8
7861,136489584,136490084,7,493,1.4000000000000001,98.6
7862,136490084,136490584,14,486,2.8000000000000003,97.2
7863,136490584,136491084,5,495,1.0,99.0
7864,136491084,136491584,13,487,2.6,97.4
7865,136491584,136492084,8,492,1.6,98.4
7866,136492084,136492584,9,491,1.7999999999999998,98.2
7867,136492584,136493084,8,492,1.6,98.4
7868,136493084,136493584,9,491,1.7999999999999998,98.2
7869,136493584,136494084,7,493,1.4000000000000001,98.6
7870,136494084,136494584,11,489,2.1999999999999997,97.8
7871,136494584,136495084,8,492,1.6,98.4
7872,136495084,136495584,9,491,1.7999999999999998,98.2
7873,136495584,136496084,9,491,1.7999999999999998,98.2
7874,136496084,136496584,8,492,1.6,98.4
7875,136496584,136497084,8,492,1.6,98.4
7876,136497084,136497584,9,491,1.7999999999999998,98.2
7877,136497584,136498084,8,492,1.6,98.4
7878,136498084,136498584,9,491,1.7999999999999998,98.2
7879,136498584,136499084,6,494,1.2,98.8
7880,136499084,136499584,11,489,2.1999999999999997,97.8
7881,136499584,136500084,7,493,1.4000000000000001,98.6
7882,136500084,136500584,10,490,2.0,98.0
7883,136500584,136501084,7,493,1.4000000000000001,98.6
7884,136501084,136501584,8,492,1.6,98.4
7885,136501584,136502084,4,496,0.8,99.2
7886,136502084,136502584,13,487,2.6,97.4
7887,136502584,136503084,7,493,1.4000000000000001,98.6
7888,136503084,136503584,4,496,0.8,99.2
7889,136503584,136504084,0,500,0.0,100.0
7890,136504084,136504584,0,500,0.0,100.0
7891,136504584,136505084,0,500,0.0,100.0
7892,136505084,136505584,0,500,0.0,100.0
7893,136505584,136506084,0,500,0.0,100.0
7894,136506084,136506584,0,500,0.0,100.0
7895,136506584,136507084,0,500,0.0,100.0
7896,136507084,136507584,0,500,0.0,100.0
7897,136507584,136508084,0,500,0.0,100.0
7898,136508084,136508584,0,500,0.0,100.0
7899,136508584,136509084,0,500,0.0,100.0
7900,136509084,136509584,0,500,0.0,100.0
7901,136509584,136510084,0,500,0.0,100.0
7902,136510084,136510584,0,500,0.0,100.0
7903,136510584,136511084,0,500,0.0,100.0
7904,136511084,136511584,0,500,0.0,100.0
7905,136511584,136512084,0,500,0.0,100.0
7906,136512084,136512584,0,500,0.0,100.0
7907,136512584,136513084,0,500,0.0,100.0
7908,136513084,136513584,0,500,0.0,100.0
7909,136513584,136514084,0,500,0.0,100.0
7910,136514084,136514584,0,500,0.0,100.0
7911,136514584,136515084,0,500,0.0,100.0
7912,136515084,136515584,0,500,0.0,100.0
7913,136515584,136516084,0,500,0.0,100.0
7914,136516084,136516584,0,500,0.0,100.0
7915,136516584,136517084,0,500,0.0,100.0
7916,136517084,136517584,0,500,0.0,100.0
7917,136517584,136518084,0,500,0.0,100.0
7918,136518084,136518584,0,500,0.0,100.0
7919,136518584,136519084,0,500,0.0,100.0
7920,136519084,136519584,0,500,0.0,100.0
7921,136519584,136520084,0,500,0.0,100.0
7922,136520084,136520584,0,500,0.0,100.0
7923,136520584,136521084,0,500,0.0,100.0
7924,136521084,136521584,0,500,0.0,100.0
7925,136521584,136522084,0,500,0.0,100.0
7926,136522084,136522584,0,500,0.0,100.0
7927,136522584,136523084,0,500,0.0,100.0
7928,136523084,136523584,0,500,0.0,100.0
7929,136523584,136524084,0,500,0.0,100.0
7930,136524084,136524584,0,500,0.0,100.0
7931,136524584,136525084,0,500,0.0,100.0
7932,136525084,136525584,0,500,0.0,100.0
7933,136525584,136526084,0,500,0.0,100.0
7934,136526084,136526584,0,500,0.0,100.0
7935,136526584,136527084,0,500,0.0,100.0
7936,136527084,136527584,0,500,0.0,100.0
7937,136527584,136528084,0,500,0.0,100.0
7938,136528084,136528584,0,500,0.0,100.0
7939,136528584,136529084,0,500,0.0,100.0
7940,136529084,136529584,0,500,0.0,100.0
7941,136529584,136530084,0,500,0.0,100.0
7942,136530084,136530584,0,500,0.0,100.0
7943,136530584,136531084,0,500,0.0,100.0
7944,136531084,136531584,0,500,0.0,100.0
7945,136531584,136532084,0,500,0.0,100.0
7946,136532084,136532584,0,500,0.0,100.0
7947,136532584,136533084,0,500,0.0,100.0
7948,136533084,136533584,0,500,0.0,100.0
7949,136533584,136534084,0,500,0.0,100.0
7950,136534084,136534584,0,500,0.0,100.0
7951,136534584,136535084,0,500,0.0,100.0
7952,136535084,136535584,0,500,0.0,100.0
7953,136535584,136536084,0,500,0.0,100.0
7954,136536084,136536584,0,500,0.0,100.0
7955,136536584,136537084,0,500,0.0,100.0
7956,136537084,136537584,0,500,0.0,100.0
7957,136537584,136538084,0,500,0.0,100.0
7958,136538084,136538584,0,500,0.0,100.0
7959,136538584,136539084,0,500,0.0,100.0
7960,136539084,136539584,0,500,0.0,100.0
7961,136539584,136540084,0,500,0.0,100.0
7962,136540084,136540584,0,500,0.0,100.0
7963,136540584,136541084,0,500,0.0,100.0
7964,136541084,136541584,0,500,0.0,100.0
7965,136541584,136542084,0,500,0.0,100.0
7966,136542084,136542584,0,500,0.0,100.0
7967,136542584,136543084,0,500,0.0,100.0
7968,136543084,136543584,0,500,0.0,100.0
7969,136543584,136544084,0,500,0.0,100.0
7970,136544084,136544584,0,500,0.0,100.0
7971,136544584,136545084,0,500,0.0,100.0
7972,136545084,136545584,0,500,0.0,100.0
7973,136545584,136546084,0,500,0.0,100.0
7974,136546084,136546584,0,500,0.0,100.0
7975,136546584,136547084,0,500,0.0,100.0
7976,136547084,136547584,0,500,0.0,100.0
7977,136547584,136548084,0,500,0.0,100.0
7978,136548084,136548584,0,500,0.0,100.0
7979,136548584,136549084,0,500,0.0,100.0
7980,136549084,136549584,0,500,0.0,100.0
7981,136549584,136550084,0,500,0.0,100.0
7982,136550084,136550584,0,500,0.0,100.0
7983,136550584,136551084,0,500,0.0,100.0
7984,136551084,136551584,0,500,0.0,100.0
7985,136551584,136552084,0,500,0.0,100.0
7986,136552084,136552584,0,500,0.0,100.0
7987,136552584,136553084,0,500,0.0,100.0
7988,136553084,136553584,0,500,0.0,100.0
7989,136553584,136554084,0,500,0.0,100.0
7990,136554084,136554584,0,500,0.0,100.0
7991,136554584,136555084,0,500,0.0,100.0
7992,136555084,136555584,0,500,0.0,100.0
7993,136555584,136556084,0,500,0.0,100.0
7994,136556084,136556584,0,500,0.0,100.0
7995,136556584,136557084,0,500,0.0,100.0
7996,136557084,136557584,0,500,0.0,100.0
7997,136557584,136558084,0,500,0.0,100.0
7998,136558084,136558584,0,500,0.0,100.0
7999,136558584,136559084,0,500,0.0,100.0
8000,136559084,136559584,0,500,0.0,100.0
8001,136559584,136560084,0,500,0.0,100.0
8002,136560084,136560584,0,500,0.0,100.0
8003,136560584,136561084,0,500,0.0,100.0
8004,136561084,136561584,0,500,0.0,100.0
8005,136561584,136562084,0,500,0.0,100.0
8006,136562084,136562584,25,475,5.0,95.0
8007,136562584,136563084,10,490,2.0,98.0
8008,136563084,136563584,10,490,2.0,98.0
8009,136563584,136564084,9,491,1.7999999999999998,98.2
8010,136564084,136564584,8,492,1.6,98.4
8011,136564584,136565084,9,491,1.7999999999999998,98.2
8012,136565084,136565584,7,493,1.4000000000000001,98.6
8013,136565584,136566084,9,491,1.7999999999999998,98.2
8014,136566084,136566584,8,492,1.6,98.4
8015,136566584,136567084,9,491,1.7999999999999998,98.2
8016,136567084,136567584,9,491,1.7999999999999998,98.2
8017,136567584,136568084,8,492,1.6,98.4
8018,136568084,136568584,8,492,1.6,98.4
8019,136568584,136569084,7,493,1.4000000000000001,98.6
8020,136569084,136569584,9,491,1.7999999999999998,98.2
8021,136569584,136570084,7,493,1.4000000000000001,98.6
8022,136570084,136570584,11,489,2.1999999999999997,97.8
8023,136570584,136571084,8,492,1.6,98.4
8024,136571084,136571584,8,492,1.6,98.4
8025,136571584,136572084,9,491,1.7999999999999998,98.2
8026,136572084,136572584,8,492,1.6,98.4
8027,136572584,136573084,8,492,1.6,98.4
8028,136573084,136573584,8,492,1.6,98.4
8029,136573584,136574084,8,492,1.6,98.4
8030,136574084,136574584,12,488,2.4,97.6
8031,136574584,136575084,7,493,1.4000000000000001,98.6
8032,136575084,136575584,10,490,2.0,98.0
8033,136575584,136576084,7,493,1.4000000000000001,98.6
8034,136576084,136576584,10,490,2.0,98.0
8035,136576584,136577084,7,493,1.4000000000000001,98.6
8036,136577084,136577584,9,491,1.7999999999999998,98.2
8037,136577584,136578084,8,492,1.6,98.4
8038,136578084,136578584,9,491,1.7999999999999998,98.2
8039,136578584,136579084,7,493,1.4000000000000001,98.6
8040,136579084,136579584,8,492,1.6,98.4
8041,136579584,136580084,7,493,1.4000000000000001,98.6
8042,136580084,136580584,8,492,1.6,98.4
8043,136580584,136581084,7,493,1.4000000000000001,98.6
8044,136581084,136581584,10,490,2.0,98.0
8045,136581584,136582084,6,494,1.2,98.8
8046,136582084,136582584,10,490,2.0,98.0
8047,136582584,136583084,7,493,1.4000000000000001,98.6
8048,136583084,136583584,9,491,1.7999999999999998,98.2
8049,136583584,136584084,7,493,1.4000000000000001,98.6
8050,136584084,136584584,9,491,1.7999999999999998,98.2
8051,136584584,136585084,9,491,1.7999999999999998,98.2
8052,136585084,136585584,7,493,1.4000000000000001,98.6
8053,136585584,136586084,8,492,1.6,98.4
8054,136586084,136586584,9,491,1.7999999999999998,98.2
8055,136586584,136587084,9,491,1.7999999999999998,98.2
8056,136587084,136587584,7,493,1.4000000000000001,98.6
8057,136587584,136588084,9,491,1.7999999999999998,98.2
8058,136588084,136588584,8,492,1.6,98.4
8059,136588584,136589084,8,492,1.6,98.4
8060,136589084,136589584,9,491,1.7999999999999998,98.2
8061,136589584,136590084,7,493,1.4000000000000001,98.6
8062,136590084,136590584,10,490,2.0,98.0
8063,136590584,136591084,7,493,1.4000000000000001,98.6
8064,136591084,136591584,9,491,1.7999999999999998,98.2
8065,136591584,136592084,7,493,1.4000000000000001,98.6
8066,136592084,136592584,10,490,2.0,98.0
8067,136592584,136593084,9,491,1.7999999999999998,98.2
8068,136593084,136593584,6,494,1.2,98.8
8069,136593584,136594084,8,492,1.6,98.4
8070,136594084,136594584,8,492,1.6,98.4
8071,136594584,136595084,7,493,1.4000000000000001,98.6
8072,136595084,136595584,9,491,1.7999999999999998,98.2
8073,136595584,136596084,7,493,1.4000000000000001,98.6
8074,136596084,136596584,10,490,2.0,98.0
8075,136596584,136597084,8,492,1.6,98.4
8076,136597084,136597584,9,491,1.7999999999999998,98.2
8077,136597584,136598084,7,493,1.4000000000000001,98.6
8078,136598084,136598584,8,492,1.6,98.4
8079,136598584,136599084,10,490,2.0,98.0
8080,136599084,136599584,25,475,5.0,95.0
8081,136599584,136600084,27,473,5.4,94.6
8082,136600084,136600584,22,478,4.3999999999999995,95.6
8083,136600584,136601084,7,493,1.4000000000000001,98.6
8084,136601084,136601584,9,491,1.7999999999999998,98.2
8085,136601584,136602084,8,492,1.6,98.4
8086,136602084,136602584,9,491,1.7999999999999998,98.2
8087,136602584,136603084,9,491,1.7999999999999998,98.2
8088,136603084,136603584,8,492,1.6,98.4
8089,136603584,136604084,9,491,1.7999999999999998,98.2
8090,136604084,136604584,9,491,1.7999999999999998,98.2
8091,136604584,136605084,8,492,1.6,98.4
8092,136605084,136605584,9,491,1.7999999999999998,98.2
8093,136605584,136606084,7,493,1.4000000000000001,98.6
8094,136606084,136606584,12,488,2.4,97.6
8095,136606584,136607084,7,493,1.4000000000000001,98.6
8096,136607084,136607584,10,490,2.0,98.0
8097,136607584,136608084,7,493,1.4000000000000001,98.6
8098,136608084,136608584,16,484,3.2,96.8
8099,136608584,136609084,7,493,1.4000000000000001,98.6
8100,136609084,136609584,11,489,2.1999999999999997,97.8
8101,136609584,136610084,7,493,1.4000000000000001,98.6
8102,136610084,136610584,10,490,2.0,98.0
8103,136610584,136611084,7,493,1.4000000000000001,98.6
8104,136611084,136611584,11,489,2.1999999999999997,97.8
8105,136611584,136612084,7,493,1.4000000000000001,98.6
8106,136612084,136612584,9,491,1.7999999999999998,98.2
8107,136612584,136613084,8,492,1.6,98.4
8108,136613084,136613584,9,491,1.7999999999999998,98.2
8109,136613584,136614084,8,492,1.6,98.4
8110,136614084,136614584,9,491,1.7999999999999998,98.2
8111,136614584,136615084,7,493,1.4000000000000001,98.6
8112,136615084,136615584,9,491,1.7999999999999998,98.2
8113,136615584,136616084,7,493,1.4000000000000001,98.6
8114,136616084,136616584,8,492,1.6,98.4
8115,136616584,136617084,7,493,1.4000000000000001,98.6
8116,136617084,136617584,8,492,1.6,98.4
8117,136617584,136618084,7,493,1.4000000000000001,98.6
8118,136618084,136618584,10,490,2.0,98.0
8119,136618584,136619084,9,491,1.7999999999999998,98.2
8120,136619084,136619584,7,493,1.4000000000000001,98.6
8121,136619584,136620084,9,491,1.7999999999999998,98.2
8122,136620084,136620584,8,492,1.6,98.4
8123,136620584,136621084,8,492,1.6,98.4
8124,136621084,136621584,8,492,1.6,98.4
8125,136621584,136622084,7,493,1.4000000000000001,98.6
8126,136622084,136622584,7,493,1.4000000000000001,98.6
8127,136622584,136623084,9,491,1.7999999999999998,98.2
8128,136623084,136623584,8,492,1.6,98.4
8129,136623584,136624084,10,490,2.0,98.0
8130,136624084,136624584,7,493,1.4000000000000001,98.6
8131,136624584,136625084,9,491,1.7999999999999998,98.2
8132,136625084,136625584,10,490,2.0,98.0
8133,136625584,136626084,8,492,1.6,98.4
8134,136626084,136626584,8,492,1.6,98.4
8135,136626584,136627084,9,491,1.7999999999999998,98.2
8136,136627084,136627584,10,490,2.0,98.0
8137,136627584,136628084,7,493,1.4000000000000001,98.6
8138,136628084,136628584,9,491,1.7999999999999998,98.2
8139,136628584,136629084,7,493,1.4000000000000001,98.6
8140,136629084,136629584,7,493,1.4000000000000001,98.6
8141,136629584,136630084,7,493,1.4000000000000001,98.6
8142,136630084,136630584,18,482,3.5999999999999996,96.4
8143,136630584,136631084,7,493,1.4000000000000001,98.6
8144,136631084,136631584,10,490,2.0,98.0
8145,136631584,136632084,7,493,1.4000000000000001,98.6
8146,136632084,136632584,9,491,1.7999999999999998,98.2
8147,136632584,136633084,8,492,1.6,98.4
8148,136633084,136633584,9,491,1.7999999999999998,98.2
8149,136633584,136634084,9,491,1.7999999999999998,98.2
8150,136634084,136634584,8,492,1.6,98.4
8151,136634584,136635084,8,492,1.6,98.4
8152,136635084,136635584,8,492,1.6,98.4
8153,136635584,136636084,7,493,1.4000000000000001,98.6
8154,136636084,136636584,10,490,2.0,98.0
8155,136636584,136637084,0,500,0.0,100.0
8156,136637084,136637584,0,500,0.0,100.0
8157,136637584,136638084,0,500,0.0,100.0
8158,136638084,136638584,12,488,2.4,97.6
8159,136638584,136639084,6,494,1.2,98.8
8160,136639084,136639584,53,447,10.6,89.4
8161,136639584,136640084,6,494,1.2,98.8
8162,136640084,136640584,10,490,2.0,98.0
8163,136640584,136641084,8,492,1.6,98.4
8164,136641084,136641584,4,496,0.8,99.2
8165,136641584,136642084,4,496,0.8,99.2
8166,136642084,136642584,20,480,4.0,96.0
8167,136642584,136643084,10,490,2.0,98.0
8168,136643084,136643584,14,486,2.8000000000000003,97.2
8169,136643584,136644084,7,493,1.4000000000000001,98.6
8170,136644084,136644584,3,497,0.6,99.4
8171,136644584,136645084,14,486,2.8000000000000003,97.2
8172,136645084,136645584,8,492,1.6,98.4
8173,136645584,136646084,8,492,1.6,98.4
8174,136646084,136646584,11,489,2.1999999999999997,97.8
8175,136646584,136647084,9,491,1.7999999999999998,98.2
8176,136647084,136647584,11,489,2.1999999999999997,97.8
8177,136647584,136648084,5,495,1.0,99.0
8178,136648084,136648584,7,493,1.4000000000000001,98.6
8179,136648584,136649084,2,498,0.4,99.6
8180,136649084,136649584,51,449,10.2,89.8
8181,136649584,136650084,8,492,1.6,98.4
8182,136650084,136650584,15,485,3.0,97.0
8183,136650584,136651084,6,494,1.2,98.8
8184,136651084,136651584,11,489,2.1999999999999997,97.8
8185,136651584,136652084,7,493,1.4000000000000001,98.6
8186,136652084,136652584,9,491,1.7999999999999998,98.2
8187,136652584,136653084,8,492,1.6,98.4
8188,136653084,136653584,9,491,1.7999999999999998,98.2
8189,136653584,136654084,7,493,1.4000000000000001,98.6
8190,136654084,136654584,9,491,1.7999999999999998,98.2
8191,136654584,136655084,8,492,1.6,98.4
8192,136655084,136655584,9,491,1.7999999999999998,98.2
8193,136655584,136656084,8,492,1.6,98.4
8194,136656084,136656584,7,493,1.4000000000000001,98.6
8195,136656584,136657084,11,489,2.1999999999999997,97.8
8196,136657084,136657584,10,490,2.0,98.0
8197,136657584,136658084,9,491,1.7999999999999998,98.2
8198,136658084,136658584,19,481,3.8,96.2
8199,136658584,136659084,7,493,1.4000000000000001,98.6
8200,136659084,136659584,9,491,1.7999999999999998,98.2
8201,136659584,136660084,7,493,1.4000000000000001,98.6
8202,136660084,136660584,9,491,1.7999999999999998,98.2
8203,136660584,136661084,8,492,1.6,98.4
8204,136661084,136661584,9,491,1.7999999999999998,98.2
8205,136661584,136662084,1,499,0.2,99.8
8206,136662084,136662584,0,500,0.0,100.0
8207,136662584,136663084,0,500,0.0,100.0
8208,136663084,136663584,11,489,2.1999999999999997,97.8
8209,136663584,136664084,6,494,1.2,98.8
8210,136664084,136664584,11,489,2.1999999999999997,97.8
8211,136664584,136665084,7,493,1.4000000000000001,98.6
8212,136665084,136665584,9,491,1.7999999999999998,98.2
8213,136665584,136666084,7,493,1.4000000000000001,98.6
8214,136666084,136666584,9,491,1.7999999999999998,98.2
8215,136666584,136667084,7,493,1.4000000000000001,98.6
8216,136667084,136667584,10,490,2.0,98.0
8217,136667584,136668084,7,493,1.4000000000000001,98.6
8218,136668084,136668584,9,491,1.7999999999999998,98.2
8219,136668584,136669084,9,491,1.7999999999999998,98.2
8220,136669084,136669584,8,492,1.6,98.4
8221,136669584,136670084,8,492,1.6,98.4
8222,136670084,136670584,9,491,1.7999999999999998,98.2
8223,136670584,136671084,7,493,1.4000000000000001,98.6
8224,136671084,136671584,9,491,1.7999999999999998,98.2
8225,136671584,136672084,8,492,1.6,98.4
8226,136672084,136672584,7,493,1.4000000000000001,98.6
8227,136672584,136673084,8,492,1.6,98.4
8228,136673084,136673584,9,491,1.7999999999999998,98.2
8229,136673584,136674084,13,487,2.6,97.4
8230,136674084,136674584,11,489,2.1999999999999997,97.8
8231,136674584,136675084,8,492,1.6,98.4
8232,136675084,136675584,9,491,1.7999999999999998,98.2
8233,136675584,136676084,8,492,1.6,98.4
8234,136676084,136676584,8,492,1.6,98.4
8235,136676584,136677084,9,491,1.7999999999999998,98.2
8236,136677084,136677584,8,492,1.6,98.4
8237,136677584,136678084,8,492,1.6,98.4
8238,136678084,136678584,11,489,2.1999999999999997,97.8
8239,136678584,136679084,5,495,1.0,99.0
8240,136679084,136679584,11,489,2.1999999999999997,97.8
8241,136679584,136680084,7,493,1.4000000000000001,98.6
8242,136680084,136680584,10,490,2.0,98.0
8243,136680584,136681084,7,493,1.4000000000000001,98.6
8244,136681084,136681584,9,491,1.7999999999999998,98.2
8245,136681584,136682084,6,494,1.2,98.8
8246,136682084,136682584,12,488,2.4,97.6
8247,136682584,136683084,8,492,1.6,98.4
8248,136683084,136683584,13,487,2.6,97.4
8249,136683584,136684084,6,494,1.2,98.8
8250,136684084,136684584,11,489,2.1999999999999997,97.8
8251,136684584,136685084,7,493,1.4000000000000001,98.6
8252,136685084,136685584,9,491,1.7999999999999998,98.2
8253,136685584,136686084,17,483,3.4000000000000004,96.6
8254,136686084,136686584,9,491,1.7999999999999998,98.2
8255,136686584,136687084,7,493,1.4000000000000001,98.6
8256,136687084,136687584,9,491,1.7999999999999998,98.2
8257,136687584,136688084,9,491,1.7999999999999998,98.2
8258,136688084,136688584,9,491,1.7999999999999998,98.2
8259,136688584,136689084,7,493,1.4000000000000001,98.6
8260,136689084,136689584,8,492,1.6,98.4
8261,136689584,136690084,8,492,1.6,98.4
8262,136690084,136690584,9,491,1.7999999999999998,98.2
8263,136690584,136691084,8,492,1.6,98.4
8264,136691084,136691584,8,492,1.6,98.4
8265,136691584,136692084,8,492,1.6,98.4
8266,136692084,136692584,8,492,1.6,98.4
8267,136692584,136693084,7,493,1.4000000000000001,98.6
8268,136693084,136693584,8,492,1.6,98.4
8269,136693584,136694084,8,492,1.6,98.4
8270,136694084,136694584,8,492,1.6,98.4
8271,136694584,136695084,8,492,1.6,98.4
8272,136695084,136695584,8,492,1.6,98.4
8273,136695584,136696084,8,492,1.6,98.4
8274,136696084,136696584,11,489,2.1999999999999997,97.8
8275,136696584,136697084,6,494,1.2,98.8
8276,136697084,136697584,10,490,2.0,98.0
8277,136697584,136698084,5,495,1.0,99.0
8278,136698084,136698584,12,488,2.4,97.6
8279,136698584,136699084,7,493,1.4000000000000001,98.6
8280,136699084,136699584,9,491,1.7999999999999998,98.2
8281,136699584,136700084,7,493,1.4000000000000001,98.6
8282,136700084,136700584,9,491,1.7999999999999998,98.2
8283,136700584,136701084,6,494,1.2,98.8
8284,136701084,136701584,10,490,2.0,98.0
8285,136701584,136702084,7,493,1.4000000000000001,98.6
8286,136702084,136702584,9,491,1.7999999999999998,98.2
8287,136702584,136703084,7,493,1.4000000000000001,98.6
8288,136703084,136703584,10,490,2.0,98.0
8289,136703584,136704084,8,492,1.6,98.4
8290,136704084,136704584,8,492,1.6,98.4
8291,136704584,136705084,10,490,2.0,98.0
8292,136705084,136705584,8,492,1.6,98.4
8293,136705584,136706084,8,492,1.6,98.4
8294,136706084,136706584,9,491,1.7999999999999998,98.2
8295,136706584,136707084,8,492,1.6,98.4
8296,136707084,136707584,11,489,2.1999999999999997,97.8
8297,136707584,136708084,6,494,1.2,98.8
8298,136708084,136708584,10,490,2.0,98.0
8299,136708584,136709084,7,493,1.4000000000000001,98.6
8300,136709084,136709584,9,491,1.7999999999999998,98.2
8301,136709584,136710084,7,493,1.4000000000000001,98.6
8302,136710084,136710584,10,490,2.0,98.0
8303,136710584,136711084,7,493,1.4000000000000001,98.6
8304,136711084,136711584,9,491,1.7999999999999998,98.2
8305,136711584,136712084,7,493,1.4000000000000001,98.6
8306,136712084,136712584,9,491,1.7999999999999998,98.2
8307,136712584,136713084,9,491,1.7999999999999998,98.2
8308,136713084,136713584,9,491,1.7999999999999998,98.2
8309,136713584,136714084,8,492,1.6,98.4
8310,136714084,136714584,8,492,1.6,98.4
8311,136714584,136715084,7,493,1.4000000000000001,98.6
8312,136715084,136715584,9,491,1.7999999999999998,98.2
8313,136715584,136716084,8,492,1.6,98.4
8314,136716084,136716584,10,490,2.0,98.0
8315,136716584,136717084,8,492,1.6,98.4
8316,136717084,136717584,9,491,1.7999999999999998,98.2
8317,136717584,136718084,7,493,1.4000000000000001,98.6
8318,136718084,136718584,10,490,2.0,98.0
8319,136718584,136719084,7,493,1.4000000000000001,98.6
8320,136719084,136719584,9,491,1.7999999999999998,98.2
8321,136719584,136720084,6,494,1.2,98.8
8322,136720084,136720584,11,489,2.1999999999999997,97.8
8323,136720584,136721084,8,492,1.6,98.4
8324,136721084,136721584,8,492,1.6,98.4
8325,136721584,136722084,8,492,1.6,98.4
8326,136722084,136722584,9,491,1.7999999999999998,98.2
8327,136722584,136723084,7,493,1.4000000000000001,98.6
8328,136723084,136723584,8,492,1.6,98.4
8329,136723584,136724084,9,491,1.7999999999999998,98.2
8330,136724084,136724584,10,490,2.0,98.0
8331,136724584,136725084,6,494,1.2,98.8
8332,136725084,136725584,10,490,2.0,98.0
8333,136725584,136726084,7,493,1.4000000000000001,98.6
8334,136726084,136726584,10,490,2.0,98.0
8335,136726584,136727084,7,493,1.4000000000000001,98.6
8336,136727084,136727584,9,491,1.7999999999999998,98.2
8337,136727584,136728084,7,493,1.4000000000000001,98.6
8338,136728084,136728584,10,490,2.0,98.0
8339,136728584,136729084,9,491,1.7999999999999998,98.2
8340,136729084,136729584,7,493,1.4000000000000001,98.6
8341,136729584,136730084,8,492,1.6,98.4
8342,136730084,136730584,9,491,1.7999999999999998,98.2
8343,136730584,136731084,8,492,1.6,98.4
8344,136731084,136731584,8,492,1.6,98.4
8345,136731584,136732084,8,492,1.6,98.4
8346,136732084,136732584,11,489,2.1999999999999997,97.8
8347,136732584,136733084,6,494,1.2,98.8
8348,136733084,136733584,10,490,2.0,98.0
8349,136733584,136734084,7,493,1.4000000000000001,98.6
8350,136734084,136734584,9,491,1.7999999999999998,98.2
8351,136734584,136735084,7,493,1.4000000000000001,98.6
8352,136735084,136735584,10,490,2.0,98.0
8353,136735584,136736084,7,493,1.4000000000000001,98.6
8354,136736084,136736584,10,490,2.0,98.0
8355,136736584,136737084,9,491,1.7999999999999998,98.2
8356,136737084,136737584,7,493,1.4000000000000001,98.6
8357,136737584,136738084,8,492,1.6,98.4
8358,136738084,136738584,9,491,1.7999999999999998,98.2
8359,136738584,136739084,8,492,1.6,98.4
8360,136739084,136739584,8,492,1.6,98.4
8361,136739584,136740084,7,493,1.4000000000000001,98.6
8362,136740084,136740584,9,491,1.7999999999999998,98.2
8363,136740584,136741084,8,492,1.6,98.4
8364,136741084,136741584,11,489,2.1999999999999997,97.8
8365,136741584,136742084,6,494,1.2,98.8
8366,136742084,136742584,11,489,2.1999999999999997,97.8
8367,136742584,136743084,7,493,1.4000000000000001,98.6
8368,136743084,136743584,9,491,1.7999999999999998,98.2
8369,136743584,136744084,7,493,1.4000000000000001,98.6
8370,136744084,136744584,9,491,1.7999999999999998,98.2
8371,136744584,136745084,8,492,1.6,98.4
8372,136745084,136745584,9,491,1.7999999999999998,98.2
8373,136745584,136746084,7,493,1.4000000000000001,98.6
8374,136746084,136746584,9,491,1.7999999999999998,98.2
8375,136746584,136747084,8,492,1.6,98.4
8376,136747084,136747584,8,492,1.6,98.4
8377,136747584,136748084,9,491,1.7999999999999998,98.2
8378,136748084,136748584,12,488,2.4,97.6
8379,136748584,136749084,22,478,4.3999999999999995,95.6
8380,136749084,136749584,9,491,1.7999999999999998,98.2
8381,136749584,136750084,7,493,1.4000000000000001,98.6
8382,136750084,136750584,9,491,1.7999999999999998,98.2
8383,136750584,136751084,7,493,1.4000000000000001,98.6
8384,136751084,136751584,9,491,1.7999999999999998,98.2
8385,136751584,136752084,8,492,1.6,98.4
8386,136752084,136752584,10,490,2.0,98.0
8387,136752584,136753084,6,494,1.2,98.8
8388,136753084,136753584,10,490,2.0,98.0
8389,136753584,136754084,7,493,1.4000000000000001,98.6
8390,136754084,136754584,9,491,1.7999999999999998,98.2
8391,136754584,136755084,6,494,1.2,98.8
8392,136755084,136755584,8,492,1.6,98.4
8393,136755584,136756084,7,493,1.4000000000000001,98.6
8394,136756084,136756584,10,490,2.0,98.0
8395,136756584,136757084,7,493,1.4000000000000001,98.6
8396,136757084,136757584,9,491,1.7999999999999998,98.2
8397,136757584,136758084,5,495,1.0,99.0
8398,136758084,136758584,15,485,3.0,97.0
8399,136758584,136759084,8,492,1.6,98.4
8400,136759084,136759584,9,491,1.7999999999999998,98.2
8401,136759584,136760084,7,493,1.4000000000000001,98.6
8402,136760084,136760584,9,491,1.7999999999999998,98.2
8403,136760584,136761084,7,493,1.4000000000000001,98.6
8404,136761084,136761584,10,490,2.0,98.0
8405,136761584,136762084,7,493,1.4000000000000001,98.6
8406,136762084,136762584,8,492,1.6,98.4
8407,136762584,136763084,8,492,1.6,98.4
8408,136763084,136763584,9,491,1.7999999999999998,98.2
8409,136763584,136764084,8,492,1.6,98.4
8410,136764084,136764584,8,492,1.6,98.4
8411,136764584,136765084,8,492,1.6,98.4
8412,136765084,136765584,8,492,1.6,98.4
8413,136765584,136766084,8,492,1.6,98.4
8414,136766084,136766584,9,491,1.7999999999999998,98.2
8415,136766584,136767084,11,489,2.1999999999999997,97.8
8416,136767084,136767584,11,489,2.1999999999999997,97.8
8417,136767584,136768084,7,493,1.4000000000000001,98.6
8418,136768084,136768584,9,491,1.7999999999999998,98.2
8419,136768584,136769084,7,493,1.4000000000000001,98.6
8420,136769084,136769584,10,490,2.0,98.0
8421,136769584,136770084,7,493,1.4000000000000001,98.6
8422,136770084,136770584,10,490,2.0,98.0
8423,136770584,136771084,9,491,1.7999999999999998,98.2
8424,136771084,136771584,8,492,1.6,98.4
8425,136771584,136772084,8,492,1.6,98.4
8426,136772084,136772584,10,490,2.0,98.0
8427,136772584,136773084,12,488,2.4,97.6
8428,136773084,136773584,8,492,1.6,98.4
8429,136773584,136774084,8,492,1.6,98.4
8430,136774084,136774584,9,491,1.7999999999999998,98.2
8431,136774584,136775084,9,491,1.7999999999999998,98.2
8432,136775084,136775584,8,492,1.6,98.4
8433,136775584,136776084,6,494,1.2,98.8
8434,136776084,136776584,10,490,2.0,98.0
8435,136776584,136777084,5,495,1.0,99.0
8436,136777084,136777584,15,485,3.0,97.0
8437,136777584,136778084,7,493,1.4000000000000001,98.6
8438,136778084,136778584,9,491,1.7999999999999998,98.2
8439,136778584,136779084,8,492,1.6,98.4
8440,136779084,136779584,9,491,1.7999999999999998,98.2
8441,136779584,136780084,7,493,1.4000000000000001,98.6
8442,136780084,136780584,8,492,1.6,98.4
8443,136780584,136781084,7,493,1.4000000000000001,98.6
8444,136781084,136781584,14,486,2.8000000000000003,97.2
8445,136781584,136782084,3,497,0.6,99.4
8446,136782084,136782584,8,492,1.6,98.4
8447,136782584,136783084,8,492,1.6,98.4
8448,136783084,136783584,13,487,2.6,97.4
8449,136783584,136784084,9,491,1.7999999999999998,98.2
8450,136784084,136784584,10,490,2.0,98.0
8451,136784584,136785084,9,491,1.7999999999999998,98.2
8452,136785084,136785584,9,491,1.7999999999999998,98.2
8453,136785584,136786084,9,491,1.7999999999999998,98.2
8454,136786084,136786584,8,492,1.6,98.4
8455,136786584,136787084,9,491,1.7999999999999998,98.2
8456,136787084,136787584,7,493,1.4000000000000001,98.6
8457,136787584,136788084,2,498,0.4,99.6
8458,136788084,136788584,14,486,2.8000000000000003,97.2
8459,136788584,136789084,11,489,2.1999999999999997,97.8
8460,136789084,136789584,4,496,0.8,99.2
8461,136789584,136790084,4,496,0.8,99.2
8462,136790084,136790584,11,489,2.1999999999999997,97.8
8463,136790584,136791084,11,489,2.1999999999999997,97.8
8464,136791084,136791584,39,461,7.8,92.2
8465,136791584,136792084,9,491,1.7999999999999998,98.2
8466,136792084,136792584,2,498,0.4,99.6
8467,136792584,136793084,16,484,3.2,96.8
8468,136793084,136793584,10,490,2.0,98.0
8469,136793584,136794084,13,487,2.6,97.4
8470,136794084,136794584,9,491,1.7999999999999998,98.2
8471,136794584,136795084,22,478,4.3999999999999995,95.6
8472,136795084,136795584,10,490,2.0,98.0
8473,136795584,136796084,4,496,0.8,99.2
8474,136796084,136796584,9,491,1.7999999999999998,98.2
8475,136796584,136797084,8,492,1.6,98.4
8476,136797084,136797584,10,490,2.0,98.0
8477,136797584,136798084,4,496,0.8,99.2
8478,136798084,136798584,9,491,1.7999999999999998,98.2
8479,136798584,136799084,10,490,2.0,98.0
8480,136799084,136799584,8,492,1.6,98.4
8481,136799584,136800084,10,490,2.0,98.0
8482,136800084,136800584,11,489,2.1999999999999997,97.8
8483,136800584,136801084,5,495,1.0,99.0
8484,136801084,136801584,10,490,2.0,98.0
8485,136801584,136802084,10,490,2.0,98.0
8486,136802084,136802584,10,490,2.0,98.0
8487,136802584,136803084,6,494,1.2,98.8
8488,136803084,136803584,10,490,2.0,98.0
8489,136803584,136804084,6,494,1.2,98.8
8490,136804084,136804584,12,488,2.4,97.6
8491,136804584,136805084,5,495,1.0,99.0
8492,136805084,136805584,4,496,0.8,99.2
8493,136805584,136806084,0,500,0.0,100.0
8494,136806084,136806584,12,488,2.4,97.6
8495,136806584,136807084,17,483,3.4000000000000004,96.6
8496,136807084,136807584,5,495,1.0,99.0
8497,136807584,136808084,9,491,1.7999999999999998,98.2
8498,136808084,136808584,16,484,3.2,96.8
8499,136808584,136809084,9,491,1.7999999999999998,98.2
8500,136809084,136809584,11,489,2.1999999999999997,97.8
8501,136809584,136810084,6,494,1.2,98.8
8502,136810084,136810584,9,491,1.7999999999999998,98.2
8503,136810584,136811084,7,493,1.4000000000000001,98.6
8504,136811084,136811584,9,491,1.7999999999999998,98.2
8505,136811584,136812084,5,495,1.0,99.0
8506,136812084,136812584,16,484,3.2,96.8
8507,136812584,136813084,4,496,0.8,99.2
8508,136813084,136813584,9,491,1.7999999999999998,98.2
8509,136813584,136814084,11,489,2.1999999999999997,97.8
8510,136814084,136814584,8,492,1.6,98.4
8511,136814584,136815084,8,492,1.6,98.4
8512,136815084,136815584,9,491,1.7999999999999998,98.2
8513,136815584,136816084,6,494,1.2,98.8
8514,136816084,136816584,15,485,3.0,97.0
8515,136816584,136817084,5,495,1.0,99.0
8516,136817084,136817584,11,489,2.1999999999999997,97.8
8517,136817584,136818084,6,494,1.2,98.8
8518,136818084,136818584,14,486,2.8000000000000003,97.2
8519,136818584,136819084,6,494,1.2,98.8
8520,136819084,136819584,11,489,2.1999999999999997,97.8
8521,136819584,136820084,4,496,0.8,99.2
8522,136820084,136820584,12,488,2.4,97.6
8523,136820584,136821084,6,494,1.2,98.8
8524,136821084,136821584,12,488,2.4,97.6
8525,136821584,136822084,1,499,0.2,99.8
8526,136822084,136822584,10,490,2.0,98.0
8527,136822584,136823084,9,491,1.7999999999999998,98.2
8528,136823084,136823584,19,481,3.8,96.2
8529,136823584,136824084,12,488,2.4,97.6
8530,136824084,136824584,8,492,1.6,98.4
8531,136824584,136825084,5,495,1.0,99.0
8532,136825084,136825584,12,488,2.4,97.6
8533,136825584,136826084,10,490,2.0,98.0
8534,136826084,136826584,10,490,2.0,98.0
8535,136826584,136827084,8,492,1.6,98.4
8536,136827084,136827584,8,492,1.6,98.4
8537,136827584,136828084,8,492,1.6,98.4
8538,136828084,136828584,13,487,2.6,97.4
8539,136828584,136829084,13,487,2.6,97.4
8540,136829084,136829584,5,495,1.0,99.0
8541,136829584,136830084,9,491,1.7999999999999998,98.2
8542,136830084,136830584,10,490,2.0,98.0
8543,136830584,136831084,9,491,1.7999999999999998,98.2
8544,136831084,136831584,9,491,1.7999999999999998,98.2
8545,136831584,136832084,8,492,1.6,98.4
8546,136832084,136832584,8,492,1.6,98.4
8547,136832584,136833084,7,493,1.4000000000000001,98.6
8548,136833084,136833584,9,491,1.7999999999999998,98.2
8549,136833584,136834084,7,493,1.4000000000000001,98.6
8550,136834084,136834584,6,494,1.2,98.8
8551,136834584,136835084,9,491,1.7999999999999998,98.2
8552,136835084,136835584,12,488,2.4,97.6
8553,136835584,136836084,10,490,2.0,98.0
8554,136836084,136836584,13,487,2.6,97.4
8555,136836584,136837084,7,493,1.4000000000000001,98.6
8556,136837084,136837584,9,491,1.7999999999999998,98.2
8557,136837584,136838084,7,493,1.4000000000000001,98.6
8558,136838084,136838584,11,489,2.1999999999999997,97.8
8559,136838584,136839084,8,492,1.6,98.4
8560,136839084,136839584,9,491,1.7999999999999998,98.2
8561,136839584,136840084,10,490,2.0,98.0
8562,136840084,136840584,8,492,1.6,98.4
8563,136840584,136841084,9,491,1.7999999999999998,98.2
8564,136841084,136841584,8,492,1.6,98.4
8565,136841584,136842084,8,492,1.6,98.4
8566,136842084,136842584,9,491,1.7999999999999998,98.2
8567,136842584,136843084,7,493,1.4000000000000001,98.6
8568,136843084,136843584,13,487,2.6,97.4
8569,136843584,136844084,12,488,2.4,97.6
8570,136844084,136844584,8,492,1.6,98.4
8571,136844584,136845084,8,492,1.6,98.4
8572,136845084,136845584,8,492,1.6,98.4
8573,136845584,136846084,7,493,1.4000000000000001,98.6
8574,136846084,136846584,8,492,1.6,98.4
8575,136846584,136847084,8,492,1.6,98.4
8576,136847084,136847584,8,492,1.6,98.4
8577,136847584,136848084,8,492,1.6,98.4
8578,136848084,136848584,8,492,1.6,98.4
8579,136848584,136849084,8,492,1.6,98.4
8580,136849084,136849584,9,491,1.7999999999999998,98.2
8581,136849584,136850084,6,494,1.2,98.8
8582,136850084,136850584,12,488,2.4,97.6
8583,136850584,136851084,14,486,2.8000000000000003,97.2
8584,136851084,136851584,9,491,1.7999999999999998,98.2
8585,136851584,136852084,8,492,1.6,98.4
8586,136852084,136852584,10,490,2.0,98.0
8587,136852584,136853084,5,495,1.0,99.0
8588,136853084,136853584,11,489,2.1999999999999997,97.8
8589,136853584,136854084,5,495,1.0,99.0
8590,136854084,136854584,11,489,2.1999999999999997,97.8
8591,136854584,136855084,6,494,1.2,98.8
8592,136855084,136855584,10,490,2.0,98.0
8593,136855584,136856084,6,494,1.2,98.8
8594,136856084,136856584,10,490,2.0,98.0
8595,136856584,136857084,7,493,1.4000000000000001,98.6
8596,136857084,136857584,10,490,2.0,98.0
8597,136857584,136858084,7,493,1.4000000000000001,98.6
8598,136858084,136858584,5,495,1.0,99.0
8599,136858584,136859084,17,483,3.4000000000000004,96.6
8600,136859084,136859584,11,489,2.1999999999999997,97.8
8601,136859584,136860084,13,487,2.6,97.4
8602,136860084,136860584,5,495,1.0,99.0
8603,136860584,136861084,6,494,1.2,98.8
8604,136861084,136861584,12,488,2.4,97.6
8605,136861584,136862084,8,492,1.6,98.4
8606,136862084,136862584,8,492,1.6,98.4
8607,136862584,136863084,9,491,1.7999999999999998,98.2
8608,136863084,136863584,8,492,1.6,98.4
8609,136863584,136864084,8,492,1.6,98.4
8610,136864084,136864584,9,491,1.7999999999999998,98.2
8611,136864584,136865084,7,493,1.4000000000000001,98.6
8612,136865084,136865584,9,491,1.7999999999999998,98.2
8613,136865584,136866084,7,493,1.4000000000000001,98.6
8614,136866084,136866584,14,486,2.8000000000000003,97.2
8615,136866584,136867084,15,485,3.0,97.0
8616,136867084,136867584,9,491,1.7999999999999998,98.2
8617,136867584,136868084,11,489,2.1999999999999997,97.8
8618,136868084,136868584,10,490,2.0,98.0
8619,136868584,136869084,8,492,1.6,98.4
8620,136869084,136869584,8,492,1.6,98.4
8621,136869584,136870084,8,492,1.6,98.4
8622,136870084,136870584,11,489,2.1999999999999997,97.8
8623,136870584,136871084,7,493,1.4000000000000001,98.6
8624,136871084,136871584,9,491,1.7999999999999998,98.2
8625,136871584,136872084,4,496,0.8,99.2
8626,136872084,136872584,12,488,2.4,97.6
8627,136872584,136873084,7,493,1.4000000000000001,98.6
8628,136873084,136873584,9,491,1.7999999999999998,98.2
8629,136873584,136874084,4,496,0.8,99.2
8630,136874084,136874584,9,491,1.7999999999999998,98.2
8631,136874584,136875084,13,487,2.6,97.4
8632,136875084,136875584,11,489,2.1999999999999997,97.8
8633,136875584,136876084,11,489,2.1999999999999997,97.8
8634,136876084,136876584,8,492,1.6,98.4
8635,136876584,136877084,8,492,1.6,98.4
8636,136877084,136877584,9,491,1.7999999999999998,98.2
8637,136877584,136878084,8,492,1.6,98.4
8638,136878084,136878584,10,490,2.0,98.0
8639,136878584,136879084,7,493,1.4000000000000001,98.6
8640,136879084,136879584,10,490,2.0,98.0
8641,136879584,136880084,7,493,1.4000000000000001,98.6
8642,136880084,136880584,14,486,2.8000000000000003,97.2
8643,136880584,136881084,6,494,1.2,98.8
8644,136881084,136881584,10,490,2.0,98.0
8645,136881584,136882084,7,493,1.4000000000000001,98.6
8646,136882084,136882584,9,491,1.7999999999999998,98.2
8647,136882584,136883084,7,493,1.4000000000000001,98.6
8648,136883084,136883584,10,490,2.0,98.0
8649,136883584,136884084,9,491,1.7999999999999998,98.2
8650,136884084,136884584,8,492,1.6,98.4
8651,136884584,136885084,8,492,1.6,98.4
8652,136885084,136885584,9,491,1.7999999999999998,98.2
8653,136885584,136886084,8,492,1.6,98.4
8654,136886084,136886584,8,492,1.6,98.4
8655,136886584,136887084,8,492,1.6,98.4
8656,136887084,136887584,8,492,1.6,98.4
8657,136887584,136888084,6,494,1.2,98.8
8658,136888084,136888584,13,487,2.6,97.4
8659,136888584,136889084,11,489,2.1999999999999997,97.8
8660,136889084,136889584,10,490,2.0,98.0
8661,136889584,136890084,10,490,2.0,98.0
8662,136890084,136890584,13,487,2.6,97.4
8663,136890584,136891084,10,490,2.0,98.0
8664,136891084,136891584,8,492,1.6,98.4
8665,136891584,136892084,7,493,1.4000000000000001,98.6
8666,136892084,136892584,8,492,1.6,98.4
8667,136892584,136893084,10,490,2.0,98.0
8668,136893084,136893584,8,492,1.6,98.4
8669,136893584,136894084,8,492,1.6,98.4
8670,136894084,136894584,9,491,1.7999999999999998,98.2
8671,136894584,136895084,9,491,1.7999999999999998,98.2
8672,136895084,136895584,8,492,1.6,98.4
8673,136895584,136896084,7,493,1.4000000000000001,98.6
8674,136896084,136896584,10,490,2.0,98.0
8675,136896584,136897084,19,481,3.8,96.2
8676,136897084,136897584,11,489,2.1999999999999997,97.8
8677,136897584,136898084,10,490,2.0,98.0
8678,136898084,136898584,8,492,1.6,98.4
8679,136898584,136899084,8,492,1.6,98.4
8680,136899084,136899584,10,490,2.0,98.0
8681,136899584,136900084,6,494,1.2,98.8
8682,136900084,136900584,11,489,2.1999999999999997,97.8
8683,136900584,136901084,7,493,1.4000000000000001,98.6
8684,136901084,136901584,9,491,1.7999999999999998,98.2
8685,136901584,136902084,7,493,1.4000000000000001,98.6
8686,136902084,136902584,9,491,1.7999999999999998,98.2
8687,136902584,136903084,7,493,1.4000000000000001,98.6
8688,136903084,136903584,11,489,2.1999999999999997,97.8
8689,136903584,136904084,12,488,2.4,97.6
8690,136904084,136904584,14,486,2.8000000000000003,97.2
8691,136904584,136905084,7,493,1.4000000000000001,98.6
8692,136905084,136905584,10,490,2.0,98.0
8693,136905584,136906084,5,495,1.0,99.0
8694,136906084,136906584,11,489,2.1999999999999997,97.8
8695,136906584,136907084,7,493,1.4000000000000001,98.6
8696,136907084,136907584,9,491,1.7999999999999998,98.2
8697,136907584,136908084,10,490,2.0,98.0
8698,136908084,136908584,15,485,3.0,97.0
8699,136908584,136909084,10,490,2.0,98.0
8700,136909084,136909584,18,482,3.5999999999999996,96.4
8701,136909584,136910084,5,495,1.0,99.0
8702,136910084,136910584,13,487,2.6,97.4
8703,136910584,136911084,6,494,1.2,98.8
8704,136911084,136911584,20,480,4.0,96.0
8705,136911584,136912084,7,493,1.4000000000000001,98.6
8706,136912084,136912584,9,491,1.7999999999999998,98.2
8707,136912584,136913084,7,493,1.4000000000000001,98.6
8708,136913084,136913584,9,491,1.7999999999999998,98.2
8709,136913584,136914084,7,493,1.4000000000000001,98.6
8710,136914084,136914584,9,491,1.7999999999999998,98.2
8711,136914584,136915084,7,493,1.4000000000000001,98.6
8712,136915084,136915584,8,492,1.6,98.4
8713,136915584,136916084,7,493,1.4000000000000001,98.6
8714,136916084,136916584,10,490,2.0,98.0
8715,136916584,136917084,7,493,1.4000000000000001,98.6
8716,136917084,136917584,8,492,1.6,98.4
8717,136917584,136918084,8,492,1.6,98.4
8718,136918084,136918584,9,491,1.7999999999999998,98.2
8719,136918584,136919084,7,493,1.4000000000000001,98.6
8720,136919084,136919584,9,491,1.7999999999999998,98.2
8721,136919584,136920084,7,493,1.4000000000000001,98.6
8722,136920084,136920584,9,491,1.7999999999999998,98.2
8723,136920584,136921084,7,493,1.4000000000000001,98.6
8724,136921084,136921584,11,489,2.1999999999999997,97.8
8725,136921584,136922084,4,496,0.8,99.2
8726,136922084,136922584,10,490,2.0,98.0
8727,136922584,136923084,8,492,1.6,98.4
8728,136923084,136923584,9,491,1.7999999999999998,98.2
8729,136923584,136924084,10,490,2.0,98.0
8730,136924084,136924584,8,492,1.6,98.4
8731,136924584,136925084,8,492,1.6,98.4
8732,136925084,136925584,7,493,1.4000000000000001,98.6
8733,136925584,136926084,9,491,1.7999999999999998,98.2
8734,136926084,136926584,8,492,1.6,98.4
8735,136926584,136927084,8,492,1.6,98.4
8736,136927084,136927584,9,491,1.7999999999999998,98.2
8737,136927584,136928084,7,493,1.4000000000000001,98.6
8738,136928084,136928584,10,490,2.0,98.0
8739,136928584,136929084,7,493,1.4000000000000001,98.6
8740,136929084,136929584,10,490,2.0,98.0
8741,136929584,136930084,4,496,0.8,99.2
8742,136930084,136930584,8,492,1.6,98.4
8743,136930584,136931084,10,490,2.0,98.0
8744,136931084,136931584,11,489,2.1999999999999997,97.8
8745,136931584,136932084,7,493,1.4000000000000001,98.6
8746,136932084,136932584,9,491,1.7999999999999998,98.2
8747,136932584,136933084,6,494,1.2,98.8
8748,136933084,136933584,10,490,2.0,98.0
8749,136933584,136934084,5,495,1.0,99.0
8750,136934084,136934584,12,488,2.4,97.6
8751,136934584,136935084,13,487,2.6,97.4
8752,136935084,136935584,14,486,2.8000000000000003,97.2
8753,136935584,136936084,8,492,1.6,98.4
8754,136936084,136936584,7,493,1.4000000000000001,98.6
8755,136936584,136937084,11,489,2.1999999999999997,97.8
8756,136937084,136937584,9,491,1.7999999999999998,98.2
8757,136937584,136938084,8,492,1.6,98.4
8758,136938084,136938584,8,492,1.6,98.4
8759,136938584,136939084,7,493,1.4000000000000001,98.6
8760,136939084,136939584,10,490,2.0,98.0
8761,136939584,136940084,10,490,2.0,98.0
8762,136940084,136940584,8,492,1.6,98.4
8763,136940584,136941084,10,490,2.0,98.0
8764,136941084,136941584,8,492,1.6,98.4
8765,136941584,136942084,8,492,1.6,98.4
8766,136942084,136942584,10,490,2.0,98.0
8767,136942584,136943084,9,491,1.7999999999999998,98.2
8768,136943084,136943584,11,489,2.1999999999999997,97.8
8769,136943584,136944084,6,494,1.2,98.8
8770,136944084,136944584,10,490,2.0,98.0
8771,136944584,136945084,7,493,1.4000000000000001,98.6
8772,136945084,136945584,9,491,1.7999999999999998,98.2
8773,136945584,136946084,8,492,1.6,98.4
8774,136946084,136946584,9,491,1.7999999999999998,98.2
8775,136946584,136947084,7,493,1.4000000000000001,98.6
8776,136947084,136947584,9,491,1.7999999999999998,98.2
8777,136947584,136948084,7,493,1.4000000000000001,98.6
8778,136948084,136948584,11,489,2.1999999999999997,97.8
8779,136948584,136949084,8,492,1.6,98.4
8780,136949084,136949584,8,492,1.6,98.4
8781,136949584,136950084,8,492,1.6,98.4
8782,136950084,136950584,9,491,1.7999999999999998,98.2
8783,136950584,136951084,8,492,1.6,98.4
8784,136951084,136951584,8,492,1.6,98.4
8785,136951584,136952084,8,492,1.6,98.4
8786,136952084,136952584,10,490,2.0,98.0
8787,136952584,136953084,7,493,1.4000000000000001,98.6
8788,136953084,136953584,9,491,1.7999999999999998,98.2
8789,136953584,136954084,7,493,1.4000000000000001,98.6
8790,136954084,136954584,10,490,2.0,98.0
8791,136954584,136955084,7,493,1.4000000000000001,98.6
8792,136955084,136955584,9,491,1.7999999999999998,98.2
8793,136955584,136956084,7,493,1.4000000000000001,98.6
8794,136956084,136956584,11,489,2.1999999999999997,97.8
8795,136956584,136957084,9,491,1.7999999999999998,98.2
8796,136957084,136957584,8,492,1.6,98.4
8797,136957584,136958084,8,492,1.6,98.4
8798,136958084,136958584,8,492,1.6,98.4
8799,136958584,136959084,8,492,1.6,98.4
8800,136959084,136959584,9,491,1.7999999999999998,98.2
8801,136959584,136960084,8,492,1.6,98.4
8802,136960084,136960584,10,490,2.0,98.0
8803,136960584,136961084,6,494,1.2,98.8
8804,136961084,136961584,10,490,2.0,98.0
8805,136961584,136962084,7,493,1.4000000000000001,98.6
8806,136962084,136962584,9,491,1.7999999999999998,98.2
8807,136962584,136963084,8,492,1.6,98.4
8808,136963084,136963584,9,491,1.7999999999999998,98.2
8809,136963584,136964084,7,493,1.4000000000000001,98.6
8810,136964084,136964584,10,490,2.0,98.0
8811,136964584,136965084,20,480,4.0,96.0
8812,136965084,136965584,34,466,6.800000000000001,93.2
8813,136965584,136966084,8,492,1.6,98.4
8814,136966084,136966584,8,492,1.6,98.4
8815,136966584,136967084,8,492,1.6,98.4
8816,136967084,136967584,9,491,1.7999999999999998,98.2
8817,136967584,136968084,8,492,1.6,98.4
8818,136968084,136968584,8,492,1.6,98.4
8819,136968584,136969084,9,491,1.7999999999999998,98.2
8820,136969084,136969584,11,489,2.1999999999999997,97.8
8821,136969584,136970084,7,493,1.4000000000000001,98.6
8822,136970084,136970584,9,491,1.7999999999999998,98.2
8823,136970584,136971084,8,492,1.6,98.4
8824,136971084,136971584,9,491,1.7999999999999998,98.2
8825,136971584,136972084,7,493,1.4000000000000001,98.6
8826,136972084,136972584,10,490,2.0,98.0
8827,136972584,136973084,7,493,1.4000000000000001,98.6
8828,136973084,136973584,18,482,3.5999999999999996,96.4
8829,136973584,136974084,11,489,2.1999999999999997,97.8
8830,136974084,136974584,11,489,2.1999999999999997,97.8
8831,136974584,136975084,4,496,0.8,99.2
8832,136975084,136975584,13,487,2.6,97.4
8833,136975584,136976084,6,494,1.2,98.8
8834,136976084,136976584,9,491,1.7999999999999998,98.2
8835,136976584,136977084,6,494,1.2,98.8
8836,136977084,136977584,9,491,1.7999999999999998,98.2
8837,136977584,136978084,7,493,1.4000000000000001,98.6
8838,136978084,136978584,9,491,1.7999999999999998,98.2
8839,136978584,136979084,7,493,1.4000000000000001,98.6
8840,136979084,136979584,9,491,1.7999999999999998,98.2
8841,136979584,136980084,7,493,1.4000000000000001,98.6
8842,136980084,136980584,10,490,2.0,98.0
8843,136980584,136981084,7,493,1.4000000000000001,98.6
8844,136981084,136981584,10,490,2.0,98.0
8845,136981584,136982084,8,492,1.6,98.4
8846,136982084,136982584,9,491,1.7999999999999998,98.2
8847,136982584,136983084,8,492,1.6,98.4
8848,136983084,136983584,7,493,1.4000000000000001,98.6
8849,136983584,136984084,8,492,1.6,98.4
8850,136984084,136984584,8,492,1.6,98.4
8851,136984584,136985084,8,492,1.6,98.4
8852,136985084,136985584,11,489,2.1999999999999997,97.8
8853,136985584,136986084,6,494,1.2,98.8
8854,136986084,136986584,10,490,2.0,98.0
8855,136986584,136987084,7,493,1.4000000000000001,98.6
8856,136987084,136987584,8,492,1.6,98.4
8857,136987584,136988084,7,493,1.4000000000000001,98.6
8858,136988084,136988584,10,490,2.0,98.0
8859,136988584,136989084,10,490,2.0,98.0
8860,136989084,136989584,14,486,2.8000000000000003,97.2
8861,136989584,136990084,5,495,1.0,99.0
8862,136990084,136990584,13,487,2.6,97.4
8863,136990584,136991084,4,496,0.8,99.2
8864,136991084,136991584,11,489,2.1999999999999997,97.8
8865,136991584,136992084,7,493,1.4000000000000001,98.6
8866,136992084,136992584,10,490,2.0,98.0
8867,136992584,136993084,5,495,1.0,99.0
8868,136993084,136993584,12,488,2.4,97.6
8869,136993584,136994084,7,493,1.4000000000000001,98.6
8870,136994084,136994584,9,491,1.7999999999999998,98.2
8871,136994584,136995084,7,493,1.4000000000000001,98.6
8872,136995084,136995584,9,491,1.7999999999999998,98.2
8873,136995584,136996084,7,493,1.4000000000000001,98.6
8874,136996084,136996584,9,491,1.7999999999999998,98.2
8875,136996584,136997084,7,493,1.4000000000000001,98.6
8876,136997084,136997584,9,491,1.7999999999999998,98.2
8877,136997584,136998084,9,491,1.7999999999999998,98.2
8878,136998084,136998584,8,492,1.6,98.4
8879,136998584,136999084,8,492,1.6,98.4
8880,136999084,136999584,9,491,1.7999999999999998,98.2
8881,136999584,137000084,8,492,1.6,98.4
8882,137000084,137000584,8,492,1.6,98.4
8883,137000584,137001084,8,492,1.6,98.4
8884,137001084,137001584,8,492,1.6,98.4
8885,137001584,137002084,8,492,1.6,98.4
8886,137002084,137002584,10,490,2.0,98.0
8887,137002584,137003084,6,494,1.2,98.8
8888,137003084,137003584,10,490,2.0,98.0
8889,137003584,137004084,7,493,1.4000000000000001,98.6
8890,137004084,137004584,9,491,1.7999999999999998,98.2
8891,137004584,137005084,7,493,1.4000000000000001,98.6
8892,137005084,137005584,9,491,1.7999999999999998,98.2
8893,137005584,137006084,7,493,1.4000000000000001,98.6
8894,137006084,137006584,11,489,2.1999999999999997,97.8
8895,137006584,137007084,6,494,1.2,98.8
8896,137007084,137007584,10,490,2.0,98.0
8897,137007584,137008084,6,494,1.2,98.8
8898,137008084,137008584,10,490,2.0,98.0
8899,137008584,137009084,10,490,2.0,98.0
8900,137009084,137009584,13,487,2.6,97.4
8901,137009584,137010084,7,493,1.4000000000000001,98.6
8902,137010084,137010584,11,489,2.1999999999999997,97.8
8903,137010584,137011084,7,493,1.4000000000000001,98.6
8904,137011084,137011584,9,491,1.7999999999999998,98.2
8905,137011584,137012084,8,492,1.6,98.4
8906,137012084,137012584,8,492,1.6,98.4
8907,137012584,137013084,8,492,1.6,98.4
8908,137013084,137013584,9,491,1.7999999999999998,98.2
8909,137013584,137014084,7,493,1.4000000000000001,98.6
8910,137014084,137014584,11,489,2.1999999999999997,97.8
8911,137014584,137015084,7,493,1.4000000000000001,98.6
8912,137015084,137015584,9,491,1.7999999999999998,98.2
8913,137015584,137016084,8,492,1.6,98.4
8914,137016084,137016584,9,491,1.7999999999999998,98.2
8915,137016584,137017084,6,494,1.2,98.8
8916,137017084,137017584,10,490,2.0,98.0
8917,137017584,137018084,9,491,1.7999999999999998,98.2
8918,137018084,137018584,7,493,1.4000000000000001,98.6
8919,137018584,137019084,8,492,1.6,98.4
8920,137019084,137019584,9,491,1.7999999999999998,98.2
8921,137019584,137020084,8,492,1.6,98.4
8922,137020084,137020584,8,492,1.6,98.4
8923,137020584,137021084,8,492,1.6,98.4
8924,137021084,137021584,11,489,2.1999999999999997,97.8
8925,137021584,137022084,6,494,1.2,98.8
8926,137022084,137022584,10,490,2.0,98.0
8927,137022584,137023084,7,493,1.4000000000000001,98.6
8928,137023084,137023584,12,488,2.4,97.6
8929,137023584,137024084,7,493,1.4000000000000001,98.6
8930,137024084,137024584,10,490,2.0,98.0
8931,137024584,137025084,7,493,1.4000000000000001,98.6
8932,137025084,137025584,9,491,1.7999999999999998,98.2
8933,137025584,137026084,7,493,1.4000000000000001,98.6
8934,137026084,137026584,10,490,2.0,98.0
8935,137026584,137027084,7,493,1.4000000000000001,98.6
8936,137027084,137027584,11,489,2.1999999999999997,97.8
8937,137027584,137028084,9,491,1.7999999999999998,98.2
8938,137028084,137028584,8,492,1.6,98.4
8939,137028584,137029084,8,492,1.6,98.4
8940,137029084,137029584,9,491,1.7999999999999998,98.2
8941,137029584,137030084,8,492,1.6,98.4
8942,137030084,137030584,9,491,1.7999999999999998,98.2
8943,137030584,137031084,8,492,1.6,98.4
8944,137031084,137031584,8,492,1.6,98.4
8945,137031584,137032084,9,491,1.7999999999999998,98.2
8946,137032084,137032584,10,490,2.0,98.0
8947,137032584,137033084,7,493,1.4000000000000001,98.6
8948,137033084,137033584,9,491,1.7999999999999998,98.2
8949,137033584,137034084,8,492,1.6,98.4
8950,137034084,137034584,9,491,1.7999999999999998,98.2
8951,137034584,137035084,9,491,1.7999999999999998,98.2
8952,137035084,137035584,7,493,1.4000000000000001,98.6
8953,137035584,137036084,9,491,1.7999999999999998,98.2
8954,137036084,137036584,8,492,1.6,98.4
8955,137036584,137037084,8,492,1.6,98.4
8956,137037084,137037584,9,491,1.7999999999999998,98.2
8957,137037584,137038084,9,491,1.7999999999999998,98.2
8958,137038084,137038584,9,491,1.7999999999999998,98.2
8959,137038584,137039084,7,493,1.4000000000000001,98.6
8960,137039084,137039584,11,489,2.1999999999999997,97.8
8961,137039584,137040084,7,493,1.4000000000000001,98.6
8962,137040084,137040584,9,491,1.7999999999999998,98.2
8963,137040584,137041084,8,492,1.6,98.4
8964,137041084,137041584,9,491,1.7999999999999998,98.2
8965,137041584,137042084,8,492,1.6,98.4
8966,137042084,137042584,9,491,1.7999999999999998,98.2
8967,137042584,137043084,9,491,1.7999999999999998,98.2
8968,137043084,137043584,7,493,1.4000000000000001,98.6
8969,137043584,137044084,9,491,1.7999999999999998,98.2
8970,137044084,137044584,10,490,2.0,98.0
8971,137044584,137045084,8,492,1.6,98.4
8972,137045084,137045584,9,491,1.7999999999999998,98.2
8973,137045584,137046084,7,493,1.4000000000000001,98.6
8974,137046084,137046584,8,492,1.6,98.4
8975,137046584,137047084,7,493,1.4000000000000001,98.6
8976,137047084,137047584,9,491,1.7999999999999998,98.2
8977,137047584,137048084,8,492,1.6,98.4
8978,137048084,137048584,9,491,1.7999999999999998,98.2
8979,137048584,137049084,8,492,1.6,98.4
8980,137049084,137049584,8,492,1.6,98.4
8981,137049584,137050084,8,492,1.6,98.4
8982,137050084,137050584,11,489,2.1999999999999997,97.8
8983,137050584,137051084,6,494,1.2,98.8
8984,137051084,137051584,11,489,2.1999999999999997,97.8
8985,137051584,137052084,7,493,1.4000000000000001,98.6
8986,137052084,137052584,9,491,1.7999999999999998,98.2
8987,137052584,137053084,7,493,1.4000000000000001,98.6
8988,137053084,137053584,8,492,1.6,98.4
8989,137053584,137054084,9,491,1.7999999999999998,98.2
8990,137054084,137054584,8,492,1.6,98.4
8991,137054584,137055084,7,493,1.4000000000000001,98.6
8992,137055084,137055584,8,492,1.6,98.4
8993,137055584,137056084,9,491,1.7999999999999998,98.2
8994,137056084,137056584,7,493,1.4000000000000001,98.6
8995,137056584,137057084,25,475,5.0,95.0
8996,137057084,137057584,13,487,2.6,97.4
8997,137057584,137058084,10,490,2.0,98.0
8998,137058084,137058584,10,490,2.0,98.0
8999,137058584,137059084,10,490,2.0,98.0
9000,137059084,137059584,8,492,1.6,98.4
9001,137059584,137060084,8,492,1.6,98.4
9002,137060084,137060584,11,489,2.1999999999999997,97.8
9003,137060584,137061084,6,494,1.2,98.8
9004,137061084,137061584,10,490,2.0,98.0
9005,137061584,137062084,7,493,1.4000000000000001,98.6
9006,137062084,137062584,11,489,2.1999999999999997,97.8
9007,137062584,137063084,7,493,1.4000000000000001,98.6
9008,137063084,137063584,9,491,1.7999999999999998,98.2
9009,137063584,137064084,7,493,1.4000000000000001,98.6
9010,137064084,137064584,10,490,2.0,98.0
9011,137064584,137065084,9,491,1.7999999999999998,98.2
9012,137065084,137065584,8,492,1.6,98.4
9013,137065584,137066084,8,492,1.6,98.4
9014,137066084,137066584,26,474,5.2,94.8
9015,137066584,137067084,15,485,3.0,97.0
9016,137067084,137067584,9,491,1.7999999999999998,98.2
9017,137067584,137068084,8,492,1.6,98.4
9018,137068084,137068584,9,491,1.7999999999999998,98.2
9019,137068584,137069084,7,493,1.4000000000000001,98.6
9020,137069084,137069584,10,490,2.0,98.0
9021,137069584,137070084,7,493,1.4000000000000001,98.6
9022,137070084,137070584,9,491,1.7999999999999998,98.2
9023,137070584,137071084,7,493,1.4000000000000001,98.6
9024,137071084,137071584,9,491,1.7999999999999998,98.2
9025,137071584,137072084,7,493,1.4000000000000001,98.6
9026,137072084,137072584,10,490,2.0,98.0
9027,137072584,137073084,6,494,1.2,98.8
9028,137073084,137073584,17,483,3.4000000000000004,96.6
9029,137073584,137074084,4,496,0.8,99.2
9030,137074084,137074584,15,485,3.0,97.0
9031,137074584,137075084,6,494,1.2,98.8
9032,137075084,137075584,11,489,2.1999999999999997,97.8
9033,137075584,137076084,8,492,1.6,98.4
9034,137076084,137076584,9,491,1.7999999999999998,98.2
9035,137076584,137077084,8,492,1.6,98.4
9036,137077084,137077584,8,492,1.6,98.4
9037,137077584,137078084,10,490,2.0,98.0
9038,137078084,137078584,8,492,1.6,98.4
9039,137078584,137079084,9,491,1.7999999999999998,98.2
9040,137079084,137079584,9,491,1.7999999999999998,98.2
9041,137079584,137080084,7,493,1.4000000000000001,98.6
9042,137080084,137080584,9,491,1.7999999999999998,98.2
9043,137080584,137081084,7,493,1.4000000000000001,98.6
9044,137081084,137081584,9,491,1.7999999999999998,98.2
9045,137081584,137082084,4,496,0.8,99.2
9046,137082084,137082584,11,489,2.1999999999999997,97.8
9047,137082584,137083084,8,492,1.6,98.4
9048,137083084,137083584,9,491,1.7999999999999998,98.2
9049,137083584,137084084,7,493,1.4000000000000001,98.6
9050,137084084,137084584,10,490,2.0,98.0
9051,137084584,137085084,7,493,1.4000000000000001,98.6
9052,137085084,137085584,9,491,1.7999999999999998,98.2
9053,137085584,137086084,10,490,2.0,98.0
9054,137086084,137086584,8,492,1.6,98.4
9055,137086584,137087084,9,491,1.7999999999999998,98.2
9056,137087084,137087584,8,492,1.6,98.4
9057,137087584,137088084,8,492,1.6,98.4
9058,137088084,137088584,12,488,2.4,97.6
9059,137088584,137089084,5,495,1.0,99.0
9060,137089084,137089584,14,486,2.8000000000000003,97.2
9061,137089584,137090084,3,497,0.6,99.4
9062,137090084,137090584,13,487,2.6,97.4
9063,137090584,137091084,19,481,3.8,96.2
9064,137091084,137091584,8,492,1.6,98.4
9065,137091584,137092084,9,491,1.7999999999999998,98.2
9066,137092084,137092584,9,491,1.7999999999999998,98.2
9067,137092584,137093084,8,492,1.6,98.4
9068,137093084,137093584,8,492,1.6,98.4
9069,137093584,137094084,8,492,1.6,98.4
9070,137094084,137094584,11,489,2.1999999999999997,97.8
9071,137094584,137095084,5,495,1.0,99.0
9072,137095084,137095584,11,489,2.1999999999999997,97.8
9073,137095584,137096084,7,493,1.4000000000000001,98.6
9074,137096084,137096584,9,491,1.7999999999999998,98.2
9075,137096584,137097084,8,492,1.6,98.4
9076,137097084,137097584,8,492,1.6,98.4
9077,137097584,137098084,7,493,1.4000000000000001,98.6
9078,137098084,137098584,13,487,2.6,97.4
9079,137098584,137099084,8,492,1.6,98.4
9080,137099084,137099584,10,490,2.0,98.0
9081,137099584,137100084,9,491,1.7999999999999998,98.2
9082,137100084,137100584,8,492,1.6,98.4
9083,137100584,137101084,9,491,1.7999999999999998,98.2
9084,137101084,137101584,8,492,1.6,98.4
9085,137101584,137102084,9,491,1.7999999999999998,98.2
9086,137102084,137102584,8,492,1.6,98.4
9087,137102584,137103084,9,491,1.7999999999999998,98.2
9088,137103084,137103584,9,491,1.7999999999999998,98.2
9089,137103584,137104084,8,492,1.6,98.4
9090,137104084,137104584,9,491,1.7999999999999998,98.2
9091,137104584,137105084,7,493,1.4000000000000001,98.6
9092,137105084,137105584,9,491,1.7999999999999998,98.2
9093,137105584,137106084,7,493,1.4000000000000001,98.6
9094,137106084,137106584,8,492,1.6,98.4
9095,137106584,137107084,3,497,0.6,99.4
9096,137107084,137107584,17,483,3.4000000000000004,96.6
9097,137107584,137108084,5,495,1.0,99.0
9098,137108084,137108584,12,488,2.4,97.6
9099,137108584,137109084,5,495,1.0,99.0
9100,137109084,137109584,11,489,2.1999999999999997,97.8
9101,137109584,137110084,7,493,1.4000000000000001,98.6
9102,137110084,137110584,9,491,1.7999999999999998,98.2
9103,137110584,137111084,8,492,1.6,98.4
9104,137111084,137111584,9,491,1.7999999999999998,98.2
9105,137111584,137112084,7,493,1.4000000000000001,98.6
9106,137112084,137112584,9,491,1.7999999999999998,98.2
9107,137112584,137113084,7,493,1.4000000000000001,98.6
9108,137113084,137113584,16,484,3.2,96.8
9109,137113584,137114084,9,491,1.7999999999999998,98.2
9110,137114084,137114584,9,491,1.7999999999999998,98.2
9111,137114584,137115084,8,492,1.6,98.4
9112,137115084,137115584,8,492,1.6,98.4
9113,137115584,137116084,9,491,1.7999999999999998,98.2
9114,137116084,137116584,8,492,1.6,98.4
9115,137116584,137117084,9,491,1.7999999999999998,98.2
9116,137117084,137117584,8,492,1.6,98.4
9117,137117584,137118084,7,493,1.4000000000000001,98.6
9118,137118084,137118584,8,492,1.6,98.4
9119,137118584,137119084,8,492,1.6,98.4
9120,137119084,137119584,10,490,2.0,98.0
9121,137119584,137120084,6,494,1.2,98.8
9122,137120084,137120584,12,488,2.4,97.6
9123,137120584,137121084,6,494,1.2,98.8
9124,137121084,137121584,10,490,2.0,98.0
9125,137121584,137122084,17,483,3.4000000000000004,96.6
9126,137122084,137122584,10,490,2.0,98.0
9127,137122584,137123084,5,495,1.0,99.0
9128,137123084,137123584,15,485,3.0,97.0
9129,137123584,137124084,8,492,1.6,98.4
9130,137124084,137124584,11,489,2.1999999999999997,97.8
9131,137124584,137125084,7,493,1.4000000000000001,98.6
9132,137125084,137125584,10,490,2.0,98.0
9133,137125584,137126084,7,493,1.4000000000000001,98.6
9134,137126084,137126584,9,491,1.7999999999999998,98.2
9135,137126584,137127084,7,493,1.4000000000000001,98.6
9136,137127084,137127584,9,491,1.7999999999999998,98.2
9137,137127584,137128084,9,491,1.7999999999999998,98.2
9138,137128084,137128584,10,490,2.0,98.0
9139,137128584,137129084,11,489,2.1999999999999997,97.8
9140,137129084,137129584,9,491,1.7999999999999998,98.2
9141,137129584,137130084,8,492,1.6,98.4
9142,137130084,137130584,8,492,1.6,98.4
9143,137130584,137131084,9,491,1.7999999999999998,98.2
9144,137131084,137131584,8,492,1.6,98.4
9145,137131584,137132084,7,493,1.4000000000000001,98.6
9146,137132084,137132584,9,491,1.7999999999999998,98.2
9147,137132584,137133084,7,493,1.4000000000000001,98.6
9148,137133084,137133584,10,490,2.0,98.0
9149,137133584,137134084,7,493,1.4000000000000001,98.6
9150,137134084,137134584,10,490,2.0,98.0
9151,137134584,137135084,8,492,1.6,98.4
9152,137135084,137135584,8,492,1.6,98.4
9153,137135584,137136084,9,491,1.7999999999999998,98.2
9154,137136084,137136584,8,492,1.6,98.4
9155,137136584,137137084,11,489,2.1999999999999997,97.8
9156,137137084,137137584,8,492,1.6,98.4
9157,137137584,137138084,9,491,1.7999999999999998,98.2
9158,137138084,137138584,10,490,2.0,98.0
9159,137138584,137139084,7,493,1.4000000000000001,98.6
9160,137139084,137139584,13,487,2.6,97.4
9161,137139584,137140084,6,494,1.2,98.8
9162,137140084,137140584,14,486,2.8000000000000003,97.2
9163,137140584,137141084,6,494,1.2,98.8
9164,137141084,137141584,11,489,2.1999999999999997,97.8
9165,137141584,137142084,6,494,1.2,98.8
9166,137142084,137142584,20,480,4.0,96.0
9167,137142584,137143084,7,493,1.4000000000000001,98.6
9168,137143084,137143584,10,490,2.0,98.0
9169,137143584,137144084,3,497,0.6,99.4
9170,137144084,137144584,10,490,2.0,98.0
9171,137144584,137145084,12,488,2.4,97.6
9172,137145084,137145584,11,489,2.1999999999999997,97.8
9173,137145584,137146084,8,492,1.6,98.4
9174,137146084,137146584,9,491,1.7999999999999998,98.2
9175,137146584,137147084,8,492,1.6,98.4
9176,137147084,137147584,13,487,2.6,97.4
9177,137147584,137148084,9,491,1.7999999999999998,98.2
9178,137148084,137148584,9,491,1.7999999999999998,98.2
9179,137148584,137149084,7,493,1.4000000000000001,98.6
9180,137149084,137149584,10,490,2.0,98.0
9181,137149584,137150084,6,494,1.2,98.8
9182,137150084,137150584,10,490,2.0,98.0
9183,137150584,137151084,6,494,1.2,98.8
9184,137151084,137151584,11,489,2.1999999999999997,97.8
9185,137151584,137152084,7,493,1.4000000000000001,98.6
9186,137152084,137152584,11,489,2.1999999999999997,97.8
9187,137152584,137153084,8,492,1.6,98.4
9188,137153084,137153584,9,491,1.7999999999999998,98.2
9189,137153584,137154084,7,493,1.4000000000000001,98.6
9190,137154084,137154584,9,491,1.7999999999999998,98.2
9191,137154584,137155084,8,492,1.6,98.4
9192,137155084,137155584,12,488,2.4,97.6
9193,137155584,137156084,6,494,1.2,98.8
9194,137156084,137156584,13,487,2.6,97.4
9195,137156584,137157084,6,494,1.2,98.8
9196,137157084,137157584,13,487,2.6,97.4
9197,137157584,137158084,6,494,1.2,98.8
9198,137158084,137158584,10,490,2.0,98.0
9199,137158584,137159084,7,493,1.4000000000000001,98.6
9200,137159084,137159584,9,491,1.7999999999999998,98.2
9201,137159584,137160084,7,493,1.4000000000000001,98.6
9202,137160084,137160584,14,486,2.8000000000000003,97.2
9203,137160584,137161084,7,493,1.4000000000000001,98.6
9204,137161084,137161584,9,491,1.7999999999999998,98.2
9205,137161584,137162084,10,490,2.0,98.0
9206,137162084,137162584,7,493,1.4000000000000001,98.6
9207,137162584,137163084,9,491,1.7999999999999998,98.2
9208,137163084,137163584,8,492,1.6,98.4
9209,137163584,137164084,8,492,1.6,98.4
9210,137164084,137164584,8,492,1.6,98.4
9211,137164584,137165084,9,491,1.7999999999999998,98.2
9212,137165084,137165584,10,490,2.0,98.0
9213,137165584,137166084,8,492,1.6,98.4
9214,137166084,137166584,9,491,1.7999999999999998,98.2
9215,137166584,137167084,8,492,1.6,98.4
9216,137167084,137167584,9,491,1.7999999999999998,98.2
9217,137167584,137168084,9,491,1.7999999999999998,98.2
9218,137168084,137168584,8,492,1.6,98.4
9219,137168584,137169084,7,493,1.4000000000000001,98.6
9220,137169084,137169584,9,491,1.7999999999999998,98.2
9221,137169584,137170084,7,493,1.4000000000000001,98.6
9222,137170084,137170584,9,491,1.7999999999999998,98.2
9223,137170584,137171084,8,492,1.6,98.4
9224,137171084,137171584,9,491,1.7999999999999998,98.2
9225,137171584,137172084,7,493,1.4000000000000001,98.6
9226,137172084,137172584,12,488,2.4,97.6
9227,137172584,137173084,10,490,2.0,98.0
9228,137173084,137173584,15,485,3.0,97.0
9229,137173584,137174084,0,500,0.0,100.0
9230,137174084,137174584,13,487,2.6,97.4
9231,137174584,137175084,13,487,2.6,97.4
9232,137175084,137175584,8,492,1.6,98.4
9233,137175584,137176084,9,491,1.7999999999999998,98.2
9234,137176084,137176584,4,496,0.8,99.2
9235,137176584,137177084,12,488,2.4,97.6
9236,137177084,137177584,8,492,1.6,98.4
9237,137177584,137178084,7,493,1.4000000000000001,98.6
9238,137178084,137178584,6,494,1.2,98.8
9239,137178584,137179084,0,500,0.0,100.0
9240,137179084,137179584,11,489,2.1999999999999997,97.8
9241,137179584,137180084,2,498,0.4,99.6
9242,137180084,137180584,4,496,0.8,99.2
9243,137180584,137181084,12,488,2.4,97.6
9244,137181084,137181584,6,494,1.2,98.8
9245,137181584,137182084,2,498,0.4,99.6
9246,137182084,137182584,7,493,1.4000000000000001,98.6
9247,137182584,137183084,39,461,7.8,92.2
9248,137183084,137183584,16,484,3.2,96.8
9249,137183584,137184084,7,493,1.4000000000000001,98.6
9250,137184084,137184584,9,491,1.7999999999999998,98.2
9251,137184584,137185084,8,492,1.6,98.4
9252,137185084,137185584,9,491,1.7999999999999998,98.2
9253,137185584,137186084,9,491,1.7999999999999998,98.2
9254,137186084,137186584,8,492,1.6,98.4
9255,137186584,137187084,9,491,1.7999999999999998,98.2
9256,137187084,137187584,8,492,1.6,98.4
9257,137187584,137188084,9,491,1.7999999999999998,98.2
9258,137188084,137188584,7,493,1.4000000000000001,98.6
9259,137188584,137189084,9,491,1.7999999999999998,98.2
9260,137189084,137189584,6,494,1.2,98.8
9261,137189584,137190084,12,488,2.4,97.6
9262,137190084,137190584,396,104,79.2,20.799999999999997
9263,137190584,137191084,300,200,60.0,40.0
9264,137191084,137191584,254,246,50.8,49.2
9265,137191584,137192084,10,490,2.0,98.0
9266,137192084,137192584,6,494,1.2,98.8
9267,137192584,137193084,135,365,27.0,73.0
9268,137193084,137193584,129,371,25.8,74.2
9269,137193584,137194084,500,0,100.0,0.0
9270,137194084,137194584,500,0,100.0,0.0
9271,137194584,137195084,500,0,100.0,0.0
9272,137195084,137195584,500,0,100.0,0.0
9273,137195584,137196084,500,0,100.0,0.0
9274,137196084,137196584,500,0,100.0,0.0
9275,137196584,137197084,500,0,100.0,0.0
9276,137197084,137197584,500,0,100.0,0.0
9277,137197584,137198084,500,0,100.0,0.0
9278,137198084,137198584,500,0,100.0,0.0
9279,137198584,137199084,500,0,100.0,0.0
9280,137199084,137199584,500,0,100.0,0.0
9281,137199584,137200084,500,0,100.0,0.0
9282,137200084,137200584,500,0,100.0,0.0
9283,137200584,137201084,500,0,100.0,0.0
9284,137201084,137201584,500,0,100.0,0.0
9285,137201584,137202084,500,0,100.0,0.0
9286,137202084,137202584,500,0,100.0,0.0
9287,137202584,137203084,500,0,100.0,0.0
9288,137203084,137203584,500,0,100.0,0.0
9289,137203584,137204084,500,0,100.0,0.0
9290,137204084,137204584,500,0,100.0,0.0
9291,137204584,137205084,500,0,100.0,0.0
9292,137205084,137205584,500,0,100.0,0.0
9293,137205584,137206084,500,0,100.0,0.0
9294,137206084,137206584,500,0,100.0,0.0
9295,137206584,137207084,500,0,100.0,0.0
9296,137207084,137207584,500,0,100.0,0.0
9297,137207584,137208084,500,0,100.0,0.0
9298,137208084,137208584,500,0,100.0,0.0
9299,137208584,137209084,500,0,100.0,0.0
9300,137209084,137209584,500,0,100.0,0.0
9301,137209584,137210084,500,0,100.0,0.0
9302,137210084,137210584,500,0,100.0,0.0
9303,137210584,137211084,500,0,100.0,0.0
9304,137211084,137211584,500,0,100.0,0.0
9305,137211584,137212084,500,0,100.0,0.0
9306,137212084,137212584,500,0,100.0,0.0
9307,137212584,137213084,500,0,100.0,0.0
9308,137213084,137213584,500,0,100.0,0.0
9309,137213584,137214084,500,0,100.0,0.0
9310,137214084,137214584,500,0,100.0,0.0
9311,137214584,137215084,500,0,100.0,0.0
9312,137215084,137215584,500,0,100.0,0.0
9313,137215584,137216084,500,0,100.0,0.0
9314,137216084,137216584,500,0,100.0,0.0
9315,137216584,137217084,500,0,100.0,0.0
9316,137217084,137217584,500,0,100.0,0.0
9317,137217584,137218084,500,0,100.0,0.0
9318,137218084,137218584,500,0,100.0,0.0
9319,137218584,137219084,500,0,100.0,0.0
9320,137219084,137219584,500,0,100.0,0.0
9321,137219584,137220084,500,0,100.0,0.0
9322,137220084,137220584,500,0,100.0,0.0
9323,137220584,137221084,500,0,100.0,0.0
9324,137221084,137221584,500,0,100.0,0.0
9325,137221584,137222084,500,0,100.0,0.0
9326,137222084,137222584,500,0,100.0,0.0
9327,137222584,137223084,500,0,100.0,0.0
9328,137223084,137223584,500,0,100.0,0.0
9329,137223584,137224084,500,0,100.0,0.0
9330,137224084,137224584,500,0,100.0,0.0
9331,137224584,137225084,500,0,100.0,0.0
9332,137225084,137225584,500,0,100.0,0.0
9333,137225584,137226084,500,0,100.0,0.0
9334,137226084,137226584,500,0,100.0,0.0
9335,137226584,137227084,500,0,100.0,0.0
9336,137227084,137227584,500,0,100.0,0.0
9337,137227584,137228084,500,0,100.0,0.0
9338,137228084,137228584,500,0,100.0,0.0
9339,137228584,137229084,500,0,100.0,0.0
9340,137229084,137229584,500,0,100.0,0.0
9341,137229584,137230084,500,0,100.0,0.0
9342,137230084,137230584,500,0,100.0,0.0
9343,137230584,137231084,500,0,100.0,0.0
9344,137231084,137231584,500,0,100.0,0.0
9345,137231584,137232084,388,112,77.60000000000001,22.39999999999999
9346,137232084,137232584,14,486,2.8000000000000003,97.2
9347,137232584,137233084,215,285,43.0,57.0
9348,137233084,137233584,170,330,34.0,66.0
9349,137233584,137234084,10,490,2.0,98.0
9350,137234084,137234584,86,414,17.2,82.8
9351,137234584,137235084,5,495,1.0,99.0
9352,137235084,137235584,449,51,89.8,10.200000000000003
9353,137235584,137236084,500,0,100.0,0.0
9354,137236084,137236584,500,0,100.0,0.0
9355,137236584,137237084,500,0,100.0,0.0
9356,137237084,137237584,500,0,100.0,0.0
9357,137237584,137238084,500,0,100.0,0.0
9358,137238084,137238584,500,0,100.0,0.0
9359,137238584,137239084,500,0,100.0,0.0
9360,137239084,137239584,500,0,100.0,0.0
9361,137239584,137240084,500,0,100.0,0.0
9362,137240084,137240584,500,0,100.0,0.0
9363,137240584,137241084,500,0,100.0,0.0
9364,137241084,137241584,500,0,100.0,0.0
9365,137241584,137242084,500,0,100.0,0.0
9366,137242084,137242584,500,0,100.0,0.0
9367,137242584,137243084,500,0,100.0,0.0
9368,137243084,137243584,500,0,100.0,0.0
9369,137243584,137244084,500,0,100.0,0.0
9370,137244084,137244584,500,0,100.0,0.0
9371,137244584,137245084,500,0,100.0,0.0
9372,137245084,137245584,500,0,100.0,0.0
9373,137245584,137246084,500,0,100.0,0.0
9374,137246084,137246584,500,0,100.0,0.0
9375,137246584,137247084,500,0,100.0,0.0
9376,137247084,137247584,299,201,59.8,40.2
9377,137247584,137248084,4,496,0.8,99.2
9378,137248084,137248284,3,197,1.5,98.5
