bin_index,start_time_us,end_time_us,waiting_time_us,running_time_us,waiting_pct,running_pct
0,167083525,167084025,12,488,2.4,97.6
1,167084025,167084525,242,258,48.4,51.6
2,167084525,167085025,1,499,0.2,99.8
3,167085025,167085525,0,500,0.0,100.0
4,167085525,167086025,0,500,0.0,100.0
5,167086025,167086525,0,500,0.0,100.0
6,167086525,167087025,0,500,0.0,100.0
7,167087025,167087525,24,476,4.8,95.2
8,167087525,167088025,0,500,0.0,100.0
9,167088025,167088525,29,471,5.800000000000001,94.2
10,167088525,167089025,22,478,4.3999999999999995,95.6
11,167089025,167089525,35,465,7.000000000000001,93.0
12,167089525,167090025,12,488,2.4,97.6
13,167090025,167090525,23,477,4.6,95.4
14,167090525,167091025,19,481,3.8,96.2
15,167091025,167091525,13,487,2.6,97.4
16,167091525,167092025,22,478,4.3999999999999995,95.6
17,167092025,167092525,27,473,5.4,94.6
18,167092525,167093025,5,495,1.0,99.0
19,167093025,167093525,35,465,7.000000000000001,93.0
20,167093525,167094025,7,493,1.4000000000000001,98.6
21,167094025,167094525,7,493,1.4000000000000001,98.6
22,167094525,167095025,71,429,14.2,85.8
23,167095025,167095525,24,476,4.8,95.2
24,167095525,167096025,13,487,2.6,97.4
25,167096025,167096525,16,484,3.2,96.8
26,167096525,167097025,0,500,0.0,100.0
27,167097025,167097525,26,474,5.2,94.8
28,167097525,167098025,6,494,1.2,98.8
29,167098025,167098525,54,446,10.8,89.2
30,167098525,167099025,5,495,1.0,99.0
31,167099025,167099525,29,471,5.800000000000001,94.2
32,167099525,167100025,10,490,2.0,98.0
33,167100025,167100525,15,485,3.0,97.0
34,167100525,167101025,23,477,4.6,95.4
35,167101025,167101525,13,487,2.6,97.4
36,167101525,167102025,5,495,1.0,99.0
37,167102025,167102525,13,487,2.6,97.4
38,167102525,167103025,26,474,5.2,94.8
39,167103025,167103525,6,494,1.2,98.8
40,167103525,167104025,6,494,1.2,98.8
41,167104025,167104525,6,494,1.2,98.8
42,167104525,167105025,2,498,0.4,99.6
43,167105025,167105525,15,485,3.0,97.0
44,167105525,167106025,3,497,0.6,99.4
45,167106025,167106525,15,485,3.0,97.0
46,167106525,167107025,0,500,0.0,100.0
47,167107025,167107525,0,500,0.0,100.0
48,167107525,167108025,11,489,2.1999999999999997,97.8
49,167108025,167108525,0,500,0.0,100.0
50,167108525,167109025,0,500,0.0,100.0
51,167109025,167109525,7,493,1.4000000000000001,98.6
52,167109525,167110025,10,490,2.0,98.0
53,167110025,167110525,0,500,0.0,100.0
54,167110525,167111025,9,491,1.7999999999999998,98.2
55,167111025,167111525,0,500,0.0,100.0
56,167111525,167112025,0,500,0.0,100.0
57,167112025,167112525,18,482,3.5999999999999996,96.4
58,167112525,167113025,0,500,0.0,100.0
59,167113025,167113525,30,470,6.0,94.0
60,167113525,167114025,0,500,0.0,100.0
61,167114025,167114525,16,484,3.2,96.8
62,167114525,167115025,0,500,0.0,100.0
63,167115025,167115525,0,500,0.0,100.0
64,167115525,167116025,8,492,1.6,98.4
65,167116025,167116525,0,500,0.0,100.0
66,167116525,167117025,27,473,5.4,94.6
67,167117025,167117525,0,500,0.0,100.0
68,167117525,167118025,32,468,6.4,93.6
69,167118025,167118525,0,500,0.0,100.0
70,167118525,167119025,0,500,0.0,100.0
71,167119025,167119525,12,488,2.4,97.6
72,167119525,167120025,0,500,0.0,100.0
73,167120025,167120525,30,470,6.0,94.0
74,167120525,167121025,31,469,6.2,93.8
75,167121025,167121525,15,485,3.0,97.0
76,167121525,167122025,11,489,2.1999999999999997,97.8
77,167122025,167122525,10,490,2.0,98.0
78,167122525,167123025,15,485,3.0,97.0
79,167123025,167123525,11,489,2.1999999999999997,97.8
80,167123525,167124025,8,492,1.6,98.4
81,167124025,167124525,18,482,3.5999999999999996,96.4
82,167124525,167125025,7,493,1.4000000000000001,98.6
83,167125025,167125525,14,486,2.8000000000000003,97.2
84,167125525,167126025,0,500,0.0,100.0
85,167126025,167126525,0,500,0.0,100.0
86,167126525,167127025,210,290,42.0,58.0
87,167127025,167127525,0,500,0.0,100.0
88,167127525,167128025,0,500,0.0,100.0
89,167128025,167128525,0,500,0.0,100.0
90,167128525,167129025,31,469,6.2,93.8
91,167129025,167129525,0,500,0.0,100.0
92,167129525,167130025,9,491,1.7999999999999998,98.2
93,167130025,167130525,38,462,7.6,92.4
94,167130525,167131025,5,495,1.0,99.0
95,167131025,167131525,33,467,6.6000000000000005,93.4
96,167131525,167132025,20,480,4.0,96.0
97,167132025,167132525,15,485,3.0,97.0
98,167132525,167133025,13,487,2.6,97.4
99,167133025,167133525,13,487,2.6,97.4
100,167133525,167134025,11,489,2.1999999999999997,97.8
101,167134025,167134525,12,488,2.4,97.6
102,167134525,167135025,0,500,0.0,100.0
103,167135025,167135525,0,500,0.0,100.0
104,167135525,167136025,0,500,0.0,100.0
105,167136025,167136525,0,500,0.0,100.0
106,167136525,167137025,0,500,0.0,100.0
107,167137025,167137525,0,500,0.0,100.0
108,167137525,167138025,0,500,0.0,100.0
109,167138025,167138525,0,500,0.0,100.0
110,167138525,167139025,0,500,0.0,100.0
111,167139025,167139525,0,500,0.0,100.0
112,167139525,167140025,0,500,0.0,100.0
113,167140025,167140525,0,500,0.0,100.0
114,167140525,167141025,0,500,0.0,100.0
115,167141025,167141525,0,500,0.0,100.0
116,167141525,167142025,0,500,0.0,100.0
117,167142025,167142525,0,500,0.0,100.0
118,167142525,167143025,0,500,0.0,100.0
119,167143025,167143525,0,500,0.0,100.0
120,167143525,167144025,0,500,0.0,100.0
121,167144025,167144525,0,500,0.0,100.0
122,167144525,167145025,0,500,0.0,100.0
123,167145025,167145525,0,500,0.0,100.0
124,167145525,167146025,0,500,0.0,100.0
125,167146025,167146525,0,500,0.0,100.0
126,167146525,167147025,0,500,0.0,100.0
127,167147025,167147525,0,500,0.0,100.0
128,167147525,167148025,0,500,0.0,100.0
129,167148025,167148525,0,500,0.0,100.0
130,167148525,167149025,0,500,0.0,100.0
131,167149025,167149525,0,500,0.0,100.0
132,167149525,167150025,0,500,0.0,100.0
133,167150025,167150525,44,456,8.799999999999999,91.2
134,167150525,167151025,3,497,0.6,99.4
135,167151025,167151525,0,500,0.0,100.0
136,167151525,167152025,5,495,1.0,99.0
137,167152025,167152525,7,493,1.4000000000000001,98.6
138,167152525,167153025,2,498,0.4,99.6
139,167153025,167153525,4,496,0.8,99.2
140,167153525,167154025,4,496,0.8,99.2
141,167154025,167154525,3,497,0.6,99.4
142,167154525,167155025,1,499,0.2,99.8
143,167155025,167155525,3,497,0.6,99.4
144,167155525,167156025,0,500,0.0,100.0
145,167156025,167156525,4,496,0.8,99.2
146,167156525,167157025,0,500,0.0,100.0
147,167157025,167157525,8,492,1.6,98.4
148,167157525,167158025,7,493,1.4000000000000001,98.6
149,167158025,167158525,5,495,1.0,99.0
150,167158525,167159025,0,500,0.0,100.0
151,167159025,167159525,17,483,3.4000000000000004,96.6
152,167159525,167160025,11,489,2.1999999999999997,97.8
153,167160025,167160525,22,478,4.3999999999999995,95.6
154,167160525,167161025,2,498,0.4,99.6
155,167161025,167161525,10,490,2.0,98.0
156,167161525,167162025,10,490,2.0,98.0
157,167162025,167162525,4,496,0.8,99.2
158,167162525,167163025,4,496,0.8,99.2
159,167163025,167163525,9,491,1.7999999999999998,98.2
160,167163525,167164025,0,500,0.0,100.0
161,167164025,167164525,0,500,0.0,100.0
162,167164525,167165025,0,500,0.0,100.0
163,167165025,167165525,5,495,1.0,99.0
164,167165525,167166025,5,495,1.0,99.0
165,167166025,167166525,11,489,2.1999999999999997,97.8
166,167166525,167167025,3,497,0.6,99.4
167,167167025,167167525,3,497,0.6,99.4
168,167167525,167168025,2,498,0.4,99.6
169,167168025,167168525,24,476,4.8,95.2
170,167168525,167169025,2,498,0.4,99.6
171,167169025,167169525,155,345,31.0,69.0
172,167169525,167170025,6,494,1.2,98.8
173,167170025,167170525,7,493,1.4000000000000001,98.6
174,167170525,167171025,411,89,82.19999999999999,17.80000000000001
175,167171025,167171525,500,0,100.0,0.0
176,167171525,167172025,500,0,100.0,0.0
177,167172025,167172525,500,0,100.0,0.0
178,167172525,167173025,500,0,100.0,0.0
179,167173025,167173525,500,0,100.0,0.0
180,167173525,167174025,500,0,100.0,0.0
181,167174025,167174525,500,0,100.0,0.0
182,167174525,167175025,500,0,100.0,0.0
183,167175025,167175525,500,0,100.0,0.0
184,167175525,167176025,500,0,100.0,0.0
185,167176025,167176525,500,0,100.0,0.0
186,167176525,167177025,500,0,100.0,0.0
187,167177025,167177525,500,0,100.0,0.0
188,167177525,167178025,500,0,100.0,0.0
189,167178025,167178525,500,0,100.0,0.0
190,167178525,167179025,500,0,100.0,0.0
191,167179025,167179525,500,0,100.0,0.0
192,167179525,167180025,500,0,100.0,0.0
193,167180025,167180525,500,0,100.0,0.0
194,167180525,167181025,500,0,100.0,0.0
195,167181025,167181525,500,0,100.0,0.0
196,167181525,167182025,500,0,100.0,0.0
197,167182025,167182525,500,0,100.0,0.0
198,167182525,167183025,500,0,100.0,0.0
199,167183025,167183525,500,0,100.0,0.0
200,167183525,167184025,500,0,100.0,0.0
201,167184025,167184525,500,0,100.0,0.0
202,167184525,167185025,500,0,100.0,0.0
203,167185025,167185525,500,0,100.0,0.0
204,167185525,167186025,500,0,100.0,0.0
205,167186025,167186525,500,0,100.0,0.0
206,167186525,167187025,500,0,100.0,0.0
207,167187025,167187525,500,0,100.0,0.0
208,167187525,167188025,500,0,100.0,0.0
209,167188025,167188525,500,0,100.0,0.0
210,167188525,167189025,500,0,100.0,0.0
211,167189025,167189525,500,0,100.0,0.0
212,167189525,167190025,500,0,100.0,0.0
213,167190025,167190525,500,0,100.0,0.0
214,167190525,167191025,500,0,100.0,0.0
215,167191025,167191525,500,0,100.0,0.0
216,167191525,167192025,500,0,100.0,0.0
217,167192025,167192525,500,0,100.0,0.0
218,167192525,167193025,500,0,100.0,0.0
219,167193025,167193525,500,0,100.0,0.0
220,167193525,167194025,500,0,100.0,0.0
221,167194025,167194525,500,0,100.0,0.0
222,167194525,167195025,500,0,100.0,0.0
223,167195025,167195525,500,0,100.0,0.0
224,167195525,167196025,500,0,100.0,0.0
225,167196025,167196525,500,0,100.0,0.0
226,167196525,167197025,500,0,100.0,0.0
227,167197025,167197525,500,0,100.0,0.0
228,167197525,167198025,500,0,100.0,0.0
229,167198025,167198525,500,0,100.0,0.0
230,167198525,167199025,500,0,100.0,0.0
231,167199025,167199525,500,0,100.0,0.0
232,167199525,167200025,500,0,100.0,0.0
233,167200025,167200525,500,0,100.0,0.0
234,167200525,167201025,500,0,100.0,0.0
235,167201025,167201525,500,0,100.0,0.0
236,167201525,167202025,500,0,100.0,0.0
237,167202025,167202525,500,0,100.0,0.0
238,167202525,167203025,500,0,100.0,0.0
239,167203025,167203525,500,0,100.0,0.0
240,167203525,167204025,500,0,100.0,0.0
241,167204025,167204525,500,0,100.0,0.0
242,167204525,167205025,500,0,100.0,0.0
243,167205025,167205525,500,0,100.0,0.0
244,167205525,167206025,500,0,100.0,0.0
245,167206025,167206525,500,0,100.0,0.0
246,167206525,167207025,500,0,100.0,0.0
247,167207025,167207525,500,0,100.0,0.0
248,167207525,167208025,500,0,100.0,0.0
249,167208025,167208525,500,0,100.0,0.0
250,167208525,167209025,500,0,100.0,0.0
251,167209025,167209525,500,0,100.0,0.0
252,167209525,167210025,500,0,100.0,0.0
253,167210025,167210525,500,0,100.0,0.0
254,167210525,167211025,500,0,100.0,0.0
255,167211025,167211525,500,0,100.0,0.0
256,167211525,167212025,500,0,100.0,0.0
257,167212025,167212525,500,0,100.0,0.0
258,167212525,167213025,500,0,100.0,0.0
259,167213025,167213525,500,0,100.0,0.0
260,167213525,167214025,500,0,100.0,0.0
261,167214025,167214525,500,0,100.0,0.0
262,167214525,167215025,500,0,100.0,0.0
263,167215025,167215525,500,0,100.0,0.0
264,167215525,167216025,500,0,100.0,0.0
265,167216025,167216525,500,0,100.0,0.0
266,167216525,167217025,500,0,100.0,0.0
267,167217025,167217525,500,0,100.0,0.0
268,167217525,167218025,500,0,100.0,0.0
269,167218025,167218525,500,0,100.0,0.0
270,167218525,167219025,500,0,100.0,0.0
271,167219025,167219525,500,0,100.0,0.0
272,167219525,167220025,500,0,100.0,0.0
273,167220025,167220525,500,0,100.0,0.0
274,167220525,167221025,500,0,100.0,0.0
275,167221025,167221525,500,0,100.0,0.0
276,167221525,167222025,500,0,100.0,0.0
277,167222025,167222525,500,0,100.0,0.0
278,167222525,167223025,500,0,100.0,0.0
279,167223025,167223525,500,0,100.0,0.0
280,167223525,167224025,500,0,100.0,0.0
281,167224025,167224525,500,0,100.0,0.0
282,167224525,167225025,500,0,100.0,0.0
283,167225025,167225525,500,0,100.0,0.0
284,167225525,167226025,500,0,100.0,0.0
285,167226025,167226525,500,0,100.0,0.0
286,167226525,167227025,500,0,100.0,0.0
287,167227025,167227525,500,0,100.0,0.0
288,167227525,167228025,500,0,100.0,0.0
289,167228025,167228525,500,0,100.0,0.0
290,167228525,167229025,500,0,100.0,0.0
291,167229025,167229525,500,0,100.0,0.0
292,167229525,167230025,500,0,100.0,0.0
293,167230025,167230525,500,0,100.0,0.0
294,167230525,167231025,500,0,100.0,0.0
295,167231025,167231525,500,0,100.0,0.0
296,167231525,167232025,500,0,100.0,0.0
297,167232025,167232525,500,0,100.0,0.0
298,167232525,167233025,500,0,100.0,0.0
299,167233025,167233525,500,0,100.0,0.0
300,167233525,167234025,500,0,100.0,0.0
301,167234025,167234525,500,0,100.0,0.0
302,167234525,167235025,500,0,100.0,0.0
303,167235025,167235525,500,0,100.0,0.0
304,167235525,167236025,500,0,100.0,0.0
305,167236025,167236525,500,0,100.0,0.0
306,167236525,167237025,500,0,100.0,0.0
307,167237025,167237525,500,0,100.0,0.0
308,167237525,167238025,500,0,100.0,0.0
309,167238025,167238525,500,0,100.0,0.0
310,167238525,167239025,500,0,100.0,0.0
311,167239025,167239525,500,0,100.0,0.0
312,167239525,167240025,500,0,100.0,0.0
313,167240025,167240525,500,0,100.0,0.0
314,167240525,167241025,500,0,100.0,0.0
315,167241025,167241525,500,0,100.0,0.0
316,167241525,167242025,500,0,100.0,0.0
317,167242025,167242525,500,0,100.0,0.0
318,167242525,167243025,500,0,100.0,0.0
319,167243025,167243525,500,0,100.0,0.0
320,167243525,167244025,500,0,100.0,0.0
321,167244025,167244525,500,0,100.0,0.0
322,167244525,167245025,500,0,100.0,0.0
323,167245025,167245525,500,0,100.0,0.0
324,167245525,167246025,500,0,100.0,0.0
325,167246025,167246525,500,0,100.0,0.0
326,167246525,167247025,500,0,100.0,0.0
327,167247025,167247525,500,0,100.0,0.0
328,167247525,167248025,500,0,100.0,0.0
329,167248025,167248525,500,0,100.0,0.0
330,167248525,167249025,500,0,100.0,0.0
331,167249025,167249525,500,0,100.0,0.0
332,167249525,167250025,500,0,100.0,0.0
333,167250025,167250525,500,0,100.0,0.0
334,167250525,167251025,500,0,100.0,0.0
335,167251025,167251525,500,0,100.0,0.0
336,167251525,167252025,500,0,100.0,0.0
337,167252025,167252525,500,0,100.0,0.0
338,167252525,167253025,500,0,100.0,0.0
339,167253025,167253525,500,0,100.0,0.0
340,167253525,167254025,500,0,100.0,0.0
341,167254025,167254525,500,0,100.0,0.0
342,167254525,167255025,500,0,100.0,0.0
343,167255025,167255525,500,0,100.0,0.0
344,167255525,167256025,500,0,100.0,0.0
345,167256025,167256525,500,0,100.0,0.0
346,167256525,167257025,500,0,100.0,0.0
347,167257025,167257525,500,0,100.0,0.0
348,167257525,167258025,500,0,100.0,0.0
349,167258025,167258525,500,0,100.0,0.0
350,167258525,167259025,500,0,100.0,0.0
351,167259025,167259525,500,0,100.0,0.0
352,167259525,167260025,500,0,100.0,0.0
353,167260025,167260525,500,0,100.0,0.0
354,167260525,167261025,500,0,100.0,0.0
355,167261025,167261525,500,0,100.0,0.0
356,167261525,167262025,500,0,100.0,0.0
357,167262025,167262525,500,0,100.0,0.0
358,167262525,167263025,500,0,100.0,0.0
359,167263025,167263525,500,0,100.0,0.0
360,167263525,167264025,500,0,100.0,0.0
361,167264025,167264525,500,0,100.0,0.0
362,167264525,167265025,500,0,100.0,0.0
363,167265025,167265525,500,0,100.0,0.0
364,167265525,167266025,500,0,100.0,0.0
365,167266025,167266525,500,0,100.0,0.0
366,167266525,167267025,500,0,100.0,0.0
367,167267025,167267525,500,0,100.0,0.0
368,167267525,167268025,500,0,100.0,0.0
369,167268025,167268525,500,0,100.0,0.0
370,167268525,167269025,500,0,100.0,0.0
371,167269025,167269525,500,0,100.0,0.0
372,167269525,167270025,500,0,100.0,0.0
373,167270025,167270525,500,0,100.0,0.0
374,167270525,167271025,500,0,100.0,0.0
375,167271025,167271525,500,0,100.0,0.0
376,167271525,167272025,500,0,100.0,0.0
377,167272025,167272525,500,0,100.0,0.0
378,167272525,167273025,500,0,100.0,0.0
379,167273025,167273525,500,0,100.0,0.0
380,167273525,167274025,500,0,100.0,0.0
381,167274025,167274525,500,0,100.0,0.0
382,167274525,167275025,500,0,100.0,0.0
383,167275025,167275525,500,0,100.0,0.0
384,167275525,167276025,500,0,100.0,0.0
385,167276025,167276525,500,0,100.0,0.0
386,167276525,167277025,500,0,100.0,0.0
387,167277025,167277525,500,0,100.0,0.0
388,167277525,167278025,500,0,100.0,0.0
389,167278025,167278525,500,0,100.0,0.0
390,167278525,167279025,500,0,100.0,0.0
391,167279025,167279525,500,0,100.0,0.0
392,167279525,167280025,500,0,100.0,0.0
393,167280025,167280525,500,0,100.0,0.0
394,167280525,167281025,500,0,100.0,0.0
395,167281025,167281525,500,0,100.0,0.0
396,167281525,167282025,500,0,100.0,0.0
397,167282025,167282525,500,0,100.0,0.0
398,167282525,167283025,500,0,100.0,0.0
399,167283025,167283525,500,0,100.0,0.0
400,167283525,167284025,500,0,100.0,0.0
401,167284025,167284525,500,0,100.0,0.0
402,167284525,167285025,500,0,100.0,0.0
403,167285025,167285525,500,0,100.0,0.0
404,167285525,167286025,500,0,100.0,0.0
405,167286025,167286525,500,0,100.0,0.0
406,167286525,167287025,500,0,100.0,0.0
407,167287025,167287525,500,0,100.0,0.0
408,167287525,167288025,500,0,100.0,0.0
409,167288025,167288525,500,0,100.0,0.0
410,167288525,167289025,421,79,84.2,15.799999999999997
411,167289025,167289525,0,500,0.0,100.0
412,167289525,167290025,0,500,0.0,100.0
413,167290025,167290525,9,491,1.7999999999999998,98.2
414,167290525,167291025,32,468,6.4,93.6
415,167291025,167291525,0,500,0.0,100.0
416,167291525,167292025,6,494,1.2,98.8
417,167292025,167292525,0,500,0.0,100.0
418,167292525,167293025,0,500,0.0,100.0
419,167293025,167293525,5,495,1.0,99.0
420,167293525,167294025,0,500,0.0,100.0
421,167294025,167294525,6,494,1.2,98.8
422,167294525,167295025,0,500,0.0,100.0
423,167295025,167295525,45,455,9.0,91.0
424,167295525,167296025,34,466,6.800000000000001,93.2
425,167296025,167296525,0,500,0.0,100.0
426,167296525,167297025,5,495,1.0,99.0
427,167297025,167297525,0,500,0.0,100.0
428,167297525,167298025,5,495,1.0,99.0
429,167298025,167298525,0,500,0.0,100.0
430,167298525,167299025,6,494,1.2,98.8
431,167299025,167299525,0,500,0.0,100.0
432,167299525,167300025,8,492,1.6,98.4
433,167300025,167300525,0,500,0.0,100.0
434,167300525,167301025,5,495,1.0,99.0
435,167301025,167301525,0,500,0.0,100.0
436,167301525,167302025,0,500,0.0,100.0
437,167302025,167302525,0,500,0.0,100.0
438,167302525,167303025,7,493,1.4000000000000001,98.6
439,167303025,167303525,0,500,0.0,100.0
440,167303525,167304025,0,500,0.0,100.0
441,167304025,167304525,0,500,0.0,100.0
442,167304525,167305025,274,226,54.800000000000004,45.199999999999996
443,167305025,167305525,0,500,0.0,100.0
444,167305525,167306025,0,500,0.0,100.0
445,167306025,167306525,7,493,1.4000000000000001,98.6
446,167306525,167307025,0,500,0.0,100.0
447,167307025,167307525,0,500,0.0,100.0
448,167307525,167308025,7,493,1.4000000000000001,98.6
449,167308025,167308525,0,500,0.0,100.0
450,167308525,167309025,0,500,0.0,100.0
451,167309025,167309525,5,495,1.0,99.0
452,167309525,167310025,0,500,0.0,100.0
453,167310025,167310525,6,494,1.2,98.8
454,167310525,167311025,0,500,0.0,100.0
455,167311025,167311525,0,500,0.0,100.0
456,167311525,167312025,12,488,2.4,97.6
457,167312025,167312525,0,500,0.0,100.0
458,167312525,167313025,0,500,0.0,100.0
459,167313025,167313525,0,500,0.0,100.0
460,167313525,167314025,7,493,1.4000000000000001,98.6
461,167314025,167314525,0,500,0.0,100.0
462,167314525,167315025,0,500,0.0,100.0
463,167315025,167315525,11,489,2.1999999999999997,97.8
464,167315525,167316025,33,467,6.6000000000000005,93.4
465,167316025,167316525,0,500,0.0,100.0
466,167316525,167317025,0,500,0.0,100.0
467,167317025,167317525,0,500,0.0,100.0
468,167317525,167318025,0,500,0.0,100.0
469,167318025,167318525,0,500,0.0,100.0
470,167318525,167319025,0,500,0.0,100.0
471,167319025,167319525,0,500,0.0,100.0
472,167319525,167320025,0,500,0.0,100.0
473,167320025,167320525,0,500,0.0,100.0
474,167320525,167321025,12,488,2.4,97.6
475,167321025,167321525,0,500,0.0,100.0
476,167321525,167322025,0,500,0.0,100.0
477,167322025,167322525,0,500,0.0,100.0
478,167322525,167323025,0,500,0.0,100.0
479,167323025,167323525,0,500,0.0,100.0
480,167323525,167324025,8,492,1.6,98.4
481,167324025,167324525,0,500,0.0,100.0
482,167324525,167325025,0,500,0.0,100.0
483,167325025,167325525,7,493,1.4000000000000001,98.6
484,167325525,167326025,0,500,0.0,100.0
485,167326025,167326525,0,500,0.0,100.0
486,167326525,167327025,6,494,1.2,98.8
487,167327025,167327525,0,500,0.0,100.0
488,167327525,167328025,0,500,0.0,100.0
489,167328025,167328525,0,500,0.0,100.0
490,167328525,167329025,0,500,0.0,100.0
491,167329025,167329525,0,500,0.0,100.0
492,167329525,167330025,7,493,1.4000000000000001,98.6
493,167330025,167330525,0,500,0.0,100.0
494,167330525,167331025,6,494,1.2,98.8
495,167331025,167331525,0,500,0.0,100.0
496,167331525,167332025,0,500,0.0,100.0
497,167332025,167332525,0,500,0.0,100.0
498,167332525,167333025,44,456,8.799999999999999,91.2
499,167333025,167333525,0,500,0.0,100.0
500,167333525,167334025,0,500,0.0,100.0
501,167334025,167334525,0,500,0.0,100.0
502,167334525,167335025,7,493,1.4000000000000001,98.6
503,167335025,167335525,0,500,0.0,100.0
504,167335525,167336025,10,490,2.0,98.0
505,167336025,167336525,0,500,0.0,100.0
506,167336525,167337025,0,500,0.0,100.0
507,167337025,167337525,3,497,0.6,99.4
508,167337525,167338025,7,493,1.4000000000000001,98.6
509,167338025,167338525,0,500,0.0,100.0
510,167338525,167339025,6,494,1.2,98.8
511,167339025,167339525,0,500,0.0,100.0
512,167339525,167340025,0,500,0.0,100.0
513,167340025,167340525,0,500,0.0,100.0
514,167340525,167341025,10,490,2.0,98.0
515,167341025,167341525,0,500,0.0,100.0
516,167341525,167342025,0,500,0.0,100.0
517,167342025,167342525,50,450,10.0,90.0
518,167342525,167343025,274,226,54.800000000000004,45.199999999999996
519,167343025,167343525,0,500,0.0,100.0
520,167343525,167344025,0,500,0.0,100.0
521,167344025,167344525,0,500,0.0,100.0
522,167344525,167345025,0,500,0.0,100.0
523,167345025,167345525,0,500,0.0,100.0
524,167345525,167346025,0,500,0.0,100.0
525,167346025,167346525,0,500,0.0,100.0
526,167346525,167347025,9,491,1.7999999999999998,98.2
527,167347025,167347525,0,500,0.0,100.0
528,167347525,167348025,0,500,0.0,100.0
529,167348025,167348525,9,491,1.7999999999999998,98.2
530,167348525,167349025,0,500,0.0,100.0
531,167349025,167349525,0,500,0.0,100.0
532,167349525,167350025,6,494,1.2,98.8
533,167350025,167350525,0,500,0.0,100.0
534,167350525,167351025,0,500,0.0,100.0
535,167351025,167351525,0,500,0.0,100.0
536,167351525,167352025,14,486,2.8000000000000003,97.2
537,167352025,167352525,0,500,0.0,100.0
538,167352525,167353025,7,493,1.4000000000000001,98.6
539,167353025,167353525,0,500,0.0,100.0
540,167353525,167354025,0,500,0.0,100.0
541,167354025,167354525,0,500,0.0,100.0
542,167354525,167355025,439,61,87.8,12.200000000000003
543,167355025,167355525,500,0,100.0,0.0
544,167355525,167356025,500,0,100.0,0.0
545,167356025,167356525,500,0,100.0,0.0
546,167356525,167357025,500,0,100.0,0.0
547,167357025,167357525,500,0,100.0,0.0
548,167357525,167358025,500,0,100.0,0.0
549,167358025,167358525,500,0,100.0,0.0
550,167358525,167359025,500,0,100.0,0.0
551,167359025,167359525,500,0,100.0,0.0
552,167359525,167360025,500,0,100.0,0.0
553,167360025,167360525,500,0,100.0,0.0
554,167360525,167361025,500,0,100.0,0.0
555,167361025,167361525,500,0,100.0,0.0
556,167361525,167362025,500,0,100.0,0.0
557,167362025,167362525,500,0,100.0,0.0
558,167362525,167363025,500,0,100.0,0.0
559,167363025,167363525,500,0,100.0,0.0
560,167363525,167364025,500,0,100.0,0.0
561,167364025,167364525,500,0,100.0,0.0
562,167364525,167365025,500,0,100.0,0.0
563,167365025,167365525,500,0,100.0,0.0
564,167365525,167366025,500,0,100.0,0.0
565,167366025,167366525,500,0,100.0,0.0
566,167366525,167367025,500,0,100.0,0.0
567,167367025,167367525,500,0,100.0,0.0
568,167367525,167368025,500,0,100.0,0.0
569,167368025,167368525,500,0,100.0,0.0
570,167368525,167369025,500,0,100.0,0.0
571,167369025,167369525,500,0,100.0,0.0
572,167369525,167370025,500,0,100.0,0.0
573,167370025,167370525,500,0,100.0,0.0
574,167370525,167371025,500,0,100.0,0.0
575,167371025,167371525,500,0,100.0,0.0
576,167371525,167372025,500,0,100.0,0.0
577,167372025,167372525,500,0,100.0,0.0
578,167372525,167373025,500,0,100.0,0.0
579,167373025,167373525,500,0,100.0,0.0
580,167373525,167374025,500,0,100.0,0.0
581,167374025,167374525,500,0,100.0,0.0
582,167374525,167375025,500,0,100.0,0.0
583,167375025,167375525,500,0,100.0,0.0
584,167375525,167376025,500,0,100.0,0.0
585,167376025,167376525,500,0,100.0,0.0
586,167376525,167377025,500,0,100.0,0.0
587,167377025,167377525,500,0,100.0,0.0
588,167377525,167378025,500,0,100.0,0.0
589,167378025,167378525,500,0,100.0,0.0
590,167378525,167379025,500,0,100.0,0.0
591,167379025,167379525,500,0,100.0,0.0
592,167379525,167380025,500,0,100.0,0.0
593,167380025,167380525,500,0,100.0,0.0
594,167380525,167381025,500,0,100.0,0.0
595,167381025,167381525,500,0,100.0,0.0
596,167381525,167382025,500,0,100.0,0.0
597,167382025,167382525,500,0,100.0,0.0
598,167382525,167383025,500,0,100.0,0.0
599,167383025,167383525,500,0,100.0,0.0
600,167383525,167384025,500,0,100.0,0.0
601,167384025,167384525,500,0,100.0,0.0
602,167384525,167385025,500,0,100.0,0.0
603,167385025,167385525,500,0,100.0,0.0
604,167385525,167386025,500,0,100.0,0.0
605,167386025,167386525,500,0,100.0,0.0
606,167386525,167387025,500,0,100.0,0.0
607,167387025,167387525,500,0,100.0,0.0
608,167387525,167388025,500,0,100.0,0.0
609,167388025,167388525,500,0,100.0,0.0
610,167388525,167389025,500,0,100.0,0.0
611,167389025,167389525,500,0,100.0,0.0
612,167389525,167390025,500,0,100.0,0.0
613,167390025,167390525,500,0,100.0,0.0
614,167390525,167391025,500,0,100.0,0.0
615,167391025,167391525,500,0,100.0,0.0
616,167391525,167392025,500,0,100.0,0.0
617,167392025,167392525,500,0,100.0,0.0
618,167392525,167393025,500,0,100.0,0.0
619,167393025,167393525,500,0,100.0,0.0
620,167393525,167394025,500,0,100.0,0.0
621,167394025,167394525,500,0,100.0,0.0
622,167394525,167395025,500,0,100.0,0.0
623,167395025,167395525,500,0,100.0,0.0
624,167395525,167396025,500,0,100.0,0.0
625,167396025,167396525,500,0,100.0,0.0
626,167396525,167397025,500,0,100.0,0.0
627,167397025,167397525,500,0,100.0,0.0
628,167397525,167398025,500,0,100.0,0.0
629,167398025,167398525,500,0,100.0,0.0
630,167398525,167399025,500,0,100.0,0.0
631,167399025,167399525,500,0,100.0,0.0
632,167399525,167400025,500,0,100.0,0.0
633,167400025,167400525,500,0,100.0,0.0
634,167400525,167401025,500,0,100.0,0.0
635,167401025,167401525,500,0,100.0,0.0
636,167401525,167402025,500,0,100.0,0.0
637,167402025,167402525,500,0,100.0,0.0
638,167402525,167403025,500,0,100.0,0.0
639,167403025,167403525,500,0,100.0,0.0
640,167403525,167404025,500,0,100.0,0.0
641,167404025,167404525,500,0,100.0,0.0
642,167404525,167405025,500,0,100.0,0.0
643,167405025,167405525,500,0,100.0,0.0
644,167405525,167406025,500,0,100.0,0.0
645,167406025,167406525,500,0,100.0,0.0
646,167406525,167407025,500,0,100.0,0.0
647,167407025,167407525,500,0,100.0,0.0
648,167407525,167408025,500,0,100.0,0.0
649,167408025,167408525,500,0,100.0,0.0
650,167408525,167409025,500,0,100.0,0.0
651,167409025,167409525,500,0,100.0,0.0
652,167409525,167410025,500,0,100.0,0.0
653,167410025,167410525,500,0,100.0,0.0
654,167410525,167411025,500,0,100.0,0.0
655,167411025,167411525,500,0,100.0,0.0
656,167411525,167412025,500,0,100.0,0.0
657,167412025,167412525,500,0,100.0,0.0
658,167412525,167413025,500,0,100.0,0.0
659,167413025,167413525,500,0,100.0,0.0
660,167413525,167414025,500,0,100.0,0.0
661,167414025,167414525,500,0,100.0,0.0
662,167414525,167415025,500,0,100.0,0.0
663,167415025,167415525,500,0,100.0,0.0
664,167415525,167416025,500,0,100.0,0.0
665,167416025,167416525,500,0,100.0,0.0
666,167416525,167417025,500,0,100.0,0.0
667,167417025,167417525,500,0,100.0,0.0
668,167417525,167418025,500,0,100.0,0.0
669,167418025,167418525,500,0,100.0,0.0
670,167418525,167419025,500,0,100.0,0.0
671,167419025,167419525,500,0,100.0,0.0
672,167419525,167420025,500,0,100.0,0.0
673,167420025,167420525,500,0,100.0,0.0
674,167420525,167421025,500,0,100.0,0.0
675,167421025,167421525,500,0,100.0,0.0
676,167421525,167422025,500,0,100.0,0.0
677,167422025,167422525,500,0,100.0,0.0
678,167422525,167423025,500,0,100.0,0.0
679,167423025,167423525,500,0,100.0,0.0
680,167423525,167424025,500,0,100.0,0.0
681,167424025,167424525,500,0,100.0,0.0
682,167424525,167425025,500,0,100.0,0.0
683,167425025,167425525,500,0,100.0,0.0
684,167425525,167426025,500,0,100.0,0.0
685,167426025,167426525,500,0,100.0,0.0
686,167426525,167427025,500,0,100.0,0.0
687,167427025,167427525,500,0,100.0,0.0
688,167427525,167428025,500,0,100.0,0.0
689,167428025,167428525,500,0,100.0,0.0
690,167428525,167429025,500,0,100.0,0.0
691,167429025,167429525,500,0,100.0,0.0
692,167429525,167430025,500,0,100.0,0.0
693,167430025,167430525,500,0,100.0,0.0
694,167430525,167431025,500,0,100.0,0.0
695,167431025,167431525,500,0,100.0,0.0
696,167431525,167432025,500,0,100.0,0.0
697,167432025,167432525,500,0,100.0,0.0
698,167432525,167433025,500,0,100.0,0.0
699,167433025,167433525,500,0,100.0,0.0
700,167433525,167434025,500,0,100.0,0.0
701,167434025,167434525,500,0,100.0,0.0
702,167434525,167435025,500,0,100.0,0.0
703,167435025,167435525,500,0,100.0,0.0
704,167435525,167436025,500,0,100.0,0.0
705,167436025,167436525,500,0,100.0,0.0
706,167436525,167437025,500,0,100.0,0.0
707,167437025,167437525,500,0,100.0,0.0
708,167437525,167438025,500,0,100.0,0.0
709,167438025,167438525,500,0,100.0,0.0
710,167438525,167439025,500,0,100.0,0.0
711,167439025,167439525,500,0,100.0,0.0
712,167439525,167440025,500,0,100.0,0.0
713,167440025,167440525,500,0,100.0,0.0
714,167440525,167441025,500,0,100.0,0.0
715,167441025,167441525,500,0,100.0,0.0
716,167441525,167442025,500,0,100.0,0.0
717,167442025,167442525,500,0,100.0,0.0
718,167442525,167443025,500,0,100.0,0.0
719,167443025,167443525,500,0,100.0,0.0
720,167443525,167444025,500,0,100.0,0.0
721,167444025,167444525,500,0,100.0,0.0
722,167444525,167445025,500,0,100.0,0.0
723,167445025,167445525,500,0,100.0,0.0
724,167445525,167446025,500,0,100.0,0.0
725,167446025,167446525,500,0,100.0,0.0
726,167446525,167447025,500,0,100.0,0.0
727,167447025,167447525,500,0,100.0,0.0
728,167447525,167448025,500,0,100.0,0.0
729,167448025,167448525,500,0,100.0,0.0
730,167448525,167449025,500,0,100.0,0.0
731,167449025,167449525,500,0,100.0,0.0
732,167449525,167450025,500,0,100.0,0.0
733,167450025,167450525,500,0,100.0,0.0
734,167450525,167451025,500,0,100.0,0.0
735,167451025,167451525,500,0,100.0,0.0
736,167451525,167452025,500,0,100.0,0.0
737,167452025,167452525,500,0,100.0,0.0
738,167452525,167453025,500,0,100.0,0.0
739,167453025,167453525,500,0,100.0,0.0
740,167453525,167454025,500,0,100.0,0.0
741,167454025,167454525,500,0,100.0,0.0
742,167454525,167455025,500,0,100.0,0.0
743,167455025,167455525,500,0,100.0,0.0
744,167455525,167456025,500,0,100.0,0.0
745,167456025,167456525,500,0,100.0,0.0
746,167456525,167457025,500,0,100.0,0.0
747,167457025,167457525,500,0,100.0,0.0
748,167457525,167458025,500,0,100.0,0.0
749,167458025,167458525,500,0,100.0,0.0
750,167458525,167459025,500,0,100.0,0.0
751,167459025,167459525,500,0,100.0,0.0
752,167459525,167460025,500,0,100.0,0.0
753,167460025,167460525,500,0,100.0,0.0
754,167460525,167461025,500,0,100.0,0.0
755,167461025,167461525,500,0,100.0,0.0
756,167461525,167462025,500,0,100.0,0.0
757,167462025,167462525,500,0,100.0,0.0
758,167462525,167463025,500,0,100.0,0.0
759,167463025,167463525,500,0,100.0,0.0
760,167463525,167464025,500,0,100.0,0.0
761,167464025,167464525,500,0,100.0,0.0
762,167464525,167465025,500,0,100.0,0.0
763,167465025,167465525,500,0,100.0,0.0
764,167465525,167466025,500,0,100.0,0.0
765,167466025,167466525,500,0,100.0,0.0
766,167466525,167467025,500,0,100.0,0.0
767,167467025,167467525,500,0,100.0,0.0
768,167467525,167468025,500,0,100.0,0.0
769,167468025,167468525,500,0,100.0,0.0
770,167468525,167469025,500,0,100.0,0.0
771,167469025,167469525,500,0,100.0,0.0
772,167469525,167470025,500,0,100.0,0.0
773,167470025,167470525,500,0,100.0,0.0
774,167470525,167471025,500,0,100.0,0.0
775,167471025,167471525,500,0,100.0,0.0
776,167471525,167472025,492,8,98.4,1.5999999999999943
777,167472025,167472525,29,471,5.800000000000001,94.2
778,167472525,167473025,2,498,0.4,99.6
779,167473025,167473525,41,459,8.200000000000001,91.8
780,167473525,167474025,15,485,3.0,97.0
781,167474025,167474525,4,496,0.8,99.2
782,167474525,167475025,7,493,1.4000000000000001,98.6
783,167475025,167475525,35,465,7.000000000000001,93.0
784,167475525,167476025,4,496,0.8,99.2
785,167476025,167476525,5,495,1.0,99.0
786,167476525,167477025,0,500,0.0,100.0
787,167477025,167477525,24,476,4.8,95.2
788,167477525,167478025,0,500,0.0,100.0
789,167478025,167478525,6,494,1.2,98.8
790,167478525,167479025,3,497,0.6,99.4
791,167479025,167479525,7,493,1.4000000000000001,98.6
792,167479525,167480025,1,499,0.2,99.8
793,167480025,167480525,6,494,1.2,98.8
794,167480525,167481025,0,500,0.0,100.0
795,167481025,167481525,0,500,0.0,100.0
796,167481525,167482025,35,465,7.000000000000001,93.0
797,167482025,167482525,0,500,0.0,100.0
798,167482525,167483025,0,500,0.0,100.0
799,167483025,167483525,0,500,0.0,100.0
800,167483525,167484025,12,488,2.4,97.6
801,167484025,167484525,0,500,0.0,100.0
802,167484525,167485025,4,496,0.8,99.2
803,167485025,167485525,3,497,0.6,99.4
804,167485525,167486025,99,401,19.8,80.2
805,167486025,167486525,111,389,22.2,77.8
806,167486525,167487025,2,498,0.4,99.6
807,167487025,167487525,114,386,22.8,77.2
808,167487525,167488025,500,0,100.0,0.0
809,167488025,167488525,500,0,100.0,0.0
810,167488525,167489025,500,0,100.0,0.0
811,167489025,167489525,500,0,100.0,0.0
812,167489525,167490025,500,0,100.0,0.0
813,167490025,167490525,500,0,100.0,0.0
814,167490525,167491025,500,0,100.0,0.0
815,167491025,167491525,500,0,100.0,0.0
816,167491525,167492025,500,0,100.0,0.0
817,167492025,167492525,500,0,100.0,0.0
818,167492525,167493025,500,0,100.0,0.0
819,167493025,167493525,500,0,100.0,0.0
820,167493525,167494025,500,0,100.0,0.0
821,167494025,167494525,500,0,100.0,0.0
822,167494525,167495025,500,0,100.0,0.0
823,167495025,167495525,500,0,100.0,0.0
824,167495525,167496025,500,0,100.0,0.0
825,167496025,167496525,500,0,100.0,0.0
826,167496525,167497025,500,0,100.0,0.0
827,167497025,167497525,500,0,100.0,0.0
828,167497525,167498025,500,0,100.0,0.0
829,167498025,167498525,500,0,100.0,0.0
830,167498525,167499025,500,0,100.0,0.0
831,167499025,167499525,500,0,100.0,0.0
832,167499525,167500025,500,0,100.0,0.0
833,167500025,167500525,500,0,100.0,0.0
834,167500525,167501025,500,0,100.0,0.0
835,167501025,167501525,500,0,100.0,0.0
836,167501525,167502025,500,0,100.0,0.0
837,167502025,167502525,500,0,100.0,0.0
838,167502525,167503025,500,0,100.0,0.0
839,167503025,167503525,500,0,100.0,0.0
840,167503525,167504025,500,0,100.0,0.0
841,167504025,167504525,500,0,100.0,0.0
842,167504525,167505025,500,0,100.0,0.0
843,167505025,167505525,500,0,100.0,0.0
844,167505525,167506025,500,0,100.0,0.0
845,167506025,167506525,500,0,100.0,0.0
846,167506525,167507025,500,0,100.0,0.0
847,167507025,167507525,500,0,100.0,0.0
848,167507525,167508025,500,0,100.0,0.0
849,167508025,167508525,500,0,100.0,0.0
850,167508525,167509025,500,0,100.0,0.0
851,167509025,167509525,500,0,100.0,0.0
852,167509525,167510025,500,0,100.0,0.0
853,167510025,167510525,500,0,100.0,0.0
854,167510525,167511025,500,0,100.0,0.0
855,167511025,167511525,500,0,100.0,0.0
856,167511525,167512025,500,0,100.0,0.0
857,167512025,167512525,500,0,100.0,0.0
858,167512525,167513025,500,0,100.0,0.0
859,167513025,167513525,500,0,100.0,0.0
860,167513525,167514025,500,0,100.0,0.0
861,167514025,167514525,500,0,100.0,0.0
862,167514525,167515025,500,0,100.0,0.0
863,167515025,167515525,500,0,100.0,0.0
864,167515525,167516025,500,0,100.0,0.0
865,167516025,167516525,500,0,100.0,0.0
866,167516525,167517025,500,0,100.0,0.0
867,167517025,167517525,500,0,100.0,0.0
868,167517525,167518025,500,0,100.0,0.0
869,167518025,167518525,500,0,100.0,0.0
870,167518525,167519025,500,0,100.0,0.0
871,167519025,167519525,500,0,100.0,0.0
872,167519525,167520025,500,0,100.0,0.0
873,167520025,167520525,500,0,100.0,0.0
874,167520525,167521025,500,0,100.0,0.0
875,167521025,167521525,500,0,100.0,0.0
876,167521525,167522025,500,0,100.0,0.0
877,167522025,167522525,500,0,100.0,0.0
878,167522525,167523025,500,0,100.0,0.0
879,167523025,167523525,500,0,100.0,0.0
880,167523525,167524025,500,0,100.0,0.0
881,167524025,167524525,500,0,100.0,0.0
882,167524525,167525025,500,0,100.0,0.0
883,167525025,167525525,500,0,100.0,0.0
884,167525525,167526025,500,0,100.0,0.0
885,167526025,167526525,500,0,100.0,0.0
886,167526525,167527025,500,0,100.0,0.0
887,167527025,167527525,500,0,100.0,0.0
888,167527525,167528025,500,0,100.0,0.0
889,167528025,167528525,500,0,100.0,0.0
890,167528525,167529025,500,0,100.0,0.0
891,167529025,167529525,500,0,100.0,0.0
892,167529525,167530025,500,0,100.0,0.0
893,167530025,167530525,500,0,100.0,0.0
894,167530525,167531025,500,0,100.0,0.0
895,167531025,167531525,500,0,100.0,0.0
896,167531525,167532025,500,0,100.0,0.0
897,167532025,167532525,500,0,100.0,0.0
898,167532525,167533025,500,0,100.0,0.0
899,167533025,167533525,500,0,100.0,0.0
900,167533525,167534025,500,0,100.0,0.0
901,167534025,167534525,500,0,100.0,0.0
902,167534525,167535025,500,0,100.0,0.0
903,167535025,167535525,500,0,100.0,0.0
904,167535525,167536025,500,0,100.0,0.0
905,167536025,167536525,500,0,100.0,0.0
906,167536525,167537025,500,0,100.0,0.0
907,167537025,167537525,500,0,100.0,0.0
908,167537525,167538025,500,0,100.0,0.0
909,167538025,167538525,500,0,100.0,0.0
910,167538525,167539025,500,0,100.0,0.0
911,167539025,167539525,166,334,33.2,66.8
912,167539525,167540025,18,482,3.5999999999999996,96.4
913,167540025,167540525,33,467,6.6000000000000005,93.4
914,167540525,167541025,2,498,0.4,99.6
915,167541025,167541525,4,496,0.8,99.2
916,167541525,167542025,19,481,3.8,96.2
917,167542025,167542525,6,494,1.2,98.8
918,167542525,167543025,4,496,0.8,99.2
919,167543025,167543525,12,488,2.4,97.6
920,167543525,167544025,2,498,0.4,99.6
921,167544025,167544525,3,497,0.6,99.4
922,167544525,167545025,14,486,2.8000000000000003,97.2
923,167545025,167545525,1,499,0.2,99.8
924,167545525,167546025,6,494,1.2,98.8
925,167546025,167546525,0,500,0.0,100.0
926,167546525,167547025,4,496,0.8,99.2
927,167547025,167547525,3,497,0.6,99.4
928,167547525,167548025,140,360,28.000000000000004,72.0
929,167548025,167548525,6,494,1.2,98.8
930,167548525,167549025,2,498,0.4,99.6
931,167549025,167549525,243,257,48.6,51.4
932,167549525,167550025,500,0,100.0,0.0
933,167550025,167550525,500,0,100.0,0.0
934,167550525,167551025,500,0,100.0,0.0
935,167551025,167551525,500,0,100.0,0.0
936,167551525,167552025,500,0,100.0,0.0
937,167552025,167552525,500,0,100.0,0.0
938,167552525,167553025,500,0,100.0,0.0
939,167553025,167553525,500,0,100.0,0.0
940,167553525,167554025,500,0,100.0,0.0
941,167554025,167554525,500,0,100.0,0.0
942,167554525,167555025,500,0,100.0,0.0
943,167555025,167555525,500,0,100.0,0.0
944,167555525,167556025,500,0,100.0,0.0
945,167556025,167556525,500,0,100.0,0.0
946,167556525,167557025,500,0,100.0,0.0
947,167557025,167557525,500,0,100.0,0.0
948,167557525,167558025,500,0,100.0,0.0
949,167558025,167558525,500,0,100.0,0.0
950,167558525,167559025,500,0,100.0,0.0
951,167559025,167559525,500,0,100.0,0.0
952,167559525,167560025,500,0,100.0,0.0
953,167560025,167560525,500,0,100.0,0.0
954,167560525,167561025,500,0,100.0,0.0
955,167561025,167561525,500,0,100.0,0.0
956,167561525,167562025,500,0,100.0,0.0
957,167562025,167562525,500,0,100.0,0.0
958,167562525,167563025,500,0,100.0,0.0
959,167563025,167563525,500,0,100.0,0.0
960,167563525,167564025,500,0,100.0,0.0
961,167564025,167564525,500,0,100.0,0.0
962,167564525,167565025,500,0,100.0,0.0
963,167565025,167565525,500,0,100.0,0.0
964,167565525,167566025,500,0,100.0,0.0
965,167566025,167566525,500,0,100.0,0.0
966,167566525,167567025,500,0,100.0,0.0
967,167567025,167567525,500,0,100.0,0.0
968,167567525,167568025,500,0,100.0,0.0
969,167568025,167568525,500,0,100.0,0.0
970,167568525,167569025,500,0,100.0,0.0
971,167569025,167569525,500,0,100.0,0.0
972,167569525,167570025,500,0,100.0,0.0
973,167570025,167570525,500,0,100.0,0.0
974,167570525,167571025,500,0,100.0,0.0
975,167571025,167571525,500,0,100.0,0.0
976,167571525,167572025,500,0,100.0,0.0
977,167572025,167572525,500,0,100.0,0.0
978,167572525,167573025,500,0,100.0,0.0
979,167573025,167573525,500,0,100.0,0.0
980,167573525,167574025,500,0,100.0,0.0
981,167574025,167574525,500,0,100.0,0.0
982,167574525,167575025,500,0,100.0,0.0
983,167575025,167575525,500,0,100.0,0.0
984,167575525,167576025,500,0,100.0,0.0
985,167576025,167576525,500,0,100.0,0.0
986,167576525,167577025,500,0,100.0,0.0
987,167577025,167577525,500,0,100.0,0.0
988,167577525,167578025,500,0,100.0,0.0
989,167578025,167578525,500,0,100.0,0.0
990,167578525,167579025,500,0,100.0,0.0
991,167579025,167579525,500,0,100.0,0.0
992,167579525,167580025,500,0,100.0,0.0
993,167580025,167580525,500,0,100.0,0.0
994,167580525,167581025,500,0,100.0,0.0
995,167581025,167581525,500,0,100.0,0.0
996,167581525,167582025,500,0,100.0,0.0
997,167582025,167582525,500,0,100.0,0.0
998,167582525,167583025,500,0,100.0,0.0
999,167583025,167583525,500,0,100.0,0.0
1000,167583525,167584025,500,0,100.0,0.0
1001,167584025,167584525,500,0,100.0,0.0
1002,167584525,167585025,500,0,100.0,0.0
1003,167585025,167585525,500,0,100.0,0.0
1004,167585525,167586025,500,0,100.0,0.0
1005,167586025,167586525,500,0,100.0,0.0
1006,167586525,167587025,500,0,100.0,0.0
1007,167587025,167587525,500,0,100.0,0.0
1008,167587525,167588025,500,0,100.0,0.0
1009,167588025,167588525,500,0,100.0,0.0
1010,167588525,167589025,500,0,100.0,0.0
1011,167589025,167589525,91,409,18.2,81.8
1012,167589525,167590025,5,495,1.0,99.0
1013,167590025,167590525,27,473,5.4,94.6
1014,167590525,167591025,5,495,1.0,99.0
1015,167591025,167591525,14,486,2.8000000000000003,97.2
1016,167591525,167592025,4,496,0.8,99.2
1017,167592025,167592525,9,491,1.7999999999999998,98.2
1018,167592525,167593025,5,495,1.0,99.0
1019,167593025,167593525,3,497,0.6,99.4
1020,167593525,167594025,15,485,3.0,97.0
1021,167594025,167594525,4,496,0.8,99.2
1022,167594525,167595025,1,499,0.2,99.8
1023,167595025,167595525,125,375,25.0,75.0
1024,167595525,167596025,2,498,0.4,99.6
1025,167596025,167596525,5,495,1.0,99.0
1026,167596525,167597025,500,0,100.0,0.0
1027,167597025,167597525,500,0,100.0,0.0
1028,167597525,167598025,500,0,100.0,0.0
1029,167598025,167598525,500,0,100.0,0.0
1030,167598525,167599025,500,0,100.0,0.0
1031,167599025,167599525,500,0,100.0,0.0
1032,167599525,167600025,500,0,100.0,0.0
1033,167600025,167600525,500,0,100.0,0.0
1034,167600525,167601025,500,0,100.0,0.0
1035,167601025,167601525,500,0,100.0,0.0
1036,167601525,167602025,500,0,100.0,0.0
1037,167602025,167602525,500,0,100.0,0.0
1038,167602525,167603025,500,0,100.0,0.0
1039,167603025,167603525,500,0,100.0,0.0
1040,167603525,167604025,500,0,100.0,0.0
1041,167604025,167604525,500,0,100.0,0.0
1042,167604525,167605025,500,0,100.0,0.0
1043,167605025,167605525,500,0,100.0,0.0
1044,167605525,167606025,500,0,100.0,0.0
1045,167606025,167606525,500,0,100.0,0.0
1046,167606525,167607025,500,0,100.0,0.0
1047,167607025,167607525,500,0,100.0,0.0
1048,167607525,167608025,500,0,100.0,0.0
1049,167608025,167608525,500,0,100.0,0.0
1050,167608525,167609025,500,0,100.0,0.0
1051,167609025,167609525,500,0,100.0,0.0
1052,167609525,167610025,500,0,100.0,0.0
1053,167610025,167610525,500,0,100.0,0.0
1054,167610525,167611025,500,0,100.0,0.0
1055,167611025,167611525,500,0,100.0,0.0
1056,167611525,167612025,500,0,100.0,0.0
1057,167612025,167612525,500,0,100.0,0.0
1058,167612525,167613025,500,0,100.0,0.0
1059,167613025,167613525,500,0,100.0,0.0
1060,167613525,167614025,500,0,100.0,0.0
1061,167614025,167614525,500,0,100.0,0.0
1062,167614525,167615025,500,0,100.0,0.0
1063,167615025,167615525,500,0,100.0,0.0
1064,167615525,167616025,500,0,100.0,0.0
1065,167616025,167616525,500,0,100.0,0.0
1066,167616525,167617025,500,0,100.0,0.0
1067,167617025,167617525,500,0,100.0,0.0
1068,167617525,167618025,500,0,100.0,0.0
1069,167618025,167618525,500,0,100.0,0.0
1070,167618525,167619025,500,0,100.0,0.0
1071,167619025,167619525,500,0,100.0,0.0
1072,167619525,167620025,500,0,100.0,0.0
1073,167620025,167620525,500,0,100.0,0.0
1074,167620525,167621025,500,0,100.0,0.0
1075,167621025,167621525,500,0,100.0,0.0
1076,167621525,167622025,500,0,100.0,0.0
1077,167622025,167622525,500,0,100.0,0.0
1078,167622525,167623025,500,0,100.0,0.0
1079,167623025,167623525,500,0,100.0,0.0
1080,167623525,167624025,500,0,100.0,0.0
1081,167624025,167624525,500,0,100.0,0.0
1082,167624525,167625025,500,0,100.0,0.0
1083,167625025,167625525,500,0,100.0,0.0
1084,167625525,167626025,500,0,100.0,0.0
1085,167626025,167626525,500,0,100.0,0.0
1086,167626525,167627025,500,0,100.0,0.0
1087,167627025,167627525,500,0,100.0,0.0
1088,167627525,167628025,500,0,100.0,0.0
1089,167628025,167628525,500,0,100.0,0.0
1090,167628525,167629025,500,0,100.0,0.0
1091,167629025,167629525,500,0,100.0,0.0
1092,167629525,167630025,500,0,100.0,0.0
1093,167630025,167630525,500,0,100.0,0.0
1094,167630525,167631025,500,0,100.0,0.0
1095,167631025,167631525,475,25,95.0,5.0
1096,167631525,167632025,0,500,0.0,100.0
1097,167632025,167632525,4,496,0.8,99.2
1098,167632525,167633025,0,500,0.0,100.0
1099,167633025,167633525,59,441,11.799999999999999,88.2
1100,167633525,167634025,1,499,0.2,99.8
1101,167634025,167634525,33,467,6.6000000000000005,93.4
1102,167634525,167635025,4,496,0.8,99.2
1103,167635025,167635525,17,483,3.4000000000000004,96.6
1104,167635525,167636025,4,496,0.8,99.2
1105,167636025,167636525,13,487,2.6,97.4
1106,167636525,167637025,2,498,0.4,99.6
1107,167637025,167637525,3,497,0.6,99.4
1108,167637525,167638025,15,485,3.0,97.0
1109,167638025,167638525,82,418,16.400000000000002,83.6
1110,167638525,167639025,36,464,7.199999999999999,92.8
1111,167639025,167639525,35,465,7.000000000000001,93.0
1112,167639525,167640025,500,0,100.0,0.0
1113,167640025,167640525,500,0,100.0,0.0
1114,167640525,167641025,500,0,100.0,0.0
1115,167641025,167641525,500,0,100.0,0.0
1116,167641525,167642025,500,0,100.0,0.0
1117,167642025,167642525,500,0,100.0,0.0
1118,167642525,167643025,500,0,100.0,0.0
1119,167643025,167643525,500,0,100.0,0.0
1120,167643525,167644025,500,0,100.0,0.0
1121,167644025,167644525,500,0,100.0,0.0
1122,167644525,167645025,500,0,100.0,0.0
1123,167645025,167645525,500,0,100.0,0.0
1124,167645525,167646025,500,0,100.0,0.0
1125,167646025,167646525,500,0,100.0,0.0
1126,167646525,167647025,500,0,100.0,0.0
1127,167647025,167647525,500,0,100.0,0.0
1128,167647525,167648025,500,0,100.0,0.0
1129,167648025,167648525,500,0,100.0,0.0
1130,167648525,167649025,500,0,100.0,0.0
1131,167649025,167649525,500,0,100.0,0.0
1132,167649525,167650025,500,0,100.0,0.0
1133,167650025,167650525,500,0,100.0,0.0
1134,167650525,167651025,500,0,100.0,0.0
1135,167651025,167651525,500,0,100.0,0.0
1136,167651525,167652025,500,0,100.0,0.0
1137,167652025,167652525,500,0,100.0,0.0
1138,167652525,167653025,500,0,100.0,0.0
1139,167653025,167653525,500,0,100.0,0.0
1140,167653525,167654025,500,0,100.0,0.0
1141,167654025,167654525,500,0,100.0,0.0
1142,167654525,167655025,500,0,100.0,0.0
1143,167655025,167655525,500,0,100.0,0.0
1144,167655525,167656025,500,0,100.0,0.0
1145,167656025,167656525,500,0,100.0,0.0
1146,167656525,167657025,500,0,100.0,0.0
1147,167657025,167657525,500,0,100.0,0.0
1148,167657525,167658025,500,0,100.0,0.0
1149,167658025,167658525,500,0,100.0,0.0
1150,167658525,167659025,500,0,100.0,0.0
1151,167659025,167659525,500,0,100.0,0.0
1152,167659525,167660025,500,0,100.0,0.0
1153,167660025,167660525,500,0,100.0,0.0
1154,167660525,167661025,500,0,100.0,0.0
1155,167661025,167661525,500,0,100.0,0.0
1156,167661525,167662025,500,0,100.0,0.0
1157,167662025,167662525,500,0,100.0,0.0
1158,167662525,167663025,500,0,100.0,0.0
1159,167663025,167663525,500,0,100.0,0.0
1160,167663525,167664025,500,0,100.0,0.0
1161,167664025,167664525,500,0,100.0,0.0
1162,167664525,167665025,500,0,100.0,0.0
1163,167665025,167665525,500,0,100.0,0.0
1164,167665525,167666025,500,0,100.0,0.0
1165,167666025,167666525,500,0,100.0,0.0
1166,167666525,167667025,500,0,100.0,0.0
1167,167667025,167667525,500,0,100.0,0.0
1168,167667525,167668025,500,0,100.0,0.0
1169,167668025,167668525,500,0,100.0,0.0
1170,167668525,167669025,500,0,100.0,0.0
1171,167669025,167669525,500,0,100.0,0.0
1172,167669525,167670025,500,0,100.0,0.0
1173,167670025,167670525,500,0,100.0,0.0
1174,167670525,167671025,500,0,100.0,0.0
1175,167671025,167671525,500,0,100.0,0.0
1176,167671525,167672025,500,0,100.0,0.0
1177,167672025,167672525,500,0,100.0,0.0
1178,167672525,167673025,500,0,100.0,0.0
1179,167673025,167673525,500,0,100.0,0.0
1180,167673525,167674025,500,0,100.0,0.0
1181,167674025,167674525,500,0,100.0,0.0
1182,167674525,167675025,173,327,34.599999999999994,65.4
1183,167675025,167675525,14,486,2.8000000000000003,97.2
1184,167675525,167676025,24,476,4.8,95.2
1185,167676025,167676525,5,495,1.0,99.0
1186,167676525,167677025,13,487,2.6,97.4
1187,167677025,167677525,5,495,1.0,99.0
1188,167677525,167678025,8,492,1.6,98.4
1189,167678025,167678525,4,496,0.8,99.2
1190,167678525,167679025,11,489,2.1999999999999997,97.8
1191,167679025,167679525,5,495,1.0,99.0
1192,167679525,167680025,0,500,0.0,100.0
1193,167680025,167680525,5,495,1.0,99.0
1194,167680525,167681025,113,387,22.6,77.4
1195,167681025,167681525,5,495,1.0,99.0
1196,167681525,167682025,2,498,0.4,99.6
1197,167682025,167682525,4,496,0.8,99.2
1198,167682525,167683025,341,159,68.2,31.799999999999997
1199,167683025,167683525,500,0,100.0,0.0
1200,167683525,167684025,500,0,100.0,0.0
1201,167684025,167684525,500,0,100.0,0.0
1202,167684525,167685025,500,0,100.0,0.0
1203,167685025,167685525,500,0,100.0,0.0
1204,167685525,167686025,500,0,100.0,0.0
1205,167686025,167686525,500,0,100.0,0.0
1206,167686525,167687025,500,0,100.0,0.0
1207,167687025,167687525,500,0,100.0,0.0
1208,167687525,167688025,500,0,100.0,0.0
1209,167688025,167688525,500,0,100.0,0.0
1210,167688525,167689025,500,0,100.0,0.0
1211,167689025,167689525,500,0,100.0,0.0
1212,167689525,167690025,500,0,100.0,0.0
1213,167690025,167690525,500,0,100.0,0.0
1214,167690525,167691025,500,0,100.0,0.0
1215,167691025,167691525,500,0,100.0,0.0
1216,167691525,167692025,500,0,100.0,0.0
1217,167692025,167692525,500,0,100.0,0.0
1218,167692525,167693025,500,0,100.0,0.0
1219,167693025,167693525,500,0,100.0,0.0
1220,167693525,167694025,500,0,100.0,0.0
1221,167694025,167694525,500,0,100.0,0.0
1222,167694525,167695025,500,0,100.0,0.0
1223,167695025,167695525,500,0,100.0,0.0
1224,167695525,167696025,500,0,100.0,0.0
1225,167696025,167696525,500,0,100.0,0.0
1226,167696525,167697025,500,0,100.0,0.0
1227,167697025,167697525,500,0,100.0,0.0
1228,167697525,167698025,500,0,100.0,0.0
1229,167698025,167698525,500,0,100.0,0.0
1230,167698525,167699025,500,0,100.0,0.0
1231,167699025,167699525,500,0,100.0,0.0
1232,167699525,167700025,500,0,100.0,0.0
1233,167700025,167700525,500,0,100.0,0.0
1234,167700525,167701025,500,0,100.0,0.0
1235,167701025,167701525,500,0,100.0,0.0
1236,167701525,167702025,500,0,100.0,0.0
1237,167702025,167702525,500,0,100.0,0.0
1238,167702525,167703025,500,0,100.0,0.0
1239,167703025,167703525,500,0,100.0,0.0
1240,167703525,167704025,500,0,100.0,0.0
1241,167704025,167704525,500,0,100.0,0.0
1242,167704525,167705025,500,0,100.0,0.0
1243,167705025,167705525,500,0,100.0,0.0
1244,167705525,167706025,500,0,100.0,0.0
1245,167706025,167706525,500,0,100.0,0.0
1246,167706525,167707025,500,0,100.0,0.0
1247,167707025,167707525,500,0,100.0,0.0
1248,167707525,167708025,500,0,100.0,0.0
1249,167708025,167708525,500,0,100.0,0.0
1250,167708525,167709025,500,0,100.0,0.0
1251,167709025,167709525,500,0,100.0,0.0
1252,167709525,167710025,500,0,100.0,0.0
1253,167710025,167710525,500,0,100.0,0.0
1254,167710525,167711025,500,0,100.0,0.0
1255,167711025,167711525,500,0,100.0,0.0
1256,167711525,167712025,500,0,100.0,0.0
1257,167712025,167712525,500,0,100.0,0.0
1258,167712525,167713025,500,0,100.0,0.0
1259,167713025,167713525,500,0,100.0,0.0
1260,167713525,167714025,500,0,100.0,0.0
1261,167714025,167714525,500,0,100.0,0.0
1262,167714525,167715025,500,0,100.0,0.0
1263,167715025,167715525,339,161,67.80000000000001,32.19999999999999
1264,167715525,167716025,13,487,2.6,97.4
1265,167716025,167716525,31,469,6.2,93.8
1266,167716525,167717025,3,497,0.6,99.4
1267,167717025,167717525,5,495,1.0,99.0
1268,167717525,167718025,16,484,3.2,96.8
1269,167718025,167718525,5,495,1.0,99.0
1270,167718525,167719025,11,489,2.1999999999999997,97.8
1271,167719025,167719525,3,497,0.6,99.4
1272,167719525,167720025,16,484,3.2,96.8
1273,167720025,167720525,3,497,0.6,99.4
1274,167720525,167721025,114,386,22.8,77.2
1275,167721025,167721525,5,495,1.0,99.0
1276,167721525,167722025,177,323,35.4,64.6
1277,167722025,167722525,500,0,100.0,0.0
1278,167722525,167723025,500,0,100.0,0.0
1279,167723025,167723525,500,0,100.0,0.0
1280,167723525,167724025,500,0,100.0,0.0
1281,167724025,167724525,500,0,100.0,0.0
1282,167724525,167725025,500,0,100.0,0.0
1283,167725025,167725525,500,0,100.0,0.0
1284,167725525,167726025,500,0,100.0,0.0
1285,167726025,167726525,500,0,100.0,0.0
1286,167726525,167727025,500,0,100.0,0.0
1287,167727025,167727525,500,0,100.0,0.0
1288,167727525,167728025,500,0,100.0,0.0
1289,167728025,167728525,500,0,100.0,0.0
1290,167728525,167729025,500,0,100.0,0.0
1291,167729025,167729525,500,0,100.0,0.0
1292,167729525,167730025,500,0,100.0,0.0
1293,167730025,167730525,500,0,100.0,0.0
1294,167730525,167731025,500,0,100.0,0.0
1295,167731025,167731525,500,0,100.0,0.0
1296,167731525,167732025,500,0,100.0,0.0
1297,167732025,167732525,500,0,100.0,0.0
1298,167732525,167733025,500,0,100.0,0.0
1299,167733025,167733525,500,0,100.0,0.0
1300,167733525,167734025,500,0,100.0,0.0
1301,167734025,167734525,500,0,100.0,0.0
1302,167734525,167735025,500,0,100.0,0.0
1303,167735025,167735525,500,0,100.0,0.0
1304,167735525,167736025,500,0,100.0,0.0
1305,167736025,167736525,500,0,100.0,0.0
1306,167736525,167737025,500,0,100.0,0.0
1307,167737025,167737525,500,0,100.0,0.0
1308,167737525,167738025,500,0,100.0,0.0
1309,167738025,167738525,500,0,100.0,0.0
1310,167738525,167739025,500,0,100.0,0.0
1311,167739025,167739525,500,0,100.0,0.0
1312,167739525,167740025,500,0,100.0,0.0
1313,167740025,167740525,500,0,100.0,0.0
1314,167740525,167741025,500,0,100.0,0.0
1315,167741025,167741525,500,0,100.0,0.0
1316,167741525,167742025,500,0,100.0,0.0
1317,167742025,167742525,500,0,100.0,0.0
1318,167742525,167743025,500,0,100.0,0.0
1319,167743025,167743525,500,0,100.0,0.0
1320,167743525,167744025,500,0,100.0,0.0
1321,167744025,167744525,500,0,100.0,0.0
1322,167744525,167745025,500,0,100.0,0.0
1323,167745025,167745525,500,0,100.0,0.0
1324,167745525,167746025,500,0,100.0,0.0
1325,167746025,167746525,500,0,100.0,0.0
1326,167746525,167747025,500,0,100.0,0.0
1327,167747025,167747525,500,0,100.0,0.0
1328,167747525,167748025,500,0,100.0,0.0
1329,167748025,167748525,500,0,100.0,0.0
1330,167748525,167749025,500,0,100.0,0.0
1331,167749025,167749525,500,0,100.0,0.0
1332,167749525,167750025,500,0,100.0,0.0
1333,167750025,167750525,500,0,100.0,0.0
1334,167750525,167751025,500,0,100.0,0.0
1335,167751025,167751525,500,0,100.0,0.0
1336,167751525,167752025,500,0,100.0,0.0
1337,167752025,167752525,500,0,100.0,0.0
1338,167752525,167753025,479,21,95.8,4.200000000000003
1339,167753025,167753525,15,485,3.0,97.0
1340,167753525,167754025,26,474,5.2,94.8
1341,167754025,167754525,5,495,1.0,99.0
1342,167754525,167755025,14,486,2.8000000000000003,97.2
1343,167755025,167755525,4,496,0.8,99.2
1344,167755525,167756025,4,496,0.8,99.2
1345,167756025,167756525,3,497,0.6,99.4
1346,167756525,167757025,10,490,2.0,98.0
1347,167757025,167757525,4,496,0.8,99.2
1348,167757525,167758025,16,484,3.2,96.8
1349,167758025,167758525,4,496,0.8,99.2
1350,167758525,167759025,115,385,23.0,77.0
1351,167759025,167759525,5,495,1.0,99.0
1352,167759525,167760025,162,338,32.4,67.6
1353,167760025,167760525,500,0,100.0,0.0
1354,167760525,167761025,500,0,100.0,0.0
1355,167761025,167761525,500,0,100.0,0.0
1356,167761525,167762025,500,0,100.0,0.0
1357,167762025,167762525,500,0,100.0,0.0
1358,167762525,167763025,500,0,100.0,0.0
1359,167763025,167763525,500,0,100.0,0.0
1360,167763525,167764025,500,0,100.0,0.0
1361,167764025,167764525,500,0,100.0,0.0
1362,167764525,167765025,500,0,100.0,0.0
1363,167765025,167765525,500,0,100.0,0.0
1364,167765525,167766025,500,0,100.0,0.0
1365,167766025,167766525,500,0,100.0,0.0
1366,167766525,167767025,500,0,100.0,0.0
1367,167767025,167767525,500,0,100.0,0.0
1368,167767525,167768025,500,0,100.0,0.0
1369,167768025,167768525,500,0,100.0,0.0
1370,167768525,167769025,500,0,100.0,0.0
1371,167769025,167769525,500,0,100.0,0.0
1372,167769525,167770025,500,0,100.0,0.0
1373,167770025,167770525,500,0,100.0,0.0
1374,167770525,167771025,500,0,100.0,0.0
1375,167771025,167771525,500,0,100.0,0.0
1376,167771525,167772025,500,0,100.0,0.0
1377,167772025,167772525,500,0,100.0,0.0
1378,167772525,167773025,500,0,100.0,0.0
1379,167773025,167773525,500,0,100.0,0.0
1380,167773525,167774025,500,0,100.0,0.0
1381,167774025,167774525,500,0,100.0,0.0
1382,167774525,167775025,500,0,100.0,0.0
1383,167775025,167775525,500,0,100.0,0.0
1384,167775525,167776025,500,0,100.0,0.0
1385,167776025,167776525,500,0,100.0,0.0
1386,167776525,167777025,500,0,100.0,0.0
1387,167777025,167777525,500,0,100.0,0.0
1388,167777525,167778025,500,0,100.0,0.0
1389,167778025,167778525,500,0,100.0,0.0
1390,167778525,167779025,500,0,100.0,0.0
1391,167779025,167779525,500,0,100.0,0.0
1392,167779525,167780025,500,0,100.0,0.0
1393,167780025,167780525,500,0,100.0,0.0
1394,167780525,167781025,500,0,100.0,0.0
1395,167781025,167781525,500,0,100.0,0.0
1396,167781525,167782025,500,0,100.0,0.0
1397,167782025,167782525,500,0,100.0,0.0
1398,167782525,167783025,500,0,100.0,0.0
1399,167783025,167783525,500,0,100.0,0.0
1400,167783525,167784025,500,0,100.0,0.0
1401,167784025,167784525,500,0,100.0,0.0
1402,167784525,167785025,500,0,100.0,0.0
1403,167785025,167785525,500,0,100.0,0.0
1404,167785525,167786025,500,0,100.0,0.0
1405,167786025,167786525,500,0,100.0,0.0
1406,167786525,167787025,500,0,100.0,0.0
1407,167787025,167787525,500,0,100.0,0.0
1408,167787525,167788025,500,0,100.0,0.0
1409,167788025,167788525,500,0,100.0,0.0
1410,167788525,167789025,500,0,100.0,0.0
1411,167789025,167789525,500,0,100.0,0.0
1412,167789525,167790025,500,0,100.0,0.0
1413,167790025,167790525,500,0,100.0,0.0
1414,167790525,167791025,500,0,100.0,0.0
1415,167791025,167791525,500,0,100.0,0.0
1416,167791525,167792025,500,0,100.0,0.0
1417,167792025,167792525,500,0,100.0,0.0
1418,167792525,167793025,500,0,100.0,0.0
1419,167793025,167793525,500,0,100.0,0.0
1420,167793525,167794025,500,0,100.0,0.0
1421,167794025,167794525,500,0,100.0,0.0
1422,167794525,167795025,500,0,100.0,0.0
1423,167795025,167795525,500,0,100.0,0.0
1424,167795525,167796025,500,0,100.0,0.0
1425,167796025,167796525,500,0,100.0,0.0
1426,167796525,167797025,500,0,100.0,0.0
1427,167797025,167797525,500,0,100.0,0.0
1428,167797525,167798025,500,0,100.0,0.0
1429,167798025,167798525,500,0,100.0,0.0
1430,167798525,167799025,500,0,100.0,0.0
1431,167799025,167799525,500,0,100.0,0.0
1432,167799525,167800025,443,57,88.6,11.400000000000006
1433,167800025,167800525,0,500,0.0,100.0
1434,167800525,167801025,0,500,0.0,100.0
1435,167801025,167801525,20,480,4.0,96.0
1436,167801525,167802025,3,497,0.6,99.4
1437,167802025,167802525,30,470,6.0,94.0
1438,167802525,167803025,4,496,0.8,99.2
1439,167803025,167803525,22,478,4.3999999999999995,95.6
1440,167803525,167804025,6,494,1.2,98.8
1441,167804025,167804525,11,489,2.1999999999999997,97.8
1442,167804525,167805025,4,496,0.8,99.2
1443,167805025,167805525,15,485,3.0,97.0
1444,167805525,167806025,3,497,0.6,99.4
1445,167806025,167806525,122,378,24.4,75.6
1446,167806525,167807025,5,495,1.0,99.0
1447,167807025,167807525,377,123,75.4,24.599999999999994
1448,167807525,167808025,500,0,100.0,0.0
1449,167808025,167808525,500,0,100.0,0.0
1450,167808525,167809025,500,0,100.0,0.0
1451,167809025,167809525,500,0,100.0,0.0
1452,167809525,167810025,500,0,100.0,0.0
1453,167810025,167810525,500,0,100.0,0.0
1454,167810525,167811025,500,0,100.0,0.0
1455,167811025,167811525,500,0,100.0,0.0
1456,167811525,167812025,500,0,100.0,0.0
1457,167812025,167812525,500,0,100.0,0.0
1458,167812525,167813025,500,0,100.0,0.0
1459,167813025,167813525,500,0,100.0,0.0
1460,167813525,167814025,500,0,100.0,0.0
1461,167814025,167814525,500,0,100.0,0.0
1462,167814525,167815025,500,0,100.0,0.0
1463,167815025,167815525,500,0,100.0,0.0
1464,167815525,167816025,500,0,100.0,0.0
1465,167816025,167816525,500,0,100.0,0.0
1466,167816525,167817025,500,0,100.0,0.0
1467,167817025,167817525,500,0,100.0,0.0
1468,167817525,167818025,500,0,100.0,0.0
1469,167818025,167818525,500,0,100.0,0.0
1470,167818525,167819025,500,0,100.0,0.0
1471,167819025,167819525,500,0,100.0,0.0
1472,167819525,167820025,500,0,100.0,0.0
1473,167820025,167820525,500,0,100.0,0.0
1474,167820525,167821025,500,0,100.0,0.0
1475,167821025,167821525,500,0,100.0,0.0
1476,167821525,167822025,500,0,100.0,0.0
1477,167822025,167822525,500,0,100.0,0.0
1478,167822525,167823025,500,0,100.0,0.0
1479,167823025,167823525,500,0,100.0,0.0
1480,167823525,167824025,500,0,100.0,0.0
1481,167824025,167824525,500,0,100.0,0.0
1482,167824525,167825025,500,0,100.0,0.0
1483,167825025,167825525,500,0,100.0,0.0
1484,167825525,167826025,500,0,100.0,0.0
1485,167826025,167826525,500,0,100.0,0.0
1486,167826525,167827025,500,0,100.0,0.0
1487,167827025,167827525,500,0,100.0,0.0
1488,167827525,167828025,500,0,100.0,0.0
1489,167828025,167828525,500,0,100.0,0.0
1490,167828525,167829025,500,0,100.0,0.0
1491,167829025,167829525,500,0,100.0,0.0
1492,167829525,167830025,500,0,100.0,0.0
1493,167830025,167830525,500,0,100.0,0.0
1494,167830525,167831025,500,0,100.0,0.0
1495,167831025,167831525,500,0,100.0,0.0
1496,167831525,167832025,500,0,100.0,0.0
1497,167832025,167832525,500,0,100.0,0.0
1498,167832525,167833025,500,0,100.0,0.0
1499,167833025,167833525,500,0,100.0,0.0
1500,167833525,167834025,500,0,100.0,0.0
1501,167834025,167834525,500,0,100.0,0.0
1502,167834525,167835025,500,0,100.0,0.0
1503,167835025,167835525,500,0,100.0,0.0
1504,167835525,167836025,500,0,100.0,0.0
1505,167836025,167836525,367,133,73.4,26.599999999999994
1506,167836525,167837025,13,487,2.6,97.4
1507,167837025,167837525,26,474,5.2,94.8
1508,167837525,167838025,4,496,0.8,99.2
1509,167838025,167838525,15,485,3.0,97.0
1510,167838525,167839025,5,495,1.0,99.0
1511,167839025,167839525,9,491,1.7999999999999998,98.2
1512,167839525,167840025,3,497,0.6,99.4
1513,167840025,167840525,14,486,2.8000000000000003,97.2
1514,167840525,167841025,146,354,29.2,70.8
1515,167841025,167841525,4,496,0.8,99.2
1516,167841525,167842025,52,448,10.4,89.6
1517,167842025,167842525,500,0,100.0,0.0
1518,167842525,167843025,500,0,100.0,0.0
1519,167843025,167843525,500,0,100.0,0.0
1520,167843525,167844025,500,0,100.0,0.0
1521,167844025,167844525,500,0,100.0,0.0
1522,167844525,167845025,500,0,100.0,0.0
1523,167845025,167845525,500,0,100.0,0.0
1524,167845525,167846025,500,0,100.0,0.0
1525,167846025,167846525,500,0,100.0,0.0
1526,167846525,167847025,500,0,100.0,0.0
1527,167847025,167847525,500,0,100.0,0.0
1528,167847525,167848025,500,0,100.0,0.0
1529,167848025,167848525,500,0,100.0,0.0
1530,167848525,167849025,500,0,100.0,0.0
1531,167849025,167849525,500,0,100.0,0.0
1532,167849525,167850025,500,0,100.0,0.0
1533,167850025,167850525,500,0,100.0,0.0
1534,167850525,167851025,500,0,100.0,0.0
1535,167851025,167851525,500,0,100.0,0.0
1536,167851525,167852025,500,0,100.0,0.0
1537,167852025,167852525,500,0,100.0,0.0
1538,167852525,167853025,500,0,100.0,0.0
1539,167853025,167853525,500,0,100.0,0.0
1540,167853525,167854025,500,0,100.0,0.0
1541,167854025,167854525,500,0,100.0,0.0
1542,167854525,167855025,500,0,100.0,0.0
1543,167855025,167855525,500,0,100.0,0.0
1544,167855525,167856025,500,0,100.0,0.0
1545,167856025,167856525,500,0,100.0,0.0
1546,167856525,167857025,500,0,100.0,0.0
1547,167857025,167857525,500,0,100.0,0.0
1548,167857525,167858025,500,0,100.0,0.0
1549,167858025,167858525,500,0,100.0,0.0
1550,167858525,167859025,500,0,100.0,0.0
1551,167859025,167859525,500,0,100.0,0.0
1552,167859525,167860025,500,0,100.0,0.0
1553,167860025,167860525,500,0,100.0,0.0
1554,167860525,167861025,500,0,100.0,0.0
1555,167861025,167861525,500,0,100.0,0.0
1556,167861525,167862025,500,0,100.0,0.0
1557,167862025,167862525,500,0,100.0,0.0
1558,167862525,167863025,500,0,100.0,0.0
1559,167863025,167863525,500,0,100.0,0.0
1560,167863525,167864025,500,0,100.0,0.0
1561,167864025,167864525,500,0,100.0,0.0
1562,167864525,167865025,500,0,100.0,0.0
1563,167865025,167865525,500,0,100.0,0.0
1564,167865525,167866025,500,0,100.0,0.0
1565,167866025,167866525,500,0,100.0,0.0
1566,167866525,167867025,500,0,100.0,0.0
1567,167867025,167867525,500,0,100.0,0.0
1568,167867525,167868025,500,0,100.0,0.0
1569,167868025,167868525,500,0,100.0,0.0
1570,167868525,167869025,500,0,100.0,0.0
1571,167869025,167869525,500,0,100.0,0.0
1572,167869525,167870025,500,0,100.0,0.0
1573,167870025,167870525,500,0,100.0,0.0
1574,167870525,167871025,500,0,100.0,0.0
1575,167871025,167871525,500,0,100.0,0.0
1576,167871525,167872025,500,0,100.0,0.0
1577,167872025,167872525,500,0,100.0,0.0
1578,167872525,167873025,500,0,100.0,0.0
1579,167873025,167873525,500,0,100.0,0.0
1580,167873525,167874025,500,0,100.0,0.0
1581,167874025,167874525,500,0,100.0,0.0
1582,167874525,167875025,500,0,100.0,0.0
1583,167875025,167875525,500,0,100.0,0.0
1584,167875525,167876025,464,36,92.80000000000001,7.199999999999989
1585,167876025,167876525,15,485,3.0,97.0
1586,167876525,167877025,26,474,5.2,94.8
1587,167877025,167877525,6,494,1.2,98.8
1588,167877525,167878025,13,487,2.6,97.4
1589,167878025,167878525,5,495,1.0,99.0
1590,167878525,167879025,9,491,1.7999999999999998,98.2
1591,167879025,167879525,4,496,0.8,99.2
1592,167879525,167880025,13,487,2.6,97.4
1593,167880025,167880525,133,367,26.6,73.4
1594,167880525,167881025,3,497,0.6,99.4
1595,167881025,167881525,231,269,46.2,53.8
1596,167881525,167882025,500,0,100.0,0.0
1597,167882025,167882525,500,0,100.0,0.0
1598,167882525,167883025,500,0,100.0,0.0
1599,167883025,167883525,500,0,100.0,0.0
1600,167883525,167884025,500,0,100.0,0.0
1601,167884025,167884525,500,0,100.0,0.0
1602,167884525,167885025,500,0,100.0,0.0
1603,167885025,167885525,500,0,100.0,0.0
1604,167885525,167886025,500,0,100.0,0.0
1605,167886025,167886525,500,0,100.0,0.0
1606,167886525,167887025,500,0,100.0,0.0
1607,167887025,167887525,500,0,100.0,0.0
1608,167887525,167888025,500,0,100.0,0.0
1609,167888025,167888525,500,0,100.0,0.0
1610,167888525,167889025,500,0,100.0,0.0
1611,167889025,167889525,500,0,100.0,0.0
1612,167889525,167890025,500,0,100.0,0.0
1613,167890025,167890525,500,0,100.0,0.0
1614,167890525,167891025,500,0,100.0,0.0
1615,167891025,167891525,500,0,100.0,0.0
1616,167891525,167892025,500,0,100.0,0.0
1617,167892025,167892525,500,0,100.0,0.0
1618,167892525,167893025,500,0,100.0,0.0
1619,167893025,167893525,500,0,100.0,0.0
1620,167893525,167894025,500,0,100.0,0.0
1621,167894025,167894525,500,0,100.0,0.0
1622,167894525,167895025,500,0,100.0,0.0
1623,167895025,167895525,500,0,100.0,0.0
1624,167895525,167896025,500,0,100.0,0.0
1625,167896025,167896525,500,0,100.0,0.0
1626,167896525,167897025,500,0,100.0,0.0
1627,167897025,167897525,500,0,100.0,0.0
1628,167897525,167898025,500,0,100.0,0.0
1629,167898025,167898525,500,0,100.0,0.0
1630,167898525,167899025,500,0,100.0,0.0
1631,167899025,167899525,500,0,100.0,0.0
1632,167899525,167900025,500,0,100.0,0.0
1633,167900025,167900525,500,0,100.0,0.0
1634,167900525,167901025,500,0,100.0,0.0
1635,167901025,167901525,500,0,100.0,0.0
1636,167901525,167902025,500,0,100.0,0.0
1637,167902025,167902525,500,0,100.0,0.0
1638,167902525,167903025,500,0,100.0,0.0
1639,167903025,167903525,500,0,100.0,0.0
1640,167903525,167904025,500,0,100.0,0.0
1641,167904025,167904525,500,0,100.0,0.0
1642,167904525,167905025,500,0,100.0,0.0
1643,167905025,167905525,500,0,100.0,0.0
1644,167905525,167906025,500,0,100.0,0.0
1645,167906025,167906525,500,0,100.0,0.0
1646,167906525,167907025,500,0,100.0,0.0
1647,167907025,167907525,500,0,100.0,0.0
1648,167907525,167908025,500,0,100.0,0.0
1649,167908025,167908525,500,0,100.0,0.0
1650,167908525,167909025,103,397,20.599999999999998,79.4
1651,167909025,167909525,25,475,5.0,95.0
1652,167909525,167910025,3,497,0.6,99.4
1653,167910025,167910525,17,483,3.4000000000000004,96.6
1654,167910525,167911025,3,497,0.6,99.4
1655,167911025,167911525,11,489,2.1999999999999997,97.8
1656,167911525,167912025,3,497,0.6,99.4
1657,167912025,167912525,13,487,2.6,97.4
1658,167912525,167913025,107,393,21.4,78.6
1659,167913025,167913525,40,460,8.0,92.0
1660,167913525,167914025,175,325,35.0,65.0
1661,167914025,167914525,500,0,100.0,0.0
1662,167914525,167915025,500,0,100.0,0.0
1663,167915025,167915525,500,0,100.0,0.0
1664,167915525,167916025,500,0,100.0,0.0
1665,167916025,167916525,500,0,100.0,0.0
1666,167916525,167917025,500,0,100.0,0.0
1667,167917025,167917525,500,0,100.0,0.0
1668,167917525,167918025,500,0,100.0,0.0
1669,167918025,167918525,500,0,100.0,0.0
1670,167918525,167919025,500,0,100.0,0.0
1671,167919025,167919525,500,0,100.0,0.0
1672,167919525,167920025,500,0,100.0,0.0
1673,167920025,167920525,500,0,100.0,0.0
1674,167920525,167921025,500,0,100.0,0.0
1675,167921025,167921525,500,0,100.0,0.0
1676,167921525,167922025,500,0,100.0,0.0
1677,167922025,167922525,500,0,100.0,0.0
1678,167922525,167923025,500,0,100.0,0.0
1679,167923025,167923525,500,0,100.0,0.0
1680,167923525,167924025,500,0,100.0,0.0
1681,167924025,167924525,500,0,100.0,0.0
1682,167924525,167925025,500,0,100.0,0.0
1683,167925025,167925525,500,0,100.0,0.0
1684,167925525,167926025,500,0,100.0,0.0
1685,167926025,167926525,500,0,100.0,0.0
1686,167926525,167927025,500,0,100.0,0.0
1687,167927025,167927525,500,0,100.0,0.0
1688,167927525,167928025,500,0,100.0,0.0
1689,167928025,167928525,500,0,100.0,0.0
1690,167928525,167929025,500,0,100.0,0.0
1691,167929025,167929525,500,0,100.0,0.0
1692,167929525,167930025,500,0,100.0,0.0
1693,167930025,167930525,500,0,100.0,0.0
1694,167930525,167931025,500,0,100.0,0.0
1695,167931025,167931525,500,0,100.0,0.0
1696,167931525,167932025,500,0,100.0,0.0
1697,167932025,167932525,500,0,100.0,0.0
1698,167932525,167933025,500,0,100.0,0.0
1699,167933025,167933525,500,0,100.0,0.0
1700,167933525,167934025,500,0,100.0,0.0
1701,167934025,167934525,500,0,100.0,0.0
1702,167934525,167935025,500,0,100.0,0.0
1703,167935025,167935525,500,0,100.0,0.0
1704,167935525,167936025,500,0,100.0,0.0
1705,167936025,167936525,500,0,100.0,0.0
1706,167936525,167937025,500,0,100.0,0.0
1707,167937025,167937525,500,0,100.0,0.0
1708,167937525,167938025,500,0,100.0,0.0
1709,167938025,167938525,500,0,100.0,0.0
1710,167938525,167939025,500,0,100.0,0.0
1711,167939025,167939525,500,0,100.0,0.0
1712,167939525,167940025,500,0,100.0,0.0
1713,167940025,167940525,500,0,100.0,0.0
1714,167940525,167941025,500,0,100.0,0.0
1715,167941025,167941525,500,0,100.0,0.0
1716,167941525,167942025,500,0,100.0,0.0
1717,167942025,167942525,500,0,100.0,0.0
1718,167942525,167943025,500,0,100.0,0.0
1719,167943025,167943525,500,0,100.0,0.0
1720,167943525,167944025,500,0,100.0,0.0
1721,167944025,167944525,500,0,100.0,0.0
1722,167944525,167945025,500,0,100.0,0.0
1723,167945025,167945525,500,0,100.0,0.0
1724,167945525,167946025,500,0,100.0,0.0
1725,167946025,167946525,500,0,100.0,0.0
1726,167946525,167947025,500,0,100.0,0.0
1727,167947025,167947525,500,0,100.0,0.0
1728,167947525,167948025,500,0,100.0,0.0
1729,167948025,167948525,500,0,100.0,0.0
1730,167948525,167949025,500,0,100.0,0.0
1731,167949025,167949525,500,0,100.0,0.0
1732,167949525,167950025,500,0,100.0,0.0
1733,167950025,167950525,500,0,100.0,0.0
1734,167950525,167951025,500,0,100.0,0.0
1735,167951025,167951525,500,0,100.0,0.0
1736,167951525,167952025,500,0,100.0,0.0
1737,167952025,167952525,500,0,100.0,0.0
1738,167952525,167953025,500,0,100.0,0.0
1739,167953025,167953525,500,0,100.0,0.0
1740,167953525,167954025,477,23,95.39999999999999,4.6000000000000085
1741,167954025,167954525,15,485,3.0,97.0
1742,167954525,167955025,24,476,4.8,95.2
1743,167955025,167955525,5,495,1.0,99.0
1744,167955525,167956025,13,487,2.6,97.4
1745,167956025,167956525,6,494,1.2,98.8
1746,167956525,167957025,9,491,1.7999999999999998,98.2
1747,167957025,167957525,7,493,1.4000000000000001,98.6
1748,167957525,167958025,15,485,3.0,97.0
1749,167958025,167958525,3,497,0.6,99.4
1750,167958525,167959025,0,500,0.0,100.0
1751,167959025,167959525,147,353,29.4,70.6
1752,167959525,167960025,5,495,1.0,99.0
1753,167960025,167960525,331,169,66.2,33.8
1754,167960525,167961025,500,0,100.0,0.0
1755,167961025,167961525,500,0,100.0,0.0
1756,167961525,167962025,500,0,100.0,0.0
1757,167962025,167962525,500,0,100.0,0.0
1758,167962525,167963025,500,0,100.0,0.0
1759,167963025,167963525,500,0,100.0,0.0
1760,167963525,167964025,500,0,100.0,0.0
1761,167964025,167964525,500,0,100.0,0.0
1762,167964525,167965025,500,0,100.0,0.0
1763,167965025,167965525,500,0,100.0,0.0
1764,167965525,167966025,500,0,100.0,0.0
1765,167966025,167966525,500,0,100.0,0.0
1766,167966525,167967025,500,0,100.0,0.0
1767,167967025,167967525,500,0,100.0,0.0
1768,167967525,167968025,500,0,100.0,0.0
1769,167968025,167968525,500,0,100.0,0.0
1770,167968525,167969025,500,0,100.0,0.0
1771,167969025,167969525,500,0,100.0,0.0
1772,167969525,167970025,500,0,100.0,0.0
1773,167970025,167970525,500,0,100.0,0.0
1774,167970525,167971025,500,0,100.0,0.0
1775,167971025,167971525,500,0,100.0,0.0
1776,167971525,167972025,500,0,100.0,0.0
1777,167972025,167972525,500,0,100.0,0.0
1778,167972525,167973025,500,0,100.0,0.0
1779,167973025,167973525,500,0,100.0,0.0
1780,167973525,167974025,500,0,100.0,0.0
1781,167974025,167974525,500,0,100.0,0.0
1782,167974525,167975025,500,0,100.0,0.0
1783,167975025,167975525,500,0,100.0,0.0
1784,167975525,167976025,500,0,100.0,0.0
1785,167976025,167976525,500,0,100.0,0.0
1786,167976525,167977025,500,0,100.0,0.0
1787,167977025,167977525,500,0,100.0,0.0
1788,167977525,167978025,500,0,100.0,0.0
1789,167978025,167978525,500,0,100.0,0.0
1790,167978525,167979025,500,0,100.0,0.0
1791,167979025,167979525,500,0,100.0,0.0
1792,167979525,167980025,500,0,100.0,0.0
1793,167980025,167980525,500,0,100.0,0.0
1794,167980525,167981025,500,0,100.0,0.0
1795,167981025,167981525,500,0,100.0,0.0
1796,167981525,167982025,500,0,100.0,0.0
1797,167982025,167982525,500,0,100.0,0.0
1798,167982525,167983025,500,0,100.0,0.0
1799,167983025,167983525,500,0,100.0,0.0
1800,167983525,167984025,500,0,100.0,0.0
1801,167984025,167984525,500,0,100.0,0.0
1802,167984525,167985025,500,0,100.0,0.0
1803,167985025,167985525,500,0,100.0,0.0
1804,167985525,167986025,500,0,100.0,0.0
1805,167986025,167986525,500,0,100.0,0.0
1806,167986525,167987025,500,0,100.0,0.0
1807,167987025,167987525,500,0,100.0,0.0
1808,167987525,167988025,500,0,100.0,0.0
1809,167988025,167988525,500,0,100.0,0.0
1810,167988525,167989025,500,0,100.0,0.0
1811,167989025,167989525,500,0,100.0,0.0
1812,167989525,167990025,500,0,100.0,0.0
1813,167990025,167990525,500,0,100.0,0.0
1814,167990525,167991025,500,0,100.0,0.0
1815,167991025,167991525,500,0,100.0,0.0
1816,167991525,167992025,500,0,100.0,0.0
1817,167992025,167992525,500,0,100.0,0.0
1818,167992525,167993025,500,0,100.0,0.0
1819,167993025,167993525,188,312,37.6,62.4
1820,167993525,167994025,5,495,1.0,99.0
1821,167994025,167994525,27,473,5.4,94.6
1822,167994525,167995025,13,487,2.6,97.4
1823,167995025,167995525,7,493,1.4000000000000001,98.6
1824,167995525,167996025,8,492,1.6,98.4
1825,167996025,167996525,5,495,1.0,99.0
1826,167996525,167997025,11,489,2.1999999999999997,97.8
1827,167997025,167997525,95,405,19.0,81.0
1828,167997525,167998025,5,495,1.0,99.0
1829,167998025,167998525,285,215,56.99999999999999,43.00000000000001
1830,167998525,167999025,500,0,100.0,0.0
1831,167999025,167999525,500,0,100.0,0.0
1832,167999525,168000025,500,0,100.0,0.0
1833,168000025,168000525,500,0,100.0,0.0
1834,168000525,168001025,500,0,100.0,0.0
1835,168001025,168001525,500,0,100.0,0.0
1836,168001525,168002025,500,0,100.0,0.0
1837,168002025,168002525,500,0,100.0,0.0
1838,168002525,168003025,500,0,100.0,0.0
1839,168003025,168003525,500,0,100.0,0.0
1840,168003525,168004025,500,0,100.0,0.0
1841,168004025,168004525,500,0,100.0,0.0
1842,168004525,168005025,500,0,100.0,0.0
1843,168005025,168005525,500,0,100.0,0.0
1844,168005525,168006025,500,0,100.0,0.0
1845,168006025,168006525,500,0,100.0,0.0
1846,168006525,168007025,500,0,100.0,0.0
1847,168007025,168007525,500,0,100.0,0.0
1848,168007525,168008025,500,0,100.0,0.0
1849,168008025,168008525,500,0,100.0,0.0
1850,168008525,168009025,500,0,100.0,0.0
1851,168009025,168009525,500,0,100.0,0.0
1852,168009525,168010025,500,0,100.0,0.0
1853,168010025,168010525,500,0,100.0,0.0
1854,168010525,168011025,500,0,100.0,0.0
1855,168011025,168011525,500,0,100.0,0.0
1856,168011525,168012025,500,0,100.0,0.0
1857,168012025,168012525,500,0,100.0,0.0
1858,168012525,168013025,500,0,100.0,0.0
1859,168013025,168013525,500,0,100.0,0.0
1860,168013525,168014025,500,0,100.0,0.0
1861,168014025,168014525,500,0,100.0,0.0
1862,168014525,168015025,500,0,100.0,0.0
1863,168015025,168015525,500,0,100.0,0.0
1864,168015525,168016025,500,0,100.0,0.0
1865,168016025,168016525,500,0,100.0,0.0
1866,168016525,168017025,500,0,100.0,0.0
1867,168017025,168017525,500,0,100.0,0.0
1868,168017525,168018025,500,0,100.0,0.0
1869,168018025,168018525,500,0,100.0,0.0
1870,168018525,168019025,500,0,100.0,0.0
1871,168019025,168019525,500,0,100.0,0.0
1872,168019525,168020025,500,0,100.0,0.0
1873,168020025,168020525,500,0,100.0,0.0
1874,168020525,168021025,500,0,100.0,0.0
1875,168021025,168021525,500,0,100.0,0.0
1876,168021525,168022025,500,0,100.0,0.0
1877,168022025,168022525,500,0,100.0,0.0
1878,168022525,168023025,500,0,100.0,0.0
1879,168023025,168023525,500,0,100.0,0.0
1880,168023525,168024025,500,0,100.0,0.0
1881,168024025,168024525,361,139,72.2,27.799999999999997
1882,168024525,168025025,12,488,2.4,97.6
1883,168025025,168025525,27,473,5.4,94.6
1884,168025525,168026025,4,496,0.8,99.2
1885,168026025,168026525,16,484,3.2,96.8
1886,168026525,168027025,9,491,1.7999999999999998,98.2
1887,168027025,168027525,5,495,1.0,99.0
1888,168027525,168028025,12,488,2.4,97.6
1889,168028025,168028525,107,393,21.4,78.6
1890,168028525,168029025,66,434,13.200000000000001,86.8
1891,168029025,168029525,5,495,1.0,99.0
1892,168029525,168030025,493,7,98.6,1.4000000000000057
1893,168030025,168030525,500,0,100.0,0.0
1894,168030525,168031025,500,0,100.0,0.0
1895,168031025,168031525,500,0,100.0,0.0
1896,168031525,168032025,500,0,100.0,0.0
1897,168032025,168032525,500,0,100.0,0.0
1898,168032525,168033025,500,0,100.0,0.0
1899,168033025,168033525,500,0,100.0,0.0
1900,168033525,168034025,500,0,100.0,0.0
1901,168034025,168034525,500,0,100.0,0.0
1902,168034525,168035025,500,0,100.0,0.0
1903,168035025,168035525,500,0,100.0,0.0
1904,168035525,168036025,500,0,100.0,0.0
1905,168036025,168036525,500,0,100.0,0.0
1906,168036525,168037025,500,0,100.0,0.0
1907,168037025,168037525,500,0,100.0,0.0
1908,168037525,168038025,500,0,100.0,0.0
1909,168038025,168038525,500,0,100.0,0.0
1910,168038525,168039025,500,0,100.0,0.0
1911,168039025,168039525,500,0,100.0,0.0
1912,168039525,168040025,500,0,100.0,0.0
1913,168040025,168040525,500,0,100.0,0.0
1914,168040525,168041025,500,0,100.0,0.0
1915,168041025,168041525,500,0,100.0,0.0
1916,168041525,168042025,500,0,100.0,0.0
1917,168042025,168042525,500,0,100.0,0.0
1918,168042525,168043025,500,0,100.0,0.0
1919,168043025,168043525,500,0,100.0,0.0
1920,168043525,168044025,500,0,100.0,0.0
1921,168044025,168044525,500,0,100.0,0.0
1922,168044525,168045025,500,0,100.0,0.0
1923,168045025,168045525,500,0,100.0,0.0
1924,168045525,168046025,500,0,100.0,0.0
1925,168046025,168046525,500,0,100.0,0.0
1926,168046525,168047025,500,0,100.0,0.0
1927,168047025,168047525,500,0,100.0,0.0
1928,168047525,168048025,500,0,100.0,0.0
1929,168048025,168048525,500,0,100.0,0.0
1930,168048525,168049025,500,0,100.0,0.0
1931,168049025,168049525,500,0,100.0,0.0
1932,168049525,168050025,500,0,100.0,0.0
1933,168050025,168050525,500,0,100.0,0.0
1934,168050525,168051025,500,0,100.0,0.0
1935,168051025,168051525,500,0,100.0,0.0
1936,168051525,168052025,500,0,100.0,0.0
1937,168052025,168052525,500,0,100.0,0.0
1938,168052525,168053025,500,0,100.0,0.0
1939,168053025,168053525,500,0,100.0,0.0
1940,168053525,168054025,500,0,100.0,0.0
1941,168054025,168054525,500,0,100.0,0.0
1942,168054525,168055025,500,0,100.0,0.0
1943,168055025,168055525,500,0,100.0,0.0
1944,168055525,168056025,500,0,100.0,0.0
1945,168056025,168056525,500,0,100.0,0.0
1946,168056525,168057025,500,0,100.0,0.0
1947,168057025,168057525,500,0,100.0,0.0
1948,168057525,168058025,500,0,100.0,0.0
1949,168058025,168058525,500,0,100.0,0.0
1950,168058525,168059025,500,0,100.0,0.0
1951,168059025,168059525,500,0,100.0,0.0
1952,168059525,168060025,500,0,100.0,0.0
1953,168060025,168060525,500,0,100.0,0.0
1954,168060525,168061025,500,0,100.0,0.0
1955,168061025,168061525,500,0,100.0,0.0
1956,168061525,168062025,500,0,100.0,0.0
1957,168062025,168062525,500,0,100.0,0.0
1958,168062525,168063025,500,0,100.0,0.0
1959,168063025,168063525,500,0,100.0,0.0
1960,168063525,168064025,500,0,100.0,0.0
1961,168064025,168064525,500,0,100.0,0.0
1962,168064525,168065025,500,0,100.0,0.0
1963,168065025,168065525,500,0,100.0,0.0
1964,168065525,168066025,500,0,100.0,0.0
1965,168066025,168066525,500,0,100.0,0.0
1966,168066525,168067025,500,0,100.0,0.0
1967,168067025,168067525,500,0,100.0,0.0
1968,168067525,168068025,500,0,100.0,0.0
1969,168068025,168068525,500,0,100.0,0.0
1970,168068525,168069025,500,0,100.0,0.0
1971,168069025,168069525,500,0,100.0,0.0
1972,168069525,168070025,500,0,100.0,0.0
1973,168070025,168070525,500,0,100.0,0.0
1974,168070525,168071025,500,0,100.0,0.0
1975,168071025,168071525,500,0,100.0,0.0
1976,168071525,168072025,500,0,100.0,0.0
1977,168072025,168072525,500,0,100.0,0.0
1978,168072525,168073025,500,0,100.0,0.0
1979,168073025,168073525,500,0,100.0,0.0
1980,168073525,168074025,500,0,100.0,0.0
1981,168074025,168074525,500,0,100.0,0.0
1982,168074525,168075025,500,0,100.0,0.0
1983,168075025,168075525,500,0,100.0,0.0
1984,168075525,168076025,500,0,100.0,0.0
1985,168076025,168076525,500,0,100.0,0.0
1986,168076525,168077025,500,0,100.0,0.0
1987,168077025,168077525,500,0,100.0,0.0
1988,168077525,168078025,500,0,100.0,0.0
1989,168078025,168078525,500,0,100.0,0.0
1990,168078525,168079025,500,0,100.0,0.0
1991,168079025,168079525,500,0,100.0,0.0
1992,168079525,168080025,500,0,100.0,0.0
1993,168080025,168080525,500,0,100.0,0.0
1994,168080525,168081025,500,0,100.0,0.0
1995,168081025,168081525,500,0,100.0,0.0
1996,168081525,168082025,500,0,100.0,0.0
1997,168082025,168082525,500,0,100.0,0.0
1998,168082525,168083025,500,0,100.0,0.0
1999,168083025,168083525,500,0,100.0,0.0
2000,168083525,168084025,500,0,100.0,0.0
2001,168084025,168084525,500,0,100.0,0.0
2002,168084525,168085025,500,0,100.0,0.0
2003,168085025,168085525,500,0,100.0,0.0
2004,168085525,168086025,500,0,100.0,0.0
2005,168086025,168086525,500,0,100.0,0.0
2006,168086525,168087025,500,0,100.0,0.0
2007,168087025,168087525,500,0,100.0,0.0
2008,168087525,168088025,500,0,100.0,0.0
2009,168088025,168088525,500,0,100.0,0.0
2010,168088525,168089025,500,0,100.0,0.0
2011,168089025,168089525,500,0,100.0,0.0
2012,168089525,168090025,500,0,100.0,0.0
2013,168090025,168090525,500,0,100.0,0.0
2014,168090525,168091025,500,0,100.0,0.0
2015,168091025,168091525,500,0,100.0,0.0
2016,168091525,168092025,500,0,100.0,0.0
2017,168092025,168092525,500,0,100.0,0.0
2018,168092525,168093025,500,0,100.0,0.0
2019,168093025,168093525,500,0,100.0,0.0
2020,168093525,168094025,500,0,100.0,0.0
2021,168094025,168094525,500,0,100.0,0.0
2022,168094525,168095025,500,0,100.0,0.0
2023,168095025,168095525,500,0,100.0,0.0
2024,168095525,168096025,500,0,100.0,0.0
2025,168096025,168096525,500,0,100.0,0.0
2026,168096525,168097025,500,0,100.0,0.0
2027,168097025,168097525,500,0,100.0,0.0
2028,168097525,168098025,500,0,100.0,0.0
2029,168098025,168098525,500,0,100.0,0.0
2030,168098525,168099025,54,446,10.8,89.2
2031,168099025,168099525,13,487,2.6,97.4
2032,168099525,168100025,23,477,4.6,95.4
2033,168100025,168100525,4,496,0.8,99.2
2034,168100525,168101025,2,498,0.4,99.6
2035,168101025,168101525,16,484,3.2,96.8
2036,168101525,168102025,4,496,0.8,99.2
2037,168102025,168102525,7,493,1.4000000000000001,98.6
2038,168102525,168103025,2,498,0.4,99.6
2039,168103025,168103525,14,486,2.8000000000000003,97.2
2040,168103525,168104025,2,498,0.4,99.6
2041,168104025,168104525,20,480,4.0,96.0
2042,168104525,168105025,137,363,27.400000000000002,72.6
2043,168105025,168105525,4,496,0.8,99.2
2044,168105525,168106025,101,399,20.200000000000003,79.8
2045,168106025,168106525,500,0,100.0,0.0
2046,168106525,168107025,500,0,100.0,0.0
2047,168107025,168107525,500,0,100.0,0.0
2048,168107525,168108025,500,0,100.0,0.0
2049,168108025,168108525,500,0,100.0,0.0
2050,168108525,168109025,500,0,100.0,0.0
2051,168109025,168109525,500,0,100.0,0.0
2052,168109525,168110025,500,0,100.0,0.0
2053,168110025,168110525,500,0,100.0,0.0
2054,168110525,168111025,500,0,100.0,0.0
2055,168111025,168111525,500,0,100.0,0.0
2056,168111525,168112025,500,0,100.0,0.0
2057,168112025,168112525,500,0,100.0,0.0
2058,168112525,168113025,500,0,100.0,0.0
2059,168113025,168113525,500,0,100.0,0.0
2060,168113525,168114025,500,0,100.0,0.0
2061,168114025,168114525,500,0,100.0,0.0
2062,168114525,168115025,500,0,100.0,0.0
2063,168115025,168115525,500,0,100.0,0.0
2064,168115525,168116025,500,0,100.0,0.0
2065,168116025,168116525,500,0,100.0,0.0
2066,168116525,168117025,500,0,100.0,0.0
2067,168117025,168117525,500,0,100.0,0.0
2068,168117525,168118025,500,0,100.0,0.0
2069,168118025,168118525,500,0,100.0,0.0
2070,168118525,168119025,500,0,100.0,0.0
2071,168119025,168119525,500,0,100.0,0.0
2072,168119525,168120025,500,0,100.0,0.0
2073,168120025,168120525,500,0,100.0,0.0
2074,168120525,168121025,500,0,100.0,0.0
2075,168121025,168121525,500,0,100.0,0.0
2076,168121525,168122025,500,0,100.0,0.0
2077,168122025,168122525,500,0,100.0,0.0
2078,168122525,168123025,500,0,100.0,0.0
2079,168123025,168123525,500,0,100.0,0.0
2080,168123525,168124025,500,0,100.0,0.0
2081,168124025,168124525,500,0,100.0,0.0
2082,168124525,168125025,500,0,100.0,0.0
2083,168125025,168125525,500,0,100.0,0.0
2084,168125525,168126025,500,0,100.0,0.0
2085,168126025,168126525,500,0,100.0,0.0
2086,168126525,168127025,500,0,100.0,0.0
2087,168127025,168127525,500,0,100.0,0.0
2088,168127525,168128025,500,0,100.0,0.0
2089,168128025,168128525,500,0,100.0,0.0
2090,168128525,168129025,500,0,100.0,0.0
2091,168129025,168129525,500,0,100.0,0.0
2092,168129525,168130025,500,0,100.0,0.0
2093,168130025,168130525,500,0,100.0,0.0
2094,168130525,168131025,500,0,100.0,0.0
2095,168131025,168131525,500,0,100.0,0.0
2096,168131525,168132025,500,0,100.0,0.0
2097,168132025,168132525,500,0,100.0,0.0
2098,168132525,168133025,500,0,100.0,0.0
2099,168133025,168133525,500,0,100.0,0.0
2100,168133525,168134025,500,0,100.0,0.0
2101,168134025,168134525,500,0,100.0,0.0
2102,168134525,168135025,500,0,100.0,0.0
2103,168135025,168135525,500,0,100.0,0.0
2104,168135525,168136025,500,0,100.0,0.0
2105,168136025,168136525,500,0,100.0,0.0
2106,168136525,168137025,500,0,100.0,0.0
2107,168137025,168137525,500,0,100.0,0.0
2108,168137525,168138025,500,0,100.0,0.0
2109,168138025,168138525,500,0,100.0,0.0
2110,168138525,168139025,500,0,100.0,0.0
2111,168139025,168139525,500,0,100.0,0.0
2112,168139525,168140025,500,0,100.0,0.0
2113,168140025,168140525,500,0,100.0,0.0
2114,168140525,168141025,500,0,100.0,0.0
2115,168141025,168141525,500,0,100.0,0.0
2116,168141525,168142025,500,0,100.0,0.0
2117,168142025,168142525,500,0,100.0,0.0
2118,168142525,168143025,500,0,100.0,0.0
2119,168143025,168143525,500,0,100.0,0.0
2120,168143525,168144025,500,0,100.0,0.0
2121,168144025,168144525,500,0,100.0,0.0
2122,168144525,168145025,500,0,100.0,0.0
2123,168145025,168145525,500,0,100.0,0.0
2124,168145525,168146025,81,419,16.2,83.8
2125,168146025,168146525,15,485,3.0,97.0
2126,168146525,168147025,22,478,4.3999999999999995,95.6
2127,168147025,168147525,4,496,0.8,99.2
2128,168147525,168148025,2,498,0.4,99.6
2129,168148025,168148525,16,484,3.2,96.8
2130,168148525,168149025,3,497,0.6,99.4
2131,168149025,168149525,7,493,1.4000000000000001,98.6
2132,168149525,168150025,1,499,0.2,99.8
2133,168150025,168150525,6,494,1.2,98.8
2134,168150525,168151025,10,490,2.0,98.0
2135,168151025,168151525,3,497,0.6,99.4
2136,168151525,168152025,136,364,27.200000000000003,72.8
2137,168152025,168152525,5,495,1.0,99.0
2138,168152525,168153025,85,415,17.0,83.0
2139,168153025,168153525,500,0,100.0,0.0
2140,168153525,168154025,500,0,100.0,0.0
2141,168154025,168154525,500,0,100.0,0.0
2142,168154525,168155025,500,0,100.0,0.0
2143,168155025,168155525,500,0,100.0,0.0
2144,168155525,168156025,500,0,100.0,0.0
2145,168156025,168156525,500,0,100.0,0.0
2146,168156525,168157025,500,0,100.0,0.0
2147,168157025,168157525,500,0,100.0,0.0
2148,168157525,168158025,500,0,100.0,0.0
2149,168158025,168158525,500,0,100.0,0.0
2150,168158525,168159025,500,0,100.0,0.0
2151,168159025,168159525,500,0,100.0,0.0
2152,168159525,168160025,500,0,100.0,0.0
2153,168160025,168160525,500,0,100.0,0.0
2154,168160525,168161025,500,0,100.0,0.0
2155,168161025,168161525,500,0,100.0,0.0
2156,168161525,168162025,500,0,100.0,0.0
2157,168162025,168162525,500,0,100.0,0.0
2158,168162525,168163025,500,0,100.0,0.0
2159,168163025,168163525,500,0,100.0,0.0
2160,168163525,168164025,500,0,100.0,0.0
2161,168164025,168164525,500,0,100.0,0.0
2162,168164525,168165025,500,0,100.0,0.0
2163,168165025,168165525,500,0,100.0,0.0
2164,168165525,168166025,500,0,100.0,0.0
2165,168166025,168166525,500,0,100.0,0.0
2166,168166525,168167025,500,0,100.0,0.0
2167,168167025,168167525,500,0,100.0,0.0
2168,168167525,168168025,500,0,100.0,0.0
2169,168168025,168168525,500,0,100.0,0.0
2170,168168525,168169025,500,0,100.0,0.0
2171,168169025,168169525,500,0,100.0,0.0
2172,168169525,168170025,500,0,100.0,0.0
2173,168170025,168170525,500,0,100.0,0.0
2174,168170525,168171025,500,0,100.0,0.0
2175,168171025,168171525,500,0,100.0,0.0
2176,168171525,168172025,500,0,100.0,0.0
2177,168172025,168172525,500,0,100.0,0.0
2178,168172525,168173025,500,0,100.0,0.0
2179,168173025,168173525,500,0,100.0,0.0
2180,168173525,168174025,500,0,100.0,0.0
2181,168174025,168174525,500,0,100.0,0.0
2182,168174525,168175025,500,0,100.0,0.0
2183,168175025,168175525,500,0,100.0,0.0
2184,168175525,168176025,500,0,100.0,0.0
2185,168176025,168176525,500,0,100.0,0.0
2186,168176525,168177025,500,0,100.0,0.0
2187,168177025,168177525,500,0,100.0,0.0
2188,168177525,168178025,500,0,100.0,0.0
2189,168178025,168178525,500,0,100.0,0.0
2190,168178525,168179025,500,0,100.0,0.0
2191,168179025,168179525,500,0,100.0,0.0
2192,168179525,168180025,500,0,100.0,0.0
2193,168180025,168180525,500,0,100.0,0.0
2194,168180525,168181025,500,0,100.0,0.0
2195,168181025,168181525,500,0,100.0,0.0
2196,168181525,168182025,500,0,100.0,0.0
2197,168182025,168182525,500,0,100.0,0.0
2198,168182525,168183025,500,0,100.0,0.0
2199,168183025,168183525,500,0,100.0,0.0
2200,168183525,168184025,500,0,100.0,0.0
2201,168184025,168184525,500,0,100.0,0.0
2202,168184525,168185025,500,0,100.0,0.0
2203,168185025,168185525,500,0,100.0,0.0
2204,168185525,168186025,500,0,100.0,0.0
2205,168186025,168186525,500,0,100.0,0.0
2206,168186525,168187025,500,0,100.0,0.0
2207,168187025,168187525,500,0,100.0,0.0
2208,168187525,168188025,500,0,100.0,0.0
2209,168188025,168188525,500,0,100.0,0.0
2210,168188525,168189025,431,69,86.2,13.799999999999997
2211,168189025,168189525,17,483,3.4000000000000004,96.6
2212,168189525,168190025,26,474,5.2,94.8
2213,168190025,168190525,5,495,1.0,99.0
2214,168190525,168191025,17,483,3.4000000000000004,96.6
2215,168191025,168191525,5,495,1.0,99.0
2216,168191525,168192025,10,490,2.0,98.0
2217,168192025,168192525,1,499,0.2,99.8
2218,168192525,168193025,38,462,7.6,92.4
2219,168193025,168193525,17,483,3.4000000000000004,96.6
2220,168193525,168194025,2,498,0.4,99.6
2221,168194025,168194525,205,295,41.0,59.0
2222,168194525,168195025,4,496,0.8,99.2
2223,168195025,168195525,253,247,50.6,49.4
2224,168195525,168196025,500,0,100.0,0.0
2225,168196025,168196525,500,0,100.0,0.0
2226,168196525,168197025,500,0,100.0,0.0
2227,168197025,168197525,500,0,100.0,0.0
2228,168197525,168198025,500,0,100.0,0.0
2229,168198025,168198525,500,0,100.0,0.0
2230,168198525,168199025,500,0,100.0,0.0
2231,168199025,168199525,500,0,100.0,0.0
2232,168199525,168200025,500,0,100.0,0.0
2233,168200025,168200525,500,0,100.0,0.0
2234,168200525,168201025,500,0,100.0,0.0
2235,168201025,168201525,500,0,100.0,0.0
2236,168201525,168202025,500,0,100.0,0.0
2237,168202025,168202525,500,0,100.0,0.0
2238,168202525,168203025,500,0,100.0,0.0
2239,168203025,168203525,500,0,100.0,0.0
2240,168203525,168204025,500,0,100.0,0.0
2241,168204025,168204525,500,0,100.0,0.0
2242,168204525,168205025,500,0,100.0,0.0
2243,168205025,168205525,500,0,100.0,0.0
2244,168205525,168206025,500,0,100.0,0.0
2245,168206025,168206525,500,0,100.0,0.0
2246,168206525,168207025,500,0,100.0,0.0
2247,168207025,168207525,500,0,100.0,0.0
2248,168207525,168208025,500,0,100.0,0.0
2249,168208025,168208525,500,0,100.0,0.0
2250,168208525,168209025,500,0,100.0,0.0
2251,168209025,168209525,500,0,100.0,0.0
2252,168209525,168210025,500,0,100.0,0.0
2253,168210025,168210525,500,0,100.0,0.0
2254,168210525,168211025,500,0,100.0,0.0
2255,168211025,168211525,500,0,100.0,0.0
2256,168211525,168212025,500,0,100.0,0.0
2257,168212025,168212525,500,0,100.0,0.0
2258,168212525,168213025,500,0,100.0,0.0
2259,168213025,168213525,500,0,100.0,0.0
2260,168213525,168214025,500,0,100.0,0.0
2261,168214025,168214525,500,0,100.0,0.0
2262,168214525,168215025,500,0,100.0,0.0
2263,168215025,168215525,500,0,100.0,0.0
2264,168215525,168216025,500,0,100.0,0.0
2265,168216025,168216525,500,0,100.0,0.0
2266,168216525,168217025,500,0,100.0,0.0
2267,168217025,168217525,500,0,100.0,0.0
2268,168217525,168218025,500,0,100.0,0.0
2269,168218025,168218525,500,0,100.0,0.0
2270,168218525,168219025,500,0,100.0,0.0
2271,168219025,168219525,500,0,100.0,0.0
2272,168219525,168220025,500,0,100.0,0.0
2273,168220025,168220525,500,0,100.0,0.0
2274,168220525,168221025,500,0,100.0,0.0
2275,168221025,168221525,500,0,100.0,0.0
2276,168221525,168222025,500,0,100.0,0.0
2277,168222025,168222525,500,0,100.0,0.0
2278,168222525,168223025,500,0,100.0,0.0
2279,168223025,168223525,500,0,100.0,0.0
2280,168223525,168224025,500,0,100.0,0.0
2281,168224025,168224525,500,0,100.0,0.0
2282,168224525,168225025,500,0,100.0,0.0
2283,168225025,168225525,500,0,100.0,0.0
2284,168225525,168226025,162,338,32.4,67.6
2285,168226025,168226525,35,465,7.000000000000001,93.0
2286,168226525,168227025,3,497,0.6,99.4
2287,168227025,168227525,15,485,3.0,97.0
2288,168227525,168228025,5,495,1.0,99.0
2289,168228025,168228525,9,491,1.7999999999999998,98.2
2290,168228525,168229025,3,497,0.6,99.4
2291,168229025,168229525,15,485,3.0,97.0
2292,168229525,168230025,2,498,0.4,99.6
2293,168230025,168230525,0,500,0.0,100.0
2294,168230525,168231025,8,492,1.6,98.4
2295,168231025,168231525,192,308,38.4,61.6
2296,168231525,168232025,3,497,0.6,99.4
2297,168232025,168232525,35,465,7.000000000000001,93.0
2298,168232525,168233025,500,0,100.0,0.0
2299,168233025,168233525,500,0,100.0,0.0
2300,168233525,168234025,500,0,100.0,0.0
2301,168234025,168234525,500,0,100.0,0.0
2302,168234525,168235025,500,0,100.0,0.0
2303,168235025,168235525,500,0,100.0,0.0
2304,168235525,168236025,500,0,100.0,0.0
2305,168236025,168236525,500,0,100.0,0.0
2306,168236525,168237025,500,0,100.0,0.0
2307,168237025,168237525,500,0,100.0,0.0
2308,168237525,168238025,500,0,100.0,0.0
2309,168238025,168238525,500,0,100.0,0.0
2310,168238525,168239025,500,0,100.0,0.0
2311,168239025,168239525,500,0,100.0,0.0
2312,168239525,168240025,500,0,100.0,0.0
2313,168240025,168240525,500,0,100.0,0.0
2314,168240525,168241025,500,0,100.0,0.0
2315,168241025,168241525,500,0,100.0,0.0
2316,168241525,168242025,500,0,100.0,0.0
2317,168242025,168242525,500,0,100.0,0.0
2318,168242525,168243025,500,0,100.0,0.0
2319,168243025,168243525,500,0,100.0,0.0
2320,168243525,168244025,500,0,100.0,0.0
2321,168244025,168244525,500,0,100.0,0.0
2322,168244525,168245025,500,0,100.0,0.0
2323,168245025,168245525,500,0,100.0,0.0
2324,168245525,168246025,500,0,100.0,0.0
2325,168246025,168246525,500,0,100.0,0.0
2326,168246525,168247025,500,0,100.0,0.0
2327,168247025,168247525,500,0,100.0,0.0
2328,168247525,168248025,500,0,100.0,0.0
2329,168248025,168248525,500,0,100.0,0.0
2330,168248525,168249025,500,0,100.0,0.0
2331,168249025,168249525,500,0,100.0,0.0
2332,168249525,168250025,500,0,100.0,0.0
2333,168250025,168250525,500,0,100.0,0.0
2334,168250525,168251025,500,0,100.0,0.0
2335,168251025,168251525,500,0,100.0,0.0
2336,168251525,168252025,500,0,100.0,0.0
2337,168252025,168252525,500,0,100.0,0.0
2338,168252525,168253025,500,0,100.0,0.0
2339,168253025,168253525,500,0,100.0,0.0
2340,168253525,168254025,500,0,100.0,0.0
2341,168254025,168254525,500,0,100.0,0.0
2342,168254525,168255025,500,0,100.0,0.0
2343,168255025,168255525,500,0,100.0,0.0
2344,168255525,168256025,500,0,100.0,0.0
2345,168256025,168256525,500,0,100.0,0.0
2346,168256525,168257025,500,0,100.0,0.0
2347,168257025,168257525,500,0,100.0,0.0
2348,168257525,168258025,500,0,100.0,0.0
2349,168258025,168258525,500,0,100.0,0.0
2350,168258525,168259025,500,0,100.0,0.0
2351,168259025,168259525,500,0,100.0,0.0
2352,168259525,168260025,500,0,100.0,0.0
2353,168260025,168260525,500,0,100.0,0.0
2354,168260525,168261025,500,0,100.0,0.0
2355,168261025,168261525,500,0,100.0,0.0
2356,168261525,168262025,500,0,100.0,0.0
2357,168262025,168262525,500,0,100.0,0.0
2358,168262525,168263025,500,0,100.0,0.0
2359,168263025,168263525,500,0,100.0,0.0
2360,168263525,168264025,500,0,100.0,0.0
2361,168264025,168264525,500,0,100.0,0.0
2362,168264525,168265025,500,0,100.0,0.0
2363,168265025,168265525,500,0,100.0,0.0
2364,168265525,168266025,500,0,100.0,0.0
2365,168266025,168266525,500,0,100.0,0.0
2366,168266525,168267025,500,0,100.0,0.0
2367,168267025,168267525,500,0,100.0,0.0
2368,168267525,168268025,174,326,34.8,65.2
2369,168268025,168268525,15,485,3.0,97.0
2370,168268525,168269025,24,476,4.8,95.2
2371,168269025,168269525,6,494,1.2,98.8
2372,168269525,168270025,16,484,3.2,96.8
2373,168270025,168270525,7,493,1.4000000000000001,98.6
2374,168270525,168271025,9,491,1.7999999999999998,98.2
2375,168271025,168271525,8,492,1.6,98.4
2376,168271525,168272025,2,498,0.4,99.6
2377,168272025,168272525,0,500,0.0,100.0
2378,168272525,168273025,0,500,0.0,100.0
2379,168273025,168273525,0,500,0.0,100.0
2380,168273525,168274025,0,500,0.0,100.0
2381,168274025,168274525,0,500,0.0,100.0
2382,168274525,168275025,23,477,4.6,95.4
2383,168275025,168275525,76,424,15.2,84.8
2384,168275525,168276025,44,456,8.799999999999999,91.2
2385,168276025,168276525,162,338,32.4,67.6
2386,168276525,168277025,500,0,100.0,0.0
2387,168277025,168277525,500,0,100.0,0.0
2388,168277525,168278025,500,0,100.0,0.0
2389,168278025,168278525,500,0,100.0,0.0
2390,168278525,168279025,500,0,100.0,0.0
2391,168279025,168279525,500,0,100.0,0.0
2392,168279525,168280025,500,0,100.0,0.0
2393,168280025,168280525,500,0,100.0,0.0
2394,168280525,168281025,500,0,100.0,0.0
2395,168281025,168281525,500,0,100.0,0.0
2396,168281525,168282025,500,0,100.0,0.0
2397,168282025,168282525,500,0,100.0,0.0
2398,168282525,168283025,500,0,100.0,0.0
2399,168283025,168283525,500,0,100.0,0.0
2400,168283525,168284025,500,0,100.0,0.0
2401,168284025,168284525,500,0,100.0,0.0
2402,168284525,168285025,500,0,100.0,0.0
2403,168285025,168285525,500,0,100.0,0.0
2404,168285525,168286025,500,0,100.0,0.0
2405,168286025,168286525,500,0,100.0,0.0
2406,168286525,168287025,500,0,100.0,0.0
2407,168287025,168287525,500,0,100.0,0.0
2408,168287525,168288025,500,0,100.0,0.0
2409,168288025,168288525,500,0,100.0,0.0
2410,168288525,168289025,500,0,100.0,0.0
2411,168289025,168289525,500,0,100.0,0.0
2412,168289525,168290025,500,0,100.0,0.0
2413,168290025,168290525,500,0,100.0,0.0
2414,168290525,168291025,500,0,100.0,0.0
2415,168291025,168291525,500,0,100.0,0.0
2416,168291525,168292025,500,0,100.0,0.0
2417,168292025,168292525,500,0,100.0,0.0
2418,168292525,168293025,500,0,100.0,0.0
2419,168293025,168293525,500,0,100.0,0.0
2420,168293525,168294025,500,0,100.0,0.0
2421,168294025,168294525,500,0,100.0,0.0
2422,168294525,168295025,500,0,100.0,0.0
2423,168295025,168295525,500,0,100.0,0.0
2424,168295525,168296025,500,0,100.0,0.0
2425,168296025,168296525,500,0,100.0,0.0
2426,168296525,168297025,500,0,100.0,0.0
2427,168297025,168297525,500,0,100.0,0.0
2428,168297525,168298025,500,0,100.0,0.0
2429,168298025,168298525,500,0,100.0,0.0
2430,168298525,168299025,500,0,100.0,0.0
2431,168299025,168299525,500,0,100.0,0.0
2432,168299525,168300025,500,0,100.0,0.0
2433,168300025,168300525,500,0,100.0,0.0
2434,168300525,168301025,500,0,100.0,0.0
2435,168301025,168301525,500,0,100.0,0.0
2436,168301525,168302025,500,0,100.0,0.0
2437,168302025,168302525,500,0,100.0,0.0
2438,168302525,168303025,500,0,100.0,0.0
2439,168303025,168303525,500,0,100.0,0.0
2440,168303525,168304025,500,0,100.0,0.0
2441,168304025,168304525,500,0,100.0,0.0
2442,168304525,168305025,500,0,100.0,0.0
2443,168305025,168305525,53,447,10.6,89.4
2444,168305525,168306025,23,477,4.6,95.4
2445,168306025,168306525,6,494,1.2,98.8
2446,168306525,168307025,13,487,2.6,97.4
2447,168307025,168307525,9,491,1.7999999999999998,98.2
2448,168307525,168308025,5,495,1.0,99.0
2449,168308025,168308525,3,497,0.6,99.4
2450,168308525,168309025,14,486,2.8000000000000003,97.2
2451,168309025,168309525,105,395,21.0,79.0
2452,168309525,168310025,3,497,0.6,99.4
2453,168310025,168310525,236,264,47.199999999999996,52.800000000000004
2454,168310525,168311025,500,0,100.0,0.0
2455,168311025,168311525,500,0,100.0,0.0
2456,168311525,168312025,500,0,100.0,0.0
2457,168312025,168312525,500,0,100.0,0.0
2458,168312525,168313025,500,0,100.0,0.0
2459,168313025,168313525,500,0,100.0,0.0
2460,168313525,168314025,500,0,100.0,0.0
2461,168314025,168314525,500,0,100.0,0.0
2462,168314525,168315025,500,0,100.0,0.0
2463,168315025,168315525,500,0,100.0,0.0
2464,168315525,168316025,500,0,100.0,0.0
2465,168316025,168316525,500,0,100.0,0.0
2466,168316525,168317025,500,0,100.0,0.0
2467,168317025,168317525,500,0,100.0,0.0
2468,168317525,168318025,500,0,100.0,0.0
2469,168318025,168318525,500,0,100.0,0.0
2470,168318525,168319025,500,0,100.0,0.0
2471,168319025,168319525,500,0,100.0,0.0
2472,168319525,168320025,500,0,100.0,0.0
2473,168320025,168320525,500,0,100.0,0.0
2474,168320525,168321025,500,0,100.0,0.0
2475,168321025,168321525,500,0,100.0,0.0
2476,168321525,168322025,500,0,100.0,0.0
2477,168322025,168322525,500,0,100.0,0.0
2478,168322525,168323025,500,0,100.0,0.0
2479,168323025,168323525,500,0,100.0,0.0
2480,168323525,168324025,500,0,100.0,0.0
2481,168324025,168324525,500,0,100.0,0.0
2482,168324525,168325025,500,0,100.0,0.0
2483,168325025,168325525,500,0,100.0,0.0
2484,168325525,168326025,500,0,100.0,0.0
2485,168326025,168326525,500,0,100.0,0.0
2486,168326525,168327025,500,0,100.0,0.0
2487,168327025,168327525,500,0,100.0,0.0
2488,168327525,168328025,500,0,100.0,0.0
2489,168328025,168328525,500,0,100.0,0.0
2490,168328525,168329025,500,0,100.0,0.0
2491,168329025,168329525,500,0,100.0,0.0
2492,168329525,168330025,500,0,100.0,0.0
2493,168330025,168330525,500,0,100.0,0.0
2494,168330525,168331025,500,0,100.0,0.0
2495,168331025,168331525,500,0,100.0,0.0
2496,168331525,168332025,500,0,100.0,0.0
2497,168332025,168332525,500,0,100.0,0.0
2498,168332525,168333025,500,0,100.0,0.0
2499,168333025,168333525,500,0,100.0,0.0
2500,168333525,168334025,500,0,100.0,0.0
2501,168334025,168334525,500,0,100.0,0.0
2502,168334525,168335025,500,0,100.0,0.0
2503,168335025,168335525,500,0,100.0,0.0
2504,168335525,168336025,500,0,100.0,0.0
2505,168336025,168336525,500,0,100.0,0.0
2506,168336525,168337025,500,0,100.0,0.0
2507,168337025,168337525,500,0,100.0,0.0
2508,168337525,168338025,15,485,3.0,97.0
2509,168338025,168338525,27,473,5.4,94.6
2510,168338525,168339025,4,496,0.8,99.2
2511,168339025,168339525,16,484,3.2,96.8
2512,168339525,168340025,4,496,0.8,99.2
2513,168340025,168340525,10,490,2.0,98.0
2514,168340525,168341025,3,497,0.6,99.4
2515,168341025,168341525,14,486,2.8000000000000003,97.2
2516,168341525,168342025,135,365,27.0,73.0
2517,168342025,168342525,6,494,1.2,98.8
2518,168342525,168343025,421,79,84.2,15.799999999999997
2519,168343025,168343525,500,0,100.0,0.0
2520,168343525,168344025,500,0,100.0,0.0
2521,168344025,168344525,500,0,100.0,0.0
2522,168344525,168345025,500,0,100.0,0.0
2523,168345025,168345525,500,0,100.0,0.0
2524,168345525,168346025,500,0,100.0,0.0
2525,168346025,168346525,500,0,100.0,0.0
2526,168346525,168347025,500,0,100.0,0.0
2527,168347025,168347525,500,0,100.0,0.0
2528,168347525,168348025,500,0,100.0,0.0
2529,168348025,168348525,500,0,100.0,0.0
2530,168348525,168349025,500,0,100.0,0.0
2531,168349025,168349525,500,0,100.0,0.0
2532,168349525,168350025,500,0,100.0,0.0
2533,168350025,168350525,500,0,100.0,0.0
2534,168350525,168351025,500,0,100.0,0.0
2535,168351025,168351525,500,0,100.0,0.0
2536,168351525,168352025,500,0,100.0,0.0
2537,168352025,168352525,500,0,100.0,0.0
2538,168352525,168353025,500,0,100.0,0.0
2539,168353025,168353525,500,0,100.0,0.0
2540,168353525,168354025,500,0,100.0,0.0
2541,168354025,168354525,500,0,100.0,0.0
2542,168354525,168355025,500,0,100.0,0.0
2543,168355025,168355525,500,0,100.0,0.0
2544,168355525,168356025,500,0,100.0,0.0
2545,168356025,168356525,500,0,100.0,0.0
2546,168356525,168357025,500,0,100.0,0.0
2547,168357025,168357525,500,0,100.0,0.0
2548,168357525,168358025,500,0,100.0,0.0
2549,168358025,168358525,500,0,100.0,0.0
2550,168358525,168359025,500,0,100.0,0.0
2551,168359025,168359525,500,0,100.0,0.0
2552,168359525,168360025,500,0,100.0,0.0
2553,168360025,168360525,500,0,100.0,0.0
2554,168360525,168361025,500,0,100.0,0.0
2555,168361025,168361525,500,0,100.0,0.0
2556,168361525,168362025,500,0,100.0,0.0
2557,168362025,168362525,500,0,100.0,0.0
2558,168362525,168363025,500,0,100.0,0.0
2559,168363025,168363525,500,0,100.0,0.0
2560,168363525,168364025,500,0,100.0,0.0
2561,168364025,168364525,500,0,100.0,0.0
2562,168364525,168365025,500,0,100.0,0.0
2563,168365025,168365525,500,0,100.0,0.0
2564,168365525,168366025,500,0,100.0,0.0
2565,168366025,168366525,500,0,100.0,0.0
2566,168366525,168367025,500,0,100.0,0.0
2567,168367025,168367525,500,0,100.0,0.0
2568,168367525,168368025,500,0,100.0,0.0
2569,168368025,168368525,500,0,100.0,0.0
2570,168368525,168369025,500,0,100.0,0.0
2571,168369025,168369525,500,0,100.0,0.0
2572,168369525,168370025,500,0,100.0,0.0
2573,168370025,168370525,500,0,100.0,0.0
2574,168370525,168371025,500,0,100.0,0.0
2575,168371025,168371525,264,236,52.800000000000004,47.199999999999996
2576,168371525,168372025,3,497,0.6,99.4
2577,168372025,168372525,29,471,5.800000000000001,94.2
2578,168372525,168373025,2,498,0.4,99.6
2579,168373025,168373525,19,481,3.8,96.2
2580,168373525,168374025,3,497,0.6,99.4
2581,168374025,168374525,11,489,2.1999999999999997,97.8
2582,168374525,168375025,3,497,0.6,99.4
2583,168375025,168375525,15,485,3.0,97.0
2584,168375525,168376025,98,402,19.6,80.4
2585,168376025,168376525,4,496,0.8,99.2
2586,168376525,168377025,211,289,42.199999999999996,57.800000000000004
2587,168377025,168377525,500,0,100.0,0.0
2588,168377525,168378025,500,0,100.0,0.0
2589,168378025,168378525,500,0,100.0,0.0
2590,168378525,168379025,500,0,100.0,0.0
2591,168379025,168379525,500,0,100.0,0.0
2592,168379525,168380025,500,0,100.0,0.0
2593,168380025,168380525,500,0,100.0,0.0
2594,168380525,168381025,500,0,100.0,0.0
2595,168381025,168381525,500,0,100.0,0.0
2596,168381525,168382025,500,0,100.0,0.0
2597,168382025,168382525,500,0,100.0,0.0
2598,168382525,168383025,500,0,100.0,0.0
2599,168383025,168383525,500,0,100.0,0.0
2600,168383525,168384025,500,0,100.0,0.0
2601,168384025,168384525,500,0,100.0,0.0
2602,168384525,168385025,500,0,100.0,0.0
2603,168385025,168385525,500,0,100.0,0.0
2604,168385525,168386025,500,0,100.0,0.0
2605,168386025,168386525,500,0,100.0,0.0
2606,168386525,168387025,500,0,100.0,0.0
2607,168387025,168387525,500,0,100.0,0.0
2608,168387525,168388025,500,0,100.0,0.0
2609,168388025,168388525,500,0,100.0,0.0
2610,168388525,168389025,500,0,100.0,0.0
2611,168389025,168389525,500,0,100.0,0.0
2612,168389525,168390025,500,0,100.0,0.0
2613,168390025,168390525,500,0,100.0,0.0
2614,168390525,168391025,500,0,100.0,0.0
2615,168391025,168391525,500,0,100.0,0.0
2616,168391525,168392025,500,0,100.0,0.0
2617,168392025,168392525,500,0,100.0,0.0
2618,168392525,168393025,500,0,100.0,0.0
2619,168393025,168393525,500,0,100.0,0.0
2620,168393525,168394025,500,0,100.0,0.0
2621,168394025,168394525,500,0,100.0,0.0
2622,168394525,168395025,500,0,100.0,0.0
2623,168395025,168395525,500,0,100.0,0.0
2624,168395525,168396025,500,0,100.0,0.0
2625,168396025,168396525,500,0,100.0,0.0
2626,168396525,168397025,500,0,100.0,0.0
2627,168397025,168397525,500,0,100.0,0.0
2628,168397525,168398025,500,0,100.0,0.0
2629,168398025,168398525,500,0,100.0,0.0
2630,168398525,168399025,500,0,100.0,0.0
2631,168399025,168399525,500,0,100.0,0.0
2632,168399525,168400025,500,0,100.0,0.0
2633,168400025,168400525,500,0,100.0,0.0
2634,168400525,168401025,500,0,100.0,0.0
2635,168401025,168401525,500,0,100.0,0.0
2636,168401525,168402025,500,0,100.0,0.0
2637,168402025,168402525,500,0,100.0,0.0
2638,168402525,168403025,500,0,100.0,0.0
2639,168403025,168403525,500,0,100.0,0.0
2640,168403525,168404025,500,0,100.0,0.0
2641,168404025,168404525,500,0,100.0,0.0
2642,168404525,168405025,500,0,100.0,0.0
2643,168405025,168405525,500,0,100.0,0.0
2644,168405525,168406025,500,0,100.0,0.0
2645,168406025,168406525,500,0,100.0,0.0
2646,168406525,168407025,500,0,100.0,0.0
2647,168407025,168407525,500,0,100.0,0.0
2648,168407525,168408025,500,0,100.0,0.0
2649,168408025,168408525,500,0,100.0,0.0
2650,168408525,168409025,500,0,100.0,0.0
2651,168409025,168409525,500,0,100.0,0.0
2652,168409525,168410025,500,0,100.0,0.0
2653,168410025,168410525,500,0,100.0,0.0
2654,168410525,168411025,500,0,100.0,0.0
2655,168411025,168411525,500,0,100.0,0.0
2656,168411525,168412025,500,0,100.0,0.0
2657,168412025,168412525,500,0,100.0,0.0
2658,168412525,168413025,500,0,100.0,0.0
2659,168413025,168413525,500,0,100.0,0.0
2660,168413525,168414025,500,0,100.0,0.0
2661,168414025,168414525,500,0,100.0,0.0
2662,168414525,168415025,500,0,100.0,0.0
2663,168415025,168415525,348,152,69.6,30.400000000000006
2664,168415525,168416025,0,500,0.0,100.0
2665,168416025,168416525,4,496,0.8,99.2
2666,168416525,168417025,17,483,3.4000000000000004,96.6
2667,168417025,168417525,4,496,0.8,99.2
2668,168417525,168418025,31,469,6.2,93.8
2669,168418025,168418525,5,495,1.0,99.0
2670,168418525,168419025,18,482,3.5999999999999996,96.4
2671,168419025,168419525,7,493,1.4000000000000001,98.6
2672,168419525,168420025,12,488,2.4,97.6
2673,168420025,168420525,2,498,0.4,99.6
2674,168420525,168421025,14,486,2.8000000000000003,97.2
2675,168421025,168421525,5,495,1.0,99.0
2676,168421525,168422025,104,396,20.8,79.2
2677,168422025,168422525,4,496,0.8,99.2
2678,168422525,168423025,97,403,19.400000000000002,80.6
2679,168423025,168423525,500,0,100.0,0.0
2680,168423525,168424025,500,0,100.0,0.0
2681,168424025,168424525,500,0,100.0,0.0
2682,168424525,168425025,500,0,100.0,0.0
2683,168425025,168425525,500,0,100.0,0.0
2684,168425525,168426025,500,0,100.0,0.0
2685,168426025,168426525,500,0,100.0,0.0
2686,168426525,168427025,500,0,100.0,0.0
2687,168427025,168427525,500,0,100.0,0.0
2688,168427525,168428025,500,0,100.0,0.0
2689,168428025,168428525,500,0,100.0,0.0
2690,168428525,168429025,500,0,100.0,0.0
2691,168429025,168429525,500,0,100.0,0.0
2692,168429525,168430025,500,0,100.0,0.0
2693,168430025,168430525,500,0,100.0,0.0
2694,168430525,168431025,500,0,100.0,0.0
2695,168431025,168431525,500,0,100.0,0.0
2696,168431525,168432025,500,0,100.0,0.0
2697,168432025,168432525,500,0,100.0,0.0
2698,168432525,168433025,500,0,100.0,0.0
2699,168433025,168433525,500,0,100.0,0.0
2700,168433525,168434025,500,0,100.0,0.0
2701,168434025,168434525,500,0,100.0,0.0
2702,168434525,168435025,500,0,100.0,0.0
2703,168435025,168435525,500,0,100.0,0.0
2704,168435525,168436025,500,0,100.0,0.0
2705,168436025,168436525,500,0,100.0,0.0
2706,168436525,168437025,500,0,100.0,0.0
2707,168437025,168437525,500,0,100.0,0.0
2708,168437525,168438025,500,0,100.0,0.0
2709,168438025,168438525,500,0,100.0,0.0
2710,168438525,168439025,500,0,100.0,0.0
2711,168439025,168439525,500,0,100.0,0.0
2712,168439525,168440025,500,0,100.0,0.0
2713,168440025,168440525,500,0,100.0,0.0
2714,168440525,168441025,500,0,100.0,0.0
2715,168441025,168441525,500,0,100.0,0.0
2716,168441525,168442025,500,0,100.0,0.0
2717,168442025,168442525,500,0,100.0,0.0
2718,168442525,168443025,500,0,100.0,0.0
2719,168443025,168443525,500,0,100.0,0.0
2720,168443525,168444025,500,0,100.0,0.0
2721,168444025,168444525,500,0,100.0,0.0
2722,168444525,168445025,500,0,100.0,0.0
2723,168445025,168445525,500,0,100.0,0.0
2724,168445525,168446025,500,0,100.0,0.0
2725,168446025,168446525,500,0,100.0,0.0
2726,168446525,168447025,500,0,100.0,0.0
2727,168447025,168447525,500,0,100.0,0.0
2728,168447525,168448025,500,0,100.0,0.0
2729,168448025,168448525,500,0,100.0,0.0
2730,168448525,168449025,500,0,100.0,0.0
2731,168449025,168449525,500,0,100.0,0.0
2732,168449525,168450025,500,0,100.0,0.0
2733,168450025,168450525,500,0,100.0,0.0
2734,168450525,168451025,500,0,100.0,0.0
2735,168451025,168451525,500,0,100.0,0.0
2736,168451525,168452025,500,0,100.0,0.0
2737,168452025,168452525,500,0,100.0,0.0
2738,168452525,168453025,500,0,100.0,0.0
2739,168453025,168453525,500,0,100.0,0.0
2740,168453525,168454025,500,0,100.0,0.0
2741,168454025,168454525,500,0,100.0,0.0
2742,168454525,168455025,500,0,100.0,0.0
2743,168455025,168455525,500,0,100.0,0.0
2744,168455525,168456025,500,0,100.0,0.0
2745,168456025,168456525,500,0,100.0,0.0
2746,168456525,168457025,500,0,100.0,0.0
2747,168457025,168457525,500,0,100.0,0.0
2748,168457525,168458025,500,0,100.0,0.0
2749,168458025,168458525,129,371,25.8,74.2
2750,168458525,168459025,24,476,4.8,95.2
2751,168459025,168459525,6,494,1.2,98.8
2752,168459525,168460025,12,488,2.4,97.6
2753,168460025,168460525,10,490,2.0,98.0
2754,168460525,168461025,4,496,0.8,99.2
2755,168461025,168461525,13,487,2.6,97.4
2756,168461525,168462025,3,497,0.6,99.4
2757,168462025,168462525,5,495,1.0,99.0
2758,168462525,168463025,0,500,0.0,100.0
2759,168463025,168463525,108,392,21.6,78.4
2760,168463525,168464025,22,478,4.3999999999999995,95.6
2761,168464025,168464525,500,0,100.0,0.0
2762,168464525,168465025,500,0,100.0,0.0
2763,168465025,168465525,500,0,100.0,0.0
2764,168465525,168466025,500,0,100.0,0.0
2765,168466025,168466525,500,0,100.0,0.0
2766,168466525,168467025,500,0,100.0,0.0
2767,168467025,168467525,500,0,100.0,0.0
2768,168467525,168468025,500,0,100.0,0.0
2769,168468025,168468525,500,0,100.0,0.0
2770,168468525,168469025,500,0,100.0,0.0
2771,168469025,168469525,500,0,100.0,0.0
2772,168469525,168470025,500,0,100.0,0.0
2773,168470025,168470525,500,0,100.0,0.0
2774,168470525,168471025,500,0,100.0,0.0
2775,168471025,168471525,500,0,100.0,0.0
2776,168471525,168472025,500,0,100.0,0.0
2777,168472025,168472525,500,0,100.0,0.0
2778,168472525,168473025,500,0,100.0,0.0
2779,168473025,168473525,500,0,100.0,0.0
2780,168473525,168474025,500,0,100.0,0.0
2781,168474025,168474525,500,0,100.0,0.0
2782,168474525,168475025,500,0,100.0,0.0
2783,168475025,168475525,500,0,100.0,0.0
2784,168475525,168476025,500,0,100.0,0.0
2785,168476025,168476525,500,0,100.0,0.0
2786,168476525,168477025,500,0,100.0,0.0
2787,168477025,168477525,500,0,100.0,0.0
2788,168477525,168478025,500,0,100.0,0.0
2789,168478025,168478525,500,0,100.0,0.0
2790,168478525,168479025,500,0,100.0,0.0
2791,168479025,168479525,500,0,100.0,0.0
2792,168479525,168480025,500,0,100.0,0.0
2793,168480025,168480525,500,0,100.0,0.0
2794,168480525,168481025,500,0,100.0,0.0
2795,168481025,168481525,500,0,100.0,0.0
2796,168481525,168482025,500,0,100.0,0.0
2797,168482025,168482525,500,0,100.0,0.0
2798,168482525,168483025,500,0,100.0,0.0
2799,168483025,168483525,500,0,100.0,0.0
2800,168483525,168484025,500,0,100.0,0.0
2801,168484025,168484525,500,0,100.0,0.0
2802,168484525,168485025,500,0,100.0,0.0
2803,168485025,168485525,500,0,100.0,0.0
2804,168485525,168486025,500,0,100.0,0.0
2805,168486025,168486525,500,0,100.0,0.0
2806,168486525,168487025,500,0,100.0,0.0
2807,168487025,168487525,500,0,100.0,0.0
2808,168487525,168488025,500,0,100.0,0.0
2809,168488025,168488525,500,0,100.0,0.0
2810,168488525,168489025,500,0,100.0,0.0
2811,168489025,168489525,500,0,100.0,0.0
2812,168489525,168490025,500,0,100.0,0.0
2813,168490025,168490525,500,0,100.0,0.0
2814,168490525,168491025,500,0,100.0,0.0
2815,168491025,168491525,233,267,46.6,53.4
2816,168491525,168492025,0,500,0.0,100.0
2817,168492025,168492525,0,500,0.0,100.0
2818,168492525,168493025,23,477,4.6,95.4
2819,168493025,168493525,3,497,0.6,99.4
2820,168493525,168494025,32,468,6.4,93.6
2821,168494025,168494525,5,495,1.0,99.0
2822,168494525,168495025,6,494,1.2,98.8
2823,168495025,168495525,23,477,4.6,95.4
2824,168495525,168496025,10,490,2.0,98.0
2825,168496025,168496525,11,489,2.1999999999999997,97.8
2826,168496525,168497025,13,487,2.6,97.4
2827,168497025,168497525,5,495,1.0,99.0
2828,168497525,168498025,101,399,20.200000000000003,79.8
2829,168498025,168498525,146,354,29.2,70.8
2830,168498525,168499025,500,0,100.0,0.0
2831,168499025,168499525,500,0,100.0,0.0
2832,168499525,168500025,500,0,100.0,0.0
2833,168500025,168500525,500,0,100.0,0.0
2834,168500525,168501025,500,0,100.0,0.0
2835,168501025,168501525,500,0,100.0,0.0
2836,168501525,168502025,500,0,100.0,0.0
2837,168502025,168502525,500,0,100.0,0.0
2838,168502525,168503025,500,0,100.0,0.0
2839,168503025,168503525,500,0,100.0,0.0
2840,168503525,168504025,500,0,100.0,0.0
2841,168504025,168504525,500,0,100.0,0.0
2842,168504525,168505025,500,0,100.0,0.0
2843,168505025,168505525,500,0,100.0,0.0
2844,168505525,168506025,500,0,100.0,0.0
2845,168506025,168506525,500,0,100.0,0.0
2846,168506525,168507025,500,0,100.0,0.0
2847,168507025,168507525,500,0,100.0,0.0
2848,168507525,168508025,500,0,100.0,0.0
2849,168508025,168508525,500,0,100.0,0.0
2850,168508525,168509025,500,0,100.0,0.0
2851,168509025,168509525,500,0,100.0,0.0
2852,168509525,168510025,500,0,100.0,0.0
2853,168510025,168510525,500,0,100.0,0.0
2854,168510525,168511025,500,0,100.0,0.0
2855,168511025,168511525,500,0,100.0,0.0
2856,168511525,168512025,500,0,100.0,0.0
2857,168512025,168512525,500,0,100.0,0.0
2858,168512525,168513025,500,0,100.0,0.0
2859,168513025,168513525,500,0,100.0,0.0
2860,168513525,168514025,500,0,100.0,0.0
2861,168514025,168514525,500,0,100.0,0.0
2862,168514525,168515025,500,0,100.0,0.0
2863,168515025,168515525,500,0,100.0,0.0
2864,168515525,168516025,500,0,100.0,0.0
2865,168516025,168516525,500,0,100.0,0.0
2866,168516525,168517025,500,0,100.0,0.0
2867,168517025,168517525,500,0,100.0,0.0
2868,168517525,168518025,500,0,100.0,0.0
2869,168518025,168518525,500,0,100.0,0.0
2870,168518525,168519025,500,0,100.0,0.0
2871,168519025,168519525,500,0,100.0,0.0
2872,168519525,168520025,500,0,100.0,0.0
2873,168520025,168520525,500,0,100.0,0.0
2874,168520525,168521025,500,0,100.0,0.0
2875,168521025,168521525,500,0,100.0,0.0
2876,168521525,168522025,500,0,100.0,0.0
2877,168522025,168522525,500,0,100.0,0.0
2878,168522525,168523025,500,0,100.0,0.0
2879,168523025,168523525,500,0,100.0,0.0
2880,168523525,168524025,500,0,100.0,0.0
2881,168524025,168524525,500,0,100.0,0.0
2882,168524525,168525025,500,0,100.0,0.0
2883,168525025,168525525,500,0,100.0,0.0
2884,168525525,168526025,500,0,100.0,0.0
2885,168526025,168526525,500,0,100.0,0.0
2886,168526525,168527025,127,373,25.4,74.6
2887,168527025,168527525,27,473,5.4,94.6
2888,168527525,168528025,4,496,0.8,99.2
2889,168528025,168528525,14,486,2.8000000000000003,97.2
2890,168528525,168529025,4,496,0.8,99.2
2891,168529025,168529525,9,491,1.7999999999999998,98.2
2892,168529525,168530025,3,497,0.6,99.4
2893,168530025,168530525,15,485,3.0,97.0
2894,168530525,168531025,88,412,17.599999999999998,82.4
2895,168531025,168531525,3,497,0.6,99.4
2896,168531525,168532025,6,494,1.2,98.8
2897,168532025,168532525,0,500,0.0,100.0
2898,168532525,168533025,313,187,62.6,37.4
2899,168533025,168533525,500,0,100.0,0.0
2900,168533525,168534025,500,0,100.0,0.0
2901,168534025,168534525,500,0,100.0,0.0
2902,168534525,168535025,500,0,100.0,0.0
2903,168535025,168535525,500,0,100.0,0.0
2904,168535525,168536025,500,0,100.0,0.0
2905,168536025,168536525,500,0,100.0,0.0
2906,168536525,168537025,500,0,100.0,0.0
2907,168537025,168537525,500,0,100.0,0.0
2908,168537525,168538025,500,0,100.0,0.0
2909,168538025,168538525,500,0,100.0,0.0
2910,168538525,168539025,500,0,100.0,0.0
2911,168539025,168539525,500,0,100.0,0.0
2912,168539525,168540025,500,0,100.0,0.0
2913,168540025,168540525,500,0,100.0,0.0
2914,168540525,168541025,500,0,100.0,0.0
2915,168541025,168541525,500,0,100.0,0.0
2916,168541525,168542025,500,0,100.0,0.0
2917,168542025,168542525,500,0,100.0,0.0
2918,168542525,168543025,500,0,100.0,0.0
2919,168543025,168543525,500,0,100.0,0.0
2920,168543525,168544025,500,0,100.0,0.0
2921,168544025,168544525,500,0,100.0,0.0
2922,168544525,168545025,500,0,100.0,0.0
2923,168545025,168545525,500,0,100.0,0.0
2924,168545525,168546025,500,0,100.0,0.0
2925,168546025,168546525,500,0,100.0,0.0
2926,168546525,168547025,500,0,100.0,0.0
2927,168547025,168547525,500,0,100.0,0.0
2928,168547525,168548025,500,0,100.0,0.0
2929,168548025,168548525,500,0,100.0,0.0
2930,168548525,168549025,500,0,100.0,0.0
2931,168549025,168549525,500,0,100.0,0.0
2932,168549525,168550025,500,0,100.0,0.0
2933,168550025,168550525,500,0,100.0,0.0
2934,168550525,168551025,500,0,100.0,0.0
2935,168551025,168551525,500,0,100.0,0.0
2936,168551525,168552025,500,0,100.0,0.0
2937,168552025,168552525,500,0,100.0,0.0
2938,168552525,168553025,500,0,100.0,0.0
2939,168553025,168553525,500,0,100.0,0.0
2940,168553525,168554025,500,0,100.0,0.0
2941,168554025,168554525,500,0,100.0,0.0
2942,168554525,168555025,500,0,100.0,0.0
2943,168555025,168555525,500,0,100.0,0.0
2944,168555525,168556025,500,0,100.0,0.0
2945,168556025,168556525,500,0,100.0,0.0
2946,168556525,168557025,500,0,100.0,0.0
2947,168557025,168557525,500,0,100.0,0.0
2948,168557525,168558025,500,0,100.0,0.0
2949,168558025,168558525,500,0,100.0,0.0
2950,168558525,168559025,500,0,100.0,0.0
2951,168559025,168559525,500,0,100.0,0.0
2952,168559525,168560025,500,0,100.0,0.0
2953,168560025,168560525,500,0,100.0,0.0
2954,168560525,168561025,500,0,100.0,0.0
2955,168561025,168561525,500,0,100.0,0.0
2956,168561525,168562025,500,0,100.0,0.0
2957,168562025,168562525,500,0,100.0,0.0
2958,168562525,168563025,500,0,100.0,0.0
2959,168563025,168563525,500,0,100.0,0.0
2960,168563525,168564025,500,0,100.0,0.0
2961,168564025,168564525,500,0,100.0,0.0
2962,168564525,168565025,500,0,100.0,0.0
2963,168565025,168565525,500,0,100.0,0.0
2964,168565525,168566025,500,0,100.0,0.0
2965,168566025,168566525,500,0,100.0,0.0
2966,168566525,168567025,500,0,100.0,0.0
2967,168567025,168567525,500,0,100.0,0.0
2968,168567525,168568025,500,0,100.0,0.0
2969,168568025,168568525,500,0,100.0,0.0
2970,168568525,168569025,500,0,100.0,0.0
2971,168569025,168569525,500,0,100.0,0.0
2972,168569525,168570025,500,0,100.0,0.0
2973,168570025,168570525,500,0,100.0,0.0
2974,168570525,168571025,500,0,100.0,0.0
2975,168571025,168571525,500,0,100.0,0.0
2976,168571525,168572025,500,0,100.0,0.0
2977,168572025,168572525,500,0,100.0,0.0
2978,168572525,168573025,500,0,100.0,0.0
2979,168573025,168573525,500,0,100.0,0.0
2980,168573525,168574025,500,0,100.0,0.0
2981,168574025,168574525,500,0,100.0,0.0
2982,168574525,168575025,500,0,100.0,0.0
2983,168575025,168575525,500,0,100.0,0.0
2984,168575525,168576025,500,0,100.0,0.0
2985,168576025,168576525,500,0,100.0,0.0
2986,168576525,168577025,500,0,100.0,0.0
2987,168577025,168577525,500,0,100.0,0.0
2988,168577525,168578025,500,0,100.0,0.0
2989,168578025,168578525,346,154,69.19999999999999,30.80000000000001
2990,168578525,168579025,3,497,0.6,99.4
2991,168579025,168579525,42,458,8.4,91.6
2992,168579525,168580025,3,497,0.6,99.4
2993,168580025,168580525,5,495,1.0,99.0
2994,168580525,168581025,19,481,3.8,96.2
2995,168581025,168581525,12,488,2.4,97.6
2996,168581525,168582025,4,496,0.8,99.2
2997,168582025,168582525,14,486,2.8000000000000003,97.2
2998,168582525,168583025,4,496,0.8,99.2
2999,168583025,168583525,151,349,30.2,69.8
3000,168583525,168584025,4,496,0.8,99.2
3001,168584025,168584525,491,9,98.2,1.7999999999999972
3002,168584525,168585025,500,0,100.0,0.0
3003,168585025,168585525,500,0,100.0,0.0
3004,168585525,168586025,500,0,100.0,0.0
3005,168586025,168586525,500,0,100.0,0.0
3006,168586525,168587025,500,0,100.0,0.0
3007,168587025,168587525,500,0,100.0,0.0
3008,168587525,168588025,500,0,100.0,0.0
3009,168588025,168588525,500,0,100.0,0.0
3010,168588525,168589025,500,0,100.0,0.0
3011,168589025,168589525,500,0,100.0,0.0
3012,168589525,168590025,500,0,100.0,0.0
3013,168590025,168590525,500,0,100.0,0.0
3014,168590525,168591025,500,0,100.0,0.0
3015,168591025,168591525,500,0,100.0,0.0
3016,168591525,168592025,500,0,100.0,0.0
3017,168592025,168592525,500,0,100.0,0.0
3018,168592525,168593025,500,0,100.0,0.0
3019,168593025,168593525,500,0,100.0,0.0
3020,168593525,168594025,500,0,100.0,0.0
3021,168594025,168594525,500,0,100.0,0.0
3022,168594525,168595025,500,0,100.0,0.0
3023,168595025,168595525,500,0,100.0,0.0
3024,168595525,168596025,500,0,100.0,0.0
3025,168596025,168596525,500,0,100.0,0.0
3026,168596525,168597025,500,0,100.0,0.0
3027,168597025,168597525,500,0,100.0,0.0
3028,168597525,168598025,500,0,100.0,0.0
3029,168598025,168598525,500,0,100.0,0.0
3030,168598525,168599025,500,0,100.0,0.0
3031,168599025,168599525,500,0,100.0,0.0
3032,168599525,168600025,500,0,100.0,0.0
3033,168600025,168600525,500,0,100.0,0.0
3034,168600525,168601025,500,0,100.0,0.0
3035,168601025,168601525,500,0,100.0,0.0
3036,168601525,168602025,500,0,100.0,0.0
3037,168602025,168602525,500,0,100.0,0.0
3038,168602525,168603025,500,0,100.0,0.0
3039,168603025,168603525,500,0,100.0,0.0
3040,168603525,168604025,500,0,100.0,0.0
3041,168604025,168604525,500,0,100.0,0.0
3042,168604525,168605025,500,0,100.0,0.0
3043,168605025,168605525,500,0,100.0,0.0
3044,168605525,168606025,500,0,100.0,0.0
3045,168606025,168606525,500,0,100.0,0.0
3046,168606525,168607025,500,0,100.0,0.0
3047,168607025,168607525,500,0,100.0,0.0
3048,168607525,168608025,500,0,100.0,0.0
3049,168608025,168608525,500,0,100.0,0.0
3050,168608525,168609025,500,0,100.0,0.0
3051,168609025,168609525,500,0,100.0,0.0
3052,168609525,168610025,500,0,100.0,0.0
3053,168610025,168610525,500,0,100.0,0.0
3054,168610525,168611025,500,0,100.0,0.0
3055,168611025,168611525,385,115,77.0,23.0
3056,168611525,168612025,14,486,2.8000000000000003,97.2
3057,168612025,168612525,25,475,5.0,95.0
3058,168612525,168613025,13,487,2.6,97.4
3059,168613025,168613525,6,494,1.2,98.8
3060,168613525,168614025,8,492,1.6,98.4
3061,168614025,168614525,6,494,1.2,98.8
3062,168614525,168615025,11,489,2.1999999999999997,97.8
3063,168615025,168615525,88,412,17.599999999999998,82.4
3064,168615525,168616025,5,495,1.0,99.0
3065,168616025,168616525,415,85,83.0,17.0
3066,168616525,168617025,500,0,100.0,0.0
3067,168617025,168617525,500,0,100.0,0.0
3068,168617525,168618025,500,0,100.0,0.0
3069,168618025,168618525,500,0,100.0,0.0
3070,168618525,168619025,500,0,100.0,0.0
3071,168619025,168619525,500,0,100.0,0.0
3072,168619525,168620025,500,0,100.0,0.0
3073,168620025,168620525,500,0,100.0,0.0
3074,168620525,168621025,500,0,100.0,0.0
3075,168621025,168621525,500,0,100.0,0.0
3076,168621525,168622025,500,0,100.0,0.0
3077,168622025,168622525,500,0,100.0,0.0
3078,168622525,168623025,500,0,100.0,0.0
3079,168623025,168623525,500,0,100.0,0.0
3080,168623525,168624025,500,0,100.0,0.0
3081,168624025,168624525,500,0,100.0,0.0
3082,168624525,168625025,500,0,100.0,0.0
3083,168625025,168625525,500,0,100.0,0.0
3084,168625525,168626025,500,0,100.0,0.0
3085,168626025,168626525,500,0,100.0,0.0
3086,168626525,168627025,500,0,100.0,0.0
3087,168627025,168627525,500,0,100.0,0.0
3088,168627525,168628025,500,0,100.0,0.0
3089,168628025,168628525,500,0,100.0,0.0
3090,168628525,168629025,500,0,100.0,0.0
3091,168629025,168629525,500,0,100.0,0.0
3092,168629525,168630025,500,0,100.0,0.0
3093,168630025,168630525,500,0,100.0,0.0
3094,168630525,168631025,500,0,100.0,0.0
3095,168631025,168631525,500,0,100.0,0.0
3096,168631525,168632025,500,0,100.0,0.0
3097,168632025,168632525,500,0,100.0,0.0
3098,168632525,168633025,500,0,100.0,0.0
3099,168633025,168633525,500,0,100.0,0.0
3100,168633525,168634025,500,0,100.0,0.0
3101,168634025,168634525,500,0,100.0,0.0
3102,168634525,168635025,500,0,100.0,0.0
3103,168635025,168635525,500,0,100.0,0.0
3104,168635525,168636025,500,0,100.0,0.0
3105,168636025,168636525,500,0,100.0,0.0
3106,168636525,168637025,500,0,100.0,0.0
3107,168637025,168637525,500,0,100.0,0.0
3108,168637525,168638025,500,0,100.0,0.0
3109,168638025,168638525,500,0,100.0,0.0
3110,168638525,168639025,500,0,100.0,0.0
3111,168639025,168639525,500,0,100.0,0.0
3112,168639525,168640025,500,0,100.0,0.0
3113,168640025,168640525,500,0,100.0,0.0
3114,168640525,168641025,500,0,100.0,0.0
3115,168641025,168641525,76,424,15.2,84.8
3116,168641525,168642025,22,478,4.3999999999999995,95.6
3117,168642025,168642525,6,494,1.2,98.8
3118,168642525,168643025,12,488,2.4,97.6
3119,168643025,168643525,12,488,2.4,97.6
3120,168643525,168644025,3,497,0.6,99.4
3121,168644025,168644525,15,485,3.0,97.0
3122,168644525,168645025,108,392,21.6,78.4
3123,168645025,168645525,20,480,4.0,96.0
3124,168645525,168646025,224,276,44.800000000000004,55.199999999999996
3125,168646025,168646525,500,0,100.0,0.0
3126,168646525,168647025,500,0,100.0,0.0
3127,168647025,168647525,500,0,100.0,0.0
3128,168647525,168648025,500,0,100.0,0.0
3129,168648025,168648525,500,0,100.0,0.0
3130,168648525,168649025,500,0,100.0,0.0
3131,168649025,168649525,500,0,100.0,0.0
3132,168649525,168650025,500,0,100.0,0.0
3133,168650025,168650525,500,0,100.0,0.0
3134,168650525,168651025,500,0,100.0,0.0
3135,168651025,168651525,500,0,100.0,0.0
3136,168651525,168652025,500,0,100.0,0.0
3137,168652025,168652525,500,0,100.0,0.0
3138,168652525,168653025,500,0,100.0,0.0
3139,168653025,168653525,500,0,100.0,0.0
3140,168653525,168654025,500,0,100.0,0.0
3141,168654025,168654525,500,0,100.0,0.0
3142,168654525,168655025,500,0,100.0,0.0
3143,168655025,168655525,500,0,100.0,0.0
3144,168655525,168656025,500,0,100.0,0.0
3145,168656025,168656525,500,0,100.0,0.0
3146,168656525,168657025,500,0,100.0,0.0
3147,168657025,168657525,500,0,100.0,0.0
3148,168657525,168658025,500,0,100.0,0.0
3149,168658025,168658525,500,0,100.0,0.0
3150,168658525,168659025,500,0,100.0,0.0
3151,168659025,168659525,500,0,100.0,0.0
3152,168659525,168660025,500,0,100.0,0.0
3153,168660025,168660525,500,0,100.0,0.0
3154,168660525,168661025,500,0,100.0,0.0
3155,168661025,168661525,500,0,100.0,0.0
3156,168661525,168662025,500,0,100.0,0.0
3157,168662025,168662525,500,0,100.0,0.0
3158,168662525,168663025,500,0,100.0,0.0
3159,168663025,168663525,500,0,100.0,0.0
3160,168663525,168664025,500,0,100.0,0.0
3161,168664025,168664525,500,0,100.0,0.0
3162,168664525,168665025,500,0,100.0,0.0
3163,168665025,168665525,500,0,100.0,0.0
3164,168665525,168666025,500,0,100.0,0.0
3165,168666025,168666525,500,0,100.0,0.0
3166,168666525,168667025,500,0,100.0,0.0
3167,168667025,168667525,500,0,100.0,0.0
3168,168667525,168668025,500,0,100.0,0.0
3169,168668025,168668525,500,0,100.0,0.0
3170,168668525,168669025,500,0,100.0,0.0
3171,168669025,168669525,500,0,100.0,0.0
3172,168669525,168670025,500,0,100.0,0.0
3173,168670025,168670525,500,0,100.0,0.0
3174,168670525,168671025,500,0,100.0,0.0
3175,168671025,168671525,500,0,100.0,0.0
3176,168671525,168672025,500,0,100.0,0.0
3177,168672025,168672525,500,0,100.0,0.0
3178,168672525,168673025,500,0,100.0,0.0
3179,168673025,168673525,500,0,100.0,0.0
3180,168673525,168674025,500,0,100.0,0.0
3181,168674025,168674525,500,0,100.0,0.0
3182,168674525,168675025,500,0,100.0,0.0
3183,168675025,168675525,500,0,100.0,0.0
3184,168675525,168676025,500,0,100.0,0.0
3185,168676025,168676525,203,297,40.6,59.4
3186,168676525,168677025,3,497,0.6,99.4
3187,168677025,168677525,30,470,6.0,94.0
3188,168677525,168678025,4,496,0.8,99.2
3189,168678025,168678525,14,486,2.8000000000000003,97.2
3190,168678525,168679025,10,490,2.0,98.0
3191,168679025,168679525,4,496,0.8,99.2
3192,168679525,168680025,14,486,2.8000000000000003,97.2
3193,168680025,168680525,92,408,18.4,81.6
3194,168680525,168681025,3,497,0.6,99.4
3195,168681025,168681525,374,126,74.8,25.200000000000003
3196,168681525,168682025,500,0,100.0,0.0
3197,168682025,168682525,500,0,100.0,0.0
3198,168682525,168683025,500,0,100.0,0.0
3199,168683025,168683525,500,0,100.0,0.0
3200,168683525,168684025,500,0,100.0,0.0
3201,168684025,168684525,500,0,100.0,0.0
3202,168684525,168685025,500,0,100.0,0.0
3203,168685025,168685525,500,0,100.0,0.0
3204,168685525,168686025,500,0,100.0,0.0
3205,168686025,168686525,500,0,100.0,0.0
3206,168686525,168687025,500,0,100.0,0.0
3207,168687025,168687525,500,0,100.0,0.0
3208,168687525,168688025,500,0,100.0,0.0
3209,168688025,168688525,500,0,100.0,0.0
3210,168688525,168689025,500,0,100.0,0.0
3211,168689025,168689525,500,0,100.0,0.0
3212,168689525,168690025,500,0,100.0,0.0
3213,168690025,168690525,500,0,100.0,0.0
3214,168690525,168691025,500,0,100.0,0.0
3215,168691025,168691525,500,0,100.0,0.0
3216,168691525,168692025,500,0,100.0,0.0
3217,168692025,168692525,500,0,100.0,0.0
3218,168692525,168693025,500,0,100.0,0.0
3219,168693025,168693525,500,0,100.0,0.0
3220,168693525,168694025,500,0,100.0,0.0
3221,168694025,168694525,500,0,100.0,0.0
3222,168694525,168695025,500,0,100.0,0.0
3223,168695025,168695525,500,0,100.0,0.0
3224,168695525,168696025,500,0,100.0,0.0
3225,168696025,168696525,500,0,100.0,0.0
3226,168696525,168697025,500,0,100.0,0.0
3227,168697025,168697525,500,0,100.0,0.0
3228,168697525,168698025,500,0,100.0,0.0
3229,168698025,168698525,500,0,100.0,0.0
3230,168698525,168699025,500,0,100.0,0.0
3231,168699025,168699525,500,0,100.0,0.0
3232,168699525,168700025,500,0,100.0,0.0
3233,168700025,168700525,500,0,100.0,0.0
3234,168700525,168701025,500,0,100.0,0.0
3235,168701025,168701525,500,0,100.0,0.0
3236,168701525,168702025,500,0,100.0,0.0
3237,168702025,168702525,500,0,100.0,0.0
3238,168702525,168703025,500,0,100.0,0.0
3239,168703025,168703525,500,0,100.0,0.0
3240,168703525,168704025,500,0,100.0,0.0
3241,168704025,168704525,500,0,100.0,0.0
3242,168704525,168705025,216,284,43.2,56.8
3243,168705025,168705525,15,485,3.0,97.0
3244,168705525,168706025,26,474,5.2,94.8
3245,168706025,168706525,18,482,3.5999999999999996,96.4
3246,168706525,168707025,5,495,1.0,99.0
3247,168707025,168707525,10,490,2.0,98.0
3248,168707525,168708025,12,488,2.4,97.6
3249,168708025,168708525,55,445,11.0,89.0
3250,168708525,168709025,67,433,13.4,86.6
3251,168709025,168709525,235,265,47.0,53.0
3252,168709525,168710025,500,0,100.0,0.0
3253,168710025,168710525,500,0,100.0,0.0
3254,168710525,168711025,500,0,100.0,0.0
3255,168711025,168711525,500,0,100.0,0.0
3256,168711525,168712025,500,0,100.0,0.0
3257,168712025,168712525,500,0,100.0,0.0
3258,168712525,168713025,500,0,100.0,0.0
3259,168713025,168713525,500,0,100.0,0.0
3260,168713525,168714025,500,0,100.0,0.0
3261,168714025,168714525,500,0,100.0,0.0
3262,168714525,168715025,500,0,100.0,0.0
3263,168715025,168715525,500,0,100.0,0.0
3264,168715525,168716025,500,0,100.0,0.0
3265,168716025,168716525,500,0,100.0,0.0
3266,168716525,168717025,500,0,100.0,0.0
3267,168717025,168717525,500,0,100.0,0.0
3268,168717525,168718025,500,0,100.0,0.0
3269,168718025,168718525,500,0,100.0,0.0
3270,168718525,168719025,500,0,100.0,0.0
3271,168719025,168719525,500,0,100.0,0.0
3272,168719525,168720025,500,0,100.0,0.0
3273,168720025,168720525,500,0,100.0,0.0
3274,168720525,168721025,500,0,100.0,0.0
3275,168721025,168721525,500,0,100.0,0.0
3276,168721525,168722025,500,0,100.0,0.0
3277,168722025,168722525,500,0,100.0,0.0
3278,168722525,168723025,500,0,100.0,0.0
3279,168723025,168723525,500,0,100.0,0.0
3280,168723525,168724025,500,0,100.0,0.0
3281,168724025,168724525,500,0,100.0,0.0
3282,168724525,168725025,500,0,100.0,0.0
3283,168725025,168725525,500,0,100.0,0.0
3284,168725525,168726025,500,0,100.0,0.0
3285,168726025,168726525,500,0,100.0,0.0
3286,168726525,168727025,500,0,100.0,0.0
3287,168727025,168727525,500,0,100.0,0.0
3288,168727525,168728025,500,0,100.0,0.0
3289,168728025,168728525,500,0,100.0,0.0
3290,168728525,168729025,500,0,100.0,0.0
3291,168729025,168729525,500,0,100.0,0.0
3292,168729525,168730025,500,0,100.0,0.0
3293,168730025,168730525,500,0,100.0,0.0
3294,168730525,168731025,500,0,100.0,0.0
3295,168731025,168731525,500,0,100.0,0.0
3296,168731525,168732025,500,0,100.0,0.0
3297,168732025,168732525,500,0,100.0,0.0
3298,168732525,168733025,500,0,100.0,0.0
3299,168733025,168733525,500,0,100.0,0.0
3300,168733525,168734025,458,42,91.60000000000001,8.399999999999991
3301,168734025,168734525,16,484,3.2,96.8
3302,168734525,168735025,22,478,4.3999999999999995,95.6
3303,168735025,168735525,16,484,3.2,96.8
3304,168735525,168736025,5,495,1.0,99.0
3305,168736025,168736525,10,490,2.0,98.0
3306,168736525,168737025,3,497,0.6,99.4
3307,168737025,168737525,15,485,3.0,97.0
3308,168737525,168738025,92,408,18.4,81.6
3309,168738025,168738525,13,487,2.6,97.4
3310,168738525,168739025,500,0,100.0,0.0
3311,168739025,168739525,500,0,100.0,0.0
3312,168739525,168740025,500,0,100.0,0.0
3313,168740025,168740525,500,0,100.0,0.0
3314,168740525,168741025,500,0,100.0,0.0
3315,168741025,168741525,500,0,100.0,0.0
3316,168741525,168742025,500,0,100.0,0.0
3317,168742025,168742525,500,0,100.0,0.0
3318,168742525,168743025,500,0,100.0,0.0
3319,168743025,168743525,500,0,100.0,0.0
3320,168743525,168744025,500,0,100.0,0.0
3321,168744025,168744525,500,0,100.0,0.0
3322,168744525,168745025,500,0,100.0,0.0
3323,168745025,168745525,500,0,100.0,0.0
3324,168745525,168746025,500,0,100.0,0.0
3325,168746025,168746525,500,0,100.0,0.0
3326,168746525,168747025,500,0,100.0,0.0
3327,168747025,168747525,500,0,100.0,0.0
3328,168747525,168748025,500,0,100.0,0.0
3329,168748025,168748525,500,0,100.0,0.0
3330,168748525,168749025,500,0,100.0,0.0
3331,168749025,168749525,500,0,100.0,0.0
3332,168749525,168750025,500,0,100.0,0.0
3333,168750025,168750525,500,0,100.0,0.0
3334,168750525,168751025,500,0,100.0,0.0
3335,168751025,168751525,500,0,100.0,0.0
3336,168751525,168752025,500,0,100.0,0.0
3337,168752025,168752525,500,0,100.0,0.0
3338,168752525,168753025,500,0,100.0,0.0
3339,168753025,168753525,500,0,100.0,0.0
3340,168753525,168754025,500,0,100.0,0.0
3341,168754025,168754525,500,0,100.0,0.0
3342,168754525,168755025,500,0,100.0,0.0
3343,168755025,168755525,500,0,100.0,0.0
3344,168755525,168756025,500,0,100.0,0.0
3345,168756025,168756525,500,0,100.0,0.0
3346,168756525,168757025,500,0,100.0,0.0
3347,168757025,168757525,500,0,100.0,0.0
3348,168757525,168758025,500,0,100.0,0.0
3349,168758025,168758525,500,0,100.0,0.0
3350,168758525,168759025,500,0,100.0,0.0
3351,168759025,168759525,500,0,100.0,0.0
3352,168759525,168760025,500,0,100.0,0.0
3353,168760025,168760525,500,0,100.0,0.0
3354,168760525,168761025,500,0,100.0,0.0
3355,168761025,168761525,500,0,100.0,0.0
3356,168761525,168762025,473,27,94.6,5.400000000000006
3357,168762025,168762525,16,484,3.2,96.8
3358,168762525,168763025,24,476,4.8,95.2
3359,168763025,168763525,13,487,2.6,97.4
3360,168763525,168764025,5,495,1.0,99.0
3361,168764025,168764525,11,489,2.1999999999999997,97.8
3362,168764525,168765025,4,496,0.8,99.2
3363,168765025,168765525,17,483,3.4000000000000004,96.6
3364,168765525,168766025,19,481,3.8,96.2
3365,168766025,168766525,80,420,16.0,84.0
3366,168766525,168767025,216,284,43.2,56.8
3367,168767025,168767525,500,0,100.0,0.0
3368,168767525,168768025,500,0,100.0,0.0
3369,168768025,168768525,500,0,100.0,0.0
3370,168768525,168769025,500,0,100.0,0.0
3371,168769025,168769525,500,0,100.0,0.0
3372,168769525,168770025,500,0,100.0,0.0
3373,168770025,168770525,500,0,100.0,0.0
3374,168770525,168771025,500,0,100.0,0.0
3375,168771025,168771525,500,0,100.0,0.0
3376,168771525,168772025,500,0,100.0,0.0
3377,168772025,168772525,500,0,100.0,0.0
3378,168772525,168773025,500,0,100.0,0.0
3379,168773025,168773525,500,0,100.0,0.0
3380,168773525,168774025,500,0,100.0,0.0
3381,168774025,168774525,500,0,100.0,0.0
3382,168774525,168775025,500,0,100.0,0.0
3383,168775025,168775525,500,0,100.0,0.0
3384,168775525,168776025,500,0,100.0,0.0
3385,168776025,168776525,500,0,100.0,0.0
3386,168776525,168777025,500,0,100.0,0.0
3387,168777025,168777525,500,0,100.0,0.0
3388,168777525,168778025,500,0,100.0,0.0
3389,168778025,168778525,500,0,100.0,0.0
3390,168778525,168779025,500,0,100.0,0.0
3391,168779025,168779525,500,0,100.0,0.0
3392,168779525,168780025,500,0,100.0,0.0
3393,168780025,168780525,500,0,100.0,0.0
3394,168780525,168781025,500,0,100.0,0.0
3395,168781025,168781525,500,0,100.0,0.0
3396,168781525,168782025,500,0,100.0,0.0
3397,168782025,168782525,500,0,100.0,0.0
3398,168782525,168783025,500,0,100.0,0.0
3399,168783025,168783525,500,0,100.0,0.0
3400,168783525,168784025,500,0,100.0,0.0
3401,168784025,168784525,500,0,100.0,0.0
3402,168784525,168785025,500,0,100.0,0.0
3403,168785025,168785525,500,0,100.0,0.0
3404,168785525,168786025,500,0,100.0,0.0
3405,168786025,168786525,500,0,100.0,0.0
3406,168786525,168787025,500,0,100.0,0.0
3407,168787025,168787525,500,0,100.0,0.0
3408,168787525,168788025,500,0,100.0,0.0
3409,168788025,168788525,500,0,100.0,0.0
3410,168788525,168789025,500,0,100.0,0.0
3411,168789025,168789525,500,0,100.0,0.0
3412,168789525,168790025,500,0,100.0,0.0
3413,168790025,168790525,500,0,100.0,0.0
3414,168790525,168791025,500,0,100.0,0.0
3415,168791025,168791525,500,0,100.0,0.0
3416,168791525,168792025,500,0,100.0,0.0
3417,168792025,168792525,247,253,49.4,50.6
3418,168792525,168793025,25,475,5.0,95.0
3419,168793025,168793525,6,494,1.2,98.8
3420,168793525,168794025,18,482,3.5999999999999996,96.4
3421,168794025,168794525,7,493,1.4000000000000001,98.6
3422,168794525,168795025,9,491,1.7999999999999998,98.2
3423,168795025,168795525,6,494,1.2,98.8
3424,168795525,168796025,13,487,2.6,97.4
3425,168796025,168796525,152,348,30.4,69.6
3426,168796525,168797025,4,496,0.8,99.2
3427,168797025,168797525,321,179,64.2,35.8
3428,168797525,168798025,500,0,100.0,0.0
3429,168798025,168798525,500,0,100.0,0.0
3430,168798525,168799025,500,0,100.0,0.0
3431,168799025,168799525,500,0,100.0,0.0
3432,168799525,168800025,500,0,100.0,0.0
3433,168800025,168800525,500,0,100.0,0.0
3434,168800525,168801025,500,0,100.0,0.0
3435,168801025,168801525,500,0,100.0,0.0
3436,168801525,168802025,500,0,100.0,0.0
3437,168802025,168802525,500,0,100.0,0.0
3438,168802525,168803025,500,0,100.0,0.0
3439,168803025,168803525,500,0,100.0,0.0
3440,168803525,168804025,500,0,100.0,0.0
3441,168804025,168804525,500,0,100.0,0.0
3442,168804525,168805025,500,0,100.0,0.0
3443,168805025,168805525,500,0,100.0,0.0
3444,168805525,168806025,500,0,100.0,0.0
3445,168806025,168806525,500,0,100.0,0.0
3446,168806525,168807025,500,0,100.0,0.0
3447,168807025,168807525,500,0,100.0,0.0
3448,168807525,168808025,500,0,100.0,0.0
3449,168808025,168808525,500,0,100.0,0.0
3450,168808525,168809025,500,0,100.0,0.0
3451,168809025,168809525,500,0,100.0,0.0
3452,168809525,168810025,500,0,100.0,0.0
3453,168810025,168810525,500,0,100.0,0.0
3454,168810525,168811025,500,0,100.0,0.0
3455,168811025,168811525,500,0,100.0,0.0
3456,168811525,168812025,500,0,100.0,0.0
3457,168812025,168812525,500,0,100.0,0.0
3458,168812525,168813025,500,0,100.0,0.0
3459,168813025,168813525,500,0,100.0,0.0
3460,168813525,168814025,500,0,100.0,0.0
3461,168814025,168814525,500,0,100.0,0.0
3462,168814525,168815025,500,0,100.0,0.0
3463,168815025,168815525,500,0,100.0,0.0
3464,168815525,168816025,500,0,100.0,0.0
3465,168816025,168816525,500,0,100.0,0.0
3466,168816525,168817025,500,0,100.0,0.0
3467,168817025,168817525,500,0,100.0,0.0
3468,168817525,168818025,500,0,100.0,0.0
3469,168818025,168818525,500,0,100.0,0.0
3470,168818525,168819025,500,0,100.0,0.0
3471,168819025,168819525,500,0,100.0,0.0
3472,168819525,168820025,116,384,23.200000000000003,76.8
3473,168820025,168820525,26,474,5.2,94.8
3474,168820525,168821025,5,495,1.0,99.0
3475,168821025,168821525,15,485,3.0,97.0
3476,168821525,168822025,4,496,0.8,99.2
3477,168822025,168822525,14,486,2.8000000000000003,97.2
3478,168822525,168823025,4,496,0.8,99.2
3479,168823025,168823525,15,485,3.0,97.0
3480,168823525,168824025,95,405,19.0,81.0
3481,168824025,168824525,159,341,31.8,68.2
3482,168824525,168825025,500,0,100.0,0.0
3483,168825025,168825525,500,0,100.0,0.0
3484,168825525,168826025,500,0,100.0,0.0
3485,168826025,168826525,500,0,100.0,0.0
3486,168826525,168827025,500,0,100.0,0.0
3487,168827025,168827525,500,0,100.0,0.0
3488,168827525,168828025,500,0,100.0,0.0
3489,168828025,168828525,500,0,100.0,0.0
3490,168828525,168829025,500,0,100.0,0.0
3491,168829025,168829525,500,0,100.0,0.0
3492,168829525,168830025,500,0,100.0,0.0
3493,168830025,168830525,500,0,100.0,0.0
3494,168830525,168831025,500,0,100.0,0.0
3495,168831025,168831525,500,0,100.0,0.0
3496,168831525,168832025,500,0,100.0,0.0
3497,168832025,168832525,500,0,100.0,0.0
3498,168832525,168833025,500,0,100.0,0.0
3499,168833025,168833525,500,0,100.0,0.0
3500,168833525,168834025,500,0,100.0,0.0
3501,168834025,168834525,500,0,100.0,0.0
3502,168834525,168835025,500,0,100.0,0.0
3503,168835025,168835525,500,0,100.0,0.0
3504,168835525,168836025,500,0,100.0,0.0
3505,168836025,168836525,500,0,100.0,0.0
3506,168836525,168837025,500,0,100.0,0.0
3507,168837025,168837525,500,0,100.0,0.0
3508,168837525,168838025,500,0,100.0,0.0
3509,168838025,168838525,500,0,100.0,0.0
3510,168838525,168839025,500,0,100.0,0.0
3511,168839025,168839525,500,0,100.0,0.0
3512,168839525,168840025,500,0,100.0,0.0
3513,168840025,168840525,500,0,100.0,0.0
3514,168840525,168841025,500,0,100.0,0.0
3515,168841025,168841525,500,0,100.0,0.0
3516,168841525,168842025,500,0,100.0,0.0
3517,168842025,168842525,500,0,100.0,0.0
3518,168842525,168843025,500,0,100.0,0.0
3519,168843025,168843525,500,0,100.0,0.0
3520,168843525,168844025,500,0,100.0,0.0
3521,168844025,168844525,500,0,100.0,0.0
3522,168844525,168845025,500,0,100.0,0.0
3523,168845025,168845525,500,0,100.0,0.0
3524,168845525,168846025,500,0,100.0,0.0
3525,168846025,168846525,500,0,100.0,0.0
3526,168846525,168847025,186,314,37.2,62.8
3527,168847025,168847525,30,470,6.0,94.0
3528,168847525,168848025,6,494,1.2,98.8
3529,168848025,168848525,13,487,2.6,97.4
3530,168848525,168849025,12,488,2.4,97.6
3531,168849025,168849525,14,486,2.8000000000000003,97.2
3532,168849525,168850025,4,496,0.8,99.2
3533,168850025,168850525,109,391,21.8,78.2
3534,168850525,168851025,128,372,25.6,74.4
3535,168851025,168851525,500,0,100.0,0.0
3536,168851525,168852025,500,0,100.0,0.0
3537,168852025,168852525,500,0,100.0,0.0
3538,168852525,168853025,500,0,100.0,0.0
3539,168853025,168853525,500,0,100.0,0.0
3540,168853525,168854025,500,0,100.0,0.0
3541,168854025,168854525,500,0,100.0,0.0
3542,168854525,168855025,500,0,100.0,0.0
3543,168855025,168855525,500,0,100.0,0.0
3544,168855525,168856025,500,0,100.0,0.0
3545,168856025,168856525,500,0,100.0,0.0
3546,168856525,168857025,500,0,100.0,0.0
3547,168857025,168857525,500,0,100.0,0.0
3548,168857525,168858025,500,0,100.0,0.0
3549,168858025,168858525,500,0,100.0,0.0
3550,168858525,168859025,500,0,100.0,0.0
3551,168859025,168859525,500,0,100.0,0.0
3552,168859525,168860025,500,0,100.0,0.0
3553,168860025,168860525,500,0,100.0,0.0
3554,168860525,168861025,500,0,100.0,0.0
3555,168861025,168861525,500,0,100.0,0.0
3556,168861525,168862025,500,0,100.0,0.0
3557,168862025,168862525,500,0,100.0,0.0
3558,168862525,168863025,500,0,100.0,0.0
3559,168863025,168863525,500,0,100.0,0.0
3560,168863525,168864025,500,0,100.0,0.0
3561,168864025,168864525,500,0,100.0,0.0
3562,168864525,168865025,500,0,100.0,0.0
3563,168865025,168865525,500,0,100.0,0.0
3564,168865525,168866025,500,0,100.0,0.0
3565,168866025,168866525,500,0,100.0,0.0
3566,168866525,168867025,500,0,100.0,0.0
3567,168867025,168867525,500,0,100.0,0.0
3568,168867525,168868025,500,0,100.0,0.0
3569,168868025,168868525,500,0,100.0,0.0
3570,168868525,168869025,500,0,100.0,0.0
3571,168869025,168869525,500,0,100.0,0.0
3572,168869525,168870025,500,0,100.0,0.0
3573,168870025,168870525,500,0,100.0,0.0
3574,168870525,168871025,500,0,100.0,0.0
3575,168871025,168871525,500,0,100.0,0.0
3576,168871525,168872025,500,0,100.0,0.0
3577,168872025,168872525,500,0,100.0,0.0
3578,168872525,168873025,500,0,100.0,0.0
3579,168873025,168873525,45,455,9.0,91.0
3580,168873525,168874025,21,479,4.2,95.8
3581,168874025,168874525,14,486,2.8000000000000003,97.2
3582,168874525,168875025,5,495,1.0,99.0
3583,168875025,168875525,10,490,2.0,98.0
3584,168875525,168876025,12,488,2.4,97.6
3585,168876025,168876525,92,408,18.4,81.6
3586,168876525,168877025,5,495,1.0,99.0
3587,168877025,168877525,319,181,63.800000000000004,36.199999999999996
3588,168877525,168878025,500,0,100.0,0.0
3589,168878025,168878525,500,0,100.0,0.0
3590,168878525,168879025,500,0,100.0,0.0
3591,168879025,168879525,500,0,100.0,0.0
3592,168879525,168880025,500,0,100.0,0.0
3593,168880025,168880525,500,0,100.0,0.0
3594,168880525,168881025,500,0,100.0,0.0
3595,168881025,168881525,500,0,100.0,0.0
3596,168881525,168882025,500,0,100.0,0.0
3597,168882025,168882525,500,0,100.0,0.0
3598,168882525,168883025,500,0,100.0,0.0
3599,168883025,168883525,500,0,100.0,0.0
3600,168883525,168884025,500,0,100.0,0.0
3601,168884025,168884525,500,0,100.0,0.0
3602,168884525,168885025,500,0,100.0,0.0
3603,168885025,168885525,500,0,100.0,0.0
3604,168885525,168886025,500,0,100.0,0.0
3605,168886025,168886525,500,0,100.0,0.0
3606,168886525,168887025,500,0,100.0,0.0
3607,168887025,168887525,500,0,100.0,0.0
3608,168887525,168888025,500,0,100.0,0.0
3609,168888025,168888525,500,0,100.0,0.0
3610,168888525,168889025,500,0,100.0,0.0
3611,168889025,168889525,500,0,100.0,0.0
3612,168889525,168890025,500,0,100.0,0.0
3613,168890025,168890525,500,0,100.0,0.0
3614,168890525,168891025,500,0,100.0,0.0
3615,168891025,168891525,500,0,100.0,0.0
3616,168891525,168892025,500,0,100.0,0.0
3617,168892025,168892525,500,0,100.0,0.0
3618,168892525,168893025,500,0,100.0,0.0
3619,168893025,168893525,500,0,100.0,0.0
3620,168893525,168894025,500,0,100.0,0.0
3621,168894025,168894525,500,0,100.0,0.0
3622,168894525,168895025,500,0,100.0,0.0
3623,168895025,168895525,500,0,100.0,0.0
3624,168895525,168896025,500,0,100.0,0.0
3625,168896025,168896525,500,0,100.0,0.0
3626,168896525,168897025,500,0,100.0,0.0
3627,168897025,168897525,500,0,100.0,0.0
3628,168897525,168898025,500,0,100.0,0.0
3629,168898025,168898525,500,0,100.0,0.0
3630,168898525,168899025,35,465,7.000000000000001,93.0
3631,168899025,168899525,23,477,4.6,95.4
3632,168899525,168900025,5,495,1.0,99.0
3633,168900025,168900525,15,485,3.0,97.0
3634,168900525,168901025,9,491,1.7999999999999998,98.2
3635,168901025,168901525,13,487,2.6,97.4
3636,168901525,168902025,18,482,3.5999999999999996,96.4
3637,168902025,168902525,65,435,13.0,87.0
3638,168902525,168903025,398,102,79.60000000000001,20.39999999999999
3639,168903025,168903525,500,0,100.0,0.0
3640,168903525,168904025,500,0,100.0,0.0
3641,168904025,168904525,500,0,100.0,0.0
3642,168904525,168905025,500,0,100.0,0.0
3643,168905025,168905525,500,0,100.0,0.0
3644,168905525,168906025,500,0,100.0,0.0
3645,168906025,168906525,500,0,100.0,0.0
3646,168906525,168907025,500,0,100.0,0.0
3647,168907025,168907525,500,0,100.0,0.0
3648,168907525,168908025,500,0,100.0,0.0
3649,168908025,168908525,500,0,100.0,0.0
3650,168908525,168909025,500,0,100.0,0.0
3651,168909025,168909525,500,0,100.0,0.0
3652,168909525,168910025,500,0,100.0,0.0
3653,168910025,168910525,500,0,100.0,0.0
3654,168910525,168911025,500,0,100.0,0.0
3655,168911025,168911525,500,0,100.0,0.0
3656,168911525,168912025,500,0,100.0,0.0
3657,168912025,168912525,500,0,100.0,0.0
3658,168912525,168913025,500,0,100.0,0.0
3659,168913025,168913525,500,0,100.0,0.0
3660,168913525,168914025,500,0,100.0,0.0
3661,168914025,168914525,500,0,100.0,0.0
3662,168914525,168915025,500,0,100.0,0.0
3663,168915025,168915525,500,0,100.0,0.0
3664,168915525,168916025,500,0,100.0,0.0
3665,168916025,168916525,500,0,100.0,0.0
3666,168916525,168917025,500,0,100.0,0.0
3667,168917025,168917525,500,0,100.0,0.0
3668,168917525,168918025,500,0,100.0,0.0
3669,168918025,168918525,500,0,100.0,0.0
3670,168918525,168919025,500,0,100.0,0.0
3671,168919025,168919525,500,0,100.0,0.0
3672,168919525,168920025,500,0,100.0,0.0
3673,168920025,168920525,500,0,100.0,0.0
3674,168920525,168921025,500,0,100.0,0.0
3675,168921025,168921525,500,0,100.0,0.0
3676,168921525,168922025,500,0,100.0,0.0
3677,168922025,168922525,500,0,100.0,0.0
3678,168922525,168923025,500,0,100.0,0.0
3679,168923025,168923525,399,101,79.80000000000001,20.19999999999999
3680,168923525,168924025,13,487,2.6,97.4
3681,168924025,168924525,23,477,4.6,95.4
3682,168924525,168925025,10,490,2.0,98.0
3683,168925025,168925525,10,490,2.0,98.0
3684,168925525,168926025,5,495,1.0,99.0
3685,168926025,168926525,12,488,2.4,97.6
3686,168926525,168927025,70,430,14.000000000000002,86.0
3687,168927025,168927525,110,390,22.0,78.0
3688,168927525,168928025,500,0,100.0,0.0
3689,168928025,168928525,500,0,100.0,0.0
3690,168928525,168929025,500,0,100.0,0.0
3691,168929025,168929525,500,0,100.0,0.0
3692,168929525,168930025,500,0,100.0,0.0
3693,168930025,168930525,500,0,100.0,0.0
3694,168930525,168931025,500,0,100.0,0.0
3695,168931025,168931525,500,0,100.0,0.0
3696,168931525,168932025,500,0,100.0,0.0
3697,168932025,168932525,500,0,100.0,0.0
3698,168932525,168933025,500,0,100.0,0.0
3699,168933025,168933525,500,0,100.0,0.0
3700,168933525,168934025,500,0,100.0,0.0
3701,168934025,168934525,500,0,100.0,0.0
3702,168934525,168935025,500,0,100.0,0.0
3703,168935025,168935525,500,0,100.0,0.0
3704,168935525,168936025,500,0,100.0,0.0
3705,168936025,168936525,500,0,100.0,0.0
3706,168936525,168937025,500,0,100.0,0.0
3707,168937025,168937525,500,0,100.0,0.0
3708,168937525,168938025,500,0,100.0,0.0
3709,168938025,168938525,500,0,100.0,0.0
3710,168938525,168939025,500,0,100.0,0.0
3711,168939025,168939525,500,0,100.0,0.0
3712,168939525,168940025,500,0,100.0,0.0
3713,168940025,168940525,500,0,100.0,0.0
3714,168940525,168941025,500,0,100.0,0.0
3715,168941025,168941525,500,0,100.0,0.0
3716,168941525,168942025,500,0,100.0,0.0
3717,168942025,168942525,500,0,100.0,0.0
3718,168942525,168943025,500,0,100.0,0.0
3719,168943025,168943525,500,0,100.0,0.0
3720,168943525,168944025,500,0,100.0,0.0
3721,168944025,168944525,500,0,100.0,0.0
3722,168944525,168945025,500,0,100.0,0.0
3723,168945025,168945525,500,0,100.0,0.0
3724,168945525,168946025,500,0,100.0,0.0
3725,168946025,168946525,500,0,100.0,0.0
3726,168946525,168947025,500,0,100.0,0.0
3727,168947025,168947525,500,0,100.0,0.0
3728,168947525,168948025,418,82,83.6,16.400000000000006
3729,168948025,168948525,29,471,5.800000000000001,94.2
3730,168948525,168949025,6,494,1.2,98.8
3731,168949025,168949525,11,489,2.1999999999999997,97.8
3732,168949525,168950025,8,492,1.6,98.4
3733,168950025,168950525,12,488,2.4,97.6
3734,168950525,168951025,78,422,15.6,84.4
3735,168951025,168951525,18,482,3.5999999999999996,96.4
3736,168951525,168952025,481,19,96.2,3.799999999999997
3737,168952025,168952525,500,0,100.0,0.0
3738,168952525,168953025,500,0,100.0,0.0
3739,168953025,168953525,500,0,100.0,0.0
3740,168953525,168954025,500,0,100.0,0.0
3741,168954025,168954525,500,0,100.0,0.0
3742,168954525,168955025,500,0,100.0,0.0
3743,168955025,168955525,500,0,100.0,0.0
3744,168955525,168956025,500,0,100.0,0.0
3745,168956025,168956525,500,0,100.0,0.0
3746,168956525,168957025,500,0,100.0,0.0
3747,168957025,168957525,500,0,100.0,0.0
3748,168957525,168958025,500,0,100.0,0.0
3749,168958025,168958525,500,0,100.0,0.0
3750,168958525,168959025,500,0,100.0,0.0
3751,168959025,168959525,500,0,100.0,0.0
3752,168959525,168960025,500,0,100.0,0.0
3753,168960025,168960525,500,0,100.0,0.0
3754,168960525,168961025,500,0,100.0,0.0
3755,168961025,168961525,500,0,100.0,0.0
3756,168961525,168962025,500,0,100.0,0.0
3757,168962025,168962525,500,0,100.0,0.0
3758,168962525,168963025,500,0,100.0,0.0
3759,168963025,168963525,500,0,100.0,0.0
3760,168963525,168964025,500,0,100.0,0.0
3761,168964025,168964525,500,0,100.0,0.0
3762,168964525,168965025,500,0,100.0,0.0
3763,168965025,168965525,500,0,100.0,0.0
3764,168965525,168966025,500,0,100.0,0.0
3765,168966025,168966525,500,0,100.0,0.0
3766,168966525,168967025,500,0,100.0,0.0
3767,168967025,168967525,500,0,100.0,0.0
3768,168967525,168968025,500,0,100.0,0.0
3769,168968025,168968525,500,0,100.0,0.0
3770,168968525,168969025,500,0,100.0,0.0
3771,168969025,168969525,500,0,100.0,0.0
3772,168969525,168970025,500,0,100.0,0.0
3773,168970025,168970525,500,0,100.0,0.0
3774,168970525,168971025,306,194,61.199999999999996,38.800000000000004
3775,168971025,168971525,20,480,4.0,96.0
3776,168971525,168972025,12,488,2.4,97.6
3777,168972025,168972525,6,494,1.2,98.8
3778,168972525,168973025,8,492,1.6,98.4
3779,168973025,168973525,11,489,2.1999999999999997,97.8
3780,168973525,168974025,66,434,13.200000000000001,86.8
3781,168974025,168974525,114,386,22.8,77.2
3782,168974525,168975025,500,0,100.0,0.0
3783,168975025,168975525,500,0,100.0,0.0
3784,168975525,168976025,500,0,100.0,0.0
3785,168976025,168976525,500,0,100.0,0.0
3786,168976525,168977025,500,0,100.0,0.0
3787,168977025,168977525,500,0,100.0,0.0
3788,168977525,168978025,500,0,100.0,0.0
3789,168978025,168978525,500,0,100.0,0.0
3790,168978525,168979025,500,0,100.0,0.0
3791,168979025,168979525,500,0,100.0,0.0
3792,168979525,168980025,500,0,100.0,0.0
3793,168980025,168980525,500,0,100.0,0.0
3794,168980525,168981025,500,0,100.0,0.0
3795,168981025,168981525,500,0,100.0,0.0
3796,168981525,168982025,500,0,100.0,0.0
3797,168982025,168982525,500,0,100.0,0.0
3798,168982525,168983025,500,0,100.0,0.0
3799,168983025,168983525,500,0,100.0,0.0
3800,168983525,168984025,500,0,100.0,0.0
3801,168984025,168984525,500,0,100.0,0.0
3802,168984525,168985025,500,0,100.0,0.0
3803,168985025,168985525,500,0,100.0,0.0
3804,168985525,168986025,500,0,100.0,0.0
3805,168986025,168986525,500,0,100.0,0.0
3806,168986525,168987025,500,0,100.0,0.0
3807,168987025,168987525,500,0,100.0,0.0
3808,168987525,168988025,500,0,100.0,0.0
3809,168988025,168988525,500,0,100.0,0.0
3810,168988525,168989025,500,0,100.0,0.0
3811,168989025,168989525,500,0,100.0,0.0
3812,168989525,168990025,500,0,100.0,0.0
3813,168990025,168990525,500,0,100.0,0.0
3814,168990525,168991025,500,0,100.0,0.0
3815,168991025,168991525,500,0,100.0,0.0
3816,168991525,168992025,500,0,100.0,0.0
3817,168992025,168992525,500,0,100.0,0.0
3818,168992525,168993025,500,0,100.0,0.0
3819,168993025,168993525,286,214,57.199999999999996,42.800000000000004
3820,168993525,168994025,18,482,3.5999999999999996,96.4
3821,168994025,168994525,13,487,2.6,97.4
3822,168994525,168995025,5,495,1.0,99.0
3823,168995025,168995525,9,491,1.7999999999999998,98.2
3824,168995525,168996025,10,490,2.0,98.0
3825,168996025,168996525,63,437,12.6,87.4
3826,168996525,168997025,116,384,23.200000000000003,76.8
3827,168997025,168997525,500,0,100.0,0.0
3828,168997525,168998025,500,0,100.0,0.0
3829,168998025,168998525,500,0,100.0,0.0
3830,168998525,168999025,500,0,100.0,0.0
3831,168999025,168999525,500,0,100.0,0.0
3832,168999525,169000025,500,0,100.0,0.0
3833,169000025,169000525,500,0,100.0,0.0
3834,169000525,169001025,500,0,100.0,0.0
3835,169001025,169001525,500,0,100.0,0.0
3836,169001525,169002025,500,0,100.0,0.0
3837,169002025,169002525,500,0,100.0,0.0
3838,169002525,169003025,500,0,100.0,0.0
3839,169003025,169003525,500,0,100.0,0.0
3840,169003525,169004025,500,0,100.0,0.0
3841,169004025,169004525,500,0,100.0,0.0
3842,169004525,169005025,500,0,100.0,0.0
3843,169005025,169005525,500,0,100.0,0.0
3844,169005525,169006025,500,0,100.0,0.0
3845,169006025,169006525,500,0,100.0,0.0
3846,169006525,169007025,500,0,100.0,0.0
3847,169007025,169007525,500,0,100.0,0.0
3848,169007525,169008025,500,0,100.0,0.0
3849,169008025,169008525,500,0,100.0,0.0
3850,169008525,169009025,500,0,100.0,0.0
3851,169009025,169009525,500,0,100.0,0.0
3852,169009525,169010025,500,0,100.0,0.0
3853,169010025,169010525,500,0,100.0,0.0
3854,169010525,169011025,500,0,100.0,0.0
3855,169011025,169011525,500,0,100.0,0.0
3856,169011525,169012025,500,0,100.0,0.0
3857,169012025,169012525,500,0,100.0,0.0
3858,169012525,169013025,500,0,100.0,0.0
3859,169013025,169013525,500,0,100.0,0.0
3860,169013525,169014025,500,0,100.0,0.0
3861,169014025,169014525,500,0,100.0,0.0
3862,169014525,169015025,500,0,100.0,0.0
3863,169015025,169015525,500,0,100.0,0.0
3864,169015525,169016025,128,372,25.6,74.4
3865,169016025,169016525,27,473,5.4,94.6
3866,169016525,169017025,11,489,2.1999999999999997,97.8
3867,169017025,169017525,10,490,2.0,98.0
3868,169017525,169018025,5,495,1.0,99.0
3869,169018025,169018525,11,489,2.1999999999999997,97.8
3870,169018525,169019025,66,434,13.200000000000001,86.8
3871,169019025,169019525,223,277,44.6,55.4
3872,169019525,169020025,500,0,100.0,0.0
3873,169020025,169020525,500,0,100.0,0.0
3874,169020525,169021025,500,0,100.0,0.0
3875,169021025,169021525,500,0,100.0,0.0
3876,169021525,169022025,500,0,100.0,0.0
3877,169022025,169022525,500,0,100.0,0.0
3878,169022525,169023025,500,0,100.0,0.0
3879,169023025,169023525,500,0,100.0,0.0
3880,169023525,169024025,500,0,100.0,0.0
3881,169024025,169024525,500,0,100.0,0.0
3882,169024525,169025025,500,0,100.0,0.0
3883,169025025,169025525,500,0,100.0,0.0
3884,169025525,169026025,500,0,100.0,0.0
3885,169026025,169026525,500,0,100.0,0.0
3886,169026525,169027025,500,0,100.0,0.0
3887,169027025,169027525,500,0,100.0,0.0
3888,169027525,169028025,500,0,100.0,0.0
3889,169028025,169028525,500,0,100.0,0.0
3890,169028525,169029025,500,0,100.0,0.0
3891,169029025,169029525,500,0,100.0,0.0
3892,169029525,169030025,500,0,100.0,0.0
3893,169030025,169030525,500,0,100.0,0.0
3894,169030525,169031025,500,0,100.0,0.0
3895,169031025,169031525,500,0,100.0,0.0
3896,169031525,169032025,500,0,100.0,0.0
3897,169032025,169032525,500,0,100.0,0.0
3898,169032525,169033025,500,0,100.0,0.0
3899,169033025,169033525,500,0,100.0,0.0
3900,169033525,169034025,500,0,100.0,0.0
3901,169034025,169034525,500,0,100.0,0.0
3902,169034525,169035025,500,0,100.0,0.0
3903,169035025,169035525,500,0,100.0,0.0
3904,169035525,169036025,500,0,100.0,0.0
3905,169036025,169036525,500,0,100.0,0.0
3906,169036525,169037025,500,0,100.0,0.0
3907,169037025,169037525,500,0,100.0,0.0
3908,169037525,169038025,500,0,100.0,0.0
3909,169038025,169038525,500,0,100.0,0.0
3910,169038525,169039025,500,0,100.0,0.0
3911,169039025,169039525,500,0,100.0,0.0
3912,169039525,169040025,500,0,100.0,0.0
3913,169040025,169040525,500,0,100.0,0.0
3914,169040525,169041025,500,0,100.0,0.0
3915,169041025,169041525,500,0,100.0,0.0
3916,169041525,169042025,500,0,100.0,0.0
3917,169042025,169042525,500,0,100.0,0.0
3918,169042525,169043025,500,0,100.0,0.0
3919,169043025,169043525,500,0,100.0,0.0
3920,169043525,169044025,500,0,100.0,0.0
3921,169044025,169044525,500,0,100.0,0.0
3922,169044525,169045025,500,0,100.0,0.0
3923,169045025,169045525,500,0,100.0,0.0
3924,169045525,169046025,500,0,100.0,0.0
3925,169046025,169046525,500,0,100.0,0.0
3926,169046525,169047025,500,0,100.0,0.0
3927,169047025,169047525,500,0,100.0,0.0
3928,169047525,169048025,500,0,100.0,0.0
3929,169048025,169048525,500,0,100.0,0.0
3930,169048525,169049025,500,0,100.0,0.0
3931,169049025,169049525,500,0,100.0,0.0
3932,169049525,169050025,500,0,100.0,0.0
3933,169050025,169050525,500,0,100.0,0.0
3934,169050525,169051025,500,0,100.0,0.0
3935,169051025,169051525,500,0,100.0,0.0
3936,169051525,169052025,500,0,100.0,0.0
3937,169052025,169052525,500,0,100.0,0.0
3938,169052525,169053025,500,0,100.0,0.0
3939,169053025,169053525,500,0,100.0,0.0
3940,169053525,169054025,500,0,100.0,0.0
3941,169054025,169054525,500,0,100.0,0.0
3942,169054525,169055025,500,0,100.0,0.0
3943,169055025,169055525,500,0,100.0,0.0
3944,169055525,169056025,500,0,100.0,0.0
3945,169056025,169056525,500,0,100.0,0.0
3946,169056525,169057025,500,0,100.0,0.0
3947,169057025,169057525,500,0,100.0,0.0
3948,169057525,169058025,500,0,100.0,0.0
3949,169058025,169058525,500,0,100.0,0.0
3950,169058525,169059025,500,0,100.0,0.0
3951,169059025,169059525,500,0,100.0,0.0
3952,169059525,169060025,500,0,100.0,0.0
3953,169060025,169060525,500,0,100.0,0.0
3954,169060525,169061025,500,0,100.0,0.0
3955,169061025,169061525,500,0,100.0,0.0
3956,169061525,169062025,500,0,100.0,0.0
3957,169062025,169062525,500,0,100.0,0.0
3958,169062525,169063025,500,0,100.0,0.0
3959,169063025,169063525,500,0,100.0,0.0
3960,169063525,169064025,500,0,100.0,0.0
3961,169064025,169064525,500,0,100.0,0.0
3962,169064525,169065025,500,0,100.0,0.0
3963,169065025,169065525,500,0,100.0,0.0
3964,169065525,169066025,500,0,100.0,0.0
3965,169066025,169066525,500,0,100.0,0.0
3966,169066525,169067025,500,0,100.0,0.0
3967,169067025,169067525,500,0,100.0,0.0
3968,169067525,169068025,500,0,100.0,0.0
3969,169068025,169068525,500,0,100.0,0.0
3970,169068525,169069025,500,0,100.0,0.0
3971,169069025,169069525,500,0,100.0,0.0
3972,169069525,169070025,500,0,100.0,0.0
3973,169070025,169070525,500,0,100.0,0.0
3974,169070525,169071025,500,0,100.0,0.0
3975,169071025,169071525,500,0,100.0,0.0
3976,169071525,169072025,500,0,100.0,0.0
3977,169072025,169072525,500,0,100.0,0.0
3978,169072525,169073025,500,0,100.0,0.0
3979,169073025,169073525,500,0,100.0,0.0
3980,169073525,169074025,500,0,100.0,0.0
3981,169074025,169074525,500,0,100.0,0.0
3982,169074525,169075025,500,0,100.0,0.0
3983,169075025,169075525,500,0,100.0,0.0
3984,169075525,169076025,500,0,100.0,0.0
3985,169076025,169076525,500,0,100.0,0.0
3986,169076525,169077025,500,0,100.0,0.0
3987,169077025,169077525,500,0,100.0,0.0
3988,169077525,169078025,500,0,100.0,0.0
3989,169078025,169078525,500,0,100.0,0.0
3990,169078525,169079025,500,0,100.0,0.0
3991,169079025,169079525,500,0,100.0,0.0
3992,169079525,169080025,500,0,100.0,0.0
3993,169080025,169080525,500,0,100.0,0.0
3994,169080525,169081025,500,0,100.0,0.0
3995,169081025,169081525,500,0,100.0,0.0
3996,169081525,169082025,500,0,100.0,0.0
3997,169082025,169082525,500,0,100.0,0.0
3998,169082525,169083025,500,0,100.0,0.0
3999,169083025,169083525,500,0,100.0,0.0
4000,169083525,169084025,500,0,100.0,0.0
4001,169084025,169084525,500,0,100.0,0.0
4002,169084525,169085025,118,382,23.599999999999998,76.4
4003,169085025,169085525,18,482,3.5999999999999996,96.4
4004,169085525,169086025,4,496,0.8,99.2
4005,169086025,169086525,10,490,2.0,98.0
4006,169086525,169087025,4,496,0.8,99.2
4007,169087025,169087525,6,494,1.2,98.8
4008,169087525,169088025,4,496,0.8,99.2
4009,169088025,169088525,12,488,2.4,97.6
4010,169088525,169089025,3,497,0.6,99.4
4011,169089025,169089525,79,421,15.8,84.2
4012,169089525,169090025,118,382,23.599999999999998,76.4
4013,169090025,169090525,500,0,100.0,0.0
4014,169090525,169091025,500,0,100.0,0.0
4015,169091025,169091525,500,0,100.0,0.0
4016,169091525,169092025,500,0,100.0,0.0
4017,169092025,169092525,500,0,100.0,0.0
4018,169092525,169093025,500,0,100.0,0.0
4019,169093025,169093525,500,0,100.0,0.0
4020,169093525,169094025,500,0,100.0,0.0
4021,169094025,169094525,500,0,100.0,0.0
4022,169094525,169095025,500,0,100.0,0.0
4023,169095025,169095525,500,0,100.0,0.0
4024,169095525,169096025,500,0,100.0,0.0
4025,169096025,169096525,500,0,100.0,0.0
4026,169096525,169097025,500,0,100.0,0.0
4027,169097025,169097525,500,0,100.0,0.0
4028,169097525,169098025,500,0,100.0,0.0
4029,169098025,169098525,500,0,100.0,0.0
4030,169098525,169099025,500,0,100.0,0.0
4031,169099025,169099525,500,0,100.0,0.0
4032,169099525,169100025,500,0,100.0,0.0
4033,169100025,169100525,500,0,100.0,0.0
4034,169100525,169101025,500,0,100.0,0.0
4035,169101025,169101525,500,0,100.0,0.0
4036,169101525,169102025,500,0,100.0,0.0
4037,169102025,169102525,500,0,100.0,0.0
4038,169102525,169103025,500,0,100.0,0.0
4039,169103025,169103525,500,0,100.0,0.0
4040,169103525,169104025,500,0,100.0,0.0
4041,169104025,169104525,500,0,100.0,0.0
4042,169104525,169105025,500,0,100.0,0.0
4043,169105025,169105525,500,0,100.0,0.0
4044,169105525,169106025,500,0,100.0,0.0
4045,169106025,169106525,500,0,100.0,0.0
4046,169106525,169107025,500,0,100.0,0.0
4047,169107025,169107525,500,0,100.0,0.0
4048,169107525,169108025,500,0,100.0,0.0
4049,169108025,169108525,500,0,100.0,0.0
4050,169108525,169109025,500,0,100.0,0.0
4051,169109025,169109525,500,0,100.0,0.0
4052,169109525,169110025,500,0,100.0,0.0
4053,169110025,169110525,500,0,100.0,0.0
4054,169110525,169111025,500,0,100.0,0.0
4055,169111025,169111525,500,0,100.0,0.0
4056,169111525,169112025,500,0,100.0,0.0
4057,169112025,169112525,500,0,100.0,0.0
4058,169112525,169113025,500,0,100.0,0.0
4059,169113025,169113525,500,0,100.0,0.0
4060,169113525,169114025,500,0,100.0,0.0
4061,169114025,169114525,500,0,100.0,0.0
4062,169114525,169115025,500,0,100.0,0.0
4063,169115025,169115525,500,0,100.0,0.0
4064,169115525,169116025,500,0,100.0,0.0
4065,169116025,169116525,500,0,100.0,0.0
4066,169116525,169117025,131,369,26.200000000000003,73.8
4067,169117025,169117525,19,481,3.8,96.2
4068,169117525,169118025,5,495,1.0,99.0
4069,169118025,169118525,15,485,3.0,97.0
4070,169118525,169119025,10,490,2.0,98.0
4071,169119025,169119525,14,486,2.8000000000000003,97.2
4072,169119525,169120025,14,486,2.8000000000000003,97.2
4073,169120025,169120525,80,420,16.0,84.0
4074,169120525,169121025,1,499,0.2,99.8
4075,169121025,169121525,226,274,45.2,54.8
4076,169121525,169122025,500,0,100.0,0.0
4077,169122025,169122525,500,0,100.0,0.0
4078,169122525,169123025,500,0,100.0,0.0
4079,169123025,169123525,500,0,100.0,0.0
4080,169123525,169124025,500,0,100.0,0.0
4081,169124025,169124525,500,0,100.0,0.0
4082,169124525,169125025,500,0,100.0,0.0
4083,169125025,169125525,500,0,100.0,0.0
4084,169125525,169126025,500,0,100.0,0.0
4085,169126025,169126525,500,0,100.0,0.0
4086,169126525,169127025,500,0,100.0,0.0
4087,169127025,169127525,500,0,100.0,0.0
4088,169127525,169128025,500,0,100.0,0.0
4089,169128025,169128525,500,0,100.0,0.0
4090,169128525,169129025,500,0,100.0,0.0
4091,169129025,169129525,500,0,100.0,0.0
4092,169129525,169130025,500,0,100.0,0.0
4093,169130025,169130525,500,0,100.0,0.0
4094,169130525,169131025,500,0,100.0,0.0
4095,169131025,169131525,500,0,100.0,0.0
4096,169131525,169132025,500,0,100.0,0.0
4097,169132025,169132525,500,0,100.0,0.0
4098,169132525,169133025,500,0,100.0,0.0
4099,169133025,169133525,500,0,100.0,0.0
4100,169133525,169134025,500,0,100.0,0.0
4101,169134025,169134525,500,0,100.0,0.0
4102,169134525,169135025,500,0,100.0,0.0
4103,169135025,169135525,500,0,100.0,0.0
4104,169135525,169136025,500,0,100.0,0.0
4105,169136025,169136525,500,0,100.0,0.0
4106,169136525,169137025,500,0,100.0,0.0
4107,169137025,169137525,500,0,100.0,0.0
4108,169137525,169138025,500,0,100.0,0.0
4109,169138025,169138525,500,0,100.0,0.0
4110,169138525,169139025,500,0,100.0,0.0
4111,169139025,169139525,500,0,100.0,0.0
4112,169139525,169140025,500,0,100.0,0.0
4113,169140025,169140525,500,0,100.0,0.0
4114,169140525,169141025,500,0,100.0,0.0
4115,169141025,169141525,500,0,100.0,0.0
4116,169141525,169142025,500,0,100.0,0.0
4117,169142025,169142525,500,0,100.0,0.0
4118,169142525,169143025,500,0,100.0,0.0
4119,169143025,169143525,49,451,9.8,90.2
4120,169143525,169144025,21,479,4.2,95.8
4121,169144025,169144525,21,479,4.2,95.8
4122,169144525,169145025,10,490,2.0,98.0
4123,169145025,169145525,12,488,2.4,97.6
4124,169145525,169146025,5,495,1.0,99.0
4125,169146025,169146525,108,392,21.6,78.4
4126,169146525,169147025,271,229,54.2,45.8
4127,169147025,169147525,500,0,100.0,0.0
4128,169147525,169148025,500,0,100.0,0.0
4129,169148025,169148525,500,0,100.0,0.0
4130,169148525,169149025,500,0,100.0,0.0
4131,169149025,169149525,500,0,100.0,0.0
4132,169149525,169150025,500,0,100.0,0.0
4133,169150025,169150525,500,0,100.0,0.0
4134,169150525,169151025,500,0,100.0,0.0
4135,169151025,169151525,500,0,100.0,0.0
4136,169151525,169152025,500,0,100.0,0.0
4137,169152025,169152525,500,0,100.0,0.0
4138,169152525,169153025,500,0,100.0,0.0
4139,169153025,169153525,500,0,100.0,0.0
4140,169153525,169154025,500,0,100.0,0.0
4141,169154025,169154525,500,0,100.0,0.0
4142,169154525,169155025,500,0,100.0,0.0
4143,169155025,169155525,500,0,100.0,0.0
4144,169155525,169156025,500,0,100.0,0.0
4145,169156025,169156525,500,0,100.0,0.0
4146,169156525,169157025,500,0,100.0,0.0
4147,169157025,169157525,500,0,100.0,0.0
4148,169157525,169158025,500,0,100.0,0.0
4149,169158025,169158525,500,0,100.0,0.0
4150,169158525,169159025,500,0,100.0,0.0
4151,169159025,169159525,500,0,100.0,0.0
4152,169159525,169160025,500,0,100.0,0.0
4153,169160025,169160525,500,0,100.0,0.0
4154,169160525,169161025,500,0,100.0,0.0
4155,169161025,169161525,500,0,100.0,0.0
4156,169161525,169162025,500,0,100.0,0.0
4157,169162025,169162525,500,0,100.0,0.0
4158,169162525,169163025,500,0,100.0,0.0
4159,169163025,169163525,500,0,100.0,0.0
4160,169163525,169164025,500,0,100.0,0.0
4161,169164025,169164525,500,0,100.0,0.0
4162,169164525,169165025,500,0,100.0,0.0
4163,169165025,169165525,500,0,100.0,0.0
4164,169165525,169166025,500,0,100.0,0.0
4165,169166025,169166525,500,0,100.0,0.0
4166,169166525,169167025,340,160,68.0,32.0
4167,169167025,169167525,29,471,5.800000000000001,94.2
4168,169167525,169168025,11,489,2.1999999999999997,97.8
4169,169168025,169168525,7,493,1.4000000000000001,98.6
4170,169168525,169169025,7,493,1.4000000000000001,98.6
4171,169169025,169169525,14,486,2.8000000000000003,97.2
4172,169169525,169170025,77,423,15.4,84.6
4173,169170025,169170525,227,273,45.4,54.6
4174,169170525,169171025,500,0,100.0,0.0
4175,169171025,169171525,500,0,100.0,0.0
4176,169171525,169172025,500,0,100.0,0.0
4177,169172025,169172525,500,0,100.0,0.0
4178,169172525,169173025,500,0,100.0,0.0
4179,169173025,169173525,500,0,100.0,0.0
4180,169173525,169174025,500,0,100.0,0.0
4181,169174025,169174525,500,0,100.0,0.0
4182,169174525,169175025,500,0,100.0,0.0
4183,169175025,169175525,500,0,100.0,0.0
4184,169175525,169176025,500,0,100.0,0.0
4185,169176025,169176525,500,0,100.0,0.0
4186,169176525,169177025,500,0,100.0,0.0
4187,169177025,169177525,500,0,100.0,0.0
4188,169177525,169178025,500,0,100.0,0.0
4189,169178025,169178525,500,0,100.0,0.0
4190,169178525,169179025,500,0,100.0,0.0
4191,169179025,169179525,500,0,100.0,0.0
4192,169179525,169180025,500,0,100.0,0.0
4193,169180025,169180525,500,0,100.0,0.0
4194,169180525,169181025,500,0,100.0,0.0
4195,169181025,169181525,500,0,100.0,0.0
4196,169181525,169182025,500,0,100.0,0.0
4197,169182025,169182525,500,0,100.0,0.0
4198,169182525,169183025,500,0,100.0,0.0
4199,169183025,169183525,500,0,100.0,0.0
4200,169183525,169184025,500,0,100.0,0.0
4201,169184025,169184525,500,0,100.0,0.0
4202,169184525,169185025,500,0,100.0,0.0
4203,169185025,169185525,500,0,100.0,0.0
4204,169185525,169186025,500,0,100.0,0.0
4205,169186025,169186525,500,0,100.0,0.0
4206,169186525,169187025,500,0,100.0,0.0
4207,169187025,169187525,500,0,100.0,0.0
4208,169187525,169188025,500,0,100.0,0.0
4209,169188025,169188525,500,0,100.0,0.0
4210,169188525,169189025,500,0,100.0,0.0
4211,169189025,169189525,437,63,87.4,12.599999999999994
4212,169189525,169190025,13,487,2.6,97.4
4213,169190025,169190525,25,475,5.0,95.0
4214,169190525,169191025,12,488,2.4,97.6
4215,169191025,169191525,11,489,2.1999999999999997,97.8
4216,169191525,169192025,4,496,0.8,99.2
4217,169192025,169192525,14,486,2.8000000000000003,97.2
4218,169192525,169193025,88,412,17.599999999999998,82.4
4219,169193025,169193525,124,376,24.8,75.2
4220,169193525,169194025,500,0,100.0,0.0
4221,169194025,169194525,500,0,100.0,0.0
4222,169194525,169195025,500,0,100.0,0.0
4223,169195025,169195525,500,0,100.0,0.0
4224,169195525,169196025,500,0,100.0,0.0
4225,169196025,169196525,500,0,100.0,0.0
4226,169196525,169197025,500,0,100.0,0.0
4227,169197025,169197525,500,0,100.0,0.0
4228,169197525,169198025,500,0,100.0,0.0
4229,169198025,169198525,500,0,100.0,0.0
4230,169198525,169199025,500,0,100.0,0.0
4231,169199025,169199525,500,0,100.0,0.0
4232,169199525,169200025,500,0,100.0,0.0
4233,169200025,169200525,500,0,100.0,0.0
4234,169200525,169201025,500,0,100.0,0.0
4235,169201025,169201525,500,0,100.0,0.0
4236,169201525,169202025,500,0,100.0,0.0
4237,169202025,169202525,500,0,100.0,0.0
4238,169202525,169203025,500,0,100.0,0.0
4239,169203025,169203525,500,0,100.0,0.0
4240,169203525,169204025,500,0,100.0,0.0
4241,169204025,169204525,500,0,100.0,0.0
4242,169204525,169205025,500,0,100.0,0.0
4243,169205025,169205525,500,0,100.0,0.0
4244,169205525,169206025,500,0,100.0,0.0
4245,169206025,169206525,500,0,100.0,0.0
4246,169206525,169207025,500,0,100.0,0.0
4247,169207025,169207525,500,0,100.0,0.0
4248,169207525,169208025,500,0,100.0,0.0
4249,169208025,169208525,500,0,100.0,0.0
4250,169208525,169209025,500,0,100.0,0.0
4251,169209025,169209525,500,0,100.0,0.0
4252,169209525,169210025,500,0,100.0,0.0
4253,169210025,169210525,500,0,100.0,0.0
4254,169210525,169211025,500,0,100.0,0.0
4255,169211025,169211525,500,0,100.0,0.0
4256,169211525,169212025,343,157,68.60000000000001,31.39999999999999
4257,169212025,169212525,34,466,6.800000000000001,93.2
4258,169212525,169213025,5,495,1.0,99.0
4259,169213025,169213525,16,484,3.2,96.8
4260,169213525,169214025,9,491,1.7999999999999998,98.2
4261,169214025,169214525,13,487,2.6,97.4
4262,169214525,169215025,81,419,16.2,83.8
4263,169215025,169215525,98,402,19.6,80.4
4264,169215525,169216025,500,0,100.0,0.0
4265,169216025,169216525,500,0,100.0,0.0
4266,169216525,169217025,500,0,100.0,0.0
4267,169217025,169217525,500,0,100.0,0.0
4268,169217525,169218025,500,0,100.0,0.0
4269,169218025,169218525,500,0,100.0,0.0
4270,169218525,169219025,500,0,100.0,0.0
4271,169219025,169219525,500,0,100.0,0.0
4272,169219525,169220025,500,0,100.0,0.0
4273,169220025,169220525,500,0,100.0,0.0
4274,169220525,169221025,500,0,100.0,0.0
4275,169221025,169221525,500,0,100.0,0.0
4276,169221525,169222025,500,0,100.0,0.0
4277,169222025,169222525,500,0,100.0,0.0
4278,169222525,169223025,500,0,100.0,0.0
4279,169223025,169223525,500,0,100.0,0.0
4280,169223525,169224025,500,0,100.0,0.0
4281,169224025,169224525,500,0,100.0,0.0
4282,169224525,169225025,500,0,100.0,0.0
4283,169225025,169225525,500,0,100.0,0.0
4284,169225525,169226025,500,0,100.0,0.0
4285,169226025,169226525,500,0,100.0,0.0
4286,169226525,169227025,500,0,100.0,0.0
4287,169227025,169227525,500,0,100.0,0.0
4288,169227525,169228025,500,0,100.0,0.0
4289,169228025,169228525,500,0,100.0,0.0
4290,169228525,169229025,500,0,100.0,0.0
4291,169229025,169229525,500,0,100.0,0.0
4292,169229525,169230025,500,0,100.0,0.0
4293,169230025,169230525,500,0,100.0,0.0
4294,169230525,169231025,500,0,100.0,0.0
4295,169231025,169231525,500,0,100.0,0.0
4296,169231525,169232025,500,0,100.0,0.0
4297,169232025,169232525,500,0,100.0,0.0
4298,169232525,169233025,500,0,100.0,0.0
4299,169233025,169233525,500,0,100.0,0.0
4300,169233525,169234025,500,0,100.0,0.0
4301,169234025,169234525,500,0,100.0,0.0
4302,169234525,169235025,500,0,100.0,0.0
4303,169235025,169235525,500,0,100.0,0.0
4304,169235525,169236025,387,113,77.4,22.599999999999994
4305,169236025,169236525,30,470,6.0,94.0
4306,169236525,169237025,6,494,1.2,98.8
4307,169237025,169237525,15,485,3.0,97.0
4308,169237525,169238025,8,492,1.6,98.4
4309,169238025,169238525,14,486,2.8000000000000003,97.2
4310,169238525,169239025,75,425,15.0,85.0
4311,169239025,169239525,219,281,43.8,56.2
4312,169239525,169240025,500,0,100.0,0.0
4313,169240025,169240525,500,0,100.0,0.0
4314,169240525,169241025,500,0,100.0,0.0
4315,169241025,169241525,500,0,100.0,0.0
4316,169241525,169242025,500,0,100.0,0.0
4317,169242025,169242525,500,0,100.0,0.0
4318,169242525,169243025,500,0,100.0,0.0
4319,169243025,169243525,500,0,100.0,0.0
4320,169243525,169244025,500,0,100.0,0.0
4321,169244025,169244525,500,0,100.0,0.0
4322,169244525,169245025,500,0,100.0,0.0
4323,169245025,169245525,500,0,100.0,0.0
4324,169245525,169246025,500,0,100.0,0.0
4325,169246025,169246525,500,0,100.0,0.0
4326,169246525,169247025,500,0,100.0,0.0
4327,169247025,169247525,500,0,100.0,0.0
4328,169247525,169248025,500,0,100.0,0.0
4329,169248025,169248525,500,0,100.0,0.0
4330,169248525,169249025,500,0,100.0,0.0
4331,169249025,169249525,500,0,100.0,0.0
4332,169249525,169250025,500,0,100.0,0.0
4333,169250025,169250525,500,0,100.0,0.0
4334,169250525,169251025,500,0,100.0,0.0
4335,169251025,169251525,500,0,100.0,0.0
4336,169251525,169252025,500,0,100.0,0.0
4337,169252025,169252525,500,0,100.0,0.0
4338,169252525,169253025,500,0,100.0,0.0
4339,169253025,169253525,500,0,100.0,0.0
4340,169253525,169254025,500,0,100.0,0.0
4341,169254025,169254525,500,0,100.0,0.0
4342,169254525,169255025,500,0,100.0,0.0
4343,169255025,169255525,500,0,100.0,0.0
4344,169255525,169256025,500,0,100.0,0.0
4345,169256025,169256525,500,0,100.0,0.0
4346,169256525,169257025,500,0,100.0,0.0
4347,169257025,169257525,500,0,100.0,0.0
4348,169257525,169258025,465,35,93.0,7.0
4349,169258025,169258525,29,471,5.800000000000001,94.2
4350,169258525,169259025,5,495,1.0,99.0
4351,169259025,169259525,15,485,3.0,97.0
4352,169259525,169260025,10,490,2.0,98.0
4353,169260025,169260525,14,486,2.8000000000000003,97.2
4354,169260525,169261025,43,457,8.6,91.4
4355,169261025,169261525,42,458,8.4,91.6
4356,169261525,169262025,477,23,95.39999999999999,4.6000000000000085
4357,169262025,169262525,500,0,100.0,0.0
4358,169262525,169263025,500,0,100.0,0.0
4359,169263025,169263525,500,0,100.0,0.0
4360,169263525,169264025,500,0,100.0,0.0
4361,169264025,169264525,500,0,100.0,0.0
4362,169264525,169265025,500,0,100.0,0.0
4363,169265025,169265525,500,0,100.0,0.0
4364,169265525,169266025,500,0,100.0,0.0
4365,169266025,169266525,500,0,100.0,0.0
4366,169266525,169267025,500,0,100.0,0.0
4367,169267025,169267525,500,0,100.0,0.0
4368,169267525,169268025,500,0,100.0,0.0
4369,169268025,169268525,500,0,100.0,0.0
4370,169268525,169269025,500,0,100.0,0.0
4371,169269025,169269525,500,0,100.0,0.0
4372,169269525,169270025,500,0,100.0,0.0
4373,169270025,169270525,500,0,100.0,0.0
4374,169270525,169271025,500,0,100.0,0.0
4375,169271025,169271525,500,0,100.0,0.0
4376,169271525,169272025,500,0,100.0,0.0
4377,169272025,169272525,500,0,100.0,0.0
4378,169272525,169273025,500,0,100.0,0.0
4379,169273025,169273525,500,0,100.0,0.0
4380,169273525,169274025,500,0,100.0,0.0
4381,169274025,169274525,500,0,100.0,0.0
4382,169274525,169275025,500,0,100.0,0.0
4383,169275025,169275525,500,0,100.0,0.0
4384,169275525,169276025,500,0,100.0,0.0
4385,169276025,169276525,500,0,100.0,0.0
4386,169276525,169277025,500,0,100.0,0.0
4387,169277025,169277525,500,0,100.0,0.0
4388,169277525,169278025,500,0,100.0,0.0
4389,169278025,169278525,500,0,100.0,0.0
4390,169278525,169279025,500,0,100.0,0.0
4391,169279025,169279525,500,0,100.0,0.0
4392,169279525,169280025,500,0,100.0,0.0
4393,169280025,169280525,500,0,100.0,0.0
4394,169280525,169281025,500,0,100.0,0.0
4395,169281025,169281525,500,0,100.0,0.0
4396,169281525,169282025,500,0,100.0,0.0
4397,169282025,169282525,78,422,15.6,84.4
4398,169282525,169283025,22,478,4.3999999999999995,95.6
4399,169283025,169283525,12,488,2.4,97.6
4400,169283525,169284025,9,491,1.7999999999999998,98.2
4401,169284025,169284525,13,487,2.6,97.4
4402,169284525,169285025,24,476,4.8,95.2
4403,169285025,169285525,58,442,11.600000000000001,88.4
4404,169285525,169286025,468,32,93.60000000000001,6.3999999999999915
4405,169286025,169286525,500,0,100.0,0.0
4406,169286525,169287025,500,0,100.0,0.0
4407,169287025,169287525,500,0,100.0,0.0
4408,169287525,169288025,500,0,100.0,0.0
4409,169288025,169288525,500,0,100.0,0.0
4410,169288525,169289025,500,0,100.0,0.0
4411,169289025,169289525,500,0,100.0,0.0
4412,169289525,169290025,500,0,100.0,0.0
4413,169290025,169290525,500,0,100.0,0.0
4414,169290525,169291025,500,0,100.0,0.0
4415,169291025,169291525,500,0,100.0,0.0
4416,169291525,169292025,500,0,100.0,0.0
4417,169292025,169292525,500,0,100.0,0.0
4418,169292525,169293025,500,0,100.0,0.0
4419,169293025,169293525,500,0,100.0,0.0
4420,169293525,169294025,500,0,100.0,0.0
4421,169294025,169294525,500,0,100.0,0.0
4422,169294525,169295025,500,0,100.0,0.0
4423,169295025,169295525,500,0,100.0,0.0
4424,169295525,169296025,500,0,100.0,0.0
4425,169296025,169296525,500,0,100.0,0.0
4426,169296525,169297025,500,0,100.0,0.0
4427,169297025,169297525,500,0,100.0,0.0
4428,169297525,169298025,500,0,100.0,0.0
4429,169298025,169298525,500,0,100.0,0.0
4430,169298525,169299025,500,0,100.0,0.0
4431,169299025,169299525,500,0,100.0,0.0
4432,169299525,169300025,500,0,100.0,0.0
4433,169300025,169300525,500,0,100.0,0.0
4434,169300525,169301025,500,0,100.0,0.0
4435,169301025,169301525,500,0,100.0,0.0
4436,169301525,169302025,500,0,100.0,0.0
4437,169302025,169302525,500,0,100.0,0.0
4438,169302525,169303025,500,0,100.0,0.0
4439,169303025,169303525,500,0,100.0,0.0
4440,169303525,169304025,169,331,33.800000000000004,66.19999999999999
4441,169304025,169304525,19,481,3.8,96.2
4442,169304525,169305025,11,489,2.1999999999999997,97.8
4443,169305025,169305525,10,490,2.0,98.0
4444,169305525,169306025,5,495,1.0,99.0
4445,169306025,169306525,23,477,4.6,95.4
4446,169306525,169307025,51,449,10.2,89.8
4447,169307025,169307525,397,103,79.4,20.599999999999994
4448,169307525,169308025,500,0,100.0,0.0
4449,169308025,169308525,500,0,100.0,0.0
4450,169308525,169309025,500,0,100.0,0.0
4451,169309025,169309525,500,0,100.0,0.0
4452,169309525,169310025,500,0,100.0,0.0
4453,169310025,169310525,500,0,100.0,0.0
4454,169310525,169311025,500,0,100.0,0.0
4455,169311025,169311525,500,0,100.0,0.0
4456,169311525,169312025,500,0,100.0,0.0
4457,169312025,169312525,500,0,100.0,0.0
4458,169312525,169313025,500,0,100.0,0.0
4459,169313025,169313525,500,0,100.0,0.0
4460,169313525,169314025,500,0,100.0,0.0
4461,169314025,169314525,500,0,100.0,0.0
4462,169314525,169315025,500,0,100.0,0.0
4463,169315025,169315525,500,0,100.0,0.0
4464,169315525,169316025,500,0,100.0,0.0
4465,169316025,169316525,500,0,100.0,0.0
4466,169316525,169317025,500,0,100.0,0.0
4467,169317025,169317525,500,0,100.0,0.0
4468,169317525,169318025,500,0,100.0,0.0
4469,169318025,169318525,500,0,100.0,0.0
4470,169318525,169319025,500,0,100.0,0.0
4471,169319025,169319525,500,0,100.0,0.0
4472,169319525,169320025,500,0,100.0,0.0
4473,169320025,169320525,500,0,100.0,0.0
4474,169320525,169321025,500,0,100.0,0.0
4475,169321025,169321525,500,0,100.0,0.0
4476,169321525,169322025,500,0,100.0,0.0
4477,169322025,169322525,500,0,100.0,0.0
4478,169322525,169323025,500,0,100.0,0.0
4479,169323025,169323525,500,0,100.0,0.0
4480,169323525,169324025,500,0,100.0,0.0
4481,169324025,169324525,500,0,100.0,0.0
4482,169324525,169325025,45,455,9.0,91.0
4483,169325025,169325525,21,479,4.2,95.8
4484,169325525,169326025,10,490,2.0,98.0
4485,169326025,169326525,10,490,2.0,98.0
4486,169326525,169327025,10,490,2.0,98.0
4487,169327025,169327525,70,430,14.000000000000002,86.0
4488,169327525,169328025,5,495,1.0,99.0
4489,169328025,169328525,470,30,94.0,6.0
4490,169328525,169329025,500,0,100.0,0.0
4491,169329025,169329525,500,0,100.0,0.0
4492,169329525,169330025,500,0,100.0,0.0
4493,169330025,169330525,500,0,100.0,0.0
4494,169330525,169331025,500,0,100.0,0.0
4495,169331025,169331525,500,0,100.0,0.0
4496,169331525,169332025,500,0,100.0,0.0
4497,169332025,169332525,500,0,100.0,0.0
4498,169332525,169333025,500,0,100.0,0.0
4499,169333025,169333525,500,0,100.0,0.0
4500,169333525,169334025,500,0,100.0,0.0
4501,169334025,169334525,500,0,100.0,0.0
4502,169334525,169335025,500,0,100.0,0.0
4503,169335025,169335525,500,0,100.0,0.0
4504,169335525,169336025,500,0,100.0,0.0
4505,169336025,169336525,500,0,100.0,0.0
4506,169336525,169337025,500,0,100.0,0.0
4507,169337025,169337525,500,0,100.0,0.0
4508,169337525,169338025,500,0,100.0,0.0
4509,169338025,169338525,500,0,100.0,0.0
4510,169338525,169339025,500,0,100.0,0.0
4511,169339025,169339525,500,0,100.0,0.0
4512,169339525,169340025,500,0,100.0,0.0
4513,169340025,169340525,500,0,100.0,0.0
4514,169340525,169341025,500,0,100.0,0.0
4515,169341025,169341525,500,0,100.0,0.0
4516,169341525,169342025,500,0,100.0,0.0
4517,169342025,169342525,500,0,100.0,0.0
4518,169342525,169343025,500,0,100.0,0.0
4519,169343025,169343525,500,0,100.0,0.0
4520,169343525,169344025,500,0,100.0,0.0
4521,169344025,169344525,500,0,100.0,0.0
4522,169344525,169345025,500,0,100.0,0.0
4523,169345025,169345525,500,0,100.0,0.0
4524,169345525,169346025,162,338,32.4,67.6
4525,169346025,169346525,28,472,5.6000000000000005,94.4
4526,169346525,169347025,13,487,2.6,97.4
4527,169347025,169347525,11,489,2.1999999999999997,97.8
4528,169347525,169348025,5,495,1.0,99.0
4529,169348025,169348525,20,480,4.0,96.0
4530,169348525,169349025,59,441,11.799999999999999,88.2
4531,169349025,169349525,392,108,78.4,21.599999999999994
4532,169349525,169350025,500,0,100.0,0.0
4533,169350025,169350525,500,0,100.0,0.0
4534,169350525,169351025,500,0,100.0,0.0
4535,169351025,169351525,500,0,100.0,0.0
4536,169351525,169352025,500,0,100.0,0.0
4537,169352025,169352525,500,0,100.0,0.0
4538,169352525,169353025,500,0,100.0,0.0
4539,169353025,169353525,500,0,100.0,0.0
4540,169353525,169354025,500,0,100.0,0.0
4541,169354025,169354525,500,0,100.0,0.0
4542,169354525,169355025,500,0,100.0,0.0
4543,169355025,169355525,500,0,100.0,0.0
4544,169355525,169356025,500,0,100.0,0.0
4545,169356025,169356525,500,0,100.0,0.0
4546,169356525,169357025,500,0,100.0,0.0
4547,169357025,169357525,500,0,100.0,0.0
4548,169357525,169358025,500,0,100.0,0.0
4549,169358025,169358525,500,0,100.0,0.0
4550,169358525,169359025,500,0,100.0,0.0
4551,169359025,169359525,500,0,100.0,0.0
4552,169359525,169360025,500,0,100.0,0.0
4553,169360025,169360525,500,0,100.0,0.0
4554,169360525,169361025,500,0,100.0,0.0
4555,169361025,169361525,500,0,100.0,0.0
4556,169361525,169362025,500,0,100.0,0.0
4557,169362025,169362525,500,0,100.0,0.0
4558,169362525,169363025,500,0,100.0,0.0
4559,169363025,169363525,500,0,100.0,0.0
4560,169363525,169364025,500,0,100.0,0.0
4561,169364025,169364525,500,0,100.0,0.0
4562,169364525,169365025,500,0,100.0,0.0
4563,169365025,169365525,500,0,100.0,0.0
4564,169365525,169366025,500,0,100.0,0.0
4565,169366025,169366525,500,0,100.0,0.0
4566,169366525,169367025,90,410,18.0,82.0
4567,169367025,169367525,20,480,4.0,96.0
4568,169367525,169368025,11,489,2.1999999999999997,97.8
4569,169368025,169368525,10,490,2.0,98.0
4570,169368525,169369025,10,490,2.0,98.0
4571,169369025,169369525,66,434,13.200000000000001,86.8
4572,169369525,169370025,70,430,14.000000000000002,86.0
4573,169370025,169370525,500,0,100.0,0.0
4574,169370525,169371025,500,0,100.0,0.0
4575,169371025,169371525,500,0,100.0,0.0
4576,169371525,169372025,500,0,100.0,0.0
4577,169372025,169372525,500,0,100.0,0.0
4578,169372525,169373025,500,0,100.0,0.0
4579,169373025,169373525,500,0,100.0,0.0
4580,169373525,169374025,500,0,100.0,0.0
4581,169374025,169374525,500,0,100.0,0.0
4582,169374525,169375025,500,0,100.0,0.0
4583,169375025,169375525,500,0,100.0,0.0
4584,169375525,169376025,500,0,100.0,0.0
4585,169376025,169376525,500,0,100.0,0.0
4586,169376525,169377025,500,0,100.0,0.0
4587,169377025,169377525,500,0,100.0,0.0
4588,169377525,169378025,500,0,100.0,0.0
4589,169378025,169378525,500,0,100.0,0.0
4590,169378525,169379025,500,0,100.0,0.0
4591,169379025,169379525,500,0,100.0,0.0
4592,169379525,169380025,500,0,100.0,0.0
4593,169380025,169380525,500,0,100.0,0.0
4594,169380525,169381025,500,0,100.0,0.0
4595,169381025,169381525,500,0,100.0,0.0
4596,169381525,169382025,500,0,100.0,0.0
4597,169382025,169382525,500,0,100.0,0.0
4598,169382525,169383025,500,0,100.0,0.0
4599,169383025,169383525,500,0,100.0,0.0
4600,169383525,169384025,500,0,100.0,0.0
4601,169384025,169384525,500,0,100.0,0.0
4602,169384525,169385025,500,0,100.0,0.0
4603,169385025,169385525,500,0,100.0,0.0
4604,169385525,169386025,500,0,100.0,0.0
4605,169386025,169386525,500,0,100.0,0.0
4606,169386525,169387025,500,0,100.0,0.0
4607,169387025,169387525,398,102,79.60000000000001,20.39999999999999
4608,169387525,169388025,23,477,4.6,95.4
4609,169388025,169388525,12,488,2.4,97.6
4610,169388525,169389025,6,494,1.2,98.8
4611,169389025,169389525,10,490,2.0,98.0
4612,169389525,169390025,11,489,2.1999999999999997,97.8
4613,169390025,169390525,65,435,13.0,87.0
4614,169390525,169391025,433,67,86.6,13.400000000000006
4615,169391025,169391525,500,0,100.0,0.0
4616,169391525,169392025,500,0,100.0,0.0
4617,169392025,169392525,500,0,100.0,0.0
4618,169392525,169393025,500,0,100.0,0.0
4619,169393025,169393525,500,0,100.0,0.0
4620,169393525,169394025,500,0,100.0,0.0
4621,169394025,169394525,500,0,100.0,0.0
4622,169394525,169395025,500,0,100.0,0.0
4623,169395025,169395525,500,0,100.0,0.0
4624,169395525,169396025,500,0,100.0,0.0
4625,169396025,169396525,500,0,100.0,0.0
4626,169396525,169397025,500,0,100.0,0.0
4627,169397025,169397525,500,0,100.0,0.0
4628,169397525,169398025,500,0,100.0,0.0
4629,169398025,169398525,500,0,100.0,0.0
4630,169398525,169399025,500,0,100.0,0.0
4631,169399025,169399525,500,0,100.0,0.0
4632,169399525,169400025,500,0,100.0,0.0
4633,169400025,169400525,500,0,100.0,0.0
4634,169400525,169401025,500,0,100.0,0.0
4635,169401025,169401525,500,0,100.0,0.0
4636,169401525,169402025,500,0,100.0,0.0
4637,169402025,169402525,500,0,100.0,0.0
4638,169402525,169403025,500,0,100.0,0.0
4639,169403025,169403525,500,0,100.0,0.0
4640,169403525,169404025,500,0,100.0,0.0
4641,169404025,169404525,500,0,100.0,0.0
4642,169404525,169405025,500,0,100.0,0.0
4643,169405025,169405525,500,0,100.0,0.0
4644,169405525,169406025,500,0,100.0,0.0
4645,169406025,169406525,500,0,100.0,0.0
4646,169406525,169407025,500,0,100.0,0.0
4647,169407025,169407525,486,14,97.2,2.799999999999997
4648,169407525,169408025,13,487,2.6,97.4
4649,169408025,169408525,22,478,4.3999999999999995,95.6
4650,169408525,169409025,11,489,2.1999999999999997,97.8
4651,169409025,169409525,11,489,2.1999999999999997,97.8
4652,169409525,169410025,11,489,2.1999999999999997,97.8
4653,169410025,169410525,108,392,21.6,78.4
4654,169410525,169411025,117,383,23.400000000000002,76.6
4655,169411025,169411525,500,0,100.0,0.0
4656,169411525,169412025,500,0,100.0,0.0
4657,169412025,169412525,500,0,100.0,0.0
4658,169412525,169413025,500,0,100.0,0.0
4659,169413025,169413525,500,0,100.0,0.0
4660,169413525,169414025,500,0,100.0,0.0
4661,169414025,169414525,500,0,100.0,0.0
4662,169414525,169415025,500,0,100.0,0.0
4663,169415025,169415525,500,0,100.0,0.0
4664,169415525,169416025,500,0,100.0,0.0
4665,169416025,169416525,500,0,100.0,0.0
4666,169416525,169417025,500,0,100.0,0.0
4667,169417025,169417525,500,0,100.0,0.0
4668,169417525,169418025,500,0,100.0,0.0
4669,169418025,169418525,500,0,100.0,0.0
4670,169418525,169419025,500,0,100.0,0.0
4671,169419025,169419525,500,0,100.0,0.0
4672,169419525,169420025,500,0,100.0,0.0
4673,169420025,169420525,500,0,100.0,0.0
4674,169420525,169421025,500,0,100.0,0.0
4675,169421025,169421525,500,0,100.0,0.0
4676,169421525,169422025,500,0,100.0,0.0
4677,169422025,169422525,500,0,100.0,0.0
4678,169422525,169423025,500,0,100.0,0.0
4679,169423025,169423525,500,0,100.0,0.0
4680,169423525,169424025,500,0,100.0,0.0
4681,169424025,169424525,500,0,100.0,0.0
4682,169424525,169425025,500,0,100.0,0.0
4683,169425025,169425525,500,0,100.0,0.0
4684,169425525,169426025,500,0,100.0,0.0
4685,169426025,169426525,500,0,100.0,0.0
4686,169426525,169427025,500,0,100.0,0.0
4687,169427025,169427525,500,0,100.0,0.0
4688,169427525,169428025,500,0,100.0,0.0
4689,169428025,169428525,500,0,100.0,0.0
4690,169428525,169429025,298,202,59.599999999999994,40.400000000000006
4691,169429025,169429525,21,479,4.2,95.8
4692,169429525,169430025,15,485,3.0,97.0
4693,169430025,169430525,14,486,2.8000000000000003,97.2
4694,169430525,169431025,5,495,1.0,99.0
4695,169431025,169431525,13,487,2.6,97.4
4696,169431525,169432025,72,428,14.399999999999999,85.6
4697,169432025,169432525,361,139,72.2,27.799999999999997
4698,169432525,169433025,500,0,100.0,0.0
4699,169433025,169433525,500,0,100.0,0.0
4700,169433525,169434025,500,0,100.0,0.0
4701,169434025,169434525,500,0,100.0,0.0
4702,169434525,169435025,500,0,100.0,0.0
4703,169435025,169435525,500,0,100.0,0.0
4704,169435525,169436025,500,0,100.0,0.0
4705,169436025,169436525,500,0,100.0,0.0
4706,169436525,169437025,500,0,100.0,0.0
4707,169437025,169437525,500,0,100.0,0.0
4708,169437525,169438025,500,0,100.0,0.0
4709,169438025,169438525,500,0,100.0,0.0
4710,169438525,169439025,500,0,100.0,0.0
4711,169439025,169439525,500,0,100.0,0.0
4712,169439525,169440025,500,0,100.0,0.0
4713,169440025,169440525,500,0,100.0,0.0
4714,169440525,169441025,500,0,100.0,0.0
4715,169441025,169441525,500,0,100.0,0.0
4716,169441525,169442025,500,0,100.0,0.0
4717,169442025,169442525,500,0,100.0,0.0
4718,169442525,169443025,500,0,100.0,0.0
4719,169443025,169443525,500,0,100.0,0.0
4720,169443525,169444025,500,0,100.0,0.0
4721,169444025,169444525,500,0,100.0,0.0
4722,169444525,169445025,500,0,100.0,0.0
4723,169445025,169445525,500,0,100.0,0.0
4724,169445525,169446025,500,0,100.0,0.0
4725,169446025,169446525,500,0,100.0,0.0
4726,169446525,169447025,500,0,100.0,0.0
4727,169447025,169447525,500,0,100.0,0.0
4728,169447525,169448025,500,0,100.0,0.0
4729,169448025,169448525,500,0,100.0,0.0
4730,169448525,169449025,426,74,85.2,14.799999999999997
4731,169449025,169449525,18,482,3.5999999999999996,96.4
4732,169449525,169450025,19,481,3.8,96.2
4733,169450025,169450525,12,488,2.4,97.6
4734,169450525,169451025,8,492,1.6,98.4
4735,169451025,169451525,12,488,2.4,97.6
4736,169451525,169452025,84,416,16.8,83.2
4737,169452025,169452525,291,209,58.199999999999996,41.800000000000004
4738,169452525,169453025,500,0,100.0,0.0
4739,169453025,169453525,500,0,100.0,0.0
4740,169453525,169454025,500,0,100.0,0.0
4741,169454025,169454525,500,0,100.0,0.0
4742,169454525,169455025,500,0,100.0,0.0
4743,169455025,169455525,500,0,100.0,0.0
4744,169455525,169456025,500,0,100.0,0.0
4745,169456025,169456525,500,0,100.0,0.0
4746,169456525,169457025,500,0,100.0,0.0
4747,169457025,169457525,500,0,100.0,0.0
4748,169457525,169458025,500,0,100.0,0.0
4749,169458025,169458525,500,0,100.0,0.0
4750,169458525,169459025,500,0,100.0,0.0
4751,169459025,169459525,500,0,100.0,0.0
4752,169459525,169460025,500,0,100.0,0.0
4753,169460025,169460525,500,0,100.0,0.0
4754,169460525,169461025,500,0,100.0,0.0
4755,169461025,169461525,500,0,100.0,0.0
4756,169461525,169462025,500,0,100.0,0.0
4757,169462025,169462525,500,0,100.0,0.0
4758,169462525,169463025,500,0,100.0,0.0
4759,169463025,169463525,500,0,100.0,0.0
4760,169463525,169464025,500,0,100.0,0.0
4761,169464025,169464525,500,0,100.0,0.0
4762,169464525,169465025,500,0,100.0,0.0
4763,169465025,169465525,500,0,100.0,0.0
4764,169465525,169466025,500,0,100.0,0.0
4765,169466025,169466525,500,0,100.0,0.0
4766,169466525,169467025,500,0,100.0,0.0
4767,169467025,169467525,500,0,100.0,0.0
4768,169467525,169468025,500,0,100.0,0.0
4769,169468025,169468525,500,0,100.0,0.0
4770,169468525,169469025,500,0,100.0,0.0
4771,169469025,169469525,61,439,12.2,87.8
4772,169469525,169470025,7,493,1.4000000000000001,98.6
4773,169470025,169470525,13,487,2.6,97.4
4774,169470525,169471025,10,490,2.0,98.0
4775,169471025,169471525,13,487,2.6,97.4
4776,169471525,169472025,99,401,19.8,80.2
4777,169472025,169472525,239,261,47.8,52.2
4778,169472525,169473025,500,0,100.0,0.0
4779,169473025,169473525,500,0,100.0,0.0
4780,169473525,169474025,500,0,100.0,0.0
4781,169474025,169474525,500,0,100.0,0.0
4782,169474525,169475025,500,0,100.0,0.0
4783,169475025,169475525,500,0,100.0,0.0
4784,169475525,169476025,500,0,100.0,0.0
4785,169476025,169476525,500,0,100.0,0.0
4786,169476525,169477025,500,0,100.0,0.0
4787,169477025,169477525,500,0,100.0,0.0
4788,169477525,169478025,500,0,100.0,0.0
4789,169478025,169478525,500,0,100.0,0.0
4790,169478525,169479025,500,0,100.0,0.0
4791,169479025,169479525,500,0,100.0,0.0
4792,169479525,169480025,500,0,100.0,0.0
4793,169480025,169480525,500,0,100.0,0.0
4794,169480525,169481025,500,0,100.0,0.0
4795,169481025,169481525,500,0,100.0,0.0
4796,169481525,169482025,500,0,100.0,0.0
4797,169482025,169482525,500,0,100.0,0.0
4798,169482525,169483025,500,0,100.0,0.0
4799,169483025,169483525,500,0,100.0,0.0
4800,169483525,169484025,500,0,100.0,0.0
4801,169484025,169484525,500,0,100.0,0.0
4802,169484525,169485025,500,0,100.0,0.0
4803,169485025,169485525,500,0,100.0,0.0
4804,169485525,169486025,500,0,100.0,0.0
4805,169486025,169486525,500,0,100.0,0.0
4806,169486525,169487025,500,0,100.0,0.0
4807,169487025,169487525,500,0,100.0,0.0
4808,169487525,169488025,500,0,100.0,0.0
4809,169488025,169488525,500,0,100.0,0.0
4810,169488525,169489025,500,0,100.0,0.0
4811,169489025,169489525,297,203,59.4,40.6
4812,169489525,169490025,22,478,4.3999999999999995,95.6
4813,169490025,169490525,15,485,3.0,97.0
4814,169490525,169491025,9,491,1.7999999999999998,98.2
4815,169491025,169491525,7,493,1.4000000000000001,98.6
4816,169491525,169492025,15,485,3.0,97.0
4817,169492025,169492525,83,417,16.6,83.4
4818,169492525,169493025,206,294,41.199999999999996,58.800000000000004
4819,169493025,169493525,500,0,100.0,0.0
4820,169493525,169494025,500,0,100.0,0.0
4821,169494025,169494525,500,0,100.0,0.0
4822,169494525,169495025,500,0,100.0,0.0
4823,169495025,169495525,500,0,100.0,0.0
4824,169495525,169496025,500,0,100.0,0.0
4825,169496025,169496525,500,0,100.0,0.0
4826,169496525,169497025,500,0,100.0,0.0
4827,169497025,169497525,500,0,100.0,0.0
4828,169497525,169498025,500,0,100.0,0.0
4829,169498025,169498525,500,0,100.0,0.0
4830,169498525,169499025,500,0,100.0,0.0
4831,169499025,169499525,500,0,100.0,0.0
4832,169499525,169500025,500,0,100.0,0.0
4833,169500025,169500525,500,0,100.0,0.0
4834,169500525,169501025,500,0,100.0,0.0
4835,169501025,169501525,500,0,100.0,0.0
4836,169501525,169502025,500,0,100.0,0.0
4837,169502025,169502525,500,0,100.0,0.0
4838,169502525,169503025,500,0,100.0,0.0
4839,169503025,169503525,500,0,100.0,0.0
4840,169503525,169504025,500,0,100.0,0.0
4841,169504025,169504525,500,0,100.0,0.0
4842,169504525,169505025,500,0,100.0,0.0
4843,169505025,169505525,500,0,100.0,0.0
4844,169505525,169506025,500,0,100.0,0.0
4845,169506025,169506525,500,0,100.0,0.0
4846,169506525,169507025,500,0,100.0,0.0
4847,169507025,169507525,500,0,100.0,0.0
4848,169507525,169508025,500,0,100.0,0.0
4849,169508025,169508525,500,0,100.0,0.0
4850,169508525,169509025,500,0,100.0,0.0
4851,169509025,169509525,500,0,100.0,0.0
4852,169509525,169510025,369,131,73.8,26.200000000000003
4853,169510025,169510525,27,473,5.4,94.6
4854,169510525,169511025,14,486,2.8000000000000003,97.2
4855,169511025,169511525,11,489,2.1999999999999997,97.8
4856,169511525,169512025,5,495,1.0,99.0
4857,169512025,169512525,79,421,15.8,84.2
4858,169512525,169513025,5,495,1.0,99.0
4859,169513025,169513525,490,10,98.0,2.0
4860,169513525,169514025,500,0,100.0,0.0
4861,169514025,169514525,500,0,100.0,0.0
4862,169514525,169515025,500,0,100.0,0.0
4863,169515025,169515525,500,0,100.0,0.0
4864,169515525,169516025,500,0,100.0,0.0
4865,169516025,169516525,500,0,100.0,0.0
4866,169516525,169517025,500,0,100.0,0.0
4867,169517025,169517525,500,0,100.0,0.0
4868,169517525,169518025,500,0,100.0,0.0
4869,169518025,169518525,500,0,100.0,0.0
4870,169518525,169519025,500,0,100.0,0.0
4871,169519025,169519525,500,0,100.0,0.0
4872,169519525,169520025,500,0,100.0,0.0
4873,169520025,169520525,500,0,100.0,0.0
4874,169520525,169521025,500,0,100.0,0.0
4875,169521025,169521525,500,0,100.0,0.0
4876,169521525,169522025,500,0,100.0,0.0
4877,169522025,169522525,500,0,100.0,0.0
4878,169522525,169523025,500,0,100.0,0.0
4879,169523025,169523525,500,0,100.0,0.0
4880,169523525,169524025,500,0,100.0,0.0
4881,169524025,169524525,500,0,100.0,0.0
4882,169524525,169525025,500,0,100.0,0.0
4883,169525025,169525525,500,0,100.0,0.0
4884,169525525,169526025,500,0,100.0,0.0
4885,169526025,169526525,500,0,100.0,0.0
4886,169526525,169527025,500,0,100.0,0.0
4887,169527025,169527525,500,0,100.0,0.0
4888,169527525,169528025,500,0,100.0,0.0
4889,169528025,169528525,500,0,100.0,0.0
4890,169528525,169529025,500,0,100.0,0.0
4891,169529025,169529525,106,394,21.2,78.8
4892,169529525,169530025,19,481,3.8,96.2
4893,169530025,169530525,12,488,2.4,97.6
4894,169530525,169531025,9,491,1.7999999999999998,98.2
4895,169531025,169531525,15,485,3.0,97.0
4896,169531525,169532025,85,415,17.0,83.0
4897,169532025,169532525,329,171,65.8,34.2
4898,169532525,169533025,500,0,100.0,0.0
4899,169533025,169533525,500,0,100.0,0.0
4900,169533525,169534025,500,0,100.0,0.0
4901,169534025,169534525,500,0,100.0,0.0
4902,169534525,169535025,500,0,100.0,0.0
4903,169535025,169535525,500,0,100.0,0.0
4904,169535525,169536025,500,0,100.0,0.0
4905,169536025,169536525,500,0,100.0,0.0
4906,169536525,169537025,500,0,100.0,0.0
4907,169537025,169537525,500,0,100.0,0.0
4908,169537525,169538025,500,0,100.0,0.0
4909,169538025,169538525,500,0,100.0,0.0
4910,169538525,169539025,500,0,100.0,0.0
4911,169539025,169539525,500,0,100.0,0.0
4912,169539525,169540025,500,0,100.0,0.0
4913,169540025,169540525,500,0,100.0,0.0
4914,169540525,169541025,500,0,100.0,0.0
4915,169541025,169541525,500,0,100.0,0.0
4916,169541525,169542025,500,0,100.0,0.0
4917,169542025,169542525,500,0,100.0,0.0
4918,169542525,169543025,500,0,100.0,0.0
4919,169543025,169543525,500,0,100.0,0.0
4920,169543525,169544025,500,0,100.0,0.0
4921,169544025,169544525,500,0,100.0,0.0
4922,169544525,169545025,500,0,100.0,0.0
4923,169545025,169545525,500,0,100.0,0.0
4924,169545525,169546025,500,0,100.0,0.0
4925,169546025,169546525,500,0,100.0,0.0
4926,169546525,169547025,500,0,100.0,0.0
4927,169547025,169547525,500,0,100.0,0.0
4928,169547525,169548025,500,0,100.0,0.0
4929,169548025,169548525,500,0,100.0,0.0
4930,169548525,169549025,500,0,100.0,0.0
4931,169549025,169549525,286,214,57.199999999999996,42.800000000000004
4932,169549525,169550025,21,479,4.2,95.8
4933,169550025,169550525,14,486,2.8000000000000003,97.2
4934,169550525,169551025,7,493,1.4000000000000001,98.6
4935,169551025,169551525,11,489,2.1999999999999997,97.8
4936,169551525,169552025,14,486,2.8000000000000003,97.2
4937,169552025,169552525,77,423,15.4,84.6
4938,169552525,169553025,491,9,98.2,1.7999999999999972
4939,169553025,169553525,500,0,100.0,0.0
4940,169553525,169554025,500,0,100.0,0.0
4941,169554025,169554525,500,0,100.0,0.0
4942,169554525,169555025,500,0,100.0,0.0
4943,169555025,169555525,500,0,100.0,0.0
4944,169555525,169556025,500,0,100.0,0.0
4945,169556025,169556525,500,0,100.0,0.0
4946,169556525,169557025,500,0,100.0,0.0
4947,169557025,169557525,500,0,100.0,0.0
4948,169557525,169558025,500,0,100.0,0.0
4949,169558025,169558525,500,0,100.0,0.0
4950,169558525,169559025,500,0,100.0,0.0
4951,169559025,169559525,500,0,100.0,0.0
4952,169559525,169560025,500,0,100.0,0.0
4953,169560025,169560525,500,0,100.0,0.0
4954,169560525,169561025,500,0,100.0,0.0
4955,169561025,169561525,500,0,100.0,0.0
4956,169561525,169562025,500,0,100.0,0.0
4957,169562025,169562525,500,0,100.0,0.0
4958,169562525,169563025,500,0,100.0,0.0
4959,169563025,169563525,500,0,100.0,0.0
4960,169563525,169564025,500,0,100.0,0.0
4961,169564025,169564525,500,0,100.0,0.0
4962,169564525,169565025,500,0,100.0,0.0
4963,169565025,169565525,500,0,100.0,0.0
4964,169565525,169566025,500,0,100.0,0.0
4965,169566025,169566525,500,0,100.0,0.0
4966,169566525,169567025,500,0,100.0,0.0
4967,169567025,169567525,500,0,100.0,0.0
4968,169567525,169568025,500,0,100.0,0.0
4969,169568025,169568525,500,0,100.0,0.0
4970,169568525,169569025,500,0,100.0,0.0
4971,169569025,169569525,500,0,100.0,0.0
4972,169569525,169570025,469,31,93.8,6.200000000000003
4973,169570025,169570525,28,472,5.6000000000000005,94.4
4974,169570525,169571025,5,495,1.0,99.0
4975,169571025,169571525,14,486,2.8000000000000003,97.2
4976,169571525,169572025,9,491,1.7999999999999998,98.2
4977,169572025,169572525,12,488,2.4,97.6
4978,169572525,169573025,100,400,20.0,80.0
4979,169573025,169573525,268,232,53.6,46.4
4980,169573525,169574025,500,0,100.0,0.0
4981,169574025,169574525,500,0,100.0,0.0
4982,169574525,169575025,500,0,100.0,0.0
4983,169575025,169575525,500,0,100.0,0.0
4984,169575525,169576025,500,0,100.0,0.0
4985,169576025,169576525,500,0,100.0,0.0
4986,169576525,169577025,500,0,100.0,0.0
4987,169577025,169577525,500,0,100.0,0.0
4988,169577525,169578025,500,0,100.0,0.0
4989,169578025,169578525,500,0,100.0,0.0
4990,169578525,169579025,500,0,100.0,0.0
4991,169579025,169579525,500,0,100.0,0.0
4992,169579525,169580025,500,0,100.0,0.0
4993,169580025,169580525,500,0,100.0,0.0
4994,169580525,169581025,500,0,100.0,0.0
4995,169581025,169581525,500,0,100.0,0.0
4996,169581525,169582025,500,0,100.0,0.0
4997,169582025,169582525,500,0,100.0,0.0
4998,169582525,169583025,500,0,100.0,0.0
4999,169583025,169583525,500,0,100.0,0.0
5000,169583525,169584025,500,0,100.0,0.0
5001,169584025,169584525,500,0,100.0,0.0
5002,169584525,169585025,500,0,100.0,0.0
5003,169585025,169585525,500,0,100.0,0.0
5004,169585525,169586025,500,0,100.0,0.0
5005,169586025,169586525,500,0,100.0,0.0
5006,169586525,169587025,500,0,100.0,0.0
5007,169587025,169587525,500,0,100.0,0.0
5008,169587525,169588025,500,0,100.0,0.0
5009,169588025,169588525,500,0,100.0,0.0
5010,169588525,169589025,500,0,100.0,0.0
5011,169589025,169589525,500,0,100.0,0.0
5012,169589525,169590025,500,0,100.0,0.0
5013,169590025,169590525,298,202,59.599999999999994,40.400000000000006
5014,169590525,169591025,21,479,4.2,95.8
5015,169591025,169591525,16,484,3.2,96.8
5016,169591525,169592025,9,491,1.7999999999999998,98.2
5017,169592025,169592525,5,495,1.0,99.0
5018,169592525,169593025,15,485,3.0,97.0
5019,169593025,169593525,80,420,16.0,84.0
5020,169593525,169594025,261,239,52.2,47.8
5021,169594025,169594525,500,0,100.0,0.0
5022,169594525,169595025,500,0,100.0,0.0
5023,169595025,169595525,500,0,100.0,0.0
5024,169595525,169596025,500,0,100.0,0.0
5025,169596025,169596525,500,0,100.0,0.0
5026,169596525,169597025,500,0,100.0,0.0
5027,169597025,169597525,500,0,100.0,0.0
5028,169597525,169598025,500,0,100.0,0.0
5029,169598025,169598525,500,0,100.0,0.0
5030,169598525,169599025,500,0,100.0,0.0
5031,169599025,169599525,500,0,100.0,0.0
5032,169599525,169600025,500,0,100.0,0.0
5033,169600025,169600525,500,0,100.0,0.0
5034,169600525,169601025,500,0,100.0,0.0
5035,169601025,169601525,500,0,100.0,0.0
5036,169601525,169602025,500,0,100.0,0.0
5037,169602025,169602525,500,0,100.0,0.0
5038,169602525,169603025,500,0,100.0,0.0
5039,169603025,169603525,500,0,100.0,0.0
5040,169603525,169604025,500,0,100.0,0.0
5041,169604025,169604525,500,0,100.0,0.0
5042,169604525,169605025,500,0,100.0,0.0
5043,169605025,169605525,500,0,100.0,0.0
5044,169605525,169606025,500,0,100.0,0.0
5045,169606025,169606525,500,0,100.0,0.0
5046,169606525,169607025,500,0,100.0,0.0
5047,169607025,169607525,500,0,100.0,0.0
5048,169607525,169608025,500,0,100.0,0.0
5049,169608025,169608525,500,0,100.0,0.0
5050,169608525,169609025,500,0,100.0,0.0
5051,169609025,169609525,500,0,100.0,0.0
5052,169609525,169610025,500,0,100.0,0.0
5053,169610025,169610525,500,0,100.0,0.0
5054,169610525,169611025,500,0,100.0,0.0
5055,169611025,169611525,500,0,100.0,0.0
5056,169611525,169612025,91,409,18.2,81.8
5057,169612025,169612525,23,477,4.6,95.4
5058,169612525,169613025,15,485,3.0,97.0
5059,169613025,169613525,10,490,2.0,98.0
5060,169613525,169614025,4,496,0.8,99.2
5061,169614025,169614525,16,484,3.2,96.8
5062,169614525,169615025,119,381,23.799999999999997,76.2
5063,169615025,169615525,221,279,44.2,55.8
5064,169615525,169616025,500,0,100.0,0.0
5065,169616025,169616525,500,0,100.0,0.0
5066,169616525,169617025,500,0,100.0,0.0
5067,169617025,169617525,500,0,100.0,0.0
5068,169617525,169618025,500,0,100.0,0.0
5069,169618025,169618525,500,0,100.0,0.0
5070,169618525,169619025,500,0,100.0,0.0
5071,169619025,169619525,500,0,100.0,0.0
5072,169619525,169620025,500,0,100.0,0.0
5073,169620025,169620525,500,0,100.0,0.0
5074,169620525,169621025,500,0,100.0,0.0
5075,169621025,169621525,500,0,100.0,0.0
5076,169621525,169622025,500,0,100.0,0.0
5077,169622025,169622525,500,0,100.0,0.0
5078,169622525,169623025,500,0,100.0,0.0
5079,169623025,169623525,500,0,100.0,0.0
5080,169623525,169624025,500,0,100.0,0.0
5081,169624025,169624525,500,0,100.0,0.0
5082,169624525,169625025,500,0,100.0,0.0
5083,169625025,169625525,500,0,100.0,0.0
5084,169625525,169626025,500,0,100.0,0.0
5085,169626025,169626525,500,0,100.0,0.0
5086,169626525,169627025,500,0,100.0,0.0
5087,169627025,169627525,500,0,100.0,0.0
5088,169627525,169628025,500,0,100.0,0.0
5089,169628025,169628525,500,0,100.0,0.0
5090,169628525,169629025,500,0,100.0,0.0
5091,169629025,169629525,500,0,100.0,0.0
5092,169629525,169630025,500,0,100.0,0.0
5093,169630025,169630525,500,0,100.0,0.0
5094,169630525,169631025,500,0,100.0,0.0
5095,169631025,169631525,500,0,100.0,0.0
5096,169631525,169632025,500,0,100.0,0.0
5097,169632025,169632525,500,0,100.0,0.0
5098,169632525,169633025,500,0,100.0,0.0
5099,169633025,169633525,169,331,33.800000000000004,66.19999999999999
5100,169633525,169634025,22,478,4.3999999999999995,95.6
5101,169634025,169634525,14,486,2.8000000000000003,97.2
5102,169634525,169635025,10,490,2.0,98.0
5103,169635025,169635525,11,489,2.1999999999999997,97.8
5104,169635525,169636025,6,494,1.2,98.8
5105,169636025,169636525,79,421,15.8,84.2
5106,169636525,169637025,458,42,91.60000000000001,8.399999999999991
5107,169637025,169637525,500,0,100.0,0.0
5108,169637525,169638025,500,0,100.0,0.0
5109,169638025,169638525,500,0,100.0,0.0
5110,169638525,169639025,500,0,100.0,0.0
5111,169639025,169639525,500,0,100.0,0.0
5112,169639525,169640025,500,0,100.0,0.0
5113,169640025,169640525,500,0,100.0,0.0
5114,169640525,169641025,500,0,100.0,0.0
5115,169641025,169641525,500,0,100.0,0.0
5116,169641525,169642025,500,0,100.0,0.0
5117,169642025,169642525,500,0,100.0,0.0
5118,169642525,169643025,500,0,100.0,0.0
5119,169643025,169643525,500,0,100.0,0.0
5120,169643525,169644025,500,0,100.0,0.0
5121,169644025,169644525,500,0,100.0,0.0
5122,169644525,169645025,500,0,100.0,0.0
5123,169645025,169645525,500,0,100.0,0.0
5124,169645525,169646025,500,0,100.0,0.0
5125,169646025,169646525,500,0,100.0,0.0
5126,169646525,169647025,500,0,100.0,0.0
5127,169647025,169647525,500,0,100.0,0.0
5128,169647525,169648025,500,0,100.0,0.0
5129,169648025,169648525,500,0,100.0,0.0
5130,169648525,169649025,500,0,100.0,0.0
5131,169649025,169649525,500,0,100.0,0.0
5132,169649525,169650025,500,0,100.0,0.0
5133,169650025,169650525,500,0,100.0,0.0
5134,169650525,169651025,500,0,100.0,0.0
5135,169651025,169651525,500,0,100.0,0.0
5136,169651525,169652025,500,0,100.0,0.0
5137,169652025,169652525,500,0,100.0,0.0
5138,169652525,169653025,500,0,100.0,0.0
5139,169653025,169653525,500,0,100.0,0.0
5140,169653525,169654025,500,0,100.0,0.0
5141,169654025,169654525,500,0,100.0,0.0
5142,169654525,169655025,500,0,100.0,0.0
5143,169655025,169655525,341,159,68.2,31.799999999999997
5144,169655525,169656025,20,480,4.0,96.0
5145,169656025,169656525,14,486,2.8000000000000003,97.2
5146,169656525,169657025,9,491,1.7999999999999998,98.2
5147,169657025,169657525,14,486,2.8000000000000003,97.2
5148,169657525,169658025,5,495,1.0,99.0
5149,169658025,169658525,95,405,19.0,81.0
5150,169658525,169659025,453,47,90.60000000000001,9.399999999999991
5151,169659025,169659525,500,0,100.0,0.0
5152,169659525,169660025,500,0,100.0,0.0
5153,169660025,169660525,500,0,100.0,0.0
5154,169660525,169661025,500,0,100.0,0.0
5155,169661025,169661525,500,0,100.0,0.0
5156,169661525,169662025,500,0,100.0,0.0
5157,169662025,169662525,500,0,100.0,0.0
5158,169662525,169663025,500,0,100.0,0.0
5159,169663025,169663525,500,0,100.0,0.0
5160,169663525,169664025,500,0,100.0,0.0
5161,169664025,169664525,500,0,100.0,0.0
5162,169664525,169665025,500,0,100.0,0.0
5163,169665025,169665525,500,0,100.0,0.0
5164,169665525,169666025,500,0,100.0,0.0
5165,169666025,169666525,500,0,100.0,0.0
5166,169666525,169667025,500,0,100.0,0.0
5167,169667025,169667525,500,0,100.0,0.0
5168,169667525,169668025,500,0,100.0,0.0
5169,169668025,169668525,500,0,100.0,0.0
5170,169668525,169669025,500,0,100.0,0.0
5171,169669025,169669525,500,0,100.0,0.0
5172,169669525,169670025,500,0,100.0,0.0
5173,169670025,169670525,500,0,100.0,0.0
5174,169670525,169671025,500,0,100.0,0.0
5175,169671025,169671525,500,0,100.0,0.0
5176,169671525,169672025,500,0,100.0,0.0
5177,169672025,169672525,500,0,100.0,0.0
5178,169672525,169673025,500,0,100.0,0.0
5179,169673025,169673525,500,0,100.0,0.0
5180,169673525,169674025,500,0,100.0,0.0
5181,169674025,169674525,500,0,100.0,0.0
5182,169674525,169675025,500,0,100.0,0.0
5183,169675025,169675525,500,0,100.0,0.0
5184,169675525,169676025,500,0,100.0,0.0
5185,169676025,169676525,500,0,100.0,0.0
5186,169676525,169677025,500,0,100.0,0.0
5187,169677025,169677525,268,232,53.6,46.4
5188,169677525,169678025,3,497,0.6,99.4
5189,169678025,169678525,32,468,6.4,93.6
5190,169678525,169679025,15,485,3.0,97.0
5191,169679025,169679525,13,487,2.6,97.4
5192,169679525,169680025,5,495,1.0,99.0
5193,169680025,169680525,79,421,15.8,84.2
5194,169680525,169681025,15,485,3.0,97.0
5195,169681025,169681525,457,43,91.4,8.599999999999994
5196,169681525,169682025,500,0,100.0,0.0
5197,169682025,169682525,500,0,100.0,0.0
5198,169682525,169683025,500,0,100.0,0.0
5199,169683025,169683525,500,0,100.0,0.0
5200,169683525,169684025,500,0,100.0,0.0
5201,169684025,169684525,500,0,100.0,0.0
5202,169684525,169685025,500,0,100.0,0.0
5203,169685025,169685525,500,0,100.0,0.0
5204,169685525,169686025,500,0,100.0,0.0
5205,169686025,169686525,500,0,100.0,0.0
5206,169686525,169687025,500,0,100.0,0.0
5207,169687025,169687525,500,0,100.0,0.0
5208,169687525,169688025,500,0,100.0,0.0
5209,169688025,169688525,500,0,100.0,0.0
5210,169688525,169689025,500,0,100.0,0.0
5211,169689025,169689525,500,0,100.0,0.0
5212,169689525,169690025,500,0,100.0,0.0
5213,169690025,169690525,500,0,100.0,0.0
5214,169690525,169691025,500,0,100.0,0.0
5215,169691025,169691525,500,0,100.0,0.0
5216,169691525,169692025,500,0,100.0,0.0
5217,169692025,169692525,500,0,100.0,0.0
5218,169692525,169693025,500,0,100.0,0.0
5219,169693025,169693525,500,0,100.0,0.0
5220,169693525,169694025,500,0,100.0,0.0
5221,169694025,169694525,500,0,100.0,0.0
5222,169694525,169695025,500,0,100.0,0.0
5223,169695025,169695525,500,0,100.0,0.0
5224,169695525,169696025,500,0,100.0,0.0
5225,169696025,169696525,500,0,100.0,0.0
5226,169696525,169697025,500,0,100.0,0.0
5227,169697025,169697525,500,0,100.0,0.0
5228,169697525,169698025,500,0,100.0,0.0
5229,169698025,169698525,500,0,100.0,0.0
5230,169698525,169699025,92,408,18.4,81.6
5231,169699025,169699525,29,471,5.800000000000001,94.2
5232,169699525,169700025,16,484,3.2,96.8
5233,169700025,169700525,27,473,5.4,94.6
5234,169700525,169701025,11,489,2.1999999999999997,97.8
5235,169701025,169701525,125,375,25.0,75.0
5236,169701525,169702025,5,495,1.0,99.0
5237,169702025,169702525,471,29,94.19999999999999,5.800000000000011
5238,169702525,169703025,500,0,100.0,0.0
5239,169703025,169703525,500,0,100.0,0.0
5240,169703525,169704025,500,0,100.0,0.0
5241,169704025,169704525,500,0,100.0,0.0
5242,169704525,169705025,500,0,100.0,0.0
5243,169705025,169705525,500,0,100.0,0.0
5244,169705525,169706025,500,0,100.0,0.0
5245,169706025,169706525,500,0,100.0,0.0
5246,169706525,169707025,500,0,100.0,0.0
5247,169707025,169707525,500,0,100.0,0.0
5248,169707525,169708025,500,0,100.0,0.0
5249,169708025,169708525,500,0,100.0,0.0
5250,169708525,169709025,500,0,100.0,0.0
5251,169709025,169709525,500,0,100.0,0.0
5252,169709525,169710025,500,0,100.0,0.0
5253,169710025,169710525,500,0,100.0,0.0
5254,169710525,169711025,500,0,100.0,0.0
5255,169711025,169711525,500,0,100.0,0.0
5256,169711525,169712025,500,0,100.0,0.0
5257,169712025,169712525,500,0,100.0,0.0
5258,169712525,169713025,500,0,100.0,0.0
5259,169713025,169713525,500,0,100.0,0.0
5260,169713525,169714025,500,0,100.0,0.0
5261,169714025,169714525,500,0,100.0,0.0
5262,169714525,169715025,500,0,100.0,0.0
5263,169715025,169715525,500,0,100.0,0.0
5264,169715525,169716025,500,0,100.0,0.0
5265,169716025,169716525,500,0,100.0,0.0
5266,169716525,169717025,500,0,100.0,0.0
5267,169717025,169717525,500,0,100.0,0.0
5268,169717525,169718025,500,0,100.0,0.0
5269,169718025,169718525,500,0,100.0,0.0
5270,169718525,169719025,500,0,100.0,0.0
5271,169719025,169719525,500,0,100.0,0.0
5272,169719525,169720025,500,0,100.0,0.0
5273,169720025,169720525,73,427,14.6,85.4
5274,169720525,169721025,7,493,1.4000000000000001,98.6
5275,169721025,169721525,16,484,3.2,96.8
5276,169721525,169722025,9,491,1.7999999999999998,98.2
5277,169722025,169722525,14,486,2.8000000000000003,97.2
5278,169722525,169723025,84,416,16.8,83.2
5279,169723025,169723525,42,458,8.4,91.6
5280,169723525,169724025,500,0,100.0,0.0
5281,169724025,169724525,500,0,100.0,0.0
5282,169724525,169725025,500,0,100.0,0.0
5283,169725025,169725525,500,0,100.0,0.0
5284,169725525,169726025,500,0,100.0,0.0
5285,169726025,169726525,500,0,100.0,0.0
5286,169726525,169727025,500,0,100.0,0.0
5287,169727025,169727525,500,0,100.0,0.0
5288,169727525,169728025,500,0,100.0,0.0
5289,169728025,169728525,500,0,100.0,0.0
5290,169728525,169729025,500,0,100.0,0.0
5291,169729025,169729525,500,0,100.0,0.0
5292,169729525,169730025,500,0,100.0,0.0
5293,169730025,169730525,500,0,100.0,0.0
5294,169730525,169731025,500,0,100.0,0.0
5295,169731025,169731525,500,0,100.0,0.0
5296,169731525,169732025,500,0,100.0,0.0
5297,169732025,169732525,500,0,100.0,0.0
5298,169732525,169733025,500,0,100.0,0.0
5299,169733025,169733525,500,0,100.0,0.0
5300,169733525,169734025,500,0,100.0,0.0
5301,169734025,169734525,500,0,100.0,0.0
5302,169734525,169735025,500,0,100.0,0.0
5303,169735025,169735525,500,0,100.0,0.0
5304,169735525,169736025,500,0,100.0,0.0
5305,169736025,169736525,500,0,100.0,0.0
5306,169736525,169737025,500,0,100.0,0.0
5307,169737025,169737525,500,0,100.0,0.0
5308,169737525,169738025,500,0,100.0,0.0
5309,169738025,169738525,500,0,100.0,0.0
5310,169738525,169739025,500,0,100.0,0.0
5311,169739025,169739525,500,0,100.0,0.0
5312,169739525,169740025,500,0,100.0,0.0
5313,169740025,169740525,500,0,100.0,0.0
5314,169740525,169741025,15,485,3.0,97.0
5315,169741025,169741525,24,476,4.8,95.2
5316,169741525,169742025,14,486,2.8000000000000003,97.2
5317,169742025,169742525,10,490,2.0,98.0
5318,169742525,169743025,12,488,2.4,97.6
5319,169743025,169743525,102,398,20.4,79.6
5320,169743525,169744025,7,493,1.4000000000000001,98.6
5321,169744025,169744525,443,57,88.6,11.400000000000006
5322,169744525,169745025,500,0,100.0,0.0
5323,169745025,169745525,500,0,100.0,0.0
5324,169745525,169746025,500,0,100.0,0.0
5325,169746025,169746525,500,0,100.0,0.0
5326,169746525,169747025,500,0,100.0,0.0
5327,169747025,169747525,500,0,100.0,0.0
5328,169747525,169748025,500,0,100.0,0.0
5329,169748025,169748525,500,0,100.0,0.0
5330,169748525,169749025,500,0,100.0,0.0
5331,169749025,169749525,500,0,100.0,0.0
5332,169749525,169750025,500,0,100.0,0.0
5333,169750025,169750525,500,0,100.0,0.0
5334,169750525,169751025,500,0,100.0,0.0
5335,169751025,169751525,500,0,100.0,0.0
5336,169751525,169752025,500,0,100.0,0.0
5337,169752025,169752525,500,0,100.0,0.0
5338,169752525,169753025,500,0,100.0,0.0
5339,169753025,169753525,500,0,100.0,0.0
5340,169753525,169754025,500,0,100.0,0.0
5341,169754025,169754525,500,0,100.0,0.0
5342,169754525,169755025,500,0,100.0,0.0
5343,169755025,169755525,500,0,100.0,0.0
5344,169755525,169756025,500,0,100.0,0.0
5345,169756025,169756525,500,0,100.0,0.0
5346,169756525,169757025,500,0,100.0,0.0
5347,169757025,169757525,500,0,100.0,0.0
5348,169757525,169758025,500,0,100.0,0.0
5349,169758025,169758525,500,0,100.0,0.0
5350,169758525,169759025,500,0,100.0,0.0
5351,169759025,169759525,500,0,100.0,0.0
5352,169759525,169760025,500,0,100.0,0.0
5353,169760025,169760525,500,0,100.0,0.0
5354,169760525,169761025,500,0,100.0,0.0
5355,169761025,169761525,500,0,100.0,0.0
5356,169761525,169762025,500,0,100.0,0.0
5357,169762025,169762525,43,457,8.6,91.4
5358,169762525,169763025,5,495,1.0,99.0
5359,169763025,169763525,15,485,3.0,97.0
5360,169763525,169764025,8,492,1.6,98.4
5361,169764025,169764525,13,487,2.6,97.4
5362,169764525,169765025,104,396,20.8,79.2
5363,169765025,169765525,206,294,41.199999999999996,58.800000000000004
5364,169765525,169766025,500,0,100.0,0.0
5365,169766025,169766525,500,0,100.0,0.0
5366,169766525,169767025,500,0,100.0,0.0
5367,169767025,169767525,500,0,100.0,0.0
5368,169767525,169768025,500,0,100.0,0.0
5369,169768025,169768525,500,0,100.0,0.0
5370,169768525,169769025,500,0,100.0,0.0
5371,169769025,169769525,500,0,100.0,0.0
5372,169769525,169770025,500,0,100.0,0.0
5373,169770025,169770525,500,0,100.0,0.0
5374,169770525,169771025,500,0,100.0,0.0
5375,169771025,169771525,500,0,100.0,0.0
5376,169771525,169772025,500,0,100.0,0.0
5377,169772025,169772525,500,0,100.0,0.0
5378,169772525,169773025,500,0,100.0,0.0
5379,169773025,169773525,500,0,100.0,0.0
5380,169773525,169774025,500,0,100.0,0.0
5381,169774025,169774525,500,0,100.0,0.0
5382,169774525,169775025,500,0,100.0,0.0
5383,169775025,169775525,500,0,100.0,0.0
5384,169775525,169776025,500,0,100.0,0.0
5385,169776025,169776525,500,0,100.0,0.0
5386,169776525,169777025,500,0,100.0,0.0
5387,169777025,169777525,500,0,100.0,0.0
5388,169777525,169778025,500,0,100.0,0.0
5389,169778025,169778525,500,0,100.0,0.0
5390,169778525,169779025,500,0,100.0,0.0
5391,169779025,169779525,500,0,100.0,0.0
5392,169779525,169780025,500,0,100.0,0.0
5393,169780025,169780525,500,0,100.0,0.0
5394,169780525,169781025,500,0,100.0,0.0
5395,169781025,169781525,500,0,100.0,0.0
5396,169781525,169782025,500,0,100.0,0.0
5397,169782025,169782525,93,407,18.6,81.4
5398,169782525,169783025,23,477,4.6,95.4
5399,169783025,169783525,17,483,3.4000000000000004,96.6
5400,169783525,169784025,12,488,2.4,97.6
5401,169784025,169784525,16,484,3.2,96.8
5402,169784525,169785025,77,423,15.4,84.6
5403,169785025,169785525,171,329,34.2,65.8
5404,169785525,169786025,500,0,100.0,0.0
5405,169786025,169786525,500,0,100.0,0.0
5406,169786525,169787025,500,0,100.0,0.0
5407,169787025,169787525,500,0,100.0,0.0
5408,169787525,169788025,500,0,100.0,0.0
5409,169788025,169788525,500,0,100.0,0.0
5410,169788525,169789025,500,0,100.0,0.0
5411,169789025,169789525,500,0,100.0,0.0
5412,169789525,169790025,500,0,100.0,0.0
5413,169790025,169790525,500,0,100.0,0.0
5414,169790525,169791025,500,0,100.0,0.0
5415,169791025,169791525,500,0,100.0,0.0
5416,169791525,169792025,500,0,100.0,0.0
5417,169792025,169792525,500,0,100.0,0.0
5418,169792525,169793025,500,0,100.0,0.0
5419,169793025,169793525,500,0,100.0,0.0
5420,169793525,169794025,500,0,100.0,0.0
5421,169794025,169794525,500,0,100.0,0.0
5422,169794525,169795025,500,0,100.0,0.0
5423,169795025,169795525,500,0,100.0,0.0
5424,169795525,169796025,500,0,100.0,0.0
5425,169796025,169796525,500,0,100.0,0.0
5426,169796525,169797025,500,0,100.0,0.0
5427,169797025,169797525,500,0,100.0,0.0
5428,169797525,169798025,500,0,100.0,0.0
5429,169798025,169798525,500,0,100.0,0.0
5430,169798525,169799025,500,0,100.0,0.0
5431,169799025,169799525,500,0,100.0,0.0
5432,169799525,169800025,500,0,100.0,0.0
5433,169800025,169800525,500,0,100.0,0.0
5434,169800525,169801025,500,0,100.0,0.0
5435,169801025,169801525,500,0,100.0,0.0
5436,169801525,169802025,500,0,100.0,0.0
5437,169802025,169802525,75,425,15.0,85.0
5438,169802525,169803025,7,493,1.4000000000000001,98.6
5439,169803025,169803525,16,484,3.2,96.8
5440,169803525,169804025,8,492,1.6,98.4
5441,169804025,169804525,14,486,2.8000000000000003,97.2
5442,169804525,169805025,64,436,12.8,87.2
5443,169805025,169805525,360,140,72.0,28.0
5444,169805525,169806025,500,0,100.0,0.0
5445,169806025,169806525,500,0,100.0,0.0
5446,169806525,169807025,500,0,100.0,0.0
5447,169807025,169807525,500,0,100.0,0.0
5448,169807525,169808025,500,0,100.0,0.0
5449,169808025,169808525,500,0,100.0,0.0
5450,169808525,169809025,500,0,100.0,0.0
5451,169809025,169809525,500,0,100.0,0.0
5452,169809525,169810025,500,0,100.0,0.0
5453,169810025,169810525,500,0,100.0,0.0
5454,169810525,169811025,500,0,100.0,0.0
5455,169811025,169811525,500,0,100.0,0.0
5456,169811525,169812025,500,0,100.0,0.0
5457,169812025,169812525,500,0,100.0,0.0
5458,169812525,169813025,500,0,100.0,0.0
5459,169813025,169813525,500,0,100.0,0.0
5460,169813525,169814025,500,0,100.0,0.0
5461,169814025,169814525,500,0,100.0,0.0
5462,169814525,169815025,500,0,100.0,0.0
5463,169815025,169815525,500,0,100.0,0.0
5464,169815525,169816025,500,0,100.0,0.0
5465,169816025,169816525,500,0,100.0,0.0
5466,169816525,169817025,500,0,100.0,0.0
5467,169817025,169817525,500,0,100.0,0.0
5468,169817525,169818025,500,0,100.0,0.0
5469,169818025,169818525,500,0,100.0,0.0
5470,169818525,169819025,500,0,100.0,0.0
5471,169819025,169819525,500,0,100.0,0.0
5472,169819525,169820025,500,0,100.0,0.0
5473,169820025,169820525,500,0,100.0,0.0
5474,169820525,169821025,500,0,100.0,0.0
5475,169821025,169821525,500,0,100.0,0.0
5476,169821525,169822025,500,0,100.0,0.0
5477,169822025,169822525,144,356,28.799999999999997,71.2
5478,169822525,169823025,24,476,4.8,95.2
5479,169823025,169823525,11,489,2.1999999999999997,97.8
5480,169823525,169824025,9,491,1.7999999999999998,98.2
5481,169824025,169824525,13,487,2.6,97.4
5482,169824525,169825025,68,432,13.600000000000001,86.4
5483,169825025,169825525,317,183,63.4,36.6
5484,169825525,169826025,500,0,100.0,0.0
5485,169826025,169826525,500,0,100.0,0.0
5486,169826525,169827025,500,0,100.0,0.0
5487,169827025,169827525,500,0,100.0,0.0
5488,169827525,169828025,500,0,100.0,0.0
5489,169828025,169828525,500,0,100.0,0.0
5490,169828525,169829025,500,0,100.0,0.0
5491,169829025,169829525,500,0,100.0,0.0
5492,169829525,169830025,500,0,100.0,0.0
5493,169830025,169830525,500,0,100.0,0.0
5494,169830525,169831025,500,0,100.0,0.0
5495,169831025,169831525,500,0,100.0,0.0
5496,169831525,169832025,500,0,100.0,0.0
5497,169832025,169832525,500,0,100.0,0.0
5498,169832525,169833025,500,0,100.0,0.0
5499,169833025,169833525,500,0,100.0,0.0
5500,169833525,169834025,500,0,100.0,0.0
5501,169834025,169834525,500,0,100.0,0.0
5502,169834525,169835025,500,0,100.0,0.0
5503,169835025,169835525,500,0,100.0,0.0
5504,169835525,169836025,500,0,100.0,0.0
5505,169836025,169836525,500,0,100.0,0.0
5506,169836525,169837025,500,0,100.0,0.0
5507,169837025,169837525,500,0,100.0,0.0
5508,169837525,169838025,500,0,100.0,0.0
5509,169838025,169838525,500,0,100.0,0.0
5510,169838525,169839025,500,0,100.0,0.0
5511,169839025,169839525,500,0,100.0,0.0
5512,169839525,169840025,500,0,100.0,0.0
5513,169840025,169840525,500,0,100.0,0.0
5514,169840525,169841025,500,0,100.0,0.0
5515,169841025,169841525,436,64,87.2,12.799999999999997
5516,169841525,169842025,37,463,7.3999999999999995,92.6
5517,169842025,169842525,7,493,1.4000000000000001,98.6
5518,169842525,169843025,12,488,2.4,97.6
5519,169843025,169843525,11,489,2.1999999999999997,97.8
5520,169843525,169844025,1,499,0.2,99.8
5521,169844025,169844525,15,485,3.0,97.0
5522,169844525,169845025,84,416,16.8,83.2
5523,169845025,169845525,4,496,0.8,99.2
5524,169845525,169846025,415,85,83.0,17.0
5525,169846025,169846525,500,0,100.0,0.0
5526,169846525,169847025,500,0,100.0,0.0
5527,169847025,169847525,500,0,100.0,0.0
5528,169847525,169848025,500,0,100.0,0.0
5529,169848025,169848525,500,0,100.0,0.0
5530,169848525,169849025,500,0,100.0,0.0
5531,169849025,169849525,500,0,100.0,0.0
5532,169849525,169850025,500,0,100.0,0.0
5533,169850025,169850525,500,0,100.0,0.0
5534,169850525,169851025,500,0,100.0,0.0
5535,169851025,169851525,500,0,100.0,0.0
5536,169851525,169852025,500,0,100.0,0.0
5537,169852025,169852525,500,0,100.0,0.0
5538,169852525,169853025,500,0,100.0,0.0
5539,169853025,169853525,500,0,100.0,0.0
5540,169853525,169854025,500,0,100.0,0.0
5541,169854025,169854525,500,0,100.0,0.0
5542,169854525,169855025,500,0,100.0,0.0
5543,169855025,169855525,500,0,100.0,0.0
5544,169855525,169856025,500,0,100.0,0.0
5545,169856025,169856525,500,0,100.0,0.0
5546,169856525,169857025,500,0,100.0,0.0
5547,169857025,169857525,500,0,100.0,0.0
5548,169857525,169858025,500,0,100.0,0.0
5549,169858025,169858525,500,0,100.0,0.0
5550,169858525,169859025,500,0,100.0,0.0
5551,169859025,169859525,500,0,100.0,0.0
5552,169859525,169860025,500,0,100.0,0.0
5553,169860025,169860525,500,0,100.0,0.0
5554,169860525,169861025,500,0,100.0,0.0
5555,169861025,169861525,500,0,100.0,0.0
5556,169861525,169862025,500,0,100.0,0.0
5557,169862025,169862525,500,0,100.0,0.0
5558,169862525,169863025,500,0,100.0,0.0
5559,169863025,169863525,500,0,100.0,0.0
5560,169863525,169864025,500,0,100.0,0.0
5561,169864025,169864525,500,0,100.0,0.0
5562,169864525,169865025,500,0,100.0,0.0
5563,169865025,169865525,500,0,100.0,0.0
5564,169865525,169866025,500,0,100.0,0.0
5565,169866025,169866525,500,0,100.0,0.0
5566,169866525,169867025,500,0,100.0,0.0
5567,169867025,169867525,500,0,100.0,0.0
5568,169867525,169868025,357,143,71.39999999999999,28.60000000000001
5569,169868025,169868525,31,469,6.2,93.8
5570,169868525,169869025,14,486,2.8000000000000003,97.2
5571,169869025,169869525,11,489,2.1999999999999997,97.8
5572,169869525,169870025,12,488,2.4,97.6
5573,169870025,169870525,82,418,16.400000000000002,83.6
5574,169870525,169871025,17,483,3.4000000000000004,96.6
5575,169871025,169871525,500,0,100.0,0.0
5576,169871525,169872025,500,0,100.0,0.0
5577,169872025,169872525,500,0,100.0,0.0
5578,169872525,169873025,500,0,100.0,0.0
5579,169873025,169873525,500,0,100.0,0.0
5580,169873525,169874025,500,0,100.0,0.0
5581,169874025,169874525,500,0,100.0,0.0
5582,169874525,169875025,500,0,100.0,0.0
5583,169875025,169875525,500,0,100.0,0.0
5584,169875525,169876025,500,0,100.0,0.0
5585,169876025,169876525,500,0,100.0,0.0
5586,169876525,169877025,500,0,100.0,0.0
5587,169877025,169877525,500,0,100.0,0.0
5588,169877525,169878025,500,0,100.0,0.0
5589,169878025,169878525,500,0,100.0,0.0
5590,169878525,169879025,500,0,100.0,0.0
5591,169879025,169879525,500,0,100.0,0.0
5592,169879525,169880025,500,0,100.0,0.0
5593,169880025,169880525,500,0,100.0,0.0
5594,169880525,169881025,500,0,100.0,0.0
5595,169881025,169881525,500,0,100.0,0.0
5596,169881525,169882025,500,0,100.0,0.0
5597,169882025,169882525,500,0,100.0,0.0
5598,169882525,169883025,500,0,100.0,0.0
5599,169883025,169883525,500,0,100.0,0.0
5600,169883525,169884025,500,0,100.0,0.0
5601,169884025,169884525,500,0,100.0,0.0
5602,169884525,169885025,500,0,100.0,0.0
5603,169885025,169885525,500,0,100.0,0.0
5604,169885525,169886025,500,0,100.0,0.0
5605,169886025,169886525,500,0,100.0,0.0
5606,169886525,169887025,500,0,100.0,0.0
5607,169887025,169887525,500,0,100.0,0.0
5608,169887525,169888025,500,0,100.0,0.0
5609,169888025,169888525,430,70,86.0,14.0
5610,169888525,169889025,29,471,5.800000000000001,94.2
5611,169889025,169889525,16,484,3.2,96.8
5612,169889525,169890025,8,492,1.6,98.4
5613,169890025,169890525,10,490,2.0,98.0
5614,169890525,169891025,13,487,2.6,97.4
5615,169891025,169891525,106,394,21.2,78.8
5616,169891525,169892025,184,316,36.8,63.2
5617,169892025,169892525,500,0,100.0,0.0
5618,169892525,169893025,500,0,100.0,0.0
5619,169893025,169893525,500,0,100.0,0.0
5620,169893525,169894025,500,0,100.0,0.0
5621,169894025,169894525,500,0,100.0,0.0
5622,169894525,169895025,500,0,100.0,0.0
5623,169895025,169895525,500,0,100.0,0.0
5624,169895525,169896025,500,0,100.0,0.0
5625,169896025,169896525,500,0,100.0,0.0
5626,169896525,169897025,500,0,100.0,0.0
5627,169897025,169897525,500,0,100.0,0.0
5628,169897525,169898025,500,0,100.0,0.0
5629,169898025,169898525,500,0,100.0,0.0
5630,169898525,169899025,500,0,100.0,0.0
5631,169899025,169899525,500,0,100.0,0.0
5632,169899525,169900025,500,0,100.0,0.0
5633,169900025,169900525,500,0,100.0,0.0
5634,169900525,169901025,500,0,100.0,0.0
5635,169901025,169901525,500,0,100.0,0.0
5636,169901525,169902025,500,0,100.0,0.0
5637,169902025,169902525,500,0,100.0,0.0
5638,169902525,169903025,500,0,100.0,0.0
5639,169903025,169903525,500,0,100.0,0.0
5640,169903525,169904025,500,0,100.0,0.0
5641,169904025,169904525,500,0,100.0,0.0
5642,169904525,169905025,500,0,100.0,0.0
5643,169905025,169905525,500,0,100.0,0.0
5644,169905525,169906025,500,0,100.0,0.0
5645,169906025,169906525,500,0,100.0,0.0
5646,169906525,169907025,500,0,100.0,0.0
5647,169907025,169907525,500,0,100.0,0.0
5648,169907525,169908025,307,193,61.4,38.6
5649,169908025,169908525,22,478,4.3999999999999995,95.6
5650,169908525,169909025,11,489,2.1999999999999997,97.8
5651,169909025,169909525,11,489,2.1999999999999997,97.8
5652,169909525,169910025,12,488,2.4,97.6
5653,169910025,169910525,64,436,12.8,87.2
5654,169910525,169911025,126,374,25.2,74.8
5655,169911025,169911525,500,0,100.0,0.0
5656,169911525,169912025,500,0,100.0,0.0
5657,169912025,169912525,500,0,100.0,0.0
5658,169912525,169913025,500,0,100.0,0.0
5659,169913025,169913525,500,0,100.0,0.0
5660,169913525,169914025,500,0,100.0,0.0
5661,169914025,169914525,500,0,100.0,0.0
5662,169914525,169915025,500,0,100.0,0.0
5663,169915025,169915525,500,0,100.0,0.0
5664,169915525,169916025,500,0,100.0,0.0
5665,169916025,169916525,500,0,100.0,0.0
5666,169916525,169917025,500,0,100.0,0.0
5667,169917025,169917525,500,0,100.0,0.0
5668,169917525,169918025,500,0,100.0,0.0
5669,169918025,169918525,500,0,100.0,0.0
5670,169918525,169919025,500,0,100.0,0.0
5671,169919025,169919525,500,0,100.0,0.0
5672,169919525,169920025,500,0,100.0,0.0
5673,169920025,169920525,500,0,100.0,0.0
5674,169920525,169921025,500,0,100.0,0.0
5675,169921025,169921525,500,0,100.0,0.0
5676,169921525,169922025,500,0,100.0,0.0
5677,169922025,169922525,500,0,100.0,0.0
5678,169922525,169923025,500,0,100.0,0.0
5679,169923025,169923525,500,0,100.0,0.0
5680,169923525,169924025,500,0,100.0,0.0
5681,169924025,169924525,500,0,100.0,0.0
5682,169924525,169925025,500,0,100.0,0.0
5683,169925025,169925525,500,0,100.0,0.0
5684,169925525,169926025,500,0,100.0,0.0
5685,169926025,169926525,500,0,100.0,0.0
5686,169926525,169927025,500,0,100.0,0.0
5687,169927025,169927525,167,333,33.4,66.6
5688,169927525,169928025,24,476,4.8,95.2
5689,169928025,169928525,17,483,3.4000000000000004,96.6
5690,169928525,169929025,6,494,1.2,98.8
5691,169929025,169929525,11,489,2.1999999999999997,97.8
5692,169929525,169930025,14,486,2.8000000000000003,97.2
5693,169930025,169930525,79,421,15.8,84.2
5694,169930525,169931025,269,231,53.800000000000004,46.199999999999996
5695,169931025,169931525,500,0,100.0,0.0
5696,169931525,169932025,500,0,100.0,0.0
5697,169932025,169932525,500,0,100.0,0.0
5698,169932525,169933025,500,0,100.0,0.0
5699,169933025,169933525,500,0,100.0,0.0
5700,169933525,169934025,500,0,100.0,0.0
5701,169934025,169934525,500,0,100.0,0.0
5702,169934525,169935025,500,0,100.0,0.0
5703,169935025,169935525,500,0,100.0,0.0
5704,169935525,169936025,500,0,100.0,0.0
5705,169936025,169936525,500,0,100.0,0.0
5706,169936525,169937025,500,0,100.0,0.0
5707,169937025,169937525,500,0,100.0,0.0
5708,169937525,169938025,500,0,100.0,0.0
5709,169938025,169938525,500,0,100.0,0.0
5710,169938525,169939025,500,0,100.0,0.0
5711,169939025,169939525,500,0,100.0,0.0
5712,169939525,169940025,500,0,100.0,0.0
5713,169940025,169940525,500,0,100.0,0.0
5714,169940525,169941025,500,0,100.0,0.0
5715,169941025,169941525,500,0,100.0,0.0
5716,169941525,169942025,500,0,100.0,0.0
5717,169942025,169942525,500,0,100.0,0.0
5718,169942525,169943025,500,0,100.0,0.0
5719,169943025,169943525,500,0,100.0,0.0
5720,169943525,169944025,500,0,100.0,0.0
5721,169944025,169944525,500,0,100.0,0.0
5722,169944525,169945025,500,0,100.0,0.0
5723,169945025,169945525,500,0,100.0,0.0
5724,169945525,169946025,500,0,100.0,0.0
5725,169946025,169946525,500,0,100.0,0.0
5726,169946525,169947025,500,0,100.0,0.0
5727,169947025,169947525,500,0,100.0,0.0
5728,169947525,169948025,26,474,5.2,94.8
5729,169948025,169948525,26,474,5.2,94.8
5730,169948525,169949025,8,492,1.6,98.4
5731,169949025,169949525,10,490,2.0,98.0
5732,169949525,169950025,18,482,3.5999999999999996,96.4
5733,169950025,169950525,97,403,19.400000000000002,80.6
5734,169950525,169951025,500,0,100.0,0.0
5735,169951025,169951525,500,0,100.0,0.0
5736,169951525,169952025,500,0,100.0,0.0
5737,169952025,169952525,500,0,100.0,0.0
5738,169952525,169953025,500,0,100.0,0.0
5739,169953025,169953525,500,0,100.0,0.0
5740,169953525,169954025,500,0,100.0,0.0
5741,169954025,169954525,500,0,100.0,0.0
5742,169954525,169955025,500,0,100.0,0.0
5743,169955025,169955525,500,0,100.0,0.0
5744,169955525,169956025,500,0,100.0,0.0
5745,169956025,169956525,500,0,100.0,0.0
5746,169956525,169957025,500,0,100.0,0.0
5747,169957025,169957525,500,0,100.0,0.0
5748,169957525,169958025,500,0,100.0,0.0
5749,169958025,169958525,500,0,100.0,0.0
5750,169958525,169959025,500,0,100.0,0.0
5751,169959025,169959525,500,0,100.0,0.0
5752,169959525,169960025,500,0,100.0,0.0
5753,169960025,169960525,500,0,100.0,0.0
5754,169960525,169961025,500,0,100.0,0.0
5755,169961025,169961525,500,0,100.0,0.0
5756,169961525,169962025,500,0,100.0,0.0
5757,169962025,169962525,500,0,100.0,0.0
5758,169962525,169963025,500,0,100.0,0.0
5759,169963025,169963525,500,0,100.0,0.0
5760,169963525,169964025,500,0,100.0,0.0
5761,169964025,169964525,500,0,100.0,0.0
5762,169964525,169965025,500,0,100.0,0.0
5763,169965025,169965525,500,0,100.0,0.0
5764,169965525,169966025,500,0,100.0,0.0
5765,169966025,169966525,354,146,70.8,29.200000000000003
5766,169966525,169967025,24,476,4.8,95.2
5767,169967025,169967525,15,485,3.0,97.0
5768,169967525,169968025,9,491,1.7999999999999998,98.2
5769,169968025,169968525,12,488,2.4,97.6
5770,169968525,169969025,71,429,14.2,85.8
5771,169969025,169969525,115,385,23.0,77.0
5772,169969525,169970025,500,0,100.0,0.0
5773,169970025,169970525,500,0,100.0,0.0
5774,169970525,169971025,500,0,100.0,0.0
5775,169971025,169971525,500,0,100.0,0.0
5776,169971525,169972025,500,0,100.0,0.0
5777,169972025,169972525,500,0,100.0,0.0
5778,169972525,169973025,500,0,100.0,0.0
5779,169973025,169973525,500,0,100.0,0.0
5780,169973525,169974025,500,0,100.0,0.0
5781,169974025,169974525,500,0,100.0,0.0
5782,169974525,169975025,500,0,100.0,0.0
5783,169975025,169975525,500,0,100.0,0.0
5784,169975525,169976025,500,0,100.0,0.0
5785,169976025,169976525,500,0,100.0,0.0
5786,169976525,169977025,500,0,100.0,0.0
5787,169977025,169977525,500,0,100.0,0.0
5788,169977525,169978025,500,0,100.0,0.0
5789,169978025,169978525,500,0,100.0,0.0
5790,169978525,169979025,500,0,100.0,0.0
5791,169979025,169979525,500,0,100.0,0.0
5792,169979525,169980025,500,0,100.0,0.0
5793,169980025,169980525,500,0,100.0,0.0
5794,169980525,169981025,500,0,100.0,0.0
5795,169981025,169981525,500,0,100.0,0.0
5796,169981525,169982025,500,0,100.0,0.0
5797,169982025,169982525,500,0,100.0,0.0
5798,169982525,169983025,500,0,100.0,0.0
5799,169983025,169983525,500,0,100.0,0.0
5800,169983525,169984025,500,0,100.0,0.0
5801,169984025,169984525,500,0,100.0,0.0
5802,169984525,169985025,375,125,75.0,25.0
5803,169985025,169985525,19,481,3.8,96.2
5804,169985525,169986025,13,487,2.6,97.4
5805,169986025,169986525,10,490,2.0,98.0
5806,169986525,169987025,6,494,1.2,98.8
5807,169987025,169987525,101,399,20.200000000000003,79.8
5808,169987525,169988025,6,494,1.2,98.8
5809,169988025,169988525,498,2,99.6,0.4000000000000057
5810,169988525,169989025,500,0,100.0,0.0
5811,169989025,169989525,500,0,100.0,0.0
5812,169989525,169990025,500,0,100.0,0.0
5813,169990025,169990525,500,0,100.0,0.0
5814,169990525,169991025,500,0,100.0,0.0
5815,169991025,169991525,500,0,100.0,0.0
5816,169991525,169992025,500,0,100.0,0.0
5817,169992025,169992525,500,0,100.0,0.0
5818,169992525,169993025,500,0,100.0,0.0
5819,169993025,169993525,500,0,100.0,0.0
5820,169993525,169994025,500,0,100.0,0.0
5821,169994025,169994525,500,0,100.0,0.0
5822,169994525,169995025,500,0,100.0,0.0
5823,169995025,169995525,500,0,100.0,0.0
5824,169995525,169996025,500,0,100.0,0.0
5825,169996025,169996525,500,0,100.0,0.0
5826,169996525,169997025,500,0,100.0,0.0
5827,169997025,169997525,500,0,100.0,0.0
5828,169997525,169998025,500,0,100.0,0.0
5829,169998025,169998525,500,0,100.0,0.0
5830,169998525,169999025,500,0,100.0,0.0
5831,169999025,169999525,500,0,100.0,0.0
5832,169999525,170000025,500,0,100.0,0.0
5833,170000025,170000525,500,0,100.0,0.0
5834,170000525,170001025,500,0,100.0,0.0
5835,170001025,170001525,500,0,100.0,0.0
5836,170001525,170002025,500,0,100.0,0.0
5837,170002025,170002525,500,0,100.0,0.0
5838,170002525,170003025,500,0,100.0,0.0
5839,170003025,170003525,500,0,100.0,0.0
5840,170003525,170004025,430,70,86.0,14.0
5841,170004025,170004525,25,475,5.0,95.0
5842,170004525,170005025,15,485,3.0,97.0
5843,170005025,170005525,11,489,2.1999999999999997,97.8
5844,170005525,170006025,12,488,2.4,97.6
5845,170006025,170006525,106,394,21.2,78.8
5846,170006525,170007025,5,495,1.0,99.0
5847,170007025,170007525,496,4,99.2,0.7999999999999972
5848,170007525,170008025,500,0,100.0,0.0
5849,170008025,170008525,500,0,100.0,0.0
5850,170008525,170009025,500,0,100.0,0.0
5851,170009025,170009525,500,0,100.0,0.0
5852,170009525,170010025,500,0,100.0,0.0
5853,170010025,170010525,500,0,100.0,0.0
5854,170010525,170011025,500,0,100.0,0.0
5855,170011025,170011525,500,0,100.0,0.0
5856,170011525,170012025,500,0,100.0,0.0
5857,170012025,170012525,500,0,100.0,0.0
5858,170012525,170013025,500,0,100.0,0.0
5859,170013025,170013525,500,0,100.0,0.0
5860,170013525,170014025,500,0,100.0,0.0
5861,170014025,170014525,500,0,100.0,0.0
5862,170014525,170015025,500,0,100.0,0.0
5863,170015025,170015525,500,0,100.0,0.0
5864,170015525,170016025,500,0,100.0,0.0
5865,170016025,170016525,500,0,100.0,0.0
5866,170016525,170017025,500,0,100.0,0.0
5867,170017025,170017525,500,0,100.0,0.0
5868,170017525,170018025,500,0,100.0,0.0
5869,170018025,170018525,500,0,100.0,0.0
5870,170018525,170019025,500,0,100.0,0.0
5871,170019025,170019525,500,0,100.0,0.0
5872,170019525,170020025,500,0,100.0,0.0
5873,170020025,170020525,500,0,100.0,0.0
5874,170020525,170021025,500,0,100.0,0.0
5875,170021025,170021525,500,0,100.0,0.0
5876,170021525,170022025,500,0,100.0,0.0
5877,170022025,170022525,500,0,100.0,0.0
5878,170022525,170023025,500,0,100.0,0.0
5879,170023025,170023525,500,0,100.0,0.0
5880,170023525,170024025,465,35,93.0,7.0
5881,170024025,170024525,30,470,6.0,94.0
5882,170024525,170025025,6,494,1.2,98.8
5883,170025025,170025525,17,483,3.4000000000000004,96.6
5884,170025525,170026025,10,490,2.0,98.0
5885,170026025,170026525,15,485,3.0,97.0
5886,170026525,170027025,89,411,17.8,82.2
5887,170027025,170027525,192,308,38.4,61.6
5888,170027525,170028025,500,0,100.0,0.0
5889,170028025,170028525,500,0,100.0,0.0
5890,170028525,170029025,500,0,100.0,0.0
5891,170029025,170029525,500,0,100.0,0.0
5892,170029525,170030025,500,0,100.0,0.0
5893,170030025,170030525,500,0,100.0,0.0
5894,170030525,170031025,500,0,100.0,0.0
5895,170031025,170031525,500,0,100.0,0.0
5896,170031525,170032025,500,0,100.0,0.0
5897,170032025,170032525,500,0,100.0,0.0
5898,170032525,170033025,500,0,100.0,0.0
5899,170033025,170033525,500,0,100.0,0.0
5900,170033525,170034025,500,0,100.0,0.0
5901,170034025,170034525,500,0,100.0,0.0
5902,170034525,170035025,500,0,100.0,0.0
5903,170035025,170035525,500,0,100.0,0.0
5904,170035525,170036025,500,0,100.0,0.0
5905,170036025,170036525,500,0,100.0,0.0
5906,170036525,170037025,500,0,100.0,0.0
5907,170037025,170037525,500,0,100.0,0.0
5908,170037525,170038025,500,0,100.0,0.0
5909,170038025,170038525,500,0,100.0,0.0
5910,170038525,170039025,500,0,100.0,0.0
5911,170039025,170039525,500,0,100.0,0.0
5912,170039525,170040025,500,0,100.0,0.0
5913,170040025,170040525,500,0,100.0,0.0
5914,170040525,170041025,500,0,100.0,0.0
5915,170041025,170041525,500,0,100.0,0.0
5916,170041525,170042025,500,0,100.0,0.0
5917,170042025,170042525,500,0,100.0,0.0
5918,170042525,170043025,500,0,100.0,0.0
5919,170043025,170043525,500,0,100.0,0.0
5920,170043525,170044025,500,0,100.0,0.0
5921,170044025,170044525,500,0,100.0,0.0
5922,170044525,170045025,500,0,100.0,0.0
5923,170045025,170045525,500,0,100.0,0.0
5924,170045525,170046025,500,0,100.0,0.0
5925,170046025,170046525,500,0,100.0,0.0
5926,170046525,170047025,500,0,100.0,0.0
5927,170047025,170047525,500,0,100.0,0.0
5928,170047525,170048025,500,0,100.0,0.0
5929,170048025,170048525,500,0,100.0,0.0
5930,170048525,170049025,500,0,100.0,0.0
5931,170049025,170049525,500,0,100.0,0.0
5932,170049525,170050025,500,0,100.0,0.0
5933,170050025,170050525,500,0,100.0,0.0
5934,170050525,170051025,500,0,100.0,0.0
5935,170051025,170051525,500,0,100.0,0.0
5936,170051525,170052025,500,0,100.0,0.0
5937,170052025,170052525,500,0,100.0,0.0
5938,170052525,170053025,500,0,100.0,0.0
5939,170053025,170053525,500,0,100.0,0.0
5940,170053525,170054025,500,0,100.0,0.0
5941,170054025,170054525,500,0,100.0,0.0
5942,170054525,170055025,500,0,100.0,0.0
5943,170055025,170055525,500,0,100.0,0.0
5944,170055525,170056025,500,0,100.0,0.0
5945,170056025,170056525,500,0,100.0,0.0
5946,170056525,170057025,500,0,100.0,0.0
5947,170057025,170057525,500,0,100.0,0.0
5948,170057525,170058025,500,0,100.0,0.0
5949,170058025,170058525,500,0,100.0,0.0
5950,170058525,170059025,500,0,100.0,0.0
5951,170059025,170059525,500,0,100.0,0.0
5952,170059525,170060025,500,0,100.0,0.0
5953,170060025,170060525,500,0,100.0,0.0
5954,170060525,170061025,500,0,100.0,0.0
5955,170061025,170061525,500,0,100.0,0.0
5956,170061525,170062025,500,0,100.0,0.0
5957,170062025,170062525,500,0,100.0,0.0
5958,170062525,170063025,500,0,100.0,0.0
5959,170063025,170063525,500,0,100.0,0.0
5960,170063525,170064025,500,0,100.0,0.0
5961,170064025,170064525,500,0,100.0,0.0
5962,170064525,170065025,500,0,100.0,0.0
5963,170065025,170065525,500,0,100.0,0.0
5964,170065525,170066025,500,0,100.0,0.0
5965,170066025,170066525,500,0,100.0,0.0
5966,170066525,170067025,500,0,100.0,0.0
5967,170067025,170067525,500,0,100.0,0.0
5968,170067525,170068025,500,0,100.0,0.0
5969,170068025,170068525,500,0,100.0,0.0
5970,170068525,170069025,500,0,100.0,0.0
5971,170069025,170069525,500,0,100.0,0.0
5972,170069525,170070025,500,0,100.0,0.0
5973,170070025,170070525,500,0,100.0,0.0
5974,170070525,170071025,500,0,100.0,0.0
5975,170071025,170071525,500,0,100.0,0.0
5976,170071525,170072025,500,0,100.0,0.0
5977,170072025,170072525,500,0,100.0,0.0
5978,170072525,170073025,500,0,100.0,0.0
5979,170073025,170073525,500,0,100.0,0.0
5980,170073525,170074025,500,0,100.0,0.0
5981,170074025,170074525,500,0,100.0,0.0
5982,170074525,170075025,500,0,100.0,0.0
5983,170075025,170075525,500,0,100.0,0.0
5984,170075525,170076025,500,0,100.0,0.0
5985,170076025,170076525,500,0,100.0,0.0
5986,170076525,170077025,500,0,100.0,0.0
5987,170077025,170077525,500,0,100.0,0.0
5988,170077525,170078025,500,0,100.0,0.0
5989,170078025,170078525,500,0,100.0,0.0
5990,170078525,170079025,500,0,100.0,0.0
5991,170079025,170079525,500,0,100.0,0.0
5992,170079525,170080025,500,0,100.0,0.0
5993,170080025,170080525,500,0,100.0,0.0
5994,170080525,170081025,500,0,100.0,0.0
5995,170081025,170081525,500,0,100.0,0.0
5996,170081525,170082025,500,0,100.0,0.0
5997,170082025,170082525,500,0,100.0,0.0
5998,170082525,170083025,500,0,100.0,0.0
5999,170083025,170083525,500,0,100.0,0.0
6000,170083525,170084025,500,0,100.0,0.0
6001,170084025,170084525,500,0,100.0,0.0
6002,170084525,170085025,500,0,100.0,0.0
6003,170085025,170085525,500,0,100.0,0.0
6004,170085525,170086025,500,0,100.0,0.0
6005,170086025,170086525,500,0,100.0,0.0
6006,170086525,170087025,500,0,100.0,0.0
6007,170087025,170087525,500,0,100.0,0.0
6008,170087525,170088025,500,0,100.0,0.0
6009,170088025,170088525,500,0,100.0,0.0
6010,170088525,170089025,500,0,100.0,0.0
6011,170089025,170089525,500,0,100.0,0.0
6012,170089525,170090025,500,0,100.0,0.0
6013,170090025,170090525,500,0,100.0,0.0
6014,170090525,170091025,500,0,100.0,0.0
6015,170091025,170091525,500,0,100.0,0.0
6016,170091525,170092025,500,0,100.0,0.0
6017,170092025,170092525,500,0,100.0,0.0
6018,170092525,170093025,500,0,100.0,0.0
6019,170093025,170093525,500,0,100.0,0.0
6020,170093525,170094025,500,0,100.0,0.0
6021,170094025,170094525,500,0,100.0,0.0
6022,170094525,170095025,500,0,100.0,0.0
6023,170095025,170095525,500,0,100.0,0.0
6024,170095525,170096025,500,0,100.0,0.0
6025,170096025,170096525,500,0,100.0,0.0
6026,170096525,170097025,500,0,100.0,0.0
6027,170097025,170097525,136,364,27.200000000000003,72.8
6028,170097525,170098025,21,479,4.2,95.8
6029,170098025,170098525,15,485,3.0,97.0
6030,170098525,170099025,8,492,1.6,98.4
6031,170099025,170099525,14,486,2.8000000000000003,97.2
6032,170099525,170100025,83,417,16.6,83.4
6033,170100025,170100525,373,127,74.6,25.400000000000006
6034,170100525,170101025,500,0,100.0,0.0
6035,170101025,170101525,500,0,100.0,0.0
6036,170101525,170102025,500,0,100.0,0.0
6037,170102025,170102525,500,0,100.0,0.0
6038,170102525,170103025,500,0,100.0,0.0
6039,170103025,170103525,500,0,100.0,0.0
6040,170103525,170104025,500,0,100.0,0.0
6041,170104025,170104525,500,0,100.0,0.0
6042,170104525,170105025,500,0,100.0,0.0
6043,170105025,170105525,500,0,100.0,0.0
6044,170105525,170106025,500,0,100.0,0.0
6045,170106025,170106525,500,0,100.0,0.0
6046,170106525,170107025,500,0,100.0,0.0
6047,170107025,170107525,500,0,100.0,0.0
6048,170107525,170108025,500,0,100.0,0.0
6049,170108025,170108525,500,0,100.0,0.0
6050,170108525,170109025,500,0,100.0,0.0
6051,170109025,170109525,500,0,100.0,0.0
6052,170109525,170110025,500,0,100.0,0.0
6053,170110025,170110525,500,0,100.0,0.0
6054,170110525,170111025,500,0,100.0,0.0
6055,170111025,170111525,500,0,100.0,0.0
6056,170111525,170112025,500,0,100.0,0.0
6057,170112025,170112525,500,0,100.0,0.0
6058,170112525,170113025,500,0,100.0,0.0
6059,170113025,170113525,500,0,100.0,0.0
6060,170113525,170114025,500,0,100.0,0.0
6061,170114025,170114525,500,0,100.0,0.0
6062,170114525,170115025,500,0,100.0,0.0
6063,170115025,170115525,500,0,100.0,0.0
6064,170115525,170116025,164,336,32.800000000000004,67.19999999999999
6065,170116025,170116525,20,480,4.0,96.0
6066,170116525,170117025,10,490,2.0,98.0
6067,170117025,170117525,9,491,1.7999999999999998,98.2
6068,170117525,170118025,11,489,2.1999999999999997,97.8
6069,170118025,170118525,73,427,14.6,85.4
6070,170118525,170119025,292,208,58.4,41.6
6071,170119025,170119525,500,0,100.0,0.0
6072,170119525,170120025,500,0,100.0,0.0
6073,170120025,170120525,500,0,100.0,0.0
6074,170120525,170121025,500,0,100.0,0.0
6075,170121025,170121525,500,0,100.0,0.0
6076,170121525,170122025,500,0,100.0,0.0
6077,170122025,170122525,500,0,100.0,0.0
6078,170122525,170123025,500,0,100.0,0.0
6079,170123025,170123525,500,0,100.0,0.0
6080,170123525,170124025,500,0,100.0,0.0
6081,170124025,170124525,500,0,100.0,0.0
6082,170124525,170125025,500,0,100.0,0.0
6083,170125025,170125525,500,0,100.0,0.0
6084,170125525,170126025,500,0,100.0,0.0
6085,170126025,170126525,500,0,100.0,0.0
6086,170126525,170127025,500,0,100.0,0.0
6087,170127025,170127525,500,0,100.0,0.0
6088,170127525,170128025,500,0,100.0,0.0
6089,170128025,170128525,500,0,100.0,0.0
6090,170128525,170129025,500,0,100.0,0.0
6091,170129025,170129525,500,0,100.0,0.0
6092,170129525,170130025,500,0,100.0,0.0
6093,170130025,170130525,500,0,100.0,0.0
6094,170130525,170131025,500,0,100.0,0.0
6095,170131025,170131525,500,0,100.0,0.0
6096,170131525,170132025,500,0,100.0,0.0
6097,170132025,170132525,500,0,100.0,0.0
6098,170132525,170133025,500,0,100.0,0.0
6099,170133025,170133525,500,0,100.0,0.0
6100,170133525,170134025,500,0,100.0,0.0
6101,170134025,170134525,36,464,7.199999999999999,92.8
6102,170134525,170135025,11,489,2.1999999999999997,97.8
6103,170135025,170135525,10,490,2.0,98.0
6104,170135525,170136025,10,490,2.0,98.0
6105,170136025,170136525,77,423,15.4,84.6
6106,170136525,170137025,76,424,15.2,84.8
6107,170137025,170137525,500,0,100.0,0.0
6108,170137525,170138025,500,0,100.0,0.0
6109,170138025,170138525,500,0,100.0,0.0
6110,170138525,170139025,500,0,100.0,0.0
6111,170139025,170139525,500,0,100.0,0.0
6112,170139525,170140025,500,0,100.0,0.0
6113,170140025,170140525,500,0,100.0,0.0
6114,170140525,170141025,500,0,100.0,0.0
6115,170141025,170141525,500,0,100.0,0.0
6116,170141525,170142025,500,0,100.0,0.0
6117,170142025,170142525,500,0,100.0,0.0
6118,170142525,170143025,500,0,100.0,0.0
6119,170143025,170143525,500,0,100.0,0.0
6120,170143525,170144025,500,0,100.0,0.0
6121,170144025,170144525,500,0,100.0,0.0
6122,170144525,170145025,500,0,100.0,0.0
6123,170145025,170145525,500,0,100.0,0.0
6124,170145525,170146025,500,0,100.0,0.0
6125,170146025,170146525,500,0,100.0,0.0
6126,170146525,170147025,500,0,100.0,0.0
6127,170147025,170147525,500,0,100.0,0.0
6128,170147525,170148025,500,0,100.0,0.0
6129,170148025,170148525,500,0,100.0,0.0
6130,170148525,170149025,500,0,100.0,0.0
6131,170149025,170149525,500,0,100.0,0.0
6132,170149525,170150025,500,0,100.0,0.0
6133,170150025,170150525,500,0,100.0,0.0
6134,170150525,170151025,500,0,100.0,0.0
6135,170151025,170151525,500,0,100.0,0.0
6136,170151525,170152025,500,0,100.0,0.0
6137,170152025,170152525,489,11,97.8,2.200000000000003
6138,170152525,170153025,15,485,3.0,97.0
6139,170153025,170153525,14,486,2.8000000000000003,97.2
6140,170153525,170154025,13,487,2.6,97.4
6141,170154025,170154525,10,490,2.0,98.0
6142,170154525,170155025,10,490,2.0,98.0
6143,170155025,170155525,124,376,24.8,75.2
6144,170155525,170156025,249,251,49.8,50.2
6145,170156025,170156525,500,0,100.0,0.0
6146,170156525,170157025,500,0,100.0,0.0
6147,170157025,170157525,500,0,100.0,0.0
6148,170157525,170158025,500,0,100.0,0.0
6149,170158025,170158525,500,0,100.0,0.0
6150,170158525,170159025,500,0,100.0,0.0
6151,170159025,170159525,500,0,100.0,0.0
6152,170159525,170160025,500,0,100.0,0.0
6153,170160025,170160525,500,0,100.0,0.0
6154,170160525,170161025,500,0,100.0,0.0
6155,170161025,170161525,500,0,100.0,0.0
6156,170161525,170162025,500,0,100.0,0.0
6157,170162025,170162525,500,0,100.0,0.0
6158,170162525,170163025,500,0,100.0,0.0
6159,170163025,170163525,500,0,100.0,0.0
6160,170163525,170164025,500,0,100.0,0.0
6161,170164025,170164525,500,0,100.0,0.0
6162,170164525,170165025,500,0,100.0,0.0
6163,170165025,170165525,500,0,100.0,0.0
6164,170165525,170166025,500,0,100.0,0.0
6165,170166025,170166525,500,0,100.0,0.0
6166,170166525,170167025,500,0,100.0,0.0
6167,170167025,170167525,500,0,100.0,0.0
6168,170167525,170168025,500,0,100.0,0.0
6169,170168025,170168525,500,0,100.0,0.0
6170,170168525,170169025,500,0,100.0,0.0
6171,170169025,170169525,500,0,100.0,0.0
6172,170169525,170170025,500,0,100.0,0.0
6173,170170025,170170525,500,0,100.0,0.0
6174,170170525,170171025,396,104,79.2,20.799999999999997
6175,170171025,170171525,23,477,4.6,95.4
6176,170171525,170172025,12,488,2.4,97.6
6177,170172025,170172525,11,489,2.1999999999999997,97.8
6178,170172525,170173025,11,489,2.1999999999999997,97.8
6179,170173025,170173525,93,407,18.6,81.4
6180,170173525,170174025,100,400,20.0,80.0
6181,170174025,170174525,500,0,100.0,0.0
6182,170174525,170175025,500,0,100.0,0.0
6183,170175025,170175525,500,0,100.0,0.0
6184,170175525,170176025,500,0,100.0,0.0
6185,170176025,170176525,500,0,100.0,0.0
6186,170176525,170177025,500,0,100.0,0.0
6187,170177025,170177525,500,0,100.0,0.0
6188,170177525,170178025,500,0,100.0,0.0
6189,170178025,170178525,500,0,100.0,0.0
6190,170178525,170179025,500,0,100.0,0.0
6191,170179025,170179525,500,0,100.0,0.0
6192,170179525,170180025,500,0,100.0,0.0
6193,170180025,170180525,500,0,100.0,0.0
6194,170180525,170181025,500,0,100.0,0.0
6195,170181025,170181525,500,0,100.0,0.0
6196,170181525,170182025,500,0,100.0,0.0
6197,170182025,170182525,500,0,100.0,0.0
6198,170182525,170183025,500,0,100.0,0.0
6199,170183025,170183525,500,0,100.0,0.0
6200,170183525,170184025,500,0,100.0,0.0
6201,170184025,170184525,500,0,100.0,0.0
6202,170184525,170185025,500,0,100.0,0.0
6203,170185025,170185525,500,0,100.0,0.0
6204,170185525,170186025,500,0,100.0,0.0
6205,170186025,170186525,500,0,100.0,0.0
6206,170186525,170187025,500,0,100.0,0.0
6207,170187025,170187525,500,0,100.0,0.0
6208,170187525,170188025,500,0,100.0,0.0
6209,170188025,170188525,500,0,100.0,0.0
6210,170188525,170189025,500,0,100.0,0.0
6211,170189025,170189525,500,0,100.0,0.0
6212,170189525,170190025,500,0,100.0,0.0
6213,170190025,170190525,279,221,55.800000000000004,44.199999999999996
6214,170190525,170191025,19,481,3.8,96.2
6215,170191025,170191525,13,487,2.6,97.4
6216,170191525,170192025,9,491,1.7999999999999998,98.2
6217,170192025,170192525,11,489,2.1999999999999997,97.8
6218,170192525,170193025,7,493,1.4000000000000001,98.6
6219,170193025,170193525,96,404,19.2,80.8
6220,170193525,170194025,436,64,87.2,12.799999999999997
6221,170194025,170194525,500,0,100.0,0.0
6222,170194525,170195025,500,0,100.0,0.0
6223,170195025,170195525,500,0,100.0,0.0
6224,170195525,170196025,500,0,100.0,0.0
6225,170196025,170196525,500,0,100.0,0.0
6226,170196525,170197025,500,0,100.0,0.0
6227,170197025,170197525,500,0,100.0,0.0
6228,170197525,170198025,500,0,100.0,0.0
6229,170198025,170198525,500,0,100.0,0.0
6230,170198525,170199025,500,0,100.0,0.0
6231,170199025,170199525,500,0,100.0,0.0
6232,170199525,170200025,500,0,100.0,0.0
6233,170200025,170200525,500,0,100.0,0.0
6234,170200525,170201025,500,0,100.0,0.0
6235,170201025,170201525,500,0,100.0,0.0
6236,170201525,170202025,500,0,100.0,0.0
6237,170202025,170202525,500,0,100.0,0.0
6238,170202525,170203025,500,0,100.0,0.0
6239,170203025,170203525,500,0,100.0,0.0
6240,170203525,170204025,500,0,100.0,0.0
6241,170204025,170204525,500,0,100.0,0.0
6242,170204525,170205025,500,0,100.0,0.0
6243,170205025,170205525,500,0,100.0,0.0
6244,170205525,170206025,500,0,100.0,0.0
6245,170206025,170206525,500,0,100.0,0.0
6246,170206525,170207025,500,0,100.0,0.0
6247,170207025,170207525,500,0,100.0,0.0
6248,170207525,170208025,500,0,100.0,0.0
6249,170208025,170208525,500,0,100.0,0.0
6250,170208525,170209025,500,0,100.0,0.0
6251,170209025,170209525,130,370,26.0,74.0
6252,170209525,170210025,20,480,4.0,96.0
6253,170210025,170210525,16,484,3.2,96.8
6254,170210525,170211025,11,489,2.1999999999999997,97.8
6255,170211025,170211525,6,494,1.2,98.8
6256,170211525,170212025,10,490,2.0,98.0
6257,170212025,170212525,69,431,13.8,86.2
6258,170212525,170213025,272,228,54.400000000000006,45.599999999999994
6259,170213025,170213525,500,0,100.0,0.0
6260,170213525,170214025,500,0,100.0,0.0
6261,170214025,170214525,500,0,100.0,0.0
6262,170214525,170215025,500,0,100.0,0.0
6263,170215025,170215525,500,0,100.0,0.0
6264,170215525,170216025,500,0,100.0,0.0
6265,170216025,170216525,500,0,100.0,0.0
6266,170216525,170217025,500,0,100.0,0.0
6267,170217025,170217525,500,0,100.0,0.0
6268,170217525,170218025,500,0,100.0,0.0
6269,170218025,170218525,500,0,100.0,0.0
6270,170218525,170219025,500,0,100.0,0.0
6271,170219025,170219525,500,0,100.0,0.0
6272,170219525,170220025,500,0,100.0,0.0
6273,170220025,170220525,500,0,100.0,0.0
6274,170220525,170221025,500,0,100.0,0.0
6275,170221025,170221525,500,0,100.0,0.0
6276,170221525,170222025,500,0,100.0,0.0
6277,170222025,170222525,500,0,100.0,0.0
6278,170222525,170223025,500,0,100.0,0.0
6279,170223025,170223525,500,0,100.0,0.0
6280,170223525,170224025,500,0,100.0,0.0
6281,170224025,170224525,500,0,100.0,0.0
6282,170224525,170225025,500,0,100.0,0.0
6283,170225025,170225525,500,0,100.0,0.0
6284,170225525,170226025,500,0,100.0,0.0
6285,170226025,170226525,500,0,100.0,0.0
6286,170226525,170227025,500,0,100.0,0.0
6287,170227025,170227525,500,0,100.0,0.0
6288,170227525,170228025,500,0,100.0,0.0
6289,170228025,170228525,500,0,100.0,0.0
6290,170228525,170229025,500,0,100.0,0.0
6291,170229025,170229525,500,0,100.0,0.0
6292,170229525,170230025,46,454,9.2,90.8
6293,170230025,170230525,22,478,4.3999999999999995,95.6
6294,170230525,170231025,12,488,2.4,97.6
6295,170231025,170231525,9,491,1.7999999999999998,98.2
6296,170231525,170232025,11,489,2.1999999999999997,97.8
6297,170232025,170232525,65,435,13.0,87.0
6298,170232525,170233025,431,69,86.2,13.799999999999997
6299,170233025,170233525,500,0,100.0,0.0
6300,170233525,170234025,500,0,100.0,0.0
6301,170234025,170234525,500,0,100.0,0.0
6302,170234525,170235025,500,0,100.0,0.0
6303,170235025,170235525,500,0,100.0,0.0
6304,170235525,170236025,500,0,100.0,0.0
6305,170236025,170236525,500,0,100.0,0.0
6306,170236525,170237025,500,0,100.0,0.0
6307,170237025,170237525,500,0,100.0,0.0
6308,170237525,170238025,500,0,100.0,0.0
6309,170238025,170238525,500,0,100.0,0.0
6310,170238525,170239025,500,0,100.0,0.0
6311,170239025,170239525,500,0,100.0,0.0
6312,170239525,170240025,500,0,100.0,0.0
6313,170240025,170240525,500,0,100.0,0.0
6314,170240525,170241025,500,0,100.0,0.0
6315,170241025,170241525,500,0,100.0,0.0
6316,170241525,170242025,500,0,100.0,0.0
6317,170242025,170242525,500,0,100.0,0.0
6318,170242525,170243025,500,0,100.0,0.0
6319,170243025,170243525,500,0,100.0,0.0
6320,170243525,170244025,500,0,100.0,0.0
6321,170244025,170244525,500,0,100.0,0.0
6322,170244525,170245025,500,0,100.0,0.0
6323,170245025,170245525,500,0,100.0,0.0
6324,170245525,170246025,500,0,100.0,0.0
6325,170246025,170246525,500,0,100.0,0.0
6326,170246525,170247025,500,0,100.0,0.0
6327,170247025,170247525,500,0,100.0,0.0
6328,170247525,170248025,500,0,100.0,0.0
6329,170248025,170248525,500,0,100.0,0.0
6330,170248525,170249025,358,142,71.6,28.400000000000006
6331,170249025,170249525,26,474,5.2,94.8
6332,170249525,170250025,11,489,2.1999999999999997,97.8
6333,170250025,170250525,11,489,2.1999999999999997,97.8
6334,170250525,170251025,11,489,2.1999999999999997,97.8
6335,170251025,170251525,60,440,12.0,88.0
6336,170251525,170252025,151,349,30.2,69.8
6337,170252025,170252525,500,0,100.0,0.0
6338,170252525,170253025,500,0,100.0,0.0
6339,170253025,170253525,500,0,100.0,0.0
6340,170253525,170254025,500,0,100.0,0.0
6341,170254025,170254525,500,0,100.0,0.0
6342,170254525,170255025,500,0,100.0,0.0
6343,170255025,170255525,500,0,100.0,0.0
6344,170255525,170256025,500,0,100.0,0.0
6345,170256025,170256525,500,0,100.0,0.0
6346,170256525,170257025,500,0,100.0,0.0
6347,170257025,170257525,500,0,100.0,0.0
6348,170257525,170258025,500,0,100.0,0.0
6349,170258025,170258525,500,0,100.0,0.0
6350,170258525,170259025,500,0,100.0,0.0
6351,170259025,170259525,500,0,100.0,0.0
6352,170259525,170260025,500,0,100.0,0.0
6353,170260025,170260525,500,0,100.0,0.0
6354,170260525,170261025,500,0,100.0,0.0
6355,170261025,170261525,500,0,100.0,0.0
6356,170261525,170262025,500,0,100.0,0.0
6357,170262025,170262525,500,0,100.0,0.0
6358,170262525,170263025,500,0,100.0,0.0
6359,170263025,170263525,500,0,100.0,0.0
6360,170263525,170264025,500,0,100.0,0.0
6361,170264025,170264525,500,0,100.0,0.0
6362,170264525,170265025,500,0,100.0,0.0
6363,170265025,170265525,500,0,100.0,0.0
6364,170265525,170266025,500,0,100.0,0.0
6365,170266025,170266525,500,0,100.0,0.0
6366,170266525,170267025,500,0,100.0,0.0
6367,170267025,170267525,235,265,47.0,53.0
6368,170267525,170268025,19,481,3.8,96.2
6369,170268025,170268525,12,488,2.4,97.6
6370,170268525,170269025,10,490,2.0,98.0
6371,170269025,170269525,11,489,2.1999999999999997,97.8
6372,170269525,170270025,54,446,10.8,89.2
6373,170270025,170270525,394,106,78.8,21.200000000000003
6374,170270525,170271025,500,0,100.0,0.0
6375,170271025,170271525,500,0,100.0,0.0
6376,170271525,170272025,500,0,100.0,0.0
6377,170272025,170272525,500,0,100.0,0.0
6378,170272525,170273025,500,0,100.0,0.0
6379,170273025,170273525,500,0,100.0,0.0
6380,170273525,170274025,500,0,100.0,0.0
6381,170274025,170274525,500,0,100.0,0.0
6382,170274525,170275025,500,0,100.0,0.0
6383,170275025,170275525,500,0,100.0,0.0
6384,170275525,170276025,500,0,100.0,0.0
6385,170276025,170276525,500,0,100.0,0.0
6386,170276525,170277025,500,0,100.0,0.0
6387,170277025,170277525,500,0,100.0,0.0
6388,170277525,170278025,500,0,100.0,0.0
6389,170278025,170278525,500,0,100.0,0.0
6390,170278525,170279025,500,0,100.0,0.0
6391,170279025,170279525,500,0,100.0,0.0
6392,170279525,170280025,500,0,100.0,0.0
6393,170280025,170280525,500,0,100.0,0.0
6394,170280525,170281025,500,0,100.0,0.0
6395,170281025,170281525,500,0,100.0,0.0
6396,170281525,170282025,500,0,100.0,0.0
6397,170282025,170282525,500,0,100.0,0.0
6398,170282525,170283025,500,0,100.0,0.0
6399,170283025,170283525,500,0,100.0,0.0
6400,170283525,170284025,500,0,100.0,0.0
6401,170284025,170284525,500,0,100.0,0.0
6402,170284525,170285025,500,0,100.0,0.0
6403,170285025,170285525,500,0,100.0,0.0
6404,170285525,170286025,500,0,100.0,0.0
6405,170286025,170286525,500,0,100.0,0.0
6406,170286525,170287025,500,0,100.0,0.0
6407,170287025,170287525,500,0,100.0,0.0
6408,170287525,170288025,500,0,100.0,0.0
6409,170288025,170288525,500,0,100.0,0.0
6410,170288525,170289025,126,374,25.2,74.8
6411,170289025,170289525,25,475,5.0,95.0
6412,170289525,170290025,14,486,2.8000000000000003,97.2
6413,170290025,170290525,11,489,2.1999999999999997,97.8
6414,170290525,170291025,9,491,1.7999999999999998,98.2
6415,170291025,170291525,14,486,2.8000000000000003,97.2
6416,170291525,170292025,12,488,2.4,97.6
6417,170292025,170292525,171,329,34.2,65.8
6418,170292525,170293025,4,496,0.8,99.2
6419,170293025,170293525,93,407,18.6,81.4
6420,170293525,170294025,163,337,32.6,67.4
6421,170294025,170294525,500,0,100.0,0.0
6422,170294525,170295025,500,0,100.0,0.0
6423,170295025,170295525,500,0,100.0,0.0
6424,170295525,170296025,500,0,100.0,0.0
6425,170296025,170296525,500,0,100.0,0.0
6426,170296525,170297025,500,0,100.0,0.0
6427,170297025,170297525,500,0,100.0,0.0
6428,170297525,170298025,500,0,100.0,0.0
6429,170298025,170298525,500,0,100.0,0.0
6430,170298525,170299025,500,0,100.0,0.0
6431,170299025,170299525,500,0,100.0,0.0
6432,170299525,170300025,500,0,100.0,0.0
6433,170300025,170300525,500,0,100.0,0.0
6434,170300525,170301025,500,0,100.0,0.0
6435,170301025,170301525,500,0,100.0,0.0
6436,170301525,170302025,500,0,100.0,0.0
6437,170302025,170302525,500,0,100.0,0.0
6438,170302525,170303025,500,0,100.0,0.0
6439,170303025,170303525,500,0,100.0,0.0
6440,170303525,170304025,500,0,100.0,0.0
6441,170304025,170304525,500,0,100.0,0.0
6442,170304525,170305025,500,0,100.0,0.0
6443,170305025,170305525,500,0,100.0,0.0
6444,170305525,170306025,500,0,100.0,0.0
6445,170306025,170306525,500,0,100.0,0.0
6446,170306525,170307025,500,0,100.0,0.0
6447,170307025,170307525,500,0,100.0,0.0
6448,170307525,170308025,500,0,100.0,0.0
6449,170308025,170308525,500,0,100.0,0.0
6450,170308525,170309025,500,0,100.0,0.0
6451,170309025,170309525,500,0,100.0,0.0
6452,170309525,170310025,500,0,100.0,0.0
6453,170310025,170310525,500,0,100.0,0.0
6454,170310525,170311025,500,0,100.0,0.0
6455,170311025,170311525,500,0,100.0,0.0
6456,170311525,170312025,500,0,100.0,0.0
6457,170312025,170312525,500,0,100.0,0.0
6458,170312525,170313025,500,0,100.0,0.0
6459,170313025,170313525,500,0,100.0,0.0
6460,170313525,170314025,24,476,4.8,95.2
6461,170314025,170314525,7,493,1.4000000000000001,98.6
6462,170314525,170315025,8,492,1.6,98.4
6463,170315025,170315525,118,382,23.599999999999998,76.4
6464,170315525,170316025,136,364,27.200000000000003,72.8
6465,170316025,170316525,8,492,1.6,98.4
6466,170316525,170317025,58,442,11.600000000000001,88.4
6467,170317025,170317525,136,364,27.200000000000003,72.8
6468,170317525,170318025,500,0,100.0,0.0
6469,170318025,170318525,500,0,100.0,0.0
6470,170318525,170319025,500,0,100.0,0.0
6471,170319025,170319525,500,0,100.0,0.0
6472,170319525,170320025,500,0,100.0,0.0
6473,170320025,170320525,500,0,100.0,0.0
6474,170320525,170321025,500,0,100.0,0.0
6475,170321025,170321525,500,0,100.0,0.0
6476,170321525,170322025,500,0,100.0,0.0
6477,170322025,170322525,500,0,100.0,0.0
6478,170322525,170323025,500,0,100.0,0.0
6479,170323025,170323525,500,0,100.0,0.0
6480,170323525,170324025,500,0,100.0,0.0
6481,170324025,170324525,500,0,100.0,0.0
6482,170324525,170325025,500,0,100.0,0.0
6483,170325025,170325525,500,0,100.0,0.0
6484,170325525,170326025,500,0,100.0,0.0
6485,170326025,170326525,500,0,100.0,0.0
6486,170326525,170327025,500,0,100.0,0.0
6487,170327025,170327525,500,0,100.0,0.0
6488,170327525,170328025,500,0,100.0,0.0
6489,170328025,170328525,500,0,100.0,0.0
6490,170328525,170329025,500,0,100.0,0.0
6491,170329025,170329525,500,0,100.0,0.0
6492,170329525,170330025,500,0,100.0,0.0
6493,170330025,170330525,500,0,100.0,0.0
6494,170330525,170331025,500,0,100.0,0.0
6495,170331025,170331525,500,0,100.0,0.0
6496,170331525,170332025,500,0,100.0,0.0
6497,170332025,170332525,500,0,100.0,0.0
6498,170332525,170333025,500,0,100.0,0.0
6499,170333025,170333525,500,0,100.0,0.0
6500,170333525,170334025,500,0,100.0,0.0
6501,170334025,170334525,500,0,100.0,0.0
6502,170334525,170335025,500,0,100.0,0.0
6503,170335025,170335525,500,0,100.0,0.0
6504,170335525,170336025,500,0,100.0,0.0
6505,170336025,170336525,500,0,100.0,0.0
6506,170336525,170337025,155,345,31.0,69.0
6507,170337025,170337525,8,492,1.6,98.4
6508,170337525,170338025,10,490,2.0,98.0
6509,170338025,170338525,131,369,26.200000000000003,73.8
6510,170338525,170339025,33,467,6.6000000000000005,93.4
6511,170339025,170339525,43,457,8.6,91.4
6512,170339525,170340025,190,310,38.0,62.0
6513,170340025,170340525,500,0,100.0,0.0
6514,170340525,170341025,500,0,100.0,0.0
6515,170341025,170341525,500,0,100.0,0.0
6516,170341525,170342025,500,0,100.0,0.0
6517,170342025,170342525,500,0,100.0,0.0
6518,170342525,170343025,500,0,100.0,0.0
6519,170343025,170343525,500,0,100.0,0.0
6520,170343525,170344025,500,0,100.0,0.0
6521,170344025,170344525,500,0,100.0,0.0
6522,170344525,170345025,500,0,100.0,0.0
6523,170345025,170345525,500,0,100.0,0.0
6524,170345525,170346025,500,0,100.0,0.0
6525,170346025,170346525,500,0,100.0,0.0
6526,170346525,170347025,500,0,100.0,0.0
6527,170347025,170347525,500,0,100.0,0.0
6528,170347525,170348025,500,0,100.0,0.0
6529,170348025,170348525,500,0,100.0,0.0
6530,170348525,170349025,500,0,100.0,0.0
6531,170349025,170349525,500,0,100.0,0.0
6532,170349525,170350025,500,0,100.0,0.0
6533,170350025,170350525,500,0,100.0,0.0
6534,170350525,170351025,500,0,100.0,0.0
6535,170351025,170351525,500,0,100.0,0.0
6536,170351525,170352025,500,0,100.0,0.0
6537,170352025,170352525,500,0,100.0,0.0
6538,170352525,170353025,500,0,100.0,0.0
6539,170353025,170353525,500,0,100.0,0.0
6540,170353525,170354025,500,0,100.0,0.0
6541,170354025,170354525,500,0,100.0,0.0
6542,170354525,170355025,500,0,100.0,0.0
6543,170355025,170355525,500,0,100.0,0.0
6544,170355525,170356025,500,0,100.0,0.0
6545,170356025,170356525,500,0,100.0,0.0
6546,170356525,170357025,500,0,100.0,0.0
6547,170357025,170357525,500,0,100.0,0.0
6548,170357525,170358025,500,0,100.0,0.0
6549,170358025,170358525,500,0,100.0,0.0
6550,170358525,170359025,500,0,100.0,0.0
6551,170359025,170359525,167,333,33.4,66.6
6552,170359525,170360025,7,493,1.4000000000000001,98.6
6553,170360025,170360525,11,489,2.1999999999999997,97.8
6554,170360525,170361025,11,489,2.1999999999999997,97.8
6555,170361025,170361525,77,423,15.4,84.6
6556,170361525,170362025,89,411,17.8,82.2
6557,170362025,170362525,7,493,1.4000000000000001,98.6
6558,170362525,170363025,454,46,90.8,9.200000000000003
6559,170363025,170363525,500,0,100.0,0.0
6560,170363525,170364025,500,0,100.0,0.0
6561,170364025,170364525,500,0,100.0,0.0
6562,170364525,170365025,500,0,100.0,0.0
6563,170365025,170365525,500,0,100.0,0.0
6564,170365525,170366025,500,0,100.0,0.0
6565,170366025,170366525,500,0,100.0,0.0
6566,170366525,170367025,500,0,100.0,0.0
6567,170367025,170367525,500,0,100.0,0.0
6568,170367525,170368025,500,0,100.0,0.0
6569,170368025,170368525,500,0,100.0,0.0
6570,170368525,170369025,500,0,100.0,0.0
6571,170369025,170369525,500,0,100.0,0.0
6572,170369525,170370025,500,0,100.0,0.0
6573,170370025,170370525,500,0,100.0,0.0
6574,170370525,170371025,500,0,100.0,0.0
6575,170371025,170371525,500,0,100.0,0.0
6576,170371525,170372025,500,0,100.0,0.0
6577,170372025,170372525,500,0,100.0,0.0
6578,170372525,170373025,500,0,100.0,0.0
6579,170373025,170373525,500,0,100.0,0.0
6580,170373525,170374025,500,0,100.0,0.0
6581,170374025,170374525,500,0,100.0,0.0
6582,170374525,170375025,500,0,100.0,0.0
6583,170375025,170375525,500,0,100.0,0.0
6584,170375525,170376025,500,0,100.0,0.0
6585,170376025,170376525,500,0,100.0,0.0
6586,170376525,170377025,500,0,100.0,0.0
6587,170377025,170377525,500,0,100.0,0.0
6588,170377525,170378025,500,0,100.0,0.0
6589,170378025,170378525,500,0,100.0,0.0
6590,170378525,170379025,500,0,100.0,0.0
6591,170379025,170379525,500,0,100.0,0.0
6592,170379525,170380025,500,0,100.0,0.0
6593,170380025,170380525,500,0,100.0,0.0
6594,170380525,170381025,500,0,100.0,0.0
6595,170381025,170381525,500,0,100.0,0.0
6596,170381525,170382025,500,0,100.0,0.0
6597,170382025,170382525,500,0,100.0,0.0
6598,170382525,170383025,391,109,78.2,21.799999999999997
6599,170383025,170383525,9,491,1.7999999999999998,98.2
6600,170383525,170384025,6,494,1.2,98.8
6601,170384025,170384525,16,484,3.2,96.8
6602,170384525,170385025,75,425,15.0,85.0
6603,170385025,170385525,53,447,10.6,89.4
6604,170385525,170386025,5,495,1.0,99.0
6605,170386025,170386525,221,279,44.2,55.8
6606,170386525,170387025,500,0,100.0,0.0
6607,170387025,170387525,500,0,100.0,0.0
6608,170387525,170388025,500,0,100.0,0.0
6609,170388025,170388525,500,0,100.0,0.0
6610,170388525,170389025,500,0,100.0,0.0
6611,170389025,170389525,500,0,100.0,0.0
6612,170389525,170390025,500,0,100.0,0.0
6613,170390025,170390525,500,0,100.0,0.0
6614,170390525,170391025,500,0,100.0,0.0
6615,170391025,170391525,500,0,100.0,0.0
6616,170391525,170392025,500,0,100.0,0.0
6617,170392025,170392525,500,0,100.0,0.0
6618,170392525,170393025,500,0,100.0,0.0
6619,170393025,170393525,500,0,100.0,0.0
6620,170393525,170394025,500,0,100.0,0.0
6621,170394025,170394525,500,0,100.0,0.0
6622,170394525,170395025,500,0,100.0,0.0
6623,170395025,170395525,500,0,100.0,0.0
6624,170395525,170396025,500,0,100.0,0.0
6625,170396025,170396525,500,0,100.0,0.0
6626,170396525,170397025,500,0,100.0,0.0
6627,170397025,170397525,500,0,100.0,0.0
6628,170397525,170398025,500,0,100.0,0.0
6629,170398025,170398525,500,0,100.0,0.0
6630,170398525,170399025,500,0,100.0,0.0
6631,170399025,170399525,500,0,100.0,0.0
6632,170399525,170400025,500,0,100.0,0.0
6633,170400025,170400525,500,0,100.0,0.0
6634,170400525,170401025,500,0,100.0,0.0
6635,170401025,170401525,500,0,100.0,0.0
6636,170401525,170402025,500,0,100.0,0.0
6637,170402025,170402525,500,0,100.0,0.0
6638,170402525,170403025,500,0,100.0,0.0
6639,170403025,170403525,500,0,100.0,0.0
6640,170403525,170404025,500,0,100.0,0.0
6641,170404025,170404525,500,0,100.0,0.0
6642,170404525,170405025,500,0,100.0,0.0
6643,170405025,170405525,500,0,100.0,0.0
6644,170405525,170406025,500,0,100.0,0.0
6645,170406025,170406525,500,0,100.0,0.0
6646,170406525,170407025,500,0,100.0,0.0
6647,170407025,170407525,500,0,100.0,0.0
6648,170407525,170408025,176,324,35.199999999999996,64.80000000000001
6649,170408025,170408525,7,493,1.4000000000000001,98.6
6650,170408525,170409025,7,493,1.4000000000000001,98.6
6651,170409025,170409525,29,471,5.800000000000001,94.2
6652,170409525,170410025,170,330,34.0,66.0
6653,170410025,170410525,8,492,1.6,98.4
6654,170410525,170411025,70,430,14.000000000000002,86.0
6655,170411025,170411525,5,495,1.0,99.0
6656,170411525,170412025,258,242,51.6,48.4
6657,170412025,170412525,500,0,100.0,0.0
6658,170412525,170413025,500,0,100.0,0.0
6659,170413025,170413525,500,0,100.0,0.0
6660,170413525,170414025,500,0,100.0,0.0
6661,170414025,170414525,500,0,100.0,0.0
6662,170414525,170415025,500,0,100.0,0.0
6663,170415025,170415525,500,0,100.0,0.0
6664,170415525,170416025,500,0,100.0,0.0
6665,170416025,170416525,500,0,100.0,0.0
6666,170416525,170417025,500,0,100.0,0.0
6667,170417025,170417525,500,0,100.0,0.0
6668,170417525,170418025,500,0,100.0,0.0
6669,170418025,170418525,500,0,100.0,0.0
6670,170418525,170419025,500,0,100.0,0.0
6671,170419025,170419525,500,0,100.0,0.0
6672,170419525,170420025,500,0,100.0,0.0
6673,170420025,170420525,500,0,100.0,0.0
6674,170420525,170421025,500,0,100.0,0.0
6675,170421025,170421525,500,0,100.0,0.0
6676,170421525,170422025,500,0,100.0,0.0
6677,170422025,170422525,500,0,100.0,0.0
6678,170422525,170423025,500,0,100.0,0.0
6679,170423025,170423525,500,0,100.0,0.0
6680,170423525,170424025,500,0,100.0,0.0
6681,170424025,170424525,500,0,100.0,0.0
6682,170424525,170425025,500,0,100.0,0.0
6683,170425025,170425525,500,0,100.0,0.0
6684,170425525,170426025,500,0,100.0,0.0
6685,170426025,170426525,500,0,100.0,0.0
6686,170426525,170427025,500,0,100.0,0.0
6687,170427025,170427525,500,0,100.0,0.0
6688,170427525,170428025,500,0,100.0,0.0
6689,170428025,170428525,500,0,100.0,0.0
6690,170428525,170429025,500,0,100.0,0.0
6691,170429025,170429525,500,0,100.0,0.0
6692,170429525,170430025,500,0,100.0,0.0
6693,170430025,170430525,500,0,100.0,0.0
6694,170430525,170431025,500,0,100.0,0.0
6695,170431025,170431525,500,0,100.0,0.0
6696,170431525,170432025,500,0,100.0,0.0
6697,170432025,170432525,226,274,45.2,54.8
6698,170432525,170433025,5,495,1.0,99.0
6699,170433025,170433525,12,488,2.4,97.6
6700,170433525,170434025,12,488,2.4,97.6
6701,170434025,170434525,96,404,19.2,80.8
6702,170434525,170435025,90,410,18.0,82.0
6703,170435025,170435525,95,405,19.0,81.0
6704,170435525,170436025,500,0,100.0,0.0
6705,170436025,170436525,500,0,100.0,0.0
6706,170436525,170437025,500,0,100.0,0.0
6707,170437025,170437525,500,0,100.0,0.0
6708,170437525,170438025,500,0,100.0,0.0
6709,170438025,170438525,500,0,100.0,0.0
6710,170438525,170439025,500,0,100.0,0.0
6711,170439025,170439525,500,0,100.0,0.0
6712,170439525,170440025,500,0,100.0,0.0
6713,170440025,170440525,500,0,100.0,0.0
6714,170440525,170441025,500,0,100.0,0.0
6715,170441025,170441525,500,0,100.0,0.0
6716,170441525,170442025,500,0,100.0,0.0
6717,170442025,170442525,500,0,100.0,0.0
6718,170442525,170443025,500,0,100.0,0.0
6719,170443025,170443525,500,0,100.0,0.0
6720,170443525,170444025,500,0,100.0,0.0
6721,170444025,170444525,500,0,100.0,0.0
6722,170444525,170445025,500,0,100.0,0.0
6723,170445025,170445525,500,0,100.0,0.0
6724,170445525,170446025,500,0,100.0,0.0
6725,170446025,170446525,500,0,100.0,0.0
6726,170446525,170447025,500,0,100.0,0.0
6727,170447025,170447525,500,0,100.0,0.0
6728,170447525,170448025,500,0,100.0,0.0
6729,170448025,170448525,500,0,100.0,0.0
6730,170448525,170449025,500,0,100.0,0.0
6731,170449025,170449525,500,0,100.0,0.0
6732,170449525,170450025,500,0,100.0,0.0
6733,170450025,170450525,500,0,100.0,0.0
6734,170450525,170451025,500,0,100.0,0.0
6735,170451025,170451525,500,0,100.0,0.0
6736,170451525,170452025,500,0,100.0,0.0
6737,170452025,170452525,500,0,100.0,0.0
6738,170452525,170453025,500,0,100.0,0.0
6739,170453025,170453525,500,0,100.0,0.0
6740,170453525,170454025,500,0,100.0,0.0
6741,170454025,170454525,302,198,60.4,39.6
6742,170454525,170455025,8,492,1.6,98.4
6743,170455025,170455525,10,490,2.0,98.0
6744,170455525,170456025,11,489,2.1999999999999997,97.8
6745,170456025,170456525,148,352,29.599999999999998,70.4
6746,170456525,170457025,52,448,10.4,89.6
6747,170457025,170457525,148,352,29.599999999999998,70.4
6748,170457525,170458025,209,291,41.8,58.2
6749,170458025,170458525,500,0,100.0,0.0
6750,170458525,170459025,500,0,100.0,0.0
6751,170459025,170459525,500,0,100.0,0.0
6752,170459525,170460025,500,0,100.0,0.0
6753,170460025,170460525,500,0,100.0,0.0
6754,170460525,170461025,500,0,100.0,0.0
6755,170461025,170461525,500,0,100.0,0.0
6756,170461525,170462025,500,0,100.0,0.0
6757,170462025,170462525,500,0,100.0,0.0
6758,170462525,170463025,500,0,100.0,0.0
6759,170463025,170463525,500,0,100.0,0.0
6760,170463525,170464025,500,0,100.0,0.0
6761,170464025,170464525,500,0,100.0,0.0
6762,170464525,170465025,500,0,100.0,0.0
6763,170465025,170465525,500,0,100.0,0.0
6764,170465525,170466025,500,0,100.0,0.0
6765,170466025,170466525,500,0,100.0,0.0
6766,170466525,170467025,500,0,100.0,0.0
6767,170467025,170467525,500,0,100.0,0.0
6768,170467525,170468025,500,0,100.0,0.0
6769,170468025,170468525,500,0,100.0,0.0
6770,170468525,170469025,500,0,100.0,0.0
6771,170469025,170469525,500,0,100.0,0.0
6772,170469525,170470025,500,0,100.0,0.0
6773,170470025,170470525,500,0,100.0,0.0
6774,170470525,170471025,500,0,100.0,0.0
6775,170471025,170471525,500,0,100.0,0.0
6776,170471525,170472025,500,0,100.0,0.0
6777,170472025,170472525,500,0,100.0,0.0
6778,170472525,170473025,500,0,100.0,0.0
6779,170473025,170473525,500,0,100.0,0.0
6780,170473525,170474025,500,0,100.0,0.0
6781,170474025,170474525,500,0,100.0,0.0
6782,170474525,170475025,500,0,100.0,0.0
6783,170475025,170475525,500,0,100.0,0.0
6784,170475525,170476025,500,0,100.0,0.0
6785,170476025,170476525,500,0,100.0,0.0
6786,170476525,170477025,500,0,100.0,0.0
6787,170477025,170477525,500,0,100.0,0.0
6788,170477525,170478025,500,0,100.0,0.0
6789,170478025,170478525,500,0,100.0,0.0
6790,170478525,170479025,500,0,100.0,0.0
6791,170479025,170479525,500,0,100.0,0.0
6792,170479525,170480025,500,0,100.0,0.0
6793,170480025,170480525,500,0,100.0,0.0
6794,170480525,170481025,500,0,100.0,0.0
6795,170481025,170481525,500,0,100.0,0.0
6796,170481525,170482025,500,0,100.0,0.0
6797,170482025,170482525,500,0,100.0,0.0
6798,170482525,170483025,500,0,100.0,0.0
6799,170483025,170483525,500,0,100.0,0.0
6800,170483525,170484025,500,0,100.0,0.0
6801,170484025,170484525,500,0,100.0,0.0
6802,170484525,170485025,500,0,100.0,0.0
6803,170485025,170485525,500,0,100.0,0.0
6804,170485525,170486025,113,387,22.6,77.4
6805,170486025,170486525,8,492,1.6,98.4
6806,170486525,170487025,9,491,1.7999999999999998,98.2
6807,170487025,170487525,13,487,2.6,97.4
6808,170487525,170488025,121,379,24.2,75.8
6809,170488025,170488525,109,391,21.8,78.2
6810,170488525,170489025,5,495,1.0,99.0
6811,170489025,170489525,335,165,67.0,33.0
6812,170489525,170490025,500,0,100.0,0.0
6813,170490025,170490525,500,0,100.0,0.0
6814,170490525,170491025,500,0,100.0,0.0
6815,170491025,170491525,500,0,100.0,0.0
6816,170491525,170492025,500,0,100.0,0.0
6817,170492025,170492525,500,0,100.0,0.0
6818,170492525,170493025,500,0,100.0,0.0
6819,170493025,170493525,500,0,100.0,0.0
6820,170493525,170494025,500,0,100.0,0.0
6821,170494025,170494525,500,0,100.0,0.0
6822,170494525,170495025,500,0,100.0,0.0
6823,170495025,170495525,500,0,100.0,0.0
6824,170495525,170496025,500,0,100.0,0.0
6825,170496025,170496525,500,0,100.0,0.0
6826,170496525,170497025,500,0,100.0,0.0
6827,170497025,170497525,500,0,100.0,0.0
6828,170497525,170498025,500,0,100.0,0.0
6829,170498025,170498525,500,0,100.0,0.0
6830,170498525,170499025,500,0,100.0,0.0
6831,170499025,170499525,500,0,100.0,0.0
6832,170499525,170500025,500,0,100.0,0.0
6833,170500025,170500525,500,0,100.0,0.0
6834,170500525,170501025,500,0,100.0,0.0
6835,170501025,170501525,500,0,100.0,0.0
6836,170501525,170502025,500,0,100.0,0.0
6837,170502025,170502525,500,0,100.0,0.0
6838,170502525,170503025,500,0,100.0,0.0
6839,170503025,170503525,500,0,100.0,0.0
6840,170503525,170504025,500,0,100.0,0.0
6841,170504025,170504525,500,0,100.0,0.0
6842,170504525,170505025,500,0,100.0,0.0
6843,170505025,170505525,500,0,100.0,0.0
6844,170505525,170506025,500,0,100.0,0.0
6845,170506025,170506525,500,0,100.0,0.0
6846,170506525,170507025,500,0,100.0,0.0
6847,170507025,170507525,500,0,100.0,0.0
6848,170507525,170508025,500,0,100.0,0.0
6849,170508025,170508525,500,0,100.0,0.0
6850,170508525,170509025,500,0,100.0,0.0
6851,170509025,170509525,210,290,42.0,58.0
6852,170509525,170510025,6,494,1.2,98.8
6853,170510025,170510525,12,488,2.4,97.6
6854,170510525,170511025,13,487,2.6,97.4
6855,170511025,170511525,74,426,14.799999999999999,85.2
6856,170511525,170512025,54,446,10.8,89.2
6857,170512025,170512525,28,472,5.6000000000000005,94.4
6858,170512525,170513025,500,0,100.0,0.0
6859,170513025,170513525,500,0,100.0,0.0
6860,170513525,170514025,500,0,100.0,0.0
6861,170514025,170514525,500,0,100.0,0.0
6862,170514525,170515025,500,0,100.0,0.0
6863,170515025,170515525,500,0,100.0,0.0
6864,170515525,170516025,500,0,100.0,0.0
6865,170516025,170516525,500,0,100.0,0.0
6866,170516525,170517025,500,0,100.0,0.0
6867,170517025,170517525,500,0,100.0,0.0
6868,170517525,170518025,500,0,100.0,0.0
6869,170518025,170518525,500,0,100.0,0.0
6870,170518525,170519025,500,0,100.0,0.0
6871,170519025,170519525,500,0,100.0,0.0
6872,170519525,170520025,500,0,100.0,0.0
6873,170520025,170520525,500,0,100.0,0.0
6874,170520525,170521025,500,0,100.0,0.0
6875,170521025,170521525,500,0,100.0,0.0
6876,170521525,170522025,500,0,100.0,0.0
6877,170522025,170522525,500,0,100.0,0.0
6878,170522525,170523025,500,0,100.0,0.0
6879,170523025,170523525,500,0,100.0,0.0
6880,170523525,170524025,500,0,100.0,0.0
6881,170524025,170524525,500,0,100.0,0.0
6882,170524525,170525025,500,0,100.0,0.0
6883,170525025,170525525,500,0,100.0,0.0
6884,170525525,170526025,500,0,100.0,0.0
6885,170526025,170526525,500,0,100.0,0.0
6886,170526525,170527025,500,0,100.0,0.0
6887,170527025,170527525,500,0,100.0,0.0
6888,170527525,170528025,500,0,100.0,0.0
6889,170528025,170528525,500,0,100.0,0.0
6890,170528525,170529025,500,0,100.0,0.0
6891,170529025,170529525,500,0,100.0,0.0
6892,170529525,170530025,500,0,100.0,0.0
6893,170530025,170530525,500,0,100.0,0.0
6894,170530525,170531025,500,0,100.0,0.0
6895,170531025,170531525,234,266,46.800000000000004,53.199999999999996
6896,170531525,170532025,6,494,1.2,98.8
6897,170532025,170532525,10,490,2.0,98.0
6898,170532525,170533025,10,490,2.0,98.0
6899,170533025,170533525,73,427,14.6,85.4
6900,170533525,170534025,77,423,15.4,84.6
6901,170534025,170534525,13,487,2.6,97.4
6902,170534525,170535025,500,0,100.0,0.0
6903,170535025,170535525,500,0,100.0,0.0
6904,170535525,170536025,500,0,100.0,0.0
6905,170536025,170536525,500,0,100.0,0.0
6906,170536525,170537025,500,0,100.0,0.0
6907,170537025,170537525,500,0,100.0,0.0
6908,170537525,170538025,500,0,100.0,0.0
6909,170538025,170538525,500,0,100.0,0.0
6910,170538525,170539025,500,0,100.0,0.0
6911,170539025,170539525,500,0,100.0,0.0
6912,170539525,170540025,500,0,100.0,0.0
6913,170540025,170540525,500,0,100.0,0.0
6914,170540525,170541025,500,0,100.0,0.0
6915,170541025,170541525,500,0,100.0,0.0
6916,170541525,170542025,500,0,100.0,0.0
6917,170542025,170542525,500,0,100.0,0.0
6918,170542525,170543025,500,0,100.0,0.0
6919,170543025,170543525,500,0,100.0,0.0
6920,170543525,170544025,500,0,100.0,0.0
6921,170544025,170544525,500,0,100.0,0.0
6922,170544525,170545025,500,0,100.0,0.0
6923,170545025,170545525,500,0,100.0,0.0
6924,170545525,170546025,500,0,100.0,0.0
6925,170546025,170546525,500,0,100.0,0.0
6926,170546525,170547025,500,0,100.0,0.0
6927,170547025,170547525,500,0,100.0,0.0
6928,170547525,170548025,500,0,100.0,0.0
6929,170548025,170548525,500,0,100.0,0.0
6930,170548525,170549025,500,0,100.0,0.0
6931,170549025,170549525,500,0,100.0,0.0
6932,170549525,170550025,500,0,100.0,0.0
6933,170550025,170550525,500,0,100.0,0.0
6934,170550525,170551025,500,0,100.0,0.0
6935,170551025,170551525,500,0,100.0,0.0
6936,170551525,170552025,500,0,100.0,0.0
6937,170552025,170552525,500,0,100.0,0.0
6938,170552525,170553025,500,0,100.0,0.0
6939,170553025,170553525,500,0,100.0,0.0
6940,170553525,170554025,500,0,100.0,0.0
6941,170554025,170554525,500,0,100.0,0.0
6942,170554525,170555025,500,0,100.0,0.0
6943,170555025,170555525,191,309,38.2,61.8
6944,170555525,170556025,6,494,1.2,98.8
6945,170556025,170556525,11,489,2.1999999999999997,97.8
6946,170556525,170557025,62,438,12.4,87.6
6947,170557025,170557525,25,475,5.0,95.0
6948,170557525,170558025,47,453,9.4,90.6
6949,170558025,170558525,255,245,51.0,49.0
6950,170558525,170559025,500,0,100.0,0.0
6951,170559025,170559525,500,0,100.0,0.0
6952,170559525,170560025,500,0,100.0,0.0
6953,170560025,170560525,500,0,100.0,0.0
6954,170560525,170561025,500,0,100.0,0.0
6955,170561025,170561525,500,0,100.0,0.0
6956,170561525,170562025,500,0,100.0,0.0
6957,170562025,170562525,500,0,100.0,0.0
6958,170562525,170563025,500,0,100.0,0.0
6959,170563025,170563525,500,0,100.0,0.0
6960,170563525,170564025,500,0,100.0,0.0
6961,170564025,170564525,500,0,100.0,0.0
6962,170564525,170565025,500,0,100.0,0.0
6963,170565025,170565525,500,0,100.0,0.0
6964,170565525,170566025,500,0,100.0,0.0
6965,170566025,170566525,500,0,100.0,0.0
6966,170566525,170567025,500,0,100.0,0.0
6967,170567025,170567525,500,0,100.0,0.0
6968,170567525,170568025,500,0,100.0,0.0
6969,170568025,170568525,500,0,100.0,0.0
6970,170568525,170569025,500,0,100.0,0.0
6971,170569025,170569525,500,0,100.0,0.0
6972,170569525,170570025,500,0,100.0,0.0
6973,170570025,170570525,500,0,100.0,0.0
6974,170570525,170571025,500,0,100.0,0.0
6975,170571025,170571525,500,0,100.0,0.0
6976,170571525,170572025,500,0,100.0,0.0
6977,170572025,170572525,500,0,100.0,0.0
6978,170572525,170573025,500,0,100.0,0.0
6979,170573025,170573525,500,0,100.0,0.0
6980,170573525,170574025,500,0,100.0,0.0
6981,170574025,170574525,500,0,100.0,0.0
6982,170574525,170575025,500,0,100.0,0.0
6983,170575025,170575525,500,0,100.0,0.0
6984,170575525,170576025,489,11,97.8,2.200000000000003
6985,170576025,170576525,12,488,2.4,97.6
6986,170576525,170577025,7,493,1.4000000000000001,98.6
6987,170577025,170577525,13,487,2.6,97.4
6988,170577525,170578025,63,437,12.6,87.4
6989,170578025,170578525,23,477,4.6,95.4
6990,170578525,170579025,39,461,7.8,92.2
6991,170579025,170579525,242,258,48.4,51.6
6992,170579525,170580025,500,0,100.0,0.0
6993,170580025,170580525,500,0,100.0,0.0
6994,170580525,170581025,500,0,100.0,0.0
6995,170581025,170581525,500,0,100.0,0.0
6996,170581525,170582025,500,0,100.0,0.0
6997,170582025,170582525,500,0,100.0,0.0
6998,170582525,170583025,500,0,100.0,0.0
6999,170583025,170583525,500,0,100.0,0.0
7000,170583525,170584025,500,0,100.0,0.0
7001,170584025,170584525,500,0,100.0,0.0
7002,170584525,170585025,500,0,100.0,0.0
7003,170585025,170585525,500,0,100.0,0.0
7004,170585525,170586025,500,0,100.0,0.0
7005,170586025,170586525,500,0,100.0,0.0
7006,170586525,170587025,500,0,100.0,0.0
7007,170587025,170587525,500,0,100.0,0.0
7008,170587525,170588025,500,0,100.0,0.0
7009,170588025,170588525,500,0,100.0,0.0
7010,170588525,170589025,500,0,100.0,0.0
7011,170589025,170589525,500,0,100.0,0.0
7012,170589525,170590025,500,0,100.0,0.0
7013,170590025,170590525,500,0,100.0,0.0
7014,170590525,170591025,500,0,100.0,0.0
7015,170591025,170591525,500,0,100.0,0.0
7016,170591525,170592025,500,0,100.0,0.0
7017,170592025,170592525,500,0,100.0,0.0
7018,170592525,170593025,500,0,100.0,0.0
7019,170593025,170593525,500,0,100.0,0.0
7020,170593525,170594025,500,0,100.0,0.0
7021,170594025,170594525,500,0,100.0,0.0
7022,170594525,170595025,500,0,100.0,0.0
7023,170595025,170595525,500,0,100.0,0.0
7024,170595525,170596025,500,0,100.0,0.0
7025,170596025,170596525,500,0,100.0,0.0
7026,170596525,170597025,500,0,100.0,0.0
7027,170597025,170597525,500,0,100.0,0.0
7028,170597525,170598025,500,0,100.0,0.0
7029,170598025,170598525,87,413,17.4,82.6
7030,170598525,170599025,7,493,1.4000000000000001,98.6
7031,170599025,170599525,15,485,3.0,97.0
7032,170599525,170600025,58,442,11.600000000000001,88.4
7033,170600025,170600525,50,450,10.0,90.0
7034,170600525,170601025,6,494,1.2,98.8
7035,170601025,170601525,480,20,96.0,4.0
7036,170601525,170602025,500,0,100.0,0.0
7037,170602025,170602525,500,0,100.0,0.0
7038,170602525,170603025,500,0,100.0,0.0
7039,170603025,170603525,500,0,100.0,0.0
7040,170603525,170604025,500,0,100.0,0.0
7041,170604025,170604525,500,0,100.0,0.0
7042,170604525,170605025,500,0,100.0,0.0
7043,170605025,170605525,500,0,100.0,0.0
7044,170605525,170606025,500,0,100.0,0.0
7045,170606025,170606525,500,0,100.0,0.0
7046,170606525,170607025,500,0,100.0,0.0
7047,170607025,170607525,500,0,100.0,0.0
7048,170607525,170608025,500,0,100.0,0.0
7049,170608025,170608525,500,0,100.0,0.0
7050,170608525,170609025,500,0,100.0,0.0
7051,170609025,170609525,500,0,100.0,0.0
7052,170609525,170610025,500,0,100.0,0.0
7053,170610025,170610525,500,0,100.0,0.0
7054,170610525,170611025,500,0,100.0,0.0
7055,170611025,170611525,500,0,100.0,0.0
7056,170611525,170612025,500,0,100.0,0.0
7057,170612025,170612525,500,0,100.0,0.0
7058,170612525,170613025,500,0,100.0,0.0
7059,170613025,170613525,500,0,100.0,0.0
7060,170613525,170614025,500,0,100.0,0.0
7061,170614025,170614525,500,0,100.0,0.0
7062,170614525,170615025,500,0,100.0,0.0
7063,170615025,170615525,500,0,100.0,0.0
7064,170615525,170616025,500,0,100.0,0.0
7065,170616025,170616525,500,0,100.0,0.0
7066,170616525,170617025,500,0,100.0,0.0
7067,170617025,170617525,500,0,100.0,0.0
7068,170617525,170618025,500,0,100.0,0.0
7069,170618025,170618525,500,0,100.0,0.0
7070,170618525,170619025,348,152,69.6,30.400000000000006
7071,170619025,170619525,9,491,1.7999999999999998,98.2
7072,170619525,170620025,10,490,2.0,98.0
7073,170620025,170620525,57,443,11.4,88.6
7074,170620525,170621025,9,491,1.7999999999999998,98.2
7075,170621025,170621525,50,450,10.0,90.0
7076,170621525,170622025,229,271,45.800000000000004,54.199999999999996
7077,170622025,170622525,500,0,100.0,0.0
7078,170622525,170623025,500,0,100.0,0.0
7079,170623025,170623525,500,0,100.0,0.0
7080,170623525,170624025,500,0,100.0,0.0
7081,170624025,170624525,500,0,100.0,0.0
7082,170624525,170625025,500,0,100.0,0.0
7083,170625025,170625525,500,0,100.0,0.0
7084,170625525,170626025,500,0,100.0,0.0
7085,170626025,170626525,500,0,100.0,0.0
7086,170626525,170627025,500,0,100.0,0.0
7087,170627025,170627525,500,0,100.0,0.0
7088,170627525,170628025,500,0,100.0,0.0
7089,170628025,170628525,500,0,100.0,0.0
7090,170628525,170629025,500,0,100.0,0.0
7091,170629025,170629525,500,0,100.0,0.0
7092,170629525,170630025,500,0,100.0,0.0
7093,170630025,170630525,500,0,100.0,0.0
7094,170630525,170631025,500,0,100.0,0.0
7095,170631025,170631525,500,0,100.0,0.0
7096,170631525,170632025,500,0,100.0,0.0
7097,170632025,170632525,500,0,100.0,0.0
7098,170632525,170633025,500,0,100.0,0.0
7099,170633025,170633525,500,0,100.0,0.0
7100,170633525,170634025,500,0,100.0,0.0
7101,170634025,170634525,500,0,100.0,0.0
7102,170634525,170635025,500,0,100.0,0.0
7103,170635025,170635525,500,0,100.0,0.0
7104,170635525,170636025,500,0,100.0,0.0
7105,170636025,170636525,500,0,100.0,0.0
7106,170636525,170637025,500,0,100.0,0.0
7107,170637025,170637525,500,0,100.0,0.0
7108,170637525,170638025,500,0,100.0,0.0
7109,170638025,170638525,500,0,100.0,0.0
7110,170638525,170639025,500,0,100.0,0.0
7111,170639025,170639525,359,141,71.8,28.200000000000003
7112,170639525,170640025,9,491,1.7999999999999998,98.2
7113,170640025,170640525,10,490,2.0,98.0
7114,170640525,170641025,10,490,2.0,98.0
7115,170641025,170641525,64,436,12.8,87.2
7116,170641525,170642025,49,451,9.8,90.2
7117,170642025,170642525,137,363,27.400000000000002,72.6
7118,170642525,170643025,500,0,100.0,0.0
7119,170643025,170643525,500,0,100.0,0.0
7120,170643525,170644025,500,0,100.0,0.0
7121,170644025,170644525,500,0,100.0,0.0
7122,170644525,170645025,500,0,100.0,0.0
7123,170645025,170645525,500,0,100.0,0.0
7124,170645525,170646025,500,0,100.0,0.0
7125,170646025,170646525,500,0,100.0,0.0
7126,170646525,170647025,500,0,100.0,0.0
7127,170647025,170647525,500,0,100.0,0.0
7128,170647525,170648025,500,0,100.0,0.0
7129,170648025,170648525,500,0,100.0,0.0
7130,170648525,170649025,500,0,100.0,0.0
7131,170649025,170649525,500,0,100.0,0.0
7132,170649525,170650025,500,0,100.0,0.0
7133,170650025,170650525,500,0,100.0,0.0
7134,170650525,170651025,500,0,100.0,0.0
7135,170651025,170651525,500,0,100.0,0.0
7136,170651525,170652025,500,0,100.0,0.0
7137,170652025,170652525,500,0,100.0,0.0
7138,170652525,170653025,500,0,100.0,0.0
7139,170653025,170653525,500,0,100.0,0.0
7140,170653525,170654025,500,0,100.0,0.0
7141,170654025,170654525,500,0,100.0,0.0
7142,170654525,170655025,500,0,100.0,0.0
7143,170655025,170655525,500,0,100.0,0.0
7144,170655525,170656025,500,0,100.0,0.0
7145,170656025,170656525,500,0,100.0,0.0
7146,170656525,170657025,500,0,100.0,0.0
7147,170657025,170657525,500,0,100.0,0.0
7148,170657525,170658025,500,0,100.0,0.0
7149,170658025,170658525,500,0,100.0,0.0
7150,170658525,170659025,500,0,100.0,0.0
7151,170659025,170659525,500,0,100.0,0.0
7152,170659525,170660025,500,0,100.0,0.0
7153,170660025,170660525,500,0,100.0,0.0
7154,170660525,170661025,321,179,64.2,35.8
7155,170661025,170661525,8,492,1.6,98.4
7156,170661525,170662025,9,491,1.7999999999999998,98.2
7157,170662025,170662525,14,486,2.8000000000000003,97.2
7158,170662525,170663025,66,434,13.200000000000001,86.8
7159,170663025,170663525,54,446,10.8,89.2
7160,170663525,170664025,89,411,17.8,82.2
7161,170664025,170664525,500,0,100.0,0.0
7162,170664525,170665025,500,0,100.0,0.0
7163,170665025,170665525,500,0,100.0,0.0
7164,170665525,170666025,500,0,100.0,0.0
7165,170666025,170666525,500,0,100.0,0.0
7166,170666525,170667025,500,0,100.0,0.0
7167,170667025,170667525,500,0,100.0,0.0
7168,170667525,170668025,500,0,100.0,0.0
7169,170668025,170668525,500,0,100.0,0.0
7170,170668525,170669025,500,0,100.0,0.0
7171,170669025,170669525,500,0,100.0,0.0
7172,170669525,170670025,500,0,100.0,0.0
7173,170670025,170670525,500,0,100.0,0.0
7174,170670525,170671025,500,0,100.0,0.0
7175,170671025,170671525,500,0,100.0,0.0
7176,170671525,170672025,500,0,100.0,0.0
7177,170672025,170672525,500,0,100.0,0.0
7178,170672525,170673025,500,0,100.0,0.0
7179,170673025,170673525,500,0,100.0,0.0
7180,170673525,170674025,500,0,100.0,0.0
7181,170674025,170674525,500,0,100.0,0.0
7182,170674525,170675025,500,0,100.0,0.0
7183,170675025,170675525,500,0,100.0,0.0
7184,170675525,170676025,500,0,100.0,0.0
7185,170676025,170676525,500,0,100.0,0.0
7186,170676525,170677025,500,0,100.0,0.0
7187,170677025,170677525,500,0,100.0,0.0
7188,170677525,170678025,500,0,100.0,0.0
7189,170678025,170678525,500,0,100.0,0.0
7190,170678525,170679025,500,0,100.0,0.0
7191,170679025,170679525,500,0,100.0,0.0
7192,170679525,170680025,500,0,100.0,0.0
7193,170680025,170680525,500,0,100.0,0.0
7194,170680525,170681025,500,0,100.0,0.0
7195,170681025,170681525,500,0,100.0,0.0
7196,170681525,170682025,500,0,100.0,0.0
7197,170682025,170682525,500,0,100.0,0.0
7198,170682525,170683025,500,0,100.0,0.0
7199,170683025,170683525,500,0,100.0,0.0
7200,170683525,170684025,500,0,100.0,0.0
7201,170684025,170684525,500,0,100.0,0.0
7202,170684525,170685025,355,145,71.0,29.0
7203,170685025,170685525,10,490,2.0,98.0
7204,170685525,170686025,8,492,1.6,98.4
7205,170686025,170686525,15,485,3.0,97.0
7206,170686525,170687025,71,429,14.2,85.8
7207,170687025,170687525,71,429,14.2,85.8
7208,170687525,170688025,89,411,17.8,82.2
7209,170688025,170688525,500,0,100.0,0.0
7210,170688525,170689025,500,0,100.0,0.0
7211,170689025,170689525,500,0,100.0,0.0
7212,170689525,170690025,500,0,100.0,0.0
7213,170690025,170690525,500,0,100.0,0.0
7214,170690525,170691025,500,0,100.0,0.0
7215,170691025,170691525,500,0,100.0,0.0
7216,170691525,170692025,500,0,100.0,0.0
7217,170692025,170692525,500,0,100.0,0.0
7218,170692525,170693025,500,0,100.0,0.0
7219,170693025,170693525,500,0,100.0,0.0
7220,170693525,170694025,500,0,100.0,0.0
7221,170694025,170694525,500,0,100.0,0.0
7222,170694525,170695025,500,0,100.0,0.0
7223,170695025,170695525,500,0,100.0,0.0
7224,170695525,170696025,500,0,100.0,0.0
7225,170696025,170696525,500,0,100.0,0.0
7226,170696525,170697025,500,0,100.0,0.0
7227,170697025,170697525,500,0,100.0,0.0
7228,170697525,170698025,500,0,100.0,0.0
7229,170698025,170698525,500,0,100.0,0.0
7230,170698525,170699025,500,0,100.0,0.0
7231,170699025,170699525,500,0,100.0,0.0
7232,170699525,170700025,500,0,100.0,0.0
7233,170700025,170700525,500,0,100.0,0.0
7234,170700525,170701025,500,0,100.0,0.0
7235,170701025,170701525,500,0,100.0,0.0
7236,170701525,170702025,500,0,100.0,0.0
7237,170702025,170702525,500,0,100.0,0.0
7238,170702525,170703025,500,0,100.0,0.0
7239,170703025,170703525,500,0,100.0,0.0
7240,170703525,170704025,500,0,100.0,0.0
7241,170704025,170704525,500,0,100.0,0.0
7242,170704525,170705025,500,0,100.0,0.0
7243,170705025,170705525,500,0,100.0,0.0
7244,170705525,170706025,500,0,100.0,0.0
7245,170706025,170706525,500,0,100.0,0.0
7246,170706525,170707025,500,0,100.0,0.0
7247,170707025,170707525,500,0,100.0,0.0
7248,170707525,170708025,170,330,34.0,66.0
7249,170708025,170708525,7,493,1.4000000000000001,98.6
7250,170708525,170709025,11,489,2.1999999999999997,97.8
7251,170709025,170709525,77,423,15.4,84.6
7252,170709525,170710025,4,496,0.8,99.2
7253,170710025,170710525,5,495,1.0,99.0
7254,170710525,170711025,115,385,23.0,77.0
7255,170711025,170711525,8,492,1.6,98.4
7256,170711525,170712025,236,264,47.199999999999996,52.800000000000004
7257,170712025,170712525,500,0,100.0,0.0
7258,170712525,170713025,500,0,100.0,0.0
7259,170713025,170713525,500,0,100.0,0.0
7260,170713525,170714025,500,0,100.0,0.0
7261,170714025,170714525,500,0,100.0,0.0
7262,170714525,170715025,500,0,100.0,0.0
7263,170715025,170715525,500,0,100.0,0.0
7264,170715525,170716025,500,0,100.0,0.0
7265,170716025,170716525,500,0,100.0,0.0
7266,170716525,170717025,500,0,100.0,0.0
7267,170717025,170717525,500,0,100.0,0.0
7268,170717525,170718025,500,0,100.0,0.0
7269,170718025,170718525,500,0,100.0,0.0
7270,170718525,170719025,500,0,100.0,0.0
7271,170719025,170719525,500,0,100.0,0.0
7272,170719525,170720025,500,0,100.0,0.0
7273,170720025,170720525,500,0,100.0,0.0
7274,170720525,170721025,500,0,100.0,0.0
7275,170721025,170721525,500,0,100.0,0.0
7276,170721525,170722025,500,0,100.0,0.0
7277,170722025,170722525,500,0,100.0,0.0
7278,170722525,170723025,500,0,100.0,0.0
7279,170723025,170723525,500,0,100.0,0.0
7280,170723525,170724025,500,0,100.0,0.0
7281,170724025,170724525,500,0,100.0,0.0
7282,170724525,170725025,500,0,100.0,0.0
7283,170725025,170725525,500,0,100.0,0.0
7284,170725525,170726025,500,0,100.0,0.0
7285,170726025,170726525,500,0,100.0,0.0
7286,170726525,170727025,500,0,100.0,0.0
7287,170727025,170727525,500,0,100.0,0.0
7288,170727525,170728025,500,0,100.0,0.0
7289,170728025,170728525,500,0,100.0,0.0
7290,170728525,170729025,500,0,100.0,0.0
7291,170729025,170729525,500,0,100.0,0.0
7292,170729525,170730025,500,0,100.0,0.0
7293,170730025,170730525,500,0,100.0,0.0
7294,170730525,170731025,500,0,100.0,0.0
7295,170731025,170731525,500,0,100.0,0.0
7296,170731525,170732025,500,0,100.0,0.0
7297,170732025,170732525,262,238,52.400000000000006,47.599999999999994
7298,170732525,170733025,6,494,1.2,98.8
7299,170733025,170733525,10,490,2.0,98.0
7300,170733525,170734025,10,490,2.0,98.0
7301,170734025,170734525,79,421,15.8,84.2
7302,170734525,170735025,57,443,11.4,88.6
7303,170735025,170735525,182,318,36.4,63.6
7304,170735525,170736025,500,0,100.0,0.0
7305,170736025,170736525,500,0,100.0,0.0
7306,170736525,170737025,500,0,100.0,0.0
7307,170737025,170737525,500,0,100.0,0.0
7308,170737525,170738025,500,0,100.0,0.0
7309,170738025,170738525,500,0,100.0,0.0
7310,170738525,170739025,500,0,100.0,0.0
7311,170739025,170739525,500,0,100.0,0.0
7312,170739525,170740025,500,0,100.0,0.0
7313,170740025,170740525,500,0,100.0,0.0
7314,170740525,170741025,500,0,100.0,0.0
7315,170741025,170741525,500,0,100.0,0.0
7316,170741525,170742025,500,0,100.0,0.0
7317,170742025,170742525,500,0,100.0,0.0
7318,170742525,170743025,500,0,100.0,0.0
7319,170743025,170743525,500,0,100.0,0.0
7320,170743525,170744025,500,0,100.0,0.0
7321,170744025,170744525,500,0,100.0,0.0
7322,170744525,170745025,500,0,100.0,0.0
7323,170745025,170745525,500,0,100.0,0.0
7324,170745525,170746025,500,0,100.0,0.0
7325,170746025,170746525,500,0,100.0,0.0
7326,170746525,170747025,500,0,100.0,0.0
7327,170747025,170747525,500,0,100.0,0.0
7328,170747525,170748025,500,0,100.0,0.0
7329,170748025,170748525,500,0,100.0,0.0
7330,170748525,170749025,500,0,100.0,0.0
7331,170749025,170749525,500,0,100.0,0.0
7332,170749525,170750025,500,0,100.0,0.0
7333,170750025,170750525,500,0,100.0,0.0
7334,170750525,170751025,500,0,100.0,0.0
7335,170751025,170751525,500,0,100.0,0.0
7336,170751525,170752025,500,0,100.0,0.0
7337,170752025,170752525,500,0,100.0,0.0
7338,170752525,170753025,500,0,100.0,0.0
7339,170753025,170753525,500,0,100.0,0.0
7340,170753525,170754025,500,0,100.0,0.0
7341,170754025,170754525,386,114,77.2,22.799999999999997
7342,170754525,170755025,7,493,1.4000000000000001,98.6
7343,170755025,170755525,8,492,1.6,98.4
7344,170755525,170756025,13,487,2.6,97.4
7345,170756025,170756525,69,431,13.8,86.2
7346,170756525,170757025,57,443,11.4,88.6
7347,170757025,170757525,48,452,9.6,90.4
7348,170757525,170758025,500,0,100.0,0.0
7349,170758025,170758525,500,0,100.0,0.0
7350,170758525,170759025,500,0,100.0,0.0
7351,170759025,170759525,500,0,100.0,0.0
7352,170759525,170760025,500,0,100.0,0.0
7353,170760025,170760525,500,0,100.0,0.0
7354,170760525,170761025,500,0,100.0,0.0
7355,170761025,170761525,500,0,100.0,0.0
7356,170761525,170762025,500,0,100.0,0.0
7357,170762025,170762525,500,0,100.0,0.0
7358,170762525,170763025,500,0,100.0,0.0
7359,170763025,170763525,500,0,100.0,0.0
7360,170763525,170764025,500,0,100.0,0.0
7361,170764025,170764525,500,0,100.0,0.0
7362,170764525,170765025,500,0,100.0,0.0
7363,170765025,170765525,500,0,100.0,0.0
7364,170765525,170766025,500,0,100.0,0.0
7365,170766025,170766525,500,0,100.0,0.0
7366,170766525,170767025,500,0,100.0,0.0
7367,170767025,170767525,500,0,100.0,0.0
7368,170767525,170768025,500,0,100.0,0.0
7369,170768025,170768525,500,0,100.0,0.0
7370,170768525,170769025,500,0,100.0,0.0
7371,170769025,170769525,500,0,100.0,0.0
7372,170769525,170770025,500,0,100.0,0.0
7373,170770025,170770525,500,0,100.0,0.0
7374,170770525,170771025,500,0,100.0,0.0
7375,170771025,170771525,500,0,100.0,0.0
7376,170771525,170772025,500,0,100.0,0.0
7377,170772025,170772525,500,0,100.0,0.0
7378,170772525,170773025,500,0,100.0,0.0
7379,170773025,170773525,500,0,100.0,0.0
7380,170773525,170774025,500,0,100.0,0.0
7381,170774025,170774525,500,0,100.0,0.0
7382,170774525,170775025,500,0,100.0,0.0
7383,170775025,170775525,500,0,100.0,0.0
7384,170775525,170776025,500,0,100.0,0.0
7385,170776025,170776525,500,0,100.0,0.0
7386,170776525,170777025,500,0,100.0,0.0
7387,170777025,170777525,500,0,100.0,0.0
7388,170777525,170778025,500,0,100.0,0.0
7389,170778025,170778525,62,438,12.4,87.6
7390,170778525,170779025,7,493,1.4000000000000001,98.6
7391,170779025,170779525,13,487,2.6,97.4
7392,170779525,170780025,18,482,3.5999999999999996,96.4
7393,170780025,170780525,84,416,16.8,83.2
7394,170780525,170781025,52,448,10.4,89.6
7395,170781025,170781525,140,360,28.000000000000004,72.0
7396,170781525,170782025,500,0,100.0,0.0
7397,170782025,170782525,500,0,100.0,0.0
7398,170782525,170783025,500,0,100.0,0.0
7399,170783025,170783525,500,0,100.0,0.0
7400,170783525,170784025,500,0,100.0,0.0
7401,170784025,170784525,500,0,100.0,0.0
7402,170784525,170785025,500,0,100.0,0.0
7403,170785025,170785525,500,0,100.0,0.0
7404,170785525,170786025,500,0,100.0,0.0
7405,170786025,170786525,500,0,100.0,0.0
7406,170786525,170787025,500,0,100.0,0.0
7407,170787025,170787525,500,0,100.0,0.0
7408,170787525,170788025,500,0,100.0,0.0
7409,170788025,170788525,500,0,100.0,0.0
7410,170788525,170789025,500,0,100.0,0.0
7411,170789025,170789525,500,0,100.0,0.0
7412,170789525,170790025,500,0,100.0,0.0
7413,170790025,170790525,500,0,100.0,0.0
7414,170790525,170791025,500,0,100.0,0.0
7415,170791025,170791525,500,0,100.0,0.0
7416,170791525,170792025,500,0,100.0,0.0
7417,170792025,170792525,500,0,100.0,0.0
7418,170792525,170793025,500,0,100.0,0.0
7419,170793025,170793525,500,0,100.0,0.0
7420,170793525,170794025,500,0,100.0,0.0
7421,170794025,170794525,500,0,100.0,0.0
7422,170794525,170795025,500,0,100.0,0.0
7423,170795025,170795525,500,0,100.0,0.0
7424,170795525,170796025,500,0,100.0,0.0
7425,170796025,170796525,500,0,100.0,0.0
7426,170796525,170797025,500,0,100.0,0.0
7427,170797025,170797525,500,0,100.0,0.0
7428,170797525,170798025,500,0,100.0,0.0
7429,170798025,170798525,500,0,100.0,0.0
7430,170798525,170799025,500,0,100.0,0.0
7431,170799025,170799525,500,0,100.0,0.0
7432,170799525,170800025,500,0,100.0,0.0
7433,170800025,170800525,408,92,81.6,18.400000000000006
7434,170800525,170801025,10,490,2.0,98.0
7435,170801025,170801525,7,493,1.4000000000000001,98.6
7436,170801525,170802025,14,486,2.8000000000000003,97.2
7437,170802025,170802525,3,497,0.6,99.4
7438,170802525,170803025,112,388,22.400000000000002,77.6
7439,170803025,170803525,7,493,1.4000000000000001,98.6
7440,170803525,170804025,57,443,11.4,88.6
7441,170804025,170804525,278,222,55.60000000000001,44.39999999999999
7442,170804525,170805025,500,0,100.0,0.0
7443,170805025,170805525,500,0,100.0,0.0
7444,170805525,170806025,500,0,100.0,0.0
7445,170806025,170806525,500,0,100.0,0.0
7446,170806525,170807025,500,0,100.0,0.0
7447,170807025,170807525,500,0,100.0,0.0
7448,170807525,170808025,500,0,100.0,0.0
7449,170808025,170808525,500,0,100.0,0.0
7450,170808525,170809025,500,0,100.0,0.0
7451,170809025,170809525,500,0,100.0,0.0
7452,170809525,170810025,500,0,100.0,0.0
7453,170810025,170810525,500,0,100.0,0.0
7454,170810525,170811025,500,0,100.0,0.0
7455,170811025,170811525,500,0,100.0,0.0
7456,170811525,170812025,500,0,100.0,0.0
7457,170812025,170812525,500,0,100.0,0.0
7458,170812525,170813025,500,0,100.0,0.0
7459,170813025,170813525,500,0,100.0,0.0
7460,170813525,170814025,500,0,100.0,0.0
7461,170814025,170814525,500,0,100.0,0.0
7462,170814525,170815025,500,0,100.0,0.0
7463,170815025,170815525,500,0,100.0,0.0
7464,170815525,170816025,500,0,100.0,0.0
7465,170816025,170816525,500,0,100.0,0.0
7466,170816525,170817025,500,0,100.0,0.0
7467,170817025,170817525,500,0,100.0,0.0
7468,170817525,170818025,500,0,100.0,0.0
7469,170818025,170818525,500,0,100.0,0.0
7470,170818525,170819025,500,0,100.0,0.0
7471,170819025,170819525,500,0,100.0,0.0
7472,170819525,170820025,500,0,100.0,0.0
7473,170820025,170820525,500,0,100.0,0.0
7474,170820525,170821025,500,0,100.0,0.0
7475,170821025,170821525,500,0,100.0,0.0
7476,170821525,170822025,500,0,100.0,0.0
7477,170822025,170822525,500,0,100.0,0.0
7478,170822525,170823025,500,0,100.0,0.0
7479,170823025,170823525,500,0,100.0,0.0
7480,170823525,170824025,462,38,92.4,7.599999999999994
7481,170824025,170824525,14,486,2.8000000000000003,97.2
7482,170824525,170825025,6,494,1.2,98.8
7483,170825025,170825525,16,484,3.2,96.8
7484,170825525,170826025,86,414,17.2,82.8
7485,170826025,170826525,7,493,1.4000000000000001,98.6
7486,170826525,170827025,64,436,12.8,87.2
7487,170827025,170827525,5,495,1.0,99.0
7488,170827525,170828025,404,96,80.80000000000001,19.19999999999999
7489,170828025,170828525,500,0,100.0,0.0
7490,170828525,170829025,500,0,100.0,0.0
7491,170829025,170829525,500,0,100.0,0.0
7492,170829525,170830025,500,0,100.0,0.0
7493,170830025,170830525,500,0,100.0,0.0
7494,170830525,170831025,500,0,100.0,0.0
7495,170831025,170831525,500,0,100.0,0.0
7496,170831525,170832025,500,0,100.0,0.0
7497,170832025,170832525,500,0,100.0,0.0
7498,170832525,170833025,500,0,100.0,0.0
7499,170833025,170833525,500,0,100.0,0.0
7500,170833525,170834025,500,0,100.0,0.0
7501,170834025,170834525,500,0,100.0,0.0
7502,170834525,170835025,500,0,100.0,0.0
7503,170835025,170835525,500,0,100.0,0.0
7504,170835525,170836025,500,0,100.0,0.0
7505,170836025,170836525,500,0,100.0,0.0
7506,170836525,170837025,500,0,100.0,0.0
7507,170837025,170837525,500,0,100.0,0.0
7508,170837525,170838025,500,0,100.0,0.0
7509,170838025,170838525,500,0,100.0,0.0
7510,170838525,170839025,500,0,100.0,0.0
7511,170839025,170839525,500,0,100.0,0.0
7512,170839525,170840025,500,0,100.0,0.0
7513,170840025,170840525,500,0,100.0,0.0
7514,170840525,170841025,500,0,100.0,0.0
7515,170841025,170841525,500,0,100.0,0.0
7516,170841525,170842025,500,0,100.0,0.0
7517,170842025,170842525,500,0,100.0,0.0
7518,170842525,170843025,500,0,100.0,0.0
7519,170843025,170843525,500,0,100.0,0.0
7520,170843525,170844025,500,0,100.0,0.0
7521,170844025,170844525,500,0,100.0,0.0
7522,170844525,170845025,500,0,100.0,0.0
7523,170845025,170845525,500,0,100.0,0.0
7524,170845525,170846025,500,0,100.0,0.0
7525,170846025,170846525,500,0,100.0,0.0
7526,170846525,170847025,500,0,100.0,0.0
7527,170847025,170847525,500,0,100.0,0.0
7528,170847525,170848025,500,0,100.0,0.0
7529,170848025,170848525,500,0,100.0,0.0
7530,170848525,170849025,500,0,100.0,0.0
7531,170849025,170849525,500,0,100.0,0.0
7532,170849525,170850025,500,0,100.0,0.0
7533,170850025,170850525,500,0,100.0,0.0
7534,170850525,170851025,500,0,100.0,0.0
7535,170851025,170851525,500,0,100.0,0.0
7536,170851525,170852025,500,0,100.0,0.0
7537,170852025,170852525,500,0,100.0,0.0
7538,170852525,170853025,500,0,100.0,0.0
7539,170853025,170853525,500,0,100.0,0.0
7540,170853525,170854025,500,0,100.0,0.0
7541,170854025,170854525,500,0,100.0,0.0
7542,170854525,170855025,500,0,100.0,0.0
7543,170855025,170855525,452,48,90.4,9.599999999999994
7544,170855525,170856025,14,486,2.8000000000000003,97.2
7545,170856025,170856525,6,494,1.2,98.8
7546,170856525,170857025,6,494,1.2,98.8
7547,170857025,170857525,21,479,4.2,95.8
7548,170857525,170858025,93,407,18.6,81.4
7549,170858025,170858525,9,491,1.7999999999999998,98.2
7550,170858525,170859025,58,442,11.600000000000001,88.4
7551,170859025,170859525,33,467,6.6000000000000005,93.4
7552,170859525,170860025,74,426,14.799999999999999,85.2
7553,170860025,170860525,500,0,100.0,0.0
7554,170860525,170861025,500,0,100.0,0.0
7555,170861025,170861525,500,0,100.0,0.0
7556,170861525,170862025,500,0,100.0,0.0
7557,170862025,170862525,500,0,100.0,0.0
7558,170862525,170863025,500,0,100.0,0.0
7559,170863025,170863525,500,0,100.0,0.0
7560,170863525,170864025,500,0,100.0,0.0
7561,170864025,170864525,500,0,100.0,0.0
7562,170864525,170865025,500,0,100.0,0.0
7563,170865025,170865525,500,0,100.0,0.0
7564,170865525,170866025,500,0,100.0,0.0
7565,170866025,170866525,500,0,100.0,0.0
7566,170866525,170867025,500,0,100.0,0.0
7567,170867025,170867525,500,0,100.0,0.0
7568,170867525,170868025,500,0,100.0,0.0
7569,170868025,170868525,500,0,100.0,0.0
7570,170868525,170869025,500,0,100.0,0.0
7571,170869025,170869525,500,0,100.0,0.0
7572,170869525,170870025,500,0,100.0,0.0
7573,170870025,170870525,500,0,100.0,0.0
7574,170870525,170871025,500,0,100.0,0.0
7575,170871025,170871525,500,0,100.0,0.0
7576,170871525,170872025,500,0,100.0,0.0
7577,170872025,170872525,500,0,100.0,0.0
7578,170872525,170873025,500,0,100.0,0.0
7579,170873025,170873525,500,0,100.0,0.0
7580,170873525,170874025,500,0,100.0,0.0
7581,170874025,170874525,500,0,100.0,0.0
7582,170874525,170875025,500,0,100.0,0.0
7583,170875025,170875525,500,0,100.0,0.0
7584,170875525,170876025,500,0,100.0,0.0
7585,170876025,170876525,500,0,100.0,0.0
7586,170876525,170877025,500,0,100.0,0.0
7587,170877025,170877525,500,0,100.0,0.0
7588,170877525,170878025,500,0,100.0,0.0
7589,170878025,170878525,500,0,100.0,0.0
7590,170878525,170879025,500,0,100.0,0.0
7591,170879025,170879525,500,0,100.0,0.0
7592,170879525,170880025,471,29,94.19999999999999,5.800000000000011
7593,170880025,170880525,15,485,3.0,97.0
7594,170880525,170881025,6,494,1.2,98.8
7595,170881025,170881525,19,481,3.8,96.2
7596,170881525,170882025,71,429,14.2,85.8
7597,170882025,170882525,77,423,15.4,84.6
7598,170882525,170883025,6,494,1.2,98.8
7599,170883025,170883525,416,84,83.2,16.799999999999997
7600,170883525,170884025,500,0,100.0,0.0
7601,170884025,170884525,500,0,100.0,0.0
7602,170884525,170885025,500,0,100.0,0.0
7603,170885025,170885525,500,0,100.0,0.0
7604,170885525,170886025,500,0,100.0,0.0
7605,170886025,170886525,500,0,100.0,0.0
7606,170886525,170887025,500,0,100.0,0.0
7607,170887025,170887525,500,0,100.0,0.0
7608,170887525,170888025,500,0,100.0,0.0
7609,170888025,170888525,500,0,100.0,0.0
7610,170888525,170889025,500,0,100.0,0.0
7611,170889025,170889525,500,0,100.0,0.0
7612,170889525,170890025,500,0,100.0,0.0
7613,170890025,170890525,500,0,100.0,0.0
7614,170890525,170891025,500,0,100.0,0.0
7615,170891025,170891525,500,0,100.0,0.0
7616,170891525,170892025,500,0,100.0,0.0
7617,170892025,170892525,500,0,100.0,0.0
7618,170892525,170893025,500,0,100.0,0.0
7619,170893025,170893525,500,0,100.0,0.0
7620,170893525,170894025,500,0,100.0,0.0
7621,170894025,170894525,500,0,100.0,0.0
7622,170894525,170895025,500,0,100.0,0.0
7623,170895025,170895525,500,0,100.0,0.0
7624,170895525,170896025,500,0,100.0,0.0
7625,170896025,170896525,500,0,100.0,0.0
7626,170896525,170897025,500,0,100.0,0.0
7627,170897025,170897525,500,0,100.0,0.0
7628,170897525,170898025,500,0,100.0,0.0
7629,170898025,170898525,500,0,100.0,0.0
7630,170898525,170899025,500,0,100.0,0.0
7631,170899025,170899525,500,0,100.0,0.0
7632,170899525,170900025,500,0,100.0,0.0
7633,170900025,170900525,500,0,100.0,0.0
7634,170900525,170901025,500,0,100.0,0.0
7635,170901025,170901525,86,414,17.2,82.8
7636,170901525,170902025,6,494,1.2,98.8
7637,170902025,170902525,14,486,2.8000000000000003,97.2
7638,170902525,170903025,94,406,18.8,81.2
7639,170903025,170903525,53,447,10.6,89.4
7640,170903525,170904025,5,495,1.0,99.0
7641,170904025,170904525,365,135,73.0,27.0
7642,170904525,170905025,500,0,100.0,0.0
7643,170905025,170905525,500,0,100.0,0.0
7644,170905525,170906025,500,0,100.0,0.0
7645,170906025,170906525,500,0,100.0,0.0
7646,170906525,170907025,500,0,100.0,0.0
7647,170907025,170907525,500,0,100.0,0.0
7648,170907525,170908025,500,0,100.0,0.0
7649,170908025,170908525,500,0,100.0,0.0
7650,170908525,170909025,500,0,100.0,0.0
7651,170909025,170909525,500,0,100.0,0.0
7652,170909525,170910025,500,0,100.0,0.0
7653,170910025,170910525,500,0,100.0,0.0
7654,170910525,170911025,500,0,100.0,0.0
7655,170911025,170911525,500,0,100.0,0.0
7656,170911525,170912025,500,0,100.0,0.0
7657,170912025,170912525,500,0,100.0,0.0
7658,170912525,170913025,500,0,100.0,0.0
7659,170913025,170913525,500,0,100.0,0.0
7660,170913525,170914025,500,0,100.0,0.0
7661,170914025,170914525,500,0,100.0,0.0
7662,170914525,170915025,500,0,100.0,0.0
7663,170915025,170915525,500,0,100.0,0.0
7664,170915525,170916025,500,0,100.0,0.0
7665,170916025,170916525,500,0,100.0,0.0
7666,170916525,170917025,500,0,100.0,0.0
7667,170917025,170917525,500,0,100.0,0.0
7668,170917525,170918025,500,0,100.0,0.0
7669,170918025,170918525,500,0,100.0,0.0
7670,170918525,170919025,500,0,100.0,0.0
7671,170919025,170919525,500,0,100.0,0.0
7672,170919525,170920025,500,0,100.0,0.0
7673,170920025,170920525,500,0,100.0,0.0
7674,170920525,170921025,500,0,100.0,0.0
7675,170921025,170921525,500,0,100.0,0.0
7676,170921525,170922025,423,77,84.6,15.400000000000006
7677,170922025,170922525,15,485,3.0,97.0
7678,170922525,170923025,6,494,1.2,98.8
7679,170923025,170923525,13,487,2.6,97.4
7680,170923525,170924025,57,443,11.4,88.6
7681,170924025,170924525,66,434,13.200000000000001,86.8
7682,170924525,170925025,67,433,13.4,86.6
7683,170925025,170925525,500,0,100.0,0.0
7684,170925525,170926025,500,0,100.0,0.0
7685,170926025,170926525,500,0,100.0,0.0
7686,170926525,170927025,500,0,100.0,0.0
7687,170927025,170927525,500,0,100.0,0.0
7688,170927525,170928025,500,0,100.0,0.0
7689,170928025,170928525,500,0,100.0,0.0
7690,170928525,170929025,500,0,100.0,0.0
7691,170929025,170929525,500,0,100.0,0.0
7692,170929525,170930025,500,0,100.0,0.0
7693,170930025,170930525,500,0,100.0,0.0
7694,170930525,170931025,500,0,100.0,0.0
7695,170931025,170931525,500,0,100.0,0.0
7696,170931525,170932025,500,0,100.0,0.0
7697,170932025,170932525,500,0,100.0,0.0
7698,170932525,170933025,500,0,100.0,0.0
7699,170933025,170933525,500,0,100.0,0.0
7700,170933525,170934025,500,0,100.0,0.0
7701,170934025,170934525,500,0,100.0,0.0
7702,170934525,170935025,500,0,100.0,0.0
7703,170935025,170935525,500,0,100.0,0.0
7704,170935525,170936025,500,0,100.0,0.0
7705,170936025,170936525,500,0,100.0,0.0
7706,170936525,170937025,500,0,100.0,0.0
7707,170937025,170937525,500,0,100.0,0.0
7708,170937525,170938025,500,0,100.0,0.0
7709,170938025,170938525,500,0,100.0,0.0
7710,170938525,170939025,500,0,100.0,0.0
7711,170939025,170939525,500,0,100.0,0.0
7712,170939525,170940025,500,0,100.0,0.0
7713,170940025,170940525,500,0,100.0,0.0
7714,170940525,170941025,500,0,100.0,0.0
7715,170941025,170941525,500,0,100.0,0.0
7716,170941525,170942025,500,0,100.0,0.0
7717,170942025,170942525,500,0,100.0,0.0
7718,170942525,170943025,500,0,100.0,0.0
7719,170943025,170943525,500,0,100.0,0.0
7720,170943525,170944025,500,0,100.0,0.0
7721,170944025,170944525,372,128,74.4,25.599999999999994
7722,170944525,170945025,7,493,1.4000000000000001,98.6
7723,170945025,170945525,10,490,2.0,98.0
7724,170945525,170946025,11,489,2.1999999999999997,97.8
7725,170946025,170946525,58,442,11.600000000000001,88.4
7726,170946525,170947025,64,436,12.8,87.2
7727,170947025,170947525,94,406,18.8,81.2
7728,170947525,170948025,500,0,100.0,0.0
7729,170948025,170948525,500,0,100.0,0.0
7730,170948525,170949025,500,0,100.0,0.0
7731,170949025,170949525,500,0,100.0,0.0
7732,170949525,170950025,500,0,100.0,0.0
7733,170950025,170950525,500,0,100.0,0.0
7734,170950525,170951025,500,0,100.0,0.0
7735,170951025,170951525,500,0,100.0,0.0
7736,170951525,170952025,500,0,100.0,0.0
7737,170952025,170952525,500,0,100.0,0.0
7738,170952525,170953025,500,0,100.0,0.0
7739,170953025,170953525,500,0,100.0,0.0
7740,170953525,170954025,500,0,100.0,0.0
7741,170954025,170954525,500,0,100.0,0.0
7742,170954525,170955025,500,0,100.0,0.0
7743,170955025,170955525,500,0,100.0,0.0
7744,170955525,170956025,500,0,100.0,0.0
7745,170956025,170956525,500,0,100.0,0.0
7746,170956525,170957025,500,0,100.0,0.0
7747,170957025,170957525,500,0,100.0,0.0
7748,170957525,170958025,500,0,100.0,0.0
7749,170958025,170958525,500,0,100.0,0.0
7750,170958525,170959025,500,0,100.0,0.0
7751,170959025,170959525,500,0,100.0,0.0
7752,170959525,170960025,500,0,100.0,0.0
7753,170960025,170960525,500,0,100.0,0.0
7754,170960525,170961025,500,0,100.0,0.0
7755,170961025,170961525,500,0,100.0,0.0
7756,170961525,170962025,500,0,100.0,0.0
7757,170962025,170962525,500,0,100.0,0.0
7758,170962525,170963025,500,0,100.0,0.0
7759,170963025,170963525,500,0,100.0,0.0
7760,170963525,170964025,500,0,100.0,0.0
7761,170964025,170964525,500,0,100.0,0.0
7762,170964525,170965025,500,0,100.0,0.0
7763,170965025,170965525,500,0,100.0,0.0
7764,170965525,170966025,500,0,100.0,0.0
7765,170966025,170966525,500,0,100.0,0.0
7766,170966525,170967025,500,0,100.0,0.0
7767,170967025,170967525,500,0,100.0,0.0
7768,170967525,170968025,500,0,100.0,0.0
7769,170968025,170968525,500,0,100.0,0.0
7770,170968525,170969025,500,0,100.0,0.0
7771,170969025,170969525,500,0,100.0,0.0
7772,170969525,170970025,500,0,100.0,0.0
7773,170970025,170970525,500,0,100.0,0.0
7774,170970525,170971025,500,0,100.0,0.0
7775,170971025,170971525,500,0,100.0,0.0
7776,170971525,170972025,500,0,100.0,0.0
7777,170972025,170972525,500,0,100.0,0.0
7778,170972525,170973025,500,0,100.0,0.0
7779,170973025,170973525,500,0,100.0,0.0
7780,170973525,170974025,500,0,100.0,0.0
7781,170974025,170974525,46,454,9.2,90.8
7782,170974525,170975025,6,494,1.2,98.8
7783,170975025,170975525,16,484,3.2,96.8
7784,170975525,170976025,92,408,18.4,81.6
7785,170976025,170976525,62,438,12.4,87.6
7786,170976525,170977025,6,494,1.2,98.8
7787,170977025,170977525,366,134,73.2,26.799999999999997
7788,170977525,170978025,500,0,100.0,0.0
7789,170978025,170978525,500,0,100.0,0.0
7790,170978525,170979025,500,0,100.0,0.0
7791,170979025,170979525,500,0,100.0,0.0
7792,170979525,170980025,500,0,100.0,0.0
7793,170980025,170980525,500,0,100.0,0.0
7794,170980525,170981025,500,0,100.0,0.0
7795,170981025,170981525,500,0,100.0,0.0
7796,170981525,170982025,500,0,100.0,0.0
7797,170982025,170982525,500,0,100.0,0.0
7798,170982525,170983025,500,0,100.0,0.0
7799,170983025,170983525,500,0,100.0,0.0
7800,170983525,170984025,500,0,100.0,0.0
7801,170984025,170984525,500,0,100.0,0.0
7802,170984525,170985025,500,0,100.0,0.0
7803,170985025,170985525,500,0,100.0,0.0
7804,170985525,170986025,500,0,100.0,0.0
7805,170986025,170986525,500,0,100.0,0.0
7806,170986525,170987025,500,0,100.0,0.0
7807,170987025,170987525,500,0,100.0,0.0
7808,170987525,170988025,500,0,100.0,0.0
7809,170988025,170988525,500,0,100.0,0.0
7810,170988525,170989025,500,0,100.0,0.0
7811,170989025,170989525,500,0,100.0,0.0
7812,170989525,170990025,500,0,100.0,0.0
7813,170990025,170990525,500,0,100.0,0.0
7814,170990525,170991025,500,0,100.0,0.0
7815,170991025,170991525,500,0,100.0,0.0
7816,170991525,170992025,500,0,100.0,0.0
7817,170992025,170992525,500,0,100.0,0.0
7818,170992525,170993025,500,0,100.0,0.0
7819,170993025,170993525,500,0,100.0,0.0
7820,170993525,170994025,500,0,100.0,0.0
7821,170994025,170994525,500,0,100.0,0.0
7822,170994525,170995025,500,0,100.0,0.0
7823,170995025,170995525,500,0,100.0,0.0
7824,170995525,170996025,500,0,100.0,0.0
7825,170996025,170996525,500,0,100.0,0.0
7826,170996525,170997025,500,0,100.0,0.0
7827,170997025,170997525,500,0,100.0,0.0
7828,170997525,170998025,500,0,100.0,0.0
7829,170998025,170998525,274,226,54.800000000000004,45.199999999999996
7830,170998525,170999025,7,493,1.4000000000000001,98.6
7831,170999025,170999525,10,490,2.0,98.0
7832,170999525,171000025,9,491,1.7999999999999998,98.2
7833,171000025,171000525,52,448,10.4,89.6
7834,171000525,171001025,60,440,12.0,88.0
7835,171001025,171001525,144,356,28.799999999999997,71.2
7836,171001525,171002025,500,0,100.0,0.0
7837,171002025,171002525,500,0,100.0,0.0
7838,171002525,171003025,500,0,100.0,0.0
7839,171003025,171003525,500,0,100.0,0.0
7840,171003525,171004025,500,0,100.0,0.0
7841,171004025,171004525,500,0,100.0,0.0
7842,171004525,171005025,500,0,100.0,0.0
7843,171005025,171005525,500,0,100.0,0.0
7844,171005525,171006025,500,0,100.0,0.0
7845,171006025,171006525,500,0,100.0,0.0
7846,171006525,171007025,500,0,100.0,0.0
7847,171007025,171007525,500,0,100.0,0.0
7848,171007525,171008025,500,0,100.0,0.0
7849,171008025,171008525,500,0,100.0,0.0
7850,171008525,171009025,500,0,100.0,0.0
7851,171009025,171009525,500,0,100.0,0.0
7852,171009525,171010025,500,0,100.0,0.0
7853,171010025,171010525,500,0,100.0,0.0
7854,171010525,171011025,500,0,100.0,0.0
7855,171011025,171011525,500,0,100.0,0.0
7856,171011525,171012025,500,0,100.0,0.0
7857,171012025,171012525,500,0,100.0,0.0
7858,171012525,171013025,500,0,100.0,0.0
7859,171013025,171013525,500,0,100.0,0.0
7860,171013525,171014025,500,0,100.0,0.0
7861,171014025,171014525,500,0,100.0,0.0
7862,171014525,171015025,500,0,100.0,0.0
7863,171015025,171015525,500,0,100.0,0.0
7864,171015525,171016025,500,0,100.0,0.0
7865,171016025,171016525,500,0,100.0,0.0
7866,171016525,171017025,500,0,100.0,0.0
7867,171017025,171017525,500,0,100.0,0.0
7868,171017525,171018025,500,0,100.0,0.0
7869,171018025,171018525,500,0,100.0,0.0
7870,171018525,171019025,500,0,100.0,0.0
7871,171019025,171019525,439,61,87.8,12.200000000000003
7872,171019525,171020025,13,487,2.6,97.4
7873,171020025,171020525,8,492,1.6,98.4
7874,171020525,171021025,12,488,2.4,97.6
7875,171021025,171021525,52,448,10.4,89.6
7876,171021525,171022025,6,494,1.2,98.8
7877,171022025,171022525,63,437,12.6,87.4
7878,171022525,171023025,206,294,41.199999999999996,58.800000000000004
7879,171023025,171023525,500,0,100.0,0.0
7880,171023525,171024025,500,0,100.0,0.0
7881,171024025,171024525,500,0,100.0,0.0
7882,171024525,171025025,500,0,100.0,0.0
7883,171025025,171025525,500,0,100.0,0.0
7884,171025525,171026025,500,0,100.0,0.0
7885,171026025,171026525,500,0,100.0,0.0
7886,171026525,171027025,500,0,100.0,0.0
7887,171027025,171027525,500,0,100.0,0.0
7888,171027525,171028025,500,0,100.0,0.0
7889,171028025,171028525,500,0,100.0,0.0
7890,171028525,171029025,500,0,100.0,0.0
7891,171029025,171029525,500,0,100.0,0.0
7892,171029525,171030025,500,0,100.0,0.0
7893,171030025,171030525,500,0,100.0,0.0
7894,171030525,171031025,500,0,100.0,0.0
7895,171031025,171031525,500,0,100.0,0.0
7896,171031525,171032025,500,0,100.0,0.0
7897,171032025,171032525,500,0,100.0,0.0
7898,171032525,171033025,500,0,100.0,0.0
7899,171033025,171033525,500,0,100.0,0.0
7900,171033525,171034025,500,0,100.0,0.0
7901,171034025,171034525,500,0,100.0,0.0
7902,171034525,171035025,500,0,100.0,0.0
7903,171035025,171035525,500,0,100.0,0.0
7904,171035525,171036025,500,0,100.0,0.0
7905,171036025,171036525,500,0,100.0,0.0
7906,171036525,171037025,500,0,100.0,0.0
7907,171037025,171037525,500,0,100.0,0.0
7908,171037525,171038025,500,0,100.0,0.0
7909,171038025,171038525,500,0,100.0,0.0
7910,171038525,171039025,500,0,100.0,0.0
7911,171039025,171039525,500,0,100.0,0.0
7912,171039525,171040025,500,0,100.0,0.0
7913,171040025,171040525,500,0,100.0,0.0
7914,171040525,171041025,500,0,100.0,0.0
7915,171041025,171041525,500,0,100.0,0.0
7916,171041525,171042025,500,0,100.0,0.0
7917,171042025,171042525,500,0,100.0,0.0
7918,171042525,171043025,500,0,100.0,0.0
7919,171043025,171043525,500,0,100.0,0.0
7920,171043525,171044025,500,0,100.0,0.0
7921,171044025,171044525,500,0,100.0,0.0
7922,171044525,171045025,500,0,100.0,0.0
7923,171045025,171045525,500,0,100.0,0.0
7924,171045525,171046025,500,0,100.0,0.0
7925,171046025,171046525,500,0,100.0,0.0
7926,171046525,171047025,500,0,100.0,0.0
7927,171047025,171047525,500,0,100.0,0.0
7928,171047525,171048025,500,0,100.0,0.0
7929,171048025,171048525,500,0,100.0,0.0
7930,171048525,171049025,500,0,100.0,0.0
7931,171049025,171049525,500,0,100.0,0.0
7932,171049525,171050025,500,0,100.0,0.0
7933,171050025,171050525,500,0,100.0,0.0
7934,171050525,171051025,500,0,100.0,0.0
7935,171051025,171051525,500,0,100.0,0.0
7936,171051525,171052025,500,0,100.0,0.0
7937,171052025,171052525,500,0,100.0,0.0
7938,171052525,171053025,500,0,100.0,0.0
7939,171053025,171053525,500,0,100.0,0.0
7940,171053525,171054025,500,0,100.0,0.0
7941,171054025,171054525,500,0,100.0,0.0
7942,171054525,171055025,500,0,100.0,0.0
7943,171055025,171055525,500,0,100.0,0.0
7944,171055525,171056025,500,0,100.0,0.0
7945,171056025,171056525,500,0,100.0,0.0
7946,171056525,171057025,500,0,100.0,0.0
7947,171057025,171057525,500,0,100.0,0.0
7948,171057525,171058025,500,0,100.0,0.0
7949,171058025,171058525,500,0,100.0,0.0
7950,171058525,171059025,500,0,100.0,0.0
7951,171059025,171059525,500,0,100.0,0.0
7952,171059525,171060025,500,0,100.0,0.0
7953,171060025,171060525,500,0,100.0,0.0
7954,171060525,171061025,500,0,100.0,0.0
7955,171061025,171061525,500,0,100.0,0.0
7956,171061525,171062025,500,0,100.0,0.0
7957,171062025,171062525,500,0,100.0,0.0
7958,171062525,171063025,500,0,100.0,0.0
7959,171063025,171063525,500,0,100.0,0.0
7960,171063525,171064025,500,0,100.0,0.0
7961,171064025,171064525,500,0,100.0,0.0
7962,171064525,171065025,500,0,100.0,0.0
7963,171065025,171065525,500,0,100.0,0.0
7964,171065525,171066025,500,0,100.0,0.0
7965,171066025,171066525,500,0,100.0,0.0
7966,171066525,171067025,500,0,100.0,0.0
7967,171067025,171067525,500,0,100.0,0.0
7968,171067525,171068025,500,0,100.0,0.0
7969,171068025,171068525,500,0,100.0,0.0
7970,171068525,171069025,500,0,100.0,0.0
7971,171069025,171069525,500,0,100.0,0.0
7972,171069525,171070025,500,0,100.0,0.0
7973,171070025,171070525,500,0,100.0,0.0
7974,171070525,171071025,500,0,100.0,0.0
7975,171071025,171071525,500,0,100.0,0.0
7976,171071525,171072025,500,0,100.0,0.0
7977,171072025,171072525,500,0,100.0,0.0
7978,171072525,171073025,500,0,100.0,0.0
7979,171073025,171073525,500,0,100.0,0.0
7980,171073525,171074025,500,0,100.0,0.0
7981,171074025,171074525,500,0,100.0,0.0
7982,171074525,171075025,500,0,100.0,0.0
7983,171075025,171075525,500,0,100.0,0.0
7984,171075525,171076025,500,0,100.0,0.0
7985,171076025,171076525,500,0,100.0,0.0
7986,171076525,171077025,500,0,100.0,0.0
7987,171077025,171077525,500,0,100.0,0.0
7988,171077525,171078025,500,0,100.0,0.0
7989,171078025,171078525,500,0,100.0,0.0
7990,171078525,171079025,500,0,100.0,0.0
7991,171079025,171079525,500,0,100.0,0.0
7992,171079525,171080025,500,0,100.0,0.0
7993,171080025,171080525,500,0,100.0,0.0
7994,171080525,171081025,500,0,100.0,0.0
7995,171081025,171081525,500,0,100.0,0.0
7996,171081525,171082025,500,0,100.0,0.0
7997,171082025,171082525,500,0,100.0,0.0
7998,171082525,171083025,500,0,100.0,0.0
7999,171083025,171083525,500,0,100.0,0.0
8000,171083525,171084025,500,0,100.0,0.0
8001,171084025,171084525,500,0,100.0,0.0
8002,171084525,171085025,500,0,100.0,0.0
8003,171085025,171085525,500,0,100.0,0.0
8004,171085525,171086025,500,0,100.0,0.0
8005,171086025,171086525,500,0,100.0,0.0
8006,171086525,171087025,500,0,100.0,0.0
8007,171087025,171087525,500,0,100.0,0.0
8008,171087525,171088025,500,0,100.0,0.0
8009,171088025,171088525,500,0,100.0,0.0
8010,171088525,171089025,500,0,100.0,0.0
8011,171089025,171089525,500,0,100.0,0.0
8012,171089525,171090025,500,0,100.0,0.0
8013,171090025,171090525,500,0,100.0,0.0
8014,171090525,171091025,500,0,100.0,0.0
8015,171091025,171091525,500,0,100.0,0.0
8016,171091525,171092025,500,0,100.0,0.0
8017,171092025,171092525,500,0,100.0,0.0
8018,171092525,171093025,500,0,100.0,0.0
8019,171093025,171093525,500,0,100.0,0.0
8020,171093525,171094025,500,0,100.0,0.0
8021,171094025,171094525,500,0,100.0,0.0
8022,171094525,171095025,322,178,64.4,35.599999999999994
8023,171095025,171095525,8,492,1.6,98.4
8024,171095525,171096025,11,489,2.1999999999999997,97.8
8025,171096025,171096525,46,454,9.2,90.8
8026,171096525,171097025,37,463,7.3999999999999995,92.6
8027,171097025,171097525,52,448,10.4,89.6
8028,171097525,171098025,106,394,21.2,78.8
8029,171098025,171098525,500,0,100.0,0.0
8030,171098525,171099025,500,0,100.0,0.0
8031,171099025,171099525,500,0,100.0,0.0
8032,171099525,171100025,500,0,100.0,0.0
8033,171100025,171100525,500,0,100.0,0.0
8034,171100525,171101025,500,0,100.0,0.0
8035,171101025,171101525,500,0,100.0,0.0
8036,171101525,171102025,500,0,100.0,0.0
8037,171102025,171102525,500,0,100.0,0.0
8038,171102525,171103025,500,0,100.0,0.0
8039,171103025,171103525,500,0,100.0,0.0
8040,171103525,171104025,500,0,100.0,0.0
8041,171104025,171104525,500,0,100.0,0.0
8042,171104525,171105025,500,0,100.0,0.0
8043,171105025,171105525,500,0,100.0,0.0
8044,171105525,171106025,500,0,100.0,0.0
8045,171106025,171106525,500,0,100.0,0.0
8046,171106525,171107025,500,0,100.0,0.0
8047,171107025,171107525,500,0,100.0,0.0
8048,171107525,171108025,500,0,100.0,0.0
8049,171108025,171108525,500,0,100.0,0.0
8050,171108525,171109025,500,0,100.0,0.0
8051,171109025,171109525,500,0,100.0,0.0
8052,171109525,171110025,500,0,100.0,0.0
8053,171110025,171110525,500,0,100.0,0.0
8054,171110525,171111025,500,0,100.0,0.0
8055,171111025,171111525,500,0,100.0,0.0
8056,171111525,171112025,500,0,100.0,0.0
8057,171112025,171112525,500,0,100.0,0.0
8058,171112525,171113025,500,0,100.0,0.0
8059,171113025,171113525,500,0,100.0,0.0
8060,171113525,171114025,500,0,100.0,0.0
8061,171114025,171114525,500,0,100.0,0.0
8062,171114525,171115025,500,0,100.0,0.0
8063,171115025,171115525,500,0,100.0,0.0
8064,171115525,171116025,286,214,57.199999999999996,42.800000000000004
8065,171116025,171116525,7,493,1.4000000000000001,98.6
8066,171116525,171117025,10,490,2.0,98.0
8067,171117025,171117525,48,452,9.6,90.4
8068,171117525,171118025,6,494,1.2,98.8
8069,171118025,171118525,41,459,8.200000000000001,91.8
8070,171118525,171119025,266,234,53.2,46.8
8071,171119025,171119525,500,0,100.0,0.0
8072,171119525,171120025,500,0,100.0,0.0
8073,171120025,171120525,500,0,100.0,0.0
8074,171120525,171121025,500,0,100.0,0.0
8075,171121025,171121525,500,0,100.0,0.0
8076,171121525,171122025,500,0,100.0,0.0
8077,171122025,171122525,500,0,100.0,0.0
8078,171122525,171123025,500,0,100.0,0.0
8079,171123025,171123525,500,0,100.0,0.0
8080,171123525,171124025,500,0,100.0,0.0
8081,171124025,171124525,500,0,100.0,0.0
8082,171124525,171125025,500,0,100.0,0.0
8083,171125025,171125525,500,0,100.0,0.0
8084,171125525,171126025,500,0,100.0,0.0
8085,171126025,171126525,500,0,100.0,0.0
8086,171126525,171127025,500,0,100.0,0.0
8087,171127025,171127525,500,0,100.0,0.0
8088,171127525,171128025,500,0,100.0,0.0
8089,171128025,171128525,500,0,100.0,0.0
8090,171128525,171129025,500,0,100.0,0.0
8091,171129025,171129525,500,0,100.0,0.0
8092,171129525,171130025,500,0,100.0,0.0
8093,171130025,171130525,500,0,100.0,0.0
8094,171130525,171131025,500,0,100.0,0.0
8095,171131025,171131525,500,0,100.0,0.0
8096,171131525,171132025,500,0,100.0,0.0
8097,171132025,171132525,500,0,100.0,0.0
8098,171132525,171133025,500,0,100.0,0.0
8099,171133025,171133525,500,0,100.0,0.0
8100,171133525,171134025,500,0,100.0,0.0
8101,171134025,171134525,500,0,100.0,0.0
8102,171134525,171135025,500,0,100.0,0.0
8103,171135025,171135525,500,0,100.0,0.0
8104,171135525,171136025,500,0,100.0,0.0
8105,171136025,171136525,500,0,100.0,0.0
8106,171136525,171137025,500,0,100.0,0.0
8107,171137025,171137525,500,0,100.0,0.0
8108,171137525,171138025,500,0,100.0,0.0
8109,171138025,171138525,314,186,62.8,37.2
8110,171138525,171139025,7,493,1.4000000000000001,98.6
8111,171139025,171139525,10,490,2.0,98.0
8112,171139525,171140025,11,489,2.1999999999999997,97.8
8113,171140025,171140525,59,441,11.799999999999999,88.2
8114,171140525,171141025,61,439,12.2,87.8
8115,171141025,171141525,125,375,25.0,75.0
8116,171141525,171142025,500,0,100.0,0.0
8117,171142025,171142525,500,0,100.0,0.0
8118,171142525,171143025,500,0,100.0,0.0
8119,171143025,171143525,500,0,100.0,0.0
8120,171143525,171144025,500,0,100.0,0.0
8121,171144025,171144525,500,0,100.0,0.0
8122,171144525,171145025,500,0,100.0,0.0
8123,171145025,171145525,500,0,100.0,0.0
8124,171145525,171146025,500,0,100.0,0.0
8125,171146025,171146525,500,0,100.0,0.0
8126,171146525,171147025,500,0,100.0,0.0
8127,171147025,171147525,500,0,100.0,0.0
8128,171147525,171148025,500,0,100.0,0.0
8129,171148025,171148525,500,0,100.0,0.0
8130,171148525,171149025,500,0,100.0,0.0
8131,171149025,171149525,500,0,100.0,0.0
8132,171149525,171150025,500,0,100.0,0.0
8133,171150025,171150525,500,0,100.0,0.0
8134,171150525,171151025,500,0,100.0,0.0
8135,171151025,171151525,500,0,100.0,0.0
8136,171151525,171152025,500,0,100.0,0.0
8137,171152025,171152525,500,0,100.0,0.0
8138,171152525,171153025,500,0,100.0,0.0
8139,171153025,171153525,500,0,100.0,0.0
8140,171153525,171154025,500,0,100.0,0.0
8141,171154025,171154525,500,0,100.0,0.0
8142,171154525,171155025,500,0,100.0,0.0
8143,171155025,171155525,500,0,100.0,0.0
8144,171155525,171156025,500,0,100.0,0.0
8145,171156025,171156525,500,0,100.0,0.0
8146,171156525,171157025,500,0,100.0,0.0
8147,171157025,171157525,500,0,100.0,0.0
8148,171157525,171158025,500,0,100.0,0.0
8149,171158025,171158525,500,0,100.0,0.0
8150,171158525,171159025,500,0,100.0,0.0
8151,171159025,171159525,500,0,100.0,0.0
8152,171159525,171160025,500,0,100.0,0.0
8153,171160025,171160525,243,257,48.6,51.4
8154,171160525,171161025,7,493,1.4000000000000001,98.6
8155,171161025,171161525,10,490,2.0,98.0
8156,171161525,171162025,61,439,12.2,87.8
8157,171162025,171162525,7,493,1.4000000000000001,98.6
8158,171162525,171163025,62,438,12.4,87.6
8159,171163025,171163525,269,231,53.800000000000004,46.199999999999996
8160,171163525,171164025,500,0,100.0,0.0
8161,171164025,171164525,500,0,100.0,0.0
8162,171164525,171165025,500,0,100.0,0.0
8163,171165025,171165525,500,0,100.0,0.0
8164,171165525,171166025,500,0,100.0,0.0
8165,171166025,171166525,500,0,100.0,0.0
8166,171166525,171167025,500,0,100.0,0.0
8167,171167025,171167525,500,0,100.0,0.0
8168,171167525,171168025,500,0,100.0,0.0
8169,171168025,171168525,500,0,100.0,0.0
8170,171168525,171169025,500,0,100.0,0.0
8171,171169025,171169525,500,0,100.0,0.0
8172,171169525,171170025,500,0,100.0,0.0
8173,171170025,171170525,500,0,100.0,0.0
8174,171170525,171171025,500,0,100.0,0.0
8175,171171025,171171525,500,0,100.0,0.0
8176,171171525,171172025,500,0,100.0,0.0
8177,171172025,171172525,500,0,100.0,0.0
8178,171172525,171173025,500,0,100.0,0.0
8179,171173025,171173525,500,0,100.0,0.0
8180,171173525,171174025,500,0,100.0,0.0
8181,171174025,171174525,500,0,100.0,0.0
8182,171174525,171175025,500,0,100.0,0.0
8183,171175025,171175525,500,0,100.0,0.0
8184,171175525,171176025,500,0,100.0,0.0
8185,171176025,171176525,500,0,100.0,0.0
8186,171176525,171177025,500,0,100.0,0.0
8187,171177025,171177525,500,0,100.0,0.0
8188,171177525,171178025,500,0,100.0,0.0
8189,171178025,171178525,500,0,100.0,0.0
8190,171178525,171179025,500,0,100.0,0.0
8191,171179025,171179525,500,0,100.0,0.0
8192,171179525,171180025,500,0,100.0,0.0
8193,171180025,171180525,500,0,100.0,0.0
8194,171180525,171181025,500,0,100.0,0.0
8195,171181025,171181525,500,0,100.0,0.0
8196,171181525,171182025,500,0,100.0,0.0
8197,171182025,171182525,256,244,51.2,48.8
8198,171182525,171183025,5,495,1.0,99.0
8199,171183025,171183525,11,489,2.1999999999999997,97.8
8200,171183525,171184025,11,489,2.1999999999999997,97.8
8201,171184025,171184525,82,418,16.400000000000002,83.6
8202,171184525,171185025,79,421,15.8,84.2
8203,171185025,171185525,106,394,21.2,78.8
8204,171185525,171186025,500,0,100.0,0.0
8205,171186025,171186525,500,0,100.0,0.0
8206,171186525,171187025,500,0,100.0,0.0
8207,171187025,171187525,500,0,100.0,0.0
8208,171187525,171188025,500,0,100.0,0.0
8209,171188025,171188525,500,0,100.0,0.0
8210,171188525,171189025,500,0,100.0,0.0
8211,171189025,171189525,500,0,100.0,0.0
8212,171189525,171190025,500,0,100.0,0.0
8213,171190025,171190525,500,0,100.0,0.0
8214,171190525,171191025,500,0,100.0,0.0
8215,171191025,171191525,500,0,100.0,0.0
8216,171191525,171192025,500,0,100.0,0.0
8217,171192025,171192525,500,0,100.0,0.0
8218,171192525,171193025,500,0,100.0,0.0
8219,171193025,171193525,500,0,100.0,0.0
8220,171193525,171194025,500,0,100.0,0.0
8221,171194025,171194525,500,0,100.0,0.0
8222,171194525,171195025,500,0,100.0,0.0
8223,171195025,171195525,500,0,100.0,0.0
8224,171195525,171196025,500,0,100.0,0.0
8225,171196025,171196525,500,0,100.0,0.0
8226,171196525,171197025,500,0,100.0,0.0
8227,171197025,171197525,500,0,100.0,0.0
8228,171197525,171198025,500,0,100.0,0.0
8229,171198025,171198525,500,0,100.0,0.0
8230,171198525,171199025,500,0,100.0,0.0
8231,171199025,171199525,500,0,100.0,0.0
8232,171199525,171200025,500,0,100.0,0.0
8233,171200025,171200525,500,0,100.0,0.0
8234,171200525,171201025,500,0,100.0,0.0
8235,171201025,171201525,500,0,100.0,0.0
8236,171201525,171202025,500,0,100.0,0.0
8237,171202025,171202525,500,0,100.0,0.0
8238,171202525,171203025,500,0,100.0,0.0
8239,171203025,171203525,500,0,100.0,0.0
8240,171203525,171204025,500,0,100.0,0.0
8241,171204025,171204525,500,0,100.0,0.0
8242,171204525,171205025,177,323,35.4,64.6
8243,171205025,171205525,13,487,2.6,97.4
8244,171205525,171206025,6,494,1.2,98.8
8245,171206025,171206525,17,483,3.4000000000000004,96.6
8246,171206525,171207025,85,415,17.0,83.0
8247,171207025,171207525,90,410,18.0,82.0
8248,171207525,171208025,6,494,1.2,98.8
8249,171208025,171208525,446,54,89.2,10.799999999999997
8250,171208525,171209025,500,0,100.0,0.0
8251,171209025,171209525,500,0,100.0,0.0
8252,171209525,171210025,500,0,100.0,0.0
8253,171210025,171210525,500,0,100.0,0.0
8254,171210525,171211025,500,0,100.0,0.0
8255,171211025,171211525,500,0,100.0,0.0
8256,171211525,171212025,500,0,100.0,0.0
8257,171212025,171212525,500,0,100.0,0.0
8258,171212525,171213025,500,0,100.0,0.0
8259,171213025,171213525,500,0,100.0,0.0
8260,171213525,171214025,500,0,100.0,0.0
8261,171214025,171214525,500,0,100.0,0.0
8262,171214525,171215025,500,0,100.0,0.0
8263,171215025,171215525,500,0,100.0,0.0
8264,171215525,171216025,500,0,100.0,0.0
8265,171216025,171216525,500,0,100.0,0.0
8266,171216525,171217025,500,0,100.0,0.0
8267,171217025,171217525,500,0,100.0,0.0
8268,171217525,171218025,500,0,100.0,0.0
8269,171218025,171218525,500,0,100.0,0.0
8270,171218525,171219025,500,0,100.0,0.0
8271,171219025,171219525,500,0,100.0,0.0
8272,171219525,171220025,500,0,100.0,0.0
8273,171220025,171220525,500,0,100.0,0.0
8274,171220525,171221025,500,0,100.0,0.0
8275,171221025,171221525,500,0,100.0,0.0
8276,171221525,171222025,500,0,100.0,0.0
8277,171222025,171222525,500,0,100.0,0.0
8278,171222525,171223025,500,0,100.0,0.0
8279,171223025,171223525,500,0,100.0,0.0
8280,171223525,171224025,500,0,100.0,0.0
8281,171224025,171224525,500,0,100.0,0.0
8282,171224525,171225025,500,0,100.0,0.0
8283,171225025,171225525,500,0,100.0,0.0
8284,171225525,171226025,500,0,100.0,0.0
8285,171226025,171226525,500,0,100.0,0.0
8286,171226525,171227025,500,0,100.0,0.0
8287,171227025,171227525,500,0,100.0,0.0
8288,171227525,171228025,500,0,100.0,0.0
8289,171228025,171228525,500,0,100.0,0.0
8290,171228525,171229025,500,0,100.0,0.0
8291,171229025,171229525,500,0,100.0,0.0
8292,171229525,171230025,500,0,100.0,0.0
8293,171230025,171230525,500,0,100.0,0.0
8294,171230525,171231025,500,0,100.0,0.0
8295,171231025,171231525,500,0,100.0,0.0
8296,171231525,171232025,500,0,100.0,0.0
8297,171232025,171232525,464,36,92.80000000000001,7.199999999999989
8298,171232525,171233025,14,486,2.8000000000000003,97.2
8299,171233025,171233525,8,492,1.6,98.4
8300,171233525,171234025,14,486,2.8000000000000003,97.2
8301,171234025,171234525,90,410,18.0,82.0
8302,171234525,171235025,50,450,10.0,90.0
8303,171235025,171235525,45,455,9.0,91.0
8304,171235525,171236025,91,409,18.2,81.8
8305,171236025,171236525,500,0,100.0,0.0
8306,171236525,171237025,500,0,100.0,0.0
8307,171237025,171237525,500,0,100.0,0.0
8308,171237525,171238025,500,0,100.0,0.0
8309,171238025,171238525,500,0,100.0,0.0
8310,171238525,171239025,500,0,100.0,0.0
8311,171239025,171239525,500,0,100.0,0.0
8312,171239525,171240025,500,0,100.0,0.0
8313,171240025,171240525,500,0,100.0,0.0
8314,171240525,171241025,500,0,100.0,0.0
8315,171241025,171241525,500,0,100.0,0.0
8316,171241525,171242025,500,0,100.0,0.0
8317,171242025,171242525,500,0,100.0,0.0
8318,171242525,171243025,500,0,100.0,0.0
8319,171243025,171243525,500,0,100.0,0.0
8320,171243525,171244025,500,0,100.0,0.0
8321,171244025,171244525,500,0,100.0,0.0
8322,171244525,171245025,500,0,100.0,0.0
8323,171245025,171245525,500,0,100.0,0.0
8324,171245525,171246025,500,0,100.0,0.0
8325,171246025,171246525,500,0,100.0,0.0
8326,171246525,171247025,500,0,100.0,0.0
8327,171247025,171247525,500,0,100.0,0.0
8328,171247525,171248025,500,0,100.0,0.0
8329,171248025,171248525,500,0,100.0,0.0
8330,171248525,171249025,500,0,100.0,0.0
8331,171249025,171249525,500,0,100.0,0.0
8332,171249525,171250025,500,0,100.0,0.0
8333,171250025,171250525,500,0,100.0,0.0
8334,171250525,171251025,500,0,100.0,0.0
8335,171251025,171251525,500,0,100.0,0.0
8336,171251525,171252025,500,0,100.0,0.0
8337,171252025,171252525,500,0,100.0,0.0
8338,171252525,171253025,500,0,100.0,0.0
8339,171253025,171253525,500,0,100.0,0.0
8340,171253525,171254025,500,0,100.0,0.0
8341,171254025,171254525,500,0,100.0,0.0
8342,171254525,171255025,500,0,100.0,0.0
8343,171255025,171255525,500,0,100.0,0.0
8344,171255525,171256025,500,0,100.0,0.0
8345,171256025,171256525,500,0,100.0,0.0
8346,171256525,171257025,366,134,73.2,26.799999999999997
8347,171257025,171257525,10,490,2.0,98.0
8348,171257525,171258025,10,490,2.0,98.0
8349,171258025,171258525,13,487,2.6,97.4
8350,171258525,171259025,107,393,21.4,78.6
8351,171259025,171259525,64,436,12.8,87.2
8352,171259525,171260025,6,494,1.2,98.8
8353,171260025,171260525,459,41,91.8,8.200000000000003
8354,171260525,171261025,500,0,100.0,0.0
8355,171261025,171261525,500,0,100.0,0.0
8356,171261525,171262025,500,0,100.0,0.0
8357,171262025,171262525,500,0,100.0,0.0
8358,171262525,171263025,500,0,100.0,0.0
8359,171263025,171263525,500,0,100.0,0.0
8360,171263525,171264025,500,0,100.0,0.0
8361,171264025,171264525,500,0,100.0,0.0
8362,171264525,171265025,500,0,100.0,0.0
8363,171265025,171265525,500,0,100.0,0.0
8364,171265525,171266025,500,0,100.0,0.0
8365,171266025,171266525,500,0,100.0,0.0
8366,171266525,171267025,500,0,100.0,0.0
8367,171267025,171267525,500,0,100.0,0.0
8368,171267525,171268025,500,0,100.0,0.0
8369,171268025,171268525,500,0,100.0,0.0
8370,171268525,171269025,500,0,100.0,0.0
8371,171269025,171269525,500,0,100.0,0.0
8372,171269525,171270025,500,0,100.0,0.0
8373,171270025,171270525,500,0,100.0,0.0
8374,171270525,171271025,500,0,100.0,0.0
8375,171271025,171271525,500,0,100.0,0.0
8376,171271525,171272025,500,0,100.0,0.0
8377,171272025,171272525,500,0,100.0,0.0
8378,171272525,171273025,500,0,100.0,0.0
8379,171273025,171273525,500,0,100.0,0.0
8380,171273525,171274025,500,0,100.0,0.0
8381,171274025,171274525,500,0,100.0,0.0
8382,171274525,171275025,500,0,100.0,0.0
8383,171275025,171275525,500,0,100.0,0.0
8384,171275525,171276025,500,0,100.0,0.0
8385,171276025,171276525,500,0,100.0,0.0
8386,171276525,171277025,500,0,100.0,0.0
8387,171277025,171277525,500,0,100.0,0.0
8388,171277525,171278025,500,0,100.0,0.0
8389,171278025,171278525,500,0,100.0,0.0
8390,171278525,171279025,500,0,100.0,0.0
8391,171279025,171279525,500,0,100.0,0.0
8392,171279525,171280025,500,0,100.0,0.0
8393,171280025,171280525,500,0,100.0,0.0
8394,171280525,171281025,500,0,100.0,0.0
8395,171281025,171281525,417,83,83.39999999999999,16.60000000000001
8396,171281525,171282025,8,492,1.6,98.4
8397,171282025,171282525,7,493,1.4000000000000001,98.6
8398,171282525,171283025,12,488,2.4,97.6
8399,171283025,171283525,73,427,14.6,85.4
8400,171283525,171284025,15,485,3.0,97.0
8401,171284025,171284525,68,432,13.600000000000001,86.4
8402,171284525,171285025,283,217,56.599999999999994,43.400000000000006
8403,171285025,171285525,500,0,100.0,0.0
8404,171285525,171286025,500,0,100.0,0.0
8405,171286025,171286525,500,0,100.0,0.0
8406,171286525,171287025,500,0,100.0,0.0
8407,171287025,171287525,500,0,100.0,0.0
8408,171287525,171288025,500,0,100.0,0.0
8409,171288025,171288525,500,0,100.0,0.0
8410,171288525,171289025,500,0,100.0,0.0
8411,171289025,171289525,500,0,100.0,0.0
8412,171289525,171290025,500,0,100.0,0.0
8413,171290025,171290525,500,0,100.0,0.0
8414,171290525,171291025,500,0,100.0,0.0
8415,171291025,171291525,500,0,100.0,0.0
8416,171291525,171292025,500,0,100.0,0.0
8417,171292025,171292525,500,0,100.0,0.0
8418,171292525,171293025,500,0,100.0,0.0
8419,171293025,171293525,500,0,100.0,0.0
8420,171293525,171294025,500,0,100.0,0.0
8421,171294025,171294525,500,0,100.0,0.0
8422,171294525,171295025,500,0,100.0,0.0
8423,171295025,171295525,500,0,100.0,0.0
8424,171295525,171296025,500,0,100.0,0.0
8425,171296025,171296525,500,0,100.0,0.0
8426,171296525,171297025,500,0,100.0,0.0
8427,171297025,171297525,500,0,100.0,0.0
8428,171297525,171298025,500,0,100.0,0.0
8429,171298025,171298525,500,0,100.0,0.0
8430,171298525,171299025,500,0,100.0,0.0
8431,171299025,171299525,500,0,100.0,0.0
8432,171299525,171300025,500,0,100.0,0.0
8433,171300025,171300525,500,0,100.0,0.0
8434,171300525,171301025,500,0,100.0,0.0
8435,171301025,171301525,500,0,100.0,0.0
8436,171301525,171302025,500,0,100.0,0.0
8437,171302025,171302525,500,0,100.0,0.0
8438,171302525,171303025,500,0,100.0,0.0
8439,171303025,171303525,500,0,100.0,0.0
8440,171303525,171304025,500,0,100.0,0.0
8441,171304025,171304525,196,304,39.2,60.8
8442,171304525,171305025,6,494,1.2,98.8
8443,171305025,171305525,12,488,2.4,97.6
8444,171305525,171306025,24,476,4.8,95.2
8445,171306025,171306525,84,416,16.8,83.2
8446,171306525,171307025,54,446,10.8,89.2
8447,171307025,171307525,114,386,22.8,77.2
8448,171307525,171308025,500,0,100.0,0.0
8449,171308025,171308525,500,0,100.0,0.0
8450,171308525,171309025,500,0,100.0,0.0
8451,171309025,171309525,500,0,100.0,0.0
8452,171309525,171310025,500,0,100.0,0.0
8453,171310025,171310525,500,0,100.0,0.0
8454,171310525,171311025,500,0,100.0,0.0
8455,171311025,171311525,500,0,100.0,0.0
8456,171311525,171312025,500,0,100.0,0.0
8457,171312025,171312525,500,0,100.0,0.0
8458,171312525,171313025,500,0,100.0,0.0
8459,171313025,171313525,500,0,100.0,0.0
8460,171313525,171314025,500,0,100.0,0.0
8461,171314025,171314525,500,0,100.0,0.0
8462,171314525,171315025,500,0,100.0,0.0
8463,171315025,171315525,500,0,100.0,0.0
8464,171315525,171316025,500,0,100.0,0.0
8465,171316025,171316525,500,0,100.0,0.0
8466,171316525,171317025,500,0,100.0,0.0
8467,171317025,171317525,500,0,100.0,0.0
8468,171317525,171318025,500,0,100.0,0.0
8469,171318025,171318525,500,0,100.0,0.0
8470,171318525,171319025,500,0,100.0,0.0
8471,171319025,171319525,500,0,100.0,0.0
8472,171319525,171320025,500,0,100.0,0.0
8473,171320025,171320525,500,0,100.0,0.0
8474,171320525,171321025,500,0,100.0,0.0
8475,171321025,171321525,500,0,100.0,0.0
8476,171321525,171322025,500,0,100.0,0.0
8477,171322025,171322525,500,0,100.0,0.0
8478,171322525,171323025,500,0,100.0,0.0
8479,171323025,171323525,500,0,100.0,0.0
8480,171323525,171324025,500,0,100.0,0.0
8481,171324025,171324525,500,0,100.0,0.0
8482,171324525,171325025,500,0,100.0,0.0
8483,171325025,171325525,500,0,100.0,0.0
8484,171325525,171326025,500,0,100.0,0.0
8485,171326025,171326525,500,0,100.0,0.0
8486,171326525,171327025,500,0,100.0,0.0
8487,171327025,171327525,500,0,100.0,0.0
8488,171327525,171328025,395,105,79.0,21.0
8489,171328025,171328525,10,490,2.0,98.0
8490,171328525,171329025,6,494,1.2,98.8
8491,171329025,171329525,17,483,3.4000000000000004,96.6
8492,171329525,171330025,73,427,14.6,85.4
8493,171330025,171330525,106,394,21.2,78.8
8494,171330525,171331025,6,494,1.2,98.8
8495,171331025,171331525,459,41,91.8,8.200000000000003
8496,171331525,171332025,500,0,100.0,0.0
8497,171332025,171332525,500,0,100.0,0.0
8498,171332525,171333025,500,0,100.0,0.0
8499,171333025,171333525,500,0,100.0,0.0
8500,171333525,171334025,500,0,100.0,0.0
8501,171334025,171334525,500,0,100.0,0.0
8502,171334525,171335025,500,0,100.0,0.0
8503,171335025,171335525,500,0,100.0,0.0
8504,171335525,171336025,500,0,100.0,0.0
8505,171336025,171336525,500,0,100.0,0.0
8506,171336525,171337025,500,0,100.0,0.0
8507,171337025,171337525,500,0,100.0,0.0
8508,171337525,171338025,500,0,100.0,0.0
8509,171338025,171338525,500,0,100.0,0.0
8510,171338525,171339025,500,0,100.0,0.0
8511,171339025,171339525,500,0,100.0,0.0
8512,171339525,171340025,500,0,100.0,0.0
8513,171340025,171340525,500,0,100.0,0.0
8514,171340525,171341025,500,0,100.0,0.0
8515,171341025,171341525,500,0,100.0,0.0
8516,171341525,171342025,500,0,100.0,0.0
8517,171342025,171342525,500,0,100.0,0.0
8518,171342525,171343025,500,0,100.0,0.0
8519,171343025,171343525,500,0,100.0,0.0
8520,171343525,171344025,500,0,100.0,0.0
8521,171344025,171344525,500,0,100.0,0.0
8522,171344525,171345025,500,0,100.0,0.0
8523,171345025,171345525,500,0,100.0,0.0
8524,171345525,171346025,500,0,100.0,0.0
8525,171346025,171346525,500,0,100.0,0.0
8526,171346525,171347025,500,0,100.0,0.0
8527,171347025,171347525,500,0,100.0,0.0
8528,171347525,171348025,500,0,100.0,0.0
8529,171348025,171348525,500,0,100.0,0.0
8530,171348525,171349025,500,0,100.0,0.0
8531,171349025,171349525,500,0,100.0,0.0
8532,171349525,171350025,500,0,100.0,0.0
8533,171350025,171350525,500,0,100.0,0.0
8534,171350525,171351025,500,0,100.0,0.0
8535,171351025,171351525,446,54,89.2,10.799999999999997
8536,171351525,171352025,14,486,2.8000000000000003,97.2
8537,171352025,171352525,7,493,1.4000000000000001,98.6
8538,171352525,171353025,9,491,1.7999999999999998,98.2
8539,171353025,171353525,14,486,2.8000000000000003,97.2
8540,171353525,171354025,158,342,31.6,68.4
8541,171354025,171354525,100,400,20.0,80.0
8542,171354525,171355025,5,495,1.0,99.0
8543,171355025,171355525,290,210,57.99999999999999,42.00000000000001
8544,171355525,171356025,500,0,100.0,0.0
8545,171356025,171356525,500,0,100.0,0.0
8546,171356525,171357025,500,0,100.0,0.0
8547,171357025,171357525,500,0,100.0,0.0
8548,171357525,171358025,500,0,100.0,0.0
8549,171358025,171358525,500,0,100.0,0.0
8550,171358525,171359025,500,0,100.0,0.0
8551,171359025,171359525,500,0,100.0,0.0
8552,171359525,171360025,500,0,100.0,0.0
8553,171360025,171360525,500,0,100.0,0.0
8554,171360525,171361025,500,0,100.0,0.0
8555,171361025,171361525,500,0,100.0,0.0
8556,171361525,171362025,500,0,100.0,0.0
8557,171362025,171362525,500,0,100.0,0.0
8558,171362525,171363025,500,0,100.0,0.0
8559,171363025,171363525,500,0,100.0,0.0
8560,171363525,171364025,500,0,100.0,0.0
8561,171364025,171364525,500,0,100.0,0.0
8562,171364525,171365025,500,0,100.0,0.0
8563,171365025,171365525,500,0,100.0,0.0
8564,171365525,171366025,500,0,100.0,0.0
8565,171366025,171366525,500,0,100.0,0.0
8566,171366525,171367025,500,0,100.0,0.0
8567,171367025,171367525,500,0,100.0,0.0
8568,171367525,171368025,500,0,100.0,0.0
8569,171368025,171368525,500,0,100.0,0.0
8570,171368525,171369025,500,0,100.0,0.0
8571,171369025,171369525,500,0,100.0,0.0
8572,171369525,171370025,500,0,100.0,0.0
8573,171370025,171370525,500,0,100.0,0.0
8574,171370525,171371025,500,0,100.0,0.0
8575,171371025,171371525,500,0,100.0,0.0
8576,171371525,171372025,500,0,100.0,0.0
8577,171372025,171372525,500,0,100.0,0.0
8578,171372525,171373025,500,0,100.0,0.0
8579,171373025,171373525,500,0,100.0,0.0
8580,171373525,171374025,500,0,100.0,0.0
8581,171374025,171374525,500,0,100.0,0.0
8582,171374525,171375025,500,0,100.0,0.0
8583,171375025,171375525,138,362,27.6,72.4
8584,171375525,171376025,7,493,1.4000000000000001,98.6
8585,171376025,171376525,14,486,2.8000000000000003,97.2
8586,171376525,171377025,78,422,15.6,84.4
8587,171377025,171377525,89,411,17.8,82.2
8588,171377525,171378025,168,332,33.6,66.4
8589,171378025,171378525,58,442,11.600000000000001,88.4
8590,171378525,171379025,294,206,58.8,41.2
8591,171379025,171379525,500,0,100.0,0.0
8592,171379525,171380025,500,0,100.0,0.0
8593,171380025,171380525,500,0,100.0,0.0
8594,171380525,171381025,500,0,100.0,0.0
8595,171381025,171381525,500,0,100.0,0.0
8596,171381525,171382025,500,0,100.0,0.0
8597,171382025,171382525,500,0,100.0,0.0
8598,171382525,171383025,500,0,100.0,0.0
8599,171383025,171383525,500,0,100.0,0.0
8600,171383525,171384025,500,0,100.0,0.0
8601,171384025,171384525,500,0,100.0,0.0
8602,171384525,171385025,500,0,100.0,0.0
8603,171385025,171385525,500,0,100.0,0.0
8604,171385525,171386025,500,0,100.0,0.0
8605,171386025,171386525,500,0,100.0,0.0
8606,171386525,171387025,500,0,100.0,0.0
8607,171387025,171387525,500,0,100.0,0.0
8608,171387525,171388025,500,0,100.0,0.0
8609,171388025,171388525,500,0,100.0,0.0
8610,171388525,171389025,500,0,100.0,0.0
8611,171389025,171389525,500,0,100.0,0.0
8612,171389525,171390025,500,0,100.0,0.0
8613,171390025,171390525,500,0,100.0,0.0
8614,171390525,171391025,500,0,100.0,0.0
8615,171391025,171391525,500,0,100.0,0.0
8616,171391525,171392025,500,0,100.0,0.0
8617,171392025,171392525,500,0,100.0,0.0
8618,171392525,171393025,500,0,100.0,0.0
8619,171393025,171393525,500,0,100.0,0.0
8620,171393525,171394025,500,0,100.0,0.0
8621,171394025,171394525,500,0,100.0,0.0
8622,171394525,171395025,500,0,100.0,0.0
8623,171395025,171395525,500,0,100.0,0.0
8624,171395525,171396025,500,0,100.0,0.0
8625,171396025,171396525,500,0,100.0,0.0
8626,171396525,171397025,500,0,100.0,0.0
8627,171397025,171397525,500,0,100.0,0.0
8628,171397525,171398025,500,0,100.0,0.0
8629,171398025,171398525,485,15,97.0,3.0
8630,171398525,171399025,14,486,2.8000000000000003,97.2
8631,171399025,171399525,7,493,1.4000000000000001,98.6
8632,171399525,171400025,15,485,3.0,97.0
8633,171400025,171400525,98,402,19.6,80.4
8634,171400525,171401025,89,411,17.8,82.2
8635,171401025,171401525,7,493,1.4000000000000001,98.6
8636,171401525,171402025,411,89,82.19999999999999,17.80000000000001
8637,171402025,171402525,500,0,100.0,0.0
8638,171402525,171403025,500,0,100.0,0.0
8639,171403025,171403525,500,0,100.0,0.0
8640,171403525,171404025,500,0,100.0,0.0
8641,171404025,171404525,500,0,100.0,0.0
8642,171404525,171405025,500,0,100.0,0.0
8643,171405025,171405525,500,0,100.0,0.0
8644,171405525,171406025,500,0,100.0,0.0
8645,171406025,171406525,500,0,100.0,0.0
8646,171406525,171407025,500,0,100.0,0.0
8647,171407025,171407525,500,0,100.0,0.0
8648,171407525,171408025,500,0,100.0,0.0
8649,171408025,171408525,500,0,100.0,0.0
8650,171408525,171409025,500,0,100.0,0.0
8651,171409025,171409525,500,0,100.0,0.0
8652,171409525,171410025,500,0,100.0,0.0
8653,171410025,171410525,500,0,100.0,0.0
8654,171410525,171411025,500,0,100.0,0.0
8655,171411025,171411525,500,0,100.0,0.0
8656,171411525,171412025,500,0,100.0,0.0
8657,171412025,171412525,500,0,100.0,0.0
8658,171412525,171413025,500,0,100.0,0.0
8659,171413025,171413525,500,0,100.0,0.0
8660,171413525,171414025,500,0,100.0,0.0
8661,171414025,171414525,500,0,100.0,0.0
8662,171414525,171415025,500,0,100.0,0.0
8663,171415025,171415525,500,0,100.0,0.0
8664,171415525,171416025,500,0,100.0,0.0
8665,171416025,171416525,500,0,100.0,0.0
8666,171416525,171417025,500,0,100.0,0.0
8667,171417025,171417525,500,0,100.0,0.0
8668,171417525,171418025,500,0,100.0,0.0
8669,171418025,171418525,500,0,100.0,0.0
8670,171418525,171419025,500,0,100.0,0.0
8671,171419025,171419525,500,0,100.0,0.0
8672,171419525,171420025,500,0,100.0,0.0
8673,171420025,171420525,500,0,100.0,0.0
8674,171420525,171421025,500,0,100.0,0.0
8675,171421025,171421525,330,170,66.0,34.0
8676,171421525,171422025,8,492,1.6,98.4
8677,171422025,171422525,8,492,1.6,98.4
8678,171422525,171423025,22,478,4.3999999999999995,95.6
8679,171423025,171423525,118,382,23.599999999999998,76.4
8680,171423525,171424025,8,492,1.6,98.4
8681,171424025,171424525,83,417,16.6,83.4
8682,171424525,171425025,161,339,32.2,67.8
8683,171425025,171425525,500,0,100.0,0.0
8684,171425525,171426025,500,0,100.0,0.0
8685,171426025,171426525,500,0,100.0,0.0
8686,171426525,171427025,500,0,100.0,0.0
8687,171427025,171427525,500,0,100.0,0.0
8688,171427525,171428025,500,0,100.0,0.0
8689,171428025,171428525,500,0,100.0,0.0
8690,171428525,171429025,500,0,100.0,0.0
8691,171429025,171429525,500,0,100.0,0.0
8692,171429525,171430025,500,0,100.0,0.0
8693,171430025,171430525,500,0,100.0,0.0
8694,171430525,171431025,500,0,100.0,0.0
8695,171431025,171431525,500,0,100.0,0.0
8696,171431525,171432025,500,0,100.0,0.0
8697,171432025,171432525,500,0,100.0,0.0
8698,171432525,171433025,500,0,100.0,0.0
8699,171433025,171433525,500,0,100.0,0.0
8700,171433525,171434025,500,0,100.0,0.0
8701,171434025,171434525,500,0,100.0,0.0
8702,171434525,171435025,500,0,100.0,0.0
8703,171435025,171435525,500,0,100.0,0.0
8704,171435525,171436025,500,0,100.0,0.0
8705,171436025,171436525,500,0,100.0,0.0
8706,171436525,171437025,500,0,100.0,0.0
8707,171437025,171437525,500,0,100.0,0.0
8708,171437525,171438025,500,0,100.0,0.0
8709,171438025,171438525,500,0,100.0,0.0
8710,171438525,171439025,500,0,100.0,0.0
8711,171439025,171439525,500,0,100.0,0.0
8712,171439525,171440025,500,0,100.0,0.0
8713,171440025,171440525,500,0,100.0,0.0
8714,171440525,171441025,500,0,100.0,0.0
8715,171441025,171441525,500,0,100.0,0.0
8716,171441525,171442025,500,0,100.0,0.0
8717,171442025,171442525,500,0,100.0,0.0
8718,171442525,171443025,500,0,100.0,0.0
8719,171443025,171443525,234,266,46.800000000000004,53.199999999999996
8720,171443525,171444025,7,493,1.4000000000000001,98.6
8721,171444025,171444525,11,489,2.1999999999999997,97.8
8722,171444525,171445025,60,440,12.0,88.0
8723,171445025,171445525,26,474,5.2,94.8
8724,171445525,171446025,65,435,13.0,87.0
8725,171446025,171446525,329,171,65.8,34.2
8726,171446525,171447025,500,0,100.0,0.0
8727,171447025,171447525,500,0,100.0,0.0
8728,171447525,171448025,500,0,100.0,0.0
8729,171448025,171448525,500,0,100.0,0.0
8730,171448525,171449025,500,0,100.0,0.0
8731,171449025,171449525,500,0,100.0,0.0
8732,171449525,171450025,500,0,100.0,0.0
8733,171450025,171450525,500,0,100.0,0.0
8734,171450525,171451025,500,0,100.0,0.0
8735,171451025,171451525,500,0,100.0,0.0
8736,171451525,171452025,500,0,100.0,0.0
8737,171452025,171452525,500,0,100.0,0.0
8738,171452525,171453025,500,0,100.0,0.0
8739,171453025,171453525,500,0,100.0,0.0
8740,171453525,171454025,500,0,100.0,0.0
8741,171454025,171454525,500,0,100.0,0.0
8742,171454525,171455025,500,0,100.0,0.0
8743,171455025,171455525,500,0,100.0,0.0
8744,171455525,171456025,500,0,100.0,0.0
8745,171456025,171456525,500,0,100.0,0.0
8746,171456525,171457025,500,0,100.0,0.0
8747,171457025,171457525,500,0,100.0,0.0
8748,171457525,171458025,500,0,100.0,0.0
8749,171458025,171458525,500,0,100.0,0.0
8750,171458525,171459025,500,0,100.0,0.0
8751,171459025,171459525,500,0,100.0,0.0
8752,171459525,171460025,500,0,100.0,0.0
8753,171460025,171460525,500,0,100.0,0.0
8754,171460525,171461025,500,0,100.0,0.0
8755,171461025,171461525,500,0,100.0,0.0
8756,171461525,171462025,500,0,100.0,0.0
8757,171462025,171462525,500,0,100.0,0.0
8758,171462525,171463025,500,0,100.0,0.0
8759,171463025,171463525,500,0,100.0,0.0
8760,171463525,171464025,500,0,100.0,0.0
8761,171464025,171464525,500,0,100.0,0.0
8762,171464525,171465025,500,0,100.0,0.0
8763,171465025,171465525,500,0,100.0,0.0
8764,171465525,171466025,500,0,100.0,0.0
8765,171466025,171466525,59,441,11.799999999999999,88.2
8766,171466525,171467025,6,494,1.2,98.8
8767,171467025,171467525,26,474,5.2,94.8
8768,171467525,171468025,119,381,23.799999999999997,76.2
8769,171468025,171468525,8,492,1.6,98.4
8770,171468525,171469025,85,415,17.0,83.0
8771,171469025,171469525,86,414,17.2,82.8
8772,171469525,171470025,500,0,100.0,0.0
8773,171470025,171470525,500,0,100.0,0.0
8774,171470525,171471025,500,0,100.0,0.0
8775,171471025,171471525,500,0,100.0,0.0
8776,171471525,171472025,500,0,100.0,0.0
8777,171472025,171472525,500,0,100.0,0.0
8778,171472525,171473025,500,0,100.0,0.0
8779,171473025,171473525,500,0,100.0,0.0
8780,171473525,171474025,500,0,100.0,0.0
8781,171474025,171474525,500,0,100.0,0.0
8782,171474525,171475025,500,0,100.0,0.0
8783,171475025,171475525,500,0,100.0,0.0
8784,171475525,171476025,500,0,100.0,0.0
8785,171476025,171476525,500,0,100.0,0.0
8786,171476525,171477025,500,0,100.0,0.0
8787,171477025,171477525,500,0,100.0,0.0
8788,171477525,171478025,500,0,100.0,0.0
8789,171478025,171478525,500,0,100.0,0.0
8790,171478525,171479025,500,0,100.0,0.0
8791,171479025,171479525,500,0,100.0,0.0
8792,171479525,171480025,500,0,100.0,0.0
8793,171480025,171480525,500,0,100.0,0.0
8794,171480525,171481025,500,0,100.0,0.0
8795,171481025,171481525,500,0,100.0,0.0
8796,171481525,171482025,500,0,100.0,0.0
8797,171482025,171482525,500,0,100.0,0.0
8798,171482525,171483025,500,0,100.0,0.0
8799,171483025,171483525,500,0,100.0,0.0
8800,171483525,171484025,500,0,100.0,0.0
8801,171484025,171484525,500,0,100.0,0.0
8802,171484525,171485025,500,0,100.0,0.0
8803,171485025,171485525,500,0,100.0,0.0
8804,171485525,171486025,500,0,100.0,0.0
8805,171486025,171486525,500,0,100.0,0.0
8806,171486525,171487025,500,0,100.0,0.0
8807,171487025,171487525,500,0,100.0,0.0
8808,171487525,171488025,500,0,100.0,0.0
8809,171488025,171488525,500,0,100.0,0.0
8810,171488525,171489025,500,0,100.0,0.0
8811,171489025,171489525,500,0,100.0,0.0
8812,171489525,171490025,500,0,100.0,0.0
8813,171490025,171490525,500,0,100.0,0.0
8814,171490525,171491025,500,0,100.0,0.0
8815,171491025,171491525,500,0,100.0,0.0
8816,171491525,171492025,500,0,100.0,0.0
8817,171492025,171492525,500,0,100.0,0.0
8818,171492525,171493025,500,0,100.0,0.0
8819,171493025,171493525,500,0,100.0,0.0
8820,171493525,171494025,500,0,100.0,0.0
8821,171494025,171494525,500,0,100.0,0.0
8822,171494525,171495025,500,0,100.0,0.0
8823,171495025,171495525,500,0,100.0,0.0
8824,171495525,171496025,500,0,100.0,0.0
8825,171496025,171496525,500,0,100.0,0.0
8826,171496525,171497025,92,408,18.4,81.6
8827,171497025,171497525,7,493,1.4000000000000001,98.6
8828,171497525,171498025,11,489,2.1999999999999997,97.8
8829,171498025,171498525,76,424,15.2,84.8
8830,171498525,171499025,6,494,1.2,98.8
8831,171499025,171499525,75,425,15.0,85.0
8832,171499525,171500025,236,264,47.199999999999996,52.800000000000004
8833,171500025,171500525,500,0,100.0,0.0
8834,171500525,171501025,500,0,100.0,0.0
8835,171501025,171501525,500,0,100.0,0.0
8836,171501525,171502025,500,0,100.0,0.0
8837,171502025,171502525,500,0,100.0,0.0
8838,171502525,171503025,500,0,100.0,0.0
8839,171503025,171503525,500,0,100.0,0.0
8840,171503525,171504025,500,0,100.0,0.0
8841,171504025,171504525,500,0,100.0,0.0
8842,171504525,171505025,500,0,100.0,0.0
8843,171505025,171505525,500,0,100.0,0.0
8844,171505525,171506025,500,0,100.0,0.0
8845,171506025,171506525,500,0,100.0,0.0
8846,171506525,171507025,500,0,100.0,0.0
8847,171507025,171507525,500,0,100.0,0.0
8848,171507525,171508025,500,0,100.0,0.0
8849,171508025,171508525,500,0,100.0,0.0
8850,171508525,171509025,500,0,100.0,0.0
8851,171509025,171509525,500,0,100.0,0.0
8852,171509525,171510025,500,0,100.0,0.0
8853,171510025,171510525,500,0,100.0,0.0
8854,171510525,171511025,500,0,100.0,0.0
8855,171511025,171511525,500,0,100.0,0.0
8856,171511525,171512025,500,0,100.0,0.0
8857,171512025,171512525,500,0,100.0,0.0
8858,171512525,171513025,500,0,100.0,0.0
8859,171513025,171513525,500,0,100.0,0.0
8860,171513525,171514025,500,0,100.0,0.0
8861,171514025,171514525,500,0,100.0,0.0
8862,171514525,171515025,500,0,100.0,0.0
8863,171515025,171515525,500,0,100.0,0.0
8864,171515525,171516025,500,0,100.0,0.0
8865,171516025,171516525,500,0,100.0,0.0
8866,171516525,171517025,500,0,100.0,0.0
8867,171517025,171517525,500,0,100.0,0.0
8868,171517525,171518025,500,0,100.0,0.0
8869,171518025,171518525,500,0,100.0,0.0
8870,171518525,171519025,66,434,13.200000000000001,86.8
8871,171519025,171519525,8,492,1.6,98.4
8872,171519525,171520025,14,486,2.8000000000000003,97.2
8873,171520025,171520525,61,439,12.2,87.8
8874,171520525,171521025,81,419,16.2,83.8
8875,171521025,171521525,6,494,1.2,98.8
8876,171521525,171522025,452,48,90.4,9.599999999999994
8877,171522025,171522525,500,0,100.0,0.0
8878,171522525,171523025,500,0,100.0,0.0
8879,171523025,171523525,500,0,100.0,0.0
8880,171523525,171524025,500,0,100.0,0.0
8881,171524025,171524525,500,0,100.0,0.0
8882,171524525,171525025,500,0,100.0,0.0
8883,171525025,171525525,500,0,100.0,0.0
8884,171525525,171526025,500,0,100.0,0.0
8885,171526025,171526525,500,0,100.0,0.0
8886,171526525,171527025,500,0,100.0,0.0
8887,171527025,171527525,500,0,100.0,0.0
8888,171527525,171528025,500,0,100.0,0.0
8889,171528025,171528525,500,0,100.0,0.0
8890,171528525,171529025,500,0,100.0,0.0
8891,171529025,171529525,500,0,100.0,0.0
8892,171529525,171530025,500,0,100.0,0.0
8893,171530025,171530525,500,0,100.0,0.0
8894,171530525,171531025,500,0,100.0,0.0
8895,171531025,171531525,500,0,100.0,0.0
8896,171531525,171532025,500,0,100.0,0.0
8897,171532025,171532525,500,0,100.0,0.0
8898,171532525,171533025,500,0,100.0,0.0
8899,171533025,171533525,500,0,100.0,0.0
8900,171533525,171534025,500,0,100.0,0.0
8901,171534025,171534525,500,0,100.0,0.0
8902,171534525,171535025,500,0,100.0,0.0
8903,171535025,171535525,500,0,100.0,0.0
8904,171535525,171536025,500,0,100.0,0.0
8905,171536025,171536525,500,0,100.0,0.0
8906,171536525,171537025,500,0,100.0,0.0
8907,171537025,171537525,500,0,100.0,0.0
8908,171537525,171538025,500,0,100.0,0.0
8909,171538025,171538525,500,0,100.0,0.0
8910,171538525,171539025,500,0,100.0,0.0
8911,171539025,171539525,441,59,88.2,11.799999999999997
8912,171539525,171540025,13,487,2.6,97.4
8913,171540025,171540525,7,493,1.4000000000000001,98.6
8914,171540525,171541025,14,486,2.8000000000000003,97.2
8915,171541025,171541525,90,410,18.0,82.0
8916,171541525,171542025,55,445,11.0,89.0
8917,171542025,171542525,95,405,19.0,81.0
8918,171542525,171543025,500,0,100.0,0.0
8919,171543025,171543525,500,0,100.0,0.0
8920,171543525,171544025,500,0,100.0,0.0
8921,171544025,171544525,500,0,100.0,0.0
8922,171544525,171545025,500,0,100.0,0.0
8923,171545025,171545525,500,0,100.0,0.0
8924,171545525,171546025,500,0,100.0,0.0
8925,171546025,171546525,500,0,100.0,0.0
8926,171546525,171547025,500,0,100.0,0.0
8927,171547025,171547525,500,0,100.0,0.0
8928,171547525,171548025,500,0,100.0,0.0
8929,171548025,171548525,500,0,100.0,0.0
8930,171548525,171549025,500,0,100.0,0.0
8931,171549025,171549525,500,0,100.0,0.0
8932,171549525,171550025,500,0,100.0,0.0
8933,171550025,171550525,500,0,100.0,0.0
8934,171550525,171551025,500,0,100.0,0.0
8935,171551025,171551525,500,0,100.0,0.0
8936,171551525,171552025,500,0,100.0,0.0
8937,171552025,171552525,500,0,100.0,0.0
8938,171552525,171553025,500,0,100.0,0.0
8939,171553025,171553525,500,0,100.0,0.0
8940,171553525,171554025,500,0,100.0,0.0
8941,171554025,171554525,500,0,100.0,0.0
8942,171554525,171555025,500,0,100.0,0.0
8943,171555025,171555525,500,0,100.0,0.0
8944,171555525,171556025,500,0,100.0,0.0
8945,171556025,171556525,500,0,100.0,0.0
8946,171556525,171557025,500,0,100.0,0.0
8947,171557025,171557525,500,0,100.0,0.0
8948,171557525,171558025,500,0,100.0,0.0
8949,171558025,171558525,500,0,100.0,0.0
8950,171558525,171559025,500,0,100.0,0.0
8951,171559025,171559525,500,0,100.0,0.0
8952,171559525,171560025,500,0,100.0,0.0
8953,171560025,171560525,34,466,6.800000000000001,93.2
8954,171560525,171561025,6,494,1.2,98.8
8955,171561025,171561525,14,486,2.8000000000000003,97.2
8956,171561525,171562025,83,417,16.6,83.4
8957,171562025,171562525,62,438,12.4,87.6
8958,171562525,171563025,24,476,4.8,95.2
8959,171563025,171563525,500,0,100.0,0.0
8960,171563525,171564025,500,0,100.0,0.0
8961,171564025,171564525,500,0,100.0,0.0
8962,171564525,171565025,500,0,100.0,0.0
8963,171565025,171565525,500,0,100.0,0.0
8964,171565525,171566025,500,0,100.0,0.0
8965,171566025,171566525,500,0,100.0,0.0
8966,171566525,171567025,500,0,100.0,0.0
8967,171567025,171567525,500,0,100.0,0.0
8968,171567525,171568025,500,0,100.0,0.0
8969,171568025,171568525,500,0,100.0,0.0
8970,171568525,171569025,500,0,100.0,0.0
8971,171569025,171569525,500,0,100.0,0.0
8972,171569525,171570025,500,0,100.0,0.0
8973,171570025,171570525,500,0,100.0,0.0
8974,171570525,171571025,500,0,100.0,0.0
8975,171571025,171571525,500,0,100.0,0.0
8976,171571525,171572025,500,0,100.0,0.0
8977,171572025,171572525,500,0,100.0,0.0
8978,171572525,171573025,500,0,100.0,0.0
8979,171573025,171573525,500,0,100.0,0.0
8980,171573525,171574025,500,0,100.0,0.0
8981,171574025,171574525,500,0,100.0,0.0
8982,171574525,171575025,500,0,100.0,0.0
8983,171575025,171575525,500,0,100.0,0.0
8984,171575525,171576025,500,0,100.0,0.0
8985,171576025,171576525,500,0,100.0,0.0
8986,171576525,171577025,500,0,100.0,0.0
8987,171577025,171577525,500,0,100.0,0.0
8988,171577525,171578025,500,0,100.0,0.0
8989,171578025,171578525,500,0,100.0,0.0
8990,171578525,171579025,500,0,100.0,0.0
8991,171579025,171579525,500,0,100.0,0.0
8992,171579525,171580025,500,0,100.0,0.0
8993,171580025,171580525,500,0,100.0,0.0
8994,171580525,171581025,471,29,94.19999999999999,5.800000000000011
8995,171581025,171581525,15,485,3.0,97.0
8996,171581525,171582025,7,493,1.4000000000000001,98.6
8997,171582025,171582525,14,486,2.8000000000000003,97.2
8998,171582525,171583025,83,417,16.6,83.4
8999,171583025,171583525,110,390,22.0,78.0
9000,171583525,171584025,6,494,1.2,98.8
9001,171584025,171584525,381,119,76.2,23.799999999999997
9002,171584525,171585025,500,0,100.0,0.0
9003,171585025,171585525,500,0,100.0,0.0
9004,171585525,171586025,500,0,100.0,0.0
9005,171586025,171586525,500,0,100.0,0.0
9006,171586525,171587025,500,0,100.0,0.0
9007,171587025,171587525,500,0,100.0,0.0
9008,171587525,171588025,500,0,100.0,0.0
9009,171588025,171588525,500,0,100.0,0.0
9010,171588525,171589025,500,0,100.0,0.0
9011,171589025,171589525,500,0,100.0,0.0
9012,171589525,171590025,500,0,100.0,0.0
9013,171590025,171590525,500,0,100.0,0.0
9014,171590525,171591025,500,0,100.0,0.0
9015,171591025,171591525,500,0,100.0,0.0
9016,171591525,171592025,500,0,100.0,0.0
9017,171592025,171592525,500,0,100.0,0.0
9018,171592525,171593025,500,0,100.0,0.0
9019,171593025,171593525,500,0,100.0,0.0
9020,171593525,171594025,500,0,100.0,0.0
9021,171594025,171594525,500,0,100.0,0.0
9022,171594525,171595025,500,0,100.0,0.0
9023,171595025,171595525,500,0,100.0,0.0
9024,171595525,171596025,500,0,100.0,0.0
9025,171596025,171596525,500,0,100.0,0.0
9026,171596525,171597025,500,0,100.0,0.0
9027,171597025,171597525,500,0,100.0,0.0
9028,171597525,171598025,500,0,100.0,0.0
9029,171598025,171598525,500,0,100.0,0.0
9030,171598525,171599025,500,0,100.0,0.0
9031,171599025,171599525,500,0,100.0,0.0
9032,171599525,171600025,500,0,100.0,0.0
9033,171600025,171600525,500,0,100.0,0.0
9034,171600525,171601025,500,0,100.0,0.0
9035,171601025,171601525,500,0,100.0,0.0
9036,171601525,171602025,343,157,68.60000000000001,31.39999999999999
9037,171602025,171602525,9,491,1.7999999999999998,98.2
9038,171602525,171603025,9,491,1.7999999999999998,98.2
9039,171603025,171603525,76,424,15.2,84.8
9040,171603525,171604025,7,493,1.4000000000000001,98.6
9041,171604025,171604525,78,422,15.6,84.4
9042,171604525,171605025,210,290,42.0,58.0
9043,171605025,171605525,500,0,100.0,0.0
9044,171605525,171606025,500,0,100.0,0.0
9045,171606025,171606525,500,0,100.0,0.0
9046,171606525,171607025,500,0,100.0,0.0
9047,171607025,171607525,500,0,100.0,0.0
9048,171607525,171608025,500,0,100.0,0.0
9049,171608025,171608525,500,0,100.0,0.0
9050,171608525,171609025,500,0,100.0,0.0
9051,171609025,171609525,500,0,100.0,0.0
9052,171609525,171610025,500,0,100.0,0.0
9053,171610025,171610525,500,0,100.0,0.0
9054,171610525,171611025,500,0,100.0,0.0
9055,171611025,171611525,500,0,100.0,0.0
9056,171611525,171612025,500,0,100.0,0.0
9057,171612025,171612525,500,0,100.0,0.0
9058,171612525,171613025,500,0,100.0,0.0
9059,171613025,171613525,500,0,100.0,0.0
9060,171613525,171614025,500,0,100.0,0.0
9061,171614025,171614525,500,0,100.0,0.0
9062,171614525,171615025,500,0,100.0,0.0
9063,171615025,171615525,500,0,100.0,0.0
9064,171615525,171616025,500,0,100.0,0.0
9065,171616025,171616525,500,0,100.0,0.0
9066,171616525,171617025,500,0,100.0,0.0
9067,171617025,171617525,500,0,100.0,0.0
9068,171617525,171618025,500,0,100.0,0.0
9069,171618025,171618525,500,0,100.0,0.0
9070,171618525,171619025,500,0,100.0,0.0
9071,171619025,171619525,500,0,100.0,0.0
9072,171619525,171620025,500,0,100.0,0.0
9073,171620025,171620525,500,0,100.0,0.0
9074,171620525,171621025,500,0,100.0,0.0
9075,171621025,171621525,500,0,100.0,0.0
9076,171621525,171622025,500,0,100.0,0.0
9077,171622025,171622525,500,0,100.0,0.0
9078,171622525,171623025,500,0,100.0,0.0
9079,171623025,171623525,500,0,100.0,0.0
9080,171623525,171624025,500,0,100.0,0.0
9081,171624025,171624525,93,407,18.6,81.4
9082,171624525,171625025,6,494,1.2,98.8
9083,171625025,171625525,11,489,2.1999999999999997,97.8
9084,171625525,171626025,12,488,2.4,97.6
9085,171626025,171626525,69,431,13.8,86.2
9086,171626525,171627025,68,432,13.600000000000001,86.4
9087,171627025,171627525,160,340,32.0,68.0
9088,171627525,171628025,500,0,100.0,0.0
9089,171628025,171628525,500,0,100.0,0.0
9090,171628525,171629025,500,0,100.0,0.0
9091,171629025,171629525,500,0,100.0,0.0
9092,171629525,171630025,500,0,100.0,0.0
9093,171630025,171630525,500,0,100.0,0.0
9094,171630525,171631025,500,0,100.0,0.0
9095,171631025,171631525,500,0,100.0,0.0
9096,171631525,171632025,500,0,100.0,0.0
9097,171632025,171632525,500,0,100.0,0.0
9098,171632525,171633025,500,0,100.0,0.0
9099,171633025,171633525,500,0,100.0,0.0
9100,171633525,171634025,500,0,100.0,0.0
9101,171634025,171634525,500,0,100.0,0.0
9102,171634525,171635025,500,0,100.0,0.0
9103,171635025,171635525,500,0,100.0,0.0
9104,171635525,171636025,500,0,100.0,0.0
9105,171636025,171636525,500,0,100.0,0.0
9106,171636525,171637025,500,0,100.0,0.0
9107,171637025,171637525,500,0,100.0,0.0
9108,171637525,171638025,500,0,100.0,0.0
9109,171638025,171638525,500,0,100.0,0.0
9110,171638525,171639025,500,0,100.0,0.0
9111,171639025,171639525,500,0,100.0,0.0
9112,171639525,171640025,500,0,100.0,0.0
9113,171640025,171640525,500,0,100.0,0.0
9114,171640525,171641025,500,0,100.0,0.0
9115,171641025,171641525,500,0,100.0,0.0
9116,171641525,171642025,500,0,100.0,0.0
9117,171642025,171642525,500,0,100.0,0.0
9118,171642525,171643025,500,0,100.0,0.0
9119,171643025,171643525,500,0,100.0,0.0
9120,171643525,171644025,500,0,100.0,0.0
9121,171644025,171644525,500,0,100.0,0.0
9122,171644525,171645025,500,0,100.0,0.0
9123,171645025,171645525,500,0,100.0,0.0
9124,171645525,171646025,500,0,100.0,0.0
9125,171646025,171646525,406,94,81.2,18.799999999999997
9126,171646525,171647025,6,494,1.2,98.8
9127,171647025,171647525,8,492,1.6,98.4
9128,171647525,171648025,11,489,2.1999999999999997,97.8
9129,171648025,171648525,86,414,17.2,82.8
9130,171648525,171649025,6,494,1.2,98.8
9131,171649025,171649525,55,445,11.0,89.0
9132,171649525,171650025,153,347,30.599999999999998,69.4
9133,171650025,171650525,500,0,100.0,0.0
9134,171650525,171651025,500,0,100.0,0.0
9135,171651025,171651525,500,0,100.0,0.0
9136,171651525,171652025,500,0,100.0,0.0
9137,171652025,171652525,500,0,100.0,0.0
9138,171652525,171653025,500,0,100.0,0.0
9139,171653025,171653525,500,0,100.0,0.0
9140,171653525,171654025,500,0,100.0,0.0
9141,171654025,171654525,500,0,100.0,0.0
9142,171654525,171655025,500,0,100.0,0.0
9143,171655025,171655525,500,0,100.0,0.0
9144,171655525,171656025,500,0,100.0,0.0
9145,171656025,171656525,500,0,100.0,0.0
9146,171656525,171657025,500,0,100.0,0.0
9147,171657025,171657525,500,0,100.0,0.0
9148,171657525,171658025,500,0,100.0,0.0
9149,171658025,171658525,500,0,100.0,0.0
9150,171658525,171659025,500,0,100.0,0.0
9151,171659025,171659525,500,0,100.0,0.0
9152,171659525,171660025,500,0,100.0,0.0
9153,171660025,171660525,500,0,100.0,0.0
9154,171660525,171661025,500,0,100.0,0.0
9155,171661025,171661525,500,0,100.0,0.0
9156,171661525,171662025,500,0,100.0,0.0
9157,171662025,171662525,500,0,100.0,0.0
9158,171662525,171663025,500,0,100.0,0.0
9159,171663025,171663525,500,0,100.0,0.0
9160,171663525,171664025,500,0,100.0,0.0
9161,171664025,171664525,500,0,100.0,0.0
9162,171664525,171665025,500,0,100.0,0.0
9163,171665025,171665525,500,0,100.0,0.0
9164,171665525,171666025,500,0,100.0,0.0
9165,171666025,171666525,500,0,100.0,0.0
9166,171666525,171667025,500,0,100.0,0.0
9167,171667025,171667525,500,0,100.0,0.0
9168,171667525,171668025,500,0,100.0,0.0
9169,171668025,171668525,500,0,100.0,0.0
9170,171668525,171669025,500,0,100.0,0.0
9171,171669025,171669525,500,0,100.0,0.0
9172,171669525,171670025,500,0,100.0,0.0
9173,171670025,171670525,500,0,100.0,0.0
9174,171670525,171671025,254,246,50.8,49.2
9175,171671025,171671525,8,492,1.6,98.4
9176,171671525,171672025,5,495,1.0,99.0
9177,171672025,171672525,19,481,3.8,96.2
9178,171672525,171673025,119,381,23.799999999999997,76.2
9179,171673025,171673525,8,492,1.6,98.4
9180,171673525,171674025,72,428,14.399999999999999,85.6
9181,171674025,171674525,250,250,50.0,50.0
9182,171674525,171675025,500,0,100.0,0.0
9183,171675025,171675525,500,0,100.0,0.0
9184,171675525,171676025,500,0,100.0,0.0
9185,171676025,171676525,500,0,100.0,0.0
9186,171676525,171677025,500,0,100.0,0.0
9187,171677025,171677525,500,0,100.0,0.0
9188,171677525,171678025,500,0,100.0,0.0
9189,171678025,171678525,500,0,100.0,0.0
9190,171678525,171679025,500,0,100.0,0.0
9191,171679025,171679525,500,0,100.0,0.0
9192,171679525,171680025,500,0,100.0,0.0
9193,171680025,171680525,500,0,100.0,0.0
9194,171680525,171681025,500,0,100.0,0.0
9195,171681025,171681525,500,0,100.0,0.0
9196,171681525,171682025,500,0,100.0,0.0
9197,171682025,171682525,500,0,100.0,0.0
9198,171682525,171683025,500,0,100.0,0.0
9199,171683025,171683525,500,0,100.0,0.0
9200,171683525,171684025,500,0,100.0,0.0
9201,171684025,171684525,500,0,100.0,0.0
9202,171684525,171685025,500,0,100.0,0.0
9203,171685025,171685525,500,0,100.0,0.0
9204,171685525,171686025,500,0,100.0,0.0
9205,171686025,171686525,500,0,100.0,0.0
9206,171686525,171687025,500,0,100.0,0.0
9207,171687025,171687525,500,0,100.0,0.0
9208,171687525,171688025,500,0,100.0,0.0
9209,171688025,171688525,500,0,100.0,0.0
9210,171688525,171689025,500,0,100.0,0.0
9211,171689025,171689525,500,0,100.0,0.0
9212,171689525,171690025,500,0,100.0,0.0
9213,171690025,171690525,500,0,100.0,0.0
9214,171690525,171691025,500,0,100.0,0.0
9215,171691025,171691525,500,0,100.0,0.0
9216,171691525,171692025,500,0,100.0,0.0
9217,171692025,171692525,500,0,100.0,0.0
9218,171692525,171693025,500,0,100.0,0.0
9219,171693025,171693525,500,0,100.0,0.0
9220,171693525,171694025,500,0,100.0,0.0
9221,171694025,171694525,500,0,100.0,0.0
9222,171694525,171695025,500,0,100.0,0.0
9223,171695025,171695525,500,0,100.0,0.0
9224,171695525,171696025,115,385,23.0,77.0
9225,171696025,171696525,7,493,1.4000000000000001,98.6
9226,171696525,171697025,9,491,1.7999999999999998,98.2
9227,171697025,171697525,108,392,21.6,78.4
9228,171697525,171698025,1,499,0.2,99.8
9229,171698025,171698525,8,492,1.6,98.4
9230,171698525,171699025,19,481,3.8,96.2
9231,171699025,171699525,147,353,29.4,70.6
9232,171699525,171700025,6,494,1.2,98.8
9233,171700025,171700525,427,73,85.39999999999999,14.600000000000009
9234,171700525,171701025,500,0,100.0,0.0
9235,171701025,171701525,500,0,100.0,0.0
9236,171701525,171702025,500,0,100.0,0.0
9237,171702025,171702525,500,0,100.0,0.0
9238,171702525,171703025,500,0,100.0,0.0
9239,171703025,171703525,500,0,100.0,0.0
9240,171703525,171704025,500,0,100.0,0.0
9241,171704025,171704525,500,0,100.0,0.0
9242,171704525,171705025,500,0,100.0,0.0
9243,171705025,171705525,500,0,100.0,0.0
9244,171705525,171706025,500,0,100.0,0.0
9245,171706025,171706525,500,0,100.0,0.0
9246,171706525,171707025,500,0,100.0,0.0
9247,171707025,171707525,500,0,100.0,0.0
9248,171707525,171708025,500,0,100.0,0.0
9249,171708025,171708525,500,0,100.0,0.0
9250,171708525,171709025,500,0,100.0,0.0
9251,171709025,171709525,500,0,100.0,0.0
9252,171709525,171710025,500,0,100.0,0.0
9253,171710025,171710525,500,0,100.0,0.0
9254,171710525,171711025,500,0,100.0,0.0
9255,171711025,171711525,500,0,100.0,0.0
9256,171711525,171712025,500,0,100.0,0.0
9257,171712025,171712525,500,0,100.0,0.0
9258,171712525,171713025,500,0,100.0,0.0
9259,171713025,171713525,500,0,100.0,0.0
9260,171713525,171714025,500,0,100.0,0.0
9261,171714025,171714525,500,0,100.0,0.0
9262,171714525,171715025,500,0,100.0,0.0
9263,171715025,171715525,500,0,100.0,0.0
9264,171715525,171716025,500,0,100.0,0.0
9265,171716025,171716525,500,0,100.0,0.0
9266,171716525,171717025,500,0,100.0,0.0
9267,171717025,171717525,500,0,100.0,0.0
9268,171717525,171718025,500,0,100.0,0.0
9269,171718025,171718525,500,0,100.0,0.0
9270,171718525,171719025,500,0,100.0,0.0
9271,171719025,171719525,500,0,100.0,0.0
9272,171719525,171720025,500,0,100.0,0.0
9273,171720025,171720525,500,0,100.0,0.0
9274,171720525,171721025,500,0,100.0,0.0
9275,171721025,171721525,500,0,100.0,0.0
9276,171721525,171722025,500,0,100.0,0.0
9277,171722025,171722525,252,248,50.4,49.6
9278,171722525,171723025,4,496,0.8,99.2
9279,171723025,171723525,11,489,2.1999999999999997,97.8
9280,171723525,171724025,20,480,4.0,96.0
9281,171724025,171724525,43,457,8.6,91.4
9282,171724525,171725025,68,432,13.600000000000001,86.4
9283,171725025,171725525,75,425,15.0,85.0
9284,171725525,171726025,62,438,12.4,87.6
9285,171726025,171726525,500,0,100.0,0.0
9286,171726525,171727025,500,0,100.0,0.0
9287,171727025,171727525,500,0,100.0,0.0
9288,171727525,171728025,500,0,100.0,0.0
9289,171728025,171728525,500,0,100.0,0.0
9290,171728525,171729025,500,0,100.0,0.0
9291,171729025,171729525,500,0,100.0,0.0
9292,171729525,171730025,500,0,100.0,0.0
9293,171730025,171730525,500,0,100.0,0.0
9294,171730525,171731025,500,0,100.0,0.0
9295,171731025,171731525,500,0,100.0,0.0
9296,171731525,171732025,500,0,100.0,0.0
9297,171732025,171732525,500,0,100.0,0.0
9298,171732525,171733025,500,0,100.0,0.0
9299,171733025,171733525,500,0,100.0,0.0
9300,171733525,171734025,500,0,100.0,0.0
9301,171734025,171734525,500,0,100.0,0.0
9302,171734525,171735025,500,0,100.0,0.0
9303,171735025,171735525,500,0,100.0,0.0
9304,171735525,171736025,500,0,100.0,0.0
9305,171736025,171736525,500,0,100.0,0.0
9306,171736525,171737025,500,0,100.0,0.0
9307,171737025,171737525,500,0,100.0,0.0
9308,171737525,171738025,500,0,100.0,0.0
9309,171738025,171738525,500,0,100.0,0.0
9310,171738525,171739025,500,0,100.0,0.0
9311,171739025,171739525,500,0,100.0,0.0
9312,171739525,171740025,500,0,100.0,0.0
9313,171740025,171740525,500,0,100.0,0.0
9314,171740525,171741025,500,0,100.0,0.0
9315,171741025,171741525,500,0,100.0,0.0
9316,171741525,171742025,500,0,100.0,0.0
9317,171742025,171742525,500,0,100.0,0.0
9318,171742525,171743025,500,0,100.0,0.0
9319,171743025,171743525,500,0,100.0,0.0
9320,171743525,171744025,500,0,100.0,0.0
9321,171744025,171744525,500,0,100.0,0.0
9322,171744525,171745025,500,0,100.0,0.0
9323,171745025,171745525,500,0,100.0,0.0
9324,171745525,171746025,500,0,100.0,0.0
9325,171746025,171746525,500,0,100.0,0.0
9326,171746525,171747025,191,309,38.2,61.8
9327,171747025,171747525,7,493,1.4000000000000001,98.6
9328,171747525,171748025,9,491,1.7999999999999998,98.2
9329,171748025,171748525,75,425,15.0,85.0
9330,171748525,171749025,6,494,1.2,98.8
9331,171749025,171749525,60,440,12.0,88.0
9332,171749525,171750025,128,372,25.6,74.4
9333,171750025,171750525,500,0,100.0,0.0
9334,171750525,171751025,500,0,100.0,0.0
9335,171751025,171751525,500,0,100.0,0.0
9336,171751525,171752025,500,0,100.0,0.0
9337,171752025,171752525,500,0,100.0,0.0
9338,171752525,171753025,500,0,100.0,0.0
9339,171753025,171753525,500,0,100.0,0.0
9340,171753525,171754025,500,0,100.0,0.0
9341,171754025,171754525,500,0,100.0,0.0
9342,171754525,171755025,500,0,100.0,0.0
9343,171755025,171755525,500,0,100.0,0.0
9344,171755525,171756025,500,0,100.0,0.0
9345,171756025,171756525,500,0,100.0,0.0
9346,171756525,171757025,500,0,100.0,0.0
9347,171757025,171757525,500,0,100.0,0.0
9348,171757525,171758025,500,0,100.0,0.0
9349,171758025,171758525,500,0,100.0,0.0
9350,171758525,171759025,500,0,100.0,0.0
9351,171759025,171759525,500,0,100.0,0.0
9352,171759525,171760025,500,0,100.0,0.0
9353,171760025,171760525,500,0,100.0,0.0
9354,171760525,171761025,500,0,100.0,0.0
9355,171761025,171761525,500,0,100.0,0.0
9356,171761525,171762025,500,0,100.0,0.0
9357,171762025,171762525,500,0,100.0,0.0
9358,171762525,171763025,500,0,100.0,0.0
9359,171763025,171763525,500,0,100.0,0.0
9360,171763525,171764025,500,0,100.0,0.0
9361,171764025,171764525,500,0,100.0,0.0
9362,171764525,171765025,500,0,100.0,0.0
9363,171765025,171765525,500,0,100.0,0.0
9364,171765525,171766025,500,0,100.0,0.0
9365,171766025,171766525,500,0,100.0,0.0
9366,171766525,171767025,500,0,100.0,0.0
9367,171767025,171767525,500,0,100.0,0.0
9368,171767525,171768025,500,0,100.0,0.0
9369,171768025,171768525,436,64,87.2,12.799999999999997
9370,171768525,171769025,13,487,2.6,97.4
9371,171769025,171769525,9,491,1.7999999999999998,98.2
9372,171769525,171770025,14,486,2.8000000000000003,97.2
9373,171770025,171770525,62,438,12.4,87.6
9374,171770525,171771025,40,460,8.0,92.0
9375,171771025,171771525,82,418,16.400000000000002,83.6
9376,171771525,171772025,500,0,100.0,0.0
9377,171772025,171772525,500,0,100.0,0.0
9378,171772525,171773025,500,0,100.0,0.0
9379,171773025,171773525,500,0,100.0,0.0
9380,171773525,171774025,500,0,100.0,0.0
9381,171774025,171774525,500,0,100.0,0.0
9382,171774525,171775025,500,0,100.0,0.0
9383,171775025,171775525,500,0,100.0,0.0
9384,171775525,171776025,500,0,100.0,0.0
9385,171776025,171776525,500,0,100.0,0.0
9386,171776525,171777025,500,0,100.0,0.0
9387,171777025,171777525,500,0,100.0,0.0
9388,171777525,171778025,500,0,100.0,0.0
9389,171778025,171778525,500,0,100.0,0.0
9390,171778525,171779025,500,0,100.0,0.0
9391,171779025,171779525,500,0,100.0,0.0
9392,171779525,171780025,500,0,100.0,0.0
9393,171780025,171780525,500,0,100.0,0.0
9394,171780525,171781025,500,0,100.0,0.0
9395,171781025,171781525,500,0,100.0,0.0
9396,171781525,171782025,500,0,100.0,0.0
9397,171782025,171782525,500,0,100.0,0.0
9398,171782525,171783025,500,0,100.0,0.0
9399,171783025,171783525,500,0,100.0,0.0
9400,171783525,171784025,500,0,100.0,0.0
9401,171784025,171784525,500,0,100.0,0.0
9402,171784525,171785025,500,0,100.0,0.0
9403,171785025,171785525,500,0,100.0,0.0
9404,171785525,171786025,500,0,100.0,0.0
9405,171786025,171786525,500,0,100.0,0.0
9406,171786525,171787025,500,0,100.0,0.0
9407,171787025,171787525,500,0,100.0,0.0
9408,171787525,171788025,500,0,100.0,0.0
9409,171788025,171788525,500,0,100.0,0.0
9410,171788525,171789025,500,0,100.0,0.0
9411,171789025,171789525,500,0,100.0,0.0
9412,171789525,171790025,494,6,98.8,1.2000000000000028
9413,171790025,171790525,12,488,2.4,97.6
9414,171790525,171791025,7,493,1.4000000000000001,98.6
9415,171791025,171791525,12,488,2.4,97.6
9416,171791525,171792025,79,421,15.8,84.2
9417,171792025,171792525,64,436,12.8,87.2
9418,171792525,171793025,6,494,1.2,98.8
9419,171793025,171793525,467,33,93.4,6.599999999999994
9420,171793525,171794025,500,0,100.0,0.0
9421,171794025,171794525,500,0,100.0,0.0
9422,171794525,171795025,500,0,100.0,0.0
9423,171795025,171795525,500,0,100.0,0.0
9424,171795525,171796025,500,0,100.0,0.0
9425,171796025,171796525,500,0,100.0,0.0
9426,171796525,171797025,500,0,100.0,0.0
9427,171797025,171797525,500,0,100.0,0.0
9428,171797525,171798025,500,0,100.0,0.0
9429,171798025,171798525,500,0,100.0,0.0
9430,171798525,171799025,500,0,100.0,0.0
9431,171799025,171799525,500,0,100.0,0.0
9432,171799525,171800025,500,0,100.0,0.0
9433,171800025,171800525,500,0,100.0,0.0
9434,171800525,171801025,500,0,100.0,0.0
9435,171801025,171801525,500,0,100.0,0.0
9436,171801525,171802025,500,0,100.0,0.0
9437,171802025,171802525,500,0,100.0,0.0
9438,171802525,171803025,500,0,100.0,0.0
9439,171803025,171803525,500,0,100.0,0.0
9440,171803525,171804025,500,0,100.0,0.0
9441,171804025,171804525,500,0,100.0,0.0
9442,171804525,171805025,500,0,100.0,0.0
9443,171805025,171805525,500,0,100.0,0.0
9444,171805525,171806025,500,0,100.0,0.0
9445,171806025,171806525,500,0,100.0,0.0
9446,171806525,171807025,500,0,100.0,0.0
9447,171807025,171807525,500,0,100.0,0.0
9448,171807525,171808025,500,0,100.0,0.0
9449,171808025,171808525,500,0,100.0,0.0
9450,171808525,171809025,500,0,100.0,0.0
9451,171809025,171809525,500,0,100.0,0.0
9452,171809525,171810025,500,0,100.0,0.0
9453,171810025,171810525,500,0,100.0,0.0
9454,171810525,171811025,500,0,100.0,0.0
9455,171811025,171811525,276,224,55.2,44.8
9456,171811525,171812025,6,494,1.2,98.8
9457,171812025,171812525,9,491,1.7999999999999998,98.2
9458,171812525,171813025,20,480,4.0,96.0
9459,171813025,171813525,40,460,8.0,92.0
9460,171813525,171814025,55,445,11.0,89.0
9461,171814025,171814525,251,249,50.2,49.8
9462,171814525,171815025,500,0,100.0,0.0
9463,171815025,171815525,500,0,100.0,0.0
9464,171815525,171816025,500,0,100.0,0.0
9465,171816025,171816525,500,0,100.0,0.0
9466,171816525,171817025,500,0,100.0,0.0
9467,171817025,171817525,500,0,100.0,0.0
9468,171817525,171818025,500,0,100.0,0.0
9469,171818025,171818525,500,0,100.0,0.0
9470,171818525,171819025,500,0,100.0,0.0
9471,171819025,171819525,500,0,100.0,0.0
9472,171819525,171820025,500,0,100.0,0.0
9473,171820025,171820525,500,0,100.0,0.0
9474,171820525,171821025,500,0,100.0,0.0
9475,171821025,171821525,500,0,100.0,0.0
9476,171821525,171822025,500,0,100.0,0.0
9477,171822025,171822525,500,0,100.0,0.0
9478,171822525,171823025,500,0,100.0,0.0
9479,171823025,171823525,500,0,100.0,0.0
9480,171823525,171824025,500,0,100.0,0.0
9481,171824025,171824525,500,0,100.0,0.0
9482,171824525,171825025,500,0,100.0,0.0
9483,171825025,171825525,500,0,100.0,0.0
9484,171825525,171826025,500,0,100.0,0.0
9485,171826025,171826525,500,0,100.0,0.0
9486,171826525,171827025,500,0,100.0,0.0
9487,171827025,171827525,500,0,100.0,0.0
9488,171827525,171828025,500,0,100.0,0.0
9489,171828025,171828525,500,0,100.0,0.0
9490,171828525,171829025,500,0,100.0,0.0
9491,171829025,171829525,500,0,100.0,0.0
9492,171829525,171830025,500,0,100.0,0.0
9493,171830025,171830525,500,0,100.0,0.0
9494,171830525,171831025,500,0,100.0,0.0
9495,171831025,171831525,500,0,100.0,0.0
9496,171831525,171832025,500,0,100.0,0.0
9497,171832025,171832525,500,0,100.0,0.0
9498,171832525,171833025,500,0,100.0,0.0
9499,171833025,171833525,265,235,53.0,47.0
9500,171833525,171834025,7,493,1.4000000000000001,98.6
9501,171834025,171834525,9,491,1.7999999999999998,98.2
9502,171834525,171835025,9,491,1.7999999999999998,98.2
9503,171835025,171835525,61,439,12.2,87.8
9504,171835525,171836025,67,433,13.4,86.6
9505,171836025,171836525,26,474,5.2,94.8
9506,171836525,171837025,500,0,100.0,0.0
9507,171837025,171837525,500,0,100.0,0.0
9508,171837525,171838025,500,0,100.0,0.0
9509,171838025,171838525,500,0,100.0,0.0
9510,171838525,171839025,500,0,100.0,0.0
9511,171839025,171839525,500,0,100.0,0.0
9512,171839525,171840025,500,0,100.0,0.0
9513,171840025,171840525,500,0,100.0,0.0
9514,171840525,171841025,500,0,100.0,0.0
9515,171841025,171841525,500,0,100.0,0.0
9516,171841525,171842025,500,0,100.0,0.0
9517,171842025,171842525,500,0,100.0,0.0
9518,171842525,171843025,500,0,100.0,0.0
9519,171843025,171843525,500,0,100.0,0.0
9520,171843525,171844025,500,0,100.0,0.0
9521,171844025,171844525,500,0,100.0,0.0
9522,171844525,171845025,500,0,100.0,0.0
9523,171845025,171845525,500,0,100.0,0.0
9524,171845525,171846025,500,0,100.0,0.0
9525,171846025,171846525,500,0,100.0,0.0
9526,171846525,171847025,500,0,100.0,0.0
9527,171847025,171847525,500,0,100.0,0.0
9528,171847525,171848025,500,0,100.0,0.0
9529,171848025,171848525,500,0,100.0,0.0
9530,171848525,171849025,500,0,100.0,0.0
9531,171849025,171849525,500,0,100.0,0.0
9532,171849525,171850025,500,0,100.0,0.0
9533,171850025,171850525,500,0,100.0,0.0
9534,171850525,171851025,500,0,100.0,0.0
9535,171851025,171851525,500,0,100.0,0.0
9536,171851525,171852025,500,0,100.0,0.0
9537,171852025,171852525,500,0,100.0,0.0
9538,171852525,171853025,500,0,100.0,0.0
9539,171853025,171853525,500,0,100.0,0.0
9540,171853525,171854025,500,0,100.0,0.0
9541,171854025,171854525,500,0,100.0,0.0
9542,171854525,171855025,500,0,100.0,0.0
9543,171855025,171855525,500,0,100.0,0.0
9544,171855525,171856025,91,409,18.2,81.8
9545,171856025,171856525,8,492,1.6,98.4
9546,171856525,171857025,7,493,1.4000000000000001,98.6
9547,171857025,171857525,57,443,11.4,88.6
9548,171857525,171858025,12,488,2.4,97.6
9549,171858025,171858525,36,464,7.199999999999999,92.8
9550,171858525,171859025,413,87,82.6,17.400000000000006
9551,171859025,171859525,500,0,100.0,0.0
9552,171859525,171860025,500,0,100.0,0.0
9553,171860025,171860525,500,0,100.0,0.0
9554,171860525,171861025,500,0,100.0,0.0
9555,171861025,171861525,500,0,100.0,0.0
9556,171861525,171862025,500,0,100.0,0.0
9557,171862025,171862525,500,0,100.0,0.0
9558,171862525,171863025,500,0,100.0,0.0
9559,171863025,171863525,500,0,100.0,0.0
9560,171863525,171864025,500,0,100.0,0.0
9561,171864025,171864525,500,0,100.0,0.0
9562,171864525,171865025,500,0,100.0,0.0
9563,171865025,171865525,500,0,100.0,0.0
9564,171865525,171866025,500,0,100.0,0.0
9565,171866025,171866525,500,0,100.0,0.0
9566,171866525,171867025,500,0,100.0,0.0
9567,171867025,171867525,500,0,100.0,0.0
9568,171867525,171868025,500,0,100.0,0.0
9569,171868025,171868525,500,0,100.0,0.0
9570,171868525,171869025,500,0,100.0,0.0
9571,171869025,171869525,500,0,100.0,0.0
9572,171869525,171870025,500,0,100.0,0.0
9573,171870025,171870525,500,0,100.0,0.0
9574,171870525,171871025,500,0,100.0,0.0
9575,171871025,171871525,500,0,100.0,0.0
9576,171871525,171872025,500,0,100.0,0.0
9577,171872025,171872525,500,0,100.0,0.0
9578,171872525,171873025,500,0,100.0,0.0
9579,171873025,171873525,500,0,100.0,0.0
9580,171873525,171874025,500,0,100.0,0.0
9581,171874025,171874525,500,0,100.0,0.0
9582,171874525,171875025,500,0,100.0,0.0
9583,171875025,171875525,500,0,100.0,0.0
9584,171875525,171876025,500,0,100.0,0.0
9585,171876025,171876525,500,0,100.0,0.0
9586,171876525,171877025,500,0,100.0,0.0
9587,171877025,171877525,500,0,100.0,0.0
9588,171877525,171878025,54,446,10.8,89.2
9589,171878025,171878525,8,492,1.6,98.4
9590,171878525,171879025,8,492,1.6,98.4
9591,171879025,171879525,67,433,13.4,86.6
9592,171879525,171880025,6,494,1.2,98.8
9593,171880025,171880525,46,454,9.2,90.8
9594,171880525,171881025,427,73,85.39999999999999,14.600000000000009
9595,171881025,171881525,500,0,100.0,0.0
9596,171881525,171882025,500,0,100.0,0.0
9597,171882025,171882525,500,0,100.0,0.0
9598,171882525,171883025,500,0,100.0,0.0
9599,171883025,171883525,500,0,100.0,0.0
9600,171883525,171884025,500,0,100.0,0.0
9601,171884025,171884525,500,0,100.0,0.0
9602,171884525,171885025,500,0,100.0,0.0
9603,171885025,171885525,500,0,100.0,0.0
9604,171885525,171886025,500,0,100.0,0.0
9605,171886025,171886525,500,0,100.0,0.0
9606,171886525,171887025,500,0,100.0,0.0
9607,171887025,171887525,500,0,100.0,0.0
9608,171887525,171888025,500,0,100.0,0.0
9609,171888025,171888525,500,0,100.0,0.0
9610,171888525,171889025,500,0,100.0,0.0
9611,171889025,171889525,500,0,100.0,0.0
9612,171889525,171890025,500,0,100.0,0.0
9613,171890025,171890525,500,0,100.0,0.0
9614,171890525,171891025,500,0,100.0,0.0
9615,171891025,171891525,500,0,100.0,0.0
9616,171891525,171892025,500,0,100.0,0.0
9617,171892025,171892525,500,0,100.0,0.0
9618,171892525,171893025,500,0,100.0,0.0
9619,171893025,171893525,500,0,100.0,0.0
9620,171893525,171894025,500,0,100.0,0.0
9621,171894025,171894525,500,0,100.0,0.0
9622,171894525,171895025,500,0,100.0,0.0
9623,171895025,171895525,500,0,100.0,0.0
9624,171895525,171896025,500,0,100.0,0.0
9625,171896025,171896525,500,0,100.0,0.0
9626,171896525,171897025,500,0,100.0,0.0
9627,171897025,171897525,500,0,100.0,0.0
9628,171897525,171898025,500,0,100.0,0.0
9629,171898025,171898525,500,0,100.0,0.0
9630,171898525,171899025,500,0,100.0,0.0
9631,171899025,171899525,500,0,100.0,0.0
9632,171899525,171900025,500,0,100.0,0.0
9633,171900025,171900525,500,0,100.0,0.0
9634,171900525,171901025,481,19,96.2,3.799999999999997
9635,171901025,171901525,13,487,2.6,97.4
9636,171901525,171902025,7,493,1.4000000000000001,98.6
9637,171902025,171902525,13,487,2.6,97.4
9638,171902525,171903025,60,440,12.0,88.0
9639,171903025,171903525,61,439,12.2,87.8
9640,171903525,171904025,6,494,1.2,98.8
9641,171904025,171904525,388,112,77.60000000000001,22.39999999999999
9642,171904525,171905025,500,0,100.0,0.0
9643,171905025,171905525,500,0,100.0,0.0
9644,171905525,171906025,500,0,100.0,0.0
9645,171906025,171906525,500,0,100.0,0.0
9646,171906525,171907025,500,0,100.0,0.0
9647,171907025,171907525,500,0,100.0,0.0
9648,171907525,171908025,500,0,100.0,0.0
9649,171908025,171908525,500,0,100.0,0.0
9650,171908525,171909025,500,0,100.0,0.0
9651,171909025,171909525,500,0,100.0,0.0
9652,171909525,171910025,500,0,100.0,0.0
9653,171910025,171910525,500,0,100.0,0.0
9654,171910525,171911025,500,0,100.0,0.0
9655,171911025,171911525,500,0,100.0,0.0
9656,171911525,171912025,500,0,100.0,0.0
9657,171912025,171912525,500,0,100.0,0.0
9658,171912525,171913025,500,0,100.0,0.0
9659,171913025,171913525,500,0,100.0,0.0
9660,171913525,171914025,500,0,100.0,0.0
9661,171914025,171914525,500,0,100.0,0.0
9662,171914525,171915025,500,0,100.0,0.0
9663,171915025,171915525,500,0,100.0,0.0
9664,171915525,171916025,500,0,100.0,0.0
9665,171916025,171916525,500,0,100.0,0.0
9666,171916525,171917025,500,0,100.0,0.0
9667,171917025,171917525,500,0,100.0,0.0
9668,171917525,171918025,500,0,100.0,0.0
9669,171918025,171918525,500,0,100.0,0.0
9670,171918525,171919025,500,0,100.0,0.0
9671,171919025,171919525,500,0,100.0,0.0
9672,171919525,171920025,500,0,100.0,0.0
9673,171920025,171920525,500,0,100.0,0.0
9674,171920525,171921025,500,0,100.0,0.0
9675,171921025,171921525,500,0,100.0,0.0
9676,171921525,171922025,482,18,96.39999999999999,3.6000000000000085
9677,171922025,171922525,13,487,2.6,97.4
9678,171922525,171923025,7,493,1.4000000000000001,98.6
9679,171923025,171923525,27,473,5.4,94.6
9680,171923525,171924025,65,435,13.0,87.0
9681,171924025,171924525,73,427,14.6,85.4
9682,171924525,171925025,24,476,4.8,95.2
9683,171925025,171925525,500,0,100.0,0.0
9684,171925525,171926025,500,0,100.0,0.0
9685,171926025,171926525,500,0,100.0,0.0
9686,171926525,171927025,500,0,100.0,0.0
9687,171927025,171927525,500,0,100.0,0.0
9688,171927525,171928025,500,0,100.0,0.0
9689,171928025,171928525,500,0,100.0,0.0
9690,171928525,171929025,500,0,100.0,0.0
9691,171929025,171929525,500,0,100.0,0.0
9692,171929525,171930025,500,0,100.0,0.0
9693,171930025,171930525,500,0,100.0,0.0
9694,171930525,171931025,500,0,100.0,0.0
9695,171931025,171931525,500,0,100.0,0.0
9696,171931525,171932025,500,0,100.0,0.0
9697,171932025,171932525,500,0,100.0,0.0
9698,171932525,171933025,500,0,100.0,0.0
9699,171933025,171933525,500,0,100.0,0.0
9700,171933525,171934025,500,0,100.0,0.0
9701,171934025,171934525,500,0,100.0,0.0
9702,171934525,171935025,500,0,100.0,0.0
9703,171935025,171935525,500,0,100.0,0.0
9704,171935525,171936025,500,0,100.0,0.0
9705,171936025,171936525,500,0,100.0,0.0
9706,171936525,171937025,500,0,100.0,0.0
9707,171937025,171937525,500,0,100.0,0.0
9708,171937525,171938025,500,0,100.0,0.0
9709,171938025,171938525,500,0,100.0,0.0
9710,171938525,171939025,500,0,100.0,0.0
9711,171939025,171939525,500,0,100.0,0.0
9712,171939525,171940025,500,0,100.0,0.0
9713,171940025,171940525,500,0,100.0,0.0
9714,171940525,171941025,500,0,100.0,0.0
9715,171941025,171941525,500,0,100.0,0.0
9716,171941525,171942025,500,0,100.0,0.0
9717,171942025,171942525,500,0,100.0,0.0
9718,171942525,171943025,500,0,100.0,0.0
9719,171943025,171943525,500,0,100.0,0.0
9720,171943525,171944025,500,0,100.0,0.0
9721,171944025,171944525,500,0,100.0,0.0
9722,171944525,171945025,500,0,100.0,0.0
9723,171945025,171945525,69,431,13.8,86.2
9724,171945525,171946025,6,494,1.2,98.8
9725,171946025,171946525,17,483,3.4000000000000004,96.6
9726,171946525,171947025,61,439,12.2,87.8
9727,171947025,171947525,54,446,10.8,89.2
9728,171947525,171948025,19,481,3.8,96.2
9729,171948025,171948525,360,140,72.0,28.0
9730,171948525,171949025,500,0,100.0,0.0
9731,171949025,171949525,500,0,100.0,0.0
9732,171949525,171950025,500,0,100.0,0.0
9733,171950025,171950525,500,0,100.0,0.0
9734,171950525,171951025,500,0,100.0,0.0
9735,171951025,171951525,500,0,100.0,0.0
9736,171951525,171952025,500,0,100.0,0.0
9737,171952025,171952525,500,0,100.0,0.0
9738,171952525,171953025,500,0,100.0,0.0
9739,171953025,171953525,500,0,100.0,0.0
9740,171953525,171954025,500,0,100.0,0.0
9741,171954025,171954525,500,0,100.0,0.0
9742,171954525,171955025,500,0,100.0,0.0
9743,171955025,171955525,500,0,100.0,0.0
9744,171955525,171956025,500,0,100.0,0.0
9745,171956025,171956525,500,0,100.0,0.0
9746,171956525,171957025,500,0,100.0,0.0
9747,171957025,171957525,500,0,100.0,0.0
9748,171957525,171958025,500,0,100.0,0.0
9749,171958025,171958525,500,0,100.0,0.0
9750,171958525,171959025,500,0,100.0,0.0
9751,171959025,171959525,500,0,100.0,0.0
9752,171959525,171960025,500,0,100.0,0.0
9753,171960025,171960525,500,0,100.0,0.0
9754,171960525,171961025,500,0,100.0,0.0
9755,171961025,171961525,500,0,100.0,0.0
9756,171961525,171962025,500,0,100.0,0.0
9757,171962025,171962525,500,0,100.0,0.0
9758,171962525,171963025,500,0,100.0,0.0
9759,171963025,171963525,500,0,100.0,0.0
9760,171963525,171964025,500,0,100.0,0.0
9761,171964025,171964525,500,0,100.0,0.0
9762,171964525,171965025,500,0,100.0,0.0
9763,171965025,171965525,500,0,100.0,0.0
9764,171965525,171966025,500,0,100.0,0.0
9765,171966025,171966525,500,0,100.0,0.0
9766,171966525,171967025,500,0,100.0,0.0
9767,171967025,171967525,500,0,100.0,0.0
9768,171967525,171968025,500,0,100.0,0.0
9769,171968025,171968525,500,0,100.0,0.0
9770,171968525,171969025,500,0,100.0,0.0
9771,171969025,171969525,500,0,100.0,0.0
9772,171969525,171970025,500,0,100.0,0.0
9773,171970025,171970525,500,0,100.0,0.0
9774,171970525,171971025,500,0,100.0,0.0
9775,171971025,171971525,500,0,100.0,0.0
9776,171971525,171972025,500,0,100.0,0.0
9777,171972025,171972525,500,0,100.0,0.0
9778,171972525,171973025,498,2,99.6,0.4000000000000057
9779,171973025,171973525,17,483,3.4000000000000004,96.6
9780,171973525,171974025,5,495,1.0,99.0
9781,171974025,171974525,3,497,0.6,99.4
9782,171974525,171975025,9,491,1.7999999999999998,98.2
9783,171975025,171975525,69,431,13.8,86.2
9784,171975525,171976025,66,434,13.200000000000001,86.8
9785,171976025,171976525,51,449,10.2,89.8
9786,171976525,171977025,500,0,100.0,0.0
9787,171977025,171977525,500,0,100.0,0.0
9788,171977525,171978025,500,0,100.0,0.0
9789,171978025,171978525,500,0,100.0,0.0
9790,171978525,171979025,500,0,100.0,0.0
9791,171979025,171979525,500,0,100.0,0.0
9792,171979525,171980025,500,0,100.0,0.0
9793,171980025,171980525,500,0,100.0,0.0
9794,171980525,171981025,500,0,100.0,0.0
9795,171981025,171981525,500,0,100.0,0.0
9796,171981525,171982025,500,0,100.0,0.0
9797,171982025,171982525,500,0,100.0,0.0
9798,171982525,171983025,500,0,100.0,0.0
9799,171983025,171983525,500,0,100.0,0.0
9800,171983525,171984025,500,0,100.0,0.0
9801,171984025,171984525,500,0,100.0,0.0
9802,171984525,171985025,500,0,100.0,0.0
9803,171985025,171985525,500,0,100.0,0.0
9804,171985525,171986025,500,0,100.0,0.0
9805,171986025,171986525,500,0,100.0,0.0
9806,171986525,171987025,500,0,100.0,0.0
9807,171987025,171987525,500,0,100.0,0.0
9808,171987525,171988025,500,0,100.0,0.0
9809,171988025,171988525,500,0,100.0,0.0
9810,171988525,171989025,500,0,100.0,0.0
9811,171989025,171989525,500,0,100.0,0.0
9812,171989525,171990025,500,0,100.0,0.0
9813,171990025,171990525,500,0,100.0,0.0
9814,171990525,171991025,500,0,100.0,0.0
9815,171991025,171991525,500,0,100.0,0.0
9816,171991525,171992025,500,0,100.0,0.0
9817,171992025,171992525,234,266,46.800000000000004,53.199999999999996
9818,171992525,171993025,7,493,1.4000000000000001,98.6
9819,171993025,171993525,12,488,2.4,97.6
9820,171993525,171994025,64,436,12.8,87.2
9821,171994025,171994525,49,451,9.8,90.2
9822,171994525,171995025,131,369,26.200000000000003,73.8
9823,171995025,171995525,500,0,100.0,0.0
9824,171995525,171996025,500,0,100.0,0.0
9825,171996025,171996525,500,0,100.0,0.0
9826,171996525,171997025,500,0,100.0,0.0
9827,171997025,171997525,500,0,100.0,0.0
9828,171997525,171998025,500,0,100.0,0.0
9829,171998025,171998525,500,0,100.0,0.0
9830,171998525,171999025,500,0,100.0,0.0
9831,171999025,171999525,500,0,100.0,0.0
9832,171999525,172000025,500,0,100.0,0.0
9833,172000025,172000525,500,0,100.0,0.0
9834,172000525,172001025,500,0,100.0,0.0
9835,172001025,172001525,500,0,100.0,0.0
9836,172001525,172002025,500,0,100.0,0.0
9837,172002025,172002525,500,0,100.0,0.0
9838,172002525,172003025,500,0,100.0,0.0
9839,172003025,172003525,500,0,100.0,0.0
9840,172003525,172004025,500,0,100.0,0.0
9841,172004025,172004525,500,0,100.0,0.0
9842,172004525,172005025,500,0,100.0,0.0
9843,172005025,172005525,500,0,100.0,0.0
9844,172005525,172006025,500,0,100.0,0.0
9845,172006025,172006525,500,0,100.0,0.0
9846,172006525,172007025,500,0,100.0,0.0
9847,172007025,172007525,500,0,100.0,0.0
9848,172007525,172008025,500,0,100.0,0.0
9849,172008025,172008525,500,0,100.0,0.0
9850,172008525,172009025,500,0,100.0,0.0
9851,172009025,172009525,500,0,100.0,0.0
9852,172009525,172010025,500,0,100.0,0.0
9853,172010025,172010525,500,0,100.0,0.0
9854,172010525,172011025,500,0,100.0,0.0
9855,172011025,172011525,77,423,15.4,84.6
9856,172011525,172012025,7,493,1.4000000000000001,98.6
9857,172012025,172012525,29,471,5.800000000000001,94.2
9858,172012525,172013025,54,446,10.8,89.2
9859,172013025,172013525,70,430,14.000000000000002,86.0
9860,172013525,172014025,287,213,57.4,42.6
9861,172014025,172014525,500,0,100.0,0.0
9862,172014525,172015025,500,0,100.0,0.0
9863,172015025,172015525,500,0,100.0,0.0
9864,172015525,172016025,500,0,100.0,0.0
9865,172016025,172016525,500,0,100.0,0.0
9866,172016525,172017025,500,0,100.0,0.0
9867,172017025,172017525,500,0,100.0,0.0
9868,172017525,172018025,500,0,100.0,0.0
9869,172018025,172018525,500,0,100.0,0.0
9870,172018525,172019025,500,0,100.0,0.0
9871,172019025,172019525,500,0,100.0,0.0
9872,172019525,172020025,500,0,100.0,0.0
9873,172020025,172020525,500,0,100.0,0.0
9874,172020525,172021025,500,0,100.0,0.0
9875,172021025,172021525,500,0,100.0,0.0
9876,172021525,172022025,500,0,100.0,0.0
9877,172022025,172022525,500,0,100.0,0.0
9878,172022525,172023025,500,0,100.0,0.0
9879,172023025,172023525,500,0,100.0,0.0
9880,172023525,172024025,500,0,100.0,0.0
9881,172024025,172024525,500,0,100.0,0.0
9882,172024525,172025025,500,0,100.0,0.0
9883,172025025,172025525,500,0,100.0,0.0
9884,172025525,172026025,500,0,100.0,0.0
9885,172026025,172026525,500,0,100.0,0.0
9886,172026525,172027025,500,0,100.0,0.0
9887,172027025,172027525,500,0,100.0,0.0
9888,172027525,172028025,500,0,100.0,0.0
9889,172028025,172028525,500,0,100.0,0.0
9890,172028525,172029025,500,0,100.0,0.0
9891,172029025,172029525,190,310,38.0,62.0
9892,172029525,172030025,7,493,1.4000000000000001,98.6
9893,172030025,172030525,12,488,2.4,97.6
9894,172030525,172031025,66,434,13.200000000000001,86.8
9895,172031025,172031525,64,436,12.8,87.2
9896,172031525,172032025,178,322,35.6,64.4
9897,172032025,172032525,500,0,100.0,0.0
9898,172032525,172033025,500,0,100.0,0.0
9899,172033025,172033525,500,0,100.0,0.0
9900,172033525,172034025,500,0,100.0,0.0
9901,172034025,172034525,500,0,100.0,0.0
9902,172034525,172035025,500,0,100.0,0.0
9903,172035025,172035525,500,0,100.0,0.0
9904,172035525,172036025,500,0,100.0,0.0
9905,172036025,172036525,500,0,100.0,0.0
9906,172036525,172037025,500,0,100.0,0.0
9907,172037025,172037525,500,0,100.0,0.0
9908,172037525,172038025,500,0,100.0,0.0
9909,172038025,172038525,500,0,100.0,0.0
9910,172038525,172039025,500,0,100.0,0.0
9911,172039025,172039525,500,0,100.0,0.0
9912,172039525,172040025,500,0,100.0,0.0
9913,172040025,172040525,500,0,100.0,0.0
9914,172040525,172041025,500,0,100.0,0.0
9915,172041025,172041525,500,0,100.0,0.0
9916,172041525,172042025,500,0,100.0,0.0
9917,172042025,172042525,500,0,100.0,0.0
9918,172042525,172043025,500,0,100.0,0.0
9919,172043025,172043525,500,0,100.0,0.0
9920,172043525,172044025,500,0,100.0,0.0
9921,172044025,172044525,500,0,100.0,0.0
9922,172044525,172045025,500,0,100.0,0.0
9923,172045025,172045525,500,0,100.0,0.0
9924,172045525,172046025,500,0,100.0,0.0
9925,172046025,172046525,500,0,100.0,0.0
9926,172046525,172047025,500,0,100.0,0.0
9927,172047025,172047525,500,0,100.0,0.0
9928,172047525,172048025,500,0,100.0,0.0
9929,172048025,172048525,500,0,100.0,0.0
9930,172048525,172049025,500,0,100.0,0.0
9931,172049025,172049525,500,0,100.0,0.0
9932,172049525,172050025,500,0,100.0,0.0
9933,172050025,172050525,500,0,100.0,0.0
9934,172050525,172051025,500,0,100.0,0.0
9935,172051025,172051525,500,0,100.0,0.0
9936,172051525,172052025,500,0,100.0,0.0
9937,172052025,172052525,500,0,100.0,0.0
9938,172052525,172053025,500,0,100.0,0.0
9939,172053025,172053525,500,0,100.0,0.0
9940,172053525,172054025,500,0,100.0,0.0
9941,172054025,172054525,500,0,100.0,0.0
9942,172054525,172055025,500,0,100.0,0.0
9943,172055025,172055525,500,0,100.0,0.0
9944,172055525,172056025,500,0,100.0,0.0
9945,172056025,172056525,500,0,100.0,0.0
9946,172056525,172057025,500,0,100.0,0.0
9947,172057025,172057525,500,0,100.0,0.0
9948,172057525,172058025,500,0,100.0,0.0
9949,172058025,172058525,500,0,100.0,0.0
9950,172058525,172059025,500,0,100.0,0.0
9951,172059025,172059525,500,0,100.0,0.0
9952,172059525,172060025,500,0,100.0,0.0
9953,172060025,172060525,500,0,100.0,0.0
9954,172060525,172061025,500,0,100.0,0.0
9955,172061025,172061525,500,0,100.0,0.0
9956,172061525,172062025,500,0,100.0,0.0
9957,172062025,172062525,500,0,100.0,0.0
9958,172062525,172063025,500,0,100.0,0.0
9959,172063025,172063525,500,0,100.0,0.0
9960,172063525,172064025,500,0,100.0,0.0
9961,172064025,172064525,500,0,100.0,0.0
9962,172064525,172065025,500,0,100.0,0.0
9963,172065025,172065525,500,0,100.0,0.0
9964,172065525,172066025,500,0,100.0,0.0
9965,172066025,172066525,500,0,100.0,0.0
9966,172066525,172067025,500,0,100.0,0.0
9967,172067025,172067525,500,0,100.0,0.0
9968,172067525,172068025,500,0,100.0,0.0
9969,172068025,172068525,500,0,100.0,0.0
9970,172068525,172069025,500,0,100.0,0.0
9971,172069025,172069525,500,0,100.0,0.0
9972,172069525,172070025,500,0,100.0,0.0
9973,172070025,172070525,500,0,100.0,0.0
9974,172070525,172071025,500,0,100.0,0.0
9975,172071025,172071525,500,0,100.0,0.0
9976,172071525,172072025,500,0,100.0,0.0
9977,172072025,172072525,500,0,100.0,0.0
9978,172072525,172073025,500,0,100.0,0.0
9979,172073025,172073525,500,0,100.0,0.0
9980,172073525,172074025,500,0,100.0,0.0
9981,172074025,172074525,500,0,100.0,0.0
9982,172074525,172075025,500,0,100.0,0.0
9983,172075025,172075525,500,0,100.0,0.0
9984,172075525,172076025,500,0,100.0,0.0
9985,172076025,172076525,500,0,100.0,0.0
9986,172076525,172077025,500,0,100.0,0.0
9987,172077025,172077525,500,0,100.0,0.0
9988,172077525,172078025,500,0,100.0,0.0
9989,172078025,172078525,500,0,100.0,0.0
9990,172078525,172079025,500,0,100.0,0.0
9991,172079025,172079525,500,0,100.0,0.0
9992,172079525,172080025,500,0,100.0,0.0
9993,172080025,172080525,500,0,100.0,0.0
9994,172080525,172081025,500,0,100.0,0.0
9995,172081025,172081525,500,0,100.0,0.0
9996,172081525,172082025,500,0,100.0,0.0
9997,172082025,172082525,500,0,100.0,0.0
9998,172082525,172083025,500,0,100.0,0.0
9999,172083025,172083525,500,0,100.0,0.0
10000,172083525,172084025,500,0,100.0,0.0
10001,172084025,172084525,500,0,100.0,0.0
10002,172084525,172085025,500,0,100.0,0.0
10003,172085025,172085525,500,0,100.0,0.0
10004,172085525,172086025,500,0,100.0,0.0
10005,172086025,172086525,500,0,100.0,0.0
10006,172086525,172087025,500,0,100.0,0.0
10007,172087025,172087525,500,0,100.0,0.0
10008,172087525,172088025,500,0,100.0,0.0
10009,172088025,172088525,500,0,100.0,0.0
10010,172088525,172089025,500,0,100.0,0.0
10011,172089025,172089525,500,0,100.0,0.0
10012,172089525,172090025,500,0,100.0,0.0
10013,172090025,172090525,500,0,100.0,0.0
10014,172090525,172091025,500,0,100.0,0.0
10015,172091025,172091525,500,0,100.0,0.0
10016,172091525,172092025,500,0,100.0,0.0
10017,172092025,172092525,500,0,100.0,0.0
10018,172092525,172093025,500,0,100.0,0.0
10019,172093025,172093525,500,0,100.0,0.0
10020,172093525,172094025,500,0,100.0,0.0
10021,172094025,172094525,500,0,100.0,0.0
10022,172094525,172095025,500,0,100.0,0.0
10023,172095025,172095525,500,0,100.0,0.0
10024,172095525,172096025,500,0,100.0,0.0
10025,172096025,172096525,500,0,100.0,0.0
10026,172096525,172097025,500,0,100.0,0.0
10027,172097025,172097525,500,0,100.0,0.0
10028,172097525,172098025,500,0,100.0,0.0
10029,172098025,172098525,500,0,100.0,0.0
10030,172098525,172099025,500,0,100.0,0.0
10031,172099025,172099525,500,0,100.0,0.0
10032,172099525,172100025,500,0,100.0,0.0
10033,172100025,172100525,500,0,100.0,0.0
10034,172100525,172101025,270,230,54.0,46.0
10035,172101025,172101525,9,491,1.7999999999999998,98.2
10036,172101525,172102025,13,487,2.6,97.4
10037,172102025,172102525,58,442,11.600000000000001,88.4
10038,172102525,172103025,43,457,8.6,91.4
10039,172103025,172103525,181,319,36.199999999999996,63.800000000000004
10040,172103525,172104025,500,0,100.0,0.0
10041,172104025,172104525,500,0,100.0,0.0
10042,172104525,172105025,500,0,100.0,0.0
10043,172105025,172105525,500,0,100.0,0.0
10044,172105525,172106025,500,0,100.0,0.0
10045,172106025,172106525,500,0,100.0,0.0
10046,172106525,172107025,500,0,100.0,0.0
10047,172107025,172107525,500,0,100.0,0.0
10048,172107525,172108025,500,0,100.0,0.0
10049,172108025,172108525,500,0,100.0,0.0
10050,172108525,172109025,500,0,100.0,0.0
10051,172109025,172109525,500,0,100.0,0.0
10052,172109525,172110025,500,0,100.0,0.0
10053,172110025,172110525,500,0,100.0,0.0
10054,172110525,172111025,500,0,100.0,0.0
10055,172111025,172111525,500,0,100.0,0.0
10056,172111525,172112025,500,0,100.0,0.0
10057,172112025,172112525,500,0,100.0,0.0
10058,172112525,172113025,500,0,100.0,0.0
10059,172113025,172113525,500,0,100.0,0.0
10060,172113525,172114025,500,0,100.0,0.0
10061,172114025,172114525,500,0,100.0,0.0
10062,172114525,172115025,500,0,100.0,0.0
10063,172115025,172115525,500,0,100.0,0.0
10064,172115525,172116025,500,0,100.0,0.0
10065,172116025,172116525,500,0,100.0,0.0
10066,172116525,172117025,500,0,100.0,0.0
10067,172117025,172117525,500,0,100.0,0.0
10068,172117525,172118025,500,0,100.0,0.0
10069,172118025,172118525,500,0,100.0,0.0
10070,172118525,172119025,500,0,100.0,0.0
10071,172119025,172119525,500,0,100.0,0.0
10072,172119525,172120025,58,442,11.600000000000001,88.4
10073,172120025,172120525,8,492,1.6,98.4
10074,172120525,172121025,11,489,2.1999999999999997,97.8
10075,172121025,172121525,61,439,12.2,87.8
10076,172121525,172122025,60,440,12.0,88.0
10077,172122025,172122525,144,356,28.799999999999997,71.2
10078,172122525,172123025,500,0,100.0,0.0
10079,172123025,172123525,500,0,100.0,0.0
10080,172123525,172124025,500,0,100.0,0.0
10081,172124025,172124525,500,0,100.0,0.0
10082,172124525,172125025,500,0,100.0,0.0
10083,172125025,172125525,500,0,100.0,0.0
10084,172125525,172126025,500,0,100.0,0.0
10085,172126025,172126525,500,0,100.0,0.0
10086,172126525,172127025,500,0,100.0,0.0
10087,172127025,172127525,500,0,100.0,0.0
10088,172127525,172128025,500,0,100.0,0.0
10089,172128025,172128525,500,0,100.0,0.0
10090,172128525,172129025,500,0,100.0,0.0
10091,172129025,172129525,500,0,100.0,0.0
10092,172129525,172130025,500,0,100.0,0.0
10093,172130025,172130525,500,0,100.0,0.0
10094,172130525,172131025,500,0,100.0,0.0
10095,172131025,172131525,500,0,100.0,0.0
10096,172131525,172132025,500,0,100.0,0.0
10097,172132025,172132525,500,0,100.0,0.0
10098,172132525,172133025,500,0,100.0,0.0
10099,172133025,172133525,500,0,100.0,0.0
10100,172133525,172134025,500,0,100.0,0.0
10101,172134025,172134525,500,0,100.0,0.0
10102,172134525,172135025,500,0,100.0,0.0
10103,172135025,172135525,500,0,100.0,0.0
10104,172135525,172136025,500,0,100.0,0.0
10105,172136025,172136525,500,0,100.0,0.0
10106,172136525,172137025,500,0,100.0,0.0
10107,172137025,172137525,500,0,100.0,0.0
10108,172137525,172138025,500,0,100.0,0.0
10109,172138025,172138525,500,0,100.0,0.0
10110,172138525,172139025,500,0,100.0,0.0
10111,172139025,172139525,500,0,100.0,0.0
10112,172139525,172140025,153,347,30.599999999999998,69.4
10113,172140025,172140525,8,492,1.6,98.4
10114,172140525,172141025,12,488,2.4,97.6
10115,172141025,172141525,89,411,17.8,82.2
10116,172141525,172142025,47,453,9.4,90.6
10117,172142025,172142525,42,458,8.4,91.6
10118,172142525,172143025,469,31,93.8,6.200000000000003
10119,172143025,172143525,500,0,100.0,0.0
10120,172143525,172144025,500,0,100.0,0.0
10121,172144025,172144525,500,0,100.0,0.0
10122,172144525,172145025,500,0,100.0,0.0
10123,172145025,172145525,500,0,100.0,0.0
10124,172145525,172146025,500,0,100.0,0.0
10125,172146025,172146525,500,0,100.0,0.0
10126,172146525,172147025,500,0,100.0,0.0
10127,172147025,172147525,500,0,100.0,0.0
10128,172147525,172148025,500,0,100.0,0.0
10129,172148025,172148525,500,0,100.0,0.0
10130,172148525,172149025,500,0,100.0,0.0
10131,172149025,172149525,500,0,100.0,0.0
10132,172149525,172150025,500,0,100.0,0.0
10133,172150025,172150525,500,0,100.0,0.0
10134,172150525,172151025,500,0,100.0,0.0
10135,172151025,172151525,500,0,100.0,0.0
10136,172151525,172152025,500,0,100.0,0.0
10137,172152025,172152525,500,0,100.0,0.0
10138,172152525,172153025,500,0,100.0,0.0
10139,172153025,172153525,500,0,100.0,0.0
10140,172153525,172154025,500,0,100.0,0.0
10141,172154025,172154525,500,0,100.0,0.0
10142,172154525,172155025,500,0,100.0,0.0
10143,172155025,172155525,500,0,100.0,0.0
10144,172155525,172156025,500,0,100.0,0.0
10145,172156025,172156525,500,0,100.0,0.0
10146,172156525,172157025,500,0,100.0,0.0
10147,172157025,172157525,500,0,100.0,0.0
10148,172157525,172158025,500,0,100.0,0.0
10149,172158025,172158525,500,0,100.0,0.0
10150,172158525,172159025,145,355,28.999999999999996,71.0
10151,172159025,172159525,8,492,1.6,98.4
10152,172159525,172160025,12,488,2.4,97.6
10153,172160025,172160525,52,448,10.4,89.6
10154,172160525,172161025,53,447,10.6,89.4
10155,172161025,172161525,160,340,32.0,68.0
10156,172161525,172162025,500,0,100.0,0.0
10157,172162025,172162525,500,0,100.0,0.0
10158,172162525,172163025,500,0,100.0,0.0
10159,172163025,172163525,500,0,100.0,0.0
10160,172163525,172164025,500,0,100.0,0.0
10161,172164025,172164525,500,0,100.0,0.0
10162,172164525,172165025,500,0,100.0,0.0
10163,172165025,172165525,500,0,100.0,0.0
10164,172165525,172166025,500,0,100.0,0.0
10165,172166025,172166525,500,0,100.0,0.0
10166,172166525,172167025,500,0,100.0,0.0
10167,172167025,172167525,500,0,100.0,0.0
10168,172167525,172168025,500,0,100.0,0.0
10169,172168025,172168525,500,0,100.0,0.0
10170,172168525,172169025,500,0,100.0,0.0
10171,172169025,172169525,500,0,100.0,0.0
10172,172169525,172170025,500,0,100.0,0.0
10173,172170025,172170525,500,0,100.0,0.0
10174,172170525,172171025,500,0,100.0,0.0
10175,172171025,172171525,500,0,100.0,0.0
10176,172171525,172172025,500,0,100.0,0.0
10177,172172025,172172525,500,0,100.0,0.0
10178,172172525,172173025,500,0,100.0,0.0
10179,172173025,172173525,500,0,100.0,0.0
10180,172173525,172174025,500,0,100.0,0.0
10181,172174025,172174525,500,0,100.0,0.0
10182,172174525,172175025,500,0,100.0,0.0
10183,172175025,172175525,500,0,100.0,0.0
10184,172175525,172176025,500,0,100.0,0.0
10185,172176025,172176525,500,0,100.0,0.0
10186,172176525,172177025,500,0,100.0,0.0
10187,172177025,172177525,500,0,100.0,0.0
10188,172177525,172178025,27,473,5.4,94.6
10189,172178025,172178525,10,490,2.0,98.0
10190,172178525,172179025,9,491,1.7999999999999998,98.2
10191,172179025,172179525,46,454,9.2,90.8
10192,172179525,172180025,83,417,16.6,83.4
10193,172180025,172180525,273,227,54.6,45.4
10194,172180525,172181025,500,0,100.0,0.0
10195,172181025,172181525,500,0,100.0,0.0
10196,172181525,172182025,500,0,100.0,0.0
10197,172182025,172182525,500,0,100.0,0.0
10198,172182525,172183025,500,0,100.0,0.0
10199,172183025,172183525,500,0,100.0,0.0
10200,172183525,172184025,500,0,100.0,0.0
10201,172184025,172184525,500,0,100.0,0.0
10202,172184525,172185025,500,0,100.0,0.0
10203,172185025,172185525,500,0,100.0,0.0
10204,172185525,172186025,500,0,100.0,0.0
10205,172186025,172186525,500,0,100.0,0.0
10206,172186525,172187025,500,0,100.0,0.0
10207,172187025,172187525,500,0,100.0,0.0
10208,172187525,172188025,500,0,100.0,0.0
10209,172188025,172188525,500,0,100.0,0.0
10210,172188525,172189025,500,0,100.0,0.0
10211,172189025,172189525,500,0,100.0,0.0
10212,172189525,172190025,500,0,100.0,0.0
10213,172190025,172190525,500,0,100.0,0.0
10214,172190525,172191025,500,0,100.0,0.0
10215,172191025,172191525,500,0,100.0,0.0
10216,172191525,172192025,500,0,100.0,0.0
10217,172192025,172192525,500,0,100.0,0.0
10218,172192525,172193025,500,0,100.0,0.0
10219,172193025,172193525,500,0,100.0,0.0
10220,172193525,172194025,500,0,100.0,0.0
10221,172194025,172194525,500,0,100.0,0.0
10222,172194525,172195025,500,0,100.0,0.0
10223,172195025,172195525,500,0,100.0,0.0
10224,172195525,172196025,500,0,100.0,0.0
10225,172196025,172196525,500,0,100.0,0.0
10226,172196525,172197025,500,0,100.0,0.0
10227,172197025,172197525,360,140,72.0,28.0
10228,172197525,172198025,8,492,1.6,98.4
10229,172198025,172198525,10,490,2.0,98.0
10230,172198525,172199025,51,449,10.2,89.8
10231,172199025,172199525,39,461,7.8,92.2
10232,172199525,172200025,7,493,1.4000000000000001,98.6
10233,172200025,172200525,485,15,97.0,3.0
10234,172200525,172201025,500,0,100.0,0.0
10235,172201025,172201525,500,0,100.0,0.0
10236,172201525,172202025,500,0,100.0,0.0
10237,172202025,172202525,500,0,100.0,0.0
10238,172202525,172203025,500,0,100.0,0.0
10239,172203025,172203525,500,0,100.0,0.0
10240,172203525,172204025,500,0,100.0,0.0
10241,172204025,172204525,500,0,100.0,0.0
10242,172204525,172205025,500,0,100.0,0.0
10243,172205025,172205525,500,0,100.0,0.0
10244,172205525,172206025,500,0,100.0,0.0
10245,172206025,172206525,500,0,100.0,0.0
10246,172206525,172207025,500,0,100.0,0.0
10247,172207025,172207525,500,0,100.0,0.0
10248,172207525,172208025,500,0,100.0,0.0
10249,172208025,172208525,500,0,100.0,0.0
10250,172208525,172209025,500,0,100.0,0.0
10251,172209025,172209525,500,0,100.0,0.0
10252,172209525,172210025,500,0,100.0,0.0
10253,172210025,172210525,500,0,100.0,0.0
10254,172210525,172211025,500,0,100.0,0.0
10255,172211025,172211525,500,0,100.0,0.0
10256,172211525,172212025,500,0,100.0,0.0
10257,172212025,172212525,500,0,100.0,0.0
10258,172212525,172213025,500,0,100.0,0.0
10259,172213025,172213525,500,0,100.0,0.0
10260,172213525,172214025,500,0,100.0,0.0
10261,172214025,172214525,500,0,100.0,0.0
10262,172214525,172215025,500,0,100.0,0.0
10263,172215025,172215525,500,0,100.0,0.0
10264,172215525,172216025,500,0,100.0,0.0
10265,172216025,172216525,89,411,17.8,82.2
10266,172216525,172217025,7,493,1.4000000000000001,98.6
10267,172217025,172217525,13,487,2.6,97.4
10268,172217525,172218025,48,452,9.6,90.4
10269,172218025,172218525,86,414,17.2,82.8
10270,172218525,172219025,284,216,56.8,43.2
10271,172219025,172219525,500,0,100.0,0.0
10272,172219525,172220025,500,0,100.0,0.0
10273,172220025,172220525,500,0,100.0,0.0
10274,172220525,172221025,500,0,100.0,0.0
10275,172221025,172221525,500,0,100.0,0.0
10276,172221525,172222025,500,0,100.0,0.0
10277,172222025,172222525,500,0,100.0,0.0
10278,172222525,172223025,500,0,100.0,0.0
10279,172223025,172223525,500,0,100.0,0.0
10280,172223525,172224025,500,0,100.0,0.0
10281,172224025,172224525,500,0,100.0,0.0
10282,172224525,172225025,500,0,100.0,0.0
10283,172225025,172225525,500,0,100.0,0.0
10284,172225525,172226025,500,0,100.0,0.0
10285,172226025,172226525,500,0,100.0,0.0
10286,172226525,172227025,500,0,100.0,0.0
10287,172227025,172227525,500,0,100.0,0.0
10288,172227525,172228025,500,0,100.0,0.0
10289,172228025,172228525,500,0,100.0,0.0
10290,172228525,172229025,500,0,100.0,0.0
10291,172229025,172229525,500,0,100.0,0.0
10292,172229525,172230025,500,0,100.0,0.0
10293,172230025,172230525,500,0,100.0,0.0
10294,172230525,172231025,500,0,100.0,0.0
10295,172231025,172231525,500,0,100.0,0.0
10296,172231525,172232025,500,0,100.0,0.0
10297,172232025,172232525,500,0,100.0,0.0
10298,172232525,172233025,500,0,100.0,0.0
10299,172233025,172233525,500,0,100.0,0.0
10300,172233525,172234025,500,0,100.0,0.0
10301,172234025,172234525,500,0,100.0,0.0
10302,172234525,172235025,500,0,100.0,0.0
10303,172235025,172235525,500,0,100.0,0.0
10304,172235525,172236025,66,434,13.200000000000001,86.8
10305,172236025,172236525,8,492,1.6,98.4
10306,172236525,172237025,12,488,2.4,97.6
10307,172237025,172237525,57,443,11.4,88.6
10308,172237525,172238025,79,421,15.8,84.2
10309,172238025,172238525,175,325,35.0,65.0
10310,172238525,172239025,500,0,100.0,0.0
10311,172239025,172239525,500,0,100.0,0.0
10312,172239525,172240025,500,0,100.0,0.0
10313,172240025,172240525,500,0,100.0,0.0
10314,172240525,172241025,500,0,100.0,0.0
10315,172241025,172241525,500,0,100.0,0.0
10316,172241525,172242025,500,0,100.0,0.0
10317,172242025,172242525,500,0,100.0,0.0
10318,172242525,172243025,500,0,100.0,0.0
10319,172243025,172243525,500,0,100.0,0.0
10320,172243525,172244025,500,0,100.0,0.0
10321,172244025,172244525,500,0,100.0,0.0
10322,172244525,172245025,500,0,100.0,0.0
10323,172245025,172245525,500,0,100.0,0.0
10324,172245525,172246025,500,0,100.0,0.0
10325,172246025,172246525,500,0,100.0,0.0
10326,172246525,172247025,500,0,100.0,0.0
10327,172247025,172247525,500,0,100.0,0.0
10328,172247525,172248025,500,0,100.0,0.0
10329,172248025,172248525,500,0,100.0,0.0
10330,172248525,172249025,500,0,100.0,0.0
10331,172249025,172249525,500,0,100.0,0.0
10332,172249525,172250025,500,0,100.0,0.0
10333,172250025,172250525,500,0,100.0,0.0
10334,172250525,172251025,500,0,100.0,0.0
10335,172251025,172251525,500,0,100.0,0.0
10336,172251525,172252025,500,0,100.0,0.0
10337,172252025,172252525,500,0,100.0,0.0
10338,172252525,172253025,500,0,100.0,0.0
10339,172253025,172253525,500,0,100.0,0.0
10340,172253525,172254025,500,0,100.0,0.0
10341,172254025,172254525,500,0,100.0,0.0
10342,172254525,172255025,479,21,95.8,4.200000000000003
10343,172255025,172255525,13,487,2.6,97.4
10344,172255525,172256025,6,494,1.2,98.8
10345,172256025,172256525,16,484,3.2,96.8
10346,172256525,172257025,56,444,11.200000000000001,88.8
10347,172257025,172257525,64,436,12.8,87.2
10348,172257525,172258025,223,277,44.6,55.4
10349,172258025,172258525,500,0,100.0,0.0
10350,172258525,172259025,500,0,100.0,0.0
10351,172259025,172259525,500,0,100.0,0.0
10352,172259525,172260025,500,0,100.0,0.0
10353,172260025,172260525,500,0,100.0,0.0
10354,172260525,172261025,500,0,100.0,0.0
10355,172261025,172261525,500,0,100.0,0.0
10356,172261525,172262025,500,0,100.0,0.0
10357,172262025,172262525,500,0,100.0,0.0
10358,172262525,172263025,500,0,100.0,0.0
10359,172263025,172263525,500,0,100.0,0.0
10360,172263525,172264025,500,0,100.0,0.0
10361,172264025,172264525,500,0,100.0,0.0
10362,172264525,172265025,500,0,100.0,0.0
10363,172265025,172265525,500,0,100.0,0.0
10364,172265525,172266025,500,0,100.0,0.0
10365,172266025,172266525,500,0,100.0,0.0
10366,172266525,172267025,500,0,100.0,0.0
10367,172267025,172267525,500,0,100.0,0.0
10368,172267525,172268025,500,0,100.0,0.0
10369,172268025,172268525,500,0,100.0,0.0
10370,172268525,172269025,500,0,100.0,0.0
10371,172269025,172269525,500,0,100.0,0.0
10372,172269525,172270025,500,0,100.0,0.0
10373,172270025,172270525,500,0,100.0,0.0
10374,172270525,172271025,500,0,100.0,0.0
10375,172271025,172271525,500,0,100.0,0.0
10376,172271525,172272025,500,0,100.0,0.0
10377,172272025,172272525,500,0,100.0,0.0
10378,172272525,172273025,500,0,100.0,0.0
10379,172273025,172273525,500,0,100.0,0.0
10380,172273525,172274025,500,0,100.0,0.0
10381,172274025,172274525,500,0,100.0,0.0
10382,172274525,172275025,500,0,100.0,0.0
10383,172275025,172275525,500,0,100.0,0.0
10384,172275525,172276025,500,0,100.0,0.0
10385,172276025,172276525,500,0,100.0,0.0
10386,172276525,172277025,500,0,100.0,0.0
10387,172277025,172277525,500,0,100.0,0.0
10388,172277525,172278025,500,0,100.0,0.0
10389,172278025,172278525,301,199,60.199999999999996,39.800000000000004
10390,172278525,172279025,1,499,0.2,99.8
10391,172279025,172279525,9,491,1.7999999999999998,98.2
10392,172279525,172280025,10,490,2.0,98.0
10393,172280025,172280525,133,367,26.6,73.4
10394,172280525,172281025,7,493,1.4000000000000001,98.6
10395,172281025,172281525,80,420,16.0,84.0
10396,172281525,172282025,143,357,28.599999999999998,71.4
10397,172282025,172282525,500,0,100.0,0.0
10398,172282525,172283025,500,0,100.0,0.0
10399,172283025,172283525,500,0,100.0,0.0
10400,172283525,172284025,500,0,100.0,0.0
10401,172284025,172284525,500,0,100.0,0.0
10402,172284525,172285025,500,0,100.0,0.0
10403,172285025,172285525,500,0,100.0,0.0
10404,172285525,172286025,500,0,100.0,0.0
10405,172286025,172286525,500,0,100.0,0.0
10406,172286525,172287025,500,0,100.0,0.0
10407,172287025,172287525,500,0,100.0,0.0
10408,172287525,172288025,500,0,100.0,0.0
10409,172288025,172288525,500,0,100.0,0.0
10410,172288525,172289025,500,0,100.0,0.0
10411,172289025,172289525,500,0,100.0,0.0
10412,172289525,172290025,500,0,100.0,0.0
10413,172290025,172290525,500,0,100.0,0.0
10414,172290525,172291025,500,0,100.0,0.0
10415,172291025,172291525,500,0,100.0,0.0
10416,172291525,172292025,500,0,100.0,0.0
10417,172292025,172292525,500,0,100.0,0.0
10418,172292525,172293025,500,0,100.0,0.0
10419,172293025,172293525,500,0,100.0,0.0
10420,172293525,172294025,500,0,100.0,0.0
10421,172294025,172294525,500,0,100.0,0.0
10422,172294525,172295025,500,0,100.0,0.0
10423,172295025,172295525,500,0,100.0,0.0
10424,172295525,172296025,500,0,100.0,0.0
10425,172296025,172296525,500,0,100.0,0.0
10426,172296525,172297025,500,0,100.0,0.0
10427,172297025,172297525,500,0,100.0,0.0
10428,172297525,172298025,500,0,100.0,0.0
10429,172298025,172298525,500,0,100.0,0.0
10430,172298525,172299025,500,0,100.0,0.0
10431,172299025,172299525,500,0,100.0,0.0
10432,172299525,172300025,494,6,98.8,1.2000000000000028
10433,172300025,172300525,14,486,2.8000000000000003,97.2
10434,172300525,172301025,7,493,1.4000000000000001,98.6
10435,172301025,172301525,14,486,2.8000000000000003,97.2
10436,172301525,172302025,73,427,14.6,85.4
10437,172302025,172302525,97,403,19.400000000000002,80.6
10438,172302525,172303025,93,407,18.6,81.4
10439,172303025,172303525,500,0,100.0,0.0
10440,172303525,172304025,500,0,100.0,0.0
10441,172304025,172304525,500,0,100.0,0.0
10442,172304525,172305025,500,0,100.0,0.0
10443,172305025,172305525,500,0,100.0,0.0
10444,172305525,172306025,500,0,100.0,0.0
10445,172306025,172306525,500,0,100.0,0.0
10446,172306525,172307025,500,0,100.0,0.0
10447,172307025,172307525,500,0,100.0,0.0
10448,172307525,172308025,500,0,100.0,0.0
10449,172308025,172308525,500,0,100.0,0.0
10450,172308525,172309025,500,0,100.0,0.0
10451,172309025,172309525,500,0,100.0,0.0
10452,172309525,172310025,500,0,100.0,0.0
10453,172310025,172310525,500,0,100.0,0.0
10454,172310525,172311025,500,0,100.0,0.0
10455,172311025,172311525,500,0,100.0,0.0
10456,172311525,172312025,500,0,100.0,0.0
10457,172312025,172312525,500,0,100.0,0.0
10458,172312525,172313025,500,0,100.0,0.0
10459,172313025,172313525,500,0,100.0,0.0
10460,172313525,172314025,500,0,100.0,0.0
10461,172314025,172314525,500,0,100.0,0.0
10462,172314525,172315025,500,0,100.0,0.0
10463,172315025,172315525,500,0,100.0,0.0
10464,172315525,172316025,500,0,100.0,0.0
10465,172316025,172316525,500,0,100.0,0.0
10466,172316525,172317025,500,0,100.0,0.0
10467,172317025,172317525,500,0,100.0,0.0
10468,172317525,172318025,500,0,100.0,0.0
10469,172318025,172318525,500,0,100.0,0.0
10470,172318525,172319025,500,0,100.0,0.0
10471,172319025,172319525,500,0,100.0,0.0
10472,172319525,172320025,150,350,30.0,70.0
10473,172320025,172320525,8,492,1.6,98.4
10474,172320525,172321025,12,488,2.4,97.6
10475,172321025,172321525,64,436,12.8,87.2
10476,172321525,172322025,77,423,15.4,84.6
10477,172322025,172322525,40,460,8.0,92.0
10478,172322525,172323025,500,0,100.0,0.0
10479,172323025,172323525,500,0,100.0,0.0
10480,172323525,172324025,500,0,100.0,0.0
10481,172324025,172324525,500,0,100.0,0.0
10482,172324525,172325025,500,0,100.0,0.0
10483,172325025,172325525,500,0,100.0,0.0
10484,172325525,172326025,500,0,100.0,0.0
10485,172326025,172326525,500,0,100.0,0.0
10486,172326525,172327025,500,0,100.0,0.0
10487,172327025,172327525,500,0,100.0,0.0
10488,172327525,172328025,500,0,100.0,0.0
10489,172328025,172328525,500,0,100.0,0.0
10490,172328525,172329025,500,0,100.0,0.0
10491,172329025,172329525,500,0,100.0,0.0
10492,172329525,172330025,500,0,100.0,0.0
10493,172330025,172330525,500,0,100.0,0.0
10494,172330525,172331025,500,0,100.0,0.0
10495,172331025,172331525,500,0,100.0,0.0
10496,172331525,172332025,500,0,100.0,0.0
10497,172332025,172332525,500,0,100.0,0.0
10498,172332525,172333025,500,0,100.0,0.0
10499,172333025,172333525,500,0,100.0,0.0
10500,172333525,172334025,500,0,100.0,0.0
10501,172334025,172334525,500,0,100.0,0.0
10502,172334525,172335025,500,0,100.0,0.0
10503,172335025,172335525,500,0,100.0,0.0
10504,172335525,172336025,500,0,100.0,0.0
10505,172336025,172336525,500,0,100.0,0.0
10506,172336525,172337025,500,0,100.0,0.0
10507,172337025,172337525,500,0,100.0,0.0
10508,172337525,172338025,500,0,100.0,0.0
10509,172338025,172338525,500,0,100.0,0.0
10510,172338525,172339025,500,0,100.0,0.0
10511,172339025,172339525,500,0,100.0,0.0
10512,172339525,172340025,500,0,100.0,0.0
10513,172340025,172340525,309,191,61.8,38.2
10514,172340525,172341025,10,490,2.0,98.0
10515,172341025,172341525,10,490,2.0,98.0
10516,172341525,172342025,13,487,2.6,97.4
10517,172342025,172342525,90,410,18.0,82.0
10518,172342525,172343025,3,497,0.6,99.4
10519,172343025,172343525,150,350,30.0,70.0
10520,172343525,172344025,34,466,6.800000000000001,93.2
10521,172344025,172344525,227,273,45.4,54.6
10522,172344525,172345025,500,0,100.0,0.0
10523,172345025,172345525,500,0,100.0,0.0
10524,172345525,172346025,500,0,100.0,0.0
10525,172346025,172346525,500,0,100.0,0.0
10526,172346525,172347025,500,0,100.0,0.0
10527,172347025,172347525,500,0,100.0,0.0
10528,172347525,172348025,500,0,100.0,0.0
10529,172348025,172348525,500,0,100.0,0.0
10530,172348525,172349025,500,0,100.0,0.0
10531,172349025,172349525,500,0,100.0,0.0
10532,172349525,172350025,500,0,100.0,0.0
10533,172350025,172350525,500,0,100.0,0.0
10534,172350525,172351025,500,0,100.0,0.0
10535,172351025,172351525,500,0,100.0,0.0
10536,172351525,172352025,500,0,100.0,0.0
10537,172352025,172352525,500,0,100.0,0.0
10538,172352525,172353025,500,0,100.0,0.0
10539,172353025,172353525,500,0,100.0,0.0
10540,172353525,172354025,500,0,100.0,0.0
10541,172354025,172354525,500,0,100.0,0.0
10542,172354525,172355025,500,0,100.0,0.0
10543,172355025,172355525,500,0,100.0,0.0
10544,172355525,172356025,500,0,100.0,0.0
10545,172356025,172356525,500,0,100.0,0.0
10546,172356525,172357025,500,0,100.0,0.0
10547,172357025,172357525,500,0,100.0,0.0
10548,172357525,172358025,500,0,100.0,0.0
10549,172358025,172358525,500,0,100.0,0.0
10550,172358525,172359025,500,0,100.0,0.0
10551,172359025,172359525,500,0,100.0,0.0
10552,172359525,172360025,500,0,100.0,0.0
10553,172360025,172360525,500,0,100.0,0.0
10554,172360525,172361025,500,0,100.0,0.0
10555,172361025,172361525,500,0,100.0,0.0
10556,172361525,172362025,56,444,11.200000000000001,88.8
10557,172362025,172362525,9,491,1.7999999999999998,98.2
10558,172362525,172363025,9,491,1.7999999999999998,98.2
10559,172363025,172363525,90,410,18.0,82.0
10560,172363525,172364025,41,459,8.200000000000001,91.8
10561,172364025,172364525,12,488,2.4,97.6
10562,172364525,172365025,483,17,96.6,3.4000000000000057
10563,172365025,172365525,500,0,100.0,0.0
10564,172365525,172366025,500,0,100.0,0.0
10565,172366025,172366525,500,0,100.0,0.0
10566,172366525,172367025,500,0,100.0,0.0
10567,172367025,172367525,500,0,100.0,0.0
10568,172367525,172368025,500,0,100.0,0.0
10569,172368025,172368525,500,0,100.0,0.0
10570,172368525,172369025,500,0,100.0,0.0
10571,172369025,172369525,500,0,100.0,0.0
10572,172369525,172370025,500,0,100.0,0.0
10573,172370025,172370525,500,0,100.0,0.0
10574,172370525,172371025,500,0,100.0,0.0
10575,172371025,172371525,500,0,100.0,0.0
10576,172371525,172372025,500,0,100.0,0.0
10577,172372025,172372525,500,0,100.0,0.0
10578,172372525,172373025,500,0,100.0,0.0
10579,172373025,172373525,500,0,100.0,0.0
10580,172373525,172374025,500,0,100.0,0.0
10581,172374025,172374525,500,0,100.0,0.0
10582,172374525,172375025,500,0,100.0,0.0
10583,172375025,172375525,500,0,100.0,0.0
10584,172375525,172376025,500,0,100.0,0.0
10585,172376025,172376525,500,0,100.0,0.0
10586,172376525,172377025,500,0,100.0,0.0
10587,172377025,172377525,500,0,100.0,0.0
10588,172377525,172378025,500,0,100.0,0.0
10589,172378025,172378525,500,0,100.0,0.0
10590,172378525,172379025,500,0,100.0,0.0
10591,172379025,172379525,500,0,100.0,0.0
10592,172379525,172380025,500,0,100.0,0.0
10593,172380025,172380525,500,0,100.0,0.0
10594,172380525,172381025,500,0,100.0,0.0
10595,172381025,172381525,500,0,100.0,0.0
10596,172381525,172382025,500,0,100.0,0.0
10597,172382025,172382525,500,0,100.0,0.0
10598,172382525,172383025,500,0,100.0,0.0
10599,172383025,172383525,500,0,100.0,0.0
10600,172383525,172384025,500,0,100.0,0.0
10601,172384025,172384525,500,0,100.0,0.0
10602,172384525,172385025,500,0,100.0,0.0
10603,172385025,172385525,500,0,100.0,0.0
10604,172385525,172386025,500,0,100.0,0.0
10605,172386025,172386525,500,0,100.0,0.0
10606,172386525,172387025,500,0,100.0,0.0
10607,172387025,172387525,500,0,100.0,0.0
10608,172387525,172388025,500,0,100.0,0.0
10609,172388025,172388525,500,0,100.0,0.0
10610,172388525,172389025,500,0,100.0,0.0
10611,172389025,172389525,500,0,100.0,0.0
10612,172389525,172390025,500,0,100.0,0.0
10613,172390025,172390525,500,0,100.0,0.0
10614,172390525,172391025,500,0,100.0,0.0
10615,172391025,172391525,500,0,100.0,0.0
10616,172391525,172392025,500,0,100.0,0.0
10617,172392025,172392525,500,0,100.0,0.0
10618,172392525,172393025,500,0,100.0,0.0
10619,172393025,172393525,500,0,100.0,0.0
10620,172393525,172394025,500,0,100.0,0.0
10621,172394025,172394525,500,0,100.0,0.0
10622,172394525,172395025,500,0,100.0,0.0
10623,172395025,172395525,500,0,100.0,0.0
10624,172395525,172396025,500,0,100.0,0.0
10625,172396025,172396525,500,0,100.0,0.0
10626,172396525,172397025,500,0,100.0,0.0
10627,172397025,172397525,500,0,100.0,0.0
10628,172397525,172398025,500,0,100.0,0.0
10629,172398025,172398525,500,0,100.0,0.0
10630,172398525,172399025,500,0,100.0,0.0
10631,172399025,172399525,500,0,100.0,0.0
10632,172399525,172400025,500,0,100.0,0.0
10633,172400025,172400525,500,0,100.0,0.0
10634,172400525,172401025,500,0,100.0,0.0
10635,172401025,172401525,500,0,100.0,0.0
10636,172401525,172402025,500,0,100.0,0.0
10637,172402025,172402525,500,0,100.0,0.0
10638,172402525,172403025,203,297,40.6,59.4
10639,172403025,172403525,25,475,5.0,95.0
10640,172403525,172404025,6,494,1.2,98.8
10641,172404025,172404525,5,495,1.0,99.0
10642,172404525,172405025,0,500,0.0,100.0
10643,172405025,172405525,11,489,2.1999999999999997,97.8
10644,172405525,172406025,13,487,2.6,97.4
10645,172406025,172406525,22,478,4.3999999999999995,95.6
10646,172406525,172407025,97,403,19.400000000000002,80.6
10647,172407025,172407525,117,383,23.400000000000002,76.6
10648,172407525,172408025,5,495,1.0,99.0
10649,172408025,172408525,184,316,36.8,63.2
10650,172408525,172409025,500,0,100.0,0.0
10651,172409025,172409525,500,0,100.0,0.0
10652,172409525,172410025,500,0,100.0,0.0
10653,172410025,172410525,500,0,100.0,0.0
10654,172410525,172411025,500,0,100.0,0.0
10655,172411025,172411525,500,0,100.0,0.0
10656,172411525,172412025,500,0,100.0,0.0
10657,172412025,172412525,500,0,100.0,0.0
10658,172412525,172413025,500,0,100.0,0.0
10659,172413025,172413525,500,0,100.0,0.0
10660,172413525,172414025,500,0,100.0,0.0
10661,172414025,172414525,500,0,100.0,0.0
10662,172414525,172415025,500,0,100.0,0.0
10663,172415025,172415525,500,0,100.0,0.0
10664,172415525,172416025,500,0,100.0,0.0
10665,172416025,172416525,500,0,100.0,0.0
10666,172416525,172417025,500,0,100.0,0.0
10667,172417025,172417525,500,0,100.0,0.0
10668,172417525,172418025,500,0,100.0,0.0
10669,172418025,172418525,500,0,100.0,0.0
10670,172418525,172419025,500,0,100.0,0.0
10671,172419025,172419525,500,0,100.0,0.0
10672,172419525,172420025,500,0,100.0,0.0
10673,172420025,172420525,500,0,100.0,0.0
10674,172420525,172421025,500,0,100.0,0.0
10675,172421025,172421525,500,0,100.0,0.0
10676,172421525,172422025,500,0,100.0,0.0
10677,172422025,172422525,500,0,100.0,0.0
10678,172422525,172423025,500,0,100.0,0.0
10679,172423025,172423525,500,0,100.0,0.0
10680,172423525,172424025,500,0,100.0,0.0
10681,172424025,172424525,500,0,100.0,0.0
10682,172424525,172425025,500,0,100.0,0.0
10683,172425025,172425525,500,0,100.0,0.0
10684,172425525,172426025,500,0,100.0,0.0
10685,172426025,172426525,500,0,100.0,0.0
10686,172426525,172427025,500,0,100.0,0.0
10687,172427025,172427525,500,0,100.0,0.0
10688,172427525,172428025,500,0,100.0,0.0
10689,172428025,172428525,500,0,100.0,0.0
10690,172428525,172429025,500,0,100.0,0.0
10691,172429025,172429525,500,0,100.0,0.0
10692,172429525,172430025,500,0,100.0,0.0
10693,172430025,172430525,93,407,18.6,81.4
10694,172430525,172431025,6,494,1.2,98.8
10695,172431025,172431525,10,490,2.0,98.0
10696,172431525,172432025,13,487,2.6,97.4
10697,172432025,172432525,120,380,24.0,76.0
10698,172432525,172433025,84,416,16.8,83.2
10699,172433025,172433525,44,456,8.799999999999999,91.2
10700,172433525,172434025,500,0,100.0,0.0
10701,172434025,172434525,500,0,100.0,0.0
10702,172434525,172435025,500,0,100.0,0.0
10703,172435025,172435525,500,0,100.0,0.0
10704,172435525,172436025,500,0,100.0,0.0
10705,172436025,172436525,500,0,100.0,0.0
10706,172436525,172437025,500,0,100.0,0.0
10707,172437025,172437525,500,0,100.0,0.0
10708,172437525,172438025,500,0,100.0,0.0
10709,172438025,172438525,500,0,100.0,0.0
10710,172438525,172439025,500,0,100.0,0.0
10711,172439025,172439525,500,0,100.0,0.0
10712,172439525,172440025,500,0,100.0,0.0
10713,172440025,172440525,500,0,100.0,0.0
10714,172440525,172441025,500,0,100.0,0.0
10715,172441025,172441525,500,0,100.0,0.0
10716,172441525,172442025,500,0,100.0,0.0
10717,172442025,172442525,500,0,100.0,0.0
10718,172442525,172443025,500,0,100.0,0.0
10719,172443025,172443525,500,0,100.0,0.0
10720,172443525,172444025,500,0,100.0,0.0
10721,172444025,172444525,500,0,100.0,0.0
10722,172444525,172445025,500,0,100.0,0.0
10723,172445025,172445525,500,0,100.0,0.0
10724,172445525,172446025,500,0,100.0,0.0
10725,172446025,172446525,500,0,100.0,0.0
10726,172446525,172447025,500,0,100.0,0.0
10727,172447025,172447525,500,0,100.0,0.0
10728,172447525,172448025,500,0,100.0,0.0
10729,172448025,172448525,500,0,100.0,0.0
10730,172448525,172449025,500,0,100.0,0.0
10731,172449025,172449525,500,0,100.0,0.0
10732,172449525,172450025,500,0,100.0,0.0
10733,172450025,172450525,500,0,100.0,0.0
10734,172450525,172451025,500,0,100.0,0.0
10735,172451025,172451525,500,0,100.0,0.0
10736,172451525,172452025,500,0,100.0,0.0
10737,172452025,172452525,500,0,100.0,0.0
10738,172452525,172453025,500,0,100.0,0.0
10739,172453025,172453525,491,9,98.2,1.7999999999999972
10740,172453525,172454025,15,485,3.0,97.0
10741,172454025,172454525,7,493,1.4000000000000001,98.6
10742,172454525,172455025,12,488,2.4,97.6
10743,172455025,172455525,123,377,24.6,75.4
10744,172455525,172456025,5,495,1.0,99.0
10745,172456025,172456525,117,383,23.400000000000002,76.6
10746,172456525,172457025,0,500,0.0,100.0
10747,172457025,172457525,9,491,1.7999999999999998,98.2
10748,172457525,172458025,192,308,38.4,61.6
10749,172458025,172458525,500,0,100.0,0.0
10750,172458525,172459025,500,0,100.0,0.0
10751,172459025,172459525,500,0,100.0,0.0
10752,172459525,172460025,500,0,100.0,0.0
10753,172460025,172460525,500,0,100.0,0.0
10754,172460525,172461025,500,0,100.0,0.0
10755,172461025,172461525,500,0,100.0,0.0
10756,172461525,172462025,500,0,100.0,0.0
10757,172462025,172462525,500,0,100.0,0.0
10758,172462525,172463025,500,0,100.0,0.0
10759,172463025,172463525,500,0,100.0,0.0
10760,172463525,172464025,500,0,100.0,0.0
10761,172464025,172464525,500,0,100.0,0.0
10762,172464525,172465025,500,0,100.0,0.0
10763,172465025,172465525,500,0,100.0,0.0
10764,172465525,172466025,500,0,100.0,0.0
10765,172466025,172466525,500,0,100.0,0.0
10766,172466525,172467025,500,0,100.0,0.0
10767,172467025,172467525,500,0,100.0,0.0
10768,172467525,172468025,500,0,100.0,0.0
10769,172468025,172468525,500,0,100.0,0.0
10770,172468525,172469025,500,0,100.0,0.0
10771,172469025,172469525,500,0,100.0,0.0
10772,172469525,172470025,500,0,100.0,0.0
10773,172470025,172470525,500,0,100.0,0.0
10774,172470525,172471025,500,0,100.0,0.0
10775,172471025,172471525,500,0,100.0,0.0
10776,172471525,172472025,500,0,100.0,0.0
10777,172472025,172472525,500,0,100.0,0.0
10778,172472525,172473025,500,0,100.0,0.0
10779,172473025,172473525,500,0,100.0,0.0
10780,172473525,172474025,500,0,100.0,0.0
10781,172474025,172474525,500,0,100.0,0.0
10782,172474525,172475025,500,0,100.0,0.0
10783,172475025,172475525,500,0,100.0,0.0
10784,172475525,172476025,500,0,100.0,0.0
10785,172476025,172476525,500,0,100.0,0.0
10786,172476525,172477025,500,0,100.0,0.0
10787,172477025,172477525,500,0,100.0,0.0
10788,172477525,172478025,500,0,100.0,0.0
10789,172478025,172478525,500,0,100.0,0.0
10790,172478525,172479025,500,0,100.0,0.0
10791,172479025,172479525,500,0,100.0,0.0
10792,172479525,172480025,431,69,86.2,13.799999999999997
10793,172480025,172480525,16,484,3.2,96.8
10794,172480525,172481025,6,494,1.2,98.8
10795,172481025,172481525,16,484,3.2,96.8
10796,172481525,172482025,106,394,21.2,78.8
10797,172482025,172482525,6,494,1.2,98.8
10798,172482525,172483025,53,447,10.6,89.4
10799,172483025,172483525,167,333,33.4,66.6
10800,172483525,172484025,500,0,100.0,0.0
10801,172484025,172484525,500,0,100.0,0.0
10802,172484525,172485025,500,0,100.0,0.0
10803,172485025,172485525,500,0,100.0,0.0
10804,172485525,172486025,500,0,100.0,0.0
10805,172486025,172486525,500,0,100.0,0.0
10806,172486525,172487025,500,0,100.0,0.0
10807,172487025,172487525,500,0,100.0,0.0
10808,172487525,172488025,500,0,100.0,0.0
10809,172488025,172488525,500,0,100.0,0.0
10810,172488525,172489025,500,0,100.0,0.0
10811,172489025,172489525,500,0,100.0,0.0
10812,172489525,172490025,500,0,100.0,0.0
10813,172490025,172490525,500,0,100.0,0.0
10814,172490525,172491025,500,0,100.0,0.0
10815,172491025,172491525,500,0,100.0,0.0
10816,172491525,172492025,500,0,100.0,0.0
10817,172492025,172492525,500,0,100.0,0.0
10818,172492525,172493025,500,0,100.0,0.0
10819,172493025,172493525,500,0,100.0,0.0
10820,172493525,172494025,500,0,100.0,0.0
10821,172494025,172494525,500,0,100.0,0.0
10822,172494525,172495025,500,0,100.0,0.0
10823,172495025,172495525,500,0,100.0,0.0
10824,172495525,172496025,500,0,100.0,0.0
10825,172496025,172496525,500,0,100.0,0.0
10826,172496525,172497025,500,0,100.0,0.0
10827,172497025,172497525,500,0,100.0,0.0
10828,172497525,172498025,500,0,100.0,0.0
10829,172498025,172498525,500,0,100.0,0.0
10830,172498525,172499025,500,0,100.0,0.0
10831,172499025,172499525,500,0,100.0,0.0
10832,172499525,172500025,500,0,100.0,0.0
10833,172500025,172500525,500,0,100.0,0.0
10834,172500525,172501025,500,0,100.0,0.0
10835,172501025,172501525,500,0,100.0,0.0
10836,172501525,172502025,500,0,100.0,0.0
10837,172502025,172502525,500,0,100.0,0.0
10838,172502525,172503025,500,0,100.0,0.0
10839,172503025,172503525,500,0,100.0,0.0
10840,172503525,172504025,153,347,30.599999999999998,69.4
10841,172504025,172504525,8,492,1.6,98.4
10842,172504525,172505025,8,492,1.6,98.4
10843,172505025,172505525,20,480,4.0,96.0
10844,172505525,172506025,106,394,21.2,78.8
10845,172506025,172506525,82,418,16.400000000000002,83.6
10846,172506525,172507025,6,494,1.2,98.8
10847,172507025,172507525,477,23,95.39999999999999,4.6000000000000085
10848,172507525,172508025,500,0,100.0,0.0
10849,172508025,172508525,500,0,100.0,0.0
10850,172508525,172509025,500,0,100.0,0.0
10851,172509025,172509525,500,0,100.0,0.0
10852,172509525,172510025,500,0,100.0,0.0
10853,172510025,172510525,500,0,100.0,0.0
10854,172510525,172511025,500,0,100.0,0.0
10855,172511025,172511525,500,0,100.0,0.0
10856,172511525,172512025,500,0,100.0,0.0
10857,172512025,172512525,500,0,100.0,0.0
10858,172512525,172513025,500,0,100.0,0.0
10859,172513025,172513525,500,0,100.0,0.0
10860,172513525,172514025,500,0,100.0,0.0
10861,172514025,172514525,500,0,100.0,0.0
10862,172514525,172515025,500,0,100.0,0.0
10863,172515025,172515525,500,0,100.0,0.0
10864,172515525,172516025,500,0,100.0,0.0
10865,172516025,172516525,500,0,100.0,0.0
10866,172516525,172517025,500,0,100.0,0.0
10867,172517025,172517525,500,0,100.0,0.0
10868,172517525,172518025,500,0,100.0,0.0
10869,172518025,172518525,500,0,100.0,0.0
10870,172518525,172519025,500,0,100.0,0.0
10871,172519025,172519525,500,0,100.0,0.0
10872,172519525,172520025,500,0,100.0,0.0
10873,172520025,172520525,500,0,100.0,0.0
10874,172520525,172521025,500,0,100.0,0.0
10875,172521025,172521525,500,0,100.0,0.0
10876,172521525,172522025,500,0,100.0,0.0
10877,172522025,172522525,500,0,100.0,0.0
10878,172522525,172523025,500,0,100.0,0.0
10879,172523025,172523525,500,0,100.0,0.0
10880,172523525,172524025,500,0,100.0,0.0
10881,172524025,172524525,500,0,100.0,0.0
10882,172524525,172525025,500,0,100.0,0.0
10883,172525025,172525525,500,0,100.0,0.0
10884,172525525,172526025,500,0,100.0,0.0
10885,172526025,172526525,500,0,100.0,0.0
10886,172526525,172527025,500,0,100.0,0.0
10887,172527025,172527525,500,0,100.0,0.0
10888,172527525,172528025,500,0,100.0,0.0
10889,172528025,172528525,500,0,100.0,0.0
10890,172528525,172529025,500,0,100.0,0.0
10891,172529025,172529525,500,0,100.0,0.0
10892,172529525,172530025,500,0,100.0,0.0
10893,172530025,172530525,500,0,100.0,0.0
10894,172530525,172531025,500,0,100.0,0.0
10895,172531025,172531525,500,0,100.0,0.0
10896,172531525,172532025,500,0,100.0,0.0
10897,172532025,172532525,500,0,100.0,0.0
10898,172532525,172533025,500,0,100.0,0.0
10899,172533025,172533525,500,0,100.0,0.0
10900,172533525,172534025,500,0,100.0,0.0
10901,172534025,172534525,41,459,8.200000000000001,91.8
10902,172534525,172535025,6,494,1.2,98.8
10903,172535025,172535525,10,490,2.0,98.0
10904,172535525,172536025,15,485,3.0,97.0
10905,172536025,172536525,165,335,33.0,67.0
10906,172536525,172537025,6,494,1.2,98.8
10907,172537025,172537525,5,495,1.0,99.0
10908,172537525,172538025,153,347,30.599999999999998,69.4
10909,172538025,172538525,155,345,31.0,69.0
10910,172538525,172539025,4,496,0.8,99.2
10911,172539025,172539525,373,127,74.6,25.400000000000006
10912,172539525,172540025,500,0,100.0,0.0
10913,172540025,172540525,500,0,100.0,0.0
10914,172540525,172541025,500,0,100.0,0.0
10915,172541025,172541525,500,0,100.0,0.0
10916,172541525,172542025,500,0,100.0,0.0
10917,172542025,172542525,500,0,100.0,0.0
10918,172542525,172543025,500,0,100.0,0.0
10919,172543025,172543525,500,0,100.0,0.0
10920,172543525,172544025,500,0,100.0,0.0
10921,172544025,172544525,500,0,100.0,0.0
10922,172544525,172545025,500,0,100.0,0.0
10923,172545025,172545525,500,0,100.0,0.0
10924,172545525,172546025,500,0,100.0,0.0
10925,172546025,172546525,500,0,100.0,0.0
10926,172546525,172547025,500,0,100.0,0.0
10927,172547025,172547525,500,0,100.0,0.0
10928,172547525,172548025,500,0,100.0,0.0
10929,172548025,172548525,500,0,100.0,0.0
10930,172548525,172549025,500,0,100.0,0.0
10931,172549025,172549525,500,0,100.0,0.0
10932,172549525,172550025,500,0,100.0,0.0
10933,172550025,172550525,500,0,100.0,0.0
10934,172550525,172551025,500,0,100.0,0.0
10935,172551025,172551525,500,0,100.0,0.0
10936,172551525,172552025,500,0,100.0,0.0
10937,172552025,172552525,500,0,100.0,0.0
10938,172552525,172553025,500,0,100.0,0.0
10939,172553025,172553525,500,0,100.0,0.0
10940,172553525,172554025,500,0,100.0,0.0
10941,172554025,172554525,500,0,100.0,0.0
10942,172554525,172555025,500,0,100.0,0.0
10943,172555025,172555525,500,0,100.0,0.0
10944,172555525,172556025,500,0,100.0,0.0
10945,172556025,172556525,500,0,100.0,0.0
10946,172556525,172557025,500,0,100.0,0.0
10947,172557025,172557525,500,0,100.0,0.0
10948,172557525,172558025,500,0,100.0,0.0
10949,172558025,172558525,500,0,100.0,0.0
10950,172558525,172559025,500,0,100.0,0.0
10951,172559025,172559525,500,0,100.0,0.0
10952,172559525,172560025,500,0,100.0,0.0
10953,172560025,172560525,500,0,100.0,0.0
10954,172560525,172561025,500,0,100.0,0.0
10955,172561025,172561525,500,0,100.0,0.0
10956,172561525,172562025,500,0,100.0,0.0
10957,172562025,172562525,500,0,100.0,0.0
10958,172562525,172563025,500,0,100.0,0.0
10959,172563025,172563525,500,0,100.0,0.0
10960,172563525,172564025,500,0,100.0,0.0
10961,172564025,172564525,500,0,100.0,0.0
10962,172564525,172565025,500,0,100.0,0.0
10963,172565025,172565525,500,0,100.0,0.0
10964,172565525,172566025,500,0,100.0,0.0
10965,172566025,172566525,500,0,100.0,0.0
10966,172566525,172567025,500,0,100.0,0.0
10967,172567025,172567525,500,0,100.0,0.0
10968,172567525,172568025,500,0,100.0,0.0
10969,172568025,172568525,500,0,100.0,0.0
10970,172568525,172569025,500,0,100.0,0.0
10971,172569025,172569525,500,0,100.0,0.0
10972,172569525,172570025,500,0,100.0,0.0
10973,172570025,172570525,500,0,100.0,0.0
10974,172570525,172571025,500,0,100.0,0.0
10975,172571025,172571525,500,0,100.0,0.0
10976,172571525,172572025,158,342,31.6,68.4
10977,172572025,172572525,9,491,1.7999999999999998,98.2
10978,172572525,172573025,6,494,1.2,98.8
10979,172573025,172573525,22,478,4.3999999999999995,95.6
10980,172573525,172574025,90,410,18.0,82.0
10981,172574025,172574525,6,494,1.2,98.8
10982,172574525,172575025,114,386,22.8,77.2
10983,172575025,172575525,74,426,14.799999999999999,85.2
10984,172575525,172576025,500,0,100.0,0.0
10985,172576025,172576525,500,0,100.0,0.0
10986,172576525,172577025,500,0,100.0,0.0
10987,172577025,172577525,500,0,100.0,0.0
10988,172577525,172578025,500,0,100.0,0.0
10989,172578025,172578525,500,0,100.0,0.0
10990,172578525,172579025,500,0,100.0,0.0
10991,172579025,172579525,500,0,100.0,0.0
10992,172579525,172580025,500,0,100.0,0.0
10993,172580025,172580525,500,0,100.0,0.0
10994,172580525,172581025,500,0,100.0,0.0
10995,172581025,172581525,500,0,100.0,0.0
10996,172581525,172582025,500,0,100.0,0.0
10997,172582025,172582525,500,0,100.0,0.0
10998,172582525,172583025,500,0,100.0,0.0
10999,172583025,172583525,500,0,100.0,0.0
11000,172583525,172584025,500,0,100.0,0.0
11001,172584025,172584525,500,0,100.0,0.0
11002,172584525,172585025,500,0,100.0,0.0
11003,172585025,172585525,500,0,100.0,0.0
11004,172585525,172586025,500,0,100.0,0.0
11005,172586025,172586525,500,0,100.0,0.0
11006,172586525,172587025,500,0,100.0,0.0
11007,172587025,172587525,500,0,100.0,0.0
11008,172587525,172588025,500,0,100.0,0.0
11009,172588025,172588525,500,0,100.0,0.0
11010,172588525,172589025,500,0,100.0,0.0
11011,172589025,172589525,500,0,100.0,0.0
11012,172589525,172590025,500,0,100.0,0.0
11013,172590025,172590525,500,0,100.0,0.0
11014,172590525,172591025,500,0,100.0,0.0
11015,172591025,172591525,500,0,100.0,0.0
11016,172591525,172592025,500,0,100.0,0.0
11017,172592025,172592525,500,0,100.0,0.0
11018,172592525,172593025,500,0,100.0,0.0
11019,172593025,172593525,500,0,100.0,0.0
11020,172593525,172594025,500,0,100.0,0.0
11021,172594025,172594525,500,0,100.0,0.0
11022,172594525,172595025,500,0,100.0,0.0
11023,172595025,172595525,500,0,100.0,0.0
11024,172595525,172596025,500,0,100.0,0.0
11025,172596025,172596525,500,0,100.0,0.0
11026,172596525,172597025,500,0,100.0,0.0
11027,172597025,172597525,500,0,100.0,0.0
11028,172597525,172598025,500,0,100.0,0.0
11029,172598025,172598525,500,0,100.0,0.0
11030,172598525,172599025,500,0,100.0,0.0
11031,172599025,172599525,500,0,100.0,0.0
11032,172599525,172600025,500,0,100.0,0.0
11033,172600025,172600525,500,0,100.0,0.0
11034,172600525,172601025,500,0,100.0,0.0
11035,172601025,172601525,500,0,100.0,0.0
11036,172601525,172602025,500,0,100.0,0.0
11037,172602025,172602525,500,0,100.0,0.0
11038,172602525,172603025,500,0,100.0,0.0
11039,172603025,172603525,500,0,100.0,0.0
11040,172603525,172604025,500,0,100.0,0.0
11041,172604025,172604525,500,0,100.0,0.0
11042,172604525,172605025,500,0,100.0,0.0
11043,172605025,172605525,500,0,100.0,0.0
11044,172605525,172606025,500,0,100.0,0.0
11045,172606025,172606525,500,0,100.0,0.0
11046,172606525,172607025,500,0,100.0,0.0
11047,172607025,172607525,500,0,100.0,0.0
11048,172607525,172608025,500,0,100.0,0.0
11049,172608025,172608525,359,141,71.8,28.200000000000003
11050,172608525,172609025,6,494,1.2,98.8
11051,172609025,172609525,8,492,1.6,98.4
11052,172609525,172610025,10,490,2.0,98.0
11053,172610025,172610525,5,495,1.0,99.0
11054,172610525,172611025,0,500,0.0,100.0
11055,172611025,172611525,27,473,5.4,94.6
11056,172611525,172612025,2,498,0.4,99.6
11057,172612025,172612525,3,497,0.6,99.4
11058,172612525,172613025,4,496,0.8,99.2
11059,172613025,172613525,172,328,34.4,65.6
11060,172613525,172614025,5,495,1.0,99.0
11061,172614025,172614525,131,369,26.200000000000003,73.8
11062,172614525,172615025,5,495,1.0,99.0
11063,172615025,172615525,328,172,65.60000000000001,34.39999999999999
11064,172615525,172616025,500,0,100.0,0.0
11065,172616025,172616525,500,0,100.0,0.0
11066,172616525,172617025,500,0,100.0,0.0
11067,172617025,172617525,500,0,100.0,0.0
11068,172617525,172618025,500,0,100.0,0.0
11069,172618025,172618525,500,0,100.0,0.0
11070,172618525,172619025,500,0,100.0,0.0
11071,172619025,172619525,500,0,100.0,0.0
11072,172619525,172620025,500,0,100.0,0.0
11073,172620025,172620525,500,0,100.0,0.0
11074,172620525,172621025,500,0,100.0,0.0
11075,172621025,172621525,500,0,100.0,0.0
11076,172621525,172622025,500,0,100.0,0.0
11077,172622025,172622525,500,0,100.0,0.0
11078,172622525,172623025,500,0,100.0,0.0
11079,172623025,172623525,500,0,100.0,0.0
11080,172623525,172624025,500,0,100.0,0.0
11081,172624025,172624525,500,0,100.0,0.0
11082,172624525,172625025,500,0,100.0,0.0
11083,172625025,172625525,500,0,100.0,0.0
11084,172625525,172626025,500,0,100.0,0.0
11085,172626025,172626525,500,0,100.0,0.0
11086,172626525,172627025,500,0,100.0,0.0
11087,172627025,172627525,500,0,100.0,0.0
11088,172627525,172628025,500,0,100.0,0.0
11089,172628025,172628525,500,0,100.0,0.0
11090,172628525,172629025,500,0,100.0,0.0
11091,172629025,172629525,500,0,100.0,0.0
11092,172629525,172630025,500,0,100.0,0.0
11093,172630025,172630525,500,0,100.0,0.0
11094,172630525,172631025,500,0,100.0,0.0
11095,172631025,172631525,500,0,100.0,0.0
11096,172631525,172632025,500,0,100.0,0.0
11097,172632025,172632525,500,0,100.0,0.0
11098,172632525,172633025,500,0,100.0,0.0
11099,172633025,172633525,500,0,100.0,0.0
11100,172633525,172634025,500,0,100.0,0.0
11101,172634025,172634525,500,0,100.0,0.0
11102,172634525,172635025,500,0,100.0,0.0
11103,172635025,172635525,500,0,100.0,0.0
11104,172635525,172636025,500,0,100.0,0.0
11105,172636025,172636525,500,0,100.0,0.0
11106,172636525,172637025,500,0,100.0,0.0
11107,172637025,172637525,500,0,100.0,0.0
11108,172637525,172638025,500,0,100.0,0.0
11109,172638025,172638525,500,0,100.0,0.0
11110,172638525,172639025,500,0,100.0,0.0
11111,172639025,172639525,500,0,100.0,0.0
11112,172639525,172640025,500,0,100.0,0.0
11113,172640025,172640525,188,312,37.6,62.4
11114,172640525,172641025,95,405,19.0,81.0
11115,172641025,172641525,7,493,1.4000000000000001,98.6
11116,172641525,172642025,6,494,1.2,98.8
11117,172642025,172642525,22,478,4.3999999999999995,95.6
11118,172642525,172643025,89,411,17.8,82.2
11119,172643025,172643525,7,493,1.4000000000000001,98.6
11120,172643525,172644025,125,375,25.0,75.0
11121,172644025,172644525,7,493,1.4000000000000001,98.6
11122,172644525,172645025,164,336,32.800000000000004,67.19999999999999
11123,172645025,172645525,500,0,100.0,0.0
11124,172645525,172646025,500,0,100.0,0.0
11125,172646025,172646525,500,0,100.0,0.0
11126,172646525,172647025,500,0,100.0,0.0
11127,172647025,172647525,500,0,100.0,0.0
11128,172647525,172648025,500,0,100.0,0.0
11129,172648025,172648525,500,0,100.0,0.0
11130,172648525,172649025,500,0,100.0,0.0
11131,172649025,172649525,500,0,100.0,0.0
11132,172649525,172650025,500,0,100.0,0.0
11133,172650025,172650525,500,0,100.0,0.0
11134,172650525,172651025,500,0,100.0,0.0
11135,172651025,172651525,500,0,100.0,0.0
11136,172651525,172652025,500,0,100.0,0.0
11137,172652025,172652525,500,0,100.0,0.0
11138,172652525,172653025,500,0,100.0,0.0
11139,172653025,172653525,500,0,100.0,0.0
11140,172653525,172654025,500,0,100.0,0.0
11141,172654025,172654525,500,0,100.0,0.0
11142,172654525,172655025,500,0,100.0,0.0
11143,172655025,172655525,500,0,100.0,0.0
11144,172655525,172656025,500,0,100.0,0.0
11145,172656025,172656525,500,0,100.0,0.0
11146,172656525,172657025,500,0,100.0,0.0
11147,172657025,172657525,500,0,100.0,0.0
11148,172657525,172658025,500,0,100.0,0.0
11149,172658025,172658525,500,0,100.0,0.0
11150,172658525,172659025,500,0,100.0,0.0
11151,172659025,172659525,500,0,100.0,0.0
11152,172659525,172660025,500,0,100.0,0.0
11153,172660025,172660525,500,0,100.0,0.0
11154,172660525,172661025,500,0,100.0,0.0
11155,172661025,172661525,500,0,100.0,0.0
11156,172661525,172662025,500,0,100.0,0.0
11157,172662025,172662525,500,0,100.0,0.0
11158,172662525,172663025,500,0,100.0,0.0
11159,172663025,172663525,500,0,100.0,0.0
11160,172663525,172664025,500,0,100.0,0.0
11161,172664025,172664525,500,0,100.0,0.0
11162,172664525,172665025,500,0,100.0,0.0
11163,172665025,172665525,500,0,100.0,0.0
11164,172665525,172666025,500,0,100.0,0.0
11165,172666025,172666525,500,0,100.0,0.0
11166,172666525,172667025,500,0,100.0,0.0
11167,172667025,172667525,500,0,100.0,0.0
11168,172667525,172668025,500,0,100.0,0.0
11169,172668025,172668525,500,0,100.0,0.0
11170,172668525,172669025,500,0,100.0,0.0
11171,172669025,172669525,500,0,100.0,0.0
11172,172669525,172670025,500,0,100.0,0.0
11173,172670025,172670525,500,0,100.0,0.0
11174,172670525,172671025,500,0,100.0,0.0
11175,172671025,172671525,500,0,100.0,0.0
11176,172671525,172672025,500,0,100.0,0.0
11177,172672025,172672525,500,0,100.0,0.0
11178,172672525,172673025,500,0,100.0,0.0
11179,172673025,172673525,500,0,100.0,0.0
11180,172673525,172674025,500,0,100.0,0.0
11181,172674025,172674525,500,0,100.0,0.0
11182,172674525,172675025,500,0,100.0,0.0
11183,172675025,172675525,500,0,100.0,0.0
11184,172675525,172676025,500,0,100.0,0.0
11185,172676025,172676525,500,0,100.0,0.0
11186,172676525,172677025,500,0,100.0,0.0
11187,172677025,172677525,500,0,100.0,0.0
11188,172677525,172678025,500,0,100.0,0.0
11189,172678025,172678525,500,0,100.0,0.0
11190,172678525,172679025,500,0,100.0,0.0
11191,172679025,172679525,500,0,100.0,0.0
11192,172679525,172680025,500,0,100.0,0.0
11193,172680025,172680525,500,0,100.0,0.0
11194,172680525,172681025,500,0,100.0,0.0
11195,172681025,172681525,500,0,100.0,0.0
11196,172681525,172682025,500,0,100.0,0.0
11197,172682025,172682525,500,0,100.0,0.0
11198,172682525,172683025,500,0,100.0,0.0
11199,172683025,172683525,500,0,100.0,0.0
11200,172683525,172684025,500,0,100.0,0.0
11201,172684025,172684525,500,0,100.0,0.0
11202,172684525,172685025,500,0,100.0,0.0
11203,172685025,172685525,500,0,100.0,0.0
11204,172685525,172686025,500,0,100.0,0.0
11205,172686025,172686525,500,0,100.0,0.0
11206,172686525,172687025,500,0,100.0,0.0
11207,172687025,172687525,500,0,100.0,0.0
11208,172687525,172688025,500,0,100.0,0.0
11209,172688025,172688525,500,0,100.0,0.0
11210,172688525,172689025,500,0,100.0,0.0
11211,172689025,172689525,500,0,100.0,0.0
11212,172689525,172690025,500,0,100.0,0.0
11213,172690025,172690525,500,0,100.0,0.0
11214,172690525,172691025,500,0,100.0,0.0
11215,172691025,172691525,500,0,100.0,0.0
11216,172691525,172692025,500,0,100.0,0.0
11217,172692025,172692525,500,0,100.0,0.0
11218,172692525,172693025,500,0,100.0,0.0
11219,172693025,172693525,500,0,100.0,0.0
11220,172693525,172694025,500,0,100.0,0.0
11221,172694025,172694525,500,0,100.0,0.0
11222,172694525,172695025,500,0,100.0,0.0
11223,172695025,172695525,500,0,100.0,0.0
11224,172695525,172696025,500,0,100.0,0.0
11225,172696025,172696525,500,0,100.0,0.0
11226,172696525,172697025,500,0,100.0,0.0
11227,172697025,172697525,500,0,100.0,0.0
11228,172697525,172698025,500,0,100.0,0.0
11229,172698025,172698525,500,0,100.0,0.0
11230,172698525,172699025,500,0,100.0,0.0
11231,172699025,172699525,500,0,100.0,0.0
11232,172699525,172700025,500,0,100.0,0.0
11233,172700025,172700525,500,0,100.0,0.0
11234,172700525,172701025,500,0,100.0,0.0
11235,172701025,172701525,72,428,14.399999999999999,85.6
11236,172701525,172702025,5,495,1.0,99.0
11237,172702025,172702525,10,490,2.0,98.0
11238,172702525,172703025,13,487,2.6,97.4
11239,172703025,172703525,174,326,34.8,65.2
11240,172703525,172704025,5,495,1.0,99.0
11241,172704025,172704525,95,405,19.0,81.0
11242,172704525,172705025,4,496,0.8,99.2
11243,172705025,172705525,327,173,65.4,34.599999999999994
11244,172705525,172706025,500,0,100.0,0.0
11245,172706025,172706525,500,0,100.0,0.0
11246,172706525,172707025,500,0,100.0,0.0
11247,172707025,172707525,500,0,100.0,0.0
11248,172707525,172708025,500,0,100.0,0.0
11249,172708025,172708525,500,0,100.0,0.0
11250,172708525,172709025,500,0,100.0,0.0
11251,172709025,172709525,500,0,100.0,0.0
11252,172709525,172710025,500,0,100.0,0.0
11253,172710025,172710525,500,0,100.0,0.0
11254,172710525,172711025,500,0,100.0,0.0
11255,172711025,172711525,500,0,100.0,0.0
11256,172711525,172712025,500,0,100.0,0.0
11257,172712025,172712525,500,0,100.0,0.0
11258,172712525,172713025,500,0,100.0,0.0
11259,172713025,172713525,500,0,100.0,0.0
11260,172713525,172714025,500,0,100.0,0.0
11261,172714025,172714525,500,0,100.0,0.0
11262,172714525,172715025,500,0,100.0,0.0
11263,172715025,172715525,500,0,100.0,0.0
11264,172715525,172716025,500,0,100.0,0.0
11265,172716025,172716525,500,0,100.0,0.0
11266,172716525,172717025,500,0,100.0,0.0
11267,172717025,172717525,500,0,100.0,0.0
11268,172717525,172718025,500,0,100.0,0.0
11269,172718025,172718525,500,0,100.0,0.0
11270,172718525,172719025,500,0,100.0,0.0
11271,172719025,172719525,500,0,100.0,0.0
11272,172719525,172720025,500,0,100.0,0.0
11273,172720025,172720525,500,0,100.0,0.0
11274,172720525,172721025,500,0,100.0,0.0
11275,172721025,172721525,500,0,100.0,0.0
11276,172721525,172722025,500,0,100.0,0.0
11277,172722025,172722525,500,0,100.0,0.0
11278,172722525,172723025,500,0,100.0,0.0
11279,172723025,172723525,500,0,100.0,0.0
11280,172723525,172724025,500,0,100.0,0.0
11281,172724025,172724525,500,0,100.0,0.0
11282,172724525,172725025,500,0,100.0,0.0
11283,172725025,172725525,500,0,100.0,0.0
11284,172725525,172726025,500,0,100.0,0.0
11285,172726025,172726525,500,0,100.0,0.0
11286,172726525,172727025,500,0,100.0,0.0
11287,172727025,172727525,500,0,100.0,0.0
11288,172727525,172728025,500,0,100.0,0.0
11289,172728025,172728525,500,0,100.0,0.0
11290,172728525,172729025,500,0,100.0,0.0
11291,172729025,172729525,500,0,100.0,0.0
11292,172729525,172730025,500,0,100.0,0.0
11293,172730025,172730525,76,424,15.2,84.8
11294,172730525,172731025,6,494,1.2,98.8
11295,172731025,172731525,9,491,1.7999999999999998,98.2
11296,172731525,172732025,12,488,2.4,97.6
11297,172732025,172732525,85,415,17.0,83.0
11298,172732525,172733025,4,496,0.8,99.2
11299,172733025,172733525,94,406,18.8,81.2
11300,172733525,172734025,5,495,1.0,99.0
11301,172734025,172734525,423,77,84.6,15.400000000000006
11302,172734525,172735025,500,0,100.0,0.0
11303,172735025,172735525,500,0,100.0,0.0
11304,172735525,172736025,500,0,100.0,0.0
11305,172736025,172736525,500,0,100.0,0.0
11306,172736525,172737025,500,0,100.0,0.0
11307,172737025,172737525,500,0,100.0,0.0
11308,172737525,172738025,500,0,100.0,0.0
11309,172738025,172738525,500,0,100.0,0.0
11310,172738525,172739025,500,0,100.0,0.0
11311,172739025,172739525,500,0,100.0,0.0
11312,172739525,172740025,500,0,100.0,0.0
11313,172740025,172740525,500,0,100.0,0.0
11314,172740525,172741025,500,0,100.0,0.0
11315,172741025,172741525,500,0,100.0,0.0
11316,172741525,172742025,500,0,100.0,0.0
11317,172742025,172742525,500,0,100.0,0.0
11318,172742525,172743025,500,0,100.0,0.0
11319,172743025,172743525,500,0,100.0,0.0
11320,172743525,172744025,500,0,100.0,0.0
11321,172744025,172744525,500,0,100.0,0.0
11322,172744525,172745025,500,0,100.0,0.0
11323,172745025,172745525,500,0,100.0,0.0
11324,172745525,172746025,500,0,100.0,0.0
11325,172746025,172746525,500,0,100.0,0.0
11326,172746525,172747025,500,0,100.0,0.0
11327,172747025,172747525,500,0,100.0,0.0
11328,172747525,172748025,500,0,100.0,0.0
11329,172748025,172748525,500,0,100.0,0.0
11330,172748525,172749025,500,0,100.0,0.0
11331,172749025,172749525,500,0,100.0,0.0
11332,172749525,172750025,500,0,100.0,0.0
11333,172750025,172750525,500,0,100.0,0.0
11334,172750525,172751025,500,0,100.0,0.0
11335,172751025,172751525,500,0,100.0,0.0
11336,172751525,172752025,500,0,100.0,0.0
11337,172752025,172752525,500,0,100.0,0.0
11338,172752525,172753025,500,0,100.0,0.0
11339,172753025,172753525,500,0,100.0,0.0
11340,172753525,172754025,500,0,100.0,0.0
11341,172754025,172754525,500,0,100.0,0.0
11342,172754525,172755025,500,0,100.0,0.0
11343,172755025,172755525,500,0,100.0,0.0
11344,172755525,172756025,500,0,100.0,0.0
11345,172756025,172756525,500,0,100.0,0.0
11346,172756525,172757025,500,0,100.0,0.0
11347,172757025,172757525,500,0,100.0,0.0
11348,172757525,172758025,500,0,100.0,0.0
11349,172758025,172758525,81,419,16.2,83.8
11350,172758525,172759025,5,495,1.0,99.0
11351,172759025,172759525,8,492,1.6,98.4
11352,172759525,172760025,18,482,3.5999999999999996,96.4
11353,172760025,172760525,105,395,21.0,79.0
11354,172760525,172761025,0,500,0.0,100.0
11355,172761025,172761525,6,494,1.2,98.8
11356,172761525,172762025,82,418,16.400000000000002,83.6
11357,172762025,172762525,5,495,1.0,99.0
11358,172762525,172763025,74,426,14.799999999999999,85.2
11359,172763025,172763525,500,0,100.0,0.0
11360,172763525,172764025,500,0,100.0,0.0
11361,172764025,172764525,500,0,100.0,0.0
11362,172764525,172765025,500,0,100.0,0.0
11363,172765025,172765525,500,0,100.0,0.0
11364,172765525,172766025,500,0,100.0,0.0
11365,172766025,172766525,500,0,100.0,0.0
11366,172766525,172767025,500,0,100.0,0.0
11367,172767025,172767525,500,0,100.0,0.0
11368,172767525,172768025,500,0,100.0,0.0
11369,172768025,172768525,500,0,100.0,0.0
11370,172768525,172769025,500,0,100.0,0.0
11371,172769025,172769525,500,0,100.0,0.0
11372,172769525,172770025,500,0,100.0,0.0
11373,172770025,172770525,500,0,100.0,0.0
11374,172770525,172771025,500,0,100.0,0.0
11375,172771025,172771525,500,0,100.0,0.0
11376,172771525,172772025,500,0,100.0,0.0
11377,172772025,172772525,500,0,100.0,0.0
11378,172772525,172773025,500,0,100.0,0.0
11379,172773025,172773525,500,0,100.0,0.0
11380,172773525,172774025,500,0,100.0,0.0
11381,172774025,172774525,500,0,100.0,0.0
11382,172774525,172775025,500,0,100.0,0.0
11383,172775025,172775525,500,0,100.0,0.0
11384,172775525,172776025,500,0,100.0,0.0
11385,172776025,172776525,500,0,100.0,0.0
11386,172776525,172777025,500,0,100.0,0.0
11387,172777025,172777525,500,0,100.0,0.0
11388,172777525,172778025,500,0,100.0,0.0
11389,172778025,172778525,500,0,100.0,0.0
11390,172778525,172779025,500,0,100.0,0.0
11391,172779025,172779525,500,0,100.0,0.0
11392,172779525,172780025,500,0,100.0,0.0
11393,172780025,172780525,500,0,100.0,0.0
11394,172780525,172781025,500,0,100.0,0.0
11395,172781025,172781525,500,0,100.0,0.0
11396,172781525,172782025,500,0,100.0,0.0
11397,172782025,172782525,500,0,100.0,0.0
11398,172782525,172783025,500,0,100.0,0.0
11399,172783025,172783525,500,0,100.0,0.0
11400,172783525,172784025,500,0,100.0,0.0
11401,172784025,172784525,500,0,100.0,0.0
11402,172784525,172785025,500,0,100.0,0.0
11403,172785025,172785525,500,0,100.0,0.0
11404,172785525,172786025,500,0,100.0,0.0
11405,172786025,172786525,500,0,100.0,0.0
11406,172786525,172787025,500,0,100.0,0.0
11407,172787025,172787525,500,0,100.0,0.0
11408,172787525,172788025,125,375,25.0,75.0
11409,172788025,172788525,7,493,1.4000000000000001,98.6
11410,172788525,172789025,4,496,0.8,99.2
11411,172789025,172789525,30,470,6.0,94.0
11412,172789525,172790025,4,496,0.8,99.2
11413,172790025,172790347,5,317,1.5527950310559007,98.4472049689441
