bin_index,start_time_us,end_time_us,waiting_time_us,running_time_us,waiting_pct,running_pct
0,72547282,72548782,144,1356,9.6,90.4
1,72548782,72550282,69,1431,4.6,95.4
2,72550282,72551782,54,1446,3.5999999999999996,96.4
3,72551782,72553282,53,1447,3.5333333333333337,96.46666666666667
4,72553282,72554782,53,1447,3.5333333333333337,96.46666666666667
5,72554782,72556282,20,1480,1.3333333333333335,98.66666666666667
6,72556282,72557782,35,1465,2.3333333333333335,97.66666666666667
7,72557782,72559282,45,1455,3.0,97.0
8,72559282,72560782,49,1451,3.266666666666666,96.73333333333333
9,72560782,72562282,41,1459,2.7333333333333334,97.26666666666667
10,72562282,72563782,23,1477,1.5333333333333332,98.46666666666667
11,72563782,72565282,30,1470,2.0,98.0
12,72565282,72566782,32,1468,2.1333333333333333,97.86666666666666
13,72566782,72568282,100,1400,6.666666666666667,93.33333333333333
14,72568282,72569782,1132,368,75.46666666666667,24.53333333333333
15,72569782,72571282,1500,0,100.0,0.0
16,72571282,72572782,1500,0,100.0,0.0
17,72572782,72574282,1500,0,100.0,0.0
18,72574282,72575782,1500,0,100.0,0.0
19,72575782,72577282,1500,0,100.0,0.0
20,72577282,72578782,1500,0,100.0,0.0
21,72578782,72580282,1500,0,100.0,0.0
22,72580282,72581782,1500,0,100.0,0.0
23,72581782,72583282,1500,0,100.0,0.0
24,72583282,72584782,659,841,43.93333333333334,56.06666666666666
25,72584782,72586282,901,599,60.06666666666667,39.93333333333333
26,72586282,72587782,1500,0,100.0,0.0
27,72587782,72589282,1500,0,100.0,0.0
28,72589282,72590782,1500,0,100.0,0.0
29,72590782,72592282,1500,0,100.0,0.0
30,72592282,72593782,1500,0,100.0,0.0
31,72593782,72595282,1500,0,100.0,0.0
32,72595282,72596782,1500,0,100.0,0.0
33,72596782,72598282,1500,0,100.0,0.0
34,72598282,72599782,1500,0,100.0,0.0
35,72599782,72601282,619,881,41.266666666666666,58.733333333333334
36,72601282,72602782,1076,424,71.73333333333333,28.266666666666666
37,72602782,72604282,1500,0,100.0,0.0
38,72604282,72605782,1500,0,100.0,0.0
39,72605782,72607282,1500,0,100.0,0.0
40,72607282,72608782,1500,0,100.0,0.0
41,72608782,72610282,1500,0,100.0,0.0
42,72610282,72611782,1500,0,100.0,0.0
43,72611782,72613282,1500,0,100.0,0.0
44,72613282,72614782,1500,0,100.0,0.0
45,72614782,72616282,1500,0,100.0,0.0
46,72616282,72617782,1500,0,100.0,0.0
47,72617782,72619282,266,1234,17.733333333333334,82.26666666666667
48,72619282,72620782,1314,186,87.6,12.400000000000006
49,72620782,72622282,1500,0,100.0,0.0
50,72622282,72623782,1500,0,100.0,0.0
51,72623782,72625282,1500,0,100.0,0.0
52,72625282,72626782,1500,0,100.0,0.0
53,72626782,72628282,1500,0,100.0,0.0
54,72628282,72629782,1500,0,100.0,0.0
55,72629782,72631282,1500,0,100.0,0.0
56,72631282,72632782,1500,0,100.0,0.0
57,72632782,72634282,1237,263,82.46666666666667,17.53333333333333
58,72634282,72635782,344,1156,22.933333333333334,77.06666666666666
59,72635782,72637282,1500,0,100.0,0.0
60,72637282,72638782,1500,0,100.0,0.0
61,72638782,72640282,1500,0,100.0,0.0
62,72640282,72641782,1500,0,100.0,0.0
63,72641782,72643282,1500,0,100.0,0.0
64,72643282,72644782,1500,0,100.0,0.0
65,72644782,72646282,1500,0,100.0,0.0
66,72646282,72647782,1500,0,100.0,0.0
67,72647782,72649282,1500,0,100.0,0.0
68,72649282,72650782,715,785,47.66666666666667,52.33333333333333
69,72650782,72652282,898,602,59.86666666666667,40.13333333333333
70,72652282,72653782,1500,0,100.0,0.0
71,72653782,72655282,1500,0,100.0,0.0
72,72655282,72656782,1500,0,100.0,0.0
73,72656782,72658282,1500,0,100.0,0.0
74,72658282,72659782,1500,0,100.0,0.0
75,72659782,72661282,1500,0,100.0,0.0
76,72661282,72662782,1500,0,100.0,0.0
77,72662782,72664282,1500,0,100.0,0.0
78,72664282,72665782,1500,0,100.0,0.0
79,72665782,72667282,430,1070,28.666666666666668,71.33333333333333
80,72667282,72668782,1199,301,79.93333333333334,20.066666666666663
81,72668782,72670282,1500,0,100.0,0.0
82,72670282,72671782,1500,0,100.0,0.0
83,72671782,72673282,1500,0,100.0,0.0
84,72673282,72674782,1500,0,100.0,0.0
85,72674782,72676282,1500,0,100.0,0.0
86,72676282,72677782,1500,0,100.0,0.0
87,72677782,72679282,1500,0,100.0,0.0
88,72679282,72680782,1500,0,100.0,0.0
89,72680782,72682282,1500,0,100.0,0.0
90,72682282,72683782,598,902,39.86666666666667,60.13333333333333
91,72683782,72685282,920,580,61.33333333333333,38.66666666666667
92,72685282,72686782,1500,0,100.0,0.0
93,72686782,72688282,1500,0,100.0,0.0
94,72688282,72689782,1500,0,100.0,0.0
95,72689782,72691282,1500,0,100.0,0.0
96,72691282,72692782,1500,0,100.0,0.0
97,72692782,72694282,1500,0,100.0,0.0
98,72694282,72695782,1500,0,100.0,0.0
99,72695782,72697282,1500,0,100.0,0.0
100,72697282,72698782,1500,0,100.0,0.0
101,72698782,72700282,118,1382,7.866666666666666,92.13333333333334
102,72700282,72701782,1500,0,100.0,0.0
103,72701782,72703282,1500,0,100.0,0.0
104,72703282,72704782,1500,0,100.0,0.0
105,72704782,72706282,1500,0,100.0,0.0
106,72706282,72707782,1500,0,100.0,0.0
107,72707782,72709282,1500,0,100.0,0.0
108,72709282,72710782,1500,0,100.0,0.0
109,72710782,72712282,1500,0,100.0,0.0
110,72712282,72713782,1500,0,100.0,0.0
111,72713782,72715282,832,668,55.46666666666666,44.53333333333334
112,72715282,72716782,797,703,53.13333333333333,46.86666666666667
113,72716782,72718282,1500,0,100.0,0.0
114,72718282,72719782,1500,0,100.0,0.0
115,72719782,72721282,1500,0,100.0,0.0
116,72721282,72722782,1500,0,100.0,0.0
117,72722782,72724282,1500,0,100.0,0.0
118,72724282,72725782,1500,0,100.0,0.0
119,72725782,72727282,1500,0,100.0,0.0
120,72727282,72728782,1500,0,100.0,0.0
121,72728782,72730282,1500,0,100.0,0.0
122,72730282,72731782,1500,0,100.0,0.0
123,72731782,72733282,518,982,34.53333333333333,65.46666666666667
124,72733282,72734782,1167,333,77.8,22.200000000000003
125,72734782,72736282,1500,0,100.0,0.0
126,72736282,72737782,1500,0,100.0,0.0
127,72737782,72739282,1500,0,100.0,0.0
128,72739282,72740782,1500,0,100.0,0.0
129,72740782,72742282,1500,0,100.0,0.0
130,72742282,72743782,1500,0,100.0,0.0
131,72743782,72745282,1500,0,100.0,0.0
132,72745282,72746782,1500,0,100.0,0.0
133,72746782,72748282,1498,2,99.86666666666667,0.13333333333332575
134,72748282,72749782,183,1317,12.2,87.8
135,72749782,72751282,1500,0,100.0,0.0
136,72751282,72752782,1500,0,100.0,0.0
137,72752782,72754282,1500,0,100.0,0.0
138,72754282,72755782,1500,0,100.0,0.0
139,72755782,72757282,1500,0,100.0,0.0
140,72757282,72758782,1500,0,100.0,0.0
141,72758782,72760282,1500,0,100.0,0.0
142,72760282,72761782,1500,0,100.0,0.0
143,72761782,72763282,1500,0,100.0,0.0
144,72763282,72764782,1255,245,83.66666666666667,16.33333333333333
145,72764782,72766282,414,1086,27.6,72.4
146,72766282,72767782,1500,0,100.0,0.0
147,72767782,72769282,1500,0,100.0,0.0
148,72769282,72770782,1500,0,100.0,0.0
149,72770782,72772282,1500,0,100.0,0.0
150,72772282,72773782,1500,0,100.0,0.0
151,72773782,72775282,1500,0,100.0,0.0
152,72775282,72776782,1500,0,100.0,0.0
153,72776782,72778282,1500,0,100.0,0.0
154,72778282,72779782,1500,0,100.0,0.0
155,72779782,72781282,757,743,50.46666666666667,49.53333333333333
156,72781282,72782782,782,718,52.13333333333333,47.86666666666667
157,72782782,72784282,1500,0,100.0,0.0
158,72784282,72785782,1500,0,100.0,0.0
159,72785782,72787282,1500,0,100.0,0.0
160,72787282,72788782,1500,0,100.0,0.0
161,72788782,72790282,1500,0,100.0,0.0
162,72790282,72791782,1500,0,100.0,0.0
163,72791782,72793282,1500,0,100.0,0.0
164,72793282,72794782,1500,0,100.0,0.0
165,72794782,72796282,1500,0,100.0,0.0
166,72796282,72797782,305,1195,20.333333333333332,79.66666666666667
167,72797782,72799282,1377,123,91.8,8.200000000000003
168,72799282,72800782,1500,0,100.0,0.0
169,72800782,72802282,1500,0,100.0,0.0
170,72802282,72803782,1500,0,100.0,0.0
171,72803782,72805282,1500,0,100.0,0.0
172,72805282,72806782,1500,0,100.0,0.0
173,72806782,72808282,1500,0,100.0,0.0
174,72808282,72809782,1500,0,100.0,0.0
175,72809782,72811282,1500,0,100.0,0.0
176,72811282,72812782,1203,297,80.2,19.799999999999997
177,72812782,72814282,490,1010,32.666666666666664,67.33333333333334
178,72814282,72815782,1500,0,100.0,0.0
179,72815782,72817282,1500,0,100.0,0.0
180,72817282,72818782,1500,0,100.0,0.0
181,72818782,72820282,1500,0,100.0,0.0
182,72820282,72821782,1500,0,100.0,0.0
183,72821782,72823282,1500,0,100.0,0.0
184,72823282,72824782,1500,0,100.0,0.0
185,72824782,72826282,1500,0,100.0,0.0
186,72826282,72827782,1500,0,100.0,0.0
187,72827782,72829282,613,887,40.86666666666667,59.13333333333333
188,72829282,72830782,1092,408,72.8,27.200000000000003
189,72830782,72832282,1500,0,100.0,0.0
190,72832282,72833782,1500,0,100.0,0.0
191,72833782,72835282,1500,0,100.0,0.0
192,72835282,72836782,1500,0,100.0,0.0
193,72836782,72838282,1500,0,100.0,0.0
194,72838282,72839782,1500,0,100.0,0.0
195,72839782,72841282,1500,0,100.0,0.0
196,72841282,72842782,1500,0,100.0,0.0
197,72842782,72844282,1500,0,100.0,0.0
198,72844282,72845782,1500,0,100.0,0.0
199,72845782,72847282,1237,263,82.46666666666667,17.53333333333333
200,72847282,72848782,143,1357,9.533333333333333,90.46666666666667
201,72848782,72850282,1500,0,100.0,0.0
202,72850282,72851782,1500,0,100.0,0.0
203,72851782,72853282,1500,0,100.0,0.0
204,72853282,72854782,1500,0,100.0,0.0
205,72854782,72856282,1500,0,100.0,0.0
206,72856282,72857782,1500,0,100.0,0.0
207,72857782,72859282,1500,0,100.0,0.0
208,72859282,72860782,1500,0,100.0,0.0
209,72860782,72862282,1500,0,100.0,0.0
210,72862282,72863782,1347,153,89.8,10.200000000000003
211,72863782,72865282,238,1262,15.866666666666667,84.13333333333333
212,72865282,72866782,1500,0,100.0,0.0
213,72866782,72868282,1500,0,100.0,0.0
214,72868282,72869782,1500,0,100.0,0.0
215,72869782,72871282,1500,0,100.0,0.0
216,72871282,72872782,1500,0,100.0,0.0
217,72872782,72874282,1500,0,100.0,0.0
218,72874282,72875782,1500,0,100.0,0.0
219,72875782,72877282,1500,0,100.0,0.0
220,72877282,72878782,1500,0,100.0,0.0
221,72878782,72880282,1500,0,100.0,0.0
222,72880282,72881782,427,1073,28.46666666666667,71.53333333333333
223,72881782,72883282,1036,464,69.06666666666666,30.933333333333337
224,72883282,72884782,1500,0,100.0,0.0
225,72884782,72886282,1500,0,100.0,0.0
226,72886282,72887782,1500,0,100.0,0.0
227,72887782,72889282,1500,0,100.0,0.0
228,72889282,72890782,1500,0,100.0,0.0
229,72890782,72892282,1500,0,100.0,0.0
230,72892282,72893782,1500,0,100.0,0.0
231,72893782,72895282,1500,0,100.0,0.0
232,72895282,72896782,1500,0,100.0,0.0
233,72896782,72898282,1500,0,100.0,0.0
234,72898282,72899782,358,1142,23.866666666666667,76.13333333333333
235,72899782,72901282,1180,320,78.66666666666666,21.333333333333343
236,72901282,72902782,1500,0,100.0,0.0
237,72902782,72904282,1500,0,100.0,0.0
238,72904282,72905782,1500,0,100.0,0.0
239,72905782,72907282,1500,0,100.0,0.0
240,72907282,72908782,1500,0,100.0,0.0
241,72908782,72910282,1500,0,100.0,0.0
242,72910282,72911782,1500,0,100.0,0.0
243,72911782,72913282,1500,0,100.0,0.0
244,72913282,72914782,1500,0,100.0,0.0
245,72914782,72916282,1142,358,76.13333333333333,23.866666666666674
246,72916282,72917782,425,1075,28.333333333333332,71.66666666666667
247,72917782,72919282,1500,0,100.0,0.0
248,72919282,72920782,1500,0,100.0,0.0
249,72920782,72922282,1500,0,100.0,0.0
250,72922282,72923782,1500,0,100.0,0.0
251,72923782,72925282,1500,0,100.0,0.0
252,72925282,72926782,1500,0,100.0,0.0
253,72926782,72928282,1500,0,100.0,0.0
254,72928282,72929782,1500,0,100.0,0.0
255,72929782,72931282,1500,0,100.0,0.0
256,72931282,72932782,1500,0,100.0,0.0
257,72932782,72934282,875,625,58.333333333333336,41.666666666666664
258,72934282,72935782,678,822,45.2,54.8
259,72935782,72937282,1500,0,100.0,0.0
260,72937282,72938782,1500,0,100.0,0.0
261,72938782,72940282,1500,0,100.0,0.0
262,72940282,72941782,1500,0,100.0,0.0
263,72941782,72943282,1500,0,100.0,0.0
264,72943282,72944782,1500,0,100.0,0.0
265,72944782,72946282,1500,0,100.0,0.0
266,72946282,72947782,1500,0,100.0,0.0
267,72947782,72949282,1500,0,100.0,0.0
268,72949282,72950782,542,958,36.13333333333333,63.86666666666667
269,72950782,72952282,1152,348,76.8,23.200000000000003
270,72952282,72953782,1500,0,100.0,0.0
271,72953782,72955282,1500,0,100.0,0.0
272,72955282,72956782,1500,0,100.0,0.0
273,72956782,72958282,1500,0,100.0,0.0
274,72958282,72959782,1500,0,100.0,0.0
275,72959782,72961282,1500,0,100.0,0.0
276,72961282,72962782,1500,0,100.0,0.0
277,72962782,72964282,1500,0,100.0,0.0
278,72964282,72965782,1500,0,100.0,0.0
279,72965782,72967282,125,1375,8.333333333333332,91.66666666666667
280,72967282,72968782,1500,0,100.0,0.0
281,72968782,72970282,1500,0,100.0,0.0
282,72970282,72971782,1500,0,100.0,0.0
283,72971782,72973282,1500,0,100.0,0.0
284,72973282,72974782,1500,0,100.0,0.0
285,72974782,72976282,1500,0,100.0,0.0
286,72976282,72977782,1500,0,100.0,0.0
287,72977782,72979282,1500,0,100.0,0.0
288,72979282,72980782,1500,0,100.0,0.0
289,72980782,72982282,1500,0,100.0,0.0
290,72982282,72983782,1287,213,85.8,14.200000000000003
291,72983782,72985282,289,1211,19.26666666666667,80.73333333333333
292,72985282,72986782,1500,0,100.0,0.0
293,72986782,72988282,1500,0,100.0,0.0
294,72988282,72989782,1500,0,100.0,0.0
295,72989782,72991282,1500,0,100.0,0.0
296,72991282,72992782,1500,0,100.0,0.0
297,72992782,72994282,1500,0,100.0,0.0
298,72994282,72995782,1500,0,100.0,0.0
299,72995782,72997282,1500,0,100.0,0.0
300,72997282,72998782,1500,0,100.0,0.0
301,72998782,73000282,827,673,55.13333333333333,44.86666666666667
302,73000282,73001782,733,767,48.86666666666667,51.13333333333333
303,73001782,73003282,1500,0,100.0,0.0
304,73003282,73004782,1500,0,100.0,0.0
305,73004782,73006282,1500,0,100.0,0.0
306,73006282,73007782,1500,0,100.0,0.0
307,73007782,73009282,1500,0,100.0,0.0
308,73009282,73010782,1500,0,100.0,0.0
309,73010782,73012282,1500,0,100.0,0.0
310,73012282,73013782,1500,0,100.0,0.0
311,73013782,73015282,1500,0,100.0,0.0
312,73015282,73016782,1500,0,100.0,0.0
313,73016782,73018282,1500,0,100.0,0.0
314,73018282,73019782,1500,0,100.0,0.0
315,73019782,73021282,1500,0,100.0,0.0
316,73021282,73022782,1500,0,100.0,0.0
317,73022782,73024282,1500,0,100.0,0.0
318,73024282,73025782,1427,73,95.13333333333334,4.86666666666666
319,73025782,73027282,128,1372,8.533333333333333,91.46666666666667
320,73027282,73028782,1500,0,100.0,0.0
321,73028782,73030282,1500,0,100.0,0.0
322,73030282,73031782,1500,0,100.0,0.0
323,73031782,73033282,1500,0,100.0,0.0
324,73033282,73034782,1500,0,100.0,0.0
325,73034782,73036282,1500,0,100.0,0.0
326,73036282,73037782,1500,0,100.0,0.0
327,73037782,73039282,1500,0,100.0,0.0
328,73039282,73040782,1500,0,100.0,0.0
329,73040782,73042282,998,502,66.53333333333333,33.46666666666667
330,73042282,73043782,267,1233,17.8,82.2
331,73043782,73045282,1500,0,100.0,0.0
332,73045282,73046782,1500,0,100.0,0.0
333,73046782,73048282,1500,0,100.0,0.0
334,73048282,73049782,1500,0,100.0,0.0
335,73049782,73051282,1500,0,100.0,0.0
336,73051282,73052782,1500,0,100.0,0.0
337,73052782,73054282,1500,0,100.0,0.0
338,73054282,73055782,1500,0,100.0,0.0
339,73055782,73057282,1500,0,100.0,0.0
340,73057282,73058782,1500,0,100.0,0.0
341,73058782,73060282,770,730,51.33333333333333,48.66666666666667
342,73060282,73061782,909,591,60.6,39.4
343,73061782,73063282,1500,0,100.0,0.0
344,73063282,73064782,1500,0,100.0,0.0
345,73064782,73066282,1500,0,100.0,0.0
346,73066282,73067782,1500,0,100.0,0.0
347,73067782,73069282,1500,0,100.0,0.0
348,73069282,73070782,1500,0,100.0,0.0
349,73070782,73072282,1500,0,100.0,0.0
350,73072282,73073782,1500,0,100.0,0.0
351,73073782,73075282,1500,0,100.0,0.0
352,73075282,73076782,225,1275,15.0,85.0
353,73076782,73078282,1500,0,100.0,0.0
354,73078282,73079782,1500,0,100.0,0.0
355,73079782,73081282,1500,0,100.0,0.0
356,73081282,73082782,1500,0,100.0,0.0
357,73082782,73084282,1500,0,100.0,0.0
358,73084282,73085782,1500,0,100.0,0.0
359,73085782,73087282,1500,0,100.0,0.0
360,73087282,73088782,1500,0,100.0,0.0
361,73088782,73090282,1500,0,100.0,0.0
362,73090282,73091782,1500,0,100.0,0.0
363,73091782,73093282,218,1282,14.533333333333335,85.46666666666667
364,73093282,73094782,1281,219,85.39999999999999,14.600000000000009
365,73094782,73096282,1500,0,100.0,0.0
366,73096282,73097782,1500,0,100.0,0.0
367,73097782,73099282,1500,0,100.0,0.0
368,73099282,73100782,1500,0,100.0,0.0
369,73100782,73102282,1500,0,100.0,0.0
370,73102282,73103782,1500,0,100.0,0.0
371,73103782,73105282,1500,0,100.0,0.0
372,73105282,73106782,1500,0,100.0,0.0
373,73106782,73108282,1500,0,100.0,0.0
374,73108282,73109782,873,627,58.199999999999996,41.800000000000004
375,73109782,73111282,797,703,53.13333333333333,46.86666666666667
376,73111282,73112782,1500,0,100.0,0.0
377,73112782,73114282,1500,0,100.0,0.0
378,73114282,73115782,1500,0,100.0,0.0
379,73115782,73117282,1500,0,100.0,0.0
380,73117282,73118782,1500,0,100.0,0.0
381,73118782,73120282,1500,0,100.0,0.0
382,73120282,73121782,1500,0,100.0,0.0
383,73121782,73123282,1500,0,100.0,0.0
384,73123282,73124782,1500,0,100.0,0.0
385,73124782,73126282,539,961,35.93333333333334,64.06666666666666
386,73126282,73127782,1134,366,75.6,24.400000000000006
387,73127782,73129282,1500,0,100.0,0.0
388,73129282,73130782,1500,0,100.0,0.0
389,73130782,73132282,1500,0,100.0,0.0
390,73132282,73133782,1500,0,100.0,0.0
391,73133782,73135282,1500,0,100.0,0.0
392,73135282,73136782,1500,0,100.0,0.0
393,73136782,73138282,1500,0,100.0,0.0
394,73138282,73139782,1500,0,100.0,0.0
395,73139782,73141282,1473,27,98.2,1.7999999999999972
396,73141282,73142782,186,1314,12.4,87.6
397,73142782,73144282,1500,0,100.0,0.0
398,73144282,73145782,1500,0,100.0,0.0
399,73145782,73147282,1500,0,100.0,0.0
400,73147282,73148782,1500,0,100.0,0.0
401,73148782,73150282,1500,0,100.0,0.0
402,73150282,73151782,1500,0,100.0,0.0
403,73151782,73153282,1500,0,100.0,0.0
404,73153282,73154782,1500,0,100.0,0.0
405,73154782,73156282,1500,0,100.0,0.0
406,73156282,73157782,1062,438,70.8,29.200000000000003
407,73157782,73159282,613,887,40.86666666666667,59.13333333333333
408,73159282,73160782,1500,0,100.0,0.0
409,73160782,73162282,1500,0,100.0,0.0
410,73162282,73163782,1500,0,100.0,0.0
411,73163782,73165282,1500,0,100.0,0.0
412,73165282,73166782,1500,0,100.0,0.0
413,73166782,73168282,1500,0,100.0,0.0
414,73168282,73169782,1500,0,100.0,0.0
415,73169782,73171282,1500,0,100.0,0.0
416,73171282,73172782,1500,0,100.0,0.0
417,73172782,73174282,569,931,37.93333333333334,62.06666666666666
418,73174282,73175782,1122,378,74.8,25.200000000000003
419,73175782,73177282,1500,0,100.0,0.0
420,73177282,73178782,1500,0,100.0,0.0
421,73178782,73180282,1500,0,100.0,0.0
422,73180282,73181782,1500,0,100.0,0.0
423,73181782,73183282,1500,0,100.0,0.0
424,73183282,73184782,1500,0,100.0,0.0
425,73184782,73186282,1500,0,100.0,0.0
426,73186282,73187782,1500,0,100.0,0.0
427,73187782,73189282,1500,0,100.0,0.0
428,73189282,73190782,238,1262,15.866666666666667,84.13333333333333
429,73190782,73192282,1390,110,92.66666666666666,7.333333333333343
430,73192282,73193782,1500,0,100.0,0.0
431,73193782,73195282,1500,0,100.0,0.0
432,73195282,73196782,1500,0,100.0,0.0
433,73196782,73198282,1500,0,100.0,0.0
434,73198282,73199782,1500,0,100.0,0.0
435,73199782,73201282,1500,0,100.0,0.0
436,73201282,73202782,1500,0,100.0,0.0
437,73202782,73204282,1500,0,100.0,0.0
438,73204282,73205782,1500,0,100.0,0.0
439,73205782,73207282,103,1397,6.866666666666667,93.13333333333333
440,73207282,73208782,1500,0,100.0,0.0
441,73208782,73210282,1500,0,100.0,0.0
442,73210282,73211782,1500,0,100.0,0.0
443,73211782,73213282,1500,0,100.0,0.0
444,73213282,73214782,1500,0,100.0,0.0
445,73214782,73216282,1500,0,100.0,0.0
446,73216282,73217782,1500,0,100.0,0.0
447,73217782,73219282,1500,0,100.0,0.0
448,73219282,73220782,1500,0,100.0,0.0
449,73220782,73222282,1500,0,100.0,0.0
450,73222282,73223782,218,1282,14.533333333333335,85.46666666666667
451,73223782,73225282,1500,0,100.0,0.0
452,73225282,73226782,1500,0,100.0,0.0
453,73226782,73228282,1500,0,100.0,0.0
454,73228282,73229782,1500,0,100.0,0.0
455,73229782,73231282,1500,0,100.0,0.0
456,73231282,73232782,1500,0,100.0,0.0
457,73232782,73234282,1500,0,100.0,0.0
458,73234282,73235782,1500,0,100.0,0.0
459,73235782,73237282,1500,0,100.0,0.0
460,73237282,73238782,1500,0,100.0,0.0
461,73238782,73240282,442,1058,29.46666666666667,70.53333333333333
462,73240282,73241782,1242,258,82.8,17.200000000000003
463,73241782,73243282,1500,0,100.0,0.0
464,73243282,73244782,1500,0,100.0,0.0
465,73244782,73246282,1500,0,100.0,0.0
466,73246282,73247782,1500,0,100.0,0.0
467,73247782,73249282,1500,0,100.0,0.0
468,73249282,73250782,1500,0,100.0,0.0
469,73250782,73252282,1500,0,100.0,0.0
470,73252282,73253782,1500,0,100.0,0.0
471,73253782,73255282,1500,0,100.0,0.0
472,73255282,73256782,376,1124,25.066666666666666,74.93333333333334
473,73256782,73258282,1161,339,77.4,22.599999999999994
474,73258282,73259782,1500,0,100.0,0.0
475,73259782,73261282,1500,0,100.0,0.0
476,73261282,73262782,1500,0,100.0,0.0
477,73262782,73264282,1500,0,100.0,0.0
478,73264282,73265782,1500,0,100.0,0.0
479,73265782,73267282,1500,0,100.0,0.0
480,73267282,73268782,1500,0,100.0,0.0
481,73268782,73270282,1500,0,100.0,0.0
482,73270282,73271782,1500,0,100.0,0.0
483,73271782,73273282,655,845,43.666666666666664,56.333333333333336
484,73273282,73274782,1007,493,67.13333333333334,32.86666666666666
485,73274782,73276282,1500,0,100.0,0.0
486,73276282,73277782,1500,0,100.0,0.0
487,73277782,73279282,1500,0,100.0,0.0
488,73279282,73280782,1500,0,100.0,0.0
489,73280782,73282282,1500,0,100.0,0.0
490,73282282,73283782,1500,0,100.0,0.0
491,73283782,73285282,1500,0,100.0,0.0
492,73285282,73286782,1500,0,100.0,0.0
493,73286782,73288282,1500,0,100.0,0.0
494,73288282,73289782,243,1257,16.2,83.8
495,73289782,73291282,1414,86,94.26666666666667,5.733333333333334
496,73291282,73292782,1500,0,100.0,0.0
497,73292782,73294282,1500,0,100.0,0.0
498,73294282,73295782,1500,0,100.0,0.0
499,73295782,73297282,1500,0,100.0,0.0
500,73297282,73298782,1500,0,100.0,0.0
501,73298782,73300282,1500,0,100.0,0.0
502,73300282,73301782,1500,0,100.0,0.0
503,73301782,73303282,1500,0,100.0,0.0
504,73303282,73304782,1300,200,86.66666666666667,13.333333333333329
505,73304782,73306282,401,1099,26.73333333333333,73.26666666666667
506,73306282,73307782,1500,0,100.0,0.0
507,73307782,73309282,1500,0,100.0,0.0
508,73309282,73310782,1500,0,100.0,0.0
509,73310782,73312282,1500,0,100.0,0.0
510,73312282,73313782,1500,0,100.0,0.0
511,73313782,73315282,1500,0,100.0,0.0
512,73315282,73316782,1500,0,100.0,0.0
513,73316782,73318282,1500,0,100.0,0.0
514,73318282,73319782,1500,0,100.0,0.0
515,73319782,73321282,1219,281,81.26666666666667,18.733333333333334
516,73321282,73322782,369,1131,24.6,75.4
517,73322782,73324282,1500,0,100.0,0.0
518,73324282,73325782,1500,0,100.0,0.0
519,73325782,73327282,1500,0,100.0,0.0
520,73327282,73328782,1500,0,100.0,0.0
521,73328782,73330282,1500,0,100.0,0.0
522,73330282,73331782,1500,0,100.0,0.0
523,73331782,73333282,1500,0,100.0,0.0
524,73333282,73334782,1500,0,100.0,0.0
525,73334782,73336282,1500,0,100.0,0.0
526,73336282,73337782,496,1004,33.06666666666666,66.93333333333334
527,73337782,73339282,1064,436,70.93333333333334,29.066666666666663
528,73339282,73340782,1500,0,100.0,0.0
529,73340782,73342282,1500,0,100.0,0.0
530,73342282,73343782,1500,0,100.0,0.0
531,73343782,73345282,1500,0,100.0,0.0
532,73345282,73346782,1500,0,100.0,0.0
533,73346782,73348282,1500,0,100.0,0.0
534,73348282,73349782,1500,0,100.0,0.0
535,73349782,73351282,1500,0,100.0,0.0
536,73351282,73352782,1500,0,100.0,0.0
537,73352782,73354282,183,1317,12.2,87.8
538,73354282,73355782,1177,323,78.46666666666667,21.53333333333333
539,73355782,73357282,1500,0,100.0,0.0
540,73357282,73358782,1500,0,100.0,0.0
541,73358782,73360282,1500,0,100.0,0.0
542,73360282,73361782,1500,0,100.0,0.0
543,73361782,73363282,1500,0,100.0,0.0
544,73363282,73364782,1500,0,100.0,0.0
545,73364782,73366282,1500,0,100.0,0.0
546,73366282,73367782,1500,0,100.0,0.0
547,73367782,73369282,1500,0,100.0,0.0
548,73369282,73370782,1054,446,70.26666666666667,29.733333333333334
549,73370782,73372282,525,975,35.0,65.0
550,73372282,73373782,1500,0,100.0,0.0
551,73373782,73375282,1500,0,100.0,0.0
552,73375282,73376782,1500,0,100.0,0.0
553,73376782,73378282,1500,0,100.0,0.0
554,73378282,73379782,1500,0,100.0,0.0
555,73379782,73381282,1500,0,100.0,0.0
556,73381282,73382782,1500,0,100.0,0.0
557,73382782,73384282,1500,0,100.0,0.0
558,73384282,73385782,1500,0,100.0,0.0
559,73385782,73387282,1163,337,77.53333333333333,22.46666666666667
560,73387282,73388782,309,1191,20.599999999999998,79.4
561,73388782,73390282,1500,0,100.0,0.0
562,73390282,73391782,1500,0,100.0,0.0
563,73391782,73393282,1500,0,100.0,0.0
564,73393282,73394782,1500,0,100.0,0.0
565,73394782,73396282,1500,0,100.0,0.0
566,73396282,73397782,1500,0,100.0,0.0
567,73397782,73399282,1500,0,100.0,0.0
568,73399282,73400782,1500,0,100.0,0.0
569,73400782,73402282,1500,0,100.0,0.0
570,73402282,73403782,1425,75,95.0,5.0
571,73403782,73405282,143,1357,9.533333333333333,90.46666666666667
572,73405282,73406782,1500,0,100.0,0.0
573,73406782,73408282,1500,0,100.0,0.0
574,73408282,73409782,1500,0,100.0,0.0
575,73409782,73411282,1500,0,100.0,0.0
576,73411282,73412782,1500,0,100.0,0.0
577,73412782,73414282,1500,0,100.0,0.0
578,73414282,73415782,1500,0,100.0,0.0
579,73415782,73417282,1500,0,100.0,0.0
580,73417282,73418782,1500,0,100.0,0.0
581,73418782,73420282,1500,0,100.0,0.0
582,73420282,73421782,938,562,62.53333333333333,37.46666666666667
583,73421782,73423282,681,819,45.4,54.6
584,73423282,73424782,1500,0,100.0,0.0
585,73424782,73426282,1500,0,100.0,0.0
586,73426282,73427782,1500,0,100.0,0.0
587,73427782,73429282,1500,0,100.0,0.0
588,73429282,73430782,1500,0,100.0,0.0
589,73430782,73432282,1500,0,100.0,0.0
590,73432282,73433782,1500,0,100.0,0.0
591,73433782,73435282,1500,0,100.0,0.0
592,73435282,73436782,1500,0,100.0,0.0
593,73436782,73438282,1500,0,100.0,0.0
594,73438282,73439782,1500,0,100.0,0.0
595,73439782,73441282,732,768,48.8,51.2
596,73441282,73442782,969,531,64.60000000000001,35.39999999999999
597,73442782,73444282,1500,0,100.0,0.0
598,73444282,73445782,1500,0,100.0,0.0
599,73445782,73447282,1500,0,100.0,0.0
600,73447282,73448782,1500,0,100.0,0.0
601,73448782,73450282,1500,0,100.0,0.0
602,73450282,73451782,1500,0,100.0,0.0
603,73451782,73453282,1500,0,100.0,0.0
604,73453282,73454782,1500,0,100.0,0.0
605,73454782,73456282,1500,0,100.0,0.0
606,73456282,73457782,341,1159,22.733333333333334,77.26666666666667
607,73457782,73459282,1245,255,83.0,17.0
608,73459282,73460782,1500,0,100.0,0.0
609,73460782,73462282,1500,0,100.0,0.0
610,73462282,73463782,1500,0,100.0,0.0
611,73463782,73465282,1500,0,100.0,0.0
612,73465282,73466782,1500,0,100.0,0.0
613,73466782,73468282,1500,0,100.0,0.0
614,73468282,73469782,1500,0,100.0,0.0
615,73469782,73471282,1500,0,100.0,0.0
616,73471282,73472782,1021,479,68.06666666666666,31.933333333333337
617,73472782,73474282,672,828,44.800000000000004,55.199999999999996
618,73474282,73475782,1500,0,100.0,0.0
619,73475782,73477282,1500,0,100.0,0.0
620,73477282,73478782,1500,0,100.0,0.0
621,73478782,73480282,1500,0,100.0,0.0
622,73480282,73481782,1500,0,100.0,0.0
623,73481782,73483282,1500,0,100.0,0.0
624,73483282,73484782,1500,0,100.0,0.0
625,73484782,73486282,1500,0,100.0,0.0
626,73486282,73487782,1500,0,100.0,0.0
627,73487782,73489282,1500,0,100.0,0.0
628,73489282,73490782,1500,0,100.0,0.0
629,73490782,73492282,1500,0,100.0,0.0
630,73492282,73493782,1500,0,100.0,0.0
631,73493782,73495282,1500,0,100.0,0.0
632,73495282,73496782,1500,0,100.0,0.0
633,73496782,73498282,1500,0,100.0,0.0
634,73498282,73499782,1500,0,100.0,0.0
635,73499782,73501282,1500,0,100.0,0.0
636,73501282,73502782,1500,0,100.0,0.0
637,73502782,73504282,1500,0,100.0,0.0
638,73504282,73505782,1500,0,100.0,0.0
639,73505782,73507282,1500,0,100.0,0.0
640,73507282,73508782,1500,0,100.0,0.0
641,73508782,73510282,1500,0,100.0,0.0
642,73510282,73511782,1500,0,100.0,0.0
643,73511782,73513282,1500,0,100.0,0.0
644,73513282,73514782,1500,0,100.0,0.0
645,73514782,73516282,1500,0,100.0,0.0
646,73516282,73517782,1500,0,100.0,0.0
647,73517782,73519282,1500,0,100.0,0.0
648,73519282,73520782,1500,0,100.0,0.0
649,73520782,73522282,1500,0,100.0,0.0
650,73522282,73523782,1500,0,100.0,0.0
651,73523782,73525282,1500,0,100.0,0.0
652,73525282,73526782,1500,0,100.0,0.0
653,73526782,73528282,1500,0,100.0,0.0
654,73528282,73529782,1500,0,100.0,0.0
655,73529782,73531282,1500,0,100.0,0.0
656,73531282,73532782,1500,0,100.0,0.0
657,73532782,73534282,1500,0,100.0,0.0
658,73534282,73535782,1500,0,100.0,0.0
659,73535782,73537282,1500,0,100.0,0.0
660,73537282,73538782,1500,0,100.0,0.0
661,73538782,73540282,1500,0,100.0,0.0
662,73540282,73541782,1500,0,100.0,0.0
663,73541782,73543282,1500,0,100.0,0.0
664,73543282,73544782,1500,0,100.0,0.0
665,73544782,73546282,1500,0,100.0,0.0
666,73546282,73547782,1500,0,100.0,0.0
667,73547782,73549282,1500,0,100.0,0.0
668,73549282,73550782,175,1325,11.666666666666666,88.33333333333333
669,73550782,73552282,1500,0,100.0,0.0
670,73552282,73553782,1500,0,100.0,0.0
671,73553782,73555282,1500,0,100.0,0.0
672,73555282,73556782,1500,0,100.0,0.0
673,73556782,73558282,1500,0,100.0,0.0
674,73558282,73559782,1500,0,100.0,0.0
675,73559782,73561282,1500,0,100.0,0.0
676,73561282,73562782,1500,0,100.0,0.0
677,73562782,73564282,1500,0,100.0,0.0
678,73564282,73565782,1229,271,81.93333333333334,18.066666666666663
679,73565782,73567282,311,1189,20.733333333333334,79.26666666666667
680,73567282,73568782,1500,0,100.0,0.0
681,73568782,73570282,1500,0,100.0,0.0
682,73570282,73571782,1500,0,100.0,0.0
683,73571782,73573282,1500,0,100.0,0.0
684,73573282,73574782,1500,0,100.0,0.0
685,73574782,73576282,1500,0,100.0,0.0
686,73576282,73577782,1500,0,100.0,0.0
687,73577782,73579282,1500,0,100.0,0.0
688,73579282,73580782,1500,0,100.0,0.0
689,73580782,73582282,832,668,55.46666666666666,44.53333333333334
690,73582282,73583782,773,727,51.53333333333333,48.46666666666667
691,73583782,73585282,1500,0,100.0,0.0
692,73585282,73586782,1500,0,100.0,0.0
693,73586782,73588282,1500,0,100.0,0.0
694,73588282,73589782,1500,0,100.0,0.0
695,73589782,73591282,1500,0,100.0,0.0
696,73591282,73592782,1500,0,100.0,0.0
697,73592782,73594282,1500,0,100.0,0.0
698,73594282,73595782,1500,0,100.0,0.0
699,73595782,73597282,1500,0,100.0,0.0
700,73597282,73598782,566,934,37.733333333333334,62.266666666666666
701,73598782,73600282,887,613,59.13333333333334,40.86666666666666
702,73600282,73601782,1500,0,100.0,0.0
703,73601782,73603282,1500,0,100.0,0.0
704,73603282,73604782,1500,0,100.0,0.0
705,73604782,73606282,1500,0,100.0,0.0
706,73606282,73607782,1500,0,100.0,0.0
707,73607782,73609282,1500,0,100.0,0.0
708,73609282,73610782,1500,0,100.0,0.0
709,73610782,73612282,1500,0,100.0,0.0
710,73612282,73613782,1500,0,100.0,0.0
711,73613782,73615282,483,1017,32.2,67.8
712,73615282,73616782,1184,316,78.93333333333334,21.066666666666663
713,73616782,73618282,1500,0,100.0,0.0
714,73618282,73619782,1500,0,100.0,0.0
715,73619782,73621282,1500,0,100.0,0.0
716,73621282,73622782,1500,0,100.0,0.0
717,73622782,73624282,1500,0,100.0,0.0
718,73624282,73625782,1500,0,100.0,0.0
719,73625782,73627282,1500,0,100.0,0.0
720,73627282,73628782,1500,0,100.0,0.0
721,73628782,73630282,1500,0,100.0,0.0
722,73630282,73631782,293,1207,19.53333333333333,80.46666666666667
723,73631782,73633282,1378,122,91.86666666666666,8.13333333333334
724,73633282,73634782,1500,0,100.0,0.0
725,73634782,73636282,1500,0,100.0,0.0
726,73636282,73637782,1500,0,100.0,0.0
727,73637782,73639282,1500,0,100.0,0.0
728,73639282,73640782,1500,0,100.0,0.0
729,73640782,73642282,1500,0,100.0,0.0
730,73642282,73643782,1500,0,100.0,0.0
731,73643782,73645282,1500,0,100.0,0.0
732,73645282,73646782,1500,0,100.0,0.0
733,73646782,73648282,95,1405,6.333333333333334,93.66666666666667
734,73648282,73649782,1491,9,99.4,0.5999999999999943
735,73649782,73651282,1500,0,100.0,0.0
736,73651282,73652782,1500,0,100.0,0.0
737,73652782,73654282,1500,0,100.0,0.0
738,73654282,73655782,1500,0,100.0,0.0
739,73655782,73657282,1500,0,100.0,0.0
740,73657282,73658782,1500,0,100.0,0.0
741,73658782,73660282,1500,0,100.0,0.0
742,73660282,73661782,1500,0,100.0,0.0
743,73661782,73663282,1500,0,100.0,0.0
744,73663282,73664782,638,862,42.53333333333333,57.46666666666667
745,73664782,73666282,951,549,63.4,36.6
746,73666282,73667782,1500,0,100.0,0.0
747,73667782,73669282,1500,0,100.0,0.0
748,73669282,73670782,1500,0,100.0,0.0
749,73670782,73672282,1500,0,100.0,0.0
750,73672282,73673782,1500,0,100.0,0.0
751,73673782,73675282,1500,0,100.0,0.0
752,73675282,73676782,1500,0,100.0,0.0
753,73676782,73678282,1500,0,100.0,0.0
754,73678282,73679782,1500,0,100.0,0.0
755,73679782,73681282,1218,282,81.2,18.799999999999997
756,73681282,73682782,341,1159,22.733333333333334,77.26666666666667
757,73682782,73684282,1500,0,100.0,0.0
758,73684282,73685782,1500,0,100.0,0.0
759,73685782,73687282,1500,0,100.0,0.0
760,73687282,73688782,1500,0,100.0,0.0
761,73688782,73690282,1500,0,100.0,0.0
762,73690282,73691782,1500,0,100.0,0.0
763,73691782,73693282,1500,0,100.0,0.0
764,73693282,73694782,1500,0,100.0,0.0
765,73694782,73696282,1500,0,100.0,0.0
766,73696282,73697782,1500,0,100.0,0.0
767,73697782,73699282,246,1254,16.400000000000002,83.6
768,73699282,73700782,1270,230,84.66666666666667,15.333333333333329
769,73700782,73702282,1500,0,100.0,0.0
770,73702282,73703782,1500,0,100.0,0.0
771,73703782,73705282,1500,0,100.0,0.0
772,73705282,73706782,1500,0,100.0,0.0
773,73706782,73708282,1500,0,100.0,0.0
774,73708282,73709782,1500,0,100.0,0.0
775,73709782,73711282,1500,0,100.0,0.0
776,73711282,73712782,1500,0,100.0,0.0
777,73712782,73714282,1305,195,87.0,13.0
778,73714282,73715782,422,1078,28.133333333333333,71.86666666666667
779,73715782,73717282,1500,0,100.0,0.0
780,73717282,73718782,1500,0,100.0,0.0
781,73718782,73720282,1500,0,100.0,0.0
782,73720282,73721782,1500,0,100.0,0.0
783,73721782,73723282,1500,0,100.0,0.0
784,73723282,73724782,1500,0,100.0,0.0
785,73724782,73726282,1500,0,100.0,0.0
786,73726282,73727782,1500,0,100.0,0.0
787,73727782,73729282,1500,0,100.0,0.0
788,73729282,73730782,1269,231,84.6,15.400000000000006
789,73730782,73732282,213,1287,14.2,85.8
790,73732282,73733782,1500,0,100.0,0.0
791,73733782,73735282,1500,0,100.0,0.0
792,73735282,73736782,1500,0,100.0,0.0
793,73736782,73738282,1500,0,100.0,0.0
794,73738282,73739782,1500,0,100.0,0.0
795,73739782,73741282,1500,0,100.0,0.0
796,73741282,73742782,1500,0,100.0,0.0
797,73742782,73744282,1500,0,100.0,0.0
798,73744282,73745782,1500,0,100.0,0.0
799,73745782,73747282,1500,0,100.0,0.0
800,73747282,73748782,285,1215,19.0,81.0
801,73748782,73750282,1377,123,91.8,8.200000000000003
802,73750282,73751782,1500,0,100.0,0.0
803,73751782,73753282,1500,0,100.0,0.0
804,73753282,73754782,1500,0,100.0,0.0
805,73754782,73756282,1500,0,100.0,0.0
806,73756282,73757782,1500,0,100.0,0.0
807,73757782,73759282,1500,0,100.0,0.0
808,73759282,73760782,1500,0,100.0,0.0
809,73760782,73762282,1500,0,100.0,0.0
810,73762282,73763782,1500,0,100.0,0.0
811,73763782,73765282,475,1025,31.666666666666664,68.33333333333334
812,73765282,73766782,1201,299,80.06666666666666,19.933333333333337
813,73766782,73768282,1500,0,100.0,0.0
814,73768282,73769782,1500,0,100.0,0.0
815,73769782,73771282,1500,0,100.0,0.0
816,73771282,73772782,1500,0,100.0,0.0
817,73772782,73774282,1500,0,100.0,0.0
818,73774282,73775782,1500,0,100.0,0.0
819,73775782,73777282,1500,0,100.0,0.0
820,73777282,73778782,1500,0,100.0,0.0
821,73778782,73780282,1459,41,97.26666666666667,2.7333333333333343
822,73780282,73781782,235,1265,15.666666666666668,84.33333333333333
823,73781782,73783282,1500,0,100.0,0.0
824,73783282,73784782,1500,0,100.0,0.0
825,73784782,73786282,1500,0,100.0,0.0
826,73786282,73787782,1500,0,100.0,0.0
827,73787782,73789282,1500,0,100.0,0.0
828,73789282,73790782,1500,0,100.0,0.0
829,73790782,73792282,1500,0,100.0,0.0
830,73792282,73793782,1500,0,100.0,0.0
831,73793782,73795282,1500,0,100.0,0.0
832,73795282,73796782,965,535,64.33333333333333,35.66666666666667
833,73796782,73798282,668,832,44.53333333333334,55.46666666666666
834,73798282,73799782,1500,0,100.0,0.0
835,73799782,73801282,1500,0,100.0,0.0
836,73801282,73802782,1500,0,100.0,0.0
837,73802782,73804282,1500,0,100.0,0.0
838,73804282,73805782,1500,0,100.0,0.0
839,73805782,73807282,1500,0,100.0,0.0
840,73807282,73808782,1500,0,100.0,0.0
841,73808782,73810282,1500,0,100.0,0.0
842,73810282,73811782,1500,0,100.0,0.0
843,73811782,73813282,530,970,35.333333333333336,64.66666666666666
844,73813282,73814782,1129,371,75.26666666666667,24.733333333333334
845,73814782,73816282,1500,0,100.0,0.0
846,73816282,73817782,1500,0,100.0,0.0
847,73817782,73819282,1500,0,100.0,0.0
848,73819282,73820782,1500,0,100.0,0.0
849,73820782,73822282,1500,0,100.0,0.0
850,73822282,73823782,1500,0,100.0,0.0
851,73823782,73825282,1500,0,100.0,0.0
852,73825282,73826782,1500,0,100.0,0.0
853,73826782,73828282,1500,0,100.0,0.0
854,73828282,73829782,189,1311,12.6,87.4
855,73829782,73831282,1500,0,100.0,0.0
856,73831282,73832782,1500,0,100.0,0.0
857,73832782,73834282,1500,0,100.0,0.0
858,73834282,73835782,1500,0,100.0,0.0
859,73835782,73837282,1500,0,100.0,0.0
860,73837282,73838782,1500,0,100.0,0.0
861,73838782,73840282,1500,0,100.0,0.0
862,73840282,73841782,1500,0,100.0,0.0
863,73841782,73843282,1500,0,100.0,0.0
864,73843282,73844782,1500,0,100.0,0.0
865,73844782,73846282,1342,158,89.46666666666667,10.533333333333331
866,73846282,73847782,329,1171,21.933333333333334,78.06666666666666
867,73847782,73849282,1500,0,100.0,0.0
868,73849282,73850782,1500,0,100.0,0.0
869,73850782,73852282,1500,0,100.0,0.0
870,73852282,73853782,1500,0,100.0,0.0
871,73853782,73855282,1500,0,100.0,0.0
872,73855282,73856782,1500,0,100.0,0.0
873,73856782,73858282,1500,0,100.0,0.0
874,73858282,73859782,1500,0,100.0,0.0
875,73859782,73861282,1500,0,100.0,0.0
876,73861282,73862782,1151,349,76.73333333333333,23.266666666666666
877,73862782,73864282,295,1205,19.666666666666664,80.33333333333334
878,73864282,73865782,1500,0,100.0,0.0
879,73865782,73867282,1500,0,100.0,0.0
880,73867282,73868782,1500,0,100.0,0.0
881,73868782,73870282,1500,0,100.0,0.0
882,73870282,73871782,1500,0,100.0,0.0
883,73871782,73873282,1500,0,100.0,0.0
884,73873282,73874782,1500,0,100.0,0.0
885,73874782,73876282,1500,0,100.0,0.0
886,73876282,73877782,1500,0,100.0,0.0
887,73877782,73879282,1500,0,100.0,0.0
888,73879282,73880782,322,1178,21.46666666666667,78.53333333333333
889,73880782,73882282,1369,131,91.26666666666667,8.733333333333334
890,73882282,73883782,1500,0,100.0,0.0
891,73883782,73885282,1500,0,100.0,0.0
892,73885282,73886782,1500,0,100.0,0.0
893,73886782,73888282,1500,0,100.0,0.0
894,73888282,73889782,1500,0,100.0,0.0
895,73889782,73891282,1500,0,100.0,0.0
896,73891282,73892782,1500,0,100.0,0.0
897,73892782,73894282,1500,0,100.0,0.0
898,73894282,73895782,1311,189,87.4,12.599999999999994
899,73895782,73897282,277,1223,18.46666666666667,81.53333333333333
900,73897282,73898782,1500,0,100.0,0.0
901,73898782,73900282,1500,0,100.0,0.0
902,73900282,73901782,1500,0,100.0,0.0
903,73901782,73903282,1500,0,100.0,0.0
904,73903282,73904782,1500,0,100.0,0.0
905,73904782,73906282,1500,0,100.0,0.0
906,73906282,73907782,1500,0,100.0,0.0
907,73907782,73909282,1500,0,100.0,0.0
908,73909282,73910782,1500,0,100.0,0.0
909,73910782,73912282,707,793,47.13333333333333,52.86666666666667
910,73912282,73913782,1006,494,67.06666666666666,32.93333333333334
911,73913782,73915282,1500,0,100.0,0.0
912,73915282,73916782,1500,0,100.0,0.0
913,73916782,73918282,1500,0,100.0,0.0
914,73918282,73919782,1500,0,100.0,0.0
915,73919782,73921282,1500,0,100.0,0.0
916,73921282,73922782,1500,0,100.0,0.0
917,73922782,73924282,1500,0,100.0,0.0
918,73924282,73925782,1500,0,100.0,0.0
919,73925782,73927282,1326,174,88.4,11.599999999999994
920,73927282,73928782,374,1126,24.933333333333334,75.06666666666666
921,73928782,73930282,1500,0,100.0,0.0
922,73930282,73931782,1500,0,100.0,0.0
923,73931782,73933282,1500,0,100.0,0.0
924,73933282,73934782,1500,0,100.0,0.0
925,73934782,73936282,1500,0,100.0,0.0
926,73936282,73937782,1500,0,100.0,0.0
927,73937782,73939282,1500,0,100.0,0.0
928,73939282,73940782,1500,0,100.0,0.0
929,73940782,73942282,1500,0,100.0,0.0
930,73942282,73943782,724,776,48.266666666666666,51.733333333333334
931,73943782,73945282,881,619,58.733333333333334,41.266666666666666
932,73945282,73946782,1500,0,100.0,0.0
933,73946782,73948282,1500,0,100.0,0.0
934,73948282,73949782,1500,0,100.0,0.0
935,73949782,73951282,1500,0,100.0,0.0
936,73951282,73952782,1500,0,100.0,0.0
937,73952782,73954282,1500,0,100.0,0.0
938,73954282,73955782,1500,0,100.0,0.0
939,73955782,73957282,1500,0,100.0,0.0
940,73957282,73958782,1500,0,100.0,0.0
941,73958782,73960282,1500,0,100.0,0.0
942,73960282,73961782,1500,0,100.0,0.0
943,73961782,73963282,96,1404,6.4,93.6
944,73963282,73964782,995,505,66.33333333333333,33.66666666666667
945,73964782,73966282,1500,0,100.0,0.0
946,73966282,73967782,1500,0,100.0,0.0
947,73967782,73969282,1500,0,100.0,0.0
948,73969282,73970782,1500,0,100.0,0.0
949,73970782,73972282,1500,0,100.0,0.0
950,73972282,73973782,1500,0,100.0,0.0
951,73973782,73975282,1500,0,100.0,0.0
952,73975282,73976782,1500,0,100.0,0.0
953,73976782,73978282,1500,0,100.0,0.0
954,73978282,73979782,1392,108,92.80000000000001,7.199999999999989
955,73979782,73981282,68,1432,4.533333333333333,95.46666666666667
956,73981282,73982782,1277,223,85.13333333333334,14.86666666666666
957,73982782,73984282,1500,0,100.0,0.0
958,73984282,73985782,1500,0,100.0,0.0
959,73985782,73987282,1500,0,100.0,0.0
960,73987282,73988782,1500,0,100.0,0.0
961,73988782,73990282,1500,0,100.0,0.0
962,73990282,73991782,1500,0,100.0,0.0
963,73991782,73993282,1500,0,100.0,0.0
964,73993282,73994782,1500,0,100.0,0.0
965,73994782,73996282,1450,50,96.66666666666667,3.3333333333333286
966,73996282,73997782,82,1418,5.466666666666667,94.53333333333333
967,73997782,73999282,1414,86,94.26666666666667,5.733333333333334
968,73999282,74000782,1500,0,100.0,0.0
969,74000782,74002282,1500,0,100.0,0.0
970,74002282,74003782,1500,0,100.0,0.0
971,74003782,74005282,1500,0,100.0,0.0
972,74005282,74006782,1500,0,100.0,0.0
973,74006782,74008282,1500,0,100.0,0.0
974,74008282,74009782,1500,0,100.0,0.0
975,74009782,74011282,1500,0,100.0,0.0
976,74011282,74012782,1181,319,78.73333333333333,21.266666666666666
977,74012782,74014282,505,995,33.666666666666664,66.33333333333334
978,74014282,74015782,1500,0,100.0,0.0
979,74015782,74017282,1500,0,100.0,0.0
980,74017282,74018782,1500,0,100.0,0.0
981,74018782,74020282,1500,0,100.0,0.0
982,74020282,74021782,1500,0,100.0,0.0
983,74021782,74023282,1500,0,100.0,0.0
984,74023282,74024782,1500,0,100.0,0.0
985,74024782,74026282,1500,0,100.0,0.0
986,74026282,74027782,1500,0,100.0,0.0
987,74027782,74029282,678,822,45.2,54.8
988,74029282,74030782,797,703,53.13333333333333,46.86666666666667
989,74030782,74032282,1500,0,100.0,0.0
990,74032282,74033782,1500,0,100.0,0.0
991,74033782,74035282,1500,0,100.0,0.0
992,74035282,74036782,1500,0,100.0,0.0
993,74036782,74038282,1500,0,100.0,0.0
994,74038282,74039782,1500,0,100.0,0.0
995,74039782,74041282,1500,0,100.0,0.0
996,74041282,74042782,1500,0,100.0,0.0
997,74042782,74044282,1500,0,100.0,0.0
998,74044282,74045782,311,1189,20.733333333333334,79.26666666666667
999,74045782,74047282,1350,150,90.0,10.0
1000,74047282,74048782,1500,0,100.0,0.0
1001,74048782,74050282,1500,0,100.0,0.0
1002,74050282,74051782,1500,0,100.0,0.0
1003,74051782,74053282,1500,0,100.0,0.0
1004,74053282,74054782,1500,0,100.0,0.0
1005,74054782,74056282,1500,0,100.0,0.0
1006,74056282,74057782,1500,0,100.0,0.0
1007,74057782,74059282,1500,0,100.0,0.0
1008,74059282,74060782,1252,248,83.46666666666667,16.53333333333333
1009,74060782,74062282,416,1084,27.73333333333333,72.26666666666667
1010,74062282,74063782,1500,0,100.0,0.0
1011,74063782,74065282,1500,0,100.0,0.0
1012,74065282,74066782,1500,0,100.0,0.0
1013,74066782,74068282,1500,0,100.0,0.0
1014,74068282,74069782,1500,0,100.0,0.0
1015,74069782,74071282,1500,0,100.0,0.0
1016,74071282,74072782,1500,0,100.0,0.0
1017,74072782,74074282,1500,0,100.0,0.0
1018,74074282,74075782,1500,0,100.0,0.0
1019,74075782,74077282,1500,0,100.0,0.0
1020,74077282,74078782,246,1254,16.400000000000002,83.6
1021,74078782,74080282,1395,105,93.0,7.0
1022,74080282,74081782,1500,0,100.0,0.0
1023,74081782,74083282,1500,0,100.0,0.0
1024,74083282,74084782,1500,0,100.0,0.0
1025,74084782,74086282,1500,0,100.0,0.0
1026,74086282,74087782,1500,0,100.0,0.0
1027,74087782,74089282,1500,0,100.0,0.0
1028,74089282,74090782,1500,0,100.0,0.0
1029,74090782,74092282,1500,0,100.0,0.0
1030,74092282,74093782,1191,309,79.4,20.599999999999994
1031,74093782,74095282,303,1197,20.200000000000003,79.8
1032,74095282,74096782,1500,0,100.0,0.0
1033,74096782,74098282,1500,0,100.0,0.0
1034,74098282,74099782,1500,0,100.0,0.0
1035,74099782,74101282,1500,0,100.0,0.0
1036,74101282,74102782,1500,0,100.0,0.0
1037,74102782,74104282,1500,0,100.0,0.0
1038,74104282,74105782,1500,0,100.0,0.0
1039,74105782,74107282,1500,0,100.0,0.0
1040,74107282,74108782,1500,0,100.0,0.0
1041,74108782,74110282,959,541,63.93333333333333,36.06666666666667
1042,74110282,74111782,610,890,40.666666666666664,59.333333333333336
1043,74111782,74113282,1500,0,100.0,0.0
1044,74113282,74114782,1500,0,100.0,0.0
1045,74114782,74116282,1500,0,100.0,0.0
1046,74116282,74117782,1500,0,100.0,0.0
1047,74117782,74119282,1500,0,100.0,0.0
1048,74119282,74120782,1500,0,100.0,0.0
1049,74120782,74122282,1500,0,100.0,0.0
1050,74122282,74123782,1500,0,100.0,0.0
1051,74123782,74125282,1500,0,100.0,0.0
1052,74125282,74126782,643,857,42.86666666666667,57.13333333333333
1053,74126782,74128282,944,556,62.93333333333333,37.06666666666667
1054,74128282,74129782,1500,0,100.0,0.0
1055,74129782,74131282,1500,0,100.0,0.0
1056,74131282,74132782,1500,0,100.0,0.0
1057,74132782,74134282,1500,0,100.0,0.0
1058,74134282,74135782,1500,0,100.0,0.0
1059,74135782,74137282,1500,0,100.0,0.0
1060,74137282,74138782,1500,0,100.0,0.0
1061,74138782,74140282,1500,0,100.0,0.0
1062,74140282,74141782,1500,0,100.0,0.0
1063,74141782,74143282,143,1357,9.533333333333333,90.46666666666667
1064,74143282,74144782,1421,79,94.73333333333333,5.266666666666666
1065,74144782,74146282,1500,0,100.0,0.0
1066,74146282,74147782,1500,0,100.0,0.0
1067,74147782,74149282,1500,0,100.0,0.0
1068,74149282,74150782,1500,0,100.0,0.0
1069,74150782,74152282,1500,0,100.0,0.0
1070,74152282,74153782,1500,0,100.0,0.0
1071,74153782,74155282,1500,0,100.0,0.0
1072,74155282,74156782,1500,0,100.0,0.0
1073,74156782,74158282,1151,349,76.73333333333333,23.266666666666666
1074,74158282,74159782,442,1058,29.46666666666667,70.53333333333333
1075,74159782,74161282,1500,0,100.0,0.0
1076,74161282,74162782,1500,0,100.0,0.0
1077,74162782,74164282,1500,0,100.0,0.0
1078,74164282,74165782,1500,0,100.0,0.0
1079,74165782,74167282,1500,0,100.0,0.0
1080,74167282,74168782,1500,0,100.0,0.0
1081,74168782,74170282,1500,0,100.0,0.0
1082,74170282,74171782,1500,0,100.0,0.0
1083,74171782,74173282,1500,0,100.0,0.0
1084,74173282,74174782,684,816,45.6,54.4
1085,74174782,74176282,936,564,62.4,37.6
1086,74176282,74177782,1500,0,100.0,0.0
1087,74177782,74179282,1500,0,100.0,0.0
1088,74179282,74180782,1500,0,100.0,0.0
1089,74180782,74182282,1500,0,100.0,0.0
1090,74182282,74183782,1500,0,100.0,0.0
1091,74183782,74185282,1500,0,100.0,0.0
1092,74185282,74186782,1500,0,100.0,0.0
1093,74186782,74188282,1500,0,100.0,0.0
1094,74188282,74189782,1500,0,100.0,0.0
1095,74189782,74191282,1159,341,77.26666666666667,22.733333333333334
1096,74191282,74192782,438,1062,29.2,70.8
1097,74192782,74194282,1500,0,100.0,0.0
1098,74194282,74195782,1500,0,100.0,0.0
1099,74195782,74197282,1500,0,100.0,0.0
1100,74197282,74198782,1500,0,100.0,0.0
1101,74198782,74200282,1500,0,100.0,0.0
1102,74200282,74201782,1500,0,100.0,0.0
1103,74201782,74203282,1500,0,100.0,0.0
1104,74203282,74204782,1500,0,100.0,0.0
1105,74204782,74206282,1500,0,100.0,0.0
1106,74206282,74207782,671,829,44.733333333333334,55.266666666666666
1107,74207782,74209282,857,643,57.13333333333333,42.86666666666667
1108,74209282,74210782,1500,0,100.0,0.0
1109,74210782,74212282,1500,0,100.0,0.0
1110,74212282,74213782,1500,0,100.0,0.0
1111,74213782,74215282,1500,0,100.0,0.0
1112,74215282,74216782,1500,0,100.0,0.0
1113,74216782,74218282,1500,0,100.0,0.0
1114,74218282,74219782,1500,0,100.0,0.0
1115,74219782,74221282,1500,0,100.0,0.0
1116,74221282,74222782,1500,0,100.0,0.0
1117,74222782,74224282,593,907,39.53333333333333,60.46666666666667
1118,74224282,74225782,1102,398,73.46666666666667,26.53333333333333
1119,74225782,74227282,1500,0,100.0,0.0
1120,74227282,74228782,1500,0,100.0,0.0
1121,74228782,74230282,1500,0,100.0,0.0
1122,74230282,74231782,1500,0,100.0,0.0
1123,74231782,74233282,1500,0,100.0,0.0
1124,74233282,74234782,1500,0,100.0,0.0
1125,74234782,74236282,1500,0,100.0,0.0
1126,74236282,74237782,1500,0,100.0,0.0
1127,74237782,74239282,1082,418,72.13333333333334,27.86666666666666
1128,74239282,74240782,560,940,37.333333333333336,62.666666666666664
1129,74240782,74242282,1500,0,100.0,0.0
1130,74242282,74243782,1500,0,100.0,0.0
1131,74243782,74245282,1500,0,100.0,0.0
1132,74245282,74246782,1500,0,100.0,0.0
1133,74246782,74248282,1500,0,100.0,0.0
1134,74248282,74249782,1500,0,100.0,0.0
1135,74249782,74251282,1500,0,100.0,0.0
1136,74251282,74252782,1500,0,100.0,0.0
1137,74252782,74254282,1500,0,100.0,0.0
1138,74254282,74255782,266,1234,17.733333333333334,82.26666666666667
1139,74255782,74257282,1421,79,94.73333333333333,5.266666666666666
1140,74257282,74258782,1500,0,100.0,0.0
1141,74258782,74260282,1500,0,100.0,0.0
1142,74260282,74261782,1500,0,100.0,0.0
1143,74261782,74263282,1500,0,100.0,0.0
1144,74263282,74264782,1500,0,100.0,0.0
1145,74264782,74266282,1500,0,100.0,0.0
1146,74266282,74267782,1500,0,100.0,0.0
1147,74267782,74269282,1500,0,100.0,0.0
1148,74269282,74270782,824,676,54.93333333333334,45.06666666666666
1149,74270782,74272282,907,593,60.46666666666667,39.53333333333333
1150,74272282,74273782,1500,0,100.0,0.0
1151,74273782,74275282,1500,0,100.0,0.0
1152,74275282,74276782,1500,0,100.0,0.0
1153,74276782,74278282,1500,0,100.0,0.0
1154,74278282,74279782,1500,0,100.0,0.0
1155,74279782,74281282,1500,0,100.0,0.0
1156,74281282,74282782,1500,0,100.0,0.0
1157,74282782,74284282,1500,0,100.0,0.0
1158,74284282,74285782,1500,0,100.0,0.0
1159,74285782,74287282,1500,0,100.0,0.0
1160,74287282,74288782,159,1341,10.6,89.4
1161,74288782,74290282,1478,22,98.53333333333333,1.4666666666666686
1162,74290282,74291782,1500,0,100.0,0.0
1163,74291782,74293282,1500,0,100.0,0.0
1164,74293282,74294782,1500,0,100.0,0.0
1165,74294782,74296282,1500,0,100.0,0.0
1166,74296282,74297782,1500,0,100.0,0.0
1167,74297782,74299282,1500,0,100.0,0.0
1168,74299282,74300782,1500,0,100.0,0.0
1169,74300782,74302282,1500,0,100.0,0.0
1170,74302282,74303782,1206,294,80.4,19.599999999999994
1171,74303782,74305282,473,1027,31.533333333333335,68.46666666666667
1172,74305282,74306782,1500,0,100.0,0.0
1173,74306782,74308282,1500,0,100.0,0.0
1174,74308282,74309782,1500,0,100.0,0.0
1175,74309782,74311282,1500,0,100.0,0.0
1176,74311282,74312782,1500,0,100.0,0.0
1177,74312782,74314282,1500,0,100.0,0.0
1178,74314282,74315782,1500,0,100.0,0.0
1179,74315782,74317282,1500,0,100.0,0.0
1180,74317282,74318782,1500,0,100.0,0.0
1181,74318782,74320282,893,607,59.53333333333334,40.46666666666666
1182,74320282,74321782,718,782,47.86666666666667,52.13333333333333
1183,74321782,74323282,1500,0,100.0,0.0
1184,74323282,74324782,1500,0,100.0,0.0
1185,74324782,74326282,1500,0,100.0,0.0
1186,74326282,74327782,1500,0,100.0,0.0
1187,74327782,74329282,1500,0,100.0,0.0
1188,74329282,74330782,1500,0,100.0,0.0
1189,74330782,74332282,1500,0,100.0,0.0
1190,74332282,74333782,1500,0,100.0,0.0
1191,74333782,74335282,1481,19,98.73333333333333,1.2666666666666657
1192,74335282,74336782,239,1261,15.933333333333334,84.06666666666666
1193,74336782,74338282,1500,0,100.0,0.0
1194,74338282,74339782,1500,0,100.0,0.0
1195,74339782,74341282,1500,0,100.0,0.0
1196,74341282,74342782,1500,0,100.0,0.0
1197,74342782,74344282,1500,0,100.0,0.0
1198,74344282,74345782,1500,0,100.0,0.0
1199,74345782,74347282,1500,0,100.0,0.0
1200,74347282,74348782,1500,0,100.0,0.0
1201,74348782,74350282,1500,0,100.0,0.0
1202,74350282,74351782,1500,0,100.0,0.0
1203,74351782,74353282,633,867,42.199999999999996,57.800000000000004
1204,74353282,74354782,995,505,66.33333333333333,33.66666666666667
1205,74354782,74356282,1500,0,100.0,0.0
1206,74356282,74357782,1500,0,100.0,0.0
1207,74357782,74359282,1500,0,100.0,0.0
1208,74359282,74360782,1500,0,100.0,0.0
1209,74360782,74362282,1500,0,100.0,0.0
1210,74362282,74363782,1500,0,100.0,0.0
1211,74363782,74365282,1500,0,100.0,0.0
1212,74365282,74366782,1500,0,100.0,0.0
1213,74366782,74368282,1500,0,100.0,0.0
1214,74368282,74369782,1500,0,100.0,0.0
1215,74369782,74371282,740,760,49.333333333333336,50.666666666666664
1216,74371282,74372782,590,910,39.33333333333333,60.66666666666667
1217,74372782,74374282,1500,0,100.0,0.0
1218,74374282,74375782,1500,0,100.0,0.0
1219,74375782,74377282,1500,0,100.0,0.0
1220,74377282,74378782,1500,0,100.0,0.0
1221,74378782,74380282,1500,0,100.0,0.0
1222,74380282,74381782,1500,0,100.0,0.0
1223,74381782,74383282,1500,0,100.0,0.0
1224,74383282,74384782,1500,0,100.0,0.0
1225,74384782,74386282,1500,0,100.0,0.0
1226,74386282,74387782,1062,438,70.8,29.200000000000003
1227,74387782,74389282,310,1190,20.666666666666668,79.33333333333333
1228,74389282,74390782,1500,0,100.0,0.0
1229,74390782,74392282,1500,0,100.0,0.0
1230,74392282,74393782,1500,0,100.0,0.0
1231,74393782,74395282,1500,0,100.0,0.0
1232,74395282,74396782,1500,0,100.0,0.0
1233,74396782,74398282,1500,0,100.0,0.0
1234,74398282,74399782,1500,0,100.0,0.0
1235,74399782,74401282,1500,0,100.0,0.0
1236,74401282,74402782,1500,0,100.0,0.0
1237,74402782,74404282,1500,0,100.0,0.0
1238,74404282,74405782,306,1194,20.4,79.6
1239,74405782,74407282,1028,472,68.53333333333333,31.46666666666667
1240,74407282,74408782,1500,0,100.0,0.0
1241,74408782,74410282,1500,0,100.0,0.0
1242,74410282,74411782,1500,0,100.0,0.0
1243,74411782,74413282,1500,0,100.0,0.0
1244,74413282,74414782,1500,0,100.0,0.0
1245,74414782,74416282,1500,0,100.0,0.0
1246,74416282,74417782,1500,0,100.0,0.0
1247,74417782,74419282,1500,0,100.0,0.0
1248,74419282,74420782,1500,0,100.0,0.0
1249,74420782,74422282,568,932,37.86666666666667,62.13333333333333
1250,74422282,74423782,1138,362,75.86666666666667,24.133333333333326
1251,74423782,74425282,1500,0,100.0,0.0
1252,74425282,74426782,1500,0,100.0,0.0
1253,74426782,74428282,1500,0,100.0,0.0
1254,74428282,74429782,1500,0,100.0,0.0
1255,74429782,74431282,1500,0,100.0,0.0
1256,74431282,74432782,1500,0,100.0,0.0
1257,74432782,74434282,1500,0,100.0,0.0
1258,74434282,74435782,1500,0,100.0,0.0
1259,74435782,74437282,1404,96,93.60000000000001,6.3999999999999915
1260,74437282,74438782,249,1251,16.6,83.4
1261,74438782,74440282,1500,0,100.0,0.0
1262,74440282,74441782,1500,0,100.0,0.0
1263,74441782,74443282,1500,0,100.0,0.0
1264,74443282,74444782,1500,0,100.0,0.0
1265,74444782,74446282,1500,0,100.0,0.0
1266,74446282,74447782,1500,0,100.0,0.0
1267,74447782,74449282,1500,0,100.0,0.0
1268,74449282,74450782,1500,0,100.0,0.0
1269,74450782,74452282,1500,0,100.0,0.0
1270,74452282,74453782,920,580,61.33333333333333,38.66666666666667
1271,74453782,74455282,740,760,49.333333333333336,50.666666666666664
1272,74455282,74456782,1500,0,100.0,0.0
1273,74456782,74458282,1500,0,100.0,0.0
1274,74458282,74459782,1500,0,100.0,0.0
1275,74459782,74461282,1500,0,100.0,0.0
1276,74461282,74462782,1500,0,100.0,0.0
1277,74462782,74464282,1500,0,100.0,0.0
1278,74464282,74465782,1500,0,100.0,0.0
1279,74465782,74467282,1500,0,100.0,0.0
1280,74467282,74468782,1500,0,100.0,0.0
1281,74468782,74470282,145,1355,9.666666666666666,90.33333333333333
1282,74470282,74471782,1500,0,100.0,0.0
1283,74471782,74473282,1500,0,100.0,0.0
1284,74473282,74474782,1500,0,100.0,0.0
1285,74474782,74476282,1500,0,100.0,0.0
1286,74476282,74477782,1500,0,100.0,0.0
1287,74477782,74479282,1500,0,100.0,0.0
1288,74479282,74480782,1500,0,100.0,0.0
1289,74480782,74482282,1500,0,100.0,0.0
1290,74482282,74483782,1500,0,100.0,0.0
1291,74483782,74485282,747,753,49.8,50.2
1292,74485282,74486782,987,513,65.8,34.2
1293,74486782,74488282,1500,0,100.0,0.0
1294,74488282,74489782,1500,0,100.0,0.0
1295,74489782,74491282,1500,0,100.0,0.0
1296,74491282,74492782,1500,0,100.0,0.0
1297,74492782,74494282,1500,0,100.0,0.0
1298,74494282,74495782,1500,0,100.0,0.0
1299,74495782,74497282,1500,0,100.0,0.0
1300,74497282,74498782,1500,0,100.0,0.0
1301,74498782,74500282,1500,0,100.0,0.0
1302,74500282,74501782,1500,0,100.0,0.0
1303,74501782,74503282,1500,0,100.0,0.0
1304,74503282,74504782,1500,0,100.0,0.0
1305,74504782,74506282,1500,0,100.0,0.0
1306,74506282,74507782,1500,0,100.0,0.0
1307,74507782,74509282,1500,0,100.0,0.0
1308,74509282,74510782,1500,0,100.0,0.0
1309,74510782,74512282,1500,0,100.0,0.0
1310,74512282,74513782,1500,0,100.0,0.0
1311,74513782,74515282,1500,0,100.0,0.0
1312,74515282,74516782,1500,0,100.0,0.0
1313,74516782,74518282,1500,0,100.0,0.0
1314,74518282,74519782,1500,0,100.0,0.0
1315,74519782,74521282,1500,0,100.0,0.0
1316,74521282,74522782,1500,0,100.0,0.0
1317,74522782,74524282,1500,0,100.0,0.0
1318,74524282,74525782,1500,0,100.0,0.0
1319,74525782,74527282,1500,0,100.0,0.0
1320,74527282,74528782,1500,0,100.0,0.0
1321,74528782,74530282,1500,0,100.0,0.0
1322,74530282,74531782,1500,0,100.0,0.0
1323,74531782,74533282,1500,0,100.0,0.0
1324,74533282,74534782,1500,0,100.0,0.0
1325,74534782,74536282,1500,0,100.0,0.0
1326,74536282,74537782,1500,0,100.0,0.0
1327,74537782,74539282,1500,0,100.0,0.0
1328,74539282,74540782,1500,0,100.0,0.0
1329,74540782,74542282,1500,0,100.0,0.0
1330,74542282,74543782,1500,0,100.0,0.0
1331,74543782,74545282,1500,0,100.0,0.0
1332,74545282,74546782,1500,0,100.0,0.0
1333,74546782,74548282,1500,0,100.0,0.0
1334,74548282,74549782,268,1232,17.866666666666667,82.13333333333333
1335,74549782,74551282,1421,79,94.73333333333333,5.266666666666666
1336,74551282,74552782,1500,0,100.0,0.0
1337,74552782,74554282,1500,0,100.0,0.0
1338,74554282,74555782,1500,0,100.0,0.0
1339,74555782,74557282,1500,0,100.0,0.0
1340,74557282,74558782,1500,0,100.0,0.0
1341,74558782,74560282,1500,0,100.0,0.0
1342,74560282,74561782,1500,0,100.0,0.0
1343,74561782,74563282,1500,0,100.0,0.0
1344,74563282,74564782,963,537,64.2,35.8
1345,74564782,74566282,778,722,51.866666666666674,48.133333333333326
1346,74566282,74567782,1500,0,100.0,0.0
1347,74567782,74569282,1500,0,100.0,0.0
1348,74569282,74570782,1500,0,100.0,0.0
1349,74570782,74572282,1500,0,100.0,0.0
1350,74572282,74573782,1500,0,100.0,0.0
1351,74573782,74575282,1500,0,100.0,0.0
1352,74575282,74576782,1500,0,100.0,0.0
1353,74576782,74578282,1500,0,100.0,0.0
1354,74578282,74579782,1500,0,100.0,0.0
1355,74579782,74581282,112,1388,7.466666666666668,92.53333333333333
1356,74581282,74582782,1500,0,100.0,0.0
1357,74582782,74584282,1500,0,100.0,0.0
1358,74584282,74585782,1500,0,100.0,0.0
1359,74585782,74587282,1500,0,100.0,0.0
1360,74587282,74588782,1500,0,100.0,0.0
1361,74588782,74590282,1500,0,100.0,0.0
1362,74590282,74591782,1500,0,100.0,0.0
1363,74591782,74593282,1500,0,100.0,0.0
1364,74593282,74594782,1500,0,100.0,0.0
1365,74594782,74596282,1500,0,100.0,0.0
1366,74596282,74597782,264,1236,17.599999999999998,82.4
1367,74597782,74599282,1212,288,80.80000000000001,19.19999999999999
1368,74599282,74600782,1500,0,100.0,0.0
1369,74600782,74602282,1500,0,100.0,0.0
1370,74602282,74603782,1500,0,100.0,0.0
1371,74603782,74605282,1500,0,100.0,0.0
1372,74605282,74606782,1500,0,100.0,0.0
1373,74606782,74608282,1500,0,100.0,0.0
1374,74608282,74609782,1500,0,100.0,0.0
1375,74609782,74611282,1500,0,100.0,0.0
1376,74611282,74612782,1324,176,88.26666666666667,11.733333333333334
1377,74612782,74614282,285,1215,19.0,81.0
1378,74614282,74615782,1500,0,100.0,0.0
1379,74615782,74617282,1500,0,100.0,0.0
1380,74617282,74618782,1500,0,100.0,0.0
1381,74618782,74620282,1500,0,100.0,0.0
1382,74620282,74621782,1500,0,100.0,0.0
1383,74621782,74623282,1500,0,100.0,0.0
1384,74623282,74624782,1500,0,100.0,0.0
1385,74624782,74626282,1500,0,100.0,0.0
1386,74626282,74627782,1500,0,100.0,0.0
1387,74627782,74629282,1500,0,100.0,0.0
1388,74629282,74630782,639,861,42.6,57.4
1389,74630782,74632282,911,589,60.73333333333333,39.26666666666667
1390,74632282,74633782,1500,0,100.0,0.0
1391,74633782,74635282,1500,0,100.0,0.0
1392,74635282,74636782,1500,0,100.0,0.0
1393,74636782,74638282,1500,0,100.0,0.0
1394,74638282,74639782,1500,0,100.0,0.0
1395,74639782,74641282,1500,0,100.0,0.0
1396,74641282,74642782,1500,0,100.0,0.0
1397,74642782,74644282,1500,0,100.0,0.0
1398,74644282,74645782,1500,0,100.0,0.0
1399,74645782,74647282,657,843,43.8,56.2
1400,74647282,74648782,1010,490,67.33333333333333,32.66666666666667
1401,74648782,74650282,1500,0,100.0,0.0
1402,74650282,74651782,1500,0,100.0,0.0
1403,74651782,74653282,1500,0,100.0,0.0
1404,74653282,74654782,1500,0,100.0,0.0
1405,74654782,74656282,1500,0,100.0,0.0
1406,74656282,74657782,1500,0,100.0,0.0
1407,74657782,74659282,1500,0,100.0,0.0
1408,74659282,74660782,1500,0,100.0,0.0
1409,74660782,74662282,1500,0,100.0,0.0
1410,74662282,74663782,1500,0,100.0,0.0
1411,74663782,74665282,425,1075,28.333333333333332,71.66666666666667
1412,74665282,74666782,1236,264,82.39999999999999,17.60000000000001
1413,74666782,74668282,1500,0,100.0,0.0
1414,74668282,74669782,1500,0,100.0,0.0
1415,74669782,74671282,1500,0,100.0,0.0
1416,74671282,74672782,1500,0,100.0,0.0
1417,74672782,74674282,1500,0,100.0,0.0
1418,74674282,74675782,1500,0,100.0,0.0
1419,74675782,74677282,1500,0,100.0,0.0
1420,74677282,74678782,1500,0,100.0,0.0
1421,74678782,74680282,1204,296,80.26666666666667,19.733333333333334
1422,74680282,74681782,420,1080,28.000000000000004,72.0
1423,74681782,74683282,1500,0,100.0,0.0
1424,74683282,74684782,1500,0,100.0,0.0
1425,74684782,74686282,1500,0,100.0,0.0
1426,74686282,74687782,1500,0,100.0,0.0
1427,74687782,74689282,1500,0,100.0,0.0
1428,74689282,74690782,1500,0,100.0,0.0
1429,74690782,74692282,1500,0,100.0,0.0
1430,74692282,74693782,1500,0,100.0,0.0
1431,74693782,74695282,1500,0,100.0,0.0
1432,74695282,74696782,417,1083,27.800000000000004,72.19999999999999
1433,74696782,74698282,1162,338,77.46666666666667,22.53333333333333
1434,74698282,74699782,1500,0,100.0,0.0
1435,74699782,74701282,1500,0,100.0,0.0
1436,74701282,74702782,1500,0,100.0,0.0
1437,74702782,74704282,1500,0,100.0,0.0
1438,74704282,74705782,1500,0,100.0,0.0
1439,74705782,74707282,1500,0,100.0,0.0
1440,74707282,74708782,1500,0,100.0,0.0
1441,74708782,74710282,1500,0,100.0,0.0
1442,74710282,74711782,1063,437,70.86666666666666,29.13333333333334
1443,74711782,74713282,632,868,42.13333333333333,57.86666666666667
1444,74713282,74714782,1500,0,100.0,0.0
1445,74714782,74716282,1500,0,100.0,0.0
1446,74716282,74717782,1500,0,100.0,0.0
1447,74717782,74719282,1500,0,100.0,0.0
1448,74719282,74720782,1500,0,100.0,0.0
1449,74720782,74722282,1500,0,100.0,0.0
1450,74722282,74723782,1500,0,100.0,0.0
1451,74723782,74725282,1500,0,100.0,0.0
1452,74725282,74726782,1500,0,100.0,0.0
1453,74726782,74728282,391,1109,26.066666666666666,73.93333333333334
1454,74728282,74729782,1205,295,80.33333333333333,19.66666666666667
1455,74729782,74731282,1500,0,100.0,0.0
1456,74731282,74732782,1500,0,100.0,0.0
1457,74732782,74734282,1500,0,100.0,0.0
1458,74734282,74735782,1500,0,100.0,0.0
1459,74735782,74737282,1500,0,100.0,0.0
1460,74737282,74738782,1500,0,100.0,0.0
1461,74738782,74740282,1500,0,100.0,0.0
1462,74740282,74741782,1500,0,100.0,0.0
1463,74741782,74743282,1500,0,100.0,0.0
1464,74743282,74744782,851,649,56.733333333333334,43.266666666666666
1465,74744782,74746282,836,664,55.733333333333334,44.266666666666666
1466,74746282,74747782,1500,0,100.0,0.0
1467,74747782,74749282,1500,0,100.0,0.0
1468,74749282,74750782,1500,0,100.0,0.0
1469,74750782,74752282,1500,0,100.0,0.0
1470,74752282,74753782,1500,0,100.0,0.0
1471,74753782,74755282,1500,0,100.0,0.0
1472,74755282,74756782,1500,0,100.0,0.0
1473,74756782,74758282,1500,0,100.0,0.0
1474,74758282,74759782,1500,0,100.0,0.0
1475,74759782,74761282,268,1232,17.866666666666667,82.13333333333333
1476,74761282,74762782,1249,251,83.26666666666667,16.733333333333334
1477,74762782,74764282,1500,0,100.0,0.0
1478,74764282,74765782,1500,0,100.0,0.0
1479,74765782,74767282,1500,0,100.0,0.0
1480,74767282,74768782,1500,0,100.0,0.0
1481,74768782,74770282,1500,0,100.0,0.0
1482,74770282,74771782,1500,0,100.0,0.0
1483,74771782,74773282,1500,0,100.0,0.0
1484,74773282,74774782,1500,0,100.0,0.0
1485,74774782,74776282,1500,0,100.0,0.0
1486,74776282,74777782,1160,340,77.33333333333333,22.66666666666667
1487,74777782,74779282,487,1013,32.46666666666667,67.53333333333333
1488,74779282,74780782,1500,0,100.0,0.0
1489,74780782,74782282,1500,0,100.0,0.0
1490,74782282,74783782,1500,0,100.0,0.0
1491,74783782,74785282,1500,0,100.0,0.0
1492,74785282,74786782,1500,0,100.0,0.0
1493,74786782,74788282,1500,0,100.0,0.0
1494,74788282,74789782,1500,0,100.0,0.0
1495,74789782,74791282,1500,0,100.0,0.0
1496,74791282,74792782,1500,0,100.0,0.0
1497,74792782,74794282,436,1064,29.06666666666667,70.93333333333334
1498,74794282,74795782,1285,215,85.66666666666667,14.333333333333329
1499,74795782,74797282,1500,0,100.0,0.0
1500,74797282,74798782,1500,0,100.0,0.0
1501,74798782,74800282,1500,0,100.0,0.0
1502,74800282,74801782,1500,0,100.0,0.0
1503,74801782,74803282,1500,0,100.0,0.0
1504,74803282,74804782,1500,0,100.0,0.0
1505,74804782,74806282,1500,0,100.0,0.0
1506,74806282,74807782,1500,0,100.0,0.0
1507,74807782,74809282,1061,439,70.73333333333333,29.266666666666666
1508,74809282,74810782,590,910,39.33333333333333,60.66666666666667
1509,74810782,74812282,1500,0,100.0,0.0
1510,74812282,74813782,1500,0,100.0,0.0
1511,74813782,74815282,1500,0,100.0,0.0
1512,74815282,74816782,1500,0,100.0,0.0
1513,74816782,74818282,1500,0,100.0,0.0
1514,74818282,74819782,1500,0,100.0,0.0
1515,74819782,74821282,1500,0,100.0,0.0
1516,74821282,74822782,1500,0,100.0,0.0
1517,74822782,74824282,1500,0,100.0,0.0
1518,74824282,74825782,258,1242,17.2,82.8
1519,74825782,74827282,1446,54,96.39999999999999,3.6000000000000085
1520,74827282,74828782,1500,0,100.0,0.0
1521,74828782,74830282,1500,0,100.0,0.0
1522,74830282,74831782,1500,0,100.0,0.0
1523,74831782,74833282,1500,0,100.0,0.0
1524,74833282,74834782,1500,0,100.0,0.0
1525,74834782,74836282,1500,0,100.0,0.0
1526,74836282,74837782,1500,0,100.0,0.0
1527,74837782,74839282,1500,0,100.0,0.0
1528,74839282,74840782,889,611,59.266666666666666,40.733333333333334
1529,74840782,74842282,822,678,54.800000000000004,45.199999999999996
1530,74842282,74843782,1500,0,100.0,0.0
1531,74843782,74845282,1500,0,100.0,0.0
1532,74845282,74846782,1500,0,100.0,0.0
1533,74846782,74848282,1500,0,100.0,0.0
1534,74848282,74849782,1500,0,100.0,0.0
1535,74849782,74851282,1500,0,100.0,0.0
1536,74851282,74852782,1500,0,100.0,0.0
1537,74852782,74854282,1500,0,100.0,0.0
1538,74854282,74855782,1500,0,100.0,0.0
1539,74855782,74857282,1500,0,100.0,0.0
1540,74857282,74858782,1500,0,100.0,0.0
1541,74858782,74860282,255,1245,17.0,83.0
1542,74860282,74861782,1291,209,86.06666666666666,13.933333333333337
1543,74861782,74863282,1500,0,100.0,0.0
1544,74863282,74864782,1500,0,100.0,0.0
1545,74864782,74866282,1500,0,100.0,0.0
1546,74866282,74867782,1500,0,100.0,0.0
1547,74867782,74869282,1500,0,100.0,0.0
1548,74869282,74870782,1500,0,100.0,0.0
1549,74870782,74872282,1500,0,100.0,0.0
1550,74872282,74873782,1500,0,100.0,0.0
1551,74873782,74875282,1500,0,100.0,0.0
1552,74875282,74876782,569,931,37.93333333333334,62.06666666666666
1553,74876782,74878282,990,510,66.0,34.0
1554,74878282,74879782,1500,0,100.0,0.0
1555,74879782,74881282,1500,0,100.0,0.0
1556,74881282,74882782,1500,0,100.0,0.0
1557,74882782,74884282,1500,0,100.0,0.0
1558,74884282,74885782,1500,0,100.0,0.0
1559,74885782,74887282,1500,0,100.0,0.0
1560,74887282,74888782,1500,0,100.0,0.0
1561,74888782,74890282,1500,0,100.0,0.0
1562,74890282,74891782,1500,0,100.0,0.0
1563,74891782,74893282,549,951,36.6,63.4
1564,74893282,74894782,1142,358,76.13333333333333,23.866666666666674
1565,74894782,74896282,1500,0,100.0,0.0
1566,74896282,74897782,1500,0,100.0,0.0
1567,74897782,74899282,1500,0,100.0,0.0
1568,74899282,74900782,1500,0,100.0,0.0
1569,74900782,74902282,1500,0,100.0,0.0
1570,74902282,74903782,1500,0,100.0,0.0
1571,74903782,74905282,1500,0,100.0,0.0
1572,74905282,74906782,1500,0,100.0,0.0
1573,74906782,74908282,1315,185,87.66666666666667,12.333333333333329
1574,74908282,74909782,358,1142,23.866666666666667,76.13333333333333
1575,74909782,74911282,1500,0,100.0,0.0
1576,74911282,74912782,1500,0,100.0,0.0
1577,74912782,74914282,1500,0,100.0,0.0
1578,74914282,74915782,1500,0,100.0,0.0
1579,74915782,74917282,1500,0,100.0,0.0
1580,74917282,74918782,1500,0,100.0,0.0
1581,74918782,74920282,1500,0,100.0,0.0
1582,74920282,74921782,1500,0,100.0,0.0
1583,74921782,74923282,1500,0,100.0,0.0
1584,74923282,74924782,425,1075,28.333333333333332,71.66666666666667
1585,74924782,74926282,1217,283,81.13333333333334,18.86666666666666
1586,74926282,74927782,1500,0,100.0,0.0
1587,74927782,74929282,1500,0,100.0,0.0
1588,74929282,74930782,1500,0,100.0,0.0
1589,74930782,74932282,1500,0,100.0,0.0
1590,74932282,74933782,1500,0,100.0,0.0
1591,74933782,74935282,1500,0,100.0,0.0
1592,74935282,74936782,1500,0,100.0,0.0
1593,74936782,74938282,1500,0,100.0,0.0
1594,74938282,74939782,1500,0,100.0,0.0
1595,74939782,74941282,1500,0,100.0,0.0
1596,74941282,74942782,590,910,39.33333333333333,60.66666666666667
1597,74942782,74944282,1046,454,69.73333333333333,30.266666666666666
1598,74944282,74945782,1500,0,100.0,0.0
1599,74945782,74947282,1500,0,100.0,0.0
1600,74947282,74948782,1500,0,100.0,0.0
1601,74948782,74950282,1500,0,100.0,0.0
1602,74950282,74951782,1500,0,100.0,0.0
1603,74951782,74953282,1500,0,100.0,0.0
1604,74953282,74954782,1500,0,100.0,0.0
1605,74954782,74956282,1500,0,100.0,0.0
1606,74956282,74957782,1500,0,100.0,0.0
1607,74957782,74959282,928,572,61.86666666666667,38.13333333333333
1608,74959282,74960782,731,769,48.733333333333334,51.266666666666666
1609,74960782,74962282,1500,0,100.0,0.0
1610,74962282,74963782,1500,0,100.0,0.0
1611,74963782,74965282,1500,0,100.0,0.0
1612,74965282,74966782,1500,0,100.0,0.0
1613,74966782,74968282,1500,0,100.0,0.0
1614,74968282,74969782,1500,0,100.0,0.0
1615,74969782,74971282,1500,0,100.0,0.0
1616,74971282,74972782,1500,0,100.0,0.0
1617,74972782,74974282,1500,0,100.0,0.0
1618,74974282,74975782,1500,0,100.0,0.0
1619,74975782,74977282,403,1097,26.866666666666667,73.13333333333333
1620,74977282,74978782,1085,415,72.33333333333334,27.666666666666657
1621,74978782,74980282,1500,0,100.0,0.0
1622,74980282,74981782,1500,0,100.0,0.0
1623,74981782,74983282,1500,0,100.0,0.0
1624,74983282,74984782,1500,0,100.0,0.0
1625,74984782,74986282,1500,0,100.0,0.0
1626,74986282,74987782,1500,0,100.0,0.0
1627,74987782,74989282,1500,0,100.0,0.0
1628,74989282,74990782,1500,0,100.0,0.0
1629,74990782,74992282,1500,0,100.0,0.0
1630,74992282,74993782,148,1352,9.866666666666667,90.13333333333333
1631,74993782,74995282,1438,62,95.86666666666666,4.13333333333334
1632,74995282,74996782,1500,0,100.0,0.0
1633,74996782,74998282,1500,0,100.0,0.0
1634,74998282,74999782,1500,0,100.0,0.0
1635,74999782,75001282,1500,0,100.0,0.0
1636,75001282,75002782,1500,0,100.0,0.0
1637,75002782,75004282,1500,0,100.0,0.0
1638,75004282,75005782,1500,0,100.0,0.0
1639,75005782,75007282,1500,0,100.0,0.0
1640,75007282,75008782,1104,396,73.6,26.400000000000006
1641,75008782,75010282,604,896,40.266666666666666,59.733333333333334
1642,75010282,75011782,1500,0,100.0,0.0
1643,75011782,75013282,1500,0,100.0,0.0
1644,75013282,75014782,1500,0,100.0,0.0
1645,75014782,75016282,1500,0,100.0,0.0
1646,75016282,75017782,1500,0,100.0,0.0
1647,75017782,75019282,1500,0,100.0,0.0
1648,75019282,75020782,1500,0,100.0,0.0
1649,75020782,75022282,1500,0,100.0,0.0
1650,75022282,75023782,1500,0,100.0,0.0
1651,75023782,75025282,1297,203,86.46666666666667,13.533333333333331
1652,75025282,75026782,354,1146,23.599999999999998,76.4
1653,75026782,75028282,1500,0,100.0,0.0
1654,75028282,75029782,1500,0,100.0,0.0
1655,75029782,75031282,1500,0,100.0,0.0
1656,75031282,75032782,1500,0,100.0,0.0
1657,75032782,75034282,1500,0,100.0,0.0
1658,75034282,75035782,1500,0,100.0,0.0
1659,75035782,75037282,1500,0,100.0,0.0
1660,75037282,75038782,1500,0,100.0,0.0
1661,75038782,75040282,1500,0,100.0,0.0
1662,75040282,75041782,1350,150,90.0,10.0
1663,75041782,75043282,237,1263,15.8,84.2
1664,75043282,75044782,1500,0,100.0,0.0
1665,75044782,75046282,1500,0,100.0,0.0
1666,75046282,75047782,1500,0,100.0,0.0
1667,75047782,75049282,1500,0,100.0,0.0
1668,75049282,75050782,1500,0,100.0,0.0
1669,75050782,75052282,1500,0,100.0,0.0
1670,75052282,75053782,1500,0,100.0,0.0
1671,75053782,75055282,1500,0,100.0,0.0
1672,75055282,75056782,1500,0,100.0,0.0
1673,75056782,75058282,1500,0,100.0,0.0
1674,75058282,75059782,192,1308,12.8,87.2
1675,75059782,75061282,1500,0,100.0,0.0
1676,75061282,75062782,1500,0,100.0,0.0
1677,75062782,75064282,1500,0,100.0,0.0
1678,75064282,75065782,1500,0,100.0,0.0
1679,75065782,75067282,1500,0,100.0,0.0
1680,75067282,75068782,1500,0,100.0,0.0
1681,75068782,75070282,1500,0,100.0,0.0
1682,75070282,75071782,1500,0,100.0,0.0
1683,75071782,75073282,1500,0,100.0,0.0
1684,75073282,75074782,1356,144,90.4,9.599999999999994
1685,75074782,75076282,254,1246,16.933333333333334,83.06666666666666
1686,75076282,75077782,1500,0,100.0,0.0
1687,75077782,75079282,1500,0,100.0,0.0
1688,75079282,75080782,1500,0,100.0,0.0
1689,75080782,75082282,1500,0,100.0,0.0
1690,75082282,75083782,1500,0,100.0,0.0
1691,75083782,75085282,1500,0,100.0,0.0
1692,75085282,75086782,1500,0,100.0,0.0
1693,75086782,75088282,1500,0,100.0,0.0
1694,75088282,75089782,1500,0,100.0,0.0
1695,75089782,75091282,724,776,48.266666666666666,51.733333333333334
1696,75091282,75092782,1000,500,66.66666666666666,33.33333333333334
1697,75092782,75094282,1500,0,100.0,0.0
1698,75094282,75095782,1500,0,100.0,0.0
1699,75095782,75097282,1500,0,100.0,0.0
1700,75097282,75098782,1500,0,100.0,0.0
1701,75098782,75100282,1500,0,100.0,0.0
1702,75100282,75101782,1500,0,100.0,0.0
1703,75101782,75103282,1500,0,100.0,0.0
1704,75103282,75104782,1500,0,100.0,0.0
1705,75104782,75106282,1392,108,92.80000000000001,7.199999999999989
1706,75106282,75107782,282,1218,18.8,81.2
1707,75107782,75109282,1500,0,100.0,0.0
1708,75109282,75110782,1500,0,100.0,0.0
1709,75110782,75112282,1500,0,100.0,0.0
1710,75112282,75113782,1500,0,100.0,0.0
1711,75113782,75115282,1500,0,100.0,0.0
1712,75115282,75116782,1500,0,100.0,0.0
1713,75116782,75118282,1500,0,100.0,0.0
1714,75118282,75119782,1500,0,100.0,0.0
1715,75119782,75121282,1500,0,100.0,0.0
1716,75121282,75122782,620,880,41.333333333333336,58.666666666666664
1717,75122782,75124282,1013,487,67.53333333333333,32.46666666666667
1718,75124282,75125782,1500,0,100.0,0.0
1719,75125782,75127282,1500,0,100.0,0.0
1720,75127282,75128782,1500,0,100.0,0.0
1721,75128782,75130282,1500,0,100.0,0.0
1722,75130282,75131782,1500,0,100.0,0.0
1723,75131782,75133282,1500,0,100.0,0.0
1724,75133282,75134782,1500,0,100.0,0.0
1725,75134782,75136282,1500,0,100.0,0.0
1726,75136282,75137782,1212,288,80.80000000000001,19.19999999999999
1727,75137782,75139282,503,997,33.53333333333333,66.46666666666667
1728,75139282,75140782,1500,0,100.0,0.0
1729,75140782,75142282,1500,0,100.0,0.0
1730,75142282,75143782,1500,0,100.0,0.0
1731,75143782,75145282,1500,0,100.0,0.0
1732,75145282,75146782,1500,0,100.0,0.0
1733,75146782,75148282,1500,0,100.0,0.0
1734,75148282,75149782,1500,0,100.0,0.0
1735,75149782,75151282,1500,0,100.0,0.0
1736,75151282,75152782,1500,0,100.0,0.0
1737,75152782,75154282,1222,278,81.46666666666667,18.53333333333333
1738,75154282,75155782,368,1132,24.53333333333333,75.46666666666667
1739,75155782,75157282,1500,0,100.0,0.0
1740,75157282,75158782,1500,0,100.0,0.0
1741,75158782,75160282,1500,0,100.0,0.0
1742,75160282,75161782,1500,0,100.0,0.0
1743,75161782,75163282,1500,0,100.0,0.0
1744,75163282,75164782,1500,0,100.0,0.0
1745,75164782,75166282,1500,0,100.0,0.0
1746,75166282,75167782,1500,0,100.0,0.0
1747,75167782,75169282,1500,0,100.0,0.0
1748,75169282,75170782,1500,0,100.0,0.0
1749,75170782,75172282,926,574,61.73333333333333,38.26666666666667
1750,75172282,75173782,660,840,44.0,56.0
1751,75173782,75175282,1500,0,100.0,0.0
1752,75175282,75176782,1500,0,100.0,0.0
1753,75176782,75178282,1500,0,100.0,0.0
1754,75178282,75179782,1500,0,100.0,0.0
1755,75179782,75181282,1500,0,100.0,0.0
1756,75181282,75182782,1500,0,100.0,0.0
1757,75182782,75184282,1500,0,100.0,0.0
1758,75184282,75185782,1500,0,100.0,0.0
1759,75185782,75187282,1500,0,100.0,0.0
1760,75187282,75188782,467,1033,31.133333333333336,68.86666666666666
1761,75188782,75190282,1150,350,76.66666666666667,23.33333333333333
1762,75190282,75191782,1500,0,100.0,0.0
1763,75191782,75193282,1500,0,100.0,0.0
1764,75193282,75194782,1500,0,100.0,0.0
1765,75194782,75196282,1500,0,100.0,0.0
1766,75196282,75197782,1500,0,100.0,0.0
1767,75197782,75199282,1500,0,100.0,0.0
1768,75199282,75200782,1500,0,100.0,0.0
1769,75200782,75202282,1500,0,100.0,0.0
1770,75202282,75203782,1298,202,86.53333333333333,13.466666666666669
1771,75203782,75205282,412,1088,27.46666666666667,72.53333333333333
1772,75205282,75206782,1500,0,100.0,0.0
1773,75206782,75208282,1500,0,100.0,0.0
1774,75208282,75209782,1500,0,100.0,0.0
1775,75209782,75211282,1500,0,100.0,0.0
1776,75211282,75212782,1500,0,100.0,0.0
1777,75212782,75214282,1500,0,100.0,0.0
1778,75214282,75215782,1500,0,100.0,0.0
1779,75215782,75217282,1500,0,100.0,0.0
1780,75217282,75218782,1500,0,100.0,0.0
1781,75218782,75220282,1422,78,94.8,5.200000000000003
1782,75220282,75221782,286,1214,19.066666666666666,80.93333333333334
1783,75221782,75223282,1500,0,100.0,0.0
1784,75223282,75224782,1500,0,100.0,0.0
1785,75224782,75226282,1500,0,100.0,0.0
1786,75226282,75227782,1500,0,100.0,0.0
1787,75227782,75229282,1500,0,100.0,0.0
1788,75229282,75230782,1500,0,100.0,0.0
1789,75230782,75232282,1500,0,100.0,0.0
1790,75232282,75233782,1500,0,100.0,0.0
1791,75233782,75235282,1500,0,100.0,0.0
1792,75235282,75236782,703,797,46.86666666666667,53.13333333333333
1793,75236782,75238282,914,586,60.93333333333333,39.06666666666667
1794,75238282,75239782,1500,0,100.0,0.0
1795,75239782,75241282,1500,0,100.0,0.0
1796,75241282,75242782,1500,0,100.0,0.0
1797,75242782,75244282,1500,0,100.0,0.0
1798,75244282,75245782,1500,0,100.0,0.0
1799,75245782,75247282,1500,0,100.0,0.0
1800,75247282,75248782,1500,0,100.0,0.0
1801,75248782,75250282,1500,0,100.0,0.0
1802,75250282,75251782,1500,0,100.0,0.0
1803,75251782,75253282,1038,462,69.19999999999999,30.80000000000001
1804,75253282,75254782,569,931,37.93333333333334,62.06666666666666
1805,75254782,75256282,1500,0,100.0,0.0
1806,75256282,75257782,1500,0,100.0,0.0
1807,75257782,75259282,1500,0,100.0,0.0
1808,75259282,75260782,1500,0,100.0,0.0
1809,75260782,75262282,1500,0,100.0,0.0
1810,75262282,75263782,1500,0,100.0,0.0
1811,75263782,75265282,1500,0,100.0,0.0
1812,75265282,75266782,1500,0,100.0,0.0
1813,75266782,75268282,1500,0,100.0,0.0
1814,75268282,75269782,486,1014,32.4,67.6
1815,75269782,75271282,1112,388,74.13333333333333,25.866666666666674
1816,75271282,75272782,1500,0,100.0,0.0
1817,75272782,75274282,1500,0,100.0,0.0
1818,75274282,75275782,1500,0,100.0,0.0
1819,75275782,75277282,1500,0,100.0,0.0
1820,75277282,75278782,1500,0,100.0,0.0
1821,75278782,75280282,1500,0,100.0,0.0
1822,75280282,75281782,1500,0,100.0,0.0
1823,75281782,75283282,1500,0,100.0,0.0
1824,75283282,75284782,1500,0,100.0,0.0
1825,75284782,75286282,130,1370,8.666666666666668,91.33333333333333
1826,75286282,75287782,1453,47,96.86666666666667,3.1333333333333258
1827,75287782,75289282,1500,0,100.0,0.0
1828,75289282,75290782,1500,0,100.0,0.0
1829,75290782,75292282,1500,0,100.0,0.0
1830,75292282,75293782,1500,0,100.0,0.0
1831,75293782,75295282,1500,0,100.0,0.0
1832,75295282,75296782,1500,0,100.0,0.0
1833,75296782,75298282,1500,0,100.0,0.0
1834,75298282,75299782,1500,0,100.0,0.0
1835,75299782,75301282,1500,0,100.0,0.0
1836,75301282,75302782,242,1258,16.133333333333333,83.86666666666667
1837,75302782,75304282,1430,70,95.33333333333334,4.666666666666657
1838,75304282,75305782,1500,0,100.0,0.0
1839,75305782,75307282,1500,0,100.0,0.0
1840,75307282,75308782,1500,0,100.0,0.0
1841,75308782,75310282,1500,0,100.0,0.0
1842,75310282,75311782,1500,0,100.0,0.0
1843,75311782,75313282,1500,0,100.0,0.0
1844,75313282,75314782,1500,0,100.0,0.0
1845,75314782,75316282,1500,0,100.0,0.0
1846,75316282,75317782,841,659,56.06666666666666,43.93333333333334
1847,75317782,75319282,874,626,58.266666666666666,41.733333333333334
1848,75319282,75320782,1500,0,100.0,0.0
1849,75320782,75322282,1500,0,100.0,0.0
1850,75322282,75323782,1500,0,100.0,0.0
1851,75323782,75325282,1500,0,100.0,0.0
1852,75325282,75326782,1500,0,100.0,0.0
1853,75326782,75328282,1500,0,100.0,0.0
1854,75328282,75329782,1500,0,100.0,0.0
1855,75329782,75331282,1500,0,100.0,0.0
1856,75331282,75332782,1365,135,91.0,9.0
1857,75332782,75334282,291,1209,19.400000000000002,80.6
1858,75334282,75335782,1500,0,100.0,0.0
1859,75335782,75337282,1500,0,100.0,0.0
1860,75337282,75338782,1500,0,100.0,0.0
1861,75338782,75340282,1500,0,100.0,0.0
1862,75340282,75341782,1500,0,100.0,0.0
1863,75341782,75343282,1500,0,100.0,0.0
1864,75343282,75344782,1500,0,100.0,0.0
1865,75344782,75346282,1500,0,100.0,0.0
1866,75346282,75347782,1500,0,100.0,0.0
1867,75347782,75349282,1033,467,68.86666666666666,31.13333333333334
1868,75349282,75350782,582,918,38.800000000000004,61.199999999999996
1869,75350782,75352282,1500,0,100.0,0.0
1870,75352282,75353782,1500,0,100.0,0.0
1871,75353782,75355282,1500,0,100.0,0.0
1872,75355282,75356782,1500,0,100.0,0.0
1873,75356782,75358282,1500,0,100.0,0.0
1874,75358282,75359782,1500,0,100.0,0.0
1875,75359782,75361282,1500,0,100.0,0.0
1876,75361282,75362782,1500,0,100.0,0.0
1877,75362782,75364282,1500,0,100.0,0.0
1878,75364282,75365782,1500,0,100.0,0.0
1879,75365782,75367282,724,776,48.266666666666666,51.733333333333334
1880,75367282,75368782,916,584,61.06666666666667,38.93333333333333
1881,75368782,75370282,1500,0,100.0,0.0
1882,75370282,75371782,1500,0,100.0,0.0
1883,75371782,75373282,1500,0,100.0,0.0
1884,75373282,75374782,1500,0,100.0,0.0
1885,75374782,75376282,1500,0,100.0,0.0
1886,75376282,75377782,1500,0,100.0,0.0
1887,75377782,75379282,1500,0,100.0,0.0
1888,75379282,75380782,1500,0,100.0,0.0
1889,75380782,75382282,1500,0,100.0,0.0
1890,75382282,75383782,1500,0,100.0,0.0
1891,75383782,75385282,1020,480,68.0,32.0
1892,75385282,75386782,674,826,44.93333333333333,55.06666666666667
1893,75386782,75388282,1500,0,100.0,0.0
1894,75388282,75389782,1500,0,100.0,0.0
1895,75389782,75391282,1500,0,100.0,0.0
1896,75391282,75392782,1500,0,100.0,0.0
1897,75392782,75394282,1500,0,100.0,0.0
1898,75394282,75395782,1500,0,100.0,0.0
1899,75395782,75397282,1500,0,100.0,0.0
1900,75397282,75398782,1500,0,100.0,0.0
1901,75398782,75400282,872,628,58.13333333333334,41.86666666666666
1902,75400282,75401782,982,518,65.46666666666667,34.53333333333333
1903,75401782,75403282,1500,0,100.0,0.0
1904,75403282,75404782,1500,0,100.0,0.0
1905,75404782,75406282,1500,0,100.0,0.0
1906,75406282,75407782,1500,0,100.0,0.0
1907,75407782,75409282,1500,0,100.0,0.0
1908,75409282,75410782,1500,0,100.0,0.0
1909,75410782,75412282,1500,0,100.0,0.0
1910,75412282,75413782,1029,471,68.60000000000001,31.39999999999999
1911,75413782,75415282,862,638,57.46666666666667,42.53333333333333
1912,75415282,75416782,1500,0,100.0,0.0
1913,75416782,75418282,1500,0,100.0,0.0
1914,75418282,75419782,1500,0,100.0,0.0
1915,75419782,75421282,1500,0,100.0,0.0
1916,75421282,75422782,1500,0,100.0,0.0
1917,75422782,75424282,1500,0,100.0,0.0
1918,75424282,75425782,1500,0,100.0,0.0
1919,75425782,75427282,927,573,61.8,38.2
1920,75427282,75428782,1001,499,66.73333333333333,33.266666666666666
1921,75428782,75430282,1500,0,100.0,0.0
1922,75430282,75431782,1500,0,100.0,0.0
1923,75431782,75433282,1500,0,100.0,0.0
1924,75433282,75434782,1500,0,100.0,0.0
1925,75434782,75436282,1500,0,100.0,0.0
1926,75436282,75437782,1500,0,100.0,0.0
1927,75437782,75439282,1500,0,100.0,0.0
1928,75439282,75440782,1242,258,82.8,17.200000000000003
1929,75440782,75442282,543,957,36.199999999999996,63.800000000000004
1930,75442282,75443782,1500,0,100.0,0.0
1931,75443782,75445282,1500,0,100.0,0.0
1932,75445282,75446782,1500,0,100.0,0.0
1933,75446782,75448282,1500,0,100.0,0.0
1934,75448282,75449782,1500,0,100.0,0.0
1935,75449782,75451282,1500,0,100.0,0.0
1936,75451282,75452782,1500,0,100.0,0.0
1937,75452782,75454282,1500,0,100.0,0.0
1938,75454282,75455782,489,1011,32.6,67.4
1939,75455782,75457282,1143,357,76.2,23.799999999999997
1940,75457282,75458782,1500,0,100.0,0.0
1941,75458782,75460282,1500,0,100.0,0.0
1942,75460282,75461782,1500,0,100.0,0.0
1943,75461782,75463282,1500,0,100.0,0.0
1944,75463282,75464782,1500,0,100.0,0.0
1945,75464782,75466282,1500,0,100.0,0.0
1946,75466282,75467782,1500,0,100.0,0.0
1947,75467782,75469282,1500,0,100.0,0.0
1948,75469282,75470782,871,629,58.06666666666666,41.93333333333334
1949,75470782,75472282,927,573,61.8,38.2
1950,75472282,75473782,1500,0,100.0,0.0
1951,75473782,75475282,1500,0,100.0,0.0
1952,75475282,75476782,1500,0,100.0,0.0
1953,75476782,75478282,1500,0,100.0,0.0
1954,75478282,75479782,1500,0,100.0,0.0
1955,75479782,75481282,1500,0,100.0,0.0
1956,75481282,75482782,1500,0,100.0,0.0
1957,75482782,75484282,1500,0,100.0,0.0
1958,75484282,75485782,285,1215,19.0,81.0
1959,75485782,75487282,1500,0,100.0,0.0
1960,75487282,75488782,1500,0,100.0,0.0
1961,75488782,75490282,1500,0,100.0,0.0
1962,75490282,75491782,1500,0,100.0,0.0
1963,75491782,75493282,1500,0,100.0,0.0
1964,75493282,75494782,1500,0,100.0,0.0
1965,75494782,75496282,1500,0,100.0,0.0
1966,75496282,75497782,1500,0,100.0,0.0
1967,75497782,75499282,1500,0,100.0,0.0
1968,75499282,75500782,1500,0,100.0,0.0
1969,75500782,75502282,1500,0,100.0,0.0
1970,75502282,75503782,1500,0,100.0,0.0
1971,75503782,75505282,1500,0,100.0,0.0
1972,75505282,75506782,1500,0,100.0,0.0
1973,75506782,75508282,1500,0,100.0,0.0
1974,75508282,75509782,1500,0,100.0,0.0
1975,75509782,75511282,1500,0,100.0,0.0
1976,75511282,75512782,1500,0,100.0,0.0
1977,75512782,75514282,1500,0,100.0,0.0
1978,75514282,75515782,1500,0,100.0,0.0
1979,75515782,75517282,1500,0,100.0,0.0
1980,75517282,75518782,1500,0,100.0,0.0
1981,75518782,75520282,1500,0,100.0,0.0
1982,75520282,75521782,1500,0,100.0,0.0
1983,75521782,75523282,1500,0,100.0,0.0
1984,75523282,75524782,1500,0,100.0,0.0
1985,75524782,75526282,1500,0,100.0,0.0
1986,75526282,75527782,1500,0,100.0,0.0
1987,75527782,75529282,1500,0,100.0,0.0
1988,75529282,75530782,1500,0,100.0,0.0
1989,75530782,75532282,1500,0,100.0,0.0
1990,75532282,75533782,1500,0,100.0,0.0
1991,75533782,75535282,1500,0,100.0,0.0
1992,75535282,75536782,1500,0,100.0,0.0
1993,75536782,75538282,1500,0,100.0,0.0
1994,75538282,75539782,1500,0,100.0,0.0
1995,75539782,75541282,1500,0,100.0,0.0
1996,75541282,75542782,1500,0,100.0,0.0
1997,75542782,75544282,1500,0,100.0,0.0
1998,75544282,75545782,1500,0,100.0,0.0
1999,75545782,75547282,1500,0,100.0,0.0
2000,75547282,75548782,763,737,50.866666666666674,49.133333333333326
2001,75548782,75550282,1001,499,66.73333333333333,33.266666666666666
2002,75550282,75551782,1500,0,100.0,0.0
2003,75551782,75553282,1500,0,100.0,0.0
2004,75553282,75554782,1500,0,100.0,0.0
2005,75554782,75556282,1500,0,100.0,0.0
2006,75556282,75557782,1500,0,100.0,0.0
2007,75557782,75559282,1500,0,100.0,0.0
2008,75559282,75560782,1500,0,100.0,0.0
2009,75560782,75562282,1500,0,100.0,0.0
2010,75562282,75563782,913,587,60.86666666666667,39.13333333333333
2011,75563782,75565282,944,556,62.93333333333333,37.06666666666667
2012,75565282,75566782,1500,0,100.0,0.0
2013,75566782,75568282,1500,0,100.0,0.0
2014,75568282,75569782,1500,0,100.0,0.0
2015,75569782,75571282,1500,0,100.0,0.0
2016,75571282,75572782,1500,0,100.0,0.0
2017,75572782,75574282,1500,0,100.0,0.0
2018,75574282,75575782,1500,0,100.0,0.0
2019,75575782,75577282,1500,0,100.0,0.0
2020,75577282,75578782,1500,0,100.0,0.0
2021,75578782,75580282,1500,0,100.0,0.0
2022,75580282,75581782,876,624,58.4,41.6
2023,75581782,75583282,982,518,65.46666666666667,34.53333333333333
2024,75583282,75584782,1500,0,100.0,0.0
2025,75584782,75586282,1500,0,100.0,0.0
2026,75586282,75587782,1500,0,100.0,0.0
2027,75587782,75589282,1500,0,100.0,0.0
2028,75589282,75590782,1500,0,100.0,0.0
2029,75590782,75592282,1500,0,100.0,0.0
2030,75592282,75593782,1500,0,100.0,0.0
2031,75593782,75595282,1037,463,69.13333333333334,30.86666666666666
2032,75595282,75596782,802,698,53.46666666666666,46.53333333333334
2033,75596782,75598282,1500,0,100.0,0.0
2034,75598282,75599782,1500,0,100.0,0.0
2035,75599782,75601282,1500,0,100.0,0.0
2036,75601282,75602782,1500,0,100.0,0.0
2037,75602782,75604282,1500,0,100.0,0.0
2038,75604282,75605782,1500,0,100.0,0.0
2039,75605782,75607282,1500,0,100.0,0.0
2040,75607282,75608782,1428,72,95.19999999999999,4.800000000000011
2041,75608782,75610282,413,1087,27.53333333333333,72.46666666666667
2042,75610282,75611782,1500,0,100.0,0.0
2043,75611782,75613282,1500,0,100.0,0.0
2044,75613282,75614782,1500,0,100.0,0.0
2045,75614782,75616282,1500,0,100.0,0.0
2046,75616282,75617782,1500,0,100.0,0.0
2047,75617782,75619282,1500,0,100.0,0.0
2048,75619282,75620782,1500,0,100.0,0.0
2049,75620782,75622282,1500,0,100.0,0.0
2050,75622282,75623782,403,1097,26.866666666666667,73.13333333333333
2051,75623782,75625282,1500,0,100.0,0.0
2052,75625282,75626782,1500,0,100.0,0.0
2053,75626782,75628282,1500,0,100.0,0.0
2054,75628282,75629782,1500,0,100.0,0.0
2055,75629782,75631282,1500,0,100.0,0.0
2056,75631282,75632782,1500,0,100.0,0.0
2057,75632782,75634282,1500,0,100.0,0.0
2058,75634282,75635782,1407,93,93.8,6.200000000000003
2059,75635782,75637282,466,1034,31.066666666666663,68.93333333333334
2060,75637282,75638782,1500,0,100.0,0.0
2061,75638782,75640282,1500,0,100.0,0.0
2062,75640282,75641782,1500,0,100.0,0.0
2063,75641782,75643282,1500,0,100.0,0.0
2064,75643282,75644782,1500,0,100.0,0.0
2065,75644782,75646282,1500,0,100.0,0.0
2066,75646282,75647782,1500,0,100.0,0.0
2067,75647782,75649282,1395,105,93.0,7.0
2068,75649282,75650782,501,999,33.4,66.6
2069,75650782,75652282,1500,0,100.0,0.0
2070,75652282,75653782,1500,0,100.0,0.0
2071,75653782,75655282,1500,0,100.0,0.0
2072,75655282,75656782,1500,0,100.0,0.0
2073,75656782,75658282,1500,0,100.0,0.0
2074,75658282,75659782,1500,0,100.0,0.0
2075,75659782,75661282,1500,0,100.0,0.0
2076,75661282,75662782,1500,0,100.0,0.0
2077,75662782,75664282,164,1336,10.933333333333334,89.06666666666666
2078,75664282,75665782,1500,0,100.0,0.0
2079,75665782,75667282,1500,0,100.0,0.0
2080,75667282,75668782,1500,0,100.0,0.0
2081,75668782,75670282,1500,0,100.0,0.0
2082,75670282,75671782,1500,0,100.0,0.0
2083,75671782,75673282,1500,0,100.0,0.0
2084,75673282,75674782,1500,0,100.0,0.0
2085,75674782,75676282,1500,0,100.0,0.0
2086,75676282,75677782,1435,65,95.66666666666667,4.333333333333329
2087,75677782,75679282,432,1068,28.799999999999997,71.2
2088,75679282,75680782,1500,0,100.0,0.0
2089,75680782,75682282,1500,0,100.0,0.0
2090,75682282,75683782,1500,0,100.0,0.0
2091,75683782,75685282,1500,0,100.0,0.0
2092,75685282,75686782,1500,0,100.0,0.0
2093,75686782,75688282,1500,0,100.0,0.0
2094,75688282,75689782,1500,0,100.0,0.0
2095,75689782,75691282,1500,0,100.0,0.0
2096,75691282,75692782,369,1131,24.6,75.4
2097,75692782,75694282,1500,0,100.0,0.0
2098,75694282,75695782,1500,0,100.0,0.0
2099,75695782,75697282,1500,0,100.0,0.0
2100,75697282,75698782,1500,0,100.0,0.0
2101,75698782,75700282,1500,0,100.0,0.0
2102,75700282,75701782,1500,0,100.0,0.0
2103,75701782,75703282,1500,0,100.0,0.0
2104,75703282,75704782,1500,0,100.0,0.0
2105,75704782,75706282,528,972,35.199999999999996,64.80000000000001
2106,75706282,75707782,1300,200,86.66666666666667,13.333333333333329
2107,75707782,75709282,1500,0,100.0,0.0
2108,75709282,75710782,1500,0,100.0,0.0
2109,75710782,75712282,1500,0,100.0,0.0
2110,75712282,75713782,1500,0,100.0,0.0
2111,75713782,75715282,1500,0,100.0,0.0
2112,75715282,75716782,1500,0,100.0,0.0
2113,75716782,75718282,1500,0,100.0,0.0
2114,75718282,75719782,878,622,58.53333333333334,41.46666666666666
2115,75719782,75721282,981,519,65.4,34.599999999999994
2116,75721282,75722782,1500,0,100.0,0.0
2117,75722782,75724282,1500,0,100.0,0.0
2118,75724282,75725782,1500,0,100.0,0.0
2119,75725782,75727282,1500,0,100.0,0.0
2120,75727282,75728782,1500,0,100.0,0.0
2121,75728782,75730282,1500,0,100.0,0.0
2122,75730282,75731782,1500,0,100.0,0.0
2123,75731782,75733282,1500,0,100.0,0.0
2124,75733282,75734782,339,1161,22.6,77.4
2125,75734782,75736282,1500,0,100.0,0.0
2126,75736282,75737782,1500,0,100.0,0.0
2127,75737782,75739282,1500,0,100.0,0.0
2128,75739282,75740782,1500,0,100.0,0.0
2129,75740782,75742282,1500,0,100.0,0.0
2130,75742282,75743782,1500,0,100.0,0.0
2131,75743782,75745282,1500,0,100.0,0.0
2132,75745282,75746782,1500,0,100.0,0.0
2133,75746782,75748282,948,552,63.2,36.8
2134,75748282,75749782,939,561,62.6,37.4
2135,75749782,75751282,1500,0,100.0,0.0
2136,75751282,75752782,1500,0,100.0,0.0
2137,75752782,75754282,1500,0,100.0,0.0
2138,75754282,75755782,1500,0,100.0,0.0
2139,75755782,75757282,1500,0,100.0,0.0
2140,75757282,75758782,1500,0,100.0,0.0
2141,75758782,75760282,1500,0,100.0,0.0
2142,75760282,75761782,1475,25,98.33333333333333,1.6666666666666714
2143,75761782,75763282,251,1249,16.733333333333334,83.26666666666667
2144,75763282,75764782,1500,0,100.0,0.0
2145,75764782,75766282,1500,0,100.0,0.0
2146,75766282,75767782,1500,0,100.0,0.0
2147,75767782,75769282,1500,0,100.0,0.0
2148,75769282,75770782,1500,0,100.0,0.0
2149,75770782,75772282,1500,0,100.0,0.0
2150,75772282,75773782,1500,0,100.0,0.0
2151,75773782,75775282,1500,0,100.0,0.0
2152,75775282,75776782,570,930,38.0,62.0
2153,75776782,75778282,1112,388,74.13333333333333,25.866666666666674
2154,75778282,75779782,1500,0,100.0,0.0
2155,75779782,75781282,1500,0,100.0,0.0
2156,75781282,75782782,1500,0,100.0,0.0
2157,75782782,75784282,1500,0,100.0,0.0
2158,75784282,75785782,1500,0,100.0,0.0
2159,75785782,75787282,1500,0,100.0,0.0
2160,75787282,75788782,1500,0,100.0,0.0
2161,75788782,75790282,1127,373,75.13333333333333,24.866666666666674
2162,75790282,75791782,662,838,44.13333333333333,55.86666666666667
2163,75791782,75793282,1500,0,100.0,0.0
2164,75793282,75794782,1500,0,100.0,0.0
2165,75794782,75796282,1500,0,100.0,0.0
2166,75796282,75797782,1500,0,100.0,0.0
2167,75797782,75799282,1500,0,100.0,0.0
2168,75799282,75800782,1500,0,100.0,0.0
2169,75800782,75802282,1500,0,100.0,0.0
2170,75802282,75803782,1405,95,93.66666666666667,6.333333333333329
2171,75803782,75805282,472,1028,31.466666666666665,68.53333333333333
2172,75805282,75806782,1500,0,100.0,0.0
2173,75806782,75808282,1500,0,100.0,0.0
2174,75808282,75809782,1500,0,100.0,0.0
2175,75809782,75811282,1500,0,100.0,0.0
2176,75811282,75812782,1500,0,100.0,0.0
2177,75812782,75814282,1500,0,100.0,0.0
2178,75814282,75815782,1500,0,100.0,0.0
2179,75815782,75817282,1325,175,88.33333333333333,11.666666666666671
2180,75817282,75818782,557,943,37.13333333333333,62.86666666666667
2181,75818782,75820282,1500,0,100.0,0.0
2182,75820282,75821782,1500,0,100.0,0.0
2183,75821782,75823282,1500,0,100.0,0.0
2184,75823282,75824782,1500,0,100.0,0.0
2185,75824782,75826282,1500,0,100.0,0.0
2186,75826282,75827782,1500,0,100.0,0.0
2187,75827782,75829282,1500,0,100.0,0.0
2188,75829282,75830782,1500,0,100.0,0.0
2189,75830782,75832282,412,1088,27.46666666666667,72.53333333333333
2190,75832282,75833782,1410,90,94.0,6.0
2191,75833782,75835282,1500,0,100.0,0.0
2192,75835282,75836782,1500,0,100.0,0.0
2193,75836782,75838282,1500,0,100.0,0.0
2194,75838282,75839782,1500,0,100.0,0.0
2195,75839782,75841282,1500,0,100.0,0.0
2196,75841282,75842782,1500,0,100.0,0.0
2197,75842782,75844282,1500,0,100.0,0.0
2198,75844282,75845782,1500,0,100.0,0.0
2199,75845782,75847282,858,642,57.199999999999996,42.800000000000004
2200,75847282,75848782,957,543,63.800000000000004,36.199999999999996
2201,75848782,75850282,1500,0,100.0,0.0
2202,75850282,75851782,1500,0,100.0,0.0
2203,75851782,75853282,1500,0,100.0,0.0
2204,75853282,75854782,1500,0,100.0,0.0
2205,75854782,75856282,1500,0,100.0,0.0
2206,75856282,75857782,1500,0,100.0,0.0
2207,75857782,75859282,1500,0,100.0,0.0
2208,75859282,75860782,1460,40,97.33333333333334,2.666666666666657
2209,75860782,75862282,64,1436,4.266666666666667,95.73333333333333
2210,75862282,75863782,1195,305,79.66666666666666,20.333333333333343
2211,75863782,75865282,1500,0,100.0,0.0
2212,75865282,75866782,1500,0,100.0,0.0
2213,75866782,75868282,1500,0,100.0,0.0
2214,75868282,75869782,1500,0,100.0,0.0
2215,75869782,75871282,1500,0,100.0,0.0
2216,75871282,75872782,1500,0,100.0,0.0
2217,75872782,75874282,1500,0,100.0,0.0
2218,75874282,75875782,1500,0,100.0,0.0
2219,75875782,75877282,251,1249,16.733333333333334,83.26666666666667
2220,75877282,75878782,1500,0,100.0,0.0
2221,75878782,75880282,1500,0,100.0,0.0
2222,75880282,75881782,1500,0,100.0,0.0
2223,75881782,75883282,1500,0,100.0,0.0
2224,75883282,75884782,1500,0,100.0,0.0
2225,75884782,75886282,1500,0,100.0,0.0
2226,75886282,75887782,1500,0,100.0,0.0
2227,75887782,75889282,1500,0,100.0,0.0
2228,75889282,75890782,443,1057,29.533333333333335,70.46666666666667
2229,75890782,75892282,1428,72,95.19999999999999,4.800000000000011
2230,75892282,75893782,1500,0,100.0,0.0
2231,75893782,75895282,1500,0,100.0,0.0
2232,75895282,75896782,1500,0,100.0,0.0
2233,75896782,75898282,1500,0,100.0,0.0
2234,75898282,75899782,1500,0,100.0,0.0
2235,75899782,75901282,1500,0,100.0,0.0
2236,75901282,75902782,1500,0,100.0,0.0
2237,75902782,75904282,1001,499,66.73333333333333,33.266666666666666
2238,75904282,75905782,752,748,50.13333333333333,49.86666666666667
2239,75905782,75907282,1500,0,100.0,0.0
2240,75907282,75908782,1500,0,100.0,0.0
2241,75908782,75910282,1500,0,100.0,0.0
2242,75910282,75911782,1500,0,100.0,0.0
2243,75911782,75913282,1500,0,100.0,0.0
2244,75913282,75914782,1500,0,100.0,0.0
2245,75914782,75916282,1500,0,100.0,0.0
2246,75916282,75917782,1423,77,94.86666666666666,5.13333333333334
2247,75917782,75919282,449,1051,29.933333333333334,70.06666666666666
2248,75919282,75920782,1500,0,100.0,0.0
2249,75920782,75922282,1500,0,100.0,0.0
2250,75922282,75923782,1500,0,100.0,0.0
2251,75923782,75925282,1500,0,100.0,0.0
2252,75925282,75926782,1500,0,100.0,0.0
2253,75926782,75928282,1500,0,100.0,0.0
2254,75928282,75929782,1500,0,100.0,0.0
2255,75929782,75931282,1500,0,100.0,0.0
2256,75931282,75932782,432,1068,28.799999999999997,71.2
2257,75932782,75934282,1500,0,100.0,0.0
2258,75934282,75935782,1500,0,100.0,0.0
2259,75935782,75937282,1500,0,100.0,0.0
2260,75937282,75938782,1500,0,100.0,0.0
2261,75938782,75940282,1500,0,100.0,0.0
2262,75940282,75941782,1500,0,100.0,0.0
2263,75941782,75943282,1500,0,100.0,0.0
2264,75943282,75944782,1500,0,100.0,0.0
2265,75944782,75946282,738,762,49.2,50.8
2266,75946282,75947782,1090,410,72.66666666666667,27.33333333333333
2267,75947782,75949282,1500,0,100.0,0.0
2268,75949282,75950782,1500,0,100.0,0.0
2269,75950782,75952282,1500,0,100.0,0.0
2270,75952282,75953782,1500,0,100.0,0.0
2271,75953782,75955282,1500,0,100.0,0.0
2272,75955282,75956782,1500,0,100.0,0.0
2273,75956782,75958282,1500,0,100.0,0.0
2274,75958282,75959782,1022,478,68.13333333333334,31.86666666666666
2275,75959782,75961282,841,659,56.06666666666666,43.93333333333334
2276,75961282,75962782,1500,0,100.0,0.0
2277,75962782,75964282,1500,0,100.0,0.0
2278,75964282,75965782,1500,0,100.0,0.0
2279,75965782,75967282,1500,0,100.0,0.0
2280,75967282,75968782,1500,0,100.0,0.0
2281,75968782,75970282,1500,0,100.0,0.0
2282,75970282,75971782,1500,0,100.0,0.0
2283,75971782,75973282,1077,423,71.8,28.200000000000003
2284,75973282,75974782,734,766,48.93333333333334,51.06666666666666
2285,75974782,75976282,1500,0,100.0,0.0
2286,75976282,75977782,1500,0,100.0,0.0
2287,75977782,75979282,1500,0,100.0,0.0
2288,75979282,75980782,1500,0,100.0,0.0
2289,75980782,75982282,1500,0,100.0,0.0
2290,75982282,75983782,1500,0,100.0,0.0
2291,75983782,75985282,1500,0,100.0,0.0
2292,75985282,75986782,1500,0,100.0,0.0
2293,75986782,75988282,285,1215,19.0,81.0
2294,75988282,75989782,1500,0,100.0,0.0
2295,75989782,75991282,1500,0,100.0,0.0
2296,75991282,75992782,1500,0,100.0,0.0
2297,75992782,75994282,1500,0,100.0,0.0
2298,75994282,75995782,1500,0,100.0,0.0
2299,75995782,75997282,1500,0,100.0,0.0
2300,75997282,75998782,1500,0,100.0,0.0
2301,75998782,76000282,1500,0,100.0,0.0
2302,76000282,76001782,403,1097,26.866666666666667,73.13333333333333
2303,76001782,76003282,1500,0,100.0,0.0
2304,76003282,76004782,1500,0,100.0,0.0
2305,76004782,76006282,1500,0,100.0,0.0
2306,76006282,76007782,1500,0,100.0,0.0
2307,76007782,76009282,1500,0,100.0,0.0
2308,76009282,76010782,1500,0,100.0,0.0
2309,76010782,76012282,1500,0,100.0,0.0
2310,76012282,76013782,1500,0,100.0,0.0
2311,76013782,76015282,708,792,47.199999999999996,52.800000000000004
2312,76015282,76016782,1151,349,76.73333333333333,23.266666666666666
2313,76016782,76018282,1500,0,100.0,0.0
2314,76018282,76019782,1500,0,100.0,0.0
2315,76019782,76021282,1500,0,100.0,0.0
2316,76021282,76022782,1500,0,100.0,0.0
2317,76022782,76024282,1500,0,100.0,0.0
2318,76024282,76025782,1500,0,100.0,0.0
2319,76025782,76027282,1500,0,100.0,0.0
2320,76027282,76028782,889,611,59.266666666666666,40.733333333333334
2321,76028782,76030282,997,503,66.46666666666667,33.53333333333333
2322,76030282,76031782,1500,0,100.0,0.0
2323,76031782,76033282,1500,0,100.0,0.0
2324,76033282,76034782,1500,0,100.0,0.0
2325,76034782,76036282,1500,0,100.0,0.0
2326,76036282,76037782,1500,0,100.0,0.0
2327,76037782,76039282,1500,0,100.0,0.0
2328,76039282,76040782,1500,0,100.0,0.0
2329,76040782,76042282,1355,145,90.33333333333333,9.666666666666671
2330,76042282,76043782,496,1004,33.06666666666666,66.93333333333334
2331,76043782,76045282,1500,0,100.0,0.0
2332,76045282,76046782,1500,0,100.0,0.0
2333,76046782,76048282,1500,0,100.0,0.0
2334,76048282,76049782,1500,0,100.0,0.0
2335,76049782,76051282,1500,0,100.0,0.0
2336,76051282,76052782,1500,0,100.0,0.0
2337,76052782,76054282,1500,0,100.0,0.0
2338,76054282,76055782,1500,0,100.0,0.0
2339,76055782,76057282,282,1218,18.8,81.2
2340,76057282,76058782,1500,0,100.0,0.0
2341,76058782,76060282,1500,0,100.0,0.0
2342,76060282,76061782,1500,0,100.0,0.0
2343,76061782,76063282,1500,0,100.0,0.0
2344,76063282,76064782,1500,0,100.0,0.0
2345,76064782,76066282,1500,0,100.0,0.0
2346,76066282,76067782,1500,0,100.0,0.0
2347,76067782,76069282,1500,0,100.0,0.0
2348,76069282,76070782,422,1078,28.133333333333333,71.86666666666667
2349,76070782,76072282,1500,0,100.0,0.0
2350,76072282,76073782,1500,0,100.0,0.0
2351,76073782,76075282,1500,0,100.0,0.0
2352,76075282,76076782,1500,0,100.0,0.0
2353,76076782,76078282,1500,0,100.0,0.0
2354,76078282,76079782,1500,0,100.0,0.0
2355,76079782,76081282,1500,0,100.0,0.0
2356,76081282,76082782,1500,0,100.0,0.0
2357,76082782,76084282,1053,447,70.19999999999999,29.80000000000001
2358,76084282,76085782,715,785,47.66666666666667,52.33333333333333
2359,76085782,76087282,1500,0,100.0,0.0
2360,76087282,76088782,1500,0,100.0,0.0
2361,76088782,76090282,1500,0,100.0,0.0
2362,76090282,76091782,1500,0,100.0,0.0
2363,76091782,76093282,1500,0,100.0,0.0
2364,76093282,76094782,1500,0,100.0,0.0
2365,76094782,76096282,1500,0,100.0,0.0
2366,76096282,76097782,1414,86,94.26666666666667,5.733333333333334
2367,76097782,76099282,447,1053,29.799999999999997,70.2
2368,76099282,76100782,1500,0,100.0,0.0
2369,76100782,76102282,1500,0,100.0,0.0
2370,76102282,76103782,1500,0,100.0,0.0
2371,76103782,76105282,1500,0,100.0,0.0
2372,76105282,76106782,1500,0,100.0,0.0
2373,76106782,76108282,1500,0,100.0,0.0
2374,76108282,76109782,1500,0,100.0,0.0
2375,76109782,76111282,1174,326,78.26666666666667,21.733333333333334
2376,76111282,76112782,668,832,44.53333333333334,55.46666666666666
2377,76112782,76114282,1500,0,100.0,0.0
2378,76114282,76115782,1500,0,100.0,0.0
2379,76115782,76117282,1500,0,100.0,0.0
2380,76117282,76118782,1500,0,100.0,0.0
2381,76118782,76120282,1500,0,100.0,0.0
2382,76120282,76121782,1500,0,100.0,0.0
2383,76121782,76123282,1500,0,100.0,0.0
2384,76123282,76124782,922,578,61.46666666666667,38.53333333333333
2385,76124782,76126282,957,543,63.800000000000004,36.199999999999996
2386,76126282,76127782,1500,0,100.0,0.0
2387,76127782,76129282,1500,0,100.0,0.0
2388,76129282,76130782,1500,0,100.0,0.0
2389,76130782,76132282,1500,0,100.0,0.0
2390,76132282,76133782,1500,0,100.0,0.0
2391,76133782,76135282,1500,0,100.0,0.0
2392,76135282,76136782,1500,0,100.0,0.0
2393,76136782,76138282,710,790,47.333333333333336,52.666666666666664
2394,76138282,76139782,1200,300,80.0,20.0
2395,76139782,76141282,1500,0,100.0,0.0
2396,76141282,76142782,1500,0,100.0,0.0
2397,76142782,76144282,1500,0,100.0,0.0
2398,76144282,76145782,1500,0,100.0,0.0
2399,76145782,76147282,1500,0,100.0,0.0
2400,76147282,76148782,1500,0,100.0,0.0
2401,76148782,76150282,1500,0,100.0,0.0
2402,76150282,76151782,1178,322,78.53333333333333,21.46666666666667
2403,76151782,76153282,643,857,42.86666666666667,57.13333333333333
2404,76153282,76154782,1500,0,100.0,0.0
2405,76154782,76156282,1500,0,100.0,0.0
2406,76156282,76157782,1500,0,100.0,0.0
2407,76157782,76159282,1500,0,100.0,0.0
2408,76159282,76160782,1500,0,100.0,0.0
2409,76160782,76162282,1500,0,100.0,0.0
2410,76162282,76163782,1500,0,100.0,0.0
2411,76163782,76165282,1500,0,100.0,0.0
2412,76165282,76166782,336,1164,22.400000000000002,77.6
2413,76166782,76168282,1500,0,100.0,0.0
2414,76168282,76169782,1500,0,100.0,0.0
2415,76169782,76171282,1500,0,100.0,0.0
2416,76171282,76172782,1500,0,100.0,0.0
2417,76172782,76174282,1500,0,100.0,0.0
2418,76174282,76175782,1500,0,100.0,0.0
2419,76175782,76177282,1500,0,100.0,0.0
2420,76177282,76178782,1500,0,100.0,0.0
2421,76178782,76180282,399,1101,26.6,73.4
2422,76180282,76181782,1488,12,99.2,0.7999999999999972
2423,76181782,76183282,1500,0,100.0,0.0
2424,76183282,76184782,1500,0,100.0,0.0
2425,76184782,76186282,1500,0,100.0,0.0
2426,76186282,76187782,1500,0,100.0,0.0
2427,76187782,76189282,1500,0,100.0,0.0
2428,76189282,76190782,1500,0,100.0,0.0
2429,76190782,76192282,1500,0,100.0,0.0
2430,76192282,76193782,1144,356,76.26666666666667,23.733333333333334
2431,76193782,76195282,742,758,49.46666666666666,50.53333333333334
2432,76195282,76196782,1500,0,100.0,0.0
2433,76196782,76198282,1500,0,100.0,0.0
2434,76198282,76199782,1500,0,100.0,0.0
2435,76199782,76201282,1500,0,100.0,0.0
2436,76201282,76202782,1500,0,100.0,0.0
2437,76202782,76204282,1500,0,100.0,0.0
2438,76204282,76205782,1500,0,100.0,0.0
2439,76205782,76207282,872,628,58.13333333333334,41.86666666666666
2440,76207282,76208782,1016,484,67.73333333333333,32.266666666666666
2441,76208782,76210282,1500,0,100.0,0.0
2442,76210282,76211782,1500,0,100.0,0.0
2443,76211782,76213282,1500,0,100.0,0.0
2444,76213282,76214782,1500,0,100.0,0.0
2445,76214782,76216282,1500,0,100.0,0.0
2446,76216282,76217782,1500,0,100.0,0.0
2447,76217782,76219282,1500,0,100.0,0.0
2448,76219282,76220782,657,843,43.8,56.2
2449,76220782,76222282,1179,321,78.60000000000001,21.39999999999999
2450,76222282,76223782,1500,0,100.0,0.0
2451,76223782,76225282,1500,0,100.0,0.0
2452,76225282,76226782,1500,0,100.0,0.0
2453,76226782,76228282,1500,0,100.0,0.0
2454,76228282,76229782,1500,0,100.0,0.0
2455,76229782,76231282,1500,0,100.0,0.0
2456,76231282,76232782,1500,0,100.0,0.0
2457,76232782,76234282,424,1076,28.26666666666667,71.73333333333333
2458,76234282,76235782,1500,0,100.0,0.0
2459,76235782,76237282,1500,0,100.0,0.0
2460,76237282,76238782,1500,0,100.0,0.0
2461,76238782,76240282,1500,0,100.0,0.0
2462,76240282,76241782,1500,0,100.0,0.0
2463,76241782,76243282,1500,0,100.0,0.0
2464,76243282,76244782,1500,0,100.0,0.0
2465,76244782,76246282,1370,130,91.33333333333333,8.666666666666671
2466,76246282,76247782,344,1156,22.933333333333334,77.06666666666666
2467,76247782,76249282,1500,0,100.0,0.0
2468,76249282,76250782,1500,0,100.0,0.0
2469,76250782,76252282,1500,0,100.0,0.0
2470,76252282,76253782,1500,0,100.0,0.0
2471,76253782,76255282,1500,0,100.0,0.0
2472,76255282,76256782,1500,0,100.0,0.0
2473,76256782,76258282,1500,0,100.0,0.0
2474,76258282,76259782,1500,0,100.0,0.0
2475,76259782,76261282,440,1060,29.333333333333332,70.66666666666667
2476,76261282,76262782,1360,140,90.66666666666666,9.333333333333343
2477,76262782,76264282,1500,0,100.0,0.0
2478,76264282,76265782,1500,0,100.0,0.0
2479,76265782,76267282,1500,0,100.0,0.0
2480,76267282,76268782,1500,0,100.0,0.0
2481,76268782,76270282,1500,0,100.0,0.0
2482,76270282,76271782,1500,0,100.0,0.0
2483,76271782,76273282,1500,0,100.0,0.0
2484,76273282,76274782,891,609,59.4,40.6
2485,76274782,76276282,815,685,54.333333333333336,45.666666666666664
2486,76276282,76277782,1500,0,100.0,0.0
2487,76277782,76279282,1500,0,100.0,0.0
2488,76279282,76280782,1500,0,100.0,0.0
2489,76280782,76282282,1500,0,100.0,0.0
2490,76282282,76283782,1500,0,100.0,0.0
2491,76283782,76285282,1500,0,100.0,0.0
2492,76285282,76286782,1500,0,100.0,0.0
2493,76286782,76288282,1427,73,95.13333333333334,4.86666666666666
2494,76288282,76289782,428,1072,28.53333333333333,71.46666666666667
2495,76289782,76291282,1500,0,100.0,0.0
2496,76291282,76292782,1500,0,100.0,0.0
2497,76292782,76294282,1500,0,100.0,0.0
2498,76294282,76295782,1500,0,100.0,0.0
2499,76295782,76297282,1500,0,100.0,0.0
2500,76297282,76298782,1500,0,100.0,0.0
2501,76298782,76300282,1500,0,100.0,0.0
2502,76300282,76301782,1216,284,81.06666666666666,18.933333333333337
2503,76301782,76303282,654,846,43.6,56.4
2504,76303282,76304782,1500,0,100.0,0.0
2505,76304782,76306282,1500,0,100.0,0.0
2506,76306282,76307782,1500,0,100.0,0.0
2507,76307782,76309282,1500,0,100.0,0.0
2508,76309282,76310782,1500,0,100.0,0.0
2509,76310782,76312282,1500,0,100.0,0.0
2510,76312282,76313782,1500,0,100.0,0.0
2511,76313782,76315282,985,515,65.66666666666666,34.33333333333334
2512,76315282,76316782,938,562,62.53333333333333,37.46666666666667
2513,76316782,76318282,1500,0,100.0,0.0
2514,76318282,76319782,1500,0,100.0,0.0
2515,76319782,76321282,1500,0,100.0,0.0
2516,76321282,76322782,1500,0,100.0,0.0
2517,76322782,76324282,1500,0,100.0,0.0
2518,76324282,76325782,1500,0,100.0,0.0
2519,76325782,76327282,1500,0,100.0,0.0
2520,76327282,76328782,553,947,36.86666666666667,63.13333333333333
2521,76328782,76330282,1391,109,92.73333333333333,7.266666666666666
2522,76330282,76331782,1500,0,100.0,0.0
2523,76331782,76333282,1500,0,100.0,0.0
2524,76333282,76334782,1500,0,100.0,0.0
2525,76334782,76336282,1500,0,100.0,0.0
2526,76336282,76337782,1500,0,100.0,0.0
2527,76337782,76339282,1500,0,100.0,0.0
2528,76339282,76340782,1500,0,100.0,0.0
2529,76340782,76342282,304,1196,20.266666666666666,79.73333333333333
2530,76342282,76343782,1500,0,100.0,0.0
2531,76343782,76345282,1500,0,100.0,0.0
2532,76345282,76346782,1500,0,100.0,0.0
2533,76346782,76348282,1500,0,100.0,0.0
2534,76348282,76349782,1500,0,100.0,0.0
2535,76349782,76351282,1500,0,100.0,0.0
2536,76351282,76352782,1500,0,100.0,0.0
2537,76352782,76354282,1191,309,79.4,20.599999999999994
2538,76354282,76355782,231,1269,15.4,84.6
2539,76355782,76357282,1500,0,100.0,0.0
2540,76357282,76358782,1500,0,100.0,0.0
2541,76358782,76360282,1500,0,100.0,0.0
2542,76360282,76361782,1500,0,100.0,0.0
2543,76361782,76363282,1500,0,100.0,0.0
2544,76363282,76364782,1500,0,100.0,0.0
2545,76364782,76366282,1500,0,100.0,0.0
2546,76366282,76367782,1500,0,100.0,0.0
2547,76367782,76369282,1414,86,94.26666666666667,5.733333333333334
2548,76369282,76370782,354,1146,23.599999999999998,76.4
2549,76370782,76372282,1500,0,100.0,0.0
2550,76372282,76373782,1500,0,100.0,0.0
2551,76373782,76375282,1500,0,100.0,0.0
2552,76375282,76376782,1500,0,100.0,0.0
2553,76376782,76378282,1500,0,100.0,0.0
2554,76378282,76379782,1500,0,100.0,0.0
2555,76379782,76381282,1500,0,100.0,0.0
2556,76381282,76382782,1500,0,100.0,0.0
2557,76382782,76384282,365,1135,24.333333333333336,75.66666666666666
2558,76384282,76385782,1482,18,98.8,1.2000000000000028
2559,76385782,76387282,1500,0,100.0,0.0
2560,76387282,76388782,1500,0,100.0,0.0
2561,76388782,76390282,1500,0,100.0,0.0
2562,76390282,76391782,1500,0,100.0,0.0
2563,76391782,76393282,1500,0,100.0,0.0
2564,76393282,76394782,1500,0,100.0,0.0
2565,76394782,76396282,1500,0,100.0,0.0
2566,76396282,76397782,499,1001,33.266666666666666,66.73333333333333
2567,76397782,76399282,1427,73,95.13333333333334,4.86666666666666
2568,76399282,76400782,1500,0,100.0,0.0
2569,76400782,76402282,1500,0,100.0,0.0
2570,76402282,76403782,1500,0,100.0,0.0
2571,76403782,76405282,1500,0,100.0,0.0
2572,76405282,76406782,1500,0,100.0,0.0
2573,76406782,76408282,1500,0,100.0,0.0
2574,76408282,76409782,1500,0,100.0,0.0
2575,76409782,76411282,739,761,49.266666666666666,50.733333333333334
2576,76411282,76412782,1101,399,73.4,26.599999999999994
2577,76412782,76414282,1500,0,100.0,0.0
2578,76414282,76415782,1500,0,100.0,0.0
2579,76415782,76417282,1500,0,100.0,0.0
2580,76417282,76418782,1500,0,100.0,0.0
2581,76418782,76420282,1500,0,100.0,0.0
2582,76420282,76421782,1500,0,100.0,0.0
2583,76421782,76423282,1500,0,100.0,0.0
2584,76423282,76424782,999,501,66.60000000000001,33.39999999999999
2585,76424782,76426282,837,663,55.800000000000004,44.199999999999996
2586,76426282,76427782,1500,0,100.0,0.0
2587,76427782,76429282,1500,0,100.0,0.0
2588,76429282,76430782,1500,0,100.0,0.0
2589,76430782,76432282,1500,0,100.0,0.0
2590,76432282,76433782,1500,0,100.0,0.0
2591,76433782,76435282,1500,0,100.0,0.0
2592,76435282,76436782,1500,0,100.0,0.0
2593,76436782,76438282,1500,0,100.0,0.0
2594,76438282,76439782,440,1060,29.333333333333332,70.66666666666667
2595,76439782,76441282,1424,76,94.93333333333334,5.066666666666663
2596,76441282,76442782,1500,0,100.0,0.0
2597,76442782,76444282,1500,0,100.0,0.0
2598,76444282,76445782,1500,0,100.0,0.0
2599,76445782,76447282,1500,0,100.0,0.0
2600,76447282,76448782,1500,0,100.0,0.0
2601,76448782,76450282,1500,0,100.0,0.0
2602,76450282,76451782,1500,0,100.0,0.0
2603,76451782,76453282,1084,416,72.26666666666667,27.733333333333334
2604,76453282,76454782,625,875,41.66666666666667,58.33333333333333
2605,76454782,76456282,1500,0,100.0,0.0
2606,76456282,76457782,1500,0,100.0,0.0
2607,76457782,76459282,1500,0,100.0,0.0
2608,76459282,76460782,1500,0,100.0,0.0
2609,76460782,76462282,1500,0,100.0,0.0
2610,76462282,76463782,1500,0,100.0,0.0
2611,76463782,76465282,1500,0,100.0,0.0
2612,76465282,76466782,1500,0,100.0,0.0
2613,76466782,76468282,649,851,43.266666666666666,56.733333333333334
2614,76468282,76469782,1134,366,75.6,24.400000000000006
2615,76469782,76471282,1500,0,100.0,0.0
2616,76471282,76472782,1500,0,100.0,0.0
2617,76472782,76474282,1500,0,100.0,0.0
2618,76474282,76475782,1500,0,100.0,0.0
2619,76475782,76477282,1500,0,100.0,0.0
2620,76477282,76478782,1500,0,100.0,0.0
2621,76478782,76480282,1500,0,100.0,0.0
2622,76480282,76481782,1231,269,82.06666666666666,17.933333333333337
2623,76481782,76483282,646,854,43.06666666666666,56.93333333333334
2624,76483282,76484782,1500,0,100.0,0.0
2625,76484782,76486282,1500,0,100.0,0.0
2626,76486282,76487782,1500,0,100.0,0.0
2627,76487782,76489282,1500,0,100.0,0.0
2628,76489282,76490782,1500,0,100.0,0.0
2629,76490782,76492282,1500,0,100.0,0.0
2630,76492282,76493782,1500,0,100.0,0.0
2631,76493782,76495282,1500,0,100.0,0.0
2632,76495282,76496782,1500,0,100.0,0.0
2633,76496782,76498282,1500,0,100.0,0.0
2634,76498282,76499782,1500,0,100.0,0.0
2635,76499782,76501282,1500,0,100.0,0.0
2636,76501282,76502782,1500,0,100.0,0.0
2637,76502782,76504282,1500,0,100.0,0.0
2638,76504282,76505782,1500,0,100.0,0.0
2639,76505782,76507282,1500,0,100.0,0.0
2640,76507282,76508782,1500,0,100.0,0.0
2641,76508782,76510282,1500,0,100.0,0.0
2642,76510282,76511782,1500,0,100.0,0.0
2643,76511782,76513282,1500,0,100.0,0.0
2644,76513282,76514782,1500,0,100.0,0.0
2645,76514782,76516282,1500,0,100.0,0.0
2646,76516282,76517782,1500,0,100.0,0.0
2647,76517782,76519282,1500,0,100.0,0.0
2648,76519282,76520782,1500,0,100.0,0.0
2649,76520782,76522282,1500,0,100.0,0.0
2650,76522282,76523782,1500,0,100.0,0.0
2651,76523782,76525282,1500,0,100.0,0.0
2652,76525282,76526782,1500,0,100.0,0.0
2653,76526782,76528282,1500,0,100.0,0.0
2654,76528282,76529782,1500,0,100.0,0.0
2655,76529782,76531282,1500,0,100.0,0.0
2656,76531282,76532782,1500,0,100.0,0.0
2657,76532782,76534282,1500,0,100.0,0.0
2658,76534282,76535782,1500,0,100.0,0.0
2659,76535782,76537282,1500,0,100.0,0.0
2660,76537282,76538782,1500,0,100.0,0.0
2661,76538782,76540282,1500,0,100.0,0.0
2662,76540282,76541782,1500,0,100.0,0.0
2663,76541782,76543282,1500,0,100.0,0.0
2664,76543282,76544782,1500,0,100.0,0.0
2665,76544782,76546282,1500,0,100.0,0.0
2666,76546282,76547782,448,1052,29.86666666666667,70.13333333333333
2667,76547782,76549282,1380,120,92.0,8.0
2668,76549282,76550782,1500,0,100.0,0.0
2669,76550782,76552282,1500,0,100.0,0.0
2670,76552282,76553782,1500,0,100.0,0.0
2671,76553782,76555282,1500,0,100.0,0.0
2672,76555282,76556782,1500,0,100.0,0.0
2673,76556782,76558282,1500,0,100.0,0.0
2674,76558282,76559782,1500,0,100.0,0.0
2675,76559782,76561282,378,1122,25.2,74.8
2676,76561282,76562782,1500,0,100.0,0.0
2677,76562782,76564282,1500,0,100.0,0.0
2678,76564282,76565782,1500,0,100.0,0.0
2679,76565782,76567282,1500,0,100.0,0.0
2680,76567282,76568782,1500,0,100.0,0.0
2681,76568782,76570282,1500,0,100.0,0.0
2682,76570282,76571782,1500,0,100.0,0.0
2683,76571782,76573282,1500,0,100.0,0.0
2684,76573282,76574782,358,1142,23.866666666666667,76.13333333333333
2685,76574782,76576282,1500,0,100.0,0.0
2686,76576282,76577782,1500,0,100.0,0.0
2687,76577782,76579282,1500,0,100.0,0.0
2688,76579282,76580782,1500,0,100.0,0.0
2689,76580782,76582282,1500,0,100.0,0.0
2690,76582282,76583782,1500,0,100.0,0.0
2691,76583782,76585282,1500,0,100.0,0.0
2692,76585282,76586782,1500,0,100.0,0.0
2693,76586782,76588282,149,1351,9.933333333333334,90.06666666666666
2694,76588282,76589782,1264,236,84.26666666666667,15.733333333333334
2695,76589782,76591282,1500,0,100.0,0.0
2696,76591282,76592782,1500,0,100.0,0.0
2697,76592782,76594282,1500,0,100.0,0.0
2698,76594282,76595782,1500,0,100.0,0.0
2699,76595782,76597282,1500,0,100.0,0.0
2700,76597282,76598782,1500,0,100.0,0.0
2701,76598782,76600282,1500,0,100.0,0.0
2702,76600282,76601782,1052,448,70.13333333333334,29.86666666666666
2703,76601782,76603282,761,739,50.73333333333333,49.26666666666667
2704,76603282,76604782,1500,0,100.0,0.0
2705,76604782,76606282,1500,0,100.0,0.0
2706,76606282,76607782,1500,0,100.0,0.0
2707,76607782,76609282,1500,0,100.0,0.0
2708,76609282,76610782,1500,0,100.0,0.0
2709,76610782,76612282,1500,0,100.0,0.0
2710,76612282,76613782,1500,0,100.0,0.0
2711,76613782,76615282,1500,0,100.0,0.0
2712,76615282,76616782,1500,0,100.0,0.0
2713,76616782,76618282,317,1183,21.133333333333333,78.86666666666667
2714,76618282,76619782,1500,0,100.0,0.0
2715,76619782,76621282,1500,0,100.0,0.0
2716,76621282,76622782,1500,0,100.0,0.0
2717,76622782,76624282,1500,0,100.0,0.0
2718,76624282,76625782,1500,0,100.0,0.0
2719,76625782,76627282,1500,0,100.0,0.0
2720,76627282,76628782,1500,0,100.0,0.0
2721,76628782,76630282,1500,0,100.0,0.0
2722,76630282,76631782,1174,326,78.26666666666667,21.733333333333334
2723,76631782,76633282,634,866,42.266666666666666,57.733333333333334
2724,76633282,76634782,1500,0,100.0,0.0
2725,76634782,76636282,1500,0,100.0,0.0
2726,76636282,76637782,1500,0,100.0,0.0
2727,76637782,76639282,1500,0,100.0,0.0
2728,76639282,76640782,1500,0,100.0,0.0
2729,76640782,76642282,1500,0,100.0,0.0
2730,76642282,76643782,1500,0,100.0,0.0
2731,76643782,76645282,1204,296,80.26666666666667,19.733333333333334
2732,76645282,76646782,662,838,44.13333333333333,55.86666666666667
2733,76646782,76648282,1500,0,100.0,0.0
2734,76648282,76649782,1500,0,100.0,0.0
2735,76649782,76651282,1500,0,100.0,0.0
2736,76651282,76652782,1500,0,100.0,0.0
2737,76652782,76654282,1500,0,100.0,0.0
2738,76654282,76655782,1500,0,100.0,0.0
2739,76655782,76657282,1500,0,100.0,0.0
2740,76657282,76658782,955,545,63.66666666666667,36.33333333333333
2741,76658782,76660282,934,566,62.26666666666667,37.73333333333333
2742,76660282,76661782,1500,0,100.0,0.0
2743,76661782,76663282,1500,0,100.0,0.0
2744,76663282,76664782,1500,0,100.0,0.0
2745,76664782,76666282,1500,0,100.0,0.0
2746,76666282,76667782,1500,0,100.0,0.0
2747,76667782,76669282,1500,0,100.0,0.0
2748,76669282,76670782,1500,0,100.0,0.0
2749,76670782,76672282,714,786,47.599999999999994,52.400000000000006
2750,76672282,76673782,1183,317,78.86666666666666,21.13333333333334
2751,76673782,76675282,1500,0,100.0,0.0
2752,76675282,76676782,1500,0,100.0,0.0
2753,76676782,76678282,1500,0,100.0,0.0
2754,76678282,76679782,1500,0,100.0,0.0
2755,76679782,76681282,1500,0,100.0,0.0
2756,76681282,76682782,1500,0,100.0,0.0
2757,76682782,76684282,1500,0,100.0,0.0
2758,76684282,76685782,1371,129,91.4,8.599999999999994
2759,76685782,76687282,342,1158,22.8,77.2
2760,76687282,76688782,1500,0,100.0,0.0
2761,76688782,76690282,1500,0,100.0,0.0
2762,76690282,76691782,1500,0,100.0,0.0
2763,76691782,76693282,1500,0,100.0,0.0
2764,76693282,76694782,1500,0,100.0,0.0
2765,76694782,76696282,1500,0,100.0,0.0
2766,76696282,76697782,1500,0,100.0,0.0
2767,76697782,76699282,1500,0,100.0,0.0
2768,76699282,76700782,1500,0,100.0,0.0
2769,76700782,76702282,1500,0,100.0,0.0
2770,76702282,76703782,1500,0,100.0,0.0
2771,76703782,76705282,1500,0,100.0,0.0
2772,76705282,76706782,1500,0,100.0,0.0
2773,76706782,76708282,1500,0,100.0,0.0
2774,76708282,76709782,1500,0,100.0,0.0
2775,76709782,76711282,1500,0,100.0,0.0
2776,76711282,76712782,1500,0,100.0,0.0
2777,76712782,76714282,1500,0,100.0,0.0
2778,76714282,76715782,1500,0,100.0,0.0
2779,76715782,76717282,1500,0,100.0,0.0
2780,76717282,76718782,857,643,57.13333333333333,42.86666666666667
2781,76718782,76720282,17,1483,1.1333333333333333,98.86666666666666
2782,76720282,76721782,150,1350,10.0,90.0
2783,76721782,76723282,8,1492,0.5333333333333333,99.46666666666667
2784,76723282,76724782,1090,410,72.66666666666667,27.33333333333333
2785,76724782,76726282,1500,0,100.0,0.0
2786,76726282,76727782,1500,0,100.0,0.0
2787,76727782,76729282,1500,0,100.0,0.0
2788,76729282,76730782,1500,0,100.0,0.0
2789,76730782,76732282,1500,0,100.0,0.0
2790,76732282,76733782,1500,0,100.0,0.0
2791,76733782,76735282,1500,0,100.0,0.0
2792,76735282,76736782,1500,0,100.0,0.0
2793,76736782,76738282,1500,0,100.0,0.0
2794,76738282,76739782,1500,0,100.0,0.0
2795,76739782,76741282,1500,0,100.0,0.0
2796,76741282,76742782,1500,0,100.0,0.0
2797,76742782,76744282,1500,0,100.0,0.0
2798,76744282,76745782,1500,0,100.0,0.0
2799,76745782,76747282,1500,0,100.0,0.0
2800,76747282,76748782,1500,0,100.0,0.0
2801,76748782,76750282,1500,0,100.0,0.0
2802,76750282,76751782,1500,0,100.0,0.0
2803,76751782,76753282,1500,0,100.0,0.0
2804,76753282,76754782,1500,0,100.0,0.0
2805,76754782,76756282,1500,0,100.0,0.0
2806,76756282,76757782,1500,0,100.0,0.0
2807,76757782,76759282,1500,0,100.0,0.0
2808,76759282,76760782,1500,0,100.0,0.0
2809,76760782,76762282,1500,0,100.0,0.0
2810,76762282,76763782,1500,0,100.0,0.0
2811,76763782,76765282,1500,0,100.0,0.0
2812,76765282,76766782,1500,0,100.0,0.0
2813,76766782,76768282,1500,0,100.0,0.0
2814,76768282,76769782,1500,0,100.0,0.0
2815,76769782,76771282,1500,0,100.0,0.0
2816,76771282,76772782,828,672,55.2,44.8
2817,76772782,76774282,12,1488,0.8,99.2
2818,76774282,76775782,151,1349,10.066666666666666,89.93333333333334
2819,76775782,76777282,8,1492,0.5333333333333333,99.46666666666667
2820,76777282,76778782,1445,55,96.33333333333334,3.666666666666657
2821,76778782,76780282,1500,0,100.0,0.0
2822,76780282,76781782,1500,0,100.0,0.0
2823,76781782,76783282,1500,0,100.0,0.0
2824,76783282,76784782,1500,0,100.0,0.0
2825,76784782,76786282,1500,0,100.0,0.0
2826,76786282,76787782,1500,0,100.0,0.0
2827,76787782,76789282,1500,0,100.0,0.0
2828,76789282,76790782,1500,0,100.0,0.0
2829,76790782,76792282,1500,0,100.0,0.0
2830,76792282,76793782,1500,0,100.0,0.0
2831,76793782,76795282,1500,0,100.0,0.0
2832,76795282,76796782,1500,0,100.0,0.0
2833,76796782,76798282,1500,0,100.0,0.0
2834,76798282,76799782,1500,0,100.0,0.0
2835,76799782,76801282,1500,0,100.0,0.0
2836,76801282,76802782,1500,0,100.0,0.0
2837,76802782,76804282,1500,0,100.0,0.0
2838,76804282,76805782,1500,0,100.0,0.0
2839,76805782,76807282,1500,0,100.0,0.0
2840,76807282,76808782,1500,0,100.0,0.0
2841,76808782,76810282,1500,0,100.0,0.0
2842,76810282,76811782,1500,0,100.0,0.0
2843,76811782,76813282,1500,0,100.0,0.0
2844,76813282,76814782,1500,0,100.0,0.0
2845,76814782,76816282,1500,0,100.0,0.0
2846,76816282,76817782,1500,0,100.0,0.0
2847,76817782,76819282,1500,0,100.0,0.0
2848,76819282,76820782,1500,0,100.0,0.0
2849,76820782,76822282,1500,0,100.0,0.0
2850,76822282,76823782,1500,0,100.0,0.0
2851,76823782,76825282,1500,0,100.0,0.0
2852,76825282,76826782,1500,0,100.0,0.0
2853,76826782,76828282,1500,0,100.0,0.0
2854,76828282,76829782,706,794,47.06666666666667,52.93333333333333
2855,76829782,76831282,918,582,61.199999999999996,38.800000000000004
2856,76831282,76832782,1500,0,100.0,0.0
2857,76832782,76834282,1500,0,100.0,0.0
2858,76834282,76835782,1500,0,100.0,0.0
2859,76835782,76837282,1500,0,100.0,0.0
2860,76837282,76838782,1500,0,100.0,0.0
2861,76838782,76840282,1500,0,100.0,0.0
2862,76840282,76841782,1500,0,100.0,0.0
2863,76841782,76843282,1500,0,100.0,0.0
2864,76843282,76844782,1500,0,100.0,0.0
2865,76844782,76846282,1263,237,84.2,15.799999999999997
2866,76846282,76847782,391,1109,26.066666666666666,73.93333333333334
2867,76847782,76849282,1500,0,100.0,0.0
2868,76849282,76850782,1500,0,100.0,0.0
2869,76850782,76852282,1500,0,100.0,0.0
2870,76852282,76853782,1500,0,100.0,0.0
2871,76853782,76855282,1500,0,100.0,0.0
2872,76855282,76856782,1500,0,100.0,0.0
2873,76856782,76858282,1500,0,100.0,0.0
2874,76858282,76859782,1500,0,100.0,0.0
2875,76859782,76861282,1500,0,100.0,0.0
2876,76861282,76862782,1500,0,100.0,0.0
2877,76862782,76864282,977,523,65.13333333333333,34.866666666666674
2878,76864282,76865782,632,868,42.13333333333333,57.86666666666667
2879,76865782,76867282,1500,0,100.0,0.0
2880,76867282,76868782,1500,0,100.0,0.0
2881,76868782,76870282,1500,0,100.0,0.0
2882,76870282,76871782,1500,0,100.0,0.0
2883,76871782,76873282,1500,0,100.0,0.0
2884,76873282,76874782,1500,0,100.0,0.0
2885,76874782,76876282,1500,0,100.0,0.0
2886,76876282,76877782,1500,0,100.0,0.0
2887,76877782,76879282,1500,0,100.0,0.0
2888,76879282,76880782,1500,0,100.0,0.0
2889,76880782,76882282,1500,0,100.0,0.0
2890,76882282,76883782,1500,0,100.0,0.0
2891,76883782,76885282,1500,0,100.0,0.0
2892,76885282,76886782,1500,0,100.0,0.0
2893,76886782,76888282,1500,0,100.0,0.0
2894,76888282,76889782,1500,0,100.0,0.0
2895,76889782,76891282,1500,0,100.0,0.0
2896,76891282,76892782,1500,0,100.0,0.0
2897,76892782,76894282,1500,0,100.0,0.0
2898,76894282,76895782,1500,0,100.0,0.0
2899,76895782,76897282,1500,0,100.0,0.0
2900,76897282,76898782,422,1078,28.133333333333333,71.86666666666667
2901,76898782,76900282,1024,476,68.26666666666667,31.733333333333334
2902,76900282,76901782,1500,0,100.0,0.0
2903,76901782,76903282,1500,0,100.0,0.0
2904,76903282,76904782,1500,0,100.0,0.0
2905,76904782,76906282,1500,0,100.0,0.0
2906,76906282,76907782,1500,0,100.0,0.0
2907,76907782,76909282,1500,0,100.0,0.0
2908,76909282,76910782,1500,0,100.0,0.0
2909,76910782,76912282,989,511,65.93333333333334,34.06666666666666
2910,76912282,76913782,805,695,53.666666666666664,46.333333333333336
2911,76913782,76915282,1500,0,100.0,0.0
2912,76915282,76916782,1500,0,100.0,0.0
2913,76916782,76918282,1500,0,100.0,0.0
2914,76918282,76919782,1500,0,100.0,0.0
2915,76919782,76921282,1500,0,100.0,0.0
2916,76921282,76922782,1500,0,100.0,0.0
2917,76922782,76924282,1500,0,100.0,0.0
2918,76924282,76925782,1117,383,74.46666666666667,25.53333333333333
2919,76925782,76927282,803,697,53.53333333333333,46.46666666666667
2920,76927282,76928782,1500,0,100.0,0.0
2921,76928782,76930282,1500,0,100.0,0.0
2922,76930282,76931782,1500,0,100.0,0.0
2923,76931782,76933282,1500,0,100.0,0.0
2924,76933282,76934782,1500,0,100.0,0.0
2925,76934782,76936282,1500,0,100.0,0.0
2926,76936282,76937782,1500,0,100.0,0.0
2927,76937782,76939282,1129,371,75.26666666666667,24.733333333333334
2928,76939282,76940782,690,810,46.0,54.0
2929,76940782,76942282,1500,0,100.0,0.0
2930,76942282,76943782,1500,0,100.0,0.0
2931,76943782,76945282,1500,0,100.0,0.0
2932,76945282,76946782,1500,0,100.0,0.0
2933,76946782,76948282,1500,0,100.0,0.0
2934,76948282,76949782,1500,0,100.0,0.0
2935,76949782,76951282,1500,0,100.0,0.0
2936,76951282,76952782,1038,462,69.19999999999999,30.80000000000001
2937,76952782,76954282,868,632,57.86666666666667,42.13333333333333
2938,76954282,76955782,1500,0,100.0,0.0
2939,76955782,76957282,1500,0,100.0,0.0
2940,76957282,76958782,1500,0,100.0,0.0
2941,76958782,76960282,1500,0,100.0,0.0
2942,76960282,76961782,1500,0,100.0,0.0
2943,76961782,76963282,1500,0,100.0,0.0
2944,76963282,76964782,1500,0,100.0,0.0
2945,76964782,76966282,969,531,64.60000000000001,35.39999999999999
2946,76966282,76967782,921,579,61.4,38.6
2947,76967782,76969282,1500,0,100.0,0.0
2948,76969282,76970782,1500,0,100.0,0.0
2949,76970782,76972282,1500,0,100.0,0.0
2950,76972282,76973782,1500,0,100.0,0.0
2951,76973782,76975282,1500,0,100.0,0.0
2952,76975282,76976782,1500,0,100.0,0.0
2953,76976782,76978282,1500,0,100.0,0.0
2954,76978282,76979782,757,743,50.46666666666667,49.53333333333333
2955,76979782,76981282,1072,428,71.46666666666667,28.53333333333333
2956,76981282,76982782,1500,0,100.0,0.0
2957,76982782,76984282,1500,0,100.0,0.0
2958,76984282,76985782,1500,0,100.0,0.0
2959,76985782,76987282,1500,0,100.0,0.0
2960,76987282,76988782,1500,0,100.0,0.0
2961,76988782,76990282,1500,0,100.0,0.0
2962,76990282,76991782,1500,0,100.0,0.0
2963,76991782,76993282,565,935,37.666666666666664,62.333333333333336
2964,76993282,76994782,1328,172,88.53333333333333,11.466666666666669
2965,76994782,76996282,1500,0,100.0,0.0
2966,76996282,76997782,1500,0,100.0,0.0
2967,76997782,76999282,1500,0,100.0,0.0
2968,76999282,77000782,1500,0,100.0,0.0
2969,77000782,77002282,1500,0,100.0,0.0
2970,77002282,77003782,1500,0,100.0,0.0
2971,77003782,77005282,1500,0,100.0,0.0
2972,77005282,77006782,420,1080,28.000000000000004,72.0
2973,77006782,77008282,1500,0,100.0,0.0
2974,77008282,77009782,1500,0,100.0,0.0
2975,77009782,77011282,1500,0,100.0,0.0
2976,77011282,77012782,1500,0,100.0,0.0
2977,77012782,77014282,1500,0,100.0,0.0
2978,77014282,77015782,1500,0,100.0,0.0
2979,77015782,77017282,1500,0,100.0,0.0
2980,77017282,77018782,1483,17,98.86666666666667,1.1333333333333258
2981,77018782,77020282,404,1096,26.93333333333333,73.06666666666666
2982,77020282,77021782,1500,0,100.0,0.0
2983,77021782,77023282,1500,0,100.0,0.0
2984,77023282,77024782,1500,0,100.0,0.0
2985,77024782,77026282,1500,0,100.0,0.0
2986,77026282,77027782,1500,0,100.0,0.0
2987,77027782,77029282,1500,0,100.0,0.0
2988,77029282,77030782,1500,0,100.0,0.0
2989,77030782,77032282,1500,0,100.0,0.0
2990,77032282,77033782,405,1095,27.0,73.0
2991,77033782,77035282,1500,0,100.0,0.0
2992,77035282,77036782,1500,0,100.0,0.0
2993,77036782,77038282,1500,0,100.0,0.0
2994,77038282,77039782,1500,0,100.0,0.0
2995,77039782,77041282,1500,0,100.0,0.0
2996,77041282,77042782,1500,0,100.0,0.0
2997,77042782,77044282,1500,0,100.0,0.0
2998,77044282,77045782,1500,0,100.0,0.0
2999,77045782,77047282,433,1067,28.866666666666667,71.13333333333333
3000,77047282,77048782,1500,0,100.0,0.0
3001,77048782,77050282,1500,0,100.0,0.0
3002,77050282,77051782,1500,0,100.0,0.0
3003,77051782,77053282,1500,0,100.0,0.0
3004,77053282,77054782,1500,0,100.0,0.0
3005,77054782,77056282,1500,0,100.0,0.0
3006,77056282,77057782,1500,0,100.0,0.0
3007,77057782,77059282,1500,0,100.0,0.0
3008,77059282,77060782,424,1076,28.26666666666667,71.73333333333333
3009,77060782,77062282,1500,0,100.0,0.0
3010,77062282,77063782,1500,0,100.0,0.0
3011,77063782,77065282,1500,0,100.0,0.0
3012,77065282,77066782,1500,0,100.0,0.0
3013,77066782,77068282,1500,0,100.0,0.0
3014,77068282,77069782,1500,0,100.0,0.0
3015,77069782,77071282,1500,0,100.0,0.0
3016,77071282,77072782,1232,268,82.13333333333334,17.86666666666666
3017,77072782,77074282,664,836,44.266666666666666,55.733333333333334
3018,77074282,77075782,1500,0,100.0,0.0
3019,77075782,77077282,1500,0,100.0,0.0
3020,77077282,77078782,1500,0,100.0,0.0
3021,77078782,77080282,1500,0,100.0,0.0
3022,77080282,77081782,1500,0,100.0,0.0
3023,77081782,77083282,1500,0,100.0,0.0
3024,77083282,77084782,1500,0,100.0,0.0
3025,77084782,77086282,876,624,58.4,41.6
3026,77086282,77087782,930,570,62.0,38.0
3027,77087782,77089282,1500,0,100.0,0.0
3028,77089282,77090782,1500,0,100.0,0.0
3029,77090782,77092282,1500,0,100.0,0.0
3030,77092282,77093782,1500,0,100.0,0.0
3031,77093782,77095282,1500,0,100.0,0.0
3032,77095282,77096782,1500,0,100.0,0.0
3033,77096782,77098282,1500,0,100.0,0.0
3034,77098282,77099782,710,790,47.333333333333336,52.666666666666664
3035,77099782,77101282,1076,424,71.73333333333333,28.266666666666666
3036,77101282,77102782,1500,0,100.0,0.0
3037,77102782,77104282,1500,0,100.0,0.0
3038,77104282,77105782,1500,0,100.0,0.0
3039,77105782,77107282,1500,0,100.0,0.0
3040,77107282,77108782,1500,0,100.0,0.0
3041,77108782,77110282,1500,0,100.0,0.0
3042,77110282,77111782,1500,0,100.0,0.0
3043,77111782,77113282,581,919,38.733333333333334,61.266666666666666
3044,77113282,77114782,1328,172,88.53333333333333,11.466666666666669
3045,77114782,77116282,1500,0,100.0,0.0
3046,77116282,77117782,1500,0,100.0,0.0
3047,77117782,77119282,1500,0,100.0,0.0
3048,77119282,77120782,1500,0,100.0,0.0
3049,77120782,77122282,1500,0,100.0,0.0
3050,77122282,77123782,1500,0,100.0,0.0
3051,77123782,77125282,1500,0,100.0,0.0
3052,77125282,77126782,432,1068,28.799999999999997,71.2
3053,77126782,77128282,1487,13,99.13333333333333,0.8666666666666742
3054,77128282,77129782,1500,0,100.0,0.0
3055,77129782,77131282,1500,0,100.0,0.0
3056,77131282,77132782,1500,0,100.0,0.0
3057,77132782,77134282,1500,0,100.0,0.0
3058,77134282,77135782,1500,0,100.0,0.0
3059,77135782,77137282,1500,0,100.0,0.0
3060,77137282,77138782,1500,0,100.0,0.0
3061,77138782,77140282,1363,137,90.86666666666666,9.13333333333334
3062,77140282,77141782,103,1397,6.866666666666667,93.13333333333333
3063,77141782,77143282,1190,310,79.33333333333333,20.66666666666667
3064,77143282,77144782,1500,0,100.0,0.0
3065,77144782,77146282,1500,0,100.0,0.0
3066,77146282,77147782,1500,0,100.0,0.0
3067,77147782,77149282,1500,0,100.0,0.0
3068,77149282,77150782,1500,0,100.0,0.0
3069,77150782,77152282,1500,0,100.0,0.0
3070,77152282,77153782,1500,0,100.0,0.0
3071,77153782,77155282,1500,0,100.0,0.0
3072,77155282,77156782,547,953,36.46666666666666,63.53333333333334
3073,77156782,77158282,1171,329,78.06666666666666,21.933333333333337
3074,77158282,77159782,1500,0,100.0,0.0
3075,77159782,77161282,1500,0,100.0,0.0
3076,77161282,77162782,1500,0,100.0,0.0
3077,77162782,77164282,1500,0,100.0,0.0
3078,77164282,77165782,1500,0,100.0,0.0
3079,77165782,77167282,1500,0,100.0,0.0
3080,77167282,77168782,1500,0,100.0,0.0
3081,77168782,77170282,611,889,40.733333333333334,59.266666666666666
3082,77170282,77171782,1102,398,73.46666666666667,26.53333333333333
3083,77171782,77173282,1500,0,100.0,0.0
3084,77173282,77174782,1500,0,100.0,0.0
3085,77174782,77176282,1500,0,100.0,0.0
3086,77176282,77177782,1500,0,100.0,0.0
3087,77177782,77179282,1500,0,100.0,0.0
3088,77179282,77180782,1500,0,100.0,0.0
3089,77180782,77182282,1500,0,100.0,0.0
3090,77182282,77183782,1500,0,100.0,0.0
3091,77183782,77185282,272,1228,18.133333333333333,81.86666666666667
3092,77185282,77186782,1500,0,100.0,0.0
3093,77186782,77188282,1500,0,100.0,0.0
3094,77188282,77189782,1500,0,100.0,0.0
3095,77189782,77191282,1500,0,100.0,0.0
3096,77191282,77192782,1500,0,100.0,0.0
3097,77192782,77194282,1500,0,100.0,0.0
3098,77194282,77195782,1500,0,100.0,0.0
3099,77195782,77197282,1500,0,100.0,0.0
3100,77197282,77198782,548,952,36.53333333333333,63.46666666666667
3101,77198782,77200282,1153,347,76.86666666666667,23.133333333333326
3102,77200282,77201782,1500,0,100.0,0.0
3103,77201782,77203282,1500,0,100.0,0.0
3104,77203282,77204782,1500,0,100.0,0.0
3105,77204782,77206282,1500,0,100.0,0.0
3106,77206282,77207782,1500,0,100.0,0.0
3107,77207782,77209282,1500,0,100.0,0.0
3108,77209282,77210782,1500,0,100.0,0.0
3109,77210782,77212282,1010,490,67.33333333333333,32.66666666666667
3110,77212282,77213782,801,699,53.400000000000006,46.599999999999994
3111,77213782,77215282,1500,0,100.0,0.0
3112,77215282,77216782,1500,0,100.0,0.0
3113,77216782,77218282,1500,0,100.0,0.0
3114,77218282,77219782,1500,0,100.0,0.0
3115,77219782,77221282,1500,0,100.0,0.0
3116,77221282,77222782,1500,0,100.0,0.0
3117,77222782,77224282,1500,0,100.0,0.0
3118,77224282,77225782,1265,235,84.33333333333334,15.666666666666657
3119,77225782,77227282,620,880,41.333333333333336,58.666666666666664
3120,77227282,77228782,1500,0,100.0,0.0
3121,77228782,77230282,1500,0,100.0,0.0
3122,77230282,77231782,1500,0,100.0,0.0
3123,77231782,77233282,1500,0,100.0,0.0
3124,77233282,77234782,1500,0,100.0,0.0
3125,77234782,77236282,1500,0,100.0,0.0
3126,77236282,77237782,1500,0,100.0,0.0
3127,77237782,77239282,1057,443,70.46666666666667,29.53333333333333
3128,77239282,77240782,779,721,51.93333333333333,48.06666666666667
3129,77240782,77242282,1500,0,100.0,0.0
3130,77242282,77243782,1500,0,100.0,0.0
3131,77243782,77245282,1500,0,100.0,0.0
3132,77245282,77246782,1500,0,100.0,0.0
3133,77246782,77248282,1500,0,100.0,0.0
3134,77248282,77249782,1500,0,100.0,0.0
3135,77249782,77251282,1500,0,100.0,0.0
3136,77251282,77252782,1500,0,100.0,0.0
3137,77252782,77254282,255,1245,17.0,83.0
3138,77254282,77255782,1500,0,100.0,0.0
3139,77255782,77257282,1500,0,100.0,0.0
3140,77257282,77258782,1500,0,100.0,0.0
3141,77258782,77260282,1500,0,100.0,0.0
3142,77260282,77261782,1500,0,100.0,0.0
3143,77261782,77263282,1500,0,100.0,0.0
3144,77263282,77264782,1500,0,100.0,0.0
3145,77264782,77266282,1500,0,100.0,0.0
3146,77266282,77267782,983,517,65.53333333333333,34.46666666666667
3147,77267782,77269282,753,747,50.2,49.8
3148,77269282,77270782,1500,0,100.0,0.0
3149,77270782,77272282,1500,0,100.0,0.0
3150,77272282,77273782,1500,0,100.0,0.0
3151,77273782,77275282,1500,0,100.0,0.0
3152,77275282,77276782,1500,0,100.0,0.0
3153,77276782,77278282,1500,0,100.0,0.0
3154,77278282,77279782,1500,0,100.0,0.0
3155,77279782,77281282,1500,0,100.0,0.0
3156,77281282,77282782,996,504,66.4,33.599999999999994
3157,77282782,77284282,788,712,52.53333333333333,47.46666666666667
3158,77284282,77285782,1500,0,100.0,0.0
3159,77285782,77287282,1500,0,100.0,0.0
3160,77287282,77288782,1500,0,100.0,0.0
3161,77288782,77290282,1500,0,100.0,0.0
3162,77290282,77291782,1500,0,100.0,0.0
3163,77291782,77293282,1500,0,100.0,0.0
3164,77293282,77294782,1500,0,100.0,0.0
3165,77294782,77296282,1500,0,100.0,0.0
3166,77296282,77297782,304,1196,20.266666666666666,79.73333333333333
3167,77297782,77299282,1500,0,100.0,0.0
3168,77299282,77300782,1500,0,100.0,0.0
3169,77300782,77302282,1500,0,100.0,0.0
3170,77302282,77303782,1500,0,100.0,0.0
3171,77303782,77305282,1500,0,100.0,0.0
3172,77305282,77306782,1500,0,100.0,0.0
3173,77306782,77308282,1500,0,100.0,0.0
3174,77308282,77309782,1500,0,100.0,0.0
3175,77309782,77311282,547,953,36.46666666666666,63.53333333333334
3176,77311282,77312782,1263,237,84.2,15.799999999999997
3177,77312782,77314282,1500,0,100.0,0.0
3178,77314282,77315782,1500,0,100.0,0.0
3179,77315782,77317282,1500,0,100.0,0.0
3180,77317282,77318782,1500,0,100.0,0.0
3181,77318782,77320282,1500,0,100.0,0.0
3182,77320282,77321782,1500,0,100.0,0.0
3183,77321782,77323282,1500,0,100.0,0.0
3184,77323282,77324782,856,644,57.06666666666666,42.93333333333334
3185,77324782,77326282,1011,489,67.4,32.599999999999994
3186,77326282,77327782,1500,0,100.0,0.0
3187,77327782,77329282,1500,0,100.0,0.0
3188,77329282,77330782,1500,0,100.0,0.0
3189,77330782,77332282,1500,0,100.0,0.0
3190,77332282,77333782,1500,0,100.0,0.0
3191,77333782,77335282,1500,0,100.0,0.0
3192,77335282,77336782,1500,0,100.0,0.0
3193,77336782,77338282,918,582,61.199999999999996,38.800000000000004
3194,77338282,77339782,964,536,64.26666666666667,35.733333333333334
3195,77339782,77341282,1500,0,100.0,0.0
3196,77341282,77342782,1500,0,100.0,0.0
3197,77342782,77344282,1500,0,100.0,0.0
3198,77344282,77345782,1500,0,100.0,0.0
3199,77345782,77347282,1500,0,100.0,0.0
3200,77347282,77348782,1500,0,100.0,0.0
3201,77348782,77350282,1500,0,100.0,0.0
3202,77350282,77351782,1315,185,87.66666666666667,12.333333333333329
3203,77351782,77353282,302,1198,20.133333333333333,79.86666666666667
3204,77353282,77354782,1500,0,100.0,0.0
3205,77354782,77356282,1500,0,100.0,0.0
3206,77356282,77357782,1500,0,100.0,0.0
3207,77357782,77359282,1500,0,100.0,0.0
3208,77359282,77360782,1500,0,100.0,0.0
3209,77360782,77362282,1500,0,100.0,0.0
3210,77362282,77363782,1500,0,100.0,0.0
3211,77363782,77365282,1500,0,100.0,0.0
3212,77365282,77366782,922,578,61.46666666666667,38.53333333333333
3213,77366782,77368282,938,562,62.53333333333333,37.46666666666667
3214,77368282,77369782,1500,0,100.0,0.0
3215,77369782,77371282,1500,0,100.0,0.0
3216,77371282,77372782,1500,0,100.0,0.0
3217,77372782,77374282,1500,0,100.0,0.0
3218,77374282,77375782,1500,0,100.0,0.0
3219,77375782,77377282,1500,0,100.0,0.0
3220,77377282,77378782,1500,0,100.0,0.0
3221,77378782,77380282,1500,0,100.0,0.0
3222,77380282,77381782,396,1104,26.400000000000002,73.6
3223,77381782,77383282,1451,49,96.73333333333333,3.2666666666666657
3224,77383282,77384782,1500,0,100.0,0.0
3225,77384782,77386282,1500,0,100.0,0.0
3226,77386282,77387782,1500,0,100.0,0.0
3227,77387782,77389282,1500,0,100.0,0.0
3228,77389282,77390782,1500,0,100.0,0.0
3229,77390782,77392282,1500,0,100.0,0.0
3230,77392282,77393782,1500,0,100.0,0.0
3231,77393782,77395282,790,710,52.666666666666664,47.333333333333336
3232,77395282,77396782,1083,417,72.2,27.799999999999997
3233,77396782,77398282,1500,0,100.0,0.0
3234,77398282,77399782,1500,0,100.0,0.0
3235,77399782,77401282,1500,0,100.0,0.0
3236,77401282,77402782,1500,0,100.0,0.0
3237,77402782,77404282,1500,0,100.0,0.0
3238,77404282,77405782,1500,0,100.0,0.0
3239,77405782,77407282,1500,0,100.0,0.0
3240,77407282,77408782,1500,0,100.0,0.0
3241,77408782,77410282,218,1282,14.533333333333335,85.46666666666667
3242,77410282,77411782,1474,26,98.26666666666667,1.7333333333333343
3243,77411782,77413282,1500,0,100.0,0.0
3244,77413282,77414782,1500,0,100.0,0.0
3245,77414782,77416282,1500,0,100.0,0.0
3246,77416282,77417782,1500,0,100.0,0.0
3247,77417782,77419282,1500,0,100.0,0.0
3248,77419282,77420782,1500,0,100.0,0.0
3249,77420782,77422282,1500,0,100.0,0.0
3250,77422282,77423782,1500,0,100.0,0.0
3251,77423782,77425282,650,850,43.333333333333336,56.666666666666664
3252,77425282,77426782,1102,398,73.46666666666667,26.53333333333333
3253,77426782,77428282,1500,0,100.0,0.0
3254,77428282,77429782,1500,0,100.0,0.0
3255,77429782,77431282,1500,0,100.0,0.0
3256,77431282,77432782,1500,0,100.0,0.0
3257,77432782,77434282,1500,0,100.0,0.0
3258,77434282,77435782,1500,0,100.0,0.0
3259,77435782,77437282,1500,0,100.0,0.0
3260,77437282,77438782,1500,0,100.0,0.0
3261,77438782,77440282,952,548,63.46666666666667,36.53333333333333
3262,77440282,77441782,735,765,49.0,51.0
3263,77441782,77443282,1500,0,100.0,0.0
3264,77443282,77444782,1500,0,100.0,0.0
3265,77444782,77446282,1500,0,100.0,0.0
3266,77446282,77447782,1500,0,100.0,0.0
3267,77447782,77449282,1500,0,100.0,0.0
3268,77449282,77450782,1500,0,100.0,0.0
3269,77450782,77452282,1500,0,100.0,0.0
3270,77452282,77453782,1500,0,100.0,0.0
3271,77453782,77455282,257,1243,17.133333333333333,82.86666666666667
3272,77455282,77456782,1341,159,89.4,10.599999999999994
3273,77456782,77458282,1500,0,100.0,0.0
3274,77458282,77459782,1500,0,100.0,0.0
3275,77459782,77461282,1500,0,100.0,0.0
3276,77461282,77462782,1500,0,100.0,0.0
3277,77462782,77464282,1500,0,100.0,0.0
3278,77464282,77465782,1500,0,100.0,0.0
3279,77465782,77467282,1500,0,100.0,0.0
3280,77467282,77468782,1250,250,83.33333333333334,16.666666666666657
3281,77468782,77470282,523,977,34.86666666666667,65.13333333333333
3282,77470282,77471782,1500,0,100.0,0.0
3283,77471782,77473282,1500,0,100.0,0.0
3284,77473282,77474782,1500,0,100.0,0.0
3285,77474782,77476282,1500,0,100.0,0.0
3286,77476282,77477782,1500,0,100.0,0.0
3287,77477782,77479282,1500,0,100.0,0.0
3288,77479282,77480782,1500,0,100.0,0.0
3289,77480782,77482282,1500,0,100.0,0.0
3290,77482282,77483782,1181,319,78.73333333333333,21.266666666666666
3291,77483782,77485282,84,1416,5.6000000000000005,94.4
3292,77485282,77486782,0,1500,0.0,100.0
3293,77486782,77488282,1002,498,66.8,33.2
3294,77488282,77489782,1500,0,100.0,0.0
3295,77489782,77491282,1500,0,100.0,0.0
3296,77491282,77492782,1500,0,100.0,0.0
3297,77492782,77494282,1500,0,100.0,0.0
3298,77494282,77495782,1500,0,100.0,0.0
3299,77495782,77497282,1500,0,100.0,0.0
3300,77497282,77498782,1500,0,100.0,0.0
3301,77498782,77500282,1500,0,100.0,0.0
3302,77500282,77501782,1500,0,100.0,0.0
3303,77501782,77503282,1500,0,100.0,0.0
3304,77503282,77504782,1500,0,100.0,0.0
3305,77504782,77506282,1500,0,100.0,0.0
3306,77506282,77507782,1500,0,100.0,0.0
3307,77507782,77509282,1500,0,100.0,0.0
3308,77509282,77510782,1500,0,100.0,0.0
3309,77510782,77512282,1500,0,100.0,0.0
3310,77512282,77513782,1500,0,100.0,0.0
3311,77513782,77515282,1500,0,100.0,0.0
3312,77515282,77516782,1500,0,100.0,0.0
3313,77516782,77518282,1500,0,100.0,0.0
3314,77518282,77519782,1500,0,100.0,0.0
3315,77519782,77521282,1500,0,100.0,0.0
3316,77521282,77522782,1500,0,100.0,0.0
3317,77522782,77524282,1500,0,100.0,0.0
3318,77524282,77525782,1500,0,100.0,0.0
3319,77525782,77527282,1500,0,100.0,0.0
3320,77527282,77528782,1500,0,100.0,0.0
3321,77528782,77530282,1500,0,100.0,0.0
3322,77530282,77531782,1500,0,100.0,0.0
3323,77531782,77533282,1500,0,100.0,0.0
3324,77533282,77534782,1500,0,100.0,0.0
3325,77534782,77536282,1500,0,100.0,0.0
3326,77536282,77537782,1500,0,100.0,0.0
3327,77537782,77539282,1500,0,100.0,0.0
3328,77539282,77540782,1500,0,100.0,0.0
3329,77540782,77542282,1500,0,100.0,0.0
3330,77542282,77543782,1500,0,100.0,0.0
3331,77543782,77545282,1500,0,100.0,0.0
3332,77545282,77546782,1500,0,100.0,0.0
3333,77546782,77548282,1500,0,100.0,0.0
3334,77548282,77549782,1500,0,100.0,0.0
3335,77549782,77551282,1500,0,100.0,0.0
3336,77551282,77552782,1500,0,100.0,0.0
3337,77552782,77554282,1500,0,100.0,0.0
3338,77554282,77555782,1500,0,100.0,0.0
3339,77555782,77557282,1500,0,100.0,0.0
3340,77557282,77558782,1500,0,100.0,0.0
3341,77558782,77560282,1500,0,100.0,0.0
3342,77560282,77561782,1500,0,100.0,0.0
3343,77561782,77563282,1500,0,100.0,0.0
3344,77563282,77564782,1500,0,100.0,0.0
3345,77564782,77566282,1500,0,100.0,0.0
3346,77566282,77567782,1500,0,100.0,0.0
3347,77567782,77569282,1500,0,100.0,0.0
3348,77569282,77570782,1500,0,100.0,0.0
3349,77570782,77572282,1500,0,100.0,0.0
3350,77572282,77573782,1500,0,100.0,0.0
3351,77573782,77575282,1500,0,100.0,0.0
3352,77575282,77576782,1500,0,100.0,0.0
3353,77576782,77578282,1500,0,100.0,0.0
3354,77578282,77579782,1500,0,100.0,0.0
3355,77579782,77581282,1500,0,100.0,0.0
3356,77581282,77582782,1500,0,100.0,0.0
3357,77582782,77584282,1500,0,100.0,0.0
3358,77584282,77585782,1500,0,100.0,0.0
3359,77585782,77587282,1500,0,100.0,0.0
3360,77587282,77588782,1500,0,100.0,0.0
3361,77588782,77590282,1500,0,100.0,0.0
3362,77590282,77591782,1500,0,100.0,0.0
3363,77591782,77593282,1500,0,100.0,0.0
3364,77593282,77594782,1500,0,100.0,0.0
3365,77594782,77596282,1500,0,100.0,0.0
3366,77596282,77597782,1500,0,100.0,0.0
3367,77597782,77599282,1500,0,100.0,0.0
3368,77599282,77600782,517,983,34.46666666666667,65.53333333333333
3369,77600782,77602282,11,1489,0.7333333333333333,99.26666666666667
3370,77602282,77603782,143,1357,9.533333333333333,90.46666666666667
3371,77603782,77605282,11,1489,0.7333333333333333,99.26666666666667
3372,77605282,77606782,1416,84,94.39999999999999,5.6000000000000085
3373,77606782,77608282,1500,0,100.0,0.0
3374,77608282,77609782,1500,0,100.0,0.0
3375,77609782,77611282,1500,0,100.0,0.0
3376,77611282,77612782,1500,0,100.0,0.0
3377,77612782,77614282,1500,0,100.0,0.0
3378,77614282,77615782,1500,0,100.0,0.0
3379,77615782,77617282,1500,0,100.0,0.0
3380,77617282,77618782,1500,0,100.0,0.0
3381,77618782,77620282,1500,0,100.0,0.0
3382,77620282,77621782,1500,0,100.0,0.0
3383,77621782,77623282,1500,0,100.0,0.0
3384,77623282,77624782,1500,0,100.0,0.0
3385,77624782,77626282,1500,0,100.0,0.0
3386,77626282,77627782,1500,0,100.0,0.0
3387,77627782,77629282,1500,0,100.0,0.0
3388,77629282,77630782,1500,0,100.0,0.0
3389,77630782,77632282,1500,0,100.0,0.0
3390,77632282,77633782,1500,0,100.0,0.0
3391,77633782,77635282,1500,0,100.0,0.0
3392,77635282,77636782,1047,453,69.8,30.200000000000003
3393,77636782,77638282,585,915,39.0,61.0
3394,77638282,77639782,1500,0,100.0,0.0
3395,77639782,77641282,1500,0,100.0,0.0
3396,77641282,77642782,1500,0,100.0,0.0
3397,77642782,77644282,1500,0,100.0,0.0
3398,77644282,77645782,1500,0,100.0,0.0
3399,77645782,77647282,1500,0,100.0,0.0
3400,77647282,77648782,1500,0,100.0,0.0
3401,77648782,77650282,1500,0,100.0,0.0
3402,77650282,77651782,1500,0,100.0,0.0
3403,77651782,77653282,1060,440,70.66666666666667,29.33333333333333
3404,77653282,77654782,502,998,33.46666666666667,66.53333333333333
3405,77654782,77656282,1500,0,100.0,0.0
3406,77656282,77657782,1500,0,100.0,0.0
3407,77657782,77659282,1500,0,100.0,0.0
3408,77659282,77660782,1500,0,100.0,0.0
3409,77660782,77662282,1500,0,100.0,0.0
3410,77662282,77663782,1500,0,100.0,0.0
3411,77663782,77665282,1500,0,100.0,0.0
3412,77665282,77666782,1500,0,100.0,0.0
3413,77666782,77668282,1500,0,100.0,0.0
3414,77668282,77669782,1500,0,100.0,0.0
3415,77669782,77671282,1500,0,100.0,0.0
3416,77671282,77672782,1500,0,100.0,0.0
3417,77672782,77674282,1500,0,100.0,0.0
3418,77674282,77675782,1500,0,100.0,0.0
3419,77675782,77677282,1500,0,100.0,0.0
3420,77677282,77678782,1500,0,100.0,0.0
3421,77678782,77680282,1500,0,100.0,0.0
3422,77680282,77681782,1500,0,100.0,0.0
3423,77681782,77683282,1500,0,100.0,0.0
3424,77683282,77684782,1500,0,100.0,0.0
3425,77684782,77686282,1500,0,100.0,0.0
3426,77686282,77687782,1500,0,100.0,0.0
3427,77687782,77689282,1500,0,100.0,0.0
3428,77689282,77690782,1500,0,100.0,0.0
3429,77690782,77692282,1500,0,100.0,0.0
3430,77692282,77693782,1477,23,98.46666666666667,1.5333333333333314
3431,77693782,77695282,89,1411,5.933333333333334,94.06666666666666
3432,77695282,77696782,1268,232,84.53333333333333,15.466666666666669
3433,77696782,77698282,1500,0,100.0,0.0
3434,77698282,77699782,1500,0,100.0,0.0
3435,77699782,77701282,1500,0,100.0,0.0
3436,77701282,77702782,1500,0,100.0,0.0
3437,77702782,77704282,1500,0,100.0,0.0
3438,77704282,77705782,1500,0,100.0,0.0
3439,77705782,77707282,1500,0,100.0,0.0
3440,77707282,77708782,1500,0,100.0,0.0
3441,77708782,77710282,1500,0,100.0,0.0
3442,77710282,77711782,1500,0,100.0,0.0
3443,77711782,77713282,1500,0,100.0,0.0
3444,77713282,77714782,1500,0,100.0,0.0
3445,77714782,77716282,275,1225,18.333333333333332,81.66666666666667
3446,77716282,77717782,1186,314,79.06666666666666,20.933333333333337
3447,77717782,77719282,1500,0,100.0,0.0
3448,77719282,77720782,1500,0,100.0,0.0
3449,77720782,77722282,1500,0,100.0,0.0
3450,77722282,77723782,1500,0,100.0,0.0
3451,77723782,77725282,1500,0,100.0,0.0
3452,77725282,77726782,1500,0,100.0,0.0
3453,77726782,77728282,1500,0,100.0,0.0
3454,77728282,77729782,1500,0,100.0,0.0
3455,77729782,77731282,1500,0,100.0,0.0
3456,77731282,77732782,1500,0,100.0,0.0
3457,77732782,77734282,596,904,39.733333333333334,60.266666666666666
3458,77734282,77735782,967,533,64.46666666666667,35.53333333333333
3459,77735782,77737282,1500,0,100.0,0.0
3460,77737282,77738782,1500,0,100.0,0.0
3461,77738782,77740282,1500,0,100.0,0.0
3462,77740282,77741782,1500,0,100.0,0.0
3463,77741782,77743282,1500,0,100.0,0.0
3464,77743282,77744782,1500,0,100.0,0.0
3465,77744782,77746282,1500,0,100.0,0.0
3466,77746282,77747782,1500,0,100.0,0.0
3467,77747782,77749282,1500,0,100.0,0.0
3468,77749282,77750782,1500,0,100.0,0.0
3469,77750782,77752282,776,724,51.733333333333334,48.266666666666666
3470,77752282,77753782,559,941,37.266666666666666,62.733333333333334
3471,77753782,77755282,1500,0,100.0,0.0
3472,77755282,77756782,1500,0,100.0,0.0
3473,77756782,77758282,1500,0,100.0,0.0
3474,77758282,77759782,1500,0,100.0,0.0
3475,77759782,77761282,1500,0,100.0,0.0
3476,77761282,77762782,1500,0,100.0,0.0
3477,77762782,77764282,1500,0,100.0,0.0
3478,77764282,77765782,1500,0,100.0,0.0
3479,77765782,77767282,1500,0,100.0,0.0
3480,77767282,77768782,1500,0,100.0,0.0
3481,77768782,77770282,1037,463,69.13333333333334,30.86666666666666
3482,77770282,77771782,415,1085,27.666666666666668,72.33333333333333
3483,77771782,77773282,1500,0,100.0,0.0
3484,77773282,77774782,1500,0,100.0,0.0
3485,77774782,77776282,1500,0,100.0,0.0
3486,77776282,77777782,1500,0,100.0,0.0
3487,77777782,77779282,1500,0,100.0,0.0
3488,77779282,77780782,1500,0,100.0,0.0
3489,77780782,77782282,1500,0,100.0,0.0
3490,77782282,77783782,1500,0,100.0,0.0
3491,77783782,77785282,1500,0,100.0,0.0
3492,77785282,77786782,1500,0,100.0,0.0
3493,77786782,77788282,1133,367,75.53333333333333,24.46666666666667
3494,77788282,77789782,315,1185,21.0,79.0
3495,77789782,77791282,1500,0,100.0,0.0
3496,77791282,77792782,1500,0,100.0,0.0
3497,77792782,77794282,1500,0,100.0,0.0
3498,77794282,77795782,1500,0,100.0,0.0
3499,77795782,77797282,1500,0,100.0,0.0
3500,77797282,77798782,1500,0,100.0,0.0
3501,77798782,77800282,1500,0,100.0,0.0
3502,77800282,77801782,1500,0,100.0,0.0
3503,77801782,77803282,1500,0,100.0,0.0
3504,77803282,77804782,1500,0,100.0,0.0
3505,77804782,77806282,1364,136,90.93333333333334,9.066666666666663
3506,77806282,77807782,84,1416,5.6000000000000005,94.4
3507,77807782,77809282,1500,0,100.0,0.0
3508,77809282,77810782,1500,0,100.0,0.0
3509,77810782,77812282,1500,0,100.0,0.0
3510,77812282,77813782,1500,0,100.0,0.0
3511,77813782,77815282,1500,0,100.0,0.0
3512,77815282,77816782,1500,0,100.0,0.0
3513,77816782,77818282,1500,0,100.0,0.0
3514,77818282,77819782,1500,0,100.0,0.0
3515,77819782,77821282,1500,0,100.0,0.0
3516,77821282,77822782,1500,0,100.0,0.0
3517,77822782,77824282,625,875,41.66666666666667,58.33333333333333
3518,77824282,77825782,962,538,64.13333333333333,35.866666666666674
3519,77825782,77827282,1500,0,100.0,0.0
3520,77827282,77828782,1500,0,100.0,0.0
3521,77828782,77830282,1500,0,100.0,0.0
3522,77830282,77831782,1500,0,100.0,0.0
3523,77831782,77833282,1500,0,100.0,0.0
3524,77833282,77834782,1500,0,100.0,0.0
3525,77834782,77836282,1500,0,100.0,0.0
3526,77836282,77837782,1500,0,100.0,0.0
3527,77837782,77839282,1500,0,100.0,0.0
3528,77839282,77840782,1431,69,95.39999999999999,4.6000000000000085
3529,77840782,77842282,70,1430,4.666666666666667,95.33333333333333
3530,77842282,77843782,1470,30,98.0,2.0
3531,77843782,77845282,1500,0,100.0,0.0
3532,77845282,77846782,1500,0,100.0,0.0
3533,77846782,77848282,1500,0,100.0,0.0
3534,77848282,77849782,1500,0,100.0,0.0
3535,77849782,77851282,1500,0,100.0,0.0
3536,77851282,77852782,1500,0,100.0,0.0
3537,77852782,77854282,1500,0,100.0,0.0
3538,77854282,77855782,1500,0,100.0,0.0
3539,77855782,77857282,1500,0,100.0,0.0
3540,77857282,77858782,1500,0,100.0,0.0
3541,77858782,77860282,1425,75,95.0,5.0
3542,77860282,77861782,158,1342,10.533333333333333,89.46666666666667
3543,77861782,77863282,1500,0,100.0,0.0
3544,77863282,77864782,1500,0,100.0,0.0
3545,77864782,77866282,1500,0,100.0,0.0
3546,77866282,77867782,1500,0,100.0,0.0
3547,77867782,77869282,1500,0,100.0,0.0
3548,77869282,77870782,1500,0,100.0,0.0
3549,77870782,77872282,1500,0,100.0,0.0
3550,77872282,77873782,1500,0,100.0,0.0
3551,77873782,77875282,1500,0,100.0,0.0
3552,77875282,77876782,1500,0,100.0,0.0
3553,77876782,77878282,854,646,56.93333333333334,43.06666666666666
3554,77878282,77879782,647,853,43.13333333333333,56.86666666666667
3555,77879782,77881282,1500,0,100.0,0.0
3556,77881282,77882782,1500,0,100.0,0.0
3557,77882782,77884282,1500,0,100.0,0.0
3558,77884282,77885782,1500,0,100.0,0.0
3559,77885782,77887282,1500,0,100.0,0.0
3560,77887282,77888782,1500,0,100.0,0.0
3561,77888782,77890282,1500,0,100.0,0.0
3562,77890282,77891782,1500,0,100.0,0.0
3563,77891782,77893282,1500,0,100.0,0.0
3564,77893282,77894782,1272,228,84.8,15.200000000000003
3565,77894782,77896282,261,1239,17.4,82.6
3566,77896282,77897782,1500,0,100.0,0.0
3567,77897782,77899282,1500,0,100.0,0.0
3568,77899282,77900782,1500,0,100.0,0.0
3569,77900782,77902282,1500,0,100.0,0.0
3570,77902282,77903782,1500,0,100.0,0.0
3571,77903782,77905282,1500,0,100.0,0.0
3572,77905282,77906782,1500,0,100.0,0.0
3573,77906782,77908282,1500,0,100.0,0.0
3574,77908282,77909782,1500,0,100.0,0.0
3575,77909782,77911282,1500,0,100.0,0.0
3576,77911282,77912782,522,978,34.8,65.2
3577,77912782,77914282,1019,481,67.93333333333334,32.06666666666666
3578,77914282,77915782,1500,0,100.0,0.0
3579,77915782,77917282,1500,0,100.0,0.0
3580,77917282,77918782,1500,0,100.0,0.0
3581,77918782,77920282,1500,0,100.0,0.0
3582,77920282,77921782,1500,0,100.0,0.0
3583,77921782,77923282,1500,0,100.0,0.0
3584,77923282,77924782,1500,0,100.0,0.0
3585,77924782,77926282,1500,0,100.0,0.0
3586,77926282,77927782,1500,0,100.0,0.0
3587,77927782,77929282,723,777,48.199999999999996,51.800000000000004
3588,77929282,77930782,782,718,52.13333333333333,47.86666666666667
3589,77930782,77932282,1500,0,100.0,0.0
3590,77932282,77933782,1500,0,100.0,0.0
3591,77933782,77935282,1500,0,100.0,0.0
3592,77935282,77936782,1500,0,100.0,0.0
3593,77936782,77938282,1500,0,100.0,0.0
3594,77938282,77939782,1500,0,100.0,0.0
3595,77939782,77941282,1500,0,100.0,0.0
3596,77941282,77942782,1500,0,100.0,0.0
3597,77942782,77944282,1500,0,100.0,0.0
3598,77944282,77945782,1392,108,92.80000000000001,7.199999999999989
3599,77945782,77947282,179,1321,11.933333333333334,88.06666666666666
3600,77947282,77948782,1500,0,100.0,0.0
3601,77948782,77950282,1500,0,100.0,0.0
3602,77950282,77951782,1500,0,100.0,0.0
3603,77951782,77953282,1500,0,100.0,0.0
3604,77953282,77954782,1500,0,100.0,0.0
3605,77954782,77956282,1500,0,100.0,0.0
3606,77956282,77957782,1500,0,100.0,0.0
3607,77957782,77959282,1500,0,100.0,0.0
3608,77959282,77960782,1500,0,100.0,0.0
3609,77960782,77962282,1184,316,78.93333333333334,21.066666666666663
3610,77962282,77963782,410,1090,27.333333333333332,72.66666666666667
3611,77963782,77965282,1500,0,100.0,0.0
3612,77965282,77966782,1500,0,100.0,0.0
3613,77966782,77968282,1500,0,100.0,0.0
3614,77968282,77969782,1500,0,100.0,0.0
3615,77969782,77971282,1500,0,100.0,0.0
3616,77971282,77972782,1500,0,100.0,0.0
3617,77972782,77974282,1500,0,100.0,0.0
3618,77974282,77975782,1500,0,100.0,0.0
3619,77975782,77977282,1500,0,100.0,0.0
3620,77977282,77978782,684,816,45.6,54.4
3621,77978782,77980282,971,529,64.73333333333333,35.266666666666666
3622,77980282,77981782,1500,0,100.0,0.0
3623,77981782,77983282,1500,0,100.0,0.0
3624,77983282,77984782,1500,0,100.0,0.0
3625,77984782,77986282,1500,0,100.0,0.0
3626,77986282,77987782,1500,0,100.0,0.0
3627,77987782,77989282,1500,0,100.0,0.0
3628,77989282,77990782,1500,0,100.0,0.0
3629,77990782,77992282,1500,0,100.0,0.0
3630,77992282,77993782,1500,0,100.0,0.0
3631,77993782,77995282,195,1305,13.0,87.0
3632,77995282,77996782,1410,90,94.0,6.0
3633,77996782,77998282,1500,0,100.0,0.0
3634,77998282,77999782,1500,0,100.0,0.0
3635,77999782,78001282,1500,0,100.0,0.0
3636,78001282,78002782,1500,0,100.0,0.0
3637,78002782,78004282,1500,0,100.0,0.0
3638,78004282,78005782,1500,0,100.0,0.0
3639,78005782,78007282,1500,0,100.0,0.0
3640,78007282,78008782,1500,0,100.0,0.0
3641,78008782,78010282,1010,490,67.33333333333333,32.66666666666667
3642,78010282,78011782,365,1135,24.333333333333336,75.66666666666666
3643,78011782,78013282,1500,0,100.0,0.0
3644,78013282,78014782,1500,0,100.0,0.0
3645,78014782,78016282,1500,0,100.0,0.0
3646,78016282,78017782,1500,0,100.0,0.0
3647,78017782,78019282,1500,0,100.0,0.0
3648,78019282,78020782,1500,0,100.0,0.0
3649,78020782,78022282,1500,0,100.0,0.0
3650,78022282,78023782,1500,0,100.0,0.0
3651,78023782,78025282,1500,0,100.0,0.0
3652,78025282,78026782,905,595,60.333333333333336,39.666666666666664
3653,78026782,78028282,806,694,53.733333333333334,46.266666666666666
3654,78028282,78029782,1500,0,100.0,0.0
3655,78029782,78031282,1500,0,100.0,0.0
3656,78031282,78032782,1500,0,100.0,0.0
3657,78032782,78034282,1500,0,100.0,0.0
3658,78034282,78035782,1500,0,100.0,0.0
3659,78035782,78037282,1500,0,100.0,0.0
3660,78037282,78038782,1500,0,100.0,0.0
3661,78038782,78040282,1500,0,100.0,0.0
3662,78040282,78041782,1500,0,100.0,0.0
3663,78041782,78043282,155,1345,10.333333333333334,89.66666666666667
3664,78043282,78044782,1500,0,100.0,0.0
3665,78044782,78046282,1500,0,100.0,0.0
3666,78046282,78047782,1500,0,100.0,0.0
3667,78047782,78049282,1500,0,100.0,0.0
3668,78049282,78050782,1500,0,100.0,0.0
3669,78050782,78052282,1500,0,100.0,0.0
3670,78052282,78053782,1500,0,100.0,0.0
3671,78053782,78055282,1500,0,100.0,0.0
3672,78055282,78056782,1500,0,100.0,0.0
3673,78056782,78058282,654,846,43.6,56.4
3674,78058282,78059782,1078,422,71.86666666666667,28.133333333333326
3675,78059782,78061282,1500,0,100.0,0.0
3676,78061282,78062782,1500,0,100.0,0.0
3677,78062782,78064282,1500,0,100.0,0.0
3678,78064282,78065782,1500,0,100.0,0.0
3679,78065782,78067282,1500,0,100.0,0.0
3680,78067282,78068782,1500,0,100.0,0.0
3681,78068782,78070282,1500,0,100.0,0.0
3682,78070282,78071782,1500,0,100.0,0.0
3683,78071782,78073282,1165,335,77.66666666666666,22.333333333333343
3684,78073282,78074782,491,1009,32.733333333333334,67.26666666666667
3685,78074782,78076282,1500,0,100.0,0.0
3686,78076282,78077782,1500,0,100.0,0.0
3687,78077782,78079282,1500,0,100.0,0.0
3688,78079282,78080782,1500,0,100.0,0.0
3689,78080782,78082282,1500,0,100.0,0.0
3690,78082282,78083782,1500,0,100.0,0.0
3691,78083782,78085282,1500,0,100.0,0.0
3692,78085282,78086782,1500,0,100.0,0.0
3693,78086782,78088282,1500,0,100.0,0.0
3694,78088282,78089782,234,1266,15.6,84.4
3695,78089782,78091282,1497,3,99.8,0.20000000000000284
3696,78091282,78092782,1500,0,100.0,0.0
3697,78092782,78094282,1500,0,100.0,0.0
3698,78094282,78095782,1500,0,100.0,0.0
3699,78095782,78097282,1500,0,100.0,0.0
3700,78097282,78098782,1500,0,100.0,0.0
3701,78098782,78100282,1500,0,100.0,0.0
3702,78100282,78101782,1500,0,100.0,0.0
3703,78101782,78103282,1500,0,100.0,0.0
3704,78103282,78104782,711,789,47.4,52.6
3705,78104782,78106282,958,542,63.866666666666674,36.133333333333326
3706,78106282,78107782,1500,0,100.0,0.0
3707,78107782,78109282,1500,0,100.0,0.0
3708,78109282,78110782,1500,0,100.0,0.0
3709,78110782,78112282,1500,0,100.0,0.0
3710,78112282,78113782,1500,0,100.0,0.0
3711,78113782,78115282,1500,0,100.0,0.0
3712,78115282,78116782,1500,0,100.0,0.0
3713,78116782,78118282,1500,0,100.0,0.0
3714,78118282,78119782,708,792,47.199999999999996,52.800000000000004
3715,78119782,78121282,936,564,62.4,37.6
3716,78121282,78122782,1500,0,100.0,0.0
3717,78122782,78124282,1500,0,100.0,0.0
3718,78124282,78125782,1500,0,100.0,0.0
3719,78125782,78127282,1500,0,100.0,0.0
3720,78127282,78128782,1500,0,100.0,0.0
3721,78128782,78130282,1500,0,100.0,0.0
3722,78130282,78131782,1500,0,100.0,0.0
3723,78131782,78133282,1500,0,100.0,0.0
3724,78133282,78134782,1122,378,74.8,25.200000000000003
3725,78134782,78136282,619,881,41.266666666666666,58.733333333333334
3726,78136282,78137782,1500,0,100.0,0.0
3727,78137782,78139282,1500,0,100.0,0.0
3728,78139282,78140782,1500,0,100.0,0.0
3729,78140782,78142282,1500,0,100.0,0.0
3730,78142282,78143782,1500,0,100.0,0.0
3731,78143782,78145282,1500,0,100.0,0.0
3732,78145282,78146782,1500,0,100.0,0.0
3733,78146782,78148282,1500,0,100.0,0.0
3734,78148282,78149782,932,568,62.133333333333326,37.866666666666674
3735,78149782,78151282,870,630,57.99999999999999,42.00000000000001
3736,78151282,78152782,1500,0,100.0,0.0
3737,78152782,78154282,1500,0,100.0,0.0
3738,78154282,78155782,1500,0,100.0,0.0
3739,78155782,78157282,1500,0,100.0,0.0
3740,78157282,78158782,1500,0,100.0,0.0
3741,78158782,78160282,1500,0,100.0,0.0
3742,78160282,78161782,1500,0,100.0,0.0
3743,78161782,78163282,1500,0,100.0,0.0
3744,78163282,78164782,648,852,43.2,56.8
3745,78164782,78166282,1047,453,69.8,30.200000000000003
3746,78166282,78167782,1500,0,100.0,0.0
3747,78167782,78169282,1500,0,100.0,0.0
3748,78169282,78170782,1500,0,100.0,0.0
3749,78170782,78172282,1500,0,100.0,0.0
3750,78172282,78173782,1500,0,100.0,0.0
3751,78173782,78175282,1500,0,100.0,0.0
3752,78175282,78176782,1500,0,100.0,0.0
3753,78176782,78178282,1500,0,100.0,0.0
3754,78178282,78179782,512,988,34.13333333333333,65.86666666666667
3755,78179782,78181282,1128,372,75.2,24.799999999999997
3756,78181282,78182782,1500,0,100.0,0.0
3757,78182782,78184282,1500,0,100.0,0.0
3758,78184282,78185782,1500,0,100.0,0.0
3759,78185782,78187282,1500,0,100.0,0.0
3760,78187282,78188782,1500,0,100.0,0.0
3761,78188782,78190282,1500,0,100.0,0.0
3762,78190282,78191782,1500,0,100.0,0.0
3763,78191782,78193282,1500,0,100.0,0.0
3764,78193282,78194782,1145,355,76.33333333333333,23.66666666666667
3765,78194782,78196282,59,1441,3.933333333333333,96.06666666666666
3766,78196282,78197782,902,598,60.13333333333334,39.86666666666666
3767,78197782,78199282,1500,0,100.0,0.0
3768,78199282,78200782,1500,0,100.0,0.0
3769,78200782,78202282,1500,0,100.0,0.0
3770,78202282,78203782,1500,0,100.0,0.0
3771,78203782,78205282,1500,0,100.0,0.0
3772,78205282,78206782,1500,0,100.0,0.0
3773,78206782,78208282,1500,0,100.0,0.0
3774,78208282,78209782,1500,0,100.0,0.0
3775,78209782,78211282,1500,0,100.0,0.0
3776,78211282,78212782,471,1029,31.4,68.6
3777,78212782,78214282,912,588,60.8,39.2
3778,78214282,78215782,1500,0,100.0,0.0
3779,78215782,78217282,1500,0,100.0,0.0
3780,78217282,78218782,1500,0,100.0,0.0
3781,78218782,78220282,1500,0,100.0,0.0
3782,78220282,78221782,1500,0,100.0,0.0
3783,78221782,78223282,1500,0,100.0,0.0
3784,78223282,78224782,1500,0,100.0,0.0
3785,78224782,78226282,1500,0,100.0,0.0
3786,78226282,78227782,1282,218,85.46666666666667,14.533333333333331
3787,78227782,78229282,80,1420,5.333333333333334,94.66666666666667
3788,78229282,78230782,1191,309,79.4,20.599999999999994
3789,78230782,78232282,1500,0,100.0,0.0
3790,78232282,78233782,1500,0,100.0,0.0
3791,78233782,78235282,1500,0,100.0,0.0
3792,78235282,78236782,1500,0,100.0,0.0
3793,78236782,78238282,1500,0,100.0,0.0
3794,78238282,78239782,1500,0,100.0,0.0
3795,78239782,78241282,1500,0,100.0,0.0
3796,78241282,78242782,1500,0,100.0,0.0
3797,78242782,78244282,1436,64,95.73333333333333,4.266666666666666
3798,78244282,78245782,277,1223,18.46666666666667,81.53333333333333
3799,78245782,78247282,1500,0,100.0,0.0
3800,78247282,78248782,1500,0,100.0,0.0
3801,78248782,78250282,1500,0,100.0,0.0
3802,78250282,78251782,1500,0,100.0,0.0
3803,78251782,78253282,1500,0,100.0,0.0
3804,78253282,78254782,1500,0,100.0,0.0
3805,78254782,78256282,1500,0,100.0,0.0
3806,78256282,78257782,1500,0,100.0,0.0
3807,78257782,78259282,1500,0,100.0,0.0
3808,78259282,78260782,596,904,39.733333333333334,60.266666666666666
3809,78260782,78262282,1048,452,69.86666666666666,30.13333333333334
3810,78262282,78263782,1500,0,100.0,0.0
3811,78263782,78265282,1500,0,100.0,0.0
3812,78265282,78266782,1500,0,100.0,0.0
3813,78266782,78268282,1500,0,100.0,0.0
3814,78268282,78269782,1500,0,100.0,0.0
3815,78269782,78271282,1500,0,100.0,0.0
3816,78271282,78272782,1500,0,100.0,0.0
3817,78272782,78274282,1500,0,100.0,0.0
3818,78274282,78275782,969,531,64.60000000000001,35.39999999999999
3819,78275782,78277282,768,732,51.2,48.8
3820,78277282,78278782,1500,0,100.0,0.0
3821,78278782,78280282,1500,0,100.0,0.0
3822,78280282,78281782,1500,0,100.0,0.0
3823,78281782,78283282,1500,0,100.0,0.0
3824,78283282,78284782,1500,0,100.0,0.0
3825,78284782,78286282,1500,0,100.0,0.0
3826,78286282,78287782,1500,0,100.0,0.0
3827,78287782,78289282,1500,0,100.0,0.0
3828,78289282,78290782,1209,291,80.60000000000001,19.39999999999999
3829,78290782,78292282,541,959,36.06666666666667,63.93333333333333
3830,78292282,78293782,1500,0,100.0,0.0
3831,78293782,78295282,1500,0,100.0,0.0
3832,78295282,78296782,1500,0,100.0,0.0
3833,78296782,78298282,1500,0,100.0,0.0
3834,78298282,78299782,1500,0,100.0,0.0
3835,78299782,78301282,1500,0,100.0,0.0
3836,78301282,78302782,1500,0,100.0,0.0
3837,78302782,78304282,1500,0,100.0,0.0
3838,78304282,78305782,1371,129,91.4,8.599999999999994
3839,78305782,78307282,303,1197,20.200000000000003,79.8
3840,78307282,78308782,1500,0,100.0,0.0
3841,78308782,78310282,1500,0,100.0,0.0
3842,78310282,78311782,1500,0,100.0,0.0
3843,78311782,78313282,1500,0,100.0,0.0
3844,78313282,78314782,1500,0,100.0,0.0
3845,78314782,78316282,1500,0,100.0,0.0
3846,78316282,78317782,1500,0,100.0,0.0
3847,78317782,78319282,1500,0,100.0,0.0
3848,78319282,78320782,1256,244,83.73333333333333,16.266666666666666
3849,78320782,78322282,514,986,34.266666666666666,65.73333333333333
3850,78322282,78323782,1500,0,100.0,0.0
3851,78323782,78325282,1500,0,100.0,0.0
3852,78325282,78326782,1500,0,100.0,0.0
3853,78326782,78328282,1500,0,100.0,0.0
3854,78328282,78329782,1500,0,100.0,0.0
3855,78329782,78331282,1500,0,100.0,0.0
3856,78331282,78332782,1500,0,100.0,0.0
3857,78332782,78334282,1500,0,100.0,0.0
3858,78334282,78335782,929,571,61.93333333333333,38.06666666666667
3859,78335782,78337282,845,655,56.333333333333336,43.666666666666664
3860,78337282,78338782,1500,0,100.0,0.0
3861,78338782,78340282,1500,0,100.0,0.0
3862,78340282,78341782,1500,0,100.0,0.0
3863,78341782,78343282,1500,0,100.0,0.0
3864,78343282,78344782,1500,0,100.0,0.0
3865,78344782,78346282,1500,0,100.0,0.0
3866,78346282,78347782,1500,0,100.0,0.0
3867,78347782,78349282,1500,0,100.0,0.0
3868,78349282,78350782,1298,202,86.53333333333333,13.466666666666669
3869,78350782,78352282,315,1185,21.0,79.0
3870,78352282,78353782,1500,0,100.0,0.0
3871,78353782,78355282,1500,0,100.0,0.0
3872,78355282,78356782,1500,0,100.0,0.0
3873,78356782,78358282,1500,0,100.0,0.0
3874,78358282,78359782,1500,0,100.0,0.0
3875,78359782,78361282,1500,0,100.0,0.0
3876,78361282,78362782,1500,0,100.0,0.0
3877,78362782,78364282,1500,0,100.0,0.0
3878,78364282,78365782,1500,0,100.0,0.0
3879,78365782,78367282,248,1252,16.53333333333333,83.46666666666667
3880,78367282,78368782,1443,57,96.2,3.799999999999997
3881,78368782,78370282,1500,0,100.0,0.0
3882,78370282,78371782,1500,0,100.0,0.0
3883,78371782,78373282,1500,0,100.0,0.0
3884,78373282,78374782,1500,0,100.0,0.0
3885,78374782,78376282,1500,0,100.0,0.0
3886,78376282,78377782,1500,0,100.0,0.0
3887,78377782,78379282,1500,0,100.0,0.0
3888,78379282,78380782,1500,0,100.0,0.0
3889,78380782,78382282,1500,0,100.0,0.0
3890,78382282,78383782,1500,0,100.0,0.0
3891,78383782,78385282,1500,0,100.0,0.0
3892,78385282,78386782,1500,0,100.0,0.0
3893,78386782,78388282,636,864,42.4,57.6
3894,78388282,78389782,292,1208,19.466666666666665,80.53333333333333
3895,78389782,78391282,1500,0,100.0,0.0
3896,78391282,78392782,1500,0,100.0,0.0
3897,78392782,78394282,1500,0,100.0,0.0
3898,78394282,78395782,1500,0,100.0,0.0
3899,78395782,78397282,1500,0,100.0,0.0
3900,78397282,78398782,1500,0,100.0,0.0
3901,78398782,78400282,1500,0,100.0,0.0
3902,78400282,78401782,1500,0,100.0,0.0
3903,78401782,78403282,1500,0,100.0,0.0
3904,78403282,78404782,1500,0,100.0,0.0
3905,78404782,78406282,1500,0,100.0,0.0
3906,78406282,78407782,634,866,42.266666666666666,57.733333333333334
3907,78407782,78409282,916,584,61.06666666666667,38.93333333333333
3908,78409282,78410782,1500,0,100.0,0.0
3909,78410782,78412282,1500,0,100.0,0.0
3910,78412282,78413782,1500,0,100.0,0.0
3911,78413782,78415282,1500,0,100.0,0.0
3912,78415282,78416782,1500,0,100.0,0.0
3913,78416782,78418282,1500,0,100.0,0.0
3914,78418282,78419782,1500,0,100.0,0.0
3915,78419782,78421282,1500,0,100.0,0.0
3916,78421282,78422782,1500,0,100.0,0.0
3917,78422782,78424282,250,1250,16.666666666666664,83.33333333333334
3918,78424282,78425782,1373,127,91.53333333333333,8.466666666666669
3919,78425782,78427282,1500,0,100.0,0.0
3920,78427282,78428782,1500,0,100.0,0.0
3921,78428782,78430282,1500,0,100.0,0.0
3922,78430282,78431782,1500,0,100.0,0.0
3923,78431782,78433282,1500,0,100.0,0.0
3924,78433282,78434782,1500,0,100.0,0.0
3925,78434782,78436282,1500,0,100.0,0.0
3926,78436282,78437782,1500,0,100.0,0.0
3927,78437782,78439282,1500,0,100.0,0.0
3928,78439282,78440782,1500,0,100.0,0.0
3929,78440782,78442282,640,860,42.66666666666667,57.33333333333333
3930,78442282,78443782,1052,448,70.13333333333334,29.86666666666666
3931,78443782,78445282,1500,0,100.0,0.0
3932,78445282,78446782,1500,0,100.0,0.0
3933,78446782,78448282,1500,0,100.0,0.0
3934,78448282,78449782,1500,0,100.0,0.0
3935,78449782,78451282,1500,0,100.0,0.0
3936,78451282,78452782,1500,0,100.0,0.0
3937,78452782,78454282,1500,0,100.0,0.0
3938,78454282,78455782,1500,0,100.0,0.0
3939,78455782,78457282,1500,0,100.0,0.0
3940,78457282,78458782,871,629,58.06666666666666,41.93333333333334
3941,78458782,78460282,814,686,54.266666666666666,45.733333333333334
3942,78460282,78461782,1500,0,100.0,0.0
3943,78461782,78463282,1500,0,100.0,0.0
3944,78463282,78464782,1500,0,100.0,0.0
3945,78464782,78466282,1500,0,100.0,0.0
3946,78466282,78467782,1500,0,100.0,0.0
3947,78467782,78469282,1500,0,100.0,0.0
3948,78469282,78470782,1500,0,100.0,0.0
3949,78470782,78472282,1500,0,100.0,0.0
3950,78472282,78473782,1500,0,100.0,0.0
3951,78473782,78475282,514,986,34.266666666666666,65.73333333333333
3952,78475282,78476782,1177,323,78.46666666666667,21.53333333333333
3953,78476782,78478282,1500,0,100.0,0.0
3954,78478282,78479782,1500,0,100.0,0.0
3955,78479782,78481282,1500,0,100.0,0.0
3956,78481282,78482782,1500,0,100.0,0.0
3957,78482782,78484282,1500,0,100.0,0.0
3958,78484282,78485782,1500,0,100.0,0.0
3959,78485782,78487282,1500,0,100.0,0.0
3960,78487282,78488782,1500,0,100.0,0.0
3961,78488782,78490282,1500,0,100.0,0.0
3962,78490282,78491782,1500,0,100.0,0.0
3963,78491782,78493282,1500,0,100.0,0.0
3964,78493282,78494782,1500,0,100.0,0.0
3965,78494782,78496282,1500,0,100.0,0.0
3966,78496282,78497782,1500,0,100.0,0.0
3967,78497782,78499282,1500,0,100.0,0.0
3968,78499282,78500782,1500,0,100.0,0.0
3969,78500782,78502282,1500,0,100.0,0.0
3970,78502282,78503782,1500,0,100.0,0.0
3971,78503782,78505282,1500,0,100.0,0.0
3972,78505282,78506782,1500,0,100.0,0.0
3973,78506782,78508282,1500,0,100.0,0.0
3974,78508282,78509782,1500,0,100.0,0.0
3975,78509782,78511282,1500,0,100.0,0.0
3976,78511282,78512782,1500,0,100.0,0.0
3977,78512782,78514282,1500,0,100.0,0.0
3978,78514282,78515782,1500,0,100.0,0.0
3979,78515782,78517282,1500,0,100.0,0.0
3980,78517282,78518782,1500,0,100.0,0.0
3981,78518782,78520282,1500,0,100.0,0.0
3982,78520282,78521782,1500,0,100.0,0.0
3983,78521782,78523282,1500,0,100.0,0.0
3984,78523282,78524782,1500,0,100.0,0.0
3985,78524782,78526282,1500,0,100.0,0.0
3986,78526282,78527782,1500,0,100.0,0.0
3987,78527782,78529282,1500,0,100.0,0.0
3988,78529282,78530782,1500,0,100.0,0.0
3989,78530782,78532282,1500,0,100.0,0.0
3990,78532282,78533782,1500,0,100.0,0.0
3991,78533782,78535282,1500,0,100.0,0.0
3992,78535282,78536782,1500,0,100.0,0.0
3993,78536782,78538282,1500,0,100.0,0.0
3994,78538282,78539782,517,983,34.46666666666667,65.53333333333333
3995,78539782,78541282,1034,466,68.93333333333334,31.066666666666663
3996,78541282,78542782,1500,0,100.0,0.0
3997,78542782,78544282,1500,0,100.0,0.0
3998,78544282,78545782,1500,0,100.0,0.0
3999,78545782,78547282,1500,0,100.0,0.0
4000,78547282,78548782,1500,0,100.0,0.0
4001,78548782,78550282,1500,0,100.0,0.0
4002,78550282,78551782,1500,0,100.0,0.0
4003,78551782,78553282,1500,0,100.0,0.0
4004,78553282,78554782,1371,129,91.4,8.599999999999994
4005,78554782,78556282,157,1343,10.466666666666667,89.53333333333333
4006,78556282,78557782,1500,0,100.0,0.0
4007,78557782,78559282,1500,0,100.0,0.0
4008,78559282,78560782,1500,0,100.0,0.0
4009,78560782,78562282,1500,0,100.0,0.0
4010,78562282,78563782,1500,0,100.0,0.0
4011,78563782,78565282,1500,0,100.0,0.0
4012,78565282,78566782,1500,0,100.0,0.0
4013,78566782,78568282,1500,0,100.0,0.0
4014,78568282,78569782,1500,0,100.0,0.0
4015,78569782,78571282,735,765,49.0,51.0
4016,78571282,78572782,987,513,65.8,34.2
4017,78572782,78574282,1500,0,100.0,0.0
4018,78574282,78575782,1500,0,100.0,0.0
4019,78575782,78577282,1500,0,100.0,0.0
4020,78577282,78578782,1500,0,100.0,0.0
4021,78578782,78580282,1500,0,100.0,0.0
4022,78580282,78581782,1500,0,100.0,0.0
4023,78581782,78583282,1500,0,100.0,0.0
4024,78583282,78584782,1500,0,100.0,0.0
4025,78584782,78586282,1439,61,95.93333333333334,4.066666666666663
4026,78586282,78587782,274,1226,18.266666666666666,81.73333333333333
4027,78587782,78589282,1500,0,100.0,0.0
4028,78589282,78590782,1500,0,100.0,0.0
4029,78590782,78592282,1500,0,100.0,0.0
4030,78592282,78593782,1500,0,100.0,0.0
4031,78593782,78595282,1500,0,100.0,0.0
4032,78595282,78596782,1500,0,100.0,0.0
4033,78596782,78598282,1500,0,100.0,0.0
4034,78598282,78599782,1500,0,100.0,0.0
4035,78599782,78601282,1500,0,100.0,0.0
4036,78601282,78602782,861,639,57.4,42.6
4037,78602782,78604282,852,648,56.8,43.2
4038,78604282,78605782,1500,0,100.0,0.0
4039,78605782,78607282,1500,0,100.0,0.0
4040,78607282,78608782,1500,0,100.0,0.0
4041,78608782,78610282,1500,0,100.0,0.0
4042,78610282,78611782,1500,0,100.0,0.0
4043,78611782,78613282,1500,0,100.0,0.0
4044,78613282,78614782,1500,0,100.0,0.0
4045,78614782,78616282,1500,0,100.0,0.0
4046,78616282,78617782,1217,283,81.13333333333334,18.86666666666666
4047,78617782,78619282,461,1039,30.733333333333334,69.26666666666667
4048,78619282,78620782,1500,0,100.0,0.0
4049,78620782,78622282,1500,0,100.0,0.0
4050,78622282,78623782,1500,0,100.0,0.0
4051,78623782,78625282,1500,0,100.0,0.0
4052,78625282,78626782,1500,0,100.0,0.0
4053,78626782,78628282,1500,0,100.0,0.0
4054,78628282,78629782,1500,0,100.0,0.0
4055,78629782,78631282,1500,0,100.0,0.0
4056,78631282,78632782,1500,0,100.0,0.0
4057,78632782,78634282,80,1420,5.333333333333334,94.66666666666667
4058,78634282,78635782,1457,43,97.13333333333334,2.86666666666666
4059,78635782,78637282,1500,0,100.0,0.0
4060,78637282,78638782,1500,0,100.0,0.0
4061,78638782,78640282,1500,0,100.0,0.0
4062,78640282,78641782,1500,0,100.0,0.0
4063,78641782,78643282,1500,0,100.0,0.0
4064,78643282,78644782,1500,0,100.0,0.0
4065,78644782,78646282,1500,0,100.0,0.0
4066,78646282,78647782,1500,0,100.0,0.0
4067,78647782,78649282,669,831,44.6,55.4
4068,78649282,78650782,1003,497,66.86666666666666,33.13333333333334
4069,78650782,78652282,1500,0,100.0,0.0
4070,78652282,78653782,1500,0,100.0,0.0
4071,78653782,78655282,1500,0,100.0,0.0
4072,78655282,78656782,1500,0,100.0,0.0
4073,78656782,78658282,1500,0,100.0,0.0
4074,78658282,78659782,1500,0,100.0,0.0
4075,78659782,78661282,1500,0,100.0,0.0
4076,78661282,78662782,1500,0,100.0,0.0
4077,78662782,78664282,941,559,62.73333333333333,37.26666666666667
4078,78664282,78665782,605,895,40.33333333333333,59.66666666666667
4079,78665782,78667282,1500,0,100.0,0.0
4080,78667282,78668782,1500,0,100.0,0.0
4081,78668782,78670282,1500,0,100.0,0.0
4082,78670282,78671782,1500,0,100.0,0.0
4083,78671782,78673282,1500,0,100.0,0.0
4084,78673282,78674782,1500,0,100.0,0.0
4085,78674782,78676282,1500,0,100.0,0.0
4086,78676282,78677782,1500,0,100.0,0.0
4087,78677782,78679282,1500,0,100.0,0.0
4088,78679282,78680782,227,1273,15.133333333333333,84.86666666666667
4089,78680782,78682282,1500,0,100.0,0.0
4090,78682282,78683782,1500,0,100.0,0.0
4091,78683782,78685282,1500,0,100.0,0.0
4092,78685282,78686782,1500,0,100.0,0.0
4093,78686782,78688282,1500,0,100.0,0.0
4094,78688282,78689782,1500,0,100.0,0.0
4095,78689782,78691282,1500,0,100.0,0.0
4096,78691282,78692782,1500,0,100.0,0.0
4097,78692782,78694282,1500,0,100.0,0.0
4098,78694282,78695782,493,1007,32.86666666666667,67.13333333333333
4099,78695782,78697282,1168,332,77.86666666666666,22.13333333333334
4100,78697282,78698782,1500,0,100.0,0.0
4101,78698782,78700282,1500,0,100.0,0.0
4102,78700282,78701782,1500,0,100.0,0.0
4103,78701782,78703282,1500,0,100.0,0.0
4104,78703282,78704782,1500,0,100.0,0.0
4105,78704782,78706282,1500,0,100.0,0.0
4106,78706282,78707782,1500,0,100.0,0.0
4107,78707782,78709282,1500,0,100.0,0.0
4108,78709282,78710782,683,817,45.53333333333333,54.46666666666667
4109,78710782,78712282,957,543,63.800000000000004,36.199999999999996
4110,78712282,78713782,1500,0,100.0,0.0
4111,78713782,78715282,1500,0,100.0,0.0
4112,78715282,78716782,1500,0,100.0,0.0
4113,78716782,78718282,1500,0,100.0,0.0
4114,78718282,78719782,1500,0,100.0,0.0
4115,78719782,78721282,1500,0,100.0,0.0
4116,78721282,78722782,1500,0,100.0,0.0
4117,78722782,78724282,1500,0,100.0,0.0
4118,78724282,78725782,705,795,47.0,53.0
4119,78725782,78727282,99,1401,6.6000000000000005,93.4
4120,78727282,78728782,1440,60,96.0,4.0
4121,78728782,78730282,1500,0,100.0,0.0
4122,78730282,78731782,1500,0,100.0,0.0
4123,78731782,78733282,1500,0,100.0,0.0
4124,78733282,78734782,1500,0,100.0,0.0
4125,78734782,78736282,1500,0,100.0,0.0
4126,78736282,78737782,1500,0,100.0,0.0
4127,78737782,78739282,1500,0,100.0,0.0
4128,78739282,78740782,1500,0,100.0,0.0
4129,78740782,78742282,954,546,63.6,36.4
4130,78742282,78743782,452,1048,30.133333333333333,69.86666666666667
4131,78743782,78745282,1500,0,100.0,0.0
4132,78745282,78746782,1500,0,100.0,0.0
4133,78746782,78748282,1500,0,100.0,0.0
4134,78748282,78749782,1500,0,100.0,0.0
4135,78749782,78751282,1500,0,100.0,0.0
4136,78751282,78752782,1500,0,100.0,0.0
4137,78752782,78754282,1500,0,100.0,0.0
4138,78754282,78755782,1500,0,100.0,0.0
4139,78755782,78757282,1500,0,100.0,0.0
4140,78757282,78758782,498,1002,33.2,66.8
4141,78758782,78760282,923,577,61.53333333333333,38.46666666666667
4142,78760282,78761782,1500,0,100.0,0.0
4143,78761782,78763282,1500,0,100.0,0.0
4144,78763282,78764782,1500,0,100.0,0.0
4145,78764782,78766282,1500,0,100.0,0.0
4146,78766282,78767782,1500,0,100.0,0.0
4147,78767782,78769282,1500,0,100.0,0.0
4148,78769282,78770782,1500,0,100.0,0.0
4149,78770782,78772282,1500,0,100.0,0.0
4150,78772282,78773782,1500,0,100.0,0.0
4151,78773782,78775282,1500,0,100.0,0.0
4152,78775282,78776782,1212,288,80.80000000000001,19.19999999999999
4153,78776782,78778282,184,1316,12.266666666666666,87.73333333333333
4154,78778282,78779782,461,1039,30.733333333333334,69.26666666666667
4155,78779782,78781282,1500,0,100.0,0.0
4156,78781282,78782782,1500,0,100.0,0.0
4157,78782782,78784282,1500,0,100.0,0.0
4158,78784282,78785782,1500,0,100.0,0.0
4159,78785782,78787282,1500,0,100.0,0.0
4160,78787282,78788782,1500,0,100.0,0.0
4161,78788782,78790282,1500,0,100.0,0.0
4162,78790282,78791782,1500,0,100.0,0.0
4163,78791782,78793282,1500,0,100.0,0.0
4164,78793282,78794782,1500,0,100.0,0.0
4165,78794782,78796282,1500,0,100.0,0.0
4166,78796282,78797782,1500,0,100.0,0.0
4167,78797782,78799282,1500,0,100.0,0.0
4168,78799282,78800782,1500,0,100.0,0.0
4169,78800782,78802282,1500,0,100.0,0.0
4170,78802282,78803782,1500,0,100.0,0.0
4171,78803782,78805282,1500,0,100.0,0.0
4172,78805282,78806782,1500,0,100.0,0.0
4173,78806782,78808282,1500,0,100.0,0.0
4174,78808282,78809782,793,707,52.86666666666666,47.13333333333334
4175,78809782,78811282,172,1328,11.466666666666667,88.53333333333333
4176,78811282,78812782,518,982,34.53333333333333,65.46666666666667
4177,78812782,78814282,1500,0,100.0,0.0
4178,78814282,78815782,1500,0,100.0,0.0
4179,78815782,78817282,1500,0,100.0,0.0
4180,78817282,78818782,1500,0,100.0,0.0
4181,78818782,78820282,1500,0,100.0,0.0
4182,78820282,78821782,1500,0,100.0,0.0
4183,78821782,78823282,1500,0,100.0,0.0
4184,78823282,78824782,1500,0,100.0,0.0
4185,78824782,78826282,1500,0,100.0,0.0
4186,78826282,78827782,1500,0,100.0,0.0
4187,78827782,78829282,1500,0,100.0,0.0
4188,78829282,78830782,1500,0,100.0,0.0
4189,78830782,78832282,1500,0,100.0,0.0
4190,78832282,78833782,1017,483,67.80000000000001,32.19999999999999
4191,78833782,78835282,581,919,38.733333333333334,61.266666666666666
4192,78835282,78836782,1500,0,100.0,0.0
4193,78836782,78838282,1500,0,100.0,0.0
4194,78838282,78839782,1500,0,100.0,0.0
4195,78839782,78841282,1500,0,100.0,0.0
4196,78841282,78842782,1500,0,100.0,0.0
4197,78842782,78844282,1500,0,100.0,0.0
4198,78844282,78845782,1500,0,100.0,0.0
4199,78845782,78847282,1500,0,100.0,0.0
4200,78847282,78848782,1500,0,100.0,0.0
4201,78848782,78850282,1500,0,100.0,0.0
4202,78850282,78851782,1216,284,81.06666666666666,18.933333333333337
4203,78851782,78853282,457,1043,30.466666666666665,69.53333333333333
4204,78853282,78854782,1500,0,100.0,0.0
4205,78854782,78856282,1500,0,100.0,0.0
4206,78856282,78857782,1500,0,100.0,0.0
4207,78857782,78859282,1500,0,100.0,0.0
4208,78859282,78860782,1500,0,100.0,0.0
4209,78860782,78862282,1500,0,100.0,0.0
4210,78862282,78863782,1500,0,100.0,0.0
4211,78863782,78865282,1500,0,100.0,0.0
4212,78865282,78866782,1500,0,100.0,0.0
4213,78866782,78868282,1163,337,77.53333333333333,22.46666666666667
4214,78868282,78869782,447,1053,29.799999999999997,70.2
4215,78869782,78871282,1500,0,100.0,0.0
4216,78871282,78872782,1500,0,100.0,0.0
4217,78872782,78874282,1500,0,100.0,0.0
4218,78874282,78875782,1500,0,100.0,0.0
4219,78875782,78877282,1500,0,100.0,0.0
4220,78877282,78878782,1500,0,100.0,0.0
4221,78878782,78880282,1500,0,100.0,0.0
4222,78880282,78881782,1500,0,100.0,0.0
4223,78881782,78883282,1500,0,100.0,0.0
4224,78883282,78884782,1148,352,76.53333333333333,23.46666666666667
4225,78884782,78886282,495,1005,33.0,67.0
4226,78886282,78887782,1500,0,100.0,0.0
4227,78887782,78889282,1500,0,100.0,0.0
4228,78889282,78890782,1500,0,100.0,0.0
4229,78890782,78892282,1500,0,100.0,0.0
4230,78892282,78893782,1500,0,100.0,0.0
4231,78893782,78895282,1500,0,100.0,0.0
4232,78895282,78896782,1500,0,100.0,0.0
4233,78896782,78898282,1500,0,100.0,0.0
4234,78898282,78899782,1500,0,100.0,0.0
4235,78899782,78901282,1050,450,70.0,30.0
4236,78901282,78902782,481,1019,32.06666666666666,67.93333333333334
4237,78902782,78904282,1500,0,100.0,0.0
4238,78904282,78905782,1500,0,100.0,0.0
4239,78905782,78907282,1500,0,100.0,0.0
4240,78907282,78908782,1500,0,100.0,0.0
4241,78908782,78910282,1500,0,100.0,0.0
4242,78910282,78911782,1500,0,100.0,0.0
4243,78911782,78913282,1500,0,100.0,0.0
4244,78913282,78914782,1500,0,100.0,0.0
4245,78914782,78916282,1500,0,100.0,0.0
4246,78916282,78917782,633,867,42.199999999999996,57.800000000000004
4247,78917782,78919282,766,734,51.06666666666667,48.93333333333333
4248,78919282,78920782,1500,0,100.0,0.0
4249,78920782,78922282,1500,0,100.0,0.0
4250,78922282,78923782,1500,0,100.0,0.0
4251,78923782,78925282,1500,0,100.0,0.0
4252,78925282,78926782,1500,0,100.0,0.0
4253,78926782,78928282,1500,0,100.0,0.0
4254,78928282,78929782,1500,0,100.0,0.0
4255,78929782,78931282,1500,0,100.0,0.0
4256,78931282,78932782,1500,0,100.0,0.0
4257,78932782,78934282,725,775,48.333333333333336,51.666666666666664
4258,78934282,78935782,1007,493,67.13333333333334,32.86666666666666
4259,78935782,78937282,1500,0,100.0,0.0
4260,78937282,78938782,1500,0,100.0,0.0
4261,78938782,78940282,1500,0,100.0,0.0
4262,78940282,78941782,1500,0,100.0,0.0
4263,78941782,78943282,1500,0,100.0,0.0
4264,78943282,78944782,1500,0,100.0,0.0
4265,78944782,78946282,1500,0,100.0,0.0
4266,78946282,78947782,1500,0,100.0,0.0
4267,78947782,78949282,1500,0,100.0,0.0
4268,78949282,78950782,206,1294,13.733333333333334,86.26666666666667
4269,78950782,78952282,1500,0,100.0,0.0
4270,78952282,78953782,1500,0,100.0,0.0
4271,78953782,78955282,1500,0,100.0,0.0
4272,78955282,78956782,1500,0,100.0,0.0
4273,78956782,78958282,1500,0,100.0,0.0
4274,78958282,78959782,1500,0,100.0,0.0
4275,78959782,78961282,1500,0,100.0,0.0
4276,78961282,78962782,1500,0,100.0,0.0
4277,78962782,78964282,1500,0,100.0,0.0
4278,78964282,78965782,259,1241,17.266666666666666,82.73333333333333
4279,78965782,78967282,1500,0,100.0,0.0
4280,78967282,78968782,1500,0,100.0,0.0
4281,78968782,78970282,1500,0,100.0,0.0
4282,78970282,78971782,1500,0,100.0,0.0
4283,78971782,78973282,1500,0,100.0,0.0
4284,78973282,78974782,1500,0,100.0,0.0
4285,78974782,78976282,1500,0,100.0,0.0
4286,78976282,78977782,1500,0,100.0,0.0
4287,78977782,78979282,1500,0,100.0,0.0
4288,78979282,78980782,531,969,35.4,64.6
4289,78980782,78982282,1114,386,74.26666666666667,25.733333333333334
4290,78982282,78983782,1500,0,100.0,0.0
4291,78983782,78985282,1500,0,100.0,0.0
4292,78985282,78986782,1500,0,100.0,0.0
4293,78986782,78988282,1500,0,100.0,0.0
4294,78988282,78989782,1500,0,100.0,0.0
4295,78989782,78991282,1500,0,100.0,0.0
4296,78991282,78992782,1500,0,100.0,0.0
4297,78992782,78994282,1500,0,100.0,0.0
4298,78994282,78995782,1166,334,77.73333333333333,22.266666666666666
4299,78995782,78997282,555,945,37.0,63.0
4300,78997282,78998782,1500,0,100.0,0.0
4301,78998782,79000282,1500,0,100.0,0.0
4302,79000282,79001782,1500,0,100.0,0.0
4303,79001782,79003282,1500,0,100.0,0.0
4304,79003282,79004782,1500,0,100.0,0.0
4305,79004782,79006282,1500,0,100.0,0.0
4306,79006282,79007782,1500,0,100.0,0.0
4307,79007782,79009282,1500,0,100.0,0.0
4308,79009282,79010782,1500,0,100.0,0.0
4309,79010782,79012282,443,1057,29.533333333333335,70.46666666666667
4310,79012282,79013782,1316,184,87.73333333333333,12.266666666666666
4311,79013782,79015282,1500,0,100.0,0.0
4312,79015282,79016782,1500,0,100.0,0.0
4313,79016782,79018282,1500,0,100.0,0.0
4314,79018282,79019782,1500,0,100.0,0.0
4315,79019782,79021282,1500,0,100.0,0.0
4316,79021282,79022782,1500,0,100.0,0.0
4317,79022782,79024282,1500,0,100.0,0.0
4318,79024282,79025782,1500,0,100.0,0.0
4319,79025782,79027282,512,988,34.13333333333333,65.86666666666667
4320,79027282,79028782,1229,271,81.93333333333334,18.066666666666663
4321,79028782,79030282,1500,0,100.0,0.0
4322,79030282,79031782,1500,0,100.0,0.0
4323,79031782,79033282,1500,0,100.0,0.0
4324,79033282,79034782,1500,0,100.0,0.0
4325,79034782,79036282,1500,0,100.0,0.0
4326,79036282,79037782,1500,0,100.0,0.0
4327,79037782,79039282,1500,0,100.0,0.0
4328,79039282,79040782,1500,0,100.0,0.0
4329,79040782,79042282,732,768,48.8,51.2
4330,79042282,79043782,1035,465,69.0,31.0
4331,79043782,79045282,1500,0,100.0,0.0
4332,79045282,79046782,1500,0,100.0,0.0
4333,79046782,79048282,1500,0,100.0,0.0
4334,79048282,79049782,1500,0,100.0,0.0
4335,79049782,79051282,1500,0,100.0,0.0
4336,79051282,79052782,1500,0,100.0,0.0
4337,79052782,79054282,1500,0,100.0,0.0
4338,79054282,79055782,1500,0,100.0,0.0
4339,79055782,79057282,671,829,44.733333333333334,55.266666666666666
4340,79057282,79058782,1047,453,69.8,30.200000000000003
4341,79058782,79060282,1500,0,100.0,0.0
4342,79060282,79061782,1500,0,100.0,0.0
4343,79061782,79063282,1500,0,100.0,0.0
4344,79063282,79064782,1500,0,100.0,0.0
4345,79064782,79066282,1500,0,100.0,0.0
4346,79066282,79067782,1500,0,100.0,0.0
4347,79067782,79069282,1500,0,100.0,0.0
4348,79069282,79070782,1500,0,100.0,0.0
4349,79070782,79072282,641,859,42.733333333333334,57.266666666666666
4350,79072282,79073782,1073,427,71.53333333333333,28.46666666666667
4351,79073782,79075282,1500,0,100.0,0.0
4352,79075282,79076782,1500,0,100.0,0.0
4353,79076782,79078282,1500,0,100.0,0.0
4354,79078282,79079782,1500,0,100.0,0.0
4355,79079782,79081282,1500,0,100.0,0.0
4356,79081282,79082782,1500,0,100.0,0.0
4357,79082782,79084282,1500,0,100.0,0.0
4358,79084282,79085782,1500,0,100.0,0.0
4359,79085782,79087282,575,925,38.333333333333336,61.666666666666664
4360,79087282,79088782,1220,280,81.33333333333333,18.66666666666667
4361,79088782,79090282,1500,0,100.0,0.0
4362,79090282,79091782,1500,0,100.0,0.0
4363,79091782,79093282,1500,0,100.0,0.0
4364,79093282,79094782,1500,0,100.0,0.0
4365,79094782,79096282,1500,0,100.0,0.0
4366,79096282,79097782,1500,0,100.0,0.0
4367,79097782,79099282,1500,0,100.0,0.0
4368,79099282,79100782,1500,0,100.0,0.0
4369,79100782,79102282,444,1056,29.599999999999998,70.4
4370,79102282,79103782,1344,156,89.60000000000001,10.399999999999991
4371,79103782,79105282,1500,0,100.0,0.0
4372,79105282,79106782,1500,0,100.0,0.0
4373,79106782,79108282,1500,0,100.0,0.0
4374,79108282,79109782,1500,0,100.0,0.0
4375,79109782,79111282,1500,0,100.0,0.0
4376,79111282,79112782,1500,0,100.0,0.0
4377,79112782,79114282,1500,0,100.0,0.0
4378,79114282,79115782,1500,0,100.0,0.0
4379,79115782,79117282,586,914,39.06666666666666,60.93333333333334
4380,79117282,79118782,1174,326,78.26666666666667,21.733333333333334
4381,79118782,79120282,1500,0,100.0,0.0
4382,79120282,79121782,1500,0,100.0,0.0
4383,79121782,79123282,1500,0,100.0,0.0
4384,79123282,79124782,1500,0,100.0,0.0
4385,79124782,79126282,1500,0,100.0,0.0
4386,79126282,79127782,1500,0,100.0,0.0
4387,79127782,79129282,1500,0,100.0,0.0
4388,79129282,79130782,1500,0,100.0,0.0
4389,79130782,79132282,497,1003,33.13333333333333,66.86666666666667
4390,79132282,79133782,1298,202,86.53333333333333,13.466666666666669
4391,79133782,79135282,1500,0,100.0,0.0
4392,79135282,79136782,1500,0,100.0,0.0
4393,79136782,79138282,1500,0,100.0,0.0
4394,79138282,79139782,1500,0,100.0,0.0
4395,79139782,79141282,1500,0,100.0,0.0
4396,79141282,79142782,1500,0,100.0,0.0
4397,79142782,79144282,1500,0,100.0,0.0
4398,79144282,79145782,1500,0,100.0,0.0
4399,79145782,79147282,499,1001,33.266666666666666,66.73333333333333
4400,79147282,79148782,1257,243,83.8,16.200000000000003
4401,79148782,79150282,1500,0,100.0,0.0
4402,79150282,79151782,1500,0,100.0,0.0
4403,79151782,79153282,1500,0,100.0,0.0
4404,79153282,79154782,1500,0,100.0,0.0
4405,79154782,79156282,1500,0,100.0,0.0
4406,79156282,79157782,1500,0,100.0,0.0
4407,79157782,79159282,1500,0,100.0,0.0
4408,79159282,79160782,1500,0,100.0,0.0
4409,79160782,79162282,464,1036,30.933333333333334,69.06666666666666
4410,79162282,79163782,1301,199,86.73333333333333,13.266666666666666
4411,79163782,79165282,1500,0,100.0,0.0
4412,79165282,79166782,1500,0,100.0,0.0
4413,79166782,79168282,1500,0,100.0,0.0
4414,79168282,79169782,1500,0,100.0,0.0
4415,79169782,79171282,1500,0,100.0,0.0
4416,79171282,79172782,1500,0,100.0,0.0
4417,79172782,79174282,1500,0,100.0,0.0
4418,79174282,79175782,1500,0,100.0,0.0
4419,79175782,79177282,986,514,65.73333333333333,34.266666666666666
4420,79177282,79178782,656,844,43.733333333333334,56.266666666666666
4421,79178782,79180282,1500,0,100.0,0.0
4422,79180282,79181782,1500,0,100.0,0.0
4423,79181782,79183282,1500,0,100.0,0.0
4424,79183282,79184782,1500,0,100.0,0.0
4425,79184782,79186282,1500,0,100.0,0.0
4426,79186282,79187782,1500,0,100.0,0.0
4427,79187782,79189282,1500,0,100.0,0.0
4428,79189282,79190782,1500,0,100.0,0.0
4429,79190782,79192282,1322,178,88.13333333333333,11.866666666666674
4430,79192282,79193782,430,1070,28.666666666666668,71.33333333333333
4431,79193782,79195282,1500,0,100.0,0.0
4432,79195282,79196782,1500,0,100.0,0.0
4433,79196782,79198282,1500,0,100.0,0.0
4434,79198282,79199782,1500,0,100.0,0.0
4435,79199782,79201282,1500,0,100.0,0.0
4436,79201282,79202782,1500,0,100.0,0.0
4437,79202782,79204282,1500,0,100.0,0.0
4438,79204282,79205782,1500,0,100.0,0.0
4439,79205782,79207282,1442,58,96.13333333333334,3.86666666666666
4440,79207282,79208782,323,1177,21.53333333333333,78.46666666666667
4441,79208782,79210282,1500,0,100.0,0.0
4442,79210282,79211782,1500,0,100.0,0.0
4443,79211782,79213282,1500,0,100.0,0.0
4444,79213282,79214782,1500,0,100.0,0.0
4445,79214782,79216282,1500,0,100.0,0.0
4446,79216282,79217782,1500,0,100.0,0.0
4447,79217782,79219282,1500,0,100.0,0.0
4448,79219282,79220782,1500,0,100.0,0.0
4449,79220782,79222282,1500,0,100.0,0.0
4450,79222282,79223782,150,1350,10.0,90.0
4451,79223782,79225282,1500,0,100.0,0.0
4452,79225282,79226782,1500,0,100.0,0.0
4453,79226782,79228282,1500,0,100.0,0.0
4454,79228282,79229782,1500,0,100.0,0.0
4455,79229782,79231282,1500,0,100.0,0.0
4456,79231282,79232782,1500,0,100.0,0.0
4457,79232782,79234282,1500,0,100.0,0.0
4458,79234282,79235782,1500,0,100.0,0.0
4459,79235782,79237282,1500,0,100.0,0.0
4460,79237282,79238782,701,799,46.733333333333334,53.266666666666666
4461,79238782,79240282,955,545,63.66666666666667,36.33333333333333
4462,79240282,79241782,1500,0,100.0,0.0
4463,79241782,79243282,1500,0,100.0,0.0
4464,79243282,79244782,1500,0,100.0,0.0
4465,79244782,79246282,1500,0,100.0,0.0
4466,79246282,79247782,1500,0,100.0,0.0
4467,79247782,79249282,1500,0,100.0,0.0
4468,79249282,79250782,1500,0,100.0,0.0
4469,79250782,79252282,1500,0,100.0,0.0
4470,79252282,79253782,970,530,64.66666666666666,35.33333333333334
4471,79253782,79255282,831,669,55.400000000000006,44.599999999999994
4472,79255282,79256782,1500,0,100.0,0.0
4473,79256782,79258282,1500,0,100.0,0.0
4474,79258282,79259782,1500,0,100.0,0.0
4475,79259782,79261282,1500,0,100.0,0.0
4476,79261282,79262782,1500,0,100.0,0.0
4477,79262782,79264282,1500,0,100.0,0.0
4478,79264282,79265782,1500,0,100.0,0.0
4479,79265782,79267282,1500,0,100.0,0.0
4480,79267282,79268782,1500,0,100.0,0.0
4481,79268782,79270282,807,693,53.800000000000004,46.199999999999996
4482,79270282,79271782,958,542,63.866666666666674,36.133333333333326
4483,79271782,79273282,1500,0,100.0,0.0
4484,79273282,79274782,1500,0,100.0,0.0
4485,79274782,79276282,1500,0,100.0,0.0
4486,79276282,79277782,1500,0,100.0,0.0
4487,79277782,79279282,1500,0,100.0,0.0
4488,79279282,79280782,1500,0,100.0,0.0
4489,79280782,79282282,1500,0,100.0,0.0
4490,79282282,79283782,1500,0,100.0,0.0
4491,79283782,79285282,1500,0,100.0,0.0
4492,79285282,79286782,465,1035,31.0,69.0
4493,79286782,79288282,1186,314,79.06666666666666,20.933333333333337
4494,79288282,79289782,1500,0,100.0,0.0
4495,79289782,79291282,1500,0,100.0,0.0
4496,79291282,79292782,1500,0,100.0,0.0
4497,79292782,79294282,1500,0,100.0,0.0
4498,79294282,79295782,1500,0,100.0,0.0
4499,79295782,79297282,1500,0,100.0,0.0
4500,79297282,79298782,1500,0,100.0,0.0
4501,79298782,79300282,1500,0,100.0,0.0
4502,79300282,79301782,582,918,38.800000000000004,61.199999999999996
4503,79301782,79303282,1072,428,71.46666666666667,28.53333333333333
4504,79303282,79304782,1500,0,100.0,0.0
4505,79304782,79306282,1500,0,100.0,0.0
4506,79306282,79307782,1500,0,100.0,0.0
4507,79307782,79309282,1500,0,100.0,0.0
4508,79309282,79310782,1500,0,100.0,0.0
4509,79310782,79312282,1500,0,100.0,0.0
4510,79312282,79313782,1500,0,100.0,0.0
4511,79313782,79315282,1500,0,100.0,0.0
4512,79315282,79316782,572,928,38.13333333333333,61.86666666666667
4513,79316782,79318282,1119,381,74.6,25.400000000000006
4514,79318282,79319782,1500,0,100.0,0.0
4515,79319782,79321282,1500,0,100.0,0.0
4516,79321282,79322782,1500,0,100.0,0.0
4517,79322782,79324282,1500,0,100.0,0.0
4518,79324282,79325782,1500,0,100.0,0.0
4519,79325782,79327282,1500,0,100.0,0.0
4520,79327282,79328782,1500,0,100.0,0.0
4521,79328782,79330282,1500,0,100.0,0.0
4522,79330282,79331782,853,647,56.86666666666667,43.13333333333333
4523,79331782,79333282,889,611,59.266666666666666,40.733333333333334
4524,79333282,79334782,1500,0,100.0,0.0
4525,79334782,79336282,1500,0,100.0,0.0
4526,79336282,79337782,1500,0,100.0,0.0
4527,79337782,79339282,1500,0,100.0,0.0
4528,79339282,79340782,1500,0,100.0,0.0
4529,79340782,79342282,1500,0,100.0,0.0
4530,79342282,79343782,1500,0,100.0,0.0
4531,79343782,79345282,1500,0,100.0,0.0
4532,79345282,79346782,1500,0,100.0,0.0
4533,79346782,79348282,421,1079,28.066666666666666,71.93333333333334
4534,79348282,79349782,1339,161,89.26666666666667,10.733333333333334
4535,79349782,79351282,1500,0,100.0,0.0
4536,79351282,79352782,1500,0,100.0,0.0
4537,79352782,79354282,1500,0,100.0,0.0
4538,79354282,79355782,1500,0,100.0,0.0
4539,79355782,79357282,1500,0,100.0,0.0
4540,79357282,79358782,1500,0,100.0,0.0
4541,79358782,79360282,1500,0,100.0,0.0
4542,79360282,79361782,1500,0,100.0,0.0
4543,79361782,79363282,548,952,36.53333333333333,63.46666666666667
4544,79363282,79364782,1219,281,81.26666666666667,18.733333333333334
4545,79364782,79366282,1500,0,100.0,0.0
4546,79366282,79367782,1500,0,100.0,0.0
4547,79367782,79369282,1500,0,100.0,0.0
4548,79369282,79370782,1500,0,100.0,0.0
4549,79370782,79372282,1500,0,100.0,0.0
4550,79372282,79373782,1500,0,100.0,0.0
4551,79373782,79375282,1500,0,100.0,0.0
4552,79375282,79376782,1500,0,100.0,0.0
4553,79376782,79378282,846,654,56.39999999999999,43.60000000000001
4554,79378282,79379782,916,584,61.06666666666667,38.93333333333333
4555,79379782,79381282,1500,0,100.0,0.0
4556,79381282,79382782,1500,0,100.0,0.0
4557,79382782,79384282,1500,0,100.0,0.0
4558,79384282,79385782,1500,0,100.0,0.0
4559,79385782,79387282,1500,0,100.0,0.0
4560,79387282,79388782,1500,0,100.0,0.0
4561,79388782,79390282,1500,0,100.0,0.0
4562,79390282,79391782,1500,0,100.0,0.0
4563,79391782,79393282,1150,350,76.66666666666667,23.33333333333333
4564,79393282,79394782,518,982,34.53333333333333,65.46666666666667
4565,79394782,79396282,1500,0,100.0,0.0
4566,79396282,79397782,1500,0,100.0,0.0
4567,79397782,79399282,1500,0,100.0,0.0
4568,79399282,79400782,1500,0,100.0,0.0
4569,79400782,79402282,1500,0,100.0,0.0
4570,79402282,79403782,1500,0,100.0,0.0
4571,79403782,79405282,1500,0,100.0,0.0
4572,79405282,79406782,1500,0,100.0,0.0
4573,79406782,79408282,1109,391,73.93333333333332,26.066666666666677
4574,79408282,79409782,603,897,40.2,59.8
4575,79409782,79411282,1500,0,100.0,0.0
4576,79411282,79412782,1500,0,100.0,0.0
4577,79412782,79414282,1500,0,100.0,0.0
4578,79414282,79415782,1500,0,100.0,0.0
4579,79415782,79417282,1500,0,100.0,0.0
4580,79417282,79418782,1500,0,100.0,0.0
4581,79418782,79420282,1500,0,100.0,0.0
4582,79420282,79421782,1500,0,100.0,0.0
4583,79421782,79423282,971,529,64.73333333333333,35.266666666666666
4584,79423282,79424782,704,796,46.93333333333333,53.06666666666667
4585,79424782,79426282,1500,0,100.0,0.0
4586,79426282,79427782,1500,0,100.0,0.0
4587,79427782,79429282,1500,0,100.0,0.0
4588,79429282,79430782,1500,0,100.0,0.0
4589,79430782,79432282,1500,0,100.0,0.0
4590,79432282,79433782,1500,0,100.0,0.0
4591,79433782,79435282,1500,0,100.0,0.0
4592,79435282,79436782,1500,0,100.0,0.0
4593,79436782,79438282,1500,0,100.0,0.0
4594,79438282,79439782,270,1230,18.0,82.0
4595,79439782,79441282,1430,70,95.33333333333334,4.666666666666657
4596,79441282,79442782,1500,0,100.0,0.0
4597,79442782,79444282,1500,0,100.0,0.0
4598,79444282,79445782,1500,0,100.0,0.0
4599,79445782,79447282,1500,0,100.0,0.0
4600,79447282,79448782,1500,0,100.0,0.0
4601,79448782,79450282,1500,0,100.0,0.0
4602,79450282,79451782,1500,0,100.0,0.0
4603,79451782,79453282,1500,0,100.0,0.0
4604,79453282,79454782,444,1056,29.599999999999998,70.4
4605,79454782,79456282,1217,283,81.13333333333334,18.86666666666666
4606,79456282,79457782,1500,0,100.0,0.0
4607,79457782,79459282,1500,0,100.0,0.0
4608,79459282,79460782,1500,0,100.0,0.0
4609,79460782,79462282,1500,0,100.0,0.0
4610,79462282,79463782,1500,0,100.0,0.0
4611,79463782,79465282,1500,0,100.0,0.0
4612,79465282,79466782,1500,0,100.0,0.0
4613,79466782,79468282,1500,0,100.0,0.0
4614,79468282,79469782,550,950,36.666666666666664,63.333333333333336
4615,79469782,79471282,1115,385,74.33333333333333,25.66666666666667
4616,79471282,79472782,1500,0,100.0,0.0
4617,79472782,79474282,1500,0,100.0,0.0
4618,79474282,79475782,1500,0,100.0,0.0
4619,79475782,79477282,1500,0,100.0,0.0
4620,79477282,79478782,1500,0,100.0,0.0
4621,79478782,79480282,1500,0,100.0,0.0
4622,79480282,79481782,1500,0,100.0,0.0
4623,79481782,79483282,1500,0,100.0,0.0
4624,79483282,79484782,678,822,45.2,54.8
4625,79484782,79486282,1000,500,66.66666666666666,33.33333333333334
4626,79486282,79487782,1500,0,100.0,0.0
4627,79487782,79489282,1500,0,100.0,0.0
4628,79489282,79490782,1500,0,100.0,0.0
4629,79490782,79492282,1500,0,100.0,0.0
4630,79492282,79493782,1500,0,100.0,0.0
4631,79493782,79495282,1500,0,100.0,0.0
4632,79495282,79496782,1500,0,100.0,0.0
4633,79496782,79498282,1500,0,100.0,0.0
4634,79498282,79499782,1500,0,100.0,0.0
4635,79499782,79501282,1500,0,100.0,0.0
4636,79501282,79502782,1500,0,100.0,0.0
4637,79502782,79504282,1500,0,100.0,0.0
4638,79504282,79505782,1500,0,100.0,0.0
4639,79505782,79507282,1500,0,100.0,0.0
4640,79507282,79508782,1500,0,100.0,0.0
4641,79508782,79510282,1500,0,100.0,0.0
4642,79510282,79511782,1500,0,100.0,0.0
4643,79511782,79513282,1500,0,100.0,0.0
4644,79513282,79514782,1500,0,100.0,0.0
4645,79514782,79516282,1500,0,100.0,0.0
4646,79516282,79517782,1500,0,100.0,0.0
4647,79517782,79519282,1500,0,100.0,0.0
4648,79519282,79520782,1500,0,100.0,0.0
4649,79520782,79522282,1500,0,100.0,0.0
4650,79522282,79523782,1500,0,100.0,0.0
4651,79523782,79525282,1500,0,100.0,0.0
4652,79525282,79526782,1500,0,100.0,0.0
4653,79526782,79528282,1500,0,100.0,0.0
4654,79528282,79529782,1500,0,100.0,0.0
4655,79529782,79531282,1500,0,100.0,0.0
4656,79531282,79532782,1500,0,100.0,0.0
4657,79532782,79534282,1500,0,100.0,0.0
4658,79534282,79535782,1500,0,100.0,0.0
4659,79535782,79537282,1500,0,100.0,0.0
4660,79537282,79538782,1500,0,100.0,0.0
4661,79538782,79540282,1500,0,100.0,0.0
4662,79540282,79541782,1500,0,100.0,0.0
4663,79541782,79543282,1500,0,100.0,0.0
4664,79543282,79544782,1500,0,100.0,0.0
4665,79544782,79546282,1500,0,100.0,0.0
4666,79546282,79547782,1500,0,100.0,0.0
4667,79547782,79549282,1500,0,100.0,0.0
4668,79549282,79550782,427,1073,28.46666666666667,71.53333333333333
4669,79550782,79552282,1236,264,82.39999999999999,17.60000000000001
4670,79552282,79553782,1500,0,100.0,0.0
4671,79553782,79555282,1500,0,100.0,0.0
4672,79555282,79556782,1500,0,100.0,0.0
4673,79556782,79558282,1500,0,100.0,0.0
4674,79558282,79559782,1500,0,100.0,0.0
4675,79559782,79561282,1500,0,100.0,0.0
4676,79561282,79562782,1500,0,100.0,0.0
4677,79562782,79564282,1500,0,100.0,0.0
4678,79564282,79565782,549,951,36.6,63.4
4679,79565782,79567282,1119,381,74.6,25.400000000000006
4680,79567282,79568782,1500,0,100.0,0.0
4681,79568782,79570282,1500,0,100.0,0.0
4682,79570282,79571782,1500,0,100.0,0.0
4683,79571782,79573282,1500,0,100.0,0.0
4684,79573282,79574782,1500,0,100.0,0.0
4685,79574782,79576282,1500,0,100.0,0.0
4686,79576282,79577782,1500,0,100.0,0.0
4687,79577782,79579282,1500,0,100.0,0.0
4688,79579282,79580782,713,787,47.53333333333333,52.46666666666667
4689,79580782,79582282,961,539,64.06666666666668,35.93333333333332
4690,79582282,79583782,1500,0,100.0,0.0
4691,79583782,79585282,1500,0,100.0,0.0
4692,79585282,79586782,1500,0,100.0,0.0
4693,79586782,79588282,1500,0,100.0,0.0
4694,79588282,79589782,1500,0,100.0,0.0
4695,79589782,79591282,1500,0,100.0,0.0
4696,79591282,79592782,1500,0,100.0,0.0
4697,79592782,79594282,1500,0,100.0,0.0
4698,79594282,79595782,957,543,63.800000000000004,36.199999999999996
4699,79595782,79597282,789,711,52.6,47.4
4700,79597282,79598782,1500,0,100.0,0.0
4701,79598782,79600282,1500,0,100.0,0.0
4702,79600282,79601782,1500,0,100.0,0.0
4703,79601782,79603282,1500,0,100.0,0.0
4704,79603282,79604782,1500,0,100.0,0.0
4705,79604782,79606282,1500,0,100.0,0.0
4706,79606282,79607782,1500,0,100.0,0.0
4707,79607782,79609282,1500,0,100.0,0.0
4708,79609282,79610782,1031,469,68.73333333333333,31.266666666666666
4709,79610782,79612282,700,800,46.666666666666664,53.333333333333336
4710,79612282,79613782,1500,0,100.0,0.0
4711,79613782,79615282,1500,0,100.0,0.0
4712,79615282,79616782,1500,0,100.0,0.0
4713,79616782,79618282,1500,0,100.0,0.0
4714,79618282,79619782,1500,0,100.0,0.0
4715,79619782,79621282,1500,0,100.0,0.0
4716,79621282,79622782,1500,0,100.0,0.0
4717,79622782,79624282,1500,0,100.0,0.0
4718,79624282,79625782,1097,403,73.13333333333333,26.866666666666674
4719,79625782,79627282,654,846,43.6,56.4
4720,79627282,79628782,1500,0,100.0,0.0
4721,79628782,79630282,1500,0,100.0,0.0
4722,79630282,79631782,1500,0,100.0,0.0
4723,79631782,79633282,1500,0,100.0,0.0
4724,79633282,79634782,1500,0,100.0,0.0
4725,79634782,79636282,1500,0,100.0,0.0
4726,79636282,79637782,1500,0,100.0,0.0
4727,79637782,79639282,1500,0,100.0,0.0
4728,79639282,79640782,948,552,63.2,36.8
4729,79640782,79642282,843,657,56.2,43.8
4730,79642282,79643782,1500,0,100.0,0.0
4731,79643782,79645282,1500,0,100.0,0.0
4732,79645282,79646782,1500,0,100.0,0.0
4733,79646782,79648282,1500,0,100.0,0.0
4734,79648282,79649782,1500,0,100.0,0.0
4735,79649782,79651282,1500,0,100.0,0.0
4736,79651282,79652782,1500,0,100.0,0.0
4737,79652782,79654282,1500,0,100.0,0.0
4738,79654282,79655782,831,669,55.400000000000006,44.599999999999994
4739,79655782,79657282,953,547,63.53333333333333,36.46666666666667
4740,79657282,79658782,1500,0,100.0,0.0
4741,79658782,79660282,1500,0,100.0,0.0
4742,79660282,79661782,1500,0,100.0,0.0
4743,79661782,79663282,1500,0,100.0,0.0
4744,79663282,79664782,1500,0,100.0,0.0
4745,79664782,79666282,1500,0,100.0,0.0
4746,79666282,79667782,1500,0,100.0,0.0
4747,79667782,79669282,1500,0,100.0,0.0
4748,79669282,79670782,566,934,37.733333333333334,62.266666666666666
4749,79670782,79672282,1122,378,74.8,25.200000000000003
4750,79672282,79673782,1500,0,100.0,0.0
4751,79673782,79675282,1500,0,100.0,0.0
4752,79675282,79676782,1500,0,100.0,0.0
4753,79676782,79678282,1500,0,100.0,0.0
4754,79678282,79679782,1500,0,100.0,0.0
4755,79679782,79681282,1500,0,100.0,0.0
4756,79681282,79682782,1500,0,100.0,0.0
4757,79682782,79684282,1500,0,100.0,0.0
4758,79684282,79685782,1341,159,89.4,10.599999999999994
4759,79685782,79687282,132,1368,8.799999999999999,91.2
4760,79687282,79688782,1500,0,100.0,0.0
4761,79688782,79690282,1500,0,100.0,0.0
4762,79690282,79691782,1500,0,100.0,0.0
4763,79691782,79693282,1500,0,100.0,0.0
4764,79693282,79694782,1500,0,100.0,0.0
4765,79694782,79696282,1500,0,100.0,0.0
4766,79696282,79697782,1500,0,100.0,0.0
4767,79697782,79699282,1500,0,100.0,0.0
4768,79699282,79700782,1181,319,78.73333333333333,21.266666666666666
4769,79700782,79702282,628,872,41.86666666666667,58.13333333333333
4770,79702282,79703782,1500,0,100.0,0.0
4771,79703782,79705282,1500,0,100.0,0.0
4772,79705282,79706782,1500,0,100.0,0.0
4773,79706782,79708282,1500,0,100.0,0.0
4774,79708282,79709782,1500,0,100.0,0.0
4775,79709782,79711282,1500,0,100.0,0.0
4776,79711282,79712782,1500,0,100.0,0.0
4777,79712782,79714282,1500,0,100.0,0.0
4778,79714282,79715782,835,665,55.666666666666664,44.333333333333336
4779,79715782,79717282,960,540,64.0,36.0
4780,79717282,79718782,1500,0,100.0,0.0
4781,79718782,79720282,1500,0,100.0,0.0
4782,79720282,79721782,1500,0,100.0,0.0
4783,79721782,79723282,1500,0,100.0,0.0
4784,79723282,79724782,1500,0,100.0,0.0
4785,79724782,79726282,1500,0,100.0,0.0
4786,79726282,79727782,1500,0,100.0,0.0
4787,79727782,79729282,1500,0,100.0,0.0
4788,79729282,79730782,831,669,55.400000000000006,44.599999999999994
4789,79730782,79732282,942,558,62.8,37.2
4790,79732282,79733782,1500,0,100.0,0.0
4791,79733782,79735282,1500,0,100.0,0.0
4792,79735282,79736782,1500,0,100.0,0.0
4793,79736782,79738282,1500,0,100.0,0.0
4794,79738282,79739782,1500,0,100.0,0.0
4795,79739782,79741282,1500,0,100.0,0.0
4796,79741282,79742782,1500,0,100.0,0.0
4797,79742782,79744282,1500,0,100.0,0.0
4798,79744282,79745782,854,646,56.93333333333334,43.06666666666666
4799,79745782,79747282,875,625,58.333333333333336,41.666666666666664
4800,79747282,79748782,1500,0,100.0,0.0
4801,79748782,79750282,1500,0,100.0,0.0
4802,79750282,79751782,1500,0,100.0,0.0
4803,79751782,79753282,1500,0,100.0,0.0
4804,79753282,79754782,1500,0,100.0,0.0
4805,79754782,79756282,1500,0,100.0,0.0
4806,79756282,79757782,1500,0,100.0,0.0
4807,79757782,79759282,1500,0,100.0,0.0
4808,79759282,79760782,890,610,59.333333333333336,40.666666666666664
4809,79760782,79762282,864,636,57.599999999999994,42.400000000000006
4810,79762282,79763782,1500,0,100.0,0.0
4811,79763782,79765282,1500,0,100.0,0.0
4812,79765282,79766782,1500,0,100.0,0.0
4813,79766782,79768282,1500,0,100.0,0.0
4814,79768282,79769782,1500,0,100.0,0.0
4815,79769782,79771282,1500,0,100.0,0.0
4816,79771282,79772782,1500,0,100.0,0.0
4817,79772782,79774282,1500,0,100.0,0.0
4818,79774282,79775782,1267,233,84.46666666666667,15.533333333333331
4819,79775782,79777282,456,1044,30.4,69.6
4820,79777282,79778782,1500,0,100.0,0.0
4821,79778782,79780282,1500,0,100.0,0.0
4822,79780282,79781782,1500,0,100.0,0.0
4823,79781782,79783282,1500,0,100.0,0.0
4824,79783282,79784782,1500,0,100.0,0.0
4825,79784782,79786282,1500,0,100.0,0.0
4826,79786282,79787782,1500,0,100.0,0.0
4827,79787782,79789282,1500,0,100.0,0.0
4828,79789282,79790782,1500,0,100.0,0.0
4829,79790782,79792282,667,833,44.46666666666667,55.53333333333333
4830,79792282,79793782,1025,475,68.33333333333333,31.66666666666667
4831,79793782,79795282,1500,0,100.0,0.0
4832,79795282,79796782,1500,0,100.0,0.0
4833,79796782,79798282,1500,0,100.0,0.0
4834,79798282,79799782,1500,0,100.0,0.0
4835,79799782,79801282,1500,0,100.0,0.0
4836,79801282,79802782,1500,0,100.0,0.0
4837,79802782,79804282,1500,0,100.0,0.0
4838,79804282,79805782,1500,0,100.0,0.0
4839,79805782,79807282,1354,146,90.26666666666667,9.733333333333334
4840,79807282,79808782,365,1135,24.333333333333336,75.66666666666666
4841,79808782,79810282,1500,0,100.0,0.0
4842,79810282,79811782,1500,0,100.0,0.0
4843,79811782,79813282,1500,0,100.0,0.0
4844,79813282,79814782,1500,0,100.0,0.0
4845,79814782,79816282,1500,0,100.0,0.0
4846,79816282,79817782,1500,0,100.0,0.0
4847,79817782,79819282,1500,0,100.0,0.0
4848,79819282,79820782,1500,0,100.0,0.0
4849,79820782,79822282,1500,0,100.0,0.0
4850,79822282,79823782,328,1172,21.866666666666667,78.13333333333333
4851,79823782,79825282,1392,108,92.80000000000001,7.199999999999989
4852,79825282,79826782,1500,0,100.0,0.0
4853,79826782,79828282,1500,0,100.0,0.0
4854,79828282,79829782,1500,0,100.0,0.0
4855,79829782,79831282,1500,0,100.0,0.0
4856,79831282,79832782,1500,0,100.0,0.0
4857,79832782,79834282,1500,0,100.0,0.0
4858,79834282,79835782,1500,0,100.0,0.0
4859,79835782,79837282,1500,0,100.0,0.0
4860,79837282,79838782,406,1094,27.066666666666666,72.93333333333334
4861,79838782,79840282,1367,133,91.13333333333333,8.866666666666674
4862,79840282,79841782,1500,0,100.0,0.0
4863,79841782,79843282,1500,0,100.0,0.0
4864,79843282,79844782,1500,0,100.0,0.0
4865,79844782,79846282,1500,0,100.0,0.0
4866,79846282,79847782,1500,0,100.0,0.0
4867,79847782,79849282,1500,0,100.0,0.0
4868,79849282,79850782,1500,0,100.0,0.0
4869,79850782,79852282,1500,0,100.0,0.0
4870,79852282,79853782,1500,0,100.0,0.0
4871,79853782,79855282,668,832,44.53333333333334,55.46666666666666
4872,79855282,79856782,1042,458,69.46666666666667,30.53333333333333
4873,79856782,79858282,1500,0,100.0,0.0
4874,79858282,79859782,1500,0,100.0,0.0
4875,79859782,79861282,1500,0,100.0,0.0
4876,79861282,79862782,1500,0,100.0,0.0
4877,79862782,79864282,1500,0,100.0,0.0
4878,79864282,79865782,1500,0,100.0,0.0
4879,79865782,79867282,1500,0,100.0,0.0
4880,79867282,79868782,1500,0,100.0,0.0
4881,79868782,79870282,649,851,43.266666666666666,56.733333333333334
4882,79870282,79871782,979,521,65.26666666666667,34.733333333333334
4883,79871782,79873282,1500,0,100.0,0.0
4884,79873282,79874782,1500,0,100.0,0.0
4885,79874782,79876282,1500,0,100.0,0.0
4886,79876282,79877782,1500,0,100.0,0.0
4887,79877782,79879282,1500,0,100.0,0.0
4888,79879282,79880782,1500,0,100.0,0.0
4889,79880782,79882282,1500,0,100.0,0.0
4890,79882282,79883782,1500,0,100.0,0.0
4891,79883782,79885282,911,589,60.73333333333333,39.26666666666667
4892,79885282,79886782,715,785,47.66666666666667,52.33333333333333
4893,79886782,79888282,1500,0,100.0,0.0
4894,79888282,79889782,1500,0,100.0,0.0
4895,79889782,79891282,1500,0,100.0,0.0
4896,79891282,79892782,1500,0,100.0,0.0
4897,79892782,79894282,1500,0,100.0,0.0
4898,79894282,79895782,1500,0,100.0,0.0
4899,79895782,79897282,1500,0,100.0,0.0
4900,79897282,79898782,1500,0,100.0,0.0
4901,79898782,79900282,1075,425,71.66666666666667,28.33333333333333
4902,79900282,79901782,520,980,34.66666666666667,65.33333333333333
4903,79901782,79903282,1500,0,100.0,0.0
4904,79903282,79904782,1500,0,100.0,0.0
4905,79904782,79906282,1500,0,100.0,0.0
4906,79906282,79907782,1500,0,100.0,0.0
4907,79907782,79909282,1500,0,100.0,0.0
4908,79909282,79910782,1500,0,100.0,0.0
4909,79910782,79912282,1500,0,100.0,0.0
4910,79912282,79913782,1500,0,100.0,0.0
4911,79913782,79915282,1134,366,75.6,24.400000000000006
4912,79915282,79916782,560,940,37.333333333333336,62.666666666666664
4913,79916782,79918282,1500,0,100.0,0.0
4914,79918282,79919782,1500,0,100.0,0.0
4915,79919782,79921282,1500,0,100.0,0.0
4916,79921282,79922782,1500,0,100.0,0.0
4917,79922782,79924282,1500,0,100.0,0.0
4918,79924282,79925782,1500,0,100.0,0.0
4919,79925782,79927282,1500,0,100.0,0.0
4920,79927282,79928782,1500,0,100.0,0.0
4921,79928782,79930282,1167,333,77.8,22.200000000000003
4922,79930282,79931782,504,996,33.6,66.4
4923,79931782,79933282,1500,0,100.0,0.0
4924,79933282,79934782,1500,0,100.0,0.0
4925,79934782,79936282,1500,0,100.0,0.0
4926,79936282,79937782,1500,0,100.0,0.0
4927,79937782,79939282,1500,0,100.0,0.0
4928,79939282,79940782,1500,0,100.0,0.0
4929,79940782,79942282,1500,0,100.0,0.0
4930,79942282,79943782,1500,0,100.0,0.0
4931,79943782,79945282,1500,0,100.0,0.0
4932,79945282,79946782,1500,0,100.0,0.0
4933,79946782,79948282,673,827,44.86666666666667,55.13333333333333
4934,79948282,79949782,1041,459,69.39999999999999,30.60000000000001
4935,79949782,79951282,1500,0,100.0,0.0
4936,79951282,79952782,1500,0,100.0,0.0
4937,79952782,79954282,1500,0,100.0,0.0
4938,79954282,79955782,1500,0,100.0,0.0
4939,79955782,79957282,1500,0,100.0,0.0
4940,79957282,79958782,1500,0,100.0,0.0
4941,79958782,79960282,1500,0,100.0,0.0
4942,79960282,79961782,1500,0,100.0,0.0
4943,79961782,79963282,575,925,38.333333333333336,61.666666666666664
4944,79963282,79964782,1173,327,78.2,21.799999999999997
4945,79964782,79966282,1500,0,100.0,0.0
4946,79966282,79967782,1500,0,100.0,0.0
4947,79967782,79969282,1500,0,100.0,0.0
4948,79969282,79970782,1500,0,100.0,0.0
4949,79970782,79972282,1500,0,100.0,0.0
4950,79972282,79973782,1500,0,100.0,0.0
4951,79973782,79975282,1500,0,100.0,0.0
4952,79975282,79976782,1500,0,100.0,0.0
4953,79976782,79978282,448,1052,29.86666666666667,70.13333333333333
4954,79978282,79979782,1276,224,85.06666666666666,14.933333333333337
4955,79979782,79981282,1500,0,100.0,0.0
4956,79981282,79982782,1500,0,100.0,0.0
4957,79982782,79984282,1500,0,100.0,0.0
4958,79984282,79985782,1500,0,100.0,0.0
4959,79985782,79987282,1500,0,100.0,0.0
4960,79987282,79988782,1500,0,100.0,0.0
4961,79988782,79990282,1500,0,100.0,0.0
4962,79990282,79991782,1500,0,100.0,0.0
4963,79991782,79993282,425,1075,28.333333333333332,71.66666666666667
4964,79993282,79994782,1364,136,90.93333333333334,9.066666666666663
4965,79994782,79996282,1500,0,100.0,0.0
4966,79996282,79997782,1500,0,100.0,0.0
4967,79997782,79999282,1500,0,100.0,0.0
4968,79999282,80000782,1500,0,100.0,0.0
4969,80000782,80002282,1500,0,100.0,0.0
4970,80002282,80003782,1500,0,100.0,0.0
4971,80003782,80005282,1500,0,100.0,0.0
4972,80005282,80006782,1500,0,100.0,0.0
4973,80006782,80008282,556,944,37.06666666666666,62.93333333333334
4974,80008282,80009782,1073,427,71.53333333333333,28.46666666666667
4975,80009782,80011282,1500,0,100.0,0.0
4976,80011282,80012782,1500,0,100.0,0.0
4977,80012782,80014282,1500,0,100.0,0.0
4978,80014282,80015782,1500,0,100.0,0.0
4979,80015782,80017282,1500,0,100.0,0.0
4980,80017282,80018782,1500,0,100.0,0.0
4981,80018782,80020282,1500,0,100.0,0.0
4982,80020282,80021782,1500,0,100.0,0.0
4983,80021782,80023282,856,644,57.06666666666666,42.93333333333334
4984,80023282,80024782,924,576,61.6,38.4
4985,80024782,80026282,1500,0,100.0,0.0
4986,80026282,80027782,1500,0,100.0,0.0
4987,80027782,80029282,1500,0,100.0,0.0
4988,80029282,80030782,1500,0,100.0,0.0
4989,80030782,80032282,1500,0,100.0,0.0
4990,80032282,80033782,1500,0,100.0,0.0
4991,80033782,80035282,1500,0,100.0,0.0
4992,80035282,80036782,1500,0,100.0,0.0
4993,80036782,80038282,721,779,48.06666666666667,51.93333333333333
4994,80038282,80039782,1043,457,69.53333333333333,30.46666666666667
4995,80039782,80041282,1500,0,100.0,0.0
4996,80041282,80042782,1500,0,100.0,0.0
4997,80042782,80044282,1500,0,100.0,0.0
4998,80044282,80045782,1500,0,100.0,0.0
4999,80045782,80047282,1500,0,100.0,0.0
5000,80047282,80048782,1500,0,100.0,0.0
5001,80048782,80050282,1500,0,100.0,0.0
5002,80050282,80051782,1500,0,100.0,0.0
5003,80051782,80053282,630,870,42.0,58.0
5004,80053282,80054782,1127,373,75.13333333333333,24.866666666666674
5005,80054782,80056282,1500,0,100.0,0.0
5006,80056282,80057782,1500,0,100.0,0.0
5007,80057782,80059282,1500,0,100.0,0.0
5008,80059282,80060782,1500,0,100.0,0.0
5009,80060782,80062282,1500,0,100.0,0.0
5010,80062282,80063782,1500,0,100.0,0.0
5011,80063782,80065282,1500,0,100.0,0.0
5012,80065282,80066782,1500,0,100.0,0.0
5013,80066782,80068282,534,966,35.6,64.4
5014,80068282,80069782,1254,246,83.6,16.400000000000006
5015,80069782,80071282,1500,0,100.0,0.0
5016,80071282,80072782,1500,0,100.0,0.0
5017,80072782,80074282,1500,0,100.0,0.0
5018,80074282,80075782,1500,0,100.0,0.0
5019,80075782,80077282,1500,0,100.0,0.0
5020,80077282,80078782,1500,0,100.0,0.0
5021,80078782,80080282,1500,0,100.0,0.0
5022,80080282,80081782,1500,0,100.0,0.0
5023,80081782,80083282,574,926,38.266666666666666,61.733333333333334
5024,80083282,80084782,1160,340,77.33333333333333,22.66666666666667
5025,80084782,80086282,1500,0,100.0,0.0
5026,80086282,80087782,1500,0,100.0,0.0
5027,80087782,80089282,1500,0,100.0,0.0
5028,80089282,80090782,1500,0,100.0,0.0
5029,80090782,80092282,1500,0,100.0,0.0
5030,80092282,80093782,1500,0,100.0,0.0
5031,80093782,80095282,1500,0,100.0,0.0
5032,80095282,80096782,1500,0,100.0,0.0
5033,80096782,80098282,964,536,64.26666666666667,35.733333333333334
5034,80098282,80099782,549,951,36.6,63.4
5035,80099782,80101282,1500,0,100.0,0.0
5036,80101282,80102782,1500,0,100.0,0.0
5037,80102782,80104282,1500,0,100.0,0.0
5038,80104282,80105782,1500,0,100.0,0.0
5039,80105782,80107282,1500,0,100.0,0.0
5040,80107282,80108782,1500,0,100.0,0.0
5041,80108782,80110282,1500,0,100.0,0.0
5042,80110282,80111782,1500,0,100.0,0.0
5043,80111782,80113282,1387,113,92.46666666666667,7.533333333333331
5044,80113282,80114782,367,1133,24.46666666666667,75.53333333333333
5045,80114782,80116282,1500,0,100.0,0.0
5046,80116282,80117782,1500,0,100.0,0.0
5047,80117782,80119282,1500,0,100.0,0.0
5048,80119282,80120782,1500,0,100.0,0.0
5049,80120782,80122282,1500,0,100.0,0.0
5050,80122282,80123782,1500,0,100.0,0.0
5051,80123782,80125282,1500,0,100.0,0.0
5052,80125282,80126782,1500,0,100.0,0.0
5053,80126782,80128282,1500,0,100.0,0.0
5054,80128282,80129782,252,1248,16.8,83.2
5055,80129782,80131282,1500,0,100.0,0.0
5056,80131282,80132782,1500,0,100.0,0.0
5057,80132782,80134282,1500,0,100.0,0.0
5058,80134282,80135782,1500,0,100.0,0.0
5059,80135782,80137282,1500,0,100.0,0.0
5060,80137282,80138782,1500,0,100.0,0.0
5061,80138782,80140282,1500,0,100.0,0.0
5062,80140282,80141782,1500,0,100.0,0.0
5063,80141782,80143282,1500,0,100.0,0.0
5064,80143282,80144782,324,1176,21.6,78.4
5065,80144782,80146282,1469,31,97.93333333333332,2.066666666666677
5066,80146282,80147782,1500,0,100.0,0.0
5067,80147782,80149282,1500,0,100.0,0.0
5068,80149282,80150782,1500,0,100.0,0.0
5069,80150782,80152282,1500,0,100.0,0.0
5070,80152282,80153782,1500,0,100.0,0.0
5071,80153782,80155282,1500,0,100.0,0.0
5072,80155282,80156782,1500,0,100.0,0.0
5073,80156782,80158282,1500,0,100.0,0.0
5074,80158282,80159782,1244,256,82.93333333333334,17.066666666666663
5075,80159782,80161282,510,990,34.0,66.0
5076,80161282,80162782,1500,0,100.0,0.0
5077,80162782,80164282,1500,0,100.0,0.0
5078,80164282,80165782,1500,0,100.0,0.0
5079,80165782,80167282,1500,0,100.0,0.0
5080,80167282,80168782,1500,0,100.0,0.0
5081,80168782,80170282,1500,0,100.0,0.0
5082,80170282,80171782,1500,0,100.0,0.0
5083,80171782,80173282,1500,0,100.0,0.0
5084,80173282,80174782,1459,41,97.26666666666667,2.7333333333333343
5085,80174782,80176282,229,1271,15.266666666666667,84.73333333333333
5086,80176282,80177782,1500,0,100.0,0.0
5087,80177782,80179282,1500,0,100.0,0.0
5088,80179282,80180782,1500,0,100.0,0.0
5089,80180782,80182282,1500,0,100.0,0.0
5090,80182282,80183782,1500,0,100.0,0.0
5091,80183782,80185282,1500,0,100.0,0.0
5092,80185282,80186782,1500,0,100.0,0.0
5093,80186782,80188282,1500,0,100.0,0.0
5094,80188282,80189782,1170,330,78.0,22.0
5095,80189782,80191282,614,886,40.93333333333333,59.06666666666667
5096,80191282,80192782,1500,0,100.0,0.0
5097,80192782,80194282,1500,0,100.0,0.0
5098,80194282,80195782,1500,0,100.0,0.0
5099,80195782,80197282,1500,0,100.0,0.0
5100,80197282,80198782,1500,0,100.0,0.0
5101,80198782,80200282,1500,0,100.0,0.0
5102,80200282,80201782,1500,0,100.0,0.0
5103,80201782,80203282,1500,0,100.0,0.0
5104,80203282,80204782,1500,0,100.0,0.0
5105,80204782,80206282,646,854,43.06666666666666,56.93333333333334
5106,80206282,80207782,1092,408,72.8,27.200000000000003
5107,80207782,80209282,1500,0,100.0,0.0
5108,80209282,80210782,1500,0,100.0,0.0
5109,80210782,80212282,1500,0,100.0,0.0
5110,80212282,80213782,1500,0,100.0,0.0
5111,80213782,80215282,1500,0,100.0,0.0
5112,80215282,80216782,1500,0,100.0,0.0
5113,80216782,80218282,1500,0,100.0,0.0
5114,80218282,80219782,1500,0,100.0,0.0
5115,80219782,80221282,486,1014,32.4,67.6
5116,80221282,80222782,1281,219,85.39999999999999,14.600000000000009
5117,80222782,80224282,1500,0,100.0,0.0
5118,80224282,80225782,1500,0,100.0,0.0
5119,80225782,80227282,1500,0,100.0,0.0
5120,80227282,80228782,1500,0,100.0,0.0
5121,80228782,80230282,1500,0,100.0,0.0
5122,80230282,80231782,1500,0,100.0,0.0
5123,80231782,80233282,1500,0,100.0,0.0
5124,80233282,80234782,1500,0,100.0,0.0
5125,80234782,80236282,215,1285,14.333333333333334,85.66666666666667
5126,80236282,80237782,1500,0,100.0,0.0
5127,80237782,80239282,1500,0,100.0,0.0
5128,80239282,80240782,1500,0,100.0,0.0
5129,80240782,80242282,1500,0,100.0,0.0
5130,80242282,80243782,1500,0,100.0,0.0
5131,80243782,80245282,1500,0,100.0,0.0
5132,80245282,80246782,1500,0,100.0,0.0
5133,80246782,80248282,1500,0,100.0,0.0
5134,80248282,80249782,1500,0,100.0,0.0
5135,80249782,80251282,215,1285,14.333333333333334,85.66666666666667
5136,80251282,80252782,1446,54,96.39999999999999,3.6000000000000085
5137,80252782,80254282,1500,0,100.0,0.0
5138,80254282,80255782,1500,0,100.0,0.0
5139,80255782,80257282,1500,0,100.0,0.0
5140,80257282,80258782,1500,0,100.0,0.0
5141,80258782,80260282,1500,0,100.0,0.0
5142,80260282,80261782,1500,0,100.0,0.0
5143,80261782,80263282,1500,0,100.0,0.0
5144,80263282,80264782,1434,66,95.6,4.400000000000006
5145,80264782,80266282,224,1276,14.933333333333335,85.06666666666666
5146,80266282,80267782,1500,0,100.0,0.0
5147,80267782,80269282,1500,0,100.0,0.0
5148,80269282,80270782,1500,0,100.0,0.0
5149,80270782,80272282,1500,0,100.0,0.0
5150,80272282,80273782,1500,0,100.0,0.0
5151,80273782,80275282,1500,0,100.0,0.0
5152,80275282,80276782,1500,0,100.0,0.0
5153,80276782,80278282,1500,0,100.0,0.0
5154,80278282,80279782,1254,246,83.6,16.400000000000006
5155,80279782,80281282,59,1441,3.933333333333333,96.06666666666666
5156,80281282,80282782,1230,270,82.0,18.0
5157,80282782,80284282,1500,0,100.0,0.0
5158,80284282,80285782,1500,0,100.0,0.0
5159,80285782,80287282,1500,0,100.0,0.0
5160,80287282,80288782,1500,0,100.0,0.0
5161,80288782,80290282,1500,0,100.0,0.0
5162,80290282,80291782,1500,0,100.0,0.0
5163,80291782,80293282,1500,0,100.0,0.0
5164,80293282,80294782,1500,0,100.0,0.0
5165,80294782,80296282,88,1412,5.866666666666666,94.13333333333334
5166,80296282,80297782,1311,189,87.4,12.599999999999994
5167,80297782,80299282,1500,0,100.0,0.0
5168,80299282,80300782,1500,0,100.0,0.0
5169,80300782,80302282,1500,0,100.0,0.0
5170,80302282,80303782,1500,0,100.0,0.0
5171,80303782,80305282,1500,0,100.0,0.0
5172,80305282,80306782,1500,0,100.0,0.0
5173,80306782,80308282,1500,0,100.0,0.0
5174,80308282,80309782,1500,0,100.0,0.0
5175,80309782,80311282,374,1126,24.933333333333334,75.06666666666666
5176,80311282,80312782,1421,79,94.73333333333333,5.266666666666666
5177,80312782,80314282,1500,0,100.0,0.0
5178,80314282,80315782,1500,0,100.0,0.0
5179,80315782,80317282,1500,0,100.0,0.0
5180,80317282,80318782,1500,0,100.0,0.0
5181,80318782,80320282,1500,0,100.0,0.0
5182,80320282,80321782,1500,0,100.0,0.0
5183,80321782,80323282,1500,0,100.0,0.0
5184,80323282,80324782,1500,0,100.0,0.0
5185,80324782,80326282,1410,90,94.0,6.0
5186,80326282,80327782,326,1174,21.73333333333333,78.26666666666667
5187,80327782,80329282,1500,0,100.0,0.0
5188,80329282,80330782,1500,0,100.0,0.0
5189,80330782,80332282,1500,0,100.0,0.0
5190,80332282,80333782,1500,0,100.0,0.0
5191,80333782,80335282,1500,0,100.0,0.0
5192,80335282,80336782,1500,0,100.0,0.0
5193,80336782,80338282,1500,0,100.0,0.0
5194,80338282,80339782,1500,0,100.0,0.0
5195,80339782,80341282,1500,0,100.0,0.0
5196,80341282,80342782,338,1162,22.53333333333333,77.46666666666667
5197,80342782,80344282,1371,129,91.4,8.599999999999994
5198,80344282,80345782,1500,0,100.0,0.0
5199,80345782,80347282,1500,0,100.0,0.0
5200,80347282,80348782,1500,0,100.0,0.0
5201,80348782,80350282,1500,0,100.0,0.0
5202,80350282,80351782,1500,0,100.0,0.0
5203,80351782,80353282,1500,0,100.0,0.0
5204,80353282,80354782,1500,0,100.0,0.0
5205,80354782,80356282,1500,0,100.0,0.0
5206,80356282,80357782,573,927,38.2,61.8
5207,80357782,80359282,1046,454,69.73333333333333,30.266666666666666
5208,80359282,80360782,1500,0,100.0,0.0
5209,80360782,80362282,1500,0,100.0,0.0
5210,80362282,80363782,1500,0,100.0,0.0
5211,80363782,80365282,1500,0,100.0,0.0
5212,80365282,80366782,1500,0,100.0,0.0
5213,80366782,80368282,1500,0,100.0,0.0
5214,80368282,80369782,1500,0,100.0,0.0
5215,80369782,80371282,1500,0,100.0,0.0
5216,80371282,80372782,1500,0,100.0,0.0
5217,80372782,80374282,216,1284,14.399999999999999,85.6
5218,80374282,80375782,1446,54,96.39999999999999,3.6000000000000085
5219,80375782,80377282,1500,0,100.0,0.0
5220,80377282,80378782,1500,0,100.0,0.0
5221,80378782,80380282,1500,0,100.0,0.0
5222,80380282,80381782,1500,0,100.0,0.0
5223,80381782,80383282,1500,0,100.0,0.0
5224,80383282,80384782,1500,0,100.0,0.0
5225,80384782,80386282,1500,0,100.0,0.0
5226,80386282,80387782,1500,0,100.0,0.0
5227,80387782,80389282,438,1062,29.2,70.8
5228,80389282,80390782,1360,140,90.66666666666666,9.333333333333343
5229,80390782,80392282,1500,0,100.0,0.0
5230,80392282,80393782,1500,0,100.0,0.0
5231,80393782,80395282,1500,0,100.0,0.0
5232,80395282,80396782,1500,0,100.0,0.0
5233,80396782,80398282,1500,0,100.0,0.0
5234,80398282,80399782,1500,0,100.0,0.0
5235,80399782,80401282,1500,0,100.0,0.0
5236,80401282,80402782,1500,0,100.0,0.0
5237,80402782,80404282,387,1113,25.8,74.2
5238,80404282,80405782,1377,123,91.8,8.200000000000003
5239,80405782,80407282,1500,0,100.0,0.0
5240,80407282,80408782,1500,0,100.0,0.0
5241,80408782,80410282,1500,0,100.0,0.0
5242,80410282,80411782,1500,0,100.0,0.0
5243,80411782,80413282,1500,0,100.0,0.0
5244,80413282,80414782,1500,0,100.0,0.0
5245,80414782,80416282,1500,0,100.0,0.0
5246,80416282,80417782,1500,0,100.0,0.0
5247,80417782,80419282,429,1071,28.599999999999998,71.4
5248,80419282,80420782,1323,177,88.2,11.799999999999997
5249,80420782,80422282,1500,0,100.0,0.0
5250,80422282,80423782,1500,0,100.0,0.0
5251,80423782,80425282,1500,0,100.0,0.0
5252,80425282,80426782,1500,0,100.0,0.0
5253,80426782,80428282,1500,0,100.0,0.0
5254,80428282,80429782,1500,0,100.0,0.0
5255,80429782,80431282,1500,0,100.0,0.0
5256,80431282,80432782,1500,0,100.0,0.0
5257,80432782,80434282,722,778,48.13333333333333,51.86666666666667
5258,80434282,80435782,1028,472,68.53333333333333,31.46666666666667
5259,80435782,80437282,1500,0,100.0,0.0
5260,80437282,80438782,1500,0,100.0,0.0
5261,80438782,80440282,1500,0,100.0,0.0
5262,80440282,80441782,1500,0,100.0,0.0
5263,80441782,80443282,1500,0,100.0,0.0
5264,80443282,80444782,1500,0,100.0,0.0
5265,80444782,80446282,1500,0,100.0,0.0
5266,80446282,80447782,1500,0,100.0,0.0
5267,80447782,80449282,678,822,45.2,54.8
5268,80449282,80450782,1066,434,71.06666666666666,28.933333333333337
5269,80450782,80452282,1500,0,100.0,0.0
5270,80452282,80453782,1500,0,100.0,0.0
5271,80453782,80455282,1500,0,100.0,0.0
5272,80455282,80456782,1500,0,100.0,0.0
5273,80456782,80458282,1500,0,100.0,0.0
5274,80458282,80459782,1500,0,100.0,0.0
5275,80459782,80461282,1500,0,100.0,0.0
5276,80461282,80462782,1500,0,100.0,0.0
5277,80462782,80464282,545,955,36.333333333333336,63.666666666666664
5278,80464282,80465782,1260,240,84.0,16.0
5279,80465782,80467282,1500,0,100.0,0.0
5280,80467282,80468782,1500,0,100.0,0.0
5281,80468782,80470282,1500,0,100.0,0.0
5282,80470282,80471782,1500,0,100.0,0.0
5283,80471782,80473282,1500,0,100.0,0.0
5284,80473282,80474782,1500,0,100.0,0.0
5285,80474782,80476282,1500,0,100.0,0.0
5286,80476282,80477782,1500,0,100.0,0.0
5287,80477782,80479282,237,1263,15.8,84.2
5288,80479282,80480782,1500,0,100.0,0.0
5289,80480782,80482282,1500,0,100.0,0.0
5290,80482282,80483782,1500,0,100.0,0.0
5291,80483782,80485282,1500,0,100.0,0.0
5292,80485282,80486782,1500,0,100.0,0.0
5293,80486782,80488282,1500,0,100.0,0.0
5294,80488282,80489782,1500,0,100.0,0.0
5295,80489782,80491282,1500,0,100.0,0.0
5296,80491282,80492782,1500,0,100.0,0.0
5297,80492782,80494282,1500,0,100.0,0.0
5298,80494282,80495782,1500,0,100.0,0.0
5299,80495782,80497282,1500,0,100.0,0.0
5300,80497282,80498782,1500,0,100.0,0.0
5301,80498782,80500282,1500,0,100.0,0.0
5302,80500282,80501782,1500,0,100.0,0.0
5303,80501782,80503282,1500,0,100.0,0.0
5304,80503282,80504782,1500,0,100.0,0.0
5305,80504782,80506282,1500,0,100.0,0.0
5306,80506282,80507782,1500,0,100.0,0.0
5307,80507782,80509282,1500,0,100.0,0.0
5308,80509282,80510782,1500,0,100.0,0.0
5309,80510782,80512282,1500,0,100.0,0.0
5310,80512282,80513782,1500,0,100.0,0.0
5311,80513782,80515282,1500,0,100.0,0.0
5312,80515282,80516782,1500,0,100.0,0.0
5313,80516782,80518282,1500,0,100.0,0.0
5314,80518282,80519782,1500,0,100.0,0.0
5315,80519782,80521282,1500,0,100.0,0.0
5316,80521282,80522782,1500,0,100.0,0.0
5317,80522782,80524282,1500,0,100.0,0.0
5318,80524282,80525782,1500,0,100.0,0.0
5319,80525782,80527282,1500,0,100.0,0.0
5320,80527282,80528782,1500,0,100.0,0.0
5321,80528782,80530282,1500,0,100.0,0.0
5322,80530282,80531782,1500,0,100.0,0.0
5323,80531782,80533282,1500,0,100.0,0.0
5324,80533282,80534782,1500,0,100.0,0.0
5325,80534782,80536282,1500,0,100.0,0.0
5326,80536282,80537782,1500,0,100.0,0.0
5327,80537782,80539282,1500,0,100.0,0.0
5328,80539282,80540782,1500,0,100.0,0.0
5329,80540782,80542282,1500,0,100.0,0.0
5330,80542282,80543782,1500,0,100.0,0.0
5331,80543782,80545282,1500,0,100.0,0.0
5332,80545282,80546782,1500,0,100.0,0.0
5333,80546782,80548282,1500,0,100.0,0.0
5334,80548282,80549782,1443,57,96.2,3.799999999999997
5335,80549782,80551282,177,1323,11.799999999999999,88.2
5336,80551282,80552782,1500,0,100.0,0.0
5337,80552782,80554282,1500,0,100.0,0.0
5338,80554282,80555782,1500,0,100.0,0.0
5339,80555782,80557282,1500,0,100.0,0.0
5340,80557282,80558782,1500,0,100.0,0.0
5341,80558782,80560282,1500,0,100.0,0.0
5342,80560282,80561782,1500,0,100.0,0.0
5343,80561782,80563282,1500,0,100.0,0.0
5344,80563282,80564782,1500,0,100.0,0.0
5345,80564782,80566282,448,1052,29.86666666666667,70.13333333333333
5346,80566282,80567782,1360,140,90.66666666666666,9.333333333333343
5347,80567782,80569282,1500,0,100.0,0.0
5348,80569282,80570782,1500,0,100.0,0.0
5349,80570782,80572282,1500,0,100.0,0.0
5350,80572282,80573782,1500,0,100.0,0.0
5351,80573782,80575282,1500,0,100.0,0.0
5352,80575282,80576782,1500,0,100.0,0.0
5353,80576782,80578282,1500,0,100.0,0.0
5354,80578282,80579782,1500,0,100.0,0.0
5355,80579782,80581282,200,1300,13.333333333333334,86.66666666666667
5356,80581282,80582782,1500,0,100.0,0.0
5357,80582782,80584282,1500,0,100.0,0.0
5358,80584282,80585782,1500,0,100.0,0.0
5359,80585782,80587282,1500,0,100.0,0.0
5360,80587282,80588782,1500,0,100.0,0.0
5361,80588782,80590282,1500,0,100.0,0.0
5362,80590282,80591782,1500,0,100.0,0.0
5363,80591782,80593282,1500,0,100.0,0.0
5364,80593282,80594782,1500,0,100.0,0.0
5365,80594782,80596282,269,1231,17.933333333333334,82.06666666666666
5366,80596282,80597782,1383,117,92.2,7.799999999999997
5367,80597782,80599282,1500,0,100.0,0.0
5368,80599282,80600782,1500,0,100.0,0.0
5369,80600782,80602282,1500,0,100.0,0.0
5370,80602282,80603782,1500,0,100.0,0.0
5371,80603782,80605282,1500,0,100.0,0.0
5372,80605282,80606782,1500,0,100.0,0.0
5373,80606782,80608282,1500,0,100.0,0.0
5374,80608282,80609782,1500,0,100.0,0.0
5375,80609782,80611282,408,1092,27.200000000000003,72.8
5376,80611282,80612782,1356,144,90.4,9.599999999999994
5377,80612782,80614282,1500,0,100.0,0.0
5378,80614282,80615782,1500,0,100.0,0.0
5379,80615782,80617282,1500,0,100.0,0.0
5380,80617282,80618782,1500,0,100.0,0.0
5381,80618782,80620282,1500,0,100.0,0.0
5382,80620282,80621782,1500,0,100.0,0.0
5383,80621782,80623282,1500,0,100.0,0.0
5384,80623282,80624782,1500,0,100.0,0.0
5385,80624782,80626282,244,1256,16.266666666666666,83.73333333333333
5386,80626282,80627782,1472,28,98.13333333333333,1.8666666666666742
5387,80627782,80629282,1500,0,100.0,0.0
5388,80629282,80630782,1500,0,100.0,0.0
5389,80630782,80632282,1500,0,100.0,0.0
5390,80632282,80633782,1500,0,100.0,0.0
5391,80633782,80635282,1500,0,100.0,0.0
5392,80635282,80636782,1500,0,100.0,0.0
5393,80636782,80638282,1500,0,100.0,0.0
5394,80638282,80639782,1500,0,100.0,0.0
5395,80639782,80641282,180,1320,12.0,88.0
5396,80641282,80642782,1500,0,100.0,0.0
5397,80642782,80644282,1500,0,100.0,0.0
5398,80644282,80645782,1500,0,100.0,0.0
5399,80645782,80647282,1500,0,100.0,0.0
5400,80647282,80648782,1500,0,100.0,0.0
5401,80648782,80650282,1500,0,100.0,0.0
5402,80650282,80651782,1500,0,100.0,0.0
5403,80651782,80653282,1500,0,100.0,0.0
5404,80653282,80654782,1457,43,97.13333333333334,2.86666666666666
5405,80654782,80656282,223,1277,14.866666666666667,85.13333333333333
5406,80656282,80657782,1500,0,100.0,0.0
5407,80657782,80659282,1500,0,100.0,0.0
5408,80659282,80660782,1500,0,100.0,0.0
5409,80660782,80662282,1500,0,100.0,0.0
5410,80662282,80663782,1500,0,100.0,0.0
5411,80663782,80665282,1500,0,100.0,0.0
5412,80665282,80666782,1500,0,100.0,0.0
5413,80666782,80668282,1500,0,100.0,0.0
5414,80668282,80669782,1271,229,84.73333333333333,15.266666666666666
5415,80669782,80671282,450,1050,30.0,70.0
5416,80671282,80672782,1500,0,100.0,0.0
5417,80672782,80674282,1500,0,100.0,0.0
5418,80674282,80675782,1500,0,100.0,0.0
5419,80675782,80677282,1500,0,100.0,0.0
5420,80677282,80678782,1500,0,100.0,0.0
5421,80678782,80680282,1500,0,100.0,0.0
5422,80680282,80681782,1500,0,100.0,0.0
5423,80681782,80683282,1500,0,100.0,0.0
5424,80683282,80684782,1325,175,88.33333333333333,11.666666666666671
5425,80684782,80686282,304,1196,20.266666666666666,79.73333333333333
5426,80686282,80687782,1500,0,100.0,0.0
5427,80687782,80689282,1500,0,100.0,0.0
5428,80689282,80690782,1500,0,100.0,0.0
5429,80690782,80692282,1500,0,100.0,0.0
5430,80692282,80693782,1500,0,100.0,0.0
5431,80693782,80695282,1500,0,100.0,0.0
5432,80695282,80696782,1500,0,100.0,0.0
5433,80696782,80698282,1500,0,100.0,0.0
5434,80698282,80699782,1500,0,100.0,0.0
5435,80699782,80701282,515,985,34.333333333333336,65.66666666666666
5436,80701282,80702782,1205,295,80.33333333333333,19.66666666666667
5437,80702782,80704282,1500,0,100.0,0.0
5438,80704282,80705782,1500,0,100.0,0.0
5439,80705782,80707282,1500,0,100.0,0.0
5440,80707282,80708782,1500,0,100.0,0.0
5441,80708782,80710282,1500,0,100.0,0.0
5442,80710282,80711782,1500,0,100.0,0.0
5443,80711782,80713282,1500,0,100.0,0.0
5444,80713282,80714782,1500,0,100.0,0.0
5445,80714782,80716282,576,924,38.4,61.6
5446,80716282,80717782,1177,323,78.46666666666667,21.53333333333333
5447,80717782,80719282,1500,0,100.0,0.0
5448,80719282,80720782,1500,0,100.0,0.0
5449,80720782,80722282,1500,0,100.0,0.0
5450,80722282,80723782,1500,0,100.0,0.0
5451,80723782,80725282,1500,0,100.0,0.0
5452,80725282,80726782,1500,0,100.0,0.0
5453,80726782,80728282,1500,0,100.0,0.0
5454,80728282,80729782,1500,0,100.0,0.0
5455,80729782,80731282,731,769,48.733333333333334,51.266666666666666
5456,80731282,80732782,1012,488,67.46666666666667,32.53333333333333
5457,80732782,80734282,1500,0,100.0,0.0
5458,80734282,80735782,1500,0,100.0,0.0
5459,80735782,80737282,1500,0,100.0,0.0
5460,80737282,80738782,1500,0,100.0,0.0
5461,80738782,80740282,1500,0,100.0,0.0
5462,80740282,80741782,1500,0,100.0,0.0
5463,80741782,80743282,1500,0,100.0,0.0
5464,80743282,80744782,1500,0,100.0,0.0
5465,80744782,80746282,608,892,40.53333333333333,59.46666666666667
5466,80746282,80747782,1186,314,79.06666666666666,20.933333333333337
5467,80747782,80749282,1500,0,100.0,0.0
5468,80749282,80750782,1500,0,100.0,0.0
5469,80750782,80752282,1500,0,100.0,0.0
5470,80752282,80753782,1500,0,100.0,0.0
5471,80753782,80755282,1500,0,100.0,0.0
5472,80755282,80756782,1500,0,100.0,0.0
5473,80756782,80758282,1500,0,100.0,0.0
5474,80758282,80759782,1500,0,100.0,0.0
5475,80759782,80761282,1500,0,100.0,0.0
5476,80761282,80762782,166,1334,11.066666666666666,88.93333333333334
5477,80762782,80764282,1500,0,100.0,0.0
5478,80764282,80765782,1500,0,100.0,0.0
5479,80765782,80767282,1500,0,100.0,0.0
5480,80767282,80768782,1500,0,100.0,0.0
5481,80768782,80770282,1500,0,100.0,0.0
5482,80770282,80771782,1500,0,100.0,0.0
5483,80771782,80773282,1500,0,100.0,0.0
5484,80773282,80774782,1500,0,100.0,0.0
5485,80774782,80776282,1500,0,100.0,0.0
5486,80776282,80777782,192,1308,12.8,87.2
5487,80777782,80779282,1500,0,100.0,0.0
5488,80779282,80780782,1500,0,100.0,0.0
5489,80780782,80782282,1500,0,100.0,0.0
5490,80782282,80783782,1500,0,100.0,0.0
5491,80783782,80785282,1500,0,100.0,0.0
5492,80785282,80786782,1500,0,100.0,0.0
5493,80786782,80788282,1500,0,100.0,0.0
5494,80788282,80789782,1500,0,100.0,0.0
5495,80789782,80791282,1500,0,100.0,0.0
5496,80791282,80792782,280,1220,18.666666666666668,81.33333333333333
5497,80792782,80794282,1500,0,100.0,0.0
5498,80794282,80795782,1500,0,100.0,0.0
5499,80795782,80797282,1500,0,100.0,0.0
5500,80797282,80798782,1500,0,100.0,0.0
5501,80798782,80800282,1500,0,100.0,0.0
5502,80800282,80801782,1500,0,100.0,0.0
5503,80801782,80803282,1500,0,100.0,0.0
5504,80803282,80804782,1500,0,100.0,0.0
5505,80804782,80806282,1500,0,100.0,0.0
5506,80806282,80807782,225,1275,15.0,85.0
5507,80807782,80809282,1443,57,96.2,3.799999999999997
5508,80809282,80810782,1500,0,100.0,0.0
5509,80810782,80812282,1500,0,100.0,0.0
5510,80812282,80813782,1500,0,100.0,0.0
5511,80813782,80815282,1500,0,100.0,0.0
5512,80815282,80816782,1500,0,100.0,0.0
5513,80816782,80818282,1500,0,100.0,0.0
5514,80818282,80819782,1500,0,100.0,0.0
5515,80819782,80821282,1500,0,100.0,0.0
5516,80821282,80822782,454,1046,30.266666666666666,69.73333333333333
5517,80822782,80824282,1105,395,73.66666666666667,26.33333333333333
5518,80824282,80825782,1500,0,100.0,0.0
5519,80825782,80827282,1500,0,100.0,0.0
5520,80827282,80828782,1500,0,100.0,0.0
5521,80828782,80830282,1500,0,100.0,0.0
5522,80830282,80831782,1500,0,100.0,0.0
5523,80831782,80833282,1500,0,100.0,0.0
5524,80833282,80834782,1500,0,100.0,0.0
5525,80834782,80836282,1500,0,100.0,0.0
5526,80836282,80837782,1500,0,100.0,0.0
5527,80837782,80839282,264,1236,17.599999999999998,82.4
5528,80839282,80840782,1410,90,94.0,6.0
5529,80840782,80842282,1500,0,100.0,0.0
5530,80842282,80843782,1500,0,100.0,0.0
5531,80843782,80845282,1500,0,100.0,0.0
5532,80845282,80846782,1500,0,100.0,0.0
5533,80846782,80848282,1500,0,100.0,0.0
5534,80848282,80849782,1500,0,100.0,0.0
5535,80849782,80851282,1500,0,100.0,0.0
5536,80851282,80852782,1500,0,100.0,0.0
5537,80852782,80854282,1500,0,100.0,0.0
5538,80854282,80855782,1500,0,100.0,0.0
5539,80855782,80857282,941,559,62.73333333333333,37.26666666666667
5540,80857282,80858782,752,748,50.13333333333333,49.86666666666667
5541,80858782,80860282,1500,0,100.0,0.0
5542,80860282,80861782,1500,0,100.0,0.0
5543,80861782,80863282,1500,0,100.0,0.0
5544,80863282,80864782,1500,0,100.0,0.0
5545,80864782,80866282,1500,0,100.0,0.0
5546,80866282,80867782,1500,0,100.0,0.0
5547,80867782,80869282,1500,0,100.0,0.0
5548,80869282,80870782,1500,0,100.0,0.0
5549,80870782,80872282,1500,0,100.0,0.0
5550,80872282,80873782,276,1224,18.4,81.6
5551,80873782,80875282,1500,0,100.0,0.0
5552,80875282,80876782,1500,0,100.0,0.0
5553,80876782,80878282,1500,0,100.0,0.0
5554,80878282,80879782,1500,0,100.0,0.0
5555,80879782,80881282,1500,0,100.0,0.0
5556,80881282,80882782,1500,0,100.0,0.0
5557,80882782,80884282,1500,0,100.0,0.0
5558,80884282,80885782,1500,0,100.0,0.0
5559,80885782,80887282,1500,0,100.0,0.0
5560,80887282,80888782,512,988,34.13333333333333,65.86666666666667
5561,80888782,80890282,1177,323,78.46666666666667,21.53333333333333
5562,80890282,80891782,1500,0,100.0,0.0
5563,80891782,80893282,1500,0,100.0,0.0
5564,80893282,80894782,1500,0,100.0,0.0
5565,80894782,80896282,1500,0,100.0,0.0
5566,80896282,80897782,1500,0,100.0,0.0
5567,80897782,80899282,1500,0,100.0,0.0
5568,80899282,80900782,1500,0,100.0,0.0
5569,80900782,80902282,1500,0,100.0,0.0
5570,80902282,80903782,564,936,37.6,62.4
5571,80903782,80905282,1117,383,74.46666666666667,25.53333333333333
5572,80905282,80906782,1500,0,100.0,0.0
5573,80906782,80908282,1500,0,100.0,0.0
5574,80908282,80909782,1500,0,100.0,0.0
5575,80909782,80911282,1500,0,100.0,0.0
5576,80911282,80912782,1500,0,100.0,0.0
5577,80912782,80914282,1500,0,100.0,0.0
5578,80914282,80915782,1500,0,100.0,0.0
5579,80915782,80917282,1500,0,100.0,0.0
5580,80917282,80918782,1036,464,69.06666666666666,30.933333333333337
5581,80918782,80920282,741,759,49.4,50.6
5582,80920282,80921782,1500,0,100.0,0.0
5583,80921782,80923282,1500,0,100.0,0.0
5584,80923282,80924782,1500,0,100.0,0.0
5585,80924782,80926282,1500,0,100.0,0.0
5586,80926282,80927782,1500,0,100.0,0.0
5587,80927782,80929282,1500,0,100.0,0.0
5588,80929282,80930782,1500,0,100.0,0.0
5589,80930782,80932282,1500,0,100.0,0.0
5590,80932282,80933782,901,599,60.06666666666667,39.93333333333333
5591,80933782,80935282,844,656,56.266666666666666,43.733333333333334
5592,80935282,80936782,1500,0,100.0,0.0
5593,80936782,80938282,1500,0,100.0,0.0
5594,80938282,80939782,1500,0,100.0,0.0
5595,80939782,80941282,1500,0,100.0,0.0
5596,80941282,80942782,1500,0,100.0,0.0
5597,80942782,80944282,1500,0,100.0,0.0
5598,80944282,80945782,1500,0,100.0,0.0
5599,80945782,80947282,1500,0,100.0,0.0
5600,80947282,80948782,815,685,54.333333333333336,45.666666666666664
5601,80948782,80950282,945,555,63.0,37.0
5602,80950282,80951782,1500,0,100.0,0.0
5603,80951782,80953282,1500,0,100.0,0.0
5604,80953282,80954782,1500,0,100.0,0.0
5605,80954782,80956282,1500,0,100.0,0.0
5606,80956282,80957782,1500,0,100.0,0.0
5607,80957782,80959282,1500,0,100.0,0.0
5608,80959282,80960782,1500,0,100.0,0.0
5609,80960782,80962282,1500,0,100.0,0.0
5610,80962282,80963782,832,668,55.46666666666666,44.53333333333334
5611,80963782,80965282,943,557,62.866666666666674,37.133333333333326
5612,80965282,80966782,1500,0,100.0,0.0
5613,80966782,80968282,1500,0,100.0,0.0
5614,80968282,80969782,1500,0,100.0,0.0
5615,80969782,80971282,1500,0,100.0,0.0
5616,80971282,80972782,1500,0,100.0,0.0
5617,80972782,80974282,1500,0,100.0,0.0
5618,80974282,80975782,1500,0,100.0,0.0
5619,80975782,80977282,1500,0,100.0,0.0
5620,80977282,80978495,628,585,51.7724649629019,48.2275350370981
