bin_index,start_time_us,end_time_us,waiting_time_us,running_time_us,waiting_pct,running_pct
0,72547282,72547782,143,357,28.599999999999998,71.4
1,72547782,72548282,1,499,0.2,99.8
2,72548282,72548782,0,500,0.0,100.0
3,72548782,72549282,22,478,4.3999999999999995,95.6
4,72549282,72549782,29,471,5.800000000000001,94.2
5,72549782,72550282,18,482,3.5999999999999996,96.4
6,72550282,72550782,24,476,4.8,95.2
7,72550782,72551282,17,483,3.4000000000000004,96.6
8,72551282,72551782,13,487,2.6,97.4
9,72551782,72552282,14,486,2.8000000000000003,97.2
10,72552282,72552782,29,471,5.800000000000001,94.2
11,72552782,72553282,10,490,2.0,98.0
12,72553282,72553782,19,481,3.8,96.2
13,72553782,72554282,16,484,3.2,96.8
14,72554282,72554782,18,482,3.5999999999999996,96.4
15,72554782,72555282,9,491,1.7999999999999998,98.2
16,72555282,72555782,5,495,1.0,99.0
17,72555782,72556282,6,494,1.2,98.8
18,72556282,72556782,14,486,2.8000000000000003,97.2
19,72556782,72557282,3,497,0.6,99.4
20,72557282,72557782,18,482,3.5999999999999996,96.4
21,72557782,72558282,17,483,3.4000000000000004,96.6
22,72558282,72558782,14,486,2.8000000000000003,97.2
23,72558782,72559282,14,486,2.8000000000000003,97.2
24,72559282,72559782,20,480,4.0,96.0
25,72559782,72560282,14,486,2.8000000000000003,97.2
26,72560282,72560782,15,485,3.0,97.0
27,72560782,72561282,14,486,2.8000000000000003,97.2
28,72561282,72561782,14,486,2.8000000000000003,97.2
29,72561782,72562282,13,487,2.6,97.4
30,72562282,72562782,6,494,1.2,98.8
31,72562782,72563282,6,494,1.2,98.8
32,72563282,72563782,11,489,2.1999999999999997,97.8
33,72563782,72564282,12,488,2.4,97.6
34,72564282,72564782,10,490,2.0,98.0
35,72564782,72565282,8,492,1.6,98.4
36,72565282,72565782,9,491,1.7999999999999998,98.2
37,72565782,72566282,6,494,1.2,98.8
38,72566282,72566782,17,483,3.4000000000000004,96.6
39,72566782,72567282,8,492,1.6,98.4
40,72567282,72567782,8,492,1.6,98.4
41,72567782,72568282,84,416,16.8,83.2
42,72568282,72568782,132,368,26.400000000000002,73.6
43,72568782,72569282,500,0,100.0,0.0
44,72569282,72569782,500,0,100.0,0.0
45,72569782,72570282,500,0,100.0,0.0
46,72570282,72570782,500,0,100.0,0.0
47,72570782,72571282,500,0,100.0,0.0
48,72571282,72571782,500,0,100.0,0.0
49,72571782,72572282,500,0,100.0,0.0
50,72572282,72572782,500,0,100.0,0.0
51,72572782,72573282,500,0,100.0,0.0
52,72573282,72573782,500,0,100.0,0.0
53,72573782,72574282,500,0,100.0,0.0
54,72574282,72574782,500,0,100.0,0.0
55,72574782,72575282,500,0,100.0,0.0
56,72575282,72575782,500,0,100.0,0.0
57,72575782,72576282,500,0,100.0,0.0
58,72576282,72576782,500,0,100.0,0.0
59,72576782,72577282,500,0,100.0,0.0
60,72577282,72577782,500,0,100.0,0.0
61,72577782,72578282,500,0,100.0,0.0
62,72578282,72578782,500,0,100.0,0.0
63,72578782,72579282,500,0,100.0,0.0
64,72579282,72579782,500,0,100.0,0.0
65,72579782,72580282,500,0,100.0,0.0
66,72580282,72580782,500,0,100.0,0.0
67,72580782,72581282,500,0,100.0,0.0
68,72581282,72581782,500,0,100.0,0.0
69,72581782,72582282,500,0,100.0,0.0
70,72582282,72582782,500,0,100.0,0.0
71,72582782,72583282,500,0,100.0,0.0
72,72583282,72583782,500,0,100.0,0.0
73,72583782,72584282,115,385,23.0,77.0
74,72584282,72584782,44,456,8.799999999999999,91.2
75,72584782,72585282,26,474,5.2,94.8
76,72585282,72585782,375,125,75.0,25.0
77,72585782,72586282,500,0,100.0,0.0
78,72586282,72586782,500,0,100.0,0.0
79,72586782,72587282,500,0,100.0,0.0
80,72587282,72587782,500,0,100.0,0.0
81,72587782,72588282,500,0,100.0,0.0
82,72588282,72588782,500,0,100.0,0.0
83,72588782,72589282,500,0,100.0,0.0
84,72589282,72589782,500,0,100.0,0.0
85,72589782,72590282,500,0,100.0,0.0
86,72590282,72590782,500,0,100.0,0.0
87,72590782,72591282,500,0,100.0,0.0
88,72591282,72591782,500,0,100.0,0.0
89,72591782,72592282,500,0,100.0,0.0
90,72592282,72592782,500,0,100.0,0.0
91,72592782,72593282,500,0,100.0,0.0
92,72593282,72593782,500,0,100.0,0.0
93,72593782,72594282,500,0,100.0,0.0
94,72594282,72594782,500,0,100.0,0.0
95,72594782,72595282,500,0,100.0,0.0
96,72595282,72595782,500,0,100.0,0.0
97,72595782,72596282,500,0,100.0,0.0
98,72596282,72596782,500,0,100.0,0.0
99,72596782,72597282,500,0,100.0,0.0
100,72597282,72597782,500,0,100.0,0.0
101,72597782,72598282,500,0,100.0,0.0
102,72598282,72598782,500,0,100.0,0.0
103,72598782,72599282,500,0,100.0,0.0
104,72599282,72599782,500,0,100.0,0.0
105,72599782,72600282,500,0,100.0,0.0
106,72600282,72600782,70,430,14.000000000000002,86.0
107,72600782,72601282,49,451,9.8,90.2
108,72601282,72601782,76,424,15.2,84.8
109,72601782,72602282,500,0,100.0,0.0
110,72602282,72602782,500,0,100.0,0.0
111,72602782,72603282,500,0,100.0,0.0
112,72603282,72603782,500,0,100.0,0.0
113,72603782,72604282,500,0,100.0,0.0
114,72604282,72604782,500,0,100.0,0.0
115,72604782,72605282,500,0,100.0,0.0
116,72605282,72605782,500,0,100.0,0.0
117,72605782,72606282,500,0,100.0,0.0
118,72606282,72606782,500,0,100.0,0.0
119,72606782,72607282,500,0,100.0,0.0
120,72607282,72607782,500,0,100.0,0.0
121,72607782,72608282,500,0,100.0,0.0
122,72608282,72608782,500,0,100.0,0.0
123,72608782,72609282,500,0,100.0,0.0
124,72609282,72609782,500,0,100.0,0.0
125,72609782,72610282,500,0,100.0,0.0
126,72610282,72610782,500,0,100.0,0.0
127,72610782,72611282,500,0,100.0,0.0
128,72611282,72611782,500,0,100.0,0.0
129,72611782,72612282,500,0,100.0,0.0
130,72612282,72612782,500,0,100.0,0.0
131,72612782,72613282,500,0,100.0,0.0
132,72613282,72613782,500,0,100.0,0.0
133,72613782,72614282,500,0,100.0,0.0
134,72614282,72614782,500,0,100.0,0.0
135,72614782,72615282,500,0,100.0,0.0
136,72615282,72615782,500,0,100.0,0.0
137,72615782,72616282,500,0,100.0,0.0
138,72616282,72616782,500,0,100.0,0.0
139,72616782,72617282,500,0,100.0,0.0
140,72617282,72617782,500,0,100.0,0.0
141,72617782,72618282,206,294,41.199999999999996,58.800000000000004
142,72618282,72618782,7,493,1.4000000000000001,98.6
143,72618782,72619282,53,447,10.6,89.4
144,72619282,72619782,314,186,62.8,37.2
145,72619782,72620282,500,0,100.0,0.0
146,72620282,72620782,500,0,100.0,0.0
147,72620782,72621282,500,0,100.0,0.0
148,72621282,72621782,500,0,100.0,0.0
149,72621782,72622282,500,0,100.0,0.0
150,72622282,72622782,500,0,100.0,0.0
151,72622782,72623282,500,0,100.0,0.0
152,72623282,72623782,500,0,100.0,0.0
153,72623782,72624282,500,0,100.0,0.0
154,72624282,72624782,500,0,100.0,0.0
155,72624782,72625282,500,0,100.0,0.0
156,72625282,72625782,500,0,100.0,0.0
157,72625782,72626282,500,0,100.0,0.0
158,72626282,72626782,500,0,100.0,0.0
159,72626782,72627282,500,0,100.0,0.0
160,72627282,72627782,500,0,100.0,0.0
161,72627782,72628282,500,0,100.0,0.0
162,72628282,72628782,500,0,100.0,0.0
163,72628782,72629282,500,0,100.0,0.0
164,72629282,72629782,500,0,100.0,0.0
165,72629782,72630282,500,0,100.0,0.0
166,72630282,72630782,500,0,100.0,0.0
167,72630782,72631282,500,0,100.0,0.0
168,72631282,72631782,500,0,100.0,0.0
169,72631782,72632282,500,0,100.0,0.0
170,72632282,72632782,500,0,100.0,0.0
171,72632782,72633282,500,0,100.0,0.0
172,72633282,72633782,500,0,100.0,0.0
173,72633782,72634282,237,263,47.4,52.6
174,72634282,72634782,8,492,1.6,98.4
175,72634782,72635282,56,444,11.200000000000001,88.8
176,72635282,72635782,280,220,56.00000000000001,43.99999999999999
177,72635782,72636282,500,0,100.0,0.0
178,72636282,72636782,500,0,100.0,0.0
179,72636782,72637282,500,0,100.0,0.0
180,72637282,72637782,500,0,100.0,0.0
181,72637782,72638282,500,0,100.0,0.0
182,72638282,72638782,500,0,100.0,0.0
183,72638782,72639282,500,0,100.0,0.0
184,72639282,72639782,500,0,100.0,0.0
185,72639782,72640282,500,0,100.0,0.0
186,72640282,72640782,500,0,100.0,0.0
187,72640782,72641282,500,0,100.0,0.0
188,72641282,72641782,500,0,100.0,0.0
189,72641782,72642282,500,0,100.0,0.0
190,72642282,72642782,500,0,100.0,0.0
191,72642782,72643282,500,0,100.0,0.0
192,72643282,72643782,500,0,100.0,0.0
193,72643782,72644282,500,0,100.0,0.0
194,72644282,72644782,500,0,100.0,0.0
195,72644782,72645282,500,0,100.0,0.0
196,72645282,72645782,500,0,100.0,0.0
197,72645782,72646282,500,0,100.0,0.0
198,72646282,72646782,500,0,100.0,0.0
199,72646782,72647282,500,0,100.0,0.0
200,72647282,72647782,500,0,100.0,0.0
201,72647782,72648282,500,0,100.0,0.0
202,72648282,72648782,500,0,100.0,0.0
203,72648782,72649282,500,0,100.0,0.0
204,72649282,72649782,500,0,100.0,0.0
205,72649782,72650282,206,294,41.199999999999996,58.800000000000004
206,72650282,72650782,9,491,1.7999999999999998,98.2
207,72650782,72651282,46,454,9.2,90.8
208,72651282,72651782,352,148,70.39999999999999,29.60000000000001
209,72651782,72652282,500,0,100.0,0.0
210,72652282,72652782,500,0,100.0,0.0
211,72652782,72653282,500,0,100.0,0.0
212,72653282,72653782,500,0,100.0,0.0
213,72653782,72654282,500,0,100.0,0.0
214,72654282,72654782,500,0,100.0,0.0
215,72654782,72655282,500,0,100.0,0.0
216,72655282,72655782,500,0,100.0,0.0
217,72655782,72656282,500,0,100.0,0.0
218,72656282,72656782,500,0,100.0,0.0
219,72656782,72657282,500,0,100.0,0.0
220,72657282,72657782,500,0,100.0,0.0
221,72657782,72658282,500,0,100.0,0.0
222,72658282,72658782,500,0,100.0,0.0
223,72658782,72659282,500,0,100.0,0.0
224,72659282,72659782,500,0,100.0,0.0
225,72659782,72660282,500,0,100.0,0.0
226,72660282,72660782,500,0,100.0,0.0
227,72660782,72661282,500,0,100.0,0.0
228,72661282,72661782,500,0,100.0,0.0
229,72661782,72662282,500,0,100.0,0.0
230,72662282,72662782,500,0,100.0,0.0
231,72662782,72663282,500,0,100.0,0.0
232,72663282,72663782,500,0,100.0,0.0
233,72663782,72664282,500,0,100.0,0.0
234,72664282,72664782,500,0,100.0,0.0
235,72664782,72665282,500,0,100.0,0.0
236,72665282,72665782,500,0,100.0,0.0
237,72665782,72666282,366,134,73.2,26.799999999999997
238,72666282,72666782,7,493,1.4000000000000001,98.6
239,72666782,72667282,57,443,11.4,88.6
240,72667282,72667782,199,301,39.800000000000004,60.199999999999996
241,72667782,72668282,500,0,100.0,0.0
242,72668282,72668782,500,0,100.0,0.0
243,72668782,72669282,500,0,100.0,0.0
244,72669282,72669782,500,0,100.0,0.0
245,72669782,72670282,500,0,100.0,0.0
246,72670282,72670782,500,0,100.0,0.0
247,72670782,72671282,500,0,100.0,0.0
248,72671282,72671782,500,0,100.0,0.0
249,72671782,72672282,500,0,100.0,0.0
250,72672282,72672782,500,0,100.0,0.0
251,72672782,72673282,500,0,100.0,0.0
252,72673282,72673782,500,0,100.0,0.0
253,72673782,72674282,500,0,100.0,0.0
254,72674282,72674782,500,0,100.0,0.0
255,72674782,72675282,500,0,100.0,0.0
256,72675282,72675782,500,0,100.0,0.0
257,72675782,72676282,500,0,100.0,0.0
258,72676282,72676782,500,0,100.0,0.0
259,72676782,72677282,500,0,100.0,0.0
260,72677282,72677782,500,0,100.0,0.0
261,72677782,72678282,500,0,100.0,0.0
262,72678282,72678782,500,0,100.0,0.0
263,72678782,72679282,500,0,100.0,0.0
264,72679282,72679782,500,0,100.0,0.0
265,72679782,72680282,500,0,100.0,0.0
266,72680282,72680782,500,0,100.0,0.0
267,72680782,72681282,500,0,100.0,0.0
268,72681282,72681782,500,0,100.0,0.0
269,72681782,72682282,500,0,100.0,0.0
270,72682282,72682782,500,0,100.0,0.0
271,72682782,72683282,42,458,8.4,91.6
272,72683282,72683782,56,444,11.200000000000001,88.8
273,72683782,72684282,18,482,3.5999999999999996,96.4
274,72684282,72684782,402,98,80.4,19.599999999999994
275,72684782,72685282,500,0,100.0,0.0
276,72685282,72685782,500,0,100.0,0.0
277,72685782,72686282,500,0,100.0,0.0
278,72686282,72686782,500,0,100.0,0.0
279,72686782,72687282,500,0,100.0,0.0
280,72687282,72687782,500,0,100.0,0.0
281,72687782,72688282,500,0,100.0,0.0
282,72688282,72688782,500,0,100.0,0.0
283,72688782,72689282,500,0,100.0,0.0
284,72689282,72689782,500,0,100.0,0.0
285,72689782,72690282,500,0,100.0,0.0
286,72690282,72690782,500,0,100.0,0.0
287,72690782,72691282,500,0,100.0,0.0
288,72691282,72691782,500,0,100.0,0.0
289,72691782,72692282,500,0,100.0,0.0
290,72692282,72692782,500,0,100.0,0.0
291,72692782,72693282,500,0,100.0,0.0
292,72693282,72693782,500,0,100.0,0.0
293,72693782,72694282,500,0,100.0,0.0
294,72694282,72694782,500,0,100.0,0.0
295,72694782,72695282,500,0,100.0,0.0
296,72695282,72695782,500,0,100.0,0.0
297,72695782,72696282,500,0,100.0,0.0
298,72696282,72696782,500,0,100.0,0.0
299,72696782,72697282,500,0,100.0,0.0
300,72697282,72697782,500,0,100.0,0.0
301,72697782,72698282,500,0,100.0,0.0
302,72698282,72698782,500,0,100.0,0.0
303,72698782,72699282,8,492,1.6,98.4
304,72699282,72699782,53,447,10.6,89.4
305,72699782,72700282,57,443,11.4,88.6
306,72700282,72700782,500,0,100.0,0.0
307,72700782,72701282,500,0,100.0,0.0
308,72701282,72701782,500,0,100.0,0.0
309,72701782,72702282,500,0,100.0,0.0
310,72702282,72702782,500,0,100.0,0.0
311,72702782,72703282,500,0,100.0,0.0
312,72703282,72703782,500,0,100.0,0.0
313,72703782,72704282,500,0,100.0,0.0
314,72704282,72704782,500,0,100.0,0.0
315,72704782,72705282,500,0,100.0,0.0
316,72705282,72705782,500,0,100.0,0.0
317,72705782,72706282,500,0,100.0,0.0
318,72706282,72706782,500,0,100.0,0.0
319,72706782,72707282,500,0,100.0,0.0
320,72707282,72707782,500,0,100.0,0.0
321,72707782,72708282,500,0,100.0,0.0
322,72708282,72708782,500,0,100.0,0.0
323,72708782,72709282,500,0,100.0,0.0
324,72709282,72709782,500,0,100.0,0.0
325,72709782,72710282,500,0,100.0,0.0
326,72710282,72710782,500,0,100.0,0.0
327,72710782,72711282,500,0,100.0,0.0
328,72711282,72711782,500,0,100.0,0.0
329,72711782,72712282,500,0,100.0,0.0
330,72712282,72712782,500,0,100.0,0.0
331,72712782,72713282,500,0,100.0,0.0
332,72713282,72713782,500,0,100.0,0.0
333,72713782,72714282,500,0,100.0,0.0
334,72714282,72714782,326,174,65.2,34.8
335,72714782,72715282,6,494,1.2,98.8
336,72715282,72715782,48,452,9.6,90.4
337,72715782,72716282,249,251,49.8,50.2
338,72716282,72716782,500,0,100.0,0.0
339,72716782,72717282,500,0,100.0,0.0
340,72717282,72717782,500,0,100.0,0.0
341,72717782,72718282,500,0,100.0,0.0
342,72718282,72718782,500,0,100.0,0.0
343,72718782,72719282,500,0,100.0,0.0
344,72719282,72719782,500,0,100.0,0.0
345,72719782,72720282,500,0,100.0,0.0
346,72720282,72720782,500,0,100.0,0.0
347,72720782,72721282,500,0,100.0,0.0
348,72721282,72721782,500,0,100.0,0.0
349,72721782,72722282,500,0,100.0,0.0
350,72722282,72722782,500,0,100.0,0.0
351,72722782,72723282,500,0,100.0,0.0
352,72723282,72723782,500,0,100.0,0.0
353,72723782,72724282,500,0,100.0,0.0
354,72724282,72724782,500,0,100.0,0.0
355,72724782,72725282,500,0,100.0,0.0
356,72725282,72725782,500,0,100.0,0.0
357,72725782,72726282,500,0,100.0,0.0
358,72726282,72726782,500,0,100.0,0.0
359,72726782,72727282,500,0,100.0,0.0
360,72727282,72727782,500,0,100.0,0.0
361,72727782,72728282,500,0,100.0,0.0
362,72728282,72728782,500,0,100.0,0.0
363,72728782,72729282,500,0,100.0,0.0
364,72729282,72729782,500,0,100.0,0.0
365,72729782,72730282,500,0,100.0,0.0
366,72730282,72730782,500,0,100.0,0.0
367,72730782,72731282,500,0,100.0,0.0
368,72731282,72731782,500,0,100.0,0.0
369,72731782,72732282,436,64,87.2,12.799999999999997
370,72732282,72732782,9,491,1.7999999999999998,98.2
371,72732782,72733282,73,427,14.6,85.4
372,72733282,72733782,167,333,33.4,66.6
373,72733782,72734282,500,0,100.0,0.0
374,72734282,72734782,500,0,100.0,0.0
375,72734782,72735282,500,0,100.0,0.0
376,72735282,72735782,500,0,100.0,0.0
377,72735782,72736282,500,0,100.0,0.0
378,72736282,72736782,500,0,100.0,0.0
379,72736782,72737282,500,0,100.0,0.0
380,72737282,72737782,500,0,100.0,0.0
381,72737782,72738282,500,0,100.0,0.0
382,72738282,72738782,500,0,100.0,0.0
383,72738782,72739282,500,0,100.0,0.0
384,72739282,72739782,500,0,100.0,0.0
385,72739782,72740282,500,0,100.0,0.0
386,72740282,72740782,500,0,100.0,0.0
387,72740782,72741282,500,0,100.0,0.0
388,72741282,72741782,500,0,100.0,0.0
389,72741782,72742282,500,0,100.0,0.0
390,72742282,72742782,500,0,100.0,0.0
391,72742782,72743282,500,0,100.0,0.0
392,72743282,72743782,500,0,100.0,0.0
393,72743782,72744282,500,0,100.0,0.0
394,72744282,72744782,500,0,100.0,0.0
395,72744782,72745282,500,0,100.0,0.0
396,72745282,72745782,500,0,100.0,0.0
397,72745782,72746282,500,0,100.0,0.0
398,72746282,72746782,500,0,100.0,0.0
399,72746782,72747282,500,0,100.0,0.0
400,72747282,72747782,500,0,100.0,0.0
401,72747782,72748282,498,2,99.6,0.4000000000000057
402,72748282,72748782,7,493,1.4000000000000001,98.6
403,72748782,72749282,68,432,13.600000000000001,86.4
404,72749282,72749782,108,392,21.6,78.4
405,72749782,72750282,500,0,100.0,0.0
406,72750282,72750782,500,0,100.0,0.0
407,72750782,72751282,500,0,100.0,0.0
408,72751282,72751782,500,0,100.0,0.0
409,72751782,72752282,500,0,100.0,0.0
410,72752282,72752782,500,0,100.0,0.0
411,72752782,72753282,500,0,100.0,0.0
412,72753282,72753782,500,0,100.0,0.0
413,72753782,72754282,500,0,100.0,0.0
414,72754282,72754782,500,0,100.0,0.0
415,72754782,72755282,500,0,100.0,0.0
416,72755282,72755782,500,0,100.0,0.0
417,72755782,72756282,500,0,100.0,0.0
418,72756282,72756782,500,0,100.0,0.0
419,72756782,72757282,500,0,100.0,0.0
420,72757282,72757782,500,0,100.0,0.0
421,72757782,72758282,500,0,100.0,0.0
422,72758282,72758782,500,0,100.0,0.0
423,72758782,72759282,500,0,100.0,0.0
424,72759282,72759782,500,0,100.0,0.0
425,72759782,72760282,500,0,100.0,0.0
426,72760282,72760782,500,0,100.0,0.0
427,72760782,72761282,500,0,100.0,0.0
428,72761282,72761782,500,0,100.0,0.0
429,72761782,72762282,500,0,100.0,0.0
430,72762282,72762782,500,0,100.0,0.0
431,72762782,72763282,500,0,100.0,0.0
432,72763282,72763782,500,0,100.0,0.0
433,72763782,72764282,500,0,100.0,0.0
434,72764282,72764782,255,245,51.0,49.0
435,72764782,72765282,7,493,1.4000000000000001,98.6
436,72765282,72765782,54,446,10.8,89.2
437,72765782,72766282,353,147,70.6,29.400000000000006
438,72766282,72766782,500,0,100.0,0.0
439,72766782,72767282,500,0,100.0,0.0
440,72767282,72767782,500,0,100.0,0.0
441,72767782,72768282,500,0,100.0,0.0
442,72768282,72768782,500,0,100.0,0.0
443,72768782,72769282,500,0,100.0,0.0
444,72769282,72769782,500,0,100.0,0.0
445,72769782,72770282,500,0,100.0,0.0
446,72770282,72770782,500,0,100.0,0.0
447,72770782,72771282,500,0,100.0,0.0
448,72771282,72771782,500,0,100.0,0.0
449,72771782,72772282,500,0,100.0,0.0
450,72772282,72772782,500,0,100.0,0.0
451,72772782,72773282,500,0,100.0,0.0
452,72773282,72773782,500,0,100.0,0.0
453,72773782,72774282,500,0,100.0,0.0
454,72774282,72774782,500,0,100.0,0.0
455,72774782,72775282,500,0,100.0,0.0
456,72775282,72775782,500,0,100.0,0.0
457,72775782,72776282,500,0,100.0,0.0
458,72776282,72776782,500,0,100.0,0.0
459,72776782,72777282,500,0,100.0,0.0
460,72777282,72777782,500,0,100.0,0.0
461,72777782,72778282,500,0,100.0,0.0
462,72778282,72778782,500,0,100.0,0.0
463,72778782,72779282,500,0,100.0,0.0
464,72779282,72779782,500,0,100.0,0.0
465,72779782,72780282,500,0,100.0,0.0
466,72780282,72780782,251,249,50.2,49.8
467,72780782,72781282,6,494,1.2,98.8
468,72781282,72781782,110,390,22.0,78.0
469,72781782,72782282,172,328,34.4,65.6
470,72782282,72782782,500,0,100.0,0.0
471,72782782,72783282,500,0,100.0,0.0
472,72783282,72783782,500,0,100.0,0.0
473,72783782,72784282,500,0,100.0,0.0
474,72784282,72784782,500,0,100.0,0.0
475,72784782,72785282,500,0,100.0,0.0
476,72785282,72785782,500,0,100.0,0.0
477,72785782,72786282,500,0,100.0,0.0
478,72786282,72786782,500,0,100.0,0.0
479,72786782,72787282,500,0,100.0,0.0
480,72787282,72787782,500,0,100.0,0.0
481,72787782,72788282,500,0,100.0,0.0
482,72788282,72788782,500,0,100.0,0.0
483,72788782,72789282,500,0,100.0,0.0
484,72789282,72789782,500,0,100.0,0.0
485,72789782,72790282,500,0,100.0,0.0
486,72790282,72790782,500,0,100.0,0.0
487,72790782,72791282,500,0,100.0,0.0
488,72791282,72791782,500,0,100.0,0.0
489,72791782,72792282,500,0,100.0,0.0
490,72792282,72792782,500,0,100.0,0.0
491,72792782,72793282,500,0,100.0,0.0
492,72793282,72793782,500,0,100.0,0.0
493,72793782,72794282,500,0,100.0,0.0
494,72794282,72794782,500,0,100.0,0.0
495,72794782,72795282,500,0,100.0,0.0
496,72795282,72795782,500,0,100.0,0.0
497,72795782,72796282,500,0,100.0,0.0
498,72796282,72796782,244,256,48.8,51.2
499,72796782,72797282,7,493,1.4000000000000001,98.6
500,72797282,72797782,54,446,10.8,89.2
501,72797782,72798282,377,123,75.4,24.599999999999994
502,72798282,72798782,500,0,100.0,0.0
503,72798782,72799282,500,0,100.0,0.0
504,72799282,72799782,500,0,100.0,0.0
505,72799782,72800282,500,0,100.0,0.0
506,72800282,72800782,500,0,100.0,0.0
507,72800782,72801282,500,0,100.0,0.0
508,72801282,72801782,500,0,100.0,0.0
509,72801782,72802282,500,0,100.0,0.0
510,72802282,72802782,500,0,100.0,0.0
511,72802782,72803282,500,0,100.0,0.0
512,72803282,72803782,500,0,100.0,0.0
513,72803782,72804282,500,0,100.0,0.0
514,72804282,72804782,500,0,100.0,0.0
515,72804782,72805282,500,0,100.0,0.0
516,72805282,72805782,500,0,100.0,0.0
517,72805782,72806282,500,0,100.0,0.0
518,72806282,72806782,500,0,100.0,0.0
519,72806782,72807282,500,0,100.0,0.0
520,72807282,72807782,500,0,100.0,0.0
521,72807782,72808282,500,0,100.0,0.0
522,72808282,72808782,500,0,100.0,0.0
523,72808782,72809282,500,0,100.0,0.0
524,72809282,72809782,500,0,100.0,0.0
525,72809782,72810282,500,0,100.0,0.0
526,72810282,72810782,500,0,100.0,0.0
527,72810782,72811282,500,0,100.0,0.0
528,72811282,72811782,500,0,100.0,0.0
529,72811782,72812282,500,0,100.0,0.0
530,72812282,72812782,203,297,40.6,59.4
531,72812782,72813282,7,493,1.4000000000000001,98.6
532,72813282,72813782,76,424,15.2,84.8
533,72813782,72814282,407,93,81.39999999999999,18.60000000000001
534,72814282,72814782,500,0,100.0,0.0
535,72814782,72815282,500,0,100.0,0.0
536,72815282,72815782,500,0,100.0,0.0
537,72815782,72816282,500,0,100.0,0.0
538,72816282,72816782,500,0,100.0,0.0
539,72816782,72817282,500,0,100.0,0.0
540,72817282,72817782,500,0,100.0,0.0
541,72817782,72818282,500,0,100.0,0.0
542,72818282,72818782,500,0,100.0,0.0
543,72818782,72819282,500,0,100.0,0.0
544,72819282,72819782,500,0,100.0,0.0
545,72819782,72820282,500,0,100.0,0.0
546,72820282,72820782,500,0,100.0,0.0
547,72820782,72821282,500,0,100.0,0.0
548,72821282,72821782,500,0,100.0,0.0
549,72821782,72822282,500,0,100.0,0.0
550,72822282,72822782,500,0,100.0,0.0
551,72822782,72823282,500,0,100.0,0.0
552,72823282,72823782,500,0,100.0,0.0
553,72823782,72824282,500,0,100.0,0.0
554,72824282,72824782,500,0,100.0,0.0
555,72824782,72825282,500,0,100.0,0.0
556,72825282,72825782,500,0,100.0,0.0
557,72825782,72826282,500,0,100.0,0.0
558,72826282,72826782,500,0,100.0,0.0
559,72826782,72827282,500,0,100.0,0.0
560,72827282,72827782,500,0,100.0,0.0
561,72827782,72828282,500,0,100.0,0.0
562,72828282,72828782,63,437,12.6,87.4
563,72828782,72829282,50,450,10.0,90.0
564,72829282,72829782,92,408,18.4,81.6
565,72829782,72830282,500,0,100.0,0.0
566,72830282,72830782,500,0,100.0,0.0
567,72830782,72831282,500,0,100.0,0.0
568,72831282,72831782,500,0,100.0,0.0
569,72831782,72832282,500,0,100.0,0.0
570,72832282,72832782,500,0,100.0,0.0
571,72832782,72833282,500,0,100.0,0.0
572,72833282,72833782,500,0,100.0,0.0
573,72833782,72834282,500,0,100.0,0.0
574,72834282,72834782,500,0,100.0,0.0
575,72834782,72835282,500,0,100.0,0.0
576,72835282,72835782,500,0,100.0,0.0
577,72835782,72836282,500,0,100.0,0.0
578,72836282,72836782,500,0,100.0,0.0
579,72836782,72837282,500,0,100.0,0.0
580,72837282,72837782,500,0,100.0,0.0
581,72837782,72838282,500,0,100.0,0.0
582,72838282,72838782,500,0,100.0,0.0
583,72838782,72839282,500,0,100.0,0.0
584,72839282,72839782,500,0,100.0,0.0
585,72839782,72840282,500,0,100.0,0.0
586,72840282,72840782,500,0,100.0,0.0
587,72840782,72841282,500,0,100.0,0.0
588,72841282,72841782,500,0,100.0,0.0
589,72841782,72842282,500,0,100.0,0.0
590,72842282,72842782,500,0,100.0,0.0
591,72842782,72843282,500,0,100.0,0.0
592,72843282,72843782,500,0,100.0,0.0
593,72843782,72844282,500,0,100.0,0.0
594,72844282,72844782,500,0,100.0,0.0
595,72844782,72845282,500,0,100.0,0.0
596,72845282,72845782,500,0,100.0,0.0
597,72845782,72846282,500,0,100.0,0.0
598,72846282,72846782,500,0,100.0,0.0
599,72846782,72847282,237,263,47.4,52.6
600,72847282,72847782,7,493,1.4000000000000001,98.6
601,72847782,72848282,71,429,14.2,85.8
602,72848282,72848782,65,435,13.0,87.0
603,72848782,72849282,500,0,100.0,0.0
604,72849282,72849782,500,0,100.0,0.0
605,72849782,72850282,500,0,100.0,0.0
606,72850282,72850782,500,0,100.0,0.0
607,72850782,72851282,500,0,100.0,0.0
608,72851282,72851782,500,0,100.0,0.0
609,72851782,72852282,500,0,100.0,0.0
610,72852282,72852782,500,0,100.0,0.0
611,72852782,72853282,500,0,100.0,0.0
612,72853282,72853782,500,0,100.0,0.0
613,72853782,72854282,500,0,100.0,0.0
614,72854282,72854782,500,0,100.0,0.0
615,72854782,72855282,500,0,100.0,0.0
616,72855282,72855782,500,0,100.0,0.0
617,72855782,72856282,500,0,100.0,0.0
618,72856282,72856782,500,0,100.0,0.0
619,72856782,72857282,500,0,100.0,0.0
620,72857282,72857782,500,0,100.0,0.0
621,72857782,72858282,500,0,100.0,0.0
622,72858282,72858782,500,0,100.0,0.0
623,72858782,72859282,500,0,100.0,0.0
624,72859282,72859782,500,0,100.0,0.0
625,72859782,72860282,500,0,100.0,0.0
626,72860282,72860782,500,0,100.0,0.0
627,72860782,72861282,500,0,100.0,0.0
628,72861282,72861782,500,0,100.0,0.0
629,72861782,72862282,500,0,100.0,0.0
630,72862282,72862782,500,0,100.0,0.0
631,72862782,72863282,500,0,100.0,0.0
632,72863282,72863782,347,153,69.39999999999999,30.60000000000001
633,72863782,72864282,6,494,1.2,98.8
634,72864282,72864782,62,438,12.4,87.6
635,72864782,72865282,170,330,34.0,66.0
636,72865282,72865782,500,0,100.0,0.0
637,72865782,72866282,500,0,100.0,0.0
638,72866282,72866782,500,0,100.0,0.0
639,72866782,72867282,500,0,100.0,0.0
640,72867282,72867782,500,0,100.0,0.0
641,72867782,72868282,500,0,100.0,0.0
642,72868282,72868782,500,0,100.0,0.0
643,72868782,72869282,500,0,100.0,0.0
644,72869282,72869782,500,0,100.0,0.0
645,72869782,72870282,500,0,100.0,0.0
646,72870282,72870782,500,0,100.0,0.0
647,72870782,72871282,500,0,100.0,0.0
648,72871282,72871782,500,0,100.0,0.0
649,72871782,72872282,500,0,100.0,0.0
650,72872282,72872782,500,0,100.0,0.0
651,72872782,72873282,500,0,100.0,0.0
652,72873282,72873782,500,0,100.0,0.0
653,72873782,72874282,500,0,100.0,0.0
654,72874282,72874782,500,0,100.0,0.0
655,72874782,72875282,500,0,100.0,0.0
656,72875282,72875782,500,0,100.0,0.0
657,72875782,72876282,500,0,100.0,0.0
658,72876282,72876782,500,0,100.0,0.0
659,72876782,72877282,500,0,100.0,0.0
660,72877282,72877782,500,0,100.0,0.0
661,72877782,72878282,500,0,100.0,0.0
662,72878282,72878782,500,0,100.0,0.0
663,72878782,72879282,500,0,100.0,0.0
664,72879282,72879782,500,0,100.0,0.0
665,72879782,72880282,500,0,100.0,0.0
666,72880282,72880782,333,167,66.60000000000001,33.39999999999999
667,72880782,72881282,7,493,1.4000000000000001,98.6
668,72881282,72881782,87,413,17.4,82.6
669,72881782,72882282,36,464,7.199999999999999,92.8
670,72882282,72882782,500,0,100.0,0.0
671,72882782,72883282,500,0,100.0,0.0
672,72883282,72883782,500,0,100.0,0.0
673,72883782,72884282,500,0,100.0,0.0
674,72884282,72884782,500,0,100.0,0.0
675,72884782,72885282,500,0,100.0,0.0
676,72885282,72885782,500,0,100.0,0.0
677,72885782,72886282,500,0,100.0,0.0
678,72886282,72886782,500,0,100.0,0.0
679,72886782,72887282,500,0,100.0,0.0
680,72887282,72887782,500,0,100.0,0.0
681,72887782,72888282,500,0,100.0,0.0
682,72888282,72888782,500,0,100.0,0.0
683,72888782,72889282,500,0,100.0,0.0
684,72889282,72889782,500,0,100.0,0.0
685,72889782,72890282,500,0,100.0,0.0
686,72890282,72890782,500,0,100.0,0.0
687,72890782,72891282,500,0,100.0,0.0
688,72891282,72891782,500,0,100.0,0.0
689,72891782,72892282,500,0,100.0,0.0
690,72892282,72892782,500,0,100.0,0.0
691,72892782,72893282,500,0,100.0,0.0
692,72893282,72893782,500,0,100.0,0.0
693,72893782,72894282,500,0,100.0,0.0
694,72894282,72894782,500,0,100.0,0.0
695,72894782,72895282,500,0,100.0,0.0
696,72895282,72895782,500,0,100.0,0.0
697,72895782,72896282,500,0,100.0,0.0
698,72896282,72896782,500,0,100.0,0.0
699,72896782,72897282,500,0,100.0,0.0
700,72897282,72897782,500,0,100.0,0.0
701,72897782,72898282,500,0,100.0,0.0
702,72898282,72898782,239,261,47.8,52.2
703,72898782,72899282,6,494,1.2,98.8
704,72899282,72899782,113,387,22.6,77.4
705,72899782,72900282,180,320,36.0,64.0
706,72900282,72900782,500,0,100.0,0.0
707,72900782,72901282,500,0,100.0,0.0
708,72901282,72901782,500,0,100.0,0.0
709,72901782,72902282,500,0,100.0,0.0
710,72902282,72902782,500,0,100.0,0.0
711,72902782,72903282,500,0,100.0,0.0
712,72903282,72903782,500,0,100.0,0.0
713,72903782,72904282,500,0,100.0,0.0
714,72904282,72904782,500,0,100.0,0.0
715,72904782,72905282,500,0,100.0,0.0
716,72905282,72905782,500,0,100.0,0.0
717,72905782,72906282,500,0,100.0,0.0
718,72906282,72906782,500,0,100.0,0.0
719,72906782,72907282,500,0,100.0,0.0
720,72907282,72907782,500,0,100.0,0.0
721,72907782,72908282,500,0,100.0,0.0
722,72908282,72908782,500,0,100.0,0.0
723,72908782,72909282,500,0,100.0,0.0
724,72909282,72909782,500,0,100.0,0.0
725,72909782,72910282,500,0,100.0,0.0
726,72910282,72910782,500,0,100.0,0.0
727,72910782,72911282,500,0,100.0,0.0
728,72911282,72911782,500,0,100.0,0.0
729,72911782,72912282,500,0,100.0,0.0
730,72912282,72912782,500,0,100.0,0.0
731,72912782,72913282,500,0,100.0,0.0
732,72913282,72913782,500,0,100.0,0.0
733,72913782,72914282,500,0,100.0,0.0
734,72914282,72914782,500,0,100.0,0.0
735,72914782,72915282,500,0,100.0,0.0
736,72915282,72915782,500,0,100.0,0.0
737,72915782,72916282,142,358,28.4,71.6
738,72916282,72916782,11,489,2.1999999999999997,97.8
739,72916782,72917282,56,444,11.200000000000001,88.8
740,72917282,72917782,358,142,71.6,28.400000000000006
741,72917782,72918282,500,0,100.0,0.0
742,72918282,72918782,500,0,100.0,0.0
743,72918782,72919282,500,0,100.0,0.0
744,72919282,72919782,500,0,100.0,0.0
745,72919782,72920282,500,0,100.0,0.0
746,72920282,72920782,500,0,100.0,0.0
747,72920782,72921282,500,0,100.0,0.0
748,72921282,72921782,500,0,100.0,0.0
749,72921782,72922282,500,0,100.0,0.0
750,72922282,72922782,500,0,100.0,0.0
751,72922782,72923282,500,0,100.0,0.0
752,72923282,72923782,500,0,100.0,0.0
753,72923782,72924282,500,0,100.0,0.0
754,72924282,72924782,500,0,100.0,0.0
755,72924782,72925282,500,0,100.0,0.0
756,72925282,72925782,500,0,100.0,0.0
757,72925782,72926282,500,0,100.0,0.0
758,72926282,72926782,500,0,100.0,0.0
759,72926782,72927282,500,0,100.0,0.0
760,72927282,72927782,500,0,100.0,0.0
761,72927782,72928282,500,0,100.0,0.0
762,72928282,72928782,500,0,100.0,0.0
763,72928782,72929282,500,0,100.0,0.0
764,72929282,72929782,500,0,100.0,0.0
765,72929782,72930282,500,0,100.0,0.0
766,72930282,72930782,500,0,100.0,0.0
767,72930782,72931282,500,0,100.0,0.0
768,72931282,72931782,500,0,100.0,0.0
769,72931782,72932282,500,0,100.0,0.0
770,72932282,72932782,500,0,100.0,0.0
771,72932782,72933282,500,0,100.0,0.0
772,72933282,72933782,368,132,73.6,26.400000000000006
773,72933782,72934282,7,493,1.4000000000000001,98.6
774,72934282,72934782,58,442,11.600000000000001,88.4
775,72934782,72935282,120,380,24.0,76.0
776,72935282,72935782,500,0,100.0,0.0
777,72935782,72936282,500,0,100.0,0.0
778,72936282,72936782,500,0,100.0,0.0
779,72936782,72937282,500,0,100.0,0.0
780,72937282,72937782,500,0,100.0,0.0
781,72937782,72938282,500,0,100.0,0.0
782,72938282,72938782,500,0,100.0,0.0
783,72938782,72939282,500,0,100.0,0.0
784,72939282,72939782,500,0,100.0,0.0
785,72939782,72940282,500,0,100.0,0.0
786,72940282,72940782,500,0,100.0,0.0
787,72940782,72941282,500,0,100.0,0.0
788,72941282,72941782,500,0,100.0,0.0
789,72941782,72942282,500,0,100.0,0.0
790,72942282,72942782,500,0,100.0,0.0
791,72942782,72943282,500,0,100.0,0.0
792,72943282,72943782,500,0,100.0,0.0
793,72943782,72944282,500,0,100.0,0.0
794,72944282,72944782,500,0,100.0,0.0
795,72944782,72945282,500,0,100.0,0.0
796,72945282,72945782,500,0,100.0,0.0
797,72945782,72946282,500,0,100.0,0.0
798,72946282,72946782,500,0,100.0,0.0
799,72946782,72947282,500,0,100.0,0.0
800,72947282,72947782,500,0,100.0,0.0
801,72947782,72948282,500,0,100.0,0.0
802,72948282,72948782,500,0,100.0,0.0
803,72948782,72949282,500,0,100.0,0.0
804,72949282,72949782,489,11,97.8,2.200000000000003
805,72949782,72950282,6,494,1.2,98.8
806,72950282,72950782,47,453,9.4,90.6
807,72950782,72951282,152,348,30.4,69.6
808,72951282,72951782,500,0,100.0,0.0
809,72951782,72952282,500,0,100.0,0.0
810,72952282,72952782,500,0,100.0,0.0
811,72952782,72953282,500,0,100.0,0.0
812,72953282,72953782,500,0,100.0,0.0
813,72953782,72954282,500,0,100.0,0.0
814,72954282,72954782,500,0,100.0,0.0
815,72954782,72955282,500,0,100.0,0.0
816,72955282,72955782,500,0,100.0,0.0
817,72955782,72956282,500,0,100.0,0.0
818,72956282,72956782,500,0,100.0,0.0
819,72956782,72957282,500,0,100.0,0.0
820,72957282,72957782,500,0,100.0,0.0
821,72957782,72958282,500,0,100.0,0.0
822,72958282,72958782,500,0,100.0,0.0
823,72958782,72959282,500,0,100.0,0.0
824,72959282,72959782,500,0,100.0,0.0
825,72959782,72960282,500,0,100.0,0.0
826,72960282,72960782,500,0,100.0,0.0
827,72960782,72961282,500,0,100.0,0.0
828,72961282,72961782,500,0,100.0,0.0
829,72961782,72962282,500,0,100.0,0.0
830,72962282,72962782,500,0,100.0,0.0
831,72962782,72963282,500,0,100.0,0.0
832,72963282,72963782,500,0,100.0,0.0
833,72963782,72964282,500,0,100.0,0.0
834,72964282,72964782,500,0,100.0,0.0
835,72964782,72965282,500,0,100.0,0.0
836,72965282,72965782,500,0,100.0,0.0
837,72965782,72966282,10,490,2.0,98.0
838,72966282,72966782,73,427,14.6,85.4
839,72966782,72967282,42,458,8.4,91.6
840,72967282,72967782,500,0,100.0,0.0
841,72967782,72968282,500,0,100.0,0.0
842,72968282,72968782,500,0,100.0,0.0
843,72968782,72969282,500,0,100.0,0.0
844,72969282,72969782,500,0,100.0,0.0
845,72969782,72970282,500,0,100.0,0.0
846,72970282,72970782,500,0,100.0,0.0
847,72970782,72971282,500,0,100.0,0.0
848,72971282,72971782,500,0,100.0,0.0
849,72971782,72972282,500,0,100.0,0.0
850,72972282,72972782,500,0,100.0,0.0
851,72972782,72973282,500,0,100.0,0.0
852,72973282,72973782,500,0,100.0,0.0
853,72973782,72974282,500,0,100.0,0.0
854,72974282,72974782,500,0,100.0,0.0
855,72974782,72975282,500,0,100.0,0.0
856,72975282,72975782,500,0,100.0,0.0
857,72975782,72976282,500,0,100.0,0.0
858,72976282,72976782,500,0,100.0,0.0
859,72976782,72977282,500,0,100.0,0.0
860,72977282,72977782,500,0,100.0,0.0
861,72977782,72978282,500,0,100.0,0.0
862,72978282,72978782,500,0,100.0,0.0
863,72978782,72979282,500,0,100.0,0.0
864,72979282,72979782,500,0,100.0,0.0
865,72979782,72980282,500,0,100.0,0.0
866,72980282,72980782,500,0,100.0,0.0
867,72980782,72981282,500,0,100.0,0.0
868,72981282,72981782,500,0,100.0,0.0
869,72981782,72982282,500,0,100.0,0.0
870,72982282,72982782,500,0,100.0,0.0
871,72982782,72983282,500,0,100.0,0.0
872,72983282,72983782,287,213,57.4,42.6
873,72983782,72984282,6,494,1.2,98.8
874,72984282,72984782,76,424,15.2,84.8
875,72984782,72985282,207,293,41.4,58.6
876,72985282,72985782,500,0,100.0,0.0
877,72985782,72986282,500,0,100.0,0.0
878,72986282,72986782,500,0,100.0,0.0
879,72986782,72987282,500,0,100.0,0.0
880,72987282,72987782,500,0,100.0,0.0
881,72987782,72988282,500,0,100.0,0.0
882,72988282,72988782,500,0,100.0,0.0
883,72988782,72989282,500,0,100.0,0.0
884,72989282,72989782,500,0,100.0,0.0
885,72989782,72990282,500,0,100.0,0.0
886,72990282,72990782,500,0,100.0,0.0
887,72990782,72991282,500,0,100.0,0.0
888,72991282,72991782,500,0,100.0,0.0
889,72991782,72992282,500,0,100.0,0.0
890,72992282,72992782,500,0,100.0,0.0
891,72992782,72993282,500,0,100.0,0.0
892,72993282,72993782,500,0,100.0,0.0
893,72993782,72994282,500,0,100.0,0.0
894,72994282,72994782,500,0,100.0,0.0
895,72994782,72995282,500,0,100.0,0.0
896,72995282,72995782,500,0,100.0,0.0
897,72995782,72996282,500,0,100.0,0.0
898,72996282,72996782,500,0,100.0,0.0
899,72996782,72997282,500,0,100.0,0.0
900,72997282,72997782,500,0,100.0,0.0
901,72997782,72998282,500,0,100.0,0.0
902,72998282,72998782,500,0,100.0,0.0
903,72998782,72999282,500,0,100.0,0.0
904,72999282,72999782,321,179,64.2,35.8
905,72999782,73000282,6,494,1.2,98.8
906,73000282,73000782,52,448,10.4,89.6
907,73000782,73001282,181,319,36.199999999999996,63.800000000000004
908,73001282,73001782,500,0,100.0,0.0
909,73001782,73002282,500,0,100.0,0.0
910,73002282,73002782,500,0,100.0,0.0
911,73002782,73003282,500,0,100.0,0.0
912,73003282,73003782,500,0,100.0,0.0
913,73003782,73004282,500,0,100.0,0.0
914,73004282,73004782,500,0,100.0,0.0
915,73004782,73005282,500,0,100.0,0.0
916,73005282,73005782,500,0,100.0,0.0
917,73005782,73006282,500,0,100.0,0.0
918,73006282,73006782,500,0,100.0,0.0
919,73006782,73007282,500,0,100.0,0.0
920,73007282,73007782,500,0,100.0,0.0
921,73007782,73008282,500,0,100.0,0.0
922,73008282,73008782,500,0,100.0,0.0
923,73008782,73009282,500,0,100.0,0.0
924,73009282,73009782,500,0,100.0,0.0
925,73009782,73010282,500,0,100.0,0.0
926,73010282,73010782,500,0,100.0,0.0
927,73010782,73011282,500,0,100.0,0.0
928,73011282,73011782,500,0,100.0,0.0
929,73011782,73012282,500,0,100.0,0.0
930,73012282,73012782,500,0,100.0,0.0
931,73012782,73013282,500,0,100.0,0.0
932,73013282,73013782,500,0,100.0,0.0
933,73013782,73014282,500,0,100.0,0.0
934,73014282,73014782,500,0,100.0,0.0
935,73014782,73015282,500,0,100.0,0.0
936,73015282,73015782,500,0,100.0,0.0
937,73015782,73016282,500,0,100.0,0.0
938,73016282,73016782,500,0,100.0,0.0
939,73016782,73017282,500,0,100.0,0.0
940,73017282,73017782,500,0,100.0,0.0
941,73017782,73018282,500,0,100.0,0.0
942,73018282,73018782,500,0,100.0,0.0
943,73018782,73019282,500,0,100.0,0.0
944,73019282,73019782,500,0,100.0,0.0
945,73019782,73020282,500,0,100.0,0.0
946,73020282,73020782,500,0,100.0,0.0
947,73020782,73021282,500,0,100.0,0.0
948,73021282,73021782,500,0,100.0,0.0
949,73021782,73022282,500,0,100.0,0.0
950,73022282,73022782,500,0,100.0,0.0
951,73022782,73023282,500,0,100.0,0.0
952,73023282,73023782,500,0,100.0,0.0
953,73023782,73024282,500,0,100.0,0.0
954,73024282,73024782,500,0,100.0,0.0
955,73024782,73025282,500,0,100.0,0.0
956,73025282,73025782,427,73,85.39999999999999,14.600000000000009
957,73025782,73026282,7,493,1.4000000000000001,98.6
958,73026282,73026782,61,439,12.2,87.8
959,73026782,73027282,60,440,12.0,88.0
960,73027282,73027782,500,0,100.0,0.0
961,73027782,73028282,500,0,100.0,0.0
962,73028282,73028782,500,0,100.0,0.0
963,73028782,73029282,500,0,100.0,0.0
964,73029282,73029782,500,0,100.0,0.0
965,73029782,73030282,500,0,100.0,0.0
966,73030282,73030782,500,0,100.0,0.0
967,73030782,73031282,500,0,100.0,0.0
968,73031282,73031782,500,0,100.0,0.0
969,73031782,73032282,500,0,100.0,0.0
970,73032282,73032782,500,0,100.0,0.0
971,73032782,73033282,500,0,100.0,0.0
972,73033282,73033782,500,0,100.0,0.0
973,73033782,73034282,500,0,100.0,0.0
974,73034282,73034782,500,0,100.0,0.0
975,73034782,73035282,500,0,100.0,0.0
976,73035282,73035782,500,0,100.0,0.0
977,73035782,73036282,500,0,100.0,0.0
978,73036282,73036782,500,0,100.0,0.0
979,73036782,73037282,500,0,100.0,0.0
980,73037282,73037782,500,0,100.0,0.0
981,73037782,73038282,500,0,100.0,0.0
982,73038282,73038782,500,0,100.0,0.0
983,73038782,73039282,500,0,100.0,0.0
984,73039282,73039782,500,0,100.0,0.0
985,73039782,73040282,500,0,100.0,0.0
986,73040282,73040782,500,0,100.0,0.0
987,73040782,73041282,500,0,100.0,0.0
988,73041282,73041782,492,8,98.4,1.5999999999999943
989,73041782,73042282,6,494,1.2,98.8
990,73042282,73042782,7,493,1.4000000000000001,98.6
991,73042782,73043282,74,426,14.799999999999999,85.2
992,73043282,73043782,186,314,37.2,62.8
993,73043782,73044282,500,0,100.0,0.0
994,73044282,73044782,500,0,100.0,0.0
995,73044782,73045282,500,0,100.0,0.0
996,73045282,73045782,500,0,100.0,0.0
997,73045782,73046282,500,0,100.0,0.0
998,73046282,73046782,500,0,100.0,0.0
999,73046782,73047282,500,0,100.0,0.0
1000,73047282,73047782,500,0,100.0,0.0
1001,73047782,73048282,500,0,100.0,0.0
1002,73048282,73048782,500,0,100.0,0.0
1003,73048782,73049282,500,0,100.0,0.0
1004,73049282,73049782,500,0,100.0,0.0
1005,73049782,73050282,500,0,100.0,0.0
1006,73050282,73050782,500,0,100.0,0.0
1007,73050782,73051282,500,0,100.0,0.0
1008,73051282,73051782,500,0,100.0,0.0
1009,73051782,73052282,500,0,100.0,0.0
1010,73052282,73052782,500,0,100.0,0.0
1011,73052782,73053282,500,0,100.0,0.0
1012,73053282,73053782,500,0,100.0,0.0
1013,73053782,73054282,500,0,100.0,0.0
1014,73054282,73054782,500,0,100.0,0.0
1015,73054782,73055282,500,0,100.0,0.0
1016,73055282,73055782,500,0,100.0,0.0
1017,73055782,73056282,500,0,100.0,0.0
1018,73056282,73056782,500,0,100.0,0.0
1019,73056782,73057282,500,0,100.0,0.0
1020,73057282,73057782,500,0,100.0,0.0
1021,73057782,73058282,500,0,100.0,0.0
1022,73058282,73058782,500,0,100.0,0.0
1023,73058782,73059282,500,0,100.0,0.0
1024,73059282,73059782,263,237,52.6,47.4
1025,73059782,73060282,7,493,1.4000000000000001,98.6
1026,73060282,73060782,58,442,11.600000000000001,88.4
1027,73060782,73061282,351,149,70.19999999999999,29.80000000000001
1028,73061282,73061782,500,0,100.0,0.0
1029,73061782,73062282,500,0,100.0,0.0
1030,73062282,73062782,500,0,100.0,0.0
1031,73062782,73063282,500,0,100.0,0.0
1032,73063282,73063782,500,0,100.0,0.0
1033,73063782,73064282,500,0,100.0,0.0
1034,73064282,73064782,500,0,100.0,0.0
1035,73064782,73065282,500,0,100.0,0.0
1036,73065282,73065782,500,0,100.0,0.0
1037,73065782,73066282,500,0,100.0,0.0
1038,73066282,73066782,500,0,100.0,0.0
1039,73066782,73067282,500,0,100.0,0.0
1040,73067282,73067782,500,0,100.0,0.0
1041,73067782,73068282,500,0,100.0,0.0
1042,73068282,73068782,500,0,100.0,0.0
1043,73068782,73069282,500,0,100.0,0.0
1044,73069282,73069782,500,0,100.0,0.0
1045,73069782,73070282,500,0,100.0,0.0
1046,73070282,73070782,500,0,100.0,0.0
1047,73070782,73071282,500,0,100.0,0.0
1048,73071282,73071782,500,0,100.0,0.0
1049,73071782,73072282,500,0,100.0,0.0
1050,73072282,73072782,500,0,100.0,0.0
1051,73072782,73073282,500,0,100.0,0.0
1052,73073282,73073782,500,0,100.0,0.0
1053,73073782,73074282,500,0,100.0,0.0
1054,73074282,73074782,500,0,100.0,0.0
1055,73074782,73075282,500,0,100.0,0.0
1056,73075282,73075782,122,378,24.4,75.6
1057,73075782,73076282,50,450,10.0,90.0
1058,73076282,73076782,53,447,10.6,89.4
1059,73076782,73077282,500,0,100.0,0.0
1060,73077282,73077782,500,0,100.0,0.0
1061,73077782,73078282,500,0,100.0,0.0
1062,73078282,73078782,500,0,100.0,0.0
1063,73078782,73079282,500,0,100.0,0.0
1064,73079282,73079782,500,0,100.0,0.0
1065,73079782,73080282,500,0,100.0,0.0
1066,73080282,73080782,500,0,100.0,0.0
1067,73080782,73081282,500,0,100.0,0.0
1068,73081282,73081782,500,0,100.0,0.0
1069,73081782,73082282,500,0,100.0,0.0
1070,73082282,73082782,500,0,100.0,0.0
1071,73082782,73083282,500,0,100.0,0.0
1072,73083282,73083782,500,0,100.0,0.0
1073,73083782,73084282,500,0,100.0,0.0
1074,73084282,73084782,500,0,100.0,0.0
1075,73084782,73085282,500,0,100.0,0.0
1076,73085282,73085782,500,0,100.0,0.0
1077,73085782,73086282,500,0,100.0,0.0
1078,73086282,73086782,500,0,100.0,0.0
1079,73086782,73087282,500,0,100.0,0.0
1080,73087282,73087782,500,0,100.0,0.0
1081,73087782,73088282,500,0,100.0,0.0
1082,73088282,73088782,500,0,100.0,0.0
1083,73088782,73089282,500,0,100.0,0.0
1084,73089282,73089782,500,0,100.0,0.0
1085,73089782,73090282,500,0,100.0,0.0
1086,73090282,73090782,500,0,100.0,0.0
1087,73090782,73091282,500,0,100.0,0.0
1088,73091282,73091782,500,0,100.0,0.0
1089,73091782,73092282,144,356,28.799999999999997,71.2
1090,73092282,73092782,8,492,1.6,98.4
1091,73092782,73093282,66,434,13.200000000000001,86.8
1092,73093282,73093782,281,219,56.2,43.8
1093,73093782,73094282,500,0,100.0,0.0
1094,73094282,73094782,500,0,100.0,0.0
1095,73094782,73095282,500,0,100.0,0.0
1096,73095282,73095782,500,0,100.0,0.0
1097,73095782,73096282,500,0,100.0,0.0
1098,73096282,73096782,500,0,100.0,0.0
1099,73096782,73097282,500,0,100.0,0.0
1100,73097282,73097782,500,0,100.0,0.0
1101,73097782,73098282,500,0,100.0,0.0
1102,73098282,73098782,500,0,100.0,0.0
1103,73098782,73099282,500,0,100.0,0.0
1104,73099282,73099782,500,0,100.0,0.0
1105,73099782,73100282,500,0,100.0,0.0
1106,73100282,73100782,500,0,100.0,0.0
1107,73100782,73101282,500,0,100.0,0.0
1108,73101282,73101782,500,0,100.0,0.0
1109,73101782,73102282,500,0,100.0,0.0
1110,73102282,73102782,500,0,100.0,0.0
1111,73102782,73103282,500,0,100.0,0.0
1112,73103282,73103782,500,0,100.0,0.0
1113,73103782,73104282,500,0,100.0,0.0
1114,73104282,73104782,500,0,100.0,0.0
1115,73104782,73105282,500,0,100.0,0.0
1116,73105282,73105782,500,0,100.0,0.0
1117,73105782,73106282,500,0,100.0,0.0
1118,73106282,73106782,500,0,100.0,0.0
1119,73106782,73107282,500,0,100.0,0.0
1120,73107282,73107782,500,0,100.0,0.0
1121,73107782,73108282,500,0,100.0,0.0
1122,73108282,73108782,500,0,100.0,0.0
1123,73108782,73109282,363,137,72.6,27.400000000000006
1124,73109282,73109782,10,490,2.0,98.0
1125,73109782,73110282,59,441,11.799999999999999,88.2
1126,73110282,73110782,238,262,47.599999999999994,52.400000000000006
1127,73110782,73111282,500,0,100.0,0.0
1128,73111282,73111782,500,0,100.0,0.0
1129,73111782,73112282,500,0,100.0,0.0
1130,73112282,73112782,500,0,100.0,0.0
1131,73112782,73113282,500,0,100.0,0.0
1132,73113282,73113782,500,0,100.0,0.0
1133,73113782,73114282,500,0,100.0,0.0
1134,73114282,73114782,500,0,100.0,0.0
1135,73114782,73115282,500,0,100.0,0.0
1136,73115282,73115782,500,0,100.0,0.0
1137,73115782,73116282,500,0,100.0,0.0
1138,73116282,73116782,500,0,100.0,0.0
1139,73116782,73117282,500,0,100.0,0.0
1140,73117282,73117782,500,0,100.0,0.0
1141,73117782,73118282,500,0,100.0,0.0
1142,73118282,73118782,500,0,100.0,0.0
1143,73118782,73119282,500,0,100.0,0.0
1144,73119282,73119782,500,0,100.0,0.0
1145,73119782,73120282,500,0,100.0,0.0
1146,73120282,73120782,500,0,100.0,0.0
1147,73120782,73121282,500,0,100.0,0.0
1148,73121282,73121782,500,0,100.0,0.0
1149,73121782,73122282,500,0,100.0,0.0
1150,73122282,73122782,500,0,100.0,0.0
1151,73122782,73123282,500,0,100.0,0.0
1152,73123282,73123782,500,0,100.0,0.0
1153,73123782,73124282,500,0,100.0,0.0
1154,73124282,73124782,500,0,100.0,0.0
1155,73124782,73125282,482,18,96.39999999999999,3.6000000000000085
1156,73125282,73125782,8,492,1.6,98.4
1157,73125782,73126282,49,451,9.8,90.2
1158,73126282,73126782,134,366,26.8,73.2
1159,73126782,73127282,500,0,100.0,0.0
1160,73127282,73127782,500,0,100.0,0.0
1161,73127782,73128282,500,0,100.0,0.0
1162,73128282,73128782,500,0,100.0,0.0
1163,73128782,73129282,500,0,100.0,0.0
1164,73129282,73129782,500,0,100.0,0.0
1165,73129782,73130282,500,0,100.0,0.0
1166,73130282,73130782,500,0,100.0,0.0
1167,73130782,73131282,500,0,100.0,0.0
1168,73131282,73131782,500,0,100.0,0.0
1169,73131782,73132282,500,0,100.0,0.0
1170,73132282,73132782,500,0,100.0,0.0
1171,73132782,73133282,500,0,100.0,0.0
1172,73133282,73133782,500,0,100.0,0.0
1173,73133782,73134282,500,0,100.0,0.0
1174,73134282,73134782,500,0,100.0,0.0
1175,73134782,73135282,500,0,100.0,0.0
1176,73135282,73135782,500,0,100.0,0.0
1177,73135782,73136282,500,0,100.0,0.0
1178,73136282,73136782,500,0,100.0,0.0
1179,73136782,73137282,500,0,100.0,0.0
1180,73137282,73137782,500,0,100.0,0.0
1181,73137782,73138282,500,0,100.0,0.0
1182,73138282,73138782,500,0,100.0,0.0
1183,73138782,73139282,500,0,100.0,0.0
1184,73139282,73139782,500,0,100.0,0.0
1185,73139782,73140282,500,0,100.0,0.0
1186,73140282,73140782,500,0,100.0,0.0
1187,73140782,73141282,473,27,94.6,5.400000000000006
1188,73141282,73141782,7,493,1.4000000000000001,98.6
1189,73141782,73142282,47,453,9.4,90.6
1190,73142282,73142782,132,368,26.400000000000002,73.6
1191,73142782,73143282,500,0,100.0,0.0
1192,73143282,73143782,500,0,100.0,0.0
1193,73143782,73144282,500,0,100.0,0.0
1194,73144282,73144782,500,0,100.0,0.0
1195,73144782,73145282,500,0,100.0,0.0
1196,73145282,73145782,500,0,100.0,0.0
1197,73145782,73146282,500,0,100.0,0.0
1198,73146282,73146782,500,0,100.0,0.0
1199,73146782,73147282,500,0,100.0,0.0
1200,73147282,73147782,500,0,100.0,0.0
1201,73147782,73148282,500,0,100.0,0.0
1202,73148282,73148782,500,0,100.0,0.0
1203,73148782,73149282,500,0,100.0,0.0
1204,73149282,73149782,500,0,100.0,0.0
1205,73149782,73150282,500,0,100.0,0.0
1206,73150282,73150782,500,0,100.0,0.0
1207,73150782,73151282,500,0,100.0,0.0
1208,73151282,73151782,500,0,100.0,0.0
1209,73151782,73152282,500,0,100.0,0.0
1210,73152282,73152782,500,0,100.0,0.0
1211,73152782,73153282,500,0,100.0,0.0
1212,73153282,73153782,500,0,100.0,0.0
1213,73153782,73154282,500,0,100.0,0.0
1214,73154282,73154782,500,0,100.0,0.0
1215,73154782,73155282,500,0,100.0,0.0
1216,73155282,73155782,500,0,100.0,0.0
1217,73155782,73156282,500,0,100.0,0.0
1218,73156282,73156782,500,0,100.0,0.0
1219,73156782,73157282,500,0,100.0,0.0
1220,73157282,73157782,62,438,12.4,87.6
1221,73157782,73158282,51,449,10.2,89.8
1222,73158282,73158782,62,438,12.4,87.6
1223,73158782,73159282,500,0,100.0,0.0
1224,73159282,73159782,500,0,100.0,0.0
1225,73159782,73160282,500,0,100.0,0.0
1226,73160282,73160782,500,0,100.0,0.0
1227,73160782,73161282,500,0,100.0,0.0
1228,73161282,73161782,500,0,100.0,0.0
1229,73161782,73162282,500,0,100.0,0.0
1230,73162282,73162782,500,0,100.0,0.0
1231,73162782,73163282,500,0,100.0,0.0
1232,73163282,73163782,500,0,100.0,0.0
1233,73163782,73164282,500,0,100.0,0.0
1234,73164282,73164782,500,0,100.0,0.0
1235,73164782,73165282,500,0,100.0,0.0
1236,73165282,73165782,500,0,100.0,0.0
1237,73165782,73166282,500,0,100.0,0.0
1238,73166282,73166782,500,0,100.0,0.0
1239,73166782,73167282,500,0,100.0,0.0
1240,73167282,73167782,500,0,100.0,0.0
1241,73167782,73168282,500,0,100.0,0.0
1242,73168282,73168782,500,0,100.0,0.0
1243,73168782,73169282,500,0,100.0,0.0
1244,73169282,73169782,500,0,100.0,0.0
1245,73169782,73170282,500,0,100.0,0.0
1246,73170282,73170782,500,0,100.0,0.0
1247,73170782,73171282,500,0,100.0,0.0
1248,73171282,73171782,500,0,100.0,0.0
1249,73171782,73172282,500,0,100.0,0.0
1250,73172282,73172782,500,0,100.0,0.0
1251,73172782,73173282,500,0,100.0,0.0
1252,73173282,73173782,23,477,4.6,95.4
1253,73173782,73174282,46,454,9.2,90.8
1254,73174282,73174782,122,378,24.4,75.6
1255,73174782,73175282,500,0,100.0,0.0
1256,73175282,73175782,500,0,100.0,0.0
1257,73175782,73176282,500,0,100.0,0.0
1258,73176282,73176782,500,0,100.0,0.0
1259,73176782,73177282,500,0,100.0,0.0
1260,73177282,73177782,500,0,100.0,0.0
1261,73177782,73178282,500,0,100.0,0.0
1262,73178282,73178782,500,0,100.0,0.0
1263,73178782,73179282,500,0,100.0,0.0
1264,73179282,73179782,500,0,100.0,0.0
1265,73179782,73180282,500,0,100.0,0.0
1266,73180282,73180782,500,0,100.0,0.0
1267,73180782,73181282,500,0,100.0,0.0
1268,73181282,73181782,500,0,100.0,0.0
1269,73181782,73182282,500,0,100.0,0.0
1270,73182282,73182782,500,0,100.0,0.0
1271,73182782,73183282,500,0,100.0,0.0
1272,73183282,73183782,500,0,100.0,0.0
1273,73183782,73184282,500,0,100.0,0.0
1274,73184282,73184782,500,0,100.0,0.0
1275,73184782,73185282,500,0,100.0,0.0
1276,73185282,73185782,500,0,100.0,0.0
1277,73185782,73186282,500,0,100.0,0.0
1278,73186282,73186782,500,0,100.0,0.0
1279,73186782,73187282,500,0,100.0,0.0
1280,73187282,73187782,500,0,100.0,0.0
1281,73187782,73188282,500,0,100.0,0.0
1282,73188282,73188782,500,0,100.0,0.0
1283,73188782,73189282,500,0,100.0,0.0
1284,73189282,73189782,178,322,35.6,64.4
1285,73189782,73190282,7,493,1.4000000000000001,98.6
1286,73190282,73190782,53,447,10.6,89.4
1287,73190782,73191282,390,110,78.0,22.0
1288,73191282,73191782,500,0,100.0,0.0
1289,73191782,73192282,500,0,100.0,0.0
1290,73192282,73192782,500,0,100.0,0.0
1291,73192782,73193282,500,0,100.0,0.0
1292,73193282,73193782,500,0,100.0,0.0
1293,73193782,73194282,500,0,100.0,0.0
1294,73194282,73194782,500,0,100.0,0.0
1295,73194782,73195282,500,0,100.0,0.0
1296,73195282,73195782,500,0,100.0,0.0
1297,73195782,73196282,500,0,100.0,0.0
1298,73196282,73196782,500,0,100.0,0.0
1299,73196782,73197282,500,0,100.0,0.0
1300,73197282,73197782,500,0,100.0,0.0
1301,73197782,73198282,500,0,100.0,0.0
1302,73198282,73198782,500,0,100.0,0.0
1303,73198782,73199282,500,0,100.0,0.0
1304,73199282,73199782,500,0,100.0,0.0
1305,73199782,73200282,500,0,100.0,0.0
1306,73200282,73200782,500,0,100.0,0.0
1307,73200782,73201282,500,0,100.0,0.0
1308,73201282,73201782,500,0,100.0,0.0
1309,73201782,73202282,500,0,100.0,0.0
1310,73202282,73202782,500,0,100.0,0.0
1311,73202782,73203282,500,0,100.0,0.0
1312,73203282,73203782,500,0,100.0,0.0
1313,73203782,73204282,500,0,100.0,0.0
1314,73204282,73204782,500,0,100.0,0.0
1315,73204782,73205282,500,0,100.0,0.0
1316,73205282,73205782,500,0,100.0,0.0
1317,73205782,73206282,10,490,2.0,98.0
1318,73206282,73206782,53,447,10.6,89.4
1319,73206782,73207282,40,460,8.0,92.0
1320,73207282,73207782,500,0,100.0,0.0
1321,73207782,73208282,500,0,100.0,0.0
1322,73208282,73208782,500,0,100.0,0.0
1323,73208782,73209282,500,0,100.0,0.0
1324,73209282,73209782,500,0,100.0,0.0
1325,73209782,73210282,500,0,100.0,0.0
1326,73210282,73210782,500,0,100.0,0.0
1327,73210782,73211282,500,0,100.0,0.0
1328,73211282,73211782,500,0,100.0,0.0
1329,73211782,73212282,500,0,100.0,0.0
1330,73212282,73212782,500,0,100.0,0.0
1331,73212782,73213282,500,0,100.0,0.0
1332,73213282,73213782,500,0,100.0,0.0
1333,73213782,73214282,500,0,100.0,0.0
1334,73214282,73214782,500,0,100.0,0.0
1335,73214782,73215282,500,0,100.0,0.0
1336,73215282,73215782,500,0,100.0,0.0
1337,73215782,73216282,500,0,100.0,0.0
1338,73216282,73216782,500,0,100.0,0.0
1339,73216782,73217282,500,0,100.0,0.0
1340,73217282,73217782,500,0,100.0,0.0
1341,73217782,73218282,500,0,100.0,0.0
1342,73218282,73218782,500,0,100.0,0.0
1343,73218782,73219282,500,0,100.0,0.0
1344,73219282,73219782,500,0,100.0,0.0
1345,73219782,73220282,500,0,100.0,0.0
1346,73220282,73220782,500,0,100.0,0.0
1347,73220782,73221282,500,0,100.0,0.0
1348,73221282,73221782,500,0,100.0,0.0
1349,73221782,73222282,500,0,100.0,0.0
1350,73222282,73222782,149,351,29.799999999999997,70.2
1351,73222782,73223282,40,460,8.0,92.0
1352,73223282,73223782,29,471,5.800000000000001,94.2
1353,73223782,73224282,500,0,100.0,0.0
1354,73224282,73224782,500,0,100.0,0.0
1355,73224782,73225282,500,0,100.0,0.0
1356,73225282,73225782,500,0,100.0,0.0
1357,73225782,73226282,500,0,100.0,0.0
1358,73226282,73226782,500,0,100.0,0.0
1359,73226782,73227282,500,0,100.0,0.0
1360,73227282,73227782,500,0,100.0,0.0
1361,73227782,73228282,500,0,100.0,0.0
1362,73228282,73228782,500,0,100.0,0.0
1363,73228782,73229282,500,0,100.0,0.0
1364,73229282,73229782,500,0,100.0,0.0
1365,73229782,73230282,500,0,100.0,0.0
1366,73230282,73230782,500,0,100.0,0.0
1367,73230782,73231282,500,0,100.0,0.0
1368,73231282,73231782,500,0,100.0,0.0
1369,73231782,73232282,500,0,100.0,0.0
1370,73232282,73232782,500,0,100.0,0.0
1371,73232782,73233282,500,0,100.0,0.0
1372,73233282,73233782,500,0,100.0,0.0
1373,73233782,73234282,500,0,100.0,0.0
1374,73234282,73234782,500,0,100.0,0.0
1375,73234782,73235282,500,0,100.0,0.0
1376,73235282,73235782,500,0,100.0,0.0
1377,73235782,73236282,500,0,100.0,0.0
1378,73236282,73236782,500,0,100.0,0.0
1379,73236782,73237282,500,0,100.0,0.0
1380,73237282,73237782,500,0,100.0,0.0
1381,73237782,73238282,500,0,100.0,0.0
1382,73238282,73238782,500,0,100.0,0.0
1383,73238782,73239282,384,116,76.8,23.200000000000003
1384,73239282,73239782,8,492,1.6,98.4
1385,73239782,73240282,50,450,10.0,90.0
1386,73240282,73240782,242,258,48.4,51.6
1387,73240782,73241282,500,0,100.0,0.0
1388,73241282,73241782,500,0,100.0,0.0
1389,73241782,73242282,500,0,100.0,0.0
1390,73242282,73242782,500,0,100.0,0.0
1391,73242782,73243282,500,0,100.0,0.0
1392,73243282,73243782,500,0,100.0,0.0
1393,73243782,73244282,500,0,100.0,0.0
1394,73244282,73244782,500,0,100.0,0.0
1395,73244782,73245282,500,0,100.0,0.0
1396,73245282,73245782,500,0,100.0,0.0
1397,73245782,73246282,500,0,100.0,0.0
1398,73246282,73246782,500,0,100.0,0.0
1399,73246782,73247282,500,0,100.0,0.0
1400,73247282,73247782,500,0,100.0,0.0
1401,73247782,73248282,500,0,100.0,0.0
1402,73248282,73248782,500,0,100.0,0.0
1403,73248782,73249282,500,0,100.0,0.0
1404,73249282,73249782,500,0,100.0,0.0
1405,73249782,73250282,500,0,100.0,0.0
1406,73250282,73250782,500,0,100.0,0.0
1407,73250782,73251282,500,0,100.0,0.0
1408,73251282,73251782,500,0,100.0,0.0
1409,73251782,73252282,500,0,100.0,0.0
1410,73252282,73252782,500,0,100.0,0.0
1411,73252782,73253282,500,0,100.0,0.0
1412,73253282,73253782,500,0,100.0,0.0
1413,73253782,73254282,500,0,100.0,0.0
1414,73254282,73254782,500,0,100.0,0.0
1415,73254782,73255282,500,0,100.0,0.0
1416,73255282,73255782,315,185,63.0,37.0
1417,73255782,73256282,7,493,1.4000000000000001,98.6
1418,73256282,73256782,54,446,10.8,89.2
1419,73256782,73257282,161,339,32.2,67.8
1420,73257282,73257782,500,0,100.0,0.0
1421,73257782,73258282,500,0,100.0,0.0
1422,73258282,73258782,500,0,100.0,0.0
1423,73258782,73259282,500,0,100.0,0.0
1424,73259282,73259782,500,0,100.0,0.0
1425,73259782,73260282,500,0,100.0,0.0
1426,73260282,73260782,500,0,100.0,0.0
1427,73260782,73261282,500,0,100.0,0.0
1428,73261282,73261782,500,0,100.0,0.0
1429,73261782,73262282,500,0,100.0,0.0
1430,73262282,73262782,500,0,100.0,0.0
1431,73262782,73263282,500,0,100.0,0.0
1432,73263282,73263782,500,0,100.0,0.0
1433,73263782,73264282,500,0,100.0,0.0
1434,73264282,73264782,500,0,100.0,0.0
1435,73264782,73265282,500,0,100.0,0.0
1436,73265282,73265782,500,0,100.0,0.0
1437,73265782,73266282,500,0,100.0,0.0
1438,73266282,73266782,500,0,100.0,0.0
1439,73266782,73267282,500,0,100.0,0.0
1440,73267282,73267782,500,0,100.0,0.0
1441,73267782,73268282,500,0,100.0,0.0
1442,73268282,73268782,500,0,100.0,0.0
1443,73268782,73269282,500,0,100.0,0.0
1444,73269282,73269782,500,0,100.0,0.0
1445,73269782,73270282,500,0,100.0,0.0
1446,73270282,73270782,500,0,100.0,0.0
1447,73270782,73271282,500,0,100.0,0.0
1448,73271282,73271782,500,0,100.0,0.0
1449,73271782,73272282,500,0,100.0,0.0
1450,73272282,73272782,129,371,25.8,74.2
1451,73272782,73273282,26,474,5.2,94.8
1452,73273282,73273782,36,464,7.199999999999999,92.8
1453,73273782,73274282,471,29,94.19999999999999,5.800000000000011
1454,73274282,73274782,500,0,100.0,0.0
1455,73274782,73275282,500,0,100.0,0.0
1456,73275282,73275782,500,0,100.0,0.0
1457,73275782,73276282,500,0,100.0,0.0
1458,73276282,73276782,500,0,100.0,0.0
1459,73276782,73277282,500,0,100.0,0.0
1460,73277282,73277782,500,0,100.0,0.0
1461,73277782,73278282,500,0,100.0,0.0
1462,73278282,73278782,500,0,100.0,0.0
1463,73278782,73279282,500,0,100.0,0.0
1464,73279282,73279782,500,0,100.0,0.0
1465,73279782,73280282,500,0,100.0,0.0
1466,73280282,73280782,500,0,100.0,0.0
1467,73280782,73281282,500,0,100.0,0.0
1468,73281282,73281782,500,0,100.0,0.0
1469,73281782,73282282,500,0,100.0,0.0
1470,73282282,73282782,500,0,100.0,0.0
1471,73282782,73283282,500,0,100.0,0.0
1472,73283282,73283782,500,0,100.0,0.0
1473,73283782,73284282,500,0,100.0,0.0
1474,73284282,73284782,500,0,100.0,0.0
1475,73284782,73285282,500,0,100.0,0.0
1476,73285282,73285782,500,0,100.0,0.0
1477,73285782,73286282,500,0,100.0,0.0
1478,73286282,73286782,500,0,100.0,0.0
1479,73286782,73287282,500,0,100.0,0.0
1480,73287282,73287782,500,0,100.0,0.0
1481,73287782,73288282,500,0,100.0,0.0
1482,73288282,73288782,188,312,37.6,62.4
1483,73288782,73289282,6,494,1.2,98.8
1484,73289282,73289782,49,451,9.8,90.2
1485,73289782,73290282,414,86,82.8,17.200000000000003
1486,73290282,73290782,500,0,100.0,0.0
1487,73290782,73291282,500,0,100.0,0.0
1488,73291282,73291782,500,0,100.0,0.0
1489,73291782,73292282,500,0,100.0,0.0
1490,73292282,73292782,500,0,100.0,0.0
1491,73292782,73293282,500,0,100.0,0.0
1492,73293282,73293782,500,0,100.0,0.0
1493,73293782,73294282,500,0,100.0,0.0
1494,73294282,73294782,500,0,100.0,0.0
1495,73294782,73295282,500,0,100.0,0.0
1496,73295282,73295782,500,0,100.0,0.0
1497,73295782,73296282,500,0,100.0,0.0
1498,73296282,73296782,500,0,100.0,0.0
1499,73296782,73297282,500,0,100.0,0.0
1500,73297282,73297782,500,0,100.0,0.0
1501,73297782,73298282,500,0,100.0,0.0
1502,73298282,73298782,500,0,100.0,0.0
1503,73298782,73299282,500,0,100.0,0.0
1504,73299282,73299782,500,0,100.0,0.0
1505,73299782,73300282,500,0,100.0,0.0
1506,73300282,73300782,500,0,100.0,0.0
1507,73300782,73301282,500,0,100.0,0.0
1508,73301282,73301782,500,0,100.0,0.0
1509,73301782,73302282,500,0,100.0,0.0
1510,73302282,73302782,500,0,100.0,0.0
1511,73302782,73303282,500,0,100.0,0.0
1512,73303282,73303782,500,0,100.0,0.0
1513,73303782,73304282,500,0,100.0,0.0
1514,73304282,73304782,300,200,60.0,40.0
1515,73304782,73305282,8,492,1.6,98.4
1516,73305282,73305782,47,453,9.4,90.6
1517,73305782,73306282,346,154,69.19999999999999,30.80000000000001
1518,73306282,73306782,500,0,100.0,0.0
1519,73306782,73307282,500,0,100.0,0.0
1520,73307282,73307782,500,0,100.0,0.0
1521,73307782,73308282,500,0,100.0,0.0
1522,73308282,73308782,500,0,100.0,0.0
1523,73308782,73309282,500,0,100.0,0.0
1524,73309282,73309782,500,0,100.0,0.0
1525,73309782,73310282,500,0,100.0,0.0
1526,73310282,73310782,500,0,100.0,0.0
1527,73310782,73311282,500,0,100.0,0.0
1528,73311282,73311782,500,0,100.0,0.0
1529,73311782,73312282,500,0,100.0,0.0
1530,73312282,73312782,500,0,100.0,0.0
1531,73312782,73313282,500,0,100.0,0.0
1532,73313282,73313782,500,0,100.0,0.0
1533,73313782,73314282,500,0,100.0,0.0
1534,73314282,73314782,500,0,100.0,0.0
1535,73314782,73315282,500,0,100.0,0.0
1536,73315282,73315782,500,0,100.0,0.0
1537,73315782,73316282,500,0,100.0,0.0
1538,73316282,73316782,500,0,100.0,0.0
1539,73316782,73317282,500,0,100.0,0.0
1540,73317282,73317782,500,0,100.0,0.0
1541,73317782,73318282,500,0,100.0,0.0
1542,73318282,73318782,500,0,100.0,0.0
1543,73318782,73319282,500,0,100.0,0.0
1544,73319282,73319782,500,0,100.0,0.0
1545,73319782,73320282,500,0,100.0,0.0
1546,73320282,73320782,500,0,100.0,0.0
1547,73320782,73321282,219,281,43.8,56.2
1548,73321282,73321782,8,492,1.6,98.4
1549,73321782,73322282,54,446,10.8,89.2
1550,73322282,73322782,307,193,61.4,38.6
1551,73322782,73323282,500,0,100.0,0.0
1552,73323282,73323782,500,0,100.0,0.0
1553,73323782,73324282,500,0,100.0,0.0
1554,73324282,73324782,500,0,100.0,0.0
1555,73324782,73325282,500,0,100.0,0.0
1556,73325282,73325782,500,0,100.0,0.0
1557,73325782,73326282,500,0,100.0,0.0
1558,73326282,73326782,500,0,100.0,0.0
1559,73326782,73327282,500,0,100.0,0.0
1560,73327282,73327782,500,0,100.0,0.0
1561,73327782,73328282,500,0,100.0,0.0
1562,73328282,73328782,500,0,100.0,0.0
1563,73328782,73329282,500,0,100.0,0.0
1564,73329282,73329782,500,0,100.0,0.0
1565,73329782,73330282,500,0,100.0,0.0
1566,73330282,73330782,500,0,100.0,0.0
1567,73330782,73331282,500,0,100.0,0.0
1568,73331282,73331782,500,0,100.0,0.0
1569,73331782,73332282,500,0,100.0,0.0
1570,73332282,73332782,500,0,100.0,0.0
1571,73332782,73333282,500,0,100.0,0.0
1572,73333282,73333782,500,0,100.0,0.0
1573,73333782,73334282,500,0,100.0,0.0
1574,73334282,73334782,500,0,100.0,0.0
1575,73334782,73335282,500,0,100.0,0.0
1576,73335282,73335782,500,0,100.0,0.0
1577,73335782,73336282,500,0,100.0,0.0
1578,73336282,73336782,427,73,85.39999999999999,14.600000000000009
1579,73336782,73337282,7,493,1.4000000000000001,98.6
1580,73337282,73337782,62,438,12.4,87.6
1581,73337782,73338282,64,436,12.8,87.2
1582,73338282,73338782,500,0,100.0,0.0
1583,73338782,73339282,500,0,100.0,0.0
1584,73339282,73339782,500,0,100.0,0.0
1585,73339782,73340282,500,0,100.0,0.0
1586,73340282,73340782,500,0,100.0,0.0
1587,73340782,73341282,500,0,100.0,0.0
1588,73341282,73341782,500,0,100.0,0.0
1589,73341782,73342282,500,0,100.0,0.0
1590,73342282,73342782,500,0,100.0,0.0
1591,73342782,73343282,500,0,100.0,0.0
1592,73343282,73343782,500,0,100.0,0.0
1593,73343782,73344282,500,0,100.0,0.0
1594,73344282,73344782,500,0,100.0,0.0
1595,73344782,73345282,500,0,100.0,0.0
1596,73345282,73345782,500,0,100.0,0.0
1597,73345782,73346282,500,0,100.0,0.0
1598,73346282,73346782,500,0,100.0,0.0
1599,73346782,73347282,500,0,100.0,0.0
1600,73347282,73347782,500,0,100.0,0.0
1601,73347782,73348282,500,0,100.0,0.0
1602,73348282,73348782,500,0,100.0,0.0
1603,73348782,73349282,500,0,100.0,0.0
1604,73349282,73349782,500,0,100.0,0.0
1605,73349782,73350282,500,0,100.0,0.0
1606,73350282,73350782,500,0,100.0,0.0
1607,73350782,73351282,500,0,100.0,0.0
1608,73351282,73351782,500,0,100.0,0.0
1609,73351782,73352282,500,0,100.0,0.0
1610,73352282,73352782,500,0,100.0,0.0
1611,73352782,73353282,103,397,20.599999999999998,79.4
1612,73353282,73353782,7,493,1.4000000000000001,98.6
1613,73353782,73354282,73,427,14.6,85.4
1614,73354282,73354782,177,323,35.4,64.6
1615,73354782,73355282,500,0,100.0,0.0
1616,73355282,73355782,500,0,100.0,0.0
1617,73355782,73356282,500,0,100.0,0.0
1618,73356282,73356782,500,0,100.0,0.0
1619,73356782,73357282,500,0,100.0,0.0
1620,73357282,73357782,500,0,100.0,0.0
1621,73357782,73358282,500,0,100.0,0.0
1622,73358282,73358782,500,0,100.0,0.0
1623,73358782,73359282,500,0,100.0,0.0
1624,73359282,73359782,500,0,100.0,0.0
1625,73359782,73360282,500,0,100.0,0.0
1626,73360282,73360782,500,0,100.0,0.0
1627,73360782,73361282,500,0,100.0,0.0
1628,73361282,73361782,500,0,100.0,0.0
1629,73361782,73362282,500,0,100.0,0.0
1630,73362282,73362782,500,0,100.0,0.0
1631,73362782,73363282,500,0,100.0,0.0
1632,73363282,73363782,500,0,100.0,0.0
1633,73363782,73364282,500,0,100.0,0.0
1634,73364282,73364782,500,0,100.0,0.0
1635,73364782,73365282,500,0,100.0,0.0
1636,73365282,73365782,500,0,100.0,0.0
1637,73365782,73366282,500,0,100.0,0.0
1638,73366282,73366782,500,0,100.0,0.0
1639,73366782,73367282,500,0,100.0,0.0
1640,73367282,73367782,500,0,100.0,0.0
1641,73367782,73368282,500,0,100.0,0.0
1642,73368282,73368782,500,0,100.0,0.0
1643,73368782,73369282,500,0,100.0,0.0
1644,73369282,73369782,500,0,100.0,0.0
1645,73369782,73370282,500,0,100.0,0.0
1646,73370282,73370782,54,446,10.8,89.2
1647,73370782,73371282,11,489,2.1999999999999997,97.8
1648,73371282,73371782,57,443,11.4,88.6
1649,73371782,73372282,457,43,91.4,8.599999999999994
1650,73372282,73372782,500,0,100.0,0.0
1651,73372782,73373282,500,0,100.0,0.0
1652,73373282,73373782,500,0,100.0,0.0
1653,73373782,73374282,500,0,100.0,0.0
1654,73374282,73374782,500,0,100.0,0.0
1655,73374782,73375282,500,0,100.0,0.0
1656,73375282,73375782,500,0,100.0,0.0
1657,73375782,73376282,500,0,100.0,0.0
1658,73376282,73376782,500,0,100.0,0.0
1659,73376782,73377282,500,0,100.0,0.0
1660,73377282,73377782,500,0,100.0,0.0
1661,73377782,73378282,500,0,100.0,0.0
1662,73378282,73378782,500,0,100.0,0.0
1663,73378782,73379282,500,0,100.0,0.0
1664,73379282,73379782,500,0,100.0,0.0
1665,73379782,73380282,500,0,100.0,0.0
1666,73380282,73380782,500,0,100.0,0.0
1667,73380782,73381282,500,0,100.0,0.0
1668,73381282,73381782,500,0,100.0,0.0
1669,73381782,73382282,500,0,100.0,0.0
1670,73382282,73382782,500,0,100.0,0.0
1671,73382782,73383282,500,0,100.0,0.0
1672,73383282,73383782,500,0,100.0,0.0
1673,73383782,73384282,500,0,100.0,0.0
1674,73384282,73384782,500,0,100.0,0.0
1675,73384782,73385282,500,0,100.0,0.0
1676,73385282,73385782,500,0,100.0,0.0
1677,73385782,73386282,500,0,100.0,0.0
1678,73386282,73386782,500,0,100.0,0.0
1679,73386782,73387282,163,337,32.6,67.4
1680,73387282,73387782,21,479,4.2,95.8
1681,73387782,73388282,37,463,7.3999999999999995,92.6
1682,73388282,73388782,251,249,50.2,49.8
1683,73388782,73389282,500,0,100.0,0.0
1684,73389282,73389782,500,0,100.0,0.0
1685,73389782,73390282,500,0,100.0,0.0
1686,73390282,73390782,500,0,100.0,0.0
1687,73390782,73391282,500,0,100.0,0.0
1688,73391282,73391782,500,0,100.0,0.0
1689,73391782,73392282,500,0,100.0,0.0
1690,73392282,73392782,500,0,100.0,0.0
1691,73392782,73393282,500,0,100.0,0.0
1692,73393282,73393782,500,0,100.0,0.0
1693,73393782,73394282,500,0,100.0,0.0
1694,73394282,73394782,500,0,100.0,0.0
1695,73394782,73395282,500,0,100.0,0.0
1696,73395282,73395782,500,0,100.0,0.0
1697,73395782,73396282,500,0,100.0,0.0
1698,73396282,73396782,500,0,100.0,0.0
1699,73396782,73397282,500,0,100.0,0.0
1700,73397282,73397782,500,0,100.0,0.0
1701,73397782,73398282,500,0,100.0,0.0
1702,73398282,73398782,500,0,100.0,0.0
1703,73398782,73399282,500,0,100.0,0.0
1704,73399282,73399782,500,0,100.0,0.0
1705,73399782,73400282,500,0,100.0,0.0
1706,73400282,73400782,500,0,100.0,0.0
1707,73400782,73401282,500,0,100.0,0.0
1708,73401282,73401782,500,0,100.0,0.0
1709,73401782,73402282,500,0,100.0,0.0
1710,73402282,73402782,500,0,100.0,0.0
1711,73402782,73403282,500,0,100.0,0.0
1712,73403282,73403782,425,75,85.0,15.0
1713,73403782,73404282,7,493,1.4000000000000001,98.6
1714,73404282,73404782,50,450,10.0,90.0
1715,73404782,73405282,86,414,17.2,82.8
1716,73405282,73405782,500,0,100.0,0.0
1717,73405782,73406282,500,0,100.0,0.0
1718,73406282,73406782,500,0,100.0,0.0
1719,73406782,73407282,500,0,100.0,0.0
1720,73407282,73407782,500,0,100.0,0.0
1721,73407782,73408282,500,0,100.0,0.0
1722,73408282,73408782,500,0,100.0,0.0
1723,73408782,73409282,500,0,100.0,0.0
1724,73409282,73409782,500,0,100.0,0.0
1725,73409782,73410282,500,0,100.0,0.0
1726,73410282,73410782,500,0,100.0,0.0
1727,73410782,73411282,500,0,100.0,0.0
1728,73411282,73411782,500,0,100.0,0.0
1729,73411782,73412282,500,0,100.0,0.0
1730,73412282,73412782,500,0,100.0,0.0
1731,73412782,73413282,500,0,100.0,0.0
1732,73413282,73413782,500,0,100.0,0.0
1733,73413782,73414282,500,0,100.0,0.0
1734,73414282,73414782,500,0,100.0,0.0
1735,73414782,73415282,500,0,100.0,0.0
1736,73415282,73415782,500,0,100.0,0.0
1737,73415782,73416282,500,0,100.0,0.0
1738,73416282,73416782,500,0,100.0,0.0
1739,73416782,73417282,500,0,100.0,0.0
1740,73417282,73417782,500,0,100.0,0.0
1741,73417782,73418282,500,0,100.0,0.0
1742,73418282,73418782,500,0,100.0,0.0
1743,73418782,73419282,500,0,100.0,0.0
1744,73419282,73419782,500,0,100.0,0.0
1745,73419782,73420282,500,0,100.0,0.0
1746,73420282,73420782,500,0,100.0,0.0
1747,73420782,73421282,429,71,85.8,14.200000000000003
1748,73421282,73421782,9,491,1.7999999999999998,98.2
1749,73421782,73422282,72,428,14.399999999999999,85.6
1750,73422282,73422782,109,391,21.8,78.2
1751,73422782,73423282,500,0,100.0,0.0
1752,73423282,73423782,500,0,100.0,0.0
1753,73423782,73424282,500,0,100.0,0.0
1754,73424282,73424782,500,0,100.0,0.0
1755,73424782,73425282,500,0,100.0,0.0
1756,73425282,73425782,500,0,100.0,0.0
1757,73425782,73426282,500,0,100.0,0.0
1758,73426282,73426782,500,0,100.0,0.0
1759,73426782,73427282,500,0,100.0,0.0
1760,73427282,73427782,500,0,100.0,0.0
1761,73427782,73428282,500,0,100.0,0.0
1762,73428282,73428782,500,0,100.0,0.0
1763,73428782,73429282,500,0,100.0,0.0
1764,73429282,73429782,500,0,100.0,0.0
1765,73429782,73430282,500,0,100.0,0.0
1766,73430282,73430782,500,0,100.0,0.0
1767,73430782,73431282,500,0,100.0,0.0
1768,73431282,73431782,500,0,100.0,0.0
1769,73431782,73432282,500,0,100.0,0.0
1770,73432282,73432782,500,0,100.0,0.0
1771,73432782,73433282,500,0,100.0,0.0
1772,73433282,73433782,500,0,100.0,0.0
1773,73433782,73434282,500,0,100.0,0.0
1774,73434282,73434782,500,0,100.0,0.0
1775,73434782,73435282,500,0,100.0,0.0
1776,73435282,73435782,500,0,100.0,0.0
1777,73435782,73436282,500,0,100.0,0.0
1778,73436282,73436782,500,0,100.0,0.0
1779,73436782,73437282,500,0,100.0,0.0
1780,73437282,73437782,500,0,100.0,0.0
1781,73437782,73438282,500,0,100.0,0.0
1782,73438282,73438782,500,0,100.0,0.0
1783,73438782,73439282,500,0,100.0,0.0
1784,73439282,73439782,500,0,100.0,0.0
1785,73439782,73440282,500,0,100.0,0.0
1786,73440282,73440782,225,275,45.0,55.0
1787,73440782,73441282,7,493,1.4000000000000001,98.6
1788,73441282,73441782,67,433,13.4,86.6
1789,73441782,73442282,402,98,80.4,19.599999999999994
1790,73442282,73442782,500,0,100.0,0.0
1791,73442782,73443282,500,0,100.0,0.0
1792,73443282,73443782,500,0,100.0,0.0
1793,73443782,73444282,500,0,100.0,0.0
1794,73444282,73444782,500,0,100.0,0.0
1795,73444782,73445282,500,0,100.0,0.0
1796,73445282,73445782,500,0,100.0,0.0
1797,73445782,73446282,500,0,100.0,0.0
1798,73446282,73446782,500,0,100.0,0.0
1799,73446782,73447282,500,0,100.0,0.0
1800,73447282,73447782,500,0,100.0,0.0
1801,73447782,73448282,500,0,100.0,0.0
1802,73448282,73448782,500,0,100.0,0.0
1803,73448782,73449282,500,0,100.0,0.0
1804,73449282,73449782,500,0,100.0,0.0
1805,73449782,73450282,500,0,100.0,0.0
1806,73450282,73450782,500,0,100.0,0.0
1807,73450782,73451282,500,0,100.0,0.0
1808,73451282,73451782,500,0,100.0,0.0
1809,73451782,73452282,500,0,100.0,0.0
1810,73452282,73452782,500,0,100.0,0.0
1811,73452782,73453282,500,0,100.0,0.0
1812,73453282,73453782,500,0,100.0,0.0
1813,73453782,73454282,500,0,100.0,0.0
1814,73454282,73454782,500,0,100.0,0.0
1815,73454782,73455282,500,0,100.0,0.0
1816,73455282,73455782,500,0,100.0,0.0
1817,73455782,73456282,500,0,100.0,0.0
1818,73456282,73456782,277,223,55.400000000000006,44.599999999999994
1819,73456782,73457282,6,494,1.2,98.8
1820,73457282,73457782,58,442,11.600000000000001,88.4
1821,73457782,73458282,245,255,49.0,51.0
1822,73458282,73458782,500,0,100.0,0.0
1823,73458782,73459282,500,0,100.0,0.0
1824,73459282,73459782,500,0,100.0,0.0
1825,73459782,73460282,500,0,100.0,0.0
1826,73460282,73460782,500,0,100.0,0.0
1827,73460782,73461282,500,0,100.0,0.0
1828,73461282,73461782,500,0,100.0,0.0
1829,73461782,73462282,500,0,100.0,0.0
1830,73462282,73462782,500,0,100.0,0.0
1831,73462782,73463282,500,0,100.0,0.0
1832,73463282,73463782,500,0,100.0,0.0
1833,73463782,73464282,500,0,100.0,0.0
1834,73464282,73464782,500,0,100.0,0.0
1835,73464782,73465282,500,0,100.0,0.0
1836,73465282,73465782,500,0,100.0,0.0
1837,73465782,73466282,500,0,100.0,0.0
1838,73466282,73466782,500,0,100.0,0.0
1839,73466782,73467282,500,0,100.0,0.0
1840,73467282,73467782,500,0,100.0,0.0
1841,73467782,73468282,500,0,100.0,0.0
1842,73468282,73468782,500,0,100.0,0.0
1843,73468782,73469282,500,0,100.0,0.0
1844,73469282,73469782,500,0,100.0,0.0
1845,73469782,73470282,500,0,100.0,0.0
1846,73470282,73470782,500,0,100.0,0.0
1847,73470782,73471282,500,0,100.0,0.0
1848,73471282,73471782,500,0,100.0,0.0
1849,73471782,73472282,500,0,100.0,0.0
1850,73472282,73472782,21,479,4.2,95.8
1851,73472782,73473282,47,453,9.4,90.6
1852,73473282,73473782,125,375,25.0,75.0
1853,73473782,73474282,500,0,100.0,0.0
1854,73474282,73474782,500,0,100.0,0.0
1855,73474782,73475282,500,0,100.0,0.0
1856,73475282,73475782,500,0,100.0,0.0
1857,73475782,73476282,500,0,100.0,0.0
1858,73476282,73476782,500,0,100.0,0.0
1859,73476782,73477282,500,0,100.0,0.0
1860,73477282,73477782,500,0,100.0,0.0
1861,73477782,73478282,500,0,100.0,0.0
1862,73478282,73478782,500,0,100.0,0.0
1863,73478782,73479282,500,0,100.0,0.0
1864,73479282,73479782,500,0,100.0,0.0
1865,73479782,73480282,500,0,100.0,0.0
1866,73480282,73480782,500,0,100.0,0.0
1867,73480782,73481282,500,0,100.0,0.0
1868,73481282,73481782,500,0,100.0,0.0
1869,73481782,73482282,500,0,100.0,0.0
1870,73482282,73482782,500,0,100.0,0.0
1871,73482782,73483282,500,0,100.0,0.0
1872,73483282,73483782,500,0,100.0,0.0
1873,73483782,73484282,500,0,100.0,0.0
1874,73484282,73484782,500,0,100.0,0.0
1875,73484782,73485282,500,0,100.0,0.0
1876,73485282,73485782,500,0,100.0,0.0
1877,73485782,73486282,500,0,100.0,0.0
1878,73486282,73486782,500,0,100.0,0.0
1879,73486782,73487282,500,0,100.0,0.0
1880,73487282,73487782,500,0,100.0,0.0
1881,73487782,73488282,500,0,100.0,0.0
1882,73488282,73488782,500,0,100.0,0.0
1883,73488782,73489282,500,0,100.0,0.0
1884,73489282,73489782,500,0,100.0,0.0
1885,73489782,73490282,500,0,100.0,0.0
1886,73490282,73490782,500,0,100.0,0.0
1887,73490782,73491282,500,0,100.0,0.0
1888,73491282,73491782,500,0,100.0,0.0
1889,73491782,73492282,500,0,100.0,0.0
1890,73492282,73492782,500,0,100.0,0.0
1891,73492782,73493282,500,0,100.0,0.0
1892,73493282,73493782,500,0,100.0,0.0
1893,73493782,73494282,500,0,100.0,0.0
1894,73494282,73494782,500,0,100.0,0.0
1895,73494782,73495282,500,0,100.0,0.0
1896,73495282,73495782,500,0,100.0,0.0
1897,73495782,73496282,500,0,100.0,0.0
1898,73496282,73496782,500,0,100.0,0.0
1899,73496782,73497282,500,0,100.0,0.0
1900,73497282,73497782,500,0,100.0,0.0
1901,73497782,73498282,500,0,100.0,0.0
1902,73498282,73498782,500,0,100.0,0.0
1903,73498782,73499282,500,0,100.0,0.0
1904,73499282,73499782,500,0,100.0,0.0
1905,73499782,73500282,500,0,100.0,0.0
1906,73500282,73500782,500,0,100.0,0.0
1907,73500782,73501282,500,0,100.0,0.0
1908,73501282,73501782,500,0,100.0,0.0
1909,73501782,73502282,500,0,100.0,0.0
1910,73502282,73502782,500,0,100.0,0.0
1911,73502782,73503282,500,0,100.0,0.0
1912,73503282,73503782,500,0,100.0,0.0
1913,73503782,73504282,500,0,100.0,0.0
1914,73504282,73504782,500,0,100.0,0.0
1915,73504782,73505282,500,0,100.0,0.0
1916,73505282,73505782,500,0,100.0,0.0
1917,73505782,73506282,500,0,100.0,0.0
1918,73506282,73506782,500,0,100.0,0.0
1919,73506782,73507282,500,0,100.0,0.0
1920,73507282,73507782,500,0,100.0,0.0
1921,73507782,73508282,500,0,100.0,0.0
1922,73508282,73508782,500,0,100.0,0.0
1923,73508782,73509282,500,0,100.0,0.0
1924,73509282,73509782,500,0,100.0,0.0
1925,73509782,73510282,500,0,100.0,0.0
1926,73510282,73510782,500,0,100.0,0.0
1927,73510782,73511282,500,0,100.0,0.0
1928,73511282,73511782,500,0,100.0,0.0
1929,73511782,73512282,500,0,100.0,0.0
1930,73512282,73512782,500,0,100.0,0.0
1931,73512782,73513282,500,0,100.0,0.0
1932,73513282,73513782,500,0,100.0,0.0
1933,73513782,73514282,500,0,100.0,0.0
1934,73514282,73514782,500,0,100.0,0.0
1935,73514782,73515282,500,0,100.0,0.0
1936,73515282,73515782,500,0,100.0,0.0
1937,73515782,73516282,500,0,100.0,0.0
1938,73516282,73516782,500,0,100.0,0.0
1939,73516782,73517282,500,0,100.0,0.0
1940,73517282,73517782,500,0,100.0,0.0
1941,73517782,73518282,500,0,100.0,0.0
1942,73518282,73518782,500,0,100.0,0.0
1943,73518782,73519282,500,0,100.0,0.0
1944,73519282,73519782,500,0,100.0,0.0
1945,73519782,73520282,500,0,100.0,0.0
1946,73520282,73520782,500,0,100.0,0.0
1947,73520782,73521282,500,0,100.0,0.0
1948,73521282,73521782,500,0,100.0,0.0
1949,73521782,73522282,500,0,100.0,0.0
1950,73522282,73522782,500,0,100.0,0.0
1951,73522782,73523282,500,0,100.0,0.0
1952,73523282,73523782,500,0,100.0,0.0
1953,73523782,73524282,500,0,100.0,0.0
1954,73524282,73524782,500,0,100.0,0.0
1955,73524782,73525282,500,0,100.0,0.0
1956,73525282,73525782,500,0,100.0,0.0
1957,73525782,73526282,500,0,100.0,0.0
1958,73526282,73526782,500,0,100.0,0.0
1959,73526782,73527282,500,0,100.0,0.0
1960,73527282,73527782,500,0,100.0,0.0
1961,73527782,73528282,500,0,100.0,0.0
1962,73528282,73528782,500,0,100.0,0.0
1963,73528782,73529282,500,0,100.0,0.0
1964,73529282,73529782,500,0,100.0,0.0
1965,73529782,73530282,500,0,100.0,0.0
1966,73530282,73530782,500,0,100.0,0.0
1967,73530782,73531282,500,0,100.0,0.0
1968,73531282,73531782,500,0,100.0,0.0
1969,73531782,73532282,500,0,100.0,0.0
1970,73532282,73532782,500,0,100.0,0.0
1971,73532782,73533282,500,0,100.0,0.0
1972,73533282,73533782,500,0,100.0,0.0
1973,73533782,73534282,500,0,100.0,0.0
1974,73534282,73534782,500,0,100.0,0.0
1975,73534782,73535282,500,0,100.0,0.0
1976,73535282,73535782,500,0,100.0,0.0
1977,73535782,73536282,500,0,100.0,0.0
1978,73536282,73536782,500,0,100.0,0.0
1979,73536782,73537282,500,0,100.0,0.0
1980,73537282,73537782,500,0,100.0,0.0
1981,73537782,73538282,500,0,100.0,0.0
1982,73538282,73538782,500,0,100.0,0.0
1983,73538782,73539282,500,0,100.0,0.0
1984,73539282,73539782,500,0,100.0,0.0
1985,73539782,73540282,500,0,100.0,0.0
1986,73540282,73540782,500,0,100.0,0.0
1987,73540782,73541282,500,0,100.0,0.0
1988,73541282,73541782,500,0,100.0,0.0
1989,73541782,73542282,500,0,100.0,0.0
1990,73542282,73542782,500,0,100.0,0.0
1991,73542782,73543282,500,0,100.0,0.0
1992,73543282,73543782,500,0,100.0,0.0
1993,73543782,73544282,500,0,100.0,0.0
1994,73544282,73544782,500,0,100.0,0.0
1995,73544782,73545282,500,0,100.0,0.0
1996,73545282,73545782,500,0,100.0,0.0
1997,73545782,73546282,500,0,100.0,0.0
1998,73546282,73546782,500,0,100.0,0.0
1999,73546782,73547282,500,0,100.0,0.0
2000,73547282,73547782,500,0,100.0,0.0
2001,73547782,73548282,500,0,100.0,0.0
2002,73548282,73548782,500,0,100.0,0.0
2003,73548782,73549282,500,0,100.0,0.0
2004,73549282,73549782,79,421,15.8,84.2
2005,73549782,73550282,63,437,12.6,87.4
2006,73550282,73550782,33,467,6.6000000000000005,93.4
2007,73550782,73551282,500,0,100.0,0.0
2008,73551282,73551782,500,0,100.0,0.0
2009,73551782,73552282,500,0,100.0,0.0
2010,73552282,73552782,500,0,100.0,0.0
2011,73552782,73553282,500,0,100.0,0.0
2012,73553282,73553782,500,0,100.0,0.0
2013,73553782,73554282,500,0,100.0,0.0
2014,73554282,73554782,500,0,100.0,0.0
2015,73554782,73555282,500,0,100.0,0.0
2016,73555282,73555782,500,0,100.0,0.0
2017,73555782,73556282,500,0,100.0,0.0
2018,73556282,73556782,500,0,100.0,0.0
2019,73556782,73557282,500,0,100.0,0.0
2020,73557282,73557782,500,0,100.0,0.0
2021,73557782,73558282,500,0,100.0,0.0
2022,73558282,73558782,500,0,100.0,0.0
2023,73558782,73559282,500,0,100.0,0.0
2024,73559282,73559782,500,0,100.0,0.0
2025,73559782,73560282,500,0,100.0,0.0
2026,73560282,73560782,500,0,100.0,0.0
2027,73560782,73561282,500,0,100.0,0.0
2028,73561282,73561782,500,0,100.0,0.0
2029,73561782,73562282,500,0,100.0,0.0
2030,73562282,73562782,500,0,100.0,0.0
2031,73562782,73563282,500,0,100.0,0.0
2032,73563282,73563782,500,0,100.0,0.0
2033,73563782,73564282,500,0,100.0,0.0
2034,73564282,73564782,500,0,100.0,0.0
2035,73564782,73565282,500,0,100.0,0.0
2036,73565282,73565782,229,271,45.800000000000004,54.199999999999996
2037,73565782,73566282,7,493,1.4000000000000001,98.6
2038,73566282,73566782,71,429,14.2,85.8
2039,73566782,73567282,233,267,46.6,53.4
2040,73567282,73567782,500,0,100.0,0.0
2041,73567782,73568282,500,0,100.0,0.0
2042,73568282,73568782,500,0,100.0,0.0
2043,73568782,73569282,500,0,100.0,0.0
2044,73569282,73569782,500,0,100.0,0.0
2045,73569782,73570282,500,0,100.0,0.0
2046,73570282,73570782,500,0,100.0,0.0
2047,73570782,73571282,500,0,100.0,0.0
2048,73571282,73571782,500,0,100.0,0.0
2049,73571782,73572282,500,0,100.0,0.0
2050,73572282,73572782,500,0,100.0,0.0
2051,73572782,73573282,500,0,100.0,0.0
2052,73573282,73573782,500,0,100.0,0.0
2053,73573782,73574282,500,0,100.0,0.0
2054,73574282,73574782,500,0,100.0,0.0
2055,73574782,73575282,500,0,100.0,0.0
2056,73575282,73575782,500,0,100.0,0.0
2057,73575782,73576282,500,0,100.0,0.0
2058,73576282,73576782,500,0,100.0,0.0
2059,73576782,73577282,500,0,100.0,0.0
2060,73577282,73577782,500,0,100.0,0.0
2061,73577782,73578282,500,0,100.0,0.0
2062,73578282,73578782,500,0,100.0,0.0
2063,73578782,73579282,500,0,100.0,0.0
2064,73579282,73579782,500,0,100.0,0.0
2065,73579782,73580282,500,0,100.0,0.0
2066,73580282,73580782,500,0,100.0,0.0
2067,73580782,73581282,500,0,100.0,0.0
2068,73581282,73581782,325,175,65.0,35.0
2069,73581782,73582282,7,493,1.4000000000000001,98.6
2070,73582282,73582782,51,449,10.2,89.8
2071,73582782,73583282,222,278,44.4,55.6
2072,73583282,73583782,500,0,100.0,0.0
2073,73583782,73584282,500,0,100.0,0.0
2074,73584282,73584782,500,0,100.0,0.0
2075,73584782,73585282,500,0,100.0,0.0
2076,73585282,73585782,500,0,100.0,0.0
2077,73585782,73586282,500,0,100.0,0.0
2078,73586282,73586782,500,0,100.0,0.0
2079,73586782,73587282,500,0,100.0,0.0
2080,73587282,73587782,500,0,100.0,0.0
2081,73587782,73588282,500,0,100.0,0.0
2082,73588282,73588782,500,0,100.0,0.0
2083,73588782,73589282,500,0,100.0,0.0
2084,73589282,73589782,500,0,100.0,0.0
2085,73589782,73590282,500,0,100.0,0.0
2086,73590282,73590782,500,0,100.0,0.0
2087,73590782,73591282,500,0,100.0,0.0
2088,73591282,73591782,500,0,100.0,0.0
2089,73591782,73592282,500,0,100.0,0.0
2090,73592282,73592782,500,0,100.0,0.0
2091,73592782,73593282,500,0,100.0,0.0
2092,73593282,73593782,500,0,100.0,0.0
2093,73593782,73594282,500,0,100.0,0.0
2094,73594282,73594782,500,0,100.0,0.0
2095,73594782,73595282,500,0,100.0,0.0
2096,73595282,73595782,500,0,100.0,0.0
2097,73595782,73596282,500,0,100.0,0.0
2098,73596282,73596782,500,0,100.0,0.0
2099,73596782,73597282,500,0,100.0,0.0
2100,73597282,73597782,500,0,100.0,0.0
2101,73597782,73598282,15,485,3.0,97.0
2102,73598282,73598782,51,449,10.2,89.8
2103,73598782,73599282,25,475,5.0,95.0
2104,73599282,73599782,362,138,72.39999999999999,27.60000000000001
2105,73599782,73600282,500,0,100.0,0.0
2106,73600282,73600782,500,0,100.0,0.0
2107,73600782,73601282,500,0,100.0,0.0
2108,73601282,73601782,500,0,100.0,0.0
2109,73601782,73602282,500,0,100.0,0.0
2110,73602282,73602782,500,0,100.0,0.0
2111,73602782,73603282,500,0,100.0,0.0
2112,73603282,73603782,500,0,100.0,0.0
2113,73603782,73604282,500,0,100.0,0.0
2114,73604282,73604782,500,0,100.0,0.0
2115,73604782,73605282,500,0,100.0,0.0
2116,73605282,73605782,500,0,100.0,0.0
2117,73605782,73606282,500,0,100.0,0.0
2118,73606282,73606782,500,0,100.0,0.0
2119,73606782,73607282,500,0,100.0,0.0
2120,73607282,73607782,500,0,100.0,0.0
2121,73607782,73608282,500,0,100.0,0.0
2122,73608282,73608782,500,0,100.0,0.0
2123,73608782,73609282,500,0,100.0,0.0
2124,73609282,73609782,500,0,100.0,0.0
2125,73609782,73610282,500,0,100.0,0.0
2126,73610282,73610782,500,0,100.0,0.0
2127,73610782,73611282,500,0,100.0,0.0
2128,73611282,73611782,500,0,100.0,0.0
2129,73611782,73612282,500,0,100.0,0.0
2130,73612282,73612782,500,0,100.0,0.0
2131,73612782,73613282,500,0,100.0,0.0
2132,73613282,73613782,500,0,100.0,0.0
2133,73613782,73614282,400,100,80.0,20.0
2134,73614282,73614782,8,492,1.6,98.4
2135,73614782,73615282,75,425,15.0,85.0
2136,73615282,73615782,184,316,36.8,63.2
2137,73615782,73616282,500,0,100.0,0.0
2138,73616282,73616782,500,0,100.0,0.0
2139,73616782,73617282,500,0,100.0,0.0
2140,73617282,73617782,500,0,100.0,0.0
2141,73617782,73618282,500,0,100.0,0.0
2142,73618282,73618782,500,0,100.0,0.0
2143,73618782,73619282,500,0,100.0,0.0
2144,73619282,73619782,500,0,100.0,0.0
2145,73619782,73620282,500,0,100.0,0.0
2146,73620282,73620782,500,0,100.0,0.0
2147,73620782,73621282,500,0,100.0,0.0
2148,73621282,73621782,500,0,100.0,0.0
2149,73621782,73622282,500,0,100.0,0.0
2150,73622282,73622782,500,0,100.0,0.0
2151,73622782,73623282,500,0,100.0,0.0
2152,73623282,73623782,500,0,100.0,0.0
2153,73623782,73624282,500,0,100.0,0.0
2154,73624282,73624782,500,0,100.0,0.0
2155,73624782,73625282,500,0,100.0,0.0
2156,73625282,73625782,500,0,100.0,0.0
2157,73625782,73626282,500,0,100.0,0.0
2158,73626282,73626782,500,0,100.0,0.0
2159,73626782,73627282,500,0,100.0,0.0
2160,73627282,73627782,500,0,100.0,0.0
2161,73627782,73628282,500,0,100.0,0.0
2162,73628282,73628782,500,0,100.0,0.0
2163,73628782,73629282,500,0,100.0,0.0
2164,73629282,73629782,500,0,100.0,0.0
2165,73629782,73630282,500,0,100.0,0.0
2166,73630282,73630782,228,272,45.6,54.4
2167,73630782,73631282,7,493,1.4000000000000001,98.6
2168,73631282,73631782,58,442,11.600000000000001,88.4
2169,73631782,73632282,378,122,75.6,24.400000000000006
2170,73632282,73632782,500,0,100.0,0.0
2171,73632782,73633282,500,0,100.0,0.0
2172,73633282,73633782,500,0,100.0,0.0
2173,73633782,73634282,500,0,100.0,0.0
2174,73634282,73634782,500,0,100.0,0.0
2175,73634782,73635282,500,0,100.0,0.0
2176,73635282,73635782,500,0,100.0,0.0
2177,73635782,73636282,500,0,100.0,0.0
2178,73636282,73636782,500,0,100.0,0.0
2179,73636782,73637282,500,0,100.0,0.0
2180,73637282,73637782,500,0,100.0,0.0
2181,73637782,73638282,500,0,100.0,0.0
2182,73638282,73638782,500,0,100.0,0.0
2183,73638782,73639282,500,0,100.0,0.0
2184,73639282,73639782,500,0,100.0,0.0
2185,73639782,73640282,500,0,100.0,0.0
2186,73640282,73640782,500,0,100.0,0.0
2187,73640782,73641282,500,0,100.0,0.0
2188,73641282,73641782,500,0,100.0,0.0
2189,73641782,73642282,500,0,100.0,0.0
2190,73642282,73642782,500,0,100.0,0.0
2191,73642782,73643282,500,0,100.0,0.0
2192,73643282,73643782,500,0,100.0,0.0
2193,73643782,73644282,500,0,100.0,0.0
2194,73644282,73644782,500,0,100.0,0.0
2195,73644782,73645282,500,0,100.0,0.0
2196,73645282,73645782,500,0,100.0,0.0
2197,73645782,73646282,500,0,100.0,0.0
2198,73646282,73646782,500,0,100.0,0.0
2199,73646782,73647282,33,467,6.6000000000000005,93.4
2200,73647282,73647782,57,443,11.4,88.6
2201,73647782,73648282,5,495,1.0,99.0
2202,73648282,73648782,491,9,98.2,1.7999999999999972
2203,73648782,73649282,500,0,100.0,0.0
2204,73649282,73649782,500,0,100.0,0.0
2205,73649782,73650282,500,0,100.0,0.0
2206,73650282,73650782,500,0,100.0,0.0
2207,73650782,73651282,500,0,100.0,0.0
2208,73651282,73651782,500,0,100.0,0.0
2209,73651782,73652282,500,0,100.0,0.0
2210,73652282,73652782,500,0,100.0,0.0
2211,73652782,73653282,500,0,100.0,0.0
2212,73653282,73653782,500,0,100.0,0.0
2213,73653782,73654282,500,0,100.0,0.0
2214,73654282,73654782,500,0,100.0,0.0
2215,73654782,73655282,500,0,100.0,0.0
2216,73655282,73655782,500,0,100.0,0.0
2217,73655782,73656282,500,0,100.0,0.0
2218,73656282,73656782,500,0,100.0,0.0
2219,73656782,73657282,500,0,100.0,0.0
2220,73657282,73657782,500,0,100.0,0.0
2221,73657782,73658282,500,0,100.0,0.0
2222,73658282,73658782,500,0,100.0,0.0
2223,73658782,73659282,500,0,100.0,0.0
2224,73659282,73659782,500,0,100.0,0.0
2225,73659782,73660282,500,0,100.0,0.0
2226,73660282,73660782,500,0,100.0,0.0
2227,73660782,73661282,500,0,100.0,0.0
2228,73661282,73661782,500,0,100.0,0.0
2229,73661782,73662282,500,0,100.0,0.0
2230,73662282,73662782,500,0,100.0,0.0
2231,73662782,73663282,500,0,100.0,0.0
2232,73663282,73663782,500,0,100.0,0.0
2233,73663782,73664282,84,416,16.8,83.2
2234,73664282,73664782,54,446,10.8,89.2
2235,73664782,73665282,6,494,1.2,98.8
2236,73665282,73665782,445,55,89.0,11.0
2237,73665782,73666282,500,0,100.0,0.0
2238,73666282,73666782,500,0,100.0,0.0
2239,73666782,73667282,500,0,100.0,0.0
2240,73667282,73667782,500,0,100.0,0.0
2241,73667782,73668282,500,0,100.0,0.0
2242,73668282,73668782,500,0,100.0,0.0
2243,73668782,73669282,500,0,100.0,0.0
2244,73669282,73669782,500,0,100.0,0.0
2245,73669782,73670282,500,0,100.0,0.0
2246,73670282,73670782,500,0,100.0,0.0
2247,73670782,73671282,500,0,100.0,0.0
2248,73671282,73671782,500,0,100.0,0.0
2249,73671782,73672282,500,0,100.0,0.0
2250,73672282,73672782,500,0,100.0,0.0
2251,73672782,73673282,500,0,100.0,0.0
2252,73673282,73673782,500,0,100.0,0.0
2253,73673782,73674282,500,0,100.0,0.0
2254,73674282,73674782,500,0,100.0,0.0
2255,73674782,73675282,500,0,100.0,0.0
2256,73675282,73675782,500,0,100.0,0.0
2257,73675782,73676282,500,0,100.0,0.0
2258,73676282,73676782,500,0,100.0,0.0
2259,73676782,73677282,500,0,100.0,0.0
2260,73677282,73677782,500,0,100.0,0.0
2261,73677782,73678282,500,0,100.0,0.0
2262,73678282,73678782,500,0,100.0,0.0
2263,73678782,73679282,500,0,100.0,0.0
2264,73679282,73679782,500,0,100.0,0.0
2265,73679782,73680282,500,0,100.0,0.0
2266,73680282,73680782,500,0,100.0,0.0
2267,73680782,73681282,218,282,43.6,56.4
2268,73681282,73681782,8,492,1.6,98.4
2269,73681782,73682282,63,437,12.6,87.4
2270,73682282,73682782,270,230,54.0,46.0
2271,73682782,73683282,500,0,100.0,0.0
2272,73683282,73683782,500,0,100.0,0.0
2273,73683782,73684282,500,0,100.0,0.0
2274,73684282,73684782,500,0,100.0,0.0
2275,73684782,73685282,500,0,100.0,0.0
2276,73685282,73685782,500,0,100.0,0.0
2277,73685782,73686282,500,0,100.0,0.0
2278,73686282,73686782,500,0,100.0,0.0
2279,73686782,73687282,500,0,100.0,0.0
2280,73687282,73687782,500,0,100.0,0.0
2281,73687782,73688282,500,0,100.0,0.0
2282,73688282,73688782,500,0,100.0,0.0
2283,73688782,73689282,500,0,100.0,0.0
2284,73689282,73689782,500,0,100.0,0.0
2285,73689782,73690282,500,0,100.0,0.0
2286,73690282,73690782,500,0,100.0,0.0
2287,73690782,73691282,500,0,100.0,0.0
2288,73691282,73691782,500,0,100.0,0.0
2289,73691782,73692282,500,0,100.0,0.0
2290,73692282,73692782,500,0,100.0,0.0
2291,73692782,73693282,500,0,100.0,0.0
2292,73693282,73693782,500,0,100.0,0.0
2293,73693782,73694282,500,0,100.0,0.0
2294,73694282,73694782,500,0,100.0,0.0
2295,73694782,73695282,500,0,100.0,0.0
2296,73695282,73695782,500,0,100.0,0.0
2297,73695782,73696282,500,0,100.0,0.0
2298,73696282,73696782,500,0,100.0,0.0
2299,73696782,73697282,500,0,100.0,0.0
2300,73697282,73697782,500,0,100.0,0.0
2301,73697782,73698282,180,320,36.0,64.0
2302,73698282,73698782,7,493,1.4000000000000001,98.6
2303,73698782,73699282,59,441,11.799999999999999,88.2
2304,73699282,73699782,270,230,54.0,46.0
2305,73699782,73700282,500,0,100.0,0.0
2306,73700282,73700782,500,0,100.0,0.0
2307,73700782,73701282,500,0,100.0,0.0
2308,73701282,73701782,500,0,100.0,0.0
2309,73701782,73702282,500,0,100.0,0.0
2310,73702282,73702782,500,0,100.0,0.0
2311,73702782,73703282,500,0,100.0,0.0
2312,73703282,73703782,500,0,100.0,0.0
2313,73703782,73704282,500,0,100.0,0.0
2314,73704282,73704782,500,0,100.0,0.0
2315,73704782,73705282,500,0,100.0,0.0
2316,73705282,73705782,500,0,100.0,0.0
2317,73705782,73706282,500,0,100.0,0.0
2318,73706282,73706782,500,0,100.0,0.0
2319,73706782,73707282,500,0,100.0,0.0
2320,73707282,73707782,500,0,100.0,0.0
2321,73707782,73708282,500,0,100.0,0.0
2322,73708282,73708782,500,0,100.0,0.0
2323,73708782,73709282,500,0,100.0,0.0
2324,73709282,73709782,500,0,100.0,0.0
2325,73709782,73710282,500,0,100.0,0.0
2326,73710282,73710782,500,0,100.0,0.0
2327,73710782,73711282,500,0,100.0,0.0
2328,73711282,73711782,500,0,100.0,0.0
2329,73711782,73712282,500,0,100.0,0.0
2330,73712282,73712782,500,0,100.0,0.0
2331,73712782,73713282,500,0,100.0,0.0
2332,73713282,73713782,500,0,100.0,0.0
2333,73713782,73714282,305,195,61.0,39.0
2334,73714282,73714782,8,492,1.6,98.4
2335,73714782,73715282,43,457,8.6,91.4
2336,73715282,73715782,371,129,74.2,25.799999999999997
2337,73715782,73716282,500,0,100.0,0.0
2338,73716282,73716782,500,0,100.0,0.0
2339,73716782,73717282,500,0,100.0,0.0
2340,73717282,73717782,500,0,100.0,0.0
2341,73717782,73718282,500,0,100.0,0.0
2342,73718282,73718782,500,0,100.0,0.0
2343,73718782,73719282,500,0,100.0,0.0
2344,73719282,73719782,500,0,100.0,0.0
2345,73719782,73720282,500,0,100.0,0.0
2346,73720282,73720782,500,0,100.0,0.0
2347,73720782,73721282,500,0,100.0,0.0
2348,73721282,73721782,500,0,100.0,0.0
2349,73721782,73722282,500,0,100.0,0.0
2350,73722282,73722782,500,0,100.0,0.0
2351,73722782,73723282,500,0,100.0,0.0
2352,73723282,73723782,500,0,100.0,0.0
2353,73723782,73724282,500,0,100.0,0.0
2354,73724282,73724782,500,0,100.0,0.0
2355,73724782,73725282,500,0,100.0,0.0
2356,73725282,73725782,500,0,100.0,0.0
2357,73725782,73726282,500,0,100.0,0.0
2358,73726282,73726782,500,0,100.0,0.0
2359,73726782,73727282,500,0,100.0,0.0
2360,73727282,73727782,500,0,100.0,0.0
2361,73727782,73728282,500,0,100.0,0.0
2362,73728282,73728782,500,0,100.0,0.0
2363,73728782,73729282,500,0,100.0,0.0
2364,73729282,73729782,500,0,100.0,0.0
2365,73729782,73730282,500,0,100.0,0.0
2366,73730282,73730782,269,231,53.800000000000004,46.199999999999996
2367,73730782,73731282,6,494,1.2,98.8
2368,73731282,73731782,69,431,13.8,86.2
2369,73731782,73732282,138,362,27.6,72.4
2370,73732282,73732782,500,0,100.0,0.0
2371,73732782,73733282,500,0,100.0,0.0
2372,73733282,73733782,500,0,100.0,0.0
2373,73733782,73734282,500,0,100.0,0.0
2374,73734282,73734782,500,0,100.0,0.0
2375,73734782,73735282,500,0,100.0,0.0
2376,73735282,73735782,500,0,100.0,0.0
2377,73735782,73736282,500,0,100.0,0.0
2378,73736282,73736782,500,0,100.0,0.0
2379,73736782,73737282,500,0,100.0,0.0
2380,73737282,73737782,500,0,100.0,0.0
2381,73737782,73738282,500,0,100.0,0.0
2382,73738282,73738782,500,0,100.0,0.0
2383,73738782,73739282,500,0,100.0,0.0
2384,73739282,73739782,500,0,100.0,0.0
2385,73739782,73740282,500,0,100.0,0.0
2386,73740282,73740782,500,0,100.0,0.0
2387,73740782,73741282,500,0,100.0,0.0
2388,73741282,73741782,500,0,100.0,0.0
2389,73741782,73742282,500,0,100.0,0.0
2390,73742282,73742782,500,0,100.0,0.0
2391,73742782,73743282,500,0,100.0,0.0
2392,73743282,73743782,500,0,100.0,0.0
2393,73743782,73744282,500,0,100.0,0.0
2394,73744282,73744782,500,0,100.0,0.0
2395,73744782,73745282,500,0,100.0,0.0
2396,73745282,73745782,500,0,100.0,0.0
2397,73745782,73746282,500,0,100.0,0.0
2398,73746282,73746782,500,0,100.0,0.0
2399,73746782,73747282,500,0,100.0,0.0
2400,73747282,73747782,221,279,44.2,55.8
2401,73747782,73748282,6,494,1.2,98.8
2402,73748282,73748782,58,442,11.600000000000001,88.4
2403,73748782,73749282,377,123,75.4,24.599999999999994
2404,73749282,73749782,500,0,100.0,0.0
2405,73749782,73750282,500,0,100.0,0.0
2406,73750282,73750782,500,0,100.0,0.0
2407,73750782,73751282,500,0,100.0,0.0
2408,73751282,73751782,500,0,100.0,0.0
2409,73751782,73752282,500,0,100.0,0.0
2410,73752282,73752782,500,0,100.0,0.0
2411,73752782,73753282,500,0,100.0,0.0
2412,73753282,73753782,500,0,100.0,0.0
2413,73753782,73754282,500,0,100.0,0.0
2414,73754282,73754782,500,0,100.0,0.0
2415,73754782,73755282,500,0,100.0,0.0
2416,73755282,73755782,500,0,100.0,0.0
2417,73755782,73756282,500,0,100.0,0.0
2418,73756282,73756782,500,0,100.0,0.0
2419,73756782,73757282,500,0,100.0,0.0
2420,73757282,73757782,500,0,100.0,0.0
2421,73757782,73758282,500,0,100.0,0.0
2422,73758282,73758782,500,0,100.0,0.0
2423,73758782,73759282,500,0,100.0,0.0
2424,73759282,73759782,500,0,100.0,0.0
2425,73759782,73760282,500,0,100.0,0.0
2426,73760282,73760782,500,0,100.0,0.0
2427,73760782,73761282,500,0,100.0,0.0
2428,73761282,73761782,500,0,100.0,0.0
2429,73761782,73762282,500,0,100.0,0.0
2430,73762282,73762782,500,0,100.0,0.0
2431,73762782,73763282,500,0,100.0,0.0
2432,73763282,73763782,500,0,100.0,0.0
2433,73763782,73764282,416,84,83.2,16.799999999999997
2434,73764282,73764782,8,492,1.6,98.4
2435,73764782,73765282,51,449,10.2,89.8
2436,73765282,73765782,201,299,40.2,59.8
2437,73765782,73766282,500,0,100.0,0.0
2438,73766282,73766782,500,0,100.0,0.0
2439,73766782,73767282,500,0,100.0,0.0
2440,73767282,73767782,500,0,100.0,0.0
2441,73767782,73768282,500,0,100.0,0.0
2442,73768282,73768782,500,0,100.0,0.0
2443,73768782,73769282,500,0,100.0,0.0
2444,73769282,73769782,500,0,100.0,0.0
2445,73769782,73770282,500,0,100.0,0.0
2446,73770282,73770782,500,0,100.0,0.0
2447,73770782,73771282,500,0,100.0,0.0
2448,73771282,73771782,500,0,100.0,0.0
2449,73771782,73772282,500,0,100.0,0.0
2450,73772282,73772782,500,0,100.0,0.0
2451,73772782,73773282,500,0,100.0,0.0
2452,73773282,73773782,500,0,100.0,0.0
2453,73773782,73774282,500,0,100.0,0.0
2454,73774282,73774782,500,0,100.0,0.0
2455,73774782,73775282,500,0,100.0,0.0
2456,73775282,73775782,500,0,100.0,0.0
2457,73775782,73776282,500,0,100.0,0.0
2458,73776282,73776782,500,0,100.0,0.0
2459,73776782,73777282,500,0,100.0,0.0
2460,73777282,73777782,500,0,100.0,0.0
2461,73777782,73778282,500,0,100.0,0.0
2462,73778282,73778782,500,0,100.0,0.0
2463,73778782,73779282,500,0,100.0,0.0
2464,73779282,73779782,500,0,100.0,0.0
2465,73779782,73780282,459,41,91.8,8.200000000000003
2466,73780282,73780782,8,492,1.6,98.4
2467,73780782,73781282,53,447,10.6,89.4
2468,73781282,73781782,174,326,34.8,65.2
2469,73781782,73782282,500,0,100.0,0.0
2470,73782282,73782782,500,0,100.0,0.0
2471,73782782,73783282,500,0,100.0,0.0
2472,73783282,73783782,500,0,100.0,0.0
2473,73783782,73784282,500,0,100.0,0.0
2474,73784282,73784782,500,0,100.0,0.0
2475,73784782,73785282,500,0,100.0,0.0
2476,73785282,73785782,500,0,100.0,0.0
2477,73785782,73786282,500,0,100.0,0.0
2478,73786282,73786782,500,0,100.0,0.0
2479,73786782,73787282,500,0,100.0,0.0
2480,73787282,73787782,500,0,100.0,0.0
2481,73787782,73788282,500,0,100.0,0.0
2482,73788282,73788782,500,0,100.0,0.0
2483,73788782,73789282,500,0,100.0,0.0
2484,73789282,73789782,500,0,100.0,0.0
2485,73789782,73790282,500,0,100.0,0.0
2486,73790282,73790782,500,0,100.0,0.0
2487,73790782,73791282,500,0,100.0,0.0
2488,73791282,73791782,500,0,100.0,0.0
2489,73791782,73792282,500,0,100.0,0.0
2490,73792282,73792782,500,0,100.0,0.0
2491,73792782,73793282,500,0,100.0,0.0
2492,73793282,73793782,500,0,100.0,0.0
2493,73793782,73794282,500,0,100.0,0.0
2494,73794282,73794782,500,0,100.0,0.0
2495,73794782,73795282,500,0,100.0,0.0
2496,73795282,73795782,500,0,100.0,0.0
2497,73795782,73796282,457,43,91.4,8.599999999999994
2498,73796282,73796782,8,492,1.6,98.4
2499,73796782,73797282,63,437,12.6,87.4
2500,73797282,73797782,105,395,21.0,79.0
2501,73797782,73798282,500,0,100.0,0.0
2502,73798282,73798782,500,0,100.0,0.0
2503,73798782,73799282,500,0,100.0,0.0
2504,73799282,73799782,500,0,100.0,0.0
2505,73799782,73800282,500,0,100.0,0.0
2506,73800282,73800782,500,0,100.0,0.0
2507,73800782,73801282,500,0,100.0,0.0
2508,73801282,73801782,500,0,100.0,0.0
2509,73801782,73802282,500,0,100.0,0.0
2510,73802282,73802782,500,0,100.0,0.0
2511,73802782,73803282,500,0,100.0,0.0
2512,73803282,73803782,500,0,100.0,0.0
2513,73803782,73804282,500,0,100.0,0.0
2514,73804282,73804782,500,0,100.0,0.0
2515,73804782,73805282,500,0,100.0,0.0
2516,73805282,73805782,500,0,100.0,0.0
2517,73805782,73806282,500,0,100.0,0.0
2518,73806282,73806782,500,0,100.0,0.0
2519,73806782,73807282,500,0,100.0,0.0
2520,73807282,73807782,500,0,100.0,0.0
2521,73807782,73808282,500,0,100.0,0.0
2522,73808282,73808782,500,0,100.0,0.0
2523,73808782,73809282,500,0,100.0,0.0
2524,73809282,73809782,500,0,100.0,0.0
2525,73809782,73810282,500,0,100.0,0.0
2526,73810282,73810782,500,0,100.0,0.0
2527,73810782,73811282,500,0,100.0,0.0
2528,73811282,73811782,500,0,100.0,0.0
2529,73811782,73812282,472,28,94.39999999999999,5.6000000000000085
2530,73812282,73812782,8,492,1.6,98.4
2531,73812782,73813282,50,450,10.0,90.0
2532,73813282,73813782,129,371,25.8,74.2
2533,73813782,73814282,500,0,100.0,0.0
2534,73814282,73814782,500,0,100.0,0.0
2535,73814782,73815282,500,0,100.0,0.0
2536,73815282,73815782,500,0,100.0,0.0
2537,73815782,73816282,500,0,100.0,0.0
2538,73816282,73816782,500,0,100.0,0.0
2539,73816782,73817282,500,0,100.0,0.0
2540,73817282,73817782,500,0,100.0,0.0
2541,73817782,73818282,500,0,100.0,0.0
2542,73818282,73818782,500,0,100.0,0.0
2543,73818782,73819282,500,0,100.0,0.0
2544,73819282,73819782,500,0,100.0,0.0
2545,73819782,73820282,500,0,100.0,0.0
2546,73820282,73820782,500,0,100.0,0.0
2547,73820782,73821282,500,0,100.0,0.0
2548,73821282,73821782,500,0,100.0,0.0
2549,73821782,73822282,500,0,100.0,0.0
2550,73822282,73822782,500,0,100.0,0.0
2551,73822782,73823282,500,0,100.0,0.0
2552,73823282,73823782,500,0,100.0,0.0
2553,73823782,73824282,500,0,100.0,0.0
2554,73824282,73824782,500,0,100.0,0.0
2555,73824782,73825282,500,0,100.0,0.0
2556,73825282,73825782,500,0,100.0,0.0
2557,73825782,73826282,500,0,100.0,0.0
2558,73826282,73826782,500,0,100.0,0.0
2559,73826782,73827282,500,0,100.0,0.0
2560,73827282,73827782,500,0,100.0,0.0
2561,73827782,73828282,500,0,100.0,0.0
2562,73828282,73828782,111,389,22.2,77.8
2563,73828782,73829282,48,452,9.6,90.4
2564,73829282,73829782,30,470,6.0,94.0
2565,73829782,73830282,500,0,100.0,0.0
2566,73830282,73830782,500,0,100.0,0.0
2567,73830782,73831282,500,0,100.0,0.0
2568,73831282,73831782,500,0,100.0,0.0
2569,73831782,73832282,500,0,100.0,0.0
2570,73832282,73832782,500,0,100.0,0.0
2571,73832782,73833282,500,0,100.0,0.0
2572,73833282,73833782,500,0,100.0,0.0
2573,73833782,73834282,500,0,100.0,0.0
2574,73834282,73834782,500,0,100.0,0.0
2575,73834782,73835282,500,0,100.0,0.0
2576,73835282,73835782,500,0,100.0,0.0
2577,73835782,73836282,500,0,100.0,0.0
2578,73836282,73836782,500,0,100.0,0.0
2579,73836782,73837282,500,0,100.0,0.0
2580,73837282,73837782,500,0,100.0,0.0
2581,73837782,73838282,500,0,100.0,0.0
2582,73838282,73838782,500,0,100.0,0.0
2583,73838782,73839282,500,0,100.0,0.0
2584,73839282,73839782,500,0,100.0,0.0
2585,73839782,73840282,500,0,100.0,0.0
2586,73840282,73840782,500,0,100.0,0.0
2587,73840782,73841282,500,0,100.0,0.0
2588,73841282,73841782,500,0,100.0,0.0
2589,73841782,73842282,500,0,100.0,0.0
2590,73842282,73842782,500,0,100.0,0.0
2591,73842782,73843282,500,0,100.0,0.0
2592,73843282,73843782,500,0,100.0,0.0
2593,73843782,73844282,500,0,100.0,0.0
2594,73844282,73844782,500,0,100.0,0.0
2595,73844782,73845282,500,0,100.0,0.0
2596,73845282,73845782,500,0,100.0,0.0
2597,73845782,73846282,342,158,68.4,31.599999999999994
2598,73846282,73846782,8,492,1.6,98.4
2599,73846782,73847282,57,443,11.4,88.6
2600,73847282,73847782,264,236,52.800000000000004,47.199999999999996
2601,73847782,73848282,500,0,100.0,0.0
2602,73848282,73848782,500,0,100.0,0.0
2603,73848782,73849282,500,0,100.0,0.0
2604,73849282,73849782,500,0,100.0,0.0
2605,73849782,73850282,500,0,100.0,0.0
2606,73850282,73850782,500,0,100.0,0.0
2607,73850782,73851282,500,0,100.0,0.0
2608,73851282,73851782,500,0,100.0,0.0
2609,73851782,73852282,500,0,100.0,0.0
2610,73852282,73852782,500,0,100.0,0.0
2611,73852782,73853282,500,0,100.0,0.0
2612,73853282,73853782,500,0,100.0,0.0
2613,73853782,73854282,500,0,100.0,0.0
2614,73854282,73854782,500,0,100.0,0.0
2615,73854782,73855282,500,0,100.0,0.0
2616,73855282,73855782,500,0,100.0,0.0
2617,73855782,73856282,500,0,100.0,0.0
2618,73856282,73856782,500,0,100.0,0.0
2619,73856782,73857282,500,0,100.0,0.0
2620,73857282,73857782,500,0,100.0,0.0
2621,73857782,73858282,500,0,100.0,0.0
2622,73858282,73858782,500,0,100.0,0.0
2623,73858782,73859282,500,0,100.0,0.0
2624,73859282,73859782,500,0,100.0,0.0
2625,73859782,73860282,500,0,100.0,0.0
2626,73860282,73860782,500,0,100.0,0.0
2627,73860782,73861282,500,0,100.0,0.0
2628,73861282,73861782,500,0,100.0,0.0
2629,73861782,73862282,500,0,100.0,0.0
2630,73862282,73862782,151,349,30.2,69.8
2631,73862782,73863282,5,495,1.0,99.0
2632,73863282,73863782,78,422,15.6,84.4
2633,73863782,73864282,212,288,42.4,57.6
2634,73864282,73864782,500,0,100.0,0.0
2635,73864782,73865282,500,0,100.0,0.0
2636,73865282,73865782,500,0,100.0,0.0
2637,73865782,73866282,500,0,100.0,0.0
2638,73866282,73866782,500,0,100.0,0.0
2639,73866782,73867282,500,0,100.0,0.0
2640,73867282,73867782,500,0,100.0,0.0
2641,73867782,73868282,500,0,100.0,0.0
2642,73868282,73868782,500,0,100.0,0.0
2643,73868782,73869282,500,0,100.0,0.0
2644,73869282,73869782,500,0,100.0,0.0
2645,73869782,73870282,500,0,100.0,0.0
2646,73870282,73870782,500,0,100.0,0.0
2647,73870782,73871282,500,0,100.0,0.0
2648,73871282,73871782,500,0,100.0,0.0
2649,73871782,73872282,500,0,100.0,0.0
2650,73872282,73872782,500,0,100.0,0.0
2651,73872782,73873282,500,0,100.0,0.0
2652,73873282,73873782,500,0,100.0,0.0
2653,73873782,73874282,500,0,100.0,0.0
2654,73874282,73874782,500,0,100.0,0.0
2655,73874782,73875282,500,0,100.0,0.0
2656,73875282,73875782,500,0,100.0,0.0
2657,73875782,73876282,500,0,100.0,0.0
2658,73876282,73876782,500,0,100.0,0.0
2659,73876782,73877282,500,0,100.0,0.0
2660,73877282,73877782,500,0,100.0,0.0
2661,73877782,73878282,500,0,100.0,0.0
2662,73878282,73878782,500,0,100.0,0.0
2663,73878782,73879282,500,0,100.0,0.0
2664,73879282,73879782,258,242,51.6,48.4
2665,73879782,73880282,7,493,1.4000000000000001,98.6
2666,73880282,73880782,57,443,11.4,88.6
2667,73880782,73881282,369,131,73.8,26.200000000000003
2668,73881282,73881782,500,0,100.0,0.0
2669,73881782,73882282,500,0,100.0,0.0
2670,73882282,73882782,500,0,100.0,0.0
2671,73882782,73883282,500,0,100.0,0.0
2672,73883282,73883782,500,0,100.0,0.0
2673,73883782,73884282,500,0,100.0,0.0
2674,73884282,73884782,500,0,100.0,0.0
2675,73884782,73885282,500,0,100.0,0.0
2676,73885282,73885782,500,0,100.0,0.0
2677,73885782,73886282,500,0,100.0,0.0
2678,73886282,73886782,500,0,100.0,0.0
2679,73886782,73887282,500,0,100.0,0.0
2680,73887282,73887782,500,0,100.0,0.0
2681,73887782,73888282,500,0,100.0,0.0
2682,73888282,73888782,500,0,100.0,0.0
2683,73888782,73889282,500,0,100.0,0.0
2684,73889282,73889782,500,0,100.0,0.0
2685,73889782,73890282,500,0,100.0,0.0
2686,73890282,73890782,500,0,100.0,0.0
2687,73890782,73891282,500,0,100.0,0.0
2688,73891282,73891782,500,0,100.0,0.0
2689,73891782,73892282,500,0,100.0,0.0
2690,73892282,73892782,500,0,100.0,0.0
2691,73892782,73893282,500,0,100.0,0.0
2692,73893282,73893782,500,0,100.0,0.0
2693,73893782,73894282,500,0,100.0,0.0
2694,73894282,73894782,500,0,100.0,0.0
2695,73894782,73895282,500,0,100.0,0.0
2696,73895282,73895782,311,189,62.2,37.8
2697,73895782,73896282,7,493,1.4000000000000001,98.6
2698,73896282,73896782,53,447,10.6,89.4
2699,73896782,73897282,217,283,43.4,56.6
2700,73897282,73897782,500,0,100.0,0.0
2701,73897782,73898282,500,0,100.0,0.0
2702,73898282,73898782,500,0,100.0,0.0
2703,73898782,73899282,500,0,100.0,0.0
2704,73899282,73899782,500,0,100.0,0.0
2705,73899782,73900282,500,0,100.0,0.0
2706,73900282,73900782,500,0,100.0,0.0
2707,73900782,73901282,500,0,100.0,0.0
2708,73901282,73901782,500,0,100.0,0.0
2709,73901782,73902282,500,0,100.0,0.0
2710,73902282,73902782,500,0,100.0,0.0
2711,73902782,73903282,500,0,100.0,0.0
2712,73903282,73903782,500,0,100.0,0.0
2713,73903782,73904282,500,0,100.0,0.0
2714,73904282,73904782,500,0,100.0,0.0
2715,73904782,73905282,500,0,100.0,0.0
2716,73905282,73905782,500,0,100.0,0.0
2717,73905782,73906282,500,0,100.0,0.0
2718,73906282,73906782,500,0,100.0,0.0
2719,73906782,73907282,500,0,100.0,0.0
2720,73907282,73907782,500,0,100.0,0.0
2721,73907782,73908282,500,0,100.0,0.0
2722,73908282,73908782,500,0,100.0,0.0
2723,73908782,73909282,500,0,100.0,0.0
2724,73909282,73909782,500,0,100.0,0.0
2725,73909782,73910282,500,0,100.0,0.0
2726,73910282,73910782,500,0,100.0,0.0
2727,73910782,73911282,500,0,100.0,0.0
2728,73911282,73911782,161,339,32.2,67.8
2729,73911782,73912282,46,454,9.2,90.8
2730,73912282,73912782,6,494,1.2,98.8
2731,73912782,73913282,500,0,100.0,0.0
2732,73913282,73913782,500,0,100.0,0.0
2733,73913782,73914282,500,0,100.0,0.0
2734,73914282,73914782,500,0,100.0,0.0
2735,73914782,73915282,500,0,100.0,0.0
2736,73915282,73915782,500,0,100.0,0.0
2737,73915782,73916282,500,0,100.0,0.0
2738,73916282,73916782,500,0,100.0,0.0
2739,73916782,73917282,500,0,100.0,0.0
2740,73917282,73917782,500,0,100.0,0.0
2741,73917782,73918282,500,0,100.0,0.0
2742,73918282,73918782,500,0,100.0,0.0
2743,73918782,73919282,500,0,100.0,0.0
2744,73919282,73919782,500,0,100.0,0.0
2745,73919782,73920282,500,0,100.0,0.0
2746,73920282,73920782,500,0,100.0,0.0
2747,73920782,73921282,500,0,100.0,0.0
2748,73921282,73921782,500,0,100.0,0.0
2749,73921782,73922282,500,0,100.0,0.0
2750,73922282,73922782,500,0,100.0,0.0
2751,73922782,73923282,500,0,100.0,0.0
2752,73923282,73923782,500,0,100.0,0.0
2753,73923782,73924282,500,0,100.0,0.0
2754,73924282,73924782,500,0,100.0,0.0
2755,73924782,73925282,500,0,100.0,0.0
2756,73925282,73925782,500,0,100.0,0.0
2757,73925782,73926282,500,0,100.0,0.0
2758,73926282,73926782,500,0,100.0,0.0
2759,73926782,73927282,326,174,65.2,34.8
2760,73927282,73927782,8,492,1.6,98.4
2761,73927782,73928282,62,438,12.4,87.6
2762,73928282,73928782,304,196,60.8,39.2
2763,73928782,73929282,500,0,100.0,0.0
2764,73929282,73929782,500,0,100.0,0.0
2765,73929782,73930282,500,0,100.0,0.0
2766,73930282,73930782,500,0,100.0,0.0
2767,73930782,73931282,500,0,100.0,0.0
2768,73931282,73931782,500,0,100.0,0.0
2769,73931782,73932282,500,0,100.0,0.0
2770,73932282,73932782,500,0,100.0,0.0
2771,73932782,73933282,500,0,100.0,0.0
2772,73933282,73933782,500,0,100.0,0.0
2773,73933782,73934282,500,0,100.0,0.0
2774,73934282,73934782,500,0,100.0,0.0
2775,73934782,73935282,500,0,100.0,0.0
2776,73935282,73935782,500,0,100.0,0.0
2777,73935782,73936282,500,0,100.0,0.0
2778,73936282,73936782,500,0,100.0,0.0
2779,73936782,73937282,500,0,100.0,0.0
2780,73937282,73937782,500,0,100.0,0.0
2781,73937782,73938282,500,0,100.0,0.0
2782,73938282,73938782,500,0,100.0,0.0
2783,73938782,73939282,500,0,100.0,0.0
2784,73939282,73939782,500,0,100.0,0.0
2785,73939782,73940282,500,0,100.0,0.0
2786,73940282,73940782,500,0,100.0,0.0
2787,73940782,73941282,500,0,100.0,0.0
2788,73941282,73941782,500,0,100.0,0.0
2789,73941782,73942282,500,0,100.0,0.0
2790,73942282,73942782,500,0,100.0,0.0
2791,73942782,73943282,215,285,43.0,57.0
2792,73943282,73943782,9,491,1.7999999999999998,98.2
2793,73943782,73944282,57,443,11.4,88.6
2794,73944282,73944782,324,176,64.8,35.2
2795,73944782,73945282,500,0,100.0,0.0
2796,73945282,73945782,500,0,100.0,0.0
2797,73945782,73946282,500,0,100.0,0.0
2798,73946282,73946782,500,0,100.0,0.0
2799,73946782,73947282,500,0,100.0,0.0
2800,73947282,73947782,500,0,100.0,0.0
2801,73947782,73948282,500,0,100.0,0.0
2802,73948282,73948782,500,0,100.0,0.0
2803,73948782,73949282,500,0,100.0,0.0
2804,73949282,73949782,500,0,100.0,0.0
2805,73949782,73950282,500,0,100.0,0.0
2806,73950282,73950782,500,0,100.0,0.0
2807,73950782,73951282,500,0,100.0,0.0
2808,73951282,73951782,500,0,100.0,0.0
2809,73951782,73952282,500,0,100.0,0.0
2810,73952282,73952782,500,0,100.0,0.0
2811,73952782,73953282,500,0,100.0,0.0
2812,73953282,73953782,500,0,100.0,0.0
2813,73953782,73954282,500,0,100.0,0.0
2814,73954282,73954782,500,0,100.0,0.0
2815,73954782,73955282,500,0,100.0,0.0
2816,73955282,73955782,500,0,100.0,0.0
2817,73955782,73956282,500,0,100.0,0.0
2818,73956282,73956782,500,0,100.0,0.0
2819,73956782,73957282,500,0,100.0,0.0
2820,73957282,73957782,500,0,100.0,0.0
2821,73957782,73958282,500,0,100.0,0.0
2822,73958282,73958782,500,0,100.0,0.0
2823,73958782,73959282,500,0,100.0,0.0
2824,73959282,73959782,500,0,100.0,0.0
2825,73959782,73960282,500,0,100.0,0.0
2826,73960282,73960782,500,0,100.0,0.0
2827,73960782,73961282,500,0,100.0,0.0
2828,73961282,73961782,500,0,100.0,0.0
2829,73961782,73962282,42,458,8.4,91.6
2830,73962282,73962782,4,496,0.8,99.2
2831,73962782,73963282,50,450,10.0,90.0
2832,73963282,73963782,27,473,5.4,94.6
2833,73963782,73964282,468,32,93.60000000000001,6.3999999999999915
2834,73964282,73964782,500,0,100.0,0.0
2835,73964782,73965282,500,0,100.0,0.0
2836,73965282,73965782,500,0,100.0,0.0
2837,73965782,73966282,500,0,100.0,0.0
2838,73966282,73966782,500,0,100.0,0.0
2839,73966782,73967282,500,0,100.0,0.0
2840,73967282,73967782,500,0,100.0,0.0
2841,73967782,73968282,500,0,100.0,0.0
2842,73968282,73968782,500,0,100.0,0.0
2843,73968782,73969282,500,0,100.0,0.0
2844,73969282,73969782,500,0,100.0,0.0
2845,73969782,73970282,500,0,100.0,0.0
2846,73970282,73970782,500,0,100.0,0.0
2847,73970782,73971282,500,0,100.0,0.0
2848,73971282,73971782,500,0,100.0,0.0
2849,73971782,73972282,500,0,100.0,0.0
2850,73972282,73972782,500,0,100.0,0.0
2851,73972782,73973282,500,0,100.0,0.0
2852,73973282,73973782,500,0,100.0,0.0
2853,73973782,73974282,500,0,100.0,0.0
2854,73974282,73974782,500,0,100.0,0.0
2855,73974782,73975282,500,0,100.0,0.0
2856,73975282,73975782,500,0,100.0,0.0
2857,73975782,73976282,500,0,100.0,0.0
2858,73976282,73976782,500,0,100.0,0.0
2859,73976782,73977282,500,0,100.0,0.0
2860,73977282,73977782,500,0,100.0,0.0
2861,73977782,73978282,500,0,100.0,0.0
2862,73978282,73978782,500,0,100.0,0.0
2863,73978782,73979282,500,0,100.0,0.0
2864,73979282,73979782,392,108,78.4,21.599999999999994
2865,73979782,73980282,7,493,1.4000000000000001,98.6
2866,73980282,73980782,59,441,11.799999999999999,88.2
2867,73980782,73981282,2,498,0.4,99.6
2868,73981282,73981782,277,223,55.400000000000006,44.599999999999994
2869,73981782,73982282,500,0,100.0,0.0
2870,73982282,73982782,500,0,100.0,0.0
2871,73982782,73983282,500,0,100.0,0.0
2872,73983282,73983782,500,0,100.0,0.0
2873,73983782,73984282,500,0,100.0,0.0
2874,73984282,73984782,500,0,100.0,0.0
2875,73984782,73985282,500,0,100.0,0.0
2876,73985282,73985782,500,0,100.0,0.0
2877,73985782,73986282,500,0,100.0,0.0
2878,73986282,73986782,500,0,100.0,0.0
2879,73986782,73987282,500,0,100.0,0.0
2880,73987282,73987782,500,0,100.0,0.0
2881,73987782,73988282,500,0,100.0,0.0
2882,73988282,73988782,500,0,100.0,0.0
2883,73988782,73989282,500,0,100.0,0.0
2884,73989282,73989782,500,0,100.0,0.0
2885,73989782,73990282,500,0,100.0,0.0
2886,73990282,73990782,500,0,100.0,0.0
2887,73990782,73991282,500,0,100.0,0.0
2888,73991282,73991782,500,0,100.0,0.0
2889,73991782,73992282,500,0,100.0,0.0
2890,73992282,73992782,500,0,100.0,0.0
2891,73992782,73993282,500,0,100.0,0.0
2892,73993282,73993782,500,0,100.0,0.0
2893,73993782,73994282,500,0,100.0,0.0
2894,73994282,73994782,500,0,100.0,0.0
2895,73994782,73995282,500,0,100.0,0.0
2896,73995282,73995782,500,0,100.0,0.0
2897,73995782,73996282,450,50,90.0,10.0
2898,73996282,73996782,9,491,1.7999999999999998,98.2
2899,73996782,73997282,68,432,13.600000000000001,86.4
2900,73997282,73997782,5,495,1.0,99.0
2901,73997782,73998282,414,86,82.8,17.200000000000003
2902,73998282,73998782,500,0,100.0,0.0
2903,73998782,73999282,500,0,100.0,0.0
2904,73999282,73999782,500,0,100.0,0.0
2905,73999782,74000282,500,0,100.0,0.0
2906,74000282,74000782,500,0,100.0,0.0
2907,74000782,74001282,500,0,100.0,0.0
2908,74001282,74001782,500,0,100.0,0.0
2909,74001782,74002282,500,0,100.0,0.0
2910,74002282,74002782,500,0,100.0,0.0
2911,74002782,74003282,500,0,100.0,0.0
2912,74003282,74003782,500,0,100.0,0.0
2913,74003782,74004282,500,0,100.0,0.0
2914,74004282,74004782,500,0,100.0,0.0
2915,74004782,74005282,500,0,100.0,0.0
2916,74005282,74005782,500,0,100.0,0.0
2917,74005782,74006282,500,0,100.0,0.0
2918,74006282,74006782,500,0,100.0,0.0
2919,74006782,74007282,500,0,100.0,0.0
2920,74007282,74007782,500,0,100.0,0.0
2921,74007782,74008282,500,0,100.0,0.0
2922,74008282,74008782,500,0,100.0,0.0
2923,74008782,74009282,500,0,100.0,0.0
2924,74009282,74009782,500,0,100.0,0.0
2925,74009782,74010282,500,0,100.0,0.0
2926,74010282,74010782,500,0,100.0,0.0
2927,74010782,74011282,500,0,100.0,0.0
2928,74011282,74011782,500,0,100.0,0.0
2929,74011782,74012282,500,0,100.0,0.0
2930,74012282,74012782,181,319,36.199999999999996,63.800000000000004
2931,74012782,74013282,6,494,1.2,98.8
2932,74013282,74013782,49,451,9.8,90.2
2933,74013782,74014282,450,50,90.0,10.0
2934,74014282,74014782,500,0,100.0,0.0
2935,74014782,74015282,500,0,100.0,0.0
2936,74015282,74015782,500,0,100.0,0.0
2937,74015782,74016282,500,0,100.0,0.0
2938,74016282,74016782,500,0,100.0,0.0
2939,74016782,74017282,500,0,100.0,0.0
2940,74017282,74017782,500,0,100.0,0.0
2941,74017782,74018282,500,0,100.0,0.0
2942,74018282,74018782,500,0,100.0,0.0
2943,74018782,74019282,500,0,100.0,0.0
2944,74019282,74019782,500,0,100.0,0.0
2945,74019782,74020282,500,0,100.0,0.0
2946,74020282,74020782,500,0,100.0,0.0
2947,74020782,74021282,500,0,100.0,0.0
2948,74021282,74021782,500,0,100.0,0.0
2949,74021782,74022282,500,0,100.0,0.0
2950,74022282,74022782,500,0,100.0,0.0
2951,74022782,74023282,500,0,100.0,0.0
2952,74023282,74023782,500,0,100.0,0.0
2953,74023782,74024282,500,0,100.0,0.0
2954,74024282,74024782,500,0,100.0,0.0
2955,74024782,74025282,500,0,100.0,0.0
2956,74025282,74025782,500,0,100.0,0.0
2957,74025782,74026282,500,0,100.0,0.0
2958,74026282,74026782,500,0,100.0,0.0
2959,74026782,74027282,500,0,100.0,0.0
2960,74027282,74027782,500,0,100.0,0.0
2961,74027782,74028282,500,0,100.0,0.0
2962,74028282,74028782,171,329,34.2,65.8
2963,74028782,74029282,7,493,1.4000000000000001,98.6
2964,74029282,74029782,53,447,10.6,89.4
2965,74029782,74030282,244,256,48.8,51.2
2966,74030282,74030782,500,0,100.0,0.0
2967,74030782,74031282,500,0,100.0,0.0
2968,74031282,74031782,500,0,100.0,0.0
2969,74031782,74032282,500,0,100.0,0.0
2970,74032282,74032782,500,0,100.0,0.0
2971,74032782,74033282,500,0,100.0,0.0
2972,74033282,74033782,500,0,100.0,0.0
2973,74033782,74034282,500,0,100.0,0.0
2974,74034282,74034782,500,0,100.0,0.0
2975,74034782,74035282,500,0,100.0,0.0
2976,74035282,74035782,500,0,100.0,0.0
2977,74035782,74036282,500,0,100.0,0.0
2978,74036282,74036782,500,0,100.0,0.0
2979,74036782,74037282,500,0,100.0,0.0
2980,74037282,74037782,500,0,100.0,0.0
2981,74037782,74038282,500,0,100.0,0.0
2982,74038282,74038782,500,0,100.0,0.0
2983,74038782,74039282,500,0,100.0,0.0
2984,74039282,74039782,500,0,100.0,0.0
2985,74039782,74040282,500,0,100.0,0.0
2986,74040282,74040782,500,0,100.0,0.0
2987,74040782,74041282,500,0,100.0,0.0
2988,74041282,74041782,500,0,100.0,0.0
2989,74041782,74042282,500,0,100.0,0.0
2990,74042282,74042782,500,0,100.0,0.0
2991,74042782,74043282,500,0,100.0,0.0
2992,74043282,74043782,500,0,100.0,0.0
2993,74043782,74044282,500,0,100.0,0.0
2994,74044282,74044782,258,242,51.6,48.4
2995,74044782,74045282,6,494,1.2,98.8
2996,74045282,74045782,47,453,9.4,90.6
2997,74045782,74046282,350,150,70.0,30.0
2998,74046282,74046782,500,0,100.0,0.0
2999,74046782,74047282,500,0,100.0,0.0
3000,74047282,74047782,500,0,100.0,0.0
3001,74047782,74048282,500,0,100.0,0.0
3002,74048282,74048782,500,0,100.0,0.0
3003,74048782,74049282,500,0,100.0,0.0
3004,74049282,74049782,500,0,100.0,0.0
3005,74049782,74050282,500,0,100.0,0.0
3006,74050282,74050782,500,0,100.0,0.0
3007,74050782,74051282,500,0,100.0,0.0
3008,74051282,74051782,500,0,100.0,0.0
3009,74051782,74052282,500,0,100.0,0.0
3010,74052282,74052782,500,0,100.0,0.0
3011,74052782,74053282,500,0,100.0,0.0
3012,74053282,74053782,500,0,100.0,0.0
3013,74053782,74054282,500,0,100.0,0.0
3014,74054282,74054782,500,0,100.0,0.0
3015,74054782,74055282,500,0,100.0,0.0
3016,74055282,74055782,500,0,100.0,0.0
3017,74055782,74056282,500,0,100.0,0.0
3018,74056282,74056782,500,0,100.0,0.0
3019,74056782,74057282,500,0,100.0,0.0
3020,74057282,74057782,500,0,100.0,0.0
3021,74057782,74058282,500,0,100.0,0.0
3022,74058282,74058782,500,0,100.0,0.0
3023,74058782,74059282,500,0,100.0,0.0
3024,74059282,74059782,500,0,100.0,0.0
3025,74059782,74060282,500,0,100.0,0.0
3026,74060282,74060782,252,248,50.4,49.6
3027,74060782,74061282,6,494,1.2,98.8
3028,74061282,74061782,50,450,10.0,90.0
3029,74061782,74062282,360,140,72.0,28.0
3030,74062282,74062782,500,0,100.0,0.0
3031,74062782,74063282,500,0,100.0,0.0
3032,74063282,74063782,500,0,100.0,0.0
3033,74063782,74064282,500,0,100.0,0.0
3034,74064282,74064782,500,0,100.0,0.0
3035,74064782,74065282,500,0,100.0,0.0
3036,74065282,74065782,500,0,100.0,0.0
3037,74065782,74066282,500,0,100.0,0.0
3038,74066282,74066782,500,0,100.0,0.0
3039,74066782,74067282,500,0,100.0,0.0
3040,74067282,74067782,500,0,100.0,0.0
3041,74067782,74068282,500,0,100.0,0.0
3042,74068282,74068782,500,0,100.0,0.0
3043,74068782,74069282,500,0,100.0,0.0
3044,74069282,74069782,500,0,100.0,0.0
3045,74069782,74070282,500,0,100.0,0.0
3046,74070282,74070782,500,0,100.0,0.0
3047,74070782,74071282,500,0,100.0,0.0
3048,74071282,74071782,500,0,100.0,0.0
3049,74071782,74072282,500,0,100.0,0.0
3050,74072282,74072782,500,0,100.0,0.0
3051,74072782,74073282,500,0,100.0,0.0
3052,74073282,74073782,500,0,100.0,0.0
3053,74073782,74074282,500,0,100.0,0.0
3054,74074282,74074782,500,0,100.0,0.0
3055,74074782,74075282,500,0,100.0,0.0
3056,74075282,74075782,500,0,100.0,0.0
3057,74075782,74076282,500,0,100.0,0.0
3058,74076282,74076782,500,0,100.0,0.0
3059,74076782,74077282,500,0,100.0,0.0
3060,74077282,74077782,185,315,37.0,63.0
3061,74077782,74078282,7,493,1.4000000000000001,98.6
3062,74078282,74078782,54,446,10.8,89.2
3063,74078782,74079282,395,105,79.0,21.0
3064,74079282,74079782,500,0,100.0,0.0
3065,74079782,74080282,500,0,100.0,0.0
3066,74080282,74080782,500,0,100.0,0.0
3067,74080782,74081282,500,0,100.0,0.0
3068,74081282,74081782,500,0,100.0,0.0
3069,74081782,74082282,500,0,100.0,0.0
3070,74082282,74082782,500,0,100.0,0.0
3071,74082782,74083282,500,0,100.0,0.0
3072,74083282,74083782,500,0,100.0,0.0
3073,74083782,74084282,500,0,100.0,0.0
3074,74084282,74084782,500,0,100.0,0.0
3075,74084782,74085282,500,0,100.0,0.0
3076,74085282,74085782,500,0,100.0,0.0
3077,74085782,74086282,500,0,100.0,0.0
3078,74086282,74086782,500,0,100.0,0.0
3079,74086782,74087282,500,0,100.0,0.0
3080,74087282,74087782,500,0,100.0,0.0
3081,74087782,74088282,500,0,100.0,0.0
3082,74088282,74088782,500,0,100.0,0.0
3083,74088782,74089282,500,0,100.0,0.0
3084,74089282,74089782,500,0,100.0,0.0
3085,74089782,74090282,500,0,100.0,0.0
3086,74090282,74090782,500,0,100.0,0.0
3087,74090782,74091282,500,0,100.0,0.0
3088,74091282,74091782,500,0,100.0,0.0
3089,74091782,74092282,500,0,100.0,0.0
3090,74092282,74092782,500,0,100.0,0.0
3091,74092782,74093282,500,0,100.0,0.0
3092,74093282,74093782,191,309,38.2,61.8
3093,74093782,74094282,6,494,1.2,98.8
3094,74094282,74094782,61,439,12.2,87.8
3095,74094782,74095282,236,264,47.199999999999996,52.800000000000004
3096,74095282,74095782,500,0,100.0,0.0
3097,74095782,74096282,500,0,100.0,0.0
3098,74096282,74096782,500,0,100.0,0.0
3099,74096782,74097282,500,0,100.0,0.0
3100,74097282,74097782,500,0,100.0,0.0
3101,74097782,74098282,500,0,100.0,0.0
3102,74098282,74098782,500,0,100.0,0.0
3103,74098782,74099282,500,0,100.0,0.0
3104,74099282,74099782,500,0,100.0,0.0
3105,74099782,74100282,500,0,100.0,0.0
3106,74100282,74100782,500,0,100.0,0.0
3107,74100782,74101282,500,0,100.0,0.0
3108,74101282,74101782,500,0,100.0,0.0
3109,74101782,74102282,500,0,100.0,0.0
3110,74102282,74102782,500,0,100.0,0.0
3111,74102782,74103282,500,0,100.0,0.0
3112,74103282,74103782,500,0,100.0,0.0
3113,74103782,74104282,500,0,100.0,0.0
3114,74104282,74104782,500,0,100.0,0.0
3115,74104782,74105282,500,0,100.0,0.0
3116,74105282,74105782,500,0,100.0,0.0
3117,74105782,74106282,500,0,100.0,0.0
3118,74106282,74106782,500,0,100.0,0.0
3119,74106782,74107282,500,0,100.0,0.0
3120,74107282,74107782,500,0,100.0,0.0
3121,74107782,74108282,500,0,100.0,0.0
3122,74108282,74108782,500,0,100.0,0.0
3123,74108782,74109282,500,0,100.0,0.0
3124,74109282,74109782,451,49,90.2,9.799999999999997
3125,74109782,74110282,8,492,1.6,98.4
3126,74110282,74110782,60,440,12.0,88.0
3127,74110782,74111282,50,450,10.0,90.0
3128,74111282,74111782,500,0,100.0,0.0
3129,74111782,74112282,500,0,100.0,0.0
3130,74112282,74112782,500,0,100.0,0.0
3131,74112782,74113282,500,0,100.0,0.0
3132,74113282,74113782,500,0,100.0,0.0
3133,74113782,74114282,500,0,100.0,0.0
3134,74114282,74114782,500,0,100.0,0.0
3135,74114782,74115282,500,0,100.0,0.0
3136,74115282,74115782,500,0,100.0,0.0
3137,74115782,74116282,500,0,100.0,0.0
3138,74116282,74116782,500,0,100.0,0.0
3139,74116782,74117282,500,0,100.0,0.0
3140,74117282,74117782,500,0,100.0,0.0
3141,74117782,74118282,500,0,100.0,0.0
3142,74118282,74118782,500,0,100.0,0.0
3143,74118782,74119282,500,0,100.0,0.0
3144,74119282,74119782,500,0,100.0,0.0
3145,74119782,74120282,500,0,100.0,0.0
3146,74120282,74120782,500,0,100.0,0.0
3147,74120782,74121282,500,0,100.0,0.0
3148,74121282,74121782,500,0,100.0,0.0
3149,74121782,74122282,500,0,100.0,0.0
3150,74122282,74122782,500,0,100.0,0.0
3151,74122782,74123282,500,0,100.0,0.0
3152,74123282,74123782,500,0,100.0,0.0
3153,74123782,74124282,500,0,100.0,0.0
3154,74124282,74124782,500,0,100.0,0.0
3155,74124782,74125282,500,0,100.0,0.0
3156,74125282,74125782,500,0,100.0,0.0
3157,74125782,74126282,92,408,18.4,81.6
3158,74126282,74126782,51,449,10.2,89.8
3159,74126782,74127282,6,494,1.2,98.8
3160,74127282,74127782,438,62,87.6,12.400000000000006
3161,74127782,74128282,500,0,100.0,0.0
3162,74128282,74128782,500,0,100.0,0.0
3163,74128782,74129282,500,0,100.0,0.0
3164,74129282,74129782,500,0,100.0,0.0
3165,74129782,74130282,500,0,100.0,0.0
3166,74130282,74130782,500,0,100.0,0.0
3167,74130782,74131282,500,0,100.0,0.0
3168,74131282,74131782,500,0,100.0,0.0
3169,74131782,74132282,500,0,100.0,0.0
3170,74132282,74132782,500,0,100.0,0.0
3171,74132782,74133282,500,0,100.0,0.0
3172,74133282,74133782,500,0,100.0,0.0
3173,74133782,74134282,500,0,100.0,0.0
3174,74134282,74134782,500,0,100.0,0.0
3175,74134782,74135282,500,0,100.0,0.0
3176,74135282,74135782,500,0,100.0,0.0
3177,74135782,74136282,500,0,100.0,0.0
3178,74136282,74136782,500,0,100.0,0.0
3179,74136782,74137282,500,0,100.0,0.0
3180,74137282,74137782,500,0,100.0,0.0
3181,74137782,74138282,500,0,100.0,0.0
3182,74138282,74138782,500,0,100.0,0.0
3183,74138782,74139282,500,0,100.0,0.0
3184,74139282,74139782,500,0,100.0,0.0
3185,74139782,74140282,500,0,100.0,0.0
3186,74140282,74140782,500,0,100.0,0.0
3187,74140782,74141282,500,0,100.0,0.0
3188,74141282,74141782,500,0,100.0,0.0
3189,74141782,74142282,88,412,17.599999999999998,82.4
3190,74142282,74142782,41,459,8.200000000000001,91.8
3191,74142782,74143282,14,486,2.8000000000000003,97.2
3192,74143282,74143782,421,79,84.2,15.799999999999997
3193,74143782,74144282,500,0,100.0,0.0
3194,74144282,74144782,500,0,100.0,0.0
3195,74144782,74145282,500,0,100.0,0.0
3196,74145282,74145782,500,0,100.0,0.0
3197,74145782,74146282,500,0,100.0,0.0
3198,74146282,74146782,500,0,100.0,0.0
3199,74146782,74147282,500,0,100.0,0.0
3200,74147282,74147782,500,0,100.0,0.0
3201,74147782,74148282,500,0,100.0,0.0
3202,74148282,74148782,500,0,100.0,0.0
3203,74148782,74149282,500,0,100.0,0.0
3204,74149282,74149782,500,0,100.0,0.0
3205,74149782,74150282,500,0,100.0,0.0
3206,74150282,74150782,500,0,100.0,0.0
3207,74150782,74151282,500,0,100.0,0.0
3208,74151282,74151782,500,0,100.0,0.0
3209,74151782,74152282,500,0,100.0,0.0
3210,74152282,74152782,500,0,100.0,0.0
3211,74152782,74153282,500,0,100.0,0.0
3212,74153282,74153782,500,0,100.0,0.0
3213,74153782,74154282,500,0,100.0,0.0
3214,74154282,74154782,500,0,100.0,0.0
3215,74154782,74155282,500,0,100.0,0.0
3216,74155282,74155782,500,0,100.0,0.0
3217,74155782,74156282,500,0,100.0,0.0
3218,74156282,74156782,500,0,100.0,0.0
3219,74156782,74157282,500,0,100.0,0.0
3220,74157282,74157782,500,0,100.0,0.0
3221,74157782,74158282,151,349,30.2,69.8
3222,74158282,74158782,8,492,1.6,98.4
3223,74158782,74159282,49,451,9.8,90.2
3224,74159282,74159782,385,115,77.0,23.0
3225,74159782,74160282,500,0,100.0,0.0
3226,74160282,74160782,500,0,100.0,0.0
3227,74160782,74161282,500,0,100.0,0.0
3228,74161282,74161782,500,0,100.0,0.0
3229,74161782,74162282,500,0,100.0,0.0
3230,74162282,74162782,500,0,100.0,0.0
3231,74162782,74163282,500,0,100.0,0.0
3232,74163282,74163782,500,0,100.0,0.0
3233,74163782,74164282,500,0,100.0,0.0
3234,74164282,74164782,500,0,100.0,0.0
3235,74164782,74165282,500,0,100.0,0.0
3236,74165282,74165782,500,0,100.0,0.0
3237,74165782,74166282,500,0,100.0,0.0
3238,74166282,74166782,500,0,100.0,0.0
3239,74166782,74167282,500,0,100.0,0.0
3240,74167282,74167782,500,0,100.0,0.0
3241,74167782,74168282,500,0,100.0,0.0
3242,74168282,74168782,500,0,100.0,0.0
3243,74168782,74169282,500,0,100.0,0.0
3244,74169282,74169782,500,0,100.0,0.0
3245,74169782,74170282,500,0,100.0,0.0
3246,74170282,74170782,500,0,100.0,0.0
3247,74170782,74171282,500,0,100.0,0.0
3248,74171282,74171782,500,0,100.0,0.0
3249,74171782,74172282,500,0,100.0,0.0
3250,74172282,74172782,500,0,100.0,0.0
3251,74172782,74173282,500,0,100.0,0.0
3252,74173282,74173782,500,0,100.0,0.0
3253,74173782,74174282,142,358,28.4,71.6
3254,74174282,74174782,42,458,8.4,91.6
3255,74174782,74175282,11,489,2.1999999999999997,97.8
3256,74175282,74175782,425,75,85.0,15.0
3257,74175782,74176282,500,0,100.0,0.0
3258,74176282,74176782,500,0,100.0,0.0
3259,74176782,74177282,500,0,100.0,0.0
3260,74177282,74177782,500,0,100.0,0.0
3261,74177782,74178282,500,0,100.0,0.0
3262,74178282,74178782,500,0,100.0,0.0
3263,74178782,74179282,500,0,100.0,0.0
3264,74179282,74179782,500,0,100.0,0.0
3265,74179782,74180282,500,0,100.0,0.0
3266,74180282,74180782,500,0,100.0,0.0
3267,74180782,74181282,500,0,100.0,0.0
3268,74181282,74181782,500,0,100.0,0.0
3269,74181782,74182282,500,0,100.0,0.0
3270,74182282,74182782,500,0,100.0,0.0
3271,74182782,74183282,500,0,100.0,0.0
3272,74183282,74183782,500,0,100.0,0.0
3273,74183782,74184282,500,0,100.0,0.0
3274,74184282,74184782,500,0,100.0,0.0
3275,74184782,74185282,500,0,100.0,0.0
3276,74185282,74185782,500,0,100.0,0.0
3277,74185782,74186282,500,0,100.0,0.0
3278,74186282,74186782,500,0,100.0,0.0
3279,74186782,74187282,500,0,100.0,0.0
3280,74187282,74187782,500,0,100.0,0.0
3281,74187782,74188282,500,0,100.0,0.0
3282,74188282,74188782,500,0,100.0,0.0
3283,74188782,74189282,500,0,100.0,0.0
3284,74189282,74189782,500,0,100.0,0.0
3285,74189782,74190282,500,0,100.0,0.0
3286,74190282,74190782,500,0,100.0,0.0
3287,74190782,74191282,159,341,31.8,68.2
3288,74191282,74191782,7,493,1.4000000000000001,98.6
3289,74191782,74192282,58,442,11.600000000000001,88.4
3290,74192282,74192782,373,127,74.6,25.400000000000006
3291,74192782,74193282,500,0,100.0,0.0
3292,74193282,74193782,500,0,100.0,0.0
3293,74193782,74194282,500,0,100.0,0.0
3294,74194282,74194782,500,0,100.0,0.0
3295,74194782,74195282,500,0,100.0,0.0
3296,74195282,74195782,500,0,100.0,0.0
3297,74195782,74196282,500,0,100.0,0.0
3298,74196282,74196782,500,0,100.0,0.0
3299,74196782,74197282,500,0,100.0,0.0
3300,74197282,74197782,500,0,100.0,0.0
3301,74197782,74198282,500,0,100.0,0.0
3302,74198282,74198782,500,0,100.0,0.0
3303,74198782,74199282,500,0,100.0,0.0
3304,74199282,74199782,500,0,100.0,0.0
3305,74199782,74200282,500,0,100.0,0.0
3306,74200282,74200782,500,0,100.0,0.0
3307,74200782,74201282,500,0,100.0,0.0
3308,74201282,74201782,500,0,100.0,0.0
3309,74201782,74202282,500,0,100.0,0.0
3310,74202282,74202782,500,0,100.0,0.0
3311,74202782,74203282,500,0,100.0,0.0
3312,74203282,74203782,500,0,100.0,0.0
3313,74203782,74204282,500,0,100.0,0.0
3314,74204282,74204782,500,0,100.0,0.0
3315,74204782,74205282,500,0,100.0,0.0
3316,74205282,74205782,500,0,100.0,0.0
3317,74205782,74206282,500,0,100.0,0.0
3318,74206282,74206782,500,0,100.0,0.0
3319,74206782,74207282,163,337,32.6,67.4
3320,74207282,74207782,8,492,1.6,98.4
3321,74207782,74208282,52,448,10.4,89.6
3322,74208282,74208782,305,195,61.0,39.0
3323,74208782,74209282,500,0,100.0,0.0
3324,74209282,74209782,500,0,100.0,0.0
3325,74209782,74210282,500,0,100.0,0.0
3326,74210282,74210782,500,0,100.0,0.0
3327,74210782,74211282,500,0,100.0,0.0
3328,74211282,74211782,500,0,100.0,0.0
3329,74211782,74212282,500,0,100.0,0.0
3330,74212282,74212782,500,0,100.0,0.0
3331,74212782,74213282,500,0,100.0,0.0
3332,74213282,74213782,500,0,100.0,0.0
3333,74213782,74214282,500,0,100.0,0.0
3334,74214282,74214782,500,0,100.0,0.0
3335,74214782,74215282,500,0,100.0,0.0
3336,74215282,74215782,500,0,100.0,0.0
3337,74215782,74216282,500,0,100.0,0.0
3338,74216282,74216782,500,0,100.0,0.0
3339,74216782,74217282,500,0,100.0,0.0
3340,74217282,74217782,500,0,100.0,0.0
3341,74217782,74218282,500,0,100.0,0.0
3342,74218282,74218782,500,0,100.0,0.0
3343,74218782,74219282,500,0,100.0,0.0
3344,74219282,74219782,500,0,100.0,0.0
3345,74219782,74220282,500,0,100.0,0.0
3346,74220282,74220782,500,0,100.0,0.0
3347,74220782,74221282,500,0,100.0,0.0
3348,74221282,74221782,500,0,100.0,0.0
3349,74221782,74222282,500,0,100.0,0.0
3350,74222282,74222782,500,0,100.0,0.0
3351,74222782,74223282,500,0,100.0,0.0
3352,74223282,74223782,40,460,8.0,92.0
3353,74223782,74224282,53,447,10.6,89.4
3354,74224282,74224782,102,398,20.4,79.6
3355,74224782,74225282,500,0,100.0,0.0
3356,74225282,74225782,500,0,100.0,0.0
3357,74225782,74226282,500,0,100.0,0.0
3358,74226282,74226782,500,0,100.0,0.0
3359,74226782,74227282,500,0,100.0,0.0
3360,74227282,74227782,500,0,100.0,0.0
3361,74227782,74228282,500,0,100.0,0.0
3362,74228282,74228782,500,0,100.0,0.0
3363,74228782,74229282,500,0,100.0,0.0
3364,74229282,74229782,500,0,100.0,0.0
3365,74229782,74230282,500,0,100.0,0.0
3366,74230282,74230782,500,0,100.0,0.0
3367,74230782,74231282,500,0,100.0,0.0
3368,74231282,74231782,500,0,100.0,0.0
3369,74231782,74232282,500,0,100.0,0.0
3370,74232282,74232782,500,0,100.0,0.0
3371,74232782,74233282,500,0,100.0,0.0
3372,74233282,74233782,500,0,100.0,0.0
3373,74233782,74234282,500,0,100.0,0.0
3374,74234282,74234782,500,0,100.0,0.0
3375,74234782,74235282,500,0,100.0,0.0
3376,74235282,74235782,500,0,100.0,0.0
3377,74235782,74236282,500,0,100.0,0.0
3378,74236282,74236782,500,0,100.0,0.0
3379,74236782,74237282,500,0,100.0,0.0
3380,74237282,74237782,500,0,100.0,0.0
3381,74237782,74238282,500,0,100.0,0.0
3382,74238282,74238782,500,0,100.0,0.0
3383,74238782,74239282,82,418,16.400000000000002,83.6
3384,74239282,74239782,47,453,9.4,90.6
3385,74239782,74240282,13,487,2.6,97.4
3386,74240282,74240782,500,0,100.0,0.0
3387,74240782,74241282,500,0,100.0,0.0
3388,74241282,74241782,500,0,100.0,0.0
3389,74241782,74242282,500,0,100.0,0.0
3390,74242282,74242782,500,0,100.0,0.0
3391,74242782,74243282,500,0,100.0,0.0
3392,74243282,74243782,500,0,100.0,0.0
3393,74243782,74244282,500,0,100.0,0.0
3394,74244282,74244782,500,0,100.0,0.0
3395,74244782,74245282,500,0,100.0,0.0
3396,74245282,74245782,500,0,100.0,0.0
3397,74245782,74246282,500,0,100.0,0.0
3398,74246282,74246782,500,0,100.0,0.0
3399,74246782,74247282,500,0,100.0,0.0
3400,74247282,74247782,500,0,100.0,0.0
3401,74247782,74248282,500,0,100.0,0.0
3402,74248282,74248782,500,0,100.0,0.0
3403,74248782,74249282,500,0,100.0,0.0
3404,74249282,74249782,500,0,100.0,0.0
3405,74249782,74250282,500,0,100.0,0.0
3406,74250282,74250782,500,0,100.0,0.0
3407,74250782,74251282,500,0,100.0,0.0
3408,74251282,74251782,500,0,100.0,0.0
3409,74251782,74252282,500,0,100.0,0.0
3410,74252282,74252782,500,0,100.0,0.0
3411,74252782,74253282,500,0,100.0,0.0
3412,74253282,74253782,500,0,100.0,0.0
3413,74253782,74254282,500,0,100.0,0.0
3414,74254282,74254782,211,289,42.199999999999996,57.800000000000004
3415,74254782,74255282,6,494,1.2,98.8
3416,74255282,74255782,49,451,9.8,90.2
3417,74255782,74256282,421,79,84.2,15.799999999999997
3418,74256282,74256782,500,0,100.0,0.0
3419,74256782,74257282,500,0,100.0,0.0
3420,74257282,74257782,500,0,100.0,0.0
3421,74257782,74258282,500,0,100.0,0.0
3422,74258282,74258782,500,0,100.0,0.0
3423,74258782,74259282,500,0,100.0,0.0
3424,74259282,74259782,500,0,100.0,0.0
3425,74259782,74260282,500,0,100.0,0.0
3426,74260282,74260782,500,0,100.0,0.0
3427,74260782,74261282,500,0,100.0,0.0
3428,74261282,74261782,500,0,100.0,0.0
3429,74261782,74262282,500,0,100.0,0.0
3430,74262282,74262782,500,0,100.0,0.0
3431,74262782,74263282,500,0,100.0,0.0
3432,74263282,74263782,500,0,100.0,0.0
3433,74263782,74264282,500,0,100.0,0.0
3434,74264282,74264782,500,0,100.0,0.0
3435,74264782,74265282,500,0,100.0,0.0
3436,74265282,74265782,500,0,100.0,0.0
3437,74265782,74266282,500,0,100.0,0.0
3438,74266282,74266782,500,0,100.0,0.0
3439,74266782,74267282,500,0,100.0,0.0
3440,74267282,74267782,500,0,100.0,0.0
3441,74267782,74268282,500,0,100.0,0.0
3442,74268282,74268782,500,0,100.0,0.0
3443,74268782,74269282,500,0,100.0,0.0
3444,74269282,74269782,500,0,100.0,0.0
3445,74269782,74270282,316,184,63.2,36.8
3446,74270282,74270782,8,492,1.6,98.4
3447,74270782,74271282,45,455,9.0,91.0
3448,74271282,74271782,362,138,72.39999999999999,27.60000000000001
3449,74271782,74272282,500,0,100.0,0.0
3450,74272282,74272782,500,0,100.0,0.0
3451,74272782,74273282,500,0,100.0,0.0
3452,74273282,74273782,500,0,100.0,0.0
3453,74273782,74274282,500,0,100.0,0.0
3454,74274282,74274782,500,0,100.0,0.0
3455,74274782,74275282,500,0,100.0,0.0
3456,74275282,74275782,500,0,100.0,0.0
3457,74275782,74276282,500,0,100.0,0.0
3458,74276282,74276782,500,0,100.0,0.0
3459,74276782,74277282,500,0,100.0,0.0
3460,74277282,74277782,500,0,100.0,0.0
3461,74277782,74278282,500,0,100.0,0.0
3462,74278282,74278782,500,0,100.0,0.0
3463,74278782,74279282,500,0,100.0,0.0
3464,74279282,74279782,500,0,100.0,0.0
3465,74279782,74280282,500,0,100.0,0.0
3466,74280282,74280782,500,0,100.0,0.0
3467,74280782,74281282,500,0,100.0,0.0
3468,74281282,74281782,500,0,100.0,0.0
3469,74281782,74282282,500,0,100.0,0.0
3470,74282282,74282782,500,0,100.0,0.0
3471,74282782,74283282,500,0,100.0,0.0
3472,74283282,74283782,500,0,100.0,0.0
3473,74283782,74284282,500,0,100.0,0.0
3474,74284282,74284782,500,0,100.0,0.0
3475,74284782,74285282,500,0,100.0,0.0
3476,74285282,74285782,500,0,100.0,0.0
3477,74285782,74286282,500,0,100.0,0.0
3478,74286282,74286782,500,0,100.0,0.0
3479,74286782,74287282,500,0,100.0,0.0
3480,74287282,74287782,76,424,15.2,84.8
3481,74287782,74288282,55,445,11.0,89.0
3482,74288282,74288782,28,472,5.6000000000000005,94.4
3483,74288782,74289282,478,22,95.6,4.400000000000006
3484,74289282,74289782,500,0,100.0,0.0
3485,74289782,74290282,500,0,100.0,0.0
3486,74290282,74290782,500,0,100.0,0.0
3487,74290782,74291282,500,0,100.0,0.0
3488,74291282,74291782,500,0,100.0,0.0
3489,74291782,74292282,500,0,100.0,0.0
3490,74292282,74292782,500,0,100.0,0.0
3491,74292782,74293282,500,0,100.0,0.0
3492,74293282,74293782,500,0,100.0,0.0
3493,74293782,74294282,500,0,100.0,0.0
3494,74294282,74294782,500,0,100.0,0.0
3495,74294782,74295282,500,0,100.0,0.0
3496,74295282,74295782,500,0,100.0,0.0
3497,74295782,74296282,500,0,100.0,0.0
3498,74296282,74296782,500,0,100.0,0.0
3499,74296782,74297282,500,0,100.0,0.0
3500,74297282,74297782,500,0,100.0,0.0
3501,74297782,74298282,500,0,100.0,0.0
3502,74298282,74298782,500,0,100.0,0.0
3503,74298782,74299282,500,0,100.0,0.0
3504,74299282,74299782,500,0,100.0,0.0
3505,74299782,74300282,500,0,100.0,0.0
3506,74300282,74300782,500,0,100.0,0.0
3507,74300782,74301282,500,0,100.0,0.0
3508,74301282,74301782,500,0,100.0,0.0
3509,74301782,74302282,500,0,100.0,0.0
3510,74302282,74302782,500,0,100.0,0.0
3511,74302782,74303282,500,0,100.0,0.0
3512,74303282,74303782,206,294,41.199999999999996,58.800000000000004
3513,74303782,74304282,7,493,1.4000000000000001,98.6
3514,74304282,74304782,66,434,13.200000000000001,86.8
3515,74304782,74305282,400,100,80.0,20.0
3516,74305282,74305782,500,0,100.0,0.0
3517,74305782,74306282,500,0,100.0,0.0
3518,74306282,74306782,500,0,100.0,0.0
3519,74306782,74307282,500,0,100.0,0.0
3520,74307282,74307782,500,0,100.0,0.0
3521,74307782,74308282,500,0,100.0,0.0
3522,74308282,74308782,500,0,100.0,0.0
3523,74308782,74309282,500,0,100.0,0.0
3524,74309282,74309782,500,0,100.0,0.0
3525,74309782,74310282,500,0,100.0,0.0
3526,74310282,74310782,500,0,100.0,0.0
3527,74310782,74311282,500,0,100.0,0.0
3528,74311282,74311782,500,0,100.0,0.0
3529,74311782,74312282,500,0,100.0,0.0
3530,74312282,74312782,500,0,100.0,0.0
3531,74312782,74313282,500,0,100.0,0.0
3532,74313282,74313782,500,0,100.0,0.0
3533,74313782,74314282,500,0,100.0,0.0
3534,74314282,74314782,500,0,100.0,0.0
3535,74314782,74315282,500,0,100.0,0.0
3536,74315282,74315782,500,0,100.0,0.0
3537,74315782,74316282,500,0,100.0,0.0
3538,74316282,74316782,500,0,100.0,0.0
3539,74316782,74317282,500,0,100.0,0.0
3540,74317282,74317782,500,0,100.0,0.0
3541,74317782,74318282,500,0,100.0,0.0
3542,74318282,74318782,500,0,100.0,0.0
3543,74318782,74319282,500,0,100.0,0.0
3544,74319282,74319782,386,114,77.2,22.799999999999997
3545,74319782,74320282,7,493,1.4000000000000001,98.6
3546,74320282,74320782,54,446,10.8,89.2
3547,74320782,74321282,164,336,32.800000000000004,67.19999999999999
3548,74321282,74321782,500,0,100.0,0.0
3549,74321782,74322282,500,0,100.0,0.0
3550,74322282,74322782,500,0,100.0,0.0
3551,74322782,74323282,500,0,100.0,0.0
3552,74323282,74323782,500,0,100.0,0.0
3553,74323782,74324282,500,0,100.0,0.0
3554,74324282,74324782,500,0,100.0,0.0
3555,74324782,74325282,500,0,100.0,0.0
3556,74325282,74325782,500,0,100.0,0.0
3557,74325782,74326282,500,0,100.0,0.0
3558,74326282,74326782,500,0,100.0,0.0
3559,74326782,74327282,500,0,100.0,0.0
3560,74327282,74327782,500,0,100.0,0.0
3561,74327782,74328282,500,0,100.0,0.0
3562,74328282,74328782,500,0,100.0,0.0
3563,74328782,74329282,500,0,100.0,0.0
3564,74329282,74329782,500,0,100.0,0.0
3565,74329782,74330282,500,0,100.0,0.0
3566,74330282,74330782,500,0,100.0,0.0
3567,74330782,74331282,500,0,100.0,0.0
3568,74331282,74331782,500,0,100.0,0.0
3569,74331782,74332282,500,0,100.0,0.0
3570,74332282,74332782,500,0,100.0,0.0
3571,74332782,74333282,500,0,100.0,0.0
3572,74333282,74333782,500,0,100.0,0.0
3573,74333782,74334282,500,0,100.0,0.0
3574,74334282,74334782,500,0,100.0,0.0
3575,74334782,74335282,481,19,96.2,3.799999999999997
3576,74335282,74335782,7,493,1.4000000000000001,98.6
3577,74335782,74336282,46,454,9.2,90.8
3578,74336282,74336782,186,314,37.2,62.8
3579,74336782,74337282,500,0,100.0,0.0
3580,74337282,74337782,500,0,100.0,0.0
3581,74337782,74338282,500,0,100.0,0.0
3582,74338282,74338782,500,0,100.0,0.0
3583,74338782,74339282,500,0,100.0,0.0
3584,74339282,74339782,500,0,100.0,0.0
3585,74339782,74340282,500,0,100.0,0.0
3586,74340282,74340782,500,0,100.0,0.0
3587,74340782,74341282,500,0,100.0,0.0
3588,74341282,74341782,500,0,100.0,0.0
3589,74341782,74342282,500,0,100.0,0.0
3590,74342282,74342782,500,0,100.0,0.0
3591,74342782,74343282,500,0,100.0,0.0
3592,74343282,74343782,500,0,100.0,0.0
3593,74343782,74344282,500,0,100.0,0.0
3594,74344282,74344782,500,0,100.0,0.0
3595,74344782,74345282,500,0,100.0,0.0
3596,74345282,74345782,500,0,100.0,0.0
3597,74345782,74346282,500,0,100.0,0.0
3598,74346282,74346782,500,0,100.0,0.0
3599,74346782,74347282,500,0,100.0,0.0
3600,74347282,74347782,500,0,100.0,0.0
3601,74347782,74348282,500,0,100.0,0.0
3602,74348282,74348782,500,0,100.0,0.0
3603,74348782,74349282,500,0,100.0,0.0
3604,74349282,74349782,500,0,100.0,0.0
3605,74349782,74350282,500,0,100.0,0.0
3606,74350282,74350782,500,0,100.0,0.0
3607,74350782,74351282,500,0,100.0,0.0
3608,74351282,74351782,500,0,100.0,0.0
3609,74351782,74352282,500,0,100.0,0.0
3610,74352282,74352782,128,372,25.6,74.4
3611,74352782,74353282,5,495,1.0,99.0
3612,74353282,74353782,71,429,14.2,85.8
3613,74353782,74354282,424,76,84.8,15.200000000000003
3614,74354282,74354782,500,0,100.0,0.0
3615,74354782,74355282,500,0,100.0,0.0
3616,74355282,74355782,500,0,100.0,0.0
3617,74355782,74356282,500,0,100.0,0.0
3618,74356282,74356782,500,0,100.0,0.0
3619,74356782,74357282,500,0,100.0,0.0
3620,74357282,74357782,500,0,100.0,0.0
3621,74357782,74358282,500,0,100.0,0.0
3622,74358282,74358782,500,0,100.0,0.0
3623,74358782,74359282,500,0,100.0,0.0
3624,74359282,74359782,500,0,100.0,0.0
3625,74359782,74360282,500,0,100.0,0.0
3626,74360282,74360782,500,0,100.0,0.0
3627,74360782,74361282,500,0,100.0,0.0
3628,74361282,74361782,500,0,100.0,0.0
3629,74361782,74362282,500,0,100.0,0.0
3630,74362282,74362782,500,0,100.0,0.0
3631,74362782,74363282,500,0,100.0,0.0
3632,74363282,74363782,500,0,100.0,0.0
3633,74363782,74364282,500,0,100.0,0.0
3634,74364282,74364782,500,0,100.0,0.0
3635,74364782,74365282,500,0,100.0,0.0
3636,74365282,74365782,500,0,100.0,0.0
3637,74365782,74366282,500,0,100.0,0.0
3638,74366282,74366782,500,0,100.0,0.0
3639,74366782,74367282,500,0,100.0,0.0
3640,74367282,74367782,500,0,100.0,0.0
3641,74367782,74368282,500,0,100.0,0.0
3642,74368282,74368782,500,0,100.0,0.0
3643,74368782,74369282,500,0,100.0,0.0
3644,74369282,74369782,500,0,100.0,0.0
3645,74369782,74370282,500,0,100.0,0.0
3646,74370282,74370782,234,266,46.800000000000004,53.199999999999996
3647,74370782,74371282,6,494,1.2,98.8
3648,74371282,74371782,101,399,20.200000000000003,79.8
3649,74371782,74372282,6,494,1.2,98.8
3650,74372282,74372782,483,17,96.6,3.4000000000000057
3651,74372782,74373282,500,0,100.0,0.0
3652,74373282,74373782,500,0,100.0,0.0
3653,74373782,74374282,500,0,100.0,0.0
3654,74374282,74374782,500,0,100.0,0.0
3655,74374782,74375282,500,0,100.0,0.0
3656,74375282,74375782,500,0,100.0,0.0
3657,74375782,74376282,500,0,100.0,0.0
3658,74376282,74376782,500,0,100.0,0.0
3659,74376782,74377282,500,0,100.0,0.0
3660,74377282,74377782,500,0,100.0,0.0
3661,74377782,74378282,500,0,100.0,0.0
3662,74378282,74378782,500,0,100.0,0.0
3663,74378782,74379282,500,0,100.0,0.0
3664,74379282,74379782,500,0,100.0,0.0
3665,74379782,74380282,500,0,100.0,0.0
3666,74380282,74380782,500,0,100.0,0.0
3667,74380782,74381282,500,0,100.0,0.0
3668,74381282,74381782,500,0,100.0,0.0
3669,74381782,74382282,500,0,100.0,0.0
3670,74382282,74382782,500,0,100.0,0.0
3671,74382782,74383282,500,0,100.0,0.0
3672,74383282,74383782,500,0,100.0,0.0
3673,74383782,74384282,500,0,100.0,0.0
3674,74384282,74384782,500,0,100.0,0.0
3675,74384782,74385282,500,0,100.0,0.0
3676,74385282,74385782,500,0,100.0,0.0
3677,74385782,74386282,500,0,100.0,0.0
3678,74386282,74386782,500,0,100.0,0.0
3679,74386782,74387282,500,0,100.0,0.0
3680,74387282,74387782,62,438,12.4,87.6
3681,74387782,74388282,7,493,1.4000000000000001,98.6
3682,74388282,74388782,77,423,15.4,84.6
3683,74388782,74389282,226,274,45.2,54.8
3684,74389282,74389782,500,0,100.0,0.0
3685,74389782,74390282,500,0,100.0,0.0
3686,74390282,74390782,500,0,100.0,0.0
3687,74390782,74391282,500,0,100.0,0.0
3688,74391282,74391782,500,0,100.0,0.0
3689,74391782,74392282,500,0,100.0,0.0
3690,74392282,74392782,500,0,100.0,0.0
3691,74392782,74393282,500,0,100.0,0.0
3692,74393282,74393782,500,0,100.0,0.0
3693,74393782,74394282,500,0,100.0,0.0
3694,74394282,74394782,500,0,100.0,0.0
3695,74394782,74395282,500,0,100.0,0.0
3696,74395282,74395782,500,0,100.0,0.0
3697,74395782,74396282,500,0,100.0,0.0
3698,74396282,74396782,500,0,100.0,0.0
3699,74396782,74397282,500,0,100.0,0.0
3700,74397282,74397782,500,0,100.0,0.0
3701,74397782,74398282,500,0,100.0,0.0
3702,74398282,74398782,500,0,100.0,0.0
3703,74398782,74399282,500,0,100.0,0.0
3704,74399282,74399782,500,0,100.0,0.0
3705,74399782,74400282,500,0,100.0,0.0
3706,74400282,74400782,500,0,100.0,0.0
3707,74400782,74401282,500,0,100.0,0.0
3708,74401282,74401782,500,0,100.0,0.0
3709,74401782,74402282,500,0,100.0,0.0
3710,74402282,74402782,500,0,100.0,0.0
3711,74402782,74403282,500,0,100.0,0.0
3712,74403282,74403782,500,0,100.0,0.0
3713,74403782,74404282,500,0,100.0,0.0
3714,74404282,74404782,232,268,46.400000000000006,53.599999999999994
3715,74404782,74405282,7,493,1.4000000000000001,98.6
3716,74405282,74405782,67,433,13.4,86.6
3717,74405782,74406282,28,472,5.6000000000000005,94.4
3718,74406282,74406782,500,0,100.0,0.0
3719,74406782,74407282,500,0,100.0,0.0
3720,74407282,74407782,500,0,100.0,0.0
3721,74407782,74408282,500,0,100.0,0.0
3722,74408282,74408782,500,0,100.0,0.0
3723,74408782,74409282,500,0,100.0,0.0
3724,74409282,74409782,500,0,100.0,0.0
3725,74409782,74410282,500,0,100.0,0.0
3726,74410282,74410782,500,0,100.0,0.0
3727,74410782,74411282,500,0,100.0,0.0
3728,74411282,74411782,500,0,100.0,0.0
3729,74411782,74412282,500,0,100.0,0.0
3730,74412282,74412782,500,0,100.0,0.0
3731,74412782,74413282,500,0,100.0,0.0
3732,74413282,74413782,500,0,100.0,0.0
3733,74413782,74414282,500,0,100.0,0.0
3734,74414282,74414782,500,0,100.0,0.0
3735,74414782,74415282,500,0,100.0,0.0
3736,74415282,74415782,500,0,100.0,0.0
3737,74415782,74416282,500,0,100.0,0.0
3738,74416282,74416782,500,0,100.0,0.0
3739,74416782,74417282,500,0,100.0,0.0
3740,74417282,74417782,500,0,100.0,0.0
3741,74417782,74418282,500,0,100.0,0.0
3742,74418282,74418782,500,0,100.0,0.0
3743,74418782,74419282,500,0,100.0,0.0
3744,74419282,74419782,500,0,100.0,0.0
3745,74419782,74420282,500,0,100.0,0.0
3746,74420282,74420782,500,0,100.0,0.0
3747,74420782,74421282,500,0,100.0,0.0
3748,74421282,74421782,14,486,2.8000000000000003,97.2
3749,74421782,74422282,54,446,10.8,89.2
3750,74422282,74422782,138,362,27.6,72.4
3751,74422782,74423282,500,0,100.0,0.0
3752,74423282,74423782,500,0,100.0,0.0
3753,74423782,74424282,500,0,100.0,0.0
3754,74424282,74424782,500,0,100.0,0.0
3755,74424782,74425282,500,0,100.0,0.0
3756,74425282,74425782,500,0,100.0,0.0
3757,74425782,74426282,500,0,100.0,0.0
3758,74426282,74426782,500,0,100.0,0.0
3759,74426782,74427282,500,0,100.0,0.0
3760,74427282,74427782,500,0,100.0,0.0
3761,74427782,74428282,500,0,100.0,0.0
3762,74428282,74428782,500,0,100.0,0.0
3763,74428782,74429282,500,0,100.0,0.0
3764,74429282,74429782,500,0,100.0,0.0
3765,74429782,74430282,500,0,100.0,0.0
3766,74430282,74430782,500,0,100.0,0.0
3767,74430782,74431282,500,0,100.0,0.0
3768,74431282,74431782,500,0,100.0,0.0
3769,74431782,74432282,500,0,100.0,0.0
3770,74432282,74432782,500,0,100.0,0.0
3771,74432782,74433282,500,0,100.0,0.0
3772,74433282,74433782,500,0,100.0,0.0
3773,74433782,74434282,500,0,100.0,0.0
3774,74434282,74434782,500,0,100.0,0.0
3775,74434782,74435282,500,0,100.0,0.0
3776,74435282,74435782,500,0,100.0,0.0
3777,74435782,74436282,500,0,100.0,0.0
3778,74436282,74436782,500,0,100.0,0.0
3779,74436782,74437282,404,96,80.80000000000001,19.19999999999999
3780,74437282,74437782,8,492,1.6,98.4
3781,74437782,74438282,62,438,12.4,87.6
3782,74438282,74438782,179,321,35.8,64.2
3783,74438782,74439282,500,0,100.0,0.0
3784,74439282,74439782,500,0,100.0,0.0
3785,74439782,74440282,500,0,100.0,0.0
3786,74440282,74440782,500,0,100.0,0.0
3787,74440782,74441282,500,0,100.0,0.0
3788,74441282,74441782,500,0,100.0,0.0
3789,74441782,74442282,500,0,100.0,0.0
3790,74442282,74442782,500,0,100.0,0.0
3791,74442782,74443282,500,0,100.0,0.0
3792,74443282,74443782,500,0,100.0,0.0
3793,74443782,74444282,500,0,100.0,0.0
3794,74444282,74444782,500,0,100.0,0.0
3795,74444782,74445282,500,0,100.0,0.0
3796,74445282,74445782,500,0,100.0,0.0
3797,74445782,74446282,500,0,100.0,0.0
3798,74446282,74446782,500,0,100.0,0.0
3799,74446782,74447282,500,0,100.0,0.0
3800,74447282,74447782,500,0,100.0,0.0
3801,74447782,74448282,500,0,100.0,0.0
3802,74448282,74448782,500,0,100.0,0.0
3803,74448782,74449282,500,0,100.0,0.0
3804,74449282,74449782,500,0,100.0,0.0
3805,74449782,74450282,500,0,100.0,0.0
3806,74450282,74450782,500,0,100.0,0.0
3807,74450782,74451282,500,0,100.0,0.0
3808,74451282,74451782,500,0,100.0,0.0
3809,74451782,74452282,500,0,100.0,0.0
3810,74452282,74452782,500,0,100.0,0.0
3811,74452782,74453282,412,88,82.39999999999999,17.60000000000001
3812,74453282,74453782,8,492,1.6,98.4
3813,74453782,74454282,64,436,12.8,87.2
3814,74454282,74454782,176,324,35.199999999999996,64.80000000000001
3815,74454782,74455282,500,0,100.0,0.0
3816,74455282,74455782,500,0,100.0,0.0
3817,74455782,74456282,500,0,100.0,0.0
3818,74456282,74456782,500,0,100.0,0.0
3819,74456782,74457282,500,0,100.0,0.0
3820,74457282,74457782,500,0,100.0,0.0
3821,74457782,74458282,500,0,100.0,0.0
3822,74458282,74458782,500,0,100.0,0.0
3823,74458782,74459282,500,0,100.0,0.0
3824,74459282,74459782,500,0,100.0,0.0
3825,74459782,74460282,500,0,100.0,0.0
3826,74460282,74460782,500,0,100.0,0.0
3827,74460782,74461282,500,0,100.0,0.0
3828,74461282,74461782,500,0,100.0,0.0
3829,74461782,74462282,500,0,100.0,0.0
3830,74462282,74462782,500,0,100.0,0.0
3831,74462782,74463282,500,0,100.0,0.0
3832,74463282,74463782,500,0,100.0,0.0
3833,74463782,74464282,500,0,100.0,0.0
3834,74464282,74464782,500,0,100.0,0.0
3835,74464782,74465282,500,0,100.0,0.0
3836,74465282,74465782,500,0,100.0,0.0
3837,74465782,74466282,500,0,100.0,0.0
3838,74466282,74466782,500,0,100.0,0.0
3839,74466782,74467282,500,0,100.0,0.0
3840,74467282,74467782,500,0,100.0,0.0
3841,74467782,74468282,500,0,100.0,0.0
3842,74468282,74468782,500,0,100.0,0.0
3843,74468782,74469282,54,446,10.8,89.2
3844,74469282,74469782,47,453,9.4,90.6
3845,74469782,74470282,44,456,8.799999999999999,91.2
3846,74470282,74470782,500,0,100.0,0.0
3847,74470782,74471282,500,0,100.0,0.0
3848,74471282,74471782,500,0,100.0,0.0
3849,74471782,74472282,500,0,100.0,0.0
3850,74472282,74472782,500,0,100.0,0.0
3851,74472782,74473282,500,0,100.0,0.0
3852,74473282,74473782,500,0,100.0,0.0
3853,74473782,74474282,500,0,100.0,0.0
3854,74474282,74474782,500,0,100.0,0.0
3855,74474782,74475282,500,0,100.0,0.0
3856,74475282,74475782,500,0,100.0,0.0
3857,74475782,74476282,500,0,100.0,0.0
3858,74476282,74476782,500,0,100.0,0.0
3859,74476782,74477282,500,0,100.0,0.0
3860,74477282,74477782,500,0,100.0,0.0
3861,74477782,74478282,500,0,100.0,0.0
3862,74478282,74478782,500,0,100.0,0.0
3863,74478782,74479282,500,0,100.0,0.0
3864,74479282,74479782,500,0,100.0,0.0
3865,74479782,74480282,500,0,100.0,0.0
3866,74480282,74480782,500,0,100.0,0.0
3867,74480782,74481282,500,0,100.0,0.0
3868,74481282,74481782,500,0,100.0,0.0
3869,74481782,74482282,500,0,100.0,0.0
3870,74482282,74482782,500,0,100.0,0.0
3871,74482782,74483282,500,0,100.0,0.0
3872,74483282,74483782,500,0,100.0,0.0
3873,74483782,74484282,500,0,100.0,0.0
3874,74484282,74484782,239,261,47.8,52.2
3875,74484782,74485282,8,492,1.6,98.4
3876,74485282,74485782,47,453,9.4,90.6
3877,74485782,74486282,440,60,88.0,12.0
3878,74486282,74486782,500,0,100.0,0.0
3879,74486782,74487282,500,0,100.0,0.0
3880,74487282,74487782,500,0,100.0,0.0
3881,74487782,74488282,500,0,100.0,0.0
3882,74488282,74488782,500,0,100.0,0.0
3883,74488782,74489282,500,0,100.0,0.0
3884,74489282,74489782,500,0,100.0,0.0
3885,74489782,74490282,500,0,100.0,0.0
3886,74490282,74490782,500,0,100.0,0.0
3887,74490782,74491282,500,0,100.0,0.0
3888,74491282,74491782,500,0,100.0,0.0
3889,74491782,74492282,500,0,100.0,0.0
3890,74492282,74492782,500,0,100.0,0.0
3891,74492782,74493282,500,0,100.0,0.0
3892,74493282,74493782,500,0,100.0,0.0
3893,74493782,74494282,500,0,100.0,0.0
3894,74494282,74494782,500,0,100.0,0.0
3895,74494782,74495282,500,0,100.0,0.0
3896,74495282,74495782,500,0,100.0,0.0
3897,74495782,74496282,500,0,100.0,0.0
3898,74496282,74496782,500,0,100.0,0.0
3899,74496782,74497282,500,0,100.0,0.0
3900,74497282,74497782,500,0,100.0,0.0
3901,74497782,74498282,500,0,100.0,0.0
3902,74498282,74498782,500,0,100.0,0.0
3903,74498782,74499282,500,0,100.0,0.0
3904,74499282,74499782,500,0,100.0,0.0
3905,74499782,74500282,500,0,100.0,0.0
3906,74500282,74500782,500,0,100.0,0.0
3907,74500782,74501282,500,0,100.0,0.0
3908,74501282,74501782,500,0,100.0,0.0
3909,74501782,74502282,500,0,100.0,0.0
3910,74502282,74502782,500,0,100.0,0.0
3911,74502782,74503282,500,0,100.0,0.0
3912,74503282,74503782,500,0,100.0,0.0
3913,74503782,74504282,500,0,100.0,0.0
3914,74504282,74504782,500,0,100.0,0.0
3915,74504782,74505282,500,0,100.0,0.0
3916,74505282,74505782,500,0,100.0,0.0
3917,74505782,74506282,500,0,100.0,0.0
3918,74506282,74506782,500,0,100.0,0.0
3919,74506782,74507282,500,0,100.0,0.0
3920,74507282,74507782,500,0,100.0,0.0
3921,74507782,74508282,500,0,100.0,0.0
3922,74508282,74508782,500,0,100.0,0.0
3923,74508782,74509282,500,0,100.0,0.0
3924,74509282,74509782,500,0,100.0,0.0
3925,74509782,74510282,500,0,100.0,0.0
3926,74510282,74510782,500,0,100.0,0.0
3927,74510782,74511282,500,0,100.0,0.0
3928,74511282,74511782,500,0,100.0,0.0
3929,74511782,74512282,500,0,100.0,0.0
3930,74512282,74512782,500,0,100.0,0.0
3931,74512782,74513282,500,0,100.0,0.0
3932,74513282,74513782,500,0,100.0,0.0
3933,74513782,74514282,500,0,100.0,0.0
3934,74514282,74514782,500,0,100.0,0.0
3935,74514782,74515282,500,0,100.0,0.0
3936,74515282,74515782,500,0,100.0,0.0
3937,74515782,74516282,500,0,100.0,0.0
3938,74516282,74516782,500,0,100.0,0.0
3939,74516782,74517282,500,0,100.0,0.0
3940,74517282,74517782,500,0,100.0,0.0
3941,74517782,74518282,500,0,100.0,0.0
3942,74518282,74518782,500,0,100.0,0.0
3943,74518782,74519282,500,0,100.0,0.0
3944,74519282,74519782,500,0,100.0,0.0
3945,74519782,74520282,500,0,100.0,0.0
3946,74520282,74520782,500,0,100.0,0.0
3947,74520782,74521282,500,0,100.0,0.0
3948,74521282,74521782,500,0,100.0,0.0
3949,74521782,74522282,500,0,100.0,0.0
3950,74522282,74522782,500,0,100.0,0.0
3951,74522782,74523282,500,0,100.0,0.0
3952,74523282,74523782,500,0,100.0,0.0
3953,74523782,74524282,500,0,100.0,0.0
3954,74524282,74524782,500,0,100.0,0.0
3955,74524782,74525282,500,0,100.0,0.0
3956,74525282,74525782,500,0,100.0,0.0
3957,74525782,74526282,500,0,100.0,0.0
3958,74526282,74526782,500,0,100.0,0.0
3959,74526782,74527282,500,0,100.0,0.0
3960,74527282,74527782,500,0,100.0,0.0
3961,74527782,74528282,500,0,100.0,0.0
3962,74528282,74528782,500,0,100.0,0.0
3963,74528782,74529282,500,0,100.0,0.0
3964,74529282,74529782,500,0,100.0,0.0
3965,74529782,74530282,500,0,100.0,0.0
3966,74530282,74530782,500,0,100.0,0.0
3967,74530782,74531282,500,0,100.0,0.0
3968,74531282,74531782,500,0,100.0,0.0
3969,74531782,74532282,500,0,100.0,0.0
3970,74532282,74532782,500,0,100.0,0.0
3971,74532782,74533282,500,0,100.0,0.0
3972,74533282,74533782,500,0,100.0,0.0
3973,74533782,74534282,500,0,100.0,0.0
3974,74534282,74534782,500,0,100.0,0.0
3975,74534782,74535282,500,0,100.0,0.0
3976,74535282,74535782,500,0,100.0,0.0
3977,74535782,74536282,500,0,100.0,0.0
3978,74536282,74536782,500,0,100.0,0.0
3979,74536782,74537282,500,0,100.0,0.0
3980,74537282,74537782,500,0,100.0,0.0
3981,74537782,74538282,500,0,100.0,0.0
3982,74538282,74538782,500,0,100.0,0.0
3983,74538782,74539282,500,0,100.0,0.0
3984,74539282,74539782,500,0,100.0,0.0
3985,74539782,74540282,500,0,100.0,0.0
3986,74540282,74540782,500,0,100.0,0.0
3987,74540782,74541282,500,0,100.0,0.0
3988,74541282,74541782,500,0,100.0,0.0
3989,74541782,74542282,500,0,100.0,0.0
3990,74542282,74542782,500,0,100.0,0.0
3991,74542782,74543282,500,0,100.0,0.0
3992,74543282,74543782,500,0,100.0,0.0
3993,74543782,74544282,500,0,100.0,0.0
3994,74544282,74544782,500,0,100.0,0.0
3995,74544782,74545282,500,0,100.0,0.0
3996,74545282,74545782,500,0,100.0,0.0
3997,74545782,74546282,500,0,100.0,0.0
3998,74546282,74546782,500,0,100.0,0.0
3999,74546782,74547282,500,0,100.0,0.0
4000,74547282,74547782,500,0,100.0,0.0
4001,74547782,74548282,500,0,100.0,0.0
4002,74548282,74548782,195,305,39.0,61.0
4003,74548782,74549282,7,493,1.4000000000000001,98.6
4004,74549282,74549782,66,434,13.200000000000001,86.8
4005,74549782,74550282,421,79,84.2,15.799999999999997
4006,74550282,74550782,500,0,100.0,0.0
4007,74550782,74551282,500,0,100.0,0.0
4008,74551282,74551782,500,0,100.0,0.0
4009,74551782,74552282,500,0,100.0,0.0
4010,74552282,74552782,500,0,100.0,0.0
4011,74552782,74553282,500,0,100.0,0.0
4012,74553282,74553782,500,0,100.0,0.0
4013,74553782,74554282,500,0,100.0,0.0
4014,74554282,74554782,500,0,100.0,0.0
4015,74554782,74555282,500,0,100.0,0.0
4016,74555282,74555782,500,0,100.0,0.0
4017,74555782,74556282,500,0,100.0,0.0
4018,74556282,74556782,500,0,100.0,0.0
4019,74556782,74557282,500,0,100.0,0.0
4020,74557282,74557782,500,0,100.0,0.0
4021,74557782,74558282,500,0,100.0,0.0
4022,74558282,74558782,500,0,100.0,0.0
4023,74558782,74559282,500,0,100.0,0.0
4024,74559282,74559782,500,0,100.0,0.0
4025,74559782,74560282,500,0,100.0,0.0
4026,74560282,74560782,500,0,100.0,0.0
4027,74560782,74561282,500,0,100.0,0.0
4028,74561282,74561782,500,0,100.0,0.0
4029,74561782,74562282,500,0,100.0,0.0
4030,74562282,74562782,500,0,100.0,0.0
4031,74562782,74563282,500,0,100.0,0.0
4032,74563282,74563782,500,0,100.0,0.0
4033,74563782,74564282,454,46,90.8,9.200000000000003
4034,74564282,74564782,9,491,1.7999999999999998,98.2
4035,74564782,74565282,50,450,10.0,90.0
4036,74565282,74565782,228,272,45.6,54.4
4037,74565782,74566282,500,0,100.0,0.0
4038,74566282,74566782,500,0,100.0,0.0
4039,74566782,74567282,500,0,100.0,0.0
4040,74567282,74567782,500,0,100.0,0.0
4041,74567782,74568282,500,0,100.0,0.0
4042,74568282,74568782,500,0,100.0,0.0
4043,74568782,74569282,500,0,100.0,0.0
4044,74569282,74569782,500,0,100.0,0.0
4045,74569782,74570282,500,0,100.0,0.0
4046,74570282,74570782,500,0,100.0,0.0
4047,74570782,74571282,500,0,100.0,0.0
4048,74571282,74571782,500,0,100.0,0.0
4049,74571782,74572282,500,0,100.0,0.0
4050,74572282,74572782,500,0,100.0,0.0
4051,74572782,74573282,500,0,100.0,0.0
4052,74573282,74573782,500,0,100.0,0.0
4053,74573782,74574282,500,0,100.0,0.0
4054,74574282,74574782,500,0,100.0,0.0
4055,74574782,74575282,500,0,100.0,0.0
4056,74575282,74575782,500,0,100.0,0.0
4057,74575782,74576282,500,0,100.0,0.0
4058,74576282,74576782,500,0,100.0,0.0
4059,74576782,74577282,500,0,100.0,0.0
4060,74577282,74577782,500,0,100.0,0.0
4061,74577782,74578282,500,0,100.0,0.0
4062,74578282,74578782,500,0,100.0,0.0
4063,74578782,74579282,500,0,100.0,0.0
4064,74579282,74579782,500,0,100.0,0.0
4065,74579782,74580282,9,491,1.7999999999999998,98.2
4066,74580282,74580782,47,453,9.4,90.6
4067,74580782,74581282,56,444,11.200000000000001,88.8
4068,74581282,74581782,500,0,100.0,0.0
4069,74581782,74582282,500,0,100.0,0.0
4070,74582282,74582782,500,0,100.0,0.0
4071,74582782,74583282,500,0,100.0,0.0
4072,74583282,74583782,500,0,100.0,0.0
4073,74583782,74584282,500,0,100.0,0.0
4074,74584282,74584782,500,0,100.0,0.0
4075,74584782,74585282,500,0,100.0,0.0
4076,74585282,74585782,500,0,100.0,0.0
4077,74585782,74586282,500,0,100.0,0.0
4078,74586282,74586782,500,0,100.0,0.0
4079,74586782,74587282,500,0,100.0,0.0
4080,74587282,74587782,500,0,100.0,0.0
4081,74587782,74588282,500,0,100.0,0.0
4082,74588282,74588782,500,0,100.0,0.0
4083,74588782,74589282,500,0,100.0,0.0
4084,74589282,74589782,500,0,100.0,0.0
4085,74589782,74590282,500,0,100.0,0.0
4086,74590282,74590782,500,0,100.0,0.0
4087,74590782,74591282,500,0,100.0,0.0
4088,74591282,74591782,500,0,100.0,0.0
4089,74591782,74592282,500,0,100.0,0.0
4090,74592282,74592782,500,0,100.0,0.0
4091,74592782,74593282,500,0,100.0,0.0
4092,74593282,74593782,500,0,100.0,0.0
4093,74593782,74594282,500,0,100.0,0.0
4094,74594282,74594782,500,0,100.0,0.0
4095,74594782,74595282,500,0,100.0,0.0
4096,74595282,74595782,500,0,100.0,0.0
4097,74595782,74596282,500,0,100.0,0.0
4098,74596282,74596782,188,312,37.6,62.4
4099,74596782,74597282,7,493,1.4000000000000001,98.6
4100,74597282,74597782,69,431,13.8,86.2
4101,74597782,74598282,212,288,42.4,57.6
4102,74598282,74598782,500,0,100.0,0.0
4103,74598782,74599282,500,0,100.0,0.0
4104,74599282,74599782,500,0,100.0,0.0
4105,74599782,74600282,500,0,100.0,0.0
4106,74600282,74600782,500,0,100.0,0.0
4107,74600782,74601282,500,0,100.0,0.0
4108,74601282,74601782,500,0,100.0,0.0
4109,74601782,74602282,500,0,100.0,0.0
4110,74602282,74602782,500,0,100.0,0.0
4111,74602782,74603282,500,0,100.0,0.0
4112,74603282,74603782,500,0,100.0,0.0
4113,74603782,74604282,500,0,100.0,0.0
4114,74604282,74604782,500,0,100.0,0.0
4115,74604782,74605282,500,0,100.0,0.0
4116,74605282,74605782,500,0,100.0,0.0
4117,74605782,74606282,500,0,100.0,0.0
4118,74606282,74606782,500,0,100.0,0.0
4119,74606782,74607282,500,0,100.0,0.0
4120,74607282,74607782,500,0,100.0,0.0
4121,74607782,74608282,500,0,100.0,0.0
4122,74608282,74608782,500,0,100.0,0.0
4123,74608782,74609282,500,0,100.0,0.0
4124,74609282,74609782,500,0,100.0,0.0
4125,74609782,74610282,500,0,100.0,0.0
4126,74610282,74610782,500,0,100.0,0.0
4127,74610782,74611282,500,0,100.0,0.0
4128,74611282,74611782,500,0,100.0,0.0
4129,74611782,74612282,500,0,100.0,0.0
4130,74612282,74612782,324,176,64.8,35.2
4131,74612782,74613282,7,493,1.4000000000000001,98.6
4132,74613282,74613782,61,439,12.2,87.8
4133,74613782,74614282,217,283,43.4,56.6
4134,74614282,74614782,500,0,100.0,0.0
4135,74614782,74615282,500,0,100.0,0.0
4136,74615282,74615782,500,0,100.0,0.0
4137,74615782,74616282,500,0,100.0,0.0
4138,74616282,74616782,500,0,100.0,0.0
4139,74616782,74617282,500,0,100.0,0.0
4140,74617282,74617782,500,0,100.0,0.0
4141,74617782,74618282,500,0,100.0,0.0
4142,74618282,74618782,500,0,100.0,0.0
4143,74618782,74619282,500,0,100.0,0.0
4144,74619282,74619782,500,0,100.0,0.0
4145,74619782,74620282,500,0,100.0,0.0
4146,74620282,74620782,500,0,100.0,0.0
4147,74620782,74621282,500,0,100.0,0.0
4148,74621282,74621782,500,0,100.0,0.0
4149,74621782,74622282,500,0,100.0,0.0
4150,74622282,74622782,500,0,100.0,0.0
4151,74622782,74623282,500,0,100.0,0.0
4152,74623282,74623782,500,0,100.0,0.0
4153,74623782,74624282,500,0,100.0,0.0
4154,74624282,74624782,500,0,100.0,0.0
4155,74624782,74625282,500,0,100.0,0.0
4156,74625282,74625782,500,0,100.0,0.0
4157,74625782,74626282,500,0,100.0,0.0
4158,74626282,74626782,500,0,100.0,0.0
4159,74626782,74627282,500,0,100.0,0.0
4160,74627282,74627782,500,0,100.0,0.0
4161,74627782,74628282,500,0,100.0,0.0
4162,74628282,74628782,500,0,100.0,0.0
4163,74628782,74629282,500,0,100.0,0.0
4164,74629282,74629782,500,0,100.0,0.0
4165,74629782,74630282,111,389,22.2,77.8
4166,74630282,74630782,28,472,5.6000000000000005,94.4
4167,74630782,74631282,51,449,10.2,89.8
4168,74631282,74631782,360,140,72.0,28.0
4169,74631782,74632282,500,0,100.0,0.0
4170,74632282,74632782,500,0,100.0,0.0
4171,74632782,74633282,500,0,100.0,0.0
4172,74633282,74633782,500,0,100.0,0.0
4173,74633782,74634282,500,0,100.0,0.0
4174,74634282,74634782,500,0,100.0,0.0
4175,74634782,74635282,500,0,100.0,0.0
4176,74635282,74635782,500,0,100.0,0.0
4177,74635782,74636282,500,0,100.0,0.0
4178,74636282,74636782,500,0,100.0,0.0
4179,74636782,74637282,500,0,100.0,0.0
4180,74637282,74637782,500,0,100.0,0.0
4181,74637782,74638282,500,0,100.0,0.0
4182,74638282,74638782,500,0,100.0,0.0
4183,74638782,74639282,500,0,100.0,0.0
4184,74639282,74639782,500,0,100.0,0.0
4185,74639782,74640282,500,0,100.0,0.0
4186,74640282,74640782,500,0,100.0,0.0
4187,74640782,74641282,500,0,100.0,0.0
4188,74641282,74641782,500,0,100.0,0.0
4189,74641782,74642282,500,0,100.0,0.0
4190,74642282,74642782,500,0,100.0,0.0
4191,74642782,74643282,500,0,100.0,0.0
4192,74643282,74643782,500,0,100.0,0.0
4193,74643782,74644282,500,0,100.0,0.0
4194,74644282,74644782,500,0,100.0,0.0
4195,74644782,74645282,500,0,100.0,0.0
4196,74645282,74645782,500,0,100.0,0.0
4197,74645782,74646282,500,0,100.0,0.0
4198,74646282,74646782,94,406,18.8,81.2
4199,74646782,74647282,63,437,12.6,87.4
4200,74647282,74647782,10,490,2.0,98.0
4201,74647782,74648282,500,0,100.0,0.0
4202,74648282,74648782,500,0,100.0,0.0
4203,74648782,74649282,500,0,100.0,0.0
4204,74649282,74649782,500,0,100.0,0.0
4205,74649782,74650282,500,0,100.0,0.0
4206,74650282,74650782,500,0,100.0,0.0
4207,74650782,74651282,500,0,100.0,0.0
4208,74651282,74651782,500,0,100.0,0.0
4209,74651782,74652282,500,0,100.0,0.0
4210,74652282,74652782,500,0,100.0,0.0
4211,74652782,74653282,500,0,100.0,0.0
4212,74653282,74653782,500,0,100.0,0.0
4213,74653782,74654282,500,0,100.0,0.0
4214,74654282,74654782,500,0,100.0,0.0
4215,74654782,74655282,500,0,100.0,0.0
4216,74655282,74655782,500,0,100.0,0.0
4217,74655782,74656282,500,0,100.0,0.0
4218,74656282,74656782,500,0,100.0,0.0
4219,74656782,74657282,500,0,100.0,0.0
4220,74657282,74657782,500,0,100.0,0.0
4221,74657782,74658282,500,0,100.0,0.0
4222,74658282,74658782,500,0,100.0,0.0
4223,74658782,74659282,500,0,100.0,0.0
4224,74659282,74659782,500,0,100.0,0.0
4225,74659782,74660282,500,0,100.0,0.0
4226,74660282,74660782,500,0,100.0,0.0
4227,74660782,74661282,500,0,100.0,0.0
4228,74661282,74661782,500,0,100.0,0.0
4229,74661782,74662282,500,0,100.0,0.0
4230,74662282,74662782,500,0,100.0,0.0
4231,74662782,74663282,500,0,100.0,0.0
4232,74663282,74663782,500,0,100.0,0.0
4233,74663782,74664282,357,143,71.39999999999999,28.60000000000001
4234,74664282,74664782,11,489,2.1999999999999997,97.8
4235,74664782,74665282,57,443,11.4,88.6
4236,74665282,74665782,236,264,47.199999999999996,52.800000000000004
4237,74665782,74666282,500,0,100.0,0.0
4238,74666282,74666782,500,0,100.0,0.0
4239,74666782,74667282,500,0,100.0,0.0
4240,74667282,74667782,500,0,100.0,0.0
4241,74667782,74668282,500,0,100.0,0.0
4242,74668282,74668782,500,0,100.0,0.0
4243,74668782,74669282,500,0,100.0,0.0
4244,74669282,74669782,500,0,100.0,0.0
4245,74669782,74670282,500,0,100.0,0.0
4246,74670282,74670782,500,0,100.0,0.0
4247,74670782,74671282,500,0,100.0,0.0
4248,74671282,74671782,500,0,100.0,0.0
4249,74671782,74672282,500,0,100.0,0.0
4250,74672282,74672782,500,0,100.0,0.0
4251,74672782,74673282,500,0,100.0,0.0
4252,74673282,74673782,500,0,100.0,0.0
4253,74673782,74674282,500,0,100.0,0.0
4254,74674282,74674782,500,0,100.0,0.0
4255,74674782,74675282,500,0,100.0,0.0
4256,74675282,74675782,500,0,100.0,0.0
4257,74675782,74676282,500,0,100.0,0.0
4258,74676282,74676782,500,0,100.0,0.0
4259,74676782,74677282,500,0,100.0,0.0
4260,74677282,74677782,500,0,100.0,0.0
4261,74677782,74678282,500,0,100.0,0.0
4262,74678282,74678782,500,0,100.0,0.0
4263,74678782,74679282,500,0,100.0,0.0
4264,74679282,74679782,500,0,100.0,0.0
4265,74679782,74680282,204,296,40.8,59.2
4266,74680282,74680782,9,491,1.7999999999999998,98.2
4267,74680782,74681282,52,448,10.4,89.6
4268,74681282,74681782,359,141,71.8,28.200000000000003
4269,74681782,74682282,500,0,100.0,0.0
4270,74682282,74682782,500,0,100.0,0.0
4271,74682782,74683282,500,0,100.0,0.0
4272,74683282,74683782,500,0,100.0,0.0
4273,74683782,74684282,500,0,100.0,0.0
4274,74684282,74684782,500,0,100.0,0.0
4275,74684782,74685282,500,0,100.0,0.0
4276,74685282,74685782,500,0,100.0,0.0
4277,74685782,74686282,500,0,100.0,0.0
4278,74686282,74686782,500,0,100.0,0.0
4279,74686782,74687282,500,0,100.0,0.0
4280,74687282,74687782,500,0,100.0,0.0
4281,74687782,74688282,500,0,100.0,0.0
4282,74688282,74688782,500,0,100.0,0.0
4283,74688782,74689282,500,0,100.0,0.0
4284,74689282,74689782,500,0,100.0,0.0
4285,74689782,74690282,500,0,100.0,0.0
4286,74690282,74690782,500,0,100.0,0.0
4287,74690782,74691282,500,0,100.0,0.0
4288,74691282,74691782,500,0,100.0,0.0
4289,74691782,74692282,500,0,100.0,0.0
4290,74692282,74692782,500,0,100.0,0.0
4291,74692782,74693282,500,0,100.0,0.0
4292,74693282,74693782,500,0,100.0,0.0
4293,74693782,74694282,500,0,100.0,0.0
4294,74694282,74694782,500,0,100.0,0.0
4295,74694782,74695282,500,0,100.0,0.0
4296,74695282,74695782,352,148,70.39999999999999,29.60000000000001
4297,74695782,74696282,8,492,1.6,98.4
4298,74696282,74696782,57,443,11.4,88.6
4299,74696782,74697282,162,338,32.4,67.6
4300,74697282,74697782,500,0,100.0,0.0
4301,74697782,74698282,500,0,100.0,0.0
4302,74698282,74698782,500,0,100.0,0.0
4303,74698782,74699282,500,0,100.0,0.0
4304,74699282,74699782,500,0,100.0,0.0
4305,74699782,74700282,500,0,100.0,0.0
4306,74700282,74700782,500,0,100.0,0.0
4307,74700782,74701282,500,0,100.0,0.0
4308,74701282,74701782,500,0,100.0,0.0
4309,74701782,74702282,500,0,100.0,0.0
4310,74702282,74702782,500,0,100.0,0.0
4311,74702782,74703282,500,0,100.0,0.0
4312,74703282,74703782,500,0,100.0,0.0
4313,74703782,74704282,500,0,100.0,0.0
4314,74704282,74704782,500,0,100.0,0.0
4315,74704782,74705282,500,0,100.0,0.0
4316,74705282,74705782,500,0,100.0,0.0
4317,74705782,74706282,500,0,100.0,0.0
4318,74706282,74706782,500,0,100.0,0.0
4319,74706782,74707282,500,0,100.0,0.0
4320,74707282,74707782,500,0,100.0,0.0
4321,74707782,74708282,500,0,100.0,0.0
4322,74708282,74708782,500,0,100.0,0.0
4323,74708782,74709282,500,0,100.0,0.0
4324,74709282,74709782,500,0,100.0,0.0
4325,74709782,74710282,500,0,100.0,0.0
4326,74710282,74710782,500,0,100.0,0.0
4327,74710782,74711282,500,0,100.0,0.0
4328,74711282,74711782,63,437,12.6,87.4
4329,74711782,74712282,50,450,10.0,90.0
4330,74712282,74712782,82,418,16.400000000000002,83.6
4331,74712782,74713282,500,0,100.0,0.0
4332,74713282,74713782,500,0,100.0,0.0
4333,74713782,74714282,500,0,100.0,0.0
4334,74714282,74714782,500,0,100.0,0.0
4335,74714782,74715282,500,0,100.0,0.0
4336,74715282,74715782,500,0,100.0,0.0
4337,74715782,74716282,500,0,100.0,0.0
4338,74716282,74716782,500,0,100.0,0.0
4339,74716782,74717282,500,0,100.0,0.0
4340,74717282,74717782,500,0,100.0,0.0
4341,74717782,74718282,500,0,100.0,0.0
4342,74718282,74718782,500,0,100.0,0.0
4343,74718782,74719282,500,0,100.0,0.0
4344,74719282,74719782,500,0,100.0,0.0
4345,74719782,74720282,500,0,100.0,0.0
4346,74720282,74720782,500,0,100.0,0.0
4347,74720782,74721282,500,0,100.0,0.0
4348,74721282,74721782,500,0,100.0,0.0
4349,74721782,74722282,500,0,100.0,0.0
4350,74722282,74722782,500,0,100.0,0.0
4351,74722782,74723282,500,0,100.0,0.0
4352,74723282,74723782,500,0,100.0,0.0
4353,74723782,74724282,500,0,100.0,0.0
4354,74724282,74724782,500,0,100.0,0.0
4355,74724782,74725282,500,0,100.0,0.0
4356,74725282,74725782,500,0,100.0,0.0
4357,74725782,74726282,500,0,100.0,0.0
4358,74726282,74726782,500,0,100.0,0.0
4359,74726782,74727282,329,171,65.8,34.2
4360,74727282,74727782,8,492,1.6,98.4
4361,74727782,74728282,54,446,10.8,89.2
4362,74728282,74728782,205,295,41.0,59.0
4363,74728782,74729282,500,0,100.0,0.0
4364,74729282,74729782,500,0,100.0,0.0
4365,74729782,74730282,500,0,100.0,0.0
4366,74730282,74730782,500,0,100.0,0.0
4367,74730782,74731282,500,0,100.0,0.0
4368,74731282,74731782,500,0,100.0,0.0
4369,74731782,74732282,500,0,100.0,0.0
4370,74732282,74732782,500,0,100.0,0.0
4371,74732782,74733282,500,0,100.0,0.0
4372,74733282,74733782,500,0,100.0,0.0
4373,74733782,74734282,500,0,100.0,0.0
4374,74734282,74734782,500,0,100.0,0.0
4375,74734782,74735282,500,0,100.0,0.0
4376,74735282,74735782,500,0,100.0,0.0
4377,74735782,74736282,500,0,100.0,0.0
4378,74736282,74736782,500,0,100.0,0.0
4379,74736782,74737282,500,0,100.0,0.0
4380,74737282,74737782,500,0,100.0,0.0
4381,74737782,74738282,500,0,100.0,0.0
4382,74738282,74738782,500,0,100.0,0.0
4383,74738782,74739282,500,0,100.0,0.0
4384,74739282,74739782,500,0,100.0,0.0
4385,74739782,74740282,500,0,100.0,0.0
4386,74740282,74740782,500,0,100.0,0.0
4387,74740782,74741282,500,0,100.0,0.0
4388,74741282,74741782,500,0,100.0,0.0
4389,74741782,74742282,500,0,100.0,0.0
4390,74742282,74742782,500,0,100.0,0.0
4391,74742782,74743282,500,0,100.0,0.0
4392,74743282,74743782,500,0,100.0,0.0
4393,74743782,74744282,344,156,68.8,31.200000000000003
4394,74744282,74744782,7,493,1.4000000000000001,98.6
4395,74744782,74745282,47,453,9.4,90.6
4396,74745282,74745782,289,211,57.8,42.2
4397,74745782,74746282,500,0,100.0,0.0
4398,74746282,74746782,500,0,100.0,0.0
4399,74746782,74747282,500,0,100.0,0.0
4400,74747282,74747782,500,0,100.0,0.0
4401,74747782,74748282,500,0,100.0,0.0
4402,74748282,74748782,500,0,100.0,0.0
4403,74748782,74749282,500,0,100.0,0.0
4404,74749282,74749782,500,0,100.0,0.0
4405,74749782,74750282,500,0,100.0,0.0
4406,74750282,74750782,500,0,100.0,0.0
4407,74750782,74751282,500,0,100.0,0.0
4408,74751282,74751782,500,0,100.0,0.0
4409,74751782,74752282,500,0,100.0,0.0
4410,74752282,74752782,500,0,100.0,0.0
4411,74752782,74753282,500,0,100.0,0.0
4412,74753282,74753782,500,0,100.0,0.0
4413,74753782,74754282,500,0,100.0,0.0
4414,74754282,74754782,500,0,100.0,0.0
4415,74754782,74755282,500,0,100.0,0.0
4416,74755282,74755782,500,0,100.0,0.0
4417,74755782,74756282,500,0,100.0,0.0
4418,74756282,74756782,500,0,100.0,0.0
4419,74756782,74757282,500,0,100.0,0.0
4420,74757282,74757782,500,0,100.0,0.0
4421,74757782,74758282,500,0,100.0,0.0
4422,74758282,74758782,500,0,100.0,0.0
4423,74758782,74759282,500,0,100.0,0.0
4424,74759282,74759782,500,0,100.0,0.0
4425,74759782,74760282,208,292,41.6,58.4
4426,74760282,74760782,9,491,1.7999999999999998,98.2
4427,74760782,74761282,51,449,10.2,89.8
4428,74761282,74761782,249,251,49.8,50.2
4429,74761782,74762282,500,0,100.0,0.0
4430,74762282,74762782,500,0,100.0,0.0
4431,74762782,74763282,500,0,100.0,0.0
4432,74763282,74763782,500,0,100.0,0.0
4433,74763782,74764282,500,0,100.0,0.0
4434,74764282,74764782,500,0,100.0,0.0
4435,74764782,74765282,500,0,100.0,0.0
4436,74765282,74765782,500,0,100.0,0.0
4437,74765782,74766282,500,0,100.0,0.0
4438,74766282,74766782,500,0,100.0,0.0
4439,74766782,74767282,500,0,100.0,0.0
4440,74767282,74767782,500,0,100.0,0.0
4441,74767782,74768282,500,0,100.0,0.0
4442,74768282,74768782,500,0,100.0,0.0
4443,74768782,74769282,500,0,100.0,0.0
4444,74769282,74769782,500,0,100.0,0.0
4445,74769782,74770282,500,0,100.0,0.0
4446,74770282,74770782,500,0,100.0,0.0
4447,74770782,74771282,500,0,100.0,0.0
4448,74771282,74771782,500,0,100.0,0.0
4449,74771782,74772282,500,0,100.0,0.0
4450,74772282,74772782,500,0,100.0,0.0
4451,74772782,74773282,500,0,100.0,0.0
4452,74773282,74773782,500,0,100.0,0.0
4453,74773782,74774282,500,0,100.0,0.0
4454,74774282,74774782,500,0,100.0,0.0
4455,74774782,74775282,500,0,100.0,0.0
4456,74775282,74775782,500,0,100.0,0.0
4457,74775782,74776282,500,0,100.0,0.0
4458,74776282,74776782,500,0,100.0,0.0
4459,74776782,74777282,500,0,100.0,0.0
4460,74777282,74777782,160,340,32.0,68.0
4461,74777782,74778282,7,493,1.4000000000000001,98.6
4462,74778282,74778782,54,446,10.8,89.2
4463,74778782,74779282,426,74,85.2,14.799999999999997
4464,74779282,74779782,500,0,100.0,0.0
4465,74779782,74780282,500,0,100.0,0.0
4466,74780282,74780782,500,0,100.0,0.0
4467,74780782,74781282,500,0,100.0,0.0
4468,74781282,74781782,500,0,100.0,0.0
4469,74781782,74782282,500,0,100.0,0.0
4470,74782282,74782782,500,0,100.0,0.0
4471,74782782,74783282,500,0,100.0,0.0
4472,74783282,74783782,500,0,100.0,0.0
4473,74783782,74784282,500,0,100.0,0.0
4474,74784282,74784782,500,0,100.0,0.0
4475,74784782,74785282,500,0,100.0,0.0
4476,74785282,74785782,500,0,100.0,0.0
4477,74785782,74786282,500,0,100.0,0.0
4478,74786282,74786782,500,0,100.0,0.0
4479,74786782,74787282,500,0,100.0,0.0
4480,74787282,74787782,500,0,100.0,0.0
4481,74787782,74788282,500,0,100.0,0.0
4482,74788282,74788782,500,0,100.0,0.0
4483,74788782,74789282,500,0,100.0,0.0
4484,74789282,74789782,500,0,100.0,0.0
4485,74789782,74790282,500,0,100.0,0.0
4486,74790282,74790782,500,0,100.0,0.0
4487,74790782,74791282,500,0,100.0,0.0
4488,74791282,74791782,500,0,100.0,0.0
4489,74791782,74792282,500,0,100.0,0.0
4490,74792282,74792782,500,0,100.0,0.0
4491,74792782,74793282,382,118,76.4,23.599999999999994
4492,74793282,74793782,9,491,1.7999999999999998,98.2
4493,74793782,74794282,45,455,9.0,91.0
4494,74794282,74794782,285,215,56.99999999999999,43.00000000000001
4495,74794782,74795282,500,0,100.0,0.0
4496,74795282,74795782,500,0,100.0,0.0
4497,74795782,74796282,500,0,100.0,0.0
4498,74796282,74796782,500,0,100.0,0.0
4499,74796782,74797282,500,0,100.0,0.0
4500,74797282,74797782,500,0,100.0,0.0
4501,74797782,74798282,500,0,100.0,0.0
4502,74798282,74798782,500,0,100.0,0.0
4503,74798782,74799282,500,0,100.0,0.0
4504,74799282,74799782,500,0,100.0,0.0
4505,74799782,74800282,500,0,100.0,0.0
4506,74800282,74800782,500,0,100.0,0.0
4507,74800782,74801282,500,0,100.0,0.0
4508,74801282,74801782,500,0,100.0,0.0
4509,74801782,74802282,500,0,100.0,0.0
4510,74802282,74802782,500,0,100.0,0.0
4511,74802782,74803282,500,0,100.0,0.0
4512,74803282,74803782,500,0,100.0,0.0
4513,74803782,74804282,500,0,100.0,0.0
4514,74804282,74804782,500,0,100.0,0.0
4515,74804782,74805282,500,0,100.0,0.0
4516,74805282,74805782,500,0,100.0,0.0
4517,74805782,74806282,500,0,100.0,0.0
4518,74806282,74806782,500,0,100.0,0.0
4519,74806782,74807282,500,0,100.0,0.0
4520,74807282,74807782,500,0,100.0,0.0
4521,74807782,74808282,500,0,100.0,0.0
4522,74808282,74808782,500,0,100.0,0.0
4523,74808782,74809282,61,439,12.2,87.8
4524,74809282,74809782,49,451,9.8,90.2
4525,74809782,74810282,41,459,8.200000000000001,91.8
4526,74810282,74810782,500,0,100.0,0.0
4527,74810782,74811282,500,0,100.0,0.0
4528,74811282,74811782,500,0,100.0,0.0
4529,74811782,74812282,500,0,100.0,0.0
4530,74812282,74812782,500,0,100.0,0.0
4531,74812782,74813282,500,0,100.0,0.0
4532,74813282,74813782,500,0,100.0,0.0
4533,74813782,74814282,500,0,100.0,0.0
4534,74814282,74814782,500,0,100.0,0.0
4535,74814782,74815282,500,0,100.0,0.0
4536,74815282,74815782,500,0,100.0,0.0
4537,74815782,74816282,500,0,100.0,0.0
4538,74816282,74816782,500,0,100.0,0.0
4539,74816782,74817282,500,0,100.0,0.0
4540,74817282,74817782,500,0,100.0,0.0
4541,74817782,74818282,500,0,100.0,0.0
4542,74818282,74818782,500,0,100.0,0.0
4543,74818782,74819282,500,0,100.0,0.0
4544,74819282,74819782,500,0,100.0,0.0
4545,74819782,74820282,500,0,100.0,0.0
4546,74820282,74820782,500,0,100.0,0.0
4547,74820782,74821282,500,0,100.0,0.0
4548,74821282,74821782,500,0,100.0,0.0
4549,74821782,74822282,500,0,100.0,0.0
4550,74822282,74822782,500,0,100.0,0.0
4551,74822782,74823282,500,0,100.0,0.0
4552,74823282,74823782,500,0,100.0,0.0
4553,74823782,74824282,500,0,100.0,0.0
4554,74824282,74824782,201,299,40.2,59.8
4555,74824782,74825282,7,493,1.4000000000000001,98.6
4556,74825282,74825782,50,450,10.0,90.0
4557,74825782,74826282,446,54,89.2,10.799999999999997
4558,74826282,74826782,500,0,100.0,0.0
4559,74826782,74827282,500,0,100.0,0.0
4560,74827282,74827782,500,0,100.0,0.0
4561,74827782,74828282,500,0,100.0,0.0
4562,74828282,74828782,500,0,100.0,0.0
4563,74828782,74829282,500,0,100.0,0.0
4564,74829282,74829782,500,0,100.0,0.0
4565,74829782,74830282,500,0,100.0,0.0
4566,74830282,74830782,500,0,100.0,0.0
4567,74830782,74831282,500,0,100.0,0.0
4568,74831282,74831782,500,0,100.0,0.0
4569,74831782,74832282,500,0,100.0,0.0
4570,74832282,74832782,500,0,100.0,0.0
4571,74832782,74833282,500,0,100.0,0.0
4572,74833282,74833782,500,0,100.0,0.0
4573,74833782,74834282,500,0,100.0,0.0
4574,74834282,74834782,500,0,100.0,0.0
4575,74834782,74835282,500,0,100.0,0.0
4576,74835282,74835782,500,0,100.0,0.0
4577,74835782,74836282,500,0,100.0,0.0
4578,74836282,74836782,500,0,100.0,0.0
4579,74836782,74837282,500,0,100.0,0.0
4580,74837282,74837782,500,0,100.0,0.0
4581,74837782,74838282,500,0,100.0,0.0
4582,74838282,74838782,500,0,100.0,0.0
4583,74838782,74839282,500,0,100.0,0.0
4584,74839282,74839782,500,0,100.0,0.0
4585,74839782,74840282,380,120,76.0,24.0
4586,74840282,74840782,9,491,1.7999999999999998,98.2
4587,74840782,74841282,47,453,9.4,90.6
4588,74841282,74841782,275,225,55.00000000000001,44.99999999999999
4589,74841782,74842282,500,0,100.0,0.0
4590,74842282,74842782,500,0,100.0,0.0
4591,74842782,74843282,500,0,100.0,0.0
4592,74843282,74843782,500,0,100.0,0.0
4593,74843782,74844282,500,0,100.0,0.0
4594,74844282,74844782,500,0,100.0,0.0
4595,74844782,74845282,500,0,100.0,0.0
4596,74845282,74845782,500,0,100.0,0.0
4597,74845782,74846282,500,0,100.0,0.0
4598,74846282,74846782,500,0,100.0,0.0
4599,74846782,74847282,500,0,100.0,0.0
4600,74847282,74847782,500,0,100.0,0.0
4601,74847782,74848282,500,0,100.0,0.0
4602,74848282,74848782,500,0,100.0,0.0
4603,74848782,74849282,500,0,100.0,0.0
4604,74849282,74849782,500,0,100.0,0.0
4605,74849782,74850282,500,0,100.0,0.0
4606,74850282,74850782,500,0,100.0,0.0
4607,74850782,74851282,500,0,100.0,0.0
4608,74851282,74851782,500,0,100.0,0.0
4609,74851782,74852282,500,0,100.0,0.0
4610,74852282,74852782,500,0,100.0,0.0
4611,74852782,74853282,500,0,100.0,0.0
4612,74853282,74853782,500,0,100.0,0.0
4613,74853782,74854282,500,0,100.0,0.0
4614,74854282,74854782,500,0,100.0,0.0
4615,74854782,74855282,500,0,100.0,0.0
4616,74855282,74855782,500,0,100.0,0.0
4617,74855782,74856282,500,0,100.0,0.0
4618,74856282,74856782,500,0,100.0,0.0
4619,74856782,74857282,500,0,100.0,0.0
4620,74857282,74857782,500,0,100.0,0.0
4621,74857782,74858282,500,0,100.0,0.0
4622,74858282,74858782,500,0,100.0,0.0
4623,74858782,74859282,189,311,37.8,62.2
4624,74859282,74859782,8,492,1.6,98.4
4625,74859782,74860282,58,442,11.600000000000001,88.4
4626,74860282,74860782,291,209,58.199999999999996,41.800000000000004
4627,74860782,74861282,500,0,100.0,0.0
4628,74861282,74861782,500,0,100.0,0.0
4629,74861782,74862282,500,0,100.0,0.0
4630,74862282,74862782,500,0,100.0,0.0
4631,74862782,74863282,500,0,100.0,0.0
4632,74863282,74863782,500,0,100.0,0.0
4633,74863782,74864282,500,0,100.0,0.0
4634,74864282,74864782,500,0,100.0,0.0
4635,74864782,74865282,500,0,100.0,0.0
4636,74865282,74865782,500,0,100.0,0.0
4637,74865782,74866282,500,0,100.0,0.0
4638,74866282,74866782,500,0,100.0,0.0
4639,74866782,74867282,500,0,100.0,0.0
4640,74867282,74867782,500,0,100.0,0.0
4641,74867782,74868282,500,0,100.0,0.0
4642,74868282,74868782,500,0,100.0,0.0
4643,74868782,74869282,500,0,100.0,0.0
4644,74869282,74869782,500,0,100.0,0.0
4645,74869782,74870282,500,0,100.0,0.0
4646,74870282,74870782,500,0,100.0,0.0
4647,74870782,74871282,500,0,100.0,0.0
4648,74871282,74871782,500,0,100.0,0.0
4649,74871782,74872282,500,0,100.0,0.0
4650,74872282,74872782,500,0,100.0,0.0
4651,74872782,74873282,500,0,100.0,0.0
4652,74873282,74873782,500,0,100.0,0.0
4653,74873782,74874282,500,0,100.0,0.0
4654,74874282,74874782,500,0,100.0,0.0
4655,74874782,74875282,500,0,100.0,0.0
4656,74875282,74875782,500,0,100.0,0.0
4657,74875782,74876282,12,488,2.4,97.6
4658,74876282,74876782,57,443,11.4,88.6
4659,74876782,74877282,5,495,1.0,99.0
4660,74877282,74877782,485,15,97.0,3.0
4661,74877782,74878282,500,0,100.0,0.0
4662,74878282,74878782,500,0,100.0,0.0
4663,74878782,74879282,500,0,100.0,0.0
4664,74879282,74879782,500,0,100.0,0.0
4665,74879782,74880282,500,0,100.0,0.0
4666,74880282,74880782,500,0,100.0,0.0
4667,74880782,74881282,500,0,100.0,0.0
4668,74881282,74881782,500,0,100.0,0.0
4669,74881782,74882282,500,0,100.0,0.0
4670,74882282,74882782,500,0,100.0,0.0
4671,74882782,74883282,500,0,100.0,0.0
4672,74883282,74883782,500,0,100.0,0.0
4673,74883782,74884282,500,0,100.0,0.0
4674,74884282,74884782,500,0,100.0,0.0
4675,74884782,74885282,500,0,100.0,0.0
4676,74885282,74885782,500,0,100.0,0.0
4677,74885782,74886282,500,0,100.0,0.0
4678,74886282,74886782,500,0,100.0,0.0
4679,74886782,74887282,500,0,100.0,0.0
4680,74887282,74887782,500,0,100.0,0.0
4681,74887782,74888282,500,0,100.0,0.0
4682,74888282,74888782,500,0,100.0,0.0
4683,74888782,74889282,500,0,100.0,0.0
4684,74889282,74889782,500,0,100.0,0.0
4685,74889782,74890282,500,0,100.0,0.0
4686,74890282,74890782,500,0,100.0,0.0
4687,74890782,74891282,500,0,100.0,0.0
4688,74891282,74891782,500,0,100.0,0.0
4689,74891782,74892282,483,17,96.6,3.4000000000000057
4690,74892282,74892782,8,492,1.6,98.4
4691,74892782,74893282,58,442,11.600000000000001,88.4
4692,74893282,74893782,142,358,28.4,71.6
4693,74893782,74894282,500,0,100.0,0.0
4694,74894282,74894782,500,0,100.0,0.0
4695,74894782,74895282,500,0,100.0,0.0
4696,74895282,74895782,500,0,100.0,0.0
4697,74895782,74896282,500,0,100.0,0.0
4698,74896282,74896782,500,0,100.0,0.0
4699,74896782,74897282,500,0,100.0,0.0
4700,74897282,74897782,500,0,100.0,0.0
4701,74897782,74898282,500,0,100.0,0.0
4702,74898282,74898782,500,0,100.0,0.0
4703,74898782,74899282,500,0,100.0,0.0
4704,74899282,74899782,500,0,100.0,0.0
4705,74899782,74900282,500,0,100.0,0.0
4706,74900282,74900782,500,0,100.0,0.0
4707,74900782,74901282,500,0,100.0,0.0
4708,74901282,74901782,500,0,100.0,0.0
4709,74901782,74902282,500,0,100.0,0.0
4710,74902282,74902782,500,0,100.0,0.0
4711,74902782,74903282,500,0,100.0,0.0
4712,74903282,74903782,500,0,100.0,0.0
4713,74903782,74904282,500,0,100.0,0.0
4714,74904282,74904782,500,0,100.0,0.0
4715,74904782,74905282,500,0,100.0,0.0
4716,74905282,74905782,500,0,100.0,0.0
4717,74905782,74906282,500,0,100.0,0.0
4718,74906282,74906782,500,0,100.0,0.0
4719,74906782,74907282,500,0,100.0,0.0
4720,74907282,74907782,500,0,100.0,0.0
4721,74907782,74908282,315,185,63.0,37.0
4722,74908282,74908782,9,491,1.7999999999999998,98.2
4723,74908782,74909282,50,450,10.0,90.0
4724,74909282,74909782,299,201,59.8,40.2
4725,74909782,74910282,500,0,100.0,0.0
4726,74910282,74910782,500,0,100.0,0.0
4727,74910782,74911282,500,0,100.0,0.0
4728,74911282,74911782,500,0,100.0,0.0
4729,74911782,74912282,500,0,100.0,0.0
4730,74912282,74912782,500,0,100.0,0.0
4731,74912782,74913282,500,0,100.0,0.0
4732,74913282,74913782,500,0,100.0,0.0
4733,74913782,74914282,500,0,100.0,0.0
4734,74914282,74914782,500,0,100.0,0.0
4735,74914782,74915282,500,0,100.0,0.0
4736,74915282,74915782,500,0,100.0,0.0
4737,74915782,74916282,500,0,100.0,0.0
4738,74916282,74916782,500,0,100.0,0.0
4739,74916782,74917282,500,0,100.0,0.0
4740,74917282,74917782,500,0,100.0,0.0
4741,74917782,74918282,500,0,100.0,0.0
4742,74918282,74918782,500,0,100.0,0.0
4743,74918782,74919282,500,0,100.0,0.0
4744,74919282,74919782,500,0,100.0,0.0
4745,74919782,74920282,500,0,100.0,0.0
4746,74920282,74920782,500,0,100.0,0.0
4747,74920782,74921282,500,0,100.0,0.0
4748,74921282,74921782,500,0,100.0,0.0
4749,74921782,74922282,500,0,100.0,0.0
4750,74922282,74922782,500,0,100.0,0.0
4751,74922782,74923282,500,0,100.0,0.0
4752,74923282,74923782,372,128,74.4,25.599999999999994
4753,74923782,74924282,8,492,1.6,98.4
4754,74924282,74924782,45,455,9.0,91.0
4755,74924782,74925282,217,283,43.4,56.6
4756,74925282,74925782,500,0,100.0,0.0
4757,74925782,74926282,500,0,100.0,0.0
4758,74926282,74926782,500,0,100.0,0.0
4759,74926782,74927282,500,0,100.0,0.0
4760,74927282,74927782,500,0,100.0,0.0
4761,74927782,74928282,500,0,100.0,0.0
4762,74928282,74928782,500,0,100.0,0.0
4763,74928782,74929282,500,0,100.0,0.0
4764,74929282,74929782,500,0,100.0,0.0
4765,74929782,74930282,500,0,100.0,0.0
4766,74930282,74930782,500,0,100.0,0.0
4767,74930782,74931282,500,0,100.0,0.0
4768,74931282,74931782,500,0,100.0,0.0
4769,74931782,74932282,500,0,100.0,0.0
4770,74932282,74932782,500,0,100.0,0.0
4771,74932782,74933282,500,0,100.0,0.0
4772,74933282,74933782,500,0,100.0,0.0
4773,74933782,74934282,500,0,100.0,0.0
4774,74934282,74934782,500,0,100.0,0.0
4775,74934782,74935282,500,0,100.0,0.0
4776,74935282,74935782,500,0,100.0,0.0
4777,74935782,74936282,500,0,100.0,0.0
4778,74936282,74936782,500,0,100.0,0.0
4779,74936782,74937282,500,0,100.0,0.0
4780,74937282,74937782,500,0,100.0,0.0
4781,74937782,74938282,500,0,100.0,0.0
4782,74938282,74938782,500,0,100.0,0.0
4783,74938782,74939282,500,0,100.0,0.0
4784,74939282,74939782,500,0,100.0,0.0
4785,74939782,74940282,500,0,100.0,0.0
4786,74940282,74940782,500,0,100.0,0.0
4787,74940782,74941282,500,0,100.0,0.0
4788,74941282,74941782,500,0,100.0,0.0
4789,74941782,74942282,35,465,7.000000000000001,93.0
4790,74942282,74942782,55,445,11.0,89.0
4791,74942782,74943282,46,454,9.2,90.8
4792,74943282,74943782,500,0,100.0,0.0
4793,74943782,74944282,500,0,100.0,0.0
4794,74944282,74944782,500,0,100.0,0.0
4795,74944782,74945282,500,0,100.0,0.0
4796,74945282,74945782,500,0,100.0,0.0
4797,74945782,74946282,500,0,100.0,0.0
4798,74946282,74946782,500,0,100.0,0.0
4799,74946782,74947282,500,0,100.0,0.0
4800,74947282,74947782,500,0,100.0,0.0
4801,74947782,74948282,500,0,100.0,0.0
4802,74948282,74948782,500,0,100.0,0.0
4803,74948782,74949282,500,0,100.0,0.0
4804,74949282,74949782,500,0,100.0,0.0
4805,74949782,74950282,500,0,100.0,0.0
4806,74950282,74950782,500,0,100.0,0.0
4807,74950782,74951282,500,0,100.0,0.0
4808,74951282,74951782,500,0,100.0,0.0
4809,74951782,74952282,500,0,100.0,0.0
4810,74952282,74952782,500,0,100.0,0.0
4811,74952782,74953282,500,0,100.0,0.0
4812,74953282,74953782,500,0,100.0,0.0
4813,74953782,74954282,500,0,100.0,0.0
4814,74954282,74954782,500,0,100.0,0.0
4815,74954782,74955282,500,0,100.0,0.0
4816,74955282,74955782,500,0,100.0,0.0
4817,74955782,74956282,500,0,100.0,0.0
4818,74956282,74956782,500,0,100.0,0.0
4819,74956782,74957282,500,0,100.0,0.0
4820,74957282,74957782,500,0,100.0,0.0
4821,74957782,74958282,500,0,100.0,0.0
4822,74958282,74958782,421,79,84.2,15.799999999999997
4823,74958782,74959282,7,493,1.4000000000000001,98.6
4824,74959282,74959782,57,443,11.4,88.6
4825,74959782,74960282,174,326,34.8,65.2
4826,74960282,74960782,500,0,100.0,0.0
4827,74960782,74961282,500,0,100.0,0.0
4828,74961282,74961782,500,0,100.0,0.0
4829,74961782,74962282,500,0,100.0,0.0
4830,74962282,74962782,500,0,100.0,0.0
4831,74962782,74963282,500,0,100.0,0.0
4832,74963282,74963782,500,0,100.0,0.0
4833,74963782,74964282,500,0,100.0,0.0
4834,74964282,74964782,500,0,100.0,0.0
4835,74964782,74965282,500,0,100.0,0.0
4836,74965282,74965782,500,0,100.0,0.0
4837,74965782,74966282,500,0,100.0,0.0
4838,74966282,74966782,500,0,100.0,0.0
4839,74966782,74967282,500,0,100.0,0.0
4840,74967282,74967782,500,0,100.0,0.0
4841,74967782,74968282,500,0,100.0,0.0
4842,74968282,74968782,500,0,100.0,0.0
4843,74968782,74969282,500,0,100.0,0.0
4844,74969282,74969782,500,0,100.0,0.0
4845,74969782,74970282,500,0,100.0,0.0
4846,74970282,74970782,500,0,100.0,0.0
4847,74970782,74971282,500,0,100.0,0.0
4848,74971282,74971782,500,0,100.0,0.0
4849,74971782,74972282,500,0,100.0,0.0
4850,74972282,74972782,500,0,100.0,0.0
4851,74972782,74973282,500,0,100.0,0.0
4852,74973282,74973782,500,0,100.0,0.0
4853,74973782,74974282,500,0,100.0,0.0
4854,74974282,74974782,500,0,100.0,0.0
4855,74974782,74975282,500,0,100.0,0.0
4856,74975282,74975782,500,0,100.0,0.0
4857,74975782,74976282,344,156,68.8,31.200000000000003
4858,74976282,74976782,8,492,1.6,98.4
4859,74976782,74977282,51,449,10.2,89.8
4860,74977282,74977782,85,415,17.0,83.0
4861,74977782,74978282,500,0,100.0,0.0
4862,74978282,74978782,500,0,100.0,0.0
4863,74978782,74979282,500,0,100.0,0.0
4864,74979282,74979782,500,0,100.0,0.0
4865,74979782,74980282,500,0,100.0,0.0
4866,74980282,74980782,500,0,100.0,0.0
4867,74980782,74981282,500,0,100.0,0.0
4868,74981282,74981782,500,0,100.0,0.0
4869,74981782,74982282,500,0,100.0,0.0
4870,74982282,74982782,500,0,100.0,0.0
4871,74982782,74983282,500,0,100.0,0.0
4872,74983282,74983782,500,0,100.0,0.0
4873,74983782,74984282,500,0,100.0,0.0
4874,74984282,74984782,500,0,100.0,0.0
4875,74984782,74985282,500,0,100.0,0.0
4876,74985282,74985782,500,0,100.0,0.0
4877,74985782,74986282,500,0,100.0,0.0
4878,74986282,74986782,500,0,100.0,0.0
4879,74986782,74987282,500,0,100.0,0.0
4880,74987282,74987782,500,0,100.0,0.0
4881,74987782,74988282,500,0,100.0,0.0
4882,74988282,74988782,500,0,100.0,0.0
4883,74988782,74989282,500,0,100.0,0.0
4884,74989282,74989782,500,0,100.0,0.0
4885,74989782,74990282,500,0,100.0,0.0
4886,74990282,74990782,500,0,100.0,0.0
4887,74990782,74991282,500,0,100.0,0.0
4888,74991282,74991782,500,0,100.0,0.0
4889,74991782,74992282,500,0,100.0,0.0
4890,74992282,74992782,94,406,18.8,81.2
4891,74992782,74993282,7,493,1.4000000000000001,98.6
4892,74993282,74993782,47,453,9.4,90.6
4893,74993782,74994282,438,62,87.6,12.400000000000006
4894,74994282,74994782,500,0,100.0,0.0
4895,74994782,74995282,500,0,100.0,0.0
4896,74995282,74995782,500,0,100.0,0.0
4897,74995782,74996282,500,0,100.0,0.0
4898,74996282,74996782,500,0,100.0,0.0
4899,74996782,74997282,500,0,100.0,0.0
4900,74997282,74997782,500,0,100.0,0.0
4901,74997782,74998282,500,0,100.0,0.0
4902,74998282,74998782,500,0,100.0,0.0
4903,74998782,74999282,500,0,100.0,0.0
4904,74999282,74999782,500,0,100.0,0.0
4905,74999782,75000282,500,0,100.0,0.0
4906,75000282,75000782,500,0,100.0,0.0
4907,75000782,75001282,500,0,100.0,0.0
4908,75001282,75001782,500,0,100.0,0.0
4909,75001782,75002282,500,0,100.0,0.0
4910,75002282,75002782,500,0,100.0,0.0
4911,75002782,75003282,500,0,100.0,0.0
4912,75003282,75003782,500,0,100.0,0.0
4913,75003782,75004282,500,0,100.0,0.0
4914,75004282,75004782,500,0,100.0,0.0
4915,75004782,75005282,500,0,100.0,0.0
4916,75005282,75005782,500,0,100.0,0.0
4917,75005782,75006282,500,0,100.0,0.0
4918,75006282,75006782,500,0,100.0,0.0
4919,75006782,75007282,500,0,100.0,0.0
4920,75007282,75007782,500,0,100.0,0.0
4921,75007782,75008282,500,0,100.0,0.0
4922,75008282,75008782,104,396,20.8,79.2
4923,75008782,75009282,45,455,9.0,91.0
4924,75009282,75009782,59,441,11.799999999999999,88.2
4925,75009782,75010282,500,0,100.0,0.0
4926,75010282,75010782,500,0,100.0,0.0
4927,75010782,75011282,500,0,100.0,0.0
4928,75011282,75011782,500,0,100.0,0.0
4929,75011782,75012282,500,0,100.0,0.0
4930,75012282,75012782,500,0,100.0,0.0
4931,75012782,75013282,500,0,100.0,0.0
4932,75013282,75013782,500,0,100.0,0.0
4933,75013782,75014282,500,0,100.0,0.0
4934,75014282,75014782,500,0,100.0,0.0
4935,75014782,75015282,500,0,100.0,0.0
4936,75015282,75015782,500,0,100.0,0.0
4937,75015782,75016282,500,0,100.0,0.0
4938,75016282,75016782,500,0,100.0,0.0
4939,75016782,75017282,500,0,100.0,0.0
4940,75017282,75017782,500,0,100.0,0.0
4941,75017782,75018282,500,0,100.0,0.0
4942,75018282,75018782,500,0,100.0,0.0
4943,75018782,75019282,500,0,100.0,0.0
4944,75019282,75019782,500,0,100.0,0.0
4945,75019782,75020282,500,0,100.0,0.0
4946,75020282,75020782,500,0,100.0,0.0
4947,75020782,75021282,500,0,100.0,0.0
4948,75021282,75021782,500,0,100.0,0.0
4949,75021782,75022282,500,0,100.0,0.0
4950,75022282,75022782,500,0,100.0,0.0
4951,75022782,75023282,500,0,100.0,0.0
4952,75023282,75023782,500,0,100.0,0.0
4953,75023782,75024282,500,0,100.0,0.0
4954,75024282,75024782,500,0,100.0,0.0
4955,75024782,75025282,297,203,59.4,40.6
4956,75025282,75025782,9,491,1.7999999999999998,98.2
4957,75025782,75026282,63,437,12.6,87.4
4958,75026282,75026782,282,218,56.39999999999999,43.60000000000001
4959,75026782,75027282,500,0,100.0,0.0
4960,75027282,75027782,500,0,100.0,0.0
4961,75027782,75028282,500,0,100.0,0.0
4962,75028282,75028782,500,0,100.0,0.0
4963,75028782,75029282,500,0,100.0,0.0
4964,75029282,75029782,500,0,100.0,0.0
4965,75029782,75030282,500,0,100.0,0.0
4966,75030282,75030782,500,0,100.0,0.0
4967,75030782,75031282,500,0,100.0,0.0
4968,75031282,75031782,500,0,100.0,0.0
4969,75031782,75032282,500,0,100.0,0.0
4970,75032282,75032782,500,0,100.0,0.0
4971,75032782,75033282,500,0,100.0,0.0
4972,75033282,75033782,500,0,100.0,0.0
4973,75033782,75034282,500,0,100.0,0.0
4974,75034282,75034782,500,0,100.0,0.0
4975,75034782,75035282,500,0,100.0,0.0
4976,75035282,75035782,500,0,100.0,0.0
4977,75035782,75036282,500,0,100.0,0.0
4978,75036282,75036782,500,0,100.0,0.0
4979,75036782,75037282,500,0,100.0,0.0
4980,75037282,75037782,500,0,100.0,0.0
4981,75037782,75038282,500,0,100.0,0.0
4982,75038282,75038782,500,0,100.0,0.0
4983,75038782,75039282,500,0,100.0,0.0
4984,75039282,75039782,500,0,100.0,0.0
4985,75039782,75040282,500,0,100.0,0.0
4986,75040282,75040782,500,0,100.0,0.0
4987,75040782,75041282,500,0,100.0,0.0
4988,75041282,75041782,350,150,70.0,30.0
4989,75041782,75042282,7,493,1.4000000000000001,98.6
4990,75042282,75042782,54,446,10.8,89.2
4991,75042782,75043282,176,324,35.199999999999996,64.80000000000001
4992,75043282,75043782,500,0,100.0,0.0
4993,75043782,75044282,500,0,100.0,0.0
4994,75044282,75044782,500,0,100.0,0.0
4995,75044782,75045282,500,0,100.0,0.0
4996,75045282,75045782,500,0,100.0,0.0
4997,75045782,75046282,500,0,100.0,0.0
4998,75046282,75046782,500,0,100.0,0.0
4999,75046782,75047282,500,0,100.0,0.0
5000,75047282,75047782,500,0,100.0,0.0
5001,75047782,75048282,500,0,100.0,0.0
5002,75048282,75048782,500,0,100.0,0.0
5003,75048782,75049282,500,0,100.0,0.0
5004,75049282,75049782,500,0,100.0,0.0
5005,75049782,75050282,500,0,100.0,0.0
5006,75050282,75050782,500,0,100.0,0.0
5007,75050782,75051282,500,0,100.0,0.0
5008,75051282,75051782,500,0,100.0,0.0
5009,75051782,75052282,500,0,100.0,0.0
5010,75052282,75052782,500,0,100.0,0.0
5011,75052782,75053282,500,0,100.0,0.0
5012,75053282,75053782,500,0,100.0,0.0
5013,75053782,75054282,500,0,100.0,0.0
5014,75054282,75054782,500,0,100.0,0.0
5015,75054782,75055282,500,0,100.0,0.0
5016,75055282,75055782,500,0,100.0,0.0
5017,75055782,75056282,500,0,100.0,0.0
5018,75056282,75056782,500,0,100.0,0.0
5019,75056782,75057282,500,0,100.0,0.0
5020,75057282,75057782,500,0,100.0,0.0
5021,75057782,75058282,500,0,100.0,0.0
5022,75058282,75058782,23,477,4.6,95.4
5023,75058782,75059282,65,435,13.0,87.0
5024,75059282,75059782,104,396,20.8,79.2
5025,75059782,75060282,500,0,100.0,0.0
5026,75060282,75060782,500,0,100.0,0.0
5027,75060782,75061282,500,0,100.0,0.0
5028,75061282,75061782,500,0,100.0,0.0
5029,75061782,75062282,500,0,100.0,0.0
5030,75062282,75062782,500,0,100.0,0.0
5031,75062782,75063282,500,0,100.0,0.0
5032,75063282,75063782,500,0,100.0,0.0
5033,75063782,75064282,500,0,100.0,0.0
5034,75064282,75064782,500,0,100.0,0.0
5035,75064782,75065282,500,0,100.0,0.0
5036,75065282,75065782,500,0,100.0,0.0
5037,75065782,75066282,500,0,100.0,0.0
5038,75066282,75066782,500,0,100.0,0.0
5039,75066782,75067282,500,0,100.0,0.0
5040,75067282,75067782,500,0,100.0,0.0
5041,75067782,75068282,500,0,100.0,0.0
5042,75068282,75068782,500,0,100.0,0.0
5043,75068782,75069282,500,0,100.0,0.0
5044,75069282,75069782,500,0,100.0,0.0
5045,75069782,75070282,500,0,100.0,0.0
5046,75070282,75070782,500,0,100.0,0.0
5047,75070782,75071282,500,0,100.0,0.0
5048,75071282,75071782,500,0,100.0,0.0
5049,75071782,75072282,500,0,100.0,0.0
5050,75072282,75072782,500,0,100.0,0.0
5051,75072782,75073282,500,0,100.0,0.0
5052,75073282,75073782,500,0,100.0,0.0
5053,75073782,75074282,500,0,100.0,0.0
5054,75074282,75074782,356,144,71.2,28.799999999999997
5055,75074782,75075282,8,492,1.6,98.4
5056,75075282,75075782,64,436,12.8,87.2
5057,75075782,75076282,182,318,36.4,63.6
5058,75076282,75076782,500,0,100.0,0.0
5059,75076782,75077282,500,0,100.0,0.0
5060,75077282,75077782,500,0,100.0,0.0
5061,75077782,75078282,500,0,100.0,0.0
5062,75078282,75078782,500,0,100.0,0.0
5063,75078782,75079282,500,0,100.0,0.0
5064,75079282,75079782,500,0,100.0,0.0
5065,75079782,75080282,500,0,100.0,0.0
5066,75080282,75080782,500,0,100.0,0.0
5067,75080782,75081282,500,0,100.0,0.0
5068,75081282,75081782,500,0,100.0,0.0
5069,75081782,75082282,500,0,100.0,0.0
5070,75082282,75082782,500,0,100.0,0.0
5071,75082782,75083282,500,0,100.0,0.0
5072,75083282,75083782,500,0,100.0,0.0
5073,75083782,75084282,500,0,100.0,0.0
5074,75084282,75084782,500,0,100.0,0.0
5075,75084782,75085282,500,0,100.0,0.0
5076,75085282,75085782,500,0,100.0,0.0
5077,75085782,75086282,500,0,100.0,0.0
5078,75086282,75086782,500,0,100.0,0.0
5079,75086782,75087282,500,0,100.0,0.0
5080,75087282,75087782,500,0,100.0,0.0
5081,75087782,75088282,500,0,100.0,0.0
5082,75088282,75088782,500,0,100.0,0.0
5083,75088782,75089282,500,0,100.0,0.0
5084,75089282,75089782,500,0,100.0,0.0
5085,75089782,75090282,500,0,100.0,0.0
5086,75090282,75090782,217,283,43.4,56.6
5087,75090782,75091282,7,493,1.4000000000000001,98.6
5088,75091282,75091782,52,448,10.4,89.6
5089,75091782,75092282,448,52,89.60000000000001,10.399999999999991
5090,75092282,75092782,500,0,100.0,0.0
5091,75092782,75093282,500,0,100.0,0.0
5092,75093282,75093782,500,0,100.0,0.0
5093,75093782,75094282,500,0,100.0,0.0
5094,75094282,75094782,500,0,100.0,0.0
5095,75094782,75095282,500,0,100.0,0.0
5096,75095282,75095782,500,0,100.0,0.0
5097,75095782,75096282,500,0,100.0,0.0
5098,75096282,75096782,500,0,100.0,0.0
5099,75096782,75097282,500,0,100.0,0.0
5100,75097282,75097782,500,0,100.0,0.0
5101,75097782,75098282,500,0,100.0,0.0
5102,75098282,75098782,500,0,100.0,0.0
5103,75098782,75099282,500,0,100.0,0.0
5104,75099282,75099782,500,0,100.0,0.0
5105,75099782,75100282,500,0,100.0,0.0
5106,75100282,75100782,500,0,100.0,0.0
5107,75100782,75101282,500,0,100.0,0.0
5108,75101282,75101782,500,0,100.0,0.0
5109,75101782,75102282,500,0,100.0,0.0
5110,75102282,75102782,500,0,100.0,0.0
5111,75102782,75103282,500,0,100.0,0.0
5112,75103282,75103782,500,0,100.0,0.0
5113,75103782,75104282,500,0,100.0,0.0
5114,75104282,75104782,500,0,100.0,0.0
5115,75104782,75105282,500,0,100.0,0.0
5116,75105282,75105782,500,0,100.0,0.0
5117,75105782,75106282,392,108,78.4,21.599999999999994
5118,75106282,75106782,8,492,1.6,98.4
5119,75106782,75107282,48,452,9.6,90.4
5120,75107282,75107782,226,274,45.2,54.8
5121,75107782,75108282,500,0,100.0,0.0
5122,75108282,75108782,500,0,100.0,0.0
5123,75108782,75109282,500,0,100.0,0.0
5124,75109282,75109782,500,0,100.0,0.0
5125,75109782,75110282,500,0,100.0,0.0
5126,75110282,75110782,500,0,100.0,0.0
5127,75110782,75111282,500,0,100.0,0.0
5128,75111282,75111782,500,0,100.0,0.0
5129,75111782,75112282,500,0,100.0,0.0
5130,75112282,75112782,500,0,100.0,0.0
5131,75112782,75113282,500,0,100.0,0.0
5132,75113282,75113782,500,0,100.0,0.0
5133,75113782,75114282,500,0,100.0,0.0
5134,75114282,75114782,500,0,100.0,0.0
5135,75114782,75115282,500,0,100.0,0.0
5136,75115282,75115782,500,0,100.0,0.0
5137,75115782,75116282,500,0,100.0,0.0
5138,75116282,75116782,500,0,100.0,0.0
5139,75116782,75117282,500,0,100.0,0.0
5140,75117282,75117782,500,0,100.0,0.0
5141,75117782,75118282,500,0,100.0,0.0
5142,75118282,75118782,500,0,100.0,0.0
5143,75118782,75119282,500,0,100.0,0.0
5144,75119282,75119782,500,0,100.0,0.0
5145,75119782,75120282,500,0,100.0,0.0
5146,75120282,75120782,500,0,100.0,0.0
5147,75120782,75121282,500,0,100.0,0.0
5148,75121282,75121782,500,0,100.0,0.0
5149,75121782,75122282,72,428,14.399999999999999,85.6
5150,75122282,75122782,48,452,9.6,90.4
5151,75122782,75123282,13,487,2.6,97.4
5152,75123282,75123782,500,0,100.0,0.0
5153,75123782,75124282,500,0,100.0,0.0
5154,75124282,75124782,500,0,100.0,0.0
5155,75124782,75125282,500,0,100.0,0.0
5156,75125282,75125782,500,0,100.0,0.0
5157,75125782,75126282,500,0,100.0,0.0
5158,75126282,75126782,500,0,100.0,0.0
5159,75126782,75127282,500,0,100.0,0.0
5160,75127282,75127782,500,0,100.0,0.0
5161,75127782,75128282,500,0,100.0,0.0
5162,75128282,75128782,500,0,100.0,0.0
5163,75128782,75129282,500,0,100.0,0.0
5164,75129282,75129782,500,0,100.0,0.0
5165,75129782,75130282,500,0,100.0,0.0
5166,75130282,75130782,500,0,100.0,0.0
5167,75130782,75131282,500,0,100.0,0.0
5168,75131282,75131782,500,0,100.0,0.0
5169,75131782,75132282,500,0,100.0,0.0
5170,75132282,75132782,500,0,100.0,0.0
5171,75132782,75133282,500,0,100.0,0.0
5172,75133282,75133782,500,0,100.0,0.0
5173,75133782,75134282,500,0,100.0,0.0
5174,75134282,75134782,500,0,100.0,0.0
5175,75134782,75135282,500,0,100.0,0.0
5176,75135282,75135782,500,0,100.0,0.0
5177,75135782,75136282,500,0,100.0,0.0
5178,75136282,75136782,500,0,100.0,0.0
5179,75136782,75137282,500,0,100.0,0.0
5180,75137282,75137782,212,288,42.4,57.6
5181,75137782,75138282,7,493,1.4000000000000001,98.6
5182,75138282,75138782,77,423,15.4,84.6
5183,75138782,75139282,419,81,83.8,16.200000000000003
5184,75139282,75139782,500,0,100.0,0.0
5185,75139782,75140282,500,0,100.0,0.0
5186,75140282,75140782,500,0,100.0,0.0
5187,75140782,75141282,500,0,100.0,0.0
5188,75141282,75141782,500,0,100.0,0.0
5189,75141782,75142282,500,0,100.0,0.0
5190,75142282,75142782,500,0,100.0,0.0
5191,75142782,75143282,500,0,100.0,0.0
5192,75143282,75143782,500,0,100.0,0.0
5193,75143782,75144282,500,0,100.0,0.0
5194,75144282,75144782,500,0,100.0,0.0
5195,75144782,75145282,500,0,100.0,0.0
5196,75145282,75145782,500,0,100.0,0.0
5197,75145782,75146282,500,0,100.0,0.0
5198,75146282,75146782,500,0,100.0,0.0
5199,75146782,75147282,500,0,100.0,0.0
5200,75147282,75147782,500,0,100.0,0.0
5201,75147782,75148282,500,0,100.0,0.0
5202,75148282,75148782,500,0,100.0,0.0
5203,75148782,75149282,500,0,100.0,0.0
5204,75149282,75149782,500,0,100.0,0.0
5205,75149782,75150282,500,0,100.0,0.0
5206,75150282,75150782,500,0,100.0,0.0
5207,75150782,75151282,500,0,100.0,0.0
5208,75151282,75151782,500,0,100.0,0.0
5209,75151782,75152282,500,0,100.0,0.0
5210,75152282,75152782,500,0,100.0,0.0
5211,75152782,75153282,500,0,100.0,0.0
5212,75153282,75153782,500,0,100.0,0.0
5213,75153782,75154282,222,278,44.4,55.6
5214,75154282,75154782,8,492,1.6,98.4
5215,75154782,75155282,56,444,11.200000000000001,88.8
5216,75155282,75155782,304,196,60.8,39.2
5217,75155782,75156282,500,0,100.0,0.0
5218,75156282,75156782,500,0,100.0,0.0
5219,75156782,75157282,500,0,100.0,0.0
5220,75157282,75157782,500,0,100.0,0.0
5221,75157782,75158282,500,0,100.0,0.0
5222,75158282,75158782,500,0,100.0,0.0
5223,75158782,75159282,500,0,100.0,0.0
5224,75159282,75159782,500,0,100.0,0.0
5225,75159782,75160282,500,0,100.0,0.0
5226,75160282,75160782,500,0,100.0,0.0
5227,75160782,75161282,500,0,100.0,0.0
5228,75161282,75161782,500,0,100.0,0.0
5229,75161782,75162282,500,0,100.0,0.0
5230,75162282,75162782,500,0,100.0,0.0
5231,75162782,75163282,500,0,100.0,0.0
5232,75163282,75163782,500,0,100.0,0.0
5233,75163782,75164282,500,0,100.0,0.0
5234,75164282,75164782,500,0,100.0,0.0
5235,75164782,75165282,500,0,100.0,0.0
5236,75165282,75165782,500,0,100.0,0.0
5237,75165782,75166282,500,0,100.0,0.0
5238,75166282,75166782,500,0,100.0,0.0
5239,75166782,75167282,500,0,100.0,0.0
5240,75167282,75167782,500,0,100.0,0.0
5241,75167782,75168282,500,0,100.0,0.0
5242,75168282,75168782,500,0,100.0,0.0
5243,75168782,75169282,500,0,100.0,0.0
5244,75169282,75169782,500,0,100.0,0.0
5245,75169782,75170282,500,0,100.0,0.0
5246,75170282,75170782,500,0,100.0,0.0
5247,75170782,75171282,500,0,100.0,0.0
5248,75171282,75171782,419,81,83.8,16.200000000000003
5249,75171782,75172282,7,493,1.4000000000000001,98.6
5250,75172282,75172782,51,449,10.2,89.8
5251,75172782,75173282,109,391,21.8,78.2
5252,75173282,75173782,500,0,100.0,0.0
5253,75173782,75174282,500,0,100.0,0.0
5254,75174282,75174782,500,0,100.0,0.0
5255,75174782,75175282,500,0,100.0,0.0
5256,75175282,75175782,500,0,100.0,0.0
5257,75175782,75176282,500,0,100.0,0.0
5258,75176282,75176782,500,0,100.0,0.0
5259,75176782,75177282,500,0,100.0,0.0
5260,75177282,75177782,500,0,100.0,0.0
5261,75177782,75178282,500,0,100.0,0.0
5262,75178282,75178782,500,0,100.0,0.0
5263,75178782,75179282,500,0,100.0,0.0
5264,75179282,75179782,500,0,100.0,0.0
5265,75179782,75180282,500,0,100.0,0.0
5266,75180282,75180782,500,0,100.0,0.0
5267,75180782,75181282,500,0,100.0,0.0
5268,75181282,75181782,500,0,100.0,0.0
5269,75181782,75182282,500,0,100.0,0.0
5270,75182282,75182782,500,0,100.0,0.0
5271,75182782,75183282,500,0,100.0,0.0
5272,75183282,75183782,500,0,100.0,0.0
5273,75183782,75184282,500,0,100.0,0.0
5274,75184282,75184782,500,0,100.0,0.0
5275,75184782,75185282,500,0,100.0,0.0
5276,75185282,75185782,500,0,100.0,0.0
5277,75185782,75186282,500,0,100.0,0.0
5278,75186282,75186782,500,0,100.0,0.0
5279,75186782,75187282,500,0,100.0,0.0
5280,75187282,75187782,414,86,82.8,17.200000000000003
5281,75187782,75188282,6,494,1.2,98.8
5282,75188282,75188782,47,453,9.4,90.6
5283,75188782,75189282,150,350,30.0,70.0
5284,75189282,75189782,500,0,100.0,0.0
5285,75189782,75190282,500,0,100.0,0.0
5286,75190282,75190782,500,0,100.0,0.0
5287,75190782,75191282,500,0,100.0,0.0
5288,75191282,75191782,500,0,100.0,0.0
5289,75191782,75192282,500,0,100.0,0.0
5290,75192282,75192782,500,0,100.0,0.0
5291,75192782,75193282,500,0,100.0,0.0
5292,75193282,75193782,500,0,100.0,0.0
5293,75193782,75194282,500,0,100.0,0.0
5294,75194282,75194782,500,0,100.0,0.0
5295,75194782,75195282,500,0,100.0,0.0
5296,75195282,75195782,500,0,100.0,0.0
5297,75195782,75196282,500,0,100.0,0.0
5298,75196282,75196782,500,0,100.0,0.0
5299,75196782,75197282,500,0,100.0,0.0
5300,75197282,75197782,500,0,100.0,0.0
5301,75197782,75198282,500,0,100.0,0.0
5302,75198282,75198782,500,0,100.0,0.0
5303,75198782,75199282,500,0,100.0,0.0
5304,75199282,75199782,500,0,100.0,0.0
5305,75199782,75200282,500,0,100.0,0.0
5306,75200282,75200782,500,0,100.0,0.0
5307,75200782,75201282,500,0,100.0,0.0
5308,75201282,75201782,500,0,100.0,0.0
5309,75201782,75202282,500,0,100.0,0.0
5310,75202282,75202782,500,0,100.0,0.0
5311,75202782,75203282,500,0,100.0,0.0
5312,75203282,75203782,298,202,59.599999999999994,40.400000000000006
5313,75203782,75204282,7,493,1.4000000000000001,98.6
5314,75204282,75204782,45,455,9.0,91.0
5315,75204782,75205282,360,140,72.0,28.0
5316,75205282,75205782,500,0,100.0,0.0
5317,75205782,75206282,500,0,100.0,0.0
5318,75206282,75206782,500,0,100.0,0.0
5319,75206782,75207282,500,0,100.0,0.0
5320,75207282,75207782,500,0,100.0,0.0
5321,75207782,75208282,500,0,100.0,0.0
5322,75208282,75208782,500,0,100.0,0.0
5323,75208782,75209282,500,0,100.0,0.0
5324,75209282,75209782,500,0,100.0,0.0
5325,75209782,75210282,500,0,100.0,0.0
5326,75210282,75210782,500,0,100.0,0.0
5327,75210782,75211282,500,0,100.0,0.0
5328,75211282,75211782,500,0,100.0,0.0
5329,75211782,75212282,500,0,100.0,0.0
5330,75212282,75212782,500,0,100.0,0.0
5331,75212782,75213282,500,0,100.0,0.0
5332,75213282,75213782,500,0,100.0,0.0
5333,75213782,75214282,500,0,100.0,0.0
5334,75214282,75214782,500,0,100.0,0.0
5335,75214782,75215282,500,0,100.0,0.0
5336,75215282,75215782,500,0,100.0,0.0
5337,75215782,75216282,500,0,100.0,0.0
5338,75216282,75216782,500,0,100.0,0.0
5339,75216782,75217282,500,0,100.0,0.0
5340,75217282,75217782,500,0,100.0,0.0
5341,75217782,75218282,500,0,100.0,0.0
5342,75218282,75218782,500,0,100.0,0.0
5343,75218782,75219282,500,0,100.0,0.0
5344,75219282,75219782,500,0,100.0,0.0
5345,75219782,75220282,422,78,84.39999999999999,15.600000000000009
5346,75220282,75220782,8,492,1.6,98.4
5347,75220782,75221282,62,438,12.4,87.6
5348,75221282,75221782,216,284,43.2,56.8
5349,75221782,75222282,500,0,100.0,0.0
5350,75222282,75222782,500,0,100.0,0.0
5351,75222782,75223282,500,0,100.0,0.0
5352,75223282,75223782,500,0,100.0,0.0
5353,75223782,75224282,500,0,100.0,0.0
5354,75224282,75224782,500,0,100.0,0.0
5355,75224782,75225282,500,0,100.0,0.0
5356,75225282,75225782,500,0,100.0,0.0
5357,75225782,75226282,500,0,100.0,0.0
5358,75226282,75226782,500,0,100.0,0.0
5359,75226782,75227282,500,0,100.0,0.0
5360,75227282,75227782,500,0,100.0,0.0
5361,75227782,75228282,500,0,100.0,0.0
5362,75228282,75228782,500,0,100.0,0.0
5363,75228782,75229282,500,0,100.0,0.0
5364,75229282,75229782,500,0,100.0,0.0
5365,75229782,75230282,500,0,100.0,0.0
5366,75230282,75230782,500,0,100.0,0.0
5367,75230782,75231282,500,0,100.0,0.0
5368,75231282,75231782,500,0,100.0,0.0
5369,75231782,75232282,500,0,100.0,0.0
5370,75232282,75232782,500,0,100.0,0.0
5371,75232782,75233282,500,0,100.0,0.0
5372,75233282,75233782,500,0,100.0,0.0
5373,75233782,75234282,500,0,100.0,0.0
5374,75234282,75234782,500,0,100.0,0.0
5375,75234782,75235282,500,0,100.0,0.0
5376,75235282,75235782,500,0,100.0,0.0
5377,75235782,75236282,196,304,39.2,60.8
5378,75236282,75236782,7,493,1.4000000000000001,98.6
5379,75236782,75237282,51,449,10.2,89.8
5380,75237282,75237782,363,137,72.6,27.400000000000006
5381,75237782,75238282,500,0,100.0,0.0
5382,75238282,75238782,500,0,100.0,0.0
5383,75238782,75239282,500,0,100.0,0.0
5384,75239282,75239782,500,0,100.0,0.0
5385,75239782,75240282,500,0,100.0,0.0
5386,75240282,75240782,500,0,100.0,0.0
5387,75240782,75241282,500,0,100.0,0.0
5388,75241282,75241782,500,0,100.0,0.0
5389,75241782,75242282,500,0,100.0,0.0
5390,75242282,75242782,500,0,100.0,0.0
5391,75242782,75243282,500,0,100.0,0.0
5392,75243282,75243782,500,0,100.0,0.0
5393,75243782,75244282,500,0,100.0,0.0
5394,75244282,75244782,500,0,100.0,0.0
5395,75244782,75245282,500,0,100.0,0.0
5396,75245282,75245782,500,0,100.0,0.0
5397,75245782,75246282,500,0,100.0,0.0
5398,75246282,75246782,500,0,100.0,0.0
5399,75246782,75247282,500,0,100.0,0.0
5400,75247282,75247782,500,0,100.0,0.0
5401,75247782,75248282,500,0,100.0,0.0
5402,75248282,75248782,500,0,100.0,0.0
5403,75248782,75249282,500,0,100.0,0.0
5404,75249282,75249782,500,0,100.0,0.0
5405,75249782,75250282,500,0,100.0,0.0
5406,75250282,75250782,500,0,100.0,0.0
5407,75250782,75251282,500,0,100.0,0.0
5408,75251282,75251782,500,0,100.0,0.0
5409,75251782,75252282,500,0,100.0,0.0
5410,75252282,75252782,500,0,100.0,0.0
5411,75252782,75253282,38,462,7.6,92.4
5412,75253282,75253782,53,447,10.6,89.4
5413,75253782,75254282,16,484,3.2,96.8
5414,75254282,75254782,500,0,100.0,0.0
5415,75254782,75255282,500,0,100.0,0.0
5416,75255282,75255782,500,0,100.0,0.0
5417,75255782,75256282,500,0,100.0,0.0
5418,75256282,75256782,500,0,100.0,0.0
5419,75256782,75257282,500,0,100.0,0.0
5420,75257282,75257782,500,0,100.0,0.0
5421,75257782,75258282,500,0,100.0,0.0
5422,75258282,75258782,500,0,100.0,0.0
5423,75258782,75259282,500,0,100.0,0.0
5424,75259282,75259782,500,0,100.0,0.0
5425,75259782,75260282,500,0,100.0,0.0
5426,75260282,75260782,500,0,100.0,0.0
5427,75260782,75261282,500,0,100.0,0.0
5428,75261282,75261782,500,0,100.0,0.0
5429,75261782,75262282,500,0,100.0,0.0
5430,75262282,75262782,500,0,100.0,0.0
5431,75262782,75263282,500,0,100.0,0.0
5432,75263282,75263782,500,0,100.0,0.0
5433,75263782,75264282,500,0,100.0,0.0
5434,75264282,75264782,500,0,100.0,0.0
5435,75264782,75265282,500,0,100.0,0.0
5436,75265282,75265782,500,0,100.0,0.0
5437,75265782,75266282,500,0,100.0,0.0
5438,75266282,75266782,500,0,100.0,0.0
5439,75266782,75267282,500,0,100.0,0.0
5440,75267282,75267782,500,0,100.0,0.0
5441,75267782,75268282,500,0,100.0,0.0
5442,75268282,75268782,429,71,85.8,14.200000000000003
5443,75268782,75269282,7,493,1.4000000000000001,98.6
5444,75269282,75269782,50,450,10.0,90.0
5445,75269782,75270282,112,388,22.400000000000002,77.6
5446,75270282,75270782,500,0,100.0,0.0
5447,75270782,75271282,500,0,100.0,0.0
5448,75271282,75271782,500,0,100.0,0.0
5449,75271782,75272282,500,0,100.0,0.0
5450,75272282,75272782,500,0,100.0,0.0
5451,75272782,75273282,500,0,100.0,0.0
5452,75273282,75273782,500,0,100.0,0.0
5453,75273782,75274282,500,0,100.0,0.0
5454,75274282,75274782,500,0,100.0,0.0
5455,75274782,75275282,500,0,100.0,0.0
5456,75275282,75275782,500,0,100.0,0.0
5457,75275782,75276282,500,0,100.0,0.0
5458,75276282,75276782,500,0,100.0,0.0
5459,75276782,75277282,500,0,100.0,0.0
5460,75277282,75277782,500,0,100.0,0.0
5461,75277782,75278282,500,0,100.0,0.0
5462,75278282,75278782,500,0,100.0,0.0
5463,75278782,75279282,500,0,100.0,0.0
5464,75279282,75279782,500,0,100.0,0.0
5465,75279782,75280282,500,0,100.0,0.0
5466,75280282,75280782,500,0,100.0,0.0
5467,75280782,75281282,500,0,100.0,0.0
5468,75281282,75281782,500,0,100.0,0.0
5469,75281782,75282282,500,0,100.0,0.0
5470,75282282,75282782,500,0,100.0,0.0
5471,75282782,75283282,500,0,100.0,0.0
5472,75283282,75283782,500,0,100.0,0.0
5473,75283782,75284282,500,0,100.0,0.0
5474,75284282,75284782,500,0,100.0,0.0
5475,75284782,75285282,72,428,14.399999999999999,85.6
5476,75285282,75285782,52,448,10.4,89.6
5477,75285782,75286282,6,494,1.2,98.8
5478,75286282,75286782,453,47,90.60000000000001,9.399999999999991
5479,75286782,75287282,500,0,100.0,0.0
5480,75287282,75287782,500,0,100.0,0.0
5481,75287782,75288282,500,0,100.0,0.0
5482,75288282,75288782,500,0,100.0,0.0
5483,75288782,75289282,500,0,100.0,0.0
5484,75289282,75289782,500,0,100.0,0.0
5485,75289782,75290282,500,0,100.0,0.0
5486,75290282,75290782,500,0,100.0,0.0
5487,75290782,75291282,500,0,100.0,0.0
5488,75291282,75291782,500,0,100.0,0.0
5489,75291782,75292282,500,0,100.0,0.0
5490,75292282,75292782,500,0,100.0,0.0
5491,75292782,75293282,500,0,100.0,0.0
5492,75293282,75293782,500,0,100.0,0.0
5493,75293782,75294282,500,0,100.0,0.0
5494,75294282,75294782,500,0,100.0,0.0
5495,75294782,75295282,500,0,100.0,0.0
5496,75295282,75295782,500,0,100.0,0.0
5497,75295782,75296282,500,0,100.0,0.0
5498,75296282,75296782,500,0,100.0,0.0
5499,75296782,75297282,500,0,100.0,0.0
5500,75297282,75297782,500,0,100.0,0.0
5501,75297782,75298282,500,0,100.0,0.0
5502,75298282,75298782,500,0,100.0,0.0
5503,75298782,75299282,500,0,100.0,0.0
5504,75299282,75299782,500,0,100.0,0.0
5505,75299782,75300282,500,0,100.0,0.0
5506,75300282,75300782,500,0,100.0,0.0
5507,75300782,75301282,500,0,100.0,0.0
5508,75301282,75301782,177,323,35.4,64.6
5509,75301782,75302282,6,494,1.2,98.8
5510,75302282,75302782,59,441,11.799999999999999,88.2
5511,75302782,75303282,430,70,86.0,14.0
5512,75303282,75303782,500,0,100.0,0.0
5513,75303782,75304282,500,0,100.0,0.0
5514,75304282,75304782,500,0,100.0,0.0
5515,75304782,75305282,500,0,100.0,0.0
5516,75305282,75305782,500,0,100.0,0.0
5517,75305782,75306282,500,0,100.0,0.0
5518,75306282,75306782,500,0,100.0,0.0
5519,75306782,75307282,500,0,100.0,0.0
5520,75307282,75307782,500,0,100.0,0.0
5521,75307782,75308282,500,0,100.0,0.0
5522,75308282,75308782,500,0,100.0,0.0
5523,75308782,75309282,500,0,100.0,0.0
5524,75309282,75309782,500,0,100.0,0.0
5525,75309782,75310282,500,0,100.0,0.0
5526,75310282,75310782,500,0,100.0,0.0
5527,75310782,75311282,500,0,100.0,0.0
5528,75311282,75311782,500,0,100.0,0.0
5529,75311782,75312282,500,0,100.0,0.0
5530,75312282,75312782,500,0,100.0,0.0
5531,75312782,75313282,500,0,100.0,0.0
5532,75313282,75313782,500,0,100.0,0.0
5533,75313782,75314282,500,0,100.0,0.0
5534,75314282,75314782,500,0,100.0,0.0
5535,75314782,75315282,500,0,100.0,0.0
5536,75315282,75315782,500,0,100.0,0.0
5537,75315782,75316282,500,0,100.0,0.0
5538,75316282,75316782,500,0,100.0,0.0
5539,75316782,75317282,332,168,66.4,33.599999999999994
5540,75317282,75317782,9,491,1.7999999999999998,98.2
5541,75317782,75318282,117,383,23.400000000000002,76.6
5542,75318282,75318782,257,243,51.4,48.6
5543,75318782,75319282,500,0,100.0,0.0
5544,75319282,75319782,500,0,100.0,0.0
5545,75319782,75320282,500,0,100.0,0.0
5546,75320282,75320782,500,0,100.0,0.0
5547,75320782,75321282,500,0,100.0,0.0
5548,75321282,75321782,500,0,100.0,0.0
5549,75321782,75322282,500,0,100.0,0.0
5550,75322282,75322782,500,0,100.0,0.0
5551,75322782,75323282,500,0,100.0,0.0
5552,75323282,75323782,500,0,100.0,0.0
5553,75323782,75324282,500,0,100.0,0.0
5554,75324282,75324782,500,0,100.0,0.0
5555,75324782,75325282,500,0,100.0,0.0
5556,75325282,75325782,500,0,100.0,0.0
5557,75325782,75326282,500,0,100.0,0.0
5558,75326282,75326782,500,0,100.0,0.0
5559,75326782,75327282,500,0,100.0,0.0
5560,75327282,75327782,500,0,100.0,0.0
5561,75327782,75328282,500,0,100.0,0.0
5562,75328282,75328782,500,0,100.0,0.0
5563,75328782,75329282,500,0,100.0,0.0
5564,75329282,75329782,500,0,100.0,0.0
5565,75329782,75330282,500,0,100.0,0.0
5566,75330282,75330782,500,0,100.0,0.0
5567,75330782,75331282,500,0,100.0,0.0
5568,75331282,75331782,500,0,100.0,0.0
5569,75331782,75332282,500,0,100.0,0.0
5570,75332282,75332782,365,135,73.0,27.0
5571,75332782,75333282,7,493,1.4000000000000001,98.6
5572,75333282,75333782,50,450,10.0,90.0
5573,75333782,75334282,234,266,46.800000000000004,53.199999999999996
5574,75334282,75334782,500,0,100.0,0.0
5575,75334782,75335282,500,0,100.0,0.0
5576,75335282,75335782,500,0,100.0,0.0
5577,75335782,75336282,500,0,100.0,0.0
5578,75336282,75336782,500,0,100.0,0.0
5579,75336782,75337282,500,0,100.0,0.0
5580,75337282,75337782,500,0,100.0,0.0
5581,75337782,75338282,500,0,100.0,0.0
5582,75338282,75338782,500,0,100.0,0.0
5583,75338782,75339282,500,0,100.0,0.0
5584,75339282,75339782,500,0,100.0,0.0
5585,75339782,75340282,500,0,100.0,0.0
5586,75340282,75340782,500,0,100.0,0.0
5587,75340782,75341282,500,0,100.0,0.0
5588,75341282,75341782,500,0,100.0,0.0
5589,75341782,75342282,500,0,100.0,0.0
5590,75342282,75342782,500,0,100.0,0.0
5591,75342782,75343282,500,0,100.0,0.0
5592,75343282,75343782,500,0,100.0,0.0
5593,75343782,75344282,500,0,100.0,0.0
5594,75344282,75344782,500,0,100.0,0.0
5595,75344782,75345282,500,0,100.0,0.0
5596,75345282,75345782,500,0,100.0,0.0
5597,75345782,75346282,500,0,100.0,0.0
5598,75346282,75346782,500,0,100.0,0.0
5599,75346782,75347282,500,0,100.0,0.0
5600,75347282,75347782,500,0,100.0,0.0
5601,75347782,75348282,500,0,100.0,0.0
5602,75348282,75348782,500,0,100.0,0.0
5603,75348782,75349282,33,467,6.6000000000000005,93.4
5604,75349282,75349782,60,440,12.0,88.0
5605,75349782,75350282,22,478,4.3999999999999995,95.6
5606,75350282,75350782,500,0,100.0,0.0
5607,75350782,75351282,500,0,100.0,0.0
5608,75351282,75351782,500,0,100.0,0.0
5609,75351782,75352282,500,0,100.0,0.0
5610,75352282,75352782,500,0,100.0,0.0
5611,75352782,75353282,500,0,100.0,0.0
5612,75353282,75353782,500,0,100.0,0.0
5613,75353782,75354282,500,0,100.0,0.0
5614,75354282,75354782,500,0,100.0,0.0
5615,75354782,75355282,500,0,100.0,0.0
5616,75355282,75355782,500,0,100.0,0.0
5617,75355782,75356282,500,0,100.0,0.0
5618,75356282,75356782,500,0,100.0,0.0
5619,75356782,75357282,500,0,100.0,0.0
5620,75357282,75357782,500,0,100.0,0.0
5621,75357782,75358282,500,0,100.0,0.0
5622,75358282,75358782,500,0,100.0,0.0
5623,75358782,75359282,500,0,100.0,0.0
5624,75359282,75359782,500,0,100.0,0.0
5625,75359782,75360282,500,0,100.0,0.0
5626,75360282,75360782,500,0,100.0,0.0
5627,75360782,75361282,500,0,100.0,0.0
5628,75361282,75361782,500,0,100.0,0.0
5629,75361782,75362282,500,0,100.0,0.0
5630,75362282,75362782,500,0,100.0,0.0
5631,75362782,75363282,500,0,100.0,0.0
5632,75363282,75363782,500,0,100.0,0.0
5633,75363782,75364282,500,0,100.0,0.0
5634,75364282,75364782,500,0,100.0,0.0
5635,75364782,75365282,500,0,100.0,0.0
5636,75365282,75365782,500,0,100.0,0.0
5637,75365782,75366282,500,0,100.0,0.0
5638,75366282,75366782,218,282,43.6,56.4
5639,75366782,75367282,6,494,1.2,98.8
5640,75367282,75367782,71,429,14.2,85.8
5641,75367782,75368282,345,155,69.0,31.0
5642,75368282,75368782,500,0,100.0,0.0
5643,75368782,75369282,500,0,100.0,0.0
5644,75369282,75369782,500,0,100.0,0.0
5645,75369782,75370282,500,0,100.0,0.0
5646,75370282,75370782,500,0,100.0,0.0
5647,75370782,75371282,500,0,100.0,0.0
5648,75371282,75371782,500,0,100.0,0.0
5649,75371782,75372282,500,0,100.0,0.0
5650,75372282,75372782,500,0,100.0,0.0
5651,75372782,75373282,500,0,100.0,0.0
5652,75373282,75373782,500,0,100.0,0.0
5653,75373782,75374282,500,0,100.0,0.0
5654,75374282,75374782,500,0,100.0,0.0
5655,75374782,75375282,500,0,100.0,0.0
5656,75375282,75375782,500,0,100.0,0.0
5657,75375782,75376282,500,0,100.0,0.0
5658,75376282,75376782,500,0,100.0,0.0
5659,75376782,75377282,500,0,100.0,0.0
5660,75377282,75377782,500,0,100.0,0.0
5661,75377782,75378282,500,0,100.0,0.0
5662,75378282,75378782,500,0,100.0,0.0
5663,75378782,75379282,500,0,100.0,0.0
5664,75379282,75379782,500,0,100.0,0.0
5665,75379782,75380282,500,0,100.0,0.0
5666,75380282,75380782,500,0,100.0,0.0
5667,75380782,75381282,500,0,100.0,0.0
5668,75381282,75381782,500,0,100.0,0.0
5669,75381782,75382282,500,0,100.0,0.0
5670,75382282,75382782,500,0,100.0,0.0
5671,75382782,75383282,500,0,100.0,0.0
5672,75383282,75383782,500,0,100.0,0.0
5673,75383782,75384282,500,0,100.0,0.0
5674,75384282,75384782,500,0,100.0,0.0
5675,75384782,75385282,20,480,4.0,96.0
5676,75385282,75385782,63,437,12.6,87.4
5677,75385782,75386282,111,389,22.2,77.8
5678,75386282,75386782,500,0,100.0,0.0
5679,75386782,75387282,500,0,100.0,0.0
5680,75387282,75387782,500,0,100.0,0.0
5681,75387782,75388282,500,0,100.0,0.0
5682,75388282,75388782,500,0,100.0,0.0
5683,75388782,75389282,500,0,100.0,0.0
5684,75389282,75389782,500,0,100.0,0.0
5685,75389782,75390282,500,0,100.0,0.0
5686,75390282,75390782,500,0,100.0,0.0
5687,75390782,75391282,500,0,100.0,0.0
5688,75391282,75391782,500,0,100.0,0.0
5689,75391782,75392282,500,0,100.0,0.0
5690,75392282,75392782,500,0,100.0,0.0
5691,75392782,75393282,500,0,100.0,0.0
5692,75393282,75393782,500,0,100.0,0.0
5693,75393782,75394282,500,0,100.0,0.0
5694,75394282,75394782,500,0,100.0,0.0
5695,75394782,75395282,500,0,100.0,0.0
5696,75395282,75395782,500,0,100.0,0.0
5697,75395782,75396282,500,0,100.0,0.0
5698,75396282,75396782,500,0,100.0,0.0
5699,75396782,75397282,500,0,100.0,0.0
5700,75397282,75397782,500,0,100.0,0.0
5701,75397782,75398282,500,0,100.0,0.0
5702,75398282,75398782,500,0,100.0,0.0
5703,75398782,75399282,500,0,100.0,0.0
5704,75399282,75399782,364,136,72.8,27.200000000000003
5705,75399782,75400282,8,492,1.6,98.4
5706,75400282,75400782,88,412,17.599999999999998,82.4
5707,75400782,75401282,394,106,78.8,21.200000000000003
5708,75401282,75401782,500,0,100.0,0.0
5709,75401782,75402282,500,0,100.0,0.0
5710,75402282,75402782,500,0,100.0,0.0
5711,75402782,75403282,500,0,100.0,0.0
5712,75403282,75403782,500,0,100.0,0.0
5713,75403782,75404282,500,0,100.0,0.0
5714,75404282,75404782,500,0,100.0,0.0
5715,75404782,75405282,500,0,100.0,0.0
5716,75405282,75405782,500,0,100.0,0.0
5717,75405782,75406282,500,0,100.0,0.0
5718,75406282,75406782,500,0,100.0,0.0
5719,75406782,75407282,500,0,100.0,0.0
5720,75407282,75407782,500,0,100.0,0.0
5721,75407782,75408282,500,0,100.0,0.0
5722,75408282,75408782,500,0,100.0,0.0
5723,75408782,75409282,500,0,100.0,0.0
5724,75409282,75409782,500,0,100.0,0.0
5725,75409782,75410282,500,0,100.0,0.0
5726,75410282,75410782,500,0,100.0,0.0
5727,75410782,75411282,500,0,100.0,0.0
5728,75411282,75411782,500,0,100.0,0.0
5729,75411782,75412282,500,0,100.0,0.0
5730,75412282,75412782,500,0,100.0,0.0
5731,75412782,75413282,500,0,100.0,0.0
5732,75413282,75413782,29,471,5.800000000000001,94.2
5733,75413782,75414282,60,440,12.0,88.0
5734,75414282,75414782,302,198,60.4,39.6
5735,75414782,75415282,500,0,100.0,0.0
5736,75415282,75415782,500,0,100.0,0.0
5737,75415782,75416282,500,0,100.0,0.0
5738,75416282,75416782,500,0,100.0,0.0
5739,75416782,75417282,500,0,100.0,0.0
5740,75417282,75417782,500,0,100.0,0.0
5741,75417782,75418282,500,0,100.0,0.0
5742,75418282,75418782,500,0,100.0,0.0
5743,75418782,75419282,500,0,100.0,0.0
5744,75419282,75419782,500,0,100.0,0.0
5745,75419782,75420282,500,0,100.0,0.0
5746,75420282,75420782,500,0,100.0,0.0
5747,75420782,75421282,500,0,100.0,0.0
5748,75421282,75421782,500,0,100.0,0.0
5749,75421782,75422282,500,0,100.0,0.0
5750,75422282,75422782,500,0,100.0,0.0
5751,75422782,75423282,500,0,100.0,0.0
5752,75423282,75423782,500,0,100.0,0.0
5753,75423782,75424282,500,0,100.0,0.0
5754,75424282,75424782,500,0,100.0,0.0
5755,75424782,75425282,500,0,100.0,0.0
5756,75425282,75425782,500,0,100.0,0.0
5757,75425782,75426282,500,0,100.0,0.0
5758,75426282,75426782,418,82,83.6,16.400000000000006
5759,75426782,75427282,9,491,1.7999999999999998,98.2
5760,75427282,75427782,44,456,8.799999999999999,91.2
5761,75427782,75428282,457,43,91.4,8.599999999999994
5762,75428282,75428782,500,0,100.0,0.0
5763,75428782,75429282,500,0,100.0,0.0
5764,75429282,75429782,500,0,100.0,0.0
5765,75429782,75430282,500,0,100.0,0.0
5766,75430282,75430782,500,0,100.0,0.0
5767,75430782,75431282,500,0,100.0,0.0
5768,75431282,75431782,500,0,100.0,0.0
5769,75431782,75432282,500,0,100.0,0.0
5770,75432282,75432782,500,0,100.0,0.0
5771,75432782,75433282,500,0,100.0,0.0
5772,75433282,75433782,500,0,100.0,0.0
5773,75433782,75434282,500,0,100.0,0.0
5774,75434282,75434782,500,0,100.0,0.0
5775,75434782,75435282,500,0,100.0,0.0
5776,75435282,75435782,500,0,100.0,0.0
5777,75435782,75436282,500,0,100.0,0.0
5778,75436282,75436782,500,0,100.0,0.0
5779,75436782,75437282,500,0,100.0,0.0
5780,75437282,75437782,500,0,100.0,0.0
5781,75437782,75438282,500,0,100.0,0.0
5782,75438282,75438782,500,0,100.0,0.0
5783,75438782,75439282,500,0,100.0,0.0
5784,75439282,75439782,500,0,100.0,0.0
5785,75439782,75440282,500,0,100.0,0.0
5786,75440282,75440782,242,258,48.4,51.6
5787,75440782,75441282,7,493,1.4000000000000001,98.6
5788,75441282,75441782,53,447,10.6,89.4
5789,75441782,75442282,483,17,96.6,3.4000000000000057
5790,75442282,75442782,500,0,100.0,0.0
5791,75442782,75443282,500,0,100.0,0.0
5792,75443282,75443782,500,0,100.0,0.0
5793,75443782,75444282,500,0,100.0,0.0
5794,75444282,75444782,500,0,100.0,0.0
5795,75444782,75445282,500,0,100.0,0.0
5796,75445282,75445782,500,0,100.0,0.0
5797,75445782,75446282,500,0,100.0,0.0
5798,75446282,75446782,500,0,100.0,0.0
5799,75446782,75447282,500,0,100.0,0.0
5800,75447282,75447782,500,0,100.0,0.0
5801,75447782,75448282,500,0,100.0,0.0
5802,75448282,75448782,500,0,100.0,0.0
5803,75448782,75449282,500,0,100.0,0.0
5804,75449282,75449782,500,0,100.0,0.0
5805,75449782,75450282,500,0,100.0,0.0
5806,75450282,75450782,500,0,100.0,0.0
5807,75450782,75451282,500,0,100.0,0.0
5808,75451282,75451782,500,0,100.0,0.0
5809,75451782,75452282,500,0,100.0,0.0
5810,75452282,75452782,500,0,100.0,0.0
5811,75452782,75453282,500,0,100.0,0.0
5812,75453282,75453782,500,0,100.0,0.0
5813,75453782,75454282,500,0,100.0,0.0
5814,75454282,75454782,407,93,81.39999999999999,18.60000000000001
5815,75454782,75455282,7,493,1.4000000000000001,98.6
5816,75455282,75455782,75,425,15.0,85.0
5817,75455782,75456282,143,357,28.599999999999998,71.4
5818,75456282,75456782,500,0,100.0,0.0
5819,75456782,75457282,500,0,100.0,0.0
5820,75457282,75457782,500,0,100.0,0.0
5821,75457782,75458282,500,0,100.0,0.0
5822,75458282,75458782,500,0,100.0,0.0
5823,75458782,75459282,500,0,100.0,0.0
5824,75459282,75459782,500,0,100.0,0.0
5825,75459782,75460282,500,0,100.0,0.0
5826,75460282,75460782,500,0,100.0,0.0
5827,75460782,75461282,500,0,100.0,0.0
5828,75461282,75461782,500,0,100.0,0.0
5829,75461782,75462282,500,0,100.0,0.0
5830,75462282,75462782,500,0,100.0,0.0
5831,75462782,75463282,500,0,100.0,0.0
5832,75463282,75463782,500,0,100.0,0.0
5833,75463782,75464282,500,0,100.0,0.0
5834,75464282,75464782,500,0,100.0,0.0
5835,75464782,75465282,500,0,100.0,0.0
5836,75465282,75465782,500,0,100.0,0.0
5837,75465782,75466282,500,0,100.0,0.0
5838,75466282,75466782,500,0,100.0,0.0
5839,75466782,75467282,500,0,100.0,0.0
5840,75467282,75467782,500,0,100.0,0.0
5841,75467782,75468282,500,0,100.0,0.0
5842,75468282,75468782,500,0,100.0,0.0
5843,75468782,75469282,500,0,100.0,0.0
5844,75469282,75469782,500,0,100.0,0.0
5845,75469782,75470282,362,138,72.39999999999999,27.60000000000001
5846,75470282,75470782,9,491,1.7999999999999998,98.2
5847,75470782,75471282,74,426,14.799999999999999,85.2
5848,75471282,75471782,353,147,70.6,29.400000000000006
5849,75471782,75472282,500,0,100.0,0.0
5850,75472282,75472782,500,0,100.0,0.0
5851,75472782,75473282,500,0,100.0,0.0
5852,75473282,75473782,500,0,100.0,0.0
5853,75473782,75474282,500,0,100.0,0.0
5854,75474282,75474782,500,0,100.0,0.0
5855,75474782,75475282,500,0,100.0,0.0
5856,75475282,75475782,500,0,100.0,0.0
5857,75475782,75476282,500,0,100.0,0.0
5858,75476282,75476782,500,0,100.0,0.0
5859,75476782,75477282,500,0,100.0,0.0
5860,75477282,75477782,500,0,100.0,0.0
5861,75477782,75478282,500,0,100.0,0.0
5862,75478282,75478782,500,0,100.0,0.0
5863,75478782,75479282,500,0,100.0,0.0
5864,75479282,75479782,500,0,100.0,0.0
5865,75479782,75480282,500,0,100.0,0.0
5866,75480282,75480782,500,0,100.0,0.0
5867,75480782,75481282,500,0,100.0,0.0
5868,75481282,75481782,500,0,100.0,0.0
5869,75481782,75482282,500,0,100.0,0.0
5870,75482282,75482782,500,0,100.0,0.0
5871,75482782,75483282,500,0,100.0,0.0
5872,75483282,75483782,500,0,100.0,0.0
5873,75483782,75484282,500,0,100.0,0.0
5874,75484282,75484782,113,387,22.6,77.4
5875,75484782,75485282,59,441,11.799999999999999,88.2
5876,75485282,75485782,113,387,22.6,77.4
5877,75485782,75486282,500,0,100.0,0.0
5878,75486282,75486782,500,0,100.0,0.0
5879,75486782,75487282,500,0,100.0,0.0
5880,75487282,75487782,500,0,100.0,0.0
5881,75487782,75488282,500,0,100.0,0.0
5882,75488282,75488782,500,0,100.0,0.0
5883,75488782,75489282,500,0,100.0,0.0
5884,75489282,75489782,500,0,100.0,0.0
5885,75489782,75490282,500,0,100.0,0.0
5886,75490282,75490782,500,0,100.0,0.0
5887,75490782,75491282,500,0,100.0,0.0
5888,75491282,75491782,500,0,100.0,0.0
5889,75491782,75492282,500,0,100.0,0.0
5890,75492282,75492782,500,0,100.0,0.0
5891,75492782,75493282,500,0,100.0,0.0
5892,75493282,75493782,500,0,100.0,0.0
5893,75493782,75494282,500,0,100.0,0.0
5894,75494282,75494782,500,0,100.0,0.0
5895,75494782,75495282,500,0,100.0,0.0
5896,75495282,75495782,500,0,100.0,0.0
5897,75495782,75496282,500,0,100.0,0.0
5898,75496282,75496782,500,0,100.0,0.0
5899,75496782,75497282,500,0,100.0,0.0
5900,75497282,75497782,500,0,100.0,0.0
5901,75497782,75498282,500,0,100.0,0.0
5902,75498282,75498782,500,0,100.0,0.0
5903,75498782,75499282,500,0,100.0,0.0
5904,75499282,75499782,500,0,100.0,0.0
5905,75499782,75500282,500,0,100.0,0.0
5906,75500282,75500782,500,0,100.0,0.0
5907,75500782,75501282,500,0,100.0,0.0
5908,75501282,75501782,500,0,100.0,0.0
5909,75501782,75502282,500,0,100.0,0.0
5910,75502282,75502782,500,0,100.0,0.0
5911,75502782,75503282,500,0,100.0,0.0
5912,75503282,75503782,500,0,100.0,0.0
5913,75503782,75504282,500,0,100.0,0.0
5914,75504282,75504782,500,0,100.0,0.0
5915,75504782,75505282,500,0,100.0,0.0
5916,75505282,75505782,500,0,100.0,0.0
5917,75505782,75506282,500,0,100.0,0.0
5918,75506282,75506782,500,0,100.0,0.0
5919,75506782,75507282,500,0,100.0,0.0
5920,75507282,75507782,500,0,100.0,0.0
5921,75507782,75508282,500,0,100.0,0.0
5922,75508282,75508782,500,0,100.0,0.0
5923,75508782,75509282,500,0,100.0,0.0
5924,75509282,75509782,500,0,100.0,0.0
5925,75509782,75510282,500,0,100.0,0.0
5926,75510282,75510782,500,0,100.0,0.0
5927,75510782,75511282,500,0,100.0,0.0
5928,75511282,75511782,500,0,100.0,0.0
5929,75511782,75512282,500,0,100.0,0.0
5930,75512282,75512782,500,0,100.0,0.0
5931,75512782,75513282,500,0,100.0,0.0
5932,75513282,75513782,500,0,100.0,0.0
5933,75513782,75514282,500,0,100.0,0.0
5934,75514282,75514782,500,0,100.0,0.0
5935,75514782,75515282,500,0,100.0,0.0
5936,75515282,75515782,500,0,100.0,0.0
5937,75515782,75516282,500,0,100.0,0.0
5938,75516282,75516782,500,0,100.0,0.0
5939,75516782,75517282,500,0,100.0,0.0
5940,75517282,75517782,500,0,100.0,0.0
5941,75517782,75518282,500,0,100.0,0.0
5942,75518282,75518782,500,0,100.0,0.0
5943,75518782,75519282,500,0,100.0,0.0
5944,75519282,75519782,500,0,100.0,0.0
5945,75519782,75520282,500,0,100.0,0.0
5946,75520282,75520782,500,0,100.0,0.0
5947,75520782,75521282,500,0,100.0,0.0
5948,75521282,75521782,500,0,100.0,0.0
5949,75521782,75522282,500,0,100.0,0.0
5950,75522282,75522782,500,0,100.0,0.0
5951,75522782,75523282,500,0,100.0,0.0
5952,75523282,75523782,500,0,100.0,0.0
5953,75523782,75524282,500,0,100.0,0.0
5954,75524282,75524782,500,0,100.0,0.0
5955,75524782,75525282,500,0,100.0,0.0
5956,75525282,75525782,500,0,100.0,0.0
5957,75525782,75526282,500,0,100.0,0.0
5958,75526282,75526782,500,0,100.0,0.0
5959,75526782,75527282,500,0,100.0,0.0
5960,75527282,75527782,500,0,100.0,0.0
5961,75527782,75528282,500,0,100.0,0.0
5962,75528282,75528782,500,0,100.0,0.0
5963,75528782,75529282,500,0,100.0,0.0
5964,75529282,75529782,500,0,100.0,0.0
5965,75529782,75530282,500,0,100.0,0.0
5966,75530282,75530782,500,0,100.0,0.0
5967,75530782,75531282,500,0,100.0,0.0
5968,75531282,75531782,500,0,100.0,0.0
5969,75531782,75532282,500,0,100.0,0.0
5970,75532282,75532782,500,0,100.0,0.0
5971,75532782,75533282,500,0,100.0,0.0
5972,75533282,75533782,500,0,100.0,0.0
5973,75533782,75534282,500,0,100.0,0.0
5974,75534282,75534782,500,0,100.0,0.0
5975,75534782,75535282,500,0,100.0,0.0
5976,75535282,75535782,500,0,100.0,0.0
5977,75535782,75536282,500,0,100.0,0.0
5978,75536282,75536782,500,0,100.0,0.0
5979,75536782,75537282,500,0,100.0,0.0
5980,75537282,75537782,500,0,100.0,0.0
5981,75537782,75538282,500,0,100.0,0.0
5982,75538282,75538782,500,0,100.0,0.0
5983,75538782,75539282,500,0,100.0,0.0
5984,75539282,75539782,500,0,100.0,0.0
5985,75539782,75540282,500,0,100.0,0.0
5986,75540282,75540782,500,0,100.0,0.0
5987,75540782,75541282,500,0,100.0,0.0
5988,75541282,75541782,500,0,100.0,0.0
5989,75541782,75542282,500,0,100.0,0.0
5990,75542282,75542782,500,0,100.0,0.0
5991,75542782,75543282,500,0,100.0,0.0
5992,75543282,75543782,500,0,100.0,0.0
5993,75543782,75544282,500,0,100.0,0.0
5994,75544282,75544782,500,0,100.0,0.0
5995,75544782,75545282,500,0,100.0,0.0
5996,75545282,75545782,500,0,100.0,0.0
5997,75545782,75546282,500,0,100.0,0.0
5998,75546282,75546782,500,0,100.0,0.0
5999,75546782,75547282,500,0,100.0,0.0
6000,75547282,75547782,500,0,100.0,0.0
6001,75547782,75548282,210,290,42.0,58.0
6002,75548282,75548782,53,447,10.6,89.4
6003,75548782,75549282,18,482,3.5999999999999996,96.4
6004,75549282,75549782,483,17,96.6,3.4000000000000057
6005,75549782,75550282,500,0,100.0,0.0
6006,75550282,75550782,500,0,100.0,0.0
6007,75550782,75551282,500,0,100.0,0.0
6008,75551282,75551782,500,0,100.0,0.0
6009,75551782,75552282,500,0,100.0,0.0
6010,75552282,75552782,500,0,100.0,0.0
6011,75552782,75553282,500,0,100.0,0.0
6012,75553282,75553782,500,0,100.0,0.0
6013,75553782,75554282,500,0,100.0,0.0
6014,75554282,75554782,500,0,100.0,0.0
6015,75554782,75555282,500,0,100.0,0.0
6016,75555282,75555782,500,0,100.0,0.0
6017,75555782,75556282,500,0,100.0,0.0
6018,75556282,75556782,500,0,100.0,0.0
6019,75556782,75557282,500,0,100.0,0.0
6020,75557282,75557782,500,0,100.0,0.0
6021,75557782,75558282,500,0,100.0,0.0
6022,75558282,75558782,500,0,100.0,0.0
6023,75558782,75559282,500,0,100.0,0.0
6024,75559282,75559782,500,0,100.0,0.0
6025,75559782,75560282,500,0,100.0,0.0
6026,75560282,75560782,500,0,100.0,0.0
6027,75560782,75561282,500,0,100.0,0.0
6028,75561282,75561782,500,0,100.0,0.0
6029,75561782,75562282,500,0,100.0,0.0
6030,75562282,75562782,500,0,100.0,0.0
6031,75562782,75563282,402,98,80.4,19.599999999999994
6032,75563282,75563782,11,489,2.1999999999999997,97.8
6033,75563782,75564282,55,445,11.0,89.0
6034,75564282,75564782,389,111,77.8,22.200000000000003
6035,75564782,75565282,500,0,100.0,0.0
6036,75565282,75565782,500,0,100.0,0.0
6037,75565782,75566282,500,0,100.0,0.0
6038,75566282,75566782,500,0,100.0,0.0
6039,75566782,75567282,500,0,100.0,0.0
6040,75567282,75567782,500,0,100.0,0.0
6041,75567782,75568282,500,0,100.0,0.0
6042,75568282,75568782,500,0,100.0,0.0
6043,75568782,75569282,500,0,100.0,0.0
6044,75569282,75569782,500,0,100.0,0.0
6045,75569782,75570282,500,0,100.0,0.0
6046,75570282,75570782,500,0,100.0,0.0
6047,75570782,75571282,500,0,100.0,0.0
6048,75571282,75571782,500,0,100.0,0.0
6049,75571782,75572282,500,0,100.0,0.0
6050,75572282,75572782,500,0,100.0,0.0
6051,75572782,75573282,500,0,100.0,0.0
6052,75573282,75573782,500,0,100.0,0.0
6053,75573782,75574282,500,0,100.0,0.0
6054,75574282,75574782,500,0,100.0,0.0
6055,75574782,75575282,500,0,100.0,0.0
6056,75575282,75575782,500,0,100.0,0.0
6057,75575782,75576282,500,0,100.0,0.0
6058,75576282,75576782,500,0,100.0,0.0
6059,75576782,75577282,500,0,100.0,0.0
6060,75577282,75577782,500,0,100.0,0.0
6061,75577782,75578282,500,0,100.0,0.0
6062,75578282,75578782,500,0,100.0,0.0
6063,75578782,75579282,500,0,100.0,0.0
6064,75579282,75579782,500,0,100.0,0.0
6065,75579782,75580282,500,0,100.0,0.0
6066,75580282,75580782,500,0,100.0,0.0
6067,75580782,75581282,368,132,73.6,26.400000000000006
6068,75581282,75581782,8,492,1.6,98.4
6069,75581782,75582282,47,453,9.4,90.6
6070,75582282,75582782,435,65,87.0,13.0
6071,75582782,75583282,500,0,100.0,0.0
6072,75583282,75583782,500,0,100.0,0.0
6073,75583782,75584282,500,0,100.0,0.0
6074,75584282,75584782,500,0,100.0,0.0
6075,75584782,75585282,500,0,100.0,0.0
6076,75585282,75585782,500,0,100.0,0.0
6077,75585782,75586282,500,0,100.0,0.0
6078,75586282,75586782,500,0,100.0,0.0
6079,75586782,75587282,500,0,100.0,0.0
6080,75587282,75587782,500,0,100.0,0.0
6081,75587782,75588282,500,0,100.0,0.0
6082,75588282,75588782,500,0,100.0,0.0
6083,75588782,75589282,500,0,100.0,0.0
6084,75589282,75589782,500,0,100.0,0.0
6085,75589782,75590282,500,0,100.0,0.0
6086,75590282,75590782,500,0,100.0,0.0
6087,75590782,75591282,500,0,100.0,0.0
6088,75591282,75591782,500,0,100.0,0.0
6089,75591782,75592282,500,0,100.0,0.0
6090,75592282,75592782,500,0,100.0,0.0
6091,75592782,75593282,500,0,100.0,0.0
6092,75593282,75593782,500,0,100.0,0.0
6093,75593782,75594282,500,0,100.0,0.0
6094,75594282,75594782,500,0,100.0,0.0
6095,75594782,75595282,37,463,7.3999999999999995,92.6
6096,75595282,75595782,43,457,8.6,91.4
6097,75595782,75596282,259,241,51.800000000000004,48.199999999999996
6098,75596282,75596782,500,0,100.0,0.0
6099,75596782,75597282,500,0,100.0,0.0
6100,75597282,75597782,500,0,100.0,0.0
6101,75597782,75598282,500,0,100.0,0.0
6102,75598282,75598782,500,0,100.0,0.0
6103,75598782,75599282,500,0,100.0,0.0
6104,75599282,75599782,500,0,100.0,0.0
6105,75599782,75600282,500,0,100.0,0.0
6106,75600282,75600782,500,0,100.0,0.0
6107,75600782,75601282,500,0,100.0,0.0
6108,75601282,75601782,500,0,100.0,0.0
6109,75601782,75602282,500,0,100.0,0.0
6110,75602282,75602782,500,0,100.0,0.0
6111,75602782,75603282,500,0,100.0,0.0
6112,75603282,75603782,500,0,100.0,0.0
6113,75603782,75604282,500,0,100.0,0.0
6114,75604282,75604782,500,0,100.0,0.0
6115,75604782,75605282,500,0,100.0,0.0
6116,75605282,75605782,500,0,100.0,0.0
6117,75605782,75606282,500,0,100.0,0.0
6118,75606282,75606782,500,0,100.0,0.0
6119,75606782,75607282,500,0,100.0,0.0
6120,75607282,75607782,500,0,100.0,0.0
6121,75607782,75608282,500,0,100.0,0.0
6122,75608282,75608782,428,72,85.6,14.400000000000006
6123,75608782,75609282,7,493,1.4000000000000001,98.6
6124,75609282,75609782,51,449,10.2,89.8
6125,75609782,75610282,355,145,71.0,29.0
6126,75610282,75610782,500,0,100.0,0.0
6127,75610782,75611282,500,0,100.0,0.0
6128,75611282,75611782,500,0,100.0,0.0
6129,75611782,75612282,500,0,100.0,0.0
6130,75612282,75612782,500,0,100.0,0.0
6131,75612782,75613282,500,0,100.0,0.0
6132,75613282,75613782,500,0,100.0,0.0
6133,75613782,75614282,500,0,100.0,0.0
6134,75614282,75614782,500,0,100.0,0.0
6135,75614782,75615282,500,0,100.0,0.0
6136,75615282,75615782,500,0,100.0,0.0
6137,75615782,75616282,500,0,100.0,0.0
6138,75616282,75616782,500,0,100.0,0.0
6139,75616782,75617282,500,0,100.0,0.0
6140,75617282,75617782,500,0,100.0,0.0
6141,75617782,75618282,500,0,100.0,0.0
6142,75618282,75618782,500,0,100.0,0.0
6143,75618782,75619282,500,0,100.0,0.0
6144,75619282,75619782,500,0,100.0,0.0
6145,75619782,75620282,500,0,100.0,0.0
6146,75620282,75620782,500,0,100.0,0.0
6147,75620782,75621282,500,0,100.0,0.0
6148,75621282,75621782,500,0,100.0,0.0
6149,75621782,75622282,500,0,100.0,0.0
6150,75622282,75622782,72,428,14.399999999999999,85.6
6151,75622782,75623282,41,459,8.200000000000001,91.8
6152,75623282,75623782,290,210,57.99999999999999,42.00000000000001
6153,75623782,75624282,500,0,100.0,0.0
6154,75624282,75624782,500,0,100.0,0.0
6155,75624782,75625282,500,0,100.0,0.0
6156,75625282,75625782,500,0,100.0,0.0
6157,75625782,75626282,500,0,100.0,0.0
6158,75626282,75626782,500,0,100.0,0.0
6159,75626782,75627282,500,0,100.0,0.0
6160,75627282,75627782,500,0,100.0,0.0
6161,75627782,75628282,500,0,100.0,0.0
6162,75628282,75628782,500,0,100.0,0.0
6163,75628782,75629282,500,0,100.0,0.0
6164,75629282,75629782,500,0,100.0,0.0
6165,75629782,75630282,500,0,100.0,0.0
6166,75630282,75630782,500,0,100.0,0.0
6167,75630782,75631282,500,0,100.0,0.0
6168,75631282,75631782,500,0,100.0,0.0
6169,75631782,75632282,500,0,100.0,0.0
6170,75632282,75632782,500,0,100.0,0.0
6171,75632782,75633282,500,0,100.0,0.0
6172,75633282,75633782,500,0,100.0,0.0
6173,75633782,75634282,500,0,100.0,0.0
6174,75634282,75634782,500,0,100.0,0.0
6175,75634782,75635282,500,0,100.0,0.0
6176,75635282,75635782,407,93,81.39999999999999,18.60000000000001
6177,75635782,75636282,7,493,1.4000000000000001,98.6
6178,75636282,75636782,54,446,10.8,89.2
6179,75636782,75637282,405,95,81.0,19.0
6180,75637282,75637782,500,0,100.0,0.0
6181,75637782,75638282,500,0,100.0,0.0
6182,75638282,75638782,500,0,100.0,0.0
6183,75638782,75639282,500,0,100.0,0.0
6184,75639282,75639782,500,0,100.0,0.0
6185,75639782,75640282,500,0,100.0,0.0
6186,75640282,75640782,500,0,100.0,0.0
6187,75640782,75641282,500,0,100.0,0.0
6188,75641282,75641782,500,0,100.0,0.0
6189,75641782,75642282,500,0,100.0,0.0
6190,75642282,75642782,500,0,100.0,0.0
6191,75642782,75643282,500,0,100.0,0.0
6192,75643282,75643782,500,0,100.0,0.0
6193,75643782,75644282,500,0,100.0,0.0
6194,75644282,75644782,500,0,100.0,0.0
6195,75644782,75645282,500,0,100.0,0.0
6196,75645282,75645782,500,0,100.0,0.0
6197,75645782,75646282,500,0,100.0,0.0
6198,75646282,75646782,500,0,100.0,0.0
6199,75646782,75647282,500,0,100.0,0.0
6200,75647282,75647782,500,0,100.0,0.0
6201,75647782,75648282,500,0,100.0,0.0
6202,75648282,75648782,500,0,100.0,0.0
6203,75648782,75649282,395,105,79.0,21.0
6204,75649282,75649782,9,491,1.7999999999999998,98.2
6205,75649782,75650282,42,458,8.4,91.6
6206,75650282,75650782,450,50,90.0,10.0
6207,75650782,75651282,500,0,100.0,0.0
6208,75651282,75651782,500,0,100.0,0.0
6209,75651782,75652282,500,0,100.0,0.0
6210,75652282,75652782,500,0,100.0,0.0
6211,75652782,75653282,500,0,100.0,0.0
6212,75653282,75653782,500,0,100.0,0.0
6213,75653782,75654282,500,0,100.0,0.0
6214,75654282,75654782,500,0,100.0,0.0
6215,75654782,75655282,500,0,100.0,0.0
6216,75655282,75655782,500,0,100.0,0.0
6217,75655782,75656282,500,0,100.0,0.0
6218,75656282,75656782,500,0,100.0,0.0
6219,75656782,75657282,500,0,100.0,0.0
6220,75657282,75657782,500,0,100.0,0.0
6221,75657782,75658282,500,0,100.0,0.0
6222,75658282,75658782,500,0,100.0,0.0
6223,75658782,75659282,500,0,100.0,0.0
6224,75659282,75659782,500,0,100.0,0.0
6225,75659782,75660282,500,0,100.0,0.0
6226,75660282,75660782,500,0,100.0,0.0
6227,75660782,75661282,500,0,100.0,0.0
6228,75661282,75661782,500,0,100.0,0.0
6229,75661782,75662282,500,0,100.0,0.0
6230,75662282,75662782,500,0,100.0,0.0
6231,75662782,75663282,47,453,9.4,90.6
6232,75663282,75663782,59,441,11.799999999999999,88.2
6233,75663782,75664282,58,442,11.600000000000001,88.4
6234,75664282,75664782,500,0,100.0,0.0
6235,75664782,75665282,500,0,100.0,0.0
6236,75665282,75665782,500,0,100.0,0.0
6237,75665782,75666282,500,0,100.0,0.0
6238,75666282,75666782,500,0,100.0,0.0
6239,75666782,75667282,500,0,100.0,0.0
6240,75667282,75667782,500,0,100.0,0.0
6241,75667782,75668282,500,0,100.0,0.0
6242,75668282,75668782,500,0,100.0,0.0
6243,75668782,75669282,500,0,100.0,0.0
6244,75669282,75669782,500,0,100.0,0.0
6245,75669782,75670282,500,0,100.0,0.0
6246,75670282,75670782,500,0,100.0,0.0
6247,75670782,75671282,500,0,100.0,0.0
6248,75671282,75671782,500,0,100.0,0.0
6249,75671782,75672282,500,0,100.0,0.0
6250,75672282,75672782,500,0,100.0,0.0
6251,75672782,75673282,500,0,100.0,0.0
6252,75673282,75673782,500,0,100.0,0.0
6253,75673782,75674282,500,0,100.0,0.0
6254,75674282,75674782,500,0,100.0,0.0
6255,75674782,75675282,500,0,100.0,0.0
6256,75675282,75675782,500,0,100.0,0.0
6257,75675782,75676282,500,0,100.0,0.0
6258,75676282,75676782,500,0,100.0,0.0
6259,75676782,75677282,500,0,100.0,0.0
6260,75677282,75677782,435,65,87.0,13.0
6261,75677782,75678282,8,492,1.6,98.4
6262,75678282,75678782,59,441,11.799999999999999,88.2
6263,75678782,75679282,365,135,73.0,27.0
6264,75679282,75679782,500,0,100.0,0.0
6265,75679782,75680282,500,0,100.0,0.0
6266,75680282,75680782,500,0,100.0,0.0
6267,75680782,75681282,500,0,100.0,0.0
6268,75681282,75681782,500,0,100.0,0.0
6269,75681782,75682282,500,0,100.0,0.0
6270,75682282,75682782,500,0,100.0,0.0
6271,75682782,75683282,500,0,100.0,0.0
6272,75683282,75683782,500,0,100.0,0.0
6273,75683782,75684282,500,0,100.0,0.0
6274,75684282,75684782,500,0,100.0,0.0
6275,75684782,75685282,500,0,100.0,0.0
6276,75685282,75685782,500,0,100.0,0.0
6277,75685782,75686282,500,0,100.0,0.0
6278,75686282,75686782,500,0,100.0,0.0
6279,75686782,75687282,500,0,100.0,0.0
6280,75687282,75687782,500,0,100.0,0.0
6281,75687782,75688282,500,0,100.0,0.0
6282,75688282,75688782,500,0,100.0,0.0
6283,75688782,75689282,500,0,100.0,0.0
6284,75689282,75689782,500,0,100.0,0.0
6285,75689782,75690282,500,0,100.0,0.0
6286,75690282,75690782,500,0,100.0,0.0
6287,75690782,75691282,500,0,100.0,0.0
6288,75691282,75691782,165,335,33.0,67.0
6289,75691782,75692282,55,445,11.0,89.0
6290,75692282,75692782,149,351,29.799999999999997,70.2
6291,75692782,75693282,500,0,100.0,0.0
6292,75693282,75693782,500,0,100.0,0.0
6293,75693782,75694282,500,0,100.0,0.0
6294,75694282,75694782,500,0,100.0,0.0
6295,75694782,75695282,500,0,100.0,0.0
6296,75695282,75695782,500,0,100.0,0.0
6297,75695782,75696282,500,0,100.0,0.0
6298,75696282,75696782,500,0,100.0,0.0
6299,75696782,75697282,500,0,100.0,0.0
6300,75697282,75697782,500,0,100.0,0.0
6301,75697782,75698282,500,0,100.0,0.0
6302,75698282,75698782,500,0,100.0,0.0
6303,75698782,75699282,500,0,100.0,0.0
6304,75699282,75699782,500,0,100.0,0.0
6305,75699782,75700282,500,0,100.0,0.0
6306,75700282,75700782,500,0,100.0,0.0
6307,75700782,75701282,500,0,100.0,0.0
6308,75701282,75701782,500,0,100.0,0.0
6309,75701782,75702282,500,0,100.0,0.0
6310,75702282,75702782,500,0,100.0,0.0
6311,75702782,75703282,500,0,100.0,0.0
6312,75703282,75703782,500,0,100.0,0.0
6313,75703782,75704282,500,0,100.0,0.0
6314,75704282,75704782,500,0,100.0,0.0
6315,75704782,75705282,464,36,92.80000000000001,7.199999999999989
6316,75705282,75705782,9,491,1.7999999999999998,98.2
6317,75705782,75706282,55,445,11.0,89.0
6318,75706282,75706782,300,200,60.0,40.0
6319,75706782,75707282,500,0,100.0,0.0
6320,75707282,75707782,500,0,100.0,0.0
6321,75707782,75708282,500,0,100.0,0.0
6322,75708282,75708782,500,0,100.0,0.0
6323,75708782,75709282,500,0,100.0,0.0
6324,75709282,75709782,500,0,100.0,0.0
6325,75709782,75710282,500,0,100.0,0.0
6326,75710282,75710782,500,0,100.0,0.0
6327,75710782,75711282,500,0,100.0,0.0
6328,75711282,75711782,500,0,100.0,0.0
6329,75711782,75712282,500,0,100.0,0.0
6330,75712282,75712782,500,0,100.0,0.0
6331,75712782,75713282,500,0,100.0,0.0
6332,75713282,75713782,500,0,100.0,0.0
6333,75713782,75714282,500,0,100.0,0.0
6334,75714282,75714782,500,0,100.0,0.0
6335,75714782,75715282,500,0,100.0,0.0
6336,75715282,75715782,500,0,100.0,0.0
6337,75715782,75716282,500,0,100.0,0.0
6338,75716282,75716782,500,0,100.0,0.0
6339,75716782,75717282,500,0,100.0,0.0
6340,75717282,75717782,500,0,100.0,0.0
6341,75717782,75718282,500,0,100.0,0.0
6342,75718282,75718782,500,0,100.0,0.0
6343,75718782,75719282,364,136,72.8,27.200000000000003
6344,75719282,75719782,14,486,2.8000000000000003,97.2
6345,75719782,75720282,37,463,7.3999999999999995,92.6
6346,75720282,75720782,444,56,88.8,11.200000000000003
6347,75720782,75721282,500,0,100.0,0.0
6348,75721282,75721782,500,0,100.0,0.0
6349,75721782,75722282,500,0,100.0,0.0
6350,75722282,75722782,500,0,100.0,0.0
6351,75722782,75723282,500,0,100.0,0.0
6352,75723282,75723782,500,0,100.0,0.0
6353,75723782,75724282,500,0,100.0,0.0
6354,75724282,75724782,500,0,100.0,0.0
6355,75724782,75725282,500,0,100.0,0.0
6356,75725282,75725782,500,0,100.0,0.0
6357,75725782,75726282,500,0,100.0,0.0
6358,75726282,75726782,500,0,100.0,0.0
6359,75726782,75727282,500,0,100.0,0.0
6360,75727282,75727782,500,0,100.0,0.0
6361,75727782,75728282,500,0,100.0,0.0
6362,75728282,75728782,500,0,100.0,0.0
6363,75728782,75729282,500,0,100.0,0.0
6364,75729282,75729782,500,0,100.0,0.0
6365,75729782,75730282,500,0,100.0,0.0
6366,75730282,75730782,500,0,100.0,0.0
6367,75730782,75731282,500,0,100.0,0.0
6368,75731282,75731782,500,0,100.0,0.0
6369,75731782,75732282,500,0,100.0,0.0
6370,75732282,75732782,500,0,100.0,0.0
6371,75732782,75733282,500,0,100.0,0.0
6372,75733282,75733782,123,377,24.6,75.4
6373,75733782,75734282,51,449,10.2,89.8
6374,75734282,75734782,165,335,33.0,67.0
6375,75734782,75735282,500,0,100.0,0.0
6376,75735282,75735782,500,0,100.0,0.0
6377,75735782,75736282,500,0,100.0,0.0
6378,75736282,75736782,500,0,100.0,0.0
6379,75736782,75737282,500,0,100.0,0.0
6380,75737282,75737782,500,0,100.0,0.0
6381,75737782,75738282,500,0,100.0,0.0
6382,75738282,75738782,500,0,100.0,0.0
6383,75738782,75739282,500,0,100.0,0.0
6384,75739282,75739782,500,0,100.0,0.0
6385,75739782,75740282,500,0,100.0,0.0
6386,75740282,75740782,500,0,100.0,0.0
6387,75740782,75741282,500,0,100.0,0.0
6388,75741282,75741782,500,0,100.0,0.0
6389,75741782,75742282,500,0,100.0,0.0
6390,75742282,75742782,500,0,100.0,0.0
6391,75742782,75743282,500,0,100.0,0.0
6392,75743282,75743782,500,0,100.0,0.0
6393,75743782,75744282,500,0,100.0,0.0
6394,75744282,75744782,500,0,100.0,0.0
6395,75744782,75745282,500,0,100.0,0.0
6396,75745282,75745782,500,0,100.0,0.0
6397,75745782,75746282,500,0,100.0,0.0
6398,75746282,75746782,500,0,100.0,0.0
6399,75746782,75747282,500,0,100.0,0.0
6400,75747282,75747782,441,59,88.2,11.799999999999997
6401,75747782,75748282,7,493,1.4000000000000001,98.6
6402,75748282,75748782,61,439,12.2,87.8
6403,75748782,75749282,378,122,75.6,24.400000000000006
6404,75749282,75749782,500,0,100.0,0.0
6405,75749782,75750282,500,0,100.0,0.0
6406,75750282,75750782,500,0,100.0,0.0
6407,75750782,75751282,500,0,100.0,0.0
6408,75751282,75751782,500,0,100.0,0.0
6409,75751782,75752282,500,0,100.0,0.0
6410,75752282,75752782,500,0,100.0,0.0
6411,75752782,75753282,500,0,100.0,0.0
6412,75753282,75753782,500,0,100.0,0.0
6413,75753782,75754282,500,0,100.0,0.0
6414,75754282,75754782,500,0,100.0,0.0
6415,75754782,75755282,500,0,100.0,0.0
6416,75755282,75755782,500,0,100.0,0.0
6417,75755782,75756282,500,0,100.0,0.0
6418,75756282,75756782,500,0,100.0,0.0
6419,75756782,75757282,500,0,100.0,0.0
6420,75757282,75757782,500,0,100.0,0.0
6421,75757782,75758282,500,0,100.0,0.0
6422,75758282,75758782,500,0,100.0,0.0
6423,75758782,75759282,500,0,100.0,0.0
6424,75759282,75759782,500,0,100.0,0.0
6425,75759782,75760282,500,0,100.0,0.0
6426,75760282,75760782,500,0,100.0,0.0
6427,75760782,75761282,500,0,100.0,0.0
6428,75761282,75761782,475,25,95.0,5.0
6429,75761782,75762282,8,492,1.6,98.4
6430,75762282,75762782,63,437,12.6,87.4
6431,75762782,75763282,180,320,36.0,64.0
6432,75763282,75763782,500,0,100.0,0.0
6433,75763782,75764282,500,0,100.0,0.0
6434,75764282,75764782,500,0,100.0,0.0
6435,75764782,75765282,500,0,100.0,0.0
6436,75765282,75765782,500,0,100.0,0.0
6437,75765782,75766282,500,0,100.0,0.0
6438,75766282,75766782,500,0,100.0,0.0
6439,75766782,75767282,500,0,100.0,0.0
6440,75767282,75767782,500,0,100.0,0.0
6441,75767782,75768282,500,0,100.0,0.0
6442,75768282,75768782,500,0,100.0,0.0
6443,75768782,75769282,500,0,100.0,0.0
6444,75769282,75769782,500,0,100.0,0.0
6445,75769782,75770282,500,0,100.0,0.0
6446,75770282,75770782,500,0,100.0,0.0
6447,75770782,75771282,500,0,100.0,0.0
6448,75771282,75771782,500,0,100.0,0.0
6449,75771782,75772282,500,0,100.0,0.0
6450,75772282,75772782,500,0,100.0,0.0
6451,75772782,75773282,500,0,100.0,0.0
6452,75773282,75773782,500,0,100.0,0.0
6453,75773782,75774282,500,0,100.0,0.0
6454,75774282,75774782,500,0,100.0,0.0
6455,75774782,75775282,500,0,100.0,0.0
6456,75775282,75775782,495,5,99.0,1.0
6457,75775782,75776282,13,487,2.6,97.4
6458,75776282,75776782,62,438,12.4,87.6
6459,75776782,75777282,112,388,22.400000000000002,77.6
6460,75777282,75777782,500,0,100.0,0.0
6461,75777782,75778282,500,0,100.0,0.0
6462,75778282,75778782,500,0,100.0,0.0
6463,75778782,75779282,500,0,100.0,0.0
6464,75779282,75779782,500,0,100.0,0.0
6465,75779782,75780282,500,0,100.0,0.0
6466,75780282,75780782,500,0,100.0,0.0
6467,75780782,75781282,500,0,100.0,0.0
6468,75781282,75781782,500,0,100.0,0.0
6469,75781782,75782282,500,0,100.0,0.0
6470,75782282,75782782,500,0,100.0,0.0
6471,75782782,75783282,500,0,100.0,0.0
6472,75783282,75783782,500,0,100.0,0.0
6473,75783782,75784282,500,0,100.0,0.0
6474,75784282,75784782,500,0,100.0,0.0
6475,75784782,75785282,500,0,100.0,0.0
6476,75785282,75785782,500,0,100.0,0.0
6477,75785782,75786282,500,0,100.0,0.0
6478,75786282,75786782,500,0,100.0,0.0
6479,75786782,75787282,500,0,100.0,0.0
6480,75787282,75787782,500,0,100.0,0.0
6481,75787782,75788282,500,0,100.0,0.0
6482,75788282,75788782,500,0,100.0,0.0
6483,75788782,75789282,500,0,100.0,0.0
6484,75789282,75789782,500,0,100.0,0.0
6485,75789782,75790282,127,373,25.4,74.6
6486,75790282,75790782,61,439,12.2,87.8
6487,75790782,75791282,101,399,20.200000000000003,79.8
6488,75791282,75791782,500,0,100.0,0.0
6489,75791782,75792282,500,0,100.0,0.0
6490,75792282,75792782,500,0,100.0,0.0
6491,75792782,75793282,500,0,100.0,0.0
6492,75793282,75793782,500,0,100.0,0.0
6493,75793782,75794282,500,0,100.0,0.0
6494,75794282,75794782,500,0,100.0,0.0
6495,75794782,75795282,500,0,100.0,0.0
6496,75795282,75795782,500,0,100.0,0.0
6497,75795782,75796282,500,0,100.0,0.0
6498,75796282,75796782,500,0,100.0,0.0
6499,75796782,75797282,500,0,100.0,0.0
6500,75797282,75797782,500,0,100.0,0.0
6501,75797782,75798282,500,0,100.0,0.0
6502,75798282,75798782,500,0,100.0,0.0
6503,75798782,75799282,500,0,100.0,0.0
6504,75799282,75799782,500,0,100.0,0.0
6505,75799782,75800282,500,0,100.0,0.0
6506,75800282,75800782,500,0,100.0,0.0
6507,75800782,75801282,500,0,100.0,0.0
6508,75801282,75801782,500,0,100.0,0.0
6509,75801782,75802282,500,0,100.0,0.0
6510,75802282,75802782,500,0,100.0,0.0
6511,75802782,75803282,500,0,100.0,0.0
6512,75803282,75803782,405,95,81.0,19.0
6513,75803782,75804282,8,492,1.6,98.4
6514,75804282,75804782,57,443,11.4,88.6
6515,75804782,75805282,407,93,81.39999999999999,18.60000000000001
6516,75805282,75805782,500,0,100.0,0.0
6517,75805782,75806282,500,0,100.0,0.0
6518,75806282,75806782,500,0,100.0,0.0
6519,75806782,75807282,500,0,100.0,0.0
6520,75807282,75807782,500,0,100.0,0.0
6521,75807782,75808282,500,0,100.0,0.0
6522,75808282,75808782,500,0,100.0,0.0
6523,75808782,75809282,500,0,100.0,0.0
6524,75809282,75809782,500,0,100.0,0.0
6525,75809782,75810282,500,0,100.0,0.0
6526,75810282,75810782,500,0,100.0,0.0
6527,75810782,75811282,500,0,100.0,0.0
6528,75811282,75811782,500,0,100.0,0.0
6529,75811782,75812282,500,0,100.0,0.0
6530,75812282,75812782,500,0,100.0,0.0
6531,75812782,75813282,500,0,100.0,0.0
6532,75813282,75813782,500,0,100.0,0.0
6533,75813782,75814282,500,0,100.0,0.0
6534,75814282,75814782,500,0,100.0,0.0
6535,75814782,75815282,500,0,100.0,0.0
6536,75815282,75815782,500,0,100.0,0.0
6537,75815782,75816282,500,0,100.0,0.0
6538,75816282,75816782,500,0,100.0,0.0
6539,75816782,75817282,325,175,65.0,35.0
6540,75817282,75817782,55,445,11.0,89.0
6541,75817782,75818282,6,494,1.2,98.8
6542,75818282,75818782,496,4,99.2,0.7999999999999972
6543,75818782,75819282,500,0,100.0,0.0
6544,75819282,75819782,500,0,100.0,0.0
6545,75819782,75820282,500,0,100.0,0.0
6546,75820282,75820782,500,0,100.0,0.0
6547,75820782,75821282,500,0,100.0,0.0
6548,75821282,75821782,500,0,100.0,0.0
6549,75821782,75822282,500,0,100.0,0.0
6550,75822282,75822782,500,0,100.0,0.0
6551,75822782,75823282,500,0,100.0,0.0
6552,75823282,75823782,500,0,100.0,0.0
6553,75823782,75824282,500,0,100.0,0.0
6554,75824282,75824782,500,0,100.0,0.0
6555,75824782,75825282,500,0,100.0,0.0
6556,75825282,75825782,500,0,100.0,0.0
6557,75825782,75826282,500,0,100.0,0.0
6558,75826282,75826782,500,0,100.0,0.0
6559,75826782,75827282,500,0,100.0,0.0
6560,75827282,75827782,500,0,100.0,0.0
6561,75827782,75828282,500,0,100.0,0.0
6562,75828282,75828782,500,0,100.0,0.0
6563,75828782,75829282,500,0,100.0,0.0
6564,75829282,75829782,500,0,100.0,0.0
6565,75829782,75830282,500,0,100.0,0.0
6566,75830282,75830782,500,0,100.0,0.0
6567,75830782,75831282,354,146,70.8,29.200000000000003
6568,75831282,75831782,10,490,2.0,98.0
6569,75831782,75832282,48,452,9.6,90.4
6570,75832282,75832782,410,90,82.0,18.0
6571,75832782,75833282,500,0,100.0,0.0
6572,75833282,75833782,500,0,100.0,0.0
6573,75833782,75834282,500,0,100.0,0.0
6574,75834282,75834782,500,0,100.0,0.0
6575,75834782,75835282,500,0,100.0,0.0
6576,75835282,75835782,500,0,100.0,0.0
6577,75835782,75836282,500,0,100.0,0.0
6578,75836282,75836782,500,0,100.0,0.0
6579,75836782,75837282,500,0,100.0,0.0
6580,75837282,75837782,500,0,100.0,0.0
6581,75837782,75838282,500,0,100.0,0.0
6582,75838282,75838782,500,0,100.0,0.0
6583,75838782,75839282,500,0,100.0,0.0
6584,75839282,75839782,500,0,100.0,0.0
6585,75839782,75840282,500,0,100.0,0.0
6586,75840282,75840782,500,0,100.0,0.0
6587,75840782,75841282,500,0,100.0,0.0
6588,75841282,75841782,500,0,100.0,0.0
6589,75841782,75842282,500,0,100.0,0.0
6590,75842282,75842782,500,0,100.0,0.0
6591,75842782,75843282,500,0,100.0,0.0
6592,75843282,75843782,500,0,100.0,0.0
6593,75843782,75844282,500,0,100.0,0.0
6594,75844282,75844782,500,0,100.0,0.0
6595,75844782,75845282,500,0,100.0,0.0
6596,75845282,75845782,500,0,100.0,0.0
6597,75845782,75846282,500,0,100.0,0.0
6598,75846282,75846782,350,150,70.0,30.0
6599,75846782,75847282,8,492,1.6,98.4
6600,75847282,75847782,56,444,11.200000000000001,88.8
6601,75847782,75848282,401,99,80.2,19.799999999999997
6602,75848282,75848782,500,0,100.0,0.0
6603,75848782,75849282,500,0,100.0,0.0
6604,75849282,75849782,500,0,100.0,0.0
6605,75849782,75850282,500,0,100.0,0.0
6606,75850282,75850782,500,0,100.0,0.0
6607,75850782,75851282,500,0,100.0,0.0
6608,75851282,75851782,500,0,100.0,0.0
6609,75851782,75852282,500,0,100.0,0.0
6610,75852282,75852782,500,0,100.0,0.0
6611,75852782,75853282,500,0,100.0,0.0
6612,75853282,75853782,500,0,100.0,0.0
6613,75853782,75854282,500,0,100.0,0.0
6614,75854282,75854782,500,0,100.0,0.0
6615,75854782,75855282,500,0,100.0,0.0
6616,75855282,75855782,500,0,100.0,0.0
6617,75855782,75856282,500,0,100.0,0.0
6618,75856282,75856782,500,0,100.0,0.0
6619,75856782,75857282,500,0,100.0,0.0
6620,75857282,75857782,500,0,100.0,0.0
6621,75857782,75858282,500,0,100.0,0.0
6622,75858282,75858782,500,0,100.0,0.0
6623,75858782,75859282,500,0,100.0,0.0
6624,75859282,75859782,500,0,100.0,0.0
6625,75859782,75860282,500,0,100.0,0.0
6626,75860282,75860782,460,40,92.0,8.0
6627,75860782,75861282,7,493,1.4000000000000001,98.6
6628,75861282,75861782,52,448,10.4,89.6
6629,75861782,75862282,5,495,1.0,99.0
6630,75862282,75862782,195,305,39.0,61.0
6631,75862782,75863282,500,0,100.0,0.0
6632,75863282,75863782,500,0,100.0,0.0
6633,75863782,75864282,500,0,100.0,0.0
6634,75864282,75864782,500,0,100.0,0.0
6635,75864782,75865282,500,0,100.0,0.0
6636,75865282,75865782,500,0,100.0,0.0
6637,75865782,75866282,500,0,100.0,0.0
6638,75866282,75866782,500,0,100.0,0.0
6639,75866782,75867282,500,0,100.0,0.0
6640,75867282,75867782,500,0,100.0,0.0
6641,75867782,75868282,500,0,100.0,0.0
6642,75868282,75868782,500,0,100.0,0.0
6643,75868782,75869282,500,0,100.0,0.0
6644,75869282,75869782,500,0,100.0,0.0
6645,75869782,75870282,500,0,100.0,0.0
6646,75870282,75870782,500,0,100.0,0.0
6647,75870782,75871282,500,0,100.0,0.0
6648,75871282,75871782,500,0,100.0,0.0
6649,75871782,75872282,500,0,100.0,0.0
6650,75872282,75872782,500,0,100.0,0.0
6651,75872782,75873282,500,0,100.0,0.0
6652,75873282,75873782,500,0,100.0,0.0
6653,75873782,75874282,500,0,100.0,0.0
6654,75874282,75874782,500,0,100.0,0.0
6655,75874782,75875282,500,0,100.0,0.0
6656,75875282,75875782,500,0,100.0,0.0
6657,75875782,75876282,128,372,25.6,74.4
6658,75876282,75876782,52,448,10.4,89.6
6659,75876782,75877282,71,429,14.2,85.8
6660,75877282,75877782,500,0,100.0,0.0
6661,75877782,75878282,500,0,100.0,0.0
6662,75878282,75878782,500,0,100.0,0.0
6663,75878782,75879282,500,0,100.0,0.0
6664,75879282,75879782,500,0,100.0,0.0
6665,75879782,75880282,500,0,100.0,0.0
6666,75880282,75880782,500,0,100.0,0.0
6667,75880782,75881282,500,0,100.0,0.0
6668,75881282,75881782,500,0,100.0,0.0
6669,75881782,75882282,500,0,100.0,0.0
6670,75882282,75882782,500,0,100.0,0.0
6671,75882782,75883282,500,0,100.0,0.0
6672,75883282,75883782,500,0,100.0,0.0
6673,75883782,75884282,500,0,100.0,0.0
6674,75884282,75884782,500,0,100.0,0.0
6675,75884782,75885282,500,0,100.0,0.0
6676,75885282,75885782,500,0,100.0,0.0
6677,75885782,75886282,500,0,100.0,0.0
6678,75886282,75886782,500,0,100.0,0.0
6679,75886782,75887282,500,0,100.0,0.0
6680,75887282,75887782,500,0,100.0,0.0
6681,75887782,75888282,500,0,100.0,0.0
6682,75888282,75888782,500,0,100.0,0.0
6683,75888782,75889282,500,0,100.0,0.0
6684,75889282,75889782,390,110,78.0,22.0
6685,75889782,75890282,7,493,1.4000000000000001,98.6
6686,75890282,75890782,46,454,9.2,90.8
6687,75890782,75891282,428,72,85.6,14.400000000000006
6688,75891282,75891782,500,0,100.0,0.0
6689,75891782,75892282,500,0,100.0,0.0
6690,75892282,75892782,500,0,100.0,0.0
6691,75892782,75893282,500,0,100.0,0.0
6692,75893282,75893782,500,0,100.0,0.0
6693,75893782,75894282,500,0,100.0,0.0
6694,75894282,75894782,500,0,100.0,0.0
6695,75894782,75895282,500,0,100.0,0.0
6696,75895282,75895782,500,0,100.0,0.0
6697,75895782,75896282,500,0,100.0,0.0
6698,75896282,75896782,500,0,100.0,0.0
6699,75896782,75897282,500,0,100.0,0.0
6700,75897282,75897782,500,0,100.0,0.0
6701,75897782,75898282,500,0,100.0,0.0
6702,75898282,75898782,500,0,100.0,0.0
6703,75898782,75899282,500,0,100.0,0.0
6704,75899282,75899782,500,0,100.0,0.0
6705,75899782,75900282,500,0,100.0,0.0
6706,75900282,75900782,500,0,100.0,0.0
6707,75900782,75901282,500,0,100.0,0.0
6708,75901282,75901782,500,0,100.0,0.0
6709,75901782,75902282,500,0,100.0,0.0
6710,75902282,75902782,500,0,100.0,0.0
6711,75902782,75903282,500,0,100.0,0.0
6712,75903282,75903782,494,6,98.8,1.2000000000000028
6713,75903782,75904282,7,493,1.4000000000000001,98.6
6714,75904282,75904782,60,440,12.0,88.0
6715,75904782,75905282,192,308,38.4,61.6
6716,75905282,75905782,500,0,100.0,0.0
6717,75905782,75906282,500,0,100.0,0.0
6718,75906282,75906782,500,0,100.0,0.0
6719,75906782,75907282,500,0,100.0,0.0
6720,75907282,75907782,500,0,100.0,0.0
6721,75907782,75908282,500,0,100.0,0.0
6722,75908282,75908782,500,0,100.0,0.0
6723,75908782,75909282,500,0,100.0,0.0
6724,75909282,75909782,500,0,100.0,0.0
6725,75909782,75910282,500,0,100.0,0.0
6726,75910282,75910782,500,0,100.0,0.0
6727,75910782,75911282,500,0,100.0,0.0
6728,75911282,75911782,500,0,100.0,0.0
6729,75911782,75912282,500,0,100.0,0.0
6730,75912282,75912782,500,0,100.0,0.0
6731,75912782,75913282,500,0,100.0,0.0
6732,75913282,75913782,500,0,100.0,0.0
6733,75913782,75914282,500,0,100.0,0.0
6734,75914282,75914782,500,0,100.0,0.0
6735,75914782,75915282,500,0,100.0,0.0
6736,75915282,75915782,500,0,100.0,0.0
6737,75915782,75916282,500,0,100.0,0.0
6738,75916282,75916782,500,0,100.0,0.0
6739,75916782,75917282,500,0,100.0,0.0
6740,75917282,75917782,423,77,84.6,15.400000000000006
6741,75917782,75918282,7,493,1.4000000000000001,98.6
6742,75918282,75918782,55,445,11.0,89.0
6743,75918782,75919282,387,113,77.4,22.599999999999994
6744,75919282,75919782,500,0,100.0,0.0
6745,75919782,75920282,500,0,100.0,0.0
6746,75920282,75920782,500,0,100.0,0.0
6747,75920782,75921282,500,0,100.0,0.0
6748,75921282,75921782,500,0,100.0,0.0
6749,75921782,75922282,500,0,100.0,0.0
6750,75922282,75922782,500,0,100.0,0.0
6751,75922782,75923282,500,0,100.0,0.0
6752,75923282,75923782,500,0,100.0,0.0
6753,75923782,75924282,500,0,100.0,0.0
6754,75924282,75924782,500,0,100.0,0.0
6755,75924782,75925282,500,0,100.0,0.0
6756,75925282,75925782,500,0,100.0,0.0
6757,75925782,75926282,500,0,100.0,0.0
6758,75926282,75926782,500,0,100.0,0.0
6759,75926782,75927282,500,0,100.0,0.0
6760,75927282,75927782,500,0,100.0,0.0
6761,75927782,75928282,500,0,100.0,0.0
6762,75928282,75928782,500,0,100.0,0.0
6763,75928782,75929282,500,0,100.0,0.0
6764,75929282,75929782,500,0,100.0,0.0
6765,75929782,75930282,500,0,100.0,0.0
6766,75930282,75930782,500,0,100.0,0.0
6767,75930782,75931282,500,0,100.0,0.0
6768,75931282,75931782,209,291,41.8,58.2
6769,75931782,75932282,41,459,8.200000000000001,91.8
6770,75932282,75932782,182,318,36.4,63.6
6771,75932782,75933282,500,0,100.0,0.0
6772,75933282,75933782,500,0,100.0,0.0
6773,75933782,75934282,500,0,100.0,0.0
6774,75934282,75934782,500,0,100.0,0.0
6775,75934782,75935282,500,0,100.0,0.0
6776,75935282,75935782,500,0,100.0,0.0
6777,75935782,75936282,500,0,100.0,0.0
6778,75936282,75936782,500,0,100.0,0.0
6779,75936782,75937282,500,0,100.0,0.0
6780,75937282,75937782,500,0,100.0,0.0
6781,75937782,75938282,500,0,100.0,0.0
6782,75938282,75938782,500,0,100.0,0.0
6783,75938782,75939282,500,0,100.0,0.0
6784,75939282,75939782,500,0,100.0,0.0
6785,75939782,75940282,500,0,100.0,0.0
6786,75940282,75940782,500,0,100.0,0.0
6787,75940782,75941282,500,0,100.0,0.0
6788,75941282,75941782,500,0,100.0,0.0
6789,75941782,75942282,500,0,100.0,0.0
6790,75942282,75942782,500,0,100.0,0.0
6791,75942782,75943282,500,0,100.0,0.0
6792,75943282,75943782,500,0,100.0,0.0
6793,75943782,75944282,500,0,100.0,0.0
6794,75944282,75944782,500,0,100.0,0.0
6795,75944782,75945282,500,0,100.0,0.0
6796,75945282,75945782,205,295,41.0,59.0
6797,75945782,75946282,33,467,6.6000000000000005,93.4
6798,75946282,75946782,90,410,18.0,82.0
6799,75946782,75947282,500,0,100.0,0.0
6800,75947282,75947782,500,0,100.0,0.0
6801,75947782,75948282,500,0,100.0,0.0
6802,75948282,75948782,500,0,100.0,0.0
6803,75948782,75949282,500,0,100.0,0.0
6804,75949282,75949782,500,0,100.0,0.0
6805,75949782,75950282,500,0,100.0,0.0
6806,75950282,75950782,500,0,100.0,0.0
6807,75950782,75951282,500,0,100.0,0.0
6808,75951282,75951782,500,0,100.0,0.0
6809,75951782,75952282,500,0,100.0,0.0
6810,75952282,75952782,500,0,100.0,0.0
6811,75952782,75953282,500,0,100.0,0.0
6812,75953282,75953782,500,0,100.0,0.0
6813,75953782,75954282,500,0,100.0,0.0
6814,75954282,75954782,500,0,100.0,0.0
6815,75954782,75955282,500,0,100.0,0.0
6816,75955282,75955782,500,0,100.0,0.0
6817,75955782,75956282,500,0,100.0,0.0
6818,75956282,75956782,500,0,100.0,0.0
6819,75956782,75957282,500,0,100.0,0.0
6820,75957282,75957782,500,0,100.0,0.0
6821,75957782,75958282,500,0,100.0,0.0
6822,75958282,75958782,500,0,100.0,0.0
6823,75958782,75959282,500,0,100.0,0.0
6824,75959282,75959782,22,478,4.3999999999999995,95.6
6825,75959782,75960282,42,458,8.4,91.6
6826,75960282,75960782,299,201,59.8,40.2
6827,75960782,75961282,500,0,100.0,0.0
6828,75961282,75961782,500,0,100.0,0.0
6829,75961782,75962282,500,0,100.0,0.0
6830,75962282,75962782,500,0,100.0,0.0
6831,75962782,75963282,500,0,100.0,0.0
6832,75963282,75963782,500,0,100.0,0.0
6833,75963782,75964282,500,0,100.0,0.0
6834,75964282,75964782,500,0,100.0,0.0
6835,75964782,75965282,500,0,100.0,0.0
6836,75965282,75965782,500,0,100.0,0.0
6837,75965782,75966282,500,0,100.0,0.0
6838,75966282,75966782,500,0,100.0,0.0
6839,75966782,75967282,500,0,100.0,0.0
6840,75967282,75967782,500,0,100.0,0.0
6841,75967782,75968282,500,0,100.0,0.0
6842,75968282,75968782,500,0,100.0,0.0
6843,75968782,75969282,500,0,100.0,0.0
6844,75969282,75969782,500,0,100.0,0.0
6845,75969782,75970282,500,0,100.0,0.0
6846,75970282,75970782,500,0,100.0,0.0
6847,75970782,75971282,500,0,100.0,0.0
6848,75971282,75971782,500,0,100.0,0.0
6849,75971782,75972282,500,0,100.0,0.0
6850,75972282,75972782,500,0,100.0,0.0
6851,75972782,75973282,77,423,15.4,84.6
6852,75973282,75973782,45,455,9.0,91.0
6853,75973782,75974282,189,311,37.8,62.2
6854,75974282,75974782,500,0,100.0,0.0
6855,75974782,75975282,500,0,100.0,0.0
6856,75975282,75975782,500,0,100.0,0.0
6857,75975782,75976282,500,0,100.0,0.0
6858,75976282,75976782,500,0,100.0,0.0
6859,75976782,75977282,500,0,100.0,0.0
6860,75977282,75977782,500,0,100.0,0.0
6861,75977782,75978282,500,0,100.0,0.0
6862,75978282,75978782,500,0,100.0,0.0
6863,75978782,75979282,500,0,100.0,0.0
6864,75979282,75979782,500,0,100.0,0.0
6865,75979782,75980282,500,0,100.0,0.0
6866,75980282,75980782,500,0,100.0,0.0
6867,75980782,75981282,500,0,100.0,0.0
6868,75981282,75981782,500,0,100.0,0.0
6869,75981782,75982282,500,0,100.0,0.0
6870,75982282,75982782,500,0,100.0,0.0
6871,75982782,75983282,500,0,100.0,0.0
6872,75983282,75983782,500,0,100.0,0.0
6873,75983782,75984282,500,0,100.0,0.0
6874,75984282,75984782,500,0,100.0,0.0
6875,75984782,75985282,500,0,100.0,0.0
6876,75985282,75985782,500,0,100.0,0.0
6877,75985782,75986282,500,0,100.0,0.0
6878,75986282,75986782,500,0,100.0,0.0
6879,75986782,75987282,109,391,21.8,78.2
6880,75987282,75987782,48,452,9.6,90.4
6881,75987782,75988282,128,372,25.6,74.4
6882,75988282,75988782,500,0,100.0,0.0
6883,75988782,75989282,500,0,100.0,0.0
6884,75989282,75989782,500,0,100.0,0.0
6885,75989782,75990282,500,0,100.0,0.0
6886,75990282,75990782,500,0,100.0,0.0
6887,75990782,75991282,500,0,100.0,0.0
6888,75991282,75991782,500,0,100.0,0.0
6889,75991782,75992282,500,0,100.0,0.0
6890,75992282,75992782,500,0,100.0,0.0
6891,75992782,75993282,500,0,100.0,0.0
6892,75993282,75993782,500,0,100.0,0.0
6893,75993782,75994282,500,0,100.0,0.0
6894,75994282,75994782,500,0,100.0,0.0
6895,75994782,75995282,500,0,100.0,0.0
6896,75995282,75995782,500,0,100.0,0.0
6897,75995782,75996282,500,0,100.0,0.0
6898,75996282,75996782,500,0,100.0,0.0
6899,75996782,75997282,500,0,100.0,0.0
6900,75997282,75997782,500,0,100.0,0.0
6901,75997782,75998282,500,0,100.0,0.0
6902,75998282,75998782,500,0,100.0,0.0
6903,75998782,75999282,500,0,100.0,0.0
6904,75999282,75999782,500,0,100.0,0.0
6905,75999782,76000282,500,0,100.0,0.0
6906,76000282,76000782,118,382,23.599999999999998,76.4
6907,76000782,76001282,42,458,8.4,91.6
6908,76001282,76001782,243,257,48.6,51.4
6909,76001782,76002282,500,0,100.0,0.0
6910,76002282,76002782,500,0,100.0,0.0
6911,76002782,76003282,500,0,100.0,0.0
6912,76003282,76003782,500,0,100.0,0.0
6913,76003782,76004282,500,0,100.0,0.0
6914,76004282,76004782,500,0,100.0,0.0
6915,76004782,76005282,500,0,100.0,0.0
6916,76005282,76005782,500,0,100.0,0.0
6917,76005782,76006282,500,0,100.0,0.0
6918,76006282,76006782,500,0,100.0,0.0
6919,76006782,76007282,500,0,100.0,0.0
6920,76007282,76007782,500,0,100.0,0.0
6921,76007782,76008282,500,0,100.0,0.0
6922,76008282,76008782,500,0,100.0,0.0
6923,76008782,76009282,500,0,100.0,0.0
6924,76009282,76009782,500,0,100.0,0.0
6925,76009782,76010282,500,0,100.0,0.0
6926,76010282,76010782,500,0,100.0,0.0
6927,76010782,76011282,500,0,100.0,0.0
6928,76011282,76011782,500,0,100.0,0.0
6929,76011782,76012282,500,0,100.0,0.0
6930,76012282,76012782,500,0,100.0,0.0
6931,76012782,76013282,500,0,100.0,0.0
6932,76013282,76013782,500,0,100.0,0.0
6933,76013782,76014282,500,0,100.0,0.0
6934,76014282,76014782,151,349,30.2,69.8
6935,76014782,76015282,57,443,11.4,88.6
6936,76015282,76015782,151,349,30.2,69.8
6937,76015782,76016282,500,0,100.0,0.0
6938,76016282,76016782,500,0,100.0,0.0
6939,76016782,76017282,500,0,100.0,0.0
6940,76017282,76017782,500,0,100.0,0.0
6941,76017782,76018282,500,0,100.0,0.0
6942,76018282,76018782,500,0,100.0,0.0
6943,76018782,76019282,500,0,100.0,0.0
6944,76019282,76019782,500,0,100.0,0.0
6945,76019782,76020282,500,0,100.0,0.0
6946,76020282,76020782,500,0,100.0,0.0
6947,76020782,76021282,500,0,100.0,0.0
6948,76021282,76021782,500,0,100.0,0.0
6949,76021782,76022282,500,0,100.0,0.0
6950,76022282,76022782,500,0,100.0,0.0
6951,76022782,76023282,500,0,100.0,0.0
6952,76023282,76023782,500,0,100.0,0.0
6953,76023782,76024282,500,0,100.0,0.0
6954,76024282,76024782,500,0,100.0,0.0
6955,76024782,76025282,500,0,100.0,0.0
6956,76025282,76025782,500,0,100.0,0.0
6957,76025782,76026282,500,0,100.0,0.0
6958,76026282,76026782,500,0,100.0,0.0
6959,76026782,76027282,500,0,100.0,0.0
6960,76027282,76027782,500,0,100.0,0.0
6961,76027782,76028282,380,120,76.0,24.0
6962,76028282,76028782,9,491,1.7999999999999998,98.2
6963,76028782,76029282,47,453,9.4,90.6
6964,76029282,76029782,450,50,90.0,10.0
6965,76029782,76030282,500,0,100.0,0.0
6966,76030282,76030782,500,0,100.0,0.0
6967,76030782,76031282,500,0,100.0,0.0
6968,76031282,76031782,500,0,100.0,0.0
6969,76031782,76032282,500,0,100.0,0.0
6970,76032282,76032782,500,0,100.0,0.0
6971,76032782,76033282,500,0,100.0,0.0
6972,76033282,76033782,500,0,100.0,0.0
6973,76033782,76034282,500,0,100.0,0.0
6974,76034282,76034782,500,0,100.0,0.0
6975,76034782,76035282,500,0,100.0,0.0
6976,76035282,76035782,500,0,100.0,0.0
6977,76035782,76036282,500,0,100.0,0.0
6978,76036282,76036782,500,0,100.0,0.0
6979,76036782,76037282,500,0,100.0,0.0
6980,76037282,76037782,500,0,100.0,0.0
6981,76037782,76038282,500,0,100.0,0.0
6982,76038282,76038782,500,0,100.0,0.0
6983,76038782,76039282,500,0,100.0,0.0
6984,76039282,76039782,500,0,100.0,0.0
6985,76039782,76040282,500,0,100.0,0.0
6986,76040282,76040782,500,0,100.0,0.0
6987,76040782,76041282,500,0,100.0,0.0
6988,76041282,76041782,500,0,100.0,0.0
6989,76041782,76042282,355,145,71.0,29.0
6990,76042282,76042782,23,477,4.6,95.4
6991,76042782,76043282,47,453,9.4,90.6
6992,76043282,76043782,426,74,85.2,14.799999999999997
6993,76043782,76044282,500,0,100.0,0.0
6994,76044282,76044782,500,0,100.0,0.0
6995,76044782,76045282,500,0,100.0,0.0
6996,76045282,76045782,500,0,100.0,0.0
6997,76045782,76046282,500,0,100.0,0.0
6998,76046282,76046782,500,0,100.0,0.0
6999,76046782,76047282,500,0,100.0,0.0
7000,76047282,76047782,500,0,100.0,0.0
7001,76047782,76048282,500,0,100.0,0.0
7002,76048282,76048782,500,0,100.0,0.0
7003,76048782,76049282,500,0,100.0,0.0
7004,76049282,76049782,500,0,100.0,0.0
7005,76049782,76050282,500,0,100.0,0.0
7006,76050282,76050782,500,0,100.0,0.0
7007,76050782,76051282,500,0,100.0,0.0
7008,76051282,76051782,500,0,100.0,0.0
7009,76051782,76052282,500,0,100.0,0.0
7010,76052282,76052782,500,0,100.0,0.0
7011,76052782,76053282,500,0,100.0,0.0
7012,76053282,76053782,500,0,100.0,0.0
7013,76053782,76054282,500,0,100.0,0.0
7014,76054282,76054782,500,0,100.0,0.0
7015,76054782,76055282,500,0,100.0,0.0
7016,76055282,76055782,500,0,100.0,0.0
7017,76055782,76056282,30,470,6.0,94.0
7018,76056282,76056782,72,428,14.399999999999999,85.6
7019,76056782,76057282,180,320,36.0,64.0
7020,76057282,76057782,500,0,100.0,0.0
7021,76057782,76058282,500,0,100.0,0.0
7022,76058282,76058782,500,0,100.0,0.0
7023,76058782,76059282,500,0,100.0,0.0
7024,76059282,76059782,500,0,100.0,0.0
7025,76059782,76060282,500,0,100.0,0.0
7026,76060282,76060782,500,0,100.0,0.0
7027,76060782,76061282,500,0,100.0,0.0
7028,76061282,76061782,500,0,100.0,0.0
7029,76061782,76062282,500,0,100.0,0.0
7030,76062282,76062782,500,0,100.0,0.0
7031,76062782,76063282,500,0,100.0,0.0
7032,76063282,76063782,500,0,100.0,0.0
7033,76063782,76064282,500,0,100.0,0.0
7034,76064282,76064782,500,0,100.0,0.0
7035,76064782,76065282,500,0,100.0,0.0
7036,76065282,76065782,500,0,100.0,0.0
7037,76065782,76066282,500,0,100.0,0.0
7038,76066282,76066782,500,0,100.0,0.0
7039,76066782,76067282,500,0,100.0,0.0
7040,76067282,76067782,500,0,100.0,0.0
7041,76067782,76068282,500,0,100.0,0.0
7042,76068282,76068782,500,0,100.0,0.0
7043,76068782,76069282,500,0,100.0,0.0
7044,76069282,76069782,54,446,10.8,89.2
7045,76069782,76070282,49,451,9.8,90.2
7046,76070282,76070782,319,181,63.800000000000004,36.199999999999996
7047,76070782,76071282,500,0,100.0,0.0
7048,76071282,76071782,500,0,100.0,0.0
7049,76071782,76072282,500,0,100.0,0.0
7050,76072282,76072782,500,0,100.0,0.0
7051,76072782,76073282,500,0,100.0,0.0
7052,76073282,76073782,500,0,100.0,0.0
7053,76073782,76074282,500,0,100.0,0.0
7054,76074282,76074782,500,0,100.0,0.0
7055,76074782,76075282,500,0,100.0,0.0
7056,76075282,76075782,500,0,100.0,0.0
7057,76075782,76076282,500,0,100.0,0.0
7058,76076282,76076782,500,0,100.0,0.0
7059,76076782,76077282,500,0,100.0,0.0
7060,76077282,76077782,500,0,100.0,0.0
7061,76077782,76078282,500,0,100.0,0.0
7062,76078282,76078782,500,0,100.0,0.0
7063,76078782,76079282,500,0,100.0,0.0
7064,76079282,76079782,500,0,100.0,0.0
7065,76079782,76080282,500,0,100.0,0.0
7066,76080282,76080782,500,0,100.0,0.0
7067,76080782,76081282,500,0,100.0,0.0
7068,76081282,76081782,500,0,100.0,0.0
7069,76081782,76082282,500,0,100.0,0.0
7070,76082282,76082782,500,0,100.0,0.0
7071,76082782,76083282,500,0,100.0,0.0
7072,76083282,76083782,500,0,100.0,0.0
7073,76083782,76084282,53,447,10.6,89.4
7074,76084282,76084782,75,425,15.0,85.0
7075,76084782,76085282,140,360,28.000000000000004,72.0
7076,76085282,76085782,500,0,100.0,0.0
7077,76085782,76086282,500,0,100.0,0.0
7078,76086282,76086782,500,0,100.0,0.0
7079,76086782,76087282,500,0,100.0,0.0
7080,76087282,76087782,500,0,100.0,0.0
7081,76087782,76088282,500,0,100.0,0.0
7082,76088282,76088782,500,0,100.0,0.0
7083,76088782,76089282,500,0,100.0,0.0
7084,76089282,76089782,500,0,100.0,0.0
7085,76089782,76090282,500,0,100.0,0.0
7086,76090282,76090782,500,0,100.0,0.0
7087,76090782,76091282,500,0,100.0,0.0
7088,76091282,76091782,500,0,100.0,0.0
7089,76091782,76092282,500,0,100.0,0.0
7090,76092282,76092782,500,0,100.0,0.0
7091,76092782,76093282,500,0,100.0,0.0
7092,76093282,76093782,500,0,100.0,0.0
7093,76093782,76094282,500,0,100.0,0.0
7094,76094282,76094782,500,0,100.0,0.0
7095,76094782,76095282,500,0,100.0,0.0
7096,76095282,76095782,500,0,100.0,0.0
7097,76095782,76096282,500,0,100.0,0.0
7098,76096282,76096782,500,0,100.0,0.0
7099,76096782,76097282,500,0,100.0,0.0
7100,76097282,76097782,414,86,82.8,17.200000000000003
7101,76097782,76098282,8,492,1.6,98.4
7102,76098282,76098782,49,451,9.8,90.2
7103,76098782,76099282,390,110,78.0,22.0
7104,76099282,76099782,500,0,100.0,0.0
7105,76099782,76100282,500,0,100.0,0.0
7106,76100282,76100782,500,0,100.0,0.0
7107,76100782,76101282,500,0,100.0,0.0
7108,76101282,76101782,500,0,100.0,0.0
7109,76101782,76102282,500,0,100.0,0.0
7110,76102282,76102782,500,0,100.0,0.0
7111,76102782,76103282,500,0,100.0,0.0
7112,76103282,76103782,500,0,100.0,0.0
7113,76103782,76104282,500,0,100.0,0.0
7114,76104282,76104782,500,0,100.0,0.0
7115,76104782,76105282,500,0,100.0,0.0
7116,76105282,76105782,500,0,100.0,0.0
7117,76105782,76106282,500,0,100.0,0.0
7118,76106282,76106782,500,0,100.0,0.0
7119,76106782,76107282,500,0,100.0,0.0
7120,76107282,76107782,500,0,100.0,0.0
7121,76107782,76108282,500,0,100.0,0.0
7122,76108282,76108782,500,0,100.0,0.0
7123,76108782,76109282,500,0,100.0,0.0
7124,76109282,76109782,500,0,100.0,0.0
7125,76109782,76110282,500,0,100.0,0.0
7126,76110282,76110782,500,0,100.0,0.0
7127,76110782,76111282,174,326,34.8,65.2
7128,76111282,76111782,59,441,11.799999999999999,88.2
7129,76111782,76112282,109,391,21.8,78.2
7130,76112282,76112782,500,0,100.0,0.0
7131,76112782,76113282,500,0,100.0,0.0
7132,76113282,76113782,500,0,100.0,0.0
7133,76113782,76114282,500,0,100.0,0.0
7134,76114282,76114782,500,0,100.0,0.0
7135,76114782,76115282,500,0,100.0,0.0
7136,76115282,76115782,500,0,100.0,0.0
7137,76115782,76116282,500,0,100.0,0.0
7138,76116282,76116782,500,0,100.0,0.0
7139,76116782,76117282,500,0,100.0,0.0
7140,76117282,76117782,500,0,100.0,0.0
7141,76117782,76118282,500,0,100.0,0.0
7142,76118282,76118782,500,0,100.0,0.0
7143,76118782,76119282,500,0,100.0,0.0
7144,76119282,76119782,500,0,100.0,0.0
7145,76119782,76120282,500,0,100.0,0.0
7146,76120282,76120782,500,0,100.0,0.0
7147,76120782,76121282,500,0,100.0,0.0
7148,76121282,76121782,500,0,100.0,0.0
7149,76121782,76122282,500,0,100.0,0.0
7150,76122282,76122782,500,0,100.0,0.0
7151,76122782,76123282,500,0,100.0,0.0
7152,76123282,76123782,500,0,100.0,0.0
7153,76123782,76124282,414,86,82.8,17.200000000000003
7154,76124282,76124782,8,492,1.6,98.4
7155,76124782,76125282,47,453,9.4,90.6
7156,76125282,76125782,410,90,82.0,18.0
7157,76125782,76126282,500,0,100.0,0.0
7158,76126282,76126782,500,0,100.0,0.0
7159,76126782,76127282,500,0,100.0,0.0
7160,76127282,76127782,500,0,100.0,0.0
7161,76127782,76128282,500,0,100.0,0.0
7162,76128282,76128782,500,0,100.0,0.0
7163,76128782,76129282,500,0,100.0,0.0
7164,76129282,76129782,500,0,100.0,0.0
7165,76129782,76130282,500,0,100.0,0.0
7166,76130282,76130782,500,0,100.0,0.0
7167,76130782,76131282,500,0,100.0,0.0
7168,76131282,76131782,500,0,100.0,0.0
7169,76131782,76132282,500,0,100.0,0.0
7170,76132282,76132782,500,0,100.0,0.0
7171,76132782,76133282,500,0,100.0,0.0
7172,76133282,76133782,500,0,100.0,0.0
7173,76133782,76134282,500,0,100.0,0.0
7174,76134282,76134782,500,0,100.0,0.0
7175,76134782,76135282,500,0,100.0,0.0
7176,76135282,76135782,500,0,100.0,0.0
7177,76135782,76136282,500,0,100.0,0.0
7178,76136282,76136782,500,0,100.0,0.0
7179,76136782,76137282,500,0,100.0,0.0
7180,76137282,76137782,163,337,32.6,67.4
7181,76137782,76138282,47,453,9.4,90.6
7182,76138282,76138782,200,300,40.0,60.0
7183,76138782,76139282,500,0,100.0,0.0
7184,76139282,76139782,500,0,100.0,0.0
7185,76139782,76140282,500,0,100.0,0.0
7186,76140282,76140782,500,0,100.0,0.0
7187,76140782,76141282,500,0,100.0,0.0
7188,76141282,76141782,500,0,100.0,0.0
7189,76141782,76142282,500,0,100.0,0.0
7190,76142282,76142782,500,0,100.0,0.0
7191,76142782,76143282,500,0,100.0,0.0
7192,76143282,76143782,500,0,100.0,0.0
7193,76143782,76144282,500,0,100.0,0.0
7194,76144282,76144782,500,0,100.0,0.0
7195,76144782,76145282,500,0,100.0,0.0
7196,76145282,76145782,500,0,100.0,0.0
7197,76145782,76146282,500,0,100.0,0.0
7198,76146282,76146782,500,0,100.0,0.0
7199,76146782,76147282,500,0,100.0,0.0
7200,76147282,76147782,500,0,100.0,0.0
7201,76147782,76148282,500,0,100.0,0.0
7202,76148282,76148782,500,0,100.0,0.0
7203,76148782,76149282,500,0,100.0,0.0
7204,76149282,76149782,500,0,100.0,0.0
7205,76149782,76150282,500,0,100.0,0.0
7206,76150282,76150782,500,0,100.0,0.0
7207,76150782,76151282,500,0,100.0,0.0
7208,76151282,76151782,178,322,35.6,64.4
7209,76151782,76152282,58,442,11.600000000000001,88.4
7210,76152282,76152782,85,415,17.0,83.0
7211,76152782,76153282,500,0,100.0,0.0
7212,76153282,76153782,500,0,100.0,0.0
7213,76153782,76154282,500,0,100.0,0.0
7214,76154282,76154782,500,0,100.0,0.0
7215,76154782,76155282,500,0,100.0,0.0
7216,76155282,76155782,500,0,100.0,0.0
7217,76155782,76156282,500,0,100.0,0.0
7218,76156282,76156782,500,0,100.0,0.0
7219,76156782,76157282,500,0,100.0,0.0
7220,76157282,76157782,500,0,100.0,0.0
7221,76157782,76158282,500,0,100.0,0.0
7222,76158282,76158782,500,0,100.0,0.0
7223,76158782,76159282,500,0,100.0,0.0
7224,76159282,76159782,500,0,100.0,0.0
7225,76159782,76160282,500,0,100.0,0.0
7226,76160282,76160782,500,0,100.0,0.0
7227,76160782,76161282,500,0,100.0,0.0
7228,76161282,76161782,500,0,100.0,0.0
7229,76161782,76162282,500,0,100.0,0.0
7230,76162282,76162782,500,0,100.0,0.0
7231,76162782,76163282,500,0,100.0,0.0
7232,76163282,76163782,500,0,100.0,0.0
7233,76163782,76164282,500,0,100.0,0.0
7234,76164282,76164782,500,0,100.0,0.0
7235,76164782,76165282,500,0,100.0,0.0
7236,76165282,76165782,146,354,29.2,70.8
7237,76165782,76166282,50,450,10.0,90.0
7238,76166282,76166782,140,360,28.000000000000004,72.0
7239,76166782,76167282,500,0,100.0,0.0
7240,76167282,76167782,500,0,100.0,0.0
7241,76167782,76168282,500,0,100.0,0.0
7242,76168282,76168782,500,0,100.0,0.0
7243,76168782,76169282,500,0,100.0,0.0
7244,76169282,76169782,500,0,100.0,0.0
7245,76169782,76170282,500,0,100.0,0.0
7246,76170282,76170782,500,0,100.0,0.0
7247,76170782,76171282,500,0,100.0,0.0
7248,76171282,76171782,500,0,100.0,0.0
7249,76171782,76172282,500,0,100.0,0.0
7250,76172282,76172782,500,0,100.0,0.0
7251,76172782,76173282,500,0,100.0,0.0
7252,76173282,76173782,500,0,100.0,0.0
7253,76173782,76174282,500,0,100.0,0.0
7254,76174282,76174782,500,0,100.0,0.0
7255,76174782,76175282,500,0,100.0,0.0
7256,76175282,76175782,500,0,100.0,0.0
7257,76175782,76176282,500,0,100.0,0.0
7258,76176282,76176782,500,0,100.0,0.0
7259,76176782,76177282,500,0,100.0,0.0
7260,76177282,76177782,500,0,100.0,0.0
7261,76177782,76178282,500,0,100.0,0.0
7262,76178282,76178782,500,0,100.0,0.0
7263,76178782,76179282,349,151,69.8,30.200000000000003
7264,76179282,76179782,18,482,3.5999999999999996,96.4
7265,76179782,76180282,32,468,6.4,93.6
7266,76180282,76180782,488,12,97.6,2.4000000000000057
7267,76180782,76181282,500,0,100.0,0.0
7268,76181282,76181782,500,0,100.0,0.0
7269,76181782,76182282,500,0,100.0,0.0
7270,76182282,76182782,500,0,100.0,0.0
7271,76182782,76183282,500,0,100.0,0.0
7272,76183282,76183782,500,0,100.0,0.0
7273,76183782,76184282,500,0,100.0,0.0
7274,76184282,76184782,500,0,100.0,0.0
7275,76184782,76185282,500,0,100.0,0.0
7276,76185282,76185782,500,0,100.0,0.0
7277,76185782,76186282,500,0,100.0,0.0
7278,76186282,76186782,500,0,100.0,0.0
7279,76186782,76187282,500,0,100.0,0.0
7280,76187282,76187782,500,0,100.0,0.0
7281,76187782,76188282,500,0,100.0,0.0
7282,76188282,76188782,500,0,100.0,0.0
7283,76188782,76189282,500,0,100.0,0.0
7284,76189282,76189782,500,0,100.0,0.0
7285,76189782,76190282,500,0,100.0,0.0
7286,76190282,76190782,500,0,100.0,0.0
7287,76190782,76191282,500,0,100.0,0.0
7288,76191282,76191782,500,0,100.0,0.0
7289,76191782,76192282,500,0,100.0,0.0
7290,76192282,76192782,500,0,100.0,0.0
7291,76192782,76193282,500,0,100.0,0.0
7292,76193282,76193782,144,356,28.799999999999997,71.2
7293,76193782,76194282,58,442,11.600000000000001,88.4
7294,76194282,76194782,184,316,36.8,63.2
7295,76194782,76195282,500,0,100.0,0.0
7296,76195282,76195782,500,0,100.0,0.0
7297,76195782,76196282,500,0,100.0,0.0
7298,76196282,76196782,500,0,100.0,0.0
7299,76196782,76197282,500,0,100.0,0.0
7300,76197282,76197782,500,0,100.0,0.0
7301,76197782,76198282,500,0,100.0,0.0
7302,76198282,76198782,500,0,100.0,0.0
7303,76198782,76199282,500,0,100.0,0.0
7304,76199282,76199782,500,0,100.0,0.0
7305,76199782,76200282,500,0,100.0,0.0
7306,76200282,76200782,500,0,100.0,0.0
7307,76200782,76201282,500,0,100.0,0.0
7308,76201282,76201782,500,0,100.0,0.0
7309,76201782,76202282,500,0,100.0,0.0
7310,76202282,76202782,500,0,100.0,0.0
7311,76202782,76203282,500,0,100.0,0.0
7312,76203282,76203782,500,0,100.0,0.0
7313,76203782,76204282,500,0,100.0,0.0
7314,76204282,76204782,500,0,100.0,0.0
7315,76204782,76205282,500,0,100.0,0.0
7316,76205282,76205782,500,0,100.0,0.0
7317,76205782,76206282,500,0,100.0,0.0
7318,76206282,76206782,364,136,72.8,27.200000000000003
7319,76206782,76207282,8,492,1.6,98.4
7320,76207282,76207782,63,437,12.6,87.4
7321,76207782,76208282,453,47,90.60000000000001,9.399999999999991
7322,76208282,76208782,500,0,100.0,0.0
7323,76208782,76209282,500,0,100.0,0.0
7324,76209282,76209782,500,0,100.0,0.0
7325,76209782,76210282,500,0,100.0,0.0
7326,76210282,76210782,500,0,100.0,0.0
7327,76210782,76211282,500,0,100.0,0.0
7328,76211282,76211782,500,0,100.0,0.0
7329,76211782,76212282,500,0,100.0,0.0
7330,76212282,76212782,500,0,100.0,0.0
7331,76212782,76213282,500,0,100.0,0.0
7332,76213282,76213782,500,0,100.0,0.0
7333,76213782,76214282,500,0,100.0,0.0
7334,76214282,76214782,500,0,100.0,0.0
7335,76214782,76215282,500,0,100.0,0.0
7336,76215282,76215782,500,0,100.0,0.0
7337,76215782,76216282,500,0,100.0,0.0
7338,76216282,76216782,500,0,100.0,0.0
7339,76216782,76217282,500,0,100.0,0.0
7340,76217282,76217782,500,0,100.0,0.0
7341,76217782,76218282,500,0,100.0,0.0
7342,76218282,76218782,500,0,100.0,0.0
7343,76218782,76219282,500,0,100.0,0.0
7344,76219282,76219782,500,0,100.0,0.0
7345,76219782,76220282,109,391,21.8,78.2
7346,76220282,76220782,48,452,9.6,90.4
7347,76220782,76221282,179,321,35.8,64.2
7348,76221282,76221782,500,0,100.0,0.0
7349,76221782,76222282,500,0,100.0,0.0
7350,76222282,76222782,500,0,100.0,0.0
7351,76222782,76223282,500,0,100.0,0.0
7352,76223282,76223782,500,0,100.0,0.0
7353,76223782,76224282,500,0,100.0,0.0
7354,76224282,76224782,500,0,100.0,0.0
7355,76224782,76225282,500,0,100.0,0.0
7356,76225282,76225782,500,0,100.0,0.0
7357,76225782,76226282,500,0,100.0,0.0
7358,76226282,76226782,500,0,100.0,0.0
7359,76226782,76227282,500,0,100.0,0.0
7360,76227282,76227782,500,0,100.0,0.0
7361,76227782,76228282,500,0,100.0,0.0
7362,76228282,76228782,500,0,100.0,0.0
7363,76228782,76229282,500,0,100.0,0.0
7364,76229282,76229782,500,0,100.0,0.0
7365,76229782,76230282,500,0,100.0,0.0
7366,76230282,76230782,500,0,100.0,0.0
7367,76230782,76231282,500,0,100.0,0.0
7368,76231282,76231782,500,0,100.0,0.0
7369,76231782,76232282,500,0,100.0,0.0
7370,76232282,76232782,500,0,100.0,0.0
7371,76232782,76233282,361,139,72.2,27.799999999999997
7372,76233282,76233782,40,460,8.0,92.0
7373,76233782,76234282,23,477,4.6,95.4
7374,76234282,76234782,500,0,100.0,0.0
7375,76234782,76235282,500,0,100.0,0.0
7376,76235282,76235782,500,0,100.0,0.0
7377,76235782,76236282,500,0,100.0,0.0
7378,76236282,76236782,500,0,100.0,0.0
7379,76236782,76237282,500,0,100.0,0.0
7380,76237282,76237782,500,0,100.0,0.0
7381,76237782,76238282,500,0,100.0,0.0
7382,76238282,76238782,500,0,100.0,0.0
7383,76238782,76239282,500,0,100.0,0.0
7384,76239282,76239782,500,0,100.0,0.0
7385,76239782,76240282,500,0,100.0,0.0
7386,76240282,76240782,500,0,100.0,0.0
7387,76240782,76241282,500,0,100.0,0.0
7388,76241282,76241782,500,0,100.0,0.0
7389,76241782,76242282,500,0,100.0,0.0
7390,76242282,76242782,500,0,100.0,0.0
7391,76242782,76243282,500,0,100.0,0.0
7392,76243282,76243782,500,0,100.0,0.0
7393,76243782,76244282,500,0,100.0,0.0
7394,76244282,76244782,500,0,100.0,0.0
7395,76244782,76245282,500,0,100.0,0.0
7396,76245282,76245782,500,0,100.0,0.0
7397,76245782,76246282,370,130,74.0,26.0
7398,76246282,76246782,9,491,1.7999999999999998,98.2
7399,76246782,76247282,47,453,9.4,90.6
7400,76247282,76247782,288,212,57.599999999999994,42.400000000000006
7401,76247782,76248282,500,0,100.0,0.0
7402,76248282,76248782,500,0,100.0,0.0
7403,76248782,76249282,500,0,100.0,0.0
7404,76249282,76249782,500,0,100.0,0.0
7405,76249782,76250282,500,0,100.0,0.0
7406,76250282,76250782,500,0,100.0,0.0
7407,76250782,76251282,500,0,100.0,0.0
7408,76251282,76251782,500,0,100.0,0.0
7409,76251782,76252282,500,0,100.0,0.0
7410,76252282,76252782,500,0,100.0,0.0
7411,76252782,76253282,500,0,100.0,0.0
7412,76253282,76253782,500,0,100.0,0.0
7413,76253782,76254282,500,0,100.0,0.0
7414,76254282,76254782,500,0,100.0,0.0
7415,76254782,76255282,500,0,100.0,0.0
7416,76255282,76255782,500,0,100.0,0.0
7417,76255782,76256282,500,0,100.0,0.0
7418,76256282,76256782,500,0,100.0,0.0
7419,76256782,76257282,500,0,100.0,0.0
7420,76257282,76257782,500,0,100.0,0.0
7421,76257782,76258282,500,0,100.0,0.0
7422,76258282,76258782,500,0,100.0,0.0
7423,76258782,76259282,500,0,100.0,0.0
7424,76259282,76259782,500,0,100.0,0.0
7425,76259782,76260282,381,119,76.2,23.799999999999997
7426,76260282,76260782,8,492,1.6,98.4
7427,76260782,76261282,51,449,10.2,89.8
7428,76261282,76261782,360,140,72.0,28.0
7429,76261782,76262282,500,0,100.0,0.0
7430,76262282,76262782,500,0,100.0,0.0
7431,76262782,76263282,500,0,100.0,0.0
7432,76263282,76263782,500,0,100.0,0.0
7433,76263782,76264282,500,0,100.0,0.0
7434,76264282,76264782,500,0,100.0,0.0
7435,76264782,76265282,500,0,100.0,0.0
7436,76265282,76265782,500,0,100.0,0.0
7437,76265782,76266282,500,0,100.0,0.0
7438,76266282,76266782,500,0,100.0,0.0
7439,76266782,76267282,500,0,100.0,0.0
7440,76267282,76267782,500,0,100.0,0.0
7441,76267782,76268282,500,0,100.0,0.0
7442,76268282,76268782,500,0,100.0,0.0
7443,76268782,76269282,500,0,100.0,0.0
7444,76269282,76269782,500,0,100.0,0.0
7445,76269782,76270282,500,0,100.0,0.0
7446,76270282,76270782,500,0,100.0,0.0
7447,76270782,76271282,500,0,100.0,0.0
7448,76271282,76271782,500,0,100.0,0.0
7449,76271782,76272282,500,0,100.0,0.0
7450,76272282,76272782,500,0,100.0,0.0
7451,76272782,76273282,500,0,100.0,0.0
7452,76273282,76273782,500,0,100.0,0.0
7453,76273782,76274282,382,118,76.4,23.599999999999994
7454,76274282,76274782,9,491,1.7999999999999998,98.2
7455,76274782,76275282,47,453,9.4,90.6
7456,76275282,76275782,268,232,53.6,46.4
7457,76275782,76276282,500,0,100.0,0.0
7458,76276282,76276782,500,0,100.0,0.0
7459,76276782,76277282,500,0,100.0,0.0
7460,76277282,76277782,500,0,100.0,0.0
7461,76277782,76278282,500,0,100.0,0.0
7462,76278282,76278782,500,0,100.0,0.0
7463,76278782,76279282,500,0,100.0,0.0
7464,76279282,76279782,500,0,100.0,0.0
7465,76279782,76280282,500,0,100.0,0.0
7466,76280282,76280782,500,0,100.0,0.0
7467,76280782,76281282,500,0,100.0,0.0
7468,76281282,76281782,500,0,100.0,0.0
7469,76281782,76282282,500,0,100.0,0.0
7470,76282282,76282782,500,0,100.0,0.0
7471,76282782,76283282,500,0,100.0,0.0
7472,76283282,76283782,500,0,100.0,0.0
7473,76283782,76284282,500,0,100.0,0.0
7474,76284282,76284782,500,0,100.0,0.0
7475,76284782,76285282,500,0,100.0,0.0
7476,76285282,76285782,500,0,100.0,0.0
7477,76285782,76286282,500,0,100.0,0.0
7478,76286282,76286782,500,0,100.0,0.0
7479,76286782,76287282,500,0,100.0,0.0
7480,76287282,76287782,500,0,100.0,0.0
7481,76287782,76288282,427,73,85.39999999999999,14.600000000000009
7482,76288282,76288782,8,492,1.6,98.4
7483,76288782,76289282,56,444,11.200000000000001,88.8
7484,76289282,76289782,364,136,72.8,27.200000000000003
7485,76289782,76290282,500,0,100.0,0.0
7486,76290282,76290782,500,0,100.0,0.0
7487,76290782,76291282,500,0,100.0,0.0
7488,76291282,76291782,500,0,100.0,0.0
7489,76291782,76292282,500,0,100.0,0.0
7490,76292282,76292782,500,0,100.0,0.0
7491,76292782,76293282,500,0,100.0,0.0
7492,76293282,76293782,500,0,100.0,0.0
7493,76293782,76294282,500,0,100.0,0.0
7494,76294282,76294782,500,0,100.0,0.0
7495,76294782,76295282,500,0,100.0,0.0
7496,76295282,76295782,500,0,100.0,0.0
7497,76295782,76296282,500,0,100.0,0.0
7498,76296282,76296782,500,0,100.0,0.0
7499,76296782,76297282,500,0,100.0,0.0
7500,76297282,76297782,500,0,100.0,0.0
7501,76297782,76298282,500,0,100.0,0.0
7502,76298282,76298782,500,0,100.0,0.0
7503,76298782,76299282,500,0,100.0,0.0
7504,76299282,76299782,500,0,100.0,0.0
7505,76299782,76300282,500,0,100.0,0.0
7506,76300282,76300782,500,0,100.0,0.0
7507,76300782,76301282,500,0,100.0,0.0
7508,76301282,76301782,216,284,43.2,56.8
7509,76301782,76302282,50,450,10.0,90.0
7510,76302282,76302782,104,396,20.8,79.2
7511,76302782,76303282,500,0,100.0,0.0
7512,76303282,76303782,500,0,100.0,0.0
7513,76303782,76304282,500,0,100.0,0.0
7514,76304282,76304782,500,0,100.0,0.0
7515,76304782,76305282,500,0,100.0,0.0
7516,76305282,76305782,500,0,100.0,0.0
7517,76305782,76306282,500,0,100.0,0.0
7518,76306282,76306782,500,0,100.0,0.0
7519,76306782,76307282,500,0,100.0,0.0
7520,76307282,76307782,500,0,100.0,0.0
7521,76307782,76308282,500,0,100.0,0.0
7522,76308282,76308782,500,0,100.0,0.0
7523,76308782,76309282,500,0,100.0,0.0
7524,76309282,76309782,500,0,100.0,0.0
7525,76309782,76310282,500,0,100.0,0.0
7526,76310282,76310782,500,0,100.0,0.0
7527,76310782,76311282,500,0,100.0,0.0
7528,76311282,76311782,500,0,100.0,0.0
7529,76311782,76312282,500,0,100.0,0.0
7530,76312282,76312782,500,0,100.0,0.0
7531,76312782,76313282,500,0,100.0,0.0
7532,76313282,76313782,500,0,100.0,0.0
7533,76313782,76314282,500,0,100.0,0.0
7534,76314282,76314782,477,23,95.39999999999999,4.6000000000000085
7535,76314782,76315282,8,492,1.6,98.4
7536,76315282,76315782,54,446,10.8,89.2
7537,76315782,76316282,384,116,76.8,23.200000000000003
7538,76316282,76316782,500,0,100.0,0.0
7539,76316782,76317282,500,0,100.0,0.0
7540,76317282,76317782,500,0,100.0,0.0
7541,76317782,76318282,500,0,100.0,0.0
7542,76318282,76318782,500,0,100.0,0.0
7543,76318782,76319282,500,0,100.0,0.0
7544,76319282,76319782,500,0,100.0,0.0
7545,76319782,76320282,500,0,100.0,0.0
7546,76320282,76320782,500,0,100.0,0.0
7547,76320782,76321282,500,0,100.0,0.0
7548,76321282,76321782,500,0,100.0,0.0
7549,76321782,76322282,500,0,100.0,0.0
7550,76322282,76322782,500,0,100.0,0.0
7551,76322782,76323282,500,0,100.0,0.0
7552,76323282,76323782,500,0,100.0,0.0
7553,76323782,76324282,500,0,100.0,0.0
7554,76324282,76324782,500,0,100.0,0.0
7555,76324782,76325282,500,0,100.0,0.0
7556,76325282,76325782,500,0,100.0,0.0
7557,76325782,76326282,500,0,100.0,0.0
7558,76326282,76326782,500,0,100.0,0.0
7559,76326782,76327282,500,0,100.0,0.0
7560,76327282,76327782,500,0,100.0,0.0
7561,76327782,76328282,12,488,2.4,97.6
7562,76328282,76328782,41,459,8.200000000000001,91.8
7563,76328782,76329282,391,109,78.2,21.799999999999997
7564,76329282,76329782,500,0,100.0,0.0
7565,76329782,76330282,500,0,100.0,0.0
7566,76330282,76330782,500,0,100.0,0.0
7567,76330782,76331282,500,0,100.0,0.0
7568,76331282,76331782,500,0,100.0,0.0
7569,76331782,76332282,500,0,100.0,0.0
7570,76332282,76332782,500,0,100.0,0.0
7571,76332782,76333282,500,0,100.0,0.0
7572,76333282,76333782,500,0,100.0,0.0
7573,76333782,76334282,500,0,100.0,0.0
7574,76334282,76334782,500,0,100.0,0.0
7575,76334782,76335282,500,0,100.0,0.0
7576,76335282,76335782,500,0,100.0,0.0
7577,76335782,76336282,500,0,100.0,0.0
7578,76336282,76336782,500,0,100.0,0.0
7579,76336782,76337282,500,0,100.0,0.0
7580,76337282,76337782,500,0,100.0,0.0
7581,76337782,76338282,500,0,100.0,0.0
7582,76338282,76338782,500,0,100.0,0.0
7583,76338782,76339282,500,0,100.0,0.0
7584,76339282,76339782,500,0,100.0,0.0
7585,76339782,76340282,500,0,100.0,0.0
7586,76340282,76340782,500,0,100.0,0.0
7587,76340782,76341282,19,481,3.8,96.2
7588,76341282,76341782,42,458,8.4,91.6
7589,76341782,76342282,243,257,48.6,51.4
7590,76342282,76342782,500,0,100.0,0.0
7591,76342782,76343282,500,0,100.0,0.0
7592,76343282,76343782,500,0,100.0,0.0
7593,76343782,76344282,500,0,100.0,0.0
7594,76344282,76344782,500,0,100.0,0.0
7595,76344782,76345282,500,0,100.0,0.0
7596,76345282,76345782,500,0,100.0,0.0
7597,76345782,76346282,500,0,100.0,0.0
7598,76346282,76346782,500,0,100.0,0.0
7599,76346782,76347282,500,0,100.0,0.0
7600,76347282,76347782,500,0,100.0,0.0
7601,76347782,76348282,500,0,100.0,0.0
7602,76348282,76348782,500,0,100.0,0.0
7603,76348782,76349282,500,0,100.0,0.0
7604,76349282,76349782,500,0,100.0,0.0
7605,76349782,76350282,500,0,100.0,0.0
7606,76350282,76350782,500,0,100.0,0.0
7607,76350782,76351282,500,0,100.0,0.0
7608,76351282,76351782,500,0,100.0,0.0
7609,76351782,76352282,500,0,100.0,0.0
7610,76352282,76352782,500,0,100.0,0.0
7611,76352782,76353282,500,0,100.0,0.0
7612,76353282,76353782,500,0,100.0,0.0
7613,76353782,76354282,191,309,38.2,61.8
7614,76354282,76354782,15,485,3.0,97.0
7615,76354782,76355282,55,445,11.0,89.0
7616,76355282,76355782,161,339,32.2,67.8
7617,76355782,76356282,500,0,100.0,0.0
7618,76356282,76356782,500,0,100.0,0.0
7619,76356782,76357282,500,0,100.0,0.0
7620,76357282,76357782,500,0,100.0,0.0
7621,76357782,76358282,500,0,100.0,0.0
7622,76358282,76358782,500,0,100.0,0.0
7623,76358782,76359282,500,0,100.0,0.0
7624,76359282,76359782,500,0,100.0,0.0
7625,76359782,76360282,500,0,100.0,0.0
7626,76360282,76360782,500,0,100.0,0.0
7627,76360782,76361282,500,0,100.0,0.0
7628,76361282,76361782,500,0,100.0,0.0
7629,76361782,76362282,500,0,100.0,0.0
7630,76362282,76362782,500,0,100.0,0.0
7631,76362782,76363282,500,0,100.0,0.0
7632,76363282,76363782,500,0,100.0,0.0
7633,76363782,76364282,500,0,100.0,0.0
7634,76364282,76364782,500,0,100.0,0.0
7635,76364782,76365282,500,0,100.0,0.0
7636,76365282,76365782,500,0,100.0,0.0
7637,76365782,76366282,500,0,100.0,0.0
7638,76366282,76366782,500,0,100.0,0.0
7639,76366782,76367282,500,0,100.0,0.0
7640,76367282,76367782,500,0,100.0,0.0
7641,76367782,76368282,500,0,100.0,0.0
7642,76368282,76368782,500,0,100.0,0.0
7643,76368782,76369282,414,86,82.8,17.200000000000003
7644,76369282,76369782,8,492,1.6,98.4
7645,76369782,76370282,56,444,11.200000000000001,88.8
7646,76370282,76370782,290,210,57.99999999999999,42.00000000000001
7647,76370782,76371282,500,0,100.0,0.0
7648,76371282,76371782,500,0,100.0,0.0
7649,76371782,76372282,500,0,100.0,0.0
7650,76372282,76372782,500,0,100.0,0.0
7651,76372782,76373282,500,0,100.0,0.0
7652,76373282,76373782,500,0,100.0,0.0
7653,76373782,76374282,500,0,100.0,0.0
7654,76374282,76374782,500,0,100.0,0.0
7655,76374782,76375282,500,0,100.0,0.0
7656,76375282,76375782,500,0,100.0,0.0
7657,76375782,76376282,500,0,100.0,0.0
7658,76376282,76376782,500,0,100.0,0.0
7659,76376782,76377282,500,0,100.0,0.0
7660,76377282,76377782,500,0,100.0,0.0
7661,76377782,76378282,500,0,100.0,0.0
7662,76378282,76378782,500,0,100.0,0.0
7663,76378782,76379282,500,0,100.0,0.0
7664,76379282,76379782,500,0,100.0,0.0
7665,76379782,76380282,500,0,100.0,0.0
7666,76380282,76380782,500,0,100.0,0.0
7667,76380782,76381282,500,0,100.0,0.0
7668,76381282,76381782,500,0,100.0,0.0
7669,76381782,76382282,500,0,100.0,0.0
7670,76382282,76382782,500,0,100.0,0.0
7671,76382782,76383282,300,200,60.0,40.0
7672,76383282,76383782,57,443,11.4,88.6
7673,76383782,76384282,8,492,1.6,98.4
7674,76384282,76384782,482,18,96.39999999999999,3.6000000000000085
7675,76384782,76385282,500,0,100.0,0.0
7676,76385282,76385782,500,0,100.0,0.0
7677,76385782,76386282,500,0,100.0,0.0
7678,76386282,76386782,500,0,100.0,0.0
7679,76386782,76387282,500,0,100.0,0.0
7680,76387282,76387782,500,0,100.0,0.0
7681,76387782,76388282,500,0,100.0,0.0
7682,76388282,76388782,500,0,100.0,0.0
7683,76388782,76389282,500,0,100.0,0.0
7684,76389282,76389782,500,0,100.0,0.0
7685,76389782,76390282,500,0,100.0,0.0
7686,76390282,76390782,500,0,100.0,0.0
7687,76390782,76391282,500,0,100.0,0.0
7688,76391282,76391782,500,0,100.0,0.0
7689,76391782,76392282,500,0,100.0,0.0
7690,76392282,76392782,500,0,100.0,0.0
7691,76392782,76393282,500,0,100.0,0.0
7692,76393282,76393782,500,0,100.0,0.0
7693,76393782,76394282,500,0,100.0,0.0
7694,76394282,76394782,500,0,100.0,0.0
7695,76394782,76395282,500,0,100.0,0.0
7696,76395282,76395782,500,0,100.0,0.0
7697,76395782,76396282,500,0,100.0,0.0
7698,76396282,76396782,441,59,88.2,11.799999999999997
7699,76396782,76397282,8,492,1.6,98.4
7700,76397282,76397782,50,450,10.0,90.0
7701,76397782,76398282,427,73,85.39999999999999,14.600000000000009
7702,76398282,76398782,500,0,100.0,0.0
7703,76398782,76399282,500,0,100.0,0.0
7704,76399282,76399782,500,0,100.0,0.0
7705,76399782,76400282,500,0,100.0,0.0
7706,76400282,76400782,500,0,100.0,0.0
7707,76400782,76401282,500,0,100.0,0.0
7708,76401282,76401782,500,0,100.0,0.0
7709,76401782,76402282,500,0,100.0,0.0
7710,76402282,76402782,500,0,100.0,0.0
7711,76402782,76403282,500,0,100.0,0.0
7712,76403282,76403782,500,0,100.0,0.0
7713,76403782,76404282,500,0,100.0,0.0
7714,76404282,76404782,500,0,100.0,0.0
7715,76404782,76405282,500,0,100.0,0.0
7716,76405282,76405782,500,0,100.0,0.0
7717,76405782,76406282,500,0,100.0,0.0
7718,76406282,76406782,500,0,100.0,0.0
7719,76406782,76407282,500,0,100.0,0.0
7720,76407282,76407782,500,0,100.0,0.0
7721,76407782,76408282,500,0,100.0,0.0
7722,76408282,76408782,500,0,100.0,0.0
7723,76408782,76409282,500,0,100.0,0.0
7724,76409282,76409782,500,0,100.0,0.0
7725,76409782,76410282,500,0,100.0,0.0
7726,76410282,76410782,190,310,38.0,62.0
7727,76410782,76411282,49,451,9.8,90.2
7728,76411282,76411782,101,399,20.200000000000003,79.8
7729,76411782,76412282,500,0,100.0,0.0
7730,76412282,76412782,500,0,100.0,0.0
7731,76412782,76413282,500,0,100.0,0.0
7732,76413282,76413782,500,0,100.0,0.0
7733,76413782,76414282,500,0,100.0,0.0
7734,76414282,76414782,500,0,100.0,0.0
7735,76414782,76415282,500,0,100.0,0.0
7736,76415282,76415782,500,0,100.0,0.0
7737,76415782,76416282,500,0,100.0,0.0
7738,76416282,76416782,500,0,100.0,0.0
7739,76416782,76417282,500,0,100.0,0.0
7740,76417282,76417782,500,0,100.0,0.0
7741,76417782,76418282,500,0,100.0,0.0
7742,76418282,76418782,500,0,100.0,0.0
7743,76418782,76419282,500,0,100.0,0.0
7744,76419282,76419782,500,0,100.0,0.0
7745,76419782,76420282,500,0,100.0,0.0
7746,76420282,76420782,500,0,100.0,0.0
7747,76420782,76421282,500,0,100.0,0.0
7748,76421282,76421782,500,0,100.0,0.0
7749,76421782,76422282,500,0,100.0,0.0
7750,76422282,76422782,500,0,100.0,0.0
7751,76422782,76423282,500,0,100.0,0.0
7752,76423282,76423782,500,0,100.0,0.0
7753,76423782,76424282,490,10,98.0,2.0
7754,76424282,76424782,9,491,1.7999999999999998,98.2
7755,76424782,76425282,39,461,7.8,92.2
7756,76425282,76425782,298,202,59.599999999999994,40.400000000000006
7757,76425782,76426282,500,0,100.0,0.0
7758,76426282,76426782,500,0,100.0,0.0
7759,76426782,76427282,500,0,100.0,0.0
7760,76427282,76427782,500,0,100.0,0.0
7761,76427782,76428282,500,0,100.0,0.0
7762,76428282,76428782,500,0,100.0,0.0
7763,76428782,76429282,500,0,100.0,0.0
7764,76429282,76429782,500,0,100.0,0.0
7765,76429782,76430282,500,0,100.0,0.0
7766,76430282,76430782,500,0,100.0,0.0
7767,76430782,76431282,500,0,100.0,0.0
7768,76431282,76431782,500,0,100.0,0.0
7769,76431782,76432282,500,0,100.0,0.0
7770,76432282,76432782,500,0,100.0,0.0
7771,76432782,76433282,500,0,100.0,0.0
7772,76433282,76433782,500,0,100.0,0.0
7773,76433782,76434282,500,0,100.0,0.0
7774,76434282,76434782,500,0,100.0,0.0
7775,76434782,76435282,500,0,100.0,0.0
7776,76435282,76435782,500,0,100.0,0.0
7777,76435782,76436282,500,0,100.0,0.0
7778,76436282,76436782,500,0,100.0,0.0
7779,76436782,76437282,500,0,100.0,0.0
7780,76437282,76437782,500,0,100.0,0.0
7781,76437782,76438282,500,0,100.0,0.0
7782,76438282,76438782,385,115,77.0,23.0
7783,76438782,76439282,9,491,1.7999999999999998,98.2
7784,76439282,76439782,46,454,9.2,90.8
7785,76439782,76440282,424,76,84.8,15.200000000000003
7786,76440282,76440782,500,0,100.0,0.0
7787,76440782,76441282,500,0,100.0,0.0
7788,76441282,76441782,500,0,100.0,0.0
7789,76441782,76442282,500,0,100.0,0.0
7790,76442282,76442782,500,0,100.0,0.0
7791,76442782,76443282,500,0,100.0,0.0
7792,76443282,76443782,500,0,100.0,0.0
7793,76443782,76444282,500,0,100.0,0.0
7794,76444282,76444782,500,0,100.0,0.0
7795,76444782,76445282,500,0,100.0,0.0
7796,76445282,76445782,500,0,100.0,0.0
7797,76445782,76446282,500,0,100.0,0.0
7798,76446282,76446782,500,0,100.0,0.0
7799,76446782,76447282,500,0,100.0,0.0
7800,76447282,76447782,500,0,100.0,0.0
7801,76447782,76448282,500,0,100.0,0.0
7802,76448282,76448782,500,0,100.0,0.0
7803,76448782,76449282,500,0,100.0,0.0
7804,76449282,76449782,500,0,100.0,0.0
7805,76449782,76450282,500,0,100.0,0.0
7806,76450282,76450782,500,0,100.0,0.0
7807,76450782,76451282,500,0,100.0,0.0
7808,76451282,76451782,500,0,100.0,0.0
7809,76451782,76452282,500,0,100.0,0.0
7810,76452282,76452782,500,0,100.0,0.0
7811,76452782,76453282,84,416,16.8,83.2
7812,76453282,76453782,55,445,11.0,89.0
7813,76453782,76454282,70,430,14.000000000000002,86.0
7814,76454282,76454782,500,0,100.0,0.0
7815,76454782,76455282,500,0,100.0,0.0
7816,76455282,76455782,500,0,100.0,0.0
7817,76455782,76456282,500,0,100.0,0.0
7818,76456282,76456782,500,0,100.0,0.0
7819,76456782,76457282,500,0,100.0,0.0
7820,76457282,76457782,500,0,100.0,0.0
7821,76457782,76458282,500,0,100.0,0.0
7822,76458282,76458782,500,0,100.0,0.0
7823,76458782,76459282,500,0,100.0,0.0
7824,76459282,76459782,500,0,100.0,0.0
7825,76459782,76460282,500,0,100.0,0.0
7826,76460282,76460782,500,0,100.0,0.0
7827,76460782,76461282,500,0,100.0,0.0
7828,76461282,76461782,500,0,100.0,0.0
7829,76461782,76462282,500,0,100.0,0.0
7830,76462282,76462782,500,0,100.0,0.0
7831,76462782,76463282,500,0,100.0,0.0
7832,76463282,76463782,500,0,100.0,0.0
7833,76463782,76464282,500,0,100.0,0.0
7834,76464282,76464782,500,0,100.0,0.0
7835,76464782,76465282,500,0,100.0,0.0
7836,76465282,76465782,500,0,100.0,0.0
7837,76465782,76466282,500,0,100.0,0.0
7838,76466282,76466782,500,0,100.0,0.0
7839,76466782,76467282,500,0,100.0,0.0
7840,76467282,76467782,93,407,18.6,81.4
7841,76467782,76468282,56,444,11.200000000000001,88.8
7842,76468282,76468782,134,366,26.8,73.2
7843,76468782,76469282,500,0,100.0,0.0
7844,76469282,76469782,500,0,100.0,0.0
7845,76469782,76470282,500,0,100.0,0.0
7846,76470282,76470782,500,0,100.0,0.0
7847,76470782,76471282,500,0,100.0,0.0
7848,76471282,76471782,500,0,100.0,0.0
7849,76471782,76472282,500,0,100.0,0.0
7850,76472282,76472782,500,0,100.0,0.0
7851,76472782,76473282,500,0,100.0,0.0
7852,76473282,76473782,500,0,100.0,0.0
7853,76473782,76474282,500,0,100.0,0.0
7854,76474282,76474782,500,0,100.0,0.0
7855,76474782,76475282,500,0,100.0,0.0
7856,76475282,76475782,500,0,100.0,0.0
7857,76475782,76476282,500,0,100.0,0.0
7858,76476282,76476782,500,0,100.0,0.0
7859,76476782,76477282,500,0,100.0,0.0
7860,76477282,76477782,500,0,100.0,0.0
7861,76477782,76478282,500,0,100.0,0.0
7862,76478282,76478782,500,0,100.0,0.0
7863,76478782,76479282,500,0,100.0,0.0
7864,76479282,76479782,500,0,100.0,0.0
7865,76479782,76480282,500,0,100.0,0.0
7866,76480282,76480782,500,0,100.0,0.0
7867,76480782,76481282,500,0,100.0,0.0
7868,76481282,76481782,231,269,46.2,53.8
7869,76481782,76482282,46,454,9.2,90.8
7870,76482282,76482782,100,400,20.0,80.0
7871,76482782,76483282,500,0,100.0,0.0
7872,76483282,76483782,500,0,100.0,0.0
7873,76483782,76484282,500,0,100.0,0.0
7874,76484282,76484782,500,0,100.0,0.0
7875,76484782,76485282,500,0,100.0,0.0
7876,76485282,76485782,500,0,100.0,0.0
7877,76485782,76486282,500,0,100.0,0.0
7878,76486282,76486782,500,0,100.0,0.0
7879,76486782,76487282,500,0,100.0,0.0
7880,76487282,76487782,500,0,100.0,0.0
7881,76487782,76488282,500,0,100.0,0.0
7882,76488282,76488782,500,0,100.0,0.0
7883,76488782,76489282,500,0,100.0,0.0
7884,76489282,76489782,500,0,100.0,0.0
7885,76489782,76490282,500,0,100.0,0.0
7886,76490282,76490782,500,0,100.0,0.0
7887,76490782,76491282,500,0,100.0,0.0
7888,76491282,76491782,500,0,100.0,0.0
7889,76491782,76492282,500,0,100.0,0.0
7890,76492282,76492782,500,0,100.0,0.0
7891,76492782,76493282,500,0,100.0,0.0
7892,76493282,76493782,500,0,100.0,0.0
7893,76493782,76494282,500,0,100.0,0.0
7894,76494282,76494782,500,0,100.0,0.0
7895,76494782,76495282,500,0,100.0,0.0
7896,76495282,76495782,500,0,100.0,0.0
7897,76495782,76496282,500,0,100.0,0.0
7898,76496282,76496782,500,0,100.0,0.0
7899,76496782,76497282,500,0,100.0,0.0
7900,76497282,76497782,500,0,100.0,0.0
7901,76497782,76498282,500,0,100.0,0.0
7902,76498282,76498782,500,0,100.0,0.0
7903,76498782,76499282,500,0,100.0,0.0
7904,76499282,76499782,500,0,100.0,0.0
7905,76499782,76500282,500,0,100.0,0.0
7906,76500282,76500782,500,0,100.0,0.0
7907,76500782,76501282,500,0,100.0,0.0
7908,76501282,76501782,500,0,100.0,0.0
7909,76501782,76502282,500,0,100.0,0.0
7910,76502282,76502782,500,0,100.0,0.0
7911,76502782,76503282,500,0,100.0,0.0
7912,76503282,76503782,500,0,100.0,0.0
7913,76503782,76504282,500,0,100.0,0.0
7914,76504282,76504782,500,0,100.0,0.0
7915,76504782,76505282,500,0,100.0,0.0
7916,76505282,76505782,500,0,100.0,0.0
7917,76505782,76506282,500,0,100.0,0.0
7918,76506282,76506782,500,0,100.0,0.0
7919,76506782,76507282,500,0,100.0,0.0
7920,76507282,76507782,500,0,100.0,0.0
7921,76507782,76508282,500,0,100.0,0.0
7922,76508282,76508782,500,0,100.0,0.0
7923,76508782,76509282,500,0,100.0,0.0
7924,76509282,76509782,500,0,100.0,0.0
7925,76509782,76510282,500,0,100.0,0.0
7926,76510282,76510782,500,0,100.0,0.0
7927,76510782,76511282,500,0,100.0,0.0
7928,76511282,76511782,500,0,100.0,0.0
7929,76511782,76512282,500,0,100.0,0.0
7930,76512282,76512782,500,0,100.0,0.0
7931,76512782,76513282,500,0,100.0,0.0
7932,76513282,76513782,500,0,100.0,0.0
7933,76513782,76514282,500,0,100.0,0.0
7934,76514282,76514782,500,0,100.0,0.0
7935,76514782,76515282,500,0,100.0,0.0
7936,76515282,76515782,500,0,100.0,0.0
7937,76515782,76516282,500,0,100.0,0.0
7938,76516282,76516782,500,0,100.0,0.0
7939,76516782,76517282,500,0,100.0,0.0
7940,76517282,76517782,500,0,100.0,0.0
7941,76517782,76518282,500,0,100.0,0.0
7942,76518282,76518782,500,0,100.0,0.0
7943,76518782,76519282,500,0,100.0,0.0
7944,76519282,76519782,500,0,100.0,0.0
7945,76519782,76520282,500,0,100.0,0.0
7946,76520282,76520782,500,0,100.0,0.0
7947,76520782,76521282,500,0,100.0,0.0
7948,76521282,76521782,500,0,100.0,0.0
7949,76521782,76522282,500,0,100.0,0.0
7950,76522282,76522782,500,0,100.0,0.0
7951,76522782,76523282,500,0,100.0,0.0
7952,76523282,76523782,500,0,100.0,0.0
7953,76523782,76524282,500,0,100.0,0.0
7954,76524282,76524782,500,0,100.0,0.0
7955,76524782,76525282,500,0,100.0,0.0
7956,76525282,76525782,500,0,100.0,0.0
7957,76525782,76526282,500,0,100.0,0.0
7958,76526282,76526782,500,0,100.0,0.0
7959,76526782,76527282,500,0,100.0,0.0
7960,76527282,76527782,500,0,100.0,0.0
7961,76527782,76528282,500,0,100.0,0.0
7962,76528282,76528782,500,0,100.0,0.0
7963,76528782,76529282,500,0,100.0,0.0
7964,76529282,76529782,500,0,100.0,0.0
7965,76529782,76530282,500,0,100.0,0.0
7966,76530282,76530782,500,0,100.0,0.0
7967,76530782,76531282,500,0,100.0,0.0
7968,76531282,76531782,500,0,100.0,0.0
7969,76531782,76532282,500,0,100.0,0.0
7970,76532282,76532782,500,0,100.0,0.0
7971,76532782,76533282,500,0,100.0,0.0
7972,76533282,76533782,500,0,100.0,0.0
7973,76533782,76534282,500,0,100.0,0.0
7974,76534282,76534782,500,0,100.0,0.0
7975,76534782,76535282,500,0,100.0,0.0
7976,76535282,76535782,500,0,100.0,0.0
7977,76535782,76536282,500,0,100.0,0.0
7978,76536282,76536782,500,0,100.0,0.0
7979,76536782,76537282,500,0,100.0,0.0
7980,76537282,76537782,500,0,100.0,0.0
7981,76537782,76538282,500,0,100.0,0.0
7982,76538282,76538782,500,0,100.0,0.0
7983,76538782,76539282,500,0,100.0,0.0
7984,76539282,76539782,500,0,100.0,0.0
7985,76539782,76540282,500,0,100.0,0.0
7986,76540282,76540782,500,0,100.0,0.0
7987,76540782,76541282,500,0,100.0,0.0
7988,76541282,76541782,500,0,100.0,0.0
7989,76541782,76542282,500,0,100.0,0.0
7990,76542282,76542782,500,0,100.0,0.0
7991,76542782,76543282,500,0,100.0,0.0
7992,76543282,76543782,500,0,100.0,0.0
7993,76543782,76544282,500,0,100.0,0.0
7994,76544282,76544782,500,0,100.0,0.0
7995,76544782,76545282,500,0,100.0,0.0
7996,76545282,76545782,500,0,100.0,0.0
7997,76545782,76546282,500,0,100.0,0.0
7998,76546282,76546782,376,124,75.2,24.799999999999997
7999,76546782,76547282,9,491,1.7999999999999998,98.2
8000,76547282,76547782,63,437,12.6,87.4
8001,76547782,76548282,380,120,76.0,24.0
8002,76548282,76548782,500,0,100.0,0.0
8003,76548782,76549282,500,0,100.0,0.0
8004,76549282,76549782,500,0,100.0,0.0
8005,76549782,76550282,500,0,100.0,0.0
8006,76550282,76550782,500,0,100.0,0.0
8007,76550782,76551282,500,0,100.0,0.0
8008,76551282,76551782,500,0,100.0,0.0
8009,76551782,76552282,500,0,100.0,0.0
8010,76552282,76552782,500,0,100.0,0.0
8011,76552782,76553282,500,0,100.0,0.0
8012,76553282,76553782,500,0,100.0,0.0
8013,76553782,76554282,500,0,100.0,0.0
8014,76554282,76554782,500,0,100.0,0.0
8015,76554782,76555282,500,0,100.0,0.0
8016,76555282,76555782,500,0,100.0,0.0
8017,76555782,76556282,500,0,100.0,0.0
8018,76556282,76556782,500,0,100.0,0.0
8019,76556782,76557282,500,0,100.0,0.0
8020,76557282,76557782,500,0,100.0,0.0
8021,76557782,76558282,500,0,100.0,0.0
8022,76558282,76558782,500,0,100.0,0.0
8023,76558782,76559282,500,0,100.0,0.0
8024,76559282,76559782,500,0,100.0,0.0
8025,76559782,76560282,321,179,64.2,35.8
8026,76560282,76560782,46,454,9.2,90.8
8027,76560782,76561282,11,489,2.1999999999999997,97.8
8028,76561282,76561782,500,0,100.0,0.0
8029,76561782,76562282,500,0,100.0,0.0
8030,76562282,76562782,500,0,100.0,0.0
8031,76562782,76563282,500,0,100.0,0.0
8032,76563282,76563782,500,0,100.0,0.0
8033,76563782,76564282,500,0,100.0,0.0
8034,76564282,76564782,500,0,100.0,0.0
8035,76564782,76565282,500,0,100.0,0.0
8036,76565282,76565782,500,0,100.0,0.0
8037,76565782,76566282,500,0,100.0,0.0
8038,76566282,76566782,500,0,100.0,0.0
8039,76566782,76567282,500,0,100.0,0.0
8040,76567282,76567782,500,0,100.0,0.0
8041,76567782,76568282,500,0,100.0,0.0
8042,76568282,76568782,500,0,100.0,0.0
8043,76568782,76569282,500,0,100.0,0.0
8044,76569282,76569782,500,0,100.0,0.0
8045,76569782,76570282,500,0,100.0,0.0
8046,76570282,76570782,500,0,100.0,0.0
8047,76570782,76571282,500,0,100.0,0.0
8048,76571282,76571782,500,0,100.0,0.0
8049,76571782,76572282,500,0,100.0,0.0
8050,76572282,76572782,500,0,100.0,0.0
8051,76572782,76573282,500,0,100.0,0.0
8052,76573282,76573782,213,287,42.6,57.4
8053,76573782,76574282,49,451,9.8,90.2
8054,76574282,76574782,96,404,19.2,80.8
8055,76574782,76575282,500,0,100.0,0.0
8056,76575282,76575782,500,0,100.0,0.0
8057,76575782,76576282,500,0,100.0,0.0
8058,76576282,76576782,500,0,100.0,0.0
8059,76576782,76577282,500,0,100.0,0.0
8060,76577282,76577782,500,0,100.0,0.0
8061,76577782,76578282,500,0,100.0,0.0
8062,76578282,76578782,500,0,100.0,0.0
8063,76578782,76579282,500,0,100.0,0.0
8064,76579282,76579782,500,0,100.0,0.0
8065,76579782,76580282,500,0,100.0,0.0
8066,76580282,76580782,500,0,100.0,0.0
8067,76580782,76581282,500,0,100.0,0.0
8068,76581282,76581782,500,0,100.0,0.0
8069,76581782,76582282,500,0,100.0,0.0
8070,76582282,76582782,500,0,100.0,0.0
8071,76582782,76583282,500,0,100.0,0.0
8072,76583282,76583782,500,0,100.0,0.0
8073,76583782,76584282,500,0,100.0,0.0
8074,76584282,76584782,500,0,100.0,0.0
8075,76584782,76585282,500,0,100.0,0.0
8076,76585282,76585782,500,0,100.0,0.0
8077,76585782,76586282,500,0,100.0,0.0
8078,76586282,76586782,500,0,100.0,0.0
8079,76586782,76587282,91,409,18.2,81.8
8080,76587282,76587782,10,490,2.0,98.0
8081,76587782,76588282,48,452,9.6,90.4
8082,76588282,76588782,264,236,52.800000000000004,47.199999999999996
8083,76588782,76589282,500,0,100.0,0.0
8084,76589282,76589782,500,0,100.0,0.0
8085,76589782,76590282,500,0,100.0,0.0
8086,76590282,76590782,500,0,100.0,0.0
8087,76590782,76591282,500,0,100.0,0.0
8088,76591282,76591782,500,0,100.0,0.0
8089,76591782,76592282,500,0,100.0,0.0
8090,76592282,76592782,500,0,100.0,0.0
8091,76592782,76593282,500,0,100.0,0.0
8092,76593282,76593782,500,0,100.0,0.0
8093,76593782,76594282,500,0,100.0,0.0
8094,76594282,76594782,500,0,100.0,0.0
8095,76594782,76595282,500,0,100.0,0.0
8096,76595282,76595782,500,0,100.0,0.0
8097,76595782,76596282,500,0,100.0,0.0
8098,76596282,76596782,500,0,100.0,0.0
8099,76596782,76597282,500,0,100.0,0.0
8100,76597282,76597782,500,0,100.0,0.0
8101,76597782,76598282,500,0,100.0,0.0
8102,76598282,76598782,500,0,100.0,0.0
8103,76598782,76599282,500,0,100.0,0.0
8104,76599282,76599782,500,0,100.0,0.0
8105,76599782,76600282,500,0,100.0,0.0
8106,76600282,76600782,500,0,100.0,0.0
8107,76600782,76601282,500,0,100.0,0.0
8108,76601282,76601782,52,448,10.4,89.6
8109,76601782,76602282,46,454,9.2,90.8
8110,76602282,76602782,215,285,43.0,57.0
8111,76602782,76603282,500,0,100.0,0.0
8112,76603282,76603782,500,0,100.0,0.0
8113,76603782,76604282,500,0,100.0,0.0
8114,76604282,76604782,500,0,100.0,0.0
8115,76604782,76605282,500,0,100.0,0.0
8116,76605282,76605782,500,0,100.0,0.0
8117,76605782,76606282,500,0,100.0,0.0
8118,76606282,76606782,500,0,100.0,0.0
8119,76606782,76607282,500,0,100.0,0.0
8120,76607282,76607782,500,0,100.0,0.0
8121,76607782,76608282,500,0,100.0,0.0
8122,76608282,76608782,500,0,100.0,0.0
8123,76608782,76609282,500,0,100.0,0.0
8124,76609282,76609782,500,0,100.0,0.0
8125,76609782,76610282,500,0,100.0,0.0
8126,76610282,76610782,500,0,100.0,0.0
8127,76610782,76611282,500,0,100.0,0.0
8128,76611282,76611782,500,0,100.0,0.0
8129,76611782,76612282,500,0,100.0,0.0
8130,76612282,76612782,500,0,100.0,0.0
8131,76612782,76613282,500,0,100.0,0.0
8132,76613282,76613782,500,0,100.0,0.0
8133,76613782,76614282,500,0,100.0,0.0
8134,76614282,76614782,500,0,100.0,0.0
8135,76614782,76615282,500,0,100.0,0.0
8136,76615282,76615782,500,0,100.0,0.0
8137,76615782,76616282,500,0,100.0,0.0
8138,76616282,76616782,500,0,100.0,0.0
8139,76616782,76617282,124,376,24.8,75.2
8140,76617282,76617782,68,432,13.600000000000001,86.4
8141,76617782,76618282,125,375,25.0,75.0
8142,76618282,76618782,500,0,100.0,0.0
8143,76618782,76619282,500,0,100.0,0.0
8144,76619282,76619782,500,0,100.0,0.0
8145,76619782,76620282,500,0,100.0,0.0
8146,76620282,76620782,500,0,100.0,0.0
8147,76620782,76621282,500,0,100.0,0.0
8148,76621282,76621782,500,0,100.0,0.0
8149,76621782,76622282,500,0,100.0,0.0
8150,76622282,76622782,500,0,100.0,0.0
8151,76622782,76623282,500,0,100.0,0.0
8152,76623282,76623782,500,0,100.0,0.0
8153,76623782,76624282,500,0,100.0,0.0
8154,76624282,76624782,500,0,100.0,0.0
8155,76624782,76625282,500,0,100.0,0.0
8156,76625282,76625782,500,0,100.0,0.0
8157,76625782,76626282,500,0,100.0,0.0
8158,76626282,76626782,500,0,100.0,0.0
8159,76626782,76627282,500,0,100.0,0.0
8160,76627282,76627782,500,0,100.0,0.0
8161,76627782,76628282,500,0,100.0,0.0
8162,76628282,76628782,500,0,100.0,0.0
8163,76628782,76629282,500,0,100.0,0.0
8164,76629282,76629782,500,0,100.0,0.0
8165,76629782,76630282,500,0,100.0,0.0
8166,76630282,76630782,500,0,100.0,0.0
8167,76630782,76631282,500,0,100.0,0.0
8168,76631282,76631782,174,326,34.8,65.2
8169,76631782,76632282,61,439,12.2,87.8
8170,76632282,76632782,73,427,14.6,85.4
8171,76632782,76633282,500,0,100.0,0.0
8172,76633282,76633782,500,0,100.0,0.0
8173,76633782,76634282,500,0,100.0,0.0
8174,76634282,76634782,500,0,100.0,0.0
8175,76634782,76635282,500,0,100.0,0.0
8176,76635282,76635782,500,0,100.0,0.0
8177,76635782,76636282,500,0,100.0,0.0
8178,76636282,76636782,500,0,100.0,0.0
8179,76636782,76637282,500,0,100.0,0.0
8180,76637282,76637782,500,0,100.0,0.0
8181,76637782,76638282,500,0,100.0,0.0
8182,76638282,76638782,500,0,100.0,0.0
8183,76638782,76639282,500,0,100.0,0.0
8184,76639282,76639782,500,0,100.0,0.0
8185,76639782,76640282,500,0,100.0,0.0
8186,76640282,76640782,500,0,100.0,0.0
8187,76640782,76641282,500,0,100.0,0.0
8188,76641282,76641782,500,0,100.0,0.0
8189,76641782,76642282,500,0,100.0,0.0
8190,76642282,76642782,500,0,100.0,0.0
8191,76642782,76643282,500,0,100.0,0.0
8192,76643282,76643782,500,0,100.0,0.0
8193,76643782,76644282,500,0,100.0,0.0
8194,76644282,76644782,500,0,100.0,0.0
8195,76644782,76645282,204,296,40.8,59.2
8196,76645282,76645782,53,447,10.6,89.4
8197,76645782,76646282,109,391,21.8,78.2
8198,76646282,76646782,500,0,100.0,0.0
8199,76646782,76647282,500,0,100.0,0.0
8200,76647282,76647782,500,0,100.0,0.0
8201,76647782,76648282,500,0,100.0,0.0
8202,76648282,76648782,500,0,100.0,0.0
8203,76648782,76649282,500,0,100.0,0.0
8204,76649282,76649782,500,0,100.0,0.0
8205,76649782,76650282,500,0,100.0,0.0
8206,76650282,76650782,500,0,100.0,0.0
8207,76650782,76651282,500,0,100.0,0.0
8208,76651282,76651782,500,0,100.0,0.0
8209,76651782,76652282,500,0,100.0,0.0
8210,76652282,76652782,500,0,100.0,0.0
8211,76652782,76653282,500,0,100.0,0.0
8212,76653282,76653782,500,0,100.0,0.0
8213,76653782,76654282,500,0,100.0,0.0
8214,76654282,76654782,500,0,100.0,0.0
8215,76654782,76655282,500,0,100.0,0.0
8216,76655282,76655782,500,0,100.0,0.0
8217,76655782,76656282,500,0,100.0,0.0
8218,76656282,76656782,500,0,100.0,0.0
8219,76656782,76657282,500,0,100.0,0.0
8220,76657282,76657782,500,0,100.0,0.0
8221,76657782,76658282,446,54,89.2,10.799999999999997
8222,76658282,76658782,9,491,1.7999999999999998,98.2
8223,76658782,76659282,42,458,8.4,91.6
8224,76659282,76659782,392,108,78.4,21.599999999999994
8225,76659782,76660282,500,0,100.0,0.0
8226,76660282,76660782,500,0,100.0,0.0
8227,76660782,76661282,500,0,100.0,0.0
8228,76661282,76661782,500,0,100.0,0.0
8229,76661782,76662282,500,0,100.0,0.0
8230,76662282,76662782,500,0,100.0,0.0
8231,76662782,76663282,500,0,100.0,0.0
8232,76663282,76663782,500,0,100.0,0.0
8233,76663782,76664282,500,0,100.0,0.0
8234,76664282,76664782,500,0,100.0,0.0
8235,76664782,76665282,500,0,100.0,0.0
8236,76665282,76665782,500,0,100.0,0.0
8237,76665782,76666282,500,0,100.0,0.0
8238,76666282,76666782,500,0,100.0,0.0
8239,76666782,76667282,500,0,100.0,0.0
8240,76667282,76667782,500,0,100.0,0.0
8241,76667782,76668282,500,0,100.0,0.0
8242,76668282,76668782,500,0,100.0,0.0
8243,76668782,76669282,500,0,100.0,0.0
8244,76669282,76669782,500,0,100.0,0.0
8245,76669782,76670282,500,0,100.0,0.0
8246,76670282,76670782,500,0,100.0,0.0
8247,76670782,76671282,500,0,100.0,0.0
8248,76671282,76671782,169,331,33.800000000000004,66.19999999999999
8249,76671782,76672282,45,455,9.0,91.0
8250,76672282,76672782,183,317,36.6,63.4
8251,76672782,76673282,500,0,100.0,0.0
8252,76673282,76673782,500,0,100.0,0.0
8253,76673782,76674282,500,0,100.0,0.0
8254,76674282,76674782,500,0,100.0,0.0
8255,76674782,76675282,500,0,100.0,0.0
8256,76675282,76675782,500,0,100.0,0.0
8257,76675782,76676282,500,0,100.0,0.0
8258,76676282,76676782,500,0,100.0,0.0
8259,76676782,76677282,500,0,100.0,0.0
8260,76677282,76677782,500,0,100.0,0.0
8261,76677782,76678282,500,0,100.0,0.0
8262,76678282,76678782,500,0,100.0,0.0
8263,76678782,76679282,500,0,100.0,0.0
8264,76679282,76679782,500,0,100.0,0.0
8265,76679782,76680282,500,0,100.0,0.0
8266,76680282,76680782,500,0,100.0,0.0
8267,76680782,76681282,500,0,100.0,0.0
8268,76681282,76681782,500,0,100.0,0.0
8269,76681782,76682282,500,0,100.0,0.0
8270,76682282,76682782,500,0,100.0,0.0
8271,76682782,76683282,500,0,100.0,0.0
8272,76683282,76683782,500,0,100.0,0.0
8273,76683782,76684282,500,0,100.0,0.0
8274,76684282,76684782,500,0,100.0,0.0
8275,76684782,76685282,500,0,100.0,0.0
8276,76685282,76685782,371,129,74.2,25.799999999999997
8277,76685782,76686282,23,477,4.6,95.4
8278,76686282,76686782,70,430,14.000000000000002,86.0
8279,76686782,76687282,249,251,49.8,50.2
8280,76687282,76687782,500,0,100.0,0.0
8281,76687782,76688282,500,0,100.0,0.0
8282,76688282,76688782,500,0,100.0,0.0
8283,76688782,76689282,500,0,100.0,0.0
8284,76689282,76689782,500,0,100.0,0.0
8285,76689782,76690282,500,0,100.0,0.0
8286,76690282,76690782,500,0,100.0,0.0
8287,76690782,76691282,500,0,100.0,0.0
8288,76691282,76691782,500,0,100.0,0.0
8289,76691782,76692282,500,0,100.0,0.0
8290,76692282,76692782,500,0,100.0,0.0
8291,76692782,76693282,500,0,100.0,0.0
8292,76693282,76693782,500,0,100.0,0.0
8293,76693782,76694282,500,0,100.0,0.0
8294,76694282,76694782,500,0,100.0,0.0
8295,76694782,76695282,500,0,100.0,0.0
8296,76695282,76695782,500,0,100.0,0.0
8297,76695782,76696282,500,0,100.0,0.0
8298,76696282,76696782,500,0,100.0,0.0
8299,76696782,76697282,500,0,100.0,0.0
8300,76697282,76697782,500,0,100.0,0.0
8301,76697782,76698282,500,0,100.0,0.0
8302,76698282,76698782,500,0,100.0,0.0
8303,76698782,76699282,500,0,100.0,0.0
8304,76699282,76699782,500,0,100.0,0.0
8305,76699782,76700282,500,0,100.0,0.0
8306,76700282,76700782,500,0,100.0,0.0
8307,76700782,76701282,500,0,100.0,0.0
8308,76701282,76701782,500,0,100.0,0.0
8309,76701782,76702282,500,0,100.0,0.0
8310,76702282,76702782,500,0,100.0,0.0
8311,76702782,76703282,500,0,100.0,0.0
8312,76703282,76703782,500,0,100.0,0.0
8313,76703782,76704282,500,0,100.0,0.0
8314,76704282,76704782,500,0,100.0,0.0
8315,76704782,76705282,500,0,100.0,0.0
8316,76705282,76705782,500,0,100.0,0.0
8317,76705782,76706282,500,0,100.0,0.0
8318,76706282,76706782,500,0,100.0,0.0
8319,76706782,76707282,500,0,100.0,0.0
8320,76707282,76707782,500,0,100.0,0.0
8321,76707782,76708282,500,0,100.0,0.0
8322,76708282,76708782,500,0,100.0,0.0
8323,76708782,76709282,500,0,100.0,0.0
8324,76709282,76709782,500,0,100.0,0.0
8325,76709782,76710282,500,0,100.0,0.0
8326,76710282,76710782,500,0,100.0,0.0
8327,76710782,76711282,500,0,100.0,0.0
8328,76711282,76711782,500,0,100.0,0.0
8329,76711782,76712282,500,0,100.0,0.0
8330,76712282,76712782,500,0,100.0,0.0
8331,76712782,76713282,500,0,100.0,0.0
8332,76713282,76713782,500,0,100.0,0.0
8333,76713782,76714282,500,0,100.0,0.0
8334,76714282,76714782,500,0,100.0,0.0
8335,76714782,76715282,500,0,100.0,0.0
8336,76715282,76715782,500,0,100.0,0.0
8337,76715782,76716282,500,0,100.0,0.0
8338,76716282,76716782,500,0,100.0,0.0
8339,76716782,76717282,500,0,100.0,0.0
8340,76717282,76717782,500,0,100.0,0.0
8341,76717782,76718282,354,146,70.8,29.200000000000003
8342,76718282,76718782,3,497,0.6,99.4
8343,76718782,76719282,5,495,1.0,99.0
8344,76719282,76719782,10,490,2.0,98.0
8345,76719782,76720282,2,498,0.4,99.6
8346,76720282,76720782,6,494,1.2,98.8
8347,76720782,76721282,2,498,0.4,99.6
8348,76721282,76721782,142,358,28.4,71.6
8349,76721782,76722282,0,500,0.0,100.0
8350,76722282,76722782,6,494,1.2,98.8
8351,76722782,76723282,2,498,0.4,99.6
8352,76723282,76723782,90,410,18.0,82.0
8353,76723782,76724282,500,0,100.0,0.0
8354,76724282,76724782,500,0,100.0,0.0
8355,76724782,76725282,500,0,100.0,0.0
8356,76725282,76725782,500,0,100.0,0.0
8357,76725782,76726282,500,0,100.0,0.0
8358,76726282,76726782,500,0,100.0,0.0
8359,76726782,76727282,500,0,100.0,0.0
8360,76727282,76727782,500,0,100.0,0.0
8361,76727782,76728282,500,0,100.0,0.0
8362,76728282,76728782,500,0,100.0,0.0
8363,76728782,76729282,500,0,100.0,0.0
8364,76729282,76729782,500,0,100.0,0.0
8365,76729782,76730282,500,0,100.0,0.0
8366,76730282,76730782,500,0,100.0,0.0
8367,76730782,76731282,500,0,100.0,0.0
8368,76731282,76731782,500,0,100.0,0.0
8369,76731782,76732282,500,0,100.0,0.0
8370,76732282,76732782,500,0,100.0,0.0
8371,76732782,76733282,500,0,100.0,0.0
8372,76733282,76733782,500,0,100.0,0.0
8373,76733782,76734282,500,0,100.0,0.0
8374,76734282,76734782,500,0,100.0,0.0
8375,76734782,76735282,500,0,100.0,0.0
8376,76735282,76735782,500,0,100.0,0.0
8377,76735782,76736282,500,0,100.0,0.0
8378,76736282,76736782,500,0,100.0,0.0
8379,76736782,76737282,500,0,100.0,0.0
8380,76737282,76737782,500,0,100.0,0.0
8381,76737782,76738282,500,0,100.0,0.0
8382,76738282,76738782,500,0,100.0,0.0
8383,76738782,76739282,500,0,100.0,0.0
8384,76739282,76739782,500,0,100.0,0.0
8385,76739782,76740282,500,0,100.0,0.0
8386,76740282,76740782,500,0,100.0,0.0
8387,76740782,76741282,500,0,100.0,0.0
8388,76741282,76741782,500,0,100.0,0.0
8389,76741782,76742282,500,0,100.0,0.0
8390,76742282,76742782,500,0,100.0,0.0
8391,76742782,76743282,500,0,100.0,0.0
8392,76743282,76743782,500,0,100.0,0.0
8393,76743782,76744282,500,0,100.0,0.0
8394,76744282,76744782,500,0,100.0,0.0
8395,76744782,76745282,500,0,100.0,0.0
8396,76745282,76745782,500,0,100.0,0.0
8397,76745782,76746282,500,0,100.0,0.0
8398,76746282,76746782,500,0,100.0,0.0
8399,76746782,76747282,500,0,100.0,0.0
8400,76747282,76747782,500,0,100.0,0.0
8401,76747782,76748282,500,0,100.0,0.0
8402,76748282,76748782,500,0,100.0,0.0
8403,76748782,76749282,500,0,100.0,0.0
8404,76749282,76749782,500,0,100.0,0.0
8405,76749782,76750282,500,0,100.0,0.0
8406,76750282,76750782,500,0,100.0,0.0
8407,76750782,76751282,500,0,100.0,0.0
8408,76751282,76751782,500,0,100.0,0.0
8409,76751782,76752282,500,0,100.0,0.0
8410,76752282,76752782,500,0,100.0,0.0
8411,76752782,76753282,500,0,100.0,0.0
8412,76753282,76753782,500,0,100.0,0.0
8413,76753782,76754282,500,0,100.0,0.0
8414,76754282,76754782,500,0,100.0,0.0
8415,76754782,76755282,500,0,100.0,0.0
8416,76755282,76755782,500,0,100.0,0.0
8417,76755782,76756282,500,0,100.0,0.0
8418,76756282,76756782,500,0,100.0,0.0
8419,76756782,76757282,500,0,100.0,0.0
8420,76757282,76757782,500,0,100.0,0.0
8421,76757782,76758282,500,0,100.0,0.0
8422,76758282,76758782,500,0,100.0,0.0
8423,76758782,76759282,500,0,100.0,0.0
8424,76759282,76759782,500,0,100.0,0.0
8425,76759782,76760282,500,0,100.0,0.0
8426,76760282,76760782,500,0,100.0,0.0
8427,76760782,76761282,500,0,100.0,0.0
8428,76761282,76761782,500,0,100.0,0.0
8429,76761782,76762282,500,0,100.0,0.0
8430,76762282,76762782,500,0,100.0,0.0
8431,76762782,76763282,500,0,100.0,0.0
8432,76763282,76763782,500,0,100.0,0.0
8433,76763782,76764282,500,0,100.0,0.0
8434,76764282,76764782,500,0,100.0,0.0
8435,76764782,76765282,500,0,100.0,0.0
8436,76765282,76765782,500,0,100.0,0.0
8437,76765782,76766282,500,0,100.0,0.0
8438,76766282,76766782,500,0,100.0,0.0
8439,76766782,76767282,500,0,100.0,0.0
8440,76767282,76767782,500,0,100.0,0.0
8441,76767782,76768282,500,0,100.0,0.0
8442,76768282,76768782,500,0,100.0,0.0
8443,76768782,76769282,500,0,100.0,0.0
8444,76769282,76769782,500,0,100.0,0.0
8445,76769782,76770282,500,0,100.0,0.0
8446,76770282,76770782,500,0,100.0,0.0
8447,76770782,76771282,500,0,100.0,0.0
8448,76771282,76771782,500,0,100.0,0.0
8449,76771782,76772282,320,180,64.0,36.0
8450,76772282,76772782,8,492,1.6,98.4
8451,76772782,76773282,0,500,0.0,100.0
8452,76773282,76773782,10,490,2.0,98.0
8453,76773782,76774282,2,498,0.4,99.6
8454,76774282,76774782,6,494,1.2,98.8
8455,76774782,76775282,141,359,28.199999999999996,71.80000000000001
8456,76775282,76775782,4,496,0.8,99.2
8457,76775782,76776282,2,498,0.4,99.6
8458,76776282,76776782,4,496,0.8,99.2
8459,76776782,76777282,2,498,0.4,99.6
8460,76777282,76777782,445,55,89.0,11.0
8461,76777782,76778282,500,0,100.0,0.0
8462,76778282,76778782,500,0,100.0,0.0
8463,76778782,76779282,500,0,100.0,0.0
8464,76779282,76779782,500,0,100.0,0.0
8465,76779782,76780282,500,0,100.0,0.0
8466,76780282,76780782,500,0,100.0,0.0
8467,76780782,76781282,500,0,100.0,0.0
8468,76781282,76781782,500,0,100.0,0.0
8469,76781782,76782282,500,0,100.0,0.0
8470,76782282,76782782,500,0,100.0,0.0
8471,76782782,76783282,500,0,100.0,0.0
8472,76783282,76783782,500,0,100.0,0.0
8473,76783782,76784282,500,0,100.0,0.0
8474,76784282,76784782,500,0,100.0,0.0
8475,76784782,76785282,500,0,100.0,0.0
8476,76785282,76785782,500,0,100.0,0.0
8477,76785782,76786282,500,0,100.0,0.0
8478,76786282,76786782,500,0,100.0,0.0
8479,76786782,76787282,500,0,100.0,0.0
8480,76787282,76787782,500,0,100.0,0.0
8481,76787782,76788282,500,0,100.0,0.0
8482,76788282,76788782,500,0,100.0,0.0
8483,76788782,76789282,500,0,100.0,0.0
8484,76789282,76789782,500,0,100.0,0.0
8485,76789782,76790282,500,0,100.0,0.0
8486,76790282,76790782,500,0,100.0,0.0
8487,76790782,76791282,500,0,100.0,0.0
8488,76791282,76791782,500,0,100.0,0.0
8489,76791782,76792282,500,0,100.0,0.0
8490,76792282,76792782,500,0,100.0,0.0
8491,76792782,76793282,500,0,100.0,0.0
8492,76793282,76793782,500,0,100.0,0.0
8493,76793782,76794282,500,0,100.0,0.0
8494,76794282,76794782,500,0,100.0,0.0
8495,76794782,76795282,500,0,100.0,0.0
8496,76795282,76795782,500,0,100.0,0.0
8497,76795782,76796282,500,0,100.0,0.0
8498,76796282,76796782,500,0,100.0,0.0
8499,76796782,76797282,500,0,100.0,0.0
8500,76797282,76797782,500,0,100.0,0.0
8501,76797782,76798282,500,0,100.0,0.0
8502,76798282,76798782,500,0,100.0,0.0
8503,76798782,76799282,500,0,100.0,0.0
8504,76799282,76799782,500,0,100.0,0.0
8505,76799782,76800282,500,0,100.0,0.0
8506,76800282,76800782,500,0,100.0,0.0
8507,76800782,76801282,500,0,100.0,0.0
8508,76801282,76801782,500,0,100.0,0.0
8509,76801782,76802282,500,0,100.0,0.0
8510,76802282,76802782,500,0,100.0,0.0
8511,76802782,76803282,500,0,100.0,0.0
8512,76803282,76803782,500,0,100.0,0.0
8513,76803782,76804282,500,0,100.0,0.0
8514,76804282,76804782,500,0,100.0,0.0
8515,76804782,76805282,500,0,100.0,0.0
8516,76805282,76805782,500,0,100.0,0.0
8517,76805782,76806282,500,0,100.0,0.0
8518,76806282,76806782,500,0,100.0,0.0
8519,76806782,76807282,500,0,100.0,0.0
8520,76807282,76807782,500,0,100.0,0.0
8521,76807782,76808282,500,0,100.0,0.0
8522,76808282,76808782,500,0,100.0,0.0
8523,76808782,76809282,500,0,100.0,0.0
8524,76809282,76809782,500,0,100.0,0.0
8525,76809782,76810282,500,0,100.0,0.0
8526,76810282,76810782,500,0,100.0,0.0
8527,76810782,76811282,500,0,100.0,0.0
8528,76811282,76811782,500,0,100.0,0.0
8529,76811782,76812282,500,0,100.0,0.0
8530,76812282,76812782,500,0,100.0,0.0
8531,76812782,76813282,500,0,100.0,0.0
8532,76813282,76813782,500,0,100.0,0.0
8533,76813782,76814282,500,0,100.0,0.0
8534,76814282,76814782,500,0,100.0,0.0
8535,76814782,76815282,500,0,100.0,0.0
8536,76815282,76815782,500,0,100.0,0.0
8537,76815782,76816282,500,0,100.0,0.0
8538,76816282,76816782,500,0,100.0,0.0
8539,76816782,76817282,500,0,100.0,0.0
8540,76817282,76817782,500,0,100.0,0.0
8541,76817782,76818282,500,0,100.0,0.0
8542,76818282,76818782,500,0,100.0,0.0
8543,76818782,76819282,500,0,100.0,0.0
8544,76819282,76819782,500,0,100.0,0.0
8545,76819782,76820282,500,0,100.0,0.0
8546,76820282,76820782,500,0,100.0,0.0
8547,76820782,76821282,500,0,100.0,0.0
8548,76821282,76821782,500,0,100.0,0.0
8549,76821782,76822282,500,0,100.0,0.0
8550,76822282,76822782,500,0,100.0,0.0
8551,76822782,76823282,500,0,100.0,0.0
8552,76823282,76823782,500,0,100.0,0.0
8553,76823782,76824282,500,0,100.0,0.0
8554,76824282,76824782,500,0,100.0,0.0
8555,76824782,76825282,500,0,100.0,0.0
8556,76825282,76825782,500,0,100.0,0.0
8557,76825782,76826282,500,0,100.0,0.0
8558,76826282,76826782,500,0,100.0,0.0
8559,76826782,76827282,500,0,100.0,0.0
8560,76827282,76827782,500,0,100.0,0.0
8561,76827782,76828282,500,0,100.0,0.0
8562,76828282,76828782,500,0,100.0,0.0
8563,76828782,76829282,152,348,30.4,69.6
8564,76829282,76829782,54,446,10.8,89.2
8565,76829782,76830282,31,469,6.2,93.8
8566,76830282,76830782,387,113,77.4,22.599999999999994
8567,76830782,76831282,500,0,100.0,0.0
8568,76831282,76831782,500,0,100.0,0.0
8569,76831782,76832282,500,0,100.0,0.0
8570,76832282,76832782,500,0,100.0,0.0
8571,76832782,76833282,500,0,100.0,0.0
8572,76833282,76833782,500,0,100.0,0.0
8573,76833782,76834282,500,0,100.0,0.0
8574,76834282,76834782,500,0,100.0,0.0
8575,76834782,76835282,500,0,100.0,0.0
8576,76835282,76835782,500,0,100.0,0.0
8577,76835782,76836282,500,0,100.0,0.0
8578,76836282,76836782,500,0,100.0,0.0
8579,76836782,76837282,500,0,100.0,0.0
8580,76837282,76837782,500,0,100.0,0.0
8581,76837782,76838282,500,0,100.0,0.0
8582,76838282,76838782,500,0,100.0,0.0
8583,76838782,76839282,500,0,100.0,0.0
8584,76839282,76839782,500,0,100.0,0.0
8585,76839782,76840282,500,0,100.0,0.0
8586,76840282,76840782,500,0,100.0,0.0
8587,76840782,76841282,500,0,100.0,0.0
8588,76841282,76841782,500,0,100.0,0.0
8589,76841782,76842282,500,0,100.0,0.0
8590,76842282,76842782,500,0,100.0,0.0
8591,76842782,76843282,500,0,100.0,0.0
8592,76843282,76843782,500,0,100.0,0.0
8593,76843782,76844282,500,0,100.0,0.0
8594,76844282,76844782,500,0,100.0,0.0
8595,76844782,76845282,500,0,100.0,0.0
8596,76845282,76845782,500,0,100.0,0.0
8597,76845782,76846282,263,237,52.6,47.4
8598,76846282,76846782,8,492,1.6,98.4
8599,76846782,76847282,76,424,15.2,84.8
8600,76847282,76847782,307,193,61.4,38.6
8601,76847782,76848282,500,0,100.0,0.0
8602,76848282,76848782,500,0,100.0,0.0
8603,76848782,76849282,500,0,100.0,0.0
8604,76849282,76849782,500,0,100.0,0.0
8605,76849782,76850282,500,0,100.0,0.0
8606,76850282,76850782,500,0,100.0,0.0
8607,76850782,76851282,500,0,100.0,0.0
8608,76851282,76851782,500,0,100.0,0.0
8609,76851782,76852282,500,0,100.0,0.0
8610,76852282,76852782,500,0,100.0,0.0
8611,76852782,76853282,500,0,100.0,0.0
8612,76853282,76853782,500,0,100.0,0.0
8613,76853782,76854282,500,0,100.0,0.0
8614,76854282,76854782,500,0,100.0,0.0
8615,76854782,76855282,500,0,100.0,0.0
8616,76855282,76855782,500,0,100.0,0.0
8617,76855782,76856282,500,0,100.0,0.0
8618,76856282,76856782,500,0,100.0,0.0
8619,76856782,76857282,500,0,100.0,0.0
8620,76857282,76857782,500,0,100.0,0.0
8621,76857782,76858282,500,0,100.0,0.0
8622,76858282,76858782,500,0,100.0,0.0
8623,76858782,76859282,500,0,100.0,0.0
8624,76859282,76859782,500,0,100.0,0.0
8625,76859782,76860282,500,0,100.0,0.0
8626,76860282,76860782,500,0,100.0,0.0
8627,76860782,76861282,500,0,100.0,0.0
8628,76861282,76861782,500,0,100.0,0.0
8629,76861782,76862282,500,0,100.0,0.0
8630,76862282,76862782,500,0,100.0,0.0
8631,76862782,76863282,500,0,100.0,0.0
8632,76863282,76863782,467,33,93.4,6.599999999999994
8633,76863782,76864282,10,490,2.0,98.0
8634,76864282,76864782,92,408,18.4,81.6
8635,76864782,76865282,40,460,8.0,92.0
8636,76865282,76865782,500,0,100.0,0.0
8637,76865782,76866282,500,0,100.0,0.0
8638,76866282,76866782,500,0,100.0,0.0
8639,76866782,76867282,500,0,100.0,0.0
8640,76867282,76867782,500,0,100.0,0.0
8641,76867782,76868282,500,0,100.0,0.0
8642,76868282,76868782,500,0,100.0,0.0
8643,76868782,76869282,500,0,100.0,0.0
8644,76869282,76869782,500,0,100.0,0.0
8645,76869782,76870282,500,0,100.0,0.0
8646,76870282,76870782,500,0,100.0,0.0
8647,76870782,76871282,500,0,100.0,0.0
8648,76871282,76871782,500,0,100.0,0.0
8649,76871782,76872282,500,0,100.0,0.0
8650,76872282,76872782,500,0,100.0,0.0
8651,76872782,76873282,500,0,100.0,0.0
8652,76873282,76873782,500,0,100.0,0.0
8653,76873782,76874282,500,0,100.0,0.0
8654,76874282,76874782,500,0,100.0,0.0
8655,76874782,76875282,500,0,100.0,0.0
8656,76875282,76875782,500,0,100.0,0.0
8657,76875782,76876282,500,0,100.0,0.0
8658,76876282,76876782,500,0,100.0,0.0
8659,76876782,76877282,500,0,100.0,0.0
8660,76877282,76877782,500,0,100.0,0.0
8661,76877782,76878282,500,0,100.0,0.0
8662,76878282,76878782,500,0,100.0,0.0
8663,76878782,76879282,500,0,100.0,0.0
8664,76879282,76879782,500,0,100.0,0.0
8665,76879782,76880282,500,0,100.0,0.0
8666,76880282,76880782,500,0,100.0,0.0
8667,76880782,76881282,500,0,100.0,0.0
8668,76881282,76881782,500,0,100.0,0.0
8669,76881782,76882282,500,0,100.0,0.0
8670,76882282,76882782,500,0,100.0,0.0
8671,76882782,76883282,500,0,100.0,0.0
8672,76883282,76883782,500,0,100.0,0.0
8673,76883782,76884282,500,0,100.0,0.0
8674,76884282,76884782,500,0,100.0,0.0
8675,76884782,76885282,500,0,100.0,0.0
8676,76885282,76885782,500,0,100.0,0.0
8677,76885782,76886282,500,0,100.0,0.0
8678,76886282,76886782,500,0,100.0,0.0
8679,76886782,76887282,500,0,100.0,0.0
8680,76887282,76887782,500,0,100.0,0.0
8681,76887782,76888282,500,0,100.0,0.0
8682,76888282,76888782,500,0,100.0,0.0
8683,76888782,76889282,500,0,100.0,0.0
8684,76889282,76889782,500,0,100.0,0.0
8685,76889782,76890282,500,0,100.0,0.0
8686,76890282,76890782,500,0,100.0,0.0
8687,76890782,76891282,500,0,100.0,0.0
8688,76891282,76891782,500,0,100.0,0.0
8689,76891782,76892282,500,0,100.0,0.0
8690,76892282,76892782,500,0,100.0,0.0
8691,76892782,76893282,500,0,100.0,0.0
8692,76893282,76893782,500,0,100.0,0.0
8693,76893782,76894282,500,0,100.0,0.0
8694,76894282,76894782,500,0,100.0,0.0
8695,76894782,76895282,500,0,100.0,0.0
8696,76895282,76895782,500,0,100.0,0.0
8697,76895782,76896282,500,0,100.0,0.0
8698,76896282,76896782,500,0,100.0,0.0
8699,76896782,76897282,500,0,100.0,0.0
8700,76897282,76897782,289,211,57.8,42.2
8701,76897782,76898282,30,470,6.0,94.0
8702,76898282,76898782,103,397,20.599999999999998,79.4
8703,76898782,76899282,24,476,4.8,95.2
8704,76899282,76899782,500,0,100.0,0.0
8705,76899782,76900282,500,0,100.0,0.0
8706,76900282,76900782,500,0,100.0,0.0
8707,76900782,76901282,500,0,100.0,0.0
8708,76901282,76901782,500,0,100.0,0.0
8709,76901782,76902282,500,0,100.0,0.0
8710,76902282,76902782,500,0,100.0,0.0
8711,76902782,76903282,500,0,100.0,0.0
8712,76903282,76903782,500,0,100.0,0.0
8713,76903782,76904282,500,0,100.0,0.0
8714,76904282,76904782,500,0,100.0,0.0
8715,76904782,76905282,500,0,100.0,0.0
8716,76905282,76905782,500,0,100.0,0.0
8717,76905782,76906282,500,0,100.0,0.0
8718,76906282,76906782,500,0,100.0,0.0
8719,76906782,76907282,500,0,100.0,0.0
8720,76907282,76907782,500,0,100.0,0.0
8721,76907782,76908282,500,0,100.0,0.0
8722,76908282,76908782,500,0,100.0,0.0
8723,76908782,76909282,500,0,100.0,0.0
8724,76909282,76909782,500,0,100.0,0.0
8725,76909782,76910282,500,0,100.0,0.0
8726,76910282,76910782,500,0,100.0,0.0
8727,76910782,76911282,500,0,100.0,0.0
8728,76911282,76911782,480,20,96.0,4.0
8729,76911782,76912282,9,491,1.7999999999999998,98.2
8730,76912282,76912782,68,432,13.600000000000001,86.4
8731,76912782,76913282,237,263,47.4,52.6
8732,76913282,76913782,500,0,100.0,0.0
8733,76913782,76914282,500,0,100.0,0.0
8734,76914282,76914782,500,0,100.0,0.0
8735,76914782,76915282,500,0,100.0,0.0
8736,76915282,76915782,500,0,100.0,0.0
8737,76915782,76916282,500,0,100.0,0.0
8738,76916282,76916782,500,0,100.0,0.0
8739,76916782,76917282,500,0,100.0,0.0
8740,76917282,76917782,500,0,100.0,0.0
8741,76917782,76918282,500,0,100.0,0.0
8742,76918282,76918782,500,0,100.0,0.0
8743,76918782,76919282,500,0,100.0,0.0
8744,76919282,76919782,500,0,100.0,0.0
8745,76919782,76920282,500,0,100.0,0.0
8746,76920282,76920782,500,0,100.0,0.0
8747,76920782,76921282,500,0,100.0,0.0
8748,76921282,76921782,500,0,100.0,0.0
8749,76921782,76922282,500,0,100.0,0.0
8750,76922282,76922782,500,0,100.0,0.0
8751,76922782,76923282,500,0,100.0,0.0
8752,76923282,76923782,500,0,100.0,0.0
8753,76923782,76924282,500,0,100.0,0.0
8754,76924282,76924782,500,0,100.0,0.0
8755,76924782,76925282,500,0,100.0,0.0
8756,76925282,76925782,117,383,23.400000000000002,76.6
8757,76925782,76926282,50,450,10.0,90.0
8758,76926282,76926782,253,247,50.6,49.4
8759,76926782,76927282,500,0,100.0,0.0
8760,76927282,76927782,500,0,100.0,0.0
8761,76927782,76928282,500,0,100.0,0.0
8762,76928282,76928782,500,0,100.0,0.0
8763,76928782,76929282,500,0,100.0,0.0
8764,76929282,76929782,500,0,100.0,0.0
8765,76929782,76930282,500,0,100.0,0.0
8766,76930282,76930782,500,0,100.0,0.0
8767,76930782,76931282,500,0,100.0,0.0
8768,76931282,76931782,500,0,100.0,0.0
8769,76931782,76932282,500,0,100.0,0.0
8770,76932282,76932782,500,0,100.0,0.0
8771,76932782,76933282,500,0,100.0,0.0
8772,76933282,76933782,500,0,100.0,0.0
8773,76933782,76934282,500,0,100.0,0.0
8774,76934282,76934782,500,0,100.0,0.0
8775,76934782,76935282,500,0,100.0,0.0
8776,76935282,76935782,500,0,100.0,0.0
8777,76935782,76936282,500,0,100.0,0.0
8778,76936282,76936782,500,0,100.0,0.0
8779,76936782,76937282,500,0,100.0,0.0
8780,76937282,76937782,500,0,100.0,0.0
8781,76937782,76938282,500,0,100.0,0.0
8782,76938282,76938782,500,0,100.0,0.0
8783,76938782,76939282,129,371,25.8,74.2
8784,76939282,76939782,48,452,9.6,90.4
8785,76939782,76940282,142,358,28.4,71.6
8786,76940282,76940782,500,0,100.0,0.0
8787,76940782,76941282,500,0,100.0,0.0
8788,76941282,76941782,500,0,100.0,0.0
8789,76941782,76942282,500,0,100.0,0.0
8790,76942282,76942782,500,0,100.0,0.0
8791,76942782,76943282,500,0,100.0,0.0
8792,76943282,76943782,500,0,100.0,0.0
8793,76943782,76944282,500,0,100.0,0.0
8794,76944282,76944782,500,0,100.0,0.0
8795,76944782,76945282,500,0,100.0,0.0
8796,76945282,76945782,500,0,100.0,0.0
8797,76945782,76946282,500,0,100.0,0.0
8798,76946282,76946782,500,0,100.0,0.0
8799,76946782,76947282,500,0,100.0,0.0
8800,76947282,76947782,500,0,100.0,0.0
8801,76947782,76948282,500,0,100.0,0.0
8802,76948282,76948782,500,0,100.0,0.0
8803,76948782,76949282,500,0,100.0,0.0
8804,76949282,76949782,500,0,100.0,0.0
8805,76949782,76950282,500,0,100.0,0.0
8806,76950282,76950782,500,0,100.0,0.0
8807,76950782,76951282,500,0,100.0,0.0
8808,76951282,76951782,500,0,100.0,0.0
8809,76951782,76952282,500,0,100.0,0.0
8810,76952282,76952782,38,462,7.6,92.4
8811,76952782,76953282,40,460,8.0,92.0
8812,76953282,76953782,328,172,65.60000000000001,34.39999999999999
8813,76953782,76954282,500,0,100.0,0.0
8814,76954282,76954782,500,0,100.0,0.0
8815,76954782,76955282,500,0,100.0,0.0
8816,76955282,76955782,500,0,100.0,0.0
8817,76955782,76956282,500,0,100.0,0.0
8818,76956282,76956782,500,0,100.0,0.0
8819,76956782,76957282,500,0,100.0,0.0
8820,76957282,76957782,500,0,100.0,0.0
8821,76957782,76958282,500,0,100.0,0.0
8822,76958282,76958782,500,0,100.0,0.0
8823,76958782,76959282,500,0,100.0,0.0
8824,76959282,76959782,500,0,100.0,0.0
8825,76959782,76960282,500,0,100.0,0.0
8826,76960282,76960782,500,0,100.0,0.0
8827,76960782,76961282,500,0,100.0,0.0
8828,76961282,76961782,500,0,100.0,0.0
8829,76961782,76962282,500,0,100.0,0.0
8830,76962282,76962782,500,0,100.0,0.0
8831,76962782,76963282,500,0,100.0,0.0
8832,76963282,76963782,500,0,100.0,0.0
8833,76963782,76964282,500,0,100.0,0.0
8834,76964282,76964782,500,0,100.0,0.0
8835,76964782,76965282,500,0,100.0,0.0
8836,76965282,76965782,461,39,92.2,7.799999999999997
8837,76965782,76966282,8,492,1.6,98.4
8838,76966282,76966782,50,450,10.0,90.0
8839,76966782,76967282,371,129,74.2,25.799999999999997
8840,76967282,76967782,500,0,100.0,0.0
8841,76967782,76968282,500,0,100.0,0.0
8842,76968282,76968782,500,0,100.0,0.0
8843,76968782,76969282,500,0,100.0,0.0
8844,76969282,76969782,500,0,100.0,0.0
8845,76969782,76970282,500,0,100.0,0.0
8846,76970282,76970782,500,0,100.0,0.0
8847,76970782,76971282,500,0,100.0,0.0
8848,76971282,76971782,500,0,100.0,0.0
8849,76971782,76972282,500,0,100.0,0.0
8850,76972282,76972782,500,0,100.0,0.0
8851,76972782,76973282,500,0,100.0,0.0
8852,76973282,76973782,500,0,100.0,0.0
8853,76973782,76974282,500,0,100.0,0.0
8854,76974282,76974782,500,0,100.0,0.0
8855,76974782,76975282,500,0,100.0,0.0
8856,76975282,76975782,500,0,100.0,0.0
8857,76975782,76976282,500,0,100.0,0.0
8858,76976282,76976782,500,0,100.0,0.0
8859,76976782,76977282,500,0,100.0,0.0
8860,76977282,76977782,500,0,100.0,0.0
8861,76977782,76978282,500,0,100.0,0.0
8862,76978282,76978782,500,0,100.0,0.0
8863,76978782,76979282,203,297,40.6,59.4
8864,76979282,76979782,54,446,10.8,89.2
8865,76979782,76980282,72,428,14.399999999999999,85.6
8866,76980282,76980782,500,0,100.0,0.0
8867,76980782,76981282,500,0,100.0,0.0
8868,76981282,76981782,500,0,100.0,0.0
8869,76981782,76982282,500,0,100.0,0.0
8870,76982282,76982782,500,0,100.0,0.0
8871,76982782,76983282,500,0,100.0,0.0
8872,76983282,76983782,500,0,100.0,0.0
8873,76983782,76984282,500,0,100.0,0.0
8874,76984282,76984782,500,0,100.0,0.0
8875,76984782,76985282,500,0,100.0,0.0
8876,76985282,76985782,500,0,100.0,0.0
8877,76985782,76986282,500,0,100.0,0.0
8878,76986282,76986782,500,0,100.0,0.0
8879,76986782,76987282,500,0,100.0,0.0
8880,76987282,76987782,500,0,100.0,0.0
8881,76987782,76988282,500,0,100.0,0.0
8882,76988282,76988782,500,0,100.0,0.0
8883,76988782,76989282,500,0,100.0,0.0
8884,76989282,76989782,500,0,100.0,0.0
8885,76989782,76990282,500,0,100.0,0.0
8886,76990282,76990782,500,0,100.0,0.0
8887,76990782,76991282,500,0,100.0,0.0
8888,76991282,76991782,500,0,100.0,0.0
8889,76991782,76992282,500,0,100.0,0.0
8890,76992282,76992782,20,480,4.0,96.0
8891,76992782,76993282,45,455,9.0,91.0
8892,76993282,76993782,328,172,65.60000000000001,34.39999999999999
8893,76993782,76994282,500,0,100.0,0.0
8894,76994282,76994782,500,0,100.0,0.0
8895,76994782,76995282,500,0,100.0,0.0
8896,76995282,76995782,500,0,100.0,0.0
8897,76995782,76996282,500,0,100.0,0.0
8898,76996282,76996782,500,0,100.0,0.0
8899,76996782,76997282,500,0,100.0,0.0
8900,76997282,76997782,500,0,100.0,0.0
8901,76997782,76998282,500,0,100.0,0.0
8902,76998282,76998782,500,0,100.0,0.0
8903,76998782,76999282,500,0,100.0,0.0
8904,76999282,76999782,500,0,100.0,0.0
8905,76999782,77000282,500,0,100.0,0.0
8906,77000282,77000782,500,0,100.0,0.0
8907,77000782,77001282,500,0,100.0,0.0
8908,77001282,77001782,500,0,100.0,0.0
8909,77001782,77002282,500,0,100.0,0.0
8910,77002282,77002782,500,0,100.0,0.0
8911,77002782,77003282,500,0,100.0,0.0
8912,77003282,77003782,500,0,100.0,0.0
8913,77003782,77004282,500,0,100.0,0.0
8914,77004282,77004782,500,0,100.0,0.0
8915,77004782,77005282,500,0,100.0,0.0
8916,77005282,77005782,282,218,56.39999999999999,43.60000000000001
8917,77005782,77006282,34,466,6.800000000000001,93.2
8918,77006282,77006782,104,396,20.8,79.2
8919,77006782,77007282,500,0,100.0,0.0
8920,77007282,77007782,500,0,100.0,0.0
8921,77007782,77008282,500,0,100.0,0.0
8922,77008282,77008782,500,0,100.0,0.0
8923,77008782,77009282,500,0,100.0,0.0
8924,77009282,77009782,500,0,100.0,0.0
8925,77009782,77010282,500,0,100.0,0.0
8926,77010282,77010782,500,0,100.0,0.0
8927,77010782,77011282,500,0,100.0,0.0
8928,77011282,77011782,500,0,100.0,0.0
8929,77011782,77012282,500,0,100.0,0.0
8930,77012282,77012782,500,0,100.0,0.0
8931,77012782,77013282,500,0,100.0,0.0
8932,77013282,77013782,500,0,100.0,0.0
8933,77013782,77014282,500,0,100.0,0.0
8934,77014282,77014782,500,0,100.0,0.0
8935,77014782,77015282,500,0,100.0,0.0
8936,77015282,77015782,500,0,100.0,0.0
8937,77015782,77016282,500,0,100.0,0.0
8938,77016282,77016782,500,0,100.0,0.0
8939,77016782,77017282,500,0,100.0,0.0
8940,77017282,77017782,500,0,100.0,0.0
8941,77017782,77018282,500,0,100.0,0.0
8942,77018282,77018782,483,17,96.6,3.4000000000000057
8943,77018782,77019282,7,493,1.4000000000000001,98.6
8944,77019282,77019782,44,456,8.799999999999999,91.2
8945,77019782,77020282,353,147,70.6,29.400000000000006
8946,77020282,77020782,500,0,100.0,0.0
8947,77020782,77021282,500,0,100.0,0.0
8948,77021282,77021782,500,0,100.0,0.0
8949,77021782,77022282,500,0,100.0,0.0
8950,77022282,77022782,500,0,100.0,0.0
8951,77022782,77023282,500,0,100.0,0.0
8952,77023282,77023782,500,0,100.0,0.0
8953,77023782,77024282,500,0,100.0,0.0
8954,77024282,77024782,500,0,100.0,0.0
8955,77024782,77025282,500,0,100.0,0.0
8956,77025282,77025782,500,0,100.0,0.0
8957,77025782,77026282,500,0,100.0,0.0
8958,77026282,77026782,500,0,100.0,0.0
8959,77026782,77027282,500,0,100.0,0.0
8960,77027282,77027782,500,0,100.0,0.0
8961,77027782,77028282,500,0,100.0,0.0
8962,77028282,77028782,500,0,100.0,0.0
8963,77028782,77029282,500,0,100.0,0.0
8964,77029282,77029782,500,0,100.0,0.0
8965,77029782,77030282,500,0,100.0,0.0
8966,77030282,77030782,500,0,100.0,0.0
8967,77030782,77031282,500,0,100.0,0.0
8968,77031282,77031782,500,0,100.0,0.0
8969,77031782,77032282,500,0,100.0,0.0
8970,77032282,77032782,84,416,16.8,83.2
8971,77032782,77033282,49,451,9.8,90.2
8972,77033282,77033782,272,228,54.400000000000006,45.599999999999994
8973,77033782,77034282,500,0,100.0,0.0
8974,77034282,77034782,500,0,100.0,0.0
8975,77034782,77035282,500,0,100.0,0.0
8976,77035282,77035782,500,0,100.0,0.0
8977,77035782,77036282,500,0,100.0,0.0
8978,77036282,77036782,500,0,100.0,0.0
8979,77036782,77037282,500,0,100.0,0.0
8980,77037282,77037782,500,0,100.0,0.0
8981,77037782,77038282,500,0,100.0,0.0
8982,77038282,77038782,500,0,100.0,0.0
8983,77038782,77039282,500,0,100.0,0.0
8984,77039282,77039782,500,0,100.0,0.0
8985,77039782,77040282,500,0,100.0,0.0
8986,77040282,77040782,500,0,100.0,0.0
8987,77040782,77041282,500,0,100.0,0.0
8988,77041282,77041782,500,0,100.0,0.0
8989,77041782,77042282,500,0,100.0,0.0
8990,77042282,77042782,500,0,100.0,0.0
8991,77042782,77043282,500,0,100.0,0.0
8992,77043282,77043782,500,0,100.0,0.0
8993,77043782,77044282,500,0,100.0,0.0
8994,77044282,77044782,500,0,100.0,0.0
8995,77044782,77045282,500,0,100.0,0.0
8996,77045282,77045782,500,0,100.0,0.0
8997,77045782,77046282,375,125,75.0,25.0
8998,77046282,77046782,23,477,4.6,95.4
8999,77046782,77047282,35,465,7.000000000000001,93.0
9000,77047282,77047782,500,0,100.0,0.0
9001,77047782,77048282,500,0,100.0,0.0
9002,77048282,77048782,500,0,100.0,0.0
9003,77048782,77049282,500,0,100.0,0.0
9004,77049282,77049782,500,0,100.0,0.0
9005,77049782,77050282,500,0,100.0,0.0
9006,77050282,77050782,500,0,100.0,0.0
9007,77050782,77051282,500,0,100.0,0.0
9008,77051282,77051782,500,0,100.0,0.0
9009,77051782,77052282,500,0,100.0,0.0
9010,77052282,77052782,500,0,100.0,0.0
9011,77052782,77053282,500,0,100.0,0.0
9012,77053282,77053782,500,0,100.0,0.0
9013,77053782,77054282,500,0,100.0,0.0
9014,77054282,77054782,500,0,100.0,0.0
9015,77054782,77055282,500,0,100.0,0.0
9016,77055282,77055782,500,0,100.0,0.0
9017,77055782,77056282,500,0,100.0,0.0
9018,77056282,77056782,500,0,100.0,0.0
9019,77056782,77057282,500,0,100.0,0.0
9020,77057282,77057782,500,0,100.0,0.0
9021,77057782,77058282,500,0,100.0,0.0
9022,77058282,77058782,500,0,100.0,0.0
9023,77058782,77059282,500,0,100.0,0.0
9024,77059282,77059782,53,447,10.6,89.4
9025,77059782,77060282,45,455,9.0,91.0
9026,77060282,77060782,326,174,65.2,34.8
9027,77060782,77061282,500,0,100.0,0.0
9028,77061282,77061782,500,0,100.0,0.0
9029,77061782,77062282,500,0,100.0,0.0
9030,77062282,77062782,500,0,100.0,0.0
9031,77062782,77063282,500,0,100.0,0.0
9032,77063282,77063782,500,0,100.0,0.0
9033,77063782,77064282,500,0,100.0,0.0
9034,77064282,77064782,500,0,100.0,0.0
9035,77064782,77065282,500,0,100.0,0.0
9036,77065282,77065782,500,0,100.0,0.0
9037,77065782,77066282,500,0,100.0,0.0
9038,77066282,77066782,500,0,100.0,0.0
9039,77066782,77067282,500,0,100.0,0.0
9040,77067282,77067782,500,0,100.0,0.0
9041,77067782,77068282,500,0,100.0,0.0
9042,77068282,77068782,500,0,100.0,0.0
9043,77068782,77069282,500,0,100.0,0.0
9044,77069282,77069782,500,0,100.0,0.0
9045,77069782,77070282,500,0,100.0,0.0
9046,77070282,77070782,500,0,100.0,0.0
9047,77070782,77071282,500,0,100.0,0.0
9048,77071282,77071782,500,0,100.0,0.0
9049,77071782,77072282,500,0,100.0,0.0
9050,77072282,77072782,232,268,46.400000000000006,53.599999999999994
9051,77072782,77073282,49,451,9.8,90.2
9052,77073282,77073782,115,385,23.0,77.0
9053,77073782,77074282,500,0,100.0,0.0
9054,77074282,77074782,500,0,100.0,0.0
9055,77074782,77075282,500,0,100.0,0.0
9056,77075282,77075782,500,0,100.0,0.0
9057,77075782,77076282,500,0,100.0,0.0
9058,77076282,77076782,500,0,100.0,0.0
9059,77076782,77077282,500,0,100.0,0.0
9060,77077282,77077782,500,0,100.0,0.0
9061,77077782,77078282,500,0,100.0,0.0
9062,77078282,77078782,500,0,100.0,0.0
9063,77078782,77079282,500,0,100.0,0.0
9064,77079282,77079782,500,0,100.0,0.0
9065,77079782,77080282,500,0,100.0,0.0
9066,77080282,77080782,500,0,100.0,0.0
9067,77080782,77081282,500,0,100.0,0.0
9068,77081282,77081782,500,0,100.0,0.0
9069,77081782,77082282,500,0,100.0,0.0
9070,77082282,77082782,500,0,100.0,0.0
9071,77082782,77083282,500,0,100.0,0.0
9072,77083282,77083782,500,0,100.0,0.0
9073,77083782,77084282,500,0,100.0,0.0
9074,77084282,77084782,500,0,100.0,0.0
9075,77084782,77085282,500,0,100.0,0.0
9076,77085282,77085782,368,132,73.6,26.400000000000006
9077,77085782,77086282,8,492,1.6,98.4
9078,77086282,77086782,47,453,9.4,90.6
9079,77086782,77087282,383,117,76.6,23.400000000000006
9080,77087282,77087782,500,0,100.0,0.0
9081,77087782,77088282,500,0,100.0,0.0
9082,77088282,77088782,500,0,100.0,0.0
9083,77088782,77089282,500,0,100.0,0.0
9084,77089282,77089782,500,0,100.0,0.0
9085,77089782,77090282,500,0,100.0,0.0
9086,77090282,77090782,500,0,100.0,0.0
9087,77090782,77091282,500,0,100.0,0.0
9088,77091282,77091782,500,0,100.0,0.0
9089,77091782,77092282,500,0,100.0,0.0
9090,77092282,77092782,500,0,100.0,0.0
9091,77092782,77093282,500,0,100.0,0.0
9092,77093282,77093782,500,0,100.0,0.0
9093,77093782,77094282,500,0,100.0,0.0
9094,77094282,77094782,500,0,100.0,0.0
9095,77094782,77095282,500,0,100.0,0.0
9096,77095282,77095782,500,0,100.0,0.0
9097,77095782,77096282,500,0,100.0,0.0
9098,77096282,77096782,500,0,100.0,0.0
9099,77096782,77097282,500,0,100.0,0.0
9100,77097282,77097782,500,0,100.0,0.0
9101,77097782,77098282,500,0,100.0,0.0
9102,77098282,77098782,500,0,100.0,0.0
9103,77098782,77099282,159,341,31.8,68.2
9104,77099282,77099782,51,449,10.2,89.8
9105,77099782,77100282,76,424,15.2,84.8
9106,77100282,77100782,500,0,100.0,0.0
9107,77100782,77101282,500,0,100.0,0.0
9108,77101282,77101782,500,0,100.0,0.0
9109,77101782,77102282,500,0,100.0,0.0
9110,77102282,77102782,500,0,100.0,0.0
9111,77102782,77103282,500,0,100.0,0.0
9112,77103282,77103782,500,0,100.0,0.0
9113,77103782,77104282,500,0,100.0,0.0
9114,77104282,77104782,500,0,100.0,0.0
9115,77104782,77105282,500,0,100.0,0.0
9116,77105282,77105782,500,0,100.0,0.0
9117,77105782,77106282,500,0,100.0,0.0
9118,77106282,77106782,500,0,100.0,0.0
9119,77106782,77107282,500,0,100.0,0.0
9120,77107282,77107782,500,0,100.0,0.0
9121,77107782,77108282,500,0,100.0,0.0
9122,77108282,77108782,500,0,100.0,0.0
9123,77108782,77109282,500,0,100.0,0.0
9124,77109282,77109782,500,0,100.0,0.0
9125,77109782,77110282,500,0,100.0,0.0
9126,77110282,77110782,500,0,100.0,0.0
9127,77110782,77111282,500,0,100.0,0.0
9128,77111282,77111782,500,0,100.0,0.0
9129,77111782,77112282,500,0,100.0,0.0
9130,77112282,77112782,33,467,6.6000000000000005,93.4
9131,77112782,77113282,48,452,9.6,90.4
9132,77113282,77113782,328,172,65.60000000000001,34.39999999999999
9133,77113782,77114282,500,0,100.0,0.0
9134,77114282,77114782,500,0,100.0,0.0
9135,77114782,77115282,500,0,100.0,0.0
9136,77115282,77115782,500,0,100.0,0.0
9137,77115782,77116282,500,0,100.0,0.0
9138,77116282,77116782,500,0,100.0,0.0
9139,77116782,77117282,500,0,100.0,0.0
9140,77117282,77117782,500,0,100.0,0.0
9141,77117782,77118282,500,0,100.0,0.0
9142,77118282,77118782,500,0,100.0,0.0
9143,77118782,77119282,500,0,100.0,0.0
9144,77119282,77119782,500,0,100.0,0.0
9145,77119782,77120282,500,0,100.0,0.0
9146,77120282,77120782,500,0,100.0,0.0
9147,77120782,77121282,500,0,100.0,0.0
9148,77121282,77121782,500,0,100.0,0.0
9149,77121782,77122282,500,0,100.0,0.0
9150,77122282,77122782,500,0,100.0,0.0
9151,77122782,77123282,500,0,100.0,0.0
9152,77123282,77123782,500,0,100.0,0.0
9153,77123782,77124282,500,0,100.0,0.0
9154,77124282,77124782,500,0,100.0,0.0
9155,77124782,77125282,500,0,100.0,0.0
9156,77125282,77125782,377,123,75.4,24.599999999999994
9157,77125782,77126282,8,492,1.6,98.4
9158,77126282,77126782,47,453,9.4,90.6
9159,77126782,77127282,487,13,97.39999999999999,2.6000000000000085
9160,77127282,77127782,500,0,100.0,0.0
9161,77127782,77128282,500,0,100.0,0.0
9162,77128282,77128782,500,0,100.0,0.0
9163,77128782,77129282,500,0,100.0,0.0
9164,77129282,77129782,500,0,100.0,0.0
9165,77129782,77130282,500,0,100.0,0.0
9166,77130282,77130782,500,0,100.0,0.0
9167,77130782,77131282,500,0,100.0,0.0
9168,77131282,77131782,500,0,100.0,0.0
9169,77131782,77132282,500,0,100.0,0.0
9170,77132282,77132782,500,0,100.0,0.0
9171,77132782,77133282,500,0,100.0,0.0
9172,77133282,77133782,500,0,100.0,0.0
9173,77133782,77134282,500,0,100.0,0.0
9174,77134282,77134782,500,0,100.0,0.0
9175,77134782,77135282,500,0,100.0,0.0
9176,77135282,77135782,500,0,100.0,0.0
9177,77135782,77136282,500,0,100.0,0.0
9178,77136282,77136782,500,0,100.0,0.0
9179,77136782,77137282,500,0,100.0,0.0
9180,77137282,77137782,500,0,100.0,0.0
9181,77137782,77138282,500,0,100.0,0.0
9182,77138282,77138782,500,0,100.0,0.0
9183,77138782,77139282,500,0,100.0,0.0
9184,77139282,77139782,500,0,100.0,0.0
9185,77139782,77140282,363,137,72.6,27.400000000000006
9186,77140282,77140782,6,494,1.2,98.8
9187,77140782,77141282,3,497,0.6,99.4
9188,77141282,77141782,94,406,18.8,81.2
9189,77141782,77142282,190,310,38.0,62.0
9190,77142282,77142782,500,0,100.0,0.0
9191,77142782,77143282,500,0,100.0,0.0
9192,77143282,77143782,500,0,100.0,0.0
9193,77143782,77144282,500,0,100.0,0.0
9194,77144282,77144782,500,0,100.0,0.0
9195,77144782,77145282,500,0,100.0,0.0
9196,77145282,77145782,500,0,100.0,0.0
9197,77145782,77146282,500,0,100.0,0.0
9198,77146282,77146782,500,0,100.0,0.0
9199,77146782,77147282,500,0,100.0,0.0
9200,77147282,77147782,500,0,100.0,0.0
9201,77147782,77148282,500,0,100.0,0.0
9202,77148282,77148782,500,0,100.0,0.0
9203,77148782,77149282,500,0,100.0,0.0
9204,77149282,77149782,500,0,100.0,0.0
9205,77149782,77150282,500,0,100.0,0.0
9206,77150282,77150782,500,0,100.0,0.0
9207,77150782,77151282,500,0,100.0,0.0
9208,77151282,77151782,500,0,100.0,0.0
9209,77151782,77152282,500,0,100.0,0.0
9210,77152282,77152782,500,0,100.0,0.0
9211,77152782,77153282,500,0,100.0,0.0
9212,77153282,77153782,500,0,100.0,0.0
9213,77153782,77154282,500,0,100.0,0.0
9214,77154282,77154782,500,0,100.0,0.0
9215,77154782,77155282,500,0,100.0,0.0
9216,77155282,77155782,479,21,95.8,4.200000000000003
9217,77155782,77156282,7,493,1.4000000000000001,98.6
9218,77156282,77156782,61,439,12.2,87.8
9219,77156782,77157282,171,329,34.2,65.8
9220,77157282,77157782,500,0,100.0,0.0
9221,77157782,77158282,500,0,100.0,0.0
9222,77158282,77158782,500,0,100.0,0.0
9223,77158782,77159282,500,0,100.0,0.0
9224,77159282,77159782,500,0,100.0,0.0
9225,77159782,77160282,500,0,100.0,0.0
9226,77160282,77160782,500,0,100.0,0.0
9227,77160782,77161282,500,0,100.0,0.0
9228,77161282,77161782,500,0,100.0,0.0
9229,77161782,77162282,500,0,100.0,0.0
9230,77162282,77162782,500,0,100.0,0.0
9231,77162782,77163282,500,0,100.0,0.0
9232,77163282,77163782,500,0,100.0,0.0
9233,77163782,77164282,500,0,100.0,0.0
9234,77164282,77164782,500,0,100.0,0.0
9235,77164782,77165282,500,0,100.0,0.0
9236,77165282,77165782,500,0,100.0,0.0
9237,77165782,77166282,500,0,100.0,0.0
9238,77166282,77166782,500,0,100.0,0.0
9239,77166782,77167282,500,0,100.0,0.0
9240,77167282,77167782,500,0,100.0,0.0
9241,77167782,77168282,500,0,100.0,0.0
9242,77168282,77168782,500,0,100.0,0.0
9243,77168782,77169282,500,0,100.0,0.0
9244,77169282,77169782,45,455,9.0,91.0
9245,77169782,77170282,66,434,13.200000000000001,86.8
9246,77170282,77170782,102,398,20.4,79.6
9247,77170782,77171282,500,0,100.0,0.0
9248,77171282,77171782,500,0,100.0,0.0
9249,77171782,77172282,500,0,100.0,0.0
9250,77172282,77172782,500,0,100.0,0.0
9251,77172782,77173282,500,0,100.0,0.0
9252,77173282,77173782,500,0,100.0,0.0
9253,77173782,77174282,500,0,100.0,0.0
9254,77174282,77174782,500,0,100.0,0.0
9255,77174782,77175282,500,0,100.0,0.0
9256,77175282,77175782,500,0,100.0,0.0
9257,77175782,77176282,500,0,100.0,0.0
9258,77176282,77176782,500,0,100.0,0.0
9259,77176782,77177282,500,0,100.0,0.0
9260,77177282,77177782,500,0,100.0,0.0
9261,77177782,77178282,500,0,100.0,0.0
9262,77178282,77178782,500,0,100.0,0.0
9263,77178782,77179282,500,0,100.0,0.0
9264,77179282,77179782,500,0,100.0,0.0
9265,77179782,77180282,500,0,100.0,0.0
9266,77180282,77180782,500,0,100.0,0.0
9267,77180782,77181282,500,0,100.0,0.0
9268,77181282,77181782,500,0,100.0,0.0
9269,77181782,77182282,500,0,100.0,0.0
9270,77182282,77182782,500,0,100.0,0.0
9271,77182782,77183282,500,0,100.0,0.0
9272,77183282,77183782,500,0,100.0,0.0
9273,77183782,77184282,102,398,20.4,79.6
9274,77184282,77184782,48,452,9.6,90.4
9275,77184782,77185282,122,378,24.4,75.6
9276,77185282,77185782,500,0,100.0,0.0
9277,77185782,77186282,500,0,100.0,0.0
9278,77186282,77186782,500,0,100.0,0.0
9279,77186782,77187282,500,0,100.0,0.0
9280,77187282,77187782,500,0,100.0,0.0
9281,77187782,77188282,500,0,100.0,0.0
9282,77188282,77188782,500,0,100.0,0.0
9283,77188782,77189282,500,0,100.0,0.0
9284,77189282,77189782,500,0,100.0,0.0
9285,77189782,77190282,500,0,100.0,0.0
9286,77190282,77190782,500,0,100.0,0.0
9287,77190782,77191282,500,0,100.0,0.0
9288,77191282,77191782,500,0,100.0,0.0
9289,77191782,77192282,500,0,100.0,0.0
9290,77192282,77192782,500,0,100.0,0.0
9291,77192782,77193282,500,0,100.0,0.0
9292,77193282,77193782,500,0,100.0,0.0
9293,77193782,77194282,500,0,100.0,0.0
9294,77194282,77194782,500,0,100.0,0.0
9295,77194782,77195282,500,0,100.0,0.0
9296,77195282,77195782,500,0,100.0,0.0
9297,77195782,77196282,500,0,100.0,0.0
9298,77196282,77196782,500,0,100.0,0.0
9299,77196782,77197282,500,0,100.0,0.0
9300,77197282,77197782,491,9,98.2,1.7999999999999972
9301,77197782,77198282,8,492,1.6,98.4
9302,77198282,77198782,49,451,9.8,90.2
9303,77198782,77199282,153,347,30.599999999999998,69.4
9304,77199282,77199782,500,0,100.0,0.0
9305,77199782,77200282,500,0,100.0,0.0
9306,77200282,77200782,500,0,100.0,0.0
9307,77200782,77201282,500,0,100.0,0.0
9308,77201282,77201782,500,0,100.0,0.0
9309,77201782,77202282,500,0,100.0,0.0
9310,77202282,77202782,500,0,100.0,0.0
9311,77202782,77203282,500,0,100.0,0.0
9312,77203282,77203782,500,0,100.0,0.0
9313,77203782,77204282,500,0,100.0,0.0
9314,77204282,77204782,500,0,100.0,0.0
9315,77204782,77205282,500,0,100.0,0.0
9316,77205282,77205782,500,0,100.0,0.0
9317,77205782,77206282,500,0,100.0,0.0
9318,77206282,77206782,500,0,100.0,0.0
9319,77206782,77207282,500,0,100.0,0.0
9320,77207282,77207782,500,0,100.0,0.0
9321,77207782,77208282,500,0,100.0,0.0
9322,77208282,77208782,500,0,100.0,0.0
9323,77208782,77209282,500,0,100.0,0.0
9324,77209282,77209782,500,0,100.0,0.0
9325,77209782,77210282,500,0,100.0,0.0
9326,77210282,77210782,500,0,100.0,0.0
9327,77210782,77211282,500,0,100.0,0.0
9328,77211282,77211782,500,0,100.0,0.0
9329,77211782,77212282,10,490,2.0,98.0
9330,77212282,77212782,46,454,9.2,90.8
9331,77212782,77213282,255,245,51.0,49.0
9332,77213282,77213782,500,0,100.0,0.0
9333,77213782,77214282,500,0,100.0,0.0
9334,77214282,77214782,500,0,100.0,0.0
9335,77214782,77215282,500,0,100.0,0.0
9336,77215282,77215782,500,0,100.0,0.0
9337,77215782,77216282,500,0,100.0,0.0
9338,77216282,77216782,500,0,100.0,0.0
9339,77216782,77217282,500,0,100.0,0.0
9340,77217282,77217782,500,0,100.0,0.0
9341,77217782,77218282,500,0,100.0,0.0
9342,77218282,77218782,500,0,100.0,0.0
9343,77218782,77219282,500,0,100.0,0.0
9344,77219282,77219782,500,0,100.0,0.0
9345,77219782,77220282,500,0,100.0,0.0
9346,77220282,77220782,500,0,100.0,0.0
9347,77220782,77221282,500,0,100.0,0.0
9348,77221282,77221782,500,0,100.0,0.0
9349,77221782,77222282,500,0,100.0,0.0
9350,77222282,77222782,500,0,100.0,0.0
9351,77222782,77223282,500,0,100.0,0.0
9352,77223282,77223782,500,0,100.0,0.0
9353,77223782,77224282,500,0,100.0,0.0
9354,77224282,77224782,500,0,100.0,0.0
9355,77224782,77225282,500,0,100.0,0.0
9356,77225282,77225782,265,235,53.0,47.0
9357,77225782,77226282,23,477,4.6,95.4
9358,77226282,77226782,97,403,19.400000000000002,80.6
9359,77226782,77227282,500,0,100.0,0.0
9360,77227282,77227782,500,0,100.0,0.0
9361,77227782,77228282,500,0,100.0,0.0
9362,77228282,77228782,500,0,100.0,0.0
9363,77228782,77229282,500,0,100.0,0.0
9364,77229282,77229782,500,0,100.0,0.0
9365,77229782,77230282,500,0,100.0,0.0
9366,77230282,77230782,500,0,100.0,0.0
9367,77230782,77231282,500,0,100.0,0.0
9368,77231282,77231782,500,0,100.0,0.0
9369,77231782,77232282,500,0,100.0,0.0
9370,77232282,77232782,500,0,100.0,0.0
9371,77232782,77233282,500,0,100.0,0.0
9372,77233282,77233782,500,0,100.0,0.0
9373,77233782,77234282,500,0,100.0,0.0
9374,77234282,77234782,500,0,100.0,0.0
9375,77234782,77235282,500,0,100.0,0.0
9376,77235282,77235782,500,0,100.0,0.0
9377,77235782,77236282,500,0,100.0,0.0
9378,77236282,77236782,500,0,100.0,0.0
9379,77236782,77237282,500,0,100.0,0.0
9380,77237282,77237782,500,0,100.0,0.0
9381,77237782,77238282,500,0,100.0,0.0
9382,77238282,77238782,500,0,100.0,0.0
9383,77238782,77239282,57,443,11.4,88.6
9384,77239282,77239782,47,453,9.4,90.6
9385,77239782,77240282,232,268,46.400000000000006,53.599999999999994
9386,77240282,77240782,500,0,100.0,0.0
9387,77240782,77241282,500,0,100.0,0.0
9388,77241282,77241782,500,0,100.0,0.0
9389,77241782,77242282,500,0,100.0,0.0
9390,77242282,77242782,500,0,100.0,0.0
9391,77242782,77243282,500,0,100.0,0.0
9392,77243282,77243782,500,0,100.0,0.0
9393,77243782,77244282,500,0,100.0,0.0
9394,77244282,77244782,500,0,100.0,0.0
9395,77244782,77245282,500,0,100.0,0.0
9396,77245282,77245782,500,0,100.0,0.0
9397,77245782,77246282,500,0,100.0,0.0
9398,77246282,77246782,500,0,100.0,0.0
9399,77246782,77247282,500,0,100.0,0.0
9400,77247282,77247782,500,0,100.0,0.0
9401,77247782,77248282,500,0,100.0,0.0
9402,77248282,77248782,500,0,100.0,0.0
9403,77248782,77249282,500,0,100.0,0.0
9404,77249282,77249782,500,0,100.0,0.0
9405,77249782,77250282,500,0,100.0,0.0
9406,77250282,77250782,500,0,100.0,0.0
9407,77250782,77251282,500,0,100.0,0.0
9408,77251282,77251782,500,0,100.0,0.0
9409,77251782,77252282,500,0,100.0,0.0
9410,77252282,77252782,500,0,100.0,0.0
9411,77252782,77253282,86,414,17.2,82.8
9412,77253282,77253782,56,444,11.200000000000001,88.8
9413,77253782,77254282,113,387,22.6,77.4
9414,77254282,77254782,500,0,100.0,0.0
9415,77254782,77255282,500,0,100.0,0.0
9416,77255282,77255782,500,0,100.0,0.0
9417,77255782,77256282,500,0,100.0,0.0
9418,77256282,77256782,500,0,100.0,0.0
9419,77256782,77257282,500,0,100.0,0.0
9420,77257282,77257782,500,0,100.0,0.0
9421,77257782,77258282,500,0,100.0,0.0
9422,77258282,77258782,500,0,100.0,0.0
9423,77258782,77259282,500,0,100.0,0.0
9424,77259282,77259782,500,0,100.0,0.0
9425,77259782,77260282,500,0,100.0,0.0
9426,77260282,77260782,500,0,100.0,0.0
9427,77260782,77261282,500,0,100.0,0.0
9428,77261282,77261782,500,0,100.0,0.0
9429,77261782,77262282,500,0,100.0,0.0
9430,77262282,77262782,500,0,100.0,0.0
9431,77262782,77263282,500,0,100.0,0.0
9432,77263282,77263782,500,0,100.0,0.0
9433,77263782,77264282,500,0,100.0,0.0
9434,77264282,77264782,500,0,100.0,0.0
9435,77264782,77265282,500,0,100.0,0.0
9436,77265282,77265782,500,0,100.0,0.0
9437,77265782,77266282,500,0,100.0,0.0
9438,77266282,77266782,500,0,100.0,0.0
9439,77266782,77267282,475,25,95.0,5.0
9440,77267282,77267782,8,492,1.6,98.4
9441,77267782,77268282,63,437,12.6,87.4
9442,77268282,77268782,190,310,38.0,62.0
9443,77268782,77269282,500,0,100.0,0.0
9444,77269282,77269782,500,0,100.0,0.0
9445,77269782,77270282,500,0,100.0,0.0
9446,77270282,77270782,500,0,100.0,0.0
9447,77270782,77271282,500,0,100.0,0.0
9448,77271282,77271782,500,0,100.0,0.0
9449,77271782,77272282,500,0,100.0,0.0
9450,77272282,77272782,500,0,100.0,0.0
9451,77272782,77273282,500,0,100.0,0.0
9452,77273282,77273782,500,0,100.0,0.0
9453,77273782,77274282,500,0,100.0,0.0
9454,77274282,77274782,500,0,100.0,0.0
9455,77274782,77275282,500,0,100.0,0.0
9456,77275282,77275782,500,0,100.0,0.0
9457,77275782,77276282,500,0,100.0,0.0
9458,77276282,77276782,500,0,100.0,0.0
9459,77276782,77277282,500,0,100.0,0.0
9460,77277282,77277782,500,0,100.0,0.0
9461,77277782,77278282,500,0,100.0,0.0
9462,77278282,77278782,500,0,100.0,0.0
9463,77278782,77279282,500,0,100.0,0.0
9464,77279282,77279782,500,0,100.0,0.0
9465,77279782,77280282,500,0,100.0,0.0
9466,77280282,77280782,500,0,100.0,0.0
9467,77280782,77281282,500,0,100.0,0.0
9468,77281282,77281782,500,0,100.0,0.0
9469,77281782,77282282,487,13,97.39999999999999,2.6000000000000085
9470,77282282,77282782,9,491,1.7999999999999998,98.2
9471,77282782,77283282,66,434,13.200000000000001,86.8
9472,77283282,77283782,222,278,44.4,55.6
9473,77283782,77284282,500,0,100.0,0.0
9474,77284282,77284782,500,0,100.0,0.0
9475,77284782,77285282,500,0,100.0,0.0
9476,77285282,77285782,500,0,100.0,0.0
9477,77285782,77286282,500,0,100.0,0.0
9478,77286282,77286782,500,0,100.0,0.0
9479,77286782,77287282,500,0,100.0,0.0
9480,77287282,77287782,500,0,100.0,0.0
9481,77287782,77288282,500,0,100.0,0.0
9482,77288282,77288782,500,0,100.0,0.0
9483,77288782,77289282,500,0,100.0,0.0
9484,77289282,77289782,500,0,100.0,0.0
9485,77289782,77290282,500,0,100.0,0.0
9486,77290282,77290782,500,0,100.0,0.0
9487,77290782,77291282,500,0,100.0,0.0
9488,77291282,77291782,500,0,100.0,0.0
9489,77291782,77292282,500,0,100.0,0.0
9490,77292282,77292782,500,0,100.0,0.0
9491,77292782,77293282,500,0,100.0,0.0
9492,77293282,77293782,500,0,100.0,0.0
9493,77293782,77294282,500,0,100.0,0.0
9494,77294282,77294782,500,0,100.0,0.0
9495,77294782,77295282,500,0,100.0,0.0
9496,77295282,77295782,500,0,100.0,0.0
9497,77295782,77296282,500,0,100.0,0.0
9498,77296282,77296782,122,378,24.4,75.6
9499,77296782,77297282,61,439,12.2,87.8
9500,77297282,77297782,121,379,24.2,75.8
9501,77297782,77298282,500,0,100.0,0.0
9502,77298282,77298782,500,0,100.0,0.0
9503,77298782,77299282,500,0,100.0,0.0
9504,77299282,77299782,500,0,100.0,0.0
9505,77299782,77300282,500,0,100.0,0.0
9506,77300282,77300782,500,0,100.0,0.0
9507,77300782,77301282,500,0,100.0,0.0
9508,77301282,77301782,500,0,100.0,0.0
9509,77301782,77302282,500,0,100.0,0.0
9510,77302282,77302782,500,0,100.0,0.0
9511,77302782,77303282,500,0,100.0,0.0
9512,77303282,77303782,500,0,100.0,0.0
9513,77303782,77304282,500,0,100.0,0.0
9514,77304282,77304782,500,0,100.0,0.0
9515,77304782,77305282,500,0,100.0,0.0
9516,77305282,77305782,500,0,100.0,0.0
9517,77305782,77306282,500,0,100.0,0.0
9518,77306282,77306782,500,0,100.0,0.0
9519,77306782,77307282,500,0,100.0,0.0
9520,77307282,77307782,500,0,100.0,0.0
9521,77307782,77308282,500,0,100.0,0.0
9522,77308282,77308782,500,0,100.0,0.0
9523,77308782,77309282,500,0,100.0,0.0
9524,77309282,77309782,500,0,100.0,0.0
9525,77309782,77310282,486,14,97.2,2.799999999999997
9526,77310282,77310782,9,491,1.7999999999999998,98.2
9527,77310782,77311282,52,448,10.4,89.6
9528,77311282,77311782,263,237,52.6,47.4
9529,77311782,77312282,500,0,100.0,0.0
9530,77312282,77312782,500,0,100.0,0.0
9531,77312782,77313282,500,0,100.0,0.0
9532,77313282,77313782,500,0,100.0,0.0
9533,77313782,77314282,500,0,100.0,0.0
9534,77314282,77314782,500,0,100.0,0.0
9535,77314782,77315282,500,0,100.0,0.0
9536,77315282,77315782,500,0,100.0,0.0
9537,77315782,77316282,500,0,100.0,0.0
9538,77316282,77316782,500,0,100.0,0.0
9539,77316782,77317282,500,0,100.0,0.0
9540,77317282,77317782,500,0,100.0,0.0
9541,77317782,77318282,500,0,100.0,0.0
9542,77318282,77318782,500,0,100.0,0.0
9543,77318782,77319282,500,0,100.0,0.0
9544,77319282,77319782,500,0,100.0,0.0
9545,77319782,77320282,500,0,100.0,0.0
9546,77320282,77320782,500,0,100.0,0.0
9547,77320782,77321282,500,0,100.0,0.0
9548,77321282,77321782,500,0,100.0,0.0
9549,77321782,77322282,500,0,100.0,0.0
9550,77322282,77322782,500,0,100.0,0.0
9551,77322782,77323282,500,0,100.0,0.0
9552,77323282,77323782,500,0,100.0,0.0
9553,77323782,77324282,306,194,61.199999999999996,38.800000000000004
9554,77324282,77324782,50,450,10.0,90.0
9555,77324782,77325282,11,489,2.1999999999999997,97.8
9556,77325282,77325782,500,0,100.0,0.0
9557,77325782,77326282,500,0,100.0,0.0
9558,77326282,77326782,500,0,100.0,0.0
9559,77326782,77327282,500,0,100.0,0.0
9560,77327282,77327782,500,0,100.0,0.0
9561,77327782,77328282,500,0,100.0,0.0
9562,77328282,77328782,500,0,100.0,0.0
9563,77328782,77329282,500,0,100.0,0.0
9564,77329282,77329782,500,0,100.0,0.0
9565,77329782,77330282,500,0,100.0,0.0
9566,77330282,77330782,500,0,100.0,0.0
9567,77330782,77331282,500,0,100.0,0.0
9568,77331282,77331782,500,0,100.0,0.0
9569,77331782,77332282,500,0,100.0,0.0
9570,77332282,77332782,500,0,100.0,0.0
9571,77332782,77333282,500,0,100.0,0.0
9572,77333282,77333782,500,0,100.0,0.0
9573,77333782,77334282,500,0,100.0,0.0
9574,77334282,77334782,500,0,100.0,0.0
9575,77334782,77335282,500,0,100.0,0.0
9576,77335282,77335782,500,0,100.0,0.0
9577,77335782,77336282,500,0,100.0,0.0
9578,77336282,77336782,500,0,100.0,0.0
9579,77336782,77337282,500,0,100.0,0.0
9580,77337282,77337782,410,90,82.0,18.0
9581,77337782,77338282,8,492,1.6,98.4
9582,77338282,77338782,49,451,9.8,90.2
9583,77338782,77339282,415,85,83.0,17.0
9584,77339282,77339782,500,0,100.0,0.0
9585,77339782,77340282,500,0,100.0,0.0
9586,77340282,77340782,500,0,100.0,0.0
9587,77340782,77341282,500,0,100.0,0.0
9588,77341282,77341782,500,0,100.0,0.0
9589,77341782,77342282,500,0,100.0,0.0
9590,77342282,77342782,500,0,100.0,0.0
9591,77342782,77343282,500,0,100.0,0.0
9592,77343282,77343782,500,0,100.0,0.0
9593,77343782,77344282,500,0,100.0,0.0
9594,77344282,77344782,500,0,100.0,0.0
9595,77344782,77345282,500,0,100.0,0.0
9596,77345282,77345782,500,0,100.0,0.0
9597,77345782,77346282,500,0,100.0,0.0
9598,77346282,77346782,500,0,100.0,0.0
9599,77346782,77347282,500,0,100.0,0.0
9600,77347282,77347782,500,0,100.0,0.0
9601,77347782,77348282,500,0,100.0,0.0
9602,77348282,77348782,500,0,100.0,0.0
9603,77348782,77349282,500,0,100.0,0.0
9604,77349282,77349782,500,0,100.0,0.0
9605,77349782,77350282,500,0,100.0,0.0
9606,77350282,77350782,500,0,100.0,0.0
9607,77350782,77351282,500,0,100.0,0.0
9608,77351282,77351782,315,185,63.0,37.0
9609,77351782,77352282,7,493,1.4000000000000001,98.6
9610,77352282,77352782,72,428,14.399999999999999,85.6
9611,77352782,77353282,223,277,44.6,55.4
9612,77353282,77353782,500,0,100.0,0.0
9613,77353782,77354282,500,0,100.0,0.0
9614,77354282,77354782,500,0,100.0,0.0
9615,77354782,77355282,500,0,100.0,0.0
9616,77355282,77355782,500,0,100.0,0.0
9617,77355782,77356282,500,0,100.0,0.0
9618,77356282,77356782,500,0,100.0,0.0
9619,77356782,77357282,500,0,100.0,0.0
9620,77357282,77357782,500,0,100.0,0.0
9621,77357782,77358282,500,0,100.0,0.0
9622,77358282,77358782,500,0,100.0,0.0
9623,77358782,77359282,500,0,100.0,0.0
9624,77359282,77359782,500,0,100.0,0.0
9625,77359782,77360282,500,0,100.0,0.0
9626,77360282,77360782,500,0,100.0,0.0
9627,77360782,77361282,500,0,100.0,0.0
9628,77361282,77361782,500,0,100.0,0.0
9629,77361782,77362282,500,0,100.0,0.0
9630,77362282,77362782,500,0,100.0,0.0
9631,77362782,77363282,500,0,100.0,0.0
9632,77363282,77363782,500,0,100.0,0.0
9633,77363782,77364282,500,0,100.0,0.0
9634,77364282,77364782,500,0,100.0,0.0
9635,77364782,77365282,500,0,100.0,0.0
9636,77365282,77365782,500,0,100.0,0.0
9637,77365782,77366282,414,86,82.8,17.200000000000003
9638,77366282,77366782,8,492,1.6,98.4
9639,77366782,77367282,60,440,12.0,88.0
9640,77367282,77367782,378,122,75.6,24.400000000000006
9641,77367782,77368282,500,0,100.0,0.0
9642,77368282,77368782,500,0,100.0,0.0
9643,77368782,77369282,500,0,100.0,0.0
9644,77369282,77369782,500,0,100.0,0.0
9645,77369782,77370282,500,0,100.0,0.0
9646,77370282,77370782,500,0,100.0,0.0
9647,77370782,77371282,500,0,100.0,0.0
9648,77371282,77371782,500,0,100.0,0.0
9649,77371782,77372282,500,0,100.0,0.0
9650,77372282,77372782,500,0,100.0,0.0
9651,77372782,77373282,500,0,100.0,0.0
9652,77373282,77373782,500,0,100.0,0.0
9653,77373782,77374282,500,0,100.0,0.0
9654,77374282,77374782,500,0,100.0,0.0
9655,77374782,77375282,500,0,100.0,0.0
9656,77375282,77375782,500,0,100.0,0.0
9657,77375782,77376282,500,0,100.0,0.0
9658,77376282,77376782,500,0,100.0,0.0
9659,77376782,77377282,500,0,100.0,0.0
9660,77377282,77377782,500,0,100.0,0.0
9661,77377782,77378282,500,0,100.0,0.0
9662,77378282,77378782,500,0,100.0,0.0
9663,77378782,77379282,500,0,100.0,0.0
9664,77379282,77379782,500,0,100.0,0.0
9665,77379782,77380282,500,0,100.0,0.0
9666,77380282,77380782,329,171,65.8,34.2
9667,77380782,77381282,8,492,1.6,98.4
9668,77381282,77381782,59,441,11.799999999999999,88.2
9669,77381782,77382282,451,49,90.2,9.799999999999997
9670,77382282,77382782,500,0,100.0,0.0
9671,77382782,77383282,500,0,100.0,0.0
9672,77383282,77383782,500,0,100.0,0.0
9673,77383782,77384282,500,0,100.0,0.0
9674,77384282,77384782,500,0,100.0,0.0
9675,77384782,77385282,500,0,100.0,0.0
9676,77385282,77385782,500,0,100.0,0.0
9677,77385782,77386282,500,0,100.0,0.0
9678,77386282,77386782,500,0,100.0,0.0
9679,77386782,77387282,500,0,100.0,0.0
9680,77387282,77387782,500,0,100.0,0.0
9681,77387782,77388282,500,0,100.0,0.0
9682,77388282,77388782,500,0,100.0,0.0
9683,77388782,77389282,500,0,100.0,0.0
9684,77389282,77389782,500,0,100.0,0.0
9685,77389782,77390282,500,0,100.0,0.0
9686,77390282,77390782,500,0,100.0,0.0
9687,77390782,77391282,500,0,100.0,0.0
9688,77391282,77391782,500,0,100.0,0.0
9689,77391782,77392282,500,0,100.0,0.0
9690,77392282,77392782,500,0,100.0,0.0
9691,77392782,77393282,500,0,100.0,0.0
9692,77393282,77393782,500,0,100.0,0.0
9693,77393782,77394282,500,0,100.0,0.0
9694,77394282,77394782,277,223,55.400000000000006,44.599999999999994
9695,77394782,77395282,13,487,2.6,97.4
9696,77395282,77395782,83,417,16.6,83.4
9697,77395782,77396282,500,0,100.0,0.0
9698,77396282,77396782,500,0,100.0,0.0
9699,77396782,77397282,500,0,100.0,0.0
9700,77397282,77397782,500,0,100.0,0.0
9701,77397782,77398282,500,0,100.0,0.0
9702,77398282,77398782,500,0,100.0,0.0
9703,77398782,77399282,500,0,100.0,0.0
9704,77399282,77399782,500,0,100.0,0.0
9705,77399782,77400282,500,0,100.0,0.0
9706,77400282,77400782,500,0,100.0,0.0
9707,77400782,77401282,500,0,100.0,0.0
9708,77401282,77401782,500,0,100.0,0.0
9709,77401782,77402282,500,0,100.0,0.0
9710,77402282,77402782,500,0,100.0,0.0
9711,77402782,77403282,500,0,100.0,0.0
9712,77403282,77403782,500,0,100.0,0.0
9713,77403782,77404282,500,0,100.0,0.0
9714,77404282,77404782,500,0,100.0,0.0
9715,77404782,77405282,500,0,100.0,0.0
9716,77405282,77405782,500,0,100.0,0.0
9717,77405782,77406282,500,0,100.0,0.0
9718,77406282,77406782,500,0,100.0,0.0
9719,77406782,77407282,500,0,100.0,0.0
9720,77407282,77407782,500,0,100.0,0.0
9721,77407782,77408282,500,0,100.0,0.0
9722,77408282,77408782,500,0,100.0,0.0
9723,77408782,77409282,148,352,29.599999999999998,70.4
9724,77409282,77409782,64,436,12.8,87.2
9725,77409782,77410282,6,494,1.2,98.8
9726,77410282,77410782,474,26,94.8,5.200000000000003
9727,77410782,77411282,500,0,100.0,0.0
9728,77411282,77411782,500,0,100.0,0.0
9729,77411782,77412282,500,0,100.0,0.0
9730,77412282,77412782,500,0,100.0,0.0
9731,77412782,77413282,500,0,100.0,0.0
9732,77413282,77413782,500,0,100.0,0.0
9733,77413782,77414282,500,0,100.0,0.0
9734,77414282,77414782,500,0,100.0,0.0
9735,77414782,77415282,500,0,100.0,0.0
9736,77415282,77415782,500,0,100.0,0.0
9737,77415782,77416282,500,0,100.0,0.0
9738,77416282,77416782,500,0,100.0,0.0
9739,77416782,77417282,500,0,100.0,0.0
9740,77417282,77417782,500,0,100.0,0.0
9741,77417782,77418282,500,0,100.0,0.0
9742,77418282,77418782,500,0,100.0,0.0
9743,77418782,77419282,500,0,100.0,0.0
9744,77419282,77419782,500,0,100.0,0.0
9745,77419782,77420282,500,0,100.0,0.0
9746,77420282,77420782,500,0,100.0,0.0
9747,77420782,77421282,500,0,100.0,0.0
9748,77421282,77421782,500,0,100.0,0.0
9749,77421782,77422282,500,0,100.0,0.0
9750,77422282,77422782,500,0,100.0,0.0
9751,77422782,77423282,500,0,100.0,0.0
9752,77423282,77423782,500,0,100.0,0.0
9753,77423782,77424282,500,0,100.0,0.0
9754,77424282,77424782,80,420,16.0,84.0
9755,77424782,77425282,70,430,14.000000000000002,86.0
9756,77425282,77425782,102,398,20.4,79.6
9757,77425782,77426282,500,0,100.0,0.0
9758,77426282,77426782,500,0,100.0,0.0
9759,77426782,77427282,500,0,100.0,0.0
9760,77427282,77427782,500,0,100.0,0.0
9761,77427782,77428282,500,0,100.0,0.0
9762,77428282,77428782,500,0,100.0,0.0
9763,77428782,77429282,500,0,100.0,0.0
9764,77429282,77429782,500,0,100.0,0.0
9765,77429782,77430282,500,0,100.0,0.0
9766,77430282,77430782,500,0,100.0,0.0
9767,77430782,77431282,500,0,100.0,0.0
9768,77431282,77431782,500,0,100.0,0.0
9769,77431782,77432282,500,0,100.0,0.0
9770,77432282,77432782,500,0,100.0,0.0
9771,77432782,77433282,500,0,100.0,0.0
9772,77433282,77433782,500,0,100.0,0.0
9773,77433782,77434282,500,0,100.0,0.0
9774,77434282,77434782,500,0,100.0,0.0
9775,77434782,77435282,500,0,100.0,0.0
9776,77435282,77435782,500,0,100.0,0.0
9777,77435782,77436282,500,0,100.0,0.0
9778,77436282,77436782,500,0,100.0,0.0
9779,77436782,77437282,500,0,100.0,0.0
9780,77437282,77437782,500,0,100.0,0.0
9781,77437782,77438282,500,0,100.0,0.0
9782,77438282,77438782,500,0,100.0,0.0
9783,77438782,77439282,500,0,100.0,0.0
9784,77439282,77439782,444,56,88.8,11.200000000000003
9785,77439782,77440282,8,492,1.6,98.4
9786,77440282,77440782,60,440,12.0,88.0
9787,77440782,77441282,175,325,35.0,65.0
9788,77441282,77441782,500,0,100.0,0.0
9789,77441782,77442282,500,0,100.0,0.0
9790,77442282,77442782,500,0,100.0,0.0
9791,77442782,77443282,500,0,100.0,0.0
9792,77443282,77443782,500,0,100.0,0.0
9793,77443782,77444282,500,0,100.0,0.0
9794,77444282,77444782,500,0,100.0,0.0
9795,77444782,77445282,500,0,100.0,0.0
9796,77445282,77445782,500,0,100.0,0.0
9797,77445782,77446282,500,0,100.0,0.0
9798,77446282,77446782,500,0,100.0,0.0
9799,77446782,77447282,500,0,100.0,0.0
9800,77447282,77447782,500,0,100.0,0.0
9801,77447782,77448282,500,0,100.0,0.0
9802,77448282,77448782,500,0,100.0,0.0
9803,77448782,77449282,500,0,100.0,0.0
9804,77449282,77449782,500,0,100.0,0.0
9805,77449782,77450282,500,0,100.0,0.0
9806,77450282,77450782,500,0,100.0,0.0
9807,77450782,77451282,500,0,100.0,0.0
9808,77451282,77451782,500,0,100.0,0.0
9809,77451782,77452282,500,0,100.0,0.0
9810,77452282,77452782,500,0,100.0,0.0
9811,77452782,77453282,500,0,100.0,0.0
9812,77453282,77453782,500,0,100.0,0.0
9813,77453782,77454282,183,317,36.6,63.4
9814,77454282,77454782,70,430,14.000000000000002,86.0
9815,77454782,77455282,4,496,0.8,99.2
9816,77455282,77455782,341,159,68.2,31.799999999999997
9817,77455782,77456282,500,0,100.0,0.0
9818,77456282,77456782,500,0,100.0,0.0
9819,77456782,77457282,500,0,100.0,0.0
9820,77457282,77457782,500,0,100.0,0.0
9821,77457782,77458282,500,0,100.0,0.0
9822,77458282,77458782,500,0,100.0,0.0
9823,77458782,77459282,500,0,100.0,0.0
9824,77459282,77459782,500,0,100.0,0.0
9825,77459782,77460282,500,0,100.0,0.0
9826,77460282,77460782,500,0,100.0,0.0
9827,77460782,77461282,500,0,100.0,0.0
9828,77461282,77461782,500,0,100.0,0.0
9829,77461782,77462282,500,0,100.0,0.0
9830,77462282,77462782,500,0,100.0,0.0
9831,77462782,77463282,500,0,100.0,0.0
9832,77463282,77463782,500,0,100.0,0.0
9833,77463782,77464282,500,0,100.0,0.0
9834,77464282,77464782,500,0,100.0,0.0
9835,77464782,77465282,500,0,100.0,0.0
9836,77465282,77465782,500,0,100.0,0.0
9837,77465782,77466282,500,0,100.0,0.0
9838,77466282,77466782,500,0,100.0,0.0
9839,77466782,77467282,500,0,100.0,0.0
9840,77467282,77467782,500,0,100.0,0.0
9841,77467782,77468282,500,0,100.0,0.0
9842,77468282,77468782,250,250,50.0,50.0
9843,77468782,77469282,7,493,1.4000000000000001,98.6
9844,77469282,77469782,66,434,13.200000000000001,86.8
9845,77469782,77470282,450,50,90.0,10.0
9846,77470282,77470782,500,0,100.0,0.0
9847,77470782,77471282,500,0,100.0,0.0
9848,77471282,77471782,500,0,100.0,0.0
9849,77471782,77472282,500,0,100.0,0.0
9850,77472282,77472782,500,0,100.0,0.0
9851,77472782,77473282,500,0,100.0,0.0
9852,77473282,77473782,500,0,100.0,0.0
9853,77473782,77474282,500,0,100.0,0.0
9854,77474282,77474782,500,0,100.0,0.0
9855,77474782,77475282,500,0,100.0,0.0
9856,77475282,77475782,500,0,100.0,0.0
9857,77475782,77476282,500,0,100.0,0.0
9858,77476282,77476782,500,0,100.0,0.0
9859,77476782,77477282,500,0,100.0,0.0
9860,77477282,77477782,500,0,100.0,0.0
9861,77477782,77478282,500,0,100.0,0.0
9862,77478282,77478782,500,0,100.0,0.0
9863,77478782,77479282,500,0,100.0,0.0
9864,77479282,77479782,500,0,100.0,0.0
9865,77479782,77480282,500,0,100.0,0.0
9866,77480282,77480782,500,0,100.0,0.0
9867,77480782,77481282,500,0,100.0,0.0
9868,77481282,77481782,500,0,100.0,0.0
9869,77481782,77482282,500,0,100.0,0.0
9870,77482282,77482782,500,0,100.0,0.0
9871,77482782,77483282,500,0,100.0,0.0
9872,77483282,77483782,181,319,36.199999999999996,63.800000000000004
9873,77483782,77484282,78,422,15.6,84.4
9874,77484282,77484782,5,495,1.0,99.0
9875,77484782,77485282,1,499,0.2,99.8
9876,77485282,77485782,0,500,0.0,100.0
9877,77485782,77486282,0,500,0.0,100.0
9878,77486282,77486782,0,500,0.0,100.0
9879,77486782,77487282,2,498,0.4,99.6
9880,77487282,77487782,500,0,100.0,0.0
9881,77487782,77488282,500,0,100.0,0.0
9882,77488282,77488782,500,0,100.0,0.0
9883,77488782,77489282,500,0,100.0,0.0
9884,77489282,77489782,500,0,100.0,0.0
9885,77489782,77490282,500,0,100.0,0.0
9886,77490282,77490782,500,0,100.0,0.0
9887,77490782,77491282,500,0,100.0,0.0
9888,77491282,77491782,500,0,100.0,0.0
9889,77491782,77492282,500,0,100.0,0.0
9890,77492282,77492782,500,0,100.0,0.0
9891,77492782,77493282,500,0,100.0,0.0
9892,77493282,77493782,500,0,100.0,0.0
9893,77493782,77494282,500,0,100.0,0.0
9894,77494282,77494782,500,0,100.0,0.0
9895,77494782,77495282,500,0,100.0,0.0
9896,77495282,77495782,500,0,100.0,0.0
9897,77495782,77496282,500,0,100.0,0.0
9898,77496282,77496782,500,0,100.0,0.0
9899,77496782,77497282,500,0,100.0,0.0
9900,77497282,77497782,500,0,100.0,0.0
9901,77497782,77498282,500,0,100.0,0.0
9902,77498282,77498782,500,0,100.0,0.0
9903,77498782,77499282,500,0,100.0,0.0
9904,77499282,77499782,500,0,100.0,0.0
9905,77499782,77500282,500,0,100.0,0.0
9906,77500282,77500782,500,0,100.0,0.0
9907,77500782,77501282,500,0,100.0,0.0
9908,77501282,77501782,500,0,100.0,0.0
9909,77501782,77502282,500,0,100.0,0.0
9910,77502282,77502782,500,0,100.0,0.0
9911,77502782,77503282,500,0,100.0,0.0
9912,77503282,77503782,500,0,100.0,0.0
9913,77503782,77504282,500,0,100.0,0.0
9914,77504282,77504782,500,0,100.0,0.0
9915,77504782,77505282,500,0,100.0,0.0
9916,77505282,77505782,500,0,100.0,0.0
9917,77505782,77506282,500,0,100.0,0.0
9918,77506282,77506782,500,0,100.0,0.0
9919,77506782,77507282,500,0,100.0,0.0
9920,77507282,77507782,500,0,100.0,0.0
9921,77507782,77508282,500,0,100.0,0.0
9922,77508282,77508782,500,0,100.0,0.0
9923,77508782,77509282,500,0,100.0,0.0
9924,77509282,77509782,500,0,100.0,0.0
9925,77509782,77510282,500,0,100.0,0.0
9926,77510282,77510782,500,0,100.0,0.0
9927,77510782,77511282,500,0,100.0,0.0
9928,77511282,77511782,500,0,100.0,0.0
9929,77511782,77512282,500,0,100.0,0.0
9930,77512282,77512782,500,0,100.0,0.0
9931,77512782,77513282,500,0,100.0,0.0
9932,77513282,77513782,500,0,100.0,0.0
9933,77513782,77514282,500,0,100.0,0.0
9934,77514282,77514782,500,0,100.0,0.0
9935,77514782,77515282,500,0,100.0,0.0
9936,77515282,77515782,500,0,100.0,0.0
9937,77515782,77516282,500,0,100.0,0.0
9938,77516282,77516782,500,0,100.0,0.0
9939,77516782,77517282,500,0,100.0,0.0
9940,77517282,77517782,500,0,100.0,0.0
9941,77517782,77518282,500,0,100.0,0.0
9942,77518282,77518782,500,0,100.0,0.0
9943,77518782,77519282,500,0,100.0,0.0
9944,77519282,77519782,500,0,100.0,0.0
9945,77519782,77520282,500,0,100.0,0.0
9946,77520282,77520782,500,0,100.0,0.0
9947,77520782,77521282,500,0,100.0,0.0
9948,77521282,77521782,500,0,100.0,0.0
9949,77521782,77522282,500,0,100.0,0.0
9950,77522282,77522782,500,0,100.0,0.0
9951,77522782,77523282,500,0,100.0,0.0
9952,77523282,77523782,500,0,100.0,0.0
9953,77523782,77524282,500,0,100.0,0.0
9954,77524282,77524782,500,0,100.0,0.0
9955,77524782,77525282,500,0,100.0,0.0
9956,77525282,77525782,500,0,100.0,0.0
9957,77525782,77526282,500,0,100.0,0.0
9958,77526282,77526782,500,0,100.0,0.0
9959,77526782,77527282,500,0,100.0,0.0
9960,77527282,77527782,500,0,100.0,0.0
9961,77527782,77528282,500,0,100.0,0.0
9962,77528282,77528782,500,0,100.0,0.0
9963,77528782,77529282,500,0,100.0,0.0
9964,77529282,77529782,500,0,100.0,0.0
9965,77529782,77530282,500,0,100.0,0.0
9966,77530282,77530782,500,0,100.0,0.0
9967,77530782,77531282,500,0,100.0,0.0
9968,77531282,77531782,500,0,100.0,0.0
9969,77531782,77532282,500,0,100.0,0.0
9970,77532282,77532782,500,0,100.0,0.0
9971,77532782,77533282,500,0,100.0,0.0
9972,77533282,77533782,500,0,100.0,0.0
9973,77533782,77534282,500,0,100.0,0.0
9974,77534282,77534782,500,0,100.0,0.0
9975,77534782,77535282,500,0,100.0,0.0
9976,77535282,77535782,500,0,100.0,0.0
9977,77535782,77536282,500,0,100.0,0.0
9978,77536282,77536782,500,0,100.0,0.0
9979,77536782,77537282,500,0,100.0,0.0
9980,77537282,77537782,500,0,100.0,0.0
9981,77537782,77538282,500,0,100.0,0.0
9982,77538282,77538782,500,0,100.0,0.0
9983,77538782,77539282,500,0,100.0,0.0
9984,77539282,77539782,500,0,100.0,0.0
9985,77539782,77540282,500,0,100.0,0.0
9986,77540282,77540782,500,0,100.0,0.0
9987,77540782,77541282,500,0,100.0,0.0
9988,77541282,77541782,500,0,100.0,0.0
9989,77541782,77542282,500,0,100.0,0.0
9990,77542282,77542782,500,0,100.0,0.0
9991,77542782,77543282,500,0,100.0,0.0
9992,77543282,77543782,500,0,100.0,0.0
9993,77543782,77544282,500,0,100.0,0.0
9994,77544282,77544782,500,0,100.0,0.0
9995,77544782,77545282,500,0,100.0,0.0
9996,77545282,77545782,500,0,100.0,0.0
9997,77545782,77546282,500,0,100.0,0.0
9998,77546282,77546782,500,0,100.0,0.0
9999,77546782,77547282,500,0,100.0,0.0
10000,77547282,77547782,500,0,100.0,0.0
10001,77547782,77548282,500,0,100.0,0.0
10002,77548282,77548782,500,0,100.0,0.0
10003,77548782,77549282,500,0,100.0,0.0
10004,77549282,77549782,500,0,100.0,0.0
10005,77549782,77550282,500,0,100.0,0.0
10006,77550282,77550782,500,0,100.0,0.0
10007,77550782,77551282,500,0,100.0,0.0
10008,77551282,77551782,500,0,100.0,0.0
10009,77551782,77552282,500,0,100.0,0.0
10010,77552282,77552782,500,0,100.0,0.0
10011,77552782,77553282,500,0,100.0,0.0
10012,77553282,77553782,500,0,100.0,0.0
10013,77553782,77554282,500,0,100.0,0.0
10014,77554282,77554782,500,0,100.0,0.0
10015,77554782,77555282,500,0,100.0,0.0
10016,77555282,77555782,500,0,100.0,0.0
10017,77555782,77556282,500,0,100.0,0.0
10018,77556282,77556782,500,0,100.0,0.0
10019,77556782,77557282,500,0,100.0,0.0
10020,77557282,77557782,500,0,100.0,0.0
10021,77557782,77558282,500,0,100.0,0.0
10022,77558282,77558782,500,0,100.0,0.0
10023,77558782,77559282,500,0,100.0,0.0
10024,77559282,77559782,500,0,100.0,0.0
10025,77559782,77560282,500,0,100.0,0.0
10026,77560282,77560782,500,0,100.0,0.0
10027,77560782,77561282,500,0,100.0,0.0
10028,77561282,77561782,500,0,100.0,0.0
10029,77561782,77562282,500,0,100.0,0.0
10030,77562282,77562782,500,0,100.0,0.0
10031,77562782,77563282,500,0,100.0,0.0
10032,77563282,77563782,500,0,100.0,0.0
10033,77563782,77564282,500,0,100.0,0.0
10034,77564282,77564782,500,0,100.0,0.0
10035,77564782,77565282,500,0,100.0,0.0
10036,77565282,77565782,500,0,100.0,0.0
10037,77565782,77566282,500,0,100.0,0.0
10038,77566282,77566782,500,0,100.0,0.0
10039,77566782,77567282,500,0,100.0,0.0
10040,77567282,77567782,500,0,100.0,0.0
10041,77567782,77568282,500,0,100.0,0.0
10042,77568282,77568782,500,0,100.0,0.0
10043,77568782,77569282,500,0,100.0,0.0
10044,77569282,77569782,500,0,100.0,0.0
10045,77569782,77570282,500,0,100.0,0.0
10046,77570282,77570782,500,0,100.0,0.0
10047,77570782,77571282,500,0,100.0,0.0
10048,77571282,77571782,500,0,100.0,0.0
10049,77571782,77572282,500,0,100.0,0.0
10050,77572282,77572782,500,0,100.0,0.0
10051,77572782,77573282,500,0,100.0,0.0
10052,77573282,77573782,500,0,100.0,0.0
10053,77573782,77574282,500,0,100.0,0.0
10054,77574282,77574782,500,0,100.0,0.0
10055,77574782,77575282,500,0,100.0,0.0
10056,77575282,77575782,500,0,100.0,0.0
10057,77575782,77576282,500,0,100.0,0.0
10058,77576282,77576782,500,0,100.0,0.0
10059,77576782,77577282,500,0,100.0,0.0
10060,77577282,77577782,500,0,100.0,0.0
10061,77577782,77578282,500,0,100.0,0.0
10062,77578282,77578782,500,0,100.0,0.0
10063,77578782,77579282,500,0,100.0,0.0
10064,77579282,77579782,500,0,100.0,0.0
10065,77579782,77580282,500,0,100.0,0.0
10066,77580282,77580782,500,0,100.0,0.0
10067,77580782,77581282,500,0,100.0,0.0
10068,77581282,77581782,500,0,100.0,0.0
10069,77581782,77582282,500,0,100.0,0.0
10070,77582282,77582782,500,0,100.0,0.0
10071,77582782,77583282,500,0,100.0,0.0
10072,77583282,77583782,500,0,100.0,0.0
10073,77583782,77584282,500,0,100.0,0.0
10074,77584282,77584782,500,0,100.0,0.0
10075,77584782,77585282,500,0,100.0,0.0
10076,77585282,77585782,500,0,100.0,0.0
10077,77585782,77586282,500,0,100.0,0.0
10078,77586282,77586782,500,0,100.0,0.0
10079,77586782,77587282,500,0,100.0,0.0
10080,77587282,77587782,500,0,100.0,0.0
10081,77587782,77588282,500,0,100.0,0.0
10082,77588282,77588782,500,0,100.0,0.0
10083,77588782,77589282,500,0,100.0,0.0
10084,77589282,77589782,500,0,100.0,0.0
10085,77589782,77590282,500,0,100.0,0.0
10086,77590282,77590782,500,0,100.0,0.0
10087,77590782,77591282,500,0,100.0,0.0
10088,77591282,77591782,500,0,100.0,0.0
10089,77591782,77592282,500,0,100.0,0.0
10090,77592282,77592782,500,0,100.0,0.0
10091,77592782,77593282,500,0,100.0,0.0
10092,77593282,77593782,500,0,100.0,0.0
10093,77593782,77594282,500,0,100.0,0.0
10094,77594282,77594782,500,0,100.0,0.0
10095,77594782,77595282,500,0,100.0,0.0
10096,77595282,77595782,500,0,100.0,0.0
10097,77595782,77596282,500,0,100.0,0.0
10098,77596282,77596782,500,0,100.0,0.0
10099,77596782,77597282,500,0,100.0,0.0
10100,77597282,77597782,500,0,100.0,0.0
10101,77597782,77598282,500,0,100.0,0.0
10102,77598282,77598782,500,0,100.0,0.0
10103,77598782,77599282,500,0,100.0,0.0
10104,77599282,77599782,500,0,100.0,0.0
10105,77599782,77600282,5,495,1.0,99.0
10106,77600282,77600782,12,488,2.4,97.6
10107,77600782,77601282,0,500,0.0,100.0
10108,77601282,77601782,9,491,1.7999999999999998,98.2
10109,77601782,77602282,2,498,0.4,99.6
10110,77602282,77602782,5,495,1.0,99.0
10111,77602782,77603282,2,498,0.4,99.6
10112,77603282,77603782,136,364,27.200000000000003,72.8
10113,77603782,77604282,2,498,0.4,99.6
10114,77604282,77604782,6,494,1.2,98.8
10115,77604782,77605282,3,497,0.6,99.4
10116,77605282,77605782,416,84,83.2,16.799999999999997
10117,77605782,77606282,500,0,100.0,0.0
10118,77606282,77606782,500,0,100.0,0.0
10119,77606782,77607282,500,0,100.0,0.0
10120,77607282,77607782,500,0,100.0,0.0
10121,77607782,77608282,500,0,100.0,0.0
10122,77608282,77608782,500,0,100.0,0.0
10123,77608782,77609282,500,0,100.0,0.0
10124,77609282,77609782,500,0,100.0,0.0
10125,77609782,77610282,500,0,100.0,0.0
10126,77610282,77610782,500,0,100.0,0.0
10127,77610782,77611282,500,0,100.0,0.0
10128,77611282,77611782,500,0,100.0,0.0
10129,77611782,77612282,500,0,100.0,0.0
10130,77612282,77612782,500,0,100.0,0.0
10131,77612782,77613282,500,0,100.0,0.0
10132,77613282,77613782,500,0,100.0,0.0
10133,77613782,77614282,500,0,100.0,0.0
10134,77614282,77614782,500,0,100.0,0.0
10135,77614782,77615282,500,0,100.0,0.0
10136,77615282,77615782,500,0,100.0,0.0
10137,77615782,77616282,500,0,100.0,0.0
10138,77616282,77616782,500,0,100.0,0.0
10139,77616782,77617282,500,0,100.0,0.0
10140,77617282,77617782,500,0,100.0,0.0
10141,77617782,77618282,500,0,100.0,0.0
10142,77618282,77618782,500,0,100.0,0.0
10143,77618782,77619282,500,0,100.0,0.0
10144,77619282,77619782,500,0,100.0,0.0
10145,77619782,77620282,500,0,100.0,0.0
10146,77620282,77620782,500,0,100.0,0.0
10147,77620782,77621282,500,0,100.0,0.0
10148,77621282,77621782,500,0,100.0,0.0
10149,77621782,77622282,500,0,100.0,0.0
10150,77622282,77622782,500,0,100.0,0.0
10151,77622782,77623282,500,0,100.0,0.0
10152,77623282,77623782,500,0,100.0,0.0
10153,77623782,77624282,500,0,100.0,0.0
10154,77624282,77624782,500,0,100.0,0.0
10155,77624782,77625282,500,0,100.0,0.0
10156,77625282,77625782,500,0,100.0,0.0
10157,77625782,77626282,500,0,100.0,0.0
10158,77626282,77626782,500,0,100.0,0.0
10159,77626782,77627282,500,0,100.0,0.0
10160,77627282,77627782,500,0,100.0,0.0
10161,77627782,77628282,500,0,100.0,0.0
10162,77628282,77628782,500,0,100.0,0.0
10163,77628782,77629282,500,0,100.0,0.0
10164,77629282,77629782,500,0,100.0,0.0
10165,77629782,77630282,500,0,100.0,0.0
10166,77630282,77630782,500,0,100.0,0.0
10167,77630782,77631282,500,0,100.0,0.0
10168,77631282,77631782,500,0,100.0,0.0
10169,77631782,77632282,500,0,100.0,0.0
10170,77632282,77632782,500,0,100.0,0.0
10171,77632782,77633282,500,0,100.0,0.0
10172,77633282,77633782,500,0,100.0,0.0
10173,77633782,77634282,500,0,100.0,0.0
10174,77634282,77634782,500,0,100.0,0.0
10175,77634782,77635282,500,0,100.0,0.0
10176,77635282,77635782,500,0,100.0,0.0
10177,77635782,77636282,500,0,100.0,0.0
10178,77636282,77636782,47,453,9.4,90.6
10179,77636782,77637282,77,423,15.4,84.6
10180,77637282,77637782,8,492,1.6,98.4
10181,77637782,77638282,500,0,100.0,0.0
10182,77638282,77638782,500,0,100.0,0.0
10183,77638782,77639282,500,0,100.0,0.0
10184,77639282,77639782,500,0,100.0,0.0
10185,77639782,77640282,500,0,100.0,0.0
10186,77640282,77640782,500,0,100.0,0.0
10187,77640782,77641282,500,0,100.0,0.0
10188,77641282,77641782,500,0,100.0,0.0
10189,77641782,77642282,500,0,100.0,0.0
10190,77642282,77642782,500,0,100.0,0.0
10191,77642782,77643282,500,0,100.0,0.0
10192,77643282,77643782,500,0,100.0,0.0
10193,77643782,77644282,500,0,100.0,0.0
10194,77644282,77644782,500,0,100.0,0.0
10195,77644782,77645282,500,0,100.0,0.0
10196,77645282,77645782,500,0,100.0,0.0
10197,77645782,77646282,500,0,100.0,0.0
10198,77646282,77646782,500,0,100.0,0.0
10199,77646782,77647282,500,0,100.0,0.0
10200,77647282,77647782,500,0,100.0,0.0
10201,77647782,77648282,500,0,100.0,0.0
10202,77648282,77648782,500,0,100.0,0.0
10203,77648782,77649282,500,0,100.0,0.0
10204,77649282,77649782,500,0,100.0,0.0
10205,77649782,77650282,500,0,100.0,0.0
10206,77650282,77650782,500,0,100.0,0.0
10207,77650782,77651282,500,0,100.0,0.0
10208,77651282,77651782,500,0,100.0,0.0
10209,77651782,77652282,500,0,100.0,0.0
10210,77652282,77652782,500,0,100.0,0.0
10211,77652782,77653282,60,440,12.0,88.0
10212,77653282,77653782,79,421,15.8,84.2
10213,77653782,77654282,5,495,1.0,99.0
10214,77654282,77654782,418,82,83.6,16.400000000000006
10215,77654782,77655282,500,0,100.0,0.0
10216,77655282,77655782,500,0,100.0,0.0
10217,77655782,77656282,500,0,100.0,0.0
10218,77656282,77656782,500,0,100.0,0.0
10219,77656782,77657282,500,0,100.0,0.0
10220,77657282,77657782,500,0,100.0,0.0
10221,77657782,77658282,500,0,100.0,0.0
10222,77658282,77658782,500,0,100.0,0.0
10223,77658782,77659282,500,0,100.0,0.0
10224,77659282,77659782,500,0,100.0,0.0
10225,77659782,77660282,500,0,100.0,0.0
10226,77660282,77660782,500,0,100.0,0.0
10227,77660782,77661282,500,0,100.0,0.0
10228,77661282,77661782,500,0,100.0,0.0
10229,77661782,77662282,500,0,100.0,0.0
10230,77662282,77662782,500,0,100.0,0.0
10231,77662782,77663282,500,0,100.0,0.0
10232,77663282,77663782,500,0,100.0,0.0
10233,77663782,77664282,500,0,100.0,0.0
10234,77664282,77664782,500,0,100.0,0.0
10235,77664782,77665282,500,0,100.0,0.0
10236,77665282,77665782,500,0,100.0,0.0
10237,77665782,77666282,500,0,100.0,0.0
10238,77666282,77666782,500,0,100.0,0.0
10239,77666782,77667282,500,0,100.0,0.0
10240,77667282,77667782,500,0,100.0,0.0
10241,77667782,77668282,500,0,100.0,0.0
10242,77668282,77668782,500,0,100.0,0.0
10243,77668782,77669282,500,0,100.0,0.0
10244,77669282,77669782,500,0,100.0,0.0
10245,77669782,77670282,500,0,100.0,0.0
10246,77670282,77670782,500,0,100.0,0.0
10247,77670782,77671282,500,0,100.0,0.0
10248,77671282,77671782,500,0,100.0,0.0
10249,77671782,77672282,500,0,100.0,0.0
10250,77672282,77672782,500,0,100.0,0.0
10251,77672782,77673282,500,0,100.0,0.0
10252,77673282,77673782,500,0,100.0,0.0
10253,77673782,77674282,500,0,100.0,0.0
10254,77674282,77674782,500,0,100.0,0.0
10255,77674782,77675282,500,0,100.0,0.0
10256,77675282,77675782,500,0,100.0,0.0
10257,77675782,77676282,500,0,100.0,0.0
10258,77676282,77676782,500,0,100.0,0.0
10259,77676782,77677282,500,0,100.0,0.0
10260,77677282,77677782,500,0,100.0,0.0
10261,77677782,77678282,500,0,100.0,0.0
10262,77678282,77678782,500,0,100.0,0.0
10263,77678782,77679282,500,0,100.0,0.0
10264,77679282,77679782,500,0,100.0,0.0
10265,77679782,77680282,500,0,100.0,0.0
10266,77680282,77680782,500,0,100.0,0.0
10267,77680782,77681282,500,0,100.0,0.0
10268,77681282,77681782,500,0,100.0,0.0
10269,77681782,77682282,500,0,100.0,0.0
10270,77682282,77682782,500,0,100.0,0.0
10271,77682782,77683282,500,0,100.0,0.0
10272,77683282,77683782,500,0,100.0,0.0
10273,77683782,77684282,500,0,100.0,0.0
10274,77684282,77684782,500,0,100.0,0.0
10275,77684782,77685282,500,0,100.0,0.0
10276,77685282,77685782,500,0,100.0,0.0
10277,77685782,77686282,500,0,100.0,0.0
10278,77686282,77686782,500,0,100.0,0.0
10279,77686782,77687282,500,0,100.0,0.0
10280,77687282,77687782,500,0,100.0,0.0
10281,77687782,77688282,500,0,100.0,0.0
10282,77688282,77688782,500,0,100.0,0.0
10283,77688782,77689282,500,0,100.0,0.0
10284,77689282,77689782,500,0,100.0,0.0
10285,77689782,77690282,500,0,100.0,0.0
10286,77690282,77690782,500,0,100.0,0.0
10287,77690782,77691282,500,0,100.0,0.0
10288,77691282,77691782,500,0,100.0,0.0
10289,77691782,77692282,500,0,100.0,0.0
10290,77692282,77692782,500,0,100.0,0.0
10291,77692782,77693282,500,0,100.0,0.0
10292,77693282,77693782,477,23,95.39999999999999,4.6000000000000085
10293,77693782,77694282,8,492,1.6,98.4
10294,77694282,77694782,70,430,14.000000000000002,86.0
10295,77694782,77695282,11,489,2.1999999999999997,97.8
10296,77695282,77695782,268,232,53.6,46.4
10297,77695782,77696282,500,0,100.0,0.0
10298,77696282,77696782,500,0,100.0,0.0
10299,77696782,77697282,500,0,100.0,0.0
10300,77697282,77697782,500,0,100.0,0.0
10301,77697782,77698282,500,0,100.0,0.0
10302,77698282,77698782,500,0,100.0,0.0
10303,77698782,77699282,500,0,100.0,0.0
10304,77699282,77699782,500,0,100.0,0.0
10305,77699782,77700282,500,0,100.0,0.0
10306,77700282,77700782,500,0,100.0,0.0
10307,77700782,77701282,500,0,100.0,0.0
10308,77701282,77701782,500,0,100.0,0.0
10309,77701782,77702282,500,0,100.0,0.0
10310,77702282,77702782,500,0,100.0,0.0
10311,77702782,77703282,500,0,100.0,0.0
10312,77703282,77703782,500,0,100.0,0.0
10313,77703782,77704282,500,0,100.0,0.0
10314,77704282,77704782,500,0,100.0,0.0
10315,77704782,77705282,500,0,100.0,0.0
10316,77705282,77705782,500,0,100.0,0.0
10317,77705782,77706282,500,0,100.0,0.0
10318,77706282,77706782,500,0,100.0,0.0
10319,77706782,77707282,500,0,100.0,0.0
10320,77707282,77707782,500,0,100.0,0.0
10321,77707782,77708282,500,0,100.0,0.0
10322,77708282,77708782,500,0,100.0,0.0
10323,77708782,77709282,500,0,100.0,0.0
10324,77709282,77709782,500,0,100.0,0.0
10325,77709782,77710282,500,0,100.0,0.0
10326,77710282,77710782,500,0,100.0,0.0
10327,77710782,77711282,500,0,100.0,0.0
10328,77711282,77711782,500,0,100.0,0.0
10329,77711782,77712282,500,0,100.0,0.0
10330,77712282,77712782,500,0,100.0,0.0
10331,77712782,77713282,500,0,100.0,0.0
10332,77713282,77713782,500,0,100.0,0.0
10333,77713782,77714282,500,0,100.0,0.0
10334,77714282,77714782,500,0,100.0,0.0
10335,77714782,77715282,197,303,39.4,60.6
10336,77715282,77715782,10,490,2.0,98.0
10337,77715782,77716282,68,432,13.600000000000001,86.4
10338,77716282,77716782,186,314,37.2,62.8
10339,77716782,77717282,500,0,100.0,0.0
10340,77717282,77717782,500,0,100.0,0.0
10341,77717782,77718282,500,0,100.0,0.0
10342,77718282,77718782,500,0,100.0,0.0
10343,77718782,77719282,500,0,100.0,0.0
10344,77719282,77719782,500,0,100.0,0.0
10345,77719782,77720282,500,0,100.0,0.0
10346,77720282,77720782,500,0,100.0,0.0
10347,77720782,77721282,500,0,100.0,0.0
10348,77721282,77721782,500,0,100.0,0.0
10349,77721782,77722282,500,0,100.0,0.0
10350,77722282,77722782,500,0,100.0,0.0
10351,77722782,77723282,500,0,100.0,0.0
10352,77723282,77723782,500,0,100.0,0.0
10353,77723782,77724282,500,0,100.0,0.0
10354,77724282,77724782,500,0,100.0,0.0
10355,77724782,77725282,500,0,100.0,0.0
10356,77725282,77725782,500,0,100.0,0.0
10357,77725782,77726282,500,0,100.0,0.0
10358,77726282,77726782,500,0,100.0,0.0
10359,77726782,77727282,500,0,100.0,0.0
10360,77727282,77727782,500,0,100.0,0.0
10361,77727782,77728282,500,0,100.0,0.0
10362,77728282,77728782,500,0,100.0,0.0
10363,77728782,77729282,500,0,100.0,0.0
10364,77729282,77729782,500,0,100.0,0.0
10365,77729782,77730282,500,0,100.0,0.0
10366,77730282,77730782,500,0,100.0,0.0
10367,77730782,77731282,500,0,100.0,0.0
10368,77731282,77731782,500,0,100.0,0.0
10369,77731782,77732282,500,0,100.0,0.0
10370,77732282,77732782,500,0,100.0,0.0
10371,77732782,77733282,500,0,100.0,0.0
10372,77733282,77733782,91,409,18.2,81.8
10373,77733782,77734282,5,495,1.0,99.0
10374,77734282,77734782,81,419,16.2,83.8
10375,77734782,77735282,386,114,77.2,22.799999999999997
10376,77735282,77735782,500,0,100.0,0.0
10377,77735782,77736282,500,0,100.0,0.0
10378,77736282,77736782,500,0,100.0,0.0
10379,77736782,77737282,500,0,100.0,0.0
10380,77737282,77737782,500,0,100.0,0.0
10381,77737782,77738282,500,0,100.0,0.0
10382,77738282,77738782,500,0,100.0,0.0
10383,77738782,77739282,500,0,100.0,0.0
10384,77739282,77739782,500,0,100.0,0.0
10385,77739782,77740282,500,0,100.0,0.0
10386,77740282,77740782,500,0,100.0,0.0
10387,77740782,77741282,500,0,100.0,0.0
10388,77741282,77741782,500,0,100.0,0.0
10389,77741782,77742282,500,0,100.0,0.0
10390,77742282,77742782,500,0,100.0,0.0
10391,77742782,77743282,500,0,100.0,0.0
10392,77743282,77743782,500,0,100.0,0.0
10393,77743782,77744282,500,0,100.0,0.0
10394,77744282,77744782,500,0,100.0,0.0
10395,77744782,77745282,500,0,100.0,0.0
10396,77745282,77745782,500,0,100.0,0.0
10397,77745782,77746282,500,0,100.0,0.0
10398,77746282,77746782,500,0,100.0,0.0
10399,77746782,77747282,500,0,100.0,0.0
10400,77747282,77747782,500,0,100.0,0.0
10401,77747782,77748282,500,0,100.0,0.0
10402,77748282,77748782,500,0,100.0,0.0
10403,77748782,77749282,500,0,100.0,0.0
10404,77749282,77749782,500,0,100.0,0.0
10405,77749782,77750282,500,0,100.0,0.0
10406,77750282,77750782,500,0,100.0,0.0
10407,77750782,77751282,500,0,100.0,0.0
10408,77751282,77751782,269,231,53.800000000000004,46.199999999999996
10409,77751782,77752282,7,493,1.4000000000000001,98.6
10410,77752282,77752782,79,421,15.8,84.2
10411,77752782,77753282,5,495,1.0,99.0
10412,77753282,77753782,475,25,95.0,5.0
10413,77753782,77754282,500,0,100.0,0.0
10414,77754282,77754782,500,0,100.0,0.0
10415,77754782,77755282,500,0,100.0,0.0
10416,77755282,77755782,500,0,100.0,0.0
10417,77755782,77756282,500,0,100.0,0.0
10418,77756282,77756782,500,0,100.0,0.0
10419,77756782,77757282,500,0,100.0,0.0
10420,77757282,77757782,500,0,100.0,0.0
10421,77757782,77758282,500,0,100.0,0.0
10422,77758282,77758782,500,0,100.0,0.0
10423,77758782,77759282,500,0,100.0,0.0
10424,77759282,77759782,500,0,100.0,0.0
10425,77759782,77760282,500,0,100.0,0.0
10426,77760282,77760782,500,0,100.0,0.0
10427,77760782,77761282,500,0,100.0,0.0
10428,77761282,77761782,500,0,100.0,0.0
10429,77761782,77762282,500,0,100.0,0.0
10430,77762282,77762782,500,0,100.0,0.0
10431,77762782,77763282,500,0,100.0,0.0
10432,77763282,77763782,500,0,100.0,0.0
10433,77763782,77764282,500,0,100.0,0.0
10434,77764282,77764782,500,0,100.0,0.0
10435,77764782,77765282,500,0,100.0,0.0
10436,77765282,77765782,500,0,100.0,0.0
10437,77765782,77766282,500,0,100.0,0.0
10438,77766282,77766782,500,0,100.0,0.0
10439,77766782,77767282,500,0,100.0,0.0
10440,77767282,77767782,500,0,100.0,0.0
10441,77767782,77768282,500,0,100.0,0.0
10442,77768282,77768782,500,0,100.0,0.0
10443,77768782,77769282,500,0,100.0,0.0
10444,77769282,77769782,500,0,100.0,0.0
10445,77769782,77770282,37,463,7.3999999999999995,92.6
10446,77770282,77770782,64,436,12.8,87.2
10447,77770782,77771282,9,491,1.7999999999999998,98.2
10448,77771282,77771782,342,158,68.4,31.599999999999994
10449,77771782,77772282,500,0,100.0,0.0
10450,77772282,77772782,500,0,100.0,0.0
10451,77772782,77773282,500,0,100.0,0.0
10452,77773282,77773782,500,0,100.0,0.0
10453,77773782,77774282,500,0,100.0,0.0
10454,77774282,77774782,500,0,100.0,0.0
10455,77774782,77775282,500,0,100.0,0.0
10456,77775282,77775782,500,0,100.0,0.0
10457,77775782,77776282,500,0,100.0,0.0
10458,77776282,77776782,500,0,100.0,0.0
10459,77776782,77777282,500,0,100.0,0.0
10460,77777282,77777782,500,0,100.0,0.0
10461,77777782,77778282,500,0,100.0,0.0
10462,77778282,77778782,500,0,100.0,0.0
10463,77778782,77779282,500,0,100.0,0.0
10464,77779282,77779782,500,0,100.0,0.0
10465,77779782,77780282,500,0,100.0,0.0
10466,77780282,77780782,500,0,100.0,0.0
10467,77780782,77781282,500,0,100.0,0.0
10468,77781282,77781782,500,0,100.0,0.0
10469,77781782,77782282,500,0,100.0,0.0
10470,77782282,77782782,500,0,100.0,0.0
10471,77782782,77783282,500,0,100.0,0.0
10472,77783282,77783782,500,0,100.0,0.0
10473,77783782,77784282,500,0,100.0,0.0
10474,77784282,77784782,500,0,100.0,0.0
10475,77784782,77785282,500,0,100.0,0.0
10476,77785282,77785782,500,0,100.0,0.0
10477,77785782,77786282,500,0,100.0,0.0
10478,77786282,77786782,500,0,100.0,0.0
10479,77786782,77787282,500,0,100.0,0.0
10480,77787282,77787782,500,0,100.0,0.0
10481,77787782,77788282,133,367,26.6,73.4
10482,77788282,77788782,8,492,1.6,98.4
10483,77788782,77789282,61,439,12.2,87.8
10484,77789282,77789782,246,254,49.2,50.8
10485,77789782,77790282,500,0,100.0,0.0
10486,77790282,77790782,500,0,100.0,0.0
10487,77790782,77791282,500,0,100.0,0.0
10488,77791282,77791782,500,0,100.0,0.0
10489,77791782,77792282,500,0,100.0,0.0
10490,77792282,77792782,500,0,100.0,0.0
10491,77792782,77793282,500,0,100.0,0.0
10492,77793282,77793782,500,0,100.0,0.0
10493,77793782,77794282,500,0,100.0,0.0
10494,77794282,77794782,500,0,100.0,0.0
10495,77794782,77795282,500,0,100.0,0.0
10496,77795282,77795782,500,0,100.0,0.0
10497,77795782,77796282,500,0,100.0,0.0
10498,77796282,77796782,500,0,100.0,0.0
10499,77796782,77797282,500,0,100.0,0.0
10500,77797282,77797782,500,0,100.0,0.0
10501,77797782,77798282,500,0,100.0,0.0
10502,77798282,77798782,500,0,100.0,0.0
10503,77798782,77799282,500,0,100.0,0.0
10504,77799282,77799782,500,0,100.0,0.0
10505,77799782,77800282,500,0,100.0,0.0
10506,77800282,77800782,500,0,100.0,0.0
10507,77800782,77801282,500,0,100.0,0.0
10508,77801282,77801782,500,0,100.0,0.0
10509,77801782,77802282,500,0,100.0,0.0
10510,77802282,77802782,500,0,100.0,0.0
10511,77802782,77803282,500,0,100.0,0.0
10512,77803282,77803782,500,0,100.0,0.0
10513,77803782,77804282,500,0,100.0,0.0
10514,77804282,77804782,500,0,100.0,0.0
10515,77804782,77805282,500,0,100.0,0.0
10516,77805282,77805782,500,0,100.0,0.0
10517,77805782,77806282,364,136,72.8,27.200000000000003
10518,77806282,77806782,8,492,1.6,98.4
10519,77806782,77807282,64,436,12.8,87.2
10520,77807282,77807782,12,488,2.4,97.6
10521,77807782,77808282,500,0,100.0,0.0
10522,77808282,77808782,500,0,100.0,0.0
10523,77808782,77809282,500,0,100.0,0.0
10524,77809282,77809782,500,0,100.0,0.0
10525,77809782,77810282,500,0,100.0,0.0
10526,77810282,77810782,500,0,100.0,0.0
10527,77810782,77811282,500,0,100.0,0.0
10528,77811282,77811782,500,0,100.0,0.0
10529,77811782,77812282,500,0,100.0,0.0
10530,77812282,77812782,500,0,100.0,0.0
10531,77812782,77813282,500,0,100.0,0.0
10532,77813282,77813782,500,0,100.0,0.0
10533,77813782,77814282,500,0,100.0,0.0
10534,77814282,77814782,500,0,100.0,0.0
10535,77814782,77815282,500,0,100.0,0.0
10536,77815282,77815782,500,0,100.0,0.0
10537,77815782,77816282,500,0,100.0,0.0
10538,77816282,77816782,500,0,100.0,0.0
10539,77816782,77817282,500,0,100.0,0.0
10540,77817282,77817782,500,0,100.0,0.0
10541,77817782,77818282,500,0,100.0,0.0
10542,77818282,77818782,500,0,100.0,0.0
10543,77818782,77819282,500,0,100.0,0.0
10544,77819282,77819782,500,0,100.0,0.0
10545,77819782,77820282,500,0,100.0,0.0
10546,77820282,77820782,500,0,100.0,0.0
10547,77820782,77821282,500,0,100.0,0.0
10548,77821282,77821782,500,0,100.0,0.0
10549,77821782,77822282,500,0,100.0,0.0
10550,77822282,77822782,500,0,100.0,0.0
10551,77822782,77823282,500,0,100.0,0.0
10552,77823282,77823782,90,410,18.0,82.0
10553,77823782,77824282,35,465,7.000000000000001,93.0
10554,77824282,77824782,29,471,5.800000000000001,94.2
10555,77824782,77825282,433,67,86.6,13.400000000000006
10556,77825282,77825782,500,0,100.0,0.0
10557,77825782,77826282,500,0,100.0,0.0
10558,77826282,77826782,500,0,100.0,0.0
10559,77826782,77827282,500,0,100.0,0.0
10560,77827282,77827782,500,0,100.0,0.0
10561,77827782,77828282,500,0,100.0,0.0
10562,77828282,77828782,500,0,100.0,0.0
10563,77828782,77829282,500,0,100.0,0.0
10564,77829282,77829782,500,0,100.0,0.0
10565,77829782,77830282,500,0,100.0,0.0
10566,77830282,77830782,500,0,100.0,0.0
10567,77830782,77831282,500,0,100.0,0.0
10568,77831282,77831782,500,0,100.0,0.0
10569,77831782,77832282,500,0,100.0,0.0
10570,77832282,77832782,500,0,100.0,0.0
10571,77832782,77833282,500,0,100.0,0.0
10572,77833282,77833782,500,0,100.0,0.0
10573,77833782,77834282,500,0,100.0,0.0
10574,77834282,77834782,500,0,100.0,0.0
10575,77834782,77835282,500,0,100.0,0.0
10576,77835282,77835782,500,0,100.0,0.0
10577,77835782,77836282,500,0,100.0,0.0
10578,77836282,77836782,500,0,100.0,0.0
10579,77836782,77837282,500,0,100.0,0.0
10580,77837282,77837782,500,0,100.0,0.0
10581,77837782,77838282,500,0,100.0,0.0
10582,77838282,77838782,500,0,100.0,0.0
10583,77838782,77839282,500,0,100.0,0.0
10584,77839282,77839782,500,0,100.0,0.0
10585,77839782,77840282,500,0,100.0,0.0
10586,77840282,77840782,431,69,86.2,13.799999999999997
10587,77840782,77841282,7,493,1.4000000000000001,98.6
10588,77841282,77841782,58,442,11.600000000000001,88.4
10589,77841782,77842282,5,495,1.0,99.0
10590,77842282,77842782,470,30,94.0,6.0
10591,77842782,77843282,500,0,100.0,0.0
10592,77843282,77843782,500,0,100.0,0.0
10593,77843782,77844282,500,0,100.0,0.0
10594,77844282,77844782,500,0,100.0,0.0
10595,77844782,77845282,500,0,100.0,0.0
10596,77845282,77845782,500,0,100.0,0.0
10597,77845782,77846282,500,0,100.0,0.0
10598,77846282,77846782,500,0,100.0,0.0
10599,77846782,77847282,500,0,100.0,0.0
10600,77847282,77847782,500,0,100.0,0.0
10601,77847782,77848282,500,0,100.0,0.0
10602,77848282,77848782,500,0,100.0,0.0
10603,77848782,77849282,500,0,100.0,0.0
10604,77849282,77849782,500,0,100.0,0.0
10605,77849782,77850282,500,0,100.0,0.0
10606,77850282,77850782,500,0,100.0,0.0
10607,77850782,77851282,500,0,100.0,0.0
10608,77851282,77851782,500,0,100.0,0.0
10609,77851782,77852282,500,0,100.0,0.0
10610,77852282,77852782,500,0,100.0,0.0
10611,77852782,77853282,500,0,100.0,0.0
10612,77853282,77853782,500,0,100.0,0.0
10613,77853782,77854282,500,0,100.0,0.0
10614,77854282,77854782,500,0,100.0,0.0
10615,77854782,77855282,500,0,100.0,0.0
10616,77855282,77855782,500,0,100.0,0.0
10617,77855782,77856282,500,0,100.0,0.0
10618,77856282,77856782,500,0,100.0,0.0
10619,77856782,77857282,500,0,100.0,0.0
10620,77857282,77857782,500,0,100.0,0.0
10621,77857782,77858282,500,0,100.0,0.0
10622,77858282,77858782,500,0,100.0,0.0
10623,77858782,77859282,500,0,100.0,0.0
10624,77859282,77859782,500,0,100.0,0.0
10625,77859782,77860282,425,75,85.0,15.0
10626,77860282,77860782,8,492,1.6,98.4
10627,77860782,77861282,57,443,11.4,88.6
10628,77861282,77861782,93,407,18.6,81.4
10629,77861782,77862282,500,0,100.0,0.0
10630,77862282,77862782,500,0,100.0,0.0
10631,77862782,77863282,500,0,100.0,0.0
10632,77863282,77863782,500,0,100.0,0.0
10633,77863782,77864282,500,0,100.0,0.0
10634,77864282,77864782,500,0,100.0,0.0
10635,77864782,77865282,500,0,100.0,0.0
10636,77865282,77865782,500,0,100.0,0.0
10637,77865782,77866282,500,0,100.0,0.0
10638,77866282,77866782,500,0,100.0,0.0
10639,77866782,77867282,500,0,100.0,0.0
10640,77867282,77867782,500,0,100.0,0.0
10641,77867782,77868282,500,0,100.0,0.0
10642,77868282,77868782,500,0,100.0,0.0
10643,77868782,77869282,500,0,100.0,0.0
10644,77869282,77869782,500,0,100.0,0.0
10645,77869782,77870282,500,0,100.0,0.0
10646,77870282,77870782,500,0,100.0,0.0
10647,77870782,77871282,500,0,100.0,0.0
10648,77871282,77871782,500,0,100.0,0.0
10649,77871782,77872282,500,0,100.0,0.0
10650,77872282,77872782,500,0,100.0,0.0
10651,77872782,77873282,500,0,100.0,0.0
10652,77873282,77873782,500,0,100.0,0.0
10653,77873782,77874282,500,0,100.0,0.0
10654,77874282,77874782,500,0,100.0,0.0
10655,77874782,77875282,500,0,100.0,0.0
10656,77875282,77875782,500,0,100.0,0.0
10657,77875782,77876282,500,0,100.0,0.0
10658,77876282,77876782,500,0,100.0,0.0
10659,77876782,77877282,500,0,100.0,0.0
10660,77877282,77877782,348,152,69.6,30.400000000000006
10661,77877782,77878282,6,494,1.2,98.8
10662,77878282,77878782,56,444,11.200000000000001,88.8
10663,77878782,77879282,91,409,18.2,81.8
10664,77879282,77879782,500,0,100.0,0.0
10665,77879782,77880282,500,0,100.0,0.0
10666,77880282,77880782,500,0,100.0,0.0
10667,77880782,77881282,500,0,100.0,0.0
10668,77881282,77881782,500,0,100.0,0.0
10669,77881782,77882282,500,0,100.0,0.0
10670,77882282,77882782,500,0,100.0,0.0
10671,77882782,77883282,500,0,100.0,0.0
10672,77883282,77883782,500,0,100.0,0.0
10673,77883782,77884282,500,0,100.0,0.0
10674,77884282,77884782,500,0,100.0,0.0
10675,77884782,77885282,500,0,100.0,0.0
10676,77885282,77885782,500,0,100.0,0.0
10677,77885782,77886282,500,0,100.0,0.0
10678,77886282,77886782,500,0,100.0,0.0
10679,77886782,77887282,500,0,100.0,0.0
10680,77887282,77887782,500,0,100.0,0.0
10681,77887782,77888282,500,0,100.0,0.0
10682,77888282,77888782,500,0,100.0,0.0
10683,77888782,77889282,500,0,100.0,0.0
10684,77889282,77889782,500,0,100.0,0.0
10685,77889782,77890282,500,0,100.0,0.0
10686,77890282,77890782,500,0,100.0,0.0
10687,77890782,77891282,500,0,100.0,0.0
10688,77891282,77891782,500,0,100.0,0.0
10689,77891782,77892282,500,0,100.0,0.0
10690,77892282,77892782,500,0,100.0,0.0
10691,77892782,77893282,500,0,100.0,0.0
10692,77893282,77893782,500,0,100.0,0.0
10693,77893782,77894282,500,0,100.0,0.0
10694,77894282,77894782,272,228,54.400000000000006,45.599999999999994
10695,77894782,77895282,6,494,1.2,98.8
10696,77895282,77895782,47,453,9.4,90.6
10697,77895782,77896282,208,292,41.6,58.4
10698,77896282,77896782,500,0,100.0,0.0
10699,77896782,77897282,500,0,100.0,0.0
10700,77897282,77897782,500,0,100.0,0.0
10701,77897782,77898282,500,0,100.0,0.0
10702,77898282,77898782,500,0,100.0,0.0
10703,77898782,77899282,500,0,100.0,0.0
10704,77899282,77899782,500,0,100.0,0.0
10705,77899782,77900282,500,0,100.0,0.0
10706,77900282,77900782,500,0,100.0,0.0
10707,77900782,77901282,500,0,100.0,0.0
10708,77901282,77901782,500,0,100.0,0.0
10709,77901782,77902282,500,0,100.0,0.0
10710,77902282,77902782,500,0,100.0,0.0
10711,77902782,77903282,500,0,100.0,0.0
10712,77903282,77903782,500,0,100.0,0.0
10713,77903782,77904282,500,0,100.0,0.0
10714,77904282,77904782,500,0,100.0,0.0
10715,77904782,77905282,500,0,100.0,0.0
10716,77905282,77905782,500,0,100.0,0.0
10717,77905782,77906282,500,0,100.0,0.0
10718,77906282,77906782,500,0,100.0,0.0
10719,77906782,77907282,500,0,100.0,0.0
10720,77907282,77907782,500,0,100.0,0.0
10721,77907782,77908282,500,0,100.0,0.0
10722,77908282,77908782,500,0,100.0,0.0
10723,77908782,77909282,500,0,100.0,0.0
10724,77909282,77909782,500,0,100.0,0.0
10725,77909782,77910282,500,0,100.0,0.0
10726,77910282,77910782,500,0,100.0,0.0
10727,77910782,77911282,500,0,100.0,0.0
10728,77911282,77911782,457,43,91.4,8.599999999999994
10729,77911782,77912282,6,494,1.2,98.8
10730,77912282,77912782,59,441,11.799999999999999,88.2
10731,77912782,77913282,19,481,3.8,96.2
10732,77913282,77913782,500,0,100.0,0.0
10733,77913782,77914282,500,0,100.0,0.0
10734,77914282,77914782,500,0,100.0,0.0
10735,77914782,77915282,500,0,100.0,0.0
10736,77915282,77915782,500,0,100.0,0.0
10737,77915782,77916282,500,0,100.0,0.0
10738,77916282,77916782,500,0,100.0,0.0
10739,77916782,77917282,500,0,100.0,0.0
10740,77917282,77917782,500,0,100.0,0.0
10741,77917782,77918282,500,0,100.0,0.0
10742,77918282,77918782,500,0,100.0,0.0
10743,77918782,77919282,500,0,100.0,0.0
10744,77919282,77919782,500,0,100.0,0.0
10745,77919782,77920282,500,0,100.0,0.0
10746,77920282,77920782,500,0,100.0,0.0
10747,77920782,77921282,500,0,100.0,0.0
10748,77921282,77921782,500,0,100.0,0.0
10749,77921782,77922282,500,0,100.0,0.0
10750,77922282,77922782,500,0,100.0,0.0
10751,77922782,77923282,500,0,100.0,0.0
10752,77923282,77923782,500,0,100.0,0.0
10753,77923782,77924282,500,0,100.0,0.0
10754,77924282,77924782,500,0,100.0,0.0
10755,77924782,77925282,500,0,100.0,0.0
10756,77925282,77925782,500,0,100.0,0.0
10757,77925782,77926282,500,0,100.0,0.0
10758,77926282,77926782,500,0,100.0,0.0
10759,77926782,77927282,500,0,100.0,0.0
10760,77927282,77927782,500,0,100.0,0.0
10761,77927782,77928282,500,0,100.0,0.0
10762,77928282,77928782,216,284,43.2,56.8
10763,77928782,77929282,7,493,1.4000000000000001,98.6
10764,77929282,77929782,51,449,10.2,89.8
10765,77929782,77930282,231,269,46.2,53.8
10766,77930282,77930782,500,0,100.0,0.0
10767,77930782,77931282,500,0,100.0,0.0
10768,77931282,77931782,500,0,100.0,0.0
10769,77931782,77932282,500,0,100.0,0.0
10770,77932282,77932782,500,0,100.0,0.0
10771,77932782,77933282,500,0,100.0,0.0
10772,77933282,77933782,500,0,100.0,0.0
10773,77933782,77934282,500,0,100.0,0.0
10774,77934282,77934782,500,0,100.0,0.0
10775,77934782,77935282,500,0,100.0,0.0
10776,77935282,77935782,500,0,100.0,0.0
10777,77935782,77936282,500,0,100.0,0.0
10778,77936282,77936782,500,0,100.0,0.0
10779,77936782,77937282,500,0,100.0,0.0
10780,77937282,77937782,500,0,100.0,0.0
10781,77937782,77938282,500,0,100.0,0.0
10782,77938282,77938782,500,0,100.0,0.0
10783,77938782,77939282,500,0,100.0,0.0
10784,77939282,77939782,500,0,100.0,0.0
10785,77939782,77940282,500,0,100.0,0.0
10786,77940282,77940782,500,0,100.0,0.0
10787,77940782,77941282,500,0,100.0,0.0
10788,77941282,77941782,500,0,100.0,0.0
10789,77941782,77942282,500,0,100.0,0.0
10790,77942282,77942782,500,0,100.0,0.0
10791,77942782,77943282,500,0,100.0,0.0
10792,77943282,77943782,500,0,100.0,0.0
10793,77943782,77944282,500,0,100.0,0.0
10794,77944282,77944782,500,0,100.0,0.0
10795,77944782,77945282,500,0,100.0,0.0
10796,77945282,77945782,392,108,78.4,21.599999999999994
10797,77945782,77946282,7,493,1.4000000000000001,98.6
10798,77946282,77946782,54,446,10.8,89.2
10799,77946782,77947282,118,382,23.599999999999998,76.4
10800,77947282,77947782,500,0,100.0,0.0
10801,77947782,77948282,500,0,100.0,0.0
10802,77948282,77948782,500,0,100.0,0.0
10803,77948782,77949282,500,0,100.0,0.0
10804,77949282,77949782,500,0,100.0,0.0
10805,77949782,77950282,500,0,100.0,0.0
10806,77950282,77950782,500,0,100.0,0.0
10807,77950782,77951282,500,0,100.0,0.0
10808,77951282,77951782,500,0,100.0,0.0
10809,77951782,77952282,500,0,100.0,0.0
10810,77952282,77952782,500,0,100.0,0.0
10811,77952782,77953282,500,0,100.0,0.0
10812,77953282,77953782,500,0,100.0,0.0
10813,77953782,77954282,500,0,100.0,0.0
10814,77954282,77954782,500,0,100.0,0.0
10815,77954782,77955282,500,0,100.0,0.0
10816,77955282,77955782,500,0,100.0,0.0
10817,77955782,77956282,500,0,100.0,0.0
10818,77956282,77956782,500,0,100.0,0.0
10819,77956782,77957282,500,0,100.0,0.0
10820,77957282,77957782,500,0,100.0,0.0
10821,77957782,77958282,500,0,100.0,0.0
10822,77958282,77958782,500,0,100.0,0.0
10823,77958782,77959282,500,0,100.0,0.0
10824,77959282,77959782,500,0,100.0,0.0
10825,77959782,77960282,500,0,100.0,0.0
10826,77960282,77960782,500,0,100.0,0.0
10827,77960782,77961282,500,0,100.0,0.0
10828,77961282,77961782,500,0,100.0,0.0
10829,77961782,77962282,184,316,36.8,63.2
10830,77962282,77962782,8,492,1.6,98.4
10831,77962782,77963282,50,450,10.0,90.0
10832,77963282,77963782,352,148,70.39999999999999,29.60000000000001
10833,77963782,77964282,500,0,100.0,0.0
10834,77964282,77964782,500,0,100.0,0.0
10835,77964782,77965282,500,0,100.0,0.0
10836,77965282,77965782,500,0,100.0,0.0
10837,77965782,77966282,500,0,100.0,0.0
10838,77966282,77966782,500,0,100.0,0.0
10839,77966782,77967282,500,0,100.0,0.0
10840,77967282,77967782,500,0,100.0,0.0
10841,77967782,77968282,500,0,100.0,0.0
10842,77968282,77968782,500,0,100.0,0.0
10843,77968782,77969282,500,0,100.0,0.0
10844,77969282,77969782,500,0,100.0,0.0
10845,77969782,77970282,500,0,100.0,0.0
10846,77970282,77970782,500,0,100.0,0.0
10847,77970782,77971282,500,0,100.0,0.0
10848,77971282,77971782,500,0,100.0,0.0
10849,77971782,77972282,500,0,100.0,0.0
10850,77972282,77972782,500,0,100.0,0.0
10851,77972782,77973282,500,0,100.0,0.0
10852,77973282,77973782,500,0,100.0,0.0
10853,77973782,77974282,500,0,100.0,0.0
10854,77974282,77974782,500,0,100.0,0.0
10855,77974782,77975282,500,0,100.0,0.0
10856,77975282,77975782,500,0,100.0,0.0
10857,77975782,77976282,500,0,100.0,0.0
10858,77976282,77976782,500,0,100.0,0.0
10859,77976782,77977282,500,0,100.0,0.0
10860,77977282,77977782,500,0,100.0,0.0
10861,77977782,77978282,135,365,27.0,73.0
10862,77978282,77978782,49,451,9.8,90.2
10863,77978782,77979282,6,494,1.2,98.8
10864,77979282,77979782,465,35,93.0,7.0
10865,77979782,77980282,500,0,100.0,0.0
10866,77980282,77980782,500,0,100.0,0.0
10867,77980782,77981282,500,0,100.0,0.0
10868,77981282,77981782,500,0,100.0,0.0
10869,77981782,77982282,500,0,100.0,0.0
10870,77982282,77982782,500,0,100.0,0.0
10871,77982782,77983282,500,0,100.0,0.0
10872,77983282,77983782,500,0,100.0,0.0
10873,77983782,77984282,500,0,100.0,0.0
10874,77984282,77984782,500,0,100.0,0.0
10875,77984782,77985282,500,0,100.0,0.0
10876,77985282,77985782,500,0,100.0,0.0
10877,77985782,77986282,500,0,100.0,0.0
10878,77986282,77986782,500,0,100.0,0.0
10879,77986782,77987282,500,0,100.0,0.0
10880,77987282,77987782,500,0,100.0,0.0
10881,77987782,77988282,500,0,100.0,0.0
10882,77988282,77988782,500,0,100.0,0.0
10883,77988782,77989282,500,0,100.0,0.0
10884,77989282,77989782,500,0,100.0,0.0
10885,77989782,77990282,500,0,100.0,0.0
10886,77990282,77990782,500,0,100.0,0.0
10887,77990782,77991282,500,0,100.0,0.0
10888,77991282,77991782,500,0,100.0,0.0
10889,77991782,77992282,500,0,100.0,0.0
10890,77992282,77992782,500,0,100.0,0.0
10891,77992782,77993282,500,0,100.0,0.0
10892,77993282,77993782,500,0,100.0,0.0
10893,77993782,77994282,138,362,27.6,72.4
10894,77994282,77994782,44,456,8.799999999999999,91.2
10895,77994782,77995282,13,487,2.6,97.4
10896,77995282,77995782,410,90,82.0,18.0
10897,77995782,77996282,500,0,100.0,0.0
10898,77996282,77996782,500,0,100.0,0.0
10899,77996782,77997282,500,0,100.0,0.0
10900,77997282,77997782,500,0,100.0,0.0
10901,77997782,77998282,500,0,100.0,0.0
10902,77998282,77998782,500,0,100.0,0.0
10903,77998782,77999282,500,0,100.0,0.0
10904,77999282,77999782,500,0,100.0,0.0
10905,77999782,78000282,500,0,100.0,0.0
10906,78000282,78000782,500,0,100.0,0.0
10907,78000782,78001282,500,0,100.0,0.0
10908,78001282,78001782,500,0,100.0,0.0
10909,78001782,78002282,500,0,100.0,0.0
10910,78002282,78002782,500,0,100.0,0.0
10911,78002782,78003282,500,0,100.0,0.0
10912,78003282,78003782,500,0,100.0,0.0
10913,78003782,78004282,500,0,100.0,0.0
10914,78004282,78004782,500,0,100.0,0.0
10915,78004782,78005282,500,0,100.0,0.0
10916,78005282,78005782,500,0,100.0,0.0
10917,78005782,78006282,500,0,100.0,0.0
10918,78006282,78006782,500,0,100.0,0.0
10919,78006782,78007282,500,0,100.0,0.0
10920,78007282,78007782,500,0,100.0,0.0
10921,78007782,78008282,500,0,100.0,0.0
10922,78008282,78008782,500,0,100.0,0.0
10923,78008782,78009282,500,0,100.0,0.0
10924,78009282,78009782,500,0,100.0,0.0
10925,78009782,78010282,10,490,2.0,98.0
10926,78010282,78010782,6,494,1.2,98.8
10927,78010782,78011282,54,446,10.8,89.2
10928,78011282,78011782,305,195,61.0,39.0
10929,78011782,78012282,500,0,100.0,0.0
10930,78012282,78012782,500,0,100.0,0.0
10931,78012782,78013282,500,0,100.0,0.0
10932,78013282,78013782,500,0,100.0,0.0
10933,78013782,78014282,500,0,100.0,0.0
10934,78014282,78014782,500,0,100.0,0.0
10935,78014782,78015282,500,0,100.0,0.0
10936,78015282,78015782,500,0,100.0,0.0
10937,78015782,78016282,500,0,100.0,0.0
10938,78016282,78016782,500,0,100.0,0.0
10939,78016782,78017282,500,0,100.0,0.0
10940,78017282,78017782,500,0,100.0,0.0
10941,78017782,78018282,500,0,100.0,0.0
10942,78018282,78018782,500,0,100.0,0.0
10943,78018782,78019282,500,0,100.0,0.0
10944,78019282,78019782,500,0,100.0,0.0
10945,78019782,78020282,500,0,100.0,0.0
10946,78020282,78020782,500,0,100.0,0.0
10947,78020782,78021282,500,0,100.0,0.0
10948,78021282,78021782,500,0,100.0,0.0
10949,78021782,78022282,500,0,100.0,0.0
10950,78022282,78022782,500,0,100.0,0.0
10951,78022782,78023282,500,0,100.0,0.0
10952,78023282,78023782,500,0,100.0,0.0
10953,78023782,78024282,500,0,100.0,0.0
10954,78024282,78024782,500,0,100.0,0.0
10955,78024782,78025282,500,0,100.0,0.0
10956,78025282,78025782,500,0,100.0,0.0
10957,78025782,78026282,398,102,79.60000000000001,20.39999999999999
10958,78026282,78026782,7,493,1.4000000000000001,98.6
10959,78026782,78027282,46,454,9.2,90.8
10960,78027282,78027782,260,240,52.0,48.0
10961,78027782,78028282,500,0,100.0,0.0
10962,78028282,78028782,500,0,100.0,0.0
10963,78028782,78029282,500,0,100.0,0.0
10964,78029282,78029782,500,0,100.0,0.0
10965,78029782,78030282,500,0,100.0,0.0
10966,78030282,78030782,500,0,100.0,0.0
10967,78030782,78031282,500,0,100.0,0.0
10968,78031282,78031782,500,0,100.0,0.0
10969,78031782,78032282,500,0,100.0,0.0
10970,78032282,78032782,500,0,100.0,0.0
10971,78032782,78033282,500,0,100.0,0.0
10972,78033282,78033782,500,0,100.0,0.0
10973,78033782,78034282,500,0,100.0,0.0
10974,78034282,78034782,500,0,100.0,0.0
10975,78034782,78035282,500,0,100.0,0.0
10976,78035282,78035782,500,0,100.0,0.0
10977,78035782,78036282,500,0,100.0,0.0
10978,78036282,78036782,500,0,100.0,0.0
10979,78036782,78037282,500,0,100.0,0.0
10980,78037282,78037782,500,0,100.0,0.0
10981,78037782,78038282,500,0,100.0,0.0
10982,78038282,78038782,500,0,100.0,0.0
10983,78038782,78039282,500,0,100.0,0.0
10984,78039282,78039782,500,0,100.0,0.0
10985,78039782,78040282,500,0,100.0,0.0
10986,78040282,78040782,500,0,100.0,0.0
10987,78040782,78041282,500,0,100.0,0.0
10988,78041282,78041782,500,0,100.0,0.0
10989,78041782,78042282,41,459,8.200000000000001,91.8
10990,78042282,78042782,49,451,9.8,90.2
10991,78042782,78043282,65,435,13.0,87.0
10992,78043282,78043782,500,0,100.0,0.0
10993,78043782,78044282,500,0,100.0,0.0
10994,78044282,78044782,500,0,100.0,0.0
10995,78044782,78045282,500,0,100.0,0.0
10996,78045282,78045782,500,0,100.0,0.0
10997,78045782,78046282,500,0,100.0,0.0
10998,78046282,78046782,500,0,100.0,0.0
10999,78046782,78047282,500,0,100.0,0.0
11000,78047282,78047782,500,0,100.0,0.0
11001,78047782,78048282,500,0,100.0,0.0
11002,78048282,78048782,500,0,100.0,0.0
11003,78048782,78049282,500,0,100.0,0.0
11004,78049282,78049782,500,0,100.0,0.0
11005,78049782,78050282,500,0,100.0,0.0
11006,78050282,78050782,500,0,100.0,0.0
11007,78050782,78051282,500,0,100.0,0.0
11008,78051282,78051782,500,0,100.0,0.0
11009,78051782,78052282,500,0,100.0,0.0
11010,78052282,78052782,500,0,100.0,0.0
11011,78052782,78053282,500,0,100.0,0.0
11012,78053282,78053782,500,0,100.0,0.0
11013,78053782,78054282,500,0,100.0,0.0
11014,78054282,78054782,500,0,100.0,0.0
11015,78054782,78055282,500,0,100.0,0.0
11016,78055282,78055782,500,0,100.0,0.0
11017,78055782,78056282,500,0,100.0,0.0
11018,78056282,78056782,500,0,100.0,0.0
11019,78056782,78057282,500,0,100.0,0.0
11020,78057282,78057782,107,393,21.4,78.6
11021,78057782,78058282,47,453,9.4,90.6
11022,78058282,78058782,78,422,15.6,84.4
11023,78058782,78059282,500,0,100.0,0.0
11024,78059282,78059782,500,0,100.0,0.0
11025,78059782,78060282,500,0,100.0,0.0
11026,78060282,78060782,500,0,100.0,0.0
11027,78060782,78061282,500,0,100.0,0.0
11028,78061282,78061782,500,0,100.0,0.0
11029,78061782,78062282,500,0,100.0,0.0
11030,78062282,78062782,500,0,100.0,0.0
11031,78062782,78063282,500,0,100.0,0.0
11032,78063282,78063782,500,0,100.0,0.0
11033,78063782,78064282,500,0,100.0,0.0
11034,78064282,78064782,500,0,100.0,0.0
11035,78064782,78065282,500,0,100.0,0.0
11036,78065282,78065782,500,0,100.0,0.0
11037,78065782,78066282,500,0,100.0,0.0
11038,78066282,78066782,500,0,100.0,0.0
11039,78066782,78067282,500,0,100.0,0.0
11040,78067282,78067782,500,0,100.0,0.0
11041,78067782,78068282,500,0,100.0,0.0
11042,78068282,78068782,500,0,100.0,0.0
11043,78068782,78069282,500,0,100.0,0.0
11044,78069282,78069782,500,0,100.0,0.0
11045,78069782,78070282,500,0,100.0,0.0
11046,78070282,78070782,500,0,100.0,0.0
11047,78070782,78071282,500,0,100.0,0.0
11048,78071282,78071782,500,0,100.0,0.0
11049,78071782,78072282,500,0,100.0,0.0
11050,78072282,78072782,500,0,100.0,0.0
11051,78072782,78073282,165,335,33.0,67.0
11052,78073282,78073782,37,463,7.3999999999999995,92.6
11053,78073782,78074282,18,482,3.5999999999999996,96.4
11054,78074282,78074782,436,64,87.2,12.799999999999997
11055,78074782,78075282,500,0,100.0,0.0
11056,78075282,78075782,500,0,100.0,0.0
11057,78075782,78076282,500,0,100.0,0.0
11058,78076282,78076782,500,0,100.0,0.0
11059,78076782,78077282,500,0,100.0,0.0
11060,78077282,78077782,500,0,100.0,0.0
11061,78077782,78078282,500,0,100.0,0.0
11062,78078282,78078782,500,0,100.0,0.0
11063,78078782,78079282,500,0,100.0,0.0
11064,78079282,78079782,500,0,100.0,0.0
11065,78079782,78080282,500,0,100.0,0.0
11066,78080282,78080782,500,0,100.0,0.0
11067,78080782,78081282,500,0,100.0,0.0
11068,78081282,78081782,500,0,100.0,0.0
11069,78081782,78082282,500,0,100.0,0.0
11070,78082282,78082782,500,0,100.0,0.0
11071,78082782,78083282,500,0,100.0,0.0
11072,78083282,78083782,500,0,100.0,0.0
11073,78083782,78084282,500,0,100.0,0.0
11074,78084282,78084782,500,0,100.0,0.0
11075,78084782,78085282,500,0,100.0,0.0
11076,78085282,78085782,500,0,100.0,0.0
11077,78085782,78086282,500,0,100.0,0.0
11078,78086282,78086782,500,0,100.0,0.0
11079,78086782,78087282,500,0,100.0,0.0
11080,78087282,78087782,500,0,100.0,0.0
11081,78087782,78088282,500,0,100.0,0.0
11082,78088282,78088782,180,320,36.0,64.0
11083,78088782,78089282,21,479,4.2,95.8
11084,78089282,78089782,33,467,6.6000000000000005,93.4
11085,78089782,78090282,497,3,99.4,0.5999999999999943
11086,78090282,78090782,500,0,100.0,0.0
11087,78090782,78091282,500,0,100.0,0.0
11088,78091282,78091782,500,0,100.0,0.0
11089,78091782,78092282,500,0,100.0,0.0
11090,78092282,78092782,500,0,100.0,0.0
11091,78092782,78093282,500,0,100.0,0.0
11092,78093282,78093782,500,0,100.0,0.0
11093,78093782,78094282,500,0,100.0,0.0
11094,78094282,78094782,500,0,100.0,0.0
11095,78094782,78095282,500,0,100.0,0.0
11096,78095282,78095782,500,0,100.0,0.0
11097,78095782,78096282,500,0,100.0,0.0
11098,78096282,78096782,500,0,100.0,0.0
11099,78096782,78097282,500,0,100.0,0.0
11100,78097282,78097782,500,0,100.0,0.0
11101,78097782,78098282,500,0,100.0,0.0
11102,78098282,78098782,500,0,100.0,0.0
11103,78098782,78099282,500,0,100.0,0.0
11104,78099282,78099782,500,0,100.0,0.0
11105,78099782,78100282,500,0,100.0,0.0
11106,78100282,78100782,500,0,100.0,0.0
11107,78100782,78101282,500,0,100.0,0.0
11108,78101282,78101782,500,0,100.0,0.0
11109,78101782,78102282,500,0,100.0,0.0
11110,78102282,78102782,500,0,100.0,0.0
11111,78102782,78103282,500,0,100.0,0.0
11112,78103282,78103782,500,0,100.0,0.0
11113,78103782,78104282,200,300,40.0,60.0
11114,78104282,78104782,11,489,2.1999999999999997,97.8
11115,78104782,78105282,50,450,10.0,90.0
11116,78105282,78105782,408,92,81.6,18.400000000000006
11117,78105782,78106282,500,0,100.0,0.0
11118,78106282,78106782,500,0,100.0,0.0
11119,78106782,78107282,500,0,100.0,0.0
11120,78107282,78107782,500,0,100.0,0.0
11121,78107782,78108282,500,0,100.0,0.0
11122,78108282,78108782,500,0,100.0,0.0
11123,78108782,78109282,500,0,100.0,0.0
11124,78109282,78109782,500,0,100.0,0.0
11125,78109782,78110282,500,0,100.0,0.0
11126,78110282,78110782,500,0,100.0,0.0
11127,78110782,78111282,500,0,100.0,0.0
11128,78111282,78111782,500,0,100.0,0.0
11129,78111782,78112282,500,0,100.0,0.0
11130,78112282,78112782,500,0,100.0,0.0
11131,78112782,78113282,500,0,100.0,0.0
11132,78113282,78113782,500,0,100.0,0.0
11133,78113782,78114282,500,0,100.0,0.0
11134,78114282,78114782,500,0,100.0,0.0
11135,78114782,78115282,500,0,100.0,0.0
11136,78115282,78115782,500,0,100.0,0.0
11137,78115782,78116282,500,0,100.0,0.0
11138,78116282,78116782,500,0,100.0,0.0
11139,78116782,78117282,500,0,100.0,0.0
11140,78117282,78117782,500,0,100.0,0.0
11141,78117782,78118282,500,0,100.0,0.0
11142,78118282,78118782,500,0,100.0,0.0
11143,78118782,78119282,199,301,39.800000000000004,60.199999999999996
11144,78119282,78119782,9,491,1.7999999999999998,98.2
11145,78119782,78120282,50,450,10.0,90.0
11146,78120282,78120782,386,114,77.2,22.799999999999997
11147,78120782,78121282,500,0,100.0,0.0
11148,78121282,78121782,500,0,100.0,0.0
11149,78121782,78122282,500,0,100.0,0.0
11150,78122282,78122782,500,0,100.0,0.0
11151,78122782,78123282,500,0,100.0,0.0
11152,78123282,78123782,500,0,100.0,0.0
11153,78123782,78124282,500,0,100.0,0.0
11154,78124282,78124782,500,0,100.0,0.0
11155,78124782,78125282,500,0,100.0,0.0
11156,78125282,78125782,500,0,100.0,0.0
11157,78125782,78126282,500,0,100.0,0.0
11158,78126282,78126782,500,0,100.0,0.0
11159,78126782,78127282,500,0,100.0,0.0
11160,78127282,78127782,500,0,100.0,0.0
11161,78127782,78128282,500,0,100.0,0.0
11162,78128282,78128782,500,0,100.0,0.0
11163,78128782,78129282,500,0,100.0,0.0
11164,78129282,78129782,500,0,100.0,0.0
11165,78129782,78130282,500,0,100.0,0.0
11166,78130282,78130782,500,0,100.0,0.0
11167,78130782,78131282,500,0,100.0,0.0
11168,78131282,78131782,500,0,100.0,0.0
11169,78131782,78132282,500,0,100.0,0.0
11170,78132282,78132782,500,0,100.0,0.0
11171,78132782,78133282,500,0,100.0,0.0
11172,78133282,78133782,500,0,100.0,0.0
11173,78133782,78134282,500,0,100.0,0.0
11174,78134282,78134782,122,378,24.4,75.6
11175,78134782,78135282,64,436,12.8,87.2
11176,78135282,78135782,55,445,11.0,89.0
11177,78135782,78136282,500,0,100.0,0.0
11178,78136282,78136782,500,0,100.0,0.0
11179,78136782,78137282,500,0,100.0,0.0
11180,78137282,78137782,500,0,100.0,0.0
11181,78137782,78138282,500,0,100.0,0.0
11182,78138282,78138782,500,0,100.0,0.0
11183,78138782,78139282,500,0,100.0,0.0
11184,78139282,78139782,500,0,100.0,0.0
11185,78139782,78140282,500,0,100.0,0.0
11186,78140282,78140782,500,0,100.0,0.0
11187,78140782,78141282,500,0,100.0,0.0
11188,78141282,78141782,500,0,100.0,0.0
11189,78141782,78142282,500,0,100.0,0.0
11190,78142282,78142782,500,0,100.0,0.0
11191,78142782,78143282,500,0,100.0,0.0
11192,78143282,78143782,500,0,100.0,0.0
11193,78143782,78144282,500,0,100.0,0.0
11194,78144282,78144782,500,0,100.0,0.0
11195,78144782,78145282,500,0,100.0,0.0
11196,78145282,78145782,500,0,100.0,0.0
11197,78145782,78146282,500,0,100.0,0.0
11198,78146282,78146782,500,0,100.0,0.0
11199,78146782,78147282,500,0,100.0,0.0
11200,78147282,78147782,500,0,100.0,0.0
11201,78147782,78148282,500,0,100.0,0.0
11202,78148282,78148782,500,0,100.0,0.0
11203,78148782,78149282,424,76,84.8,15.200000000000003
11204,78149282,78149782,8,492,1.6,98.4
11205,78149782,78150282,45,455,9.0,91.0
11206,78150282,78150782,325,175,65.0,35.0
11207,78150782,78151282,500,0,100.0,0.0
11208,78151282,78151782,500,0,100.0,0.0
11209,78151782,78152282,500,0,100.0,0.0
11210,78152282,78152782,500,0,100.0,0.0
11211,78152782,78153282,500,0,100.0,0.0
11212,78153282,78153782,500,0,100.0,0.0
11213,78153782,78154282,500,0,100.0,0.0
11214,78154282,78154782,500,0,100.0,0.0
11215,78154782,78155282,500,0,100.0,0.0
11216,78155282,78155782,500,0,100.0,0.0
11217,78155782,78156282,500,0,100.0,0.0
11218,78156282,78156782,500,0,100.0,0.0
11219,78156782,78157282,500,0,100.0,0.0
11220,78157282,78157782,500,0,100.0,0.0
11221,78157782,78158282,500,0,100.0,0.0
11222,78158282,78158782,500,0,100.0,0.0
11223,78158782,78159282,500,0,100.0,0.0
11224,78159282,78159782,500,0,100.0,0.0
11225,78159782,78160282,500,0,100.0,0.0
11226,78160282,78160782,500,0,100.0,0.0
11227,78160782,78161282,500,0,100.0,0.0
11228,78161282,78161782,500,0,100.0,0.0
11229,78161782,78162282,500,0,100.0,0.0
11230,78162282,78162782,500,0,100.0,0.0
11231,78162782,78163282,500,0,100.0,0.0
11232,78163282,78163782,500,0,100.0,0.0
11233,78163782,78164282,96,404,19.2,80.8
11234,78164282,78164782,52,448,10.4,89.6
11235,78164782,78165282,47,453,9.4,90.6
11236,78165282,78165782,500,0,100.0,0.0
11237,78165782,78166282,500,0,100.0,0.0
11238,78166282,78166782,500,0,100.0,0.0
11239,78166782,78167282,500,0,100.0,0.0
11240,78167282,78167782,500,0,100.0,0.0
11241,78167782,78168282,500,0,100.0,0.0
11242,78168282,78168782,500,0,100.0,0.0
11243,78168782,78169282,500,0,100.0,0.0
11244,78169282,78169782,500,0,100.0,0.0
11245,78169782,78170282,500,0,100.0,0.0
11246,78170282,78170782,500,0,100.0,0.0
11247,78170782,78171282,500,0,100.0,0.0
11248,78171282,78171782,500,0,100.0,0.0
11249,78171782,78172282,500,0,100.0,0.0
11250,78172282,78172782,500,0,100.0,0.0
11251,78172782,78173282,500,0,100.0,0.0
11252,78173282,78173782,500,0,100.0,0.0
11253,78173782,78174282,500,0,100.0,0.0
11254,78174282,78174782,500,0,100.0,0.0
11255,78174782,78175282,500,0,100.0,0.0
11256,78175282,78175782,500,0,100.0,0.0
11257,78175782,78176282,500,0,100.0,0.0
11258,78176282,78176782,500,0,100.0,0.0
11259,78176782,78177282,500,0,100.0,0.0
11260,78177282,78177782,500,0,100.0,0.0
11261,78177782,78178282,500,0,100.0,0.0
11262,78178282,78178782,458,42,91.60000000000001,8.399999999999991
11263,78178782,78179282,6,494,1.2,98.8
11264,78179282,78179782,48,452,9.6,90.4
11265,78179782,78180282,128,372,25.6,74.4
11266,78180282,78180782,500,0,100.0,0.0
11267,78180782,78181282,500,0,100.0,0.0
11268,78181282,78181782,500,0,100.0,0.0
11269,78181782,78182282,500,0,100.0,0.0
11270,78182282,78182782,500,0,100.0,0.0
11271,78182782,78183282,500,0,100.0,0.0
11272,78183282,78183782,500,0,100.0,0.0
11273,78183782,78184282,500,0,100.0,0.0
11274,78184282,78184782,500,0,100.0,0.0
11275,78184782,78185282,500,0,100.0,0.0
11276,78185282,78185782,500,0,100.0,0.0
11277,78185782,78186282,500,0,100.0,0.0
11278,78186282,78186782,500,0,100.0,0.0
11279,78186782,78187282,500,0,100.0,0.0
11280,78187282,78187782,500,0,100.0,0.0
11281,78187782,78188282,500,0,100.0,0.0
11282,78188282,78188782,500,0,100.0,0.0
11283,78188782,78189282,500,0,100.0,0.0
11284,78189282,78189782,500,0,100.0,0.0
11285,78189782,78190282,500,0,100.0,0.0
11286,78190282,78190782,500,0,100.0,0.0
11287,78190782,78191282,500,0,100.0,0.0
11288,78191282,78191782,500,0,100.0,0.0
11289,78191782,78192282,500,0,100.0,0.0
11290,78192282,78192782,500,0,100.0,0.0
11291,78192782,78193282,500,0,100.0,0.0
11292,78193282,78193782,500,0,100.0,0.0
11293,78193782,78194282,500,0,100.0,0.0
11294,78194282,78194782,145,355,28.999999999999996,71.0
11295,78194782,78195282,33,467,6.6000000000000005,93.4
11296,78195282,78195782,26,474,5.2,94.8
11297,78195782,78196282,0,500,0.0,100.0
11298,78196282,78196782,2,498,0.4,99.6
11299,78196782,78197282,400,100,80.0,20.0
11300,78197282,78197782,500,0,100.0,0.0
11301,78197782,78198282,500,0,100.0,0.0
11302,78198282,78198782,500,0,100.0,0.0
11303,78198782,78199282,500,0,100.0,0.0
11304,78199282,78199782,500,0,100.0,0.0
11305,78199782,78200282,500,0,100.0,0.0
11306,78200282,78200782,500,0,100.0,0.0
11307,78200782,78201282,500,0,100.0,0.0
11308,78201282,78201782,500,0,100.0,0.0
11309,78201782,78202282,500,0,100.0,0.0
11310,78202282,78202782,500,0,100.0,0.0
11311,78202782,78203282,500,0,100.0,0.0
11312,78203282,78203782,500,0,100.0,0.0
11313,78203782,78204282,500,0,100.0,0.0
11314,78204282,78204782,500,0,100.0,0.0
11315,78204782,78205282,500,0,100.0,0.0
11316,78205282,78205782,500,0,100.0,0.0
11317,78205782,78206282,500,0,100.0,0.0
11318,78206282,78206782,500,0,100.0,0.0
11319,78206782,78207282,500,0,100.0,0.0
11320,78207282,78207782,500,0,100.0,0.0
11321,78207782,78208282,500,0,100.0,0.0
11322,78208282,78208782,500,0,100.0,0.0
11323,78208782,78209282,500,0,100.0,0.0
11324,78209282,78209782,500,0,100.0,0.0
11325,78209782,78210282,500,0,100.0,0.0
11326,78210282,78210782,500,0,100.0,0.0
11327,78210782,78211282,500,0,100.0,0.0
11328,78211282,78211782,304,196,60.8,39.2
11329,78211782,78212282,4,496,0.8,99.2
11330,78212282,78212782,163,337,32.6,67.4
11331,78212782,78213282,30,470,6.0,94.0
11332,78213282,78213782,382,118,76.4,23.599999999999994
11333,78213782,78214282,500,0,100.0,0.0
11334,78214282,78214782,500,0,100.0,0.0
11335,78214782,78215282,500,0,100.0,0.0
11336,78215282,78215782,500,0,100.0,0.0
11337,78215782,78216282,500,0,100.0,0.0
11338,78216282,78216782,500,0,100.0,0.0
11339,78216782,78217282,500,0,100.0,0.0
11340,78217282,78217782,500,0,100.0,0.0
11341,78217782,78218282,500,0,100.0,0.0
11342,78218282,78218782,500,0,100.0,0.0
11343,78218782,78219282,500,0,100.0,0.0
11344,78219282,78219782,500,0,100.0,0.0
11345,78219782,78220282,500,0,100.0,0.0
11346,78220282,78220782,500,0,100.0,0.0
11347,78220782,78221282,500,0,100.0,0.0
11348,78221282,78221782,500,0,100.0,0.0
11349,78221782,78222282,500,0,100.0,0.0
11350,78222282,78222782,500,0,100.0,0.0
11351,78222782,78223282,500,0,100.0,0.0
11352,78223282,78223782,500,0,100.0,0.0
11353,78223782,78224282,500,0,100.0,0.0
11354,78224282,78224782,500,0,100.0,0.0
11355,78224782,78225282,500,0,100.0,0.0
11356,78225282,78225782,500,0,100.0,0.0
11357,78225782,78226282,500,0,100.0,0.0
11358,78226282,78226782,500,0,100.0,0.0
11359,78226782,78227282,500,0,100.0,0.0
11360,78227282,78227782,282,218,56.39999999999999,43.60000000000001
11361,78227782,78228282,5,495,1.0,99.0
11362,78228282,78228782,73,427,14.6,85.4
11363,78228782,78229282,2,498,0.4,99.6
11364,78229282,78229782,191,309,38.2,61.8
11365,78229782,78230282,500,0,100.0,0.0
11366,78230282,78230782,500,0,100.0,0.0
11367,78230782,78231282,500,0,100.0,0.0
11368,78231282,78231782,500,0,100.0,0.0
11369,78231782,78232282,500,0,100.0,0.0
11370,78232282,78232782,500,0,100.0,0.0
11371,78232782,78233282,500,0,100.0,0.0
11372,78233282,78233782,500,0,100.0,0.0
11373,78233782,78234282,500,0,100.0,0.0
11374,78234282,78234782,500,0,100.0,0.0
11375,78234782,78235282,500,0,100.0,0.0
11376,78235282,78235782,500,0,100.0,0.0
11377,78235782,78236282,500,0,100.0,0.0
11378,78236282,78236782,500,0,100.0,0.0
11379,78236782,78237282,500,0,100.0,0.0
11380,78237282,78237782,500,0,100.0,0.0
11381,78237782,78238282,500,0,100.0,0.0
11382,78238282,78238782,500,0,100.0,0.0
11383,78238782,78239282,500,0,100.0,0.0
11384,78239282,78239782,500,0,100.0,0.0
11385,78239782,78240282,500,0,100.0,0.0
11386,78240282,78240782,500,0,100.0,0.0
11387,78240782,78241282,500,0,100.0,0.0
11388,78241282,78241782,500,0,100.0,0.0
11389,78241782,78242282,500,0,100.0,0.0
11390,78242282,78242782,500,0,100.0,0.0
11391,78242782,78243282,500,0,100.0,0.0
11392,78243282,78243782,500,0,100.0,0.0
11393,78243782,78244282,436,64,87.2,12.799999999999997
11394,78244282,78244782,9,491,1.7999999999999998,98.2
11395,78244782,78245282,61,439,12.2,87.8
11396,78245282,78245782,207,293,41.4,58.6
11397,78245782,78246282,500,0,100.0,0.0
11398,78246282,78246782,500,0,100.0,0.0
11399,78246782,78247282,500,0,100.0,0.0
11400,78247282,78247782,500,0,100.0,0.0
11401,78247782,78248282,500,0,100.0,0.0
11402,78248282,78248782,500,0,100.0,0.0
11403,78248782,78249282,500,0,100.0,0.0
11404,78249282,78249782,500,0,100.0,0.0
11405,78249782,78250282,500,0,100.0,0.0
11406,78250282,78250782,500,0,100.0,0.0
11407,78250782,78251282,500,0,100.0,0.0
11408,78251282,78251782,500,0,100.0,0.0
11409,78251782,78252282,500,0,100.0,0.0
11410,78252282,78252782,500,0,100.0,0.0
11411,78252782,78253282,500,0,100.0,0.0
11412,78253282,78253782,500,0,100.0,0.0
11413,78253782,78254282,500,0,100.0,0.0
11414,78254282,78254782,500,0,100.0,0.0
11415,78254782,78255282,500,0,100.0,0.0
11416,78255282,78255782,500,0,100.0,0.0
11417,78255782,78256282,500,0,100.0,0.0
11418,78256282,78256782,500,0,100.0,0.0
11419,78256782,78257282,500,0,100.0,0.0
11420,78257282,78257782,500,0,100.0,0.0
11421,78257782,78258282,500,0,100.0,0.0
11422,78258282,78258782,500,0,100.0,0.0
11423,78258782,78259282,500,0,100.0,0.0
11424,78259282,78259782,500,0,100.0,0.0
11425,78259782,78260282,42,458,8.4,91.6
11426,78260282,78260782,54,446,10.8,89.2
11427,78260782,78261282,48,452,9.6,90.4
11428,78261282,78261782,500,0,100.0,0.0
11429,78261782,78262282,500,0,100.0,0.0
11430,78262282,78262782,500,0,100.0,0.0
11431,78262782,78263282,500,0,100.0,0.0
11432,78263282,78263782,500,0,100.0,0.0
11433,78263782,78264282,500,0,100.0,0.0
11434,78264282,78264782,500,0,100.0,0.0
11435,78264782,78265282,500,0,100.0,0.0
11436,78265282,78265782,500,0,100.0,0.0
11437,78265782,78266282,500,0,100.0,0.0
11438,78266282,78266782,500,0,100.0,0.0
11439,78266782,78267282,500,0,100.0,0.0
11440,78267282,78267782,500,0,100.0,0.0
11441,78267782,78268282,500,0,100.0,0.0
11442,78268282,78268782,500,0,100.0,0.0
11443,78268782,78269282,500,0,100.0,0.0
11444,78269282,78269782,500,0,100.0,0.0
11445,78269782,78270282,500,0,100.0,0.0
11446,78270282,78270782,500,0,100.0,0.0
11447,78270782,78271282,500,0,100.0,0.0
11448,78271282,78271782,500,0,100.0,0.0
11449,78271782,78272282,500,0,100.0,0.0
11450,78272282,78272782,500,0,100.0,0.0
11451,78272782,78273282,500,0,100.0,0.0
11452,78273282,78273782,500,0,100.0,0.0
11453,78273782,78274282,500,0,100.0,0.0
11454,78274282,78274782,500,0,100.0,0.0
11455,78274782,78275282,461,39,92.2,7.799999999999997
11456,78275282,78275782,8,492,1.6,98.4
11457,78275782,78276282,72,428,14.399999999999999,85.6
11458,78276282,78276782,196,304,39.2,60.8
11459,78276782,78277282,500,0,100.0,0.0
11460,78277282,78277782,500,0,100.0,0.0
11461,78277782,78278282,500,0,100.0,0.0
11462,78278282,78278782,500,0,100.0,0.0
11463,78278782,78279282,500,0,100.0,0.0
11464,78279282,78279782,500,0,100.0,0.0
11465,78279782,78280282,500,0,100.0,0.0
11466,78280282,78280782,500,0,100.0,0.0
11467,78280782,78281282,500,0,100.0,0.0
11468,78281282,78281782,500,0,100.0,0.0
11469,78281782,78282282,500,0,100.0,0.0
11470,78282282,78282782,500,0,100.0,0.0
11471,78282782,78283282,500,0,100.0,0.0
11472,78283282,78283782,500,0,100.0,0.0
11473,78283782,78284282,500,0,100.0,0.0
11474,78284282,78284782,500,0,100.0,0.0
11475,78284782,78285282,500,0,100.0,0.0
11476,78285282,78285782,500,0,100.0,0.0
11477,78285782,78286282,500,0,100.0,0.0
11478,78286282,78286782,500,0,100.0,0.0
11479,78286782,78287282,500,0,100.0,0.0
11480,78287282,78287782,500,0,100.0,0.0
11481,78287782,78288282,500,0,100.0,0.0
11482,78288282,78288782,500,0,100.0,0.0
11483,78288782,78289282,500,0,100.0,0.0
11484,78289282,78289782,500,0,100.0,0.0
11485,78289782,78290282,500,0,100.0,0.0
11486,78290282,78290782,209,291,41.8,58.2
11487,78290782,78291282,7,493,1.4000000000000001,98.6
11488,78291282,78291782,55,445,11.0,89.0
11489,78291782,78292282,479,21,95.8,4.200000000000003
11490,78292282,78292782,500,0,100.0,0.0
11491,78292782,78293282,500,0,100.0,0.0
11492,78293282,78293782,500,0,100.0,0.0
11493,78293782,78294282,500,0,100.0,0.0
11494,78294282,78294782,500,0,100.0,0.0
11495,78294782,78295282,500,0,100.0,0.0
11496,78295282,78295782,500,0,100.0,0.0
11497,78295782,78296282,500,0,100.0,0.0
11498,78296282,78296782,500,0,100.0,0.0
11499,78296782,78297282,500,0,100.0,0.0
11500,78297282,78297782,500,0,100.0,0.0
11501,78297782,78298282,500,0,100.0,0.0
11502,78298282,78298782,500,0,100.0,0.0
11503,78298782,78299282,500,0,100.0,0.0
11504,78299282,78299782,500,0,100.0,0.0
11505,78299782,78300282,500,0,100.0,0.0
11506,78300282,78300782,500,0,100.0,0.0
11507,78300782,78301282,500,0,100.0,0.0
11508,78301282,78301782,500,0,100.0,0.0
11509,78301782,78302282,500,0,100.0,0.0
11510,78302282,78302782,500,0,100.0,0.0
11511,78302782,78303282,500,0,100.0,0.0
11512,78303282,78303782,500,0,100.0,0.0
11513,78303782,78304282,500,0,100.0,0.0
11514,78304282,78304782,500,0,100.0,0.0
11515,78304782,78305282,500,0,100.0,0.0
11516,78305282,78305782,371,129,74.2,25.799999999999997
11517,78305782,78306282,7,493,1.4000000000000001,98.6
11518,78306282,78306782,49,451,9.8,90.2
11519,78306782,78307282,247,253,49.4,50.6
11520,78307282,78307782,500,0,100.0,0.0
11521,78307782,78308282,500,0,100.0,0.0
11522,78308282,78308782,500,0,100.0,0.0
11523,78308782,78309282,500,0,100.0,0.0
11524,78309282,78309782,500,0,100.0,0.0
11525,78309782,78310282,500,0,100.0,0.0
11526,78310282,78310782,500,0,100.0,0.0
11527,78310782,78311282,500,0,100.0,0.0
11528,78311282,78311782,500,0,100.0,0.0
11529,78311782,78312282,500,0,100.0,0.0
11530,78312282,78312782,500,0,100.0,0.0
11531,78312782,78313282,500,0,100.0,0.0
11532,78313282,78313782,500,0,100.0,0.0
11533,78313782,78314282,500,0,100.0,0.0
11534,78314282,78314782,500,0,100.0,0.0
11535,78314782,78315282,500,0,100.0,0.0
11536,78315282,78315782,500,0,100.0,0.0
11537,78315782,78316282,500,0,100.0,0.0
11538,78316282,78316782,500,0,100.0,0.0
11539,78316782,78317282,500,0,100.0,0.0
11540,78317282,78317782,500,0,100.0,0.0
11541,78317782,78318282,500,0,100.0,0.0
11542,78318282,78318782,500,0,100.0,0.0
11543,78318782,78319282,500,0,100.0,0.0
11544,78319282,78319782,500,0,100.0,0.0
11545,78319782,78320282,500,0,100.0,0.0
11546,78320282,78320782,256,244,51.2,48.8
11547,78320782,78321282,7,493,1.4000000000000001,98.6
11548,78321282,78321782,52,448,10.4,89.6
11549,78321782,78322282,455,45,91.0,9.0
11550,78322282,78322782,500,0,100.0,0.0
11551,78322782,78323282,500,0,100.0,0.0
11552,78323282,78323782,500,0,100.0,0.0
11553,78323782,78324282,500,0,100.0,0.0
11554,78324282,78324782,500,0,100.0,0.0
11555,78324782,78325282,500,0,100.0,0.0
11556,78325282,78325782,500,0,100.0,0.0
11557,78325782,78326282,500,0,100.0,0.0
11558,78326282,78326782,500,0,100.0,0.0
11559,78326782,78327282,500,0,100.0,0.0
11560,78327282,78327782,500,0,100.0,0.0
11561,78327782,78328282,500,0,100.0,0.0
11562,78328282,78328782,500,0,100.0,0.0
11563,78328782,78329282,500,0,100.0,0.0
11564,78329282,78329782,500,0,100.0,0.0
11565,78329782,78330282,500,0,100.0,0.0
11566,78330282,78330782,500,0,100.0,0.0
11567,78330782,78331282,500,0,100.0,0.0
11568,78331282,78331782,500,0,100.0,0.0
11569,78331782,78332282,500,0,100.0,0.0
11570,78332282,78332782,500,0,100.0,0.0
11571,78332782,78333282,500,0,100.0,0.0
11572,78333282,78333782,500,0,100.0,0.0
11573,78333782,78334282,500,0,100.0,0.0
11574,78334282,78334782,500,0,100.0,0.0
11575,78334782,78335282,421,79,84.2,15.799999999999997
11576,78335282,78335782,8,492,1.6,98.4
11577,78335782,78336282,40,460,8.0,92.0
11578,78336282,78336782,305,195,61.0,39.0
11579,78336782,78337282,500,0,100.0,0.0
11580,78337282,78337782,500,0,100.0,0.0
11581,78337782,78338282,500,0,100.0,0.0
11582,78338282,78338782,500,0,100.0,0.0
11583,78338782,78339282,500,0,100.0,0.0
11584,78339282,78339782,500,0,100.0,0.0
11585,78339782,78340282,500,0,100.0,0.0
11586,78340282,78340782,500,0,100.0,0.0
11587,78340782,78341282,500,0,100.0,0.0
11588,78341282,78341782,500,0,100.0,0.0
11589,78341782,78342282,500,0,100.0,0.0
11590,78342282,78342782,500,0,100.0,0.0
11591,78342782,78343282,500,0,100.0,0.0
11592,78343282,78343782,500,0,100.0,0.0
11593,78343782,78344282,500,0,100.0,0.0
11594,78344282,78344782,500,0,100.0,0.0
11595,78344782,78345282,500,0,100.0,0.0
11596,78345282,78345782,500,0,100.0,0.0
11597,78345782,78346282,500,0,100.0,0.0
11598,78346282,78346782,500,0,100.0,0.0
11599,78346782,78347282,500,0,100.0,0.0
11600,78347282,78347782,500,0,100.0,0.0
11601,78347782,78348282,500,0,100.0,0.0
11602,78348282,78348782,500,0,100.0,0.0
11603,78348782,78349282,500,0,100.0,0.0
11604,78349282,78349782,500,0,100.0,0.0
11605,78349782,78350282,500,0,100.0,0.0
11606,78350282,78350782,298,202,59.599999999999994,40.400000000000006
11607,78350782,78351282,8,492,1.6,98.4
11608,78351282,78351782,65,435,13.0,87.0
11609,78351782,78352282,242,258,48.4,51.6
11610,78352282,78352782,500,0,100.0,0.0
11611,78352782,78353282,500,0,100.0,0.0
11612,78353282,78353782,500,0,100.0,0.0
11613,78353782,78354282,500,0,100.0,0.0
11614,78354282,78354782,500,0,100.0,0.0
11615,78354782,78355282,500,0,100.0,0.0
11616,78355282,78355782,500,0,100.0,0.0
11617,78355782,78356282,500,0,100.0,0.0
11618,78356282,78356782,500,0,100.0,0.0
11619,78356782,78357282,500,0,100.0,0.0
11620,78357282,78357782,500,0,100.0,0.0
11621,78357782,78358282,500,0,100.0,0.0
11622,78358282,78358782,500,0,100.0,0.0
11623,78358782,78359282,500,0,100.0,0.0
11624,78359282,78359782,500,0,100.0,0.0
11625,78359782,78360282,500,0,100.0,0.0
11626,78360282,78360782,500,0,100.0,0.0
11627,78360782,78361282,500,0,100.0,0.0
11628,78361282,78361782,500,0,100.0,0.0
11629,78361782,78362282,500,0,100.0,0.0
11630,78362282,78362782,500,0,100.0,0.0
11631,78362782,78363282,500,0,100.0,0.0
11632,78363282,78363782,500,0,100.0,0.0
11633,78363782,78364282,500,0,100.0,0.0
11634,78364282,78364782,500,0,100.0,0.0
11635,78364782,78365282,500,0,100.0,0.0
11636,78365282,78365782,500,0,100.0,0.0
11637,78365782,78366282,181,319,36.199999999999996,63.800000000000004
11638,78366282,78366782,41,459,8.200000000000001,91.8
11639,78366782,78367282,26,474,5.2,94.8
11640,78367282,78367782,443,57,88.6,11.400000000000006
11641,78367782,78368282,500,0,100.0,0.0
11642,78368282,78368782,500,0,100.0,0.0
11643,78368782,78369282,500,0,100.0,0.0
11644,78369282,78369782,500,0,100.0,0.0
11645,78369782,78370282,500,0,100.0,0.0
11646,78370282,78370782,500,0,100.0,0.0
11647,78370782,78371282,500,0,100.0,0.0
11648,78371282,78371782,500,0,100.0,0.0
11649,78371782,78372282,500,0,100.0,0.0
11650,78372282,78372782,500,0,100.0,0.0
11651,78372782,78373282,500,0,100.0,0.0
11652,78373282,78373782,500,0,100.0,0.0
11653,78373782,78374282,500,0,100.0,0.0
11654,78374282,78374782,500,0,100.0,0.0
11655,78374782,78375282,500,0,100.0,0.0
11656,78375282,78375782,500,0,100.0,0.0
11657,78375782,78376282,500,0,100.0,0.0
11658,78376282,78376782,500,0,100.0,0.0
11659,78376782,78377282,500,0,100.0,0.0
11660,78377282,78377782,500,0,100.0,0.0
11661,78377782,78378282,500,0,100.0,0.0
11662,78378282,78378782,500,0,100.0,0.0
11663,78378782,78379282,500,0,100.0,0.0
11664,78379282,78379782,500,0,100.0,0.0
11665,78379782,78380282,500,0,100.0,0.0
11666,78380282,78380782,500,0,100.0,0.0
11667,78380782,78381282,500,0,100.0,0.0
11668,78381282,78381782,500,0,100.0,0.0
11669,78381782,78382282,500,0,100.0,0.0
11670,78382282,78382782,500,0,100.0,0.0
11671,78382782,78383282,500,0,100.0,0.0
11672,78383282,78383782,500,0,100.0,0.0
11673,78383782,78384282,500,0,100.0,0.0
11674,78384282,78384782,500,0,100.0,0.0
11675,78384782,78385282,500,0,100.0,0.0
11676,78385282,78385782,500,0,100.0,0.0
11677,78385782,78386282,500,0,100.0,0.0
11678,78386282,78386782,500,0,100.0,0.0
11679,78386782,78387282,500,0,100.0,0.0
11680,78387282,78387782,132,368,26.400000000000002,73.6
11681,78387782,78388282,4,496,0.8,99.2
11682,78388282,78388782,99,401,19.8,80.2
11683,78388782,78389282,3,497,0.6,99.4
11684,78389282,78389782,190,310,38.0,62.0
11685,78389782,78390282,500,0,100.0,0.0
11686,78390282,78390782,500,0,100.0,0.0
11687,78390782,78391282,500,0,100.0,0.0
11688,78391282,78391782,500,0,100.0,0.0
11689,78391782,78392282,500,0,100.0,0.0
11690,78392282,78392782,500,0,100.0,0.0
11691,78392782,78393282,500,0,100.0,0.0
11692,78393282,78393782,500,0,100.0,0.0
11693,78393782,78394282,500,0,100.0,0.0
11694,78394282,78394782,500,0,100.0,0.0
11695,78394782,78395282,500,0,100.0,0.0
11696,78395282,78395782,500,0,100.0,0.0
11697,78395782,78396282,500,0,100.0,0.0
11698,78396282,78396782,500,0,100.0,0.0
11699,78396782,78397282,500,0,100.0,0.0
11700,78397282,78397782,500,0,100.0,0.0
11701,78397782,78398282,500,0,100.0,0.0
11702,78398282,78398782,500,0,100.0,0.0
11703,78398782,78399282,500,0,100.0,0.0
11704,78399282,78399782,500,0,100.0,0.0
11705,78399782,78400282,500,0,100.0,0.0
11706,78400282,78400782,500,0,100.0,0.0
11707,78400782,78401282,500,0,100.0,0.0
11708,78401282,78401782,500,0,100.0,0.0
11709,78401782,78402282,500,0,100.0,0.0
11710,78402282,78402782,500,0,100.0,0.0
11711,78402782,78403282,500,0,100.0,0.0
11712,78403282,78403782,500,0,100.0,0.0
11713,78403782,78404282,500,0,100.0,0.0
11714,78404282,78404782,500,0,100.0,0.0
11715,78404782,78405282,500,0,100.0,0.0
11716,78405282,78405782,500,0,100.0,0.0
11717,78405782,78406282,500,0,100.0,0.0
11718,78406282,78406782,500,0,100.0,0.0
11719,78406782,78407282,87,413,17.4,82.6
11720,78407282,78407782,47,453,9.4,90.6
11721,78407782,78408282,26,474,5.2,94.8
11722,78408282,78408782,390,110,78.0,22.0
11723,78408782,78409282,500,0,100.0,0.0
11724,78409282,78409782,500,0,100.0,0.0
11725,78409782,78410282,500,0,100.0,0.0
11726,78410282,78410782,500,0,100.0,0.0
11727,78410782,78411282,500,0,100.0,0.0
11728,78411282,78411782,500,0,100.0,0.0
11729,78411782,78412282,500,0,100.0,0.0
11730,78412282,78412782,500,0,100.0,0.0
11731,78412782,78413282,500,0,100.0,0.0
11732,78413282,78413782,500,0,100.0,0.0
11733,78413782,78414282,500,0,100.0,0.0
11734,78414282,78414782,500,0,100.0,0.0
11735,78414782,78415282,500,0,100.0,0.0
11736,78415282,78415782,500,0,100.0,0.0
11737,78415782,78416282,500,0,100.0,0.0
11738,78416282,78416782,500,0,100.0,0.0
11739,78416782,78417282,500,0,100.0,0.0
11740,78417282,78417782,500,0,100.0,0.0
11741,78417782,78418282,500,0,100.0,0.0
11742,78418282,78418782,500,0,100.0,0.0
11743,78418782,78419282,500,0,100.0,0.0
11744,78419282,78419782,500,0,100.0,0.0
11745,78419782,78420282,500,0,100.0,0.0
11746,78420282,78420782,500,0,100.0,0.0
11747,78420782,78421282,500,0,100.0,0.0
11748,78421282,78421782,500,0,100.0,0.0
11749,78421782,78422282,500,0,100.0,0.0
11750,78422282,78422782,500,0,100.0,0.0
11751,78422782,78423282,176,324,35.199999999999996,64.80000000000001
11752,78423282,78423782,8,492,1.6,98.4
11753,78423782,78424282,66,434,13.200000000000001,86.8
11754,78424282,78424782,373,127,74.6,25.400000000000006
11755,78424782,78425282,500,0,100.0,0.0
11756,78425282,78425782,500,0,100.0,0.0
11757,78425782,78426282,500,0,100.0,0.0
11758,78426282,78426782,500,0,100.0,0.0
11759,78426782,78427282,500,0,100.0,0.0
11760,78427282,78427782,500,0,100.0,0.0
11761,78427782,78428282,500,0,100.0,0.0
11762,78428282,78428782,500,0,100.0,0.0
11763,78428782,78429282,500,0,100.0,0.0
11764,78429282,78429782,500,0,100.0,0.0
11765,78429782,78430282,500,0,100.0,0.0
11766,78430282,78430782,500,0,100.0,0.0
11767,78430782,78431282,500,0,100.0,0.0
11768,78431282,78431782,500,0,100.0,0.0
11769,78431782,78432282,500,0,100.0,0.0
11770,78432282,78432782,500,0,100.0,0.0
11771,78432782,78433282,500,0,100.0,0.0
11772,78433282,78433782,500,0,100.0,0.0
11773,78433782,78434282,500,0,100.0,0.0
11774,78434282,78434782,500,0,100.0,0.0
11775,78434782,78435282,500,0,100.0,0.0
11776,78435282,78435782,500,0,100.0,0.0
11777,78435782,78436282,500,0,100.0,0.0
11778,78436282,78436782,500,0,100.0,0.0
11779,78436782,78437282,500,0,100.0,0.0
11780,78437282,78437782,500,0,100.0,0.0
11781,78437782,78438282,500,0,100.0,0.0
11782,78438282,78438782,500,0,100.0,0.0
11783,78438782,78439282,500,0,100.0,0.0
11784,78439282,78439782,500,0,100.0,0.0
11785,78439782,78440282,500,0,100.0,0.0
11786,78440282,78440782,500,0,100.0,0.0
11787,78440782,78441282,500,0,100.0,0.0
11788,78441282,78441782,75,425,15.0,85.0
11789,78441782,78442282,65,435,13.0,87.0
11790,78442282,78442782,52,448,10.4,89.6
11791,78442782,78443282,500,0,100.0,0.0
11792,78443282,78443782,500,0,100.0,0.0
11793,78443782,78444282,500,0,100.0,0.0
11794,78444282,78444782,500,0,100.0,0.0
11795,78444782,78445282,500,0,100.0,0.0
11796,78445282,78445782,500,0,100.0,0.0
11797,78445782,78446282,500,0,100.0,0.0
11798,78446282,78446782,500,0,100.0,0.0
11799,78446782,78447282,500,0,100.0,0.0
11800,78447282,78447782,500,0,100.0,0.0
11801,78447782,78448282,500,0,100.0,0.0
11802,78448282,78448782,500,0,100.0,0.0
11803,78448782,78449282,500,0,100.0,0.0
11804,78449282,78449782,500,0,100.0,0.0
11805,78449782,78450282,500,0,100.0,0.0
11806,78450282,78450782,500,0,100.0,0.0
11807,78450782,78451282,500,0,100.0,0.0
11808,78451282,78451782,500,0,100.0,0.0
11809,78451782,78452282,500,0,100.0,0.0
11810,78452282,78452782,500,0,100.0,0.0
11811,78452782,78453282,500,0,100.0,0.0
11812,78453282,78453782,500,0,100.0,0.0
11813,78453782,78454282,500,0,100.0,0.0
11814,78454282,78454782,500,0,100.0,0.0
11815,78454782,78455282,500,0,100.0,0.0
11816,78455282,78455782,500,0,100.0,0.0
11817,78455782,78456282,500,0,100.0,0.0
11818,78456282,78456782,500,0,100.0,0.0
11819,78456782,78457282,500,0,100.0,0.0
11820,78457282,78457782,500,0,100.0,0.0
11821,78457782,78458282,361,139,72.2,27.799999999999997
11822,78458282,78458782,10,490,2.0,98.0
11823,78458782,78459282,54,446,10.8,89.2
11824,78459282,78459782,260,240,52.0,48.0
11825,78459782,78460282,500,0,100.0,0.0
11826,78460282,78460782,500,0,100.0,0.0
11827,78460782,78461282,500,0,100.0,0.0
11828,78461282,78461782,500,0,100.0,0.0
11829,78461782,78462282,500,0,100.0,0.0
11830,78462282,78462782,500,0,100.0,0.0
11831,78462782,78463282,500,0,100.0,0.0
11832,78463282,78463782,500,0,100.0,0.0
11833,78463782,78464282,500,0,100.0,0.0
11834,78464282,78464782,500,0,100.0,0.0
11835,78464782,78465282,500,0,100.0,0.0
11836,78465282,78465782,500,0,100.0,0.0
11837,78465782,78466282,500,0,100.0,0.0
11838,78466282,78466782,500,0,100.0,0.0
11839,78466782,78467282,500,0,100.0,0.0
11840,78467282,78467782,500,0,100.0,0.0
11841,78467782,78468282,500,0,100.0,0.0
11842,78468282,78468782,500,0,100.0,0.0
11843,78468782,78469282,500,0,100.0,0.0
11844,78469282,78469782,500,0,100.0,0.0
11845,78469782,78470282,500,0,100.0,0.0
11846,78470282,78470782,500,0,100.0,0.0
11847,78470782,78471282,500,0,100.0,0.0
11848,78471282,78471782,500,0,100.0,0.0
11849,78471782,78472282,500,0,100.0,0.0
11850,78472282,78472782,500,0,100.0,0.0
11851,78472782,78473282,500,0,100.0,0.0
11852,78473282,78473782,500,0,100.0,0.0
11853,78473782,78474282,458,42,91.60000000000001,8.399999999999991
11854,78474282,78474782,8,492,1.6,98.4
11855,78474782,78475282,48,452,9.6,90.4
11856,78475282,78475782,177,323,35.4,64.6
11857,78475782,78476282,500,0,100.0,0.0
11858,78476282,78476782,500,0,100.0,0.0
11859,78476782,78477282,500,0,100.0,0.0
11860,78477282,78477782,500,0,100.0,0.0
11861,78477782,78478282,500,0,100.0,0.0
11862,78478282,78478782,500,0,100.0,0.0
11863,78478782,78479282,500,0,100.0,0.0
11864,78479282,78479782,500,0,100.0,0.0
11865,78479782,78480282,500,0,100.0,0.0
11866,78480282,78480782,500,0,100.0,0.0
11867,78480782,78481282,500,0,100.0,0.0
11868,78481282,78481782,500,0,100.0,0.0
11869,78481782,78482282,500,0,100.0,0.0
11870,78482282,78482782,500,0,100.0,0.0
11871,78482782,78483282,500,0,100.0,0.0
11872,78483282,78483782,500,0,100.0,0.0
11873,78483782,78484282,500,0,100.0,0.0
11874,78484282,78484782,500,0,100.0,0.0
11875,78484782,78485282,500,0,100.0,0.0
11876,78485282,78485782,500,0,100.0,0.0
11877,78485782,78486282,500,0,100.0,0.0
11878,78486282,78486782,500,0,100.0,0.0
11879,78486782,78487282,500,0,100.0,0.0
11880,78487282,78487782,500,0,100.0,0.0
11881,78487782,78488282,500,0,100.0,0.0
11882,78488282,78488782,500,0,100.0,0.0
11883,78488782,78489282,500,0,100.0,0.0
11884,78489282,78489782,500,0,100.0,0.0
11885,78489782,78490282,500,0,100.0,0.0
11886,78490282,78490782,500,0,100.0,0.0
11887,78490782,78491282,500,0,100.0,0.0
11888,78491282,78491782,500,0,100.0,0.0
11889,78491782,78492282,500,0,100.0,0.0
11890,78492282,78492782,500,0,100.0,0.0
11891,78492782,78493282,500,0,100.0,0.0
11892,78493282,78493782,500,0,100.0,0.0
11893,78493782,78494282,500,0,100.0,0.0
11894,78494282,78494782,500,0,100.0,0.0
11895,78494782,78495282,500,0,100.0,0.0
11896,78495282,78495782,500,0,100.0,0.0
11897,78495782,78496282,500,0,100.0,0.0
11898,78496282,78496782,500,0,100.0,0.0
11899,78496782,78497282,500,0,100.0,0.0
11900,78497282,78497782,500,0,100.0,0.0
11901,78497782,78498282,500,0,100.0,0.0
11902,78498282,78498782,500,0,100.0,0.0
11903,78498782,78499282,500,0,100.0,0.0
11904,78499282,78499782,500,0,100.0,0.0
11905,78499782,78500282,500,0,100.0,0.0
11906,78500282,78500782,500,0,100.0,0.0
11907,78500782,78501282,500,0,100.0,0.0
11908,78501282,78501782,500,0,100.0,0.0
11909,78501782,78502282,500,0,100.0,0.0
11910,78502282,78502782,500,0,100.0,0.0
11911,78502782,78503282,500,0,100.0,0.0
11912,78503282,78503782,500,0,100.0,0.0
11913,78503782,78504282,500,0,100.0,0.0
11914,78504282,78504782,500,0,100.0,0.0
11915,78504782,78505282,500,0,100.0,0.0
11916,78505282,78505782,500,0,100.0,0.0
11917,78505782,78506282,500,0,100.0,0.0
11918,78506282,78506782,500,0,100.0,0.0
11919,78506782,78507282,500,0,100.0,0.0
11920,78507282,78507782,500,0,100.0,0.0
11921,78507782,78508282,500,0,100.0,0.0
11922,78508282,78508782,500,0,100.0,0.0
11923,78508782,78509282,500,0,100.0,0.0
11924,78509282,78509782,500,0,100.0,0.0
11925,78509782,78510282,500,0,100.0,0.0
11926,78510282,78510782,500,0,100.0,0.0
11927,78510782,78511282,500,0,100.0,0.0
11928,78511282,78511782,500,0,100.0,0.0
11929,78511782,78512282,500,0,100.0,0.0
11930,78512282,78512782,500,0,100.0,0.0
11931,78512782,78513282,500,0,100.0,0.0
11932,78513282,78513782,500,0,100.0,0.0
11933,78513782,78514282,500,0,100.0,0.0
11934,78514282,78514782,500,0,100.0,0.0
11935,78514782,78515282,500,0,100.0,0.0
11936,78515282,78515782,500,0,100.0,0.0
11937,78515782,78516282,500,0,100.0,0.0
11938,78516282,78516782,500,0,100.0,0.0
11939,78516782,78517282,500,0,100.0,0.0
11940,78517282,78517782,500,0,100.0,0.0
11941,78517782,78518282,500,0,100.0,0.0
11942,78518282,78518782,500,0,100.0,0.0
11943,78518782,78519282,500,0,100.0,0.0
11944,78519282,78519782,500,0,100.0,0.0
11945,78519782,78520282,500,0,100.0,0.0
11946,78520282,78520782,500,0,100.0,0.0
11947,78520782,78521282,500,0,100.0,0.0
11948,78521282,78521782,500,0,100.0,0.0
11949,78521782,78522282,500,0,100.0,0.0
11950,78522282,78522782,500,0,100.0,0.0
11951,78522782,78523282,500,0,100.0,0.0
11952,78523282,78523782,500,0,100.0,0.0
11953,78523782,78524282,500,0,100.0,0.0
11954,78524282,78524782,500,0,100.0,0.0
11955,78524782,78525282,500,0,100.0,0.0
11956,78525282,78525782,500,0,100.0,0.0
11957,78525782,78526282,500,0,100.0,0.0
11958,78526282,78526782,500,0,100.0,0.0
11959,78526782,78527282,500,0,100.0,0.0
11960,78527282,78527782,500,0,100.0,0.0
11961,78527782,78528282,500,0,100.0,0.0
11962,78528282,78528782,500,0,100.0,0.0
11963,78528782,78529282,500,0,100.0,0.0
11964,78529282,78529782,500,0,100.0,0.0
11965,78529782,78530282,500,0,100.0,0.0
11966,78530282,78530782,500,0,100.0,0.0
11967,78530782,78531282,500,0,100.0,0.0
11968,78531282,78531782,500,0,100.0,0.0
11969,78531782,78532282,500,0,100.0,0.0
11970,78532282,78532782,500,0,100.0,0.0
11971,78532782,78533282,500,0,100.0,0.0
11972,78533282,78533782,500,0,100.0,0.0
11973,78533782,78534282,500,0,100.0,0.0
11974,78534282,78534782,500,0,100.0,0.0
11975,78534782,78535282,500,0,100.0,0.0
11976,78535282,78535782,500,0,100.0,0.0
11977,78535782,78536282,500,0,100.0,0.0
11978,78536282,78536782,500,0,100.0,0.0
11979,78536782,78537282,500,0,100.0,0.0
11980,78537282,78537782,500,0,100.0,0.0
11981,78537782,78538282,500,0,100.0,0.0
11982,78538282,78538782,439,61,87.8,12.200000000000003
11983,78538782,78539282,8,492,1.6,98.4
11984,78539282,78539782,70,430,14.000000000000002,86.0
11985,78539782,78540282,34,466,6.800000000000001,93.2
11986,78540282,78540782,500,0,100.0,0.0
11987,78540782,78541282,500,0,100.0,0.0
11988,78541282,78541782,500,0,100.0,0.0
11989,78541782,78542282,500,0,100.0,0.0
11990,78542282,78542782,500,0,100.0,0.0
11991,78542782,78543282,500,0,100.0,0.0
11992,78543282,78543782,500,0,100.0,0.0
11993,78543782,78544282,500,0,100.0,0.0
11994,78544282,78544782,500,0,100.0,0.0
11995,78544782,78545282,500,0,100.0,0.0
11996,78545282,78545782,500,0,100.0,0.0
11997,78545782,78546282,500,0,100.0,0.0
11998,78546282,78546782,500,0,100.0,0.0
11999,78546782,78547282,500,0,100.0,0.0
12000,78547282,78547782,500,0,100.0,0.0
12001,78547782,78548282,500,0,100.0,0.0
12002,78548282,78548782,500,0,100.0,0.0
12003,78548782,78549282,500,0,100.0,0.0
12004,78549282,78549782,500,0,100.0,0.0
12005,78549782,78550282,500,0,100.0,0.0
12006,78550282,78550782,500,0,100.0,0.0
12007,78550782,78551282,500,0,100.0,0.0
12008,78551282,78551782,500,0,100.0,0.0
12009,78551782,78552282,500,0,100.0,0.0
12010,78552282,78552782,500,0,100.0,0.0
12011,78552782,78553282,500,0,100.0,0.0
12012,78553282,78553782,500,0,100.0,0.0
12013,78553782,78554282,500,0,100.0,0.0
12014,78554282,78554782,371,129,74.2,25.799999999999997
12015,78554782,78555282,7,493,1.4000000000000001,98.6
12016,78555282,78555782,67,433,13.4,86.6
12017,78555782,78556282,83,417,16.6,83.4
12018,78556282,78556782,500,0,100.0,0.0
12019,78556782,78557282,500,0,100.0,0.0
12020,78557282,78557782,500,0,100.0,0.0
12021,78557782,78558282,500,0,100.0,0.0
12022,78558282,78558782,500,0,100.0,0.0
12023,78558782,78559282,500,0,100.0,0.0
12024,78559282,78559782,500,0,100.0,0.0
12025,78559782,78560282,500,0,100.0,0.0
12026,78560282,78560782,500,0,100.0,0.0
12027,78560782,78561282,500,0,100.0,0.0
12028,78561282,78561782,500,0,100.0,0.0
12029,78561782,78562282,500,0,100.0,0.0
12030,78562282,78562782,500,0,100.0,0.0
12031,78562782,78563282,500,0,100.0,0.0
12032,78563282,78563782,500,0,100.0,0.0
12033,78563782,78564282,500,0,100.0,0.0
12034,78564282,78564782,500,0,100.0,0.0
12035,78564782,78565282,500,0,100.0,0.0
12036,78565282,78565782,500,0,100.0,0.0
12037,78565782,78566282,500,0,100.0,0.0
12038,78566282,78566782,500,0,100.0,0.0
12039,78566782,78567282,500,0,100.0,0.0
12040,78567282,78567782,500,0,100.0,0.0
12041,78567782,78568282,500,0,100.0,0.0
12042,78568282,78568782,500,0,100.0,0.0
12043,78568782,78569282,500,0,100.0,0.0
12044,78569282,78569782,500,0,100.0,0.0
12045,78569782,78570282,500,0,100.0,0.0
12046,78570282,78570782,227,273,45.4,54.6
12047,78570782,78571282,8,492,1.6,98.4
12048,78571282,78571782,51,449,10.2,89.8
12049,78571782,78572282,436,64,87.2,12.799999999999997
12050,78572282,78572782,500,0,100.0,0.0
12051,78572782,78573282,500,0,100.0,0.0
12052,78573282,78573782,500,0,100.0,0.0
12053,78573782,78574282,500,0,100.0,0.0
12054,78574282,78574782,500,0,100.0,0.0
12055,78574782,78575282,500,0,100.0,0.0
12056,78575282,78575782,500,0,100.0,0.0
12057,78575782,78576282,500,0,100.0,0.0
12058,78576282,78576782,500,0,100.0,0.0
12059,78576782,78577282,500,0,100.0,0.0
12060,78577282,78577782,500,0,100.0,0.0
12061,78577782,78578282,500,0,100.0,0.0
12062,78578282,78578782,500,0,100.0,0.0
12063,78578782,78579282,500,0,100.0,0.0
12064,78579282,78579782,500,0,100.0,0.0
12065,78579782,78580282,500,0,100.0,0.0
12066,78580282,78580782,500,0,100.0,0.0
12067,78580782,78581282,500,0,100.0,0.0
12068,78581282,78581782,500,0,100.0,0.0
12069,78581782,78582282,500,0,100.0,0.0
12070,78582282,78582782,500,0,100.0,0.0
12071,78582782,78583282,500,0,100.0,0.0
12072,78583282,78583782,500,0,100.0,0.0
12073,78583782,78584282,500,0,100.0,0.0
12074,78584282,78584782,500,0,100.0,0.0
12075,78584782,78585282,500,0,100.0,0.0
12076,78585282,78585782,500,0,100.0,0.0
12077,78585782,78586282,439,61,87.8,12.200000000000003
12078,78586282,78586782,8,492,1.6,98.4
12079,78586782,78587282,49,451,9.8,90.2
12080,78587282,78587782,217,283,43.4,56.6
12081,78587782,78588282,500,0,100.0,0.0
12082,78588282,78588782,500,0,100.0,0.0
12083,78588782,78589282,500,0,100.0,0.0
12084,78589282,78589782,500,0,100.0,0.0
12085,78589782,78590282,500,0,100.0,0.0
12086,78590282,78590782,500,0,100.0,0.0
12087,78590782,78591282,500,0,100.0,0.0
12088,78591282,78591782,500,0,100.0,0.0
12089,78591782,78592282,500,0,100.0,0.0
12090,78592282,78592782,500,0,100.0,0.0
12091,78592782,78593282,500,0,100.0,0.0
12092,78593282,78593782,500,0,100.0,0.0
12093,78593782,78594282,500,0,100.0,0.0
12094,78594282,78594782,500,0,100.0,0.0
12095,78594782,78595282,500,0,100.0,0.0
12096,78595282,78595782,500,0,100.0,0.0
12097,78595782,78596282,500,0,100.0,0.0
12098,78596282,78596782,500,0,100.0,0.0
12099,78596782,78597282,500,0,100.0,0.0
12100,78597282,78597782,500,0,100.0,0.0
12101,78597782,78598282,500,0,100.0,0.0
12102,78598282,78598782,500,0,100.0,0.0
12103,78598782,78599282,500,0,100.0,0.0
12104,78599282,78599782,500,0,100.0,0.0
12105,78599782,78600282,500,0,100.0,0.0
12106,78600282,78600782,500,0,100.0,0.0
12107,78600782,78601282,500,0,100.0,0.0
12108,78601282,78601782,500,0,100.0,0.0
12109,78601782,78602282,353,147,70.6,29.400000000000006
12110,78602282,78602782,8,492,1.6,98.4
12111,78602782,78603282,58,442,11.600000000000001,88.4
12112,78603282,78603782,294,206,58.8,41.2
12113,78603782,78604282,500,0,100.0,0.0
12114,78604282,78604782,500,0,100.0,0.0
12115,78604782,78605282,500,0,100.0,0.0
12116,78605282,78605782,500,0,100.0,0.0
12117,78605782,78606282,500,0,100.0,0.0
12118,78606282,78606782,500,0,100.0,0.0
12119,78606782,78607282,500,0,100.0,0.0
12120,78607282,78607782,500,0,100.0,0.0
12121,78607782,78608282,500,0,100.0,0.0
12122,78608282,78608782,500,0,100.0,0.0
12123,78608782,78609282,500,0,100.0,0.0
12124,78609282,78609782,500,0,100.0,0.0
12125,78609782,78610282,500,0,100.0,0.0
12126,78610282,78610782,500,0,100.0,0.0
12127,78610782,78611282,500,0,100.0,0.0
12128,78611282,78611782,500,0,100.0,0.0
12129,78611782,78612282,500,0,100.0,0.0
12130,78612282,78612782,500,0,100.0,0.0
12131,78612782,78613282,500,0,100.0,0.0
12132,78613282,78613782,500,0,100.0,0.0
12133,78613782,78614282,500,0,100.0,0.0
12134,78614282,78614782,500,0,100.0,0.0
12135,78614782,78615282,500,0,100.0,0.0
12136,78615282,78615782,500,0,100.0,0.0
12137,78615782,78616282,500,0,100.0,0.0
12138,78616282,78616782,500,0,100.0,0.0
12139,78616782,78617282,500,0,100.0,0.0
12140,78617282,78617782,217,283,43.4,56.6
12141,78617782,78618282,6,494,1.2,98.8
12142,78618282,78618782,58,442,11.600000000000001,88.4
12143,78618782,78619282,397,103,79.4,20.599999999999994
12144,78619282,78619782,500,0,100.0,0.0
12145,78619782,78620282,500,0,100.0,0.0
12146,78620282,78620782,500,0,100.0,0.0
12147,78620782,78621282,500,0,100.0,0.0
12148,78621282,78621782,500,0,100.0,0.0
12149,78621782,78622282,500,0,100.0,0.0
12150,78622282,78622782,500,0,100.0,0.0
12151,78622782,78623282,500,0,100.0,0.0
12152,78623282,78623782,500,0,100.0,0.0
12153,78623782,78624282,500,0,100.0,0.0
12154,78624282,78624782,500,0,100.0,0.0
12155,78624782,78625282,500,0,100.0,0.0
12156,78625282,78625782,500,0,100.0,0.0
12157,78625782,78626282,500,0,100.0,0.0
12158,78626282,78626782,500,0,100.0,0.0
12159,78626782,78627282,500,0,100.0,0.0
12160,78627282,78627782,500,0,100.0,0.0
12161,78627782,78628282,500,0,100.0,0.0
12162,78628282,78628782,500,0,100.0,0.0
12163,78628782,78629282,500,0,100.0,0.0
12164,78629282,78629782,500,0,100.0,0.0
12165,78629782,78630282,500,0,100.0,0.0
12166,78630282,78630782,500,0,100.0,0.0
12167,78630782,78631282,500,0,100.0,0.0
12168,78631282,78631782,500,0,100.0,0.0
12169,78631782,78632282,500,0,100.0,0.0
12170,78632282,78632782,500,0,100.0,0.0
12171,78632782,78633282,24,476,4.8,95.2
12172,78633282,78633782,51,449,10.2,89.8
12173,78633782,78634282,5,495,1.0,99.0
12174,78634282,78634782,457,43,91.4,8.599999999999994
12175,78634782,78635282,500,0,100.0,0.0
12176,78635282,78635782,500,0,100.0,0.0
12177,78635782,78636282,500,0,100.0,0.0
12178,78636282,78636782,500,0,100.0,0.0
12179,78636782,78637282,500,0,100.0,0.0
12180,78637282,78637782,500,0,100.0,0.0
12181,78637782,78638282,500,0,100.0,0.0
12182,78638282,78638782,500,0,100.0,0.0
12183,78638782,78639282,500,0,100.0,0.0
12184,78639282,78639782,500,0,100.0,0.0
12185,78639782,78640282,500,0,100.0,0.0
12186,78640282,78640782,500,0,100.0,0.0
12187,78640782,78641282,500,0,100.0,0.0
12188,78641282,78641782,500,0,100.0,0.0
12189,78641782,78642282,500,0,100.0,0.0
12190,78642282,78642782,500,0,100.0,0.0
12191,78642782,78643282,500,0,100.0,0.0
12192,78643282,78643782,500,0,100.0,0.0
12193,78643782,78644282,500,0,100.0,0.0
12194,78644282,78644782,500,0,100.0,0.0
12195,78644782,78645282,500,0,100.0,0.0
12196,78645282,78645782,500,0,100.0,0.0
12197,78645782,78646282,500,0,100.0,0.0
12198,78646282,78646782,500,0,100.0,0.0
12199,78646782,78647282,500,0,100.0,0.0
12200,78647282,78647782,500,0,100.0,0.0
12201,78647782,78648282,500,0,100.0,0.0
12202,78648282,78648782,163,337,32.6,67.4
12203,78648782,78649282,6,494,1.2,98.8
12204,78649282,78649782,55,445,11.0,89.0
12205,78649782,78650282,448,52,89.60000000000001,10.399999999999991
12206,78650282,78650782,500,0,100.0,0.0
12207,78650782,78651282,500,0,100.0,0.0
12208,78651282,78651782,500,0,100.0,0.0
12209,78651782,78652282,500,0,100.0,0.0
12210,78652282,78652782,500,0,100.0,0.0
12211,78652782,78653282,500,0,100.0,0.0
12212,78653282,78653782,500,0,100.0,0.0
12213,78653782,78654282,500,0,100.0,0.0
12214,78654282,78654782,500,0,100.0,0.0
12215,78654782,78655282,500,0,100.0,0.0
12216,78655282,78655782,500,0,100.0,0.0
12217,78655782,78656282,500,0,100.0,0.0
12218,78656282,78656782,500,0,100.0,0.0
12219,78656782,78657282,500,0,100.0,0.0
12220,78657282,78657782,500,0,100.0,0.0
12221,78657782,78658282,500,0,100.0,0.0
12222,78658282,78658782,500,0,100.0,0.0
12223,78658782,78659282,500,0,100.0,0.0
12224,78659282,78659782,500,0,100.0,0.0
12225,78659782,78660282,500,0,100.0,0.0
12226,78660282,78660782,500,0,100.0,0.0
12227,78660782,78661282,500,0,100.0,0.0
12228,78661282,78661782,500,0,100.0,0.0
12229,78661782,78662282,500,0,100.0,0.0
12230,78662282,78662782,500,0,100.0,0.0
12231,78662782,78663282,500,0,100.0,0.0
12232,78663282,78663782,433,67,86.6,13.400000000000006
12233,78663782,78664282,8,492,1.6,98.4
12234,78664282,78664782,56,444,11.200000000000001,88.8
12235,78664782,78665282,49,451,9.8,90.2
12236,78665282,78665782,500,0,100.0,0.0
12237,78665782,78666282,500,0,100.0,0.0
12238,78666282,78666782,500,0,100.0,0.0
12239,78666782,78667282,500,0,100.0,0.0
12240,78667282,78667782,500,0,100.0,0.0
12241,78667782,78668282,500,0,100.0,0.0
12242,78668282,78668782,500,0,100.0,0.0
12243,78668782,78669282,500,0,100.0,0.0
12244,78669282,78669782,500,0,100.0,0.0
12245,78669782,78670282,500,0,100.0,0.0
12246,78670282,78670782,500,0,100.0,0.0
12247,78670782,78671282,500,0,100.0,0.0
12248,78671282,78671782,500,0,100.0,0.0
12249,78671782,78672282,500,0,100.0,0.0
12250,78672282,78672782,500,0,100.0,0.0
12251,78672782,78673282,500,0,100.0,0.0
12252,78673282,78673782,500,0,100.0,0.0
12253,78673782,78674282,500,0,100.0,0.0
12254,78674282,78674782,500,0,100.0,0.0
12255,78674782,78675282,500,0,100.0,0.0
12256,78675282,78675782,500,0,100.0,0.0
12257,78675782,78676282,500,0,100.0,0.0
12258,78676282,78676782,500,0,100.0,0.0
12259,78676782,78677282,500,0,100.0,0.0
12260,78677282,78677782,500,0,100.0,0.0
12261,78677782,78678282,500,0,100.0,0.0
12262,78678282,78678782,500,0,100.0,0.0
12263,78678782,78679282,500,0,100.0,0.0
12264,78679282,78679782,162,338,32.4,67.6
12265,78679782,78680282,28,472,5.6000000000000005,94.4
12266,78680282,78680782,37,463,7.3999999999999995,92.6
12267,78680782,78681282,500,0,100.0,0.0
12268,78681282,78681782,500,0,100.0,0.0
12269,78681782,78682282,500,0,100.0,0.0
12270,78682282,78682782,500,0,100.0,0.0
12271,78682782,78683282,500,0,100.0,0.0
12272,78683282,78683782,500,0,100.0,0.0
12273,78683782,78684282,500,0,100.0,0.0
12274,78684282,78684782,500,0,100.0,0.0
12275,78684782,78685282,500,0,100.0,0.0
12276,78685282,78685782,500,0,100.0,0.0
12277,78685782,78686282,500,0,100.0,0.0
12278,78686282,78686782,500,0,100.0,0.0
12279,78686782,78687282,500,0,100.0,0.0
12280,78687282,78687782,500,0,100.0,0.0
12281,78687782,78688282,500,0,100.0,0.0
12282,78688282,78688782,500,0,100.0,0.0
12283,78688782,78689282,500,0,100.0,0.0
12284,78689282,78689782,500,0,100.0,0.0
12285,78689782,78690282,500,0,100.0,0.0
12286,78690282,78690782,500,0,100.0,0.0
12287,78690782,78691282,500,0,100.0,0.0
12288,78691282,78691782,500,0,100.0,0.0
12289,78691782,78692282,500,0,100.0,0.0
12290,78692282,78692782,500,0,100.0,0.0
12291,78692782,78693282,500,0,100.0,0.0
12292,78693282,78693782,500,0,100.0,0.0
12293,78693782,78694282,500,0,100.0,0.0
12294,78694282,78694782,432,68,86.4,13.599999999999994
12295,78694782,78695282,8,492,1.6,98.4
12296,78695282,78695782,53,447,10.6,89.4
12297,78695782,78696282,168,332,33.6,66.4
12298,78696282,78696782,500,0,100.0,0.0
12299,78696782,78697282,500,0,100.0,0.0
12300,78697282,78697782,500,0,100.0,0.0
12301,78697782,78698282,500,0,100.0,0.0
12302,78698282,78698782,500,0,100.0,0.0
12303,78698782,78699282,500,0,100.0,0.0
12304,78699282,78699782,500,0,100.0,0.0
12305,78699782,78700282,500,0,100.0,0.0
12306,78700282,78700782,500,0,100.0,0.0
12307,78700782,78701282,500,0,100.0,0.0
12308,78701282,78701782,500,0,100.0,0.0
12309,78701782,78702282,500,0,100.0,0.0
12310,78702282,78702782,500,0,100.0,0.0
12311,78702782,78703282,500,0,100.0,0.0
12312,78703282,78703782,500,0,100.0,0.0
12313,78703782,78704282,500,0,100.0,0.0
12314,78704282,78704782,500,0,100.0,0.0
12315,78704782,78705282,500,0,100.0,0.0
12316,78705282,78705782,500,0,100.0,0.0
12317,78705782,78706282,500,0,100.0,0.0
12318,78706282,78706782,500,0,100.0,0.0
12319,78706782,78707282,500,0,100.0,0.0
12320,78707282,78707782,500,0,100.0,0.0
12321,78707782,78708282,500,0,100.0,0.0
12322,78708282,78708782,500,0,100.0,0.0
12323,78708782,78709282,500,0,100.0,0.0
12324,78709282,78709782,500,0,100.0,0.0
12325,78709782,78710282,129,371,25.8,74.2
12326,78710282,78710782,54,446,10.8,89.2
12327,78710782,78711282,6,494,1.2,98.8
12328,78711282,78711782,451,49,90.2,9.799999999999997
12329,78711782,78712282,500,0,100.0,0.0
12330,78712282,78712782,500,0,100.0,0.0
12331,78712782,78713282,500,0,100.0,0.0
12332,78713282,78713782,500,0,100.0,0.0
12333,78713782,78714282,500,0,100.0,0.0
12334,78714282,78714782,500,0,100.0,0.0
12335,78714782,78715282,500,0,100.0,0.0
12336,78715282,78715782,500,0,100.0,0.0
12337,78715782,78716282,500,0,100.0,0.0
12338,78716282,78716782,500,0,100.0,0.0
12339,78716782,78717282,500,0,100.0,0.0
12340,78717282,78717782,500,0,100.0,0.0
12341,78717782,78718282,500,0,100.0,0.0
12342,78718282,78718782,500,0,100.0,0.0
12343,78718782,78719282,500,0,100.0,0.0
12344,78719282,78719782,500,0,100.0,0.0
12345,78719782,78720282,500,0,100.0,0.0
12346,78720282,78720782,500,0,100.0,0.0
12347,78720782,78721282,500,0,100.0,0.0
12348,78721282,78721782,500,0,100.0,0.0
12349,78721782,78722282,500,0,100.0,0.0
12350,78722282,78722782,500,0,100.0,0.0
12351,78722782,78723282,500,0,100.0,0.0
12352,78723282,78723782,500,0,100.0,0.0
12353,78723782,78724282,500,0,100.0,0.0
12354,78724282,78724782,500,0,100.0,0.0
12355,78724782,78725282,205,295,41.0,59.0
12356,78725282,78725782,0,500,0.0,100.0
12357,78725782,78726282,6,494,1.2,98.8
12358,78726282,78726782,88,412,17.599999999999998,82.4
12359,78726782,78727282,5,495,1.0,99.0
12360,78727282,78727782,440,60,88.0,12.0
12361,78727782,78728282,500,0,100.0,0.0
12362,78728282,78728782,500,0,100.0,0.0
12363,78728782,78729282,500,0,100.0,0.0
12364,78729282,78729782,500,0,100.0,0.0
12365,78729782,78730282,500,0,100.0,0.0
12366,78730282,78730782,500,0,100.0,0.0
12367,78730782,78731282,500,0,100.0,0.0
12368,78731282,78731782,500,0,100.0,0.0
12369,78731782,78732282,500,0,100.0,0.0
12370,78732282,78732782,500,0,100.0,0.0
12371,78732782,78733282,500,0,100.0,0.0
12372,78733282,78733782,500,0,100.0,0.0
12373,78733782,78734282,500,0,100.0,0.0
12374,78734282,78734782,500,0,100.0,0.0
12375,78734782,78735282,500,0,100.0,0.0
12376,78735282,78735782,500,0,100.0,0.0
12377,78735782,78736282,500,0,100.0,0.0
12378,78736282,78736782,500,0,100.0,0.0
12379,78736782,78737282,500,0,100.0,0.0
12380,78737282,78737782,500,0,100.0,0.0
12381,78737782,78738282,500,0,100.0,0.0
12382,78738282,78738782,500,0,100.0,0.0
12383,78738782,78739282,500,0,100.0,0.0
12384,78739282,78739782,500,0,100.0,0.0
12385,78739782,78740282,500,0,100.0,0.0
12386,78740282,78740782,500,0,100.0,0.0
12387,78740782,78741282,500,0,100.0,0.0
12388,78741282,78741782,447,53,89.4,10.599999999999994
12389,78741782,78742282,7,493,1.4000000000000001,98.6
12390,78742282,78742782,12,488,2.4,97.6
12391,78742782,78743282,74,426,14.799999999999999,85.2
12392,78743282,78743782,366,134,73.2,26.799999999999997
12393,78743782,78744282,500,0,100.0,0.0
12394,78744282,78744782,500,0,100.0,0.0
12395,78744782,78745282,500,0,100.0,0.0
12396,78745282,78745782,500,0,100.0,0.0
12397,78745782,78746282,500,0,100.0,0.0
12398,78746282,78746782,500,0,100.0,0.0
12399,78746782,78747282,500,0,100.0,0.0
12400,78747282,78747782,500,0,100.0,0.0
12401,78747782,78748282,500,0,100.0,0.0
12402,78748282,78748782,500,0,100.0,0.0
12403,78748782,78749282,500,0,100.0,0.0
12404,78749282,78749782,500,0,100.0,0.0
12405,78749782,78750282,500,0,100.0,0.0
12406,78750282,78750782,500,0,100.0,0.0
12407,78750782,78751282,500,0,100.0,0.0
12408,78751282,78751782,500,0,100.0,0.0
12409,78751782,78752282,500,0,100.0,0.0
12410,78752282,78752782,500,0,100.0,0.0
12411,78752782,78753282,500,0,100.0,0.0
12412,78753282,78753782,500,0,100.0,0.0
12413,78753782,78754282,500,0,100.0,0.0
12414,78754282,78754782,500,0,100.0,0.0
12415,78754782,78755282,500,0,100.0,0.0
12416,78755282,78755782,500,0,100.0,0.0
12417,78755782,78756282,500,0,100.0,0.0
12418,78756282,78756782,500,0,100.0,0.0
12419,78756782,78757282,500,0,100.0,0.0
12420,78757282,78757782,404,96,80.80000000000001,19.19999999999999
12421,78757782,78758282,6,494,1.2,98.8
12422,78758282,78758782,88,412,17.599999999999998,82.4
12423,78758782,78759282,29,471,5.800000000000001,94.2
12424,78759282,78759782,394,106,78.8,21.200000000000003
12425,78759782,78760282,500,0,100.0,0.0
12426,78760282,78760782,500,0,100.0,0.0
12427,78760782,78761282,500,0,100.0,0.0
12428,78761282,78761782,500,0,100.0,0.0
12429,78761782,78762282,500,0,100.0,0.0
12430,78762282,78762782,500,0,100.0,0.0
12431,78762782,78763282,500,0,100.0,0.0
12432,78763282,78763782,500,0,100.0,0.0
12433,78763782,78764282,500,0,100.0,0.0
12434,78764282,78764782,500,0,100.0,0.0
12435,78764782,78765282,500,0,100.0,0.0
12436,78765282,78765782,500,0,100.0,0.0
12437,78765782,78766282,500,0,100.0,0.0
12438,78766282,78766782,500,0,100.0,0.0
12439,78766782,78767282,500,0,100.0,0.0
12440,78767282,78767782,500,0,100.0,0.0
12441,78767782,78768282,500,0,100.0,0.0
12442,78768282,78768782,500,0,100.0,0.0
12443,78768782,78769282,500,0,100.0,0.0
12444,78769282,78769782,500,0,100.0,0.0
12445,78769782,78770282,500,0,100.0,0.0
12446,78770282,78770782,500,0,100.0,0.0
12447,78770782,78771282,500,0,100.0,0.0
12448,78771282,78771782,500,0,100.0,0.0
12449,78771782,78772282,500,0,100.0,0.0
12450,78772282,78772782,500,0,100.0,0.0
12451,78772782,78773282,500,0,100.0,0.0
12452,78773282,78773782,500,0,100.0,0.0
12453,78773782,78774282,500,0,100.0,0.0
12454,78774282,78774782,500,0,100.0,0.0
12455,78774782,78775282,500,0,100.0,0.0
12456,78775282,78775782,500,0,100.0,0.0
12457,78775782,78776282,500,0,100.0,0.0
12458,78776282,78776782,212,288,42.4,57.6
12459,78776782,78777282,7,493,1.4000000000000001,98.6
12460,78777282,78777782,37,463,7.3999999999999995,92.6
12461,78777782,78778282,140,360,28.000000000000004,72.0
12462,78778282,78778782,5,495,1.0,99.0
12463,78778782,78779282,3,497,0.6,99.4
12464,78779282,78779782,453,47,90.60000000000001,9.399999999999991
12465,78779782,78780282,500,0,100.0,0.0
12466,78780282,78780782,500,0,100.0,0.0
12467,78780782,78781282,500,0,100.0,0.0
12468,78781282,78781782,500,0,100.0,0.0
12469,78781782,78782282,500,0,100.0,0.0
12470,78782282,78782782,500,0,100.0,0.0
12471,78782782,78783282,500,0,100.0,0.0
12472,78783282,78783782,500,0,100.0,0.0
12473,78783782,78784282,500,0,100.0,0.0
12474,78784282,78784782,500,0,100.0,0.0
12475,78784782,78785282,500,0,100.0,0.0
12476,78785282,78785782,500,0,100.0,0.0
12477,78785782,78786282,500,0,100.0,0.0
12478,78786282,78786782,500,0,100.0,0.0
12479,78786782,78787282,500,0,100.0,0.0
12480,78787282,78787782,500,0,100.0,0.0
12481,78787782,78788282,500,0,100.0,0.0
12482,78788282,78788782,500,0,100.0,0.0
12483,78788782,78789282,500,0,100.0,0.0
12484,78789282,78789782,500,0,100.0,0.0
12485,78789782,78790282,500,0,100.0,0.0
12486,78790282,78790782,500,0,100.0,0.0
12487,78790782,78791282,500,0,100.0,0.0
12488,78791282,78791782,500,0,100.0,0.0
12489,78791782,78792282,500,0,100.0,0.0
12490,78792282,78792782,500,0,100.0,0.0
12491,78792782,78793282,500,0,100.0,0.0
12492,78793282,78793782,500,0,100.0,0.0
12493,78793782,78794282,500,0,100.0,0.0
12494,78794282,78794782,500,0,100.0,0.0
12495,78794782,78795282,500,0,100.0,0.0
12496,78795282,78795782,500,0,100.0,0.0
12497,78795782,78796282,500,0,100.0,0.0
12498,78796282,78796782,500,0,100.0,0.0
12499,78796782,78797282,500,0,100.0,0.0
12500,78797282,78797782,500,0,100.0,0.0
12501,78797782,78798282,500,0,100.0,0.0
12502,78798282,78798782,500,0,100.0,0.0
12503,78798782,78799282,500,0,100.0,0.0
12504,78799282,78799782,500,0,100.0,0.0
12505,78799782,78800282,500,0,100.0,0.0
12506,78800282,78800782,500,0,100.0,0.0
12507,78800782,78801282,500,0,100.0,0.0
12508,78801282,78801782,500,0,100.0,0.0
12509,78801782,78802282,500,0,100.0,0.0
12510,78802282,78802782,500,0,100.0,0.0
12511,78802782,78803282,500,0,100.0,0.0
12512,78803282,78803782,500,0,100.0,0.0
12513,78803782,78804282,500,0,100.0,0.0
12514,78804282,78804782,500,0,100.0,0.0
12515,78804782,78805282,500,0,100.0,0.0
12516,78805282,78805782,500,0,100.0,0.0
12517,78805782,78806282,500,0,100.0,0.0
12518,78806282,78806782,500,0,100.0,0.0
12519,78806782,78807282,500,0,100.0,0.0
12520,78807282,78807782,500,0,100.0,0.0
12521,78807782,78808282,500,0,100.0,0.0
12522,78808282,78808782,500,0,100.0,0.0
12523,78808782,78809282,284,216,56.8,43.2
12524,78809282,78809782,9,491,1.7999999999999998,98.2
12525,78809782,78810282,14,486,2.8000000000000003,97.2
12526,78810282,78810782,155,345,31.0,69.0
12527,78810782,78811282,3,497,0.6,99.4
12528,78811282,78811782,3,497,0.6,99.4
12529,78811782,78812282,15,485,3.0,97.0
12530,78812282,78812782,500,0,100.0,0.0
12531,78812782,78813282,500,0,100.0,0.0
12532,78813282,78813782,500,0,100.0,0.0
12533,78813782,78814282,500,0,100.0,0.0
12534,78814282,78814782,500,0,100.0,0.0
12535,78814782,78815282,500,0,100.0,0.0
12536,78815282,78815782,500,0,100.0,0.0
12537,78815782,78816282,500,0,100.0,0.0
12538,78816282,78816782,500,0,100.0,0.0
12539,78816782,78817282,500,0,100.0,0.0
12540,78817282,78817782,500,0,100.0,0.0
12541,78817782,78818282,500,0,100.0,0.0
12542,78818282,78818782,500,0,100.0,0.0
12543,78818782,78819282,500,0,100.0,0.0
12544,78819282,78819782,500,0,100.0,0.0
12545,78819782,78820282,500,0,100.0,0.0
12546,78820282,78820782,500,0,100.0,0.0
12547,78820782,78821282,500,0,100.0,0.0
12548,78821282,78821782,500,0,100.0,0.0
12549,78821782,78822282,500,0,100.0,0.0
12550,78822282,78822782,500,0,100.0,0.0
12551,78822782,78823282,500,0,100.0,0.0
12552,78823282,78823782,500,0,100.0,0.0
12553,78823782,78824282,500,0,100.0,0.0
12554,78824282,78824782,500,0,100.0,0.0
12555,78824782,78825282,500,0,100.0,0.0
12556,78825282,78825782,500,0,100.0,0.0
12557,78825782,78826282,500,0,100.0,0.0
12558,78826282,78826782,500,0,100.0,0.0
12559,78826782,78827282,500,0,100.0,0.0
12560,78827282,78827782,500,0,100.0,0.0
12561,78827782,78828282,500,0,100.0,0.0
12562,78828282,78828782,500,0,100.0,0.0
12563,78828782,78829282,500,0,100.0,0.0
12564,78829282,78829782,500,0,100.0,0.0
12565,78829782,78830282,500,0,100.0,0.0
12566,78830282,78830782,500,0,100.0,0.0
12567,78830782,78831282,500,0,100.0,0.0
12568,78831282,78831782,500,0,100.0,0.0
12569,78831782,78832282,500,0,100.0,0.0
12570,78832282,78832782,500,0,100.0,0.0
12571,78832782,78833282,500,0,100.0,0.0
12572,78833282,78833782,17,483,3.4000000000000004,96.6
12573,78833782,78834282,92,408,18.4,81.6
12574,78834282,78834782,6,494,1.2,98.8
12575,78834782,78835282,483,17,96.6,3.4000000000000057
12576,78835282,78835782,500,0,100.0,0.0
12577,78835782,78836282,500,0,100.0,0.0
12578,78836282,78836782,500,0,100.0,0.0
12579,78836782,78837282,500,0,100.0,0.0
12580,78837282,78837782,500,0,100.0,0.0
12581,78837782,78838282,500,0,100.0,0.0
12582,78838282,78838782,500,0,100.0,0.0
12583,78838782,78839282,500,0,100.0,0.0
12584,78839282,78839782,500,0,100.0,0.0
12585,78839782,78840282,500,0,100.0,0.0
12586,78840282,78840782,500,0,100.0,0.0
12587,78840782,78841282,500,0,100.0,0.0
12588,78841282,78841782,500,0,100.0,0.0
12589,78841782,78842282,500,0,100.0,0.0
12590,78842282,78842782,500,0,100.0,0.0
12591,78842782,78843282,500,0,100.0,0.0
12592,78843282,78843782,500,0,100.0,0.0
12593,78843782,78844282,500,0,100.0,0.0
12594,78844282,78844782,500,0,100.0,0.0
12595,78844782,78845282,500,0,100.0,0.0
12596,78845282,78845782,500,0,100.0,0.0
12597,78845782,78846282,500,0,100.0,0.0
12598,78846282,78846782,500,0,100.0,0.0
12599,78846782,78847282,500,0,100.0,0.0
12600,78847282,78847782,500,0,100.0,0.0
12601,78847782,78848282,500,0,100.0,0.0
12602,78848282,78848782,500,0,100.0,0.0
12603,78848782,78849282,500,0,100.0,0.0
12604,78849282,78849782,500,0,100.0,0.0
12605,78849782,78850282,500,0,100.0,0.0
12606,78850282,78850782,500,0,100.0,0.0
12607,78850782,78851282,500,0,100.0,0.0
12608,78851282,78851782,216,284,43.2,56.8
12609,78851782,78852282,8,492,1.6,98.4
12610,78852282,78852782,65,435,13.0,87.0
12611,78852782,78853282,384,116,76.8,23.200000000000003
12612,78853282,78853782,500,0,100.0,0.0
12613,78853782,78854282,500,0,100.0,0.0
12614,78854282,78854782,500,0,100.0,0.0
12615,78854782,78855282,500,0,100.0,0.0
12616,78855282,78855782,500,0,100.0,0.0
12617,78855782,78856282,500,0,100.0,0.0
12618,78856282,78856782,500,0,100.0,0.0
12619,78856782,78857282,500,0,100.0,0.0
12620,78857282,78857782,500,0,100.0,0.0
12621,78857782,78858282,500,0,100.0,0.0
12622,78858282,78858782,500,0,100.0,0.0
12623,78858782,78859282,500,0,100.0,0.0
12624,78859282,78859782,500,0,100.0,0.0
12625,78859782,78860282,500,0,100.0,0.0
12626,78860282,78860782,500,0,100.0,0.0
12627,78860782,78861282,500,0,100.0,0.0
12628,78861282,78861782,500,0,100.0,0.0
12629,78861782,78862282,500,0,100.0,0.0
12630,78862282,78862782,500,0,100.0,0.0
12631,78862782,78863282,500,0,100.0,0.0
12632,78863282,78863782,500,0,100.0,0.0
12633,78863782,78864282,500,0,100.0,0.0
12634,78864282,78864782,500,0,100.0,0.0
12635,78864782,78865282,500,0,100.0,0.0
12636,78865282,78865782,500,0,100.0,0.0
12637,78865782,78866282,500,0,100.0,0.0
12638,78866282,78866782,500,0,100.0,0.0
12639,78866782,78867282,500,0,100.0,0.0
12640,78867282,78867782,500,0,100.0,0.0
12641,78867782,78868282,163,337,32.6,67.4
12642,78868282,78868782,8,492,1.6,98.4
12643,78868782,78869282,52,448,10.4,89.6
12644,78869282,78869782,387,113,77.4,22.599999999999994
12645,78869782,78870282,500,0,100.0,0.0
12646,78870282,78870782,500,0,100.0,0.0
12647,78870782,78871282,500,0,100.0,0.0
12648,78871282,78871782,500,0,100.0,0.0
12649,78871782,78872282,500,0,100.0,0.0
12650,78872282,78872782,500,0,100.0,0.0
12651,78872782,78873282,500,0,100.0,0.0
12652,78873282,78873782,500,0,100.0,0.0
12653,78873782,78874282,500,0,100.0,0.0
12654,78874282,78874782,500,0,100.0,0.0
12655,78874782,78875282,500,0,100.0,0.0
12656,78875282,78875782,500,0,100.0,0.0
12657,78875782,78876282,500,0,100.0,0.0
12658,78876282,78876782,500,0,100.0,0.0
12659,78876782,78877282,500,0,100.0,0.0
12660,78877282,78877782,500,0,100.0,0.0
12661,78877782,78878282,500,0,100.0,0.0
12662,78878282,78878782,500,0,100.0,0.0
12663,78878782,78879282,500,0,100.0,0.0
12664,78879282,78879782,500,0,100.0,0.0
12665,78879782,78880282,500,0,100.0,0.0
12666,78880282,78880782,500,0,100.0,0.0
12667,78880782,78881282,500,0,100.0,0.0
12668,78881282,78881782,500,0,100.0,0.0
12669,78881782,78882282,500,0,100.0,0.0
12670,78882282,78882782,500,0,100.0,0.0
12671,78882782,78883282,500,0,100.0,0.0
12672,78883282,78883782,500,0,100.0,0.0
12673,78883782,78884282,500,0,100.0,0.0
12674,78884282,78884782,148,352,29.599999999999998,70.4
12675,78884782,78885282,5,495,1.0,99.0
12676,78885282,78885782,64,436,12.8,87.2
12677,78885782,78886282,426,74,85.2,14.799999999999997
12678,78886282,78886782,500,0,100.0,0.0
12679,78886782,78887282,500,0,100.0,0.0
12680,78887282,78887782,500,0,100.0,0.0
12681,78887782,78888282,500,0,100.0,0.0
12682,78888282,78888782,500,0,100.0,0.0
12683,78888782,78889282,500,0,100.0,0.0
12684,78889282,78889782,500,0,100.0,0.0
12685,78889782,78890282,500,0,100.0,0.0
12686,78890282,78890782,500,0,100.0,0.0
12687,78890782,78891282,500,0,100.0,0.0
12688,78891282,78891782,500,0,100.0,0.0
12689,78891782,78892282,500,0,100.0,0.0
12690,78892282,78892782,500,0,100.0,0.0
12691,78892782,78893282,500,0,100.0,0.0
12692,78893282,78893782,500,0,100.0,0.0
12693,78893782,78894282,500,0,100.0,0.0
12694,78894282,78894782,500,0,100.0,0.0
12695,78894782,78895282,500,0,100.0,0.0
12696,78895282,78895782,500,0,100.0,0.0
12697,78895782,78896282,500,0,100.0,0.0
12698,78896282,78896782,500,0,100.0,0.0
12699,78896782,78897282,500,0,100.0,0.0
12700,78897282,78897782,500,0,100.0,0.0
12701,78897782,78898282,500,0,100.0,0.0
12702,78898282,78898782,500,0,100.0,0.0
12703,78898782,78899282,500,0,100.0,0.0
12704,78899282,78899782,500,0,100.0,0.0
12705,78899782,78900282,500,0,100.0,0.0
12706,78900282,78900782,500,0,100.0,0.0
12707,78900782,78901282,50,450,10.0,90.0
12708,78901282,78901782,56,444,11.200000000000001,88.8
12709,78901782,78902282,16,484,3.2,96.8
12710,78902282,78902782,409,91,81.8,18.200000000000003
12711,78902782,78903282,500,0,100.0,0.0
12712,78903282,78903782,500,0,100.0,0.0
12713,78903782,78904282,500,0,100.0,0.0
12714,78904282,78904782,500,0,100.0,0.0
12715,78904782,78905282,500,0,100.0,0.0
12716,78905282,78905782,500,0,100.0,0.0
12717,78905782,78906282,500,0,100.0,0.0
12718,78906282,78906782,500,0,100.0,0.0
12719,78906782,78907282,500,0,100.0,0.0
12720,78907282,78907782,500,0,100.0,0.0
12721,78907782,78908282,500,0,100.0,0.0
12722,78908282,78908782,500,0,100.0,0.0
12723,78908782,78909282,500,0,100.0,0.0
12724,78909282,78909782,500,0,100.0,0.0
12725,78909782,78910282,500,0,100.0,0.0
12726,78910282,78910782,500,0,100.0,0.0
12727,78910782,78911282,500,0,100.0,0.0
12728,78911282,78911782,500,0,100.0,0.0
12729,78911782,78912282,500,0,100.0,0.0
12730,78912282,78912782,500,0,100.0,0.0
12731,78912782,78913282,500,0,100.0,0.0
12732,78913282,78913782,500,0,100.0,0.0
12733,78913782,78914282,500,0,100.0,0.0
12734,78914282,78914782,500,0,100.0,0.0
12735,78914782,78915282,500,0,100.0,0.0
12736,78915282,78915782,500,0,100.0,0.0
12737,78915782,78916282,500,0,100.0,0.0
12738,78916282,78916782,500,0,100.0,0.0
12739,78916782,78917282,125,375,25.0,75.0
12740,78917282,78917782,8,492,1.6,98.4
12741,78917782,78918282,66,434,13.200000000000001,86.8
12742,78918282,78918782,200,300,40.0,60.0
12743,78918782,78919282,500,0,100.0,0.0
12744,78919282,78919782,500,0,100.0,0.0
12745,78919782,78920282,500,0,100.0,0.0
12746,78920282,78920782,500,0,100.0,0.0
12747,78920782,78921282,500,0,100.0,0.0
12748,78921282,78921782,500,0,100.0,0.0
12749,78921782,78922282,500,0,100.0,0.0
12750,78922282,78922782,500,0,100.0,0.0
12751,78922782,78923282,500,0,100.0,0.0
12752,78923282,78923782,500,0,100.0,0.0
12753,78923782,78924282,500,0,100.0,0.0
12754,78924282,78924782,500,0,100.0,0.0
12755,78924782,78925282,500,0,100.0,0.0
12756,78925282,78925782,500,0,100.0,0.0
12757,78925782,78926282,500,0,100.0,0.0
12758,78926282,78926782,500,0,100.0,0.0
12759,78926782,78927282,500,0,100.0,0.0
12760,78927282,78927782,500,0,100.0,0.0
12761,78927782,78928282,500,0,100.0,0.0
12762,78928282,78928782,500,0,100.0,0.0
12763,78928782,78929282,500,0,100.0,0.0
12764,78929282,78929782,500,0,100.0,0.0
12765,78929782,78930282,500,0,100.0,0.0
12766,78930282,78930782,500,0,100.0,0.0
12767,78930782,78931282,500,0,100.0,0.0
12768,78931282,78931782,500,0,100.0,0.0
12769,78931782,78932282,500,0,100.0,0.0
12770,78932282,78932782,500,0,100.0,0.0
12771,78932782,78933282,500,0,100.0,0.0
12772,78933282,78933782,219,281,43.8,56.2
12773,78933782,78934282,6,494,1.2,98.8
12774,78934282,78934782,75,425,15.0,85.0
12775,78934782,78935282,432,68,86.4,13.599999999999994
12776,78935282,78935782,500,0,100.0,0.0
12777,78935782,78936282,500,0,100.0,0.0
12778,78936282,78936782,500,0,100.0,0.0
12779,78936782,78937282,500,0,100.0,0.0
12780,78937282,78937782,500,0,100.0,0.0
12781,78937782,78938282,500,0,100.0,0.0
12782,78938282,78938782,500,0,100.0,0.0
12783,78938782,78939282,500,0,100.0,0.0
12784,78939282,78939782,500,0,100.0,0.0
12785,78939782,78940282,500,0,100.0,0.0
12786,78940282,78940782,500,0,100.0,0.0
12787,78940782,78941282,500,0,100.0,0.0
12788,78941282,78941782,500,0,100.0,0.0
12789,78941782,78942282,500,0,100.0,0.0
12790,78942282,78942782,500,0,100.0,0.0
12791,78942782,78943282,500,0,100.0,0.0
12792,78943282,78943782,500,0,100.0,0.0
12793,78943782,78944282,500,0,100.0,0.0
12794,78944282,78944782,500,0,100.0,0.0
12795,78944782,78945282,500,0,100.0,0.0
12796,78945282,78945782,500,0,100.0,0.0
12797,78945782,78946282,500,0,100.0,0.0
12798,78946282,78946782,500,0,100.0,0.0
12799,78946782,78947282,500,0,100.0,0.0
12800,78947282,78947782,500,0,100.0,0.0
12801,78947782,78948282,500,0,100.0,0.0
12802,78948282,78948782,500,0,100.0,0.0
12803,78948782,78949282,500,0,100.0,0.0
12804,78949282,78949782,20,480,4.0,96.0
12805,78949782,78950282,52,448,10.4,89.6
12806,78950282,78950782,134,366,26.8,73.2
12807,78950782,78951282,500,0,100.0,0.0
12808,78951282,78951782,500,0,100.0,0.0
12809,78951782,78952282,500,0,100.0,0.0
12810,78952282,78952782,500,0,100.0,0.0
12811,78952782,78953282,500,0,100.0,0.0
12812,78953282,78953782,500,0,100.0,0.0
12813,78953782,78954282,500,0,100.0,0.0
12814,78954282,78954782,500,0,100.0,0.0
12815,78954782,78955282,500,0,100.0,0.0
12816,78955282,78955782,500,0,100.0,0.0
12817,78955782,78956282,500,0,100.0,0.0
12818,78956282,78956782,500,0,100.0,0.0
12819,78956782,78957282,500,0,100.0,0.0
12820,78957282,78957782,500,0,100.0,0.0
12821,78957782,78958282,500,0,100.0,0.0
12822,78958282,78958782,500,0,100.0,0.0
12823,78958782,78959282,500,0,100.0,0.0
12824,78959282,78959782,500,0,100.0,0.0
12825,78959782,78960282,500,0,100.0,0.0
12826,78960282,78960782,500,0,100.0,0.0
12827,78960782,78961282,500,0,100.0,0.0
12828,78961282,78961782,500,0,100.0,0.0
12829,78961782,78962282,500,0,100.0,0.0
12830,78962282,78962782,500,0,100.0,0.0
12831,78962782,78963282,500,0,100.0,0.0
12832,78963282,78963782,500,0,100.0,0.0
12833,78963782,78964282,500,0,100.0,0.0
12834,78964282,78964782,175,325,35.0,65.0
12835,78964782,78965282,37,463,7.3999999999999995,92.6
12836,78965282,78965782,47,453,9.4,90.6
12837,78965782,78966282,500,0,100.0,0.0
12838,78966282,78966782,500,0,100.0,0.0
12839,78966782,78967282,500,0,100.0,0.0
12840,78967282,78967782,500,0,100.0,0.0
12841,78967782,78968282,500,0,100.0,0.0
12842,78968282,78968782,500,0,100.0,0.0
12843,78968782,78969282,500,0,100.0,0.0
12844,78969282,78969782,500,0,100.0,0.0
12845,78969782,78970282,500,0,100.0,0.0
12846,78970282,78970782,500,0,100.0,0.0
12847,78970782,78971282,500,0,100.0,0.0
12848,78971282,78971782,500,0,100.0,0.0
12849,78971782,78972282,500,0,100.0,0.0
12850,78972282,78972782,500,0,100.0,0.0
12851,78972782,78973282,500,0,100.0,0.0
12852,78973282,78973782,500,0,100.0,0.0
12853,78973782,78974282,500,0,100.0,0.0
12854,78974282,78974782,500,0,100.0,0.0
12855,78974782,78975282,500,0,100.0,0.0
12856,78975282,78975782,500,0,100.0,0.0
12857,78975782,78976282,500,0,100.0,0.0
12858,78976282,78976782,500,0,100.0,0.0
12859,78976782,78977282,500,0,100.0,0.0
12860,78977282,78977782,500,0,100.0,0.0
12861,78977782,78978282,500,0,100.0,0.0
12862,78978282,78978782,500,0,100.0,0.0
12863,78978782,78979282,500,0,100.0,0.0
12864,78979282,78979782,474,26,94.8,5.200000000000003
12865,78979782,78980282,7,493,1.4000000000000001,98.6
12866,78980282,78980782,50,450,10.0,90.0
12867,78980782,78981282,114,386,22.8,77.2
12868,78981282,78981782,500,0,100.0,0.0
12869,78981782,78982282,500,0,100.0,0.0
12870,78982282,78982782,500,0,100.0,0.0
12871,78982782,78983282,500,0,100.0,0.0
12872,78983282,78983782,500,0,100.0,0.0
12873,78983782,78984282,500,0,100.0,0.0
12874,78984282,78984782,500,0,100.0,0.0
12875,78984782,78985282,500,0,100.0,0.0
12876,78985282,78985782,500,0,100.0,0.0
12877,78985782,78986282,500,0,100.0,0.0
12878,78986282,78986782,500,0,100.0,0.0
12879,78986782,78987282,500,0,100.0,0.0
12880,78987282,78987782,500,0,100.0,0.0
12881,78987782,78988282,500,0,100.0,0.0
12882,78988282,78988782,500,0,100.0,0.0
12883,78988782,78989282,500,0,100.0,0.0
12884,78989282,78989782,500,0,100.0,0.0
12885,78989782,78990282,500,0,100.0,0.0
12886,78990282,78990782,500,0,100.0,0.0
12887,78990782,78991282,500,0,100.0,0.0
12888,78991282,78991782,500,0,100.0,0.0
12889,78991782,78992282,500,0,100.0,0.0
12890,78992282,78992782,500,0,100.0,0.0
12891,78992782,78993282,500,0,100.0,0.0
12892,78993282,78993782,500,0,100.0,0.0
12893,78993782,78994282,500,0,100.0,0.0
12894,78994282,78994782,500,0,100.0,0.0
12895,78994782,78995282,500,0,100.0,0.0
12896,78995282,78995782,166,334,33.2,66.8
12897,78995782,78996282,30,470,6.0,94.0
12898,78996282,78996782,54,446,10.8,89.2
12899,78996782,78997282,471,29,94.19999999999999,5.800000000000011
12900,78997282,78997782,500,0,100.0,0.0
12901,78997782,78998282,500,0,100.0,0.0
12902,78998282,78998782,500,0,100.0,0.0
12903,78998782,78999282,500,0,100.0,0.0
12904,78999282,78999782,500,0,100.0,0.0
12905,78999782,79000282,500,0,100.0,0.0
12906,79000282,79000782,500,0,100.0,0.0
12907,79000782,79001282,500,0,100.0,0.0
12908,79001282,79001782,500,0,100.0,0.0
12909,79001782,79002282,500,0,100.0,0.0
12910,79002282,79002782,500,0,100.0,0.0
12911,79002782,79003282,500,0,100.0,0.0
12912,79003282,79003782,500,0,100.0,0.0
12913,79003782,79004282,500,0,100.0,0.0
12914,79004282,79004782,500,0,100.0,0.0
12915,79004782,79005282,500,0,100.0,0.0
12916,79005282,79005782,500,0,100.0,0.0
12917,79005782,79006282,500,0,100.0,0.0
12918,79006282,79006782,500,0,100.0,0.0
12919,79006782,79007282,500,0,100.0,0.0
12920,79007282,79007782,500,0,100.0,0.0
12921,79007782,79008282,500,0,100.0,0.0
12922,79008282,79008782,500,0,100.0,0.0
12923,79008782,79009282,500,0,100.0,0.0
12924,79009282,79009782,500,0,100.0,0.0
12925,79009782,79010282,500,0,100.0,0.0
12926,79010282,79010782,500,0,100.0,0.0
12927,79010782,79011282,369,131,73.8,26.200000000000003
12928,79011282,79011782,9,491,1.7999999999999998,98.2
12929,79011782,79012282,65,435,13.0,87.0
12930,79012282,79012782,316,184,63.2,36.8
12931,79012782,79013282,500,0,100.0,0.0
12932,79013282,79013782,500,0,100.0,0.0
12933,79013782,79014282,500,0,100.0,0.0
12934,79014282,79014782,500,0,100.0,0.0
12935,79014782,79015282,500,0,100.0,0.0
12936,79015282,79015782,500,0,100.0,0.0
12937,79015782,79016282,500,0,100.0,0.0
12938,79016282,79016782,500,0,100.0,0.0
12939,79016782,79017282,500,0,100.0,0.0
12940,79017282,79017782,500,0,100.0,0.0
12941,79017782,79018282,500,0,100.0,0.0
12942,79018282,79018782,500,0,100.0,0.0
12943,79018782,79019282,500,0,100.0,0.0
12944,79019282,79019782,500,0,100.0,0.0
12945,79019782,79020282,500,0,100.0,0.0
12946,79020282,79020782,500,0,100.0,0.0
12947,79020782,79021282,500,0,100.0,0.0
12948,79021282,79021782,500,0,100.0,0.0
12949,79021782,79022282,500,0,100.0,0.0
12950,79022282,79022782,500,0,100.0,0.0
12951,79022782,79023282,500,0,100.0,0.0
12952,79023282,79023782,500,0,100.0,0.0
12953,79023782,79024282,500,0,100.0,0.0
12954,79024282,79024782,500,0,100.0,0.0
12955,79024782,79025282,500,0,100.0,0.0
12956,79025282,79025782,500,0,100.0,0.0
12957,79025782,79026282,457,43,91.4,8.599999999999994
12958,79026282,79026782,8,492,1.6,98.4
12959,79026782,79027282,47,453,9.4,90.6
12960,79027282,79027782,229,271,45.800000000000004,54.199999999999996
12961,79027782,79028282,500,0,100.0,0.0
12962,79028282,79028782,500,0,100.0,0.0
12963,79028782,79029282,500,0,100.0,0.0
12964,79029282,79029782,500,0,100.0,0.0
12965,79029782,79030282,500,0,100.0,0.0
12966,79030282,79030782,500,0,100.0,0.0
12967,79030782,79031282,500,0,100.0,0.0
12968,79031282,79031782,500,0,100.0,0.0
12969,79031782,79032282,500,0,100.0,0.0
12970,79032282,79032782,500,0,100.0,0.0
12971,79032782,79033282,500,0,100.0,0.0
12972,79033282,79033782,500,0,100.0,0.0
12973,79033782,79034282,500,0,100.0,0.0
12974,79034282,79034782,500,0,100.0,0.0
12975,79034782,79035282,500,0,100.0,0.0
12976,79035282,79035782,500,0,100.0,0.0
12977,79035782,79036282,500,0,100.0,0.0
12978,79036282,79036782,500,0,100.0,0.0
12979,79036782,79037282,500,0,100.0,0.0
12980,79037282,79037782,500,0,100.0,0.0
12981,79037782,79038282,500,0,100.0,0.0
12982,79038282,79038782,500,0,100.0,0.0
12983,79038782,79039282,500,0,100.0,0.0
12984,79039282,79039782,500,0,100.0,0.0
12985,79039782,79040282,500,0,100.0,0.0
12986,79040282,79040782,500,0,100.0,0.0
12987,79040782,79041282,500,0,100.0,0.0
12988,79041282,79041782,226,274,45.2,54.8
12989,79041782,79042282,6,494,1.2,98.8
12990,79042282,79042782,54,446,10.8,89.2
12991,79042782,79043282,481,19,96.2,3.799999999999997
12992,79043282,79043782,500,0,100.0,0.0
12993,79043782,79044282,500,0,100.0,0.0
12994,79044282,79044782,500,0,100.0,0.0
12995,79044782,79045282,500,0,100.0,0.0
12996,79045282,79045782,500,0,100.0,0.0
12997,79045782,79046282,500,0,100.0,0.0
12998,79046282,79046782,500,0,100.0,0.0
12999,79046782,79047282,500,0,100.0,0.0
13000,79047282,79047782,500,0,100.0,0.0
13001,79047782,79048282,500,0,100.0,0.0
13002,79048282,79048782,500,0,100.0,0.0
13003,79048782,79049282,500,0,100.0,0.0
13004,79049282,79049782,500,0,100.0,0.0
13005,79049782,79050282,500,0,100.0,0.0
13006,79050282,79050782,500,0,100.0,0.0
13007,79050782,79051282,500,0,100.0,0.0
13008,79051282,79051782,500,0,100.0,0.0
13009,79051782,79052282,500,0,100.0,0.0
13010,79052282,79052782,500,0,100.0,0.0
13011,79052782,79053282,500,0,100.0,0.0
13012,79053282,79053782,500,0,100.0,0.0
13013,79053782,79054282,500,0,100.0,0.0
13014,79054282,79054782,500,0,100.0,0.0
13015,79054782,79055282,500,0,100.0,0.0
13016,79055282,79055782,500,0,100.0,0.0
13017,79055782,79056282,500,0,100.0,0.0
13018,79056282,79056782,161,339,32.2,67.8
13019,79056782,79057282,10,490,2.0,98.0
13020,79057282,79057782,57,443,11.4,88.6
13021,79057782,79058282,490,10,98.0,2.0
13022,79058282,79058782,500,0,100.0,0.0
13023,79058782,79059282,500,0,100.0,0.0
13024,79059282,79059782,500,0,100.0,0.0
13025,79059782,79060282,500,0,100.0,0.0
13026,79060282,79060782,500,0,100.0,0.0
13027,79060782,79061282,500,0,100.0,0.0
13028,79061282,79061782,500,0,100.0,0.0
13029,79061782,79062282,500,0,100.0,0.0
13030,79062282,79062782,500,0,100.0,0.0
13031,79062782,79063282,500,0,100.0,0.0
13032,79063282,79063782,500,0,100.0,0.0
13033,79063782,79064282,500,0,100.0,0.0
13034,79064282,79064782,500,0,100.0,0.0
13035,79064782,79065282,500,0,100.0,0.0
13036,79065282,79065782,500,0,100.0,0.0
13037,79065782,79066282,500,0,100.0,0.0
13038,79066282,79066782,500,0,100.0,0.0
13039,79066782,79067282,500,0,100.0,0.0
13040,79067282,79067782,500,0,100.0,0.0
13041,79067782,79068282,500,0,100.0,0.0
13042,79068282,79068782,500,0,100.0,0.0
13043,79068782,79069282,500,0,100.0,0.0
13044,79069282,79069782,500,0,100.0,0.0
13045,79069782,79070282,500,0,100.0,0.0
13046,79070282,79070782,500,0,100.0,0.0
13047,79070782,79071282,500,0,100.0,0.0
13048,79071282,79071782,82,418,16.400000000000002,83.6
13049,79071782,79072282,59,441,11.799999999999999,88.2
13050,79072282,79072782,73,427,14.6,85.4
13051,79072782,79073282,500,0,100.0,0.0
13052,79073282,79073782,500,0,100.0,0.0
13053,79073782,79074282,500,0,100.0,0.0
13054,79074282,79074782,500,0,100.0,0.0
13055,79074782,79075282,500,0,100.0,0.0
13056,79075282,79075782,500,0,100.0,0.0
13057,79075782,79076282,500,0,100.0,0.0
13058,79076282,79076782,500,0,100.0,0.0
13059,79076782,79077282,500,0,100.0,0.0
13060,79077282,79077782,500,0,100.0,0.0
13061,79077782,79078282,500,0,100.0,0.0
13062,79078282,79078782,500,0,100.0,0.0
13063,79078782,79079282,500,0,100.0,0.0
13064,79079282,79079782,500,0,100.0,0.0
13065,79079782,79080282,500,0,100.0,0.0
13066,79080282,79080782,500,0,100.0,0.0
13067,79080782,79081282,500,0,100.0,0.0
13068,79081282,79081782,500,0,100.0,0.0
13069,79081782,79082282,500,0,100.0,0.0
13070,79082282,79082782,500,0,100.0,0.0
13071,79082782,79083282,500,0,100.0,0.0
13072,79083282,79083782,500,0,100.0,0.0
13073,79083782,79084282,500,0,100.0,0.0
13074,79084282,79084782,500,0,100.0,0.0
13075,79084782,79085282,500,0,100.0,0.0
13076,79085282,79085782,500,0,100.0,0.0
13077,79085782,79086282,500,0,100.0,0.0
13078,79086282,79086782,23,477,4.6,95.4
13079,79086782,79087282,52,448,10.4,89.6
13080,79087282,79087782,220,280,44.0,56.0
13081,79087782,79088282,500,0,100.0,0.0
13082,79088282,79088782,500,0,100.0,0.0
13083,79088782,79089282,500,0,100.0,0.0
13084,79089282,79089782,500,0,100.0,0.0
13085,79089782,79090282,500,0,100.0,0.0
13086,79090282,79090782,500,0,100.0,0.0
13087,79090782,79091282,500,0,100.0,0.0
13088,79091282,79091782,500,0,100.0,0.0
13089,79091782,79092282,500,0,100.0,0.0
13090,79092282,79092782,500,0,100.0,0.0
13091,79092782,79093282,500,0,100.0,0.0
13092,79093282,79093782,500,0,100.0,0.0
13093,79093782,79094282,500,0,100.0,0.0
13094,79094282,79094782,500,0,100.0,0.0
13095,79094782,79095282,500,0,100.0,0.0
13096,79095282,79095782,500,0,100.0,0.0
13097,79095782,79096282,500,0,100.0,0.0
13098,79096282,79096782,500,0,100.0,0.0
13099,79096782,79097282,500,0,100.0,0.0
13100,79097282,79097782,500,0,100.0,0.0
13101,79097782,79098282,500,0,100.0,0.0
13102,79098282,79098782,500,0,100.0,0.0
13103,79098782,79099282,500,0,100.0,0.0
13104,79099282,79099782,500,0,100.0,0.0
13105,79099782,79100282,500,0,100.0,0.0
13106,79100282,79100782,500,0,100.0,0.0
13107,79100782,79101282,385,115,77.0,23.0
13108,79101282,79101782,8,492,1.6,98.4
13109,79101782,79102282,51,449,10.2,89.8
13110,79102282,79102782,344,156,68.8,31.200000000000003
13111,79102782,79103282,500,0,100.0,0.0
13112,79103282,79103782,500,0,100.0,0.0
13113,79103782,79104282,500,0,100.0,0.0
13114,79104282,79104782,500,0,100.0,0.0
13115,79104782,79105282,500,0,100.0,0.0
13116,79105282,79105782,500,0,100.0,0.0
13117,79105782,79106282,500,0,100.0,0.0
13118,79106282,79106782,500,0,100.0,0.0
13119,79106782,79107282,500,0,100.0,0.0
13120,79107282,79107782,500,0,100.0,0.0
13121,79107782,79108282,500,0,100.0,0.0
13122,79108282,79108782,500,0,100.0,0.0
13123,79108782,79109282,500,0,100.0,0.0
13124,79109282,79109782,500,0,100.0,0.0
13125,79109782,79110282,500,0,100.0,0.0
13126,79110282,79110782,500,0,100.0,0.0
13127,79110782,79111282,500,0,100.0,0.0
13128,79111282,79111782,500,0,100.0,0.0
13129,79111782,79112282,500,0,100.0,0.0
13130,79112282,79112782,500,0,100.0,0.0
13131,79112782,79113282,500,0,100.0,0.0
13132,79113282,79113782,500,0,100.0,0.0
13133,79113782,79114282,500,0,100.0,0.0
13134,79114282,79114782,500,0,100.0,0.0
13135,79114782,79115282,500,0,100.0,0.0
13136,79115282,79115782,500,0,100.0,0.0
13137,79115782,79116282,500,0,100.0,0.0
13138,79116282,79116782,38,462,7.6,92.4
13139,79116782,79117282,48,452,9.6,90.4
13140,79117282,79117782,174,326,34.8,65.2
13141,79117782,79118282,500,0,100.0,0.0
13142,79118282,79118782,500,0,100.0,0.0
13143,79118782,79119282,500,0,100.0,0.0
13144,79119282,79119782,500,0,100.0,0.0
13145,79119782,79120282,500,0,100.0,0.0
13146,79120282,79120782,500,0,100.0,0.0
13147,79120782,79121282,500,0,100.0,0.0
13148,79121282,79121782,500,0,100.0,0.0
13149,79121782,79122282,500,0,100.0,0.0
13150,79122282,79122782,500,0,100.0,0.0
13151,79122782,79123282,500,0,100.0,0.0
13152,79123282,79123782,500,0,100.0,0.0
13153,79123782,79124282,500,0,100.0,0.0
13154,79124282,79124782,500,0,100.0,0.0
13155,79124782,79125282,500,0,100.0,0.0
13156,79125282,79125782,500,0,100.0,0.0
13157,79125782,79126282,500,0,100.0,0.0
13158,79126282,79126782,500,0,100.0,0.0
13159,79126782,79127282,500,0,100.0,0.0
13160,79127282,79127782,500,0,100.0,0.0
13161,79127782,79128282,500,0,100.0,0.0
13162,79128282,79128782,500,0,100.0,0.0
13163,79128782,79129282,500,0,100.0,0.0
13164,79129282,79129782,500,0,100.0,0.0
13165,79129782,79130282,500,0,100.0,0.0
13166,79130282,79130782,500,0,100.0,0.0
13167,79130782,79131282,440,60,88.0,12.0
13168,79131282,79131782,8,492,1.6,98.4
13169,79131782,79132282,49,451,9.8,90.2
13170,79132282,79132782,298,202,59.599999999999994,40.400000000000006
13171,79132782,79133282,500,0,100.0,0.0
13172,79133282,79133782,500,0,100.0,0.0
13173,79133782,79134282,500,0,100.0,0.0
13174,79134282,79134782,500,0,100.0,0.0
13175,79134782,79135282,500,0,100.0,0.0
13176,79135282,79135782,500,0,100.0,0.0
13177,79135782,79136282,500,0,100.0,0.0
13178,79136282,79136782,500,0,100.0,0.0
13179,79136782,79137282,500,0,100.0,0.0
13180,79137282,79137782,500,0,100.0,0.0
13181,79137782,79138282,500,0,100.0,0.0
13182,79138282,79138782,500,0,100.0,0.0
13183,79138782,79139282,500,0,100.0,0.0
13184,79139282,79139782,500,0,100.0,0.0
13185,79139782,79140282,500,0,100.0,0.0
13186,79140282,79140782,500,0,100.0,0.0
13187,79140782,79141282,500,0,100.0,0.0
13188,79141282,79141782,500,0,100.0,0.0
13189,79141782,79142282,500,0,100.0,0.0
13190,79142282,79142782,500,0,100.0,0.0
13191,79142782,79143282,500,0,100.0,0.0
13192,79143282,79143782,500,0,100.0,0.0
13193,79143782,79144282,500,0,100.0,0.0
13194,79144282,79144782,500,0,100.0,0.0
13195,79144782,79145282,500,0,100.0,0.0
13196,79145282,79145782,500,0,100.0,0.0
13197,79145782,79146282,438,62,87.6,12.400000000000006
13198,79146282,79146782,8,492,1.6,98.4
13199,79146782,79147282,53,447,10.6,89.4
13200,79147282,79147782,257,243,51.4,48.6
13201,79147782,79148282,500,0,100.0,0.0
13202,79148282,79148782,500,0,100.0,0.0
13203,79148782,79149282,500,0,100.0,0.0
13204,79149282,79149782,500,0,100.0,0.0
13205,79149782,79150282,500,0,100.0,0.0
13206,79150282,79150782,500,0,100.0,0.0
13207,79150782,79151282,500,0,100.0,0.0
13208,79151282,79151782,500,0,100.0,0.0
13209,79151782,79152282,500,0,100.0,0.0
13210,79152282,79152782,500,0,100.0,0.0
13211,79152782,79153282,500,0,100.0,0.0
13212,79153282,79153782,500,0,100.0,0.0
13213,79153782,79154282,500,0,100.0,0.0
13214,79154282,79154782,500,0,100.0,0.0
13215,79154782,79155282,500,0,100.0,0.0
13216,79155282,79155782,500,0,100.0,0.0
13217,79155782,79156282,500,0,100.0,0.0
13218,79156282,79156782,500,0,100.0,0.0
13219,79156782,79157282,500,0,100.0,0.0
13220,79157282,79157782,500,0,100.0,0.0
13221,79157782,79158282,500,0,100.0,0.0
13222,79158282,79158782,500,0,100.0,0.0
13223,79158782,79159282,500,0,100.0,0.0
13224,79159282,79159782,500,0,100.0,0.0
13225,79159782,79160282,500,0,100.0,0.0
13226,79160282,79160782,500,0,100.0,0.0
13227,79160782,79161282,394,106,78.8,21.200000000000003
13228,79161282,79161782,8,492,1.6,98.4
13229,79161782,79162282,62,438,12.4,87.6
13230,79162282,79162782,301,199,60.199999999999996,39.800000000000004
13231,79162782,79163282,500,0,100.0,0.0
13232,79163282,79163782,500,0,100.0,0.0
13233,79163782,79164282,500,0,100.0,0.0
13234,79164282,79164782,500,0,100.0,0.0
13235,79164782,79165282,500,0,100.0,0.0
13236,79165282,79165782,500,0,100.0,0.0
13237,79165782,79166282,500,0,100.0,0.0
13238,79166282,79166782,500,0,100.0,0.0
13239,79166782,79167282,500,0,100.0,0.0
13240,79167282,79167782,500,0,100.0,0.0
13241,79167782,79168282,500,0,100.0,0.0
13242,79168282,79168782,500,0,100.0,0.0
13243,79168782,79169282,500,0,100.0,0.0
13244,79169282,79169782,500,0,100.0,0.0
13245,79169782,79170282,500,0,100.0,0.0
13246,79170282,79170782,500,0,100.0,0.0
13247,79170782,79171282,500,0,100.0,0.0
13248,79171282,79171782,500,0,100.0,0.0
13249,79171782,79172282,500,0,100.0,0.0
13250,79172282,79172782,500,0,100.0,0.0
13251,79172782,79173282,500,0,100.0,0.0
13252,79173282,79173782,500,0,100.0,0.0
13253,79173782,79174282,500,0,100.0,0.0
13254,79174282,79174782,500,0,100.0,0.0
13255,79174782,79175282,500,0,100.0,0.0
13256,79175282,79175782,500,0,100.0,0.0
13257,79175782,79176282,500,0,100.0,0.0
13258,79176282,79176782,480,20,96.0,4.0
13259,79176782,79177282,6,494,1.2,98.8
13260,79177282,79177782,63,437,12.6,87.4
13261,79177782,79178282,93,407,18.6,81.4
13262,79178282,79178782,500,0,100.0,0.0
13263,79178782,79179282,500,0,100.0,0.0
13264,79179282,79179782,500,0,100.0,0.0
13265,79179782,79180282,500,0,100.0,0.0
13266,79180282,79180782,500,0,100.0,0.0
13267,79180782,79181282,500,0,100.0,0.0
13268,79181282,79181782,500,0,100.0,0.0
13269,79181782,79182282,500,0,100.0,0.0
13270,79182282,79182782,500,0,100.0,0.0
13271,79182782,79183282,500,0,100.0,0.0
13272,79183282,79183782,500,0,100.0,0.0
13273,79183782,79184282,500,0,100.0,0.0
13274,79184282,79184782,500,0,100.0,0.0
13275,79184782,79185282,500,0,100.0,0.0
13276,79185282,79185782,500,0,100.0,0.0
13277,79185782,79186282,500,0,100.0,0.0
13278,79186282,79186782,500,0,100.0,0.0
13279,79186782,79187282,500,0,100.0,0.0
13280,79187282,79187782,500,0,100.0,0.0
13281,79187782,79188282,500,0,100.0,0.0
13282,79188282,79188782,500,0,100.0,0.0
13283,79188782,79189282,500,0,100.0,0.0
13284,79189282,79189782,500,0,100.0,0.0
13285,79189782,79190282,500,0,100.0,0.0
13286,79190282,79190782,500,0,100.0,0.0
13287,79190782,79191282,500,0,100.0,0.0
13288,79191282,79191782,500,0,100.0,0.0
13289,79191782,79192282,322,178,64.4,35.599999999999994
13290,79192282,79192782,8,492,1.6,98.4
13291,79192782,79193282,76,424,15.2,84.8
13292,79193282,79193782,346,154,69.19999999999999,30.80000000000001
13293,79193782,79194282,500,0,100.0,0.0
13294,79194282,79194782,500,0,100.0,0.0
13295,79194782,79195282,500,0,100.0,0.0
13296,79195282,79195782,500,0,100.0,0.0
13297,79195782,79196282,500,0,100.0,0.0
13298,79196282,79196782,500,0,100.0,0.0
13299,79196782,79197282,500,0,100.0,0.0
13300,79197282,79197782,500,0,100.0,0.0
13301,79197782,79198282,500,0,100.0,0.0
13302,79198282,79198782,500,0,100.0,0.0
13303,79198782,79199282,500,0,100.0,0.0
13304,79199282,79199782,500,0,100.0,0.0
13305,79199782,79200282,500,0,100.0,0.0
13306,79200282,79200782,500,0,100.0,0.0
13307,79200782,79201282,500,0,100.0,0.0
13308,79201282,79201782,500,0,100.0,0.0
13309,79201782,79202282,500,0,100.0,0.0
13310,79202282,79202782,500,0,100.0,0.0
13311,79202782,79203282,500,0,100.0,0.0
13312,79203282,79203782,500,0,100.0,0.0
13313,79203782,79204282,500,0,100.0,0.0
13314,79204282,79204782,500,0,100.0,0.0
13315,79204782,79205282,500,0,100.0,0.0
13316,79205282,79205782,500,0,100.0,0.0
13317,79205782,79206282,500,0,100.0,0.0
13318,79206282,79206782,500,0,100.0,0.0
13319,79206782,79207282,442,58,88.4,11.599999999999994
13320,79207282,79207782,8,492,1.6,98.4
13321,79207782,79208282,43,457,8.6,91.4
13322,79208282,79208782,272,228,54.400000000000006,45.599999999999994
13323,79208782,79209282,500,0,100.0,0.0
13324,79209282,79209782,500,0,100.0,0.0
13325,79209782,79210282,500,0,100.0,0.0
13326,79210282,79210782,500,0,100.0,0.0
13327,79210782,79211282,500,0,100.0,0.0
13328,79211282,79211782,500,0,100.0,0.0
13329,79211782,79212282,500,0,100.0,0.0
13330,79212282,79212782,500,0,100.0,0.0
13331,79212782,79213282,500,0,100.0,0.0
13332,79213282,79213782,500,0,100.0,0.0
13333,79213782,79214282,500,0,100.0,0.0
13334,79214282,79214782,500,0,100.0,0.0
13335,79214782,79215282,500,0,100.0,0.0
13336,79215282,79215782,500,0,100.0,0.0
13337,79215782,79216282,500,0,100.0,0.0
13338,79216282,79216782,500,0,100.0,0.0
13339,79216782,79217282,500,0,100.0,0.0
13340,79217282,79217782,500,0,100.0,0.0
13341,79217782,79218282,500,0,100.0,0.0
13342,79218282,79218782,500,0,100.0,0.0
13343,79218782,79219282,500,0,100.0,0.0
13344,79219282,79219782,500,0,100.0,0.0
13345,79219782,79220282,500,0,100.0,0.0
13346,79220282,79220782,500,0,100.0,0.0
13347,79220782,79221282,500,0,100.0,0.0
13348,79221282,79221782,500,0,100.0,0.0
13349,79221782,79222282,500,0,100.0,0.0
13350,79222282,79222782,15,485,3.0,97.0
13351,79222782,79223282,54,446,10.8,89.2
13352,79223282,79223782,81,419,16.2,83.8
13353,79223782,79224282,500,0,100.0,0.0
13354,79224282,79224782,500,0,100.0,0.0
13355,79224782,79225282,500,0,100.0,0.0
13356,79225282,79225782,500,0,100.0,0.0
13357,79225782,79226282,500,0,100.0,0.0
13358,79226282,79226782,500,0,100.0,0.0
13359,79226782,79227282,500,0,100.0,0.0
13360,79227282,79227782,500,0,100.0,0.0
13361,79227782,79228282,500,0,100.0,0.0
13362,79228282,79228782,500,0,100.0,0.0
13363,79228782,79229282,500,0,100.0,0.0
13364,79229282,79229782,500,0,100.0,0.0
13365,79229782,79230282,500,0,100.0,0.0
13366,79230282,79230782,500,0,100.0,0.0
13367,79230782,79231282,500,0,100.0,0.0
13368,79231282,79231782,500,0,100.0,0.0
13369,79231782,79232282,500,0,100.0,0.0
13370,79232282,79232782,500,0,100.0,0.0
13371,79232782,79233282,500,0,100.0,0.0
13372,79233282,79233782,500,0,100.0,0.0
13373,79233782,79234282,500,0,100.0,0.0
13374,79234282,79234782,500,0,100.0,0.0
13375,79234782,79235282,500,0,100.0,0.0
13376,79235282,79235782,500,0,100.0,0.0
13377,79235782,79236282,500,0,100.0,0.0
13378,79236282,79236782,500,0,100.0,0.0
13379,79236782,79237282,500,0,100.0,0.0
13380,79237282,79237782,500,0,100.0,0.0
13381,79237782,79238282,189,311,37.8,62.2
13382,79238282,79238782,12,488,2.4,97.6
13383,79238782,79239282,52,448,10.4,89.6
13384,79239282,79239782,403,97,80.60000000000001,19.39999999999999
13385,79239782,79240282,500,0,100.0,0.0
13386,79240282,79240782,500,0,100.0,0.0
13387,79240782,79241282,500,0,100.0,0.0
13388,79241282,79241782,500,0,100.0,0.0
13389,79241782,79242282,500,0,100.0,0.0
13390,79242282,79242782,500,0,100.0,0.0
13391,79242782,79243282,500,0,100.0,0.0
13392,79243282,79243782,500,0,100.0,0.0
13393,79243782,79244282,500,0,100.0,0.0
13394,79244282,79244782,500,0,100.0,0.0
13395,79244782,79245282,500,0,100.0,0.0
13396,79245282,79245782,500,0,100.0,0.0
13397,79245782,79246282,500,0,100.0,0.0
13398,79246282,79246782,500,0,100.0,0.0
13399,79246782,79247282,500,0,100.0,0.0
13400,79247282,79247782,500,0,100.0,0.0
13401,79247782,79248282,500,0,100.0,0.0
13402,79248282,79248782,500,0,100.0,0.0
13403,79248782,79249282,500,0,100.0,0.0
13404,79249282,79249782,500,0,100.0,0.0
13405,79249782,79250282,500,0,100.0,0.0
13406,79250282,79250782,500,0,100.0,0.0
13407,79250782,79251282,500,0,100.0,0.0
13408,79251282,79251782,500,0,100.0,0.0
13409,79251782,79252282,500,0,100.0,0.0
13410,79252282,79252782,500,0,100.0,0.0
13411,79252782,79253282,462,38,92.4,7.599999999999994
13412,79253282,79253782,8,492,1.6,98.4
13413,79253782,79254282,54,446,10.8,89.2
13414,79254282,79254782,277,223,55.400000000000006,44.599999999999994
13415,79254782,79255282,500,0,100.0,0.0
13416,79255282,79255782,500,0,100.0,0.0
13417,79255782,79256282,500,0,100.0,0.0
13418,79256282,79256782,500,0,100.0,0.0
13419,79256782,79257282,500,0,100.0,0.0
13420,79257282,79257782,500,0,100.0,0.0
13421,79257782,79258282,500,0,100.0,0.0
13422,79258282,79258782,500,0,100.0,0.0
13423,79258782,79259282,500,0,100.0,0.0
13424,79259282,79259782,500,0,100.0,0.0
13425,79259782,79260282,500,0,100.0,0.0
13426,79260282,79260782,500,0,100.0,0.0
13427,79260782,79261282,500,0,100.0,0.0
13428,79261282,79261782,500,0,100.0,0.0
13429,79261782,79262282,500,0,100.0,0.0
13430,79262282,79262782,500,0,100.0,0.0
13431,79262782,79263282,500,0,100.0,0.0
13432,79263282,79263782,500,0,100.0,0.0
13433,79263782,79264282,500,0,100.0,0.0
13434,79264282,79264782,500,0,100.0,0.0
13435,79264782,79265282,500,0,100.0,0.0
13436,79265282,79265782,500,0,100.0,0.0
13437,79265782,79266282,500,0,100.0,0.0
13438,79266282,79266782,500,0,100.0,0.0
13439,79266782,79267282,500,0,100.0,0.0
13440,79267282,79267782,500,0,100.0,0.0
13441,79267782,79268282,500,0,100.0,0.0
13442,79268282,79268782,500,0,100.0,0.0
13443,79268782,79269282,500,0,100.0,0.0
13444,79269282,79269782,298,202,59.599999999999994,40.400000000000006
13445,79269782,79270282,9,491,1.7999999999999998,98.2
13446,79270282,79270782,58,442,11.600000000000001,88.4
13447,79270782,79271282,400,100,80.0,20.0
13448,79271282,79271782,500,0,100.0,0.0
13449,79271782,79272282,500,0,100.0,0.0
13450,79272282,79272782,500,0,100.0,0.0
13451,79272782,79273282,500,0,100.0,0.0
13452,79273282,79273782,500,0,100.0,0.0
13453,79273782,79274282,500,0,100.0,0.0
13454,79274282,79274782,500,0,100.0,0.0
13455,79274782,79275282,500,0,100.0,0.0
13456,79275282,79275782,500,0,100.0,0.0
13457,79275782,79276282,500,0,100.0,0.0
13458,79276282,79276782,500,0,100.0,0.0
13459,79276782,79277282,500,0,100.0,0.0
13460,79277282,79277782,500,0,100.0,0.0
13461,79277782,79278282,500,0,100.0,0.0
13462,79278282,79278782,500,0,100.0,0.0
13463,79278782,79279282,500,0,100.0,0.0
13464,79279282,79279782,500,0,100.0,0.0
13465,79279782,79280282,500,0,100.0,0.0
13466,79280282,79280782,500,0,100.0,0.0
13467,79280782,79281282,500,0,100.0,0.0
13468,79281282,79281782,500,0,100.0,0.0
13469,79281782,79282282,500,0,100.0,0.0
13470,79282282,79282782,500,0,100.0,0.0
13471,79282782,79283282,500,0,100.0,0.0
13472,79283282,79283782,500,0,100.0,0.0
13473,79283782,79284282,500,0,100.0,0.0
13474,79284282,79284782,500,0,100.0,0.0
13475,79284782,79285282,500,0,100.0,0.0
13476,79285282,79285782,392,108,78.4,21.599999999999994
13477,79285782,79286282,7,493,1.4000000000000001,98.6
13478,79286282,79286782,66,434,13.200000000000001,86.8
13479,79286782,79287282,186,314,37.2,62.8
13480,79287282,79287782,500,0,100.0,0.0
13481,79287782,79288282,500,0,100.0,0.0
13482,79288282,79288782,500,0,100.0,0.0
13483,79288782,79289282,500,0,100.0,0.0
13484,79289282,79289782,500,0,100.0,0.0
13485,79289782,79290282,500,0,100.0,0.0
13486,79290282,79290782,500,0,100.0,0.0
13487,79290782,79291282,500,0,100.0,0.0
13488,79291282,79291782,500,0,100.0,0.0
13489,79291782,79292282,500,0,100.0,0.0
13490,79292282,79292782,500,0,100.0,0.0
13491,79292782,79293282,500,0,100.0,0.0
13492,79293282,79293782,500,0,100.0,0.0
13493,79293782,79294282,500,0,100.0,0.0
13494,79294282,79294782,500,0,100.0,0.0
13495,79294782,79295282,500,0,100.0,0.0
13496,79295282,79295782,500,0,100.0,0.0
13497,79295782,79296282,500,0,100.0,0.0
13498,79296282,79296782,500,0,100.0,0.0
13499,79296782,79297282,500,0,100.0,0.0
13500,79297282,79297782,500,0,100.0,0.0
13501,79297782,79298282,500,0,100.0,0.0
13502,79298282,79298782,500,0,100.0,0.0
13503,79298782,79299282,500,0,100.0,0.0
13504,79299282,79299782,500,0,100.0,0.0
13505,79299782,79300282,500,0,100.0,0.0
13506,79300282,79300782,500,0,100.0,0.0
13507,79300782,79301282,29,471,5.800000000000001,94.2
13508,79301282,79301782,53,447,10.6,89.4
13509,79301782,79302282,72,428,14.399999999999999,85.6
13510,79302282,79302782,500,0,100.0,0.0
13511,79302782,79303282,500,0,100.0,0.0
13512,79303282,79303782,500,0,100.0,0.0
13513,79303782,79304282,500,0,100.0,0.0
13514,79304282,79304782,500,0,100.0,0.0
13515,79304782,79305282,500,0,100.0,0.0
13516,79305282,79305782,500,0,100.0,0.0
13517,79305782,79306282,500,0,100.0,0.0
13518,79306282,79306782,500,0,100.0,0.0
13519,79306782,79307282,500,0,100.0,0.0
13520,79307282,79307782,500,0,100.0,0.0
13521,79307782,79308282,500,0,100.0,0.0
13522,79308282,79308782,500,0,100.0,0.0
13523,79308782,79309282,500,0,100.0,0.0
13524,79309282,79309782,500,0,100.0,0.0
13525,79309782,79310282,500,0,100.0,0.0
13526,79310282,79310782,500,0,100.0,0.0
13527,79310782,79311282,500,0,100.0,0.0
13528,79311282,79311782,500,0,100.0,0.0
13529,79311782,79312282,500,0,100.0,0.0
13530,79312282,79312782,500,0,100.0,0.0
13531,79312782,79313282,500,0,100.0,0.0
13532,79313282,79313782,500,0,100.0,0.0
13533,79313782,79314282,500,0,100.0,0.0
13534,79314282,79314782,500,0,100.0,0.0
13535,79314782,79315282,500,0,100.0,0.0
13536,79315282,79315782,500,0,100.0,0.0
13537,79315782,79316282,24,476,4.8,95.2
13538,79316282,79316782,48,452,9.6,90.4
13539,79316782,79317282,119,381,23.799999999999997,76.2
13540,79317282,79317782,500,0,100.0,0.0
13541,79317782,79318282,500,0,100.0,0.0
13542,79318282,79318782,500,0,100.0,0.0
13543,79318782,79319282,500,0,100.0,0.0
13544,79319282,79319782,500,0,100.0,0.0
13545,79319782,79320282,500,0,100.0,0.0
13546,79320282,79320782,500,0,100.0,0.0
13547,79320782,79321282,500,0,100.0,0.0
13548,79321282,79321782,500,0,100.0,0.0
13549,79321782,79322282,500,0,100.0,0.0
13550,79322282,79322782,500,0,100.0,0.0
13551,79322782,79323282,500,0,100.0,0.0
13552,79323282,79323782,500,0,100.0,0.0
13553,79323782,79324282,500,0,100.0,0.0
13554,79324282,79324782,500,0,100.0,0.0
13555,79324782,79325282,500,0,100.0,0.0
13556,79325282,79325782,500,0,100.0,0.0
13557,79325782,79326282,500,0,100.0,0.0
13558,79326282,79326782,500,0,100.0,0.0
13559,79326782,79327282,500,0,100.0,0.0
13560,79327282,79327782,500,0,100.0,0.0
13561,79327782,79328282,500,0,100.0,0.0
13562,79328282,79328782,500,0,100.0,0.0
13563,79328782,79329282,500,0,100.0,0.0
13564,79329282,79329782,500,0,100.0,0.0
13565,79329782,79330282,500,0,100.0,0.0
13566,79330282,79330782,500,0,100.0,0.0
13567,79330782,79331282,346,154,69.19999999999999,30.80000000000001
13568,79331282,79331782,7,493,1.4000000000000001,98.6
13569,79331782,79332282,60,440,12.0,88.0
13570,79332282,79332782,329,171,65.8,34.2
13571,79332782,79333282,500,0,100.0,0.0
13572,79333282,79333782,500,0,100.0,0.0
13573,79333782,79334282,500,0,100.0,0.0
13574,79334282,79334782,500,0,100.0,0.0
13575,79334782,79335282,500,0,100.0,0.0
13576,79335282,79335782,500,0,100.0,0.0
13577,79335782,79336282,500,0,100.0,0.0
13578,79336282,79336782,500,0,100.0,0.0
13579,79336782,79337282,500,0,100.0,0.0
13580,79337282,79337782,500,0,100.0,0.0
13581,79337782,79338282,500,0,100.0,0.0
13582,79338282,79338782,500,0,100.0,0.0
13583,79338782,79339282,500,0,100.0,0.0
13584,79339282,79339782,500,0,100.0,0.0
13585,79339782,79340282,500,0,100.0,0.0
13586,79340282,79340782,500,0,100.0,0.0
13587,79340782,79341282,500,0,100.0,0.0
13588,79341282,79341782,500,0,100.0,0.0
13589,79341782,79342282,500,0,100.0,0.0
13590,79342282,79342782,500,0,100.0,0.0
13591,79342782,79343282,500,0,100.0,0.0
13592,79343282,79343782,500,0,100.0,0.0
13593,79343782,79344282,500,0,100.0,0.0
13594,79344282,79344782,500,0,100.0,0.0
13595,79344782,79345282,500,0,100.0,0.0
13596,79345282,79345782,500,0,100.0,0.0
13597,79345782,79346282,500,0,100.0,0.0
13598,79346282,79346782,500,0,100.0,0.0
13599,79346782,79347282,349,151,69.8,30.200000000000003
13600,79347282,79347782,22,478,4.3999999999999995,95.6
13601,79347782,79348282,50,450,10.0,90.0
13602,79348282,79348782,339,161,67.80000000000001,32.19999999999999
13603,79348782,79349282,500,0,100.0,0.0
13604,79349282,79349782,500,0,100.0,0.0
13605,79349782,79350282,500,0,100.0,0.0
13606,79350282,79350782,500,0,100.0,0.0
13607,79350782,79351282,500,0,100.0,0.0
13608,79351282,79351782,500,0,100.0,0.0
13609,79351782,79352282,500,0,100.0,0.0
13610,79352282,79352782,500,0,100.0,0.0
13611,79352782,79353282,500,0,100.0,0.0
13612,79353282,79353782,500,0,100.0,0.0
13613,79353782,79354282,500,0,100.0,0.0
13614,79354282,79354782,500,0,100.0,0.0
13615,79354782,79355282,500,0,100.0,0.0
13616,79355282,79355782,500,0,100.0,0.0
13617,79355782,79356282,500,0,100.0,0.0
13618,79356282,79356782,500,0,100.0,0.0
13619,79356782,79357282,500,0,100.0,0.0
13620,79357282,79357782,500,0,100.0,0.0
13621,79357782,79358282,500,0,100.0,0.0
13622,79358282,79358782,500,0,100.0,0.0
13623,79358782,79359282,500,0,100.0,0.0
13624,79359282,79359782,500,0,100.0,0.0
13625,79359782,79360282,500,0,100.0,0.0
13626,79360282,79360782,500,0,100.0,0.0
13627,79360782,79361282,500,0,100.0,0.0
13628,79361282,79361782,500,0,100.0,0.0
13629,79361782,79362282,473,27,94.6,5.400000000000006
13630,79362282,79362782,9,491,1.7999999999999998,98.2
13631,79362782,79363282,66,434,13.200000000000001,86.8
13632,79363282,79363782,219,281,43.8,56.2
13633,79363782,79364282,500,0,100.0,0.0
13634,79364282,79364782,500,0,100.0,0.0
13635,79364782,79365282,500,0,100.0,0.0
13636,79365282,79365782,500,0,100.0,0.0
13637,79365782,79366282,500,0,100.0,0.0
13638,79366282,79366782,500,0,100.0,0.0
13639,79366782,79367282,500,0,100.0,0.0
13640,79367282,79367782,500,0,100.0,0.0
13641,79367782,79368282,500,0,100.0,0.0
13642,79368282,79368782,500,0,100.0,0.0
13643,79368782,79369282,500,0,100.0,0.0
13644,79369282,79369782,500,0,100.0,0.0
13645,79369782,79370282,500,0,100.0,0.0
13646,79370282,79370782,500,0,100.0,0.0
13647,79370782,79371282,500,0,100.0,0.0
13648,79371282,79371782,500,0,100.0,0.0
13649,79371782,79372282,500,0,100.0,0.0
13650,79372282,79372782,500,0,100.0,0.0
13651,79372782,79373282,500,0,100.0,0.0
13652,79373282,79373782,500,0,100.0,0.0
13653,79373782,79374282,500,0,100.0,0.0
13654,79374282,79374782,500,0,100.0,0.0
13655,79374782,79375282,500,0,100.0,0.0
13656,79375282,79375782,500,0,100.0,0.0
13657,79375782,79376282,500,0,100.0,0.0
13658,79376282,79376782,500,0,100.0,0.0
13659,79376782,79377282,500,0,100.0,0.0
13660,79377282,79377782,339,161,67.80000000000001,32.19999999999999
13661,79377782,79378282,7,493,1.4000000000000001,98.6
13662,79378282,79378782,54,446,10.8,89.2
13663,79378782,79379282,362,138,72.39999999999999,27.60000000000001
13664,79379282,79379782,500,0,100.0,0.0
13665,79379782,79380282,500,0,100.0,0.0
13666,79380282,79380782,500,0,100.0,0.0
13667,79380782,79381282,500,0,100.0,0.0
13668,79381282,79381782,500,0,100.0,0.0
13669,79381782,79382282,500,0,100.0,0.0
13670,79382282,79382782,500,0,100.0,0.0
13671,79382782,79383282,500,0,100.0,0.0
13672,79383282,79383782,500,0,100.0,0.0
13673,79383782,79384282,500,0,100.0,0.0
13674,79384282,79384782,500,0,100.0,0.0
13675,79384782,79385282,500,0,100.0,0.0
13676,79385282,79385782,500,0,100.0,0.0
13677,79385782,79386282,500,0,100.0,0.0
13678,79386282,79386782,500,0,100.0,0.0
13679,79386782,79387282,500,0,100.0,0.0
13680,79387282,79387782,500,0,100.0,0.0
13681,79387782,79388282,500,0,100.0,0.0
13682,79388282,79388782,500,0,100.0,0.0
13683,79388782,79389282,500,0,100.0,0.0
13684,79389282,79389782,500,0,100.0,0.0
13685,79389782,79390282,500,0,100.0,0.0
13686,79390282,79390782,500,0,100.0,0.0
13687,79390782,79391282,500,0,100.0,0.0
13688,79391282,79391782,500,0,100.0,0.0
13689,79391782,79392282,500,0,100.0,0.0
13690,79392282,79392782,500,0,100.0,0.0
13691,79392782,79393282,150,350,30.0,70.0
13692,79393282,79393782,49,451,9.8,90.2
13693,79393782,79394282,6,494,1.2,98.8
13694,79394282,79394782,463,37,92.60000000000001,7.3999999999999915
13695,79394782,79395282,500,0,100.0,0.0
13696,79395282,79395782,500,0,100.0,0.0
13697,79395782,79396282,500,0,100.0,0.0
13698,79396282,79396782,500,0,100.0,0.0
13699,79396782,79397282,500,0,100.0,0.0
13700,79397282,79397782,500,0,100.0,0.0
13701,79397782,79398282,500,0,100.0,0.0
13702,79398282,79398782,500,0,100.0,0.0
13703,79398782,79399282,500,0,100.0,0.0
13704,79399282,79399782,500,0,100.0,0.0
13705,79399782,79400282,500,0,100.0,0.0
13706,79400282,79400782,500,0,100.0,0.0
13707,79400782,79401282,500,0,100.0,0.0
13708,79401282,79401782,500,0,100.0,0.0
13709,79401782,79402282,500,0,100.0,0.0
13710,79402282,79402782,500,0,100.0,0.0
13711,79402782,79403282,500,0,100.0,0.0
13712,79403282,79403782,500,0,100.0,0.0
13713,79403782,79404282,500,0,100.0,0.0
13714,79404282,79404782,500,0,100.0,0.0
13715,79404782,79405282,500,0,100.0,0.0
13716,79405282,79405782,500,0,100.0,0.0
13717,79405782,79406282,500,0,100.0,0.0
13718,79406282,79406782,500,0,100.0,0.0
13719,79406782,79407282,500,0,100.0,0.0
13720,79407282,79407782,500,0,100.0,0.0
13721,79407782,79408282,109,391,21.8,78.2
13722,79408282,79408782,49,451,9.8,90.2
13723,79408782,79409282,54,446,10.8,89.2
13724,79409282,79409782,500,0,100.0,0.0
13725,79409782,79410282,500,0,100.0,0.0
13726,79410282,79410782,500,0,100.0,0.0
13727,79410782,79411282,500,0,100.0,0.0
13728,79411282,79411782,500,0,100.0,0.0
13729,79411782,79412282,500,0,100.0,0.0
13730,79412282,79412782,500,0,100.0,0.0
13731,79412782,79413282,500,0,100.0,0.0
13732,79413282,79413782,500,0,100.0,0.0
13733,79413782,79414282,500,0,100.0,0.0
13734,79414282,79414782,500,0,100.0,0.0
13735,79414782,79415282,500,0,100.0,0.0
13736,79415282,79415782,500,0,100.0,0.0
13737,79415782,79416282,500,0,100.0,0.0
13738,79416282,79416782,500,0,100.0,0.0
13739,79416782,79417282,500,0,100.0,0.0
13740,79417282,79417782,500,0,100.0,0.0
13741,79417782,79418282,500,0,100.0,0.0
13742,79418282,79418782,500,0,100.0,0.0
13743,79418782,79419282,500,0,100.0,0.0
13744,79419282,79419782,500,0,100.0,0.0
13745,79419782,79420282,500,0,100.0,0.0
13746,79420282,79420782,500,0,100.0,0.0
13747,79420782,79421282,500,0,100.0,0.0
13748,79421282,79421782,500,0,100.0,0.0
13749,79421782,79422282,500,0,100.0,0.0
13750,79422282,79422782,464,36,92.80000000000001,7.199999999999989
13751,79422782,79423282,7,493,1.4000000000000001,98.6
13752,79423282,79423782,50,450,10.0,90.0
13753,79423782,79424282,154,346,30.8,69.2
13754,79424282,79424782,500,0,100.0,0.0
13755,79424782,79425282,500,0,100.0,0.0
13756,79425282,79425782,500,0,100.0,0.0
13757,79425782,79426282,500,0,100.0,0.0
13758,79426282,79426782,500,0,100.0,0.0
13759,79426782,79427282,500,0,100.0,0.0
13760,79427282,79427782,500,0,100.0,0.0
13761,79427782,79428282,500,0,100.0,0.0
13762,79428282,79428782,500,0,100.0,0.0
13763,79428782,79429282,500,0,100.0,0.0
13764,79429282,79429782,500,0,100.0,0.0
13765,79429782,79430282,500,0,100.0,0.0
13766,79430282,79430782,500,0,100.0,0.0
13767,79430782,79431282,500,0,100.0,0.0
13768,79431282,79431782,500,0,100.0,0.0
13769,79431782,79432282,500,0,100.0,0.0
13770,79432282,79432782,500,0,100.0,0.0
13771,79432782,79433282,500,0,100.0,0.0
13772,79433282,79433782,500,0,100.0,0.0
13773,79433782,79434282,500,0,100.0,0.0
13774,79434282,79434782,500,0,100.0,0.0
13775,79434782,79435282,500,0,100.0,0.0
13776,79435282,79435782,500,0,100.0,0.0
13777,79435782,79436282,500,0,100.0,0.0
13778,79436282,79436782,500,0,100.0,0.0
13779,79436782,79437282,500,0,100.0,0.0
13780,79437282,79437782,500,0,100.0,0.0
13781,79437782,79438282,500,0,100.0,0.0
13782,79438282,79438782,204,296,40.8,59.2
13783,79438782,79439282,6,494,1.2,98.8
13784,79439282,79439782,60,440,12.0,88.0
13785,79439782,79440282,430,70,86.0,14.0
13786,79440282,79440782,500,0,100.0,0.0
13787,79440782,79441282,500,0,100.0,0.0
13788,79441282,79441782,500,0,100.0,0.0
13789,79441782,79442282,500,0,100.0,0.0
13790,79442282,79442782,500,0,100.0,0.0
13791,79442782,79443282,500,0,100.0,0.0
13792,79443282,79443782,500,0,100.0,0.0
13793,79443782,79444282,500,0,100.0,0.0
13794,79444282,79444782,500,0,100.0,0.0
13795,79444782,79445282,500,0,100.0,0.0
13796,79445282,79445782,500,0,100.0,0.0
13797,79445782,79446282,500,0,100.0,0.0
13798,79446282,79446782,500,0,100.0,0.0
13799,79446782,79447282,500,0,100.0,0.0
13800,79447282,79447782,500,0,100.0,0.0
13801,79447782,79448282,500,0,100.0,0.0
13802,79448282,79448782,500,0,100.0,0.0
13803,79448782,79449282,500,0,100.0,0.0
13804,79449282,79449782,500,0,100.0,0.0
13805,79449782,79450282,500,0,100.0,0.0
13806,79450282,79450782,500,0,100.0,0.0
13807,79450782,79451282,500,0,100.0,0.0
13808,79451282,79451782,500,0,100.0,0.0
13809,79451782,79452282,500,0,100.0,0.0
13810,79452282,79452782,500,0,100.0,0.0
13811,79452782,79453282,500,0,100.0,0.0
13812,79453282,79453782,393,107,78.60000000000001,21.39999999999999
13813,79453782,79454282,6,494,1.2,98.8
13814,79454282,79454782,45,455,9.0,91.0
13815,79454782,79455282,217,283,43.4,56.6
13816,79455282,79455782,500,0,100.0,0.0
13817,79455782,79456282,500,0,100.0,0.0
13818,79456282,79456782,500,0,100.0,0.0
13819,79456782,79457282,500,0,100.0,0.0
13820,79457282,79457782,500,0,100.0,0.0
13821,79457782,79458282,500,0,100.0,0.0
13822,79458282,79458782,500,0,100.0,0.0
13823,79458782,79459282,500,0,100.0,0.0
13824,79459282,79459782,500,0,100.0,0.0
13825,79459782,79460282,500,0,100.0,0.0
13826,79460282,79460782,500,0,100.0,0.0
13827,79460782,79461282,500,0,100.0,0.0
13828,79461282,79461782,500,0,100.0,0.0
13829,79461782,79462282,500,0,100.0,0.0
13830,79462282,79462782,500,0,100.0,0.0
13831,79462782,79463282,500,0,100.0,0.0
13832,79463282,79463782,500,0,100.0,0.0
13833,79463782,79464282,500,0,100.0,0.0
13834,79464282,79464782,500,0,100.0,0.0
13835,79464782,79465282,500,0,100.0,0.0
13836,79465282,79465782,500,0,100.0,0.0
13837,79465782,79466282,500,0,100.0,0.0
13838,79466282,79466782,500,0,100.0,0.0
13839,79466782,79467282,500,0,100.0,0.0
13840,79467282,79467782,500,0,100.0,0.0
13841,79467782,79468282,500,0,100.0,0.0
13842,79468282,79468782,485,15,97.0,3.0
13843,79468782,79469282,7,493,1.4000000000000001,98.6
13844,79469282,79469782,58,442,11.600000000000001,88.4
13845,79469782,79470282,115,385,23.0,77.0
13846,79470282,79470782,500,0,100.0,0.0
13847,79470782,79471282,500,0,100.0,0.0
13848,79471282,79471782,500,0,100.0,0.0
13849,79471782,79472282,500,0,100.0,0.0
13850,79472282,79472782,500,0,100.0,0.0
13851,79472782,79473282,500,0,100.0,0.0
13852,79473282,79473782,500,0,100.0,0.0
13853,79473782,79474282,500,0,100.0,0.0
13854,79474282,79474782,500,0,100.0,0.0
13855,79474782,79475282,500,0,100.0,0.0
13856,79475282,79475782,500,0,100.0,0.0
13857,79475782,79476282,500,0,100.0,0.0
13858,79476282,79476782,500,0,100.0,0.0
13859,79476782,79477282,500,0,100.0,0.0
13860,79477282,79477782,500,0,100.0,0.0
13861,79477782,79478282,500,0,100.0,0.0
13862,79478282,79478782,500,0,100.0,0.0
13863,79478782,79479282,500,0,100.0,0.0
13864,79479282,79479782,500,0,100.0,0.0
13865,79479782,79480282,500,0,100.0,0.0
13866,79480282,79480782,500,0,100.0,0.0
13867,79480782,79481282,500,0,100.0,0.0
13868,79481282,79481782,500,0,100.0,0.0
13869,79481782,79482282,500,0,100.0,0.0
13870,79482282,79482782,500,0,100.0,0.0
13871,79482782,79483282,500,0,100.0,0.0
13872,79483282,79483782,500,0,100.0,0.0
13873,79483782,79484282,134,366,26.8,73.2
13874,79484282,79484782,44,456,8.799999999999999,91.2
13875,79484782,79485282,6,494,1.2,98.8
13876,79485282,79485782,494,6,98.8,1.2000000000000028
13877,79485782,79486282,500,0,100.0,0.0
13878,79486282,79486782,500,0,100.0,0.0
13879,79486782,79487282,500,0,100.0,0.0
13880,79487282,79487782,500,0,100.0,0.0
13881,79487782,79488282,500,0,100.0,0.0
13882,79488282,79488782,500,0,100.0,0.0
13883,79488782,79489282,500,0,100.0,0.0
13884,79489282,79489782,500,0,100.0,0.0
13885,79489782,79490282,500,0,100.0,0.0
13886,79490282,79490782,500,0,100.0,0.0
13887,79490782,79491282,500,0,100.0,0.0
13888,79491282,79491782,500,0,100.0,0.0
13889,79491782,79492282,500,0,100.0,0.0
13890,79492282,79492782,500,0,100.0,0.0
13891,79492782,79493282,500,0,100.0,0.0
13892,79493282,79493782,500,0,100.0,0.0
13893,79493782,79494282,500,0,100.0,0.0
13894,79494282,79494782,500,0,100.0,0.0
13895,79494782,79495282,500,0,100.0,0.0
13896,79495282,79495782,500,0,100.0,0.0
13897,79495782,79496282,500,0,100.0,0.0
13898,79496282,79496782,500,0,100.0,0.0
13899,79496782,79497282,500,0,100.0,0.0
13900,79497282,79497782,500,0,100.0,0.0
13901,79497782,79498282,500,0,100.0,0.0
13902,79498282,79498782,500,0,100.0,0.0
13903,79498782,79499282,500,0,100.0,0.0
13904,79499282,79499782,500,0,100.0,0.0
13905,79499782,79500282,500,0,100.0,0.0
13906,79500282,79500782,500,0,100.0,0.0
13907,79500782,79501282,500,0,100.0,0.0
13908,79501282,79501782,500,0,100.0,0.0
13909,79501782,79502282,500,0,100.0,0.0
13910,79502282,79502782,500,0,100.0,0.0
13911,79502782,79503282,500,0,100.0,0.0
13912,79503282,79503782,500,0,100.0,0.0
13913,79503782,79504282,500,0,100.0,0.0
13914,79504282,79504782,500,0,100.0,0.0
13915,79504782,79505282,500,0,100.0,0.0
13916,79505282,79505782,500,0,100.0,0.0
13917,79505782,79506282,500,0,100.0,0.0
13918,79506282,79506782,500,0,100.0,0.0
13919,79506782,79507282,500,0,100.0,0.0
13920,79507282,79507782,500,0,100.0,0.0
13921,79507782,79508282,500,0,100.0,0.0
13922,79508282,79508782,500,0,100.0,0.0
13923,79508782,79509282,500,0,100.0,0.0
13924,79509282,79509782,500,0,100.0,0.0
13925,79509782,79510282,500,0,100.0,0.0
13926,79510282,79510782,500,0,100.0,0.0
13927,79510782,79511282,500,0,100.0,0.0
13928,79511282,79511782,500,0,100.0,0.0
13929,79511782,79512282,500,0,100.0,0.0
13930,79512282,79512782,500,0,100.0,0.0
13931,79512782,79513282,500,0,100.0,0.0
13932,79513282,79513782,500,0,100.0,0.0
13933,79513782,79514282,500,0,100.0,0.0
13934,79514282,79514782,500,0,100.0,0.0
13935,79514782,79515282,500,0,100.0,0.0
13936,79515282,79515782,500,0,100.0,0.0
13937,79515782,79516282,500,0,100.0,0.0
13938,79516282,79516782,500,0,100.0,0.0
13939,79516782,79517282,500,0,100.0,0.0
13940,79517282,79517782,500,0,100.0,0.0
13941,79517782,79518282,500,0,100.0,0.0
13942,79518282,79518782,500,0,100.0,0.0
13943,79518782,79519282,500,0,100.0,0.0
13944,79519282,79519782,500,0,100.0,0.0
13945,79519782,79520282,500,0,100.0,0.0
13946,79520282,79520782,500,0,100.0,0.0
13947,79520782,79521282,500,0,100.0,0.0
13948,79521282,79521782,500,0,100.0,0.0
13949,79521782,79522282,500,0,100.0,0.0
13950,79522282,79522782,500,0,100.0,0.0
13951,79522782,79523282,500,0,100.0,0.0
13952,79523282,79523782,500,0,100.0,0.0
13953,79523782,79524282,500,0,100.0,0.0
13954,79524282,79524782,500,0,100.0,0.0
13955,79524782,79525282,500,0,100.0,0.0
13956,79525282,79525782,500,0,100.0,0.0
13957,79525782,79526282,500,0,100.0,0.0
13958,79526282,79526782,500,0,100.0,0.0
13959,79526782,79527282,500,0,100.0,0.0
13960,79527282,79527782,500,0,100.0,0.0
13961,79527782,79528282,500,0,100.0,0.0
13962,79528282,79528782,500,0,100.0,0.0
13963,79528782,79529282,500,0,100.0,0.0
13964,79529282,79529782,500,0,100.0,0.0
13965,79529782,79530282,500,0,100.0,0.0
13966,79530282,79530782,500,0,100.0,0.0
13967,79530782,79531282,500,0,100.0,0.0
13968,79531282,79531782,500,0,100.0,0.0
13969,79531782,79532282,500,0,100.0,0.0
13970,79532282,79532782,500,0,100.0,0.0
13971,79532782,79533282,500,0,100.0,0.0
13972,79533282,79533782,500,0,100.0,0.0
13973,79533782,79534282,500,0,100.0,0.0
13974,79534282,79534782,500,0,100.0,0.0
13975,79534782,79535282,500,0,100.0,0.0
13976,79535282,79535782,500,0,100.0,0.0
13977,79535782,79536282,500,0,100.0,0.0
13978,79536282,79536782,500,0,100.0,0.0
13979,79536782,79537282,500,0,100.0,0.0
13980,79537282,79537782,500,0,100.0,0.0
13981,79537782,79538282,500,0,100.0,0.0
13982,79538282,79538782,500,0,100.0,0.0
13983,79538782,79539282,500,0,100.0,0.0
13984,79539282,79539782,500,0,100.0,0.0
13985,79539782,79540282,500,0,100.0,0.0
13986,79540282,79540782,500,0,100.0,0.0
13987,79540782,79541282,500,0,100.0,0.0
13988,79541282,79541782,500,0,100.0,0.0
13989,79541782,79542282,500,0,100.0,0.0
13990,79542282,79542782,500,0,100.0,0.0
13991,79542782,79543282,500,0,100.0,0.0
13992,79543282,79543782,500,0,100.0,0.0
13993,79543782,79544282,500,0,100.0,0.0
13994,79544282,79544782,500,0,100.0,0.0
13995,79544782,79545282,500,0,100.0,0.0
13996,79545282,79545782,500,0,100.0,0.0
13997,79545782,79546282,500,0,100.0,0.0
13998,79546282,79546782,500,0,100.0,0.0
13999,79546782,79547282,500,0,100.0,0.0
14000,79547282,79547782,500,0,100.0,0.0
14001,79547782,79548282,500,0,100.0,0.0
14002,79548282,79548782,500,0,100.0,0.0
14003,79548782,79549282,500,0,100.0,0.0
14004,79549282,79549782,355,145,71.0,29.0
14005,79549782,79550282,7,493,1.4000000000000001,98.6
14006,79550282,79550782,65,435,13.0,87.0
14007,79550782,79551282,236,264,47.199999999999996,52.800000000000004
14008,79551282,79551782,500,0,100.0,0.0
14009,79551782,79552282,500,0,100.0,0.0
14010,79552282,79552782,500,0,100.0,0.0
14011,79552782,79553282,500,0,100.0,0.0
14012,79553282,79553782,500,0,100.0,0.0
14013,79553782,79554282,500,0,100.0,0.0
14014,79554282,79554782,500,0,100.0,0.0
14015,79554782,79555282,500,0,100.0,0.0
14016,79555282,79555782,500,0,100.0,0.0
14017,79555782,79556282,500,0,100.0,0.0
14018,79556282,79556782,500,0,100.0,0.0
14019,79556782,79557282,500,0,100.0,0.0
14020,79557282,79557782,500,0,100.0,0.0
14021,79557782,79558282,500,0,100.0,0.0
14022,79558282,79558782,500,0,100.0,0.0
14023,79558782,79559282,500,0,100.0,0.0
14024,79559282,79559782,500,0,100.0,0.0
14025,79559782,79560282,500,0,100.0,0.0
14026,79560282,79560782,500,0,100.0,0.0
14027,79560782,79561282,500,0,100.0,0.0
14028,79561282,79561782,500,0,100.0,0.0
14029,79561782,79562282,500,0,100.0,0.0
14030,79562282,79562782,500,0,100.0,0.0
14031,79562782,79563282,500,0,100.0,0.0
14032,79563282,79563782,500,0,100.0,0.0
14033,79563782,79564282,500,0,100.0,0.0
14034,79564282,79564782,496,4,99.2,0.7999999999999972
14035,79564782,79565282,7,493,1.4000000000000001,98.6
14036,79565282,79565782,46,454,9.2,90.8
14037,79565782,79566282,119,381,23.799999999999997,76.2
14038,79566282,79566782,500,0,100.0,0.0
14039,79566782,79567282,500,0,100.0,0.0
14040,79567282,79567782,500,0,100.0,0.0
14041,79567782,79568282,500,0,100.0,0.0
14042,79568282,79568782,500,0,100.0,0.0
14043,79568782,79569282,500,0,100.0,0.0
14044,79569282,79569782,500,0,100.0,0.0
14045,79569782,79570282,500,0,100.0,0.0
14046,79570282,79570782,500,0,100.0,0.0
14047,79570782,79571282,500,0,100.0,0.0
14048,79571282,79571782,500,0,100.0,0.0
14049,79571782,79572282,500,0,100.0,0.0
14050,79572282,79572782,500,0,100.0,0.0
14051,79572782,79573282,500,0,100.0,0.0
14052,79573282,79573782,500,0,100.0,0.0
14053,79573782,79574282,500,0,100.0,0.0
14054,79574282,79574782,500,0,100.0,0.0
14055,79574782,79575282,500,0,100.0,0.0
14056,79575282,79575782,500,0,100.0,0.0
14057,79575782,79576282,500,0,100.0,0.0
14058,79576282,79576782,500,0,100.0,0.0
14059,79576782,79577282,500,0,100.0,0.0
14060,79577282,79577782,500,0,100.0,0.0
14061,79577782,79578282,500,0,100.0,0.0
14062,79578282,79578782,500,0,100.0,0.0
14063,79578782,79579282,500,0,100.0,0.0
14064,79579282,79579782,500,0,100.0,0.0
14065,79579782,79580282,182,318,36.4,63.6
14066,79580282,79580782,31,469,6.2,93.8
14067,79580782,79581282,22,478,4.3999999999999995,95.6
14068,79581282,79581782,439,61,87.8,12.200000000000003
14069,79581782,79582282,500,0,100.0,0.0
14070,79582282,79582782,500,0,100.0,0.0
14071,79582782,79583282,500,0,100.0,0.0
14072,79583282,79583782,500,0,100.0,0.0
14073,79583782,79584282,500,0,100.0,0.0
14074,79584282,79584782,500,0,100.0,0.0
14075,79584782,79585282,500,0,100.0,0.0
14076,79585282,79585782,500,0,100.0,0.0
14077,79585782,79586282,500,0,100.0,0.0
14078,79586282,79586782,500,0,100.0,0.0
14079,79586782,79587282,500,0,100.0,0.0
14080,79587282,79587782,500,0,100.0,0.0
14081,79587782,79588282,500,0,100.0,0.0
14082,79588282,79588782,500,0,100.0,0.0
14083,79588782,79589282,500,0,100.0,0.0
14084,79589282,79589782,500,0,100.0,0.0
14085,79589782,79590282,500,0,100.0,0.0
14086,79590282,79590782,500,0,100.0,0.0
14087,79590782,79591282,500,0,100.0,0.0
14088,79591282,79591782,500,0,100.0,0.0
14089,79591782,79592282,500,0,100.0,0.0
14090,79592282,79592782,500,0,100.0,0.0
14091,79592782,79593282,500,0,100.0,0.0
14092,79593282,79593782,500,0,100.0,0.0
14093,79593782,79594282,500,0,100.0,0.0
14094,79594282,79594782,500,0,100.0,0.0
14095,79594782,79595282,448,52,89.60000000000001,10.399999999999991
14096,79595282,79595782,9,491,1.7999999999999998,98.2
14097,79595782,79596282,47,453,9.4,90.6
14098,79596282,79596782,242,258,48.4,51.6
14099,79596782,79597282,500,0,100.0,0.0
14100,79597282,79597782,500,0,100.0,0.0
14101,79597782,79598282,500,0,100.0,0.0
14102,79598282,79598782,500,0,100.0,0.0
14103,79598782,79599282,500,0,100.0,0.0
14104,79599282,79599782,500,0,100.0,0.0
14105,79599782,79600282,500,0,100.0,0.0
14106,79600282,79600782,500,0,100.0,0.0
14107,79600782,79601282,500,0,100.0,0.0
14108,79601282,79601782,500,0,100.0,0.0
14109,79601782,79602282,500,0,100.0,0.0
14110,79602282,79602782,500,0,100.0,0.0
14111,79602782,79603282,500,0,100.0,0.0
14112,79603282,79603782,500,0,100.0,0.0
14113,79603782,79604282,500,0,100.0,0.0
14114,79604282,79604782,500,0,100.0,0.0
14115,79604782,79605282,500,0,100.0,0.0
14116,79605282,79605782,500,0,100.0,0.0
14117,79605782,79606282,500,0,100.0,0.0
14118,79606282,79606782,500,0,100.0,0.0
14119,79606782,79607282,500,0,100.0,0.0
14120,79607282,79607782,500,0,100.0,0.0
14121,79607782,79608282,500,0,100.0,0.0
14122,79608282,79608782,500,0,100.0,0.0
14123,79608782,79609282,500,0,100.0,0.0
14124,79609282,79609782,500,0,100.0,0.0
14125,79609782,79610282,500,0,100.0,0.0
14126,79610282,79610782,31,469,6.2,93.8
14127,79610782,79611282,47,453,9.4,90.6
14128,79611282,79611782,153,347,30.599999999999998,69.4
14129,79611782,79612282,500,0,100.0,0.0
14130,79612282,79612782,500,0,100.0,0.0
14131,79612782,79613282,500,0,100.0,0.0
14132,79613282,79613782,500,0,100.0,0.0
14133,79613782,79614282,500,0,100.0,0.0
14134,79614282,79614782,500,0,100.0,0.0
14135,79614782,79615282,500,0,100.0,0.0
14136,79615282,79615782,500,0,100.0,0.0
14137,79615782,79616282,500,0,100.0,0.0
14138,79616282,79616782,500,0,100.0,0.0
14139,79616782,79617282,500,0,100.0,0.0
14140,79617282,79617782,500,0,100.0,0.0
14141,79617782,79618282,500,0,100.0,0.0
14142,79618282,79618782,500,0,100.0,0.0
14143,79618782,79619282,500,0,100.0,0.0
14144,79619282,79619782,500,0,100.0,0.0
14145,79619782,79620282,500,0,100.0,0.0
14146,79620282,79620782,500,0,100.0,0.0
14147,79620782,79621282,500,0,100.0,0.0
14148,79621282,79621782,500,0,100.0,0.0
14149,79621782,79622282,500,0,100.0,0.0
14150,79622282,79622782,500,0,100.0,0.0
14151,79622782,79623282,500,0,100.0,0.0
14152,79623282,79623782,500,0,100.0,0.0
14153,79623782,79624282,500,0,100.0,0.0
14154,79624282,79624782,500,0,100.0,0.0
14155,79624782,79625282,500,0,100.0,0.0
14156,79625282,79625782,97,403,19.400000000000002,80.6
14157,79625782,79626282,47,453,9.4,90.6
14158,79626282,79626782,107,393,21.4,78.6
14159,79626782,79627282,500,0,100.0,0.0
14160,79627282,79627782,500,0,100.0,0.0
14161,79627782,79628282,500,0,100.0,0.0
14162,79628282,79628782,500,0,100.0,0.0
14163,79628782,79629282,500,0,100.0,0.0
14164,79629282,79629782,500,0,100.0,0.0
14165,79629782,79630282,500,0,100.0,0.0
14166,79630282,79630782,500,0,100.0,0.0
14167,79630782,79631282,500,0,100.0,0.0
14168,79631282,79631782,500,0,100.0,0.0
14169,79631782,79632282,500,0,100.0,0.0
14170,79632282,79632782,500,0,100.0,0.0
14171,79632782,79633282,500,0,100.0,0.0
14172,79633282,79633782,500,0,100.0,0.0
14173,79633782,79634282,500,0,100.0,0.0
14174,79634282,79634782,500,0,100.0,0.0
14175,79634782,79635282,500,0,100.0,0.0
14176,79635282,79635782,500,0,100.0,0.0
14177,79635782,79636282,500,0,100.0,0.0
14178,79636282,79636782,500,0,100.0,0.0
14179,79636782,79637282,500,0,100.0,0.0
14180,79637282,79637782,500,0,100.0,0.0
14181,79637782,79638282,500,0,100.0,0.0
14182,79638282,79638782,500,0,100.0,0.0
14183,79638782,79639282,500,0,100.0,0.0
14184,79639282,79639782,500,0,100.0,0.0
14185,79639782,79640282,440,60,88.0,12.0
14186,79640282,79640782,8,492,1.6,98.4
14187,79640782,79641282,43,457,8.6,91.4
14188,79641282,79641782,300,200,60.0,40.0
14189,79641782,79642282,500,0,100.0,0.0
14190,79642282,79642782,500,0,100.0,0.0
14191,79642782,79643282,500,0,100.0,0.0
14192,79643282,79643782,500,0,100.0,0.0
14193,79643782,79644282,500,0,100.0,0.0
14194,79644282,79644782,500,0,100.0,0.0
14195,79644782,79645282,500,0,100.0,0.0
14196,79645282,79645782,500,0,100.0,0.0
14197,79645782,79646282,500,0,100.0,0.0
14198,79646282,79646782,500,0,100.0,0.0
14199,79646782,79647282,500,0,100.0,0.0
14200,79647282,79647782,500,0,100.0,0.0
14201,79647782,79648282,500,0,100.0,0.0
14202,79648282,79648782,500,0,100.0,0.0
14203,79648782,79649282,500,0,100.0,0.0
14204,79649282,79649782,500,0,100.0,0.0
14205,79649782,79650282,500,0,100.0,0.0
14206,79650282,79650782,500,0,100.0,0.0
14207,79650782,79651282,500,0,100.0,0.0
14208,79651282,79651782,500,0,100.0,0.0
14209,79651782,79652282,500,0,100.0,0.0
14210,79652282,79652782,500,0,100.0,0.0
14211,79652782,79653282,500,0,100.0,0.0
14212,79653282,79653782,500,0,100.0,0.0
14213,79653782,79654282,500,0,100.0,0.0
14214,79654282,79654782,500,0,100.0,0.0
14215,79654782,79655282,322,178,64.4,35.599999999999994
14216,79655282,79655782,9,491,1.7999999999999998,98.2
14217,79655782,79656282,54,446,10.8,89.2
14218,79656282,79656782,399,101,79.80000000000001,20.19999999999999
14219,79656782,79657282,500,0,100.0,0.0
14220,79657282,79657782,500,0,100.0,0.0
14221,79657782,79658282,500,0,100.0,0.0
14222,79658282,79658782,500,0,100.0,0.0
14223,79658782,79659282,500,0,100.0,0.0
14224,79659282,79659782,500,0,100.0,0.0
14225,79659782,79660282,500,0,100.0,0.0
14226,79660282,79660782,500,0,100.0,0.0
14227,79660782,79661282,500,0,100.0,0.0
14228,79661282,79661782,500,0,100.0,0.0
14229,79661782,79662282,500,0,100.0,0.0
14230,79662282,79662782,500,0,100.0,0.0
14231,79662782,79663282,500,0,100.0,0.0
14232,79663282,79663782,500,0,100.0,0.0
14233,79663782,79664282,500,0,100.0,0.0
14234,79664282,79664782,500,0,100.0,0.0
14235,79664782,79665282,500,0,100.0,0.0
14236,79665282,79665782,500,0,100.0,0.0
14237,79665782,79666282,500,0,100.0,0.0
14238,79666282,79666782,500,0,100.0,0.0
14239,79666782,79667282,500,0,100.0,0.0
14240,79667282,79667782,500,0,100.0,0.0
14241,79667782,79668282,500,0,100.0,0.0
14242,79668282,79668782,500,0,100.0,0.0
14243,79668782,79669282,500,0,100.0,0.0
14244,79669282,79669782,500,0,100.0,0.0
14245,79669782,79670282,17,483,3.4000000000000004,96.6
14246,79670282,79670782,49,451,9.8,90.2
14247,79670782,79671282,122,378,24.4,75.6
14248,79671282,79671782,500,0,100.0,0.0
14249,79671782,79672282,500,0,100.0,0.0
14250,79672282,79672782,500,0,100.0,0.0
14251,79672782,79673282,500,0,100.0,0.0
14252,79673282,79673782,500,0,100.0,0.0
14253,79673782,79674282,500,0,100.0,0.0
14254,79674282,79674782,500,0,100.0,0.0
14255,79674782,79675282,500,0,100.0,0.0
14256,79675282,79675782,500,0,100.0,0.0
14257,79675782,79676282,500,0,100.0,0.0
14258,79676282,79676782,500,0,100.0,0.0
14259,79676782,79677282,500,0,100.0,0.0
14260,79677282,79677782,500,0,100.0,0.0
14261,79677782,79678282,500,0,100.0,0.0
14262,79678282,79678782,500,0,100.0,0.0
14263,79678782,79679282,500,0,100.0,0.0
14264,79679282,79679782,500,0,100.0,0.0
14265,79679782,79680282,500,0,100.0,0.0
14266,79680282,79680782,500,0,100.0,0.0
14267,79680782,79681282,500,0,100.0,0.0
14268,79681282,79681782,500,0,100.0,0.0
14269,79681782,79682282,500,0,100.0,0.0
14270,79682282,79682782,500,0,100.0,0.0
14271,79682782,79683282,500,0,100.0,0.0
14272,79683282,79683782,500,0,100.0,0.0
14273,79683782,79684282,500,0,100.0,0.0
14274,79684282,79684782,500,0,100.0,0.0
14275,79684782,79685282,500,0,100.0,0.0
14276,79685282,79685782,341,159,68.2,31.799999999999997
14277,79685782,79686282,5,495,1.0,99.0
14278,79686282,79686782,55,445,11.0,89.0
14279,79686782,79687282,72,428,14.399999999999999,85.6
14280,79687282,79687782,500,0,100.0,0.0
14281,79687782,79688282,500,0,100.0,0.0
14282,79688282,79688782,500,0,100.0,0.0
14283,79688782,79689282,500,0,100.0,0.0
14284,79689282,79689782,500,0,100.0,0.0
14285,79689782,79690282,500,0,100.0,0.0
14286,79690282,79690782,500,0,100.0,0.0
14287,79690782,79691282,500,0,100.0,0.0
14288,79691282,79691782,500,0,100.0,0.0
14289,79691782,79692282,500,0,100.0,0.0
14290,79692282,79692782,500,0,100.0,0.0
14291,79692782,79693282,500,0,100.0,0.0
14292,79693282,79693782,500,0,100.0,0.0
14293,79693782,79694282,500,0,100.0,0.0
14294,79694282,79694782,500,0,100.0,0.0
14295,79694782,79695282,500,0,100.0,0.0
14296,79695282,79695782,500,0,100.0,0.0
14297,79695782,79696282,500,0,100.0,0.0
14298,79696282,79696782,500,0,100.0,0.0
14299,79696782,79697282,500,0,100.0,0.0
14300,79697282,79697782,500,0,100.0,0.0
14301,79697782,79698282,500,0,100.0,0.0
14302,79698282,79698782,500,0,100.0,0.0
14303,79698782,79699282,500,0,100.0,0.0
14304,79699282,79699782,500,0,100.0,0.0
14305,79699782,79700282,500,0,100.0,0.0
14306,79700282,79700782,181,319,36.199999999999996,63.800000000000004
14307,79700782,79701282,43,457,8.6,91.4
14308,79701282,79701782,85,415,17.0,83.0
14309,79701782,79702282,500,0,100.0,0.0
14310,79702282,79702782,500,0,100.0,0.0
14311,79702782,79703282,500,0,100.0,0.0
14312,79703282,79703782,500,0,100.0,0.0
14313,79703782,79704282,500,0,100.0,0.0
14314,79704282,79704782,500,0,100.0,0.0
14315,79704782,79705282,500,0,100.0,0.0
14316,79705282,79705782,500,0,100.0,0.0
14317,79705782,79706282,500,0,100.0,0.0
14318,79706282,79706782,500,0,100.0,0.0
14319,79706782,79707282,500,0,100.0,0.0
14320,79707282,79707782,500,0,100.0,0.0
14321,79707782,79708282,500,0,100.0,0.0
14322,79708282,79708782,500,0,100.0,0.0
14323,79708782,79709282,500,0,100.0,0.0
14324,79709282,79709782,500,0,100.0,0.0
14325,79709782,79710282,500,0,100.0,0.0
14326,79710282,79710782,500,0,100.0,0.0
14327,79710782,79711282,500,0,100.0,0.0
14328,79711282,79711782,500,0,100.0,0.0
14329,79711782,79712282,500,0,100.0,0.0
14330,79712282,79712782,500,0,100.0,0.0
14331,79712782,79713282,500,0,100.0,0.0
14332,79713282,79713782,500,0,100.0,0.0
14333,79713782,79714282,500,0,100.0,0.0
14334,79714282,79714782,500,0,100.0,0.0
14335,79714782,79715282,327,173,65.4,34.599999999999994
14336,79715282,79715782,8,492,1.6,98.4
14337,79715782,79716282,45,455,9.0,91.0
14338,79716282,79716782,415,85,83.0,17.0
14339,79716782,79717282,500,0,100.0,0.0
14340,79717282,79717782,500,0,100.0,0.0
14341,79717782,79718282,500,0,100.0,0.0
14342,79718282,79718782,500,0,100.0,0.0
14343,79718782,79719282,500,0,100.0,0.0
14344,79719282,79719782,500,0,100.0,0.0
14345,79719782,79720282,500,0,100.0,0.0
14346,79720282,79720782,500,0,100.0,0.0
14347,79720782,79721282,500,0,100.0,0.0
14348,79721282,79721782,500,0,100.0,0.0
14349,79721782,79722282,500,0,100.0,0.0
14350,79722282,79722782,500,0,100.0,0.0
14351,79722782,79723282,500,0,100.0,0.0
14352,79723282,79723782,500,0,100.0,0.0
14353,79723782,79724282,500,0,100.0,0.0
14354,79724282,79724782,500,0,100.0,0.0
14355,79724782,79725282,500,0,100.0,0.0
14356,79725282,79725782,500,0,100.0,0.0
14357,79725782,79726282,500,0,100.0,0.0
14358,79726282,79726782,500,0,100.0,0.0
14359,79726782,79727282,500,0,100.0,0.0
14360,79727282,79727782,500,0,100.0,0.0
14361,79727782,79728282,500,0,100.0,0.0
14362,79728282,79728782,500,0,100.0,0.0
14363,79728782,79729282,500,0,100.0,0.0
14364,79729282,79729782,500,0,100.0,0.0
14365,79729782,79730282,322,178,64.4,35.599999999999994
14366,79730282,79730782,9,491,1.7999999999999998,98.2
14367,79730782,79731282,58,442,11.600000000000001,88.4
14368,79731282,79731782,384,116,76.8,23.200000000000003
14369,79731782,79732282,500,0,100.0,0.0
14370,79732282,79732782,500,0,100.0,0.0
14371,79732782,79733282,500,0,100.0,0.0
14372,79733282,79733782,500,0,100.0,0.0
14373,79733782,79734282,500,0,100.0,0.0
14374,79734282,79734782,500,0,100.0,0.0
14375,79734782,79735282,500,0,100.0,0.0
14376,79735282,79735782,500,0,100.0,0.0
14377,79735782,79736282,500,0,100.0,0.0
14378,79736282,79736782,500,0,100.0,0.0
14379,79736782,79737282,500,0,100.0,0.0
14380,79737282,79737782,500,0,100.0,0.0
14381,79737782,79738282,500,0,100.0,0.0
14382,79738282,79738782,500,0,100.0,0.0
14383,79738782,79739282,500,0,100.0,0.0
14384,79739282,79739782,500,0,100.0,0.0
14385,79739782,79740282,500,0,100.0,0.0
14386,79740282,79740782,500,0,100.0,0.0
14387,79740782,79741282,500,0,100.0,0.0
14388,79741282,79741782,500,0,100.0,0.0
14389,79741782,79742282,500,0,100.0,0.0
14390,79742282,79742782,500,0,100.0,0.0
14391,79742782,79743282,500,0,100.0,0.0
14392,79743282,79743782,500,0,100.0,0.0
14393,79743782,79744282,500,0,100.0,0.0
14394,79744282,79744782,500,0,100.0,0.0
14395,79744782,79745282,346,154,69.19999999999999,30.80000000000001
14396,79745282,79745782,8,492,1.6,98.4
14397,79745782,79746282,53,447,10.6,89.4
14398,79746282,79746782,322,178,64.4,35.599999999999994
14399,79746782,79747282,500,0,100.0,0.0
14400,79747282,79747782,500,0,100.0,0.0
14401,79747782,79748282,500,0,100.0,0.0
14402,79748282,79748782,500,0,100.0,0.0
14403,79748782,79749282,500,0,100.0,0.0
14404,79749282,79749782,500,0,100.0,0.0
14405,79749782,79750282,500,0,100.0,0.0
14406,79750282,79750782,500,0,100.0,0.0
14407,79750782,79751282,500,0,100.0,0.0
14408,79751282,79751782,500,0,100.0,0.0
14409,79751782,79752282,500,0,100.0,0.0
14410,79752282,79752782,500,0,100.0,0.0
14411,79752782,79753282,500,0,100.0,0.0
14412,79753282,79753782,500,0,100.0,0.0
14413,79753782,79754282,500,0,100.0,0.0
14414,79754282,79754782,500,0,100.0,0.0
14415,79754782,79755282,500,0,100.0,0.0
14416,79755282,79755782,500,0,100.0,0.0
14417,79755782,79756282,500,0,100.0,0.0
14418,79756282,79756782,500,0,100.0,0.0
14419,79756782,79757282,500,0,100.0,0.0
14420,79757282,79757782,500,0,100.0,0.0
14421,79757782,79758282,500,0,100.0,0.0
14422,79758282,79758782,500,0,100.0,0.0
14423,79758782,79759282,500,0,100.0,0.0
14424,79759282,79759782,500,0,100.0,0.0
14425,79759782,79760282,381,119,76.2,23.799999999999997
14426,79760282,79760782,9,491,1.7999999999999998,98.2
14427,79760782,79761282,51,449,10.2,89.8
14428,79761282,79761782,313,187,62.6,37.4
14429,79761782,79762282,500,0,100.0,0.0
14430,79762282,79762782,500,0,100.0,0.0
14431,79762782,79763282,500,0,100.0,0.0
14432,79763282,79763782,500,0,100.0,0.0
14433,79763782,79764282,500,0,100.0,0.0
14434,79764282,79764782,500,0,100.0,0.0
14435,79764782,79765282,500,0,100.0,0.0
14436,79765282,79765782,500,0,100.0,0.0
14437,79765782,79766282,500,0,100.0,0.0
14438,79766282,79766782,500,0,100.0,0.0
14439,79766782,79767282,500,0,100.0,0.0
14440,79767282,79767782,500,0,100.0,0.0
14441,79767782,79768282,500,0,100.0,0.0
14442,79768282,79768782,500,0,100.0,0.0
14443,79768782,79769282,500,0,100.0,0.0
14444,79769282,79769782,500,0,100.0,0.0
14445,79769782,79770282,500,0,100.0,0.0
14446,79770282,79770782,500,0,100.0,0.0
14447,79770782,79771282,500,0,100.0,0.0
14448,79771282,79771782,500,0,100.0,0.0
14449,79771782,79772282,500,0,100.0,0.0
14450,79772282,79772782,500,0,100.0,0.0
14451,79772782,79773282,500,0,100.0,0.0
14452,79773282,79773782,500,0,100.0,0.0
14453,79773782,79774282,500,0,100.0,0.0
14454,79774282,79774782,500,0,100.0,0.0
14455,79774782,79775282,500,0,100.0,0.0
14456,79775282,79775782,267,233,53.400000000000006,46.599999999999994
14457,79775782,79776282,7,493,1.4000000000000001,98.6
14458,79776282,79776782,71,429,14.2,85.8
14459,79776782,79777282,378,122,75.6,24.400000000000006
14460,79777282,79777782,500,0,100.0,0.0
14461,79777782,79778282,500,0,100.0,0.0
14462,79778282,79778782,500,0,100.0,0.0
14463,79778782,79779282,500,0,100.0,0.0
14464,79779282,79779782,500,0,100.0,0.0
14465,79779782,79780282,500,0,100.0,0.0
14466,79780282,79780782,500,0,100.0,0.0
14467,79780782,79781282,500,0,100.0,0.0
14468,79781282,79781782,500,0,100.0,0.0
14469,79781782,79782282,500,0,100.0,0.0
14470,79782282,79782782,500,0,100.0,0.0
14471,79782782,79783282,500,0,100.0,0.0
14472,79783282,79783782,500,0,100.0,0.0
14473,79783782,79784282,500,0,100.0,0.0
14474,79784282,79784782,500,0,100.0,0.0
14475,79784782,79785282,500,0,100.0,0.0
14476,79785282,79785782,500,0,100.0,0.0
14477,79785782,79786282,500,0,100.0,0.0
14478,79786282,79786782,500,0,100.0,0.0
14479,79786782,79787282,500,0,100.0,0.0
14480,79787282,79787782,500,0,100.0,0.0
14481,79787782,79788282,500,0,100.0,0.0
14482,79788282,79788782,500,0,100.0,0.0
14483,79788782,79789282,500,0,100.0,0.0
14484,79789282,79789782,500,0,100.0,0.0
14485,79789782,79790282,500,0,100.0,0.0
14486,79790282,79790782,500,0,100.0,0.0
14487,79790782,79791282,500,0,100.0,0.0
14488,79791282,79791782,146,354,29.2,70.8
14489,79791782,79792282,21,479,4.2,95.8
14490,79792282,79792782,53,447,10.6,89.4
14491,79792782,79793282,472,28,94.39999999999999,5.6000000000000085
14492,79793282,79793782,500,0,100.0,0.0
14493,79793782,79794282,500,0,100.0,0.0
14494,79794282,79794782,500,0,100.0,0.0
14495,79794782,79795282,500,0,100.0,0.0
14496,79795282,79795782,500,0,100.0,0.0
14497,79795782,79796282,500,0,100.0,0.0
14498,79796282,79796782,500,0,100.0,0.0
14499,79796782,79797282,500,0,100.0,0.0
14500,79797282,79797782,500,0,100.0,0.0
14501,79797782,79798282,500,0,100.0,0.0
14502,79798282,79798782,500,0,100.0,0.0
14503,79798782,79799282,500,0,100.0,0.0
14504,79799282,79799782,500,0,100.0,0.0
14505,79799782,79800282,500,0,100.0,0.0
14506,79800282,79800782,500,0,100.0,0.0
14507,79800782,79801282,500,0,100.0,0.0
14508,79801282,79801782,500,0,100.0,0.0
14509,79801782,79802282,500,0,100.0,0.0
14510,79802282,79802782,500,0,100.0,0.0
14511,79802782,79803282,500,0,100.0,0.0
14512,79803282,79803782,500,0,100.0,0.0
14513,79803782,79804282,500,0,100.0,0.0
14514,79804282,79804782,500,0,100.0,0.0
14515,79804782,79805282,500,0,100.0,0.0
14516,79805282,79805782,500,0,100.0,0.0
14517,79805782,79806282,500,0,100.0,0.0
14518,79806282,79806782,500,0,100.0,0.0
14519,79806782,79807282,354,146,70.8,29.200000000000003
14520,79807282,79807782,8,492,1.6,98.4
14521,79807782,79808282,62,438,12.4,87.6
14522,79808282,79808782,295,205,59.0,41.0
14523,79808782,79809282,500,0,100.0,0.0
14524,79809282,79809782,500,0,100.0,0.0
14525,79809782,79810282,500,0,100.0,0.0
14526,79810282,79810782,500,0,100.0,0.0
14527,79810782,79811282,500,0,100.0,0.0
14528,79811282,79811782,500,0,100.0,0.0
14529,79811782,79812282,500,0,100.0,0.0
14530,79812282,79812782,500,0,100.0,0.0
14531,79812782,79813282,500,0,100.0,0.0
14532,79813282,79813782,500,0,100.0,0.0
14533,79813782,79814282,500,0,100.0,0.0
14534,79814282,79814782,500,0,100.0,0.0
14535,79814782,79815282,500,0,100.0,0.0
14536,79815282,79815782,500,0,100.0,0.0
14537,79815782,79816282,500,0,100.0,0.0
14538,79816282,79816782,500,0,100.0,0.0
14539,79816782,79817282,500,0,100.0,0.0
14540,79817282,79817782,500,0,100.0,0.0
14541,79817782,79818282,500,0,100.0,0.0
14542,79818282,79818782,500,0,100.0,0.0
14543,79818782,79819282,500,0,100.0,0.0
14544,79819282,79819782,500,0,100.0,0.0
14545,79819782,79820282,500,0,100.0,0.0
14546,79820282,79820782,500,0,100.0,0.0
14547,79820782,79821282,500,0,100.0,0.0
14548,79821282,79821782,500,0,100.0,0.0
14549,79821782,79822282,500,0,100.0,0.0
14550,79822282,79822782,264,236,52.800000000000004,47.199999999999996
14551,79822782,79823282,7,493,1.4000000000000001,98.6
14552,79823282,79823782,57,443,11.4,88.6
14553,79823782,79824282,392,108,78.4,21.599999999999994
14554,79824282,79824782,500,0,100.0,0.0
14555,79824782,79825282,500,0,100.0,0.0
14556,79825282,79825782,500,0,100.0,0.0
14557,79825782,79826282,500,0,100.0,0.0
14558,79826282,79826782,500,0,100.0,0.0
14559,79826782,79827282,500,0,100.0,0.0
14560,79827282,79827782,500,0,100.0,0.0
14561,79827782,79828282,500,0,100.0,0.0
14562,79828282,79828782,500,0,100.0,0.0
14563,79828782,79829282,500,0,100.0,0.0
14564,79829282,79829782,500,0,100.0,0.0
14565,79829782,79830282,500,0,100.0,0.0
14566,79830282,79830782,500,0,100.0,0.0
14567,79830782,79831282,500,0,100.0,0.0
14568,79831282,79831782,500,0,100.0,0.0
14569,79831782,79832282,500,0,100.0,0.0
14570,79832282,79832782,500,0,100.0,0.0
14571,79832782,79833282,500,0,100.0,0.0
14572,79833282,79833782,500,0,100.0,0.0
14573,79833782,79834282,500,0,100.0,0.0
14574,79834282,79834782,500,0,100.0,0.0
14575,79834782,79835282,500,0,100.0,0.0
14576,79835282,79835782,500,0,100.0,0.0
14577,79835782,79836282,500,0,100.0,0.0
14578,79836282,79836782,500,0,100.0,0.0
14579,79836782,79837282,500,0,100.0,0.0
14580,79837282,79837782,356,144,71.2,28.799999999999997
14581,79837782,79838282,6,494,1.2,98.8
14582,79838282,79838782,44,456,8.799999999999999,91.2
14583,79838782,79839282,367,133,73.4,26.599999999999994
14584,79839282,79839782,500,0,100.0,0.0
14585,79839782,79840282,500,0,100.0,0.0
14586,79840282,79840782,500,0,100.0,0.0
14587,79840782,79841282,500,0,100.0,0.0
14588,79841282,79841782,500,0,100.0,0.0
14589,79841782,79842282,500,0,100.0,0.0
14590,79842282,79842782,500,0,100.0,0.0
14591,79842782,79843282,500,0,100.0,0.0
14592,79843282,79843782,500,0,100.0,0.0
14593,79843782,79844282,500,0,100.0,0.0
14594,79844282,79844782,500,0,100.0,0.0
14595,79844782,79845282,500,0,100.0,0.0
14596,79845282,79845782,500,0,100.0,0.0
14597,79845782,79846282,500,0,100.0,0.0
14598,79846282,79846782,500,0,100.0,0.0
14599,79846782,79847282,500,0,100.0,0.0
14600,79847282,79847782,500,0,100.0,0.0
14601,79847782,79848282,500,0,100.0,0.0
14602,79848282,79848782,500,0,100.0,0.0
14603,79848782,79849282,500,0,100.0,0.0
14604,79849282,79849782,500,0,100.0,0.0
14605,79849782,79850282,500,0,100.0,0.0
14606,79850282,79850782,500,0,100.0,0.0
14607,79850782,79851282,500,0,100.0,0.0
14608,79851282,79851782,500,0,100.0,0.0
14609,79851782,79852282,500,0,100.0,0.0
14610,79852282,79852782,500,0,100.0,0.0
14611,79852782,79853282,500,0,100.0,0.0
14612,79853282,79853782,500,0,100.0,0.0
14613,79853782,79854282,500,0,100.0,0.0
14614,79854282,79854782,130,370,26.0,74.0
14615,79854782,79855282,38,462,7.6,92.4
14616,79855282,79855782,42,458,8.4,91.6
14617,79855782,79856282,500,0,100.0,0.0
14618,79856282,79856782,500,0,100.0,0.0
14619,79856782,79857282,500,0,100.0,0.0
14620,79857282,79857782,500,0,100.0,0.0
14621,79857782,79858282,500,0,100.0,0.0
14622,79858282,79858782,500,0,100.0,0.0
14623,79858782,79859282,500,0,100.0,0.0
14624,79859282,79859782,500,0,100.0,0.0
14625,79859782,79860282,500,0,100.0,0.0
14626,79860282,79860782,500,0,100.0,0.0
14627,79860782,79861282,500,0,100.0,0.0
14628,79861282,79861782,500,0,100.0,0.0
14629,79861782,79862282,500,0,100.0,0.0
14630,79862282,79862782,500,0,100.0,0.0
14631,79862782,79863282,500,0,100.0,0.0
14632,79863282,79863782,500,0,100.0,0.0
14633,79863782,79864282,500,0,100.0,0.0
14634,79864282,79864782,500,0,100.0,0.0
14635,79864782,79865282,500,0,100.0,0.0
14636,79865282,79865782,500,0,100.0,0.0
14637,79865782,79866282,500,0,100.0,0.0
14638,79866282,79866782,500,0,100.0,0.0
14639,79866782,79867282,500,0,100.0,0.0
14640,79867282,79867782,500,0,100.0,0.0
14641,79867782,79868282,500,0,100.0,0.0
14642,79868282,79868782,500,0,100.0,0.0
14643,79868782,79869282,500,0,100.0,0.0
14644,79869282,79869782,143,357,28.599999999999998,71.4
14645,79869782,79870282,6,494,1.2,98.8
14646,79870282,79870782,58,442,11.600000000000001,88.4
14647,79870782,79871282,421,79,84.2,15.799999999999997
14648,79871282,79871782,500,0,100.0,0.0
14649,79871782,79872282,500,0,100.0,0.0
14650,79872282,79872782,500,0,100.0,0.0
14651,79872782,79873282,500,0,100.0,0.0
14652,79873282,79873782,500,0,100.0,0.0
14653,79873782,79874282,500,0,100.0,0.0
14654,79874282,79874782,500,0,100.0,0.0
14655,79874782,79875282,500,0,100.0,0.0
14656,79875282,79875782,500,0,100.0,0.0
14657,79875782,79876282,500,0,100.0,0.0
14658,79876282,79876782,500,0,100.0,0.0
14659,79876782,79877282,500,0,100.0,0.0
14660,79877282,79877782,500,0,100.0,0.0
14661,79877782,79878282,500,0,100.0,0.0
14662,79878282,79878782,500,0,100.0,0.0
14663,79878782,79879282,500,0,100.0,0.0
14664,79879282,79879782,500,0,100.0,0.0
14665,79879782,79880282,500,0,100.0,0.0
14666,79880282,79880782,500,0,100.0,0.0
14667,79880782,79881282,500,0,100.0,0.0
14668,79881282,79881782,500,0,100.0,0.0
14669,79881782,79882282,500,0,100.0,0.0
14670,79882282,79882782,500,0,100.0,0.0
14671,79882782,79883282,500,0,100.0,0.0
14672,79883282,79883782,500,0,100.0,0.0
14673,79883782,79884282,500,0,100.0,0.0
14674,79884282,79884782,405,95,81.0,19.0
14675,79884782,79885282,6,494,1.2,98.8
14676,79885282,79885782,57,443,11.4,88.6
14677,79885782,79886282,158,342,31.6,68.4
14678,79886282,79886782,500,0,100.0,0.0
14679,79886782,79887282,500,0,100.0,0.0
14680,79887282,79887782,500,0,100.0,0.0
14681,79887782,79888282,500,0,100.0,0.0
14682,79888282,79888782,500,0,100.0,0.0
14683,79888782,79889282,500,0,100.0,0.0
14684,79889282,79889782,500,0,100.0,0.0
14685,79889782,79890282,500,0,100.0,0.0
14686,79890282,79890782,500,0,100.0,0.0
14687,79890782,79891282,500,0,100.0,0.0
14688,79891282,79891782,500,0,100.0,0.0
14689,79891782,79892282,500,0,100.0,0.0
14690,79892282,79892782,500,0,100.0,0.0
14691,79892782,79893282,500,0,100.0,0.0
14692,79893282,79893782,500,0,100.0,0.0
14693,79893782,79894282,500,0,100.0,0.0
14694,79894282,79894782,500,0,100.0,0.0
14695,79894782,79895282,500,0,100.0,0.0
14696,79895282,79895782,500,0,100.0,0.0
14697,79895782,79896282,500,0,100.0,0.0
14698,79896282,79896782,500,0,100.0,0.0
14699,79896782,79897282,500,0,100.0,0.0
14700,79897282,79897782,500,0,100.0,0.0
14701,79897782,79898282,500,0,100.0,0.0
14702,79898282,79898782,500,0,100.0,0.0
14703,79898782,79899282,500,0,100.0,0.0
14704,79899282,79899782,500,0,100.0,0.0
14705,79899782,79900282,75,425,15.0,85.0
14706,79900282,79900782,42,458,8.4,91.6
14707,79900782,79901282,6,494,1.2,98.8
14708,79901282,79901782,472,28,94.39999999999999,5.6000000000000085
14709,79901782,79902282,500,0,100.0,0.0
14710,79902282,79902782,500,0,100.0,0.0
14711,79902782,79903282,500,0,100.0,0.0
14712,79903282,79903782,500,0,100.0,0.0
14713,79903782,79904282,500,0,100.0,0.0
14714,79904282,79904782,500,0,100.0,0.0
14715,79904782,79905282,500,0,100.0,0.0
14716,79905282,79905782,500,0,100.0,0.0
14717,79905782,79906282,500,0,100.0,0.0
14718,79906282,79906782,500,0,100.0,0.0
14719,79906782,79907282,500,0,100.0,0.0
14720,79907282,79907782,500,0,100.0,0.0
14721,79907782,79908282,500,0,100.0,0.0
14722,79908282,79908782,500,0,100.0,0.0
14723,79908782,79909282,500,0,100.0,0.0
14724,79909282,79909782,500,0,100.0,0.0
14725,79909782,79910282,500,0,100.0,0.0
14726,79910282,79910782,500,0,100.0,0.0
14727,79910782,79911282,500,0,100.0,0.0
14728,79911282,79911782,500,0,100.0,0.0
14729,79911782,79912282,500,0,100.0,0.0
14730,79912282,79912782,500,0,100.0,0.0
14731,79912782,79913282,500,0,100.0,0.0
14732,79913282,79913782,500,0,100.0,0.0
14733,79913782,79914282,500,0,100.0,0.0
14734,79914282,79914782,500,0,100.0,0.0
14735,79914782,79915282,134,366,26.8,73.2
14736,79915282,79915782,44,456,8.799999999999999,91.2
14737,79915782,79916282,16,484,3.2,96.8
14738,79916282,79916782,500,0,100.0,0.0
14739,79916782,79917282,500,0,100.0,0.0
14740,79917282,79917782,500,0,100.0,0.0
14741,79917782,79918282,500,0,100.0,0.0
14742,79918282,79918782,500,0,100.0,0.0
14743,79918782,79919282,500,0,100.0,0.0
14744,79919282,79919782,500,0,100.0,0.0
14745,79919782,79920282,500,0,100.0,0.0
14746,79920282,79920782,500,0,100.0,0.0
14747,79920782,79921282,500,0,100.0,0.0
14748,79921282,79921782,500,0,100.0,0.0
14749,79921782,79922282,500,0,100.0,0.0
14750,79922282,79922782,500,0,100.0,0.0
14751,79922782,79923282,500,0,100.0,0.0
14752,79923282,79923782,500,0,100.0,0.0
14753,79923782,79924282,500,0,100.0,0.0
14754,79924282,79924782,500,0,100.0,0.0
14755,79924782,79925282,500,0,100.0,0.0
14756,79925282,79925782,500,0,100.0,0.0
14757,79925782,79926282,500,0,100.0,0.0
14758,79926282,79926782,500,0,100.0,0.0
14759,79926782,79927282,500,0,100.0,0.0
14760,79927282,79927782,500,0,100.0,0.0
14761,79927782,79928282,500,0,100.0,0.0
14762,79928282,79928782,500,0,100.0,0.0
14763,79928782,79929282,500,0,100.0,0.0
14764,79929282,79929782,500,0,100.0,0.0
14765,79929782,79930282,167,333,33.4,66.6
14766,79930282,79930782,50,450,10.0,90.0
14767,79930782,79931282,6,494,1.2,98.8
14768,79931282,79931782,448,52,89.60000000000001,10.399999999999991
14769,79931782,79932282,500,0,100.0,0.0
14770,79932282,79932782,500,0,100.0,0.0
14771,79932782,79933282,500,0,100.0,0.0
14772,79933282,79933782,500,0,100.0,0.0
14773,79933782,79934282,500,0,100.0,0.0
14774,79934282,79934782,500,0,100.0,0.0
14775,79934782,79935282,500,0,100.0,0.0
14776,79935282,79935782,500,0,100.0,0.0
14777,79935782,79936282,500,0,100.0,0.0
14778,79936282,79936782,500,0,100.0,0.0
14779,79936782,79937282,500,0,100.0,0.0
14780,79937282,79937782,500,0,100.0,0.0
14781,79937782,79938282,500,0,100.0,0.0
14782,79938282,79938782,500,0,100.0,0.0
14783,79938782,79939282,500,0,100.0,0.0
14784,79939282,79939782,500,0,100.0,0.0
14785,79939782,79940282,500,0,100.0,0.0
14786,79940282,79940782,500,0,100.0,0.0
14787,79940782,79941282,500,0,100.0,0.0
14788,79941282,79941782,500,0,100.0,0.0
14789,79941782,79942282,500,0,100.0,0.0
14790,79942282,79942782,500,0,100.0,0.0
14791,79942782,79943282,500,0,100.0,0.0
14792,79943282,79943782,500,0,100.0,0.0
14793,79943782,79944282,500,0,100.0,0.0
14794,79944282,79944782,500,0,100.0,0.0
14795,79944782,79945282,500,0,100.0,0.0
14796,79945282,79945782,500,0,100.0,0.0
14797,79945782,79946282,500,0,100.0,0.0
14798,79946282,79946782,500,0,100.0,0.0
14799,79946782,79947282,500,0,100.0,0.0
14800,79947282,79947782,107,393,21.4,78.6
14801,79947782,79948282,66,434,13.200000000000001,86.8
14802,79948282,79948782,41,459,8.200000000000001,91.8
14803,79948782,79949282,500,0,100.0,0.0
14804,79949282,79949782,500,0,100.0,0.0
14805,79949782,79950282,500,0,100.0,0.0
14806,79950282,79950782,500,0,100.0,0.0
14807,79950782,79951282,500,0,100.0,0.0
14808,79951282,79951782,500,0,100.0,0.0
14809,79951782,79952282,500,0,100.0,0.0
14810,79952282,79952782,500,0,100.0,0.0
14811,79952782,79953282,500,0,100.0,0.0
14812,79953282,79953782,500,0,100.0,0.0
14813,79953782,79954282,500,0,100.0,0.0
14814,79954282,79954782,500,0,100.0,0.0
14815,79954782,79955282,500,0,100.0,0.0
14816,79955282,79955782,500,0,100.0,0.0
14817,79955782,79956282,500,0,100.0,0.0
14818,79956282,79956782,500,0,100.0,0.0
14819,79956782,79957282,500,0,100.0,0.0
14820,79957282,79957782,500,0,100.0,0.0
14821,79957782,79958282,500,0,100.0,0.0
14822,79958282,79958782,500,0,100.0,0.0
14823,79958782,79959282,500,0,100.0,0.0
14824,79959282,79959782,500,0,100.0,0.0
14825,79959782,79960282,500,0,100.0,0.0
14826,79960282,79960782,500,0,100.0,0.0
14827,79960782,79961282,500,0,100.0,0.0
14828,79961282,79961782,500,0,100.0,0.0
14829,79961782,79962282,500,0,100.0,0.0
14830,79962282,79962782,30,470,6.0,94.0
14831,79962782,79963282,45,455,9.0,91.0
14832,79963282,79963782,173,327,34.599999999999994,65.4
14833,79963782,79964282,500,0,100.0,0.0
14834,79964282,79964782,500,0,100.0,0.0
14835,79964782,79965282,500,0,100.0,0.0
14836,79965282,79965782,500,0,100.0,0.0
14837,79965782,79966282,500,0,100.0,0.0
14838,79966282,79966782,500,0,100.0,0.0
14839,79966782,79967282,500,0,100.0,0.0
14840,79967282,79967782,500,0,100.0,0.0
14841,79967782,79968282,500,0,100.0,0.0
14842,79968282,79968782,500,0,100.0,0.0
14843,79968782,79969282,500,0,100.0,0.0
14844,79969282,79969782,500,0,100.0,0.0
14845,79969782,79970282,500,0,100.0,0.0
14846,79970282,79970782,500,0,100.0,0.0
14847,79970782,79971282,500,0,100.0,0.0
14848,79971282,79971782,500,0,100.0,0.0
14849,79971782,79972282,500,0,100.0,0.0
14850,79972282,79972782,500,0,100.0,0.0
14851,79972782,79973282,500,0,100.0,0.0
14852,79973282,79973782,500,0,100.0,0.0
14853,79973782,79974282,500,0,100.0,0.0
14854,79974282,79974782,500,0,100.0,0.0
14855,79974782,79975282,500,0,100.0,0.0
14856,79975282,79975782,500,0,100.0,0.0
14857,79975782,79976282,500,0,100.0,0.0
14858,79976282,79976782,500,0,100.0,0.0
14859,79976782,79977282,387,113,77.4,22.599999999999994
14860,79977282,79977782,8,492,1.6,98.4
14861,79977782,79978282,53,447,10.6,89.4
14862,79978282,79978782,276,224,55.2,44.8
14863,79978782,79979282,500,0,100.0,0.0
14864,79979282,79979782,500,0,100.0,0.0
14865,79979782,79980282,500,0,100.0,0.0
14866,79980282,79980782,500,0,100.0,0.0
14867,79980782,79981282,500,0,100.0,0.0
14868,79981282,79981782,500,0,100.0,0.0
14869,79981782,79982282,500,0,100.0,0.0
14870,79982282,79982782,500,0,100.0,0.0
14871,79982782,79983282,500,0,100.0,0.0
14872,79983282,79983782,500,0,100.0,0.0
14873,79983782,79984282,500,0,100.0,0.0
14874,79984282,79984782,500,0,100.0,0.0
14875,79984782,79985282,500,0,100.0,0.0
14876,79985282,79985782,500,0,100.0,0.0
14877,79985782,79986282,500,0,100.0,0.0
14878,79986282,79986782,500,0,100.0,0.0
14879,79986782,79987282,500,0,100.0,0.0
14880,79987282,79987782,500,0,100.0,0.0
14881,79987782,79988282,500,0,100.0,0.0
14882,79988282,79988782,500,0,100.0,0.0
14883,79988782,79989282,500,0,100.0,0.0
14884,79989282,79989782,500,0,100.0,0.0
14885,79989782,79990282,500,0,100.0,0.0
14886,79990282,79990782,500,0,100.0,0.0
14887,79990782,79991282,500,0,100.0,0.0
14888,79991282,79991782,500,0,100.0,0.0
14889,79991782,79992282,344,156,68.8,31.200000000000003
14890,79992282,79992782,9,491,1.7999999999999998,98.2
14891,79992782,79993282,72,428,14.399999999999999,85.6
14892,79993282,79993782,364,136,72.8,27.200000000000003
14893,79993782,79994282,500,0,100.0,0.0
14894,79994282,79994782,500,0,100.0,0.0
14895,79994782,79995282,500,0,100.0,0.0
14896,79995282,79995782,500,0,100.0,0.0
14897,79995782,79996282,500,0,100.0,0.0
14898,79996282,79996782,500,0,100.0,0.0
14899,79996782,79997282,500,0,100.0,0.0
14900,79997282,79997782,500,0,100.0,0.0
14901,79997782,79998282,500,0,100.0,0.0
14902,79998282,79998782,500,0,100.0,0.0
14903,79998782,79999282,500,0,100.0,0.0
14904,79999282,79999782,500,0,100.0,0.0
14905,79999782,80000282,500,0,100.0,0.0
14906,80000282,80000782,500,0,100.0,0.0
14907,80000782,80001282,500,0,100.0,0.0
14908,80001282,80001782,500,0,100.0,0.0
14909,80001782,80002282,500,0,100.0,0.0
14910,80002282,80002782,500,0,100.0,0.0
14911,80002782,80003282,500,0,100.0,0.0
14912,80003282,80003782,500,0,100.0,0.0
14913,80003782,80004282,500,0,100.0,0.0
14914,80004282,80004782,500,0,100.0,0.0
14915,80004782,80005282,500,0,100.0,0.0
14916,80005282,80005782,500,0,100.0,0.0
14917,80005782,80006282,500,0,100.0,0.0
14918,80006282,80006782,500,0,100.0,0.0
14919,80006782,80007282,500,0,100.0,0.0
14920,80007282,80007782,10,490,2.0,98.0
14921,80007782,80008282,46,454,9.2,90.8
14922,80008282,80008782,73,427,14.6,85.4
14923,80008782,80009282,500,0,100.0,0.0
14924,80009282,80009782,500,0,100.0,0.0
14925,80009782,80010282,500,0,100.0,0.0
14926,80010282,80010782,500,0,100.0,0.0
14927,80010782,80011282,500,0,100.0,0.0
14928,80011282,80011782,500,0,100.0,0.0
14929,80011782,80012282,500,0,100.0,0.0
14930,80012282,80012782,500,0,100.0,0.0
14931,80012782,80013282,500,0,100.0,0.0
14932,80013282,80013782,500,0,100.0,0.0
14933,80013782,80014282,500,0,100.0,0.0
14934,80014282,80014782,500,0,100.0,0.0
14935,80014782,80015282,500,0,100.0,0.0
14936,80015282,80015782,500,0,100.0,0.0
14937,80015782,80016282,500,0,100.0,0.0
14938,80016282,80016782,500,0,100.0,0.0
14939,80016782,80017282,500,0,100.0,0.0
14940,80017282,80017782,500,0,100.0,0.0
14941,80017782,80018282,500,0,100.0,0.0
14942,80018282,80018782,500,0,100.0,0.0
14943,80018782,80019282,500,0,100.0,0.0
14944,80019282,80019782,500,0,100.0,0.0
14945,80019782,80020282,500,0,100.0,0.0
14946,80020282,80020782,500,0,100.0,0.0
14947,80020782,80021282,500,0,100.0,0.0
14948,80021282,80021782,500,0,100.0,0.0
14949,80021782,80022282,500,0,100.0,0.0
14950,80022282,80022782,349,151,69.8,30.200000000000003
14951,80022782,80023282,7,493,1.4000000000000001,98.6
14952,80023282,80023782,71,429,14.2,85.8
14953,80023782,80024282,353,147,70.6,29.400000000000006
14954,80024282,80024782,500,0,100.0,0.0
14955,80024782,80025282,500,0,100.0,0.0
14956,80025282,80025782,500,0,100.0,0.0
14957,80025782,80026282,500,0,100.0,0.0
14958,80026282,80026782,500,0,100.0,0.0
14959,80026782,80027282,500,0,100.0,0.0
14960,80027282,80027782,500,0,100.0,0.0
14961,80027782,80028282,500,0,100.0,0.0
14962,80028282,80028782,500,0,100.0,0.0
14963,80028782,80029282,500,0,100.0,0.0
14964,80029282,80029782,500,0,100.0,0.0
14965,80029782,80030282,500,0,100.0,0.0
14966,80030282,80030782,500,0,100.0,0.0
14967,80030782,80031282,500,0,100.0,0.0
14968,80031282,80031782,500,0,100.0,0.0
14969,80031782,80032282,500,0,100.0,0.0
14970,80032282,80032782,500,0,100.0,0.0
14971,80032782,80033282,500,0,100.0,0.0
14972,80033282,80033782,500,0,100.0,0.0
14973,80033782,80034282,500,0,100.0,0.0
14974,80034282,80034782,500,0,100.0,0.0
14975,80034782,80035282,500,0,100.0,0.0
14976,80035282,80035782,500,0,100.0,0.0
14977,80035782,80036282,500,0,100.0,0.0
14978,80036282,80036782,500,0,100.0,0.0
14979,80036782,80037282,500,0,100.0,0.0
14980,80037282,80037782,215,285,43.0,57.0
14981,80037782,80038282,6,494,1.2,98.8
14982,80038282,80038782,48,452,9.6,90.4
14983,80038782,80039282,495,5,99.0,1.0
14984,80039282,80039782,500,0,100.0,0.0
14985,80039782,80040282,500,0,100.0,0.0
14986,80040282,80040782,500,0,100.0,0.0
14987,80040782,80041282,500,0,100.0,0.0
14988,80041282,80041782,500,0,100.0,0.0
14989,80041782,80042282,500,0,100.0,0.0
14990,80042282,80042782,500,0,100.0,0.0
14991,80042782,80043282,500,0,100.0,0.0
14992,80043282,80043782,500,0,100.0,0.0
14993,80043782,80044282,500,0,100.0,0.0
14994,80044282,80044782,500,0,100.0,0.0
14995,80044782,80045282,500,0,100.0,0.0
14996,80045282,80045782,500,0,100.0,0.0
14997,80045782,80046282,500,0,100.0,0.0
14998,80046282,80046782,500,0,100.0,0.0
14999,80046782,80047282,500,0,100.0,0.0
15000,80047282,80047782,500,0,100.0,0.0
15001,80047782,80048282,500,0,100.0,0.0
15002,80048282,80048782,500,0,100.0,0.0
15003,80048782,80049282,500,0,100.0,0.0
15004,80049282,80049782,500,0,100.0,0.0
15005,80049782,80050282,500,0,100.0,0.0
15006,80050282,80050782,500,0,100.0,0.0
15007,80050782,80051282,500,0,100.0,0.0
15008,80051282,80051782,500,0,100.0,0.0
15009,80051782,80052282,500,0,100.0,0.0
15010,80052282,80052782,81,419,16.2,83.8
15011,80052782,80053282,49,451,9.8,90.2
15012,80053282,80053782,127,373,25.4,74.6
15013,80053782,80054282,500,0,100.0,0.0
15014,80054282,80054782,500,0,100.0,0.0
15015,80054782,80055282,500,0,100.0,0.0
15016,80055282,80055782,500,0,100.0,0.0
15017,80055782,80056282,500,0,100.0,0.0
15018,80056282,80056782,500,0,100.0,0.0
15019,80056782,80057282,500,0,100.0,0.0
15020,80057282,80057782,500,0,100.0,0.0
15021,80057782,80058282,500,0,100.0,0.0
15022,80058282,80058782,500,0,100.0,0.0
15023,80058782,80059282,500,0,100.0,0.0
15024,80059282,80059782,500,0,100.0,0.0
15025,80059782,80060282,500,0,100.0,0.0
15026,80060282,80060782,500,0,100.0,0.0
15027,80060782,80061282,500,0,100.0,0.0
15028,80061282,80061782,500,0,100.0,0.0
15029,80061782,80062282,500,0,100.0,0.0
15030,80062282,80062782,500,0,100.0,0.0
15031,80062782,80063282,500,0,100.0,0.0
15032,80063282,80063782,500,0,100.0,0.0
15033,80063782,80064282,500,0,100.0,0.0
15034,80064282,80064782,500,0,100.0,0.0
15035,80064782,80065282,500,0,100.0,0.0
15036,80065282,80065782,500,0,100.0,0.0
15037,80065782,80066282,500,0,100.0,0.0
15038,80066282,80066782,500,0,100.0,0.0
15039,80066782,80067282,449,51,89.8,10.200000000000003
15040,80067282,80067782,8,492,1.6,98.4
15041,80067782,80068282,77,423,15.4,84.6
15042,80068282,80068782,254,246,50.8,49.2
15043,80068782,80069282,500,0,100.0,0.0
15044,80069282,80069782,500,0,100.0,0.0
15045,80069782,80070282,500,0,100.0,0.0
15046,80070282,80070782,500,0,100.0,0.0
15047,80070782,80071282,500,0,100.0,0.0
15048,80071282,80071782,500,0,100.0,0.0
15049,80071782,80072282,500,0,100.0,0.0
15050,80072282,80072782,500,0,100.0,0.0
15051,80072782,80073282,500,0,100.0,0.0
15052,80073282,80073782,500,0,100.0,0.0
15053,80073782,80074282,500,0,100.0,0.0
15054,80074282,80074782,500,0,100.0,0.0
15055,80074782,80075282,500,0,100.0,0.0
15056,80075282,80075782,500,0,100.0,0.0
15057,80075782,80076282,500,0,100.0,0.0
15058,80076282,80076782,500,0,100.0,0.0
15059,80076782,80077282,500,0,100.0,0.0
15060,80077282,80077782,500,0,100.0,0.0
15061,80077782,80078282,500,0,100.0,0.0
15062,80078282,80078782,500,0,100.0,0.0
15063,80078782,80079282,500,0,100.0,0.0
15064,80079282,80079782,500,0,100.0,0.0
15065,80079782,80080282,500,0,100.0,0.0
15066,80080282,80080782,500,0,100.0,0.0
15067,80080782,80081282,500,0,100.0,0.0
15068,80081282,80081782,500,0,100.0,0.0
15069,80081782,80082282,475,25,95.0,5.0
15070,80082282,80082782,8,492,1.6,98.4
15071,80082782,80083282,91,409,18.2,81.8
15072,80083282,80083782,160,340,32.0,68.0
15073,80083782,80084282,500,0,100.0,0.0
15074,80084282,80084782,500,0,100.0,0.0
15075,80084782,80085282,500,0,100.0,0.0
15076,80085282,80085782,500,0,100.0,0.0
15077,80085782,80086282,500,0,100.0,0.0
15078,80086282,80086782,500,0,100.0,0.0
15079,80086782,80087282,500,0,100.0,0.0
15080,80087282,80087782,500,0,100.0,0.0
15081,80087782,80088282,500,0,100.0,0.0
15082,80088282,80088782,500,0,100.0,0.0
15083,80088782,80089282,500,0,100.0,0.0
15084,80089282,80089782,500,0,100.0,0.0
15085,80089782,80090282,500,0,100.0,0.0
15086,80090282,80090782,500,0,100.0,0.0
15087,80090782,80091282,500,0,100.0,0.0
15088,80091282,80091782,500,0,100.0,0.0
15089,80091782,80092282,500,0,100.0,0.0
15090,80092282,80092782,500,0,100.0,0.0
15091,80092782,80093282,500,0,100.0,0.0
15092,80093282,80093782,500,0,100.0,0.0
15093,80093782,80094282,500,0,100.0,0.0
15094,80094282,80094782,500,0,100.0,0.0
15095,80094782,80095282,500,0,100.0,0.0
15096,80095282,80095782,500,0,100.0,0.0
15097,80095782,80096282,500,0,100.0,0.0
15098,80096282,80096782,500,0,100.0,0.0
15099,80096782,80097282,500,0,100.0,0.0
15100,80097282,80097782,459,41,91.8,8.200000000000003
15101,80097782,80098282,5,495,1.0,99.0
15102,80098282,80098782,73,427,14.6,85.4
15103,80098782,80099282,6,494,1.2,98.8
15104,80099282,80099782,470,30,94.0,6.0
15105,80099782,80100282,500,0,100.0,0.0
15106,80100282,80100782,500,0,100.0,0.0
15107,80100782,80101282,500,0,100.0,0.0
15108,80101282,80101782,500,0,100.0,0.0
15109,80101782,80102282,500,0,100.0,0.0
15110,80102282,80102782,500,0,100.0,0.0
15111,80102782,80103282,500,0,100.0,0.0
15112,80103282,80103782,500,0,100.0,0.0
15113,80103782,80104282,500,0,100.0,0.0
15114,80104282,80104782,500,0,100.0,0.0
15115,80104782,80105282,500,0,100.0,0.0
15116,80105282,80105782,500,0,100.0,0.0
15117,80105782,80106282,500,0,100.0,0.0
15118,80106282,80106782,500,0,100.0,0.0
15119,80106782,80107282,500,0,100.0,0.0
15120,80107282,80107782,500,0,100.0,0.0
15121,80107782,80108282,500,0,100.0,0.0
15122,80108282,80108782,500,0,100.0,0.0
15123,80108782,80109282,500,0,100.0,0.0
15124,80109282,80109782,500,0,100.0,0.0
15125,80109782,80110282,500,0,100.0,0.0
15126,80110282,80110782,500,0,100.0,0.0
15127,80110782,80111282,500,0,100.0,0.0
15128,80111282,80111782,500,0,100.0,0.0
15129,80111782,80112282,500,0,100.0,0.0
15130,80112282,80112782,500,0,100.0,0.0
15131,80112782,80113282,387,113,77.4,22.599999999999994
15132,80113282,80113782,8,492,1.6,98.4
15133,80113782,80114282,78,422,15.6,84.4
15134,80114282,80114782,281,219,56.2,43.8
15135,80114782,80115282,500,0,100.0,0.0
15136,80115282,80115782,500,0,100.0,0.0
15137,80115782,80116282,500,0,100.0,0.0
15138,80116282,80116782,500,0,100.0,0.0
15139,80116782,80117282,500,0,100.0,0.0
15140,80117282,80117782,500,0,100.0,0.0
15141,80117782,80118282,500,0,100.0,0.0
15142,80118282,80118782,500,0,100.0,0.0
15143,80118782,80119282,500,0,100.0,0.0
15144,80119282,80119782,500,0,100.0,0.0
15145,80119782,80120282,500,0,100.0,0.0
15146,80120282,80120782,500,0,100.0,0.0
15147,80120782,80121282,500,0,100.0,0.0
15148,80121282,80121782,500,0,100.0,0.0
15149,80121782,80122282,500,0,100.0,0.0
15150,80122282,80122782,500,0,100.0,0.0
15151,80122782,80123282,500,0,100.0,0.0
15152,80123282,80123782,500,0,100.0,0.0
15153,80123782,80124282,500,0,100.0,0.0
15154,80124282,80124782,500,0,100.0,0.0
15155,80124782,80125282,500,0,100.0,0.0
15156,80125282,80125782,500,0,100.0,0.0
15157,80125782,80126282,500,0,100.0,0.0
15158,80126282,80126782,500,0,100.0,0.0
15159,80126782,80127282,500,0,100.0,0.0
15160,80127282,80127782,500,0,100.0,0.0
15161,80127782,80128282,500,0,100.0,0.0
15162,80128282,80128782,103,397,20.599999999999998,79.4
15163,80128782,80129282,54,446,10.8,89.2
15164,80129282,80129782,95,405,19.0,81.0
15165,80129782,80130282,500,0,100.0,0.0
15166,80130282,80130782,500,0,100.0,0.0
15167,80130782,80131282,500,0,100.0,0.0
15168,80131282,80131782,500,0,100.0,0.0
15169,80131782,80132282,500,0,100.0,0.0
15170,80132282,80132782,500,0,100.0,0.0
15171,80132782,80133282,500,0,100.0,0.0
15172,80133282,80133782,500,0,100.0,0.0
15173,80133782,80134282,500,0,100.0,0.0
15174,80134282,80134782,500,0,100.0,0.0
15175,80134782,80135282,500,0,100.0,0.0
15176,80135282,80135782,500,0,100.0,0.0
15177,80135782,80136282,500,0,100.0,0.0
15178,80136282,80136782,500,0,100.0,0.0
15179,80136782,80137282,500,0,100.0,0.0
15180,80137282,80137782,500,0,100.0,0.0
15181,80137782,80138282,500,0,100.0,0.0
15182,80138282,80138782,500,0,100.0,0.0
15183,80138782,80139282,500,0,100.0,0.0
15184,80139282,80139782,500,0,100.0,0.0
15185,80139782,80140282,500,0,100.0,0.0
15186,80140282,80140782,500,0,100.0,0.0
15187,80140782,80141282,500,0,100.0,0.0
15188,80141282,80141782,500,0,100.0,0.0
15189,80141782,80142282,500,0,100.0,0.0
15190,80142282,80142782,500,0,100.0,0.0
15191,80142782,80143282,500,0,100.0,0.0
15192,80143282,80143782,268,232,53.6,46.4
15193,80143782,80144282,7,493,1.4000000000000001,98.6
15194,80144282,80144782,49,451,9.8,90.2
15195,80144782,80145282,469,31,93.8,6.200000000000003
15196,80145282,80145782,500,0,100.0,0.0
15197,80145782,80146282,500,0,100.0,0.0
15198,80146282,80146782,500,0,100.0,0.0
15199,80146782,80147282,500,0,100.0,0.0
15200,80147282,80147782,500,0,100.0,0.0
15201,80147782,80148282,500,0,100.0,0.0
15202,80148282,80148782,500,0,100.0,0.0
15203,80148782,80149282,500,0,100.0,0.0
15204,80149282,80149782,500,0,100.0,0.0
15205,80149782,80150282,500,0,100.0,0.0
15206,80150282,80150782,500,0,100.0,0.0
15207,80150782,80151282,500,0,100.0,0.0
15208,80151282,80151782,500,0,100.0,0.0
15209,80151782,80152282,500,0,100.0,0.0
15210,80152282,80152782,500,0,100.0,0.0
15211,80152782,80153282,500,0,100.0,0.0
15212,80153282,80153782,500,0,100.0,0.0
15213,80153782,80154282,500,0,100.0,0.0
15214,80154282,80154782,500,0,100.0,0.0
15215,80154782,80155282,500,0,100.0,0.0
15216,80155282,80155782,500,0,100.0,0.0
15217,80155782,80156282,500,0,100.0,0.0
15218,80156282,80156782,500,0,100.0,0.0
15219,80156782,80157282,500,0,100.0,0.0
15220,80157282,80157782,500,0,100.0,0.0
15221,80157782,80158282,500,0,100.0,0.0
15222,80158282,80158782,500,0,100.0,0.0
15223,80158782,80159282,500,0,100.0,0.0
15224,80159282,80159782,244,256,48.8,51.2
15225,80159782,80160282,8,492,1.6,98.4
15226,80160282,80160782,57,443,11.4,88.6
15227,80160782,80161282,445,55,89.0,11.0
15228,80161282,80161782,500,0,100.0,0.0
15229,80161782,80162282,500,0,100.0,0.0
15230,80162282,80162782,500,0,100.0,0.0
15231,80162782,80163282,500,0,100.0,0.0
15232,80163282,80163782,500,0,100.0,0.0
15233,80163782,80164282,500,0,100.0,0.0
15234,80164282,80164782,500,0,100.0,0.0
15235,80164782,80165282,500,0,100.0,0.0
15236,80165282,80165782,500,0,100.0,0.0
15237,80165782,80166282,500,0,100.0,0.0
15238,80166282,80166782,500,0,100.0,0.0
15239,80166782,80167282,500,0,100.0,0.0
15240,80167282,80167782,500,0,100.0,0.0
15241,80167782,80168282,500,0,100.0,0.0
15242,80168282,80168782,500,0,100.0,0.0
15243,80168782,80169282,500,0,100.0,0.0
15244,80169282,80169782,500,0,100.0,0.0
15245,80169782,80170282,500,0,100.0,0.0
15246,80170282,80170782,500,0,100.0,0.0
15247,80170782,80171282,500,0,100.0,0.0
15248,80171282,80171782,500,0,100.0,0.0
15249,80171782,80172282,500,0,100.0,0.0
15250,80172282,80172782,500,0,100.0,0.0
15251,80172782,80173282,500,0,100.0,0.0
15252,80173282,80173782,500,0,100.0,0.0
15253,80173782,80174282,500,0,100.0,0.0
15254,80174282,80174782,459,41,91.8,8.200000000000003
15255,80174782,80175282,6,494,1.2,98.8
15256,80175282,80175782,46,454,9.2,90.8
15257,80175782,80176282,177,323,35.4,64.6
15258,80176282,80176782,500,0,100.0,0.0
15259,80176782,80177282,500,0,100.0,0.0
15260,80177282,80177782,500,0,100.0,0.0
15261,80177782,80178282,500,0,100.0,0.0
15262,80178282,80178782,500,0,100.0,0.0
15263,80178782,80179282,500,0,100.0,0.0
15264,80179282,80179782,500,0,100.0,0.0
15265,80179782,80180282,500,0,100.0,0.0
15266,80180282,80180782,500,0,100.0,0.0
15267,80180782,80181282,500,0,100.0,0.0
15268,80181282,80181782,500,0,100.0,0.0
15269,80181782,80182282,500,0,100.0,0.0
15270,80182282,80182782,500,0,100.0,0.0
15271,80182782,80183282,500,0,100.0,0.0
15272,80183282,80183782,500,0,100.0,0.0
15273,80183782,80184282,500,0,100.0,0.0
15274,80184282,80184782,500,0,100.0,0.0
15275,80184782,80185282,500,0,100.0,0.0
15276,80185282,80185782,500,0,100.0,0.0
15277,80185782,80186282,500,0,100.0,0.0
15278,80186282,80186782,500,0,100.0,0.0
15279,80186782,80187282,500,0,100.0,0.0
15280,80187282,80187782,500,0,100.0,0.0
15281,80187782,80188282,500,0,100.0,0.0
15282,80188282,80188782,500,0,100.0,0.0
15283,80188782,80189282,500,0,100.0,0.0
15284,80189282,80189782,170,330,34.0,66.0
15285,80189782,80190282,48,452,9.6,90.4
15286,80190282,80190782,66,434,13.200000000000001,86.8
15287,80190782,80191282,500,0,100.0,0.0
15288,80191282,80191782,500,0,100.0,0.0
15289,80191782,80192282,500,0,100.0,0.0
15290,80192282,80192782,500,0,100.0,0.0
15291,80192782,80193282,500,0,100.0,0.0
15292,80193282,80193782,500,0,100.0,0.0
15293,80193782,80194282,500,0,100.0,0.0
15294,80194282,80194782,500,0,100.0,0.0
15295,80194782,80195282,500,0,100.0,0.0
15296,80195282,80195782,500,0,100.0,0.0
15297,80195782,80196282,500,0,100.0,0.0
15298,80196282,80196782,500,0,100.0,0.0
15299,80196782,80197282,500,0,100.0,0.0
15300,80197282,80197782,500,0,100.0,0.0
15301,80197782,80198282,500,0,100.0,0.0
15302,80198282,80198782,500,0,100.0,0.0
15303,80198782,80199282,500,0,100.0,0.0
15304,80199282,80199782,500,0,100.0,0.0
15305,80199782,80200282,500,0,100.0,0.0
15306,80200282,80200782,500,0,100.0,0.0
15307,80200782,80201282,500,0,100.0,0.0
15308,80201282,80201782,500,0,100.0,0.0
15309,80201782,80202282,500,0,100.0,0.0
15310,80202282,80202782,500,0,100.0,0.0
15311,80202782,80203282,500,0,100.0,0.0
15312,80203282,80203782,500,0,100.0,0.0
15313,80203782,80204282,500,0,100.0,0.0
15314,80204282,80204782,500,0,100.0,0.0
15315,80204782,80205282,500,0,100.0,0.0
15316,80205282,80205782,95,405,19.0,81.0
15317,80205782,80206282,51,449,10.2,89.8
15318,80206282,80206782,92,408,18.4,81.6
15319,80206782,80207282,500,0,100.0,0.0
15320,80207282,80207782,500,0,100.0,0.0
15321,80207782,80208282,500,0,100.0,0.0
15322,80208282,80208782,500,0,100.0,0.0
15323,80208782,80209282,500,0,100.0,0.0
15324,80209282,80209782,500,0,100.0,0.0
15325,80209782,80210282,500,0,100.0,0.0
15326,80210282,80210782,500,0,100.0,0.0
15327,80210782,80211282,500,0,100.0,0.0
15328,80211282,80211782,500,0,100.0,0.0
15329,80211782,80212282,500,0,100.0,0.0
15330,80212282,80212782,500,0,100.0,0.0
15331,80212782,80213282,500,0,100.0,0.0
15332,80213282,80213782,500,0,100.0,0.0
15333,80213782,80214282,500,0,100.0,0.0
15334,80214282,80214782,500,0,100.0,0.0
15335,80214782,80215282,500,0,100.0,0.0
15336,80215282,80215782,500,0,100.0,0.0
15337,80215782,80216282,500,0,100.0,0.0
15338,80216282,80216782,500,0,100.0,0.0
15339,80216782,80217282,500,0,100.0,0.0
15340,80217282,80217782,500,0,100.0,0.0
15341,80217782,80218282,500,0,100.0,0.0
15342,80218282,80218782,500,0,100.0,0.0
15343,80218782,80219282,500,0,100.0,0.0
15344,80219282,80219782,500,0,100.0,0.0
15345,80219782,80220282,425,75,85.0,15.0
15346,80220282,80220782,9,491,1.7999999999999998,98.2
15347,80220782,80221282,52,448,10.4,89.6
15348,80221282,80221782,281,219,56.2,43.8
15349,80221782,80222282,500,0,100.0,0.0
15350,80222282,80222782,500,0,100.0,0.0
15351,80222782,80223282,500,0,100.0,0.0
15352,80223282,80223782,500,0,100.0,0.0
15353,80223782,80224282,500,0,100.0,0.0
15354,80224282,80224782,500,0,100.0,0.0
15355,80224782,80225282,500,0,100.0,0.0
15356,80225282,80225782,500,0,100.0,0.0
15357,80225782,80226282,500,0,100.0,0.0
15358,80226282,80226782,500,0,100.0,0.0
15359,80226782,80227282,500,0,100.0,0.0
15360,80227282,80227782,500,0,100.0,0.0
15361,80227782,80228282,500,0,100.0,0.0
15362,80228282,80228782,500,0,100.0,0.0
15363,80228782,80229282,500,0,100.0,0.0
15364,80229282,80229782,500,0,100.0,0.0
15365,80229782,80230282,500,0,100.0,0.0
15366,80230282,80230782,500,0,100.0,0.0
15367,80230782,80231282,500,0,100.0,0.0
15368,80231282,80231782,500,0,100.0,0.0
15369,80231782,80232282,500,0,100.0,0.0
15370,80232282,80232782,500,0,100.0,0.0
15371,80232782,80233282,500,0,100.0,0.0
15372,80233282,80233782,500,0,100.0,0.0
15373,80233782,80234282,500,0,100.0,0.0
15374,80234282,80234782,500,0,100.0,0.0
15375,80234782,80235282,138,362,27.6,72.4
15376,80235282,80235782,50,450,10.0,90.0
15377,80235782,80236282,27,473,5.4,94.6
15378,80236282,80236782,500,0,100.0,0.0
15379,80236782,80237282,500,0,100.0,0.0
15380,80237282,80237782,500,0,100.0,0.0
15381,80237782,80238282,500,0,100.0,0.0
15382,80238282,80238782,500,0,100.0,0.0
15383,80238782,80239282,500,0,100.0,0.0
15384,80239282,80239782,500,0,100.0,0.0
15385,80239782,80240282,500,0,100.0,0.0
15386,80240282,80240782,500,0,100.0,0.0
15387,80240782,80241282,500,0,100.0,0.0
15388,80241282,80241782,500,0,100.0,0.0
15389,80241782,80242282,500,0,100.0,0.0
15390,80242282,80242782,500,0,100.0,0.0
15391,80242782,80243282,500,0,100.0,0.0
15392,80243282,80243782,500,0,100.0,0.0
15393,80243782,80244282,500,0,100.0,0.0
15394,80244282,80244782,500,0,100.0,0.0
15395,80244782,80245282,500,0,100.0,0.0
15396,80245282,80245782,500,0,100.0,0.0
15397,80245782,80246282,500,0,100.0,0.0
15398,80246282,80246782,500,0,100.0,0.0
15399,80246782,80247282,500,0,100.0,0.0
15400,80247282,80247782,500,0,100.0,0.0
15401,80247782,80248282,500,0,100.0,0.0
15402,80248282,80248782,500,0,100.0,0.0
15403,80248782,80249282,500,0,100.0,0.0
15404,80249282,80249782,500,0,100.0,0.0
15405,80249782,80250282,132,368,26.400000000000002,73.6
15406,80250282,80250782,67,433,13.4,86.6
15407,80250782,80251282,16,484,3.2,96.8
15408,80251282,80251782,446,54,89.2,10.799999999999997
15409,80251782,80252282,500,0,100.0,0.0
15410,80252282,80252782,500,0,100.0,0.0
15411,80252782,80253282,500,0,100.0,0.0
15412,80253282,80253782,500,0,100.0,0.0
15413,80253782,80254282,500,0,100.0,0.0
15414,80254282,80254782,500,0,100.0,0.0
15415,80254782,80255282,500,0,100.0,0.0
15416,80255282,80255782,500,0,100.0,0.0
15417,80255782,80256282,500,0,100.0,0.0
15418,80256282,80256782,500,0,100.0,0.0
15419,80256782,80257282,500,0,100.0,0.0
15420,80257282,80257782,500,0,100.0,0.0
15421,80257782,80258282,500,0,100.0,0.0
15422,80258282,80258782,500,0,100.0,0.0
15423,80258782,80259282,500,0,100.0,0.0
15424,80259282,80259782,500,0,100.0,0.0
15425,80259782,80260282,500,0,100.0,0.0
15426,80260282,80260782,500,0,100.0,0.0
15427,80260782,80261282,500,0,100.0,0.0
15428,80261282,80261782,500,0,100.0,0.0
15429,80261782,80262282,500,0,100.0,0.0
15430,80262282,80262782,500,0,100.0,0.0
15431,80262782,80263282,500,0,100.0,0.0
15432,80263282,80263782,500,0,100.0,0.0
15433,80263782,80264282,500,0,100.0,0.0
15434,80264282,80264782,434,66,86.8,13.200000000000003
15435,80264782,80265282,8,492,1.6,98.4
15436,80265282,80265782,63,437,12.6,87.4
15437,80265782,80266282,153,347,30.599999999999998,69.4
15438,80266282,80266782,500,0,100.0,0.0
15439,80266782,80267282,500,0,100.0,0.0
15440,80267282,80267782,500,0,100.0,0.0
15441,80267782,80268282,500,0,100.0,0.0
15442,80268282,80268782,500,0,100.0,0.0
15443,80268782,80269282,500,0,100.0,0.0
15444,80269282,80269782,500,0,100.0,0.0
15445,80269782,80270282,500,0,100.0,0.0
15446,80270282,80270782,500,0,100.0,0.0
15447,80270782,80271282,500,0,100.0,0.0
15448,80271282,80271782,500,0,100.0,0.0
15449,80271782,80272282,500,0,100.0,0.0
15450,80272282,80272782,500,0,100.0,0.0
15451,80272782,80273282,500,0,100.0,0.0
15452,80273282,80273782,500,0,100.0,0.0
15453,80273782,80274282,500,0,100.0,0.0
15454,80274282,80274782,500,0,100.0,0.0
15455,80274782,80275282,500,0,100.0,0.0
15456,80275282,80275782,500,0,100.0,0.0
15457,80275782,80276282,500,0,100.0,0.0
15458,80276282,80276782,500,0,100.0,0.0
15459,80276782,80277282,500,0,100.0,0.0
15460,80277282,80277782,500,0,100.0,0.0
15461,80277782,80278282,500,0,100.0,0.0
15462,80278282,80278782,500,0,100.0,0.0
15463,80278782,80279282,500,0,100.0,0.0
15464,80279282,80279782,254,246,50.8,49.2
15465,80279782,80280282,7,493,1.4000000000000001,98.6
15466,80280282,80280782,48,452,9.6,90.4
15467,80280782,80281282,4,496,0.8,99.2
15468,80281282,80281782,230,270,46.0,54.0
15469,80281782,80282282,500,0,100.0,0.0
15470,80282282,80282782,500,0,100.0,0.0
15471,80282782,80283282,500,0,100.0,0.0
15472,80283282,80283782,500,0,100.0,0.0
15473,80283782,80284282,500,0,100.0,0.0
15474,80284282,80284782,500,0,100.0,0.0
15475,80284782,80285282,500,0,100.0,0.0
15476,80285282,80285782,500,0,100.0,0.0
15477,80285782,80286282,500,0,100.0,0.0
15478,80286282,80286782,500,0,100.0,0.0
15479,80286782,80287282,500,0,100.0,0.0
15480,80287282,80287782,500,0,100.0,0.0
15481,80287782,80288282,500,0,100.0,0.0
15482,80288282,80288782,500,0,100.0,0.0
15483,80288782,80289282,500,0,100.0,0.0
15484,80289282,80289782,500,0,100.0,0.0
15485,80289782,80290282,500,0,100.0,0.0
15486,80290282,80290782,500,0,100.0,0.0
15487,80290782,80291282,500,0,100.0,0.0
15488,80291282,80291782,500,0,100.0,0.0
15489,80291782,80292282,500,0,100.0,0.0
15490,80292282,80292782,500,0,100.0,0.0
15491,80292782,80293282,500,0,100.0,0.0
15492,80293282,80293782,500,0,100.0,0.0
15493,80293782,80294282,500,0,100.0,0.0
15494,80294282,80294782,500,0,100.0,0.0
15495,80294782,80295282,33,467,6.6000000000000005,93.4
15496,80295282,80295782,5,495,1.0,99.0
15497,80295782,80296282,50,450,10.0,90.0
15498,80296282,80296782,311,189,62.2,37.8
15499,80296782,80297282,500,0,100.0,0.0
15500,80297282,80297782,500,0,100.0,0.0
15501,80297782,80298282,500,0,100.0,0.0
15502,80298282,80298782,500,0,100.0,0.0
15503,80298782,80299282,500,0,100.0,0.0
15504,80299282,80299782,500,0,100.0,0.0
15505,80299782,80300282,500,0,100.0,0.0
15506,80300282,80300782,500,0,100.0,0.0
15507,80300782,80301282,500,0,100.0,0.0
15508,80301282,80301782,500,0,100.0,0.0
15509,80301782,80302282,500,0,100.0,0.0
15510,80302282,80302782,500,0,100.0,0.0
15511,80302782,80303282,500,0,100.0,0.0
15512,80303282,80303782,500,0,100.0,0.0
15513,80303782,80304282,500,0,100.0,0.0
15514,80304282,80304782,500,0,100.0,0.0
15515,80304782,80305282,500,0,100.0,0.0
15516,80305282,80305782,500,0,100.0,0.0
15517,80305782,80306282,500,0,100.0,0.0
15518,80306282,80306782,500,0,100.0,0.0
15519,80306782,80307282,500,0,100.0,0.0
15520,80307282,80307782,500,0,100.0,0.0
15521,80307782,80308282,500,0,100.0,0.0
15522,80308282,80308782,500,0,100.0,0.0
15523,80308782,80309282,500,0,100.0,0.0
15524,80309282,80309782,500,0,100.0,0.0
15525,80309782,80310282,315,185,63.0,37.0
15526,80310282,80310782,8,492,1.6,98.4
15527,80310782,80311282,51,449,10.2,89.8
15528,80311282,80311782,421,79,84.2,15.799999999999997
15529,80311782,80312282,500,0,100.0,0.0
15530,80312282,80312782,500,0,100.0,0.0
15531,80312782,80313282,500,0,100.0,0.0
15532,80313282,80313782,500,0,100.0,0.0
15533,80313782,80314282,500,0,100.0,0.0
15534,80314282,80314782,500,0,100.0,0.0
15535,80314782,80315282,500,0,100.0,0.0
15536,80315282,80315782,500,0,100.0,0.0
15537,80315782,80316282,500,0,100.0,0.0
15538,80316282,80316782,500,0,100.0,0.0
15539,80316782,80317282,500,0,100.0,0.0
15540,80317282,80317782,500,0,100.0,0.0
15541,80317782,80318282,500,0,100.0,0.0
15542,80318282,80318782,500,0,100.0,0.0
15543,80318782,80319282,500,0,100.0,0.0
15544,80319282,80319782,500,0,100.0,0.0
15545,80319782,80320282,500,0,100.0,0.0
15546,80320282,80320782,500,0,100.0,0.0
15547,80320782,80321282,500,0,100.0,0.0
15548,80321282,80321782,500,0,100.0,0.0
15549,80321782,80322282,500,0,100.0,0.0
15550,80322282,80322782,500,0,100.0,0.0
15551,80322782,80323282,500,0,100.0,0.0
15552,80323282,80323782,500,0,100.0,0.0
15553,80323782,80324282,500,0,100.0,0.0
15554,80324282,80324782,500,0,100.0,0.0
15555,80324782,80325282,500,0,100.0,0.0
15556,80325282,80325782,500,0,100.0,0.0
15557,80325782,80326282,410,90,82.0,18.0
15558,80326282,80326782,9,491,1.7999999999999998,98.2
15559,80326782,80327282,57,443,11.4,88.6
15560,80327282,80327782,260,240,52.0,48.0
15561,80327782,80328282,500,0,100.0,0.0
15562,80328282,80328782,500,0,100.0,0.0
15563,80328782,80329282,500,0,100.0,0.0
15564,80329282,80329782,500,0,100.0,0.0
15565,80329782,80330282,500,0,100.0,0.0
15566,80330282,80330782,500,0,100.0,0.0
15567,80330782,80331282,500,0,100.0,0.0
15568,80331282,80331782,500,0,100.0,0.0
15569,80331782,80332282,500,0,100.0,0.0
15570,80332282,80332782,500,0,100.0,0.0
15571,80332782,80333282,500,0,100.0,0.0
15572,80333282,80333782,500,0,100.0,0.0
15573,80333782,80334282,500,0,100.0,0.0
15574,80334282,80334782,500,0,100.0,0.0
15575,80334782,80335282,500,0,100.0,0.0
15576,80335282,80335782,500,0,100.0,0.0
15577,80335782,80336282,500,0,100.0,0.0
15578,80336282,80336782,500,0,100.0,0.0
15579,80336782,80337282,500,0,100.0,0.0
15580,80337282,80337782,500,0,100.0,0.0
15581,80337782,80338282,500,0,100.0,0.0
15582,80338282,80338782,500,0,100.0,0.0
15583,80338782,80339282,500,0,100.0,0.0
15584,80339282,80339782,500,0,100.0,0.0
15585,80339782,80340282,500,0,100.0,0.0
15586,80340282,80340782,500,0,100.0,0.0
15587,80340782,80341282,500,0,100.0,0.0
15588,80341282,80341782,258,242,51.6,48.4
15589,80341782,80342282,8,492,1.6,98.4
15590,80342282,80342782,72,428,14.399999999999999,85.6
15591,80342782,80343282,371,129,74.2,25.799999999999997
15592,80343282,80343782,500,0,100.0,0.0
15593,80343782,80344282,500,0,100.0,0.0
15594,80344282,80344782,500,0,100.0,0.0
15595,80344782,80345282,500,0,100.0,0.0
15596,80345282,80345782,500,0,100.0,0.0
15597,80345782,80346282,500,0,100.0,0.0
15598,80346282,80346782,500,0,100.0,0.0
15599,80346782,80347282,500,0,100.0,0.0
15600,80347282,80347782,500,0,100.0,0.0
15601,80347782,80348282,500,0,100.0,0.0
15602,80348282,80348782,500,0,100.0,0.0
15603,80348782,80349282,500,0,100.0,0.0
15604,80349282,80349782,500,0,100.0,0.0
15605,80349782,80350282,500,0,100.0,0.0
15606,80350282,80350782,500,0,100.0,0.0
15607,80350782,80351282,500,0,100.0,0.0
15608,80351282,80351782,500,0,100.0,0.0
15609,80351782,80352282,500,0,100.0,0.0
15610,80352282,80352782,500,0,100.0,0.0
15611,80352782,80353282,500,0,100.0,0.0
15612,80353282,80353782,500,0,100.0,0.0
15613,80353782,80354282,500,0,100.0,0.0
15614,80354282,80354782,500,0,100.0,0.0
15615,80354782,80355282,500,0,100.0,0.0
15616,80355282,80355782,500,0,100.0,0.0
15617,80355782,80356282,500,0,100.0,0.0
15618,80356282,80356782,500,0,100.0,0.0
15619,80356782,80357282,13,487,2.6,97.4
15620,80357282,80357782,60,440,12.0,88.0
15621,80357782,80358282,46,454,9.2,90.8
15622,80358282,80358782,500,0,100.0,0.0
15623,80358782,80359282,500,0,100.0,0.0
15624,80359282,80359782,500,0,100.0,0.0
15625,80359782,80360282,500,0,100.0,0.0
15626,80360282,80360782,500,0,100.0,0.0
15627,80360782,80361282,500,0,100.0,0.0
15628,80361282,80361782,500,0,100.0,0.0
15629,80361782,80362282,500,0,100.0,0.0
15630,80362282,80362782,500,0,100.0,0.0
15631,80362782,80363282,500,0,100.0,0.0
15632,80363282,80363782,500,0,100.0,0.0
15633,80363782,80364282,500,0,100.0,0.0
15634,80364282,80364782,500,0,100.0,0.0
15635,80364782,80365282,500,0,100.0,0.0
15636,80365282,80365782,500,0,100.0,0.0
15637,80365782,80366282,500,0,100.0,0.0
15638,80366282,80366782,500,0,100.0,0.0
15639,80366782,80367282,500,0,100.0,0.0
15640,80367282,80367782,500,0,100.0,0.0
15641,80367782,80368282,500,0,100.0,0.0
15642,80368282,80368782,500,0,100.0,0.0
15643,80368782,80369282,500,0,100.0,0.0
15644,80369282,80369782,500,0,100.0,0.0
15645,80369782,80370282,500,0,100.0,0.0
15646,80370282,80370782,500,0,100.0,0.0
15647,80370782,80371282,500,0,100.0,0.0
15648,80371282,80371782,500,0,100.0,0.0
15649,80371782,80372282,500,0,100.0,0.0
15650,80372282,80372782,500,0,100.0,0.0
15651,80372782,80373282,146,354,29.2,70.8
15652,80373282,80373782,57,443,11.4,88.6
15653,80373782,80374282,13,487,2.6,97.4
15654,80374282,80374782,446,54,89.2,10.799999999999997
15655,80374782,80375282,500,0,100.0,0.0
15656,80375282,80375782,500,0,100.0,0.0
15657,80375782,80376282,500,0,100.0,0.0
15658,80376282,80376782,500,0,100.0,0.0
15659,80376782,80377282,500,0,100.0,0.0
15660,80377282,80377782,500,0,100.0,0.0
15661,80377782,80378282,500,0,100.0,0.0
15662,80378282,80378782,500,0,100.0,0.0
15663,80378782,80379282,500,0,100.0,0.0
15664,80379282,80379782,500,0,100.0,0.0
15665,80379782,80380282,500,0,100.0,0.0
15666,80380282,80380782,500,0,100.0,0.0
15667,80380782,80381282,500,0,100.0,0.0
15668,80381282,80381782,500,0,100.0,0.0
15669,80381782,80382282,500,0,100.0,0.0
15670,80382282,80382782,500,0,100.0,0.0
15671,80382782,80383282,500,0,100.0,0.0
15672,80383282,80383782,500,0,100.0,0.0
15673,80383782,80384282,500,0,100.0,0.0
15674,80384282,80384782,500,0,100.0,0.0
15675,80384782,80385282,500,0,100.0,0.0
15676,80385282,80385782,500,0,100.0,0.0
15677,80385782,80386282,500,0,100.0,0.0
15678,80386282,80386782,500,0,100.0,0.0
15679,80386782,80387282,500,0,100.0,0.0
15680,80387282,80387782,500,0,100.0,0.0
15681,80387782,80388282,380,120,76.0,24.0
15682,80388282,80388782,8,492,1.6,98.4
15683,80388782,80389282,50,450,10.0,90.0
15684,80389282,80389782,360,140,72.0,28.0
15685,80389782,80390282,500,0,100.0,0.0
15686,80390282,80390782,500,0,100.0,0.0
15687,80390782,80391282,500,0,100.0,0.0
15688,80391282,80391782,500,0,100.0,0.0
15689,80391782,80392282,500,0,100.0,0.0
15690,80392282,80392782,500,0,100.0,0.0
15691,80392782,80393282,500,0,100.0,0.0
15692,80393282,80393782,500,0,100.0,0.0
15693,80393782,80394282,500,0,100.0,0.0
15694,80394282,80394782,500,0,100.0,0.0
15695,80394782,80395282,500,0,100.0,0.0
15696,80395282,80395782,500,0,100.0,0.0
15697,80395782,80396282,500,0,100.0,0.0
15698,80396282,80396782,500,0,100.0,0.0
15699,80396782,80397282,500,0,100.0,0.0
15700,80397282,80397782,500,0,100.0,0.0
15701,80397782,80398282,500,0,100.0,0.0
15702,80398282,80398782,500,0,100.0,0.0
15703,80398782,80399282,500,0,100.0,0.0
15704,80399282,80399782,500,0,100.0,0.0
15705,80399782,80400282,500,0,100.0,0.0
15706,80400282,80400782,500,0,100.0,0.0
15707,80400782,80401282,500,0,100.0,0.0
15708,80401282,80401782,500,0,100.0,0.0
15709,80401782,80402282,500,0,100.0,0.0
15710,80402282,80402782,500,0,100.0,0.0
15711,80402782,80403282,325,175,65.0,35.0
15712,80403282,80403782,9,491,1.7999999999999998,98.2
15713,80403782,80404282,53,447,10.6,89.4
15714,80404282,80404782,377,123,75.4,24.599999999999994
15715,80404782,80405282,500,0,100.0,0.0
15716,80405282,80405782,500,0,100.0,0.0
15717,80405782,80406282,500,0,100.0,0.0
15718,80406282,80406782,500,0,100.0,0.0
15719,80406782,80407282,500,0,100.0,0.0
15720,80407282,80407782,500,0,100.0,0.0
15721,80407782,80408282,500,0,100.0,0.0
15722,80408282,80408782,500,0,100.0,0.0
15723,80408782,80409282,500,0,100.0,0.0
15724,80409282,80409782,500,0,100.0,0.0
15725,80409782,80410282,500,0,100.0,0.0
15726,80410282,80410782,500,0,100.0,0.0
15727,80410782,80411282,500,0,100.0,0.0
15728,80411282,80411782,500,0,100.0,0.0
15729,80411782,80412282,500,0,100.0,0.0
15730,80412282,80412782,500,0,100.0,0.0
15731,80412782,80413282,500,0,100.0,0.0
15732,80413282,80413782,500,0,100.0,0.0
15733,80413782,80414282,500,0,100.0,0.0
15734,80414282,80414782,500,0,100.0,0.0
15735,80414782,80415282,500,0,100.0,0.0
15736,80415282,80415782,500,0,100.0,0.0
15737,80415782,80416282,500,0,100.0,0.0
15738,80416282,80416782,500,0,100.0,0.0
15739,80416782,80417282,500,0,100.0,0.0
15740,80417282,80417782,500,0,100.0,0.0
15741,80417782,80418282,369,131,73.8,26.200000000000003
15742,80418282,80418782,8,492,1.6,98.4
15743,80418782,80419282,52,448,10.4,89.6
15744,80419282,80419782,323,177,64.60000000000001,35.39999999999999
15745,80419782,80420282,500,0,100.0,0.0
15746,80420282,80420782,500,0,100.0,0.0
15747,80420782,80421282,500,0,100.0,0.0
15748,80421282,80421782,500,0,100.0,0.0
15749,80421782,80422282,500,0,100.0,0.0
15750,80422282,80422782,500,0,100.0,0.0
15751,80422782,80423282,500,0,100.0,0.0
15752,80423282,80423782,500,0,100.0,0.0
15753,80423782,80424282,500,0,100.0,0.0
15754,80424282,80424782,500,0,100.0,0.0
15755,80424782,80425282,500,0,100.0,0.0
15756,80425282,80425782,500,0,100.0,0.0
15757,80425782,80426282,500,0,100.0,0.0
15758,80426282,80426782,500,0,100.0,0.0
15759,80426782,80427282,500,0,100.0,0.0
15760,80427282,80427782,500,0,100.0,0.0
15761,80427782,80428282,500,0,100.0,0.0
15762,80428282,80428782,500,0,100.0,0.0
15763,80428782,80429282,500,0,100.0,0.0
15764,80429282,80429782,500,0,100.0,0.0
15765,80429782,80430282,500,0,100.0,0.0
15766,80430282,80430782,500,0,100.0,0.0
15767,80430782,80431282,500,0,100.0,0.0
15768,80431282,80431782,500,0,100.0,0.0
15769,80431782,80432282,500,0,100.0,0.0
15770,80432282,80432782,500,0,100.0,0.0
15771,80432782,80433282,500,0,100.0,0.0
15772,80433282,80433782,216,284,43.2,56.8
15773,80433782,80434282,6,494,1.2,98.8
15774,80434282,80434782,54,446,10.8,89.2
15775,80434782,80435282,474,26,94.8,5.200000000000003
15776,80435282,80435782,500,0,100.0,0.0
15777,80435782,80436282,500,0,100.0,0.0
15778,80436282,80436782,500,0,100.0,0.0
15779,80436782,80437282,500,0,100.0,0.0
15780,80437282,80437782,500,0,100.0,0.0
15781,80437782,80438282,500,0,100.0,0.0
15782,80438282,80438782,500,0,100.0,0.0
15783,80438782,80439282,500,0,100.0,0.0
15784,80439282,80439782,500,0,100.0,0.0
15785,80439782,80440282,500,0,100.0,0.0
15786,80440282,80440782,500,0,100.0,0.0
15787,80440782,80441282,500,0,100.0,0.0
15788,80441282,80441782,500,0,100.0,0.0
15789,80441782,80442282,500,0,100.0,0.0
15790,80442282,80442782,500,0,100.0,0.0
15791,80442782,80443282,500,0,100.0,0.0
15792,80443282,80443782,500,0,100.0,0.0
15793,80443782,80444282,500,0,100.0,0.0
15794,80444282,80444782,500,0,100.0,0.0
15795,80444782,80445282,500,0,100.0,0.0
15796,80445282,80445782,500,0,100.0,0.0
15797,80445782,80446282,500,0,100.0,0.0
15798,80446282,80446782,500,0,100.0,0.0
15799,80446782,80447282,500,0,100.0,0.0
15800,80447282,80447782,500,0,100.0,0.0
15801,80447782,80448282,500,0,100.0,0.0
15802,80448282,80448782,130,370,26.0,74.0
15803,80448782,80449282,48,452,9.6,90.4
15804,80449282,80449782,66,434,13.200000000000001,86.8
15805,80449782,80450282,500,0,100.0,0.0
15806,80450282,80450782,500,0,100.0,0.0
15807,80450782,80451282,500,0,100.0,0.0
15808,80451282,80451782,500,0,100.0,0.0
15809,80451782,80452282,500,0,100.0,0.0
15810,80452282,80452782,500,0,100.0,0.0
15811,80452782,80453282,500,0,100.0,0.0
15812,80453282,80453782,500,0,100.0,0.0
15813,80453782,80454282,500,0,100.0,0.0
15814,80454282,80454782,500,0,100.0,0.0
15815,80454782,80455282,500,0,100.0,0.0
15816,80455282,80455782,500,0,100.0,0.0
15817,80455782,80456282,500,0,100.0,0.0
15818,80456282,80456782,500,0,100.0,0.0
15819,80456782,80457282,500,0,100.0,0.0
15820,80457282,80457782,500,0,100.0,0.0
15821,80457782,80458282,500,0,100.0,0.0
15822,80458282,80458782,500,0,100.0,0.0
15823,80458782,80459282,500,0,100.0,0.0
15824,80459282,80459782,500,0,100.0,0.0
15825,80459782,80460282,500,0,100.0,0.0
15826,80460282,80460782,500,0,100.0,0.0
15827,80460782,80461282,500,0,100.0,0.0
15828,80461282,80461782,500,0,100.0,0.0
15829,80461782,80462282,500,0,100.0,0.0
15830,80462282,80462782,500,0,100.0,0.0
15831,80462782,80463282,490,10,98.0,2.0
15832,80463282,80463782,9,491,1.7999999999999998,98.2
15833,80463782,80464282,46,454,9.2,90.8
15834,80464282,80464782,260,240,52.0,48.0
15835,80464782,80465282,500,0,100.0,0.0
15836,80465282,80465782,500,0,100.0,0.0
15837,80465782,80466282,500,0,100.0,0.0
15838,80466282,80466782,500,0,100.0,0.0
15839,80466782,80467282,500,0,100.0,0.0
15840,80467282,80467782,500,0,100.0,0.0
15841,80467782,80468282,500,0,100.0,0.0
15842,80468282,80468782,500,0,100.0,0.0
15843,80468782,80469282,500,0,100.0,0.0
15844,80469282,80469782,500,0,100.0,0.0
15845,80469782,80470282,500,0,100.0,0.0
15846,80470282,80470782,500,0,100.0,0.0
15847,80470782,80471282,500,0,100.0,0.0
15848,80471282,80471782,500,0,100.0,0.0
15849,80471782,80472282,500,0,100.0,0.0
15850,80472282,80472782,500,0,100.0,0.0
15851,80472782,80473282,500,0,100.0,0.0
15852,80473282,80473782,500,0,100.0,0.0
15853,80473782,80474282,500,0,100.0,0.0
15854,80474282,80474782,500,0,100.0,0.0
15855,80474782,80475282,500,0,100.0,0.0
15856,80475282,80475782,500,0,100.0,0.0
15857,80475782,80476282,500,0,100.0,0.0
15858,80476282,80476782,500,0,100.0,0.0
15859,80476782,80477282,500,0,100.0,0.0
15860,80477282,80477782,500,0,100.0,0.0
15861,80477782,80478282,58,442,11.600000000000001,88.4
15862,80478282,80478782,44,456,8.799999999999999,91.2
15863,80478782,80479282,135,365,27.0,73.0
15864,80479282,80479782,500,0,100.0,0.0
15865,80479782,80480282,500,0,100.0,0.0
15866,80480282,80480782,500,0,100.0,0.0
15867,80480782,80481282,500,0,100.0,0.0
15868,80481282,80481782,500,0,100.0,0.0
15869,80481782,80482282,500,0,100.0,0.0
15870,80482282,80482782,500,0,100.0,0.0
15871,80482782,80483282,500,0,100.0,0.0
15872,80483282,80483782,500,0,100.0,0.0
15873,80483782,80484282,500,0,100.0,0.0
15874,80484282,80484782,500,0,100.0,0.0
15875,80484782,80485282,500,0,100.0,0.0
15876,80485282,80485782,500,0,100.0,0.0
15877,80485782,80486282,500,0,100.0,0.0
15878,80486282,80486782,500,0,100.0,0.0
15879,80486782,80487282,500,0,100.0,0.0
15880,80487282,80487782,500,0,100.0,0.0
15881,80487782,80488282,500,0,100.0,0.0
15882,80488282,80488782,500,0,100.0,0.0
15883,80488782,80489282,500,0,100.0,0.0
15884,80489282,80489782,500,0,100.0,0.0
15885,80489782,80490282,500,0,100.0,0.0
15886,80490282,80490782,500,0,100.0,0.0
15887,80490782,80491282,500,0,100.0,0.0
15888,80491282,80491782,500,0,100.0,0.0
15889,80491782,80492282,500,0,100.0,0.0
15890,80492282,80492782,500,0,100.0,0.0
15891,80492782,80493282,500,0,100.0,0.0
15892,80493282,80493782,500,0,100.0,0.0
15893,80493782,80494282,500,0,100.0,0.0
15894,80494282,80494782,500,0,100.0,0.0
15895,80494782,80495282,500,0,100.0,0.0
15896,80495282,80495782,500,0,100.0,0.0
15897,80495782,80496282,500,0,100.0,0.0
15898,80496282,80496782,500,0,100.0,0.0
15899,80496782,80497282,500,0,100.0,0.0
15900,80497282,80497782,500,0,100.0,0.0
15901,80497782,80498282,500,0,100.0,0.0
15902,80498282,80498782,500,0,100.0,0.0
15903,80498782,80499282,500,0,100.0,0.0
15904,80499282,80499782,500,0,100.0,0.0
15905,80499782,80500282,500,0,100.0,0.0
15906,80500282,80500782,500,0,100.0,0.0
15907,80500782,80501282,500,0,100.0,0.0
15908,80501282,80501782,500,0,100.0,0.0
15909,80501782,80502282,500,0,100.0,0.0
15910,80502282,80502782,500,0,100.0,0.0
15911,80502782,80503282,500,0,100.0,0.0
15912,80503282,80503782,500,0,100.0,0.0
15913,80503782,80504282,500,0,100.0,0.0
15914,80504282,80504782,500,0,100.0,0.0
15915,80504782,80505282,500,0,100.0,0.0
15916,80505282,80505782,500,0,100.0,0.0
15917,80505782,80506282,500,0,100.0,0.0
15918,80506282,80506782,500,0,100.0,0.0
15919,80506782,80507282,500,0,100.0,0.0
15920,80507282,80507782,500,0,100.0,0.0
15921,80507782,80508282,500,0,100.0,0.0
15922,80508282,80508782,500,0,100.0,0.0
15923,80508782,80509282,500,0,100.0,0.0
15924,80509282,80509782,500,0,100.0,0.0
15925,80509782,80510282,500,0,100.0,0.0
15926,80510282,80510782,500,0,100.0,0.0
15927,80510782,80511282,500,0,100.0,0.0
15928,80511282,80511782,500,0,100.0,0.0
15929,80511782,80512282,500,0,100.0,0.0
15930,80512282,80512782,500,0,100.0,0.0
15931,80512782,80513282,500,0,100.0,0.0
15932,80513282,80513782,500,0,100.0,0.0
15933,80513782,80514282,500,0,100.0,0.0
15934,80514282,80514782,500,0,100.0,0.0
15935,80514782,80515282,500,0,100.0,0.0
15936,80515282,80515782,500,0,100.0,0.0
15937,80515782,80516282,500,0,100.0,0.0
15938,80516282,80516782,500,0,100.0,0.0
15939,80516782,80517282,500,0,100.0,0.0
15940,80517282,80517782,500,0,100.0,0.0
15941,80517782,80518282,500,0,100.0,0.0
15942,80518282,80518782,500,0,100.0,0.0
15943,80518782,80519282,500,0,100.0,0.0
15944,80519282,80519782,500,0,100.0,0.0
15945,80519782,80520282,500,0,100.0,0.0
15946,80520282,80520782,500,0,100.0,0.0
15947,80520782,80521282,500,0,100.0,0.0
15948,80521282,80521782,500,0,100.0,0.0
15949,80521782,80522282,500,0,100.0,0.0
15950,80522282,80522782,500,0,100.0,0.0
15951,80522782,80523282,500,0,100.0,0.0
15952,80523282,80523782,500,0,100.0,0.0
15953,80523782,80524282,500,0,100.0,0.0
15954,80524282,80524782,500,0,100.0,0.0
15955,80524782,80525282,500,0,100.0,0.0
15956,80525282,80525782,500,0,100.0,0.0
15957,80525782,80526282,500,0,100.0,0.0
15958,80526282,80526782,500,0,100.0,0.0
15959,80526782,80527282,500,0,100.0,0.0
15960,80527282,80527782,500,0,100.0,0.0
15961,80527782,80528282,500,0,100.0,0.0
15962,80528282,80528782,500,0,100.0,0.0
15963,80528782,80529282,500,0,100.0,0.0
15964,80529282,80529782,500,0,100.0,0.0
15965,80529782,80530282,500,0,100.0,0.0
15966,80530282,80530782,500,0,100.0,0.0
15967,80530782,80531282,500,0,100.0,0.0
15968,80531282,80531782,500,0,100.0,0.0
15969,80531782,80532282,500,0,100.0,0.0
15970,80532282,80532782,500,0,100.0,0.0
15971,80532782,80533282,500,0,100.0,0.0
15972,80533282,80533782,500,0,100.0,0.0
15973,80533782,80534282,500,0,100.0,0.0
15974,80534282,80534782,500,0,100.0,0.0
15975,80534782,80535282,500,0,100.0,0.0
15976,80535282,80535782,500,0,100.0,0.0
15977,80535782,80536282,500,0,100.0,0.0
15978,80536282,80536782,500,0,100.0,0.0
15979,80536782,80537282,500,0,100.0,0.0
15980,80537282,80537782,500,0,100.0,0.0
15981,80537782,80538282,500,0,100.0,0.0
15982,80538282,80538782,500,0,100.0,0.0
15983,80538782,80539282,500,0,100.0,0.0
15984,80539282,80539782,500,0,100.0,0.0
15985,80539782,80540282,500,0,100.0,0.0
15986,80540282,80540782,500,0,100.0,0.0
15987,80540782,80541282,500,0,100.0,0.0
15988,80541282,80541782,500,0,100.0,0.0
15989,80541782,80542282,500,0,100.0,0.0
15990,80542282,80542782,500,0,100.0,0.0
15991,80542782,80543282,500,0,100.0,0.0
15992,80543282,80543782,500,0,100.0,0.0
15993,80543782,80544282,500,0,100.0,0.0
15994,80544282,80544782,500,0,100.0,0.0
15995,80544782,80545282,500,0,100.0,0.0
15996,80545282,80545782,500,0,100.0,0.0
15997,80545782,80546282,500,0,100.0,0.0
15998,80546282,80546782,500,0,100.0,0.0
15999,80546782,80547282,500,0,100.0,0.0
16000,80547282,80547782,500,0,100.0,0.0
16001,80547782,80548282,500,0,100.0,0.0
16002,80548282,80548782,500,0,100.0,0.0
16003,80548782,80549282,500,0,100.0,0.0
16004,80549282,80549782,443,57,88.6,11.400000000000006
16005,80549782,80550282,9,491,1.7999999999999998,98.2
16006,80550282,80550782,67,433,13.4,86.6
16007,80550782,80551282,101,399,20.200000000000003,79.8
16008,80551282,80551782,500,0,100.0,0.0
16009,80551782,80552282,500,0,100.0,0.0
16010,80552282,80552782,500,0,100.0,0.0
16011,80552782,80553282,500,0,100.0,0.0
16012,80553282,80553782,500,0,100.0,0.0
16013,80553782,80554282,500,0,100.0,0.0
16014,80554282,80554782,500,0,100.0,0.0
16015,80554782,80555282,500,0,100.0,0.0
16016,80555282,80555782,500,0,100.0,0.0
16017,80555782,80556282,500,0,100.0,0.0
16018,80556282,80556782,500,0,100.0,0.0
16019,80556782,80557282,500,0,100.0,0.0
16020,80557282,80557782,500,0,100.0,0.0
16021,80557782,80558282,500,0,100.0,0.0
16022,80558282,80558782,500,0,100.0,0.0
16023,80558782,80559282,500,0,100.0,0.0
16024,80559282,80559782,500,0,100.0,0.0
16025,80559782,80560282,500,0,100.0,0.0
16026,80560282,80560782,500,0,100.0,0.0
16027,80560782,80561282,500,0,100.0,0.0
16028,80561282,80561782,500,0,100.0,0.0
16029,80561782,80562282,500,0,100.0,0.0
16030,80562282,80562782,500,0,100.0,0.0
16031,80562782,80563282,500,0,100.0,0.0
16032,80563282,80563782,500,0,100.0,0.0
16033,80563782,80564282,500,0,100.0,0.0
16034,80564282,80564782,500,0,100.0,0.0
16035,80564782,80565282,386,114,77.2,22.799999999999997
16036,80565282,80565782,9,491,1.7999999999999998,98.2
16037,80565782,80566282,53,447,10.6,89.4
16038,80566282,80566782,360,140,72.0,28.0
16039,80566782,80567282,500,0,100.0,0.0
16040,80567282,80567782,500,0,100.0,0.0
16041,80567782,80568282,500,0,100.0,0.0
16042,80568282,80568782,500,0,100.0,0.0
16043,80568782,80569282,500,0,100.0,0.0
16044,80569282,80569782,500,0,100.0,0.0
16045,80569782,80570282,500,0,100.0,0.0
16046,80570282,80570782,500,0,100.0,0.0
16047,80570782,80571282,500,0,100.0,0.0
16048,80571282,80571782,500,0,100.0,0.0
16049,80571782,80572282,500,0,100.0,0.0
16050,80572282,80572782,500,0,100.0,0.0
16051,80572782,80573282,500,0,100.0,0.0
16052,80573282,80573782,500,0,100.0,0.0
16053,80573782,80574282,500,0,100.0,0.0
16054,80574282,80574782,500,0,100.0,0.0
16055,80574782,80575282,500,0,100.0,0.0
16056,80575282,80575782,500,0,100.0,0.0
16057,80575782,80576282,500,0,100.0,0.0
16058,80576282,80576782,500,0,100.0,0.0
16059,80576782,80577282,500,0,100.0,0.0
16060,80577282,80577782,500,0,100.0,0.0
16061,80577782,80578282,500,0,100.0,0.0
16062,80578282,80578782,500,0,100.0,0.0
16063,80578782,80579282,500,0,100.0,0.0
16064,80579282,80579782,500,0,100.0,0.0
16065,80579782,80580282,124,376,24.8,75.2
16066,80580282,80580782,49,451,9.8,90.2
16067,80580782,80581282,27,473,5.4,94.6
16068,80581282,80581782,500,0,100.0,0.0
16069,80581782,80582282,500,0,100.0,0.0
16070,80582282,80582782,500,0,100.0,0.0
16071,80582782,80583282,500,0,100.0,0.0
16072,80583282,80583782,500,0,100.0,0.0
16073,80583782,80584282,500,0,100.0,0.0
16074,80584282,80584782,500,0,100.0,0.0
16075,80584782,80585282,500,0,100.0,0.0
16076,80585282,80585782,500,0,100.0,0.0
16077,80585782,80586282,500,0,100.0,0.0
16078,80586282,80586782,500,0,100.0,0.0
16079,80586782,80587282,500,0,100.0,0.0
16080,80587282,80587782,500,0,100.0,0.0
16081,80587782,80588282,500,0,100.0,0.0
16082,80588282,80588782,500,0,100.0,0.0
16083,80588782,80589282,500,0,100.0,0.0
16084,80589282,80589782,500,0,100.0,0.0
16085,80589782,80590282,500,0,100.0,0.0
16086,80590282,80590782,500,0,100.0,0.0
16087,80590782,80591282,500,0,100.0,0.0
16088,80591282,80591782,500,0,100.0,0.0
16089,80591782,80592282,500,0,100.0,0.0
16090,80592282,80592782,500,0,100.0,0.0
16091,80592782,80593282,500,0,100.0,0.0
16092,80593282,80593782,500,0,100.0,0.0
16093,80593782,80594282,500,0,100.0,0.0
16094,80594282,80594782,500,0,100.0,0.0
16095,80594782,80595282,204,296,40.8,59.2
16096,80595282,80595782,21,479,4.2,95.8
16097,80595782,80596282,44,456,8.799999999999999,91.2
16098,80596282,80596782,383,117,76.6,23.400000000000006
16099,80596782,80597282,500,0,100.0,0.0
16100,80597282,80597782,500,0,100.0,0.0
16101,80597782,80598282,500,0,100.0,0.0
16102,80598282,80598782,500,0,100.0,0.0
16103,80598782,80599282,500,0,100.0,0.0
16104,80599282,80599782,500,0,100.0,0.0
16105,80599782,80600282,500,0,100.0,0.0
16106,80600282,80600782,500,0,100.0,0.0
16107,80600782,80601282,500,0,100.0,0.0
16108,80601282,80601782,500,0,100.0,0.0
16109,80601782,80602282,500,0,100.0,0.0
16110,80602282,80602782,500,0,100.0,0.0
16111,80602782,80603282,500,0,100.0,0.0
16112,80603282,80603782,500,0,100.0,0.0
16113,80603782,80604282,500,0,100.0,0.0
16114,80604282,80604782,500,0,100.0,0.0
16115,80604782,80605282,500,0,100.0,0.0
16116,80605282,80605782,500,0,100.0,0.0
16117,80605782,80606282,500,0,100.0,0.0
16118,80606282,80606782,500,0,100.0,0.0
16119,80606782,80607282,500,0,100.0,0.0
16120,80607282,80607782,500,0,100.0,0.0
16121,80607782,80608282,500,0,100.0,0.0
16122,80608282,80608782,500,0,100.0,0.0
16123,80608782,80609282,500,0,100.0,0.0
16124,80609282,80609782,500,0,100.0,0.0
16125,80609782,80610282,346,154,69.19999999999999,30.80000000000001
16126,80610282,80610782,9,491,1.7999999999999998,98.2
16127,80610782,80611282,53,447,10.6,89.4
16128,80611282,80611782,356,144,71.2,28.799999999999997
16129,80611782,80612282,500,0,100.0,0.0
16130,80612282,80612782,500,0,100.0,0.0
16131,80612782,80613282,500,0,100.0,0.0
16132,80613282,80613782,500,0,100.0,0.0
16133,80613782,80614282,500,0,100.0,0.0
16134,80614282,80614782,500,0,100.0,0.0
16135,80614782,80615282,500,0,100.0,0.0
16136,80615282,80615782,500,0,100.0,0.0
16137,80615782,80616282,500,0,100.0,0.0
16138,80616282,80616782,500,0,100.0,0.0
16139,80616782,80617282,500,0,100.0,0.0
16140,80617282,80617782,500,0,100.0,0.0
16141,80617782,80618282,500,0,100.0,0.0
16142,80618282,80618782,500,0,100.0,0.0
16143,80618782,80619282,500,0,100.0,0.0
16144,80619282,80619782,500,0,100.0,0.0
16145,80619782,80620282,500,0,100.0,0.0
16146,80620282,80620782,500,0,100.0,0.0
16147,80620782,80621282,500,0,100.0,0.0
16148,80621282,80621782,500,0,100.0,0.0
16149,80621782,80622282,500,0,100.0,0.0
16150,80622282,80622782,500,0,100.0,0.0
16151,80622782,80623282,500,0,100.0,0.0
16152,80623282,80623782,500,0,100.0,0.0
16153,80623782,80624282,500,0,100.0,0.0
16154,80624282,80624782,500,0,100.0,0.0
16155,80624782,80625282,192,308,38.4,61.6
16156,80625282,80625782,46,454,9.2,90.8
16157,80625782,80626282,6,494,1.2,98.8
16158,80626282,80626782,472,28,94.39999999999999,5.6000000000000085
16159,80626782,80627282,500,0,100.0,0.0
16160,80627282,80627782,500,0,100.0,0.0
16161,80627782,80628282,500,0,100.0,0.0
16162,80628282,80628782,500,0,100.0,0.0
16163,80628782,80629282,500,0,100.0,0.0
16164,80629282,80629782,500,0,100.0,0.0
16165,80629782,80630282,500,0,100.0,0.0
16166,80630282,80630782,500,0,100.0,0.0
16167,80630782,80631282,500,0,100.0,0.0
16168,80631282,80631782,500,0,100.0,0.0
16169,80631782,80632282,500,0,100.0,0.0
16170,80632282,80632782,500,0,100.0,0.0
16171,80632782,80633282,500,0,100.0,0.0
16172,80633282,80633782,500,0,100.0,0.0
16173,80633782,80634282,500,0,100.0,0.0
16174,80634282,80634782,500,0,100.0,0.0
16175,80634782,80635282,500,0,100.0,0.0
16176,80635282,80635782,500,0,100.0,0.0
16177,80635782,80636282,500,0,100.0,0.0
16178,80636282,80636782,500,0,100.0,0.0
16179,80636782,80637282,500,0,100.0,0.0
16180,80637282,80637782,500,0,100.0,0.0
16181,80637782,80638282,500,0,100.0,0.0
16182,80638282,80638782,500,0,100.0,0.0
16183,80638782,80639282,500,0,100.0,0.0
16184,80639282,80639782,500,0,100.0,0.0
16185,80639782,80640282,79,421,15.8,84.2
16186,80640282,80640782,55,445,11.0,89.0
16187,80640782,80641282,46,454,9.2,90.8
16188,80641282,80641782,500,0,100.0,0.0
16189,80641782,80642282,500,0,100.0,0.0
16190,80642282,80642782,500,0,100.0,0.0
16191,80642782,80643282,500,0,100.0,0.0
16192,80643282,80643782,500,0,100.0,0.0
16193,80643782,80644282,500,0,100.0,0.0
16194,80644282,80644782,500,0,100.0,0.0
16195,80644782,80645282,500,0,100.0,0.0
16196,80645282,80645782,500,0,100.0,0.0
16197,80645782,80646282,500,0,100.0,0.0
16198,80646282,80646782,500,0,100.0,0.0
16199,80646782,80647282,500,0,100.0,0.0
16200,80647282,80647782,500,0,100.0,0.0
16201,80647782,80648282,500,0,100.0,0.0
16202,80648282,80648782,500,0,100.0,0.0
16203,80648782,80649282,500,0,100.0,0.0
16204,80649282,80649782,500,0,100.0,0.0
16205,80649782,80650282,500,0,100.0,0.0
16206,80650282,80650782,500,0,100.0,0.0
16207,80650782,80651282,500,0,100.0,0.0
16208,80651282,80651782,500,0,100.0,0.0
16209,80651782,80652282,500,0,100.0,0.0
16210,80652282,80652782,500,0,100.0,0.0
16211,80652782,80653282,500,0,100.0,0.0
16212,80653282,80653782,500,0,100.0,0.0
16213,80653782,80654282,500,0,100.0,0.0
16214,80654282,80654782,457,43,91.4,8.599999999999994
16215,80654782,80655282,7,493,1.4000000000000001,98.6
16216,80655282,80655782,49,451,9.8,90.2
16217,80655782,80656282,167,333,33.4,66.6
16218,80656282,80656782,500,0,100.0,0.0
16219,80656782,80657282,500,0,100.0,0.0
16220,80657282,80657782,500,0,100.0,0.0
16221,80657782,80658282,500,0,100.0,0.0
16222,80658282,80658782,500,0,100.0,0.0
16223,80658782,80659282,500,0,100.0,0.0
16224,80659282,80659782,500,0,100.0,0.0
16225,80659782,80660282,500,0,100.0,0.0
16226,80660282,80660782,500,0,100.0,0.0
16227,80660782,80661282,500,0,100.0,0.0
16228,80661282,80661782,500,0,100.0,0.0
16229,80661782,80662282,500,0,100.0,0.0
16230,80662282,80662782,500,0,100.0,0.0
16231,80662782,80663282,500,0,100.0,0.0
16232,80663282,80663782,500,0,100.0,0.0
16233,80663782,80664282,500,0,100.0,0.0
16234,80664282,80664782,500,0,100.0,0.0
16235,80664782,80665282,500,0,100.0,0.0
16236,80665282,80665782,500,0,100.0,0.0
16237,80665782,80666282,500,0,100.0,0.0
16238,80666282,80666782,500,0,100.0,0.0
16239,80666782,80667282,500,0,100.0,0.0
16240,80667282,80667782,500,0,100.0,0.0
16241,80667782,80668282,500,0,100.0,0.0
16242,80668282,80668782,500,0,100.0,0.0
16243,80668782,80669282,500,0,100.0,0.0
16244,80669282,80669782,271,229,54.2,45.8
16245,80669782,80670282,7,493,1.4000000000000001,98.6
16246,80670282,80670782,47,453,9.4,90.6
16247,80670782,80671282,396,104,79.2,20.799999999999997
16248,80671282,80671782,500,0,100.0,0.0
16249,80671782,80672282,500,0,100.0,0.0
16250,80672282,80672782,500,0,100.0,0.0
16251,80672782,80673282,500,0,100.0,0.0
16252,80673282,80673782,500,0,100.0,0.0
16253,80673782,80674282,500,0,100.0,0.0
16254,80674282,80674782,500,0,100.0,0.0
16255,80674782,80675282,500,0,100.0,0.0
16256,80675282,80675782,500,0,100.0,0.0
16257,80675782,80676282,500,0,100.0,0.0
16258,80676282,80676782,500,0,100.0,0.0
16259,80676782,80677282,500,0,100.0,0.0
16260,80677282,80677782,500,0,100.0,0.0
16261,80677782,80678282,500,0,100.0,0.0
16262,80678282,80678782,500,0,100.0,0.0
16263,80678782,80679282,500,0,100.0,0.0
16264,80679282,80679782,500,0,100.0,0.0
16265,80679782,80680282,500,0,100.0,0.0
16266,80680282,80680782,500,0,100.0,0.0
16267,80680782,80681282,500,0,100.0,0.0
16268,80681282,80681782,500,0,100.0,0.0
16269,80681782,80682282,500,0,100.0,0.0
16270,80682282,80682782,500,0,100.0,0.0
16271,80682782,80683282,500,0,100.0,0.0
16272,80683282,80683782,500,0,100.0,0.0
16273,80683782,80684282,500,0,100.0,0.0
16274,80684282,80684782,325,175,65.0,35.0
16275,80684782,80685282,7,493,1.4000000000000001,98.6
16276,80685282,80685782,51,449,10.2,89.8
16277,80685782,80686282,246,254,49.2,50.8
16278,80686282,80686782,500,0,100.0,0.0
16279,80686782,80687282,500,0,100.0,0.0
16280,80687282,80687782,500,0,100.0,0.0
16281,80687782,80688282,500,0,100.0,0.0
16282,80688282,80688782,500,0,100.0,0.0
16283,80688782,80689282,500,0,100.0,0.0
16284,80689282,80689782,500,0,100.0,0.0
16285,80689782,80690282,500,0,100.0,0.0
16286,80690282,80690782,500,0,100.0,0.0
16287,80690782,80691282,500,0,100.0,0.0
16288,80691282,80691782,500,0,100.0,0.0
16289,80691782,80692282,500,0,100.0,0.0
16290,80692282,80692782,500,0,100.0,0.0
16291,80692782,80693282,500,0,100.0,0.0
16292,80693282,80693782,500,0,100.0,0.0
16293,80693782,80694282,500,0,100.0,0.0
16294,80694282,80694782,500,0,100.0,0.0
16295,80694782,80695282,500,0,100.0,0.0
16296,80695282,80695782,500,0,100.0,0.0
16297,80695782,80696282,500,0,100.0,0.0
16298,80696282,80696782,500,0,100.0,0.0
16299,80696782,80697282,500,0,100.0,0.0
16300,80697282,80697782,500,0,100.0,0.0
16301,80697782,80698282,500,0,100.0,0.0
16302,80698282,80698782,500,0,100.0,0.0
16303,80698782,80699282,500,0,100.0,0.0
16304,80699282,80699782,500,0,100.0,0.0
16305,80699782,80700282,437,63,87.4,12.599999999999994
16306,80700282,80700782,10,490,2.0,98.0
16307,80700782,80701282,68,432,13.600000000000001,86.4
16308,80701282,80701782,205,295,41.0,59.0
16309,80701782,80702282,500,0,100.0,0.0
16310,80702282,80702782,500,0,100.0,0.0
16311,80702782,80703282,500,0,100.0,0.0
16312,80703282,80703782,500,0,100.0,0.0
16313,80703782,80704282,500,0,100.0,0.0
16314,80704282,80704782,500,0,100.0,0.0
16315,80704782,80705282,500,0,100.0,0.0
16316,80705282,80705782,500,0,100.0,0.0
16317,80705782,80706282,500,0,100.0,0.0
16318,80706282,80706782,500,0,100.0,0.0
16319,80706782,80707282,500,0,100.0,0.0
16320,80707282,80707782,500,0,100.0,0.0
16321,80707782,80708282,500,0,100.0,0.0
16322,80708282,80708782,500,0,100.0,0.0
16323,80708782,80709282,500,0,100.0,0.0
16324,80709282,80709782,500,0,100.0,0.0
16325,80709782,80710282,500,0,100.0,0.0
16326,80710282,80710782,500,0,100.0,0.0
16327,80710782,80711282,500,0,100.0,0.0
16328,80711282,80711782,500,0,100.0,0.0
16329,80711782,80712282,500,0,100.0,0.0
16330,80712282,80712782,500,0,100.0,0.0
16331,80712782,80713282,500,0,100.0,0.0
16332,80713282,80713782,500,0,100.0,0.0
16333,80713782,80714282,500,0,100.0,0.0
16334,80714282,80714782,500,0,100.0,0.0
16335,80714782,80715282,500,0,100.0,0.0
16336,80715282,80715782,25,475,5.0,95.0
16337,80715782,80716282,51,449,10.2,89.8
16338,80716282,80716782,177,323,35.4,64.6
16339,80716782,80717282,500,0,100.0,0.0
16340,80717282,80717782,500,0,100.0,0.0
16341,80717782,80718282,500,0,100.0,0.0
16342,80718282,80718782,500,0,100.0,0.0
16343,80718782,80719282,500,0,100.0,0.0
16344,80719282,80719782,500,0,100.0,0.0
16345,80719782,80720282,500,0,100.0,0.0
16346,80720282,80720782,500,0,100.0,0.0
16347,80720782,80721282,500,0,100.0,0.0
16348,80721282,80721782,500,0,100.0,0.0
16349,80721782,80722282,500,0,100.0,0.0
16350,80722282,80722782,500,0,100.0,0.0
16351,80722782,80723282,500,0,100.0,0.0
16352,80723282,80723782,500,0,100.0,0.0
16353,80723782,80724282,500,0,100.0,0.0
16354,80724282,80724782,500,0,100.0,0.0
16355,80724782,80725282,500,0,100.0,0.0
16356,80725282,80725782,500,0,100.0,0.0
16357,80725782,80726282,500,0,100.0,0.0
16358,80726282,80726782,500,0,100.0,0.0
16359,80726782,80727282,500,0,100.0,0.0
16360,80727282,80727782,500,0,100.0,0.0
16361,80727782,80728282,500,0,100.0,0.0
16362,80728282,80728782,500,0,100.0,0.0
16363,80728782,80729282,500,0,100.0,0.0
16364,80729282,80729782,500,0,100.0,0.0
16365,80729782,80730282,500,0,100.0,0.0
16366,80730282,80730782,225,275,45.0,55.0
16367,80730782,80731282,6,494,1.2,98.8
16368,80731282,80731782,53,447,10.6,89.4
16369,80731782,80732282,459,41,91.8,8.200000000000003
16370,80732282,80732782,500,0,100.0,0.0
16371,80732782,80733282,500,0,100.0,0.0
16372,80733282,80733782,500,0,100.0,0.0
16373,80733782,80734282,500,0,100.0,0.0
16374,80734282,80734782,500,0,100.0,0.0
16375,80734782,80735282,500,0,100.0,0.0
16376,80735282,80735782,500,0,100.0,0.0
16377,80735782,80736282,500,0,100.0,0.0
16378,80736282,80736782,500,0,100.0,0.0
16379,80736782,80737282,500,0,100.0,0.0
16380,80737282,80737782,500,0,100.0,0.0
16381,80737782,80738282,500,0,100.0,0.0
16382,80738282,80738782,500,0,100.0,0.0
16383,80738782,80739282,500,0,100.0,0.0
16384,80739282,80739782,500,0,100.0,0.0
16385,80739782,80740282,500,0,100.0,0.0
16386,80740282,80740782,500,0,100.0,0.0
16387,80740782,80741282,500,0,100.0,0.0
16388,80741282,80741782,500,0,100.0,0.0
16389,80741782,80742282,500,0,100.0,0.0
16390,80742282,80742782,500,0,100.0,0.0
16391,80742782,80743282,500,0,100.0,0.0
16392,80743282,80743782,500,0,100.0,0.0
16393,80743782,80744282,500,0,100.0,0.0
16394,80744282,80744782,500,0,100.0,0.0
16395,80744782,80745282,500,0,100.0,0.0
16396,80745282,80745782,63,437,12.6,87.4
16397,80745782,80746282,45,455,9.0,91.0
16398,80746282,80746782,186,314,37.2,62.8
16399,80746782,80747282,500,0,100.0,0.0
16400,80747282,80747782,500,0,100.0,0.0
16401,80747782,80748282,500,0,100.0,0.0
16402,80748282,80748782,500,0,100.0,0.0
16403,80748782,80749282,500,0,100.0,0.0
16404,80749282,80749782,500,0,100.0,0.0
16405,80749782,80750282,500,0,100.0,0.0
16406,80750282,80750782,500,0,100.0,0.0
16407,80750782,80751282,500,0,100.0,0.0
16408,80751282,80751782,500,0,100.0,0.0
16409,80751782,80752282,500,0,100.0,0.0
16410,80752282,80752782,500,0,100.0,0.0
16411,80752782,80753282,500,0,100.0,0.0
16412,80753282,80753782,500,0,100.0,0.0
16413,80753782,80754282,500,0,100.0,0.0
16414,80754282,80754782,500,0,100.0,0.0
16415,80754782,80755282,500,0,100.0,0.0
16416,80755282,80755782,500,0,100.0,0.0
16417,80755782,80756282,500,0,100.0,0.0
16418,80756282,80756782,500,0,100.0,0.0
16419,80756782,80757282,500,0,100.0,0.0
16420,80757282,80757782,500,0,100.0,0.0
16421,80757782,80758282,500,0,100.0,0.0
16422,80758282,80758782,500,0,100.0,0.0
16423,80758782,80759282,500,0,100.0,0.0
16424,80759282,80759782,500,0,100.0,0.0
16425,80759782,80760282,500,0,100.0,0.0
16426,80760282,80760782,500,0,100.0,0.0
16427,80760782,80761282,500,0,100.0,0.0
16428,80761282,80761782,83,417,16.6,83.4
16429,80761782,80762282,38,462,7.6,92.4
16430,80762282,80762782,45,455,9.0,91.0
16431,80762782,80763282,500,0,100.0,0.0
16432,80763282,80763782,500,0,100.0,0.0
16433,80763782,80764282,500,0,100.0,0.0
16434,80764282,80764782,500,0,100.0,0.0
16435,80764782,80765282,500,0,100.0,0.0
16436,80765282,80765782,500,0,100.0,0.0
16437,80765782,80766282,500,0,100.0,0.0
16438,80766282,80766782,500,0,100.0,0.0
16439,80766782,80767282,500,0,100.0,0.0
16440,80767282,80767782,500,0,100.0,0.0
16441,80767782,80768282,500,0,100.0,0.0
16442,80768282,80768782,500,0,100.0,0.0
16443,80768782,80769282,500,0,100.0,0.0
16444,80769282,80769782,500,0,100.0,0.0
16445,80769782,80770282,500,0,100.0,0.0
16446,80770282,80770782,500,0,100.0,0.0
16447,80770782,80771282,500,0,100.0,0.0
16448,80771282,80771782,500,0,100.0,0.0
16449,80771782,80772282,500,0,100.0,0.0
16450,80772282,80772782,500,0,100.0,0.0
16451,80772782,80773282,500,0,100.0,0.0
16452,80773282,80773782,500,0,100.0,0.0
16453,80773782,80774282,500,0,100.0,0.0
16454,80774282,80774782,500,0,100.0,0.0
16455,80774782,80775282,500,0,100.0,0.0
16456,80775282,80775782,500,0,100.0,0.0
16457,80775782,80776282,500,0,100.0,0.0
16458,80776282,80776782,100,400,20.0,80.0
16459,80776782,80777282,63,437,12.6,87.4
16460,80777282,80777782,29,471,5.800000000000001,94.2
16461,80777782,80778282,500,0,100.0,0.0
16462,80778282,80778782,500,0,100.0,0.0
16463,80778782,80779282,500,0,100.0,0.0
16464,80779282,80779782,500,0,100.0,0.0
16465,80779782,80780282,500,0,100.0,0.0
16466,80780282,80780782,500,0,100.0,0.0
16467,80780782,80781282,500,0,100.0,0.0
16468,80781282,80781782,500,0,100.0,0.0
16469,80781782,80782282,500,0,100.0,0.0
16470,80782282,80782782,500,0,100.0,0.0
16471,80782782,80783282,500,0,100.0,0.0
16472,80783282,80783782,500,0,100.0,0.0
16473,80783782,80784282,500,0,100.0,0.0
16474,80784282,80784782,500,0,100.0,0.0
16475,80784782,80785282,500,0,100.0,0.0
16476,80785282,80785782,500,0,100.0,0.0
16477,80785782,80786282,500,0,100.0,0.0
16478,80786282,80786782,500,0,100.0,0.0
16479,80786782,80787282,500,0,100.0,0.0
16480,80787282,80787782,500,0,100.0,0.0
16481,80787782,80788282,500,0,100.0,0.0
16482,80788282,80788782,500,0,100.0,0.0
16483,80788782,80789282,500,0,100.0,0.0
16484,80789282,80789782,500,0,100.0,0.0
16485,80789782,80790282,500,0,100.0,0.0
16486,80790282,80790782,500,0,100.0,0.0
16487,80790782,80791282,500,0,100.0,0.0
16488,80791282,80791782,195,305,39.0,61.0
16489,80791782,80792282,26,474,5.2,94.8
16490,80792282,80792782,59,441,11.799999999999999,88.2
16491,80792782,80793282,500,0,100.0,0.0
16492,80793282,80793782,500,0,100.0,0.0
16493,80793782,80794282,500,0,100.0,0.0
16494,80794282,80794782,500,0,100.0,0.0
16495,80794782,80795282,500,0,100.0,0.0
16496,80795282,80795782,500,0,100.0,0.0
16497,80795782,80796282,500,0,100.0,0.0
16498,80796282,80796782,500,0,100.0,0.0
16499,80796782,80797282,500,0,100.0,0.0
16500,80797282,80797782,500,0,100.0,0.0
16501,80797782,80798282,500,0,100.0,0.0
16502,80798282,80798782,500,0,100.0,0.0
16503,80798782,80799282,500,0,100.0,0.0
16504,80799282,80799782,500,0,100.0,0.0
16505,80799782,80800282,500,0,100.0,0.0
16506,80800282,80800782,500,0,100.0,0.0
16507,80800782,80801282,500,0,100.0,0.0
16508,80801282,80801782,500,0,100.0,0.0
16509,80801782,80802282,500,0,100.0,0.0
16510,80802282,80802782,500,0,100.0,0.0
16511,80802782,80803282,500,0,100.0,0.0
16512,80803282,80803782,500,0,100.0,0.0
16513,80803782,80804282,500,0,100.0,0.0
16514,80804282,80804782,500,0,100.0,0.0
16515,80804782,80805282,500,0,100.0,0.0
16516,80805282,80805782,500,0,100.0,0.0
16517,80805782,80806282,500,0,100.0,0.0
16518,80806282,80806782,147,353,29.4,70.6
16519,80806782,80807282,5,495,1.0,99.0
16520,80807282,80807782,73,427,14.6,85.4
16521,80807782,80808282,443,57,88.6,11.400000000000006
16522,80808282,80808782,500,0,100.0,0.0
16523,80808782,80809282,500,0,100.0,0.0
16524,80809282,80809782,500,0,100.0,0.0
16525,80809782,80810282,500,0,100.0,0.0
16526,80810282,80810782,500,0,100.0,0.0
16527,80810782,80811282,500,0,100.0,0.0
16528,80811282,80811782,500,0,100.0,0.0
16529,80811782,80812282,500,0,100.0,0.0
16530,80812282,80812782,500,0,100.0,0.0
16531,80812782,80813282,500,0,100.0,0.0
16532,80813282,80813782,500,0,100.0,0.0
16533,80813782,80814282,500,0,100.0,0.0
16534,80814282,80814782,500,0,100.0,0.0
16535,80814782,80815282,500,0,100.0,0.0
16536,80815282,80815782,500,0,100.0,0.0
16537,80815782,80816282,500,0,100.0,0.0
16538,80816282,80816782,500,0,100.0,0.0
16539,80816782,80817282,500,0,100.0,0.0
16540,80817282,80817782,500,0,100.0,0.0
16541,80817782,80818282,500,0,100.0,0.0
16542,80818282,80818782,500,0,100.0,0.0
16543,80818782,80819282,500,0,100.0,0.0
16544,80819282,80819782,500,0,100.0,0.0
16545,80819782,80820282,500,0,100.0,0.0
16546,80820282,80820782,500,0,100.0,0.0
16547,80820782,80821282,500,0,100.0,0.0
16548,80821282,80821782,378,122,75.6,24.400000000000006
16549,80821782,80822282,8,492,1.6,98.4
16550,80822282,80822782,68,432,13.600000000000001,86.4
16551,80822782,80823282,105,395,21.0,79.0
16552,80823282,80823782,500,0,100.0,0.0
16553,80823782,80824282,500,0,100.0,0.0
16554,80824282,80824782,500,0,100.0,0.0
16555,80824782,80825282,500,0,100.0,0.0
16556,80825282,80825782,500,0,100.0,0.0
16557,80825782,80826282,500,0,100.0,0.0
16558,80826282,80826782,500,0,100.0,0.0
16559,80826782,80827282,500,0,100.0,0.0
16560,80827282,80827782,500,0,100.0,0.0
16561,80827782,80828282,500,0,100.0,0.0
16562,80828282,80828782,500,0,100.0,0.0
16563,80828782,80829282,500,0,100.0,0.0
16564,80829282,80829782,500,0,100.0,0.0
16565,80829782,80830282,500,0,100.0,0.0
16566,80830282,80830782,500,0,100.0,0.0
16567,80830782,80831282,500,0,100.0,0.0
16568,80831282,80831782,500,0,100.0,0.0
16569,80831782,80832282,500,0,100.0,0.0
16570,80832282,80832782,500,0,100.0,0.0
16571,80832782,80833282,500,0,100.0,0.0
16572,80833282,80833782,500,0,100.0,0.0
16573,80833782,80834282,500,0,100.0,0.0
16574,80834282,80834782,500,0,100.0,0.0
16575,80834782,80835282,500,0,100.0,0.0
16576,80835282,80835782,500,0,100.0,0.0
16577,80835782,80836282,500,0,100.0,0.0
16578,80836282,80836782,500,0,100.0,0.0
16579,80836782,80837282,500,0,100.0,0.0
16580,80837282,80837782,500,0,100.0,0.0
16581,80837782,80838282,194,306,38.800000000000004,61.199999999999996
16582,80838282,80838782,17,483,3.4000000000000004,96.6
16583,80838782,80839282,53,447,10.6,89.4
16584,80839282,80839782,410,90,82.0,18.0
16585,80839782,80840282,500,0,100.0,0.0
16586,80840282,80840782,500,0,100.0,0.0
16587,80840782,80841282,500,0,100.0,0.0
16588,80841282,80841782,500,0,100.0,0.0
16589,80841782,80842282,500,0,100.0,0.0
16590,80842282,80842782,500,0,100.0,0.0
16591,80842782,80843282,500,0,100.0,0.0
16592,80843282,80843782,500,0,100.0,0.0
16593,80843782,80844282,500,0,100.0,0.0
16594,80844282,80844782,500,0,100.0,0.0
16595,80844782,80845282,500,0,100.0,0.0
16596,80845282,80845782,500,0,100.0,0.0
16597,80845782,80846282,500,0,100.0,0.0
16598,80846282,80846782,500,0,100.0,0.0
16599,80846782,80847282,500,0,100.0,0.0
16600,80847282,80847782,500,0,100.0,0.0
16601,80847782,80848282,500,0,100.0,0.0
16602,80848282,80848782,500,0,100.0,0.0
16603,80848782,80849282,500,0,100.0,0.0
16604,80849282,80849782,500,0,100.0,0.0
16605,80849782,80850282,500,0,100.0,0.0
16606,80850282,80850782,500,0,100.0,0.0
16607,80850782,80851282,500,0,100.0,0.0
16608,80851282,80851782,500,0,100.0,0.0
16609,80851782,80852282,500,0,100.0,0.0
16610,80852282,80852782,500,0,100.0,0.0
16611,80852782,80853282,500,0,100.0,0.0
16612,80853282,80853782,500,0,100.0,0.0
16613,80853782,80854282,500,0,100.0,0.0
16614,80854282,80854782,500,0,100.0,0.0
16615,80854782,80855282,500,0,100.0,0.0
16616,80855282,80855782,500,0,100.0,0.0
16617,80855782,80856282,500,0,100.0,0.0
16618,80856282,80856782,433,67,86.6,13.400000000000006
16619,80856782,80857282,8,492,1.6,98.4
16620,80857282,80857782,67,433,13.4,86.6
16621,80857782,80858282,185,315,37.0,63.0
16622,80858282,80858782,500,0,100.0,0.0
16623,80858782,80859282,500,0,100.0,0.0
16624,80859282,80859782,500,0,100.0,0.0
16625,80859782,80860282,500,0,100.0,0.0
16626,80860282,80860782,500,0,100.0,0.0
16627,80860782,80861282,500,0,100.0,0.0
16628,80861282,80861782,500,0,100.0,0.0
16629,80861782,80862282,500,0,100.0,0.0
16630,80862282,80862782,500,0,100.0,0.0
16631,80862782,80863282,500,0,100.0,0.0
16632,80863282,80863782,500,0,100.0,0.0
16633,80863782,80864282,500,0,100.0,0.0
16634,80864282,80864782,500,0,100.0,0.0
16635,80864782,80865282,500,0,100.0,0.0
16636,80865282,80865782,500,0,100.0,0.0
16637,80865782,80866282,500,0,100.0,0.0
16638,80866282,80866782,500,0,100.0,0.0
16639,80866782,80867282,500,0,100.0,0.0
16640,80867282,80867782,500,0,100.0,0.0
16641,80867782,80868282,500,0,100.0,0.0
16642,80868282,80868782,500,0,100.0,0.0
16643,80868782,80869282,500,0,100.0,0.0
16644,80869282,80869782,500,0,100.0,0.0
16645,80869782,80870282,500,0,100.0,0.0
16646,80870282,80870782,500,0,100.0,0.0
16647,80870782,80871282,500,0,100.0,0.0
16648,80871282,80871782,500,0,100.0,0.0
16649,80871782,80872282,500,0,100.0,0.0
16650,80872282,80872782,60,440,12.0,88.0
16651,80872782,80873282,55,445,11.0,89.0
16652,80873282,80873782,161,339,32.2,67.8
16653,80873782,80874282,500,0,100.0,0.0
16654,80874282,80874782,500,0,100.0,0.0
16655,80874782,80875282,500,0,100.0,0.0
16656,80875282,80875782,500,0,100.0,0.0
16657,80875782,80876282,500,0,100.0,0.0
16658,80876282,80876782,500,0,100.0,0.0
16659,80876782,80877282,500,0,100.0,0.0
16660,80877282,80877782,500,0,100.0,0.0
16661,80877782,80878282,500,0,100.0,0.0
16662,80878282,80878782,500,0,100.0,0.0
16663,80878782,80879282,500,0,100.0,0.0
16664,80879282,80879782,500,0,100.0,0.0
16665,80879782,80880282,500,0,100.0,0.0
16666,80880282,80880782,500,0,100.0,0.0
16667,80880782,80881282,500,0,100.0,0.0
16668,80881282,80881782,500,0,100.0,0.0
16669,80881782,80882282,500,0,100.0,0.0
16670,80882282,80882782,500,0,100.0,0.0
16671,80882782,80883282,500,0,100.0,0.0
16672,80883282,80883782,500,0,100.0,0.0
16673,80883782,80884282,500,0,100.0,0.0
16674,80884282,80884782,500,0,100.0,0.0
16675,80884782,80885282,500,0,100.0,0.0
16676,80885282,80885782,500,0,100.0,0.0
16677,80885782,80886282,500,0,100.0,0.0
16678,80886282,80886782,500,0,100.0,0.0
16679,80886782,80887282,500,0,100.0,0.0
16680,80887282,80887782,446,54,89.2,10.799999999999997
16681,80887782,80888282,8,492,1.6,98.4
16682,80888282,80888782,58,442,11.600000000000001,88.4
16683,80888782,80889282,177,323,35.4,64.6
16684,80889282,80889782,500,0,100.0,0.0
16685,80889782,80890282,500,0,100.0,0.0
16686,80890282,80890782,500,0,100.0,0.0
16687,80890782,80891282,500,0,100.0,0.0
16688,80891282,80891782,500,0,100.0,0.0
16689,80891782,80892282,500,0,100.0,0.0
16690,80892282,80892782,500,0,100.0,0.0
16691,80892782,80893282,500,0,100.0,0.0
16692,80893282,80893782,500,0,100.0,0.0
16693,80893782,80894282,500,0,100.0,0.0
16694,80894282,80894782,500,0,100.0,0.0
16695,80894782,80895282,500,0,100.0,0.0
16696,80895282,80895782,500,0,100.0,0.0
16697,80895782,80896282,500,0,100.0,0.0
16698,80896282,80896782,500,0,100.0,0.0
16699,80896782,80897282,500,0,100.0,0.0
16700,80897282,80897782,500,0,100.0,0.0
16701,80897782,80898282,500,0,100.0,0.0
16702,80898282,80898782,500,0,100.0,0.0
16703,80898782,80899282,500,0,100.0,0.0
16704,80899282,80899782,500,0,100.0,0.0
16705,80899782,80900282,500,0,100.0,0.0
16706,80900282,80900782,500,0,100.0,0.0
16707,80900782,80901282,500,0,100.0,0.0
16708,80901282,80901782,500,0,100.0,0.0
16709,80901782,80902282,500,0,100.0,0.0
16710,80902282,80902782,500,0,100.0,0.0
16711,80902782,80903282,13,487,2.6,97.4
16712,80903282,80903782,51,449,10.2,89.8
16713,80903782,80904282,117,383,23.400000000000002,76.6
16714,80904282,80904782,500,0,100.0,0.0
16715,80904782,80905282,500,0,100.0,0.0
16716,80905282,80905782,500,0,100.0,0.0
16717,80905782,80906282,500,0,100.0,0.0
16718,80906282,80906782,500,0,100.0,0.0
16719,80906782,80907282,500,0,100.0,0.0
16720,80907282,80907782,500,0,100.0,0.0
16721,80907782,80908282,500,0,100.0,0.0
16722,80908282,80908782,500,0,100.0,0.0
16723,80908782,80909282,500,0,100.0,0.0
16724,80909282,80909782,500,0,100.0,0.0
16725,80909782,80910282,500,0,100.0,0.0
16726,80910282,80910782,500,0,100.0,0.0
16727,80910782,80911282,500,0,100.0,0.0
16728,80911282,80911782,500,0,100.0,0.0
16729,80911782,80912282,500,0,100.0,0.0
16730,80912282,80912782,500,0,100.0,0.0
16731,80912782,80913282,500,0,100.0,0.0
16732,80913282,80913782,500,0,100.0,0.0
16733,80913782,80914282,500,0,100.0,0.0
16734,80914282,80914782,500,0,100.0,0.0
16735,80914782,80915282,500,0,100.0,0.0
16736,80915282,80915782,500,0,100.0,0.0
16737,80915782,80916282,500,0,100.0,0.0
16738,80916282,80916782,500,0,100.0,0.0
16739,80916782,80917282,500,0,100.0,0.0
16740,80917282,80917782,500,0,100.0,0.0
16741,80917782,80918282,500,0,100.0,0.0
16742,80918282,80918782,36,464,7.199999999999999,92.8
16743,80918782,80919282,57,443,11.4,88.6
16744,80919282,80919782,184,316,36.8,63.2
16745,80919782,80920282,500,0,100.0,0.0
16746,80920282,80920782,500,0,100.0,0.0
16747,80920782,80921282,500,0,100.0,0.0
16748,80921282,80921782,500,0,100.0,0.0
16749,80921782,80922282,500,0,100.0,0.0
16750,80922282,80922782,500,0,100.0,0.0
16751,80922782,80923282,500,0,100.0,0.0
16752,80923282,80923782,500,0,100.0,0.0
16753,80923782,80924282,500,0,100.0,0.0
16754,80924282,80924782,500,0,100.0,0.0
16755,80924782,80925282,500,0,100.0,0.0
16756,80925282,80925782,500,0,100.0,0.0
16757,80925782,80926282,500,0,100.0,0.0
16758,80926282,80926782,500,0,100.0,0.0
16759,80926782,80927282,500,0,100.0,0.0
16760,80927282,80927782,500,0,100.0,0.0
16761,80927782,80928282,500,0,100.0,0.0
16762,80928282,80928782,500,0,100.0,0.0
16763,80928782,80929282,500,0,100.0,0.0
16764,80929282,80929782,500,0,100.0,0.0
16765,80929782,80930282,500,0,100.0,0.0
16766,80930282,80930782,500,0,100.0,0.0
16767,80930782,80931282,500,0,100.0,0.0
16768,80931282,80931782,500,0,100.0,0.0
16769,80931782,80932282,500,0,100.0,0.0
16770,80932282,80932782,500,0,100.0,0.0
16771,80932782,80933282,392,108,78.4,21.599999999999994
16772,80933282,80933782,9,491,1.7999999999999998,98.2
16773,80933782,80934282,50,450,10.0,90.0
16774,80934282,80934782,294,206,58.8,41.2
16775,80934782,80935282,500,0,100.0,0.0
16776,80935282,80935782,500,0,100.0,0.0
16777,80935782,80936282,500,0,100.0,0.0
16778,80936282,80936782,500,0,100.0,0.0
16779,80936782,80937282,500,0,100.0,0.0
16780,80937282,80937782,500,0,100.0,0.0
16781,80937782,80938282,500,0,100.0,0.0
16782,80938282,80938782,500,0,100.0,0.0
16783,80938782,80939282,500,0,100.0,0.0
16784,80939282,80939782,500,0,100.0,0.0
16785,80939782,80940282,500,0,100.0,0.0
16786,80940282,80940782,500,0,100.0,0.0
16787,80940782,80941282,500,0,100.0,0.0
16788,80941282,80941782,500,0,100.0,0.0
16789,80941782,80942282,500,0,100.0,0.0
16790,80942282,80942782,500,0,100.0,0.0
16791,80942782,80943282,500,0,100.0,0.0
16792,80943282,80943782,500,0,100.0,0.0
16793,80943782,80944282,500,0,100.0,0.0
16794,80944282,80944782,500,0,100.0,0.0
16795,80944782,80945282,500,0,100.0,0.0
16796,80945282,80945782,500,0,100.0,0.0
16797,80945782,80946282,500,0,100.0,0.0
16798,80946282,80946782,500,0,100.0,0.0
16799,80946782,80947282,500,0,100.0,0.0
16800,80947282,80947782,500,0,100.0,0.0
16801,80947782,80948282,303,197,60.6,39.4
16802,80948282,80948782,12,488,2.4,97.6
16803,80948782,80949282,44,456,8.799999999999999,91.2
16804,80949282,80949782,401,99,80.2,19.799999999999997
16805,80949782,80950282,500,0,100.0,0.0
16806,80950282,80950782,500,0,100.0,0.0
16807,80950782,80951282,500,0,100.0,0.0
16808,80951282,80951782,500,0,100.0,0.0
16809,80951782,80952282,500,0,100.0,0.0
16810,80952282,80952782,500,0,100.0,0.0
16811,80952782,80953282,500,0,100.0,0.0
16812,80953282,80953782,500,0,100.0,0.0
16813,80953782,80954282,500,0,100.0,0.0
16814,80954282,80954782,500,0,100.0,0.0
16815,80954782,80955282,500,0,100.0,0.0
16816,80955282,80955782,500,0,100.0,0.0
16817,80955782,80956282,500,0,100.0,0.0
16818,80956282,80956782,500,0,100.0,0.0
16819,80956782,80957282,500,0,100.0,0.0
16820,80957282,80957782,500,0,100.0,0.0
16821,80957782,80958282,500,0,100.0,0.0
16822,80958282,80958782,500,0,100.0,0.0
16823,80958782,80959282,500,0,100.0,0.0
16824,80959282,80959782,500,0,100.0,0.0
16825,80959782,80960282,500,0,100.0,0.0
16826,80960282,80960782,500,0,100.0,0.0
16827,80960782,80961282,500,0,100.0,0.0
16828,80961282,80961782,500,0,100.0,0.0
16829,80961782,80962282,500,0,100.0,0.0
16830,80962282,80962782,500,0,100.0,0.0
16831,80962782,80963282,324,176,64.8,35.2
16832,80963282,80963782,8,492,1.6,98.4
16833,80963782,80964282,48,452,9.6,90.4
16834,80964282,80964782,395,105,79.0,21.0
16835,80964782,80965282,500,0,100.0,0.0
16836,80965282,80965782,500,0,100.0,0.0
16837,80965782,80966282,500,0,100.0,0.0
16838,80966282,80966782,500,0,100.0,0.0
16839,80966782,80967282,500,0,100.0,0.0
16840,80967282,80967782,500,0,100.0,0.0
16841,80967782,80968282,500,0,100.0,0.0
16842,80968282,80968782,500,0,100.0,0.0
16843,80968782,80969282,500,0,100.0,0.0
16844,80969282,80969782,500,0,100.0,0.0
16845,80969782,80970282,500,0,100.0,0.0
16846,80970282,80970782,500,0,100.0,0.0
16847,80970782,80971282,500,0,100.0,0.0
16848,80971282,80971782,500,0,100.0,0.0
16849,80971782,80972282,500,0,100.0,0.0
16850,80972282,80972782,500,0,100.0,0.0
16851,80972782,80973282,500,0,100.0,0.0
16852,80973282,80973782,500,0,100.0,0.0
16853,80973782,80974282,500,0,100.0,0.0
16854,80974282,80974782,500,0,100.0,0.0
16855,80974782,80975282,500,0,100.0,0.0
16856,80975282,80975782,500,0,100.0,0.0
16857,80975782,80976282,500,0,100.0,0.0
16858,80976282,80976782,500,0,100.0,0.0
16859,80976782,80977282,500,0,100.0,0.0
16860,80977282,80977782,500,0,100.0,0.0
16861,80977782,80978282,123,377,24.6,75.4
16862,80978282,80978495,5,208,2.3474178403755865,97.65258215962442
