time,avg_starvation
0,0.5
1,0.5
2,0.5
3,0.5
4,0.5
5,0.5
6,0.5
7,0.5
8,0.5
9,0.5
10,0.5
11,0.5
12,0.5
13,0.5
14,0.5
15,0.5
16,0.5
17,0.5
18,0.5
19,0.5
20,0.5
21,0.5
22,0.5
23,0.5
24,0.5
25,0.5
26,0.5
27,0.5
28,0.5
29,0.5
30,0.5
31,0.5
32,0.5
33,0.5
34,0.5
35,0.5
36,0.5
37,0.5
38,0.5
39,0.5
40,0.5
41,0.5
42,0.5
43,0.5
44,0.5
45,0.5
46,0.5
47,0.5
48,0.5
49,0.5
50,0.5
51,0.5
52,0.5
53,0.5
54,0.5
55,0.5
56,0.5
57,0.5
58,0.5
59,0.5
60,0.5
61,0.5
62,0.5
63,0.5
64,0.5
65,0.5
66,0.5
67,0.5
68,0.5
69,0.5
70,0.5
71,0.5
72,0.5
73,0.5
74,0.5
75,0.5
76,0.5
77,0.5
78,0.5
79,0.5
80,0.5
81,0.5
82,0.5
83,0.5
84,0.5
85,0.5
86,0.5
87,0.5
88,0.5
89,0.5
90,0.5
91,0.5
92,0.5
93,0.5
94,0.5
95,0.49479166
96,0.48969072
97,0.48469388
98,0.47979796
99,0.475
100,0.47029704
101,0.46568626
102,0.46116504
103,0.45673078
104,0.45238096
105,0.4481132
106,0.44392523
107,0.4398148
108,0.4357798
109,0.4318182
110,0.4279279
111,0.42410713
112,0.42035398
113,0.4166667
114,0.41304347
115,0.40948278
116,0.4059829
117,0.40254238
118,0.39915967
119,0.3958333
120,0.39256197
121,0.38934427
122,0.38617885
123,0.3830645
124,0.38
125,0.37698412
126,0.37401575
127,0.37109375
128,0.36821705
129,0.36538464
130,0.36259544
131,0.3598485
132,0.36090225
133,0.3619403
134,0.36296296
135,0.36397058
136,0.3649635
137,0.36594203
138,0.36690646
139,0.36785716
140,0.36879432
141,0.3697183
142,0.37062937
143,0.3715278
144,0.37241378
145,0.37328768
146,0.37414965
147,0.375
148,0.37583894
149,0.37666667
150,0.37748343
151,0.37828946
152,0.37908497
153,0.37987012
154,0.38064516
155,0.38141024
156,0.3821656
157,0.38291138
158,0.3836478
159,0.384375
160,0.38509315
161,0.38580248
162,0.38650307
163,0.3871951
164,0.38787878
165,0.38855422
166,0.38922155
167,0.38988096
168,0.39053255
169,0.39117646
170,0.39181286
171,0.39244187
172,0.3930636
173,0.3936782
174,0.39428574
175,0.39488637
176,0.39548022
177,0.3960674
178,0.39664805
179,0.39722222
180,0.39779007
181,0.39835167
182,0.3989071
183,0.3994565
184,0.39999998
185,0.40053764
186,0.40106952
187,0.40159577
188,0.40211642
189,0.40263158
190,0.40314138
191,0.4036458
192,0.40414506
193,0.40463918
194,0.4051282
195,0.40561223
196,0.40609136
197,0.40656567
198,0.40703517
199,0.4075
200,0.40796018
201,0.40841585
202,0.408867
203,0.40931374
204,0.4097561
205,0.41019416
206,0.41062802
207,0.4110577
208,0.41148323
209,0.41190475
210,0.41232228
211,0.41273585
212,0.41314554
213,0.4135514
214,0.41395348
215,0.41435185
216,0.41474655
217,0.4151376
218,0.4155251
219,0.4159091
220,0.41402715
221,0.41216215
222,0.4103139
223,0.40848213
224,0.40666667
225,0.40486723
226,0.40308368
227,0.4013158
228,0.3995633
229,0.39782608
230,0.3961039
231,0.39439654
232,0.39270386
233,0.39102566
234,0.3893617
235,0.38771188
236,0.38607594
237,0.38445377
238,0.3828452
239,0.38125
240,0.37966806
241,0.37809917
242,0.37654322
243,0.375
244,0.37346938
245,0.37195122
246,0.37044534
247,0.36895162
248,0.36746988
249,0.366
250,0.36454183
251,0.36309522
252,0.36166006
253,0.36023623
254,0.35882354
255,0.35742188
256,0.35603112
257,0.35465115
258,0.35328186
259,0.35384616
260,0.35440612
261,0.3549618
262,0.3555133
263,0.3560606
264,0.35660377
265,0.35714287
266,0.3576779
267,0.35820895
268,0.35873607
269,0.35925925
270,0.35977858
271,0.3602941
272,0.36080587
273,0.36131388
274,0.3618182
275,0.36231884
276,0.36281586
277,0.36330935
278,0.36379927
279,0.3642857
280,0.36476868
281,0.3652482
282,0.36572438
283,0.36619717
284,0.36666667
285,0.36713287
286,0.36759582
287,0.36805555
288,0.3685121
289,0.3689655
290,0.36941582
291,0.369863
292,0.37030715
293,0.37074828
294,0.37118644
295,0.3716216
296,0.37205386
297,0.37248322
298,0.3729097
299,0.37333333
300,0.37375414
301,0.3741722
302,0.37458748
303,0.375
304,0.37540984
305,0.375817
306,0.37622148
307,0.3766234
308,0.37702265
309,0.37741935
310,0.37781352
311,0.37820512
312,0.37859425
313,0.37898088
314,0.3793651
315,0.37974682
316,0.38012618
317,0.38050315
318,0.38087773
319,0.38125
320,0.38161993
321,0.38198757
322,0.38235295
323,0.38271606
324,0.3830769
325,0.38343558
326,0.38379204
327,0.38414633
328,0.38449848
329,0.38484848
330,0.3851964
331,0.38554215
332,0.3858859
333,0.38622755
334,0.38656718
335,0.38690478
336,0.38724035
337,0.38757396
338,0.3879056
339,0.3882353
340,0.38856304
341,0.3888889
342,0.38921285
343,0.3895349
344,0.3898551
345,0.3901734
346,0.3904899
347,0.3908046
348,0.39111748
349,0.3914286
350,0.39173788
351,0.39204544
352,0.39235127
353,0.39265537
354,0.39295775
355,0.39325842
356,0.39355743
357,0.39385474
358,0.39415044
359,0.39444447
360,0.39473683
361,0.39502764
362,0.3953168
363,0.3956044
364,0.3958904
365,0.39617485
366,0.3964578
367,0.39673913
368,0.39701897
369,0.3972973
370,0.39757413
371,0.39784947
372,0.39812332
373,0.39839572
374,0.39866668
375,0.39893618
376,0.39920425
377,0.3994709
378,0.39973617
379,0.4
380,0.40026248
381,0.40052354
382,0.4007833
383,0.40104166
384,0.4012987
385,0.4015544
386,0.4018088
387,0.40206185
388,0.40231365
389,0.4025641
390,0.40281332
391,0.4030612
392,0.40330788
393,0.4035533
394,0.40379748
395,0.4040404
396,0.40428212
397,0.4045226
398,0.4047619
399,0.405
400,0.4052369
401,0.40547264
402,0.40570718
403,0.4059406
404,0.40617284
405,0.40640396
406,0.4066339
407,0.40563726
408,0.40464547
409,0.40365854
410,0.4026764
411,0.40169904
412,0.40072638
413,0.39975846
414,0.3987952
415,0.39783657
416,0.39688247
417,0.39593303
418,0.39498806
419,0.39404762
420,0.39311165
421,0.3921801
422,0.39125293
423,0.3903302
424,0.38941175
425,0.38849765
426,0.38758785
427,0.38668224
428,0.38578087
429,0.3848837
430,0.3839907
431,0.38310185
432,0.3822171
433,0.3813364
434,0.3804598
435,0.37958717
436,0.37871855
437,0.37785387
438,0.37699318
439,0.37613636
440,0.37528345
441,0.3744344
442,0.37358916
443,0.37274775
444,0.3719101
445,0.37107623
446,0.37024608
447,0.36941963
448,0.36859688
449,0.36777776
450,0.3669623
451,0.36615044
452,0.36534214
453,0.3656388
454,0.36593407
455,0.36622807
456,0.36652076
457,0.36681223
458,0.36710238
459,0.3673913
460,0.36767894
461,0.36796537
462,0.36825055
463,0.36853448
464,0.3688172
465,0.36909872
466,0.369379
467,0.3696581
468,0.36993605
469,0.37021276
470,0.37048832
471,0.3707627
472,0.37103593
473,0.37130803
474,0.37157893
475,0.37184873
476,0.3721174
477,0.37238494
478,0.37265134
479,0.37291667
480,0.37318087
481,0.373444
482,0.373706
483,0.37396693
484,0.3742268
485,0.3744856
486,0.37474334
487,0.375
488,0.37525564
489,0.37551022
490,0.37576377
491,0.37601626
492,0.37626773
493,0.37651822
494,0.3767677
495,0.37701613
496,0.37726358
497,0.37751004
498,0.37775552
499,0.378
500,0.3782435
501,0.37848607
502,0.3787276
503,0.37896824
504,0.37821782
505,0.37747037
506,0.37672585
507,0.37598425
508,0.37524557
509,0.3745098
510,0.3737769
511,0.37304688
512,0.3723197
513,0.37159532
514,0.3708738
515,0.37015504
516,0.36943907
517,0.36872587
518,0.3680154
519,0.3673077
520,0.3666027
521,0.3659004
522,0.36520076
523,0.3645038
524,0.36380953
525,0.36311787
526,0.36242884
527,0.36174244
528,0.3610586
529,0.36037737
530,0.35969868
531,0.35902256
532,0.35834897
533,0.3576779
534,0.35700935
535,0.35634327
536,0.3556797
537,0.35501862
538,0.35435992
539,0.35462964
540,0.35489833
541,0.35516605
542,0.3554328
543,0.35569853
544,0.3559633
545,0.3562271
546,0.35648996
547,0.35675183
548,0.35701275
549,0.35727274
550,0.35753176
551,0.35778987
552,0.358047
553,0.35830325
554,0.35855857
555,0.35881293
556,0.35906643
557,0.359319
558,0.35957068
559,0.35982144
560,0.3600713
561,0.36032027
562,0.3605684
563,0.36081558
564,0.36106193
565,0.3613074
566,0.36155203
567,0.36179578
568,0.36203867
569,0.3622807
570,0.3625219
571,0.36276224
572,0.36300173
573,0.36324042
574,0.36347824
575,0.3637153
576,0.36395147
577,0.36418685
578,0.36442143
579,0.36465517
580,0.36488813
581,0.3651203
582,0.36535162
583,0.3655822
584,0.36581197
585,0.36604095
586,0.36626917
587,0.36649662
588,0.36672324
589,0.36694914
590,0.36717427
591,0.36739865
592,0.3667791
593,0.3661616
594,0.36554623
595,0.3649329
596,0.3643216
597,0.36371237
598,0.36310518
599,0.3625
600,0.3618968
601,0.3612957
602,0.36069652
603,0.36009932
604,0.35950413
605,0.35891092
606,0.3583196
607,0.35773027
608,0.35714287
609,0.35655737
610,0.35597384
611,0.35539216
612,0.35481238
613,0.35423452
614,0.35365856
615,0.35308442
616,0.35251218
617,0.35194176
618,0.3513732
619,0.35080644
620,0.35024154
621,0.34967846
622,0.34911716
623,0.34855768
624,0.348
625,0.3474441
626,0.34688997
627,0.3463376
628,0.345787
629,0.3452381
630,0.34469098
631,0.34414557
632,0.34360188
633,0.34305996
634,0.3425197
635,0.3419811
636,0.34144425
637,0.3416928
638,0.34194052
639,0.34218752
640,0.3424337
641,0.34267914
642,0.34292382
643,0.34316772
644,0.34341085
645,0.34365326
646,0.3438949
647,0.34413582
648,0.34437597
649,0.3446154
650,0.34485406
651,0.34509203
652,0.34532925
653,0.34556574
654,0.34580153
655,0.34603658
656,0.34627092
657,0.34650457
658,0.34673747
659,0.3469697
660,0.34720123
661,0.34743202
662,0.34766215
663,0.34789157
664,0.3481203
665,0.34834835
666,0.3485757
667,0.3488024
668,0.3490284
669,0.3492537
670,0.3494784
671,0.34970236
672,0.3499257
673,0.35014838
674,0.35037035
675,0.35059172
676,0.3508124
677,0.35103244
678,0.35125184
679,0.3514706
680,0.35168868
681,0.35190615
682,0.352123
683,0.3523392
684,0.35255474
685,0.35276967
686,0.35298398
687,0.35319766
688,0.35341075
689,0.3536232
690,0.35383502
691,0.35404623
692,0.35425687
693,0.35446686
694,0.35467625
695,0.35488504
696,0.35509324
697,0.35530087
698,0.35550785
699,0.3557143
700,0.35592014
701,0.35612535
702,0.35633
703,0.3565341
704,0.35673758
705,0.3569405
706,0.35714287
707,0.35734463
708,0.35754585
709,0.35774648
710,0.35794657
711,0.35814607
712,0.35834503
713,0.35854343
714,0.35874125
715,0.35893854
716,0.35913527
717,0.3593315
718,0.3595271
719,0.35972223
720,0.35991678
721,0.36011082
722,0.3603043
723,0.36049724
724,0.36
725,0.35950413
726,0.35900962
727,0.35851648
728,0.3580247
729,0.35753423
730,0.35704514
731,0.35655737
732,0.35607094
733,0.3555858
734,0.35510203
735,0.35461956
736,0.3541384
737,0.35365853
738,0.35318
739,0.35270268
740,0.35222673
741,0.351752
742,0.3512786
743,0.35080644
744,0.3503356
745,0.34986597
746,0.3493976
747,0.34893048
748,0.3484646
749,0.348
750,0.34753662
751,0.34707445
752,0.34661356
753,0.34615386
754,0.34569538
755,0.3452381
756,0.34478205
757,0.34432718
758,0.3438735
759,0.34342104
760,0.34296978
761,0.3425197
762,0.34207076
763,0.34162304
764,0.34117648
765,0.34073108
766,0.34028682
767,0.33984375
768,0.340052
769,0.34025973
770,0.34046692
771,0.34067357
772,0.34087968
773,0.34108528
774,0.34129032
775,0.34149486
776,0.34169883
777,0.34190232
778,0.34210527
779,0.3423077
780,0.3425096
781,0.342711
782,0.3429119
783,0.34311223
784,0.34331208
785,0.34351146
786,0.3437103
787,0.3439086
788,0.34410644
789,0.3443038
790,0.34450063
791,0.34469697
792,0.3448928
793,0.34508815
794,0.34528303
795,0.3454774
796,0.34567127
797,0.34586465
798,0.34605756
799,0.34625
800,0.34644192
801,0.34663343
802,0.3468244
803,0.34701493
804,0.34720498
805,0.34739453
806,0.34758365
807,0.3477723
808,0.34796044
809,0.34814817
810,0.3483354
811,0.3485222
812,0.34870848
813,0.34889436
814,0.34907973
815,0.34926468
816,0.34944922
817,0.34963325
818,0.34981686
819,0.35
820,0.3501827
821,0.35036495
822,0.35054678
823,0.35072815
824,0.35090908
825,0.3510896
826,0.35126966
827,0.35144928
828,0.35162848
829,0.35180724
830,0.35198557
831,0.35216346
832,0.35234094
833,0.352518
834,0.35269463
835,0.35287082
836,0.3530466
837,0.35322195
838,0.3533969
839,0.35357141
840,0.35374555
841,0.35391927
842,0.35409254
843,0.3542654
844,0.3544379
845,0.35460994
846,0.35478157
847,0.3549528
848,0.35512367
849,0.3552941
850,0.35546416
851,0.3556338
852,0.35580307
853,0.3559719
854,0.35614038
855,0.3563084
856,0.35647607
857,0.35664338
858,0.35681027
859,0.35697675
860,0.35656214
861,0.35614848
862,0.35573578
863,0.3553241
864,0.3549133
865,0.35450345
866,0.35409456
867,0.35368663
868,0.35327962
869,0.35287356
870,0.35246843
871,0.3520642
872,0.35166094
873,0.35125858
874,0.35085714
875,0.3504566
876,0.350057
877,0.3496583
878,0.3492605
879,0.34886363
880,0.34846765
881,0.34807256
882,0.34767836
883,0.3472851
884,0.34689265
885,0.3465011
886,0.34611046
887,0.3457207
888,0.34533185
889,0.34494382
890,0.3445567
891,0.3441704
892,0.343785
893,0.34340045
894,0.34301674
895,0.3426339
896,0.34225196
897,0.34187084
898,0.34149057
899,0.34111112
900,0.3407325
901,0.34035477
902,0.33997786
903,0.33960176
904,0.3392265
905,0.3388521
906,0.3390298
907,0.33920705
908,0.33938396
909,0.33956045
910,0.33973655
911,0.3399123
912,0.34008762
913,0.3402626
914,0.34043717
915,0.34061134
916,0.34078518
917,0.3409586
918,0.3411317
919,0.34130436
920,0.34147668
921,0.34164858
922,0.34182018
923,0.34199136
924,0.34216216
925,0.3423326
926,0.34250268
927,0.3426724
928,0.34284174
929,0.34301075
930,0.34317937
931,0.34334764
932,0.34351555
933,0.34368306
934,0.34385026
935,0.3440171
936,0.34418356
937,0.34434968
938,0.34451544
939,0.34468085
940,0.3448459
941,0.3450106
942,0.34517497
943,0.345339
944,0.34550264
945,0.34566596
946,0.34582895
947,0.34599155
948,0.34615386
949,0.3463158
950,0.3464774
951,0.34663868
952,0.34679958
953,0.34696016
954,0.3471204
955,0.34728032
956,0.34743994
957,0.34759915
958,0.34775808
959,0.34791666
960,0.3480749
961,0.34823287
962,0.34839046
963,0.34854773
964,0.34870467
965,0.34886128
966,0.34901756
967,0.34917355
968,0.3493292
969,0.34948453
970,0.34963953
971,0.34979424
972,0.3499486
973,0.35010266
974,0.3502564
975,0.34989756
976,0.3495394
977,0.349182
978,0.34882534
979,0.34846938
980,0.34811416
981,0.34775966
982,0.3474059
983,0.34705284
984,0.34670052
985,0.34634888
986,0.345998
987,0.34564778
988,0.3452983
989,0.34494948
990,0.34460142
991,0.34425402
992,0.34390736
993,0.34356135
994,0.34321606
995,0.3428715
996,0.34252757
997,0.34218436
998,0.34184185
999,0.34149998
1000,0.34115884
1001,0.34081835
1002,0.34047857
1003,0.34013945
1004,0.339801
1005,0.33946323
1006,0.3391261
1007,0.3387897
1008,0.33845392
1009,0.3381188
1010,0.33778435
1011,0.3374506
1012,0.3371175
1013,0.33678502
1014,0.33694583
1015,0.3371063
1016,0.33726647
1017,0.33742633
1018,0.33758587
1019,0.3377451
1020,0.33790404
1021,0.3380626
1022,0.33822092
1023,0.3383789
1024,0.3385366
1025,0.33869395
1026,0.33885103
1027,0.3390078
1028,0.33916426
1029,0.3393204
1030,0.33947623
1031,0.3396318
1032,0.33978704
1033,0.33994198
1034,0.34009662
1035,0.34025097
1036,0.34040502
1037,0.34055877
1038,0.34071222
1039,0.34086537
1040,0.34101826
1041,0.34117085
1042,0.34132308
1043,0.3414751
1044,0.3416268
1045,0.34177822
1046,0.34192932
1047,0.34208018
1048,0.34223068
1049,0.34238094
1050,0.34253094
1051,0.3426806
1052,0.34283
1053,0.34297913
1054,0.34312797
1055,0.3432765
1056,0.3434248
1057,0.3435728
1058,0.3437205
1059,0.34386793
1060,0.34401506
1061,0.34416196
1062,0.34430856
1063,0.34445488
1064,0.34460095
1065,0.3447467
1066,0.3448922
1067,0.34503746
1068,0.34518242
1069,0.3453271
1070,0.34547153
1071,0.34561568
1072,0.34575957
1073,0.34590316
1074,0.3460465
1075,0.34618962
1076,0.3463324
1077,0.34647495
1078,0.34615386
1079,0.34583333
1080,0.3455134
1081,0.3451941
1082,0.34487534
1083,0.3445572
1084,0.34423962
1085,0.34392267
1086,0.34360626
1087,0.34329045
1088,0.3429752
1089,0.34266055
1090,0.3423465
1091,0.34203297
1092,0.34172004
1093,0.3414077
1094,0.3410959
1095,0.34078467
1096,0.340474
1097,0.34016395
1098,0.33985442
1099,0.33954546
1100,0.33923703
1101,0.3389292
1102,0.33862194
1103,0.33831522
1104,0.33800906
1105,0.33770344
1106,0.33739838
1107,0.33709386
1108,0.3367899
1109,0.33648646
1110,0.3361836
1111,0.3358813
1112,0.3355795
1113,0.33527827
1114,0.33497757
1115,0.33467743
1116,0.3343778
1117,0.33407873
1118,0.33378017
1119,0.33348215
1120,0.33318466
1121,0.3328877
1122,0.3325913
1123,0.33229536
1124,0.33200002
1125,0.33170515
1126,0.33141083
1127,0.33111703
1128,0.33126658
1129,0.33141592
1130,0.33156496
1131,0.3317138
1132,0.3318623
1133,0.33201057
1134,0.3321586
1135,0.33230633
1136,0.33245385
1137,0.33260107
1138,0.33274803
1139,0.33289474
1140,0.3330412
1141,0.3331874
1142,0.3333333
1143,0.33347902
1144,0.33362445
1145,0.33376962
1146,0.33391458
1147,0.33405924
1148,0.33420366
1149,0.33434784
1150,0.33449173
1151,0.33463544
1152,0.33477885
1153,0.33492202
1154,0.33506495
1155,0.3352076
1156,0.33535004
1157,0.33549222
1158,0.33563417
1159,0.33577585
1160,0.3359173
1161,0.3360585
1162,0.33619946
1163,0.3363402
1164,0.33648068
1165,0.33662093
1166,0.33676094
1167,0.3369007
1168,0.3370402
1169,0.33717948
1170,0.33731854
1171,0.33745736
1172,0.3375959
1173,0.33773422
1174,0.33787233
1175,0.3380102
1176,0.33814782
1177,0.33786076
1178,0.3375742
1179,0.33728814
1180,0.33700255
1181,0.33671743
1182,0.3364328
1183,0.33614865
1184,0.33586496
1185,0.33558178
1186,0.33529907
1187,0.33501685
1188,0.3347351
1189,0.3344538
1190,0.33417296
1191,0.3338926
1192,0.33361274
1193,0.33333334
1194,0.3330544
1195,0.33277592
1196,0.33249792
1197,0.33222038
1198,0.33194327
1199,0.33166665
1200,0.3313905
1201,0.33111483
1202,0.33083957
1203,0.3305648
1204,0.33029047
1205,0.33001658
1206,0.32974315
1207,0.32947022
1208,0.32919767
1209,0.3289256
1210,0.328654
1211,0.32838285
1212,0.32811213
1213,0.32784185
1214,0.32757202
1215,0.32730263
1216,0.3270337
1217,0.32676518
1218,0.32649714
1219,0.3262295
1220,0.32637185
1221,0.32651392
1222,0.32665575
1223,0.32679737
1224,0.32693878
1225,0.32707995
1226,0.32722086
1227,0.32736158
1228,0.327502
1229,0.32764226
1230,0.3277823
1231,0.32792208
1232,0.32806164
1233,0.328201
1234,0.32834008
1235,0.32847896
1236,0.32861763
1237,0.32875603
1238,0.32889426
1239,0.32903224
1240,0.32917002
1241,0.32930756
1242,0.3294449
1243,0.32958198
1244,0.3297189
1245,0.32985556
1246,0.329992
1247,0.3301282
1248,0.3302642
1249,0.3304
1250,0.3305356
1251,0.33067092
1252,0.33080608
1253,0.330941
1254,0.3310757
1255,0.3312102
1256,0.3313445
1257,0.33147854
1258,0.3316124
1259,0.33174604
1260,0.33187947
1261,0.33201265
1262,0.3321457
1263,0.3322785
1264,0.33241105
1265,0.33254343
1266,0.33267564
1267,0.33280757
1268,0.33293933
1269,0.33307087
1270,0.33320218
1271,0.33333334
1272,0.33346426
1273,0.33359498
1274,0.3337255
1275,0.3338558
1276,0.3339859
1277,0.3341158
1278,0.3342455
1279,0.33437502
1280,0.3345043
1281,0.33463338
1282,0.33476228
1283,0.33489096
1284,0.33501947
1285,0.33514774
1286,0.33527583
1287,0.33540374
1288,0.3351435
1289,0.33488372
1290,0.33462432
1291,0.3343653
1292,0.33410674
1293,0.33384854
1294,0.33359075
1295,0.3333333
1296,0.33307633
1297,0.33281973
1298,0.33256352
1299,0.3323077
1300,0.3320523
1301,0.33179724
1302,0.33154258
1303,0.33128834
1304,0.33103448
1305,0.330781
1306,0.33052793
1307,0.33027524
1308,0.33002293
1309,0.32977098
1310,0.32951945
1311,0.32926828
1312,0.32901752
1313,0.32876712
1314,0.3285171
1315,0.32826746
1316,0.32801825
1317,0.32776934
1318,0.32752085
1319,0.3272727
1320,0.327025
1321,0.3267776
1322,0.32653064
1323,0.326284
1324,0.32603773
1325,0.32579187
1326,0.32554632
1327,0.32530123
1328,0.32505643
1329,0.32481205
1330,0.32456797
1331,0.3243243
1332,0.324081
1333,0.32383806
1334,0.32359552
1335,0.32372755
1336,0.3238594
1337,0.32399103
1338,0.3241225
1339,0.32425374
1340,0.3243848
1341,0.32451564
1342,0.3246463
1343,0.32477677
1344,0.32490706
1345,0.32503712
1346,0.32516706
1347,0.32529673
1348,0.32542625
1349,0.32555556
1350,0.32568467
1351,0.3258136
1352,0.32594234
1353,0.3260709
1354,0.32619923
1355,0.32632744
1356,0.3264554
1357,0.3265832
1358,0.32671082
1359,0.32683823
1360,0.32696545
1361,0.3270925
1362,0.32721937
1363,0.32734603
1364,0.32747254
1365,0.32759884
1366,0.32772493
1367,0.32785088
1368,0.32797664
1369,0.32810217
1370,0.32822758
1371,0.32835275
1372,0.3284778
1373,0.3286026
1374,0.32872728
1375,0.32885176
1376,0.32897604
1377,0.32910013
1378,0.32922408
1379,0.32934785
1380,0.3294714
1381,0.3295948
1382,0.329718
1383,0.32984105
1384,0.3296029
1385,0.32936507
1386,0.3291276
1387,0.3288905
1388,0.3286537
1389,0.32841727
1390,0.32818118
1391,0.3279454
1392,0.32770997
1393,0.3274749
1394,0.32724014
1395,0.32700574
1396,0.32677165
1397,0.3265379
1398,0.3263045
1399,0.32607144
1400,0.32583869
1401,0.3256063
1402,0.3253742
1403,0.32514244
1404,0.32491103
1405,0.32467994
1406,0.32444918
1407,0.32421875
1408,0.32398865
1409,0.32375887
1410,0.32352942
1411,0.3233003
1412,0.32307148
1413,0.32284302
1414,0.32261485
1415,0.322387
1416,0.32215947
1417,0.32193232
1418,0.32170543
1419,0.32147887
1420,0.32125264
1421,0.3210267
1422,0.32080114
1423,0.32057583
1424,0.3203509
1425,0.32012624
1426,0.31990188
1427,0.3196779
1428,0.31945416
1429,0.31958044
1430,0.3197065
1431,0.31983238
1432,0.31995815
1433,0.32008368
1434,0.32020906
1435,0.32033426
1436,0.3204593
1437,0.32058415
1438,0.3207088
1439,0.32083333
1440,0.32095766
1441,0.32108182
1442,0.32120582
1443,0.32132965
1444,0.32145327
1445,0.32157677
1446,0.32170007
1447,0.32182318
1448,0.32194617
1449,0.32206896
1450,0.3221916
1451,0.32231405
1452,0.32243633
1453,0.32255846
1454,0.3226804
1455,0.3228022
1456,0.3229238
1457,0.32304525
1458,0.32316655
1459,0.32328767
1460,0.3234086
1461,0.32352942
1462,0.32365003
1463,0.3237705
1464,0.3238908
1465,0.3240109
1466,0.3241309
1467,0.32425067
1468,0.32437032
1469,0.3244898
1470,0.3246091
1471,0.32472825
1472,0.32484725
1473,0.32496607
1474,0.32508475
1475,0.32520324
1476,0.3253216
1477,0.32543978
1478,0.32555783
1479,0.32567567
1480,0.32545578
1481,0.32523614
1482,0.32501686
1483,0.32479787
1484,0.32457912
1485,0.3243607
1486,0.32414258
1487,0.32392472
1488,0.3237072
1489,0.32348993
1490,0.32327297
1491,0.32305628
1492,0.32283992
1493,0.32262385
1494,0.32240802
1495,0.3221925
1496,0.3219773
1497,0.32176235
1498,0.3215477
1499,0.32133335
1500,0.32111925
1501,0.32090545
1502,0.32069194
1503,0.32047874
1504,0.32026577
1505,0.32005313
1506,0.31984073
1507,0.31962866
1508,0.31941682
1509,0.31920528
1510,0.31899405
1511,0.31878304
1512,0.31857237
1513,0.31836194
1514,0.31815183
1515,0.31827176
1516,0.31839156
1517,0.3185112
1518,0.3186307
1519,0.31875
1520,0.31886917
1521,0.31898817
1522,0.31910703
1523,0.31922573
1524,0.31934428
1525,0.31946266
1526,0.31958088
1527,0.31969896
1528,0.3198169
1529,0.31993467
1530,0.32005227
1531,0.3201697
1532,0.32028702
1533,0.32040417
1534,0.32052118
1535,0.32063803
1536,0.3207547
1537,0.32087126
1538,0.32098764
1539,0.3211039
1540,0.32121998
1541,0.3213359
1542,0.32145172
1543,0.32156736
1544,0.32168287
1545,0.3217982
1546,0.3219134
1547,0.32202843
1548,0.32214332
1549,0.32225806
1550,0.32237267
1551,0.32248712
1552,0.3226014
1553,0.32271558
1554,0.3228296
1555,0.32294345
1556,0.32305717
1557,0.32317072
1558,0.32328415
1559,0.32339743
1560,0.3235106
1561,0.32362357
1562,0.3237364
1563,0.3238491
1564,0.32396168
1565,0.3240741
1566,0.32418633
1567,0.32429847
1568,0.32441044
1569,0.32452232
1570,0.32463402
1571,0.32474554
1572,0.32485694
1573,0.32496822
1574,0.32507938
1575,0.32519037
1576,0.3253012
1577,0.32541192
1578,0.32552248
1579,0.32563293
1580,0.3257432
1581,0.32585335
1582,0.32596338
1583,0.32607323
1584,0.32618296
1585,0.32629257
1586,0.32608694
1587,0.3258816
1588,0.32567653
1589,0.3254717
1590,0.32526714
1591,0.3250628
1592,0.32485875
1593,0.32465497
1594,0.32445142
1595,0.32424814
1596,0.3240451
1597,0.32384232
1598,0.32363975
1599,0.3234375
1600,0.32323545
1601,0.3230337
1602,0.32283217
1603,0.32263094
1604,0.3224299
1605,0.32222915
1606,0.32202864
1607,0.32182837
1608,0.32162833
1609,0.32142857
1610,0.32122904
1611,0.32102978
1612,0.32083076
1613,0.32063198
1614,0.32043344
1615,0.32023516
1616,0.3200371
1617,0.3198393
1618,0.31964177
1619,0.31944445
1620,0.31924736
1621,0.31905055
1622,0.31885397
1623,0.31865764
1624,0.31846154
1625,0.31826568
1626,0.31807005
1627,0.3181818
1628,0.31829345
1629,0.3184049
1630,0.31851625
1631,0.31862745
1632,0.31873852
1633,0.31884944
1634,0.31896025
1635,0.3190709
1636,0.31918144
1637,0.31929183
1638,0.31940207
1639,0.3195122
1640,0.3196222
1641,0.319732
1642,0.31984174
1643,0.31995136
1644,0.3200608
1645,0.3201701
1646,0.3202793
1647,0.32038835
1648,0.32049727
1649,0.32060605
1650,0.3207147
1651,0.32082325
1652,0.32093164
1653,0.32103992
1654,0.32114804
1655,0.32125604
1656,0.32136393
1657,0.32147163
1658,0.32157928
1659,0.32168674
1660,0.3217941
1661,0.32190132
1662,0.32200843
1663,0.32211536
1664,0.32222223
1665,0.32232893
1666,0.3224355
1667,0.32254195
1668,0.3226483
1669,0.3227545
1670,0.32286057
1671,0.32296652
1672,0.3230723
1673,0.323178
1674,0.32328358
1675,0.32338902
1676,0.32349432
1677,0.32359952
1678,0.3237046
1679,0.3238095
1680,0.32391435
1681,0.324019
1682,0.32412356
1683,0.32422805
1684,0.32433236
1685,0.32443655
1686,0.32454062
1687,0.32464457
1688,0.3247484
1689,0.32485208
1690,0.32495564
1691,0.32505912
1692,0.3251624
1693,0.32526565
1694,0.32536873
1695,0.3254717
1696,0.32557452
1697,0.32567728
1698,0.3254856
1699,0.32529414
1700,0.32510287
1701,0.3249119
1702,0.3247211
1703,0.3245305
1704,0.32434016
1705,0.3241501
1706,0.32396016
1707,0.3237705
1708,0.32358104
1709,0.3233918
1710,0.32320282
1711,0.32301402
1712,0.32282543
1713,0.32263708
1714,0.32244897
1715,0.3222611
1716,0.3220734
1717,0.32188594
1718,0.32169867
1719,0.32151163
1720,0.32132483
1721,0.3211382
1722,0.32095182
1723,0.32076567
1724,0.3205797
1725,0.32039398
1726,0.32020843
1727,0.32002315
1728,0.31983805
1729,0.31965318
1730,0.3194685
1731,0.31928408
1732,0.31909984
1733,0.31891578
1734,0.31873196
1735,0.31854838
1736,0.31836498
1737,0.31846952
1738,0.3185739
1739,0.31867817
1740,0.31878233
1741,0.31888634
1742,0.31899023
1743,0.31909406
1744,0.3191977
1745,0.31930125
1746,0.3194047
1747,0.31950802
1748,0.3196112
1749,0.3197143
1750,0.31981725
1751,0.31992006
1752,0.32002282
1753,0.3201254
1754,0.32022792
1755,0.32033032
1756,0.32043254
1757,0.3205347
1758,0.32063672
1759,0.3207386
1760,0.32084042
1761,0.3209421
1762,0.32104367
1763,0.32114512
1764,0.32124645
1765,0.32134768
1766,0.3214488
1767,0.32154977
1768,0.32165065
1769,0.32175142
1770,0.32185206
1771,0.32195258
1772,0.32205302
1773,0.32215333
1774,0.32225353
1775,0.3223536
1776,0.32245356
1777,0.32255343
1778,0.32265317
1779,0.32275283
1780,0.3228523
1781,0.32295173
1782,0.32305104
1783,0.32315022
1784,0.3232493
1785,0.32334828
1786,0.3234471
1787,0.3232662
1788,0.32308552
1789,0.322905
1790,0.32272473
1791,0.32254463
1792,0.32236475
1793,0.32218504
1794,0.32200557
1795,0.32182628
1796,0.3216472
1797,0.3214683
1798,0.3212896
1799,0.3211111
1800,0.3209328
1801,0.3207547
1802,0.32057682
1803,0.3203991
1804,0.3202216
1805,0.32004428
1806,0.3198672
1807,0.31969026
1808,0.31951356
1809,0.319337
1810,0.3191607
1811,0.31898454
1812,0.31880862
1813,0.31863284
1814,0.3184573
1815,0.31828195
1816,0.31810677
1817,0.3179318
1818,0.317757
1819,0.31758243
1820,0.31740803
1821,0.3172338
1822,0.31705981
1823,0.31688595
1824,0.31671232
1825,0.31653887
1826,0.3166393
1827,0.31673962
1828,0.3168398
1829,0.3169399
1830,0.31703985
1831,0.31713974
1832,0.3172395
1833,0.31733915
1834,0.3174387
1835,0.31753814
1836,0.31763744
1837,0.3177367
1838,0.31783578
1839,0.31793478
1840,0.3180337
1841,0.31813246
1842,0.31823117
1843,0.3183297
1844,0.31842816
1845,0.31852657
1846,0.3186248
1847,0.31872296
1848,0.31882098
1849,0.3189189
1850,0.31901675
1851,0.31911445
1852,0.31921208
1853,0.3193096
1854,0.31940702
1855,0.31950432
1856,0.3196015
1857,0.3196986
1858,0.3197956
1859,0.31989247
1860,0.31998926
1861,0.32008594
1862,0.3201825
1863,0.32027897
1864,0.32037532
1865,0.32047158
1866,0.32056776
1867,0.3206638
1868,0.32075977
1869,0.32085562
1870,0.32095134
1871,0.321047
1872,0.32114255
1873,0.32123798
1874,0.32106668
1875,0.32089552
1876,0.32072455
1877,0.32055378
1878,0.3203832
1879,0.32021278
1880,0.32004255
1881,0.3198725
1882,0.3197026
1883,0.31953293
1884,0.3193634
1885,0.31919408
1886,0.31902492
1887,0.31885594
1888,0.31868714
1889,0.31851852
1890,0.31835008
1891,0.3181818
1892,0.31801373
1893,0.31784582
1894,0.3176781
1895,0.31751055
1896,0.31734318
1897,0.31717598
1898,0.31700897
1899,0.3168421
1900,0.31667542
1901,0.31650895
1902,0.3163426
1903,0.31617647
1904,0.31601048
1905,0.3158447
1906,0.31567907
1907,0.3155136
1908,0.31534833
1909,0.31518325
1910,0.3150183
1911,0.31485355
1912,0.31468898
1913,0.31452453
1914,0.31436032
1915,0.31419623
1916,0.31403232
1917,0.3138686
1918,0.31370503
1919,0.31354165
1920,0.31337845
1921,0.3132154
1922,0.31331253
1923,0.31340957
1924,0.31350648
1925,0.3136033
1926,0.31370005
1927,0.3137967
1928,0.3138932
1929,0.31398964
1930,0.31408596
1931,0.3141822
1932,0.3142783
1933,0.31437436
1934,0.3144703
1935,0.31456614
1936,0.31466186
1937,0.31475747
1938,0.314853
1939,0.31494844
1940,0.3150438
1941,0.31513906
1942,0.31523418
1943,0.3153292
1944,0.31542414
1945,0.31551903
1946,0.31561378
1947,0.31570843
1948,0.315803
1949,0.31589743
1950,0.31599182
1951,0.31608605
1952,0.31618023
1953,0.31627432
1954,0.31636828
1955,0.31646216
1956,0.31655595
1957,0.31664965
1958,0.31674325
1959,0.31683674
1960,0.31693015
1961,0.31702346
1962,0.31711668
1963,0.31720978
1964,0.31730282
1965,0.31739575
1966,0.31748855
1967,0.3175813
1968,0.31767395
1969,0.3177665
1970,0.31785896
1971,0.31795132
1972,0.3180436
1973,0.31813577
1974,0.31822783
1975,0.31831986
1976,0.31841174
1977,0.31850356
1978,0.31859523
1979,0.31868687
1980,0.3187784
1981,0.31886983
1982,0.31896117
1983,0.3190524
1984,0.31914356
1985,0.31923464
1986,0.31932563
1987,0.31941652
1988,0.3195073
1989,0.319598
1990,0.31968862
1991,0.31977913
1992,0.31986955
1993,0.31995988
1994,0.32005012
1995,0.3201403
1996,0.32023033
1997,0.3203203
1998,0.3204102
1999,0.32050002
2000,0.32058972
2001,0.3206793
2002,0.32076883
2003,0.32085827
2004,0.32094765
2005,0.32103688
2006,0.32112604
2007,0.32121515
2008,0.32130414
2009,0.32114428
2010,0.3209846
2011,0.32082504
2012,0.32066566
2013,0.32050645
2014,0.32034737
2015,0.3201885
2016,0.32002974
2017,0.31987116
2018,0.31971273
2019,0.31955445
2020,0.31939635
2021,0.31923836
2022,0.3190806
2023,0.31892294
2024,0.31876543
2025,0.3186081
2026,0.31845093
2027,0.31829387
2028,0.31813702
2029,0.3179803
2030,0.3178237
2031,0.3176673
2032,0.31751108
2033,0.31735498
2034,0.31719902
2035,0.31704324
2036,0.31688756
2037,0.3167321
2038,0.31657675
2039,0.31642157
2040,0.31626654
2041,0.31611165
2042,0.31595695
2043,0.31580234
2044,0.3156479
2045,0.31549364
2046,0.3153395
2047,0.31518555
2048,0.3150317
2049,0.31487805
2050,0.3147245
2051,0.31457114
2052,0.31441793
2053,0.31450826
2054,0.31459856
2055,0.3146887
2056,0.3147788
2057,0.3148688
2058,0.31495872
2059,0.31504855
2060,0.31513828
2061,0.31522793
2062,0.3153175
2063,0.31540698
2064,0.31549639
2065,0.31558567
2066,0.3156749
2067,0.315764
2068,0.31585306
2069,0.31594202
2070,0.31603092
2071,0.3161197
2072,0.3162084
2073,0.316297
2074,0.31638554
2075,0.316474
2076,0.31656235
2077,0.31665063
2078,0.3167388
2079,0.31682694
2080,0.31691495
2081,0.3170029
2082,0.31709075
2083,0.3171785
2084,0.3172662
2085,0.31735379
2086,0.31744128
2087,0.31752872
2088,0.3176161
2089,0.31770337
2090,0.3177905
2091,0.31787765
2092,0.31796467
2093,0.31805158
2094,0.31813842
2095,0.3182252
2096,0.31831187
2097,0.31839848
2098,0.318485
2099,0.31857145
2100,0.3186578
2101,0.31874406
2102,0.31883025
2103,0.31891635
2104,0.3190024
2105,0.3190883
2106,0.31917417
2107,0.31925997
2108,0.31934565
2109,0.3194313
2110,0.3195168
2111,0.31960228
2112,0.31968763
2113,0.31977296
2114,0.31985816
2115,0.3199433
2116,0.32002833
2117,0.3201133
2118,0.3201982
2119,0.32028303
2120,0.32036775
2121,0.32021677
2122,0.32006595
2123,0.31991524
2124,0.3197647
2125,0.3196143
2126,0.31946403
2127,0.3193139
2128,0.31916392
2129,0.31901407
2130,0.3188644
2131,0.3187148
2132,0.3185654
2133,0.31841612
2134,0.318267
2135,0.31811798
2136,0.3179691
2137,0.31782037
2138,0.3176718
2139,0.31752336
2140,0.31737506
2141,0.3172269
2142,0.3170789
2143,0.31693095
2144,0.3167832
2145,0.3166356
2146,0.31648812
2147,0.3163408
2148,0.31619358
2149,0.3160465
2150,0.31589958
2151,0.3157528
2152,0.31560612
2153,0.3154596
2154,0.31531322
2155,0.31516698
2156,0.31502086
2157,0.3148749
2158,0.31472903
2159,0.3148148
2160,0.31490052
2161,0.3149861
2162,0.31507164
2163,0.31515712
2164,0.3152425
2165,0.3153278
2166,0.315413
2167,0.31549814
2168,0.31558323
2169,0.3156682
2170,0.3157531
2171,0.31583792
2172,0.31592268
2173,0.31600738
2174,0.31609195
2175,0.31617647
2176,0.31626093
2177,0.31634527
2178,0.31642956
2179,0.31651378
2180,0.31659788
2181,0.31668195
2182,0.3167659
2183,0.31684983
2184,0.31693363
2185,0.31701738
2186,0.31710106
2187,0.31718463
2188,0.31726813
2189,0.31735158
2190,0.31743497
2191,0.31751823
2192,0.31760144
2193,0.3176846
2194,0.31776765
2195,0.31785065
2196,0.31793356
2197,0.31801638
2198,0.31809914
2199,0.3181818
2200,0.31826442
2201,0.31834698
2202,0.3184294
2203,0.31851178
2204,0.3185941
2205,0.31867635
2206,0.3187585
2207,0.31884056
2208,0.31892258
2209,0.31900454
2210,0.31908637
2211,0.31916818
2212,0.3192499
2213,0.31933153
2214,0.3194131
2215,0.3194946
2216,0.31957603
2217,0.31965736
2218,0.31973863
2219,0.3198198
2220,0.31990093
2221,0.319982
2222,0.320063
2223,0.31991905
2224,0.31977528
2225,0.31963164
2226,0.3194881
2227,0.3193447
2228,0.31920144
2229,0.3190583
2230,0.31891528
2231,0.31877238
2232,0.31862965
2233,0.31848702
2234,0.31834453
2235,0.31820214
2236,0.3180599
2237,0.3179178
2238,0.3177758
2239,0.31763393
2240,0.3174922
2241,0.31735057
2242,0.3172091
2243,0.31706774
2244,0.31692648
2245,0.3167854
2246,0.31664443
2247,0.31650355
2248,0.31636283
2249,0.31622222
2250,0.31608176
2251,0.3159414
2252,0.31580114
2253,0.31566104
2254,0.31552106
2255,0.31538123
2256,0.31524146
2257,0.31510186
2258,0.3149624
2259,0.31482303
2260,0.31468377
2261,0.31454465
2262,0.31440565
2263,0.3142668
2264,0.31434876
2265,0.3144307
2266,0.31451255
2267,0.31459436
2268,0.31467608
2269,0.3147577
2270,0.3148393
2271,0.31492078
2272,0.3150022
2273,0.31508356
2274,0.31516483
2275,0.31524605
2276,0.31532717
2277,0.31540826
2278,0.31548923
2279,0.31557018
2280,0.31565103
2281,0.31573182
2282,0.31581253
2283,0.31589317
2284,0.31597376
2285,0.31605422
2286,0.3161347
2287,0.31621504
2288,0.31629533
2289,0.31637555
2290,0.31645572
2291,0.31653577
2292,0.3166158
2293,0.31669572
2294,0.31677562
2295,0.3168554
2296,0.31693512
2297,0.31701478
2298,0.3170944
2299,0.3171739
2300,0.31725338
2301,0.31733274
2302,0.31741208
2303,0.31749132
2304,0.3175705
2305,0.3176496
2306,0.31772864
2307,0.3178076
2308,0.31788653
2309,0.3179654
2310,0.31804413
2311,0.31812283
2312,0.31820148
2313,0.31828004
2314,0.31835854
2315,0.31843698
2316,0.3185153
2317,0.31859362
2318,0.31867182
2319,0.31875
2320,0.3188281
2321,0.31890613
2322,0.3189841
2323,0.31906193
2324,0.31913978
2325,0.31921753
2326,0.31929523
2327,0.31937283
2328,0.3194504
2329,0.3195279
2330,0.31960532
2331,0.31968266
2332,0.31975996
2333,0.31983718
2334,0.31991434
2335,0.3199914
2336,0.32006848
2337,0.32014543
2338,0.32000858
2339,0.31987178
2340,0.31973517
2341,0.31959864
2342,0.31946224
2343,0.31932592
2344,0.31918976
2345,0.3190537
2346,0.31891778
2347,0.31878194
2348,0.31864625
2349,0.31851065
2350,0.31837517
2351,0.3182398
2352,0.31810457
2353,0.3179694
2354,0.31783438
2355,0.3176995
2356,0.3175647
2357,0.31743002
2358,0.31729546
2359,0.31716102
2360,0.31702667
2361,0.31689245
2362,0.31675833
2363,0.31662434
2364,0.31649047
2365,0.31635672
2366,0.31622308
2367,0.3160895
2368,0.31595612
2369,0.31582278
2370,0.31568956
2371,0.31555647
2372,0.31542352
2373,0.31529063
2374,0.3151579
2375,0.31502527
2376,0.31510305
2377,0.31518084
2378,0.3152585
2379,0.31533614
2380,0.31541368
2381,0.3154912
2382,0.31556863
2383,0.315646
2384,0.31572327
2385,0.3158005
2386,0.31587768
2387,0.31595477
2388,0.3160318
2389,0.3161088
2390,0.3161857
2391,0.31626254
2392,0.3163393
2393,0.31641603
2394,0.3164927
2395,0.31656927
2396,0.3166458
2397,0.31672227
2398,0.3167987
2399,0.31687498
2400,0.31695127
2401,0.31702748
2402,0.31710362
2403,0.3171797
2404,0.31725574
2405,0.31733167
2406,0.31740755
2407,0.31748337
2408,0.31755915
2409,0.31763488
2410,0.3177105
2411,0.31778607
2412,0.31786156
2413,0.31793702
2414,0.31801242
2415,0.31808776
2416,0.318163
2417,0.3182382
2418,0.31831336
2419,0.31838843
2420,0.31846344
2421,0.3185384
2422,0.3186133
2423,0.31868812
2424,0.3187629
2425,0.31883758
2426,0.31891224
2427,0.31898683
2428,0.31906134
2429,0.3191358
2430,0.3192102
2431,0.31928453
2432,0.31935883
2433,0.31943303
2434,0.31950718
2435,0.31958127
2436,0.3196553
2437,0.31972927
2438,0.3198032
2439,0.31987703
2440,0.31995085
2441,0.32002455
2442,0.32009822
2443,0.32017183
2444,0.3202454
2445,0.32031888
2446,0.3203923
2447,0.32046568
2448,0.320539
2449,0.32061225
2450,0.32068545
2451,0.32075858
2452,0.32083166
2453,0.32090464
2454,0.3209776
2455,0.3210505
2456,0.32112333
2457,0.32119608
2458,0.3212688
2459,0.32134145
2460,0.32141405
2461,0.32128352
2462,0.32115307
2463,0.32102275
2464,0.3208925
2465,0.32076237
2466,0.32063234
2467,0.32050243
2468,0.3203726
2469,0.3202429
2470,0.3201133
2471,0.3199838
2472,0.31985444
2473,0.31972516
2474,0.31959593
2475,0.3194669
2476,0.3193379
2477,0.31920904
2478,0.3190803
2479,0.3189516
2480,0.31882304
2481,0.3186946
2482,0.31856626
2483,0.318438
2484,0.31830984
2485,0.3181818
2486,0.3180539
2487,0.31792605
2488,0.31779832
2489,0.3176707
2490,0.31754315
2491,0.3174157
2492,0.3172884
2493,0.3171612
2494,0.31703407
2495,0.31690705
2496,0.31678015
2497,0.3166533
2498,0.3165266
2499,0.3164
2500,0.31627348
2501,0.3161471
2502,0.3160208
2503,0.31589457
2504,0.31576848
2505,0.31564248
2506,0.31551656
2507,0.3155901
2508,0.31566364
2509,0.31573707
2510,0.31581044
2511,0.31588376
2512,0.315957
2513,0.31603023
2514,0.3161034
2515,0.31617647
2516,0.3162495
2517,0.31632248
2518,0.3163954
2519,0.31646824
2520,0.31654108
2521,0.3166138
2522,0.31668648
2523,0.3167591
2524,0.31683168
2525,0.3169042
2526,0.31697667
2527,0.31704903
2528,0.3171214
2529,0.3171937
2530,0.3172659
2531,0.31733808
2532,0.31741017
2533,0.31748223
2534,0.31755424
2535,0.31762618
2536,0.31769806
2537,0.31776989
2538,0.31784165
2539,0.31791338
2540,0.31798506
2541,0.31805664
2542,0.3181282
2543,0.3181997
2544,0.31827113
2545,0.3183425
2546,0.31841382
2547,0.31848508
2548,0.3185563
2549,0.31862745
2550,0.31869853
2551,0.31876957
2552,0.31884056
2553,0.31891152
2554,0.31898236
2555,0.3190532
2556,0.31912398
2557,0.31919467
2558,0.31926534
2559,0.31933594
2560,0.31940648
2561,0.31947696
2562,0.3195474
2563,0.3196178
2564,0.3196881
2565,0.3197584
2566,0.31982857
2567,0.31989872
2568,0.31996888
2569,0.3200389
2570,0.32010892
2571,0.32017887
2572,0.32024872
2573,0.32031858
2574,0.32038838
2575,0.32045805
2576,0.32052773
2577,0.32059735
2578,0.3206669
2579,0.32073644
2580,0.3208059
2581,0.3208753
2582,0.32094464
2583,0.32101393
2584,0.3210832
2585,0.32115236
2586,0.3212215
2587,0.32129055
2588,0.32135957
2589,0.32142857
2590,0.3214975
2591,0.32156634
2592,0.3216352
2593,0.3217039
2594,0.32177263
2595,0.3218413
2596,0.3219099
2597,0.32197845
2598,0.32204694
2599,0.32211536
2600,0.3221838
2601,0.3222521
2602,0.3223204
2603,0.32238865
2604,0.32245684
2605,0.32252496
2606,0.32259303
2607,0.32266104
2608,0.32272902
2609,0.32279694
2610,0.32286483
2611,0.3229326
2612,0.32300037
2613,0.32306808
2614,0.32313573
2615,0.32320338
2616,0.32327092
2617,0.32333845
2618,0.3234059
2619,0.32347327
2620,0.32354063
2621,0.32360792
2622,0.3236752
2623,0.3237424
2624,0.32380953
2625,0.32387662
2626,0.32394367
2627,0.32401067
2628,0.3240776
2629,0.32414448
2630,0.32421133
2631,0.32427812
2632,0.32434487
2633,0.32441154
2634,0.32447818
2635,0.3245448
2636,0.3246113
2637,0.3246778
2638,0.32474422
2639,0.32481062
2640,0.32487696
2641,0.3249432
2642,0.32500947
2643,0.32507566
2644,0.3251418
2645,0.3252079
2646,0.3252739
2647,0.32533988
2648,0.32540584
2649,0.3254717
2650,0.32553753
2651,0.3256033
2652,0.32566905
2653,0.32573473
2654,0.3258004
2655,0.32586598
2656,0.3259315
2657,0.32580888
2658,0.32568634
2659,0.3255639
2660,0.32544157
2661,0.3253193
2662,0.32519716
2663,0.3250751
2664,0.32495308
2665,0.3248312
2666,0.32470942
2667,0.3245877
2668,0.32446608
2669,0.32434458
2670,0.32422316
2671,0.3241018
2672,0.32398054
2673,0.3238594
2674,0.32373834
2675,0.32361734
2676,0.32349646
2677,0.32337564
2678,0.32325494
2679,0.3231343
2680,0.3230138
2681,0.32289338
2682,0.32277304
2683,0.32265276
2684,0.3225326
2685,0.3224125
2686,0.3222925
2687,0.32217264
2688,0.3220528
2689,0.3219331
2690,0.32181346
2691,0.3216939
2692,0.32157445
2693,0.3214551
2694,0.3213358
2695,0.3212166
2696,0.3210975
2697,0.32097852
2698,0.32085958
2699,0.32074076
2700,0.32062197
2701,0.32050332
2702,0.32038474
2703,0.32026628
2704,0.32014787
2705,0.32002956
2706,0.31991136
2707,0.31997785
2708,0.32004428
2709,0.32011068
2710,0.32017705
2711,0.32024336
2712,0.32030964
2713,0.32037583
2714,0.320442
2715,0.32050812
2716,0.32057416
2717,0.32064018
2718,0.32070613
2719,0.32077205
2720,0.32083791
2721,0.32090375
2722,0.32096952
2723,0.32103524
2724,0.32110092
2725,0.32116655
2726,0.32123214
2727,0.32129765
2728,0.32136315
2729,0.3214286
2730,0.32149398
2731,0.3215593
2732,0.32162458
2733,0.32168984
2734,0.32175502
2735,0.32182017
2736,0.3218853
2737,0.32195032
2738,0.32201535
2739,0.32208028
2740,0.32214522
2741,0.32221007
2742,0.32227486
2743,0.32233965
2744,0.32240438
2745,0.32246906
2746,0.32253367
2747,0.32259825
2748,0.32266277
2749,0.32272726
2750,0.3227917
2751,0.3228561
2752,0.32292044
2753,0.32298476
2754,0.323049
2755,0.3231132
2756,0.32317737
2757,0.32324147
2758,0.32330555
2759,0.32336956
2760,0.32343355
2761,0.32349747
2762,0.32356137
2763,0.3236252
2764,0.32368898
2765,0.3237527
2766,0.32381642
2767,0.32388005
2768,0.32376307
2769,0.3236462
2770,0.32352942
2771,0.32341272
2772,0.32329607
2773,0.32317954
2774,0.32306308
2775,0.32294667
2776,0.32283038
2777,0.32271418
2778,0.32259804
2779,0.32248202
2780,0.32236606
2781,0.3222502
2782,0.32213438
2783,0.32201868
2784,0.32190305
2785,0.3217875
2786,0.32167205
2787,0.32155666
2788,0.32144135
2789,0.32132617
2790,0.32121104
2791,0.321096
2792,0.32098103
2793,0.32086614
2794,0.32075134
2795,0.32063663
2796,0.320522
2797,0.32040745
2798,0.32029295
2799,0.32017857
2800,0.32006425
2801,0.31995004
2802,0.3198359
2803,0.31972182
2804,0.31960785
2805,0.31967214
2806,0.31973636
2807,0.31980056
2808,0.31986472
2809,0.31992882
2810,0.3199929
2811,0.3200569
2812,0.32012087
2813,0.32018477
2814,0.32024866
2815,0.3203125
2816,0.32037628
2817,0.32044002
2818,0.3205037
2819,0.32056737
2820,0.32063097
2821,0.32069454
2822,0.32075804
2823,0.32082152
2824,0.32088494
2825,0.32094833
2826,0.32101166
2827,0.32107496
2828,0.3211382
2829,0.3212014
2830,0.32126456
2831,0.3213277
2832,0.32139075
2833,0.32145375
2834,0.32151675
2835,0.3215797
2836,0.32164258
2837,0.32170543
2838,0.32176822
2839,0.321831
2840,0.3218937
2841,0.32195637
2842,0.32201898
2843,0.32208157
2844,0.32214412
2845,0.32220662
2846,0.32226905
2847,0.3223315
2848,0.32239383
2849,0.32245612
2850,0.3225184
2851,0.32258064
2852,0.32264283
2853,0.32270497
2854,0.32276708
2855,0.32282913
2856,0.32289115
2857,0.3229531
2858,0.32301503
2859,0.3230769
2860,0.32313877
2861,0.32320058
2862,0.32326233
2863,0.32332402
2864,0.3233857
2865,0.32344732
2866,0.32350892
2867,0.32357043
2868,0.32363194
2869,0.3236934
2870,0.3237548
2871,0.32381618
2872,0.32387745
2873,0.3237648
2874,0.32365218
2875,0.32353964
2876,0.3234272
2877,0.3233148
2878,0.3232025
2879,0.32309026
2880,0.32297814
2881,0.32286608
2882,0.32275409
2883,0.32264215
2884,0.32253033
2885,0.32241857
2886,0.32230687
2887,0.3221953
2888,0.32208377
2889,0.3219723
2890,0.32186097
2891,0.32174966
2892,0.32163844
2893,0.3215273
2894,0.32141623
2895,0.32130525
2896,0.32119435
2897,0.32108352
2898,0.32097274
2899,0.32086205
2900,0.3207515
2901,0.32064092
2902,0.32053047
2903,0.32042012
2904,0.32030982
2905,0.3201996
2906,0.32008943
2907,0.31997937
2908,0.31986937
2909,0.31975946
2910,0.3196496
2911,0.31971154
2912,0.31977344
2913,0.31983528
2914,0.3198971
2915,0.31995884
2916,0.32002056
2917,0.32008225
2918,0.32014388
2919,0.32020548
2920,0.32026702
2921,0.32032853
2922,0.32039002
2923,0.32045144
2924,0.32051283
2925,0.32057416
2926,0.32063544
2927,0.3206967
2928,0.32075793
2929,0.3208191
2930,0.32088023
2931,0.32094133
2932,0.32100236
2933,0.3210634
2934,0.32112437
2935,0.3211853
2936,0.32124618
2937,0.321307
2938,0.3213678
2939,0.32142857
2940,0.32148927
2941,0.32154995
2942,0.3216106
2943,0.3216712
2944,0.32173175
2945,0.32179224
2946,0.32185274
2947,0.32191318
2948,0.32197356
2949,0.3220339
2950,0.3220942
2951,0.32215446
2952,0.32221472
2953,0.32227486
2954,0.322335
2955,0.32239515
2956,0.32245517
2957,0.3225152
2958,0.3225752
2959,0.3226351
2960,0.32269505
2961,0.3227549
2962,0.3228147
2963,0.3228745
2964,0.32293424
2965,0.32299393
2966,0.3230536
2967,0.3231132
2968,0.3231728
2969,0.32323232
2970,0.32329184
2971,0.32335126
2972,0.3234107
2973,0.32347006
2974,0.32352942
2975,0.3235887
2976,0.32364798
2977,0.3237072
2978,0.32376635
2979,0.3238255
2980,0.3238846
2981,0.32394367
2982,0.32400268
2983,0.32406166
2984,0.32412058
2985,0.3241795
2986,0.32423836
2987,0.3242972
2988,0.32435596
2989,0.32441473
2990,0.3244734
2991,0.3245321
2992,0.3245907
2993,0.3246493
2994,0.32470787
2995,0.32459947
2996,0.32449114
2997,0.3243829
2998,0.32427478
2999,0.32416666
3000,0.32405865
3001,0.3239507
3002,0.32384282
3003,0.32373503
3004,0.3236273
3005,0.32351962
3006,0.32341206
3007,0.32330453
3008,0.32319707
3009,0.32308972
3010,0.3229824
3011,0.32287517
3012,0.322768
3013,0.32266092
3014,0.32255387
3015,0.32244694
3016,0.32234007
3017,0.32223326
3018,0.32212654
3019,0.32201988
3020,0.32191327
3021,0.32180673
3022,0.32170027
3023,0.32159394
3024,0.3214876
3025,0.32138136
3026,0.32127517
3027,0.32116908
3028,0.32106304
3029,0.3209571
3030,0.3208512
3031,0.3207454
3032,0.32063964
3033,0.32053393
3034,0.32042834
3035,0.3203228
3036,0.3202173
3037,0.32011193
3038,0.32017112
3039,0.32023025
3040,0.32028937
3041,0.32034844
3042,0.3204075
3043,0.3204665
3044,0.32052547
3045,0.32058436
3046,0.32064325
3047,0.3207021
3048,0.3207609
3049,0.32081968
3050,0.3208784
3051,0.3209371
3052,0.32099575
3053,0.32105434
3054,0.32111293
3055,0.32117146
3056,0.32122996
3057,0.3212884
3058,0.32134685
3059,0.32140523
3060,0.32146358
3061,0.32152188
3062,0.32158017
3063,0.32163838
3064,0.32169658
3065,0.32175475
3066,0.32181287
3067,0.32187092
3068,0.32192898
3069,0.32198697
3070,0.32204494
3071,0.32210284
3072,0.32216078
3073,0.3222186
3074,0.3222764
3075,0.3223342
3076,0.32239193
3077,0.32244962
3078,0.32250732
3079,0.32256496
3080,0.32262254
3081,0.3226801
3082,0.3227376
3083,0.3227951
3084,0.3228525
3085,0.3229099
3086,0.3229673
3087,0.32302463
3088,0.3230819
3089,0.32313916
3090,0.32319638
3091,0.32325357
3092,0.3233107
3093,0.32336783
3094,0.32342488
3095,0.32348192
3096,0.3235389
3097,0.32359588
3098,0.3236528
3099,0.32370967
3100,0.32376653
3101,0.32382333
3102,0.32388014
3103,0.32393688
3104,0.32399356
3105,0.32405025
3106,0.32410687
3107,0.32416344
3108,0.32422
3109,0.32427654
3110,0.324333
3111,0.32438946
3112,0.32444584
3113,0.32450223
3114,0.3245586
3115,0.32461488
3116,0.32467115
3117,0.3247274
3118,0.3247836
3119,0.32483974
3120,0.32489586
3121,0.32495195
3122,0.325008
3123,0.325064
3124,0.32512
3125,0.32517594
3126,0.32523185
3127,0.32528773
3128,0.32534355
3129,0.32523963
3130,0.32513574
3131,0.32503194
3132,0.3249282
3133,0.3248245
3134,0.3247209
3135,0.32461733
3136,0.32451385
3137,0.32441044
3138,0.32430708
3139,0.32420382
3140,0.3241006
3141,0.32399744
3142,0.32389438
3143,0.32379135
3144,0.3236884
3145,0.3235855
3146,0.3234827
3147,0.32337993
3148,0.32327724
3149,0.3231746
3150,0.32307205
3151,0.32296956
3152,0.3228671
3153,0.32276475
3154,0.3226624
3155,0.3225602
3156,0.32245803
3157,0.32235593
3158,0.32225388
3159,0.3221519
3160,0.32204998
3161,0.3219481
3162,0.32184637
3163,0.32174462
3164,0.32164297
3165,0.32154137
3166,0.32143986
3167,0.3213384
3168,0.32123697
3169,0.32113564
3170,0.32103437
3171,0.32093316
3172,0.320832
3173,0.32088846
3174,0.32094488
3175,0.32100123
3176,0.32105762
3177,0.3211139
3178,0.32117018
3179,0.32122642
3180,0.32128263
3181,0.32133877
3182,0.32139492
3183,0.321451
3184,0.32150707
3185,0.3215631
3186,0.3216191
3187,0.32167503
3188,0.32173094
3189,0.32178682
3190,0.32184267
3191,0.32189852
3192,0.32195428
3193,0.32201004
3194,0.3220657
3195,0.32212138
3196,0.32217705
3197,0.32223266
3198,0.32228822
3199,0.32234374
3200,0.32239926
3201,0.3224547
3202,0.32251012
3203,0.32256556
3204,0.32262093
3205,0.32267624
3206,0.32273152
3207,0.32278678
3208,0.322842
3209,0.3228972
3210,0.32295236
3211,0.32300746
3212,0.32306254
3213,0.3231176
3214,0.32317263
3215,0.3232276
3216,0.32328257
3217,0.3233375
3218,0.32339236
3219,0.32344723
3220,0.323502
3221,0.32355678
3222,0.32361156
3223,0.32366624
3224,0.32372093
3225,0.3237756
3226,0.3238302
3227,0.32388476
3228,0.32393932
3229,0.3239938
3230,0.32404828
3231,0.3241027
3232,0.32415712
3233,0.3242115
3234,0.32426584
3235,0.32432014
3236,0.32437444
3237,0.32442865
3238,0.32448286
3239,0.32453704
3240,0.3244369
3241,0.32433683
3242,0.3242368
3243,0.32413685
3244,0.324037
3245,0.32393715
3246,0.3238374
3247,0.32373768
3248,0.32363802
3249,0.32353848
3250,0.32343894
3251,0.32333946
3252,0.3232401
3253,0.32314074
3254,0.32304147
3255,0.32294226
3256,0.3228431
3257,0.322744
3258,0.322645
3259,0.322546
3260,0.32244712
3261,0.32234824
3262,0.32224947
3263,0.32215074
3264,0.32205206
3265,0.32195348
3266,0.32185492
3267,0.32175642
3268,0.32165802
3269,0.32155964
3270,0.32146132
3271,0.3213631
3272,0.3212649
3273,0.32116675
3274,0.3210687
3275,0.3209707
3276,0.32087275
3277,0.32092738
3278,0.32098198
3279,0.32103658
3280,0.32109112
3281,0.32114565
3282,0.32120013
3283,0.32125455
3284,0.32130897
3285,0.32136336
3286,0.3214177
3287,0.32147202
3288,0.3215263
3289,0.32158056
3290,0.32163477
3291,0.32168895
3292,0.3217431
3293,0.3217972
3294,0.3218513
3295,0.32190534
3296,0.32195938
3297,0.32201332
3298,0.3220673
3299,0.3221212
3300,0.3221751
3301,0.32222897
3302,0.3222828
3303,0.32233655
3304,0.32239032
3305,0.32244402
3306,0.32249773
3307,0.32255137
3308,0.322605
3309,0.3226586
3310,0.32271218
3311,0.3227657
3312,0.3228192
3313,0.32287264
3314,0.3229261
3315,0.3229795
3316,0.32303286
3317,0.3230862
3318,0.3231395
3319,0.32319278
3320,0.323246
3321,0.32329923
3322,0.3233524
3323,0.32340553
3324,0.32345864
3325,0.32351172
3326,0.32356477
3327,0.3236178
3328,0.32367074
3329,0.32372373
3330,0.32377663
3331,0.32382953
3332,0.3238824
3333,0.3239352
3334,0.32398802
3335,0.32404077
3336,0.3240935
3337,0.3241462
3338,0.32419884
3339,0.32425147
3340,0.3243041
3341,0.32435668
3342,0.32440922
3343,0.32446173
3344,0.3245142
3345,0.32456666
3346,0.32461905
3347,0.32467145
3348,0.32472378
3349,0.3247761
3350,0.3248284
3351,0.32488066
3352,0.32493287
3353,0.3249851
3354,0.32503724
3355,0.3250894
3356,0.3251415
3357,0.32519358
3358,0.32524562
3359,0.32529762
3360,0.3253496
3361,0.32540154
3362,0.32545346
3363,0.32550535
3364,0.3255572
3365,0.32560903
3366,0.32551232
3367,0.32541567
3368,0.3253191
3369,0.32522255
3370,0.32512605
3371,0.32502964
3372,0.3249333
3373,0.324837
3374,0.32474077
3375,0.32464457
3376,0.32454842
3377,0.32445234
3378,0.32435632
3379,0.32426035
3380,0.32416445
3381,0.3240686
3382,0.32397282
3383,0.32387707
3384,0.32378137
3385,0.32368577
3386,0.32359022
3387,0.32349467
3388,0.32339925
3389,0.32330382
3390,0.3232085
3391,0.3231132
3392,0.32301798
3393,0.3229228
3394,0.3228277
3395,0.32273263
3396,0.32263762
3397,0.32254267
3398,0.32244778
3399,0.32235295
3400,0.32225817
3401,0.32216346
3402,0.32206875
3403,0.32197416
3404,0.32202643
3405,0.32207868
3406,0.32213092
3407,0.3221831
3408,0.3222353
3409,0.32228738
3410,0.32233948
3411,0.32239157
3412,0.3224436
3413,0.3224956
3414,0.32254758
3415,0.32259953
3416,0.32265145
3417,0.32270333
3418,0.3227552
3419,0.322807
3420,0.3228588
3421,0.3229106
3422,0.3229623
3423,0.32301402
3424,0.3230657
3425,0.32311732
3426,0.32316893
3427,0.32322055
3428,0.3232721
3429,0.3233236
3430,0.3233751
3431,0.32342657
3432,0.323478
3433,0.32352942
3434,0.3235808
3435,0.32363212
3436,0.32368344
3437,0.32373473
3438,0.323786
3439,0.32383722
3440,0.32388842
3441,0.32393956
3442,0.3239907
3443,0.3240418
3444,0.32409286
3445,0.32414395
3446,0.32419497
3447,0.32424593
3448,0.3242969
3449,0.32434782
3450,0.32439873
3451,0.3244496
3452,0.32450044
3453,0.32455122
3454,0.32460204
3455,0.3246528
3456,0.3247035
3457,0.32475418
3458,0.32480484
3459,0.3248555
3460,0.3249061
3461,0.32495666
3462,0.3250072
3463,0.32505774
3464,0.32510823
3465,0.3251587
3466,0.3252091
3467,0.3252595
3468,0.32530987
3469,0.32536024
3470,0.32541054
3471,0.32546085
3472,0.3255111
3473,0.32556129
3474,0.32546765
3475,0.325374
3476,0.32528043
3477,0.32518688
3478,0.32509342
3479,0.325
3480,0.32490665
3481,0.32481334
3482,0.32472008
3483,0.32462686
3484,0.3245337
3485,0.3244406
3486,0.32434756
3487,0.32425457
3488,0.32416165
3489,0.32406878
3490,0.32397595
3491,0.32388318
3492,0.32379043
3493,0.32369775
3494,0.32360515
3495,0.32351258
3496,0.32342008
3497,0.3233276
3498,0.3232352
3499,0.32314286
3500,0.32305056
3501,0.3229583
3502,0.3228661
3503,0.322774
3504,0.32268187
3505,0.32258987
3506,0.32249787
3507,0.32240593
3508,0.32231405
3509,0.32222223
3510,0.32213044
3511,0.3220387
3512,0.32208937
3513,0.32214004
3514,0.3221906
3515,0.3222412
3516,0.32229173
3517,0.32234225
3518,0.3223927
3519,0.3224432
3520,0.3224936
3521,0.322544
3522,0.3225944
3523,0.3226447
3524,0.32269502
3525,0.32274532
3526,0.32279557
3527,0.32284582
3528,0.322896
3529,0.3229462
3530,0.32299632
3531,0.32304645
3532,0.3230965
3533,0.32314658
3534,0.3231966
3535,0.3232466
3536,0.32329658
3537,0.32334653
3538,0.32339644
3539,0.32344633
3540,0.32349616
3541,0.32354602
3542,0.32359582
3543,0.3236456
3544,0.32369536
3545,0.32374507
3546,0.32379475
3547,0.32384443
3548,0.32389405
3549,0.32394367
3550,0.32399327
3551,0.3240428
3552,0.32409233
3553,0.3241418
3554,0.32419127
3555,0.3242407
3556,0.32429013
3557,0.3243395
3558,0.32438886
3559,0.3244382
3560,0.3244875
3561,0.32453677
3562,0.32458603
3563,0.32463524
3564,0.32468444
3565,0.32473361
3566,0.32478273
3567,0.32483184
3568,0.3248809
3569,0.32492998
3570,0.324979
3571,0.325028
3572,0.32507697
3573,0.3251259
3574,0.3251748
3575,0.3252237
3576,0.32527256
3577,0.3253214
3578,0.32537022
3579,0.325419
3580,0.32546774
3581,0.32551646
3582,0.32556516
3583,0.32561386
3584,0.3256625
3585,0.3257111
3586,0.32575968
3587,0.32580823
3588,0.32585678
3589,0.3259053
3590,0.32595378
3591,0.32600224
3592,0.32605064
3593,0.32609904
3594,0.32614744
3595,0.32619578
3596,0.3262441
3597,0.3262924
3598,0.32620174
3599,0.32611114
3600,0.32602054
3601,0.32593003
3602,0.32583958
3603,0.32574916
3604,0.3256588
3605,0.3255685
3606,0.32547826
3607,0.325388
3608,0.32529786
3609,0.32520777
3610,0.3251177
3611,0.32502767
3612,0.32493773
3613,0.32484782
3614,0.32475796
3615,0.32466814
3616,0.32457837
3617,0.32448867
3618,0.324399
3619,0.3243094
3620,0.32421982
3621,0.3241303
3622,0.32404086
3623,0.32395142
3624,0.32386208
3625,0.32377276
3626,0.3236835
3627,0.32359427
3628,0.3235051
3629,0.32341596
3630,0.3233269
3631,0.3232379
3632,0.3231489
3633,0.32305998
3634,0.3229711
3635,0.3228823
3636,0.3227935
3637,0.3227048
3638,0.3227535
3639,0.3228022
3640,0.32285088
3641,0.32289952
3642,0.32294813
3643,0.3229967
3644,0.32304525
3645,0.3230938
3646,0.3231423
3647,0.3231908
3648,0.32323924
3649,0.32328767
3650,0.32333606
3651,0.32338446
3652,0.3234328
3653,0.3234811
3654,0.32352942
3655,0.3235777
3656,0.32362592
3657,0.32367414
3658,0.3237223
3659,0.3237705
3660,0.32381862
3661,0.32386672
3662,0.32391483
3663,0.32396287
3664,0.3240109
3665,0.32405892
3666,0.3241069
3667,0.32415485
3668,0.32420278
3669,0.3242507
3670,0.32429856
3671,0.32434642
3672,0.32439423
3673,0.32444203
3674,0.3244898
3675,0.32453752
3676,0.32458526
3677,0.32463294
3678,0.32468063
3679,0.32472825
3680,0.32477587
3681,0.32482344
3682,0.32487103
3683,0.32491857
3684,0.32496607
3685,0.32501358
3686,0.32506102
3687,0.32510847
3688,0.32515585
3689,0.32520324
3690,0.32525063
3691,0.32529795
3692,0.32534525
3693,0.32539254
3694,0.32543978
3695,0.32548702
3696,0.32553422
3697,0.32558137
3698,0.32562855
3699,0.32567567
3700,0.3255877
3701,0.32549974
3702,0.32541183
3703,0.325324
3704,0.32523617
3705,0.3251484
3706,0.3250607
3707,0.32497302
3708,0.32488543
3709,0.32479784
3710,0.3247103
3711,0.32462284
3712,0.32453543
3713,0.32444805
3714,0.3243607
3715,0.3242734
3716,0.32418618
3717,0.32409897
3718,0.3240118
3719,0.32392472
3720,0.3238377
3721,0.32375067
3722,0.3236637
3723,0.3235768
3724,0.3234899
3725,0.32340312
3726,0.32331634
3727,0.3232296
3728,0.32314295
3729,0.32305628
3730,0.32296973
3731,0.3228832
3732,0.32279667
3733,0.32271022
3734,0.32262385
3735,0.32253748
3736,0.32245117
3737,0.32236493
3738,0.32227868
3739,0.3221925
3740,0.3221064
3741,0.3220203
3742,0.32193428
3743,0.32184827
3744,0.32176235
3745,0.32167646
3746,0.3215906
3747,0.3215048
3748,0.32141906
3749,0.32133335
3750,0.32138097
3751,0.32142857
3752,0.32147616
3753,0.32152373
3754,0.32157123
3755,0.32161874
3756,0.32166624
3757,0.3217137
3758,0.3217611
3759,0.32180852
3760,0.3218559
3761,0.32190323
3762,0.32195055
3763,0.32199788
3764,0.32204515
3765,0.3220924
3766,0.32213962
3767,0.32218683
3768,0.32223403
3769,0.32228118
3770,0.3223283
3771,0.32237542
3772,0.3224225
3773,0.32246953
3774,0.32251656
3775,0.32256356
3776,0.32261053
3777,0.3226575
3778,0.32270443
3779,0.32275134
3780,0.3227982
3781,0.32284504
3782,0.3228919
3783,0.32293868
3784,0.32298547
3785,0.32303223
3786,0.32307896
3787,0.32312566
3788,0.32317233
3789,0.323219
3790,0.3232656
3791,0.32331222
3792,0.32335883
3793,0.32340539
3794,0.32345194
3795,0.32349843
3796,0.32354492
3797,0.32359135
3798,0.32363778
3799,0.32368422
3800,0.3237306
3801,0.32377696
3802,0.3238233
3803,0.32386962
3804,0.3239159
3805,0.32396215
3806,0.3240084
3807,0.32405463
3808,0.3241008
3809,0.324147
3810,0.32419312
3811,0.32423925
3812,0.32428533
3813,0.3243314
3814,0.32437748
3815,0.3244235
3816,0.3244695
3817,0.3243845
3818,0.32429957
3819,0.32421467
3820,0.32412982
3821,0.324045
3822,0.32396024
3823,0.32387552
3824,0.32379085
3825,0.3237062
3826,0.32362163
3827,0.3235371
3828,0.3234526
3829,0.32336813
3830,0.32328373
3831,0.32319936
3832,0.32311505
3833,0.32303077
3834,0.32294655
3835,0.32286236
3836,0.32277822
3837,0.32269412
3838,0.32261008
3839,0.32252604
3840,0.32244205
3841,0.32235813
3842,0.32227427
3843,0.32219043
3844,0.32210663
3845,0.32202289
3846,0.32193917
3847,0.3218555
3848,0.32177186
3849,0.3216883
3850,0.3216048
3851,0.32152128
3852,0.32143784
3853,0.32135445
3854,0.32127106
3855,0.32118776
3856,0.3211045
3857,0.32102126
3858,0.32093805
3859,0.32085493
3860,0.3207718
3861,0.32081825
3862,0.32086462
3863,0.320911
3864,0.3209573
3865,0.32100362
3866,0.32104993
3867,0.32109618
3868,0.32114244
3869,0.32118863
3870,0.32123482
3871,0.32128102
3872,0.32132715
3873,0.32137328
3874,0.32141936
3875,0.32146543
3876,0.32151148
3877,0.32155752
3878,0.3216035
3879,0.3216495
3880,0.32169545
3881,0.32174137
3882,0.32178727
3883,0.32183316
3884,0.32187903
3885,0.32192487
3886,0.32197067
3887,0.32201648
3888,0.32206222
3889,0.32210797
3890,0.3221537
3891,0.32219937
3892,0.32224506
3893,0.32229072
3894,0.32233632
3895,0.3223819
3896,0.3224275
3897,0.32247305
3898,0.3225186
3899,0.32256413
3900,0.3226096
3901,0.32265505
3902,0.3227005
3903,0.3227459
3904,0.32279128
3905,0.32283667
3906,0.322882
3907,0.32292733
3908,0.32297263
3909,0.3230179
3910,0.32306314
3911,0.32310838
3912,0.32315361
3913,0.3231988
3914,0.32324392
3915,0.32328907
3916,0.32320654
3917,0.32312405
3918,0.3230416
3919,0.32295918
3920,0.3228768
3921,0.3227945
3922,0.3227122
3923,0.32263
3924,0.32254776
3925,0.3224656
3926,0.3223835
3927,0.32230145
3928,0.3222194
3929,0.32213742
3930,0.32205546
3931,0.32197356
3932,0.32189167
3933,0.32180986
3934,0.3217281
3935,0.32164633
3936,0.32156464
3937,0.321483
3938,0.32140136
3939,0.3213198
3940,0.32123828
3941,0.32115677
3942,0.32107532
3943,0.3209939
3944,0.32091254
3945,0.3208312
3946,0.32074994
3947,0.3206687
3948,0.3205875
3949,0.32050633
3950,0.3204252
3951,0.32034412
3952,0.3202631
3953,0.32018209
3954,0.32010114
3955,0.32002023
3956,0.31993935
3957,0.3198585
3958,0.31977773
3959,0.31969696
3960,0.3197425
3961,0.31978798
3962,0.31983346
3963,0.3198789
3964,0.31992435
3965,0.31996974
3966,0.32001513
3967,0.3200605
3968,0.32010582
3969,0.32015112
3970,0.32019645
3971,0.3202417
3972,0.32028693
3973,0.32033217
3974,0.32037735
3975,0.32042253
3976,0.32046768
3977,0.32051283
3978,0.32055792
3979,0.320603
3980,0.32064807
3981,0.3206931
3982,0.32073814
3983,0.32078314
3984,0.3208281
3985,0.32087305
3986,0.32091796
3987,0.3209629
3988,0.3210078
3989,0.32105264
3990,0.32109746
3991,0.3211423
3992,0.32118708
3993,0.32123184
3994,0.3212766
3995,0.3213213
3996,0.321366
3997,0.32141072
3998,0.32145536
3999,0.3215
4000,0.32154462
4001,0.3215892
4002,0.3216338
4003,0.3216783
4004,0.32172287
4005,0.32176733
4006,0.32181183
4007,0.32185626
4008,0.32190073
4009,0.32194513
4010,0.32198954
4011,0.32203388
4012,0.32207823
4013,0.32212257
4014,0.32216686
4015,0.32221115
4016,0.32225543
4017,0.32229966
4018,0.3223439
4019,0.32238805
4020,0.32243222
4021,0.3224764
4022,0.3225205
4023,0.3225646
4024,0.3226087
4025,0.32265276
4026,0.3226968
4027,0.3227408
4028,0.3227848
4029,0.32282877
4030,0.32287273
4031,0.3229167
4032,0.32296056
4033,0.32300445
4034,0.32304832
4035,0.32309216
4036,0.323136
4037,0.32317978
4038,0.32322356
4039,0.32326734
4040,0.32331106
4041,0.32335478
4042,0.32339847
4043,0.32344213
4044,0.3234858
4045,0.32352942
4046,0.32357302
4047,0.32361662
4048,0.32366017
4049,0.3237037
4050,0.32374722
4051,0.32379073
4052,0.32383418
4053,0.32387763
4054,0.32392108
4055,0.32396448
4056,0.3240079
4057,0.32405126
4058,0.3240946
4059,0.32413793
4060,0.32418123
4061,0.32422453
4062,0.32426777
4063,0.32431102
4064,0.32435423
4065,0.32439744
4066,0.3244406
4067,0.32448378
4068,0.3245269
4069,0.32457003
4070,0.32461312
4071,0.3246562
4072,0.32469922
4073,0.32474226
4074,0.3247853
4075,0.32482827
4076,0.32487124
4077,0.32491416
4078,0.3249571
4079,0.325
4080,0.32504287
4081,0.32508576
4082,0.32512856
4083,0.3251714
4084,0.3252142
4085,0.32525697
4086,0.32529974
4087,0.32534248
4088,0.32538515
4089,0.3254279
4090,0.32547057
4091,0.32551318
4092,0.32555583
4093,0.32559845
4094,0.32564104
4095,0.3256836
4096,0.32572615
4097,0.32576868
4098,0.32581118
4099,0.32585365
4100,0.32589614
4101,0.32593858
4102,0.325981
4103,0.3260234
4104,0.32606578
4105,0.32610813
4106,0.32615048
4107,0.3261928
4108,0.32623512
4109,0.32627738
4110,0.32631963
4111,0.3263619
4112,0.3264041
4113,0.32632476
4114,0.32624543
4115,0.32616618
4116,0.32608694
4117,0.32600778
4118,0.32592863
4119,0.32584953
4120,0.32577044
4121,0.3256914
4122,0.32561243
4123,0.32553345
4124,0.32545453
4125,0.32537568
4126,0.32529682
4127,0.32521802
4128,0.32513925
4129,0.32506055
4130,0.32498184
4131,0.3249032
4132,0.32482457
4133,0.324746
4134,0.32466748
4135,0.32458898
4136,0.3245105
4137,0.32443208
4138,0.3243537
4139,0.32427537
4140,0.32419705
4141,0.3241188
4142,0.32404053
4143,0.32396236
4144,0.3238842
4145,0.32380608
4146,0.323728
4147,0.32364994
4148,0.32357195
4149,0.32349396
4150,0.32341605
4151,0.32333815
4152,0.3232603
4153,0.32318246
4154,0.32310468
4155,0.32302696
4156,0.32294923
4157,0.32287157
4158,0.32279393
4159,0.32271636
4160,0.3226388
4161,0.3226814
4162,0.32272398
4163,0.32276657
4164,0.32280913
4165,0.32285166
4166,0.32289416
4167,0.32293665
4168,0.32297915
4169,0.3230216
4170,0.32306403
4171,0.3231064
4172,0.32314882
4173,0.3231912
4174,0.32323354
4175,0.32327586
4176,0.32331818
4177,0.32336044
4178,0.32340273
4179,0.32344496
4180,0.32348722
4181,0.32352942
4182,0.32357162
4183,0.32361376
4184,0.3236559
4185,0.32369804
4186,0.32374015
4187,0.32378224
4188,0.3238243
4189,0.32386634
4190,0.3239084
4191,0.3239504
4192,0.32399237
4193,0.32403433
4194,0.3240763
4195,0.3241182
4196,0.3241601
4197,0.324202
4198,0.32424384
4199,0.32428572
4200,0.32432753
4201,0.32436934
4202,0.32441115
4203,0.3244529
4204,0.32449466
4205,0.32453638
4206,0.32457808
4207,0.32461977
4208,0.32466143
4209,0.3247031
4210,0.3247447
4211,0.3247863
4212,0.3248279
4213,0.32486948
4214,0.32491103
4215,0.32495257
4216,0.3249941
4217,0.32503557
4218,0.32507703
4219,0.32511848
4220,0.3251599
4221,0.32520133
4222,0.32524273
4223,0.3252841
4224,0.32532543
4225,0.32524845
4226,0.32517153
4227,0.3250946
4228,0.32501775
4229,0.3249409
4230,0.3248641
4231,0.32478732
4232,0.3247106
4233,0.3246339
4234,0.32455724
4235,0.32448065
4236,0.32440406
4237,0.32432753
4238,0.324251
4239,0.32417452
4240,0.3240981
4241,0.3240217
4242,0.3239453
4243,0.323869
4244,0.3237927
4245,0.32371646
4246,0.32364023
4247,0.32356402
4248,0.32348788
4249,0.32341176
4250,0.3233357
4251,0.32325965
4252,0.32318366
4253,0.32310766
4254,0.32303172
4255,0.32295585
4256,0.32287997
4257,0.32280415
4258,0.32272834
4259,0.32265258
4260,0.32257685
4261,0.32261848
4262,0.3226601
4263,0.3227017
4264,0.32274327
4265,0.3227848
4266,0.32282633
4267,0.32286787
4268,0.32290936
4269,0.32295084
4270,0.32299227
4271,0.32303372
4272,0.32307512
4273,0.3231165
4274,0.3231579
4275,0.32319927
4276,0.32324058
4277,0.32328188
4278,0.3233232
4279,0.3233645
4280,0.32340574
4281,0.323447
4282,0.32348824
4283,0.32352942
4284,0.3235706
4285,0.32361177
4286,0.3236529
4287,0.32369402
4288,0.32373515
4289,0.32377625
4290,0.32381728
4291,0.32385835
4292,0.3238994
4293,0.3239404
4294,0.32398137
4295,0.32402235
4296,0.3240633
4297,0.32410425
4298,0.32414514
4299,0.32418603
4300,0.32422692
4301,0.3242678
4302,0.32430863
4303,0.32434943
4304,0.32439023
4305,0.32443103
4306,0.32447177
4307,0.32451254
4308,0.32455325
4309,0.32459396
4310,0.32463467
4311,0.32467532
4312,0.32471597
4313,0.32475662
4314,0.3247972
4315,0.3248378
4316,0.3248784
4317,0.32491893
4318,0.3249595
4319,0.325
4320,0.32504052
4321,0.325081
4322,0.32512143
4323,0.32516187
4324,0.3252023
4325,0.3252427
4326,0.32516754
4327,0.32509243
4328,0.32501733
4329,0.3249423
4330,0.32486725
4331,0.32479227
4332,0.32471728
4333,0.32464236
4334,0.3245675
4335,0.32449263
4336,0.3244178
4337,0.32434303
4338,0.32426828
4339,0.32419354
4340,0.32411885
4341,0.32404423
4342,0.3239696
4343,0.32389504
4344,0.32382047
4345,0.32374597
4346,0.32367152
4347,0.32359704
4348,0.32352263
4349,0.3234483
4350,0.32337394
4351,0.32329965
4352,0.32322538
4353,0.3231511
4354,0.3230769
4355,0.32300276
4356,0.3229286
4357,0.32285452
4358,0.32278046
4359,0.3227064
4360,0.32263243
4361,0.32255846
4362,0.32248452
4363,0.32241064
4364,0.3224513
4365,0.32249197
4366,0.32253262
4367,0.32257324
4368,0.32261387
4369,0.32265446
4370,0.32269502
4371,0.3227356
4372,0.32277614
4373,0.32281667
4374,0.32285714
4375,0.3228976
4376,0.32293808
4377,0.32297853
4378,0.32301897
4379,0.32305938
4380,0.32309973
4381,0.3231401
4382,0.32318047
4383,0.3232208
4384,0.3232611
4385,0.32330143
4386,0.3233417
4387,0.32338196
4388,0.3234222
4389,0.32346243
4390,0.3235026
4391,0.3235428
4392,0.32358295
4393,0.32362312
4394,0.32366323
4395,0.32370335
4396,0.32374346
4397,0.32378352
4398,0.32382357
4399,0.32386363
4400,0.32390368
4401,0.32394367
4402,0.32398364
4403,0.3240236
4404,0.32406357
4405,0.32410347
4406,0.3241434
4407,0.3241833
4408,0.32422316
4409,0.32426304
4410,0.32430288
4411,0.32434273
4412,0.3243825
4413,0.3244223
4414,0.32446206
4415,0.3245018
4416,0.32454154
4417,0.32458127
4418,0.32462096
4419,0.32466066
4420,0.3247003
4421,0.32473993
4422,0.32477957
4423,0.32481918
4424,0.32485875
4425,0.32489833
4426,0.32493788
4427,0.32497743
4428,0.32501692
4429,0.32505643
4430,0.3250959
4431,0.32513538
4432,0.3251748
4433,0.32521427
4434,0.32525367
4435,0.32529306
4436,0.32533243
4437,0.3253718
4438,0.32541114
4439,0.32545045
4440,0.32548976
4441,0.32552904
4442,0.32556832
4443,0.32560754
4444,0.3256468
4445,0.325686
4446,0.3257252
4447,0.32565197
4448,0.32557878
4449,0.3255056
4450,0.32543248
4451,0.3253594
4452,0.32528633
4453,0.3252133
4454,0.3251403
4455,0.32506734
4456,0.3249944
4457,0.3249215
4458,0.32484862
4459,0.3247758
4460,0.32470298
4461,0.3246302
4462,0.32455748
4463,0.32448477
4464,0.3244121
4465,0.32433945
4466,0.32426685
4467,0.32419428
4468,0.3241217
4469,0.32404923
4470,0.32397676
4471,0.32390428
4472,0.32383186
4473,0.3237595
4474,0.32368714
4475,0.32361484
4476,0.32354254
4477,0.3234703
4478,0.32339808
4479,0.3233259
4480,0.32325375
4481,0.32318163
4482,0.3231095
4483,0.32303745
4484,0.32296544
4485,0.32289344
4486,0.3228215
4487,0.32274956
4488,0.32278904
4489,0.3228285
4490,0.32286796
4491,0.3229074
4492,0.3229468
4493,0.3229862
4494,0.32302558
4495,0.32306495
4496,0.3231043
4497,0.32314363
4498,0.32318294
4499,0.32322222
4500,0.3232615
4501,0.32330075
4502,0.32334
4503,0.32337922
4504,0.32341844
4505,0.3234576
4506,0.3234968
4507,0.32353592
4508,0.32357508
4509,0.32361418
4510,0.32365328
4511,0.32369238
4512,0.32373145
4513,0.3237705
4514,0.3238095
4515,0.32384855
4516,0.32388753
4517,0.3239265
4518,0.3239655
4519,0.3240044
4520,0.32404333
4521,0.32408226
4522,0.32412118
4523,0.32416004
4524,0.3241989
4525,0.32423776
4526,0.32427657
4527,0.32431537
4528,0.32435417
4529,0.3243929
4530,0.3244317
4531,0.32447043
4532,0.32450914
4533,0.32454786
4534,0.32458654
4535,0.32462522
4536,0.32466388
4537,0.3247025
4538,0.32474113
4539,0.32477975
4540,0.3248183
4541,0.32485688
4542,0.32489544
4543,0.32482395
4544,0.32475248
4545,0.32468104
4546,0.32460964
4547,0.32453826
4548,0.3244669
4549,0.3243956
4550,0.3243243
4551,0.32425308
4552,0.32418185
4553,0.3241107
4554,0.32403952
4555,0.3239684
4556,0.3238973
4557,0.32382625
4558,0.3237552
4559,0.32368422
4560,0.32361323
4561,0.3235423
4562,0.3234714
4563,0.32340053
4564,0.3233297
4565,0.32325888
4566,0.32318807
4567,0.32311735
4568,0.32304662
4569,0.32297593
4570,0.32290527
4571,0.32283464
4572,0.32276404
4573,0.32269347
4574,0.32262295
4575,0.32255244
4576,0.322482
4577,0.32241154
4578,0.3223411
4579,0.32227075
4580,0.3222004
4581,0.32213008
4582,0.3220598
4583,0.32198954
4584,0.32191932
4585,0.3218491
4586,0.32177895
4587,0.3217088
4588,0.3216387
4589,0.32167757
4590,0.3217164
4591,0.32175523
4592,0.32179403
4593,0.32183284
4594,0.3218716
4595,0.32191035
4596,0.32194912
4597,0.3219878
4598,0.32202655
4599,0.32206523
4600,0.3221039
4601,0.32214254
4602,0.32218117
4603,0.32221982
4604,0.3222584
4605,0.322297
4606,0.3223356
4607,0.32237414
4608,0.32241267
4609,0.32245117
4610,0.32248968
4611,0.32252818
4612,0.32256666
4613,0.32260513
4614,0.32264355
4615,0.32268196
4616,0.32272038
4617,0.32275876
4618,0.32279715
4619,0.3228355
4620,0.32287383
4621,0.32291216
4622,0.32295045
4623,0.32298875
4624,0.323027
4625,0.32306528
4626,0.32310352
4627,0.32314175
4628,0.32317996
4629,0.32321817
4630,0.3232563
4631,0.32329446
4632,0.3233326
4633,0.32337075
4634,0.32340884
4635,0.32344693
4636,0.32348502
4637,0.32352307
4638,0.3235611
4639,0.32359913
4640,0.32363716
4641,0.32367516
4642,0.32371312
4643,0.3237511
4644,0.323789
4645,0.32382694
4646,0.32386485
4647,0.32390273
4648,0.32394063
4649,0.32397848
4650,0.32401633
4651,0.32405418
4652,0.32409197
4653,0.3241298
4654,0.32416755
4655,0.32420534
4656,0.32424307
4657,0.3242808
4658,0.32431853
4659,0.3243562
4660,0.32439393
4661,0.32443157
4662,0.3244692
4663,0.32450688
4664,0.3245445
4665,0.3245821
4666,0.32461968
4667,0.32465723
4668,0.3246948
4669,0.32473233
4670,0.32476985
4671,0.32480735
4672,0.32484484
4673,0.32488233
4674,0.3249198
4675,0.32495722
4676,0.32499465
4677,0.32503206
4678,0.32506946
4679,0.325
4680,0.32493058
4681,0.32486117
4682,0.3247918
4683,0.32472247
4684,0.32465315
4685,0.3245839
4686,0.32451463
4687,0.3244454
4688,0.3243762
4689,0.32430702
4690,0.3242379
4691,0.3241688
4692,0.32409972
4693,0.3240307
4694,0.32396168
4695,0.32389268
4696,0.3238237
4697,0.3237548
4698,0.32368588
4699,0.32361704
4700,0.32354817
4701,0.32347935
4702,0.32341057
4703,0.32334185
4704,0.32327312
4705,0.3232044
4706,0.32313573
4707,0.32306713
4708,0.32299852
4709,0.32292992
4710,0.32286137
4711,0.32279286
4712,0.32272437
4713,0.32265592
4714,0.3225875
4715,0.32251906
4716,0.3224507
4717,0.32238236
4718,0.32231405
4719,0.32224578
4720,0.3221775
4721,0.32221514
4722,0.3222528
4723,0.32229042
4724,0.32232803
4725,0.32236564
4726,0.32240322
4727,0.32244077
4728,0.32247832
4729,0.32251585
4730,0.32255337
4731,0.3225909
4732,0.32262838
4733,0.3226658
4734,0.32270327
4735,0.3227407
4736,0.3227781
4737,0.32281554
4738,0.3228529
4739,0.32289028
4740,0.32292765
4741,0.322965
4742,0.32300234
4743,0.32303962
4744,0.3230769
4745,0.32311422
4746,0.32315147
4747,0.32318872
4748,0.32322595
4749,0.32326317
4750,0.32330036
4751,0.32333755
4752,0.32337472
4753,0.32341188
4754,0.32344902
4755,0.32348612
4756,0.32352322
4757,0.32356033
4758,0.3235974
4759,0.32363445
4760,0.3236715
4761,0.32370853
4762,0.32374555
4763,0.32378253
4764,0.32381952
4765,0.32385647
4766,0.32389343
4767,0.32393038
4768,0.32396728
4769,0.3240042
4770,0.32404107
4771,0.32407796
4772,0.3241148
4773,0.32415164
4774,0.32418847
4775,0.3242253
4776,0.32426208
4777,0.32429886
4778,0.32433563
4779,0.3243724
4780,0.32440913
4781,0.32444584
4782,0.32448253
4783,0.32451922
4784,0.3245559
4785,0.32459256
4786,0.3246292
4787,0.32466584
4788,0.32470244
4789,0.32473904
4790,0.32477564
4791,0.32481217
4792,0.3248487
4793,0.32478097
4794,0.32471323
4795,0.32464552
4796,0.32457787
4797,0.32451022
4798,0.32444257
4799,0.324375
4800,0.32430744
4801,0.3242399
4802,0.32417238
4803,0.3241049
4804,0.32403746
4805,0.32397002
4806,0.32390264
4807,0.32383528
4808,0.32376793
4809,0.3237006
4810,0.32363334
4811,0.32356608
4812,0.32349885
4813,0.32343167
4814,0.3233645
4815,0.32329732
4816,0.3232302
4817,0.32316315
4818,0.32309607
4819,0.32302904
4820,0.32296205
4821,0.32289505
4822,0.3228281
4823,0.32276118
4824,0.3226943
4825,0.32262743
4826,0.3225606
4827,0.3224938
4828,0.322427
4829,0.32236025
4830,0.32229352
4831,0.32222682
4832,0.32216012
4833,0.3220935
4834,0.3220269
4835,0.32206368
4836,0.32210046
4837,0.32213724
4838,0.322174
4839,0.32221073
4840,0.32224748
4841,0.32228416
4842,0.32232088
4843,0.32235754
4844,0.3223942
4845,0.32243088
4846,0.3224675
4847,0.32250413
4848,0.32254073
4849,0.32257733
4850,0.3226139
4851,0.32265046
4852,0.322687
4853,0.3227235
4854,0.32276005
4855,0.32279652
4856,0.32283303
4857,0.32286948
4858,0.32290596
4859,0.32294238
4860,0.3229788
4861,0.3230152
4862,0.32305163
4863,0.323088
4864,0.32312435
4865,0.3231607
4866,0.32319704
4867,0.32323337
4868,0.32326967
4869,0.32330596
4870,0.32334223
4871,0.3233785
4872,0.32341474
4873,0.32345098
4874,0.32348716
4875,0.32352337
4876,0.32355955
4877,0.32359576
4878,0.32363188
4879,0.32366803
4880,0.32370418
4881,0.32374027
4882,0.32377636
4883,0.32381243
4884,0.32384852
4885,0.32388455
4886,0.3239206
4887,0.3239566
4888,0.32399264
4889,0.3240286
4890,0.3240646
4891,0.32410055
4892,0.32413653
4893,0.32417247
4894,0.32420838
4895,0.32424426
4896,0.32428017
4897,0.32431602
4898,0.3243519
4899,0.32438776
4900,0.32442358
4901,0.3244594
4902,0.3244952
4903,0.324531
4904,0.32456678
4905,0.32460254
4906,0.32463828
4907,0.32457215
4908,0.324506
4909,0.32443994
4910,0.32437384
4911,0.3243078
4912,0.32424182
4913,0.32417583
4914,0.32410985
4915,0.32404393
4916,0.32397804
4917,0.32391214
4918,0.32384628
4919,0.32378048
4920,0.32371467
4921,0.32364893
4922,0.3235832
4923,0.32351744
4924,0.32345176
4925,0.32338613
4926,0.32332048
4927,0.32325488
4928,0.3231893
4929,0.32312375
4930,0.3230582
4931,0.32299268
4932,0.32292724
4933,0.3228618
4934,0.32279634
4935,0.32273096
4936,0.32266557
4937,0.32260025
4938,0.32253492
4939,0.32246965
4940,0.32240438
4941,0.32233915
4942,0.3222739
4943,0.32220876
4944,0.32214355
4945,0.32207847
4946,0.3221144
4947,0.32215035
4948,0.3221863
4949,0.32222223
4950,0.3222581
4951,0.32229403
4952,0.32232988
4953,0.32236576
4954,0.3224016
4955,0.32243747
4956,0.3224733
4957,0.32250908
4958,0.32254487
4959,0.32258064
4960,0.3226164
4961,0.32265216
4962,0.3226879
4963,0.32272363
4964,0.32275933
4965,0.322795
4966,0.32283068
4967,0.32286632
4968,0.322902
4969,0.32293764
4970,0.32297325
4971,0.32300884
4972,0.32304445
4973,0.32308
4974,0.3231156
4975,0.3231511
4976,0.32318667
4977,0.32322216
4978,0.32325768
4979,0.32329318
4980,0.32332864
4981,0.3233641
4982,0.32339954
4983,0.323435
4984,0.3234704
4985,0.32350582
4986,0.32354122
4987,0.32357657
4988,0.32361194
4989,0.3236473
4990,0.3236826
4991,0.32371795
4992,0.32375324
4993,0.32378855
4994,0.32372373
4995,0.32365894
4996,0.32359415
4997,0.32352942
4998,0.3234647
4999,0.3234
5000,0.32333535
5001,0.32327068
5002,0.32320607
5003,0.3231415
5004,0.32307693
5005,0.32301238
5006,0.32294786
5007,0.32288337
5008,0.32281893
5009,0.3227545
5010,0.32269007
5011,0.3226257
5012,0.32256132
5013,0.322497
5014,0.3224327
5015,0.3223684
5016,0.3223042
5017,0.32223994
5018,0.32217574
5019,0.32211155
5020,0.3220474
5021,0.32198328
5022,0.32191917
5023,0.3218551
5024,0.32179105
5025,0.32172704
5026,0.32166302
5027,0.32159907
5028,0.3215351
5029,0.32147115
5030,0.32140726
5031,0.32134342
5032,0.32127956
5033,0.32121575
5034,0.32115194
5035,0.32108817
5036,0.32102442
5037,0.3209607
5038,0.320897
5039,0.32083333
5040,0.3207697
5041,0.32070607
5042,0.32064247
5043,0.3205789
5044,0.32061446
5045,0.32065004
5046,0.32068557
5047,0.3207211
5048,0.32075658
5049,0.32079208
5050,0.32082754
5051,0.320863
5052,0.32089847
5053,0.3209339
5054,0.32096934
5055,0.32100475
5056,0.32104015
5057,0.3210755
5058,0.3211109
5059,0.32114625
5060,0.3211816
5061,0.3212169
5062,0.32125223
5063,0.3212875
5064,0.3213228
5065,0.32135808
5066,0.3213933
5067,0.32142857
5068,0.3214638
5069,0.321499
5070,0.32153422
5071,0.3215694
5072,0.32160458
5073,0.32163972
5074,0.32167488
5075,0.32171
5076,0.32174513
5077,0.32178023
5078,0.3218153
5079,0.3218504
5080,0.32188547
5081,0.3219205
5082,0.32195553
5083,0.32199055
5084,0.32202557
5085,0.32206059
5086,0.32209554
5087,0.3221305
5088,0.32216546
5089,0.32220042
5090,0.32223532
5091,0.3222702
5092,0.32230514
5093,0.32234
5094,0.32237488
5095,0.32240975
5096,0.3224446
5097,0.32247943
5098,0.32251424
5099,0.32254902
5100,0.3225838
5101,0.32261857
5102,0.32265335
5103,0.3226881
5104,0.32272282
5105,0.32275754
5106,0.32279223
5107,0.32282692
5108,0.3228616
5109,0.3228963
5110,0.32293093
5111,0.32296556
5112,0.3230002
5113,0.32303482
5114,0.3230694
5115,0.323104
5116,0.32313854
5117,0.3231731
5118,0.32320768
5119,0.3232422
5120,0.3232767
5121,0.3233112
5122,0.3233457
5123,0.32338017
5124,0.32341462
5125,0.32344908
5126,0.32348353
5127,0.32351795
5128,0.32355234
5129,0.32358676
5130,0.32352367
5131,0.32346064
5132,0.32339764
5133,0.32333463
5134,0.32327166
5135,0.32320872
5136,0.3231458
5137,0.32308292
5138,0.32302004
5139,0.3229572
5140,0.3228944
5141,0.32283157
5142,0.3227688
5143,0.32270604
5144,0.32264334
5145,0.32258064
5146,0.322518
5147,0.32245532
5148,0.3223927
5149,0.32233012
5150,0.32226753
5151,0.32220498
5152,0.32214242
5153,0.32207996
5154,0.32201746
5155,0.321955
5156,0.32189256
5157,0.32183015
5158,0.32176778
5159,0.32170543
5160,0.3216431
5161,0.32158077
5162,0.32151848
5163,0.32145625
5164,0.321394
5165,0.3213318
5166,0.3212696
5167,0.3212074
5168,0.3211453
5169,0.3210832
5170,0.32102108
5171,0.320959
5172,0.32089695
5173,0.32083493
5174,0.32077295
5175,0.32071096
5176,0.3207456
5177,0.32078022
5178,0.32081485
5179,0.32084942
5180,0.320884
5181,0.32091856
5182,0.32095313
5183,0.32098764
5184,0.32102215
5185,0.3210567
5186,0.32109118
5187,0.3211257
5188,0.32116014
5189,0.3211946
5190,0.32122904
5191,0.3212635
5192,0.32129788
5193,0.3213323
5194,0.3213667
5195,0.32140106
5196,0.32143545
5197,0.32146978
5198,0.32150412
5199,0.32153845
5200,0.32157278
5201,0.32160705
5202,0.3216414
5203,0.32167566
5204,0.3217099
5205,0.32174414
5206,0.32177836
5207,0.3218126
5208,0.32184678
5209,0.321881
5210,0.32191518
5211,0.32194936
5212,0.32198352
5213,0.32201767
5214,0.32205176
5215,0.3220859
5216,0.32211998
5217,0.32215407
5218,0.32218814
5219,0.32222223
5220,0.32225627
5221,0.3222903
5222,0.32232434
5223,0.32235837
5224,0.32239234
5225,0.32242632
5226,0.3224603
5227,0.32249427
5228,0.3225282
5229,0.32256216
5230,0.32259607
5231,0.32263
5232,0.32266384
5233,0.32269776
5234,0.3227316
5235,0.32276547
5236,0.32279932
5237,0.32283312
5238,0.32286698
5239,0.32290077
5240,0.32293457
5241,0.32296833
5242,0.3230021
5243,0.32303584
5244,0.3230696
5245,0.3231033
5246,0.32313704
5247,0.32307547
5248,0.3230139
5249,0.3229524
5250,0.32289088
5251,0.3228294
5252,0.32276794
5253,0.32270652
5254,0.3226451
5255,0.32258373
5256,0.32252234
5257,0.322461
5258,0.32239968
5259,0.3223384
5260,0.32227713
5261,0.32221588
5262,0.32215467
5263,0.32209346
5264,0.32203227
5265,0.32197112
5266,0.32191002
5267,0.3218489
5268,0.3217878
5269,0.32172674
5270,0.3216657
5271,0.3216047
5272,0.32154372
5273,0.32148275
5274,0.3214218
5275,0.3213609
5276,0.32129997
5277,0.3212391
5278,0.32117826
5279,0.3211174
5280,0.3210566
5281,0.32099584
5282,0.32093507
5283,0.32087433
5284,0.32081363
5285,0.32075292
5286,0.32069224
5287,0.32063162
5288,0.320571
5289,0.3205104
5290,0.32044983
5291,0.32048374
5292,0.32051766
5293,0.32055157
5294,0.32058546
5295,0.32061934
5296,0.3206532
5297,0.32068706
5298,0.3207209
5299,0.3207547
5300,0.3207885
5301,0.32082233
5302,0.32085612
5303,0.3208899
5304,0.32092366
5305,0.32095742
5306,0.32099116
5307,0.32102486
5308,0.32105857
5309,0.32109228
5310,0.32112595
5311,0.32115963
5312,0.32119328
5313,0.32122695
5314,0.32126057
5315,0.3212942
5316,0.3213278
5317,0.32136142
5318,0.321395
5319,0.3214286
5320,0.32146212
5321,0.32149568
5322,0.3215292
5323,0.32156274
5324,0.32159626
5325,0.32162976
5326,0.32166323
5327,0.3216967
5328,0.32173017
5329,0.3217636
5330,0.321797
5331,0.32183045
5332,0.32186386
5333,0.32189727
5334,0.32193065
5335,0.32196403
5336,0.32199737
5337,0.32203072
5338,0.32206404
5339,0.3220974
5340,0.32213068
5341,0.322164
5342,0.32219726
5343,0.32223052
5344,0.32226378
5345,0.32229704
5346,0.3223303
5347,0.3223635
5348,0.3223967
5349,0.3224299
5350,0.3224631
5351,0.32249627
5352,0.32252944
5353,0.32256258
5354,0.32259572
5355,0.32262883
5356,0.32266194
5357,0.32269502
5358,0.32263482
5359,0.32257462
5360,0.32251447
5361,0.32245433
5362,0.3223942
5363,0.32233408
5364,0.322274
5365,0.32221395
5366,0.3221539
5367,0.3220939
5368,0.32203388
5369,0.32197392
5370,0.32191396
5371,0.32185405
5372,0.32179415
5373,0.32173428
5374,0.3216744
5375,0.3216146
5376,0.32155478
5377,0.321495
5378,0.3214352
5379,0.32137546
5380,0.32131574
5381,0.32125604
5382,0.32119638
5383,0.3211367
5384,0.32107705
5385,0.32101744
5386,0.32095787
5387,0.3208983
5388,0.32083875
5389,0.3207792
5390,0.32071972
5391,0.32066023
5392,0.32060078
5393,0.32054132
5394,0.32048193
5395,0.32042253
5396,0.32036316
5397,0.3203038
5398,0.3202445
5399,0.32018518
5400,0.3201259
5401,0.32006663
5402,0.32000738
5403,0.3199482
5404,0.319889
5405,0.31982982
5406,0.31977066
5407,0.31971154
5408,0.31974488
5409,0.3197782
5410,0.3198115
5411,0.31984478
5412,0.31987804
5413,0.31991136
5414,0.3199446
5415,0.31997785
5416,0.32001108
5417,0.32004428
5418,0.3200775
5419,0.32011068
5420,0.32014388
5421,0.32017708
5422,0.32021022
5423,0.32024336
5424,0.3202765
5425,0.32030964
5426,0.32034272
5427,0.32037583
5428,0.32040894
5429,0.320442
5430,0.32047504
5431,0.32050812
5432,0.32054114
5433,0.32057416
5434,0.3206072
5435,0.32064018
5436,0.32067317
5437,0.32070613
5438,0.3207391
5439,0.32077205
5440,0.320805
5441,0.32083791
5442,0.32087085
5443,0.32090375
5444,0.32093662
5445,0.32096952
5446,0.32100236
5447,0.32103527
5448,0.32106808
5449,0.3211009
5450,0.32113373
5451,0.32116655
5452,0.32119936
5453,0.32123214
5454,0.32126492
5455,0.32129765
5456,0.3213304
5457,0.32136315
5458,0.32139587
5459,0.3214286
5460,0.32146126
5461,0.32149398
5462,0.32152665
5463,0.3215593
5464,0.32159197
5465,0.32162458
5466,0.3216572
5467,0.32168984
5468,0.32172245
5469,0.32175502
5470,0.3217876
5471,0.32172883
5472,0.32167
5473,0.32161123
5474,0.32155252
5475,0.3214938
5476,0.3214351
5477,0.3213764
5478,0.32131776
5479,0.3212591
5480,0.32120052
5481,0.32114193
5482,0.32108337
5483,0.32102478
5484,0.32096624
5485,0.32090777
5486,0.3208493
5487,0.32079083
5488,0.32073236
5489,0.32067394
5490,0.32061553
5491,0.32055718
5492,0.32049882
5493,0.32044047
5494,0.32038218
5495,0.32032388
5496,0.3202656
5497,0.32020736
5498,0.32014912
5499,0.3200909
5500,0.32003272
5501,0.31997454
5502,0.31991643
5503,0.31985828
5504,0.3198002
5505,0.31974208
5506,0.31968403
5507,0.319626
5508,0.31956798
5509,0.31950998
5510,0.319452
5511,0.31939405
5512,0.31933612
5513,0.3193689
5514,0.31940162
5515,0.31943437
5516,0.3194671
5517,0.31949982
5518,0.3195325
5519,0.3195652
5520,0.3195979
5521,0.31963056
5522,0.31966323
5523,0.3196959
5524,0.3197285
5525,0.31976113
5526,0.31979376
5527,0.31982633
5528,0.3198589
5529,0.3198915
5530,0.31992406
5531,0.3199566
5532,0.31998914
5533,0.3200217
5534,0.32005417
5535,0.32008672
5536,0.3201192
5537,0.3201517
5538,0.32018417
5539,0.3202166
5540,0.32024908
5541,0.3202815
5542,0.3203139
5543,0.32034633
5544,0.32037872
5545,0.32041112
5546,0.32044348
5547,0.32047585
5548,0.32050818
5549,0.32054055
5550,0.32057285
5551,0.3206052
5552,0.3206375
5553,0.32066977
5554,0.32070208
5555,0.32073435
5556,0.3207666
5557,0.32079887
5558,0.3208311
5559,0.3208633
5560,0.32089552
5561,0.32092774
5562,0.32095993
5563,0.3209921
5564,0.32102424
5565,0.32105643
5566,0.32108855
5567,0.32112068
5568,0.3211528
5569,0.32118493
5570,0.321217
5571,0.32124913
5572,0.3212812
5573,0.32131326
5574,0.32134527
5575,0.32137734
5576,0.32140934
5577,0.32144138
5578,0.32147336
5579,0.32150537
5580,0.32153738
5581,0.32156932
5582,0.32160127
5583,0.32163322
5584,0.32166517
5585,0.32169712
5586,0.321729
5587,0.3217609
5588,0.3217928
5589,0.32182467
5590,0.32185656
5591,0.32188842
5592,0.32192025
5593,0.3219521
5594,0.32198393
5595,0.32201573
5596,0.32204753
5597,0.3220793
5598,0.32211107
5599,0.32214284
5600,0.3221746
5601,0.32220638
5602,0.3222381
5603,0.3222698
5604,0.3222123
5605,0.32215482
5606,0.32209736
5607,0.32203996
5608,0.3219825
5609,0.32192513
5610,0.32186776
5611,0.3218104
5612,0.32175308
5613,0.32169574
5614,0.32163846
5615,0.32158118
5616,0.32152393
5617,0.3214667
5618,0.3214095
5619,0.3213523
5620,0.32129514
5621,0.32123798
5622,0.32118088
5623,0.32112375
5624,0.32106668
5625,0.3210096
5626,0.32095256
5627,0.32089552
5628,0.3208385
5629,0.32078153
5630,0.32072455
5631,0.32066762
5632,0.3206107
5633,0.32055378
5634,0.32049692
5635,0.32044005
5636,0.3203832
5637,0.32032636
5638,0.32026953
5639,0.32021278
5640,0.32015598
5641,0.32009923
5642,0.32013112
5643,0.320163
5644,0.32019484
5645,0.32022673
5646,0.32025856
5647,0.3202904
5648,0.3203222
5649,0.32035398
5650,0.32038575
5651,0.32041752
5652,0.32044932
5653,0.32048106
5654,0.32051283
5655,0.32054454
5656,0.32057625
5657,0.320608
5658,0.32063967
5659,0.32067138
5660,0.32070306
5661,0.32073474
5662,0.3207664
5663,0.32079804
5664,0.32082963
5665,0.32086128
5666,0.3208929
5667,0.32092446
5668,0.32095608
5669,0.32098764
5670,0.32101923
5671,0.32105076
5672,0.32108232
5673,0.32111385
5674,0.32114536
5675,0.3211769
5676,0.3212084
5677,0.3212399
5678,0.32127136
5679,0.32130283
5680,0.32133427
5681,0.3213657
5682,0.32139716
5683,0.32142857
5684,0.32145998
5685,0.32149136
5686,0.32152277
5687,0.32155415
5688,0.32158554
5689,0.3216169
5690,0.3216482
5691,0.32167953
5692,0.32171088
5693,0.32174218
5694,0.32177347
5695,0.32180476
5696,0.32183605
5697,0.32186732
5698,0.32189858
5699,0.3219298
5700,0.32196105
5701,0.32199228
5702,0.3220235
5703,0.32205468
5704,0.3220859
5705,0.32211706
5706,0.32214823
5707,0.32217938
5708,0.32221055
5709,0.32224166
5710,0.3222728
5711,0.32230392
5712,0.32233503
5713,0.32236612
5714,0.3223972
5715,0.3224283
5716,0.32245934
5717,0.3224904
5718,0.32252142
5719,0.32255244
5720,0.32258347
5721,0.32261446
5722,0.32264546
5723,0.32267645
5724,0.3227074
5725,0.32273838
5726,0.32276934
5727,0.322713
5728,0.32265663
5729,0.32260036
5730,0.32254404
5731,0.32248777
5732,0.32243153
5733,0.3223753
5734,0.3223191
5735,0.32226288
5736,0.32220674
5737,0.3221506
5738,0.32209444
5739,0.32203832
5740,0.32198223
5741,0.32192618
5742,0.3218701
5743,0.32181406
5744,0.32175803
5745,0.32170206
5746,0.32164606
5747,0.32159013
5748,0.32153416
5749,0.32147825
5750,0.32142237
5751,0.3213665
5752,0.32131064
5753,0.3212548
5754,0.32119897
5755,0.32114315
5756,0.32108736
5757,0.32103163
5758,0.32097587
5759,0.32092014
5760,0.32086444
5761,0.32080874
5762,0.3207531
5763,0.32069743
5764,0.32064182
5765,0.3205862
5766,0.3205306
5767,0.32047504
5768,0.3204195
5769,0.3204506
5770,0.32048172
5771,0.32051283
5772,0.32054392
5773,0.320575
5774,0.32060605
5775,0.3206371
5776,0.32066816
5777,0.32069921
5778,0.32073024
5779,0.32076126
5780,0.32079226
5781,0.32082325
5782,0.32085425
5783,0.32088518
5784,0.32091618
5785,0.3209471
5786,0.32097805
5787,0.32100898
5788,0.32103992
5789,0.3210708
5790,0.32110173
5791,0.3211326
5792,0.32116348
5793,0.32119435
5794,0.3212252
5795,0.32125604
5796,0.32128686
5797,0.32131767
5798,0.3213485
5799,0.3213793
5800,0.32141012
5801,0.32144088
5802,0.32147163
5803,0.32150242
5804,0.32153314
5805,0.3215639
5806,0.32159463
5807,0.32162535
5808,0.32165605
5809,0.32168674
5810,0.32171744
5811,0.3217481
5812,0.32177877
5813,0.3218094
5814,0.32184008
5815,0.3218707
5816,0.32190132
5817,0.32193193
5818,0.32196254
5819,0.3219931
5820,0.3220237
5821,0.32205427
5822,0.32208484
5823,0.32211536
5824,0.32214594
5825,0.32217646
5826,0.32220697
5827,0.3222375
5828,0.32226795
5829,0.32229847
5830,0.32232893
5831,0.32235938
5832,0.32238984
5833,0.3224203
5834,0.32245073
5835,0.32248116
5836,0.32251155
5837,0.32254195
5838,0.32257235
5839,0.32260275
5840,0.3226331
5841,0.3226635
5842,0.32269382
5843,0.32272416
5844,0.32266897
5845,0.32261375
5846,0.32255858
5847,0.32250342
5848,0.32244828
5849,0.32239318
5850,0.32233804
5851,0.32228297
5852,0.3222279
5853,0.32217288
5854,0.32211787
5855,0.32206285
5856,0.32200786
5857,0.32195288
5858,0.32189792
5859,0.321843
5860,0.32178807
5861,0.3217332
5862,0.32167834
5863,0.32162347
5864,0.3215686
5865,0.3215138
5866,0.321459
5867,0.32140422
5868,0.32134947
5869,0.32129472
5870,0.32124
5871,0.3211853
5872,0.3211306
5873,0.32107592
5874,0.3210213
5875,0.32096666
5876,0.32091203
5877,0.32085744
5878,0.32080287
5879,0.3207483
5880,0.32069376
5881,0.32063925
5882,0.3205847
5883,0.32053024
5884,0.3204758
5885,0.32042134
5886,0.32036692
5887,0.3203125
5888,0.32034302
5889,0.32037354
5890,0.320404
5891,0.3204345
5892,0.32046497
5893,0.32049543
5894,0.32052588
5895,0.3205563
5896,0.32058674
5897,0.32061717
5898,0.32064757
5899,0.32067797
5900,0.32070833
5901,0.32073873
5902,0.3207691
5903,0.32079947
5904,0.3208298
5905,0.32086015
5906,0.3208905
5907,0.3209208
5908,0.3209511
5909,0.32098138
5910,0.32101166
5911,0.32104194
5912,0.32107222
5913,0.32110247
5914,0.32113272
5915,0.32116294
5916,0.32119316
5917,0.32122338
5918,0.3212536
5919,0.32128376
5920,0.32131398
5921,0.32134414
5922,0.3213743
5923,0.32140446
5924,0.32143462
5925,0.32146472
5926,0.32149485
5927,0.32152498
5928,0.32155508
5929,0.32158518
5930,0.32161525
5931,0.32164532
5932,0.32167536
5933,0.32170543
5934,0.32173544
5935,0.32176548
5936,0.32179552
5937,0.3218255
5938,0.32185555
5939,0.32188553
5940,0.3219155
5941,0.3219455
5942,0.32197544
5943,0.3220054
5944,0.3220353
5945,0.32206523
5946,0.32209516
5947,0.32212508
5948,0.322155
5949,0.32218486
5950,0.32221478
5951,0.3222446
5952,0.3222745
5953,0.32230434
5954,0.32233417
5955,0.322364
5956,0.32239383
5957,0.32242364
5958,0.32245344
5959,0.3224832
5960,0.32251298
5961,0.3225428
5962,0.32257253
5963,0.32260227
5964,0.322632
5965,0.32266176
5966,0.32269147
5967,0.32272118
5968,0.32275087
5969,0.32278055
5970,0.32281023
5971,0.32283992
5972,0.32286957
5973,0.32289922
5974,0.32292888
5975,0.3229585
5976,0.32298812
5977,0.32301772
5978,0.3229637
5979,0.3229097
5980,0.3228557
5981,0.32280174
5982,0.3227478
5983,0.32269385
5984,0.32263994
5985,0.32258603
5986,0.32253218
5987,0.3224783
5988,0.32242447
5989,0.32237062
5990,0.32231683
5991,0.322263
5992,0.32220924
5993,0.32215548
5994,0.32210174
5995,0.322048
5996,0.3219943
5997,0.32194066
5998,0.321887
5999,0.32183334
6000,0.3217797
6001,0.32172608
6002,0.3216725
6003,0.3216189
6004,0.32156536
6005,0.3215118
6006,0.3214583
6007,0.3214048
6008,0.3213513
6009,0.32129782
6010,0.3212444
6011,0.32119095
6012,0.32113755
6013,0.32108414
6014,0.32103074
6015,0.3209774
6016,0.32092404
6017,0.3208707
6018,0.3208174
6019,0.32076412
6020,0.32071084
6021,0.3206576
6022,0.32060435
6023,0.32063413
6024,0.3206639
6025,0.32069367
6026,0.3207234
6027,0.32075316
6028,0.3207829
6029,0.3208126
6030,0.32084233
6031,0.320872
6032,0.3209017
6033,0.32093138
6034,0.32096106
6035,0.32099074
6036,0.32102036
6037,0.32105002
6038,0.32107967
6039,0.3211093
6040,0.3211389
6041,0.32116848
6042,0.3211981
6043,0.32122767
6044,0.32125723
6045,0.3212868
6046,0.32131636
6047,0.3213459
6048,0.32137543
6049,0.32140496
6050,0.3214345
6051,0.32146397
6052,0.32149345
6053,0.32152295
6054,0.32155243
6055,0.3215819
6056,0.32161134
6057,0.3216408
6058,0.32167023
6059,0.32169968
6060,0.3217291
6061,0.3217585
6062,0.3217879
6063,0.32181728
6064,0.32184666
6065,0.32187605
6066,0.32190537
6067,0.32193473
6068,0.3219641
6069,0.3219934
6070,0.32202274
6071,0.32205206
6072,0.32208133
6073,0.32211065
6074,0.32213992
6075,0.32216918
6076,0.32219845
6077,0.32222772
6078,0.32225695
6079,0.3222862
6080,0.3223154
6081,0.3223446
6082,0.3223738
6083,0.322403
6084,0.32243222
6085,0.32246137
6086,0.32249054
6087,0.32251972
6088,0.32254887
6089,0.322578
6090,0.32260713
6091,0.32263625
6092,0.32266533
6093,0.32269448
6094,0.32272357
6095,0.32275262
6096,0.32278168
6097,0.32281077
6098,0.3228398
6099,0.32286885
6100,0.32289788
6101,0.3229269
6102,0.3229559
6103,0.32298493
6104,0.3230139
6105,0.32304293
6106,0.3230719
6107,0.32310086
6108,0.32312983
6109,0.32307693
6110,0.32302403
6111,0.3229712
6112,0.32291836
6113,0.32286555
6114,0.32281274
6115,0.32276
6116,0.32270724
6117,0.32265446
6118,0.32260174
6119,0.32254902
6120,0.32249632
6121,0.32244366
6122,0.32239097
6123,0.32233834
6124,0.3222857
6125,0.3222331
6126,0.3221805
6127,0.32212794
6128,0.32207537
6129,0.32202286
6130,0.3219703
6131,0.32191783
6132,0.32186532
6133,0.32181287
6134,0.3217604
6135,0.32170796
6136,0.3216555
6137,0.32160312
6138,0.32155073
6139,0.3214984
6140,0.32144603
6141,0.32139367
6142,0.32134137
6143,0.32128906
6144,0.3212368
6145,0.32118452
6146,0.32113227
6147,0.32108003
6148,0.32102782
6149,0.3209756
6150,0.32092345
6151,0.32087123
6152,0.3208191
6153,0.320767
6154,0.3207149
6155,0.32074398
6156,0.32077312
6157,0.3208022
6158,0.3208313
6159,0.3208604
6160,0.32088947
6161,0.32091853
6162,0.3209476
6163,0.32097664
6164,0.32100567
6165,0.32103473
6166,0.32106373
6167,0.32109272
6168,0.32112175
6169,0.32115072
6170,0.3211797
6171,0.3212087
6172,0.32123765
6173,0.3212666
6174,0.32129556
6175,0.32132447
6176,0.3213534
6177,0.32138234
6178,0.32141122
6179,0.3214401
6180,0.321469
6181,0.32149792
6182,0.32152677
6183,0.3215556
6184,0.32158446
6185,0.3216133
6186,0.32164216
6187,0.32167098
6188,0.3216998
6189,0.3217286
6190,0.32175738
6191,0.32178617
6192,0.32181495
6193,0.32184374
6194,0.32187247
6195,0.32190123
6196,0.32192996
6197,0.32195872
6198,0.3219874
6199,0.32201612
6200,0.32204485
6201,0.32207352
6202,0.3221022
6203,0.3221309
6204,0.32215953
6205,0.3221882
6206,0.32221687
6207,0.32224548
6208,0.3221936
6209,0.3221417
6210,0.32208985
6211,0.322038
6212,0.32198617
6213,0.32193434
6214,0.32188255
6215,0.32183075
6216,0.32177898
6217,0.32172725
6218,0.3216755
6219,0.3216238
6220,0.3215721
6221,0.32152042
6222,0.32146874
6223,0.3214171
6224,0.32136548
6225,0.32131386
6226,0.32126224
6227,0.32121068
6228,0.3211591
6229,0.32110754
6230,0.321056
6231,0.3210045
6232,0.320953
6233,0.3209015
6234,0.32085
6235,0.32079858
6236,0.32074714
6237,0.32069573
6238,0.32064432
6239,0.32059294
6240,0.3205416
6241,0.32049024
6242,0.3204389
6243,0.32038757
6244,0.32033628
6245,0.32028496
6246,0.3202337
6247,0.3202625
6248,0.32029122
6249,0.32032
6250,0.32034874
6251,0.32037747
6252,0.3204062
6253,0.32043493
6254,0.32046363
6255,0.32049233
6256,0.32052103
6257,0.3205497
6258,0.32057837
6259,0.32060704
6260,0.32063568
6261,0.32066435
6262,0.32069296
6263,0.32072157
6264,0.32075018
6265,0.32077882
6266,0.3208074
6267,0.320836
6268,0.32086456
6269,0.32089317
6270,0.32092172
6271,0.32095027
6272,0.3209788
6273,0.3210073
6274,0.32103586
6275,0.32106435
6276,0.32109287
6277,0.3211214
6278,0.32114986
6279,0.32117835
6280,0.3212068
6281,0.32123527
6282,0.32126373
6283,0.32129216
6284,0.3213206
6285,0.32134902
6286,0.32137746
6287,0.32140583
6288,0.32143426
6289,0.32146263
6290,0.321491
6291,0.32151937
6292,0.32154775
6293,0.32157612
6294,0.32160443
6295,0.3216328
6296,0.3216611
6297,0.32168943
6298,0.32171774
6299,0.32174602
6300,0.3217743
6301,0.32180262
6302,0.32183087
6303,0.32185912
6304,0.32188737
6305,0.32191563
6306,0.32194388
6307,0.3219721
6308,0.32200032
6309,0.32202852
6310,0.3220567
6311,0.3220849
6312,0.3221131
6313,0.32206208
6314,0.32201108
6315,0.3219601
6316,0.32190913
6317,0.32185817
6318,0.32180727
6319,0.32175633
6320,0.32170543
6321,0.32165456
6322,0.32160366
6323,0.3215528
6324,0.32150197
6325,0.32145116
6326,0.32140034
6327,0.32134956
6328,0.32129878
6329,0.32124802
6330,0.32119727
6331,0.32114655
6332,0.32109585
6333,0.32104516
6334,0.32099447
6335,0.32094383
6336,0.32089317
6337,0.32084253
6338,0.32079193
6339,0.32074133
6340,0.32069075
6341,0.32064018
6342,0.32058963
6343,0.32053912
6344,0.32048857
6345,0.3204381
6346,0.3203876
6347,0.32033712
6348,0.32028666
6349,0.3202362
6350,0.3201858
6351,0.32013538
6352,0.3201637
6353,0.320192
6354,0.3202203
6355,0.32024857
6356,0.32027686
6357,0.3203051
6358,0.3203334
6359,0.3203616
6360,0.32038987
6361,0.32041812
6362,0.3204463
6363,0.32047457
6364,0.32050276
6365,0.32053095
6366,0.32055914
6367,0.32058734
6368,0.32061547
6369,0.32064366
6370,0.3206718
6371,0.32069993
6372,0.32072806
6373,0.3207562
6374,0.32078433
6375,0.3208124
6376,0.32084054
6377,0.3208686
6378,0.3208967
6379,0.32092476
6380,0.32095283
6381,0.32098088
6382,0.32100892
6383,0.321037
6384,0.321065
6385,0.32109302
6386,0.32112104
6387,0.32114905
6388,0.32117704
6389,0.32120502
6390,0.32123297
6391,0.32126096
6392,0.3212889
6393,0.32131687
6394,0.3213448
6395,0.32137275
6396,0.32140064
6397,0.32142857
6398,0.3214565
6399,0.32140625
6400,0.32135606
6401,0.32130584
6402,0.32125568
6403,0.3212055
6404,0.32115537
6405,0.3211052
6406,0.3210551
6407,0.321005
6408,0.32095492
6409,0.32090485
6410,0.32085478
6411,0.32080472
6412,0.3207547
6413,0.3207047
6414,0.32065472
6415,0.32060474
6416,0.3205548
6417,0.32050484
6418,0.3204549
6419,0.32040498
6420,0.3203551
6421,0.3203052
6422,0.32025534
6423,0.32020548
6424,0.32015562
6425,0.32010582
6426,0.32005602
6427,0.32000622
6428,0.31995645
6429,0.31990668
6430,0.31985694
6431,0.31980723
6432,0.31975752
6433,0.3197078
6434,0.31965813
6435,0.31960845
6436,0.31963646
6437,0.31966448
6438,0.3196925
6439,0.3197205
6440,0.31974846
6441,0.31977648
6442,0.31980443
6443,0.31983238
6444,0.31986034
6445,0.3198883
6446,0.31991625
6447,0.31994417
6448,0.3199721
6449,0.32
6450,0.3200279
6451,0.32005578
6452,0.32008368
6453,0.32011157
6454,0.3201394
6455,0.3201673
6456,0.32019514
6457,0.32022297
6458,0.3202508
6459,0.32027864
6460,0.32030645
6461,0.32033426
6462,0.32036206
6463,0.32038987
6464,0.32041764
6465,0.32044542
6466,0.32047316
6467,0.32050094
6468,0.3205287
6469,0.3205564
6470,0.32058415
6471,0.32061186
6472,0.32063958
6473,0.32066727
6474,0.32069498
6475,0.32072267
6476,0.32075036
6477,0.320778
6478,0.32080567
6479,0.32083333
6480,0.32086098
6481,0.3208886
6482,0.32091624
6483,0.32094386
6484,0.3209715
6485,0.3209991
6486,0.32102668
6487,0.32105425
6488,0.32108182
6489,0.3211094
6490,0.32113695
6491,0.32116452
6492,0.32119206
6493,0.3212196
6494,0.3212471
6495,0.32127464
6496,0.32130215
6497,0.32132965
6498,0.32135713
6499,0.3213846
6500,0.3214121
6501,0.32143956
6502,0.321467
6503,0.32149446
6504,0.3215219
6505,0.32154933
6506,0.32157677
6507,0.3216042
6508,0.3216316
6509,0.32165897
6510,0.3216864
6511,0.32171375
6512,0.32174113
6513,0.3217685
6514,0.32179588
6515,0.3218232
6516,0.32185054
6517,0.3218779
6518,0.3219052
6519,0.32193252
6520,0.32195982
6521,0.32198712
6522,0.3220144
6523,0.3220417
6524,0.322069
6525,0.32209623
6526,0.32212347
6527,0.32215074
6528,0.32217798
6529,0.3222052
6530,0.32223243
6531,0.32225966
6532,0.32228684
6533,0.32231405
6534,0.32234123
6535,0.32236844
6536,0.32239562
6537,0.32242274
6538,0.32244992
6539,0.32247704
6540,0.3225042
6541,0.32253134
6542,0.32255846
6543,0.32258558
6544,0.32261267
6545,0.32263976
6546,0.32266688
6547,0.32269394
6548,0.322721
6549,0.3227481
6550,0.32277516
6551,0.3228022
6552,0.32282925
6553,0.32285628
6554,0.3228833
6555,0.3229103
6556,0.3229373
6557,0.3229643
6558,0.3229913
6559,0.32301828
6560,0.32304525
6561,0.32307222
6562,0.3230992
6563,0.32312614
6564,0.32315308
6565,0.32318002
6566,0.32320693
6567,0.32323384
6568,0.32326078
6569,0.32328767
6570,0.32331455
6571,0.32334146
6572,0.3233683
6573,0.3233952
6574,0.32342204
6575,0.3234489
6576,0.32347575
6577,0.3235026
6578,0.32352942
6579,0.32355624
6580,0.32358307
6581,0.3235339
6582,0.32348472
6583,0.3234356
6584,0.3233865
6585,0.32333738
6586,0.3232883
6587,0.3232392
6588,0.32319015
6589,0.32314113
6590,0.3230921
6591,0.32304308
6592,0.32299408
6593,0.32294512
6594,0.32289612
6595,0.3228472
6596,0.32279825
6597,0.32274932
6598,0.3227004
6599,0.3226515
6600,0.32260263
6601,0.32255378
6602,0.32250494
6603,0.3224561
6604,0.32240725
6605,0.32235846
6606,0.32230967
6607,0.32226092
6608,0.32221213
6609,0.3221634
6610,0.32211465
6611,0.32206595
6612,0.32201725
6613,0.32196856
6614,0.32191986
6615,0.32187122
6616,0.32182258
6617,0.32177395
6618,0.32172534
6619,0.32167673
6620,0.32162815
6621,0.3216551
6622,0.32168204
6623,0.32170892
6624,0.32173586
6625,0.32176274
6626,0.32178965
6627,0.32181653
6628,0.32184342
6629,0.3218703
6630,0.32189715
6631,0.321924
6632,0.32195085
6633,0.32197767
6634,0.32200453
6635,0.32203135
6636,0.32205817
6637,0.32208496
6638,0.32211176
6639,0.32213855
6640,0.32216534
6641,0.3221921
6642,0.3222189
6643,0.32224566
6644,0.3222724
6645,0.32229912
6646,0.3223259
6647,0.3223526
6648,0.3223793
6649,0.322406
6650,0.32243273
6651,0.3224594
6652,0.3224861
6653,0.32251278
6654,0.32253945
6655,0.3225661
6656,0.32259277
6657,0.32261938
6658,0.32264602
6659,0.32267267
6660,0.3226993
6661,0.3227259
6662,0.32275254
6663,0.32277912
6664,0.3228057
6665,0.3228323
6666,0.32285887
6667,0.32288542
6668,0.32291198
6669,0.32293853
6670,0.3229651
6671,0.3229916
6672,0.32301813
6673,0.32304466
6674,0.32307118
6675,0.32309765
6676,0.32312417
6677,0.32315063
6678,0.32317713
6679,0.3232036
6680,0.32323006
6681,0.3232565
6682,0.32328296
6683,0.32330942
6684,0.32333583
6685,0.32336223
6686,0.32338867
6687,0.32341507
6688,0.32344148
6689,0.32339314
6690,0.3233448
6691,0.3232965
6692,0.32324815
6693,0.32319987
6694,0.3231516
6695,0.32310337
6696,0.3230551
6697,0.32300687
6698,0.32295865
6699,0.32291043
6700,0.32286227
6701,0.32281408
6702,0.32276592
6703,0.3227178
6704,0.32266966
6705,0.32262152
6706,0.32257342
6707,0.32252535
6708,0.32247728
6709,0.3224292
6710,0.32238117
6711,0.32233313
6712,0.32228512
6713,0.32223713
6714,0.32218912
6715,0.32214117
6716,0.3220932
6717,0.32204527
6718,0.3219973
6719,0.3219494
6720,0.3219015
6721,0.3218536
6722,0.32180575
6723,0.32175788
6724,0.32171005
6725,0.3216622
6726,0.32161438
6727,0.32156658
6728,0.32151878
6729,0.32147104
6730,0.32142326
6731,0.32137552
6732,0.3213278
6733,0.32128006
6734,0.3213066
6735,0.32133314
6736,0.32135966
6737,0.32138616
6738,0.32141268
6739,0.32143915
6740,0.32146567
6741,0.32149214
6742,0.3215186
6743,0.32154506
6744,0.32157153
6745,0.321598
6746,0.32162443
6747,0.32165086
6748,0.32167727
6749,0.3217037
6750,0.3217301
6751,0.3217565
6752,0.32178292
6753,0.3218093
6754,0.3218357
6755,0.32186204
6756,0.32188842
6757,0.32191476
6758,0.32194114
6759,0.32196745
6760,0.32199377
6761,0.3220201
6762,0.32204643
6763,0.32207274
6764,0.32209903
6765,0.32212532
6766,0.3221516
6767,0.3221779
6768,0.32220417
6769,0.32223043
6770,0.32225668
6771,0.3222829
6772,0.32230917
6773,0.3223354
6774,0.32236162
6775,0.32238784
6776,0.32241404
6777,0.32244027
6778,0.32246643
6779,0.32249263
6780,0.3225188
6781,0.322545
6782,0.32257113
6783,0.3225973
6784,0.32262343
6785,0.3226496
6786,0.3226757
6787,0.3227018
6788,0.32272795
6789,0.32275406
6790,0.32278013
6791,0.32280624
6792,0.32283235
6793,0.3228584
6794,0.32288447
6795,0.32291055
6796,0.3229366
6797,0.32296264
6798,0.3229887
6799,0.3230147
6800,0.32304072
6801,0.32306674
6802,0.32309276
6803,0.32311875
6804,0.32314473
6805,0.32317072
6806,0.3231967
6807,0.3232227
6808,0.32324862
6809,0.3232746
6810,0.32330054
6811,0.32332647
6812,0.3233524
6813,0.32337832
6814,0.32340425
6815,0.32343018
6816,0.32345605
6817,0.32348195
6818,0.32350785
6819,0.3235337
6820,0.32355958
6821,0.32358545
6822,0.32353804
6823,0.32349062
6824,0.32344323
6825,0.32339585
6826,0.32334846
6827,0.3233011
6828,0.32325375
6829,0.32320642
6830,0.32315913
6831,0.32311183
6832,0.32306454
6833,0.32301727
6834,0.32297003
6835,0.32292277
6836,0.32287553
6837,0.3228283
6838,0.32278112
6839,0.32273394
6840,0.32268673
6841,0.32263958
6842,0.32259244
6843,0.3225453
6844,0.32249817
6845,0.32245106
6846,0.32240397
6847,0.32235688
6848,0.32230982
6849,0.32226276
6850,0.32221574
6851,0.3221687
6852,0.32212168
6853,0.3220747
6854,0.3220277
6855,0.32198074
6856,0.3219338
6857,0.32188684
6858,0.32183993
6859,0.32179302
6860,0.3217461
6861,0.3216992
6862,0.32165235
6863,0.3216055
6864,0.32155862
6865,0.3215846
6866,0.3216106
6867,0.32163656
6868,0.32166255
6869,0.3216885
6870,0.32171446
6871,0.3217404
6872,0.32176632
6873,0.32179224
6874,0.32181817
6875,0.3218441
6876,0.32187
6877,0.3218959
6878,0.3219218
6879,0.3219477
6880,0.32197356
6881,0.32199943
6882,0.3220253
6883,0.3220511
6884,0.32207698
6885,0.32210281
6886,0.32212865
6887,0.32215446
6888,0.32218027
6889,0.32220608
6890,0.3222319
6891,0.3222577
6892,0.32228348
6893,0.32230926
6894,0.32233503
6895,0.32236078
6896,0.32238656
6897,0.32241228
6898,0.32243803
6899,0.32246378
6900,0.3224895
6901,0.3225152
6902,0.32254094
6903,0.32256663
6904,0.32259232
6905,0.322618
6906,0.3226437
6907,0.3226694
6908,0.32269505
6909,0.3227207
6910,0.32274634
6911,0.322772
6912,0.32279763
6913,0.3228233
6914,0.32284886
6915,0.3228745
6916,0.32290012
6917,0.3229257
6918,0.32295132
6919,0.3229769
6920,0.32300246
6921,0.32302803
6922,0.3230536
6923,0.32307917
6924,0.32310468
6925,0.32313025
6926,0.32315576
6927,0.3231813
6928,0.3232068
6929,0.32323232
6930,0.32325783
6931,0.3232833
6932,0.32330883
6933,0.32333428
6934,0.3233598
6935,0.32338524
6936,0.3234107
6937,0.32343614
6938,0.3234616
6939,0.32348704
6940,0.32351246
6941,0.3235379
6942,0.32356328
6943,0.32358873
6944,0.32361412
6945,0.3236395
6946,0.3236649
6947,0.3236903
6948,0.32371563
6949,0.32374102
6950,0.32376635
6951,0.3237917
6952,0.32381707
6953,0.3238424
6954,0.32379583
6955,0.32374927
6956,0.32370275
6957,0.3236562
6958,0.3236097
6959,0.32356322
6960,0.32351673
6961,0.32347026
6962,0.3234238
6963,0.32337737
6964,0.32333094
6965,0.3232845
6966,0.32323813
6967,0.32319173
6968,0.32314536
6969,0.32309902
6970,0.32305264
6971,0.32300633
6972,0.32296
6973,0.32291368
6974,0.3228674
6975,0.32282108
6976,0.32277483
6977,0.32272857
6978,0.32268232
6979,0.3226361
6980,0.32258987
6981,0.32254368
6982,0.3224975
6983,0.3224513
6984,0.32240516
6985,0.322359
6986,0.32231286
6987,0.32226676
6988,0.32222062
6989,0.32217455
6990,0.32212847
6991,0.3220824
6992,0.32203633
6993,0.32199028
6994,0.32194424
6995,0.32189822
6996,0.32185224
6997,0.32187766
6998,0.3219031
6999,0.32192856
7000,0.321954
7001,0.32197943
7002,0.32200485
7003,0.32203028
7004,0.3220557
7005,0.32208106
7006,0.32210648
7007,0.32213187
7008,0.32215723
7009,0.3221826
7010,0.32220796
7011,0.32223332
7012,0.32225865
7013,0.322284
7014,0.32230932
7015,0.32233465
7016,0.32235998
7017,0.3223853
7018,0.32241058
7019,0.32243592
7020,0.3224612
7021,0.32248646
7022,0.32251173
7023,0.322537
7024,0.32256228
7025,0.32258755
7026,0.32261276
7027,0.32263803
7028,0.32266325
7029,0.32268846
7030,0.3227137
7031,0.3227389
7032,0.3227641
7033,0.3227893
7034,0.3228145
7035,0.32283968
7036,0.32286486
7037,0.32289004
7038,0.3229152
7039,0.32294035
7040,0.3229655
7041,0.32299063
7042,0.32301575
7043,0.3230409
7044,0.323066
7045,0.32309112
7046,0.32311624
7047,0.32314134
7048,0.32316643
7049,0.3231915
7050,0.32321656
7051,0.32324165
7052,0.32326669
7053,0.32329175
7054,0.3233168
7055,0.32334185
7056,0.32336688
7057,0.3233919
7058,0.32341692
7059,0.32344192
7060,0.32346696
7061,0.32349193
7062,0.3235169
7063,0.3235419
7064,0.32356685
7065,0.32359186
7066,0.3236168
7067,0.32364178
7068,0.3236667
7069,0.32369167
7070,0.32371658
7071,0.3237415
7072,0.3237664
7073,0.32379133
7074,0.32381624
7075,0.32384115
7076,0.32386607
7077,0.32389092
7078,0.3239158
7079,0.3239407
7080,0.32396555
7081,0.3239904
7082,0.32401526
7083,0.32404009
7084,0.3240649
7085,0.32408977
7086,0.32411456
7087,0.32406884
7088,0.32402313
7089,0.32397744
7090,0.32393175
7091,0.32388607
7092,0.3238404
7093,0.32379478
7094,0.32374913
7095,0.3237035
7096,0.32365787
7097,0.32361227
7098,0.3235667
7099,0.32352114
7100,0.32347557
7101,0.32343003
7102,0.32338446
7103,0.323339
7104,0.32329345
7105,0.32324797
7106,0.3232025
7107,0.323157
7108,0.32311153
7109,0.32306612
7110,0.32302067
7111,0.32297525
7112,0.32292986
7113,0.32288444
7114,0.32283908
7115,0.3227937
7116,0.32274836
7117,0.322703
7118,0.32265767
7119,0.32261235
7120,0.32256705
7121,0.32252175
7122,0.3224765
7123,0.3224312
7124,0.32238597
7125,0.32234073
7126,0.3222955
7127,0.32225028
7128,0.32220507
7129,0.3221599
7130,0.32218483
7131,0.32220978
7132,0.3222347
7133,0.3222596
7134,0.32228452
7135,0.32230943
7136,0.3223343
7137,0.3223592
7138,0.3223841
7139,0.32240897
7140,0.32243383
7141,0.32245868
7142,0.32248354
7143,0.3225084
7144,0.32253325
7145,0.32255808
7146,0.3225829
7147,0.32260773
7148,0.32263255
7149,0.32265735
7150,0.32268214
7151,0.32270694
7152,0.32273173
7153,0.3227565
7154,0.32278126
7155,0.32280603
7156,0.3228308
7157,0.32285553
7158,0.3228803
7159,0.32290503
7160,0.32292974
7161,0.32295448
7162,0.3229792
7163,0.32300392
7164,0.32302862
7165,0.3230533
7166,0.32307798
7167,0.32310268
7168,0.32312736
7169,0.323152
7170,0.32317668
7171,0.32320133
7172,0.32322598
7173,0.32325062
7174,0.32327527
7175,0.32329988
7176,0.3233245
7177,0.32334912
7178,0.32337373
7179,0.32339832
7180,0.3234229
7181,0.32344753
7182,0.32347208
7183,0.32349664
7184,0.32345164
7185,0.32340664
7186,0.32336164
7187,0.32331663
7188,0.32327166
7189,0.3232267
7190,0.32318175
7191,0.3231368
7192,0.3230919
7193,0.32304698
7194,0.3230021
7195,0.32295722
7196,0.32291234
7197,0.32286745
7198,0.32282263
7199,0.32277778
7200,0.32273296
7201,0.32268813
7202,0.32264334
7203,0.32259855
7204,0.32255378
7205,0.32250902
7206,0.3224643
7207,0.32241952
7208,0.32237482
7209,0.32233012
7210,0.3222854
7211,0.3222407
7212,0.32219604
7213,0.32215136
7214,0.32210672
7215,0.32206208
7216,0.32201746
7217,0.32197285
7218,0.32192826
7219,0.32188368
7220,0.3218391
7221,0.3217945
7222,0.32174996
7223,0.32177466
7224,0.3217993
7225,0.32182395
7226,0.32184863
7227,0.32187328
7228,0.32189792
7229,0.32192254
7230,0.32194716
7231,0.32197177
7232,0.3219964
7233,0.322021
7234,0.32204562
7235,0.3220702
7236,0.3220948
7237,0.32211936
7238,0.32214394
7239,0.32216853
7240,0.32219306
7241,0.3222176
7242,0.32224214
7243,0.3222667
7244,0.32229125
7245,0.32231575
7246,0.32234028
7247,0.3223648
7248,0.3223893
7249,0.3224138
7250,0.3224383
7251,0.32246277
7252,0.32248724
7253,0.32251173
7254,0.32253617
7255,0.32256064
7256,0.3225851
7257,0.32260954
7258,0.32263398
7259,0.32265842
7260,0.32268283
7261,0.32270724
7262,0.32273167
7263,0.32275605
7264,0.32278046
7265,0.32280484
7266,0.32282925
7267,0.32285362
7268,0.32287797
7269,0.32290235
7270,0.3229267
7271,0.32295102
7272,0.3229754
7273,0.32299972
7274,0.32302406
7275,0.32304838
7276,0.32307267
7277,0.323097
7278,0.3231213
7279,0.3231456
7280,0.3231699
7281,0.32319418
7282,0.32321846
7283,0.32324272
7284,0.32326698
7285,0.32329124
7286,0.3233155
7287,0.32333976
7288,0.32336396
7289,0.32338822
7290,0.32334384
7291,0.32329953
7292,0.32325518
7293,0.32321084
7294,0.32316655
7295,0.32312226
7296,0.32307798
7297,0.3230337
7298,0.32298946
7299,0.3229452
7300,0.32290098
7301,0.32285675
7302,0.32281256
7303,0.32276833
7304,0.32272416
7305,0.32268
7306,0.32263583
7307,0.3225917
7308,0.32254755
7309,0.32250342
7310,0.3224593
7311,0.32241523
7312,0.32237113
7313,0.32232705
7314,0.32228297
7315,0.32223892
7316,0.32219487
7317,0.32215086
7318,0.32210684
7319,0.32206285
7320,0.32201886
7321,0.32197487
7322,0.3219309
7323,0.32188696
7324,0.321843
7325,0.32179907
7326,0.32175514
7327,0.32171124
7328,0.32166734
7329,0.32162347
7330,0.32157958
7331,0.32153574
7332,0.3214919
7333,0.32144803
7334,0.32140422
7335,0.3213604
7336,0.3213166
7337,0.32134098
7338,0.3213653
7339,0.32138965
7340,0.321414
7341,0.3214383
7342,0.32146263
7343,0.32148692
7344,0.32151124
7345,0.32153553
7346,0.32155982
7347,0.3215841
7348,0.32160836
7349,0.32163265
7350,0.32165694
7351,0.32168117
7352,0.3217054
7353,0.32172966
7354,0.32175392
7355,0.32177812
7356,0.32180238
7357,0.32182658
7358,0.32185078
7359,0.32187498
7360,0.3218992
7361,0.32192338
7362,0.32194757
7363,0.32197177
7364,0.3219959
7365,0.3220201
7366,0.32204425
7367,0.3220684
7368,0.32209253
7369,0.32211667
7370,0.3221408
7371,0.32216495
7372,0.32218906
7373,0.32221317
7374,0.32223728
7375,0.3222614
7376,0.32228547
7377,0.32230955
7378,0.32233363
7379,0.3223577
7380,0.3223818
7381,0.32240587
7382,0.3224299
7383,0.32245398
7384,0.322478
7385,0.32250202
7386,0.32252607
7387,0.32255006
7388,0.32257408
7389,0.3225981
7390,0.32262212
7391,0.3226461
7392,0.3226701
7393,0.32269406
7394,0.32271805
7395,0.32274202
7396,0.32276598
7397,0.32278997
7398,0.32281387
7399,0.32283783
7400,0.3228618
7401,0.3228857
7402,0.32290965
7403,0.32293355
7404,0.32295746
7405,0.32298136
7406,0.32300526
7407,0.32302916
7408,0.32298556
7409,0.32294196
7410,0.3228984
7411,0.32285482
7412,0.32281128
7413,0.32276773
7414,0.32272422
7415,0.32268068
7416,0.3226372
7417,0.3225937
7418,0.3225502
7419,0.32250673
7420,0.32246327
7421,0.32241982
7422,0.3223764
7423,0.32233298
7424,0.32228956
7425,0.32224616
7426,0.3222028
7427,0.3221594
7428,0.32211602
7429,0.32207268
7430,0.32202935
7431,0.32198602
7432,0.3219427
7433,0.32189938
7434,0.32185608
7435,0.3218128
7436,0.32176954
7437,0.32172626
7438,0.32168302
7439,0.32163978
7440,0.32159656
7441,0.32155335
7442,0.32151014
7443,0.32146698
7444,0.32142377
7445,0.32138062
7446,0.32133746
7447,0.3212943
7448,0.32125118
7449,0.32127517
7450,0.32129914
7451,0.32132316
7452,0.32134712
7453,0.32137108
7454,0.32139504
7455,0.321419
7456,0.32144293
7457,0.3214669
7458,0.32149082
7459,0.32151476
7460,0.3215387
7461,0.3215626
7462,0.3215865
7463,0.3216104
7464,0.3216343
7465,0.3216582
7466,0.32168207
7467,0.32170594
7468,0.32172984
7469,0.32175368
7470,0.32177755
7471,0.3218014
7472,0.32182524
7473,0.32184905
7474,0.3218729
7475,0.32189673
7476,0.32192057
7477,0.32194436
7478,0.3219682
7479,0.32199198
7480,0.32201576
7481,0.32203954
7482,0.32206336
7483,0.3220871
7484,0.3221109
7485,0.32213464
7486,0.3221584
7487,0.32218215
7488,0.3222059
7489,0.32222962
7490,0.32225338
7491,0.32227707
7492,0.3223008
7493,0.3223245
7494,0.32234824
7495,0.32237193
7496,0.32239562
7497,0.32241932
7498,0.322443
7499,0.32246667
7500,0.32249033
7501,0.322514
7502,0.32253766
7503,0.3225613
7504,0.32258493
7505,0.3226086
7506,0.3226322
7507,0.32265586
7508,0.32267946
7509,0.32270306
7510,0.32272667
7511,0.32275027
7512,0.32277387
7513,0.32279745
7514,0.32282102
7515,0.32284462
7516,0.32286817
7517,0.3228917
7518,0.3229153
7519,0.32287234
7520,0.32282943
7521,0.3227865
7522,0.3227436
7523,0.32270068
7524,0.32265782
7525,0.32261494
7526,0.32257205
7527,0.32252923
7528,0.3224864
7529,0.32244354
7530,0.32240075
7531,0.32235795
7532,0.32231516
7533,0.32227236
7534,0.3222296
7535,0.32218683
7536,0.3221441
7537,0.32210135
7538,0.32205862
7539,0.3220159
7540,0.3219732
7541,0.32193053
7542,0.32188785
7543,0.32184517
7544,0.32180253
7545,0.32175988
7546,0.32171726
7547,0.32167462
7548,0.32163203
7549,0.3215894
7550,0.32154682
7551,0.32150424
7552,0.32146168
7553,0.32141912
7554,0.32137656
7555,0.32133403
7556,0.3212915
7557,0.321249
7558,0.3212065
7559,0.321164
7560,0.32112154
7561,0.32107908
7562,0.32110274
7563,0.3211264
7564,0.32115003
7565,0.32117367
7566,0.3211973
7567,0.32122093
7568,0.32124454
7569,0.32126817
7570,0.32129174
7571,0.32131538
7572,0.32133895
7573,0.32136256
7574,0.32138616
7575,0.3214097
7576,0.32143328
7577,0.32145685
7578,0.3214804
7579,0.32150394
7580,0.32152748
7581,0.32155102
7582,0.32157457
7583,0.3215981
7584,0.32162163
7585,0.32164514
7586,0.32166862
7587,0.32169217
7588,0.32171565
7589,0.32173914
7590,0.32176262
7591,0.3217861
7592,0.32180956
7593,0.321833
7594,0.3218565
7595,0.32187992
7596,0.32190338
7597,0.32192683
7598,0.32195026
7599,0.32197368
7600,0.3219971
7601,0.32202053
7602,0.32204393
7603,0.32206732
7604,0.32209072
7605,0.3221141
7606,0.3221375
7607,0.3221609
7608,0.32218426
7609,0.32220763
7610,0.322231
7611,0.32225433
7612,0.32227767
7613,0.32230103
7614,0.32232434
7615,0.3223477
7616,0.322371
7617,0.3223943
7618,0.32241765
7619,0.32244092
7620,0.32246423
7621,0.32248753
7622,0.32251084
7623,0.32253408
7624,0.3225574
7625,0.32258064
7626,0.32260388
7627,0.3226272
7628,0.32265043
7629,0.32267368
7630,0.3226969
7631,0.3227201
7632,0.32274336
7633,0.32276657
7634,0.3227898
7635,0.32281297
7636,0.3228362
7637,0.32285938
7638,0.3228826
7639,0.32290578
7640,0.32292894
7641,0.3229521
7642,0.32297528
7643,0.32299843
7644,0.3230216
7645,0.32304472
7646,0.32306784
7647,0.323091
7648,0.32311416
7649,0.32313725
7650,0.32309502
7651,0.3230528
7652,0.32301056
7653,0.32296836
7654,0.3229262
7655,0.32288402
7656,0.32284182
7657,0.32279968
7658,0.32275754
7659,0.3227154
7660,0.32267326
7661,0.32263118
7662,0.32258904
7663,0.32254696
7664,0.32250488
7665,0.32246283
7666,0.32242078
7667,0.3223787
7668,0.32233667
7669,0.32229465
7670,0.32225263
7671,0.32221064
7672,0.32216865
7673,0.32212666
7674,0.32208467
7675,0.32204273
7676,0.32200077
7677,0.32195884
7678,0.32191694
7679,0.321875
7680,0.3218331
7681,0.3217912
7682,0.32174933
7683,0.32170743
7684,0.32166559
7685,0.32162374
7686,0.3215819
7687,0.32154006
7688,0.32149825
7689,0.32145643
7690,0.32141465
7691,0.32143784
7692,0.32146108
7693,0.32148427
7694,0.32150745
7695,0.32153067
7696,0.32155386
7697,0.321577
7698,0.3216002
7699,0.32162338
7700,0.32164654
7701,0.3216697
7702,0.32169282
7703,0.321716
7704,0.32173914
7705,0.32176226
7706,0.3217854
7707,0.32180852
7708,0.32183164
7709,0.32185474
7710,0.32187784
7711,0.32190093
7712,0.32192403
7713,0.3219471
7714,0.3219702
7715,0.32199326
7716,0.32201633
7717,0.32203937
7718,0.32206243
7719,0.3220855
7720,0.32210854
7721,0.32213157
7722,0.3221546
7723,0.32217765
7724,0.32220066
7725,0.32222366
7726,0.32224667
7727,0.32226968
7728,0.3222927
7729,0.32231566
7730,0.32233864
7731,0.3223616
7732,0.3223846
7733,0.32240754
7734,0.32243052
7735,0.32245347
7736,0.32247642
7737,0.32249933
7738,0.32252228
7739,0.32254523
7740,0.32256815
7741,0.32259107
7742,0.32261395
7743,0.32263687
7744,0.3226598
7745,0.32268268
7746,0.32270557
7747,0.3226639
7748,0.32262227
7749,0.32258064
7750,0.32253903
7751,0.32249743
7752,0.32245582
7753,0.32241422
7754,0.32237267
7755,0.3223311
7756,0.32228953
7757,0.32224798
7758,0.32220647
7759,0.32216495
7760,0.32212344
7761,0.32208192
7762,0.32204044
7763,0.32199895
7764,0.3219575
7765,0.32191604
7766,0.3218746
7767,0.32183316
7768,0.32179174
7769,0.3217503
7770,0.32170892
7771,0.32166752
7772,0.32162613
7773,0.32158476
7774,0.3215434
7775,0.32150206
7776,0.32146072
7777,0.3214194
7778,0.32137805
7779,0.32133675
7780,0.32129547
7781,0.3212542
7782,0.3212129
7783,0.32117164
7784,0.3211304
7785,0.32108915
7786,0.3211121
7787,0.32113507
7788,0.32115805
7789,0.321181
7790,0.32120395
7791,0.3212269
7792,0.32124984
7793,0.3212728
7794,0.32129568
7795,0.32131863
7796,0.32134154
7797,0.32136446
7798,0.32138735
7799,0.32141027
7800,0.32143313
7801,0.32145604
7802,0.3214789
7803,0.3215018
7804,0.32152468
7805,0.3215475
7806,0.3215704
7807,0.32159323
7808,0.32161608
7809,0.32163894
7810,0.32166177
7811,0.3216846
7812,0.32170743
7813,0.32173023
7814,0.32175303
7815,0.32177585
7816,0.32179862
7817,0.32182145
7818,0.32184422
7819,0.32186702
7820,0.3218898
7821,0.32191256
7822,0.32193533
7823,0.32195807
7824,0.32198083
7825,0.3220036
7826,0.3220263
7827,0.32204905
7828,0.3220718
7829,0.3220945
7830,0.3221172
7831,0.32213992
7832,0.32216263
7833,0.32218534
7834,0.32220805
7835,0.32223073
7836,0.3222534
7837,0.3222761
7838,0.32229877
7839,0.32232141
7840,0.32234406
7841,0.32236674
7842,0.3223894
7843,0.32241204
7844,0.32243466
7845,0.3224573
7846,0.3224799
7847,0.32250255
7848,0.32252514
7849,0.32254776
7850,0.32257038
7851,0.32259297
7852,0.32261556
7853,0.32263815
7854,0.3225971
7855,0.32255602
7856,0.32251495
7857,0.3224739
7858,0.32243288
7859,0.32239187
7860,0.32235086
7861,0.32230985
7862,0.32226884
7863,0.32222787
7864,0.32218692
7865,0.32214594
7866,0.322105
7867,0.32206404
7868,0.32202315
7869,0.3219822
7870,0.32194132
7871,0.3219004
7872,0.32185954
7873,0.32181865
7874,0.32177776
7875,0.32173693
7876,0.32169607
7877,0.32165524
7878,0.3216144
7879,0.32157362
7880,0.3215328
7881,0.32149202
7882,0.32145122
7883,0.32141045
7884,0.3213697
7885,0.32132894
7886,0.3212882
7887,0.32124746
7888,0.32120675
7889,0.32116604
7890,0.32112533
7891,0.32108465
7892,0.32104397
7893,0.32100332
7894,0.32096264
7895,0.320922
7896,0.32088137
7897,0.32090402
7898,0.3209267
7899,0.32094938
7900,0.32097203
7901,0.32099468
7902,0.32101732
7903,0.32103997
7904,0.32106262
7905,0.32108524
7906,0.32110786
7907,0.3211305
7908,0.3211531
7909,0.32117575
7910,0.32119834
7911,0.32122093
7912,0.32124352
7913,0.3212661
7914,0.3212887
7915,0.32131127
7916,0.32133383
7917,0.32135642
7918,0.32137895
7919,0.32140154
7920,0.32142407
7921,0.3214466
7922,0.32146913
7923,0.32149166
7924,0.3215142
7925,0.32153672
7926,0.32155925
7927,0.32158172
7928,0.32160425
7929,0.32162672
7930,0.32164922
7931,0.32167172
7932,0.3216942
7933,0.32171667
7934,0.32173914
7935,0.3217616
7936,0.32178405
7937,0.3218065
7938,0.32182896
7939,0.32185137
7940,0.32187384
7941,0.32189626
7942,0.32191867
7943,0.32194108
7944,0.3219635
7945,0.3219859
7946,0.3220083
7947,0.3220307
7948,0.32205307
7949,0.3220755
7950,0.32209784
7951,0.32205737
7952,0.32201684
7953,0.32197636
7954,0.3219359
7955,0.32189542
7956,0.32185495
7957,0.32181454
7958,0.3217741
7959,0.32173365
7960,0.32169324
7961,0.32165283
7962,0.32161245
7963,0.32157207
7964,0.3215317
7965,0.32149133
7966,0.321451
7967,0.32141066
7968,0.3213703
7969,0.32132998
7970,0.32128966
7971,0.32124937
7972,0.32120907
7973,0.32116878
7974,0.32112852
7975,0.32108825
7976,0.32104802
7977,0.3210078
7978,0.32096756
7979,0.32092732
7980,0.3208871
7981,0.32084692
7982,0.3208067
7983,0.32076654
7984,0.32072636
7985,0.3206862
7986,0.32064605
7987,0.3206059
7988,0.32056576
7989,0.32052565
7990,0.32048553
7991,0.32044545
7992,0.32040536
7993,0.32036528
7994,0.3203252
7995,0.32034767
7996,0.32037014
7997,0.3203926
7998,0.32041505
7999,0.3204375
8000,0.32045996
8001,0.32048237
8002,0.3205048
8003,0.32052726
8004,0.32054967
8005,0.32057208
8006,0.3205945
8007,0.3206169
8008,0.32063928
8009,0.32066166
8010,0.32068405
8011,0.32070643
8012,0.32072884
8013,0.3207512
8014,0.32077354
8015,0.3207959
8016,0.32081825
8017,0.3208406
8018,0.32086295
8019,0.3208853
8020,0.3209076
8021,0.32092994
8022,0.32095227
8023,0.3209746
8024,0.32099688
8025,0.32101917
8026,0.3210415
8027,0.32106376
8028,0.32108605
8029,0.32110834
8030,0.32113063
8031,0.32115287
8032,0.32117516
8033,0.3211974
8034,0.32121968
8035,0.32124192
8036,0.32126415
8037,0.32128638
8038,0.3213086
8039,0.32133085
8040,0.32135308
8041,0.32137528
8042,0.32139748
8043,0.3214197
8044,0.3214419
8045,0.32146406
8046,0.32148626
8047,0.32150847
8048,0.32153064
8049,0.3215528
8050,0.32157496
8051,0.3215971
8052,0.32161927
8053,0.32164142
8054,0.32166356
8055,0.3216857
8056,0.32170784
8057,0.32172996
8058,0.32175207
8059,0.32177418
8060,0.3217963
8061,0.3218184
8062,0.32184052
8063,0.32186258
8064,0.3218847
8065,0.32190675
8066,0.32186687
8067,0.321827
8068,0.32178706
8069,0.32174718
8070,0.32170737
8071,0.3216675
8072,0.32162765
8073,0.3215878
8074,0.32154799
8075,0.32150817
8076,0.32146835
8077,0.32142857
8078,0.32138878
8079,0.32134902
8080,0.32130924
8081,0.32126948
8082,0.32122976
8083,0.32119
8084,0.32115027
8085,0.32111055
8086,0.32107085
8087,0.32103115
8088,0.32099146
8089,0.3209518
8090,0.32091212
8091,0.32087246
8092,0.32083282
8093,0.32079318
8094,0.32075354
8095,0.32071394
8096,0.32067433
8097,0.32063472
8098,0.32059515
8099,0.32055557
8100,0.320516
8101,0.3204764
8102,0.3204369
8103,0.32039732
8104,0.3203578
8105,0.32031828
8106,0.32027876
8107,0.32023925
8108,0.3201998
8109,0.32016027
8110,0.3201208
8111,0.32008135
8112,0.3200419
8113,0.3200641
8114,0.32008627
8115,0.3201084
8116,0.3201306
8117,0.32015276
8118,0.3201749
8119,0.32019705
8120,0.3202192
8121,0.32024133
8122,0.32026345
8123,0.32028556
8124,0.3203077
8125,0.32032982
8126,0.3203519
8127,0.320374
8128,0.32039613
8129,0.3204182
8130,0.3204403
8131,0.32046235
8132,0.32048446
8133,0.3205065
8134,0.32052857
8135,0.32055062
8136,0.32057267
8137,0.32059473
8138,0.32061678
8139,0.32063884
8140,0.32066086
8141,0.32068288
8142,0.3207049
8143,0.32072693
8144,0.32074893
8145,0.32077092
8146,0.32079294
8147,0.3208149
8148,0.3208369
8149,0.3208589
8150,0.3208809
8151,0.32090285
8152,0.32092482
8153,0.32094675
8154,0.32096875
8155,0.32099068
8156,0.32101262
8157,0.32103455
8158,0.32105651
8159,0.32107842
8160,0.32110035
8161,0.3211223
8162,0.3211442
8163,0.3211661
8164,0.321188
8165,0.3212099
8166,0.32123178
8167,0.32125366
8168,0.32127556
8169,0.3212974
8170,0.32131928
8171,0.32134116
8172,0.32136303
8173,0.32138488
8174,0.32140672
8175,0.32142857
8176,0.3214504
8177,0.32147223
8178,0.32149407
8179,0.3215159
8180,0.3215377
8181,0.32155952
8182,0.32158133
8183,0.32160312
8184,0.32162493
8185,0.32164672
8186,0.3216685
8187,0.3216903
8188,0.32171205
8189,0.32173383
8190,0.3217556
8191,0.32177734
8192,0.3217991
8193,0.32182086
8194,0.32184258
8195,0.32186434
8196,0.32188606
8197,0.3219078
8198,0.32186854
8199,0.32182926
8200,0.32179004
8201,0.3217508
8202,0.32171157
8203,0.32167235
8204,0.32163316
8205,0.32159394
8206,0.32155478
8207,0.3215156
8208,0.32147643
8209,0.32143727
8210,0.32139814
8211,0.32135898
8212,0.32131985
8213,0.32128072
8214,0.32124162
8215,0.32120252
8216,0.32116345
8217,0.32112437
8218,0.32108527
8219,0.32104623
8220,0.3210072
8221,0.32096812
8222,0.3209291
8223,0.32089007
8224,0.32085106
8225,0.32081205
8226,0.32077307
8227,0.32073408
8228,0.3206951
8229,0.32065612
8230,0.3206172
8231,0.32057822
8232,0.3205393
8233,0.32050037
8234,0.32046145
8235,0.32042253
8236,0.32038364
8237,0.32034475
8238,0.32030585
8239,0.320267
8240,0.32022813
8241,0.32024994
8242,0.32027173
8243,0.32029355
8244,0.32031536
8245,0.32033712
8246,0.32035893
8247,0.3203807
8248,0.32040247
8249,0.32042426
8250,0.320446
8251,0.32046777
8252,0.32048953
8253,0.32051128
8254,0.320533
8255,0.32055473
8256,0.3205765
8257,0.3205982
8258,0.32061994
8259,0.32064164
8260,0.32066336
8261,0.32068506
8262,0.32070678
8263,0.32072848
8264,0.32075015
8265,0.32077184
8266,0.3207935
8267,0.3208152
8268,0.32083684
8269,0.32085854
8270,0.32088017
8271,0.32090184
8272,0.32092348
8273,0.32094514
8274,0.32096678
8275,0.32098842
8276,0.32101002
8277,0.32103163
8278,0.32105327
8279,0.32107487
8280,0.32109648
8281,0.3211181
8282,0.3211397
8283,0.32116127
8284,0.32118285
8285,0.32120442
8286,0.321226
8287,0.32124758
8288,0.32126915
8289,0.3212907
8290,0.32131225
8291,0.32133383
8292,0.32135537
8293,0.3213769
8294,0.32139844
8295,0.3213597
8296,0.32132095
8297,0.32128224
8298,0.32124352
8299,0.32120484
8300,0.32116613
8301,0.32112744
8302,0.32108876
8303,0.3210501
8304,0.32101142
8305,0.3209728
8306,0.32093418
8307,0.32089552
8308,0.3208569
8309,0.3208183
8310,0.32077968
8311,0.32074112
8312,0.3207025
8313,0.32066393
8314,0.32062536
8315,0.3205868
8316,0.3205483
8317,0.32050973
8318,0.32047123
8319,0.3204327
8320,0.32039416
8321,0.32035568
8322,0.3203172
8323,0.3202787
8324,0.32024026
8325,0.32020175
8326,0.3201633
8327,0.32012486
8328,0.32008645
8329,0.32004803
8330,0.3200096
8331,0.3199712
8332,0.31999278
8333,0.32001442
8334,0.320036
8335,0.32005757
8336,0.32007918
8337,0.32010072
8338,0.3201223
8339,0.32014388
8340,0.32016546
8341,0.320187
8342,0.32020855
8343,0.32023013
8344,0.32025164
8345,0.3202732
8346,0.32029474
8347,0.32031626
8348,0.32033777
8349,0.3203593
8350,0.3203808
8351,0.3204023
8352,0.32042378
8353,0.3204453
8354,0.3204668
8355,0.32048827
8356,0.32050976
8357,0.32053125
8358,0.3205527
8359,0.32057416
8360,0.32059562
8361,0.32061708
8362,0.32063854
8363,0.32065997
8364,0.32068142
8365,0.32070285
8366,0.32072428
8367,0.3207457
8368,0.3207671
8369,0.32078853
8370,0.32080993
8371,0.32083136
8372,0.32085276
8373,0.32087415
8374,0.32089552
8375,0.3209169
8376,0.3209383
8377,0.32095966
8378,0.32098103
8379,0.3210024
8380,0.32102376
8381,0.3210451
8382,0.32106644
8383,0.32108778
8384,0.32110912
8385,0.32113045
8386,0.3211518
8387,0.3211731
8388,0.3211944
8389,0.32121575
8390,0.32123703
8391,0.32125834
8392,0.32127964
8393,0.32130092
8394,0.3213222
8395,0.32134348
8396,0.32136476
8397,0.32138604
8398,0.32140732
8399,0.32136905
8400,0.3213308
8401,0.32129255
8402,0.3212543
8403,0.3212161
8404,0.32117787
8405,0.32113966
8406,0.3211015
8407,0.32106328
8408,0.32102507
8409,0.32098693
8410,0.32094878
8411,0.3209106
8412,0.32087246
8413,0.32083434
8414,0.3207962
8415,0.32075807
8416,0.32071996
8417,0.32068187
8418,0.32064378
8419,0.3206057
8420,0.32056764
8421,0.32052958
8422,0.3204915
8423,0.32045346
8424,0.32041544
8425,0.3203774
8426,0.32033938
8427,0.32030135
8428,0.3202634
8429,0.3202254
8430,0.3201874
8431,0.32014942
8432,0.32011145
8433,0.32007352
8434,0.32003558
8435,0.3199976
8436,0.3199597
8437,0.3199218
8438,0.31988388
8439,0.31984597
8440,0.3198673
8441,0.31988865
8442,0.31991
8443,0.31993133
8444,0.31995264
8445,0.31997395
8446,0.31999528
8447,0.32001656
8448,0.32003787
8449,0.32005918
8450,0.32008046
8451,0.32010174
8452,0.32012305
8453,0.3201443
8454,0.32016557
8455,0.32018685
8456,0.32020813
8457,0.32022938
8458,0.32025063
8459,0.32027185
8460,0.32029313
8461,0.32031435
8462,0.32033557
8463,0.3203568
8464,0.320378
8465,0.32039922
8466,0.32042044
8467,0.32044166
8468,0.32046288
8469,0.32048404
8470,0.32050526
8471,0.32052642
8472,0.32054764
8473,0.3205688
8474,0.32058996
8475,0.32061115
8476,0.32063228
8477,0.32065344
8478,0.3206746
8479,0.32069576
8480,0.3207169
8481,0.32073802
8482,0.32075918
8483,0.32078028
8484,0.32080144
8485,0.32082254
8486,0.32084364
8487,0.32086474
8488,0.32088584
8489,0.32090694
8490,0.32092804
8491,0.32094914
8492,0.3209702
8493,0.32099128
8494,0.32101238
8495,0.32103342
8496,0.32105452
8497,0.32107556
8498,0.3210966
8499,0.32111764
8500,0.32113868
8501,0.32115972
8502,0.32118076
8503,0.3212018
8504,0.3212228
8505,0.32124382
8506,0.32126486
8507,0.32128584
8508,0.32130685
8509,0.32132787
8510,0.32134885
8511,0.32136983
8512,0.3213908
8513,0.3214118
8514,0.32137406
8515,0.3213363
8516,0.3212986
8517,0.32126087
8518,0.32122314
8519,0.32118547
8520,0.32114774
8521,0.32111007
8522,0.3210724
8523,0.32103473
8524,0.32099706
8525,0.32095942
8526,0.32092178
8527,0.32088414
8528,0.32084653
8529,0.3208089
8530,0.3207713
8531,0.32073373
8532,0.32069612
8533,0.32065856
8534,0.32062095
8535,0.3205834
8536,0.32054585
8537,0.3205083
8538,0.32047078
8539,0.32043326
8540,0.32039574
8541,0.32035822
8542,0.32032073
8543,0.32028323
8544,0.32024574
8545,0.32020828
8546,0.32017082
8547,0.32013336
8548,0.3200959
8549,0.32005847
8550,0.32002103
8551,0.31998363
8552,0.31994623
8553,0.3199088
8554,0.31987143
8555,0.31983405
8556,0.31979668
8557,0.3197593
8558,0.31972194
8559,0.31968457
8560,0.31964725
8561,0.3196683
8562,0.31968936
8563,0.31971043
8564,0.31973147
8565,0.3197525
8566,0.31977355
8567,0.3197946
8568,0.3198156
8569,0.31983662
8570,0.31985766
8571,0.3198787
8572,0.31989968
8573,0.3199207
8574,0.3199417
8575,0.31996268
8576,0.31998366
8577,0.32000467
8578,0.32002562
8579,0.3200466
8580,0.32006758
8581,0.32008857
8582,0.32010952
8583,0.32013047
8584,0.32015142
8585,0.32017237
8586,0.32019332
8587,0.32021427
8588,0.3202352
8589,0.3202561
8590,0.32027704
8591,0.32029796
8592,0.32031888
8593,0.3203398
8594,0.32036066
8595,0.32038158
8596,0.32040244
8597,0.32042336
8598,0.32044423
8599,0.32046512
8600,0.320486
8601,0.32050687
8602,0.32052773
8603,0.3205486
8604,0.32056946
8605,0.3205903
8606,0.32061112
8607,0.32063198
8608,0.32065278
8609,0.32067364
8610,0.32069445
8611,0.32071528
8612,0.3207361
8613,0.3207569
8614,0.3207777
8615,0.32079852
8616,0.32081932
8617,0.3208401
8618,0.3208609
8619,0.32088166
8620,0.32090244
8621,0.3209232
8622,0.32094398
8623,0.32096475
8624,0.3209855
8625,0.32100624
8626,0.321027
8627,0.32104775
8628,0.32101053
8629,0.32097334
8630,0.32093617
8631,0.32089898
8632,0.32086182
8633,0.32082462
8634,0.3207875
8635,0.32075036
8636,0.32071322
8637,0.3206761
8638,0.32063895
8639,0.32060185
8640,0.32056475
8641,0.32052767
8642,0.32049057
8643,0.3204535
8644,0.32041645
8645,0.32037938
8646,0.3203423
8647,0.3203053
8648,0.32026824
8649,0.3202312
8650,0.32019418
8651,0.3201572
8652,0.3201202
8653,0.3200832
8654,0.32004622
8655,0.32000923
8656,0.31997228
8657,0.31993532
8658,0.31989837
8659,0.3198614
8660,0.31982452
8661,0.31978756
8662,0.31975067
8663,0.31971377
8664,0.31967688
8665,0.31963998
8666,0.3196031
8667,0.31956622
8668,0.31952935
8669,0.31949252
8670,0.31945565
8671,0.3194765
8672,0.3194973
8673,0.3195181
8674,0.3195389
8675,0.3195597
8676,0.3195805
8677,0.3196013
8678,0.3196221
8679,0.31964284
8680,0.31966364
8681,0.3196844
8682,0.3197052
8683,0.31972593
8684,0.31974667
8685,0.31976745
8686,0.31978822
8687,0.31980893
8688,0.31982964
8689,0.3198504
8690,0.31987113
8691,0.31989187
8692,0.31991258
8693,0.3199333
8694,0.31995398
8695,0.31997472
8696,0.3199954
8697,0.3200161
8698,0.32003677
8699,0.32005748
8700,0.32007813
8701,0.32009882
8702,0.3201195
8703,0.32014018
8704,0.32016084
8705,0.3201815
8706,0.32020214
8707,0.3202228
8708,0.32024342
8709,0.32026404
8710,0.3202847
8711,0.32030535
8712,0.32032597
8713,0.3203466
8714,0.3203672
8715,0.32038778
8716,0.3204084
8717,0.320429
8718,0.3204496
8719,0.32047018
8720,0.32049078
8721,0.32051134
8722,0.3205319
8723,0.3205525
8724,0.32057306
8725,0.32059363
8726,0.3206142
8727,0.32057744
8728,0.32054073
8729,0.320504
8730,0.3204673
8731,0.3204306
8732,0.32039392
8733,0.3203572
8734,0.32032055
8735,0.3202839
8736,0.32024723
8737,0.32021058
8738,0.32017392
8739,0.32013732
8740,0.32010067
8741,0.32006407
8742,0.32002747
8743,0.31999084
8744,0.31995428
8745,0.31991768
8746,0.3198811
8747,0.31984454
8748,0.31980798
8749,0.31977144
8750,0.31973487
8751,0.31969833
8752,0.31966183
8753,0.31962532
8754,0.31958878
8755,0.3195523
8756,0.31951582
8757,0.31947935
8758,0.31944287
8759,0.3194064
8760,0.3193699
8761,0.3193335
8762,0.31929705
8763,0.3192606
8764,0.31922418
8765,0.31918776
8766,0.31915134
8767,0.31911498
8768,0.3191356
8769,0.31915623
8770,0.31917685
8771,0.31919745
8772,0.31921804
8773,0.31923866
8774,0.31925926
8775,0.31927985
8776,0.31930044
8777,0.31932104
8778,0.3193416
8779,0.3193622
8780,0.31938276
8781,0.31940332
8782,0.31942388
8783,0.31944445
8784,0.319465
8785,0.31948555
8786,0.3195061
8787,0.3195266
8788,0.31954718
8789,0.31956768
8790,0.3195882
8791,0.31960875
8792,0.31962925
8793,0.31964976
8794,0.31967026
8795,0.31969076
8796,0.31971127
8797,0.31973177
8798,0.31975225
8799,0.31977272
8800,0.31979322
8801,0.31981367
8802,0.31983414
8803,0.31985462
8804,0.31987506
8805,0.3198955
8806,0.31991595
8807,0.31993642
8808,0.31995684
8809,0.31997728
8810,0.31999773
8811,0.32001817
8812,0.3200386
8813,0.320059
8814,0.32007942
8815,0.32009983
8816,0.32012022
8817,0.3201406
8818,0.320161
8819,0.3201814
8820,0.32020178
8821,0.3202222
8822,0.32024252
8823,0.3202629
8824,0.3202833
8825,0.32030365
8826,0.320324
8827,0.32034436
8828,0.3203647
8829,0.32038504
8830,0.3204054
8831,0.32042572
8832,0.32044607
8833,0.3204664
8834,0.32048672
8835,0.32050702
8836,0.32052732
8837,0.32054764
8838,0.32056794
8839,0.32058823
8840,0.32060853
8841,0.32062882
8842,0.3206491
8843,0.32066938
8844,0.3206331
8845,0.32059687
8846,0.32056063
8847,0.3205244
8848,0.32048818
8849,0.32045197
8850,0.3204158
8851,0.32037959
8852,0.32034338
8853,0.3203072
8854,0.32027102
8855,0.32023486
8856,0.3201987
8857,0.32016256
8858,0.3201264
8859,0.3200903
8860,0.32005417
8861,0.32001805
8862,0.31998193
8863,0.31994587
8864,0.31990975
8865,0.3198737
8866,0.3198376
8867,0.31980154
8868,0.31976548
8869,0.31972945
8870,0.3196934
8871,0.31965736
8872,0.31962132
8873,0.31958532
8874,0.3195493
8875,0.3195133
8876,0.31947732
8877,0.31944132
8878,0.31940532
8879,0.31936938
8880,0.3193334
8881,0.31929743
8882,0.3193178
8883,0.31933814
8884,0.31935847
8885,0.3193788
8886,0.31939912
8887,0.31941944
8888,0.31943977
8889,0.31946006
8890,0.31948036
8891,0.31950068
8892,0.31952095
8893,0.31954128
8894,0.31956154
8895,0.31958184
8896,0.31960213
8897,0.3196224
8898,0.31964266
8899,0.31966293
8900,0.3196832
8901,0.31970346
8902,0.31972367
8903,0.31974393
8904,0.3197642
8905,0.3197844
8906,0.31980464
8907,0.31982487
8908,0.3198451
8909,0.31986535
8910,0.31988555
8911,0.31990576
8912,0.31992596
8913,0.31994617
8914,0.31996635
8915,0.31998652
8916,0.32000673
8917,0.3200269
8918,0.32004708
8919,0.3200673
8920,0.32008743
8921,0.32010758
8922,0.32012776
8923,0.32014793
8924,0.32016808
8925,0.32018822
8926,0.32020837
8927,0.32022852
8928,0.3202486
8929,0.32026875
8930,0.3202889
8931,0.32030898
8932,0.32032913
8933,0.32034922
8934,0.32036933
8935,0.32038945
8936,0.32040954
8937,0.32042962
8938,0.3204497
8939,0.3204698
8940,0.32048988
8941,0.32050997
8942,0.32053
8943,0.32055008
8944,0.32057014
8945,0.3205902
8946,0.32061028
8947,0.3206303
8948,0.32065034
8949,0.3206704
8950,0.32069042
8951,0.32071048
8952,0.3207305
8953,0.3207505
8954,0.3207705
8955,0.32079053
8956,0.32081056
8957,0.32083055
8958,0.32085055
8959,0.32087052
8960,0.32089055
8961,0.3209105
8962,0.32093048
8963,0.32095048
8964,0.32097042
8965,0.32093465
8966,0.32089886
8967,0.32086307
8968,0.3208273
8969,0.32079154
8970,0.32075578
8971,0.32072002
8972,0.32068428
8973,0.32064855
8974,0.3206128
8975,0.32057709
8976,0.32054138
8977,0.32050568
8978,0.32046998
8979,0.3204343
8980,0.32039863
8981,0.32036293
8982,0.32032728
8983,0.32029164
8984,0.320256
8985,0.32022035
8986,0.3201847
8987,0.3201491
8988,0.32011348
8989,0.32007787
8990,0.32004225
8991,0.32000667
8992,0.31997108
8993,0.3199355
8994,0.31989995
8995,0.3198644
8996,0.3198288
8997,0.31979328
8998,0.31975776
8999,0.31972224
