bin_index,start_time_us,end_time_us,waiting_time_us,running_time_us,waiting_pct,running_pct
0,0,5000,348,4652,6.959999999999999,93.04
1,5000,10000,161,4839,3.2199999999999998,96.78
2,10000,15000,119,4881,2.3800000000000003,97.62
3,15000,20000,104,4896,2.08,97.92
4,20000,25000,46,4954,0.9199999999999999,99.08
5,25000,30000,919,4081,18.38,81.62
6,30000,35000,5000,0,100.0,0.0
7,35000,40000,5000,0,100.0,0.0
8,40000,45000,5000,0,100.0,0.0
9,45000,50000,5000,0,100.0,0.0
10,50000,55000,4383,617,87.66000000000001,12.33999999999999
11,55000,60000,4096,904,81.92,18.08
12,60000,65000,5000,0,100.0,0.0
13,65000,70000,5000,0,100.0,0.0
14,70000,75000,5000,0,100.0,0.0
15,75000,80000,3457,1543,69.14,30.86
16,80000,85000,5000,0,100.0,0.0
17,85000,90000,5000,0,100.0,0.0
18,90000,95000,5000,0,100.0,0.0
19,95000,100000,5000,0,100.0,0.0
20,100000,105000,2465,2535,49.3,50.7
21,105000,110000,5000,0,100.0,0.0
22,110000,115000,5000,0,100.0,0.0
23,115000,120000,5000,0,100.0,0.0
24,120000,125000,4656,344,93.12,6.8799999999999955
25,125000,130000,3910,1090,78.2,21.799999999999997
26,130000,135000,5000,0,100.0,0.0
27,135000,140000,5000,0,100.0,0.0
28,140000,145000,5000,0,100.0,0.0
29,145000,150000,3622,1378,72.44,27.560000000000002
30,150000,155000,5000,0,100.0,0.0
31,155000,160000,5000,0,100.0,0.0
32,160000,165000,5000,0,100.0,0.0
33,165000,170000,5000,0,100.0,0.0
34,170000,175000,3689,1311,73.78,26.22
35,175000,180000,5000,0,100.0,0.0
36,180000,185000,5000,0,100.0,0.0
37,185000,190000,5000,0,100.0,0.0
38,190000,195000,3588,1412,71.76,28.239999999999995
39,195000,200000,5000,0,100.0,0.0
40,200000,205000,5000,0,100.0,0.0
41,205000,210000,5000,0,100.0,0.0
42,210000,215000,5000,0,100.0,0.0
43,215000,220000,3521,1479,70.42,29.58
44,220000,225000,5000,0,100.0,0.0
45,225000,230000,5000,0,100.0,0.0
46,230000,235000,5000,0,100.0,0.0
47,235000,240000,3505,1495,70.1,29.900000000000006
48,240000,245000,5000,0,100.0,0.0
49,245000,250000,5000,0,100.0,0.0
50,250000,255000,5000,0,100.0,0.0
51,255000,260000,5000,0,100.0,0.0
52,260000,265000,3501,1499,70.02000000000001,29.97999999999999
53,265000,270000,5000,0,100.0,0.0
54,270000,275000,5000,0,100.0,0.0
55,275000,280000,5000,0,100.0,0.0
56,280000,285000,4359,641,87.18,12.819999999999993
57,285000,290000,3988,1012,79.75999999999999,20.24000000000001
58,290000,295000,5000,0,100.0,0.0
59,295000,300000,5000,0,100.0,0.0
60,300000,305000,5000,0,100.0,0.0
61,305000,310000,3600,1400,72.0,28.0
62,310000,315000,5000,0,100.0,0.0
63,315000,320000,5000,0,100.0,0.0
64,320000,325000,5000,0,100.0,0.0
65,325000,330000,4092,908,81.84,18.159999999999997
66,330000,335000,4349,651,86.98,13.019999999999996
67,335000,340000,5000,0,100.0,0.0
68,340000,345000,5000,0,100.0,0.0
69,345000,350000,5000,0,100.0,0.0
70,350000,355000,3263,1737,65.25999999999999,34.74000000000001
71,355000,360000,5000,0,100.0,0.0
72,360000,365000,5000,0,100.0,0.0
73,365000,370000,5000,0,100.0,0.0
74,370000,375000,5000,0,100.0,0.0
75,375000,380000,3399,1601,67.97999999999999,32.02000000000001
76,380000,385000,5000,0,100.0,0.0
77,385000,390000,5000,0,100.0,0.0
78,390000,395000,5000,0,100.0,0.0
79,395000,400000,5000,0,100.0,0.0
80,400000,405000,5000,0,100.0,0.0
81,405000,410000,3413,1587,68.26,31.739999999999995
82,410000,415000,5000,0,100.0,0.0
83,415000,420000,5000,0,100.0,0.0
84,420000,425000,5000,0,100.0,0.0
85,425000,430000,5000,0,100.0,0.0
86,430000,435000,5000,0,100.0,0.0
87,435000,440000,4598,402,91.96,8.040000000000006
88,440000,445000,3868,1132,77.36,22.64
89,445000,450000,5000,0,100.0,0.0
90,450000,455000,5000,0,100.0,0.0
91,455000,460000,5000,0,100.0,0.0
92,460000,465000,4920,80,98.4,1.5999999999999943
93,465000,470000,3419,1581,68.38,31.620000000000005
94,470000,475000,5000,0,100.0,0.0
95,475000,480000,5000,0,100.0,0.0
96,480000,485000,5000,0,100.0,0.0
97,485000,490000,5000,0,100.0,0.0
98,490000,495000,3426,1574,68.52000000000001,31.47999999999999
99,495000,500000,5000,0,100.0,0.0
100,500000,505000,5000,0,100.0,0.0
101,505000,510000,5000,0,100.0,0.0
102,510000,515000,5000,0,100.0,0.0
103,515000,520000,2903,2097,58.06,41.94
104,520000,525000,5000,0,100.0,0.0
105,525000,530000,5000,0,100.0,0.0
106,530000,535000,5000,0,100.0,0.0
107,535000,540000,5000,0,100.0,0.0
108,540000,545000,4309,691,86.18,13.819999999999993
109,545000,550000,4065,935,81.3,18.700000000000003
110,550000,555000,5000,0,100.0,0.0
111,555000,560000,5000,0,100.0,0.0
112,560000,565000,5000,0,100.0,0.0
113,565000,570000,5000,0,100.0,0.0
114,570000,575000,3346,1654,66.92,33.08
115,575000,580000,5000,0,100.0,0.0
116,580000,585000,5000,0,100.0,0.0
117,585000,590000,5000,0,100.0,0.0
118,590000,595000,5000,0,100.0,0.0
119,595000,600000,3494,1506,69.88,30.120000000000005
120,600000,605000,5000,0,100.0,0.0
121,605000,610000,5000,0,100.0,0.0
122,610000,615000,5000,0,100.0,0.0
123,615000,620000,5000,0,100.0,0.0
124,620000,625000,3322,1678,66.44,33.56
125,625000,630000,5000,0,100.0,0.0
126,630000,635000,5000,0,100.0,0.0
127,635000,640000,5000,0,100.0,0.0
128,640000,645000,5000,0,100.0,0.0
129,645000,650000,3542,1458,70.84,29.159999999999997
130,650000,655000,5000,0,100.0,0.0
131,655000,660000,5000,0,100.0,0.0
132,660000,665000,5000,0,100.0,0.0
133,665000,670000,5000,0,100.0,0.0
134,670000,675000,3432,1568,68.64,31.36
135,675000,680000,5000,0,100.0,0.0
136,680000,685000,5000,0,100.0,0.0
137,685000,690000,5000,0,100.0,0.0
138,690000,695000,5000,0,100.0,0.0
139,695000,700000,3460,1540,69.19999999999999,30.80000000000001
140,700000,705000,5000,0,100.0,0.0
141,705000,710000,5000,0,100.0,0.0
142,710000,715000,5000,0,100.0,0.0
143,715000,720000,4746,254,94.92,5.079999999999998
144,720000,725000,3843,1157,76.86,23.14
145,725000,730000,5000,0,100.0,0.0
146,730000,735000,5000,0,100.0,0.0
147,735000,740000,5000,0,100.0,0.0
148,740000,745000,3504,1496,70.08,29.92
149,745000,750000,5000,0,100.0,0.0
150,750000,755000,5000,0,100.0,0.0
151,755000,760000,5000,0,100.0,0.0
152,760000,765000,5000,0,100.0,0.0
153,765000,770000,3396,1604,67.92,32.08
154,770000,775000,5000,0,100.0,0.0
155,775000,780000,5000,0,100.0,0.0
156,780000,785000,5000,0,100.0,0.0
157,785000,790000,3480,1520,69.6,30.400000000000006
158,790000,795000,5000,0,100.0,0.0
159,795000,800000,5000,0,100.0,0.0
160,800000,805000,5000,0,100.0,0.0
161,805000,810000,5000,0,100.0,0.0
162,810000,815000,5000,0,100.0,0.0
163,815000,820000,3516,1484,70.32000000000001,29.679999999999993
164,820000,825000,5000,0,100.0,0.0
165,825000,830000,5000,0,100.0,0.0
166,830000,835000,5000,0,100.0,0.0
167,835000,840000,3526,1474,70.52000000000001,29.47999999999999
168,840000,845000,5000,0,100.0,0.0
169,845000,850000,5000,0,100.0,0.0
170,850000,855000,5000,0,100.0,0.0
171,855000,860000,5000,0,100.0,0.0
172,860000,865000,3633,1367,72.66,27.340000000000003
173,865000,870000,5000,0,100.0,0.0
174,870000,875000,5000,0,100.0,0.0
175,875000,880000,5000,0,100.0,0.0
176,880000,885000,3516,1484,70.32000000000001,29.679999999999993
177,885000,890000,5000,0,100.0,0.0
178,890000,895000,5000,0,100.0,0.0
179,895000,900000,5000,0,100.0,0.0
180,900000,905000,4256,744,85.11999999999999,14.88000000000001
181,905000,910000,4255,745,85.1,14.900000000000006
182,910000,915000,5000,0,100.0,0.0
183,915000,920000,5000,0,100.0,0.0
184,920000,925000,5000,0,100.0,0.0
185,925000,930000,3490,1510,69.8,30.200000000000003
186,930000,935000,5000,0,100.0,0.0
187,935000,940000,5000,0,100.0,0.0
188,940000,945000,5000,0,100.0,0.0
189,945000,950000,5000,0,100.0,0.0
190,950000,955000,5000,0,100.0,0.0
191,955000,960000,5000,0,100.0,0.0
192,960000,965000,5000,0,100.0,0.0
193,965000,970000,5000,0,100.0,0.0
194,970000,975000,5000,0,100.0,0.0
195,975000,980000,5000,0,100.0,0.0
196,980000,985000,5000,0,100.0,0.0
197,985000,990000,5000,0,100.0,0.0
198,990000,995000,5000,0,100.0,0.0
199,995000,1000000,5000,0,100.0,0.0
200,1000000,1005000,5000,0,100.0,0.0
201,1005000,1010000,4598,402,91.96,8.040000000000006
202,1010000,1015000,3989,1011,79.78,20.22
203,1015000,1020000,5000,0,100.0,0.0
204,1020000,1025000,5000,0,100.0,0.0
205,1025000,1030000,5000,0,100.0,0.0
206,1030000,1035000,4034,966,80.67999999999999,19.320000000000007
207,1035000,1040000,4441,559,88.82,11.180000000000007
208,1040000,1045000,5000,0,100.0,0.0
209,1045000,1050000,5000,0,100.0,0.0
210,1050000,1055000,5000,0,100.0,0.0
211,1055000,1060000,3351,1649,67.02,32.980000000000004
212,1060000,1065000,5000,0,100.0,0.0
213,1065000,1070000,5000,0,100.0,0.0
214,1070000,1075000,5000,0,100.0,0.0
215,1075000,1080000,5000,0,100.0,0.0
216,1080000,1085000,3522,1478,70.44,29.560000000000002
217,1085000,1090000,5000,0,100.0,0.0
218,1090000,1095000,5000,0,100.0,0.0
219,1095000,1100000,5000,0,100.0,0.0
220,1100000,1105000,4626,374,92.52,7.480000000000004
221,1105000,1110000,3606,1394,72.11999999999999,27.88000000000001
222,1110000,1115000,5000,0,100.0,0.0
223,1115000,1120000,5000,0,100.0,0.0
224,1120000,1125000,5000,0,100.0,0.0
225,1125000,1130000,3471,1529,69.42,30.58
226,1130000,1135000,4901,99,98.02,1.980000000000004
227,1135000,1140000,5000,0,100.0,0.0
228,1140000,1145000,5000,0,100.0,0.0
229,1145000,1150000,5000,0,100.0,0.0
230,1150000,1155000,3495,1505,69.89999999999999,30.10000000000001
231,1155000,1160000,5000,0,100.0,0.0
232,1160000,1165000,5000,0,100.0,0.0
233,1165000,1170000,5000,0,100.0,0.0
234,1170000,1175000,4152,848,83.04,16.959999999999994
235,1175000,1180000,4435,565,88.7,11.299999999999997
236,1180000,1185000,5000,0,100.0,0.0
237,1185000,1190000,5000,0,100.0,0.0
238,1190000,1195000,5000,0,100.0,0.0
239,1195000,1200000,3482,1518,69.64,30.36
240,1200000,1205000,5000,0,100.0,0.0
241,1205000,1210000,5000,0,100.0,0.0
242,1210000,1215000,5000,0,100.0,0.0
243,1215000,1220000,4094,906,81.88,18.120000000000005
244,1220000,1225000,4444,556,88.88000000000001,11.11999999999999
245,1225000,1230000,5000,0,100.0,0.0
246,1230000,1235000,5000,0,100.0,0.0
247,1235000,1240000,5000,0,100.0,0.0
248,1240000,1245000,3494,1506,69.88,30.120000000000005
249,1245000,1250000,5000,0,100.0,0.0
250,1250000,1255000,5000,0,100.0,0.0
251,1255000,1260000,5000,0,100.0,0.0
252,1260000,1265000,5000,0,100.0,0.0
253,1265000,1270000,5000,0,100.0,0.0
254,1270000,1275000,4066,934,81.32000000000001,18.679999999999993
255,1275000,1280000,4274,726,85.48,14.519999999999996
256,1280000,1285000,5000,0,100.0,0.0
257,1285000,1290000,5000,0,100.0,0.0
258,1290000,1295000,5000,0,100.0,0.0
259,1295000,1300000,3464,1536,69.28,30.72
260,1300000,1305000,5000,0,100.0,0.0
261,1305000,1310000,5000,0,100.0,0.0
262,1310000,1315000,5000,0,100.0,0.0
263,1315000,1320000,5000,0,100.0,0.0
264,1320000,1325000,3466,1534,69.32000000000001,30.679999999999993
265,1325000,1330000,5000,0,100.0,0.0
266,1330000,1335000,5000,0,100.0,0.0
267,1335000,1340000,5000,0,100.0,0.0
268,1340000,1345000,3473,1527,69.46,30.540000000000006
269,1345000,1350000,5000,0,100.0,0.0
270,1350000,1355000,5000,0,100.0,0.0
271,1355000,1360000,5000,0,100.0,0.0
272,1360000,1365000,5000,0,100.0,0.0
273,1365000,1370000,3512,1488,70.24000000000001,29.75999999999999
274,1370000,1375000,5000,0,100.0,0.0
275,1375000,1380000,5000,0,100.0,0.0
276,1380000,1385000,5000,0,100.0,0.0
277,1385000,1390000,3503,1497,70.06,29.939999999999998
278,1390000,1395000,5000,0,100.0,0.0
279,1395000,1400000,5000,0,100.0,0.0
280,1400000,1405000,5000,0,100.0,0.0
281,1405000,1410000,5000,0,100.0,0.0
282,1410000,1415000,3615,1385,72.3,27.700000000000003
283,1415000,1420000,5000,0,100.0,0.0
284,1420000,1425000,5000,0,100.0,0.0
285,1425000,1430000,5000,0,100.0,0.0
286,1430000,1435000,5000,0,100.0,0.0
287,1435000,1440000,3491,1509,69.82000000000001,30.179999999999993
288,1440000,1445000,5000,0,100.0,0.0
289,1445000,1450000,5000,0,100.0,0.0
290,1450000,1455000,5000,0,100.0,0.0
291,1455000,1460000,5000,0,100.0,0.0
292,1460000,1465000,3362,1638,67.24,32.760000000000005
293,1465000,1470000,5000,0,100.0,0.0
294,1470000,1475000,5000,0,100.0,0.0
295,1475000,1480000,5000,0,100.0,0.0
296,1480000,1485000,4231,769,84.61999999999999,15.38000000000001
297,1485000,1490000,4202,798,84.04,15.959999999999994
298,1490000,1495000,5000,0,100.0,0.0
299,1495000,1500000,5000,0,100.0,0.0
300,1500000,1505000,5000,0,100.0,0.0
301,1505000,1510000,3495,1505,69.89999999999999,30.10000000000001
302,1510000,1515000,5000,0,100.0,0.0
303,1515000,1520000,5000,0,100.0,0.0
304,1520000,1525000,5000,0,100.0,0.0
305,1525000,1530000,4204,796,84.08,15.920000000000002
306,1530000,1535000,4342,658,86.83999999999999,13.16000000000001
307,1535000,1540000,5000,0,100.0,0.0
308,1540000,1545000,5000,0,100.0,0.0
309,1545000,1550000,5000,0,100.0,0.0
310,1550000,1555000,3268,1732,65.36,34.64
311,1555000,1560000,5000,0,100.0,0.0
312,1560000,1565000,5000,0,100.0,0.0
313,1565000,1570000,5000,0,100.0,0.0
314,1570000,1575000,3888,1112,77.75999999999999,22.24000000000001
315,1575000,1580000,4777,223,95.54,4.459999999999994
316,1580000,1585000,5000,0,100.0,0.0
317,1585000,1590000,5000,0,100.0,0.0
318,1590000,1595000,5000,0,100.0,0.0
319,1595000,1600000,3541,1459,70.82000000000001,29.179999999999993
320,1600000,1605000,5000,0,100.0,0.0
321,1605000,1610000,5000,0,100.0,0.0
322,1610000,1615000,5000,0,100.0,0.0
323,1615000,1620000,3557,1443,71.14,28.86
324,1620000,1625000,5000,0,100.0,0.0
325,1625000,1630000,5000,0,100.0,0.0
326,1630000,1635000,5000,0,100.0,0.0
327,1635000,1640000,4220,780,84.39999999999999,15.600000000000009
328,1640000,1645000,4049,951,80.97999999999999,19.02000000000001
329,1645000,1650000,5000,0,100.0,0.0
330,1650000,1655000,5000,0,100.0,0.0
331,1655000,1660000,5000,0,100.0,0.0
332,1660000,1665000,3537,1463,70.74000000000001,29.25999999999999
333,1665000,1670000,5000,0,100.0,0.0
334,1670000,1675000,5000,0,100.0,0.0
335,1675000,1680000,5000,0,100.0,0.0
336,1680000,1685000,4042,958,80.84,19.159999999999997
337,1685000,1690000,4538,462,90.75999999999999,9.240000000000009
338,1690000,1695000,5000,0,100.0,0.0
339,1695000,1700000,5000,0,100.0,0.0
340,1700000,1705000,5000,0,100.0,0.0
341,1705000,1710000,3460,1540,69.19999999999999,30.80000000000001
342,1710000,1715000,5000,0,100.0,0.0
343,1715000,1720000,5000,0,100.0,0.0
344,1720000,1725000,5000,0,100.0,0.0
345,1725000,1730000,3992,1008,79.84,20.159999999999997
346,1730000,1735000,4564,436,91.28,8.719999999999999
347,1735000,1740000,5000,0,100.0,0.0
348,1740000,1745000,5000,0,100.0,0.0
349,1745000,1750000,4625,375,92.5,7.5
350,1750000,1755000,4099,901,81.98,18.019999999999996
351,1755000,1760000,5000,0,100.0,0.0
352,1760000,1765000,5000,0,100.0,0.0
353,1765000,1770000,5000,0,100.0,0.0
354,1770000,1775000,3498,1502,69.96,30.040000000000006
355,1775000,1780000,4910,90,98.2,1.7999999999999972
356,1780000,1785000,5000,0,100.0,0.0
357,1785000,1790000,5000,0,100.0,0.0
358,1790000,1795000,5000,0,100.0,0.0
359,1795000,1800000,3466,1534,69.32000000000001,30.679999999999993
360,1800000,1805000,5000,0,100.0,0.0
361,1805000,1810000,5000,0,100.0,0.0
362,1810000,1815000,5000,0,100.0,0.0
363,1815000,1820000,4079,921,81.58,18.42
364,1820000,1825000,4525,475,90.5,9.5
365,1825000,1830000,5000,0,100.0,0.0
366,1830000,1835000,5000,0,100.0,0.0
367,1835000,1840000,4826,174,96.52,3.480000000000004
368,1840000,1845000,3813,1187,76.25999999999999,23.74000000000001
369,1845000,1850000,5000,0,100.0,0.0
370,1850000,1855000,5000,0,100.0,0.0
371,1855000,1860000,5000,0,100.0,0.0
372,1860000,1865000,3644,1356,72.88,27.120000000000005
373,1865000,1870000,5000,0,100.0,0.0
374,1870000,1875000,5000,0,100.0,0.0
375,1875000,1880000,5000,0,100.0,0.0
376,1880000,1885000,3435,1565,68.7,31.299999999999997
377,1885000,1890000,5000,0,100.0,0.0
378,1890000,1895000,5000,0,100.0,0.0
379,1895000,1900000,5000,0,100.0,0.0
380,1900000,1905000,3595,1405,71.89999999999999,28.10000000000001
381,1905000,1910000,5000,0,100.0,0.0
382,1910000,1915000,5000,0,100.0,0.0
383,1915000,1920000,5000,0,100.0,0.0
384,1920000,1925000,4260,740,85.2,14.799999999999997
385,1925000,1930000,4268,732,85.36,14.64
386,1930000,1935000,5000,0,100.0,0.0
387,1935000,1940000,5000,0,100.0,0.0
388,1940000,1945000,5000,0,100.0,0.0
389,1945000,1950000,3630,1370,72.6,27.400000000000006
390,1950000,1955000,5000,0,100.0,0.0
391,1955000,1960000,5000,0,100.0,0.0
392,1960000,1965000,5000,0,100.0,0.0
393,1965000,1970000,5000,0,100.0,0.0
394,1970000,1975000,5000,0,100.0,0.0
395,1975000,1980000,5000,0,100.0,0.0
396,1980000,1985000,5000,0,100.0,0.0
397,1985000,1990000,5000,0,100.0,0.0
398,1990000,1995000,5000,0,100.0,0.0
399,1995000,2000000,5000,0,100.0,0.0
400,2000000,2005000,5000,0,100.0,0.0
401,2005000,2010000,5000,0,100.0,0.0
402,2010000,2015000,3882,1118,77.64,22.36
403,2015000,2020000,4768,232,95.36,4.640000000000001
404,2020000,2025000,5000,0,100.0,0.0
405,2025000,2030000,5000,0,100.0,0.0
406,2030000,2035000,4578,422,91.56,8.439999999999998
407,2035000,2040000,4083,917,81.66,18.340000000000003
408,2040000,2045000,5000,0,100.0,0.0
409,2045000,2050000,5000,0,100.0,0.0
410,2050000,2055000,5000,0,100.0,0.0
411,2055000,2060000,3670,1330,73.4,26.599999999999994
412,2060000,2065000,5000,0,100.0,0.0
413,2065000,2070000,5000,0,100.0,0.0
414,2070000,2075000,5000,0,100.0,0.0
415,2075000,2080000,3497,1503,69.94,30.060000000000002
416,2080000,2085000,5000,0,100.0,0.0
417,2085000,2090000,5000,0,100.0,0.0
418,2090000,2095000,5000,0,100.0,0.0
419,2095000,2100000,3549,1451,70.98,29.019999999999996
420,2100000,2105000,5000,0,100.0,0.0
421,2105000,2110000,5000,0,100.0,0.0
422,2110000,2115000,5000,0,100.0,0.0
423,2115000,2120000,3612,1388,72.24000000000001,27.75999999999999
424,2120000,2125000,5000,0,100.0,0.0
425,2125000,2130000,5000,0,100.0,0.0
426,2130000,2135000,5000,0,100.0,0.0
427,2135000,2140000,3772,1228,75.44,24.560000000000002
428,2140000,2145000,4916,84,98.32,1.6800000000000068
429,2145000,2150000,5000,0,100.0,0.0
430,2150000,2155000,5000,0,100.0,0.0
431,2155000,2160000,4158,842,83.16,16.840000000000003
432,2160000,2165000,4440,560,88.8,11.200000000000003
433,2165000,2170000,5000,0,100.0,0.0
434,2170000,2175000,5000,0,100.0,0.0
435,2175000,2180000,4658,342,93.16,6.840000000000003
436,2180000,2185000,4047,953,80.94,19.060000000000002
437,2185000,2190000,5000,0,100.0,0.0
438,2190000,2195000,5000,0,100.0,0.0
439,2195000,2200000,5000,0,100.0,0.0
440,2200000,2205000,3537,1463,70.74000000000001,29.25999999999999
441,2205000,2210000,5000,0,100.0,0.0
442,2210000,2215000,5000,0,100.0,0.0
443,2215000,2220000,5000,0,100.0,0.0
444,2220000,2225000,3606,1394,72.11999999999999,27.88000000000001
445,2225000,2230000,5000,0,100.0,0.0
446,2230000,2235000,5000,0,100.0,0.0
447,2235000,2240000,5000,0,100.0,0.0
448,2240000,2245000,3517,1483,70.34,29.659999999999997
449,2245000,2250000,4810,190,96.2,3.799999999999997
450,2250000,2255000,5000,0,100.0,0.0
451,2255000,2260000,5000,0,100.0,0.0
452,2260000,2265000,5000,0,100.0,0.0
453,2265000,2270000,3648,1352,72.96000000000001,27.039999999999992
454,2270000,2275000,5000,0,100.0,0.0
455,2275000,2280000,5000,0,100.0,0.0
456,2280000,2285000,5000,0,100.0,0.0
457,2285000,2290000,3628,1372,72.56,27.439999999999998
458,2290000,2295000,5000,0,100.0,0.0
459,2295000,2300000,5000,0,100.0,0.0
460,2300000,2305000,5000,0,100.0,0.0
461,2305000,2310000,3583,1417,71.66,28.340000000000003
462,2310000,2315000,5000,0,100.0,0.0
463,2315000,2320000,5000,0,100.0,0.0
464,2320000,2325000,5000,0,100.0,0.0
465,2325000,2330000,3631,1369,72.61999999999999,27.38000000000001
466,2330000,2335000,5000,0,100.0,0.0
467,2335000,2340000,5000,0,100.0,0.0
468,2340000,2345000,5000,0,100.0,0.0
469,2345000,2350000,3851,1149,77.02,22.980000000000004
470,2350000,2355000,4828,172,96.56,3.4399999999999977
471,2355000,2360000,5000,0,100.0,0.0
472,2360000,2365000,5000,0,100.0,0.0
473,2365000,2370000,4504,496,90.08,9.920000000000002
474,2370000,2375000,4199,801,83.98,16.019999999999996
475,2375000,2380000,5000,0,100.0,0.0
476,2380000,2385000,5000,0,100.0,0.0
477,2385000,2390000,5000,0,100.0,0.0
478,2390000,2395000,3612,1388,72.24000000000001,27.75999999999999
479,2395000,2400000,5000,0,100.0,0.0
480,2400000,2405000,5000,0,100.0,0.0
481,2405000,2410000,5000,0,100.0,0.0
482,2410000,2415000,3982,1018,79.64,20.36
483,2415000,2420000,4695,305,93.89999999999999,6.1000000000000085
484,2420000,2425000,5000,0,100.0,0.0
485,2425000,2430000,5000,0,100.0,0.0
486,2430000,2435000,5000,0,100.0,0.0
487,2435000,2440000,3555,1445,71.1,28.900000000000006
488,2440000,2445000,5000,0,100.0,0.0
489,2445000,2450000,5000,0,100.0,0.0
490,2450000,2455000,5000,0,100.0,0.0
491,2455000,2460000,3715,1285,74.3,25.700000000000003
492,2460000,2465000,5000,0,100.0,0.0
493,2465000,2470000,5000,0,100.0,0.0
494,2470000,2475000,5000,0,100.0,0.0
495,2475000,2480000,3616,1384,72.32,27.680000000000007
496,2480000,2485000,5000,0,100.0,0.0
497,2485000,2490000,5000,0,100.0,0.0
498,2490000,2495000,5000,0,100.0,0.0
499,2495000,2500000,3610,1390,72.2,27.799999999999997
500,2500000,2505000,5000,0,100.0,0.0
501,2505000,2510000,5000,0,100.0,0.0
502,2510000,2515000,5000,0,100.0,0.0
503,2515000,2520000,3589,1411,71.78,28.22
504,2520000,2525000,5000,0,100.0,0.0
505,2525000,2530000,5000,0,100.0,0.0
506,2530000,2535000,5000,0,100.0,0.0
507,2535000,2540000,3867,1133,77.34,22.659999999999997
508,2540000,2545000,4838,162,96.76,3.239999999999995
509,2545000,2550000,5000,0,100.0,0.0
510,2550000,2555000,5000,0,100.0,0.0
511,2555000,2560000,4174,826,83.48,16.519999999999996
512,2560000,2565000,4434,566,88.68,11.319999999999993
513,2565000,2570000,5000,0,100.0,0.0
514,2570000,2575000,5000,0,100.0,0.0
515,2575000,2580000,4802,198,96.04,3.9599999999999937
516,2580000,2585000,3668,1332,73.36,26.64
517,2585000,2590000,5000,0,100.0,0.0
518,2590000,2595000,5000,0,100.0,0.0
519,2595000,2600000,5000,0,100.0,0.0
520,2600000,2605000,3692,1308,73.83999999999999,26.16000000000001
521,2605000,2610000,5000,0,100.0,0.0
522,2610000,2615000,5000,0,100.0,0.0
523,2615000,2620000,5000,0,100.0,0.0
524,2620000,2625000,3170,1830,63.4,36.6
525,2625000,2630000,5000,0,100.0,0.0
526,2630000,2635000,5000,0,100.0,0.0
527,2635000,2640000,5000,0,100.0,0.0
528,2640000,2645000,3619,1381,72.38,27.620000000000005
529,2645000,2650000,5000,0,100.0,0.0
530,2650000,2655000,5000,0,100.0,0.0
531,2655000,2660000,5000,0,100.0,0.0
532,2660000,2665000,3900,1100,78.0,22.0
533,2665000,2670000,4802,198,96.04,3.9599999999999937
534,2670000,2675000,5000,0,100.0,0.0
535,2675000,2680000,5000,0,100.0,0.0
536,2680000,2685000,4584,416,91.67999999999999,8.320000000000007
537,2685000,2690000,4089,911,81.78,18.22
538,2690000,2695000,5000,0,100.0,0.0
539,2695000,2700000,5000,0,100.0,0.0
540,2700000,2705000,5000,0,100.0,0.0
541,2705000,2710000,3576,1424,71.52,28.480000000000004
542,2710000,2715000,5000,0,100.0,0.0
543,2715000,2720000,5000,0,100.0,0.0
544,2720000,2725000,5000,0,100.0,0.0
545,2725000,2730000,3633,1367,72.66,27.340000000000003
546,2730000,2735000,5000,0,100.0,0.0
547,2735000,2740000,5000,0,100.0,0.0
548,2740000,2745000,5000,0,100.0,0.0
549,2745000,2750000,4175,825,83.5,16.5
550,2750000,2755000,4440,560,88.8,11.200000000000003
551,2755000,2760000,5000,0,100.0,0.0
552,2760000,2765000,5000,0,100.0,0.0
553,2765000,2770000,5000,0,100.0,0.0
554,2770000,2775000,3625,1375,72.5,27.5
555,2775000,2780000,5000,0,100.0,0.0
556,2780000,2785000,5000,0,100.0,0.0
557,2785000,2790000,5000,0,100.0,0.0
558,2790000,2795000,3581,1419,71.61999999999999,28.38000000000001
559,2795000,2800000,5000,0,100.0,0.0
560,2800000,2805000,5000,0,100.0,0.0
561,2805000,2810000,5000,0,100.0,0.0
562,2810000,2815000,5000,0,100.0,0.0
563,2815000,2820000,3578,1422,71.56,28.439999999999998
564,2820000,2825000,5000,0,100.0,0.0
565,2825000,2830000,5000,0,100.0,0.0
566,2830000,2835000,5000,0,100.0,0.0
567,2835000,2840000,3546,1454,70.92,29.08
568,2840000,2845000,5000,0,100.0,0.0
569,2845000,2850000,5000,0,100.0,0.0
570,2850000,2855000,5000,0,100.0,0.0
571,2855000,2860000,3691,1309,73.82,26.180000000000007
572,2860000,2865000,5000,0,100.0,0.0
573,2865000,2870000,5000,0,100.0,0.0
574,2870000,2875000,5000,0,100.0,0.0
575,2875000,2880000,4181,819,83.62,16.379999999999995
576,2880000,2885000,4418,582,88.36,11.64
577,2885000,2890000,5000,0,100.0,0.0
578,2890000,2895000,5000,0,100.0,0.0
579,2895000,2900000,4839,161,96.78,3.219999999999999
580,2900000,2905000,3838,1162,76.75999999999999,23.24000000000001
581,2905000,2910000,5000,0,100.0,0.0
582,2910000,2915000,5000,0,100.0,0.0
583,2915000,2920000,5000,0,100.0,0.0
584,2920000,2925000,3591,1409,71.82,28.180000000000007
585,2925000,2930000,5000,0,100.0,0.0
586,2930000,2935000,5000,0,100.0,0.0
587,2935000,2940000,5000,0,100.0,0.0
588,2940000,2945000,3558,1442,71.16,28.840000000000003
589,2945000,2950000,5000,0,100.0,0.0
590,2950000,2955000,5000,0,100.0,0.0
591,2955000,2960000,5000,0,100.0,0.0
592,2960000,2965000,5000,0,100.0,0.0
593,2965000,2970000,5000,0,100.0,0.0
594,2970000,2975000,5000,0,100.0,0.0
595,2975000,2980000,5000,0,100.0,0.0
596,2980000,2985000,5000,0,100.0,0.0
597,2985000,2990000,5000,0,100.0,0.0
598,2990000,2995000,5000,0,100.0,0.0
599,2995000,3000000,5000,0,100.0,0.0
600,3000000,3005000,5000,0,100.0,0.0
601,3005000,3010000,5000,0,100.0,0.0
602,3010000,3015000,5000,0,100.0,0.0
603,3015000,3020000,5000,0,100.0,0.0
604,3020000,3025000,5000,0,100.0,0.0
605,3025000,3030000,5000,0,100.0,0.0
606,3030000,3035000,5000,0,100.0,0.0
607,3035000,3040000,5000,0,100.0,0.0
608,3040000,3045000,5000,0,100.0,0.0
609,3045000,3050000,3629,1371,72.58,27.42
610,3050000,3055000,5000,0,100.0,0.0
611,3055000,3060000,5000,0,100.0,0.0
612,3060000,3065000,5000,0,100.0,0.0
613,3065000,3070000,3909,1091,78.18,21.819999999999993
614,3070000,3075000,4803,197,96.06,3.9399999999999977
615,3075000,3080000,5000,0,100.0,0.0
616,3080000,3085000,5000,0,100.0,0.0
617,3085000,3090000,4893,107,97.86,2.1400000000000006
618,3090000,3095000,3798,1202,75.96000000000001,24.039999999999992
619,3095000,3100000,5000,0,100.0,0.0
620,3100000,3105000,5000,0,100.0,0.0
621,3105000,3110000,5000,0,100.0,0.0
622,3110000,3115000,3690,1310,73.8,26.200000000000003
623,3115000,3120000,5000,0,100.0,0.0
624,3120000,3125000,5000,0,100.0,0.0
625,3125000,3130000,5000,0,100.0,0.0
626,3130000,3135000,3503,1497,70.06,29.939999999999998
627,3135000,3140000,5000,0,100.0,0.0
628,3140000,3145000,5000,0,100.0,0.0
629,3145000,3150000,5000,0,100.0,0.0
630,3150000,3155000,4635,365,92.7,7.299999999999997
631,3155000,3160000,4013,987,80.25999999999999,19.74000000000001
632,3160000,3165000,5000,0,100.0,0.0
633,3165000,3170000,5000,0,100.0,0.0
634,3170000,3175000,5000,0,100.0,0.0
635,3175000,3180000,3630,1370,72.6,27.400000000000006
636,3180000,3185000,5000,0,100.0,0.0
637,3185000,3190000,5000,0,100.0,0.0
638,3190000,3195000,5000,0,100.0,0.0
639,3195000,3200000,4889,111,97.78,2.219999999999999
640,3200000,3205000,3799,1201,75.98,24.019999999999996
641,3205000,3210000,5000,0,100.0,0.0
642,3210000,3215000,5000,0,100.0,0.0
643,3215000,3220000,5000,0,100.0,0.0
644,3220000,3225000,3628,1372,72.56,27.439999999999998
645,3225000,3230000,5000,0,100.0,0.0
646,3230000,3235000,5000,0,100.0,0.0
647,3235000,3240000,5000,0,100.0,0.0
648,3240000,3245000,3576,1424,71.52,28.480000000000004
649,3245000,3250000,5000,0,100.0,0.0
650,3250000,3255000,5000,0,100.0,0.0
651,3255000,3260000,5000,0,100.0,0.0
652,3260000,3265000,3726,1274,74.52,25.480000000000004
653,3265000,3270000,5000,0,100.0,0.0
654,3270000,3275000,5000,0,100.0,0.0
655,3275000,3280000,5000,0,100.0,0.0
656,3280000,3285000,4026,974,80.52,19.480000000000004
657,3285000,3290000,4562,438,91.24,8.760000000000005
658,3290000,3295000,5000,0,100.0,0.0
659,3295000,3300000,5000,0,100.0,0.0
660,3300000,3305000,4603,397,92.06,7.939999999999998
661,3305000,3310000,4086,914,81.72,18.28
662,3310000,3315000,5000,0,100.0,0.0
663,3315000,3320000,5000,0,100.0,0.0
664,3320000,3325000,4826,174,96.52,3.480000000000004
665,3325000,3330000,3879,1121,77.58,22.42
666,3330000,3335000,5000,0,100.0,0.0
667,3335000,3340000,5000,0,100.0,0.0
668,3340000,3345000,5000,0,100.0,0.0
669,3345000,3350000,3644,1356,72.88,27.120000000000005
670,3350000,3355000,5000,0,100.0,0.0
671,3355000,3360000,5000,0,100.0,0.0
672,3360000,3365000,5000,0,100.0,0.0
673,3365000,3370000,3712,1288,74.24,25.760000000000005
674,3370000,3375000,5000,0,100.0,0.0
675,3375000,3380000,5000,0,100.0,0.0
676,3380000,3385000,5000,0,100.0,0.0
677,3385000,3390000,3681,1319,73.61999999999999,26.38000000000001
678,3390000,3395000,5000,0,100.0,0.0
679,3395000,3400000,5000,0,100.0,0.0
680,3400000,3405000,5000,0,100.0,0.0
681,3405000,3410000,3601,1399,72.02,27.980000000000004
682,3410000,3415000,5000,0,100.0,0.0
683,3415000,3420000,5000,0,100.0,0.0
684,3420000,3425000,5000,0,100.0,0.0
685,3425000,3430000,5000,0,100.0,0.0
686,3430000,3435000,3545,1455,70.89999999999999,29.10000000000001
687,3435000,3440000,5000,0,100.0,0.0
688,3440000,3445000,5000,0,100.0,0.0
689,3445000,3450000,5000,0,100.0,0.0
690,3450000,3455000,3723,1277,74.46000000000001,25.539999999999992
691,3455000,3460000,5000,0,100.0,0.0
692,3460000,3465000,5000,0,100.0,0.0
693,3465000,3470000,5000,0,100.0,0.0
694,3470000,3475000,3706,1294,74.11999999999999,25.88000000000001
695,3475000,3480000,5000,0,100.0,0.0
696,3480000,3485000,5000,0,100.0,0.0
697,3485000,3490000,5000,0,100.0,0.0
698,3490000,3495000,3703,1297,74.06,25.939999999999998
699,3495000,3500000,4968,32,99.36,0.6400000000000006
700,3500000,3505000,5000,0,100.0,0.0
701,3505000,3510000,5000,0,100.0,0.0
702,3510000,3515000,4175,825,83.5,16.5
703,3515000,3520000,4441,559,88.82,11.180000000000007
704,3520000,3525000,5000,0,100.0,0.0
705,3525000,3530000,5000,0,100.0,0.0
706,3530000,3535000,4886,114,97.72,2.280000000000001
707,3535000,3540000,3848,1152,76.96,23.040000000000006
708,3540000,3545000,5000,0,100.0,0.0
709,3545000,3550000,5000,0,100.0,0.0
710,3550000,3555000,5000,0,100.0,0.0
711,3555000,3560000,3635,1365,72.7,27.299999999999997
712,3560000,3565000,5000,0,100.0,0.0
713,3565000,3570000,5000,0,100.0,0.0
714,3570000,3575000,5000,0,100.0,0.0
715,3575000,3580000,3686,1314,73.72,26.28
716,3580000,3585000,5000,0,100.0,0.0
717,3585000,3590000,5000,0,100.0,0.0
718,3590000,3595000,5000,0,100.0,0.0
719,3595000,3600000,3693,1307,73.86,26.14
720,3600000,3605000,4977,23,99.53999999999999,0.46000000000000796
721,3605000,3610000,5000,0,100.0,0.0
722,3610000,3615000,5000,0,100.0,0.0
723,3615000,3620000,5000,0,100.0,0.0
724,3620000,3625000,3643,1357,72.86,27.14
725,3625000,3630000,5000,0,100.0,0.0
726,3630000,3635000,5000,0,100.0,0.0
727,3635000,3640000,5000,0,100.0,0.0
728,3640000,3645000,3295,1705,65.9,34.099999999999994
729,3645000,3650000,5000,0,100.0,0.0
730,3650000,3655000,5000,0,100.0,0.0
731,3655000,3660000,5000,0,100.0,0.0
732,3660000,3665000,3762,1238,75.24,24.760000000000005
733,3665000,3670000,4968,32,99.36,0.6400000000000006
734,3670000,3675000,5000,0,100.0,0.0
735,3675000,3680000,5000,0,100.0,0.0
736,3680000,3685000,5000,0,100.0,0.0
737,3685000,3690000,3691,1309,73.82,26.180000000000007
738,3690000,3695000,5000,0,100.0,0.0
739,3695000,3700000,5000,0,100.0,0.0
740,3700000,3705000,5000,0,100.0,0.0
741,3705000,3710000,3706,1294,74.11999999999999,25.88000000000001
742,3710000,3715000,5000,0,100.0,0.0
743,3715000,3720000,5000,0,100.0,0.0
744,3720000,3725000,5000,0,100.0,0.0
745,3725000,3730000,5000,0,100.0,0.0
746,3730000,3735000,3699,1301,73.98,26.019999999999996
747,3735000,3740000,5000,0,100.0,0.0
748,3740000,3745000,5000,0,100.0,0.0
749,3745000,3750000,5000,0,100.0,0.0
750,3750000,3755000,3584,1416,71.67999999999999,28.320000000000007
751,3755000,3760000,5000,0,100.0,0.0
752,3760000,3765000,5000,0,100.0,0.0
753,3765000,3770000,5000,0,100.0,0.0
754,3770000,3775000,3696,1304,73.92,26.08
755,3775000,3780000,5000,0,100.0,0.0
756,3780000,3785000,5000,0,100.0,0.0
757,3785000,3790000,5000,0,100.0,0.0
758,3790000,3795000,3615,1385,72.3,27.700000000000003
759,3795000,3800000,5000,0,100.0,0.0
760,3800000,3805000,5000,0,100.0,0.0
761,3805000,3810000,5000,0,100.0,0.0
762,3810000,3815000,4765,235,95.3,4.700000000000003
763,3815000,3820000,3933,1067,78.66,21.340000000000003
764,3820000,3825000,5000,0,100.0,0.0
765,3825000,3830000,5000,0,100.0,0.0
766,3830000,3835000,5000,0,100.0,0.0
767,3835000,3840000,3561,1439,71.22,28.78
768,3840000,3845000,5000,0,100.0,0.0
769,3845000,3850000,5000,0,100.0,0.0
770,3850000,3855000,5000,0,100.0,0.0
771,3855000,3860000,3746,1254,74.92,25.08
772,3860000,3865000,5000,0,100.0,0.0
773,3865000,3870000,5000,0,100.0,0.0
774,3870000,3875000,5000,0,100.0,0.0
775,3875000,3880000,3634,1366,72.68,27.319999999999993
776,3880000,3885000,5000,0,100.0,0.0
777,3885000,3890000,5000,0,100.0,0.0
778,3890000,3895000,5000,0,100.0,0.0
779,3895000,3900000,4088,912,81.76,18.239999999999995
780,3900000,3905000,4466,534,89.32,10.680000000000007
781,3905000,3910000,5000,0,100.0,0.0
782,3910000,3915000,5000,0,100.0,0.0
783,3915000,3920000,5000,0,100.0,0.0
784,3920000,3925000,3584,1416,71.67999999999999,28.320000000000007
785,3925000,3930000,5000,0,100.0,0.0
786,3930000,3935000,5000,0,100.0,0.0
787,3935000,3940000,5000,0,100.0,0.0
788,3940000,3945000,3604,1396,72.08,27.92
789,3945000,3950000,5000,0,100.0,0.0
790,3950000,3955000,5000,0,100.0,0.0
791,3955000,3960000,5000,0,100.0,0.0
792,3960000,3965000,4129,871,82.58,17.42
793,3965000,3970000,4502,498,90.03999999999999,9.960000000000008
794,3970000,3975000,5000,0,100.0,0.0
795,3975000,3980000,5000,0,100.0,0.0
796,3980000,3985000,5000,0,100.0,0.0
797,3985000,3990000,5000,0,100.0,0.0
798,3990000,3995000,5000,0,100.0,0.0
799,3995000,4000000,5000,0,100.0,0.0
800,4000000,4005000,5000,0,100.0,0.0
801,4005000,4010000,5000,0,100.0,0.0
802,4010000,4015000,5000,0,100.0,0.0
803,4015000,4020000,5000,0,100.0,0.0
804,4020000,4025000,5000,0,100.0,0.0
805,4025000,4030000,5000,0,100.0,0.0
806,4030000,4035000,5000,0,100.0,0.0
807,4035000,4040000,5000,0,100.0,0.0
808,4040000,4045000,3567,1433,71.34,28.659999999999997
809,4045000,4050000,5000,0,100.0,0.0
810,4050000,4055000,5000,0,100.0,0.0
811,4055000,4060000,5000,0,100.0,0.0
812,4060000,4065000,4275,725,85.5,14.5
813,4065000,4070000,4345,655,86.9,13.099999999999994
814,4070000,4075000,5000,0,100.0,0.0
815,4075000,4080000,5000,0,100.0,0.0
816,4080000,4085000,5000,0,100.0,0.0
817,4085000,4090000,3549,1451,70.98,29.019999999999996
818,4090000,4095000,5000,0,100.0,0.0
819,4095000,4100000,5000,0,100.0,0.0
820,4100000,4105000,5000,0,100.0,0.0
821,4105000,4110000,3566,1434,71.32,28.680000000000007
822,4110000,4115000,5000,0,100.0,0.0
823,4115000,4120000,5000,0,100.0,0.0
824,4120000,4125000,5000,0,100.0,0.0
825,4125000,4130000,3629,1371,72.58,27.42
826,4130000,4135000,5000,0,100.0,0.0
827,4135000,4140000,5000,0,100.0,0.0
828,4140000,4145000,5000,0,100.0,0.0
829,4145000,4150000,3774,1226,75.48,24.519999999999996
830,4150000,4155000,4915,85,98.3,1.7000000000000028
831,4155000,4160000,5000,0,100.0,0.0
832,4160000,4165000,5000,0,100.0,0.0
833,4165000,4170000,4846,154,96.92,3.0799999999999983
834,4170000,4175000,3840,1160,76.8,23.200000000000003
835,4175000,4180000,5000,0,100.0,0.0
836,4180000,4185000,5000,0,100.0,0.0
837,4185000,4190000,5000,0,100.0,0.0
838,4190000,4195000,3679,1321,73.58,26.42
839,4195000,4200000,5000,0,100.0,0.0
840,4200000,4205000,5000,0,100.0,0.0
841,4205000,4210000,5000,0,100.0,0.0
842,4210000,4215000,4754,246,95.08,4.920000000000002
843,4215000,4220000,3917,1083,78.34,21.659999999999997
844,4220000,4225000,5000,0,100.0,0.0
845,4225000,4230000,5000,0,100.0,0.0
846,4230000,4235000,5000,0,100.0,0.0
847,4235000,4240000,3652,1348,73.04,26.959999999999994
848,4240000,4245000,5000,0,100.0,0.0
849,4245000,4250000,5000,0,100.0,0.0
850,4250000,4255000,5000,0,100.0,0.0
851,4255000,4260000,3619,1381,72.38,27.620000000000005
852,4260000,4265000,5000,0,100.0,0.0
853,4265000,4270000,5000,0,100.0,0.0
854,4270000,4275000,5000,0,100.0,0.0
855,4275000,4280000,3565,1435,71.3,28.700000000000003
856,4280000,4285000,5000,0,100.0,0.0
857,4285000,4290000,5000,0,100.0,0.0
858,4290000,4295000,5000,0,100.0,0.0
859,4295000,4300000,4074,926,81.47999999999999,18.52000000000001
860,4300000,4305000,4572,428,91.44,8.560000000000002
861,4305000,4310000,5000,0,100.0,0.0
862,4310000,4315000,5000,0,100.0,0.0
863,4315000,4320000,4519,481,90.38000000000001,9.61999999999999
864,4320000,4325000,4205,795,84.1,15.900000000000006
865,4325000,4330000,5000,0,100.0,0.0
866,4330000,4335000,5000,0,100.0,0.0
867,4335000,4340000,4956,44,99.11999999999999,0.8800000000000097
868,4340000,4345000,3767,1233,75.33999999999999,24.66000000000001
869,4345000,4350000,5000,0,100.0,0.0
870,4350000,4355000,5000,0,100.0,0.0
871,4355000,4360000,5000,0,100.0,0.0
872,4360000,4365000,3559,1441,71.17999999999999,28.820000000000007
873,4365000,4370000,5000,0,100.0,0.0
874,4370000,4375000,5000,0,100.0,0.0
875,4375000,4380000,5000,0,100.0,0.0
876,4380000,4385000,4186,814,83.72,16.28
877,4385000,4390000,4425,575,88.5,11.5
878,4390000,4395000,5000,0,100.0,0.0
879,4395000,4400000,5000,0,100.0,0.0
880,4400000,4405000,5000,0,100.0,0.0
881,4405000,4410000,3679,1321,73.58,26.42
882,4410000,4415000,5000,0,100.0,0.0
883,4415000,4420000,5000,0,100.0,0.0
884,4420000,4425000,5000,0,100.0,0.0
885,4425000,4430000,3595,1405,71.89999999999999,28.10000000000001
886,4430000,4435000,5000,0,100.0,0.0
887,4435000,4440000,5000,0,100.0,0.0
888,4440000,4445000,5000,0,100.0,0.0
889,4445000,4450000,3594,1406,71.88,28.120000000000005
890,4450000,4455000,5000,0,100.0,0.0
891,4455000,4460000,5000,0,100.0,0.0
892,4460000,4465000,5000,0,100.0,0.0
893,4465000,4470000,3494,1506,69.88,30.120000000000005
894,4470000,4475000,5000,0,100.0,0.0
895,4475000,4480000,5000,0,100.0,0.0
896,4480000,4485000,5000,0,100.0,0.0
897,4485000,4490000,4908,92,98.16,1.8400000000000034
898,4490000,4495000,3273,1727,65.46,34.540000000000006
899,4495000,4500000,5000,0,100.0,0.0
900,4500000,4505000,5000,0,100.0,0.0
901,4505000,4510000,5000,0,100.0,0.0
902,4510000,4515000,3705,1295,74.1,25.900000000000006
903,4515000,4520000,5000,0,100.0,0.0
904,4520000,4525000,5000,0,100.0,0.0
905,4525000,4530000,5000,0,100.0,0.0
906,4530000,4535000,3620,1380,72.39999999999999,27.60000000000001
907,4535000,4540000,5000,0,100.0,0.0
908,4540000,4545000,5000,0,100.0,0.0
909,4545000,4550000,5000,0,100.0,0.0
910,4550000,4555000,3720,1280,74.4,25.599999999999994
911,4555000,4560000,5000,0,100.0,0.0
912,4560000,4565000,5000,0,100.0,0.0
913,4565000,4570000,5000,0,100.0,0.0
914,4570000,4575000,3611,1389,72.22,27.78
915,4575000,4580000,5000,0,100.0,0.0
916,4580000,4585000,5000,0,100.0,0.0
917,4585000,4590000,5000,0,100.0,0.0
918,4590000,4595000,4037,963,80.74,19.260000000000005
919,4595000,4600000,4576,424,91.52,8.480000000000004
920,4600000,4605000,5000,0,100.0,0.0
921,4605000,4610000,5000,0,100.0,0.0
922,4610000,4615000,4844,156,96.88,3.1200000000000045
923,4615000,4620000,3817,1183,76.34,23.659999999999997
924,4620000,4625000,5000,0,100.0,0.0
925,4625000,4630000,5000,0,100.0,0.0
926,4630000,4635000,5000,0,100.0,0.0
927,4635000,4640000,3703,1297,74.06,25.939999999999998
928,4640000,4645000,5000,0,100.0,0.0
929,4645000,4650000,5000,0,100.0,0.0
930,4650000,4655000,5000,0,100.0,0.0
931,4655000,4660000,4110,890,82.19999999999999,17.80000000000001
932,4660000,4665000,4238,762,84.76,15.239999999999995
933,4665000,4670000,5000,0,100.0,0.0
934,4670000,4675000,5000,0,100.0,0.0
935,4675000,4680000,5000,0,100.0,0.0
936,4680000,4685000,3648,1352,72.96000000000001,27.039999999999992
937,4685000,4690000,5000,0,100.0,0.0
938,4690000,4695000,5000,0,100.0,0.0
939,4695000,4700000,5000,0,100.0,0.0
940,4700000,4705000,4126,874,82.52000000000001,17.47999999999999
941,4705000,4710000,4428,572,88.56,11.439999999999998
942,4710000,4715000,5000,0,100.0,0.0
943,4715000,4720000,5000,0,100.0,0.0
944,4720000,4725000,5000,0,100.0,0.0
945,4725000,4730000,3670,1330,73.4,26.599999999999994
946,4730000,4735000,5000,0,100.0,0.0
947,4735000,4740000,5000,0,100.0,0.0
948,4740000,4745000,5000,0,100.0,0.0
949,4745000,4750000,3612,1388,72.24000000000001,27.75999999999999
950,4750000,4755000,5000,0,100.0,0.0
951,4755000,4760000,5000,0,100.0,0.0
952,4760000,4765000,5000,0,100.0,0.0
953,4765000,4770000,3534,1466,70.67999999999999,29.320000000000007
954,4770000,4775000,5000,0,100.0,0.0
955,4775000,4780000,5000,0,100.0,0.0
956,4780000,4785000,5000,0,100.0,0.0
957,4785000,4790000,5000,0,100.0,0.0
958,4790000,4795000,3657,1343,73.14,26.86
959,4795000,4800000,5000,0,100.0,0.0
960,4800000,4805000,5000,0,100.0,0.0
961,4805000,4810000,5000,0,100.0,0.0
962,4810000,4815000,3657,1343,73.14,26.86
963,4815000,4820000,5000,0,100.0,0.0
964,4820000,4825000,5000,0,100.0,0.0
965,4825000,4830000,5000,0,100.0,0.0
966,4830000,4835000,3809,1191,76.18,23.819999999999993
967,4835000,4840000,4883,117,97.66,2.3400000000000034
968,4840000,4845000,5000,0,100.0,0.0
969,4845000,4850000,5000,0,100.0,0.0
970,4850000,4855000,4381,619,87.62,12.379999999999995
971,4855000,4860000,4227,773,84.54,15.459999999999994
972,4860000,4865000,5000,0,100.0,0.0
973,4865000,4870000,5000,0,100.0,0.0
974,4870000,4875000,5000,0,100.0,0.0
975,4875000,4880000,3710,1290,74.2,25.799999999999997
976,4880000,4885000,5000,0,100.0,0.0
977,4885000,4890000,5000,0,100.0,0.0
978,4890000,4895000,5000,0,100.0,0.0
979,4895000,4900000,3507,1493,70.14,29.86
980,4900000,4905000,5000,0,100.0,0.0
981,4905000,4910000,5000,0,100.0,0.0
982,4910000,4915000,5000,0,100.0,0.0
983,4915000,4920000,3601,1399,72.02,27.980000000000004
984,4920000,4925000,5000,0,100.0,0.0
985,4925000,4930000,5000,0,100.0,0.0
986,4930000,4935000,5000,0,100.0,0.0
987,4935000,4940000,4093,907,81.86,18.14
988,4940000,4945000,4322,678,86.44,13.560000000000002
989,4945000,4950000,5000,0,100.0,0.0
990,4950000,4955000,5000,0,100.0,0.0
991,4955000,4960000,5000,0,100.0,0.0
992,4960000,4965000,3572,1428,71.44,28.560000000000002
993,4965000,4970000,5000,0,100.0,0.0
994,4970000,4975000,5000,0,100.0,0.0
995,4975000,4980000,5000,0,100.0,0.0
996,4980000,4985000,3716,1284,74.32,25.680000000000007
997,4985000,4990000,5000,0,100.0,0.0
998,4990000,4995000,5000,0,100.0,0.0
999,4995000,5000000,5000,0,100.0,0.0
1000,5000000,5005000,5000,0,100.0,0.0
1001,5005000,5010000,5000,0,100.0,0.0
1002,5010000,5015000,5000,0,100.0,0.0
1003,5015000,5020000,5000,0,100.0,0.0
1004,5020000,5025000,5000,0,100.0,0.0
1005,5025000,5030000,5000,0,100.0,0.0
1006,5030000,5035000,5000,0,100.0,0.0
1007,5035000,5040000,5000,0,100.0,0.0
1008,5040000,5045000,5000,0,100.0,0.0
1009,5045000,5050000,5000,0,100.0,0.0
1010,5050000,5055000,3439,1561,68.78,31.22
1011,5055000,5060000,5000,0,100.0,0.0
1012,5060000,5065000,5000,0,100.0,0.0
1013,5065000,5070000,5000,0,100.0,0.0
1014,5070000,5075000,3561,1439,71.22,28.78
1015,5075000,5080000,5000,0,100.0,0.0
1016,5080000,5085000,5000,0,100.0,0.0
1017,5085000,5090000,5000,0,100.0,0.0
1018,5090000,5095000,3634,1366,72.68,27.319999999999993
1019,5095000,5100000,5000,0,100.0,0.0
1020,5100000,5105000,5000,0,100.0,0.0
1021,5105000,5110000,5000,0,100.0,0.0
1022,5110000,5115000,3904,1096,78.08,21.92
1023,5115000,5120000,4779,221,95.58,4.420000000000002
1024,5120000,5125000,5000,0,100.0,0.0
1025,5125000,5130000,5000,0,100.0,0.0
1026,5130000,5135000,4306,694,86.11999999999999,13.88000000000001
1027,5135000,5140000,4301,699,86.02,13.980000000000004
1028,5140000,5145000,5000,0,100.0,0.0
1029,5145000,5150000,5000,0,100.0,0.0
1030,5150000,5155000,4894,106,97.88,2.1200000000000045
1031,5155000,5160000,3816,1184,76.32,23.680000000000007
1032,5160000,5165000,5000,0,100.0,0.0
1033,5165000,5170000,5000,0,100.0,0.0
1034,5170000,5175000,5000,0,100.0,0.0
1035,5175000,5180000,3622,1378,72.44,27.560000000000002
1036,5180000,5185000,5000,0,100.0,0.0
1037,5185000,5190000,5000,0,100.0,0.0
1038,5190000,5195000,5000,0,100.0,0.0
1039,5195000,5200000,5000,0,100.0,0.0
1040,5200000,5205000,3591,1409,71.82,28.180000000000007
1041,5205000,5210000,5000,0,100.0,0.0
1042,5210000,5215000,5000,0,100.0,0.0
1043,5215000,5220000,5000,0,100.0,0.0
1044,5220000,5225000,3896,1104,77.92,22.08
1045,5225000,5230000,5000,0,100.0,0.0
1046,5230000,5235000,5000,0,100.0,0.0
1047,5235000,5240000,5000,0,100.0,0.0
1048,5240000,5245000,3787,1213,75.74,24.260000000000005
1049,5245000,5250000,5000,0,100.0,0.0
1050,5250000,5255000,5000,0,100.0,0.0
1051,5255000,5260000,3876,1124,77.52,22.480000000000004
1052,5260000,5265000,5000,0,100.0,0.0
1053,5265000,5270000,5000,0,100.0,0.0
1054,5270000,5275000,5000,0,100.0,0.0
1055,5275000,5280000,3795,1205,75.9,24.099999999999994
1056,5280000,5285000,5000,0,100.0,0.0
1057,5285000,5290000,5000,0,100.0,0.0
1058,5290000,5295000,3873,1127,77.46,22.540000000000006
1059,5295000,5300000,5000,0,100.0,0.0
1060,5300000,5305000,5000,0,100.0,0.0
1061,5305000,5310000,5000,0,100.0,0.0
1062,5310000,5315000,3667,1333,73.34,26.659999999999997
1063,5315000,5320000,5000,0,100.0,0.0
1064,5320000,5325000,5000,0,100.0,0.0
1065,5325000,5330000,4502,498,90.03999999999999,9.960000000000008
1066,5330000,5335000,4360,640,87.2,12.799999999999997
1067,5335000,5340000,5000,0,100.0,0.0
1068,5340000,5345000,5000,0,100.0,0.0
1069,5345000,5350000,3806,1194,76.12,23.879999999999995
1070,5350000,5355000,5000,0,100.0,0.0
1071,5355000,5360000,5000,0,100.0,0.0
1072,5360000,5365000,4795,205,95.89999999999999,4.1000000000000085
1073,5365000,5370000,4070,930,81.39999999999999,18.60000000000001
1074,5370000,5375000,5000,0,100.0,0.0
1075,5375000,5380000,5000,0,100.0,0.0
1076,5380000,5385000,3685,1315,73.7,26.299999999999997
1077,5385000,5390000,5000,0,100.0,0.0
1078,5390000,5395000,5000,0,100.0,0.0
1079,5395000,5400000,4866,134,97.32,2.680000000000007
1080,5400000,5405000,4030,970,80.60000000000001,19.39999999999999
1081,5405000,5410000,5000,0,100.0,0.0
1082,5410000,5415000,5000,0,100.0,0.0
1083,5415000,5420000,3991,1009,79.82000000000001,20.179999999999993
1084,5420000,5425000,4887,113,97.74000000000001,2.259999999999991
1085,5425000,5430000,5000,0,100.0,0.0
1086,5430000,5435000,5000,0,100.0,0.0
1087,5435000,5440000,3812,1188,76.24,23.760000000000005
1088,5440000,5445000,5000,0,100.0,0.0
1089,5445000,5450000,5000,0,100.0,0.0
1090,5450000,5455000,5000,0,100.0,0.0
1091,5455000,5460000,3485,1515,69.69999999999999,30.30000000000001
1092,5460000,5465000,5000,0,100.0,0.0
1093,5465000,5470000,5000,0,100.0,0.0
1094,5470000,5475000,5000,0,100.0,0.0
1095,5475000,5480000,3769,1231,75.38,24.620000000000005
1096,5480000,5485000,5000,0,100.0,0.0
1097,5485000,5490000,5000,0,100.0,0.0
1098,5490000,5495000,5000,0,100.0,0.0
1099,5495000,5500000,3821,1179,76.42,23.58
1100,5500000,5505000,5000,0,100.0,0.0
1101,5505000,5510000,5000,0,100.0,0.0
1102,5510000,5515000,5000,0,100.0,0.0
1103,5515000,5520000,3906,1094,78.12,21.879999999999995
1104,5520000,5525000,5000,0,100.0,0.0
1105,5525000,5530000,5000,0,100.0,0.0
1106,5530000,5535000,5000,0,100.0,0.0
1107,5535000,5540000,3744,1256,74.88,25.120000000000005
1108,5540000,5545000,5000,0,100.0,0.0
1109,5545000,5550000,5000,0,100.0,0.0
1110,5550000,5555000,5000,0,100.0,0.0
1111,5555000,5560000,3803,1197,76.06,23.939999999999998
1112,5560000,5565000,5000,0,100.0,0.0
1113,5565000,5570000,5000,0,100.0,0.0
1114,5570000,5575000,5000,0,100.0,0.0
1115,5575000,5580000,3860,1140,77.2,22.799999999999997
1116,5580000,5585000,5000,0,100.0,0.0
1117,5585000,5590000,5000,0,100.0,0.0
1118,5590000,5595000,4219,781,84.38,15.620000000000005
1119,5595000,5600000,4541,459,90.82000000000001,9.179999999999993
1120,5600000,5605000,5000,0,100.0,0.0
1121,5605000,5610000,5000,0,100.0,0.0
1122,5610000,5615000,3877,1123,77.53999999999999,22.460000000000008
1123,5615000,5620000,4895,105,97.89999999999999,2.1000000000000085
1124,5620000,5625000,5000,0,100.0,0.0
1125,5625000,5630000,5000,0,100.0,0.0
1126,5630000,5635000,3812,1188,76.24,23.760000000000005
1127,5635000,5640000,5000,0,100.0,0.0
1128,5640000,5645000,5000,0,100.0,0.0
1129,5645000,5650000,5000,0,100.0,0.0
1130,5650000,5655000,3726,1274,74.52,25.480000000000004
1131,5655000,5660000,5000,0,100.0,0.0
1132,5660000,5665000,5000,0,100.0,0.0
1133,5665000,5670000,4041,959,80.82000000000001,19.179999999999993
1134,5670000,5675000,4840,160,96.8,3.200000000000003
1135,5675000,5680000,5000,0,100.0,0.0
1136,5680000,5685000,5000,0,100.0,0.0
1137,5685000,5690000,3907,1093,78.14,21.86
1138,5690000,5695000,5000,0,100.0,0.0
1139,5695000,5700000,5000,0,100.0,0.0
1140,5700000,5705000,5000,0,100.0,0.0
1141,5705000,5710000,3463,1537,69.26,30.739999999999995
1142,5710000,5715000,5000,0,100.0,0.0
1143,5715000,5720000,5000,0,100.0,0.0
1144,5720000,5725000,3836,1164,76.72,23.28
1145,5725000,5730000,4824,176,96.48,3.519999999999996
1146,5730000,5735000,5000,0,100.0,0.0
1147,5735000,5740000,5000,0,100.0,0.0
1148,5740000,5745000,3862,1138,77.24,22.760000000000005
1149,5745000,5750000,5000,0,100.0,0.0
1150,5750000,5755000,5000,0,100.0,0.0
1151,5755000,5760000,4205,795,84.1,15.900000000000006
1152,5760000,5765000,4610,390,92.2,7.799999999999997
1153,5765000,5770000,5000,0,100.0,0.0
1154,5770000,5775000,5000,0,100.0,0.0
1155,5775000,5780000,3879,1121,77.58,22.42
1156,5780000,5785000,5000,0,100.0,0.0
1157,5785000,5790000,5000,0,100.0,0.0
1158,5790000,5795000,5000,0,100.0,0.0
1159,5795000,5800000,3869,1131,77.38000000000001,22.61999999999999
1160,5800000,5805000,5000,0,100.0,0.0
1161,5805000,5810000,5000,0,100.0,0.0
1162,5810000,5815000,5000,0,100.0,0.0
1163,5815000,5820000,3897,1103,77.94,22.060000000000002
1164,5820000,5825000,5000,0,100.0,0.0
1165,5825000,5830000,5000,0,100.0,0.0
1166,5830000,5835000,3899,1101,77.98,22.019999999999996
1167,5835000,5840000,5000,0,100.0,0.0
1168,5840000,5845000,5000,0,100.0,0.0
1169,5845000,5850000,5000,0,100.0,0.0
1170,5850000,5855000,3705,1295,74.1,25.900000000000006
1171,5855000,5860000,5000,0,100.0,0.0
1172,5860000,5865000,5000,0,100.0,0.0
1173,5865000,5870000,4194,806,83.88,16.120000000000005
1174,5870000,5875000,4706,294,94.12,5.8799999999999955
1175,5875000,5880000,5000,0,100.0,0.0
1176,5880000,5885000,5000,0,100.0,0.0
1177,5885000,5890000,3737,1263,74.74,25.260000000000005
1178,5890000,5895000,5000,0,100.0,0.0
1179,5895000,5900000,5000,0,100.0,0.0
1180,5900000,5905000,4482,518,89.64,10.36
1181,5905000,5910000,4424,576,88.48,11.519999999999996
1182,5910000,5915000,5000,0,100.0,0.0
1183,5915000,5920000,5000,0,100.0,0.0
1184,5920000,5925000,3898,1102,77.96,22.040000000000006
1185,5925000,5930000,5000,0,100.0,0.0
1186,5930000,5935000,5000,0,100.0,0.0
1187,5935000,5940000,5000,0,100.0,0.0
1188,5940000,5945000,3798,1202,75.96000000000001,24.039999999999992
1189,5945000,5950000,5000,0,100.0,0.0
1190,5950000,5955000,5000,0,100.0,0.0
1191,5955000,5960000,3811,1189,76.22,23.78
1192,5960000,5965000,5000,0,100.0,0.0
1193,5965000,5970000,5000,0,100.0,0.0
1194,5970000,5975000,5000,0,100.0,0.0
1195,5975000,5980000,3671,1329,73.42,26.58
1196,5980000,5985000,5000,0,100.0,0.0
1197,5985000,5990000,5000,0,100.0,0.0
1198,5990000,5995000,5000,0,100.0,0.0
1199,5995000,6000000,5000,0,100.0,0.0
1200,6000000,6005000,5000,0,100.0,0.0
1201,6005000,6010000,5000,0,100.0,0.0
1202,6010000,6015000,5000,0,100.0,0.0
1203,6015000,6020000,5000,0,100.0,0.0
1204,6020000,6025000,5000,0,100.0,0.0
1205,6025000,6030000,5000,0,100.0,0.0
1206,6030000,6035000,5000,0,100.0,0.0
1207,6035000,6040000,5000,0,100.0,0.0
1208,6040000,6045000,5000,0,100.0,0.0
1209,6045000,6050000,5000,0,100.0,0.0
1210,6050000,6055000,5000,0,100.0,0.0
1211,6055000,6060000,3799,1201,75.98,24.019999999999996
1212,6060000,6065000,5000,0,100.0,0.0
1213,6065000,6070000,5000,0,100.0,0.0
1214,6070000,6075000,4202,798,84.04,15.959999999999994
1215,6075000,6080000,4538,462,90.75999999999999,9.240000000000009
1216,6080000,6085000,5000,0,100.0,0.0
1217,6085000,6090000,5000,0,100.0,0.0
1218,6090000,6095000,3810,1190,76.2,23.799999999999997
1219,6095000,6100000,5000,0,100.0,0.0
1220,6100000,6105000,5000,0,100.0,0.0
1221,6105000,6110000,5000,0,100.0,0.0
1222,6110000,6115000,3917,1083,78.34,21.659999999999997
1223,6115000,6120000,5000,0,100.0,0.0
1224,6120000,6125000,5000,0,100.0,0.0
1225,6125000,6130000,5000,0,100.0,0.0
1226,6130000,6135000,3720,1280,74.4,25.599999999999994
1227,6135000,6140000,5000,0,100.0,0.0
1228,6140000,6145000,5000,0,100.0,0.0
1229,6145000,6150000,3971,1029,79.42,20.58
1230,6150000,6155000,4863,137,97.26,2.739999999999995
1231,6155000,6160000,5000,0,100.0,0.0
1232,6160000,6165000,5000,0,100.0,0.0
1233,6165000,6170000,3805,1195,76.1,23.900000000000006
1234,6170000,6175000,5000,0,100.0,0.0
1235,6175000,6180000,5000,0,100.0,0.0
1236,6180000,6185000,5000,0,100.0,0.0
1237,6185000,6190000,4085,915,81.69999999999999,18.30000000000001
1238,6190000,6195000,4236,764,84.72,15.280000000000001
1239,6195000,6200000,5000,0,100.0,0.0
1240,6200000,6205000,5000,0,100.0,0.0
1241,6205000,6210000,5000,0,100.0,0.0
1242,6210000,6215000,5000,0,100.0,0.0
1243,6215000,6220000,3565,1435,71.3,28.700000000000003
1244,6220000,6225000,5000,0,100.0,0.0
1245,6225000,6230000,5000,0,100.0,0.0
1246,6230000,6235000,5000,0,100.0,0.0
1247,6235000,6240000,4600,400,92.0,8.0
1248,6240000,6245000,4091,909,81.82000000000001,18.179999999999993
1249,6245000,6250000,5000,0,100.0,0.0
1250,6250000,6255000,5000,0,100.0,0.0
1251,6255000,6260000,5000,0,100.0,0.0
1252,6260000,6265000,3672,1328,73.44000000000001,26.559999999999988
1253,6265000,6270000,5000,0,100.0,0.0
1254,6270000,6275000,5000,0,100.0,0.0
1255,6275000,6280000,5000,0,100.0,0.0
1256,6280000,6285000,5000,0,100.0,0.0
1257,6285000,6290000,3602,1398,72.04,27.959999999999994
1258,6290000,6295000,5000,0,100.0,0.0
1259,6295000,6300000,5000,0,100.0,0.0
1260,6300000,6305000,5000,0,100.0,0.0
1261,6305000,6310000,4956,44,99.11999999999999,0.8800000000000097
1262,6310000,6315000,3603,1397,72.06,27.939999999999998
1263,6315000,6320000,5000,0,100.0,0.0
1264,6320000,6325000,5000,0,100.0,0.0
1265,6325000,6330000,5000,0,100.0,0.0
1266,6330000,6335000,3677,1323,73.54,26.459999999999994
1267,6335000,6340000,5000,0,100.0,0.0
1268,6340000,6345000,5000,0,100.0,0.0
1269,6345000,6350000,5000,0,100.0,0.0
1270,6350000,6355000,3436,1564,68.72,31.28
1271,6355000,6360000,5000,0,100.0,0.0
1272,6360000,6365000,5000,0,100.0,0.0
1273,6365000,6370000,5000,0,100.0,0.0
1274,6370000,6375000,4168,832,83.36,16.64
1275,6375000,6380000,4442,558,88.84,11.159999999999997
1276,6380000,6385000,5000,0,100.0,0.0
1277,6385000,6390000,5000,0,100.0,0.0
1278,6390000,6395000,5000,0,100.0,0.0
1279,6395000,6400000,3621,1379,72.42,27.58
1280,6400000,6405000,5000,0,100.0,0.0
1281,6405000,6410000,5000,0,100.0,0.0
1282,6410000,6415000,5000,0,100.0,0.0
1283,6415000,6420000,3643,1357,72.86,27.14
1284,6420000,6425000,5000,0,100.0,0.0
1285,6425000,6430000,5000,0,100.0,0.0
1286,6430000,6435000,5000,0,100.0,0.0
1287,6435000,6440000,3694,1306,73.88,26.120000000000005
1288,6440000,6445000,5000,0,100.0,0.0
1289,6445000,6450000,5000,0,100.0,0.0
1290,6450000,6455000,5000,0,100.0,0.0
1291,6455000,6460000,5000,0,100.0,0.0
1292,6460000,6465000,3221,1779,64.42,35.58
1293,6465000,6470000,5000,0,100.0,0.0
1294,6470000,6475000,5000,0,100.0,0.0
1295,6475000,6480000,5000,0,100.0,0.0
1296,6480000,6485000,4290,710,85.8,14.200000000000003
1297,6485000,6490000,4205,795,84.1,15.900000000000006
1298,6490000,6495000,5000,0,100.0,0.0
1299,6495000,6500000,5000,0,100.0,0.0
1300,6500000,6505000,5000,0,100.0,0.0
1301,6505000,6510000,3611,1389,72.22,27.78
1302,6510000,6515000,5000,0,100.0,0.0
1303,6515000,6520000,5000,0,100.0,0.0
1304,6520000,6525000,5000,0,100.0,0.0
1305,6525000,6530000,5000,0,100.0,0.0
1306,6530000,6535000,3009,1991,60.18,39.82
1307,6535000,6540000,5000,0,100.0,0.0
1308,6540000,6545000,5000,0,100.0,0.0
1309,6545000,6550000,5000,0,100.0,0.0
1310,6550000,6555000,3557,1443,71.14,28.86
1311,6555000,6560000,5000,0,100.0,0.0
1312,6560000,6565000,5000,0,100.0,0.0
1313,6565000,6570000,5000,0,100.0,0.0
1314,6570000,6575000,5000,0,100.0,0.0
1315,6575000,6580000,3686,1314,73.72,26.28
1316,6580000,6585000,5000,0,100.0,0.0
1317,6585000,6590000,5000,0,100.0,0.0
1318,6590000,6595000,5000,0,100.0,0.0
1319,6595000,6600000,3629,1371,72.58,27.42
1320,6600000,6605000,5000,0,100.0,0.0
1321,6605000,6610000,5000,0,100.0,0.0
1322,6610000,6615000,5000,0,100.0,0.0
1323,6615000,6620000,4176,824,83.52000000000001,16.47999999999999
1324,6620000,6625000,4413,587,88.26,11.739999999999995
1325,6625000,6630000,5000,0,100.0,0.0
1326,6630000,6635000,5000,0,100.0,0.0
1327,6635000,6640000,5000,0,100.0,0.0
1328,6640000,6645000,3636,1364,72.72,27.28
1329,6645000,6650000,5000,0,100.0,0.0
1330,6650000,6655000,5000,0,100.0,0.0
1331,6655000,6660000,5000,0,100.0,0.0
1332,6660000,6665000,3460,1540,69.19999999999999,30.80000000000001
1333,6665000,6670000,5000,0,100.0,0.0
1334,6670000,6675000,5000,0,100.0,0.0
1335,6675000,6680000,5000,0,100.0,0.0
1336,6680000,6685000,5000,0,100.0,0.0
1337,6685000,6690000,3405,1595,68.10000000000001,31.89999999999999
1338,6690000,6695000,5000,0,100.0,0.0
1339,6695000,6700000,5000,0,100.0,0.0
1340,6700000,6705000,5000,0,100.0,0.0
1341,6705000,6710000,4737,263,94.74000000000001,5.259999999999991
1342,6710000,6715000,3917,1083,78.34,21.659999999999997
1343,6715000,6720000,5000,0,100.0,0.0
1344,6720000,6725000,5000,0,100.0,0.0
1345,6725000,6730000,5000,0,100.0,0.0
1346,6730000,6735000,3626,1374,72.52,27.480000000000004
1347,6735000,6740000,5000,0,100.0,0.0
1348,6740000,6745000,5000,0,100.0,0.0
1349,6745000,6750000,5000,0,100.0,0.0
1350,6750000,6755000,3607,1393,72.14,27.86
1351,6755000,6760000,5000,0,100.0,0.0
1352,6760000,6765000,5000,0,100.0,0.0
1353,6765000,6770000,5000,0,100.0,0.0
1354,6770000,6775000,3989,1011,79.78,20.22
1355,6775000,6780000,4584,416,91.67999999999999,8.320000000000007
1356,6780000,6785000,5000,0,100.0,0.0
1357,6785000,6790000,5000,0,100.0,0.0
1358,6790000,6795000,4639,361,92.78,7.219999999999999
1359,6795000,6800000,4018,982,80.36,19.64
1360,6800000,6805000,5000,0,100.0,0.0
1361,6805000,6810000,5000,0,100.0,0.0
1362,6810000,6815000,5000,0,100.0,0.0
1363,6815000,6820000,3690,1310,73.8,26.200000000000003
1364,6820000,6825000,5000,0,100.0,0.0
1365,6825000,6830000,5000,0,100.0,0.0
1366,6830000,6835000,5000,0,100.0,0.0
1367,6835000,6840000,3698,1302,73.96000000000001,26.039999999999992
1368,6840000,6845000,5000,0,100.0,0.0
1369,6845000,6850000,5000,0,100.0,0.0
1370,6850000,6855000,5000,0,100.0,0.0
1371,6855000,6860000,3581,1419,71.61999999999999,28.38000000000001
1372,6860000,6865000,5000,0,100.0,0.0
1373,6865000,6870000,5000,0,100.0,0.0
1374,6870000,6875000,5000,0,100.0,0.0
1375,6875000,6880000,3787,1213,75.74,24.260000000000005
1376,6880000,6885000,4927,73,98.54,1.4599999999999937
1377,6885000,6890000,5000,0,100.0,0.0
1378,6890000,6895000,5000,0,100.0,0.0
1379,6895000,6900000,4240,760,84.8,15.200000000000003
1380,6900000,6905000,4372,628,87.44,12.560000000000002
1381,6905000,6910000,5000,0,100.0,0.0
1382,6910000,6915000,5000,0,100.0,0.0
1383,6915000,6920000,4975,25,99.5,0.5
1384,6920000,6925000,3594,1406,71.88,28.120000000000005
1385,6925000,6930000,5000,0,100.0,0.0
1386,6930000,6935000,5000,0,100.0,0.0
1387,6935000,6940000,5000,0,100.0,0.0
1388,6940000,6945000,3648,1352,72.96000000000001,27.039999999999992
1389,6945000,6950000,5000,0,100.0,0.0
1390,6950000,6955000,5000,0,100.0,0.0
1391,6955000,6960000,5000,0,100.0,0.0
1392,6960000,6965000,3618,1382,72.36,27.64
1393,6965000,6970000,5000,0,100.0,0.0
1394,6970000,6975000,5000,0,100.0,0.0
1395,6975000,6980000,5000,0,100.0,0.0
1396,6980000,6985000,3700,1300,74.0,26.0
1397,6985000,6990000,5000,0,100.0,0.0
1398,6990000,6995000,5000,0,100.0,0.0
1399,6995000,7000000,5000,0,100.0,0.0
1400,7000000,7005000,5000,0,100.0,0.0
1401,7005000,7010000,5000,0,100.0,0.0
1402,7010000,7015000,5000,0,100.0,0.0
1403,7015000,7020000,5000,0,100.0,0.0
1404,7020000,7025000,5000,0,100.0,0.0
1405,7025000,7030000,5000,0,100.0,0.0
1406,7030000,7035000,5000,0,100.0,0.0
1407,7035000,7040000,5000,0,100.0,0.0
1408,7040000,7045000,5000,0,100.0,0.0
1409,7045000,7050000,5000,0,100.0,0.0
1410,7050000,7055000,5000,0,100.0,0.0
1411,7055000,7060000,3564,1436,71.28,28.72
1412,7060000,7065000,5000,0,100.0,0.0
1413,7065000,7070000,5000,0,100.0,0.0
1414,7070000,7075000,5000,0,100.0,0.0
1415,7075000,7080000,3585,1415,71.7,28.299999999999997
1416,7080000,7085000,5000,0,100.0,0.0
1417,7085000,7090000,5000,0,100.0,0.0
1418,7090000,7095000,5000,0,100.0,0.0
1419,7095000,7100000,3662,1338,73.24000000000001,26.75999999999999
1420,7100000,7105000,5000,0,100.0,0.0
1421,7105000,7110000,5000,0,100.0,0.0
1422,7110000,7115000,5000,0,100.0,0.0
1423,7115000,7120000,4118,882,82.36,17.64
1424,7120000,7125000,4437,563,88.74,11.260000000000005
1425,7125000,7130000,5000,0,100.0,0.0
1426,7130000,7135000,5000,0,100.0,0.0
1427,7135000,7140000,5000,0,100.0,0.0
1428,7140000,7145000,3697,1303,73.94,26.060000000000002
1429,7145000,7150000,5000,0,100.0,0.0
1430,7150000,7155000,5000,0,100.0,0.0
1431,7155000,7160000,5000,0,100.0,0.0
1432,7160000,7165000,3709,1291,74.18,25.819999999999993
1433,7165000,7170000,5000,0,100.0,0.0
1434,7170000,7175000,5000,0,100.0,0.0
1435,7175000,7180000,5000,0,100.0,0.0
1436,7180000,7185000,3584,1416,71.67999999999999,28.320000000000007
1437,7185000,7190000,5000,0,100.0,0.0
1438,7190000,7195000,5000,0,100.0,0.0
1439,7195000,7200000,5000,0,100.0,0.0
1440,7200000,7205000,4270,730,85.39999999999999,14.600000000000009
1441,7205000,7210000,4329,671,86.58,13.420000000000002
1442,7210000,7215000,5000,0,100.0,0.0
1443,7215000,7220000,5000,0,100.0,0.0
1444,7220000,7225000,5000,0,100.0,0.0
1445,7225000,7230000,3595,1405,71.89999999999999,28.10000000000001
1446,7230000,7235000,5000,0,100.0,0.0
1447,7235000,7240000,5000,0,100.0,0.0
1448,7240000,7245000,5000,0,100.0,0.0
1449,7245000,7250000,4138,862,82.76,17.239999999999995
1450,7250000,7255000,4461,539,89.22,10.780000000000001
1451,7255000,7260000,5000,0,100.0,0.0
1452,7260000,7265000,5000,0,100.0,0.0
1453,7265000,7270000,4950,50,99.0,1.0
1454,7270000,7275000,3643,1357,72.86,27.14
1455,7275000,7280000,5000,0,100.0,0.0
1456,7280000,7285000,5000,0,100.0,0.0
1457,7285000,7290000,5000,0,100.0,0.0
1458,7290000,7295000,3685,1315,73.7,26.299999999999997
1459,7295000,7300000,5000,0,100.0,0.0
1460,7300000,7305000,5000,0,100.0,0.0
1461,7305000,7310000,5000,0,100.0,0.0
1462,7310000,7315000,3645,1355,72.89999999999999,27.10000000000001
1463,7315000,7320000,5000,0,100.0,0.0
1464,7320000,7325000,5000,0,100.0,0.0
1465,7325000,7330000,5000,0,100.0,0.0
1466,7330000,7335000,3702,1298,74.03999999999999,25.960000000000008
1467,7335000,7340000,5000,0,100.0,0.0
1468,7340000,7345000,5000,0,100.0,0.0
1469,7345000,7350000,5000,0,100.0,0.0
1470,7350000,7355000,3609,1391,72.18,27.819999999999993
1471,7355000,7360000,5000,0,100.0,0.0
1472,7360000,7365000,5000,0,100.0,0.0
1473,7365000,7370000,5000,0,100.0,0.0
1474,7370000,7375000,3709,1291,74.18,25.819999999999993
1475,7375000,7380000,5000,0,100.0,0.0
1476,7380000,7385000,5000,0,100.0,0.0
1477,7385000,7390000,5000,0,100.0,0.0
1478,7390000,7395000,3631,1369,72.61999999999999,27.38000000000001
1479,7395000,7400000,5000,0,100.0,0.0
1480,7400000,7405000,5000,0,100.0,0.0
1481,7405000,7410000,5000,0,100.0,0.0
1482,7410000,7415000,5000,0,100.0,0.0
1483,7415000,7420000,3628,1372,72.56,27.439999999999998
1484,7420000,7425000,5000,0,100.0,0.0
1485,7425000,7430000,5000,0,100.0,0.0
1486,7430000,7435000,5000,0,100.0,0.0
1487,7435000,7440000,3609,1391,72.18,27.819999999999993
1488,7440000,7445000,5000,0,100.0,0.0
1489,7445000,7450000,5000,0,100.0,0.0
1490,7450000,7455000,5000,0,100.0,0.0
1491,7455000,7460000,3612,1388,72.24000000000001,27.75999999999999
1492,7460000,7465000,5000,0,100.0,0.0
1493,7465000,7470000,5000,0,100.0,0.0
1494,7470000,7475000,5000,0,100.0,0.0
1495,7475000,7480000,4781,219,95.62,4.3799999999999955
1496,7480000,7485000,3867,1133,77.34,22.659999999999997
1497,7485000,7490000,5000,0,100.0,0.0
1498,7490000,7495000,5000,0,100.0,0.0
1499,7495000,7500000,5000,0,100.0,0.0
1500,7500000,7505000,3673,1327,73.46000000000001,26.539999999999992
1501,7505000,7510000,5000,0,100.0,0.0
1502,7510000,7515000,5000,0,100.0,0.0
1503,7515000,7520000,5000,0,100.0,0.0
1504,7520000,7525000,3606,1394,72.11999999999999,27.88000000000001
1505,7525000,7530000,5000,0,100.0,0.0
1506,7530000,7535000,5000,0,100.0,0.0
1507,7535000,7540000,5000,0,100.0,0.0
1508,7540000,7545000,3496,1504,69.92,30.08
1509,7545000,7550000,4950,50,99.0,1.0
1510,7550000,7555000,5000,0,100.0,0.0
1511,7555000,7560000,5000,0,100.0,0.0
1512,7560000,7565000,5000,0,100.0,0.0
1513,7565000,7570000,3523,1477,70.46,29.540000000000006
1514,7570000,7575000,5000,0,100.0,0.0
1515,7575000,7580000,5000,0,100.0,0.0
1516,7580000,7585000,5000,0,100.0,0.0
1517,7585000,7590000,3703,1297,74.06,25.939999999999998
1518,7590000,7595000,5000,0,100.0,0.0
1519,7595000,7600000,5000,0,100.0,0.0
1520,7600000,7605000,5000,0,100.0,0.0
1521,7605000,7610000,3717,1283,74.33999999999999,25.66000000000001
1522,7610000,7615000,5000,0,100.0,0.0
1523,7615000,7620000,5000,0,100.0,0.0
1524,7620000,7625000,5000,0,100.0,0.0
1525,7625000,7630000,3621,1379,72.42,27.58
1526,7630000,7635000,5000,0,100.0,0.0
1527,7635000,7640000,5000,0,100.0,0.0
1528,7640000,7645000,5000,0,100.0,0.0
1529,7645000,7650000,4174,826,83.48,16.519999999999996
1530,7650000,7655000,4436,564,88.72,11.280000000000001
1531,7655000,7660000,5000,0,100.0,0.0
1532,7660000,7665000,5000,0,100.0,0.0
1533,7665000,7670000,5000,0,100.0,0.0
1534,7670000,7675000,3572,1428,71.44,28.560000000000002
1535,7675000,7680000,5000,0,100.0,0.0
1536,7680000,7685000,5000,0,100.0,0.0
1537,7685000,7690000,5000,0,100.0,0.0
1538,7690000,7695000,3554,1446,71.08,28.92
1539,7695000,7700000,5000,0,100.0,0.0
1540,7700000,7705000,5000,0,100.0,0.0
1541,7705000,7710000,5000,0,100.0,0.0
1542,7710000,7715000,3740,1260,74.8,25.200000000000003
1543,7715000,7720000,4956,44,99.11999999999999,0.8800000000000097
1544,7720000,7725000,5000,0,100.0,0.0
1545,7725000,7730000,5000,0,100.0,0.0
1546,7730000,7735000,4784,216,95.67999999999999,4.320000000000007
1547,7735000,7740000,3770,1230,75.4,24.599999999999994
1548,7740000,7745000,5000,0,100.0,0.0
1549,7745000,7750000,5000,0,100.0,0.0
1550,7750000,7755000,5000,0,100.0,0.0
1551,7755000,7760000,3627,1373,72.54,27.459999999999994
1552,7760000,7765000,5000,0,100.0,0.0
1553,7765000,7770000,5000,0,100.0,0.0
1554,7770000,7775000,5000,0,100.0,0.0
1555,7775000,7780000,3710,1290,74.2,25.799999999999997
1556,7780000,7785000,5000,0,100.0,0.0
1557,7785000,7790000,5000,0,100.0,0.0
1558,7790000,7795000,5000,0,100.0,0.0
1559,7795000,7800000,3944,1056,78.88,21.120000000000005
1560,7800000,7805000,4709,291,94.17999999999999,5.820000000000007
1561,7805000,7810000,5000,0,100.0,0.0
1562,7810000,7815000,5000,0,100.0,0.0
1563,7815000,7820000,5000,0,100.0,0.0
1564,7820000,7825000,3602,1398,72.04,27.959999999999994
1565,7825000,7830000,5000,0,100.0,0.0
1566,7830000,7835000,5000,0,100.0,0.0
1567,7835000,7840000,5000,0,100.0,0.0
1568,7840000,7845000,3692,1308,73.83999999999999,26.16000000000001
1569,7845000,7850000,5000,0,100.0,0.0
1570,7850000,7855000,5000,0,100.0,0.0
1571,7855000,7860000,5000,0,100.0,0.0
1572,7860000,7865000,3576,1424,71.52,28.480000000000004
1573,7865000,7870000,5000,0,100.0,0.0
1574,7870000,7875000,5000,0,100.0,0.0
1575,7875000,7880000,5000,0,100.0,0.0
1576,7880000,7885000,3599,1401,71.98,28.019999999999996
1577,7885000,7890000,5000,0,100.0,0.0
1578,7890000,7895000,5000,0,100.0,0.0
1579,7895000,7900000,5000,0,100.0,0.0
1580,7900000,7905000,3720,1280,74.4,25.599999999999994
1581,7905000,7910000,5000,0,100.0,0.0
1582,7910000,7915000,5000,0,100.0,0.0
1583,7915000,7920000,5000,0,100.0,0.0
1584,7920000,7925000,4285,715,85.7,14.299999999999997
1585,7925000,7930000,4261,739,85.22,14.780000000000001
1586,7930000,7935000,5000,0,100.0,0.0
1587,7935000,7940000,5000,0,100.0,0.0
1588,7940000,7945000,5000,0,100.0,0.0
1589,7945000,7950000,3608,1392,72.16,27.840000000000003
1590,7950000,7955000,5000,0,100.0,0.0
1591,7955000,7960000,5000,0,100.0,0.0
1592,7960000,7965000,5000,0,100.0,0.0
1593,7965000,7970000,3562,1438,71.24000000000001,28.75999999999999
1594,7970000,7975000,5000,0,100.0,0.0
1595,7975000,7980000,5000,0,100.0,0.0
1596,7980000,7985000,5000,0,100.0,0.0
1597,7985000,7990000,1721,3279,34.42,65.58
1598,7990000,7995000,0,5000,0.0,100.0
1599,7995000,8000000,0,5000,0.0,100.0
1600,8000000,8005000,0,5000,0.0,100.0
1601,8005000,8010000,0,5000,0.0,100.0
1602,8010000,8015000,0,5000,0.0,100.0
1603,8015000,8020000,0,5000,0.0,100.0
1604,8020000,8025000,0,5000,0.0,100.0
1605,8025000,8030000,0,5000,0.0,100.0
1606,8030000,8035000,0,5000,0.0,100.0
1607,8035000,8040000,686,4314,13.719999999999999,86.28
1608,8040000,8045000,5000,0,100.0,0.0
1609,8045000,8050000,5000,0,100.0,0.0
1610,8050000,8055000,5000,0,100.0,0.0
1611,8055000,8060000,3930,1070,78.60000000000001,21.39999999999999
1612,8060000,8065000,4742,258,94.84,5.159999999999997
1613,8065000,8070000,5000,0,100.0,0.0
1614,8070000,8075000,5000,0,100.0,0.0
1615,8075000,8080000,4584,416,91.67999999999999,8.320000000000007
1616,8080000,8085000,4042,958,80.84,19.159999999999997
1617,8085000,8090000,5000,0,100.0,0.0
1618,8090000,8095000,5000,0,100.0,0.0
1619,8095000,8100000,5000,0,100.0,0.0
1620,8100000,8105000,3678,1322,73.56,26.439999999999998
1621,8105000,8110000,5000,0,100.0,0.0
1622,8110000,8115000,5000,0,100.0,0.0
1623,8115000,8120000,5000,0,100.0,0.0
1624,8120000,8125000,3624,1376,72.48,27.519999999999996
1625,8125000,8130000,5000,0,100.0,0.0
1626,8130000,8135000,5000,0,100.0,0.0
1627,8135000,8140000,5000,0,100.0,0.0
1628,8140000,8145000,3673,1327,73.46000000000001,26.539999999999992
1629,8145000,8150000,5000,0,100.0,0.0
1630,8150000,8155000,5000,0,100.0,0.0
1631,8155000,8160000,5000,0,100.0,0.0
1632,8160000,8165000,3599,1401,71.98,28.019999999999996
1633,8165000,8170000,5000,0,100.0,0.0
1634,8170000,8175000,5000,0,100.0,0.0
1635,8175000,8180000,5000,0,100.0,0.0
1636,8180000,8185000,5000,0,100.0,0.0
1637,8185000,8190000,3122,1878,62.44,37.56
1638,8190000,8195000,5000,0,100.0,0.0
1639,8195000,8200000,5000,0,100.0,0.0
1640,8200000,8205000,5000,0,100.0,0.0
1641,8205000,8210000,5000,0,100.0,0.0
1642,8210000,8215000,3836,1164,76.72,23.28
1643,8215000,8220000,5000,0,100.0,0.0
1644,8220000,8225000,5000,0,100.0,0.0
1645,8225000,8230000,3896,1104,77.92,22.08
1646,8230000,8235000,5000,0,100.0,0.0
1647,8235000,8240000,5000,0,100.0,0.0
1648,8240000,8245000,5000,0,100.0,0.0
1649,8245000,8250000,3805,1195,76.1,23.900000000000006
1650,8250000,8255000,5000,0,100.0,0.0
1651,8255000,8260000,5000,0,100.0,0.0
1652,8260000,8265000,3862,1138,77.24,22.760000000000005
1653,8265000,8270000,5000,0,100.0,0.0
1654,8270000,8275000,5000,0,100.0,0.0
1655,8275000,8280000,5000,0,100.0,0.0
1656,8280000,8285000,3931,1069,78.62,21.379999999999995
1657,8285000,8290000,5000,0,100.0,0.0
1658,8290000,8295000,5000,0,100.0,0.0
1659,8295000,8300000,4686,314,93.72,6.280000000000001
1660,8300000,8305000,4123,877,82.46,17.540000000000006
1661,8305000,8310000,5000,0,100.0,0.0
1662,8310000,8315000,5000,0,100.0,0.0
1663,8315000,8320000,3813,1187,76.25999999999999,23.74000000000001
1664,8320000,8325000,5000,0,100.0,0.0
1665,8325000,8330000,5000,0,100.0,0.0
1666,8330000,8335000,4952,48,99.03999999999999,0.960000000000008
1667,8335000,8340000,3946,1054,78.92,21.08
1668,8340000,8345000,5000,0,100.0,0.0
1669,8345000,8350000,5000,0,100.0,0.0
1670,8350000,8355000,3789,1211,75.78,24.22
1671,8355000,8360000,5000,0,100.0,0.0
1672,8360000,8365000,5000,0,100.0,0.0
1673,8365000,8370000,4989,11,99.78,0.21999999999999886
1674,8370000,8375000,3905,1095,78.10000000000001,21.89999999999999
1675,8375000,8380000,5000,0,100.0,0.0
1676,8380000,8385000,5000,0,100.0,0.0
1677,8385000,8390000,3882,1118,77.64,22.36
1678,8390000,8395000,5000,0,100.0,0.0
1679,8395000,8400000,5000,0,100.0,0.0
1680,8400000,8405000,5000,0,100.0,0.0
1681,8405000,8410000,3893,1107,77.86,22.14
1682,8410000,8415000,5000,0,100.0,0.0
1683,8415000,8420000,5000,0,100.0,0.0
1684,8420000,8425000,3882,1118,77.64,22.36
1685,8425000,8430000,5000,0,100.0,0.0
1686,8430000,8435000,5000,0,100.0,0.0
1687,8435000,8440000,5000,0,100.0,0.0
1688,8440000,8445000,3851,1149,77.02,22.980000000000004
1689,8445000,8450000,5000,0,100.0,0.0
1690,8450000,8455000,5000,0,100.0,0.0
1691,8455000,8460000,4256,744,85.11999999999999,14.88000000000001
1692,8460000,8465000,4532,468,90.64,9.36
1693,8465000,8470000,5000,0,100.0,0.0
1694,8470000,8475000,5000,0,100.0,0.0
1695,8475000,8480000,3787,1213,75.74,24.260000000000005
1696,8480000,8485000,5000,0,100.0,0.0
1697,8485000,8490000,5000,0,100.0,0.0
1698,8490000,8495000,5000,0,100.0,0.0
1699,8495000,8500000,3837,1163,76.74,23.260000000000005
1700,8500000,8505000,5000,0,100.0,0.0
1701,8505000,8510000,5000,0,100.0,0.0
1702,8510000,8515000,3907,1093,78.14,21.86
1703,8515000,8520000,5000,0,100.0,0.0
1704,8520000,8525000,5000,0,100.0,0.0
1705,8525000,8530000,5000,0,100.0,0.0
1706,8530000,8535000,3721,1279,74.42,25.58
1707,8535000,8540000,5000,0,100.0,0.0
1708,8540000,8545000,5000,0,100.0,0.0
1709,8545000,8550000,4627,373,92.54,7.459999999999994
1710,8550000,8555000,4081,919,81.62,18.379999999999995
1711,8555000,8560000,5000,0,100.0,0.0
1712,8560000,8565000,5000,0,100.0,0.0
1713,8565000,8570000,3888,1112,77.75999999999999,22.24000000000001
1714,8570000,8575000,5000,0,100.0,0.0
1715,8575000,8580000,5000,0,100.0,0.0
1716,8580000,8585000,5000,0,100.0,0.0
1717,8585000,8590000,3800,1200,76.0,24.0
1718,8590000,8595000,5000,0,100.0,0.0
1719,8595000,8600000,5000,0,100.0,0.0
1720,8600000,8605000,5000,0,100.0,0.0
1721,8605000,8610000,3884,1116,77.68,22.319999999999993
1722,8610000,8615000,5000,0,100.0,0.0
1723,8615000,8620000,5000,0,100.0,0.0
1724,8620000,8625000,3817,1183,76.34,23.659999999999997
1725,8625000,8630000,5000,0,100.0,0.0
1726,8630000,8635000,5000,0,100.0,0.0
1727,8635000,8640000,5000,0,100.0,0.0
1728,8640000,8645000,3799,1201,75.98,24.019999999999996
1729,8645000,8650000,5000,0,100.0,0.0
1730,8650000,8655000,5000,0,100.0,0.0
1731,8655000,8660000,5000,0,100.0,0.0
1732,8660000,8665000,3854,1146,77.08,22.92
1733,8665000,8670000,5000,0,100.0,0.0
1734,8670000,8675000,5000,0,100.0,0.0
1735,8675000,8680000,4858,142,97.16,2.8400000000000034
1736,8680000,8685000,4053,947,81.06,18.939999999999998
1737,8685000,8690000,5000,0,100.0,0.0
1738,8690000,8695000,5000,0,100.0,0.0
1739,8695000,8700000,4375,625,87.5,12.5
1740,8700000,8705000,4432,568,88.64,11.36
1741,8705000,8710000,5000,0,100.0,0.0
1742,8710000,8715000,5000,0,100.0,0.0
1743,8715000,8720000,3826,1174,76.52,23.480000000000004
1744,8720000,8725000,5000,0,100.0,0.0
1745,8725000,8730000,5000,0,100.0,0.0
1746,8730000,8735000,5000,0,100.0,0.0
1747,8735000,8740000,3807,1193,76.14,23.86
1748,8740000,8745000,5000,0,100.0,0.0
1749,8745000,8750000,5000,0,100.0,0.0
1750,8750000,8755000,3900,1100,78.0,22.0
1751,8755000,8760000,5000,0,100.0,0.0
1752,8760000,8765000,5000,0,100.0,0.0
1753,8765000,8770000,5000,0,100.0,0.0
1754,8770000,8775000,3873,1127,77.46,22.540000000000006
1755,8775000,8780000,5000,0,100.0,0.0
1756,8780000,8785000,5000,0,100.0,0.0
1757,8785000,8790000,3747,1253,74.94,25.060000000000002
1758,8790000,8795000,5000,0,100.0,0.0
1759,8795000,8800000,5000,0,100.0,0.0
1760,8800000,8805000,5000,0,100.0,0.0
1761,8805000,8810000,3863,1137,77.25999999999999,22.74000000000001
1762,8810000,8815000,5000,0,100.0,0.0
1763,8815000,8820000,5000,0,100.0,0.0
1764,8820000,8825000,4099,901,81.98,18.019999999999996
1765,8825000,8830000,4735,265,94.69999999999999,5.300000000000011
1766,8830000,8835000,5000,0,100.0,0.0
1767,8835000,8840000,5000,0,100.0,0.0
1768,8840000,8845000,3854,1146,77.08,22.92
1769,8845000,8850000,5000,0,100.0,0.0
1770,8850000,8855000,5000,0,100.0,0.0
1771,8855000,8860000,4882,118,97.64,2.3599999999999994
1772,8860000,8865000,3995,1005,79.9,20.099999999999994
1773,8865000,8870000,5000,0,100.0,0.0
1774,8870000,8875000,5000,0,100.0,0.0
1775,8875000,8880000,3841,1159,76.82,23.180000000000007
1776,8880000,8885000,5000,0,100.0,0.0
1777,8885000,8890000,5000,0,100.0,0.0
1778,8890000,8895000,5000,0,100.0,0.0
1779,8895000,8900000,3757,1243,75.14,24.86
1780,8900000,8905000,5000,0,100.0,0.0
1781,8905000,8910000,5000,0,100.0,0.0
1782,8910000,8915000,5000,0,100.0,0.0
1783,8915000,8920000,3681,1319,73.61999999999999,26.38000000000001
1784,8920000,8925000,5000,0,100.0,0.0
1785,8925000,8930000,5000,0,100.0,0.0
1786,8930000,8935000,3865,1135,77.3,22.700000000000003
1787,8935000,8940000,5000,0,100.0,0.0
1788,8940000,8945000,5000,0,100.0,0.0
1789,8945000,8950000,5000,0,100.0,0.0
1790,8950000,8955000,3836,1164,76.72,23.28
1791,8955000,8960000,5000,0,100.0,0.0
1792,8960000,8965000,5000,0,100.0,0.0
1793,8965000,8970000,5000,0,100.0,0.0
1794,8970000,8975000,3748,1252,74.96000000000001,25.039999999999992
1795,8975000,8980000,5000,0,100.0,0.0
1796,8980000,8985000,5000,0,100.0,0.0
1797,8985000,8990000,5000,0,100.0,0.0
1798,8990000,8995000,5000,0,100.0,0.0
1799,8995000,9000000,5000,0,100.0,0.0
1800,9000000,9005000,5000,0,100.0,0.0
1801,9005000,9010000,5000,0,100.0,0.0
1802,9010000,9015000,5000,0,100.0,0.0
1803,9015000,9020000,5000,0,100.0,0.0
1804,9020000,9025000,5000,0,100.0,0.0
1805,9025000,9030000,5000,0,100.0,0.0
1806,9030000,9035000,5000,0,100.0,0.0
1807,9035000,9040000,5000,0,100.0,0.0
1808,9040000,9045000,3661,1339,73.22,26.78
1809,9045000,9050000,5000,0,100.0,0.0
1810,9050000,9055000,5000,0,100.0,0.0
1811,9055000,9060000,5000,0,100.0,0.0
1812,9060000,9065000,3822,1178,76.44,23.560000000000002
1813,9065000,9070000,5000,0,100.0,0.0
1814,9070000,9075000,5000,0,100.0,0.0
1815,9075000,9080000,5000,0,100.0,0.0
1816,9080000,9085000,3778,1222,75.56,24.439999999999998
1817,9085000,9090000,5000,0,100.0,0.0
1818,9090000,9095000,5000,0,100.0,0.0
1819,9095000,9100000,5000,0,100.0,0.0
1820,9100000,9105000,3658,1342,73.16,26.840000000000003
1821,9105000,9110000,5000,0,100.0,0.0
1822,9110000,9115000,5000,0,100.0,0.0
1823,9115000,9120000,5000,0,100.0,0.0
1824,9120000,9125000,4307,693,86.14,13.86
1825,9125000,9130000,3578,1422,71.56,28.439999999999998
1826,9130000,9135000,5000,0,100.0,0.0
1827,9135000,9140000,5000,0,100.0,0.0
1828,9140000,9145000,5000,0,100.0,0.0
1829,9145000,9150000,3698,1302,73.96000000000001,26.039999999999992
1830,9150000,9155000,5000,0,100.0,0.0
1831,9155000,9160000,5000,0,100.0,0.0
1832,9160000,9165000,5000,0,100.0,0.0
1833,9165000,9170000,4361,639,87.22,12.780000000000001
1834,9170000,9175000,4342,658,86.83999999999999,13.16000000000001
1835,9175000,9180000,5000,0,100.0,0.0
1836,9180000,9185000,5000,0,100.0,0.0
1837,9185000,9190000,5000,0,100.0,0.0
1838,9190000,9195000,5000,0,100.0,0.0
1839,9195000,9200000,2366,2634,47.32,52.68
1840,9200000,9205000,5000,0,100.0,0.0
1841,9205000,9210000,5000,0,100.0,0.0
1842,9210000,9215000,5000,0,100.0,0.0
1843,9215000,9220000,5000,0,100.0,0.0
1844,9220000,9225000,5000,0,100.0,0.0
1845,9225000,9230000,3596,1404,71.92,28.08
1846,9230000,9235000,5000,0,100.0,0.0
1847,9235000,9240000,5000,0,100.0,0.0
1848,9240000,9245000,5000,0,100.0,0.0
1849,9245000,9250000,5000,0,100.0,0.0
1850,9250000,9255000,3516,1484,70.32000000000001,29.679999999999993
1851,9255000,9260000,5000,0,100.0,0.0
1852,9260000,9265000,5000,0,100.0,0.0
1853,9265000,9270000,5000,0,100.0,0.0
1854,9270000,9275000,3168,1832,63.36000000000001,36.63999999999999
1855,9275000,9280000,5000,0,100.0,0.0
1856,9280000,9285000,5000,0,100.0,0.0
1857,9285000,9290000,5000,0,100.0,0.0
1858,9290000,9295000,5000,0,100.0,0.0
1859,9295000,9300000,3594,1406,71.88,28.120000000000005
1860,9300000,9305000,5000,0,100.0,0.0
1861,9305000,9310000,5000,0,100.0,0.0
1862,9310000,9315000,5000,0,100.0,0.0
1863,9315000,9320000,3696,1304,73.92,26.08
1864,9320000,9325000,5000,0,100.0,0.0
1865,9325000,9330000,5000,0,100.0,0.0
1866,9330000,9335000,5000,0,100.0,0.0
1867,9335000,9340000,5000,0,100.0,0.0
1868,9340000,9345000,3589,1411,71.78,28.22
1869,9345000,9350000,5000,0,100.0,0.0
1870,9350000,9355000,5000,0,100.0,0.0
1871,9355000,9360000,5000,0,100.0,0.0
1872,9360000,9365000,3677,1323,73.54,26.459999999999994
1873,9365000,9370000,5000,0,100.0,0.0
1874,9370000,9375000,5000,0,100.0,0.0
1875,9375000,9380000,5000,0,100.0,0.0
1876,9380000,9385000,3583,1417,71.66,28.340000000000003
1877,9385000,9390000,5000,0,100.0,0.0
1878,9390000,9395000,5000,0,100.0,0.0
1879,9395000,9400000,5000,0,100.0,0.0
1880,9400000,9405000,3631,1369,72.61999999999999,27.38000000000001
1881,9405000,9410000,5000,0,100.0,0.0
1882,9410000,9415000,5000,0,100.0,0.0
1883,9415000,9420000,5000,0,100.0,0.0
1884,9420000,9425000,3842,1158,76.84,23.159999999999997
1885,9425000,9430000,4835,165,96.7,3.299999999999997
1886,9430000,9435000,5000,0,100.0,0.0
1887,9435000,9440000,5000,0,100.0,0.0
1888,9440000,9445000,4637,363,92.74,7.260000000000005
1889,9445000,9450000,4026,974,80.52,19.480000000000004
1890,9450000,9455000,5000,0,100.0,0.0
1891,9455000,9460000,5000,0,100.0,0.0
1892,9460000,9465000,5000,0,100.0,0.0
1893,9465000,9470000,3576,1424,71.52,28.480000000000004
1894,9470000,9475000,5000,0,100.0,0.0
1895,9475000,9480000,5000,0,100.0,0.0
1896,9480000,9485000,5000,0,100.0,0.0
1897,9485000,9490000,3458,1542,69.16,30.840000000000003
1898,9490000,9495000,5000,0,100.0,0.0
1899,9495000,9500000,5000,0,100.0,0.0
1900,9500000,9505000,5000,0,100.0,0.0
1901,9505000,9510000,4299,701,85.98,14.019999999999996
1902,9510000,9515000,4293,707,85.86,14.14
1903,9515000,9520000,5000,0,100.0,0.0
1904,9520000,9525000,5000,0,100.0,0.0
1905,9525000,9530000,5000,0,100.0,0.0
1906,9530000,9535000,3592,1408,71.84,28.159999999999997
1907,9535000,9540000,5000,0,100.0,0.0
1908,9540000,9545000,5000,0,100.0,0.0
1909,9545000,9550000,5000,0,100.0,0.0
1910,9550000,9555000,3596,1404,71.92,28.08
1911,9555000,9560000,5000,0,100.0,0.0
1912,9560000,9565000,5000,0,100.0,0.0
1913,9565000,9570000,5000,0,100.0,0.0
1914,9570000,9575000,3570,1430,71.39999999999999,28.60000000000001
1915,9575000,9580000,5000,0,100.0,0.0
1916,9580000,9585000,5000,0,100.0,0.0
1917,9585000,9590000,5000,0,100.0,0.0
1918,9590000,9595000,3599,1401,71.98,28.019999999999996
1919,9595000,9600000,5000,0,100.0,0.0
1920,9600000,9605000,5000,0,100.0,0.0
1921,9605000,9610000,5000,0,100.0,0.0
1922,9610000,9615000,4351,649,87.02,12.980000000000004
1923,9615000,9620000,4258,742,85.16,14.840000000000003
1924,9620000,9625000,5000,0,100.0,0.0
1925,9625000,9630000,5000,0,100.0,0.0
1926,9630000,9635000,5000,0,100.0,0.0
1927,9635000,9640000,3580,1420,71.6,28.400000000000006
1928,9640000,9645000,5000,0,100.0,0.0
1929,9645000,9650000,5000,0,100.0,0.0
1930,9650000,9655000,5000,0,100.0,0.0
1931,9655000,9660000,3623,1377,72.46000000000001,27.539999999999992
1932,9660000,9665000,5000,0,100.0,0.0
1933,9665000,9670000,5000,0,100.0,0.0
1934,9670000,9675000,5000,0,100.0,0.0
1935,9675000,9680000,4206,794,84.11999999999999,15.88000000000001
1936,9680000,9685000,4439,561,88.78,11.219999999999999
1937,9685000,9690000,5000,0,100.0,0.0
1938,9690000,9695000,5000,0,100.0,0.0
1939,9695000,9700000,5000,0,100.0,0.0
1940,9700000,9705000,3731,1269,74.62,25.379999999999995
1941,9705000,9710000,4850,150,97.0,3.0
1942,9710000,9715000,5000,0,100.0,0.0
1943,9715000,9720000,5000,0,100.0,0.0
1944,9720000,9725000,5000,0,100.0,0.0
1945,9725000,9730000,3489,1511,69.78,30.22
1946,9730000,9735000,5000,0,100.0,0.0
1947,9735000,9740000,5000,0,100.0,0.0
1948,9740000,9745000,5000,0,100.0,0.0
1949,9745000,9750000,3640,1360,72.8,27.200000000000003
1950,9750000,9755000,5000,0,100.0,0.0
1951,9755000,9760000,5000,0,100.0,0.0
1952,9760000,9765000,5000,0,100.0,0.0
1953,9765000,9770000,5000,0,100.0,0.0
1954,9770000,9775000,3586,1414,71.72,28.28
1955,9775000,9780000,5000,0,100.0,0.0
1956,9780000,9785000,5000,0,100.0,0.0
1957,9785000,9790000,5000,0,100.0,0.0
1958,9790000,9795000,5000,0,100.0,0.0
1959,9795000,9800000,3922,1078,78.44,21.560000000000002
1960,9800000,9805000,4350,650,87.0,13.0
1961,9805000,9810000,5000,0,100.0,0.0
1962,9810000,9815000,5000,0,100.0,0.0
1963,9815000,9820000,5000,0,100.0,0.0
1964,9820000,9825000,3334,1666,66.67999999999999,33.32000000000001
1965,9825000,9830000,5000,0,100.0,0.0
1966,9830000,9835000,5000,0,100.0,0.0
1967,9835000,9840000,5000,0,100.0,0.0
1968,9840000,9845000,5000,0,100.0,0.0
1969,9845000,9850000,3105,1895,62.1,37.9
1970,9850000,9855000,5000,0,100.0,0.0
1971,9855000,9860000,5000,0,100.0,0.0
1972,9860000,9865000,5000,0,100.0,0.0
1973,9865000,9870000,5000,0,100.0,0.0
1974,9870000,9875000,3400,1600,68.0,32.0
1975,9875000,9880000,5000,0,100.0,0.0
1976,9880000,9885000,5000,0,100.0,0.0
1977,9885000,9890000,5000,0,100.0,0.0
1978,9890000,9895000,4472,528,89.44,10.560000000000002
1979,9895000,9900000,3988,1012,79.75999999999999,20.24000000000001
1980,9900000,9905000,5000,0,100.0,0.0
1981,9905000,9910000,5000,0,100.0,0.0
1982,9910000,9915000,5000,0,100.0,0.0
1983,9915000,9920000,3463,1537,69.26,30.739999999999995
1984,9920000,9925000,5000,0,100.0,0.0
1985,9925000,9930000,5000,0,100.0,0.0
1986,9930000,9935000,5000,0,100.0,0.0
1987,9935000,9940000,4628,372,92.56,7.439999999999998
1988,9940000,9945000,4008,992,80.16,19.840000000000003
1989,9945000,9950000,5000,0,100.0,0.0
1990,9950000,9955000,5000,0,100.0,0.0
1991,9955000,9960000,5000,0,100.0,0.0
1992,9960000,9965000,3632,1368,72.64,27.36
1993,9965000,9970000,5000,0,100.0,0.0
1994,9970000,9975000,5000,0,100.0,0.0
1995,9975000,9980000,5000,0,100.0,0.0
1996,9980000,9985000,5000,0,100.0,0.0
1997,9985000,9990000,3596,1404,71.92,28.08
1998,9990000,9995000,5000,0,100.0,0.0
1999,9995000,10000000,5000,0,100.0,0.0
2000,10000000,10005000,5000,0,100.0,0.0
2001,10005000,10010000,5000,0,100.0,0.0
2002,10010000,10015000,5000,0,100.0,0.0
2003,10015000,10020000,5000,0,100.0,0.0
2004,10020000,10025000,5000,0,100.0,0.0
2005,10025000,10030000,5000,0,100.0,0.0
2006,10030000,10035000,5000,0,100.0,0.0
2007,10035000,10040000,5000,0,100.0,0.0
2008,10040000,10045000,5000,0,100.0,0.0
2009,10045000,10050000,5000,0,100.0,0.0
2010,10050000,10055000,5000,0,100.0,0.0
2011,10055000,10060000,5000,0,100.0,0.0
2012,10060000,10065000,4588,412,91.75999999999999,8.240000000000009
2013,10065000,10070000,3999,1001,79.97999999999999,20.02000000000001
2014,10070000,10075000,5000,0,100.0,0.0
2015,10075000,10080000,5000,0,100.0,0.0
2016,10080000,10085000,5000,0,100.0,0.0
2017,10085000,10090000,3674,1326,73.48,26.519999999999996
2018,10090000,10095000,5000,0,100.0,0.0
2019,10095000,10100000,5000,0,100.0,0.0
2020,10100000,10105000,5000,0,100.0,0.0
2021,10105000,10110000,3618,1382,72.36,27.64
2022,10110000,10115000,5000,0,100.0,0.0
2023,10115000,10120000,5000,0,100.0,0.0
2024,10120000,10125000,5000,0,100.0,0.0
2025,10125000,10130000,5000,0,100.0,0.0
2026,10130000,10135000,3550,1450,71.0,29.0
2027,10135000,10140000,5000,0,100.0,0.0
2028,10140000,10145000,5000,0,100.0,0.0
2029,10145000,10150000,5000,0,100.0,0.0
2030,10150000,10155000,3545,1455,70.89999999999999,29.10000000000001
2031,10155000,10160000,5000,0,100.0,0.0
2032,10160000,10165000,5000,0,100.0,0.0
2033,10165000,10170000,5000,0,100.0,0.0
2034,10170000,10175000,5000,0,100.0,0.0
2035,10175000,10180000,3106,1894,62.12,37.88
2036,10180000,10185000,5000,0,100.0,0.0
2037,10185000,10190000,5000,0,100.0,0.0
2038,10190000,10195000,5000,0,100.0,0.0
2039,10195000,10200000,3515,1485,70.3,29.700000000000003
2040,10200000,10205000,5000,0,100.0,0.0
2041,10205000,10210000,5000,0,100.0,0.0
2042,10210000,10215000,5000,0,100.0,0.0
2043,10215000,10220000,5000,0,100.0,0.0
2044,10220000,10225000,3632,1368,72.64,27.36
2045,10225000,10230000,5000,0,100.0,0.0
2046,10230000,10235000,5000,0,100.0,0.0
2047,10235000,10240000,5000,0,100.0,0.0
2048,10240000,10245000,4229,771,84.58,15.420000000000002
2049,10245000,10250000,4223,777,84.46000000000001,15.539999999999992
2050,10250000,10255000,5000,0,100.0,0.0
2051,10255000,10260000,5000,0,100.0,0.0
2052,10260000,10265000,5000,0,100.0,0.0
2053,10265000,10270000,3615,1385,72.3,27.700000000000003
2054,10270000,10275000,5000,0,100.0,0.0
2055,10275000,10280000,5000,0,100.0,0.0
2056,10280000,10285000,5000,0,100.0,0.0
2057,10285000,10290000,3896,1104,77.92,22.08
2058,10290000,10295000,4756,244,95.12,4.8799999999999955
2059,10295000,10300000,5000,0,100.0,0.0
2060,10300000,10305000,5000,0,100.0,0.0
2061,10305000,10310000,5000,0,100.0,0.0
2062,10310000,10315000,3202,1798,64.03999999999999,35.96000000000001
2063,10315000,10320000,5000,0,100.0,0.0
2064,10320000,10325000,5000,0,100.0,0.0
2065,10325000,10330000,5000,0,100.0,0.0
2066,10330000,10335000,3541,1459,70.82000000000001,29.179999999999993
2067,10335000,10340000,5000,0,100.0,0.0
2068,10340000,10345000,5000,0,100.0,0.0
2069,10345000,10350000,5000,0,100.0,0.0
2070,10350000,10355000,5000,0,100.0,0.0
2071,10355000,10360000,3503,1497,70.06,29.939999999999998
2072,10360000,10365000,5000,0,100.0,0.0
2073,10365000,10370000,5000,0,100.0,0.0
2074,10370000,10375000,5000,0,100.0,0.0
2075,10375000,10380000,3594,1406,71.88,28.120000000000005
2076,10380000,10385000,5000,0,100.0,0.0
2077,10385000,10390000,5000,0,100.0,0.0
2078,10390000,10395000,5000,0,100.0,0.0
2079,10395000,10400000,4255,745,85.1,14.900000000000006
2080,10400000,10405000,4286,714,85.72,14.280000000000001
2081,10405000,10410000,5000,0,100.0,0.0
2082,10410000,10415000,5000,0,100.0,0.0
2083,10415000,10420000,5000,0,100.0,0.0
2084,10420000,10425000,3540,1460,70.8,29.200000000000003
2085,10425000,10430000,5000,0,100.0,0.0
2086,10430000,10435000,5000,0,100.0,0.0
2087,10435000,10440000,5000,0,100.0,0.0
2088,10440000,10445000,3464,1536,69.28,30.72
2089,10445000,10450000,5000,0,100.0,0.0
2090,10450000,10455000,5000,0,100.0,0.0
2091,10455000,10460000,5000,0,100.0,0.0
2092,10460000,10465000,4197,803,83.94,16.060000000000002
2093,10465000,10470000,4453,547,89.05999999999999,10.940000000000012
2094,10470000,10475000,5000,0,100.0,0.0
2095,10475000,10480000,5000,0,100.0,0.0
2096,10480000,10485000,5000,0,100.0,0.0
2097,10485000,10490000,3505,1495,70.1,29.900000000000006
2098,10490000,10495000,5000,0,100.0,0.0
2099,10495000,10500000,5000,0,100.0,0.0
2100,10500000,10505000,5000,0,100.0,0.0
2101,10505000,10510000,3586,1414,71.72,28.28
2102,10510000,10515000,5000,0,100.0,0.0
2103,10515000,10520000,5000,0,100.0,0.0
2104,10520000,10525000,5000,0,100.0,0.0
2105,10525000,10530000,3823,1177,76.46,23.540000000000006
2106,10530000,10535000,4896,104,97.92,2.0799999999999983
2107,10535000,10540000,5000,0,100.0,0.0
2108,10540000,10545000,5000,0,100.0,0.0
2109,10545000,10550000,5000,0,100.0,0.0
2110,10550000,10555000,3595,1405,71.89999999999999,28.10000000000001
2111,10555000,10560000,5000,0,100.0,0.0
2112,10560000,10565000,5000,0,100.0,0.0
2113,10565000,10570000,5000,0,100.0,0.0
2114,10570000,10575000,3542,1458,70.84,29.159999999999997
2115,10575000,10580000,5000,0,100.0,0.0
2116,10580000,10585000,5000,0,100.0,0.0
2117,10585000,10590000,5000,0,100.0,0.0
2118,10590000,10595000,3585,1415,71.7,28.299999999999997
2119,10595000,10600000,5000,0,100.0,0.0
2120,10600000,10605000,5000,0,100.0,0.0
2121,10605000,10610000,5000,0,100.0,0.0
2122,10610000,10615000,4294,706,85.88,14.120000000000005
2123,10615000,10620000,4275,725,85.5,14.5
2124,10620000,10625000,5000,0,100.0,0.0
2125,10625000,10630000,5000,0,100.0,0.0
2126,10630000,10635000,5000,0,100.0,0.0
2127,10635000,10640000,3519,1481,70.38,29.620000000000005
2128,10640000,10645000,5000,0,100.0,0.0
2129,10645000,10650000,5000,0,100.0,0.0
2130,10650000,10655000,5000,0,100.0,0.0
2131,10655000,10660000,3626,1374,72.52,27.480000000000004
2132,10660000,10665000,5000,0,100.0,0.0
2133,10665000,10670000,5000,0,100.0,0.0
2134,10670000,10675000,5000,0,100.0,0.0
2135,10675000,10680000,3653,1347,73.06,26.939999999999998
2136,10680000,10685000,5000,0,100.0,0.0
2137,10685000,10690000,5000,0,100.0,0.0
2138,10690000,10695000,5000,0,100.0,0.0
2139,10695000,10700000,4893,107,97.86,2.1400000000000006
2140,10700000,10705000,3811,1189,76.22,23.78
2141,10705000,10710000,5000,0,100.0,0.0
2142,10710000,10715000,5000,0,100.0,0.0
2143,10715000,10720000,5000,0,100.0,0.0
2144,10720000,10725000,3644,1356,72.88,27.120000000000005
2145,10725000,10730000,5000,0,100.0,0.0
2146,10730000,10735000,5000,0,100.0,0.0
2147,10735000,10740000,5000,0,100.0,0.0
2148,10740000,10745000,4000,1000,80.0,20.0
2149,10745000,10750000,4342,658,86.83999999999999,13.16000000000001
2150,10750000,10755000,5000,0,100.0,0.0
2151,10755000,10760000,5000,0,100.0,0.0
2152,10760000,10765000,5000,0,100.0,0.0
2153,10765000,10770000,3657,1343,73.14,26.86
2154,10770000,10775000,5000,0,100.0,0.0
2155,10775000,10780000,5000,0,100.0,0.0
2156,10780000,10785000,5000,0,100.0,0.0
2157,10785000,10790000,3693,1307,73.86,26.14
2158,10790000,10795000,5000,0,100.0,0.0
2159,10795000,10800000,5000,0,100.0,0.0
2160,10800000,10805000,5000,0,100.0,0.0
2161,10805000,10810000,3713,1287,74.26,25.739999999999995
2162,10810000,10815000,5000,0,100.0,0.0
2163,10815000,10820000,5000,0,100.0,0.0
2164,10820000,10825000,5000,0,100.0,0.0
2165,10825000,10830000,4091,909,81.82000000000001,18.179999999999993
2166,10830000,10835000,4407,593,88.14,11.86
2167,10835000,10840000,5000,0,100.0,0.0
2168,10840000,10845000,5000,0,100.0,0.0
2169,10845000,10850000,5000,0,100.0,0.0
2170,10850000,10855000,3617,1383,72.34,27.659999999999997
2171,10855000,10860000,5000,0,100.0,0.0
2172,10860000,10865000,5000,0,100.0,0.0
2173,10865000,10870000,5000,0,100.0,0.0
2174,10870000,10875000,3565,1435,71.3,28.700000000000003
2175,10875000,10880000,5000,0,100.0,0.0
2176,10880000,10885000,5000,0,100.0,0.0
2177,10885000,10890000,5000,0,100.0,0.0
2178,10890000,10895000,4812,188,96.24000000000001,3.759999999999991
2179,10895000,10900000,3908,1092,78.16,21.840000000000003
2180,10900000,10905000,5000,0,100.0,0.0
2181,10905000,10910000,5000,0,100.0,0.0
2182,10910000,10915000,5000,0,100.0,0.0
2183,10915000,10920000,3610,1390,72.2,27.799999999999997
2184,10920000,10925000,5000,0,100.0,0.0
2185,10925000,10930000,5000,0,100.0,0.0
2186,10930000,10935000,5000,0,100.0,0.0
2187,10935000,10940000,3710,1290,74.2,25.799999999999997
2188,10940000,10945000,5000,0,100.0,0.0
2189,10945000,10950000,5000,0,100.0,0.0
2190,10950000,10955000,5000,0,100.0,0.0
2191,10955000,10960000,3203,1797,64.05999999999999,35.94000000000001
2192,10960000,10965000,5000,0,100.0,0.0
2193,10965000,10970000,5000,0,100.0,0.0
2194,10970000,10975000,5000,0,100.0,0.0
2195,10975000,10980000,3623,1377,72.46000000000001,27.539999999999992
2196,10980000,10985000,5000,0,100.0,0.0
2197,10985000,10990000,5000,0,100.0,0.0
2198,10990000,10995000,5000,0,100.0,0.0
2199,10995000,11000000,5000,0,100.0,0.0
2200,11000000,11005000,5000,0,100.0,0.0
2201,11005000,11010000,5000,0,100.0,0.0
2202,11010000,11015000,5000,0,100.0,0.0
2203,11015000,11020000,5000,0,100.0,0.0
2204,11020000,11025000,5000,0,100.0,0.0
2205,11025000,11030000,5000,0,100.0,0.0
2206,11030000,11035000,5000,0,100.0,0.0
2207,11035000,11040000,5000,0,100.0,0.0
2208,11040000,11045000,5000,0,100.0,0.0
2209,11045000,11050000,5000,0,100.0,0.0
2210,11050000,11055000,5000,0,100.0,0.0
2211,11055000,11060000,3895,1105,77.9,22.099999999999994
2212,11060000,11065000,4559,441,91.18,8.819999999999993
2213,11065000,11070000,5000,0,100.0,0.0
2214,11070000,11075000,5000,0,100.0,0.0
2215,11075000,11080000,5000,0,100.0,0.0
2216,11080000,11085000,3562,1438,71.24000000000001,28.75999999999999
2217,11085000,11090000,5000,0,100.0,0.0
2218,11090000,11095000,5000,0,100.0,0.0
2219,11095000,11100000,5000,0,100.0,0.0
2220,11100000,11105000,5000,0,100.0,0.0
2221,11105000,11110000,3633,1367,72.66,27.340000000000003
2222,11110000,11115000,5000,0,100.0,0.0
2223,11115000,11120000,5000,0,100.0,0.0
2224,11120000,11125000,5000,0,100.0,0.0
2225,11125000,11130000,3221,1779,64.42,35.58
2226,11130000,11135000,5000,0,100.0,0.0
2227,11135000,11140000,5000,0,100.0,0.0
2228,11140000,11145000,5000,0,100.0,0.0
2229,11145000,11150000,5000,0,100.0,0.0
2230,11150000,11155000,2857,2143,57.14,42.86
2231,11155000,11160000,5000,0,100.0,0.0
2232,11160000,11165000,5000,0,100.0,0.0
2233,11165000,11170000,5000,0,100.0,0.0
2234,11170000,11175000,3648,1352,72.96000000000001,27.039999999999992
2235,11175000,11180000,5000,0,100.0,0.0
2236,11180000,11185000,5000,0,100.0,0.0
2237,11185000,11190000,5000,0,100.0,0.0
2238,11190000,11195000,5000,0,100.0,0.0
2239,11195000,11200000,3815,1185,76.3,23.700000000000003
2240,11200000,11205000,4851,149,97.02,2.980000000000004
2241,11205000,11210000,5000,0,100.0,0.0
2242,11210000,11215000,5000,0,100.0,0.0
2243,11215000,11220000,5000,0,100.0,0.0
2244,11220000,11225000,3410,1590,68.2,31.799999999999997
2245,11225000,11230000,5000,0,100.0,0.0
2246,11230000,11235000,5000,0,100.0,0.0
2247,11235000,11240000,5000,0,100.0,0.0
2248,11240000,11245000,4070,930,81.39999999999999,18.60000000000001
2249,11245000,11250000,4512,488,90.24,9.760000000000005
2250,11250000,11255000,5000,0,100.0,0.0
2251,11255000,11260000,5000,0,100.0,0.0
2252,11260000,11265000,5000,0,100.0,0.0
2253,11265000,11270000,3663,1337,73.26,26.739999999999995
2254,11270000,11275000,5000,0,100.0,0.0
2255,11275000,11280000,5000,0,100.0,0.0
2256,11280000,11285000,5000,0,100.0,0.0
2257,11285000,11290000,3578,1422,71.56,28.439999999999998
2258,11290000,11295000,5000,0,100.0,0.0
2259,11295000,11300000,5000,0,100.0,0.0
2260,11300000,11305000,5000,0,100.0,0.0
2261,11305000,11310000,4998,2,99.96000000000001,0.03999999999999204
2262,11310000,11315000,3535,1465,70.7,29.299999999999997
2263,11315000,11320000,5000,0,100.0,0.0
2264,11320000,11325000,5000,0,100.0,0.0
2265,11325000,11330000,5000,0,100.0,0.0
2266,11330000,11335000,4116,884,82.32000000000001,17.679999999999993
2267,11335000,11340000,4440,560,88.8,11.200000000000003
2268,11340000,11345000,5000,0,100.0,0.0
2269,11345000,11350000,5000,0,100.0,0.0
2270,11350000,11355000,5000,0,100.0,0.0
2271,11355000,11360000,3458,1542,69.16,30.840000000000003
2272,11360000,11365000,5000,0,100.0,0.0
2273,11365000,11370000,5000,0,100.0,0.0
2274,11370000,11375000,5000,0,100.0,0.0
2275,11375000,11380000,5000,0,100.0,0.0
2276,11380000,11385000,3678,1322,73.56,26.439999999999998
2277,11385000,11390000,4975,25,99.5,0.5
2278,11390000,11395000,5000,0,100.0,0.0
2279,11395000,11400000,5000,0,100.0,0.0
2280,11400000,11405000,5000,0,100.0,0.0
2281,11405000,11410000,3605,1395,72.1,27.900000000000006
2282,11410000,11415000,5000,0,100.0,0.0
2283,11415000,11420000,5000,0,100.0,0.0
2284,11420000,11425000,5000,0,100.0,0.0
2285,11425000,11430000,3527,1473,70.54,29.459999999999994
2286,11430000,11435000,4796,204,95.92,4.079999999999998
2287,11435000,11440000,5000,0,100.0,0.0
2288,11440000,11445000,5000,0,100.0,0.0
2289,11445000,11450000,4764,236,95.28,4.719999999999999
2290,11450000,11455000,3957,1043,79.14,20.86
2291,11455000,11460000,5000,0,100.0,0.0
2292,11460000,11465000,5000,0,100.0,0.0
2293,11465000,11470000,5000,0,100.0,0.0
2294,11470000,11475000,3588,1412,71.76,28.239999999999995
2295,11475000,11480000,5000,0,100.0,0.0
2296,11480000,11485000,5000,0,100.0,0.0
2297,11485000,11490000,5000,0,100.0,0.0
2298,11490000,11495000,4363,637,87.26,12.739999999999995
2299,11495000,11500000,3868,1132,77.36,22.64
2300,11500000,11505000,5000,0,100.0,0.0
2301,11505000,11510000,5000,0,100.0,0.0
2302,11510000,11515000,5000,0,100.0,0.0
2303,11515000,11520000,3801,1199,76.02,23.980000000000004
2304,11520000,11525000,4461,539,89.22,10.780000000000001
2305,11525000,11530000,5000,0,100.0,0.0
2306,11530000,11535000,5000,0,100.0,0.0
2307,11535000,11540000,5000,0,100.0,0.0
2308,11540000,11545000,3637,1363,72.74000000000001,27.25999999999999
2309,11545000,11550000,5000,0,100.0,0.0
2310,11550000,11555000,5000,0,100.0,0.0
2311,11555000,11560000,5000,0,100.0,0.0
2312,11560000,11565000,5000,0,100.0,0.0
2313,11565000,11570000,3607,1393,72.14,27.86
2314,11570000,11575000,5000,0,100.0,0.0
2315,11575000,11580000,5000,0,100.0,0.0
2316,11580000,11585000,5000,0,100.0,0.0
2317,11585000,11590000,4406,594,88.12,11.879999999999995
2318,11590000,11595000,3977,1023,79.54,20.459999999999994
2319,11595000,11600000,5000,0,100.0,0.0
2320,11600000,11605000,5000,0,100.0,0.0
2321,11605000,11610000,5000,0,100.0,0.0
2322,11610000,11615000,3202,1798,64.03999999999999,35.96000000000001
2323,11615000,11620000,5000,0,100.0,0.0
2324,11620000,11625000,5000,0,100.0,0.0
2325,11625000,11630000,5000,0,100.0,0.0
2326,11630000,11635000,5000,0,100.0,0.0
2327,11635000,11640000,3399,1601,67.97999999999999,32.02000000000001
2328,11640000,11645000,5000,0,100.0,0.0
2329,11645000,11650000,5000,0,100.0,0.0
2330,11650000,11655000,5000,0,100.0,0.0
2331,11655000,11660000,3576,1424,71.52,28.480000000000004
2332,11660000,11665000,5000,0,100.0,0.0
2333,11665000,11670000,5000,0,100.0,0.0
2334,11670000,11675000,5000,0,100.0,0.0
2335,11675000,11680000,3991,1009,79.82000000000001,20.179999999999993
2336,11680000,11685000,3535,1465,70.7,29.299999999999997
2337,11685000,11690000,5000,0,100.0,0.0
2338,11690000,11695000,5000,0,100.0,0.0
2339,11695000,11700000,5000,0,100.0,0.0
2340,11700000,11705000,4606,394,92.12,7.8799999999999955
2341,11705000,11710000,3446,1554,68.92,31.08
2342,11710000,11715000,5000,0,100.0,0.0
2343,11715000,11720000,5000,0,100.0,0.0
2344,11720000,11725000,5000,0,100.0,0.0
2345,11725000,11730000,3624,1376,72.48,27.519999999999996
2346,11730000,11735000,5000,0,100.0,0.0
2347,11735000,11740000,5000,0,100.0,0.0
2348,11740000,11745000,5000,0,100.0,0.0
2349,11745000,11750000,5000,0,100.0,0.0
2350,11750000,11755000,3640,1360,72.8,27.200000000000003
2351,11755000,11760000,5000,0,100.0,0.0
2352,11760000,11765000,5000,0,100.0,0.0
2353,11765000,11770000,5000,0,100.0,0.0
2354,11770000,11775000,3593,1407,71.86,28.14
2355,11775000,11780000,5000,0,100.0,0.0
2356,11780000,11785000,5000,0,100.0,0.0
2357,11785000,11790000,5000,0,100.0,0.0
2358,11790000,11795000,5000,0,100.0,0.0
2359,11795000,11800000,3349,1651,66.97999999999999,33.02000000000001
2360,11800000,11805000,5000,0,100.0,0.0
2361,11805000,11810000,5000,0,100.0,0.0
2362,11810000,11815000,5000,0,100.0,0.0
2363,11815000,11820000,3483,1517,69.66,30.340000000000003
2364,11820000,11825000,5000,0,100.0,0.0
2365,11825000,11830000,5000,0,100.0,0.0
2366,11830000,11835000,5000,0,100.0,0.0
2367,11835000,11840000,5000,0,100.0,0.0
2368,11840000,11845000,3523,1477,70.46,29.540000000000006
2369,11845000,11850000,5000,0,100.0,0.0
2370,11850000,11855000,5000,0,100.0,0.0
2371,11855000,11860000,5000,0,100.0,0.0
2372,11860000,11865000,3837,1163,76.74,23.260000000000005
2373,11865000,11870000,4801,199,96.02000000000001,3.9799999999999898
2374,11870000,11875000,5000,0,100.0,0.0
2375,11875000,11880000,5000,0,100.0,0.0
2376,11880000,11885000,5000,0,100.0,0.0
2377,11885000,11890000,3567,1433,71.34,28.659999999999997
2378,11890000,11895000,5000,0,100.0,0.0
2379,11895000,11900000,5000,0,100.0,0.0
2380,11900000,11905000,5000,0,100.0,0.0
2381,11905000,11910000,3402,1598,68.04,31.959999999999994
2382,11910000,11915000,4908,92,98.16,1.8400000000000034
2383,11915000,11920000,5000,0,100.0,0.0
2384,11920000,11925000,5000,0,100.0,0.0
2385,11925000,11930000,5000,0,100.0,0.0
2386,11930000,11935000,3594,1406,71.88,28.120000000000005
2387,11935000,11940000,5000,0,100.0,0.0
2388,11940000,11945000,5000,0,100.0,0.0
2389,11945000,11950000,5000,0,100.0,0.0
2390,11950000,11955000,3563,1437,71.26,28.739999999999995
2391,11955000,11960000,5000,0,100.0,0.0
2392,11960000,11965000,5000,0,100.0,0.0
2393,11965000,11970000,5000,0,100.0,0.0
2394,11970000,11975000,4931,69,98.61999999999999,1.3800000000000097
2395,11975000,11980000,3649,1351,72.98,27.019999999999996
2396,11980000,11985000,5000,0,100.0,0.0
2397,11985000,11990000,5000,0,100.0,0.0
2398,11990000,11995000,5000,0,100.0,0.0
2399,11995000,12000000,5000,0,100.0,0.0
2400,12000000,12005000,5000,0,100.0,0.0
2401,12005000,12010000,5000,0,100.0,0.0
2402,12010000,12015000,5000,0,100.0,0.0
2403,12015000,12020000,5000,0,100.0,0.0
2404,12020000,12025000,5000,0,100.0,0.0
2405,12025000,12030000,5000,0,100.0,0.0
2406,12030000,12035000,5000,0,100.0,0.0
2407,12035000,12040000,5000,0,100.0,0.0
2408,12040000,12045000,5000,0,100.0,0.0
2409,12045000,12050000,5000,0,100.0,0.0
2410,12050000,12055000,5000,0,100.0,0.0
2411,12055000,12060000,3583,1417,71.66,28.340000000000003
2412,12060000,12065000,5000,0,100.0,0.0
2413,12065000,12070000,5000,0,100.0,0.0
2414,12070000,12075000,5000,0,100.0,0.0
2415,12075000,12080000,3810,1190,76.2,23.799999999999997
2416,12080000,12085000,4025,975,80.5,19.5
2417,12085000,12090000,5000,0,100.0,0.0
2418,12090000,12095000,5000,0,100.0,0.0
2419,12095000,12100000,5000,0,100.0,0.0
2420,12100000,12105000,3053,1947,61.06,38.94
2421,12105000,12110000,5000,0,100.0,0.0
2422,12110000,12115000,5000,0,100.0,0.0
2423,12115000,12120000,5000,0,100.0,0.0
2424,12120000,12125000,5000,0,100.0,0.0
2425,12125000,12130000,3593,1407,71.86,28.14
2426,12130000,12135000,5000,0,100.0,0.0
2427,12135000,12140000,5000,0,100.0,0.0
2428,12140000,12145000,5000,0,100.0,0.0
2429,12145000,12150000,3503,1497,70.06,29.939999999999998
2430,12150000,12155000,5000,0,100.0,0.0
2431,12155000,12160000,5000,0,100.0,0.0
2432,12160000,12165000,5000,0,100.0,0.0
2433,12165000,12170000,5000,0,100.0,0.0
2434,12170000,12175000,3497,1503,69.94,30.060000000000002
2435,12175000,12180000,5000,0,100.0,0.0
2436,12180000,12185000,5000,0,100.0,0.0
2437,12185000,12190000,5000,0,100.0,0.0
2438,12190000,12195000,4041,959,80.82000000000001,19.179999999999993
2439,12195000,12200000,4296,704,85.92,14.079999999999998
2440,12200000,12205000,5000,0,100.0,0.0
2441,12205000,12210000,5000,0,100.0,0.0
2442,12210000,12215000,5000,0,100.0,0.0
2443,12215000,12220000,3561,1439,71.22,28.78
2444,12220000,12225000,5000,0,100.0,0.0
2445,12225000,12230000,5000,0,100.0,0.0
2446,12230000,12235000,5000,0,100.0,0.0
2447,12235000,12240000,5000,0,100.0,0.0
2448,12240000,12245000,3296,1704,65.92,34.08
2449,12245000,12250000,5000,0,100.0,0.0
2450,12250000,12255000,5000,0,100.0,0.0
2451,12255000,12260000,5000,0,100.0,0.0
2452,12260000,12265000,2385,2615,47.699999999999996,52.300000000000004
2453,12265000,12270000,4788,212,95.76,4.239999999999995
2454,12270000,12275000,5000,0,100.0,0.0
2455,12275000,12280000,5000,0,100.0,0.0
2456,12280000,12285000,5000,0,100.0,0.0
2457,12285000,12290000,3672,1328,73.44000000000001,26.559999999999988
2458,12290000,12295000,5000,0,100.0,0.0
2459,12295000,12300000,5000,0,100.0,0.0
2460,12300000,12305000,5000,0,100.0,0.0
2461,12305000,12310000,4761,239,95.22,4.780000000000001
2462,12310000,12315000,3846,1154,76.92,23.08
2463,12315000,12320000,5000,0,100.0,0.0
2464,12320000,12325000,5000,0,100.0,0.0
2465,12325000,12330000,5000,0,100.0,0.0
2466,12330000,12335000,3506,1494,70.12,29.879999999999995
2467,12335000,12340000,5000,0,100.0,0.0
2468,12340000,12345000,5000,0,100.0,0.0
2469,12345000,12350000,5000,0,100.0,0.0
2470,12350000,12355000,3557,1443,71.14,28.86
2471,12355000,12360000,5000,0,100.0,0.0
2472,12360000,12365000,5000,0,100.0,0.0
2473,12365000,12370000,5000,0,100.0,0.0
2474,12370000,12375000,4856,144,97.11999999999999,2.8800000000000097
2475,12375000,12380000,3844,1156,76.88000000000001,23.11999999999999
2476,12380000,12385000,5000,0,100.0,0.0
2477,12385000,12390000,5000,0,100.0,0.0
2478,12390000,12395000,5000,0,100.0,0.0
2479,12395000,12400000,3743,1257,74.86,25.14
2480,12400000,12405000,5000,0,100.0,0.0
2481,12405000,12410000,5000,0,100.0,0.0
2482,12410000,12415000,5000,0,100.0,0.0
2483,12415000,12420000,3597,1403,71.94,28.060000000000002
2484,12420000,12425000,5000,0,100.0,0.0
2485,12425000,12430000,5000,0,100.0,0.0
2486,12430000,12435000,5000,0,100.0,0.0
2487,12435000,12440000,4050,950,81.0,19.0
2488,12440000,12445000,4434,566,88.68,11.319999999999993
2489,12445000,12450000,5000,0,100.0,0.0
2490,12450000,12455000,5000,0,100.0,0.0
2491,12455000,12460000,5000,0,100.0,0.0
2492,12460000,12465000,3530,1470,70.6,29.400000000000006
2493,12465000,12470000,5000,0,100.0,0.0
2494,12470000,12475000,5000,0,100.0,0.0
2495,12475000,12480000,5000,0,100.0,0.0
2496,12480000,12485000,5000,0,100.0,0.0
2497,12485000,12490000,3429,1571,68.58,31.42
2498,12490000,12495000,5000,0,100.0,0.0
2499,12495000,12500000,5000,0,100.0,0.0
2500,12500000,12505000,5000,0,100.0,0.0
2501,12505000,12510000,3640,1360,72.8,27.200000000000003
2502,12510000,12515000,5000,0,100.0,0.0
2503,12515000,12520000,5000,0,100.0,0.0
2504,12520000,12525000,5000,0,100.0,0.0
2505,12525000,12530000,5000,0,100.0,0.0
2506,12530000,12535000,3470,1530,69.39999999999999,30.60000000000001
2507,12535000,12540000,5000,0,100.0,0.0
2508,12540000,12545000,5000,0,100.0,0.0
2509,12545000,12550000,5000,0,100.0,0.0
2510,12550000,12555000,3664,1336,73.28,26.72
2511,12555000,12560000,5000,0,100.0,0.0
2512,12560000,12565000,5000,0,100.0,0.0
2513,12565000,12570000,5000,0,100.0,0.0
2514,12570000,12575000,3593,1407,71.86,28.14
2515,12575000,12580000,5000,0,100.0,0.0
2516,12580000,12585000,5000,0,100.0,0.0
2517,12585000,12590000,5000,0,100.0,0.0
2518,12590000,12595000,4168,832,83.36,16.64
2519,12595000,12600000,4428,572,88.56,11.439999999999998
2520,12600000,12605000,5000,0,100.0,0.0
2521,12605000,12610000,5000,0,100.0,0.0
2522,12610000,12615000,5000,0,100.0,0.0
2523,12615000,12620000,3570,1430,71.39999999999999,28.60000000000001
2524,12620000,12625000,5000,0,100.0,0.0
2525,12625000,12630000,5000,0,100.0,0.0
2526,12630000,12635000,5000,0,100.0,0.0
2527,12635000,12640000,3665,1335,73.3,26.700000000000003
2528,12640000,12645000,5000,0,100.0,0.0
2529,12645000,12650000,5000,0,100.0,0.0
2530,12650000,12655000,5000,0,100.0,0.0
2531,12655000,12660000,5000,0,100.0,0.0
2532,12660000,12665000,5000,0,100.0,0.0
2533,12665000,12670000,5000,0,100.0,0.0
2534,12670000,12675000,5000,0,100.0,0.0
2535,12675000,12680000,5000,0,100.0,0.0
2536,12680000,12685000,3341,1659,66.82000000000001,33.17999999999999
2537,12685000,12690000,504,4496,10.08,89.92
2538,12690000,12695000,4271,729,85.42,14.579999999999998
2539,12695000,12700000,5000,0,100.0,0.0
2540,12700000,12705000,5000,0,100.0,0.0
2541,12705000,12710000,5000,0,100.0,0.0
2542,12710000,12715000,5000,0,100.0,0.0
2543,12715000,12720000,4275,725,85.5,14.5
2544,12720000,12725000,4457,543,89.14,10.86
2545,12725000,12730000,5000,0,100.0,0.0
2546,12730000,12735000,5000,0,100.0,0.0
2547,12735000,12740000,3518,1482,70.36,29.64
2548,12740000,12745000,4910,90,98.2,1.7999999999999972
2549,12745000,12750000,5000,0,100.0,0.0
2550,12750000,12755000,5000,0,100.0,0.0
2551,12755000,12760000,5000,0,100.0,0.0
2552,12760000,12765000,5000,0,100.0,0.0
2553,12765000,12770000,5000,0,100.0,0.0
2554,12770000,12775000,5000,0,100.0,0.0
2555,12775000,12780000,5000,0,100.0,0.0
2556,12780000,12785000,5000,0,100.0,0.0
2557,12785000,12790000,5000,0,100.0,0.0
2558,12790000,12795000,3135,1865,62.7,37.3
2559,12795000,12800000,5000,0,100.0,0.0
2560,12800000,12805000,5000,0,100.0,0.0
2561,12805000,12810000,5000,0,100.0,0.0
2562,12810000,12815000,5000,0,100.0,0.0
2563,12815000,12820000,5000,0,100.0,0.0
2564,12820000,12825000,5000,0,100.0,0.0
2565,12825000,12830000,5000,0,100.0,0.0
2566,12830000,12835000,4851,149,97.02,2.980000000000004
2567,12835000,12840000,3792,1208,75.84,24.159999999999997
2568,12840000,12845000,5000,0,100.0,0.0
2569,12845000,12850000,5000,0,100.0,0.0
2570,12850000,12855000,5000,0,100.0,0.0
2571,12855000,12860000,3618,1382,72.36,27.64
2572,12860000,12865000,5000,0,100.0,0.0
2573,12865000,12870000,5000,0,100.0,0.0
2574,12870000,12875000,5000,0,100.0,0.0
2575,12875000,12880000,3518,1482,70.36,29.64
2576,12880000,12885000,5000,0,100.0,0.0
2577,12885000,12890000,5000,0,100.0,0.0
2578,12890000,12895000,5000,0,100.0,0.0
2579,12895000,12900000,5000,0,100.0,0.0
2580,12900000,12905000,3822,1178,76.44,23.560000000000002
2581,12905000,12910000,4809,191,96.17999999999999,3.8200000000000074
2582,12910000,12915000,5000,0,100.0,0.0
2583,12915000,12920000,5000,0,100.0,0.0
2584,12920000,12925000,5000,0,100.0,0.0
2585,12925000,12930000,5000,0,100.0,0.0
2586,12930000,12935000,5000,0,100.0,0.0
2587,12935000,12940000,5000,0,100.0,0.0
2588,12940000,12945000,3403,1597,68.06,31.939999999999998
2589,12945000,12950000,5000,0,100.0,0.0
2590,12950000,12955000,5000,0,100.0,0.0
2591,12955000,12960000,5000,0,100.0,0.0
2592,12960000,12965000,5000,0,100.0,0.0
2593,12965000,12970000,3476,1524,69.52000000000001,30.47999999999999
2594,12970000,12975000,5000,0,100.0,0.0
2595,12975000,12980000,5000,0,100.0,0.0
2596,12980000,12985000,5000,0,100.0,0.0
2597,12985000,12990000,5000,0,100.0,0.0
2598,12990000,12995000,5000,0,100.0,0.0
2599,12995000,13000000,5000,0,100.0,0.0
2600,13000000,13005000,5000,0,100.0,0.0
2601,13005000,13010000,5000,0,100.0,0.0
2602,13010000,13015000,5000,0,100.0,0.0
2603,13015000,13020000,5000,0,100.0,0.0
2604,13020000,13025000,5000,0,100.0,0.0
2605,13025000,13030000,5000,0,100.0,0.0
2606,13030000,13035000,5000,0,100.0,0.0
2607,13035000,13040000,4896,104,97.92,2.0799999999999983
2608,13040000,13045000,2053,2947,41.06,58.94
2609,13045000,13050000,5000,0,100.0,0.0
2610,13050000,13055000,5000,0,100.0,0.0
2611,13055000,13060000,5000,0,100.0,0.0
2612,13060000,13065000,5000,0,100.0,0.0
2613,13065000,13070000,5000,0,100.0,0.0
2614,13070000,13075000,5000,0,100.0,0.0
2615,13075000,13080000,5000,0,100.0,0.0
2616,13080000,13085000,5000,0,100.0,0.0
2617,13085000,13090000,5000,0,100.0,0.0
2618,13090000,13095000,5000,0,100.0,0.0
2619,13095000,13100000,5000,0,100.0,0.0
2620,13100000,13105000,5000,0,100.0,0.0
2621,13105000,13110000,5000,0,100.0,0.0
2622,13110000,13115000,5000,0,100.0,0.0
2623,13115000,13120000,2416,2584,48.32,51.68
2624,13120000,13125000,5000,0,100.0,0.0
2625,13125000,13130000,5000,0,100.0,0.0
2626,13130000,13135000,5000,0,100.0,0.0
2627,13135000,13140000,5000,0,100.0,0.0
2628,13140000,13145000,5000,0,100.0,0.0
2629,13145000,13150000,5000,0,100.0,0.0
2630,13150000,13155000,5000,0,100.0,0.0
2631,13155000,13160000,5000,0,100.0,0.0
2632,13160000,13165000,5000,0,100.0,0.0
2633,13165000,13170000,5000,0,100.0,0.0
2634,13170000,13175000,5000,0,100.0,0.0
2635,13175000,13180000,5000,0,100.0,0.0
2636,13180000,13185000,5000,0,100.0,0.0
2637,13185000,13190000,5000,0,100.0,0.0
2638,13190000,13195000,4284,716,85.68,14.319999999999993
2639,13195000,13200000,3890,1110,77.8,22.200000000000003
2640,13200000,13205000,5000,0,100.0,0.0
2641,13205000,13210000,5000,0,100.0,0.0
2642,13210000,13215000,5000,0,100.0,0.0
2643,13215000,13220000,5000,0,100.0,0.0
2644,13220000,13225000,3135,1865,62.7,37.3
2645,13225000,13230000,5000,0,100.0,0.0
2646,13230000,13235000,5000,0,100.0,0.0
2647,13235000,13240000,5000,0,100.0,0.0
2648,13240000,13245000,5000,0,100.0,0.0
2649,13245000,13250000,5000,0,100.0,0.0
2650,13250000,13255000,3196,1804,63.92,36.08
2651,13255000,13260000,5000,0,100.0,0.0
2652,13260000,13265000,5000,0,100.0,0.0
2653,13265000,13270000,5000,0,100.0,0.0
2654,13270000,13275000,5000,0,100.0,0.0
2655,13275000,13280000,3867,1133,77.34,22.659999999999997
2656,13280000,13285000,4363,637,87.26,12.739999999999995
2657,13285000,13290000,5000,0,100.0,0.0
2658,13290000,13295000,5000,0,100.0,0.0
2659,13295000,13300000,5000,0,100.0,0.0
2660,13300000,13305000,5000,0,100.0,0.0
2661,13305000,13310000,5000,0,100.0,0.0
2662,13310000,13315000,5000,0,100.0,0.0
2663,13315000,13320000,5000,0,100.0,0.0
2664,13320000,13325000,3265,1735,65.3,34.7
2665,13325000,13330000,5000,0,100.0,0.0
2666,13330000,13335000,5000,0,100.0,0.0
2667,13335000,13340000,5000,0,100.0,0.0
2668,13340000,13345000,5000,0,100.0,0.0
2669,13345000,13350000,5000,0,100.0,0.0
2670,13350000,13355000,3136,1864,62.72,37.28
2671,13355000,13360000,5000,0,100.0,0.0
2672,13360000,13365000,5000,0,100.0,0.0
2673,13365000,13370000,5000,0,100.0,0.0
2674,13370000,13375000,5000,0,100.0,0.0
2675,13375000,13380000,5000,0,100.0,0.0
2676,13380000,13385000,5000,0,100.0,0.0
2677,13385000,13390000,3122,1878,62.44,37.56
2678,13390000,13395000,5000,0,100.0,0.0
2679,13395000,13400000,5000,0,100.0,0.0
2680,13400000,13405000,5000,0,100.0,0.0
2681,13405000,13410000,5000,0,100.0,0.0
2682,13410000,13415000,5000,0,100.0,0.0
2683,13415000,13420000,3455,1545,69.1,30.900000000000006
2684,13420000,13425000,4698,302,93.96,6.040000000000006
2685,13425000,13430000,5000,0,100.0,0.0
2686,13430000,13435000,5000,0,100.0,0.0
2687,13435000,13440000,5000,0,100.0,0.0
2688,13440000,13445000,5000,0,100.0,0.0
2689,13445000,13450000,3157,1843,63.13999999999999,36.86000000000001
2690,13450000,13455000,5000,0,100.0,0.0
2691,13455000,13460000,5000,0,100.0,0.0
2692,13460000,13465000,5000,0,100.0,0.0
2693,13465000,13470000,5000,0,100.0,0.0
2694,13470000,13475000,5000,0,100.0,0.0
2695,13475000,13480000,5000,0,100.0,0.0
2696,13480000,13485000,1302,3698,26.040000000000003,73.96
2697,13485000,13490000,4369,631,87.38,12.620000000000005
2698,13490000,13495000,5000,0,100.0,0.0
2699,13495000,13500000,5000,0,100.0,0.0
2700,13500000,13505000,5000,0,100.0,0.0
2701,13505000,13510000,5000,0,100.0,0.0
2702,13510000,13515000,4737,263,94.74000000000001,5.259999999999991
2703,13515000,13520000,3377,1623,67.54,32.459999999999994
2704,13520000,13525000,5000,0,100.0,0.0
2705,13525000,13530000,5000,0,100.0,0.0
2706,13530000,13535000,5000,0,100.0,0.0
2707,13535000,13540000,5000,0,100.0,0.0
2708,13540000,13545000,5000,0,100.0,0.0
2709,13545000,13550000,3770,1230,75.4,24.599999999999994
2710,13550000,13555000,4174,826,83.48,16.519999999999996
2711,13555000,13560000,5000,0,100.0,0.0
2712,13560000,13565000,5000,0,100.0,0.0
2713,13565000,13570000,5000,0,100.0,0.0
2714,13570000,13575000,5000,0,100.0,0.0
2715,13575000,13580000,5000,0,100.0,0.0
2716,13580000,13585000,5000,0,100.0,0.0
2717,13585000,13590000,5000,0,100.0,0.0
2718,13590000,13595000,3147,1853,62.94,37.06
2719,13595000,13600000,4825,175,96.5,3.5
2720,13600000,13605000,5000,0,100.0,0.0
2721,13605000,13610000,5000,0,100.0,0.0
2722,13610000,13615000,5000,0,100.0,0.0
2723,13615000,13620000,5000,0,100.0,0.0
2724,13620000,13625000,5000,0,100.0,0.0
2725,13625000,13630000,2786,2214,55.720000000000006,44.279999999999994
2726,13630000,13635000,5000,0,100.0,0.0
2727,13635000,13640000,5000,0,100.0,0.0
2728,13640000,13645000,5000,0,100.0,0.0
2729,13645000,13650000,5000,0,100.0,0.0
2730,13650000,13655000,5000,0,100.0,0.0
2731,13655000,13660000,4716,284,94.32000000000001,5.679999999999993
2732,13660000,13665000,3161,1839,63.22,36.78
2733,13665000,13670000,5000,0,100.0,0.0
2734,13670000,13675000,5000,0,100.0,0.0
2735,13675000,13680000,5000,0,100.0,0.0
2736,13680000,13685000,5000,0,100.0,0.0
2737,13685000,13690000,5000,0,100.0,0.0
2738,13690000,13695000,5000,0,100.0,0.0
2739,13695000,13700000,2945,2055,58.9,41.1
2740,13700000,13705000,5000,0,100.0,0.0
2741,13705000,13710000,5000,0,100.0,0.0
2742,13710000,13715000,5000,0,100.0,0.0
2743,13715000,13720000,5000,0,100.0,0.0
2744,13720000,13725000,5000,0,100.0,0.0
2745,13725000,13730000,5000,0,100.0,0.0
2746,13730000,13735000,5000,0,100.0,0.0
2747,13735000,13740000,2742,2258,54.84,45.16
2748,13740000,13745000,5000,0,100.0,0.0
2749,13745000,13750000,5000,0,100.0,0.0
2750,13750000,13755000,5000,0,100.0,0.0
2751,13755000,13760000,5000,0,100.0,0.0
2752,13760000,13765000,5000,0,100.0,0.0
2753,13765000,13770000,5000,0,100.0,0.0
2754,13770000,13775000,5000,0,100.0,0.0
2755,13775000,13780000,2841,2159,56.82000000000001,43.17999999999999
2756,13780000,13785000,4966,34,99.32,0.6800000000000068
2757,13785000,13790000,5000,0,100.0,0.0
2758,13790000,13795000,5000,0,100.0,0.0
2759,13795000,13800000,5000,0,100.0,0.0
2760,13800000,13805000,5000,0,100.0,0.0
2761,13805000,13810000,5000,0,100.0,0.0
2762,13810000,13815000,5000,0,100.0,0.0
2763,13815000,13820000,2890,2110,57.8,42.2
2764,13820000,13825000,5000,0,100.0,0.0
2765,13825000,13830000,5000,0,100.0,0.0
2766,13830000,13835000,5000,0,100.0,0.0
2767,13835000,13840000,5000,0,100.0,0.0
2768,13840000,13845000,5000,0,100.0,0.0
2769,13845000,13850000,5000,0,100.0,0.0
2770,13850000,13855000,5000,0,100.0,0.0
2771,13855000,13860000,2718,2282,54.36,45.64
2772,13860000,13865000,5000,0,100.0,0.0
2773,13865000,13870000,5000,0,100.0,0.0
2774,13870000,13875000,5000,0,100.0,0.0
2775,13875000,13880000,5000,0,100.0,0.0
2776,13880000,13885000,5000,0,100.0,0.0
2777,13885000,13890000,5000,0,100.0,0.0
2778,13890000,13895000,5000,0,100.0,0.0
2779,13895000,13900000,5000,0,100.0,0.0
2780,13900000,13905000,2848,2152,56.96,43.04
2781,13905000,13910000,5000,0,100.0,0.0
2782,13910000,13915000,5000,0,100.0,0.0
2783,13915000,13920000,5000,0,100.0,0.0
2784,13920000,13925000,5000,0,100.0,0.0
2785,13925000,13930000,5000,0,100.0,0.0
2786,13930000,13935000,5000,0,100.0,0.0
2787,13935000,13940000,5000,0,100.0,0.0
2788,13940000,13945000,2806,2194,56.120000000000005,43.879999999999995
2789,13945000,13950000,5000,0,100.0,0.0
2790,13950000,13955000,5000,0,100.0,0.0
2791,13955000,13960000,5000,0,100.0,0.0
2792,13960000,13965000,5000,0,100.0,0.0
2793,13965000,13970000,5000,0,100.0,0.0
2794,13970000,13975000,5000,0,100.0,0.0
2795,13975000,13980000,5000,0,100.0,0.0
2796,13980000,13985000,5000,0,100.0,0.0
2797,13985000,13990000,5000,0,100.0,0.0
2798,13990000,13995000,5000,0,100.0,0.0
2799,13995000,14000000,5000,0,100.0,0.0
2800,14000000,14005000,5000,0,100.0,0.0
2801,14005000,14010000,5000,0,100.0,0.0
2802,14010000,14015000,5000,0,100.0,0.0
2803,14015000,14020000,5000,0,100.0,0.0
2804,14020000,14025000,5000,0,100.0,0.0
2805,14025000,14030000,5000,0,100.0,0.0
2806,14030000,14035000,5000,0,100.0,0.0
2807,14035000,14040000,3437,1563,68.74,31.260000000000005
2808,14040000,14045000,4196,804,83.91999999999999,16.080000000000013
2809,14045000,14050000,5000,0,100.0,0.0
2810,14050000,14055000,5000,0,100.0,0.0
2811,14055000,14060000,5000,0,100.0,0.0
2812,14060000,14065000,5000,0,100.0,0.0
2813,14065000,14070000,5000,0,100.0,0.0
2814,14070000,14075000,5000,0,100.0,0.0
2815,14075000,14080000,5000,0,100.0,0.0
2816,14080000,14085000,2689,2311,53.779999999999994,46.220000000000006
2817,14085000,14090000,5000,0,100.0,0.0
2818,14090000,14095000,5000,0,100.0,0.0
2819,14095000,14100000,5000,0,100.0,0.0
2820,14100000,14105000,5000,0,100.0,0.0
2821,14105000,14110000,5000,0,100.0,0.0
2822,14110000,14115000,5000,0,100.0,0.0
2823,14115000,14120000,5000,0,100.0,0.0
2824,14120000,14125000,5000,0,100.0,0.0
2825,14125000,14130000,2744,2256,54.879999999999995,45.120000000000005
2826,14130000,14135000,5000,0,100.0,0.0
2827,14135000,14140000,5000,0,100.0,0.0
2828,14140000,14145000,5000,0,100.0,0.0
2829,14145000,14150000,5000,0,100.0,0.0
2830,14150000,14155000,5000,0,100.0,0.0
2831,14155000,14160000,5000,0,100.0,0.0
2832,14160000,14165000,4021,979,80.42,19.58
2833,14165000,14170000,3605,1395,72.1,27.900000000000006
2834,14170000,14175000,5000,0,100.0,0.0
2835,14175000,14180000,5000,0,100.0,0.0
2836,14180000,14185000,5000,0,100.0,0.0
2837,14185000,14190000,5000,0,100.0,0.0
2838,14190000,14195000,5000,0,100.0,0.0
2839,14195000,14200000,5000,0,100.0,0.0
2840,14200000,14205000,2595,2405,51.9,48.1
2841,14205000,14210000,4978,22,99.56,0.4399999999999977
2842,14210000,14215000,5000,0,100.0,0.0
2843,14215000,14220000,5000,0,100.0,0.0
2844,14220000,14225000,5000,0,100.0,0.0
2845,14225000,14230000,5000,0,100.0,0.0
2846,14230000,14235000,5000,0,100.0,0.0
2847,14235000,14240000,5000,0,100.0,0.0
2848,14240000,14245000,2587,2413,51.739999999999995,48.260000000000005
2849,14245000,14250000,5000,0,100.0,0.0
2850,14250000,14255000,5000,0,100.0,0.0
2851,14255000,14260000,5000,0,100.0,0.0
2852,14260000,14265000,5000,0,100.0,0.0
2853,14265000,14270000,5000,0,100.0,0.0
2854,14270000,14275000,5000,0,100.0,0.0
2855,14275000,14280000,5000,0,100.0,0.0
2856,14280000,14285000,5000,0,100.0,0.0
2857,14285000,14290000,5000,0,100.0,0.0
2858,14290000,14295000,5000,0,100.0,0.0
2859,14295000,14300000,2606,2394,52.12,47.88
2860,14300000,14305000,5000,0,100.0,0.0
2861,14305000,14310000,5000,0,100.0,0.0
2862,14310000,14315000,5000,0,100.0,0.0
2863,14315000,14320000,5000,0,100.0,0.0
2864,14320000,14325000,5000,0,100.0,0.0
2865,14325000,14330000,5000,0,100.0,0.0
2866,14330000,14335000,2810,2190,56.2,43.8
2867,14335000,14340000,5000,0,100.0,0.0
2868,14340000,14345000,5000,0,100.0,0.0
2869,14345000,14350000,5000,0,100.0,0.0
2870,14350000,14355000,5000,0,100.0,0.0
2871,14355000,14360000,5000,0,100.0,0.0
2872,14360000,14365000,5000,0,100.0,0.0
2873,14365000,14370000,5000,0,100.0,0.0
2874,14370000,14375000,2816,2184,56.32,43.68
2875,14375000,14380000,5000,0,100.0,0.0
2876,14380000,14385000,5000,0,100.0,0.0
2877,14385000,14390000,5000,0,100.0,0.0
2878,14390000,14395000,5000,0,100.0,0.0
2879,14395000,14400000,5000,0,100.0,0.0
2880,14400000,14405000,4740,260,94.8,5.200000000000003
2881,14405000,14410000,3173,1827,63.46000000000001,36.53999999999999
2882,14410000,14415000,5000,0,100.0,0.0
2883,14415000,14420000,5000,0,100.0,0.0
2884,14420000,14425000,5000,0,100.0,0.0
2885,14425000,14430000,5000,0,100.0,0.0
2886,14430000,14435000,5000,0,100.0,0.0
2887,14435000,14440000,2980,2020,59.599999999999994,40.400000000000006
2888,14440000,14445000,5000,0,100.0,0.0
2889,14445000,14450000,5000,0,100.0,0.0
2890,14450000,14455000,5000,0,100.0,0.0
2891,14455000,14460000,5000,0,100.0,0.0
2892,14460000,14465000,5000,0,100.0,0.0
2893,14465000,14470000,5000,0,100.0,0.0
2894,14470000,14475000,2553,2447,51.06,48.94
2895,14475000,14480000,4267,733,85.34,14.659999999999997
2896,14480000,14485000,5000,0,100.0,0.0
2897,14485000,14490000,5000,0,100.0,0.0
2898,14490000,14495000,5000,0,100.0,0.0
2899,14495000,14500000,5000,0,100.0,0.0
2900,14500000,14505000,5000,0,100.0,0.0
2901,14505000,14510000,5000,0,100.0,0.0
2902,14510000,14515000,2862,2138,57.24,42.76
2903,14515000,14520000,5000,0,100.0,0.0
2904,14520000,14525000,5000,0,100.0,0.0
2905,14525000,14530000,5000,0,100.0,0.0
2906,14530000,14535000,5000,0,100.0,0.0
2907,14535000,14540000,5000,0,100.0,0.0
2908,14540000,14545000,3125,1875,62.5,37.5
2909,14545000,14550000,5000,0,100.0,0.0
2910,14550000,14555000,5000,0,100.0,0.0
2911,14555000,14560000,5000,0,100.0,0.0
2912,14560000,14565000,5000,0,100.0,0.0
2913,14565000,14570000,5000,0,100.0,0.0
2914,14570000,14575000,3150,1850,63.0,37.0
2915,14575000,14580000,5000,0,100.0,0.0
2916,14580000,14585000,5000,0,100.0,0.0
2917,14585000,14590000,5000,0,100.0,0.0
2918,14590000,14595000,5000,0,100.0,0.0
2919,14595000,14600000,5000,0,100.0,0.0
2920,14600000,14605000,3091,1909,61.82,38.18
2921,14605000,14610000,5000,0,100.0,0.0
2922,14610000,14615000,5000,0,100.0,0.0
2923,14615000,14620000,5000,0,100.0,0.0
2924,14620000,14625000,5000,0,100.0,0.0
2925,14625000,14630000,5000,0,100.0,0.0
2926,14630000,14635000,5000,0,100.0,0.0
2927,14635000,14640000,5000,0,100.0,0.0
2928,14640000,14645000,2839,2161,56.779999999999994,43.220000000000006
2929,14645000,14650000,5000,0,100.0,0.0
2930,14650000,14655000,5000,0,100.0,0.0
2931,14655000,14660000,5000,0,100.0,0.0
2932,14660000,14665000,5000,0,100.0,0.0
2933,14665000,14670000,3961,1039,79.22,20.78
2934,14670000,14675000,4289,711,85.78,14.219999999999999
2935,14675000,14680000,5000,0,100.0,0.0
2936,14680000,14685000,5000,0,100.0,0.0
2937,14685000,14690000,5000,0,100.0,0.0
2938,14690000,14695000,5000,0,100.0,0.0
2939,14695000,14700000,1847,3153,36.94,63.06
2940,14700000,14705000,4711,289,94.22,5.780000000000001
2941,14705000,14710000,5000,0,100.0,0.0
2942,14710000,14715000,5000,0,100.0,0.0
2943,14715000,14720000,5000,0,100.0,0.0
2944,14720000,14725000,5000,0,100.0,0.0
2945,14725000,14730000,5000,0,100.0,0.0
2946,14730000,14735000,3175,1825,63.5,36.5
2947,14735000,14740000,5000,0,100.0,0.0
2948,14740000,14745000,5000,0,100.0,0.0
2949,14745000,14750000,5000,0,100.0,0.0
2950,14750000,14755000,5000,0,100.0,0.0
2951,14755000,14760000,5000,0,100.0,0.0
2952,14760000,14765000,3231,1769,64.62,35.379999999999995
2953,14765000,14770000,5000,0,100.0,0.0
2954,14770000,14775000,5000,0,100.0,0.0
2955,14775000,14780000,5000,0,100.0,0.0
2956,14780000,14785000,5000,0,100.0,0.0
2957,14785000,14790000,4183,817,83.66,16.340000000000003
2958,14790000,14795000,4092,908,81.84,18.159999999999997
2959,14795000,14800000,5000,0,100.0,0.0
2960,14800000,14805000,5000,0,100.0,0.0
2961,14805000,14810000,5000,0,100.0,0.0
2962,14810000,14815000,5000,0,100.0,0.0
2963,14815000,14820000,3262,1738,65.24,34.760000000000005
2964,14820000,14825000,5000,0,100.0,0.0
2965,14825000,14830000,5000,0,100.0,0.0
2966,14830000,14835000,5000,0,100.0,0.0
2967,14835000,14840000,5000,0,100.0,0.0
2968,14840000,14845000,3460,1540,69.19999999999999,30.80000000000001
2969,14845000,14850000,5000,0,100.0,0.0
2970,14850000,14855000,5000,0,100.0,0.0
2971,14855000,14860000,5000,0,100.0,0.0
2972,14860000,14865000,5000,0,100.0,0.0
2973,14865000,14870000,3399,1601,67.97999999999999,32.02000000000001
2974,14870000,14875000,5000,0,100.0,0.0
2975,14875000,14880000,5000,0,100.0,0.0
2976,14880000,14885000,5000,0,100.0,0.0
2977,14885000,14890000,4997,3,99.94,0.060000000000002274
2978,14890000,14895000,3317,1683,66.34,33.66
2979,14895000,14900000,5000,0,100.0,0.0
2980,14900000,14905000,5000,0,100.0,0.0
2981,14905000,14910000,5000,0,100.0,0.0
2982,14910000,14915000,5000,0,100.0,0.0
2983,14915000,14920000,2210,2790,44.2,55.8
2984,14920000,14925000,5000,0,100.0,0.0
2985,14925000,14930000,5000,0,100.0,0.0
2986,14930000,14935000,5000,0,100.0,0.0
2987,14935000,14940000,5000,0,100.0,0.0
2988,14940000,14945000,5000,0,100.0,0.0
2989,14945000,14950000,3351,1649,67.02,32.980000000000004
2990,14950000,14955000,5000,0,100.0,0.0
2991,14955000,14960000,5000,0,100.0,0.0
2992,14960000,14965000,5000,0,100.0,0.0
2993,14965000,14970000,4635,365,92.7,7.299999999999997
2994,14970000,14975000,3891,1109,77.82,22.180000000000007
2995,14975000,14980000,5000,0,100.0,0.0
2996,14980000,14985000,5000,0,100.0,0.0
2997,14985000,14990000,5000,0,100.0,0.0
2998,14990000,14995000,5000,0,100.0,0.0
2999,14995000,15000000,5000,0,100.0,0.0
3000,15000000,15005000,5000,0,100.0,0.0
3001,15005000,15010000,5000,0,100.0,0.0
3002,15010000,15015000,5000,0,100.0,0.0
3003,15015000,15020000,5000,0,100.0,0.0
3004,15020000,15025000,5000,0,100.0,0.0
3005,15025000,15030000,5000,0,100.0,0.0
3006,15030000,15035000,5000,0,100.0,0.0
3007,15035000,15040000,5000,0,100.0,0.0
3008,15040000,15045000,5000,0,100.0,0.0
3009,15045000,15050000,5000,0,100.0,0.0
3010,15050000,15055000,3413,1587,68.26,31.739999999999995
3011,15055000,15060000,4994,6,99.88,0.12000000000000455
3012,15060000,15065000,5000,0,100.0,0.0
3013,15065000,15070000,5000,0,100.0,0.0
3014,15070000,15075000,5000,0,100.0,0.0
3015,15075000,15080000,3741,1259,74.82,25.180000000000007
3016,15080000,15085000,4789,211,95.78,4.219999999999999
3017,15085000,15090000,5000,0,100.0,0.0
3018,15090000,15095000,5000,0,100.0,0.0
3019,15095000,15100000,5000,0,100.0,0.0
3020,15100000,15105000,3494,1506,69.88,30.120000000000005
3021,15105000,15110000,5000,0,100.0,0.0
3022,15110000,15115000,5000,0,100.0,0.0
3023,15115000,15120000,5000,0,100.0,0.0
3024,15120000,15125000,5000,0,100.0,0.0
3025,15125000,15130000,4254,746,85.08,14.920000000000002
3026,15130000,15135000,4243,757,84.86,15.14
3027,15135000,15140000,5000,0,100.0,0.0
3028,15140000,15145000,5000,0,100.0,0.0
3029,15145000,15150000,5000,0,100.0,0.0
3030,15150000,15155000,3504,1496,70.08,29.92
3031,15155000,15160000,5000,0,100.0,0.0
3032,15160000,15165000,5000,0,100.0,0.0
3033,15165000,15170000,5000,0,100.0,0.0
3034,15170000,15175000,5000,0,100.0,0.0
3035,15175000,15180000,3494,1506,69.88,30.120000000000005
3036,15180000,15185000,5000,0,100.0,0.0
3037,15185000,15190000,5000,0,100.0,0.0
3038,15190000,15195000,5000,0,100.0,0.0
3039,15195000,15200000,5000,0,100.0,0.0
3040,15200000,15205000,3498,1502,69.96,30.040000000000006
3041,15205000,15210000,5000,0,100.0,0.0
3042,15210000,15215000,5000,0,100.0,0.0
3043,15215000,15220000,5000,0,100.0,0.0
3044,15220000,15225000,4236,764,84.72,15.280000000000001
3045,15225000,15230000,4002,998,80.04,19.959999999999994
3046,15230000,15235000,5000,0,100.0,0.0
3047,15235000,15240000,5000,0,100.0,0.0
3048,15240000,15245000,5000,0,100.0,0.0
3049,15245000,15250000,3576,1424,71.52,28.480000000000004
3050,15250000,15255000,5000,0,100.0,0.0
3051,15255000,15260000,5000,0,100.0,0.0
3052,15260000,15265000,5000,0,100.0,0.0
3053,15265000,15270000,3796,1204,75.92,24.08
3054,15270000,15275000,4050,950,81.0,19.0
3055,15275000,15280000,5000,0,100.0,0.0
3056,15280000,15285000,5000,0,100.0,0.0
3057,15285000,15290000,5000,0,100.0,0.0
3058,15290000,15295000,3604,1396,72.08,27.92
3059,15295000,15300000,5000,0,100.0,0.0
3060,15300000,15305000,5000,0,100.0,0.0
3061,15305000,15310000,5000,0,100.0,0.0
3062,15310000,15315000,5000,0,100.0,0.0
3063,15315000,15320000,3468,1532,69.36,30.64
3064,15320000,15325000,4872,128,97.44,2.5600000000000023
3065,15325000,15330000,5000,0,100.0,0.0
3066,15330000,15335000,5000,0,100.0,0.0
3067,15335000,15340000,5000,0,100.0,0.0
3068,15340000,15345000,3451,1549,69.02000000000001,30.97999999999999
3069,15345000,15350000,5000,0,100.0,0.0
3070,15350000,15355000,5000,0,100.0,0.0
3071,15355000,15360000,5000,0,100.0,0.0
3072,15360000,15365000,5000,0,100.0,0.0
3073,15365000,15370000,5000,0,100.0,0.0
3074,15370000,15375000,3006,1994,60.12,39.88
3075,15375000,15380000,5000,0,100.0,0.0
3076,15380000,15385000,5000,0,100.0,0.0
3077,15385000,15390000,5000,0,100.0,0.0
3078,15390000,15395000,5000,0,100.0,0.0
3079,15395000,15400000,4138,862,82.76,17.239999999999995
3080,15400000,15405000,4221,779,84.42,15.579999999999998
3081,15405000,15410000,5000,0,100.0,0.0
3082,15410000,15415000,5000,0,100.0,0.0
3083,15415000,15420000,5000,0,100.0,0.0
3084,15420000,15425000,5000,0,100.0,0.0
3085,15425000,15430000,3351,1649,67.02,32.980000000000004
3086,15430000,15435000,5000,0,100.0,0.0
3087,15435000,15440000,5000,0,100.0,0.0
3088,15440000,15445000,5000,0,100.0,0.0
3089,15445000,15450000,5000,0,100.0,0.0
3090,15450000,15455000,3269,1731,65.38000000000001,34.61999999999999
3091,15455000,15460000,5000,0,100.0,0.0
3092,15460000,15465000,5000,0,100.0,0.0
3093,15465000,15470000,5000,0,100.0,0.0
3094,15470000,15475000,5000,0,100.0,0.0
3095,15475000,15480000,5000,0,100.0,0.0
3096,15480000,15485000,5000,0,100.0,0.0
3097,15485000,15490000,3199,1801,63.980000000000004,36.019999999999996
3098,15490000,15495000,5000,0,100.0,0.0
3099,15495000,15500000,5000,0,100.0,0.0
3100,15500000,15505000,5000,0,100.0,0.0
3101,15505000,15510000,5000,0,100.0,0.0
3102,15510000,15515000,5000,0,100.0,0.0
3103,15515000,15520000,3244,1756,64.88000000000001,35.11999999999999
3104,15520000,15525000,5000,0,100.0,0.0
3105,15525000,15530000,5000,0,100.0,0.0
3106,15530000,15535000,5000,0,100.0,0.0
3107,15535000,15540000,5000,0,100.0,0.0
3108,15540000,15545000,3807,1193,76.14,23.86
3109,15545000,15550000,4300,700,86.0,14.0
3110,15550000,15555000,5000,0,100.0,0.0
3111,15555000,15560000,5000,0,100.0,0.0
3112,15560000,15565000,5000,0,100.0,0.0
3113,15565000,15570000,5000,0,100.0,0.0
3114,15570000,15575000,4723,277,94.46,5.540000000000006
3115,15575000,15580000,2469,2531,49.38,50.62
3116,15580000,15585000,5000,0,100.0,0.0
3117,15585000,15590000,5000,0,100.0,0.0
3118,15590000,15595000,5000,0,100.0,0.0
3119,15595000,15600000,5000,0,100.0,0.0
3120,15600000,15605000,5000,0,100.0,0.0
3121,15605000,15610000,2766,2234,55.32,44.68
3122,15610000,15615000,5000,0,100.0,0.0
3123,15615000,15620000,5000,0,100.0,0.0
3124,15620000,15625000,5000,0,100.0,0.0
3125,15625000,15630000,5000,0,100.0,0.0
3126,15630000,15635000,5000,0,100.0,0.0
3127,15635000,15640000,3173,1827,63.46000000000001,36.53999999999999
3128,15640000,15645000,5000,0,100.0,0.0
3129,15645000,15650000,5000,0,100.0,0.0
3130,15650000,15655000,5000,0,100.0,0.0
3131,15655000,15660000,5000,0,100.0,0.0
3132,15660000,15665000,5000,0,100.0,0.0
3133,15665000,15670000,2165,2835,43.3,56.7
3134,15670000,15675000,5000,0,100.0,0.0
3135,15675000,15680000,5000,0,100.0,0.0
3136,15680000,15685000,5000,0,100.0,0.0
3137,15685000,15690000,5000,0,100.0,0.0
3138,15690000,15695000,5000,0,100.0,0.0
3139,15695000,15700000,5000,0,100.0,0.0
3140,15700000,15705000,3150,1850,63.0,37.0
3141,15705000,15710000,5000,0,100.0,0.0
3142,15710000,15715000,5000,0,100.0,0.0
3143,15715000,15720000,5000,0,100.0,0.0
3144,15720000,15725000,5000,0,100.0,0.0
3145,15725000,15730000,5000,0,100.0,0.0
3146,15730000,15735000,4150,850,83.0,17.0
3147,15735000,15740000,3936,1064,78.72,21.28
3148,15740000,15745000,5000,0,100.0,0.0
3149,15745000,15750000,5000,0,100.0,0.0
3150,15750000,15755000,5000,0,100.0,0.0
3151,15755000,15760000,5000,0,100.0,0.0
3152,15760000,15765000,4408,592,88.16000000000001,11.83999999999999
3153,15765000,15770000,3618,1382,72.36,27.64
3154,15770000,15775000,5000,0,100.0,0.0
3155,15775000,15780000,5000,0,100.0,0.0
3156,15780000,15785000,5000,0,100.0,0.0
3157,15785000,15790000,5000,0,100.0,0.0
3158,15790000,15795000,3183,1817,63.660000000000004,36.339999999999996
3159,15795000,15800000,5000,0,100.0,0.0
3160,15800000,15805000,5000,0,100.0,0.0
3161,15805000,15810000,5000,0,100.0,0.0
3162,15810000,15815000,5000,0,100.0,0.0
3163,15815000,15820000,5000,0,100.0,0.0
3164,15820000,15825000,5000,0,100.0,0.0
3165,15825000,15830000,3200,1800,64.0,36.0
3166,15830000,15835000,5000,0,100.0,0.0
3167,15835000,15840000,5000,0,100.0,0.0
3168,15840000,15845000,5000,0,100.0,0.0
3169,15845000,15850000,5000,0,100.0,0.0
3170,15850000,15855000,5000,0,100.0,0.0
3171,15855000,15860000,3146,1854,62.92,37.08
3172,15860000,15865000,5000,0,100.0,0.0
3173,15865000,15870000,5000,0,100.0,0.0
3174,15870000,15875000,5000,0,100.0,0.0
3175,15875000,15880000,5000,0,100.0,0.0
3176,15880000,15885000,5000,0,100.0,0.0
3177,15885000,15890000,2928,2072,58.56,41.44
3178,15890000,15895000,5000,0,100.0,0.0
3179,15895000,15900000,5000,0,100.0,0.0
3180,15900000,15905000,5000,0,100.0,0.0
3181,15905000,15910000,5000,0,100.0,0.0
3182,15910000,15915000,5000,0,100.0,0.0
3183,15915000,15920000,3124,1876,62.480000000000004,37.519999999999996
3184,15920000,15925000,5000,0,100.0,0.0
3185,15925000,15930000,5000,0,100.0,0.0
3186,15930000,15935000,5000,0,100.0,0.0
3187,15935000,15940000,5000,0,100.0,0.0
3188,15940000,15945000,5000,0,100.0,0.0
3189,15945000,15950000,3987,1013,79.74,20.260000000000005
3190,15950000,15955000,4123,877,82.46,17.540000000000006
3191,15955000,15960000,5000,0,100.0,0.0
3192,15960000,15965000,5000,0,100.0,0.0
3193,15965000,15970000,5000,0,100.0,0.0
3194,15970000,15975000,5000,0,100.0,0.0
3195,15975000,15980000,5000,0,100.0,0.0
3196,15980000,15985000,1421,3579,28.42,71.58
3197,15985000,15990000,3832,1168,76.64,23.36
3198,15990000,15995000,5000,0,100.0,0.0
3199,15995000,16000000,5000,0,100.0,0.0
3200,16000000,16005000,5000,0,100.0,0.0
3201,16005000,16010000,5000,0,100.0,0.0
3202,16010000,16015000,5000,0,100.0,0.0
3203,16015000,16020000,5000,0,100.0,0.0
3204,16020000,16025000,5000,0,100.0,0.0
3205,16025000,16030000,5000,0,100.0,0.0
3206,16030000,16035000,5000,0,100.0,0.0
3207,16035000,16040000,5000,0,100.0,0.0
3208,16040000,16045000,5000,0,100.0,0.0
3209,16045000,16050000,5000,0,100.0,0.0
3210,16050000,16055000,5000,0,100.0,0.0
3211,16055000,16060000,5000,0,100.0,0.0
3212,16060000,16065000,4876,124,97.52,2.480000000000004
3213,16065000,16070000,3236,1764,64.72,35.28
3214,16070000,16075000,5000,0,100.0,0.0
3215,16075000,16080000,5000,0,100.0,0.0
3216,16080000,16085000,5000,0,100.0,0.0
3217,16085000,16090000,5000,0,100.0,0.0
3218,16090000,16095000,4639,361,92.78,7.219999999999999
3219,16095000,16100000,3443,1557,68.86,31.14
3220,16100000,16105000,5000,0,100.0,0.0
3221,16105000,16110000,5000,0,100.0,0.0
3222,16110000,16115000,5000,0,100.0,0.0
3223,16115000,16120000,5000,0,100.0,0.0
3224,16120000,16125000,5000,0,100.0,0.0
3225,16125000,16130000,3074,1926,61.480000000000004,38.519999999999996
3226,16130000,16135000,5000,0,100.0,0.0
3227,16135000,16140000,5000,0,100.0,0.0
3228,16140000,16145000,5000,0,100.0,0.0
3229,16145000,16150000,5000,0,100.0,0.0
3230,16150000,16155000,5000,0,100.0,0.0
3231,16155000,16160000,3290,1710,65.8,34.2
3232,16160000,16165000,4799,201,95.98,4.019999999999996
3233,16165000,16170000,5000,0,100.0,0.0
3234,16170000,16175000,5000,0,100.0,0.0
3235,16175000,16180000,5000,0,100.0,0.0
3236,16180000,16185000,5000,0,100.0,0.0
3237,16185000,16190000,5000,0,100.0,0.0
3238,16190000,16195000,3146,1854,62.92,37.08
3239,16195000,16200000,5000,0,100.0,0.0
3240,16200000,16205000,5000,0,100.0,0.0
3241,16205000,16210000,5000,0,100.0,0.0
3242,16210000,16215000,5000,0,100.0,0.0
3243,16215000,16220000,5000,0,100.0,0.0
3244,16220000,16225000,3220,1780,64.4,35.599999999999994
3245,16225000,16230000,3038,1962,60.760000000000005,39.239999999999995
3246,16230000,16235000,5000,0,100.0,0.0
3247,16235000,16240000,5000,0,100.0,0.0
3248,16240000,16245000,5000,0,100.0,0.0
3249,16245000,16250000,5000,0,100.0,0.0
3250,16250000,16255000,5000,0,100.0,0.0
3251,16255000,16260000,3040,1960,60.8,39.2
3252,16260000,16265000,5000,0,100.0,0.0
3253,16265000,16270000,5000,0,100.0,0.0
3254,16270000,16275000,5000,0,100.0,0.0
3255,16275000,16280000,5000,0,100.0,0.0
3256,16280000,16285000,5000,0,100.0,0.0
3257,16285000,16290000,3808,1192,76.16000000000001,23.83999999999999
3258,16290000,16295000,4275,725,85.5,14.5
3259,16295000,16300000,5000,0,100.0,0.0
3260,16300000,16305000,5000,0,100.0,0.0
3261,16305000,16310000,5000,0,100.0,0.0
3262,16310000,16315000,5000,0,100.0,0.0
3263,16315000,16320000,3533,1467,70.66,29.340000000000003
3264,16320000,16325000,4456,544,89.12,10.879999999999995
3265,16325000,16330000,5000,0,100.0,0.0
3266,16330000,16335000,5000,0,100.0,0.0
3267,16335000,16340000,5000,0,100.0,0.0
3268,16340000,16345000,5000,0,100.0,0.0
3269,16345000,16350000,5000,0,100.0,0.0
3270,16350000,16355000,3174,1826,63.480000000000004,36.519999999999996
3271,16355000,16360000,5000,0,100.0,0.0
3272,16360000,16365000,5000,0,100.0,0.0
3273,16365000,16370000,5000,0,100.0,0.0
3274,16370000,16375000,5000,0,100.0,0.0
3275,16375000,16380000,4047,953,80.94,19.060000000000002
3276,16380000,16385000,4075,925,81.5,18.5
3277,16385000,16390000,5000,0,100.0,0.0
3278,16390000,16395000,5000,0,100.0,0.0
3279,16395000,16400000,5000,0,100.0,0.0
3280,16400000,16405000,5000,0,100.0,0.0
3281,16405000,16410000,3228,1772,64.56,35.44
3282,16410000,16415000,5000,0,100.0,0.0
3283,16415000,16420000,5000,0,100.0,0.0
3284,16420000,16425000,5000,0,100.0,0.0
3285,16425000,16430000,5000,0,100.0,0.0
3286,16430000,16435000,4444,556,88.88000000000001,11.11999999999999
3287,16435000,16440000,3581,1419,71.61999999999999,28.38000000000001
3288,16440000,16445000,5000,0,100.0,0.0
3289,16445000,16450000,5000,0,100.0,0.0
3290,16450000,16455000,5000,0,100.0,0.0
3291,16455000,16460000,5000,0,100.0,0.0
3292,16460000,16465000,5000,0,100.0,0.0
3293,16465000,16470000,3215,1785,64.3,35.7
3294,16470000,16475000,5000,0,100.0,0.0
3295,16475000,16480000,5000,0,100.0,0.0
3296,16480000,16485000,5000,0,100.0,0.0
3297,16485000,16490000,5000,0,100.0,0.0
3298,16490000,16495000,3502,1498,70.04,29.959999999999994
3299,16495000,16500000,4552,448,91.03999999999999,8.960000000000008
3300,16500000,16505000,5000,0,100.0,0.0
3301,16505000,16510000,5000,0,100.0,0.0
3302,16510000,16515000,5000,0,100.0,0.0
3303,16515000,16520000,5000,0,100.0,0.0
3304,16520000,16525000,3990,1010,79.80000000000001,20.19999999999999
3305,16525000,16530000,4312,688,86.24000000000001,13.759999999999991
3306,16530000,16535000,5000,0,100.0,0.0
3307,16535000,16540000,5000,0,100.0,0.0
3308,16540000,16545000,5000,0,100.0,0.0
3309,16545000,16550000,5000,0,100.0,0.0
3310,16550000,16555000,2323,2677,46.46,53.54
3311,16555000,16560000,5000,0,100.0,0.0
3312,16560000,16565000,5000,0,100.0,0.0
3313,16565000,16570000,5000,0,100.0,0.0
3314,16570000,16575000,5000,0,100.0,0.0
3315,16575000,16580000,5000,0,100.0,0.0
3316,16580000,16585000,3261,1739,65.22,34.78
3317,16585000,16590000,5000,0,100.0,0.0
3318,16590000,16595000,5000,0,100.0,0.0
3319,16595000,16600000,5000,0,100.0,0.0
3320,16600000,16605000,5000,0,100.0,0.0
3321,16605000,16610000,3615,1385,72.3,27.700000000000003
3322,16610000,16615000,4770,230,95.39999999999999,4.6000000000000085
3323,16615000,16620000,5000,0,100.0,0.0
3324,16620000,16625000,5000,0,100.0,0.0
3325,16625000,16630000,5000,0,100.0,0.0
3326,16630000,16635000,4880,120,97.6,2.4000000000000057
3327,16635000,16640000,3466,1534,69.32000000000001,30.679999999999993
3328,16640000,16645000,5000,0,100.0,0.0
3329,16645000,16650000,5000,0,100.0,0.0
3330,16650000,16655000,5000,0,100.0,0.0
3331,16655000,16660000,5000,0,100.0,0.0
3332,16660000,16665000,3395,1605,67.9,32.099999999999994
3333,16665000,16670000,5000,0,100.0,0.0
3334,16670000,16675000,5000,0,100.0,0.0
3335,16675000,16680000,5000,0,100.0,0.0
3336,16680000,16685000,5000,0,100.0,0.0
3337,16685000,16690000,3738,1262,74.76,25.239999999999995
3338,16690000,16695000,4543,457,90.86,9.14
3339,16695000,16700000,5000,0,100.0,0.0
3340,16700000,16705000,5000,0,100.0,0.0
3341,16705000,16710000,5000,0,100.0,0.0
3342,16710000,16715000,5000,0,100.0,0.0
3343,16715000,16720000,3281,1719,65.62,34.379999999999995
3344,16720000,16725000,5000,0,100.0,0.0
3345,16725000,16730000,5000,0,100.0,0.0
3346,16730000,16735000,5000,0,100.0,0.0
3347,16735000,16740000,5000,0,100.0,0.0
3348,16740000,16745000,5000,0,100.0,0.0
3349,16745000,16750000,3440,1560,68.8,31.200000000000003
3350,16750000,16755000,5000,0,100.0,0.0
3351,16755000,16760000,5000,0,100.0,0.0
3352,16760000,16765000,5000,0,100.0,0.0
3353,16765000,16770000,5000,0,100.0,0.0
3354,16770000,16775000,3314,1686,66.28,33.72
3355,16775000,16780000,5000,0,100.0,0.0
3356,16780000,16785000,5000,0,100.0,0.0
3357,16785000,16790000,5000,0,100.0,0.0
3358,16790000,16795000,5000,0,100.0,0.0
3359,16795000,16800000,3337,1663,66.74,33.260000000000005
3360,16800000,16805000,5000,0,100.0,0.0
3361,16805000,16810000,5000,0,100.0,0.0
3362,16810000,16815000,5000,0,100.0,0.0
3363,16815000,16820000,5000,0,100.0,0.0
3364,16820000,16825000,5000,0,100.0,0.0
3365,16825000,16830000,3082,1918,61.63999999999999,38.36000000000001
3366,16830000,16835000,5000,0,100.0,0.0
3367,16835000,16840000,5000,0,100.0,0.0
3368,16840000,16845000,5000,0,100.0,0.0
3369,16845000,16850000,5000,0,100.0,0.0
3370,16850000,16855000,3304,1696,66.08000000000001,33.91999999999999
3371,16855000,16860000,5000,0,100.0,0.0
3372,16860000,16865000,5000,0,100.0,0.0
3373,16865000,16870000,5000,0,100.0,0.0
3374,16870000,16875000,5000,0,100.0,0.0
3375,16875000,16880000,5000,0,100.0,0.0
3376,16880000,16885000,2027,2973,40.54,59.46
3377,16885000,16890000,5000,0,100.0,0.0
3378,16890000,16895000,5000,0,100.0,0.0
3379,16895000,16900000,5000,0,100.0,0.0
3380,16900000,16905000,5000,0,100.0,0.0
3381,16905000,16910000,5000,0,100.0,0.0
3382,16910000,16915000,5000,0,100.0,0.0
3383,16915000,16920000,3361,1639,67.22,32.78
3384,16920000,16925000,5000,0,100.0,0.0
3385,16925000,16930000,5000,0,100.0,0.0
3386,16930000,16935000,5000,0,100.0,0.0
3387,16935000,16940000,5000,0,100.0,0.0
3388,16940000,16945000,3405,1595,68.10000000000001,31.89999999999999
3389,16945000,16950000,5000,0,100.0,0.0
3390,16950000,16955000,5000,0,100.0,0.0
3391,16955000,16960000,5000,0,100.0,0.0
3392,16960000,16965000,4439,561,88.78,11.219999999999999
3393,16965000,16970000,3935,1065,78.7,21.299999999999997
3394,16970000,16975000,5000,0,100.0,0.0
3395,16975000,16980000,5000,0,100.0,0.0
3396,16980000,16985000,5000,0,100.0,0.0
3397,16985000,16990000,5000,0,100.0,0.0
3398,16990000,16995000,5000,0,100.0,0.0
3399,16995000,17000000,5000,0,100.0,0.0
3400,17000000,17005000,5000,0,100.0,0.0
3401,17005000,17010000,5000,0,100.0,0.0
3402,17010000,17015000,5000,0,100.0,0.0
3403,17015000,17020000,5000,0,100.0,0.0
3404,17020000,17025000,5000,0,100.0,0.0
3405,17025000,17030000,5000,0,100.0,0.0
3406,17030000,17035000,5000,0,100.0,0.0
3407,17035000,17040000,5000,0,100.0,0.0
3408,17040000,17045000,5000,0,100.0,0.0
3409,17045000,17050000,5000,0,100.0,0.0
3410,17050000,17055000,3332,1668,66.64,33.36
3411,17055000,17060000,5000,0,100.0,0.0
3412,17060000,17065000,5000,0,100.0,0.0
3413,17065000,17070000,5000,0,100.0,0.0
3414,17070000,17075000,5000,0,100.0,0.0
3415,17075000,17080000,3286,1714,65.72,34.28
3416,17080000,17085000,5000,0,100.0,0.0
3417,17085000,17090000,5000,0,100.0,0.0
3418,17090000,17095000,5000,0,100.0,0.0
3419,17095000,17100000,5000,0,100.0,0.0
3420,17100000,17105000,4381,619,87.62,12.379999999999995
3421,17105000,17110000,2827,2173,56.54,43.46
3422,17110000,17115000,5000,0,100.0,0.0
3423,17115000,17120000,5000,0,100.0,0.0
3424,17120000,17125000,5000,0,100.0,0.0
3425,17125000,17130000,5000,0,100.0,0.0
3426,17130000,17135000,5000,0,100.0,0.0
3427,17135000,17140000,3409,1591,68.17999999999999,31.820000000000007
3428,17140000,17145000,5000,0,100.0,0.0
3429,17145000,17150000,5000,0,100.0,0.0
3430,17150000,17155000,5000,0,100.0,0.0
3431,17155000,17160000,5000,0,100.0,0.0
3432,17160000,17165000,4638,362,92.75999999999999,7.240000000000009
3433,17165000,17170000,3808,1192,76.16000000000001,23.83999999999999
3434,17170000,17175000,5000,0,100.0,0.0
3435,17175000,17180000,5000,0,100.0,0.0
3436,17180000,17185000,5000,0,100.0,0.0
3437,17185000,17190000,5000,0,100.0,0.0
3438,17190000,17195000,3394,1606,67.88,32.120000000000005
3439,17195000,17200000,5000,0,100.0,0.0
3440,17200000,17205000,5000,0,100.0,0.0
3441,17205000,17210000,5000,0,100.0,0.0
3442,17210000,17215000,5000,0,100.0,0.0
3443,17215000,17220000,3402,1598,68.04,31.959999999999994
3444,17220000,17225000,5000,0,100.0,0.0
3445,17225000,17230000,5000,0,100.0,0.0
3446,17230000,17235000,5000,0,100.0,0.0
3447,17235000,17240000,5000,0,100.0,0.0
3448,17240000,17245000,3356,1644,67.12,32.879999999999995
3449,17245000,17250000,5000,0,100.0,0.0
3450,17250000,17255000,5000,0,100.0,0.0
3451,17255000,17260000,5000,0,100.0,0.0
3452,17260000,17265000,5000,0,100.0,0.0
3453,17265000,17270000,3225,1775,64.5,35.5
3454,17270000,17275000,3902,1098,78.03999999999999,21.960000000000008
3455,17275000,17280000,5000,0,100.0,0.0
3456,17280000,17285000,5000,0,100.0,0.0
3457,17285000,17290000,5000,0,100.0,0.0
3458,17290000,17295000,5000,0,100.0,0.0
3459,17295000,17300000,5000,0,100.0,0.0
3460,17300000,17305000,3306,1694,66.12,33.879999999999995
3461,17305000,17310000,5000,0,100.0,0.0
3462,17310000,17315000,5000,0,100.0,0.0
3463,17315000,17320000,5000,0,100.0,0.0
3464,17320000,17325000,5000,0,100.0,0.0
3465,17325000,17330000,3351,1649,67.02,32.980000000000004
3466,17330000,17335000,5000,0,100.0,0.0
3467,17335000,17340000,5000,0,100.0,0.0
3468,17340000,17345000,5000,0,100.0,0.0
3469,17345000,17350000,5000,0,100.0,0.0
3470,17350000,17355000,3300,1700,66.0,34.0
3471,17355000,17360000,5000,0,100.0,0.0
3472,17360000,17365000,5000,0,100.0,0.0
3473,17365000,17370000,5000,0,100.0,0.0
3474,17370000,17375000,5000,0,100.0,0.0
3475,17375000,17380000,3344,1656,66.88,33.120000000000005
3476,17380000,17385000,5000,0,100.0,0.0
3477,17385000,17390000,5000,0,100.0,0.0
3478,17390000,17395000,5000,0,100.0,0.0
3479,17395000,17400000,5000,0,100.0,0.0
3480,17400000,17405000,3339,1661,66.78,33.22
3481,17405000,17410000,5000,0,100.0,0.0
3482,17410000,17415000,5000,0,100.0,0.0
3483,17415000,17420000,5000,0,100.0,0.0
3484,17420000,17425000,5000,0,100.0,0.0
3485,17425000,17430000,3396,1604,67.92,32.08
3486,17430000,17435000,5000,0,100.0,0.0
3487,17435000,17440000,5000,0,100.0,0.0
3488,17440000,17445000,5000,0,100.0,0.0
3489,17445000,17450000,5000,0,100.0,0.0
3490,17450000,17455000,3442,1558,68.84,31.159999999999997
3491,17455000,17460000,5000,0,100.0,0.0
3492,17460000,17465000,5000,0,100.0,0.0
3493,17465000,17470000,5000,0,100.0,0.0
3494,17470000,17475000,5000,0,100.0,0.0
3495,17475000,17480000,5000,0,100.0,0.0
3496,17480000,17485000,3348,1652,66.96,33.040000000000006
3497,17485000,17490000,5000,0,100.0,0.0
3498,17490000,17495000,5000,0,100.0,0.0
3499,17495000,17500000,5000,0,100.0,0.0
3500,17500000,17505000,5000,0,100.0,0.0
3501,17505000,17510000,3400,1600,68.0,32.0
3502,17510000,17515000,5000,0,100.0,0.0
3503,17515000,17520000,5000,0,100.0,0.0
3504,17520000,17525000,5000,0,100.0,0.0
3505,17525000,17530000,5000,0,100.0,0.0
3506,17530000,17535000,3406,1594,68.12,31.879999999999995
3507,17535000,17540000,5000,0,100.0,0.0
3508,17540000,17545000,5000,0,100.0,0.0
3509,17545000,17550000,5000,0,100.0,0.0
3510,17550000,17555000,5000,0,100.0,0.0
3511,17555000,17560000,5000,0,100.0,0.0
3512,17560000,17565000,3484,1516,69.67999999999999,30.320000000000007
3513,17565000,17570000,5000,0,100.0,0.0
3514,17570000,17575000,5000,0,100.0,0.0
3515,17575000,17580000,5000,0,100.0,0.0
3516,17580000,17585000,5000,0,100.0,0.0
3517,17585000,17590000,3863,1137,77.25999999999999,22.74000000000001
3518,17590000,17595000,4406,594,88.12,11.879999999999995
3519,17595000,17600000,5000,0,100.0,0.0
3520,17600000,17605000,5000,0,100.0,0.0
3521,17605000,17610000,5000,0,100.0,0.0
3522,17610000,17615000,3383,1617,67.66,32.34
3523,17615000,17620000,5000,0,100.0,0.0
3524,17620000,17625000,5000,0,100.0,0.0
3525,17625000,17630000,5000,0,100.0,0.0
3526,17630000,17635000,5000,0,100.0,0.0
3527,17635000,17640000,3400,1600,68.0,32.0
3528,17640000,17645000,5000,0,100.0,0.0
3529,17645000,17650000,5000,0,100.0,0.0
3530,17650000,17655000,5000,0,100.0,0.0
3531,17655000,17660000,5000,0,100.0,0.0
3532,17660000,17665000,3440,1560,68.8,31.200000000000003
3533,17665000,17670000,5000,0,100.0,0.0
3534,17670000,17675000,5000,0,100.0,0.0
3535,17675000,17680000,5000,0,100.0,0.0
3536,17680000,17685000,5000,0,100.0,0.0
3537,17685000,17690000,1351,3649,27.02,72.98
3538,17690000,17695000,195,4805,3.9,96.1
3539,17695000,17700000,5000,0,100.0,0.0
3540,17700000,17705000,5000,0,100.0,0.0
3541,17705000,17710000,5000,0,100.0,0.0
3542,17710000,17715000,5000,0,100.0,0.0
3543,17715000,17720000,3720,1280,74.4,25.599999999999994
3544,17720000,17725000,4803,197,96.06,3.9399999999999977
3545,17725000,17730000,5000,0,100.0,0.0
3546,17730000,17735000,5000,0,100.0,0.0
3547,17735000,17740000,5000,0,100.0,0.0
3548,17740000,17745000,3269,1731,65.38000000000001,34.61999999999999
3549,17745000,17750000,4969,31,99.38,0.6200000000000045
3550,17750000,17755000,5000,0,100.0,0.0
3551,17755000,17760000,5000,0,100.0,0.0
3552,17760000,17765000,5000,0,100.0,0.0
3553,17765000,17770000,3473,1527,69.46,30.540000000000006
3554,17770000,17775000,5000,0,100.0,0.0
3555,17775000,17780000,5000,0,100.0,0.0
3556,17780000,17785000,5000,0,100.0,0.0
3557,17785000,17790000,5000,0,100.0,0.0
3558,17790000,17795000,3457,1543,69.14,30.86
3559,17795000,17800000,5000,0,100.0,0.0
3560,17800000,17805000,5000,0,100.0,0.0
3561,17805000,17810000,5000,0,100.0,0.0
3562,17810000,17815000,4376,624,87.52,12.480000000000004
3563,17815000,17820000,3450,1550,69.0,31.0
3564,17820000,17825000,5000,0,100.0,0.0
3565,17825000,17830000,5000,0,100.0,0.0
3566,17830000,17835000,5000,0,100.0,0.0
3567,17835000,17840000,5000,0,100.0,0.0
3568,17840000,17845000,4865,135,97.3,2.700000000000003
3569,17845000,17850000,3446,1554,68.92,31.08
3570,17850000,17855000,5000,0,100.0,0.0
3571,17855000,17860000,5000,0,100.0,0.0
3572,17860000,17865000,5000,0,100.0,0.0
3573,17865000,17870000,3263,1737,65.25999999999999,34.74000000000001
3574,17870000,17875000,5000,0,100.0,0.0
3575,17875000,17880000,5000,0,100.0,0.0
3576,17880000,17885000,5000,0,100.0,0.0
3577,17885000,17890000,5000,0,100.0,0.0
3578,17890000,17895000,3392,1608,67.84,32.16
3579,17895000,17900000,4061,939,81.22,18.78
3580,17900000,17905000,5000,0,100.0,0.0
3581,17905000,17910000,5000,0,100.0,0.0
3582,17910000,17915000,5000,0,100.0,0.0
3583,17915000,17920000,5000,0,100.0,0.0
3584,17920000,17925000,3355,1645,67.10000000000001,32.89999999999999
3585,17925000,17930000,5000,0,100.0,0.0
3586,17930000,17935000,5000,0,100.0,0.0
3587,17935000,17940000,5000,0,100.0,0.0
3588,17940000,17945000,5000,0,100.0,0.0
3589,17945000,17950000,3445,1555,68.89999999999999,31.10000000000001
3590,17950000,17955000,5000,0,100.0,0.0
3591,17955000,17960000,5000,0,100.0,0.0
3592,17960000,17965000,5000,0,100.0,0.0
3593,17965000,17970000,4070,930,81.39999999999999,18.60000000000001
3594,17970000,17975000,4352,648,87.03999999999999,12.960000000000008
3595,17975000,17980000,5000,0,100.0,0.0
3596,17980000,17985000,5000,0,100.0,0.0
3597,17985000,17990000,5000,0,100.0,0.0
3598,17990000,17995000,5000,0,100.0,0.0
3599,17995000,18000000,5000,0,100.0,0.0
3600,18000000,18005000,5000,0,100.0,0.0
3601,18005000,18010000,5000,0,100.0,0.0
3602,18010000,18015000,5000,0,100.0,0.0
3603,18015000,18020000,5000,0,100.0,0.0
3604,18020000,18025000,5000,0,100.0,0.0
3605,18025000,18030000,5000,0,100.0,0.0
3606,18030000,18035000,5000,0,100.0,0.0
3607,18035000,18040000,5000,0,100.0,0.0
3608,18040000,18045000,5000,0,100.0,0.0
3609,18045000,18050000,3386,1614,67.72,32.28
3610,18050000,18055000,5000,0,100.0,0.0
3611,18055000,18060000,5000,0,100.0,0.0
3612,18060000,18065000,5000,0,100.0,0.0
3613,18065000,18070000,4926,74,98.52,1.480000000000004
3614,18070000,18075000,3150,1850,63.0,37.0
3615,18075000,18080000,5000,0,100.0,0.0
3616,18080000,18085000,5000,0,100.0,0.0
3617,18085000,18090000,5000,0,100.0,0.0
3618,18090000,18095000,5000,0,100.0,0.0
3619,18095000,18100000,3917,1083,78.34,21.659999999999997
3620,18100000,18105000,4291,709,85.82,14.180000000000007
3621,18105000,18110000,5000,0,100.0,0.0
3622,18110000,18115000,5000,0,100.0,0.0
3623,18115000,18120000,5000,0,100.0,0.0
3624,18120000,18125000,4953,47,99.06,0.9399999999999977
3625,18125000,18130000,3419,1581,68.38,31.620000000000005
3626,18130000,18135000,5000,0,100.0,0.0
3627,18135000,18140000,5000,0,100.0,0.0
3628,18140000,18145000,5000,0,100.0,0.0
3629,18145000,18150000,5000,0,100.0,0.0
3630,18150000,18155000,3355,1645,67.10000000000001,32.89999999999999
3631,18155000,18160000,5000,0,100.0,0.0
3632,18160000,18165000,5000,0,100.0,0.0
3633,18165000,18170000,5000,0,100.0,0.0
3634,18170000,18175000,5000,0,100.0,0.0
3635,18175000,18180000,5000,0,100.0,0.0
3636,18180000,18185000,2854,2146,57.08,42.92
3637,18185000,18190000,5000,0,100.0,0.0
3638,18190000,18195000,5000,0,100.0,0.0
3639,18195000,18200000,5000,0,100.0,0.0
3640,18200000,18205000,5000,0,100.0,0.0
3641,18205000,18210000,5000,0,100.0,0.0
3642,18210000,18215000,5000,0,100.0,0.0
3643,18215000,18220000,4286,714,85.72,14.280000000000001
3644,18220000,18225000,1478,3522,29.56,70.44
3645,18225000,18230000,5000,0,100.0,0.0
3646,18230000,18235000,5000,0,100.0,0.0
3647,18235000,18240000,5000,0,100.0,0.0
3648,18240000,18245000,5000,0,100.0,0.0
3649,18245000,18250000,4090,910,81.8,18.200000000000003
3650,18250000,18255000,3594,1406,71.88,28.120000000000005
3651,18255000,18260000,5000,0,100.0,0.0
3652,18260000,18265000,5000,0,100.0,0.0
3653,18265000,18270000,5000,0,100.0,0.0
3654,18270000,18275000,4082,918,81.64,18.36
3655,18275000,18280000,4252,748,85.04,14.959999999999994
3656,18280000,18285000,5000,0,100.0,0.0
3657,18285000,18290000,5000,0,100.0,0.0
3658,18290000,18295000,5000,0,100.0,0.0
3659,18295000,18300000,4188,812,83.76,16.239999999999995
3660,18300000,18305000,4253,747,85.06,14.939999999999998
3661,18305000,18310000,5000,0,100.0,0.0
3662,18310000,18315000,5000,0,100.0,0.0
3663,18315000,18320000,5000,0,100.0,0.0
3664,18320000,18325000,3481,1519,69.62,30.379999999999995
3665,18325000,18330000,4920,80,98.4,1.5999999999999943
3666,18330000,18335000,5000,0,100.0,0.0
3667,18335000,18340000,5000,0,100.0,0.0
3668,18340000,18345000,5000,0,100.0,0.0
3669,18345000,18350000,3423,1577,68.46,31.540000000000006
3670,18350000,18355000,5000,0,100.0,0.0
3671,18355000,18360000,5000,0,100.0,0.0
3672,18360000,18365000,5000,0,100.0,0.0
3673,18365000,18370000,5000,0,100.0,0.0
3674,18370000,18375000,3325,1675,66.5,33.5
3675,18375000,18380000,5000,0,100.0,0.0
3676,18380000,18385000,5000,0,100.0,0.0
3677,18385000,18390000,5000,0,100.0,0.0
3678,18390000,18395000,4676,324,93.52000000000001,6.47999999999999
3679,18395000,18400000,3639,1361,72.78,27.22
3680,18400000,18405000,5000,0,100.0,0.0
3681,18405000,18410000,5000,0,100.0,0.0
3682,18410000,18415000,5000,0,100.0,0.0
3683,18415000,18420000,3790,1210,75.8,24.200000000000003
3684,18420000,18425000,4807,193,96.14,3.8599999999999994
3685,18425000,18430000,5000,0,100.0,0.0
3686,18430000,18435000,5000,0,100.0,0.0
3687,18435000,18440000,5000,0,100.0,0.0
3688,18440000,18445000,3433,1567,68.66,31.340000000000003
3689,18445000,18450000,5000,0,100.0,0.0
3690,18450000,18455000,5000,0,100.0,0.0
3691,18455000,18460000,5000,0,100.0,0.0
3692,18460000,18465000,5000,0,100.0,0.0
3693,18465000,18470000,3373,1627,67.46,32.540000000000006
3694,18470000,18475000,5000,0,100.0,0.0
3695,18475000,18480000,5000,0,100.0,0.0
3696,18480000,18485000,5000,0,100.0,0.0
3697,18485000,18490000,4781,219,95.62,4.3799999999999955
3698,18490000,18495000,3840,1160,76.8,23.200000000000003
3699,18495000,18500000,5000,0,100.0,0.0
3700,18500000,18505000,5000,0,100.0,0.0
3701,18505000,18510000,5000,0,100.0,0.0
3702,18510000,18515000,4092,908,81.84,18.159999999999997
3703,18515000,18520000,3950,1050,79.0,21.0
3704,18520000,18525000,5000,0,100.0,0.0
3705,18525000,18530000,5000,0,100.0,0.0
3706,18530000,18535000,5000,0,100.0,0.0
3707,18535000,18540000,3818,1182,76.36,23.64
3708,18540000,18545000,4565,435,91.3,8.700000000000003
3709,18545000,18550000,5000,0,100.0,0.0
3710,18550000,18555000,5000,0,100.0,0.0
3711,18555000,18560000,5000,0,100.0,0.0
3712,18560000,18565000,3424,1576,68.47999999999999,31.52000000000001
3713,18565000,18570000,5000,0,100.0,0.0
3714,18570000,18575000,5000,0,100.0,0.0
3715,18575000,18580000,5000,0,100.0,0.0
3716,18580000,18585000,5000,0,100.0,0.0
3717,18585000,18590000,3510,1490,70.19999999999999,29.80000000000001
3718,18590000,18595000,5000,0,100.0,0.0
3719,18595000,18600000,5000,0,100.0,0.0
3720,18600000,18605000,5000,0,100.0,0.0
3721,18605000,18610000,4922,78,98.44000000000001,1.559999999999988
3722,18610000,18615000,3597,1403,71.94,28.060000000000002
3723,18615000,18620000,5000,0,100.0,0.0
3724,18620000,18625000,5000,0,100.0,0.0
3725,18625000,18630000,5000,0,100.0,0.0
3726,18630000,18635000,3487,1513,69.74000000000001,30.25999999999999
3727,18635000,18640000,5000,0,100.0,0.0
3728,18640000,18645000,5000,0,100.0,0.0
3729,18645000,18650000,5000,0,100.0,0.0
3730,18650000,18655000,5000,0,100.0,0.0
3731,18655000,18660000,5000,0,100.0,0.0
3732,18660000,18665000,3412,1588,68.24,31.760000000000005
3733,18665000,18670000,5000,0,100.0,0.0
3734,18670000,18675000,5000,0,100.0,0.0
3735,18675000,18680000,5000,0,100.0,0.0
3736,18680000,18685000,5000,0,100.0,0.0
3737,18685000,18690000,5000,0,100.0,0.0
3738,18690000,18695000,2439,2561,48.78,51.22
3739,18695000,18700000,5000,0,100.0,0.0
3740,18700000,18705000,5000,0,100.0,0.0
3741,18705000,18710000,5000,0,100.0,0.0
3742,18710000,18715000,5000,0,100.0,0.0
3743,18715000,18720000,5000,0,100.0,0.0
3744,18720000,18725000,5000,0,100.0,0.0
3745,18725000,18730000,5000,0,100.0,0.0
3746,18730000,18735000,4996,4,99.92,0.0799999999999983
3747,18735000,18740000,2096,2904,41.92,58.08
3748,18740000,18745000,5000,0,100.0,0.0
3749,18745000,18750000,5000,0,100.0,0.0
3750,18750000,18755000,5000,0,100.0,0.0
3751,18755000,18760000,5000,0,100.0,0.0
3752,18760000,18765000,5000,0,100.0,0.0
3753,18765000,18770000,5000,0,100.0,0.0
3754,18770000,18775000,2461,2539,49.220000000000006,50.779999999999994
3755,18775000,18780000,5000,0,100.0,0.0
3756,18780000,18785000,5000,0,100.0,0.0
3757,18785000,18790000,5000,0,100.0,0.0
3758,18790000,18795000,5000,0,100.0,0.0
3759,18795000,18800000,4996,4,99.92,0.0799999999999983
3760,18800000,18805000,3206,1794,64.12,35.879999999999995
3761,18805000,18810000,5000,0,100.0,0.0
3762,18810000,18815000,5000,0,100.0,0.0
3763,18815000,18820000,5000,0,100.0,0.0
3764,18820000,18825000,5000,0,100.0,0.0
3765,18825000,18830000,3179,1821,63.580000000000005,36.419999999999995
3766,18830000,18835000,5000,0,100.0,0.0
3767,18835000,18840000,5000,0,100.0,0.0
3768,18840000,18845000,5000,0,100.0,0.0
3769,18845000,18850000,5000,0,100.0,0.0
3770,18850000,18855000,4420,580,88.4,11.599999999999994
3771,18855000,18860000,3635,1365,72.7,27.299999999999997
3772,18860000,18865000,5000,0,100.0,0.0
3773,18865000,18870000,5000,0,100.0,0.0
3774,18870000,18875000,5000,0,100.0,0.0
3775,18875000,18880000,5000,0,100.0,0.0
3776,18880000,18885000,3193,1807,63.85999999999999,36.14000000000001
3777,18885000,18890000,5000,0,100.0,0.0
3778,18890000,18895000,5000,0,100.0,0.0
3779,18895000,18900000,5000,0,100.0,0.0
3780,18900000,18905000,5000,0,100.0,0.0
3781,18905000,18910000,3298,1702,65.96,34.040000000000006
3782,18910000,18915000,5000,0,100.0,0.0
3783,18915000,18920000,5000,0,100.0,0.0
3784,18920000,18925000,5000,0,100.0,0.0
3785,18925000,18930000,5000,0,100.0,0.0
3786,18930000,18935000,3327,1673,66.53999999999999,33.46000000000001
3787,18935000,18940000,5000,0,100.0,0.0
3788,18940000,18945000,5000,0,100.0,0.0
3789,18945000,18950000,5000,0,100.0,0.0
3790,18950000,18955000,5000,0,100.0,0.0
3791,18955000,18960000,5000,0,100.0,0.0
3792,18960000,18965000,3219,1781,64.38000000000001,35.61999999999999
3793,18965000,18970000,5000,0,100.0,0.0
3794,18970000,18975000,5000,0,100.0,0.0
3795,18975000,18980000,5000,0,100.0,0.0
3796,18980000,18985000,5000,0,100.0,0.0
3797,18985000,18990000,5000,0,100.0,0.0
3798,18990000,18995000,5000,0,100.0,0.0
3799,18995000,19000000,5000,0,100.0,0.0
3800,19000000,19005000,5000,0,100.0,0.0
3801,19005000,19010000,5000,0,100.0,0.0
3802,19010000,19015000,5000,0,100.0,0.0
3803,19015000,19020000,5000,0,100.0,0.0
3804,19020000,19025000,5000,0,100.0,0.0
3805,19025000,19030000,5000,0,100.0,0.0
3806,19030000,19035000,5000,0,100.0,0.0
3807,19035000,19040000,5000,0,100.0,0.0
3808,19040000,19045000,5000,0,100.0,0.0
3809,19045000,19050000,3101,1899,62.019999999999996,37.980000000000004
3810,19050000,19055000,5000,0,100.0,0.0
3811,19055000,19060000,5000,0,100.0,0.0
3812,19060000,19065000,5000,0,100.0,0.0
3813,19065000,19070000,5000,0,100.0,0.0
3814,19070000,19075000,5000,0,100.0,0.0
3815,19075000,19080000,3345,1655,66.9,33.099999999999994
3816,19080000,19085000,5000,0,100.0,0.0
3817,19085000,19090000,5000,0,100.0,0.0
3818,19090000,19095000,5000,0,100.0,0.0
3819,19095000,19100000,5000,0,100.0,0.0
3820,19100000,19105000,3308,1692,66.16,33.84
3821,19105000,19110000,5000,0,100.0,0.0
3822,19110000,19115000,5000,0,100.0,0.0
3823,19115000,19120000,5000,0,100.0,0.0
3824,19120000,19125000,5000,0,100.0,0.0
3825,19125000,19130000,3206,1794,64.12,35.879999999999995
3826,19130000,19135000,5000,0,100.0,0.0
3827,19135000,19140000,5000,0,100.0,0.0
3828,19140000,19145000,5000,0,100.0,0.0
3829,19145000,19150000,5000,0,100.0,0.0
3830,19150000,19155000,3921,1079,78.42,21.58
3831,19155000,19160000,4228,772,84.56,15.439999999999998
3832,19160000,19165000,5000,0,100.0,0.0
3833,19165000,19170000,5000,0,100.0,0.0
3834,19170000,19175000,5000,0,100.0,0.0
3835,19175000,19180000,5000,0,100.0,0.0
3836,19180000,19185000,3262,1738,65.24,34.760000000000005
3837,19185000,19190000,5000,0,100.0,0.0
3838,19190000,19195000,5000,0,100.0,0.0
3839,19195000,19200000,5000,0,100.0,0.0
3840,19200000,19205000,5000,0,100.0,0.0
3841,19205000,19210000,3322,1678,66.44,33.56
3842,19210000,19215000,5000,0,100.0,0.0
3843,19215000,19220000,5000,0,100.0,0.0
3844,19220000,19225000,5000,0,100.0,0.0
3845,19225000,19230000,5000,0,100.0,0.0
3846,19230000,19235000,5000,0,100.0,0.0
3847,19235000,19240000,3300,1700,66.0,34.0
3848,19240000,19245000,5000,0,100.0,0.0
3849,19245000,19250000,5000,0,100.0,0.0
3850,19250000,19255000,5000,0,100.0,0.0
3851,19255000,19260000,5000,0,100.0,0.0
3852,19260000,19265000,3379,1621,67.58,32.42
3853,19265000,19270000,5000,0,100.0,0.0
3854,19270000,19275000,5000,0,100.0,0.0
3855,19275000,19280000,5000,0,100.0,0.0
3856,19280000,19285000,5000,0,100.0,0.0
3857,19285000,19290000,3236,1764,64.72,35.28
3858,19290000,19295000,5000,0,100.0,0.0
3859,19295000,19300000,5000,0,100.0,0.0
3860,19300000,19305000,5000,0,100.0,0.0
3861,19305000,19310000,5000,0,100.0,0.0
3862,19310000,19315000,3343,1657,66.86,33.14
3863,19315000,19320000,5000,0,100.0,0.0
3864,19320000,19325000,5000,0,100.0,0.0
3865,19325000,19330000,5000,0,100.0,0.0
3866,19330000,19335000,5000,0,100.0,0.0
3867,19335000,19340000,4570,430,91.4,8.599999999999994
3868,19340000,19345000,3942,1058,78.84,21.159999999999997
3869,19345000,19350000,5000,0,100.0,0.0
3870,19350000,19355000,5000,0,100.0,0.0
3871,19355000,19360000,5000,0,100.0,0.0
3872,19360000,19365000,3744,1256,74.88,25.120000000000005
3873,19365000,19370000,4795,205,95.89999999999999,4.1000000000000085
3874,19370000,19375000,5000,0,100.0,0.0
3875,19375000,19380000,5000,0,100.0,0.0
3876,19380000,19385000,5000,0,100.0,0.0
3877,19385000,19390000,3448,1552,68.96,31.040000000000006
3878,19390000,19395000,5000,0,100.0,0.0
3879,19395000,19400000,5000,0,100.0,0.0
3880,19400000,19405000,5000,0,100.0,0.0
3881,19405000,19410000,5000,0,100.0,0.0
3882,19410000,19415000,3407,1593,68.14,31.86
3883,19415000,19420000,5000,0,100.0,0.0
3884,19420000,19425000,5000,0,100.0,0.0
3885,19425000,19430000,5000,0,100.0,0.0
3886,19430000,19435000,5000,0,100.0,0.0
3887,19435000,19440000,3445,1555,68.89999999999999,31.10000000000001
3888,19440000,19445000,5000,0,100.0,0.0
3889,19445000,19450000,5000,0,100.0,0.0
3890,19450000,19455000,5000,0,100.0,0.0
3891,19455000,19460000,3609,1391,72.18,27.819999999999993
3892,19460000,19465000,4968,32,99.36,0.6400000000000006
3893,19465000,19470000,5000,0,100.0,0.0
3894,19470000,19475000,5000,0,100.0,0.0
3895,19475000,19480000,5000,0,100.0,0.0
3896,19480000,19485000,3769,1231,75.38,24.620000000000005
3897,19485000,19490000,4847,153,96.94,3.0600000000000023
3898,19490000,19495000,5000,0,100.0,0.0
3899,19495000,19500000,5000,0,100.0,0.0
3900,19500000,19505000,5000,0,100.0,0.0
3901,19505000,19510000,3285,1715,65.7,34.3
3902,19510000,19515000,5000,0,100.0,0.0
3903,19515000,19520000,5000,0,100.0,0.0
3904,19520000,19525000,5000,0,100.0,0.0
3905,19525000,19530000,5000,0,100.0,0.0
3906,19530000,19535000,3578,1422,71.56,28.439999999999998
3907,19535000,19540000,5000,0,100.0,0.0
3908,19540000,19545000,5000,0,100.0,0.0
3909,19545000,19550000,5000,0,100.0,0.0
3910,19550000,19555000,3866,1134,77.32,22.680000000000007
3911,19555000,19560000,4713,287,94.26,5.739999999999995
3912,19560000,19565000,5000,0,100.0,0.0
3913,19565000,19570000,5000,0,100.0,0.0
3914,19570000,19575000,5000,0,100.0,0.0
3915,19575000,19580000,3609,1391,72.18,27.819999999999993
3916,19580000,19585000,5000,0,100.0,0.0
3917,19585000,19590000,5000,0,100.0,0.0
3918,19590000,19595000,5000,0,100.0,0.0
3919,19595000,19600000,5000,0,100.0,0.0
3920,19600000,19605000,3497,1503,69.94,30.060000000000002
3921,19605000,19610000,5000,0,100.0,0.0
3922,19610000,19615000,5000,0,100.0,0.0
3923,19615000,19620000,5000,0,100.0,0.0
3924,19620000,19625000,3605,1395,72.1,27.900000000000006
3925,19625000,19630000,5000,0,100.0,0.0
3926,19630000,19635000,5000,0,100.0,0.0
3927,19635000,19640000,5000,0,100.0,0.0
3928,19640000,19645000,5000,0,100.0,0.0
3929,19645000,19650000,3452,1548,69.04,30.959999999999994
3930,19650000,19655000,5000,0,100.0,0.0
3931,19655000,19660000,5000,0,100.0,0.0
3932,19660000,19665000,5000,0,100.0,0.0
3933,19665000,19670000,5000,0,100.0,0.0
3934,19670000,19675000,3363,1637,67.25999999999999,32.74000000000001
3935,19675000,19680000,5000,0,100.0,0.0
3936,19680000,19685000,5000,0,100.0,0.0
3937,19685000,19690000,5000,0,100.0,0.0
3938,19690000,19695000,5000,0,100.0,0.0
3939,19695000,19700000,3347,1653,66.94,33.06
3940,19700000,19705000,5000,0,100.0,0.0
3941,19705000,19710000,5000,0,100.0,0.0
3942,19710000,19715000,5000,0,100.0,0.0
3943,19715000,19720000,5000,0,100.0,0.0
3944,19720000,19725000,4108,892,82.16,17.840000000000003
3945,19725000,19730000,4229,771,84.58,15.420000000000002
3946,19730000,19735000,5000,0,100.0,0.0
3947,19735000,19740000,5000,0,100.0,0.0
3948,19740000,19745000,5000,0,100.0,0.0
3949,19745000,19750000,3427,1573,68.54,31.459999999999994
3950,19750000,19755000,5000,0,100.0,0.0
3951,19755000,19760000,5000,0,100.0,0.0
3952,19760000,19765000,5000,0,100.0,0.0
3953,19765000,19770000,5000,0,100.0,0.0
3954,19770000,19775000,2999,2001,59.98,40.02
3955,19775000,19780000,5000,0,100.0,0.0
3956,19780000,19785000,5000,0,100.0,0.0
3957,19785000,19790000,5000,0,100.0,0.0
3958,19790000,19795000,5000,0,100.0,0.0
3959,19795000,19800000,4884,116,97.68,2.319999999999993
3960,19800000,19805000,3508,1492,70.16,29.840000000000003
3961,19805000,19810000,5000,0,100.0,0.0
3962,19810000,19815000,5000,0,100.0,0.0
3963,19815000,19820000,5000,0,100.0,0.0
3964,19820000,19825000,4304,696,86.08,13.920000000000002
3965,19825000,19830000,4157,843,83.14,16.86
3966,19830000,19835000,5000,0,100.0,0.0
3967,19835000,19840000,5000,0,100.0,0.0
3968,19840000,19845000,5000,0,100.0,0.0
3969,19845000,19850000,3420,1580,68.4,31.599999999999994
3970,19850000,19855000,5000,0,100.0,0.0
3971,19855000,19860000,5000,0,100.0,0.0
3972,19860000,19865000,5000,0,100.0,0.0
3973,19865000,19870000,5000,0,100.0,0.0
3974,19870000,19875000,3399,1601,67.97999999999999,32.02000000000001
3975,19875000,19880000,5000,0,100.0,0.0
3976,19880000,19885000,5000,0,100.0,0.0
3977,19885000,19890000,5000,0,100.0,0.0
3978,19890000,19895000,5000,0,100.0,0.0
3979,19895000,19900000,3344,1656,66.88,33.120000000000005
3980,19900000,19905000,5000,0,100.0,0.0
3981,19905000,19910000,5000,0,100.0,0.0
3982,19910000,19915000,5000,0,100.0,0.0
3983,19915000,19920000,5000,0,100.0,0.0
3984,19920000,19925000,3481,1519,69.62,30.379999999999995
3985,19925000,19930000,5000,0,100.0,0.0
3986,19930000,19935000,5000,0,100.0,0.0
3987,19935000,19940000,5000,0,100.0,0.0
3988,19940000,19945000,3457,1543,69.14,30.86
3989,19945000,19950000,5000,0,100.0,0.0
3990,19950000,19955000,5000,0,100.0,0.0
3991,19955000,19960000,5000,0,100.0,0.0
3992,19960000,19965000,5000,0,100.0,0.0
3993,19965000,19970000,3408,1592,68.16,31.840000000000003
3994,19970000,19975000,5000,0,100.0,0.0
3995,19975000,19980000,5000,0,100.0,0.0
3996,19980000,19985000,5000,0,100.0,0.0
3997,19985000,19990000,5000,0,100.0,0.0
3998,19990000,19995000,5000,0,100.0,0.0
3999,19995000,20000000,5000,0,100.0,0.0
4000,20000000,20005000,5000,0,100.0,0.0
4001,20005000,20010000,5000,0,100.0,0.0
4002,20010000,20015000,5000,0,100.0,0.0
4003,20015000,20020000,5000,0,100.0,0.0
4004,20020000,20025000,5000,0,100.0,0.0
4005,20025000,20030000,5000,0,100.0,0.0
4006,20030000,20035000,5000,0,100.0,0.0
4007,20035000,20040000,5000,0,100.0,0.0
4008,20040000,20045000,5000,0,100.0,0.0
4009,20045000,20050000,4811,189,96.22,3.780000000000001
4010,20050000,20055000,3564,1436,71.28,28.72
4011,20055000,20060000,5000,0,100.0,0.0
4012,20060000,20065000,5000,0,100.0,0.0
4013,20065000,20070000,5000,0,100.0,0.0
4014,20070000,20075000,5000,0,100.0,0.0
4015,20075000,20080000,3360,1640,67.2,32.8
4016,20080000,20085000,5000,0,100.0,0.0
4017,20085000,20090000,5000,0,100.0,0.0
4018,20090000,20095000,5000,0,100.0,0.0
4019,20095000,20100000,5000,0,100.0,0.0
4020,20100000,20105000,3475,1525,69.5,30.5
4021,20105000,20110000,5000,0,100.0,0.0
4022,20110000,20115000,5000,0,100.0,0.0
4023,20115000,20120000,5000,0,100.0,0.0
4024,20120000,20125000,5000,0,100.0,0.0
4025,20125000,20130000,3398,1602,67.96,32.040000000000006
4026,20130000,20135000,5000,0,100.0,0.0
4027,20135000,20140000,5000,0,100.0,0.0
4028,20140000,20145000,5000,0,100.0,0.0
4029,20145000,20150000,4755,245,95.1,4.900000000000006
4030,20150000,20155000,3578,1422,71.56,28.439999999999998
4031,20155000,20160000,5000,0,100.0,0.0
4032,20160000,20165000,5000,0,100.0,0.0
4033,20165000,20170000,5000,0,100.0,0.0
4034,20170000,20175000,4295,705,85.9,14.099999999999994
4035,20175000,20180000,4054,946,81.08,18.92
4036,20180000,20185000,5000,0,100.0,0.0
4037,20185000,20190000,5000,0,100.0,0.0
4038,20190000,20195000,5000,0,100.0,0.0
4039,20195000,20200000,5000,0,100.0,0.0
4040,20200000,20205000,3254,1746,65.08,34.92
4041,20205000,20210000,5000,0,100.0,0.0
4042,20210000,20215000,5000,0,100.0,0.0
4043,20215000,20220000,5000,0,100.0,0.0
4044,20220000,20225000,5000,0,100.0,0.0
4045,20225000,20230000,3279,1721,65.58,34.42
4046,20230000,20235000,5000,0,100.0,0.0
4047,20235000,20240000,5000,0,100.0,0.0
4048,20240000,20245000,5000,0,100.0,0.0
4049,20245000,20250000,5000,0,100.0,0.0
4050,20250000,20255000,3485,1515,69.69999999999999,30.30000000000001
4051,20255000,20260000,5000,0,100.0,0.0
4052,20260000,20265000,5000,0,100.0,0.0
4053,20265000,20270000,5000,0,100.0,0.0
4054,20270000,20275000,5000,0,100.0,0.0
4055,20275000,20280000,4932,68,98.64,1.3599999999999994
4056,20280000,20285000,3407,1593,68.14,31.86
4057,20285000,20290000,5000,0,100.0,0.0
4058,20290000,20295000,5000,0,100.0,0.0
4059,20295000,20300000,5000,0,100.0,0.0
4060,20300000,20305000,5000,0,100.0,0.0
4061,20305000,20310000,3441,1559,68.82000000000001,31.179999999999993
4062,20310000,20315000,5000,0,100.0,0.0
4063,20315000,20320000,5000,0,100.0,0.0
4064,20320000,20325000,5000,0,100.0,0.0
4065,20325000,20330000,5000,0,100.0,0.0
4066,20330000,20335000,3350,1650,67.0,33.0
4067,20335000,20340000,5000,0,100.0,0.0
4068,20340000,20345000,5000,0,100.0,0.0
4069,20345000,20350000,5000,0,100.0,0.0
4070,20350000,20355000,5000,0,100.0,0.0
4071,20355000,20360000,3342,1658,66.84,33.16
4072,20360000,20365000,5000,0,100.0,0.0
4073,20365000,20370000,5000,0,100.0,0.0
4074,20370000,20375000,5000,0,100.0,0.0
4075,20375000,20380000,4694,306,93.88,6.1200000000000045
4076,20380000,20385000,3839,1161,76.78,23.22
4077,20385000,20390000,5000,0,100.0,0.0
4078,20390000,20395000,5000,0,100.0,0.0
4079,20395000,20400000,5000,0,100.0,0.0
4080,20400000,20405000,3716,1284,74.32,25.680000000000007
4081,20405000,20410000,4787,213,95.74000000000001,4.259999999999991
4082,20410000,20415000,5000,0,100.0,0.0
4083,20415000,20420000,5000,0,100.0,0.0
4084,20420000,20425000,5000,0,100.0,0.0
4085,20425000,20430000,3451,1549,69.02000000000001,30.97999999999999
4086,20430000,20435000,5000,0,100.0,0.0
4087,20435000,20440000,5000,0,100.0,0.0
4088,20440000,20445000,5000,0,100.0,0.0
4089,20445000,20450000,5000,0,100.0,0.0
4090,20450000,20455000,3578,1422,71.56,28.439999999999998
4091,20455000,20460000,5000,0,100.0,0.0
4092,20460000,20465000,5000,0,100.0,0.0
4093,20465000,20470000,5000,0,100.0,0.0
4094,20470000,20475000,4972,28,99.44,0.5600000000000023
4095,20475000,20480000,3402,1598,68.04,31.959999999999994
4096,20480000,20485000,5000,0,100.0,0.0
4097,20485000,20490000,5000,0,100.0,0.0
4098,20490000,20495000,5000,0,100.0,0.0
4099,20495000,20500000,5000,0,100.0,0.0
4100,20500000,20505000,2978,2022,59.56,40.44
4101,20505000,20510000,5000,0,100.0,0.0
4102,20510000,20515000,5000,0,100.0,0.0
4103,20515000,20520000,5000,0,100.0,0.0
4104,20520000,20525000,5000,0,100.0,0.0
4105,20525000,20530000,3408,1592,68.16,31.840000000000003
4106,20530000,20535000,5000,0,100.0,0.0
4107,20535000,20540000,5000,0,100.0,0.0
4108,20540000,20545000,5000,0,100.0,0.0
4109,20545000,20550000,5000,0,100.0,0.0
4110,20550000,20555000,3739,1261,74.78,25.22
4111,20555000,20560000,4530,470,90.60000000000001,9.399999999999991
4112,20560000,20565000,5000,0,100.0,0.0
4113,20565000,20570000,5000,0,100.0,0.0
4114,20570000,20575000,5000,0,100.0,0.0
4115,20575000,20580000,5000,0,100.0,0.0
4116,20580000,20585000,3258,1742,65.16,34.84
4117,20585000,20590000,5000,0,100.0,0.0
4118,20590000,20595000,5000,0,100.0,0.0
4119,20595000,20600000,5000,0,100.0,0.0
4120,20600000,20605000,5000,0,100.0,0.0
4121,20605000,20610000,4669,331,93.38,6.6200000000000045
4122,20610000,20615000,3603,1397,72.06,27.939999999999998
4123,20615000,20620000,5000,0,100.0,0.0
4124,20620000,20625000,5000,0,100.0,0.0
4125,20625000,20630000,5000,0,100.0,0.0
4126,20630000,20635000,5000,0,100.0,0.0
4127,20635000,20640000,3257,1743,65.14,34.86
4128,20640000,20645000,5000,0,100.0,0.0
4129,20645000,20650000,5000,0,100.0,0.0
4130,20650000,20655000,5000,0,100.0,0.0
4131,20655000,20660000,5000,0,100.0,0.0
4132,20660000,20665000,5000,0,100.0,0.0
4133,20665000,20670000,3200,1800,64.0,36.0
4134,20670000,20675000,5000,0,100.0,0.0
4135,20675000,20680000,5000,0,100.0,0.0
4136,20680000,20685000,5000,0,100.0,0.0
4137,20685000,20690000,5000,0,100.0,0.0
4138,20690000,20695000,5000,0,100.0,0.0
4139,20695000,20700000,3229,1771,64.58,35.42
4140,20700000,20705000,5000,0,100.0,0.0
4141,20705000,20710000,5000,0,100.0,0.0
4142,20710000,20715000,5000,0,100.0,0.0
4143,20715000,20720000,5000,0,100.0,0.0
4144,20720000,20725000,5000,0,100.0,0.0
4145,20725000,20730000,5000,0,100.0,0.0
4146,20730000,20735000,1694,3306,33.879999999999995,66.12
4147,20735000,20740000,4852,148,97.04,2.9599999999999937
4148,20740000,20745000,5000,0,100.0,0.0
4149,20745000,20750000,5000,0,100.0,0.0
4150,20750000,20755000,5000,0,100.0,0.0
4151,20755000,20760000,5000,0,100.0,0.0
4152,20760000,20765000,5000,0,100.0,0.0
4153,20765000,20770000,3461,1539,69.22,30.78
4154,20770000,20775000,4745,255,94.89999999999999,5.1000000000000085
4155,20775000,20780000,5000,0,100.0,0.0
4156,20780000,20785000,5000,0,100.0,0.0
4157,20785000,20790000,5000,0,100.0,0.0
4158,20790000,20795000,5000,0,100.0,0.0
4159,20795000,20800000,3155,1845,63.1,36.9
4160,20800000,20805000,5000,0,100.0,0.0
4161,20805000,20810000,5000,0,100.0,0.0
4162,20810000,20815000,5000,0,100.0,0.0
4163,20815000,20820000,5000,0,100.0,0.0
4164,20820000,20825000,3985,1015,79.7,20.299999999999997
4165,20825000,20830000,4248,752,84.96000000000001,15.039999999999992
4166,20830000,20835000,5000,0,100.0,0.0
4167,20835000,20840000,5000,0,100.0,0.0
4168,20840000,20845000,5000,0,100.0,0.0
4169,20845000,20850000,5000,0,100.0,0.0
4170,20850000,20855000,3220,1780,64.4,35.599999999999994
4171,20855000,20860000,5000,0,100.0,0.0
4172,20860000,20865000,5000,0,100.0,0.0
4173,20865000,20870000,5000,0,100.0,0.0
4174,20870000,20875000,5000,0,100.0,0.0
4175,20875000,20880000,3273,1727,65.46,34.540000000000006
4176,20880000,20885000,5000,0,100.0,0.0
4177,20885000,20890000,5000,0,100.0,0.0
4178,20890000,20895000,5000,0,100.0,0.0
4179,20895000,20900000,5000,0,100.0,0.0
4180,20900000,20905000,5000,0,100.0,0.0
4181,20905000,20910000,3323,1677,66.46,33.540000000000006
4182,20910000,20915000,5000,0,100.0,0.0
4183,20915000,20920000,5000,0,100.0,0.0
4184,20920000,20925000,5000,0,100.0,0.0
4185,20925000,20930000,5000,0,100.0,0.0
4186,20930000,20935000,5000,0,100.0,0.0
4187,20935000,20940000,4045,955,80.9,19.099999999999994
4188,20940000,20945000,4180,820,83.6,16.400000000000006
4189,20945000,20950000,5000,0,100.0,0.0
4190,20950000,20955000,5000,0,100.0,0.0
4191,20955000,20960000,5000,0,100.0,0.0
4192,20960000,20965000,5000,0,100.0,0.0
4193,20965000,20970000,3069,1931,61.38,38.62
4194,20970000,20975000,5000,0,100.0,0.0
4195,20975000,20980000,5000,0,100.0,0.0
4196,20980000,20985000,5000,0,100.0,0.0
4197,20985000,20990000,5000,0,100.0,0.0
4198,20990000,20995000,5000,0,100.0,0.0
4199,20995000,21000000,5000,0,100.0,0.0
4200,21000000,21005000,5000,0,100.0,0.0
4201,21005000,21010000,5000,0,100.0,0.0
4202,21010000,21015000,5000,0,100.0,0.0
4203,21015000,21020000,5000,0,100.0,0.0
4204,21020000,21025000,5000,0,100.0,0.0
4205,21025000,21030000,5000,0,100.0,0.0
4206,21030000,21035000,5000,0,100.0,0.0
4207,21035000,21040000,3217,1783,64.34,35.66
4208,21040000,21045000,5000,0,100.0,0.0
4209,21045000,21050000,5000,0,100.0,0.0
4210,21050000,21055000,5000,0,100.0,0.0
4211,21055000,21060000,5000,0,100.0,0.0
4212,21060000,21065000,5000,0,100.0,0.0
4213,21065000,21070000,330,4670,6.6000000000000005,93.4
4214,21070000,21075000,4415,585,88.3,11.700000000000003
4215,21075000,21080000,5000,0,100.0,0.0
4216,21080000,21085000,5000,0,100.0,0.0
4217,21085000,21090000,5000,0,100.0,0.0
4218,21090000,21095000,5000,0,100.0,0.0
4219,21095000,21100000,3253,1747,65.06,34.94
4220,21100000,21105000,5000,0,100.0,0.0
4221,21105000,21110000,5000,0,100.0,0.0
4222,21110000,21115000,5000,0,100.0,0.0
4223,21115000,21120000,5000,0,100.0,0.0
4224,21120000,21125000,3367,1633,67.34,32.66
4225,21125000,21130000,5000,0,100.0,0.0
4226,21130000,21135000,5000,0,100.0,0.0
4227,21135000,21140000,5000,0,100.0,0.0
4228,21140000,21145000,5000,0,100.0,0.0
4229,21145000,21150000,4106,894,82.12,17.879999999999995
4230,21150000,21155000,3145,1855,62.9,37.1
4231,21155000,21160000,5000,0,100.0,0.0
4232,21160000,21165000,5000,0,100.0,0.0
4233,21165000,21170000,5000,0,100.0,0.0
4234,21170000,21175000,5000,0,100.0,0.0
4235,21175000,21180000,5000,0,100.0,0.0
4236,21180000,21185000,2924,2076,58.48,41.52
4237,21185000,21190000,5000,0,100.0,0.0
4238,21190000,21195000,5000,0,100.0,0.0
4239,21195000,21200000,5000,0,100.0,0.0
4240,21200000,21205000,5000,0,100.0,0.0
4241,21205000,21210000,5000,0,100.0,0.0
4242,21210000,21215000,4796,204,95.92,4.079999999999998
4243,21215000,21220000,3566,1434,71.32,28.680000000000007
4244,21220000,21225000,5000,0,100.0,0.0
4245,21225000,21230000,5000,0,100.0,0.0
4246,21230000,21235000,5000,0,100.0,0.0
4247,21235000,21240000,4736,264,94.72,5.280000000000001
4248,21240000,21245000,3634,1366,72.68,27.319999999999993
4249,21245000,21250000,5000,0,100.0,0.0
4250,21250000,21255000,5000,0,100.0,0.0
4251,21255000,21260000,5000,0,100.0,0.0
4252,21260000,21265000,5000,0,100.0,0.0
4253,21265000,21270000,2242,2758,44.84,55.16
4254,21270000,21275000,5000,0,100.0,0.0
4255,21275000,21280000,5000,0,100.0,0.0
4256,21280000,21285000,5000,0,100.0,0.0
4257,21285000,21290000,5000,0,100.0,0.0
4258,21290000,21295000,5000,0,100.0,0.0
4259,21295000,21300000,3891,1109,77.82,22.180000000000007
4260,21300000,21305000,4381,619,87.62,12.379999999999995
4261,21305000,21310000,5000,0,100.0,0.0
4262,21310000,21315000,5000,0,100.0,0.0
4263,21315000,21320000,5000,0,100.0,0.0
4264,21320000,21325000,4260,740,85.2,14.799999999999997
4265,21325000,21330000,4103,897,82.06,17.939999999999998
4266,21330000,21335000,5000,0,100.0,0.0
4267,21335000,21340000,5000,0,100.0,0.0
4268,21340000,21345000,5000,0,100.0,0.0
4269,21345000,21350000,4150,850,83.0,17.0
4270,21350000,21355000,250,4750,5.0,95.0
4271,21355000,21360000,5000,0,100.0,0.0
4272,21360000,21365000,5000,0,100.0,0.0
4273,21365000,21370000,5000,0,100.0,0.0
4274,21370000,21375000,5000,0,100.0,0.0
4275,21375000,21380000,5000,0,100.0,0.0
4276,21380000,21385000,5000,0,100.0,0.0
4277,21385000,21390000,3416,1584,68.32000000000001,31.679999999999993
4278,21390000,21395000,5000,0,100.0,0.0
4279,21395000,21400000,5000,0,100.0,0.0
4280,21400000,21405000,5000,0,100.0,0.0
4281,21405000,21410000,5000,0,100.0,0.0
4282,21410000,21415000,2963,2037,59.260000000000005,40.739999999999995
4283,21415000,21420000,5000,0,100.0,0.0
4284,21420000,21425000,5000,0,100.0,0.0
4285,21425000,21430000,5000,0,100.0,0.0
4286,21430000,21435000,5000,0,100.0,0.0
4287,21435000,21440000,5000,0,100.0,0.0
4288,21440000,21445000,3368,1632,67.36,32.64
4289,21445000,21450000,5000,0,100.0,0.0
4290,21450000,21455000,5000,0,100.0,0.0
4291,21455000,21460000,5000,0,100.0,0.0
4292,21460000,21465000,5000,0,100.0,0.0
4293,21465000,21470000,4370,630,87.4,12.599999999999994
4294,21470000,21475000,4016,984,80.32000000000001,19.679999999999993
4295,21475000,21480000,5000,0,100.0,0.0
4296,21480000,21485000,5000,0,100.0,0.0
4297,21485000,21490000,5000,0,100.0,0.0
4298,21490000,21495000,3677,1323,73.54,26.459999999999994
4299,21495000,21500000,4827,173,96.54,3.4599999999999937
4300,21500000,21505000,5000,0,100.0,0.0
4301,21505000,21510000,5000,0,100.0,0.0
4302,21510000,21515000,5000,0,100.0,0.0
4303,21515000,21520000,3403,1597,68.06,31.939999999999998
4304,21520000,21525000,5000,0,100.0,0.0
4305,21525000,21530000,5000,0,100.0,0.0
4306,21530000,21535000,5000,0,100.0,0.0
4307,21535000,21540000,5000,0,100.0,0.0
4308,21540000,21545000,3470,1530,69.39999999999999,30.60000000000001
4309,21545000,21550000,5000,0,100.0,0.0
4310,21550000,21555000,5000,0,100.0,0.0
4311,21555000,21560000,5000,0,100.0,0.0
4312,21560000,21565000,5000,0,100.0,0.0
4313,21565000,21570000,3466,1534,69.32000000000001,30.679999999999993
4314,21570000,21575000,5000,0,100.0,0.0
4315,21575000,21580000,5000,0,100.0,0.0
4316,21580000,21585000,5000,0,100.0,0.0
4317,21585000,21590000,5000,0,100.0,0.0
4318,21590000,21595000,3499,1501,69.98,30.019999999999996
4319,21595000,21600000,5000,0,100.0,0.0
4320,21600000,21605000,5000,0,100.0,0.0
4321,21605000,21610000,5000,0,100.0,0.0
4322,21610000,21615000,4797,203,95.94,4.060000000000002
4323,21615000,21620000,3630,1370,72.6,27.400000000000006
4324,21620000,21625000,5000,0,100.0,0.0
4325,21625000,21630000,5000,0,100.0,0.0
4326,21630000,21635000,5000,0,100.0,0.0
4327,21635000,21640000,3445,1555,68.89999999999999,31.10000000000001
4328,21640000,21645000,5000,0,100.0,0.0
4329,21645000,21650000,5000,0,100.0,0.0
4330,21650000,21655000,5000,0,100.0,0.0
4331,21655000,21660000,5000,0,100.0,0.0
4332,21660000,21665000,3575,1425,71.5,28.5
4333,21665000,21670000,5000,0,100.0,0.0
4334,21670000,21675000,5000,0,100.0,0.0
4335,21675000,21680000,5000,0,100.0,0.0
4336,21680000,21685000,5000,0,100.0,0.0
4337,21685000,21690000,3458,1542,69.16,30.840000000000003
4338,21690000,21695000,5000,0,100.0,0.0
4339,21695000,21700000,5000,0,100.0,0.0
4340,21700000,21705000,5000,0,100.0,0.0
4341,21705000,21710000,5000,0,100.0,0.0
4342,21710000,21715000,3542,1458,70.84,29.159999999999997
4343,21715000,21720000,5000,0,100.0,0.0
4344,21720000,21725000,5000,0,100.0,0.0
4345,21725000,21730000,5000,0,100.0,0.0
4346,21730000,21735000,4266,734,85.32,14.680000000000007
4347,21735000,21740000,4128,872,82.56,17.439999999999998
4348,21740000,21745000,5000,0,100.0,0.0
4349,21745000,21750000,5000,0,100.0,0.0
4350,21750000,21755000,5000,0,100.0,0.0
4351,21755000,21760000,4114,886,82.28,17.72
4352,21760000,21765000,4354,646,87.08,12.920000000000002
4353,21765000,21770000,5000,0,100.0,0.0
4354,21770000,21775000,5000,0,100.0,0.0
4355,21775000,21780000,5000,0,100.0,0.0
4356,21780000,21785000,3718,1282,74.36,25.64
4357,21785000,21790000,4322,678,86.44,13.560000000000002
4358,21790000,21795000,5000,0,100.0,0.0
4359,21795000,21800000,5000,0,100.0,0.0
4360,21800000,21805000,5000,0,100.0,0.0
4361,21805000,21810000,3493,1507,69.86,30.14
4362,21810000,21815000,4965,35,99.3,0.7000000000000028
4363,21815000,21820000,5000,0,100.0,0.0
4364,21820000,21825000,5000,0,100.0,0.0
4365,21825000,21830000,5000,0,100.0,0.0
4366,21830000,21835000,3493,1507,69.86,30.14
4367,21835000,21840000,5000,0,100.0,0.0
4368,21840000,21845000,5000,0,100.0,0.0
4369,21845000,21850000,5000,0,100.0,0.0
4370,21850000,21855000,5000,0,100.0,0.0
4371,21855000,21860000,3492,1508,69.84,30.159999999999997
4372,21860000,21865000,5000,0,100.0,0.0
4373,21865000,21870000,5000,0,100.0,0.0
4374,21870000,21875000,5000,0,100.0,0.0
4375,21875000,21880000,5000,0,100.0,0.0
4376,21880000,21885000,3512,1488,70.24000000000001,29.75999999999999
4377,21885000,21890000,5000,0,100.0,0.0
4378,21890000,21895000,5000,0,100.0,0.0
4379,21895000,21900000,5000,0,100.0,0.0
4380,21900000,21905000,5000,0,100.0,0.0
4381,21905000,21910000,5000,0,100.0,0.0
4382,21910000,21915000,4567,433,91.34,8.659999999999997
4383,21915000,21920000,4082,918,81.64,18.36
4384,21920000,21925000,5000,0,100.0,0.0
4385,21925000,21930000,5000,0,100.0,0.0
4386,21930000,21935000,5000,0,100.0,0.0
4387,21935000,21940000,3479,1521,69.58,30.42
4388,21940000,21945000,5000,0,100.0,0.0
4389,21945000,21950000,5000,0,100.0,0.0
4390,21950000,21955000,5000,0,100.0,0.0
4391,21955000,21960000,5000,0,100.0,0.0
4392,21960000,21965000,3484,1516,69.67999999999999,30.320000000000007
4393,21965000,21970000,5000,0,100.0,0.0
4394,21970000,21975000,5000,0,100.0,0.0
4395,21975000,21980000,5000,0,100.0,0.0
4396,21980000,21985000,3455,1545,69.1,30.900000000000006
4397,21985000,21990000,5000,0,100.0,0.0
4398,21990000,21995000,5000,0,100.0,0.0
4399,21995000,22000000,5000,0,100.0,0.0
4400,22000000,22005000,5000,0,100.0,0.0
4401,22005000,22010000,5000,0,100.0,0.0
4402,22010000,22015000,5000,0,100.0,0.0
4403,22015000,22020000,5000,0,100.0,0.0
4404,22020000,22025000,5000,0,100.0,0.0
4405,22025000,22030000,5000,0,100.0,0.0
4406,22030000,22035000,5000,0,100.0,0.0
4407,22035000,22040000,5000,0,100.0,0.0
4408,22040000,22045000,5000,0,100.0,0.0
4409,22045000,22050000,5000,0,100.0,0.0
4410,22050000,22055000,5000,0,100.0,0.0
4411,22055000,22060000,5000,0,100.0,0.0
4412,22060000,22065000,3510,1490,70.19999999999999,29.80000000000001
4413,22065000,22070000,5000,0,100.0,0.0
4414,22070000,22075000,5000,0,100.0,0.0
4415,22075000,22080000,5000,0,100.0,0.0
4416,22080000,22085000,5000,0,100.0,0.0
4417,22085000,22090000,3566,1434,71.32,28.680000000000007
4418,22090000,22095000,5000,0,100.0,0.0
4419,22095000,22100000,5000,0,100.0,0.0
4420,22100000,22105000,5000,0,100.0,0.0
4421,22105000,22110000,4985,15,99.7,0.29999999999999716
4422,22110000,22115000,3527,1473,70.54,29.459999999999994
4423,22115000,22120000,5000,0,100.0,0.0
4424,22120000,22125000,5000,0,100.0,0.0
4425,22125000,22130000,5000,0,100.0,0.0
4426,22130000,22135000,3892,1108,77.84,22.159999999999997
4427,22135000,22140000,4492,508,89.84,10.159999999999997
4428,22140000,22145000,5000,0,100.0,0.0
4429,22145000,22150000,5000,0,100.0,0.0
4430,22150000,22155000,5000,0,100.0,0.0
4431,22155000,22160000,3542,1458,70.84,29.159999999999997
4432,22160000,22165000,5000,0,100.0,0.0
4433,22165000,22170000,5000,0,100.0,0.0
4434,22170000,22175000,5000,0,100.0,0.0
4435,22175000,22180000,5000,0,100.0,0.0
4436,22180000,22185000,3610,1390,72.2,27.799999999999997
4437,22185000,22190000,5000,0,100.0,0.0
4438,22190000,22195000,5000,0,100.0,0.0
4439,22195000,22200000,5000,0,100.0,0.0
4440,22200000,22205000,5000,0,100.0,0.0
4441,22205000,22210000,3503,1497,70.06,29.939999999999998
4442,22210000,22215000,5000,0,100.0,0.0
4443,22215000,22220000,5000,0,100.0,0.0
4444,22220000,22225000,5000,0,100.0,0.0
4445,22225000,22230000,5000,0,100.0,0.0
4446,22230000,22235000,3274,1726,65.48,34.519999999999996
4447,22235000,22240000,5000,0,100.0,0.0
4448,22240000,22245000,5000,0,100.0,0.0
4449,22245000,22250000,5000,0,100.0,0.0
4450,22250000,22255000,5000,0,100.0,0.0
4451,22255000,22260000,3539,1461,70.78,29.22
4452,22260000,22265000,5000,0,100.0,0.0
4453,22265000,22270000,5000,0,100.0,0.0
4454,22270000,22275000,5000,0,100.0,0.0
4455,22275000,22280000,5000,0,100.0,0.0
4456,22280000,22285000,4099,901,81.98,18.019999999999996
4457,22285000,22290000,4430,570,88.6,11.400000000000006
4458,22290000,22295000,5000,0,100.0,0.0
4459,22295000,22300000,5000,0,100.0,0.0
4460,22300000,22305000,5000,0,100.0,0.0
4461,22305000,22310000,3547,1453,70.94,29.060000000000002
4462,22310000,22315000,5000,0,100.0,0.0
4463,22315000,22320000,5000,0,100.0,0.0
4464,22320000,22325000,5000,0,100.0,0.0
4465,22325000,22330000,5000,0,100.0,0.0
4466,22330000,22335000,3072,1928,61.44,38.56
4467,22335000,22340000,5000,0,100.0,0.0
4468,22340000,22345000,5000,0,100.0,0.0
4469,22345000,22350000,5000,0,100.0,0.0
4470,22350000,22355000,5000,0,100.0,0.0
4471,22355000,22360000,3341,1659,66.82000000000001,33.17999999999999
4472,22360000,22365000,5000,0,100.0,0.0
4473,22365000,22370000,5000,0,100.0,0.0
4474,22370000,22375000,5000,0,100.0,0.0
4475,22375000,22380000,4551,449,91.02,8.980000000000004
4476,22380000,22385000,3979,1021,79.58,20.42
4477,22385000,22390000,5000,0,100.0,0.0
4478,22390000,22395000,5000,0,100.0,0.0
4479,22395000,22400000,5000,0,100.0,0.0
4480,22400000,22405000,3341,1659,66.82000000000001,33.17999999999999
4481,22405000,22410000,5000,0,100.0,0.0
4482,22410000,22415000,5000,0,100.0,0.0
4483,22415000,22420000,5000,0,100.0,0.0
4484,22420000,22425000,5000,0,100.0,0.0
4485,22425000,22430000,3560,1440,71.2,28.799999999999997
4486,22430000,22435000,5000,0,100.0,0.0
4487,22435000,22440000,5000,0,100.0,0.0
4488,22440000,22445000,5000,0,100.0,0.0
4489,22445000,22450000,4140,860,82.8,17.200000000000003
4490,22450000,22455000,4531,469,90.62,9.379999999999995
4491,22455000,22460000,5000,0,100.0,0.0
4492,22460000,22465000,5000,0,100.0,0.0
4493,22465000,22470000,5000,0,100.0,0.0
4494,22470000,22475000,3375,1625,67.5,32.5
4495,22475000,22480000,5000,0,100.0,0.0
4496,22480000,22485000,5000,0,100.0,0.0
4497,22485000,22490000,5000,0,100.0,0.0
4498,22490000,22495000,5000,0,100.0,0.0
4499,22495000,22500000,3581,1419,71.61999999999999,28.38000000000001
4500,22500000,22505000,5000,0,100.0,0.0
4501,22505000,22510000,5000,0,100.0,0.0
4502,22510000,22515000,5000,0,100.0,0.0
4503,22515000,22520000,5000,0,100.0,0.0
4504,22520000,22525000,3437,1563,68.74,31.260000000000005
4505,22525000,22530000,5000,0,100.0,0.0
4506,22530000,22535000,5000,0,100.0,0.0
4507,22535000,22540000,5000,0,100.0,0.0
4508,22540000,22545000,3928,1072,78.56,21.439999999999998
4509,22545000,22550000,4582,418,91.64,8.36
4510,22550000,22555000,5000,0,100.0,0.0
4511,22555000,22560000,5000,0,100.0,0.0
4512,22560000,22565000,5000,0,100.0,0.0
4513,22565000,22570000,3619,1381,72.38,27.620000000000005
4514,22570000,22575000,5000,0,100.0,0.0
4515,22575000,22580000,5000,0,100.0,0.0
4516,22580000,22585000,5000,0,100.0,0.0
4517,22585000,22590000,4361,639,87.22,12.780000000000001
4518,22590000,22595000,4158,842,83.16,16.840000000000003
4519,22595000,22600000,5000,0,100.0,0.0
4520,22600000,22605000,5000,0,100.0,0.0
4521,22605000,22610000,5000,0,100.0,0.0
4522,22610000,22615000,3526,1474,70.52000000000001,29.47999999999999
4523,22615000,22620000,5000,0,100.0,0.0
4524,22620000,22625000,5000,0,100.0,0.0
4525,22625000,22630000,5000,0,100.0,0.0
4526,22630000,22635000,5000,0,100.0,0.0
4527,22635000,22640000,3529,1471,70.58,29.42
4528,22640000,22645000,5000,0,100.0,0.0
4529,22645000,22650000,5000,0,100.0,0.0
4530,22650000,22655000,5000,0,100.0,0.0
4531,22655000,22660000,3578,1422,71.56,28.439999999999998
4532,22660000,22665000,5000,0,100.0,0.0
4533,22665000,22670000,5000,0,100.0,0.0
4534,22670000,22675000,5000,0,100.0,0.0
4535,22675000,22680000,5000,0,100.0,0.0
4536,22680000,22685000,2514,2486,50.28,49.72
4537,22685000,22690000,5000,0,100.0,0.0
4538,22690000,22695000,5000,0,100.0,0.0
4539,22695000,22700000,5000,0,100.0,0.0
4540,22700000,22705000,5000,0,100.0,0.0
4541,22705000,22710000,3515,1485,70.3,29.700000000000003
4542,22710000,22715000,5000,0,100.0,0.0
4543,22715000,22720000,5000,0,100.0,0.0
4544,22720000,22725000,5000,0,100.0,0.0
4545,22725000,22730000,5000,0,100.0,0.0
4546,22730000,22735000,3500,1500,70.0,30.0
4547,22735000,22740000,5000,0,100.0,0.0
4548,22740000,22745000,5000,0,100.0,0.0
4549,22745000,22750000,5000,0,100.0,0.0
4550,22750000,22755000,4085,915,81.69999999999999,18.30000000000001
4551,22755000,22760000,4305,695,86.1,13.900000000000006
4552,22760000,22765000,5000,0,100.0,0.0
4553,22765000,22770000,5000,0,100.0,0.0
4554,22770000,22775000,5000,0,100.0,0.0
4555,22775000,22780000,3335,1665,66.7,33.3
4556,22780000,22785000,4211,789,84.22,15.780000000000001
4557,22785000,22790000,5000,0,100.0,0.0
4558,22790000,22795000,5000,0,100.0,0.0
4559,22795000,22800000,5000,0,100.0,0.0
4560,22800000,22805000,4229,771,84.58,15.420000000000002
4561,22805000,22810000,4339,661,86.78,13.219999999999999
4562,22810000,22815000,5000,0,100.0,0.0
4563,22815000,22820000,5000,0,100.0,0.0
4564,22820000,22825000,5000,0,100.0,0.0
4565,22825000,22830000,3543,1457,70.86,29.14
4566,22830000,22835000,5000,0,100.0,0.0
4567,22835000,22840000,5000,0,100.0,0.0
4568,22840000,22845000,5000,0,100.0,0.0
4569,22845000,22850000,4568,432,91.36,8.64
4570,22850000,22855000,3970,1030,79.4,20.599999999999994
4571,22855000,22860000,5000,0,100.0,0.0
4572,22860000,22865000,5000,0,100.0,0.0
4573,22865000,22870000,5000,0,100.0,0.0
4574,22870000,22875000,3460,1540,69.19999999999999,30.80000000000001
4575,22875000,22880000,5000,0,100.0,0.0
4576,22880000,22885000,5000,0,100.0,0.0
4577,22885000,22890000,5000,0,100.0,0.0
4578,22890000,22895000,5000,0,100.0,0.0
4579,22895000,22900000,3518,1482,70.36,29.64
4580,22900000,22905000,5000,0,100.0,0.0
4581,22905000,22910000,5000,0,100.0,0.0
4582,22910000,22915000,5000,0,100.0,0.0
4583,22915000,22920000,5000,0,100.0,0.0
4584,22920000,22925000,3547,1453,70.94,29.060000000000002
4585,22925000,22930000,5000,0,100.0,0.0
4586,22930000,22935000,5000,0,100.0,0.0
4587,22935000,22940000,5000,0,100.0,0.0
4588,22940000,22945000,5000,0,100.0,0.0
4589,22945000,22950000,3335,1665,66.7,33.3
4590,22950000,22955000,5000,0,100.0,0.0
4591,22955000,22960000,5000,0,100.0,0.0
4592,22960000,22965000,5000,0,100.0,0.0
4593,22965000,22970000,5000,0,100.0,0.0
4594,22970000,22975000,3375,1625,67.5,32.5
4595,22975000,22980000,5000,0,100.0,0.0
4596,22980000,22985000,5000,0,100.0,0.0
4597,22985000,22990000,5000,0,100.0,0.0
4598,22990000,22995000,5000,0,100.0,0.0
4599,22995000,23000000,5000,0,100.0,0.0
4600,23000000,23005000,5000,0,100.0,0.0
4601,23005000,23010000,5000,0,100.0,0.0
4602,23010000,23015000,5000,0,100.0,0.0
4603,23015000,23020000,5000,0,100.0,0.0
4604,23020000,23025000,5000,0,100.0,0.0
4605,23025000,23030000,5000,0,100.0,0.0
4606,23030000,23035000,5000,0,100.0,0.0
4607,23035000,23040000,5000,0,100.0,0.0
4608,23040000,23045000,5000,0,100.0,0.0
4609,23045000,23050000,5000,0,100.0,0.0
4610,23050000,23055000,3290,1710,65.8,34.2
4611,23055000,23060000,5000,0,100.0,0.0
4612,23060000,23065000,5000,0,100.0,0.0
4613,23065000,23070000,5000,0,100.0,0.0
4614,23070000,23075000,5000,0,100.0,0.0
4615,23075000,23080000,4149,851,82.98,17.019999999999996
4616,23080000,23085000,3925,1075,78.5,21.5
4617,23085000,23090000,5000,0,100.0,0.0
4618,23090000,23095000,5000,0,100.0,0.0
4619,23095000,23100000,5000,0,100.0,0.0
4620,23100000,23105000,5000,0,100.0,0.0
4621,23105000,23110000,4270,730,85.39999999999999,14.600000000000009
4622,23110000,23115000,3800,1200,76.0,24.0
4623,23115000,23120000,5000,0,100.0,0.0
4624,23120000,23125000,5000,0,100.0,0.0
4625,23125000,23130000,5000,0,100.0,0.0
4626,23130000,23135000,5000,0,100.0,0.0
4627,23135000,23140000,5000,0,100.0,0.0
4628,23140000,23145000,3189,1811,63.78,36.22
4629,23145000,23150000,5000,0,100.0,0.0
4630,23150000,23155000,5000,0,100.0,0.0
4631,23155000,23160000,5000,0,100.0,0.0
4632,23160000,23165000,5000,0,100.0,0.0
4633,23165000,23170000,5000,0,100.0,0.0
4634,23170000,23175000,3226,1774,64.52,35.480000000000004
4635,23175000,23180000,5000,0,100.0,0.0
4636,23180000,23185000,5000,0,100.0,0.0
4637,23185000,23190000,5000,0,100.0,0.0
4638,23190000,23195000,5000,0,100.0,0.0
4639,23195000,23200000,5000,0,100.0,0.0
4640,23200000,23205000,3116,1884,62.32,37.68
4641,23205000,23210000,5000,0,100.0,0.0
4642,23210000,23215000,5000,0,100.0,0.0
4643,23215000,23220000,5000,0,100.0,0.0
4644,23220000,23225000,5000,0,100.0,0.0
4645,23225000,23230000,5000,0,100.0,0.0
4646,23230000,23235000,3190,1810,63.800000000000004,36.199999999999996
4647,23235000,23240000,5000,0,100.0,0.0
4648,23240000,23245000,5000,0,100.0,0.0
4649,23245000,23250000,5000,0,100.0,0.0
4650,23250000,23255000,5000,0,100.0,0.0
4651,23255000,23260000,5000,0,100.0,0.0
4652,23260000,23265000,3724,1276,74.48,25.519999999999996
4653,23265000,23270000,4249,751,84.98,15.019999999999996
4654,23270000,23275000,5000,0,100.0,0.0
4655,23275000,23280000,5000,0,100.0,0.0
4656,23280000,23285000,5000,0,100.0,0.0
4657,23285000,23290000,5000,0,100.0,0.0
4658,23290000,23295000,5000,0,100.0,0.0
4659,23295000,23300000,2956,2044,59.12,40.88
4660,23300000,23305000,5000,0,100.0,0.0
4661,23305000,23310000,5000,0,100.0,0.0
4662,23310000,23315000,5000,0,100.0,0.0
4663,23315000,23320000,5000,0,100.0,0.0
4664,23320000,23325000,5000,0,100.0,0.0
4665,23325000,23330000,3881,1119,77.62,22.379999999999995
4666,23330000,23335000,3755,1245,75.1,24.900000000000006
4667,23335000,23340000,5000,0,100.0,0.0
4668,23340000,23345000,5000,0,100.0,0.0
4669,23345000,23350000,5000,0,100.0,0.0
4670,23350000,23355000,5000,0,100.0,0.0
4671,23355000,23360000,5000,0,100.0,0.0
4672,23360000,23365000,3105,1895,62.1,37.9
4673,23365000,23370000,5000,0,100.0,0.0
4674,23370000,23375000,5000,0,100.0,0.0
4675,23375000,23380000,5000,0,100.0,0.0
4676,23380000,23385000,5000,0,100.0,0.0
4677,23385000,23390000,5000,0,100.0,0.0
4678,23390000,23395000,3577,1423,71.54,28.459999999999994
4679,23395000,23400000,4326,674,86.52,13.480000000000004
4680,23400000,23405000,5000,0,100.0,0.0
4681,23405000,23410000,5000,0,100.0,0.0
4682,23410000,23415000,5000,0,100.0,0.0
4683,23415000,23420000,5000,0,100.0,0.0
4684,23420000,23425000,4361,639,87.22,12.780000000000001
4685,23425000,23430000,3602,1398,72.04,27.959999999999994
4686,23430000,23435000,5000,0,100.0,0.0
4687,23435000,23440000,5000,0,100.0,0.0
4688,23440000,23445000,5000,0,100.0,0.0
4689,23445000,23450000,5000,0,100.0,0.0
4690,23450000,23455000,5000,0,100.0,0.0
4691,23455000,23460000,3182,1818,63.63999999999999,36.36000000000001
4692,23460000,23465000,5000,0,100.0,0.0
4693,23465000,23470000,5000,0,100.0,0.0
4694,23470000,23475000,5000,0,100.0,0.0
4695,23475000,23480000,5000,0,100.0,0.0
4696,23480000,23485000,5000,0,100.0,0.0
4697,23485000,23490000,3063,1937,61.260000000000005,38.739999999999995
4698,23490000,23495000,5000,0,100.0,0.0
4699,23495000,23500000,5000,0,100.0,0.0
4700,23500000,23505000,5000,0,100.0,0.0
4701,23505000,23510000,5000,0,100.0,0.0
4702,23510000,23515000,3890,1110,77.8,22.200000000000003
4703,23515000,23520000,4278,722,85.56,14.439999999999998
4704,23520000,23525000,5000,0,100.0,0.0
4705,23525000,23530000,5000,0,100.0,0.0
4706,23530000,23535000,5000,0,100.0,0.0
4707,23535000,23540000,5000,0,100.0,0.0
4708,23540000,23545000,3240,1760,64.8,35.2
4709,23545000,23550000,5000,0,100.0,0.0
4710,23550000,23555000,5000,0,100.0,0.0
4711,23555000,23560000,5000,0,100.0,0.0
4712,23560000,23565000,5000,0,100.0,0.0
4713,23565000,23570000,3628,1372,72.56,27.439999999999998
4714,23570000,23575000,4314,686,86.28,13.719999999999999
4715,23575000,23580000,5000,0,100.0,0.0
4716,23580000,23585000,5000,0,100.0,0.0
4717,23585000,23590000,5000,0,100.0,0.0
4718,23590000,23595000,5000,0,100.0,0.0
4719,23595000,23600000,3313,1687,66.25999999999999,33.74000000000001
4720,23600000,23605000,4880,120,97.6,2.4000000000000057
4721,23605000,23610000,5000,0,100.0,0.0
4722,23610000,23615000,5000,0,100.0,0.0
4723,23615000,23620000,5000,0,100.0,0.0
4724,23620000,23625000,5000,0,100.0,0.0
4725,23625000,23630000,3295,1705,65.9,34.099999999999994
4726,23630000,23635000,5000,0,100.0,0.0
4727,23635000,23640000,5000,0,100.0,0.0
4728,23640000,23645000,5000,0,100.0,0.0
4729,23645000,23650000,5000,0,100.0,0.0
4730,23650000,23655000,4013,987,80.25999999999999,19.74000000000001
4731,23655000,23660000,4320,680,86.4,13.599999999999994
4732,23660000,23665000,5000,0,100.0,0.0
4733,23665000,23670000,5000,0,100.0,0.0
4734,23670000,23675000,5000,0,100.0,0.0
4735,23675000,23680000,4702,298,94.04,5.959999999999994
4736,23680000,23685000,3584,1416,71.67999999999999,28.320000000000007
4737,23685000,23690000,5000,0,100.0,0.0
4738,23690000,23695000,5000,0,100.0,0.0
4739,23695000,23700000,5000,0,100.0,0.0
4740,23700000,23705000,5000,0,100.0,0.0
4741,23705000,23710000,4881,119,97.61999999999999,2.3800000000000097
4742,23710000,23715000,3362,1638,67.24,32.760000000000005
4743,23715000,23720000,5000,0,100.0,0.0
4744,23720000,23725000,5000,0,100.0,0.0
4745,23725000,23730000,5000,0,100.0,0.0
4746,23730000,23735000,5000,0,100.0,0.0
4747,23735000,23740000,3277,1723,65.53999999999999,34.46000000000001
4748,23740000,23745000,5000,0,100.0,0.0
4749,23745000,23750000,5000,0,100.0,0.0
4750,23750000,23755000,5000,0,100.0,0.0
4751,23755000,23760000,5000,0,100.0,0.0
4752,23760000,23765000,4096,904,81.92,18.08
4753,23765000,23770000,4205,795,84.1,15.900000000000006
4754,23770000,23775000,5000,0,100.0,0.0
4755,23775000,23780000,5000,0,100.0,0.0
4756,23780000,23785000,5000,0,100.0,0.0
4757,23785000,23790000,4655,345,93.10000000000001,6.8999999999999915
4758,23790000,23795000,3758,1242,75.16000000000001,24.83999999999999
4759,23795000,23800000,5000,0,100.0,0.0
4760,23800000,23805000,5000,0,100.0,0.0
4761,23805000,23810000,5000,0,100.0,0.0
4762,23810000,23815000,4210,790,84.2,15.799999999999997
4763,23815000,23820000,4193,807,83.86,16.14
4764,23820000,23825000,5000,0,100.0,0.0
4765,23825000,23830000,5000,0,100.0,0.0
4766,23830000,23835000,5000,0,100.0,0.0
4767,23835000,23840000,3555,1445,71.1,28.900000000000006
4768,23840000,23845000,4921,79,98.42,1.5799999999999983
4769,23845000,23850000,5000,0,100.0,0.0
4770,23850000,23855000,5000,0,100.0,0.0
4771,23855000,23860000,5000,0,100.0,0.0
4772,23860000,23865000,3820,1180,76.4,23.599999999999994
4773,23865000,23870000,4339,661,86.78,13.219999999999999
4774,23870000,23875000,5000,0,100.0,0.0
4775,23875000,23880000,5000,0,100.0,0.0
4776,23880000,23885000,5000,0,100.0,0.0
4777,23885000,23890000,4608,392,92.16,7.840000000000003
4778,23890000,23895000,3766,1234,75.32,24.680000000000007
4779,23895000,23900000,5000,0,100.0,0.0
4780,23900000,23905000,5000,0,100.0,0.0
4781,23905000,23910000,5000,0,100.0,0.0
4782,23910000,23915000,3547,1453,70.94,29.060000000000002
4783,23915000,23920000,4940,60,98.8,1.2000000000000028
4784,23920000,23925000,5000,0,100.0,0.0
4785,23925000,23930000,5000,0,100.0,0.0
4786,23930000,23935000,5000,0,100.0,0.0
4787,23935000,23940000,3442,1558,68.84,31.159999999999997
4788,23940000,23945000,5000,0,100.0,0.0
4789,23945000,23950000,5000,0,100.0,0.0
4790,23950000,23955000,5000,0,100.0,0.0
4791,23955000,23960000,5000,0,100.0,0.0
4792,23960000,23965000,3472,1528,69.44,30.560000000000002
4793,23965000,23970000,5000,0,100.0,0.0
4794,23970000,23975000,5000,0,100.0,0.0
4795,23975000,23980000,5000,0,100.0,0.0
4796,23980000,23985000,4139,861,82.78,17.22
4797,23985000,23990000,4422,578,88.44,11.560000000000002
4798,23990000,23995000,5000,0,100.0,0.0
4799,23995000,24000000,5000,0,100.0,0.0
4800,24000000,24005000,5000,0,100.0,0.0
4801,24005000,24010000,5000,0,100.0,0.0
4802,24010000,24015000,5000,0,100.0,0.0
4803,24015000,24020000,5000,0,100.0,0.0
4804,24020000,24025000,5000,0,100.0,0.0
4805,24025000,24030000,5000,0,100.0,0.0
4806,24030000,24035000,5000,0,100.0,0.0
4807,24035000,24040000,5000,0,100.0,0.0
4808,24040000,24045000,5000,0,100.0,0.0
4809,24045000,24050000,5000,0,100.0,0.0
4810,24050000,24055000,5000,0,100.0,0.0
4811,24055000,24060000,5000,0,100.0,0.0
4812,24060000,24065000,3456,1544,69.12,30.879999999999995
4813,24065000,24070000,5000,0,100.0,0.0
4814,24070000,24075000,5000,0,100.0,0.0
4815,24075000,24080000,5000,0,100.0,0.0
4816,24080000,24085000,4119,881,82.38,17.620000000000005
4817,24085000,24090000,4254,746,85.08,14.920000000000002
4818,24090000,24095000,5000,0,100.0,0.0
4819,24095000,24100000,5000,0,100.0,0.0
4820,24100000,24105000,5000,0,100.0,0.0
4821,24105000,24110000,3323,1677,66.46,33.540000000000006
4822,24110000,24115000,4794,206,95.88,4.1200000000000045
4823,24115000,24120000,5000,0,100.0,0.0
4824,24120000,24125000,5000,0,100.0,0.0
4825,24125000,24130000,5000,0,100.0,0.0
4826,24130000,24135000,3514,1486,70.28,29.72
4827,24135000,24140000,5000,0,100.0,0.0
4828,24140000,24145000,5000,0,100.0,0.0
4829,24145000,24150000,5000,0,100.0,0.0
4830,24150000,24155000,5000,0,100.0,0.0
4831,24155000,24160000,3467,1533,69.34,30.659999999999997
4832,24160000,24165000,5000,0,100.0,0.0
4833,24165000,24170000,5000,0,100.0,0.0
4834,24170000,24175000,5000,0,100.0,0.0
4835,24175000,24180000,5000,0,100.0,0.0
4836,24180000,24185000,3535,1465,70.7,29.299999999999997
4837,24185000,24190000,5000,0,100.0,0.0
4838,24190000,24195000,5000,0,100.0,0.0
4839,24195000,24200000,5000,0,100.0,0.0
4840,24200000,24205000,5000,0,100.0,0.0
4841,24205000,24210000,3464,1536,69.28,30.72
4842,24210000,24215000,5000,0,100.0,0.0
4843,24215000,24220000,5000,0,100.0,0.0
4844,24220000,24225000,5000,0,100.0,0.0
4845,24225000,24230000,3540,1460,70.8,29.200000000000003
4846,24230000,24235000,5000,0,100.0,0.0
4847,24235000,24240000,5000,0,100.0,0.0
4848,24240000,24245000,5000,0,100.0,0.0
4849,24245000,24250000,5000,0,100.0,0.0
4850,24250000,24255000,3560,1440,71.2,28.799999999999997
4851,24255000,24260000,5000,0,100.0,0.0
4852,24260000,24265000,5000,0,100.0,0.0
4853,24265000,24270000,5000,0,100.0,0.0
4854,24270000,24275000,4248,752,84.96000000000001,15.039999999999992
4855,24275000,24280000,4300,700,86.0,14.0
4856,24280000,24285000,5000,0,100.0,0.0
4857,24285000,24290000,5000,0,100.0,0.0
4858,24290000,24295000,5000,0,100.0,0.0
4859,24295000,24300000,3602,1398,72.04,27.959999999999994
4860,24300000,24305000,5000,0,100.0,0.0
4861,24305000,24310000,5000,0,100.0,0.0
4862,24310000,24315000,5000,0,100.0,0.0
4863,24315000,24320000,3701,1299,74.02,25.980000000000004
4864,24320000,24325000,5000,0,100.0,0.0
4865,24325000,24330000,5000,0,100.0,0.0
4866,24330000,24335000,5000,0,100.0,0.0
4867,24335000,24340000,3874,1126,77.48,22.519999999999996
4868,24340000,24345000,4851,149,97.02,2.980000000000004
4869,24345000,24350000,5000,0,100.0,0.0
4870,24350000,24355000,5000,0,100.0,0.0
4871,24355000,24360000,5000,0,100.0,0.0
4872,24360000,24365000,5000,0,100.0,0.0
4873,24365000,24370000,5000,0,100.0,0.0
4874,24370000,24375000,3623,1377,72.46000000000001,27.539999999999992
4875,24375000,24380000,5000,0,100.0,0.0
4876,24380000,24385000,5000,0,100.0,0.0
4877,24385000,24390000,5000,0,100.0,0.0
4878,24390000,24395000,3619,1381,72.38,27.620000000000005
4879,24395000,24400000,5000,0,100.0,0.0
4880,24400000,24405000,5000,0,100.0,0.0
4881,24405000,24410000,5000,0,100.0,0.0
4882,24410000,24415000,3409,1591,68.17999999999999,31.820000000000007
4883,24415000,24420000,5000,0,100.0,0.0
4884,24420000,24425000,5000,0,100.0,0.0
4885,24425000,24430000,5000,0,100.0,0.0
4886,24430000,24435000,5000,0,100.0,0.0
4887,24435000,24440000,3663,1337,73.26,26.739999999999995
4888,24440000,24445000,5000,0,100.0,0.0
4889,24445000,24450000,5000,0,100.0,0.0
4890,24450000,24455000,5000,0,100.0,0.0
4891,24455000,24460000,3663,1337,73.26,26.739999999999995
4892,24460000,24465000,5000,0,100.0,0.0
4893,24465000,24470000,5000,0,100.0,0.0
4894,24470000,24475000,5000,0,100.0,0.0
4895,24475000,24480000,4259,741,85.18,14.819999999999993
4896,24480000,24485000,4902,98,98.04,1.9599999999999937
4897,24485000,24490000,4204,796,84.08,15.920000000000002
4898,24490000,24495000,5000,0,100.0,0.0
4899,24495000,24500000,5000,0,100.0,0.0
4900,24500000,24505000,5000,0,100.0,0.0
4901,24505000,24510000,4299,701,85.98,14.019999999999996
4902,24510000,24515000,4298,702,85.96000000000001,14.039999999999992
4903,24515000,24520000,5000,0,100.0,0.0
4904,24520000,24525000,5000,0,100.0,0.0
4905,24525000,24530000,5000,0,100.0,0.0
4906,24530000,24535000,3456,1544,69.12,30.879999999999995
4907,24535000,24540000,5000,0,100.0,0.0
4908,24540000,24545000,5000,0,100.0,0.0
4909,24545000,24550000,5000,0,100.0,0.0
4910,24550000,24555000,4190,810,83.8,16.200000000000003
4911,24555000,24560000,4401,599,88.02,11.980000000000004
4912,24560000,24565000,5000,0,100.0,0.0
4913,24565000,24570000,5000,0,100.0,0.0
4914,24570000,24575000,5000,0,100.0,0.0
4915,24575000,24580000,3694,1306,73.88,26.120000000000005
4916,24580000,24585000,5000,0,100.0,0.0
4917,24585000,24590000,5000,0,100.0,0.0
4918,24590000,24595000,5000,0,100.0,0.0
4919,24595000,24600000,3579,1421,71.58,28.42
4920,24600000,24605000,5000,0,100.0,0.0
4921,24605000,24610000,5000,0,100.0,0.0
4922,24610000,24615000,5000,0,100.0,0.0
4923,24615000,24620000,4172,828,83.44,16.560000000000002
4924,24620000,24625000,5000,0,100.0,0.0
4925,24625000,24630000,4325,675,86.5,13.5
4926,24630000,24635000,5000,0,100.0,0.0
4927,24635000,24640000,5000,0,100.0,0.0
4928,24640000,24645000,5000,0,100.0,0.0
4929,24645000,24650000,5000,0,100.0,0.0
4930,24650000,24655000,3493,1507,69.86,30.14
4931,24655000,24660000,5000,0,100.0,0.0
4932,24660000,24665000,5000,0,100.0,0.0
4933,24665000,24670000,5000,0,100.0,0.0
4934,24670000,24675000,5000,0,100.0,0.0
4935,24675000,24680000,3596,1404,71.92,28.08
4936,24680000,24685000,5000,0,100.0,0.0
4937,24685000,24690000,5000,0,100.0,0.0
4938,24690000,24695000,5000,0,100.0,0.0
4939,24695000,24700000,4277,723,85.54,14.459999999999994
4940,24700000,24705000,4284,716,85.68,14.319999999999993
4941,24705000,24710000,5000,0,100.0,0.0
4942,24710000,24715000,5000,0,100.0,0.0
4943,24715000,24720000,5000,0,100.0,0.0
4944,24720000,24725000,3647,1353,72.94,27.060000000000002
4945,24725000,24730000,5000,0,100.0,0.0
4946,24730000,24735000,5000,0,100.0,0.0
4947,24735000,24740000,5000,0,100.0,0.0
4948,24740000,24745000,5000,0,100.0,0.0
4949,24745000,24750000,5000,0,100.0,0.0
4950,24750000,24755000,3090,1910,61.8,38.2
4951,24755000,24760000,5000,0,100.0,0.0
4952,24760000,24765000,5000,0,100.0,0.0
4953,24765000,24770000,5000,0,100.0,0.0
4954,24770000,24775000,4283,717,85.66,14.340000000000003
4955,24775000,24780000,4311,689,86.22,13.780000000000001
4956,24780000,24785000,5000,0,100.0,0.0
4957,24785000,24790000,5000,0,100.0,0.0
4958,24790000,24795000,5000,0,100.0,0.0
4959,24795000,24800000,5000,0,100.0,0.0
4960,24800000,24805000,3586,1414,71.72,28.28
4961,24805000,24810000,5000,0,100.0,0.0
4962,24810000,24815000,5000,0,100.0,0.0
4963,24815000,24820000,5000,0,100.0,0.0
4964,24820000,24825000,4043,957,80.86,19.14
4965,24825000,24830000,4554,446,91.08000000000001,8.919999999999987
4966,24830000,24835000,5000,0,100.0,0.0
4967,24835000,24840000,5000,0,100.0,0.0
4968,24840000,24845000,5000,0,100.0,0.0
4969,24845000,24850000,3698,1302,73.96000000000001,26.039999999999992
4970,24850000,24855000,5000,0,100.0,0.0
4971,24855000,24860000,5000,0,100.0,0.0
4972,24860000,24865000,5000,0,100.0,0.0
4973,24865000,24870000,3649,1351,72.98,27.019999999999996
4974,24870000,24875000,4820,180,96.39999999999999,3.6000000000000085
4975,24875000,24880000,5000,0,100.0,0.0
4976,24880000,24885000,5000,0,100.0,0.0
4977,24885000,24890000,5000,0,100.0,0.0
4978,24890000,24895000,5000,0,100.0,0.0
4979,24895000,24900000,3233,1767,64.66,35.34
4980,24900000,24905000,5000,0,100.0,0.0
4981,24905000,24910000,5000,0,100.0,0.0
4982,24910000,24915000,5000,0,100.0,0.0
4983,24915000,24920000,5000,0,100.0,0.0
4984,24920000,24925000,3539,1461,70.78,29.22
4985,24925000,24930000,5000,0,100.0,0.0
4986,24930000,24935000,5000,0,100.0,0.0
4987,24935000,24940000,5000,0,100.0,0.0
4988,24940000,24945000,5000,0,100.0,0.0
4989,24945000,24950000,3545,1455,70.89999999999999,29.10000000000001
4990,24950000,24955000,5000,0,100.0,0.0
4991,24955000,24960000,5000,0,100.0,0.0
4992,24960000,24965000,5000,0,100.0,0.0
4993,24965000,24970000,4590,410,91.8,8.200000000000003
4994,24970000,24975000,3748,1252,74.96000000000001,25.039999999999992
4995,24975000,24980000,5000,0,100.0,0.0
4996,24980000,24985000,5000,0,100.0,0.0
4997,24985000,24990000,5000,0,100.0,0.0
4998,24990000,24995000,5000,0,100.0,0.0
4999,24995000,25000000,5000,0,100.0,0.0
5000,25000000,25005000,5000,0,100.0,0.0
5001,25005000,25010000,5000,0,100.0,0.0
5002,25010000,25015000,5000,0,100.0,0.0
5003,25015000,25020000,5000,0,100.0,0.0
5004,25020000,25025000,5000,0,100.0,0.0
5005,25025000,25030000,5000,0,100.0,0.0
5006,25030000,25035000,5000,0,100.0,0.0
5007,25035000,25040000,5000,0,100.0,0.0
5008,25040000,25045000,5000,0,100.0,0.0
5009,25045000,25050000,5000,0,100.0,0.0
5010,25050000,25055000,3430,1570,68.60000000000001,31.39999999999999
5011,25055000,25060000,5000,0,100.0,0.0
5012,25060000,25065000,5000,0,100.0,0.0
5013,25065000,25070000,5000,0,100.0,0.0
5014,25070000,25075000,5000,0,100.0,0.0
5015,25075000,25080000,3341,1659,66.82000000000001,33.17999999999999
5016,25080000,25085000,5000,0,100.0,0.0
5017,25085000,25090000,5000,0,100.0,0.0
5018,25090000,25095000,5000,0,100.0,0.0
5019,25095000,25100000,5000,0,100.0,0.0
5020,25100000,25105000,3740,1260,74.8,25.200000000000003
5021,25105000,25110000,4314,686,86.28,13.719999999999999
5022,25110000,25115000,5000,0,100.0,0.0
5023,25115000,25120000,5000,0,100.0,0.0
5024,25120000,25125000,5000,0,100.0,0.0
5025,25125000,25130000,5000,0,100.0,0.0
5026,25130000,25135000,3360,1640,67.2,32.8
5027,25135000,25140000,5000,0,100.0,0.0
5028,25140000,25145000,5000,0,100.0,0.0
5029,25145000,25150000,5000,0,100.0,0.0
5030,25150000,25155000,5000,0,100.0,0.0
5031,25155000,25160000,3422,1578,68.44,31.560000000000002
5032,25160000,25165000,4860,140,97.2,2.799999999999997
5033,25165000,25170000,5000,0,100.0,0.0
5034,25170000,25175000,5000,0,100.0,0.0
5035,25175000,25180000,5000,0,100.0,0.0
5036,25180000,25185000,5000,0,100.0,0.0
5037,25185000,25190000,2856,2144,57.120000000000005,42.879999999999995
5038,25190000,25195000,5000,0,100.0,0.0
5039,25195000,25200000,5000,0,100.0,0.0
5040,25200000,25205000,5000,0,100.0,0.0
5041,25205000,25210000,5000,0,100.0,0.0
5042,25210000,25215000,5000,0,100.0,0.0
5043,25215000,25220000,3263,1737,65.25999999999999,34.74000000000001
5044,25220000,25225000,5000,0,100.0,0.0
5045,25225000,25230000,5000,0,100.0,0.0
5046,25230000,25235000,5000,0,100.0,0.0
5047,25235000,25240000,5000,0,100.0,0.0
5048,25240000,25245000,5000,0,100.0,0.0
5049,25245000,25250000,3187,1813,63.739999999999995,36.260000000000005
5050,25250000,25255000,5000,0,100.0,0.0
5051,25255000,25260000,5000,0,100.0,0.0
5052,25260000,25265000,5000,0,100.0,0.0
5053,25265000,25270000,5000,0,100.0,0.0
5054,25270000,25275000,3580,1420,71.6,28.400000000000006
5055,25275000,25280000,4730,270,94.6,5.400000000000006
5056,25280000,25285000,5000,0,100.0,0.0
5057,25285000,25290000,5000,0,100.0,0.0
5058,25290000,25295000,5000,0,100.0,0.0
5059,25295000,25300000,5000,0,100.0,0.0
5060,25300000,25305000,3515,1485,70.3,29.700000000000003
5061,25305000,25310000,4768,232,95.36,4.640000000000001
5062,25310000,25315000,5000,0,100.0,0.0
5063,25315000,25320000,5000,0,100.0,0.0
5064,25320000,25325000,5000,0,100.0,0.0
5065,25325000,25330000,4438,562,88.75999999999999,11.240000000000009
5066,25330000,25335000,3721,1279,74.42,25.58
5067,25335000,25340000,5000,0,100.0,0.0
5068,25340000,25345000,5000,0,100.0,0.0
5069,25345000,25350000,5000,0,100.0,0.0
5070,25350000,25355000,5000,0,100.0,0.0
5071,25355000,25360000,3285,1715,65.7,34.3
5072,25360000,25365000,5000,0,100.0,0.0
5073,25365000,25370000,5000,0,100.0,0.0
5074,25370000,25375000,5000,0,100.0,0.0
5075,25375000,25380000,5000,0,100.0,0.0
5076,25380000,25385000,3405,1595,68.10000000000001,31.89999999999999
5077,25385000,25390000,5000,0,100.0,0.0
5078,25390000,25395000,5000,0,100.0,0.0
5079,25395000,25400000,5000,0,100.0,0.0
5080,25400000,25405000,5000,0,100.0,0.0
5081,25405000,25410000,3460,1540,69.19999999999999,30.80000000000001
5082,25410000,25415000,5000,0,100.0,0.0
5083,25415000,25420000,5000,0,100.0,0.0
5084,25420000,25425000,5000,0,100.0,0.0
5085,25425000,25430000,5000,0,100.0,0.0
5086,25430000,25435000,3419,1581,68.38,31.620000000000005
5087,25435000,25440000,5000,0,100.0,0.0
5088,25440000,25445000,5000,0,100.0,0.0
5089,25445000,25450000,5000,0,100.0,0.0
5090,25450000,25455000,5000,0,100.0,0.0
5091,25455000,25460000,3509,1491,70.17999999999999,29.820000000000007
5092,25460000,25465000,5000,0,100.0,0.0
5093,25465000,25470000,5000,0,100.0,0.0
5094,25470000,25475000,5000,0,100.0,0.0
5095,25475000,25480000,4203,797,84.06,15.939999999999998
5096,25480000,25485000,4332,668,86.64,13.36
5097,25485000,25490000,5000,0,100.0,0.0
5098,25490000,25495000,5000,0,100.0,0.0
5099,25495000,25500000,5000,0,100.0,0.0
5100,25500000,25505000,3566,1434,71.32,28.680000000000007
5101,25505000,25510000,5000,0,100.0,0.0
5102,25510000,25515000,5000,0,100.0,0.0
5103,25515000,25520000,5000,0,100.0,0.0
5104,25520000,25525000,5000,0,100.0,0.0
5105,25525000,25530000,3511,1489,70.22,29.78
5106,25530000,25535000,5000,0,100.0,0.0
5107,25535000,25540000,5000,0,100.0,0.0
5108,25540000,25545000,5000,0,100.0,0.0
5109,25545000,25550000,3364,1636,67.28,32.72
5110,25550000,25555000,5000,0,100.0,0.0
5111,25555000,25560000,5000,0,100.0,0.0
5112,25560000,25565000,5000,0,100.0,0.0
5113,25565000,25570000,5000,0,100.0,0.0
5114,25570000,25575000,3385,1615,67.7,32.3
5115,25575000,25580000,5000,0,100.0,0.0
5116,25580000,25585000,5000,0,100.0,0.0
5117,25585000,25590000,5000,0,100.0,0.0
5118,25590000,25595000,5000,0,100.0,0.0
5119,25595000,25595969,364,605,37.56449948400412,62.43550051599588
