bin_index,start_time_us,end_time_us,waiting_time_us,running_time_us,waiting_pct,running_pct
0,152835387,152835887,97,403,19.400000000000002,80.6
1,152835887,152836387,0,500,0.0,100.0
2,152836387,152836887,6,494,1.2,98.8
3,152836887,152837387,24,476,4.8,95.2
4,152837387,152837887,17,483,3.4000000000000004,96.6
5,152837887,152838387,22,478,4.3999999999999995,95.6
6,152838387,152838887,17,483,3.4000000000000004,96.6
7,152838887,152839387,13,487,2.6,97.4
8,152839387,152839887,14,486,2.8000000000000003,97.2
9,152839887,152840387,25,475,5.0,95.0
10,152840387,152840887,15,485,3.0,97.0
11,152840887,152841387,23,477,4.6,95.4
12,152841387,152841887,9,491,1.7999999999999998,98.2
13,152841887,152842387,5,495,1.0,99.0
14,152842387,152842887,6,494,1.2,98.8
15,152842887,152843387,9,491,1.7999999999999998,98.2
16,152843387,152843887,17,483,3.4000000000000004,96.6
17,152843887,152844387,14,486,2.8000000000000003,97.2
18,152844387,152844887,14,486,2.8000000000000003,97.2
19,152844887,152845387,15,485,3.0,97.0
20,152845387,152845887,17,483,3.4000000000000004,96.6
21,152845887,152846387,17,483,3.4000000000000004,96.6
22,152846387,152846887,13,487,2.6,97.4
23,152846887,152847387,10,490,2.0,98.0
24,152847387,152847887,8,492,1.6,98.4
25,152847887,152848387,9,491,1.7999999999999998,98.2
26,152848387,152848887,14,486,2.8000000000000003,97.2
27,152848887,152849387,14,486,2.8000000000000003,97.2
28,152849387,152849887,8,492,1.6,98.4
29,152849887,152850387,11,489,2.1999999999999997,97.8
30,152850387,152850887,13,487,2.6,97.4
31,152850887,152851387,13,487,2.6,97.4
32,152851387,152851887,81,419,16.2,83.8
33,152851887,152852387,356,144,71.2,28.799999999999997
34,152852387,152852887,500,0,100.0,0.0
35,152852887,152853387,500,0,100.0,0.0
36,152853387,152853887,500,0,100.0,0.0
37,152853887,152854387,500,0,100.0,0.0
38,152854387,152854887,500,0,100.0,0.0
39,152854887,152855387,500,0,100.0,0.0
40,152855387,152855887,500,0,100.0,0.0
41,152855887,152856387,500,0,100.0,0.0
42,152856387,152856887,500,0,100.0,0.0
43,152856887,152857387,500,0,100.0,0.0
44,152857387,152857887,500,0,100.0,0.0
45,152857887,152858387,500,0,100.0,0.0
46,152858387,152858887,500,0,100.0,0.0
47,152858887,152859387,500,0,100.0,0.0
48,152859387,152859887,500,0,100.0,0.0
49,152859887,152860387,500,0,100.0,0.0
50,152860387,152860887,500,0,100.0,0.0
51,152860887,152861387,500,0,100.0,0.0
52,152861387,152861887,500,0,100.0,0.0
53,152861887,152862387,500,0,100.0,0.0
54,152862387,152862887,500,0,100.0,0.0
55,152862887,152863387,493,7,98.6,1.4000000000000057
56,152863387,152863887,8,492,1.6,98.4
57,152863887,152864387,64,436,12.8,87.2
58,152864387,152864887,9,491,1.7999999999999998,98.2
59,152864887,152865387,4,496,0.8,99.2
60,152865387,152865887,71,429,14.2,85.8
61,152865887,152866387,150,350,30.0,70.0
62,152866387,152866887,500,0,100.0,0.0
63,152866887,152867387,500,0,100.0,0.0
64,152867387,152867887,500,0,100.0,0.0
65,152867887,152868387,500,0,100.0,0.0
66,152868387,152868887,500,0,100.0,0.0
67,152868887,152869387,500,0,100.0,0.0
68,152869387,152869887,500,0,100.0,0.0
69,152869887,152870387,500,0,100.0,0.0
70,152870387,152870887,500,0,100.0,0.0
71,152870887,152871387,500,0,100.0,0.0
72,152871387,152871887,500,0,100.0,0.0
73,152871887,152872387,500,0,100.0,0.0
74,152872387,152872887,500,0,100.0,0.0
75,152872887,152873387,500,0,100.0,0.0
76,152873387,152873887,500,0,100.0,0.0
77,152873887,152874387,500,0,100.0,0.0
78,152874387,152874887,500,0,100.0,0.0
79,152874887,152875387,500,0,100.0,0.0
80,152875387,152875887,500,0,100.0,0.0
81,152875887,152876387,500,0,100.0,0.0
82,152876387,152876887,500,0,100.0,0.0
83,152876887,152877387,500,0,100.0,0.0
84,152877387,152877887,500,0,100.0,0.0
85,152877887,152878387,500,0,100.0,0.0
86,152878387,152878887,500,0,100.0,0.0
87,152878887,152879387,500,0,100.0,0.0
88,152879387,152879887,500,0,100.0,0.0
89,152879887,152880387,500,0,100.0,0.0
90,152880387,152880887,500,0,100.0,0.0
91,152880887,152881387,500,0,100.0,0.0
92,152881387,152881887,500,0,100.0,0.0
93,152881887,152882387,500,0,100.0,0.0
94,152882387,152882887,500,0,100.0,0.0
95,152882887,152883387,500,0,100.0,0.0
96,152883387,152883887,500,0,100.0,0.0
97,152883887,152884387,500,0,100.0,0.0
98,152884387,152884887,500,0,100.0,0.0
99,152884887,152885387,500,0,100.0,0.0
100,152885387,152885887,500,0,100.0,0.0
101,152885887,152886387,500,0,100.0,0.0
102,152886387,152886887,500,0,100.0,0.0
103,152886887,152887387,500,0,100.0,0.0
104,152887387,152887887,500,0,100.0,0.0
105,152887887,152888387,500,0,100.0,0.0
106,152888387,152888887,500,0,100.0,0.0
107,152888887,152889387,500,0,100.0,0.0
108,152889387,152889887,500,0,100.0,0.0
109,152889887,152890387,500,0,100.0,0.0
110,152890387,152890887,500,0,100.0,0.0
111,152890887,152891387,500,0,100.0,0.0
112,152891387,152891887,500,0,100.0,0.0
113,152891887,152892387,500,0,100.0,0.0
114,152892387,152892887,500,0,100.0,0.0
115,152892887,152893387,500,0,100.0,0.0
116,152893387,152893887,500,0,100.0,0.0
117,152893887,152894387,179,321,35.8,64.2
118,152894387,152894887,55,445,11.0,89.0
119,152894887,152895387,66,434,13.200000000000001,86.8
120,152895387,152895887,500,0,100.0,0.0
121,152895887,152896387,500,0,100.0,0.0
122,152896387,152896887,500,0,100.0,0.0
123,152896887,152897387,500,0,100.0,0.0
124,152897387,152897887,500,0,100.0,0.0
125,152897887,152898387,500,0,100.0,0.0
126,152898387,152898887,500,0,100.0,0.0
127,152898887,152899387,500,0,100.0,0.0
128,152899387,152899887,500,0,100.0,0.0
129,152899887,152900387,500,0,100.0,0.0
130,152900387,152900887,500,0,100.0,0.0
131,152900887,152901387,500,0,100.0,0.0
132,152901387,152901887,500,0,100.0,0.0
133,152901887,152902387,500,0,100.0,0.0
134,152902387,152902887,500,0,100.0,0.0
135,152902887,152903387,500,0,100.0,0.0
136,152903387,152903887,500,0,100.0,0.0
137,152903887,152904387,500,0,100.0,0.0
138,152904387,152904887,500,0,100.0,0.0
139,152904887,152905387,500,0,100.0,0.0
140,152905387,152905887,500,0,100.0,0.0
141,152905887,152906387,500,0,100.0,0.0
142,152906387,152906887,500,0,100.0,0.0
143,152906887,152907387,500,0,100.0,0.0
144,152907387,152907887,500,0,100.0,0.0
145,152907887,152908387,500,0,100.0,0.0
146,152908387,152908887,500,0,100.0,0.0
147,152908887,152909387,500,0,100.0,0.0
148,152909387,152909887,500,0,100.0,0.0
149,152909887,152910387,500,0,100.0,0.0
150,152910387,152910887,500,0,100.0,0.0
151,152910887,152911387,500,0,100.0,0.0
152,152911387,152911887,500,0,100.0,0.0
153,152911887,152912387,500,0,100.0,0.0
154,152912387,152912887,500,0,100.0,0.0
155,152912887,152913387,500,0,100.0,0.0
156,152913387,152913887,500,0,100.0,0.0
157,152913887,152914387,500,0,100.0,0.0
158,152914387,152914887,500,0,100.0,0.0
159,152914887,152915387,500,0,100.0,0.0
160,152915387,152915887,500,0,100.0,0.0
161,152915887,152916387,500,0,100.0,0.0
162,152916387,152916887,500,0,100.0,0.0
163,152916887,152917387,500,0,100.0,0.0
164,152917387,152917887,500,0,100.0,0.0
165,152917887,152918387,500,0,100.0,0.0
166,152918387,152918887,500,0,100.0,0.0
167,152918887,152919387,500,0,100.0,0.0
168,152919387,152919887,500,0,100.0,0.0
169,152919887,152920387,500,0,100.0,0.0
170,152920387,152920887,217,283,43.4,56.6
171,152920887,152921387,13,487,2.6,97.4
172,152921387,152921887,68,432,13.600000000000001,86.4
173,152921887,152922387,378,122,75.6,24.400000000000006
174,152922387,152922887,500,0,100.0,0.0
175,152922887,152923387,500,0,100.0,0.0
176,152923387,152923887,500,0,100.0,0.0
177,152923887,152924387,500,0,100.0,0.0
178,152924387,152924887,500,0,100.0,0.0
179,152924887,152925387,500,0,100.0,0.0
180,152925387,152925887,500,0,100.0,0.0
181,152925887,152926387,500,0,100.0,0.0
182,152926387,152926887,500,0,100.0,0.0
183,152926887,152927387,500,0,100.0,0.0
184,152927387,152927887,500,0,100.0,0.0
185,152927887,152928387,500,0,100.0,0.0
186,152928387,152928887,500,0,100.0,0.0
187,152928887,152929387,500,0,100.0,0.0
188,152929387,152929887,500,0,100.0,0.0
189,152929887,152930387,500,0,100.0,0.0
190,152930387,152930887,500,0,100.0,0.0
191,152930887,152931387,500,0,100.0,0.0
192,152931387,152931887,500,0,100.0,0.0
193,152931887,152932387,500,0,100.0,0.0
194,152932387,152932887,500,0,100.0,0.0
195,152932887,152933387,500,0,100.0,0.0
196,152933387,152933887,500,0,100.0,0.0
197,152933887,152934387,500,0,100.0,0.0
198,152934387,152934887,500,0,100.0,0.0
199,152934887,152935387,500,0,100.0,0.0
200,152935387,152935887,500,0,100.0,0.0
201,152935887,152936387,500,0,100.0,0.0
202,152936387,152936887,500,0,100.0,0.0
203,152936887,152937387,500,0,100.0,0.0
204,152937387,152937887,500,0,100.0,0.0
205,152937887,152938387,500,0,100.0,0.0
206,152938387,152938887,500,0,100.0,0.0
207,152938887,152939387,500,0,100.0,0.0
208,152939387,152939887,500,0,100.0,0.0
209,152939887,152940387,500,0,100.0,0.0
210,152940387,152940887,500,0,100.0,0.0
211,152940887,152941387,500,0,100.0,0.0
212,152941387,152941887,500,0,100.0,0.0
213,152941887,152942387,500,0,100.0,0.0
214,152942387,152942887,500,0,100.0,0.0
215,152942887,152943387,500,0,100.0,0.0
216,152943387,152943887,500,0,100.0,0.0
217,152943887,152944387,500,0,100.0,0.0
218,152944387,152944887,500,0,100.0,0.0
219,152944887,152945387,500,0,100.0,0.0
220,152945387,152945887,500,0,100.0,0.0
221,152945887,152946387,500,0,100.0,0.0
222,152946387,152946887,500,0,100.0,0.0
223,152946887,152947387,500,0,100.0,0.0
224,152947387,152947887,437,63,87.4,12.599999999999994
225,152947887,152948387,10,490,2.0,98.0
226,152948387,152948887,61,439,12.2,87.8
227,152948887,152949387,278,222,55.60000000000001,44.39999999999999
228,152949387,152949887,500,0,100.0,0.0
229,152949887,152950387,500,0,100.0,0.0
230,152950387,152950887,500,0,100.0,0.0
231,152950887,152951387,500,0,100.0,0.0
232,152951387,152951887,500,0,100.0,0.0
233,152951887,152952387,500,0,100.0,0.0
234,152952387,152952887,500,0,100.0,0.0
235,152952887,152953387,500,0,100.0,0.0
236,152953387,152953887,500,0,100.0,0.0
237,152953887,152954387,500,0,100.0,0.0
238,152954387,152954887,500,0,100.0,0.0
239,152954887,152955387,500,0,100.0,0.0
240,152955387,152955887,500,0,100.0,0.0
241,152955887,152956387,500,0,100.0,0.0
242,152956387,152956887,500,0,100.0,0.0
243,152956887,152957387,500,0,100.0,0.0
244,152957387,152957887,500,0,100.0,0.0
245,152957887,152958387,500,0,100.0,0.0
246,152958387,152958887,500,0,100.0,0.0
247,152958887,152959387,500,0,100.0,0.0
248,152959387,152959887,500,0,100.0,0.0
249,152959887,152960387,500,0,100.0,0.0
250,152960387,152960887,500,0,100.0,0.0
251,152960887,152961387,500,0,100.0,0.0
252,152961387,152961887,500,0,100.0,0.0
253,152961887,152962387,500,0,100.0,0.0
254,152962387,152962887,500,0,100.0,0.0
255,152962887,152963387,500,0,100.0,0.0
256,152963387,152963887,500,0,100.0,0.0
257,152963887,152964387,500,0,100.0,0.0
258,152964387,152964887,500,0,100.0,0.0
259,152964887,152965387,500,0,100.0,0.0
260,152965387,152965887,500,0,100.0,0.0
261,152965887,152966387,500,0,100.0,0.0
262,152966387,152966887,500,0,100.0,0.0
263,152966887,152967387,500,0,100.0,0.0
264,152967387,152967887,500,0,100.0,0.0
265,152967887,152968387,500,0,100.0,0.0
266,152968387,152968887,500,0,100.0,0.0
267,152968887,152969387,500,0,100.0,0.0
268,152969387,152969887,500,0,100.0,0.0
269,152969887,152970387,500,0,100.0,0.0
270,152970387,152970887,500,0,100.0,0.0
271,152970887,152971387,500,0,100.0,0.0
272,152971387,152971887,500,0,100.0,0.0
273,152971887,152972387,500,0,100.0,0.0
274,152972387,152972887,500,0,100.0,0.0
275,152972887,152973387,500,0,100.0,0.0
276,152973387,152973887,500,0,100.0,0.0
277,152973887,152974387,500,0,100.0,0.0
278,152974387,152974887,500,0,100.0,0.0
279,152974887,152975387,500,0,100.0,0.0
280,152975387,152975887,500,0,100.0,0.0
281,152975887,152976387,500,0,100.0,0.0
282,152976387,152976887,66,434,13.200000000000001,86.8
283,152976887,152977387,8,492,1.6,98.4
284,152977387,152977887,74,426,14.799999999999999,85.2
285,152977887,152978387,50,450,10.0,90.0
286,152978387,152978887,500,0,100.0,0.0
287,152978887,152979387,500,0,100.0,0.0
288,152979387,152979887,500,0,100.0,0.0
289,152979887,152980387,500,0,100.0,0.0
290,152980387,152980887,500,0,100.0,0.0
291,152980887,152981387,500,0,100.0,0.0
292,152981387,152981887,500,0,100.0,0.0
293,152981887,152982387,500,0,100.0,0.0
294,152982387,152982887,500,0,100.0,0.0
295,152982887,152983387,500,0,100.0,0.0
296,152983387,152983887,500,0,100.0,0.0
297,152983887,152984387,500,0,100.0,0.0
298,152984387,152984887,500,0,100.0,0.0
299,152984887,152985387,500,0,100.0,0.0
300,152985387,152985887,500,0,100.0,0.0
301,152985887,152986387,500,0,100.0,0.0
302,152986387,152986887,500,0,100.0,0.0
303,152986887,152987387,500,0,100.0,0.0
304,152987387,152987887,500,0,100.0,0.0
305,152987887,152988387,500,0,100.0,0.0
306,152988387,152988887,500,0,100.0,0.0
307,152988887,152989387,500,0,100.0,0.0
308,152989387,152989887,500,0,100.0,0.0
309,152989887,152990387,500,0,100.0,0.0
310,152990387,152990887,500,0,100.0,0.0
311,152990887,152991387,500,0,100.0,0.0
312,152991387,152991887,500,0,100.0,0.0
313,152991887,152992387,500,0,100.0,0.0
314,152992387,152992887,500,0,100.0,0.0
315,152992887,152993387,500,0,100.0,0.0
316,152993387,152993887,500,0,100.0,0.0
317,152993887,152994387,500,0,100.0,0.0
318,152994387,152994887,500,0,100.0,0.0
319,152994887,152995387,500,0,100.0,0.0
320,152995387,152995887,500,0,100.0,0.0
321,152995887,152996387,500,0,100.0,0.0
322,152996387,152996887,500,0,100.0,0.0
323,152996887,152997387,500,0,100.0,0.0
324,152997387,152997887,500,0,100.0,0.0
325,152997887,152998387,500,0,100.0,0.0
326,152998387,152998887,500,0,100.0,0.0
327,152998887,152999387,500,0,100.0,0.0
328,152999387,152999887,500,0,100.0,0.0
329,152999887,153000387,500,0,100.0,0.0
330,153000387,153000887,500,0,100.0,0.0
331,153000887,153001387,500,0,100.0,0.0
332,153001387,153001887,500,0,100.0,0.0
333,153001887,153002387,500,0,100.0,0.0
334,153002387,153002887,500,0,100.0,0.0
335,153002887,153003387,500,0,100.0,0.0
336,153003387,153003887,500,0,100.0,0.0
337,153003887,153004387,500,0,100.0,0.0
338,153004387,153004887,500,0,100.0,0.0
339,153004887,153005387,500,0,100.0,0.0
340,153005387,153005887,500,0,100.0,0.0
341,153005887,153006387,500,0,100.0,0.0
342,153006387,153006887,500,0,100.0,0.0
343,153006887,153007387,500,0,100.0,0.0
344,153007387,153007887,178,322,35.6,64.4
345,153007887,153008387,4,496,0.8,99.2
346,153008387,153008887,4,496,0.8,99.2
347,153008887,153009387,42,458,8.4,91.6
348,153009387,153009887,55,445,11.0,89.0
349,153009887,153010387,384,116,76.8,23.200000000000003
350,153010387,153010887,500,0,100.0,0.0
351,153010887,153011387,500,0,100.0,0.0
352,153011387,153011887,500,0,100.0,0.0
353,153011887,153012387,500,0,100.0,0.0
354,153012387,153012887,500,0,100.0,0.0
355,153012887,153013387,500,0,100.0,0.0
356,153013387,153013887,500,0,100.0,0.0
357,153013887,153014387,500,0,100.0,0.0
358,153014387,153014887,500,0,100.0,0.0
359,153014887,153015387,500,0,100.0,0.0
360,153015387,153015887,500,0,100.0,0.0
361,153015887,153016387,500,0,100.0,0.0
362,153016387,153016887,500,0,100.0,0.0
363,153016887,153017387,500,0,100.0,0.0
364,153017387,153017887,500,0,100.0,0.0
365,153017887,153018387,500,0,100.0,0.0
366,153018387,153018887,500,0,100.0,0.0
367,153018887,153019387,500,0,100.0,0.0
368,153019387,153019887,500,0,100.0,0.0
369,153019887,153020387,500,0,100.0,0.0
370,153020387,153020887,500,0,100.0,0.0
371,153020887,153021387,500,0,100.0,0.0
372,153021387,153021887,500,0,100.0,0.0
373,153021887,153022387,500,0,100.0,0.0
374,153022387,153022887,500,0,100.0,0.0
375,153022887,153023387,500,0,100.0,0.0
376,153023387,153023887,500,0,100.0,0.0
377,153023887,153024387,500,0,100.0,0.0
378,153024387,153024887,500,0,100.0,0.0
379,153024887,153025387,500,0,100.0,0.0
380,153025387,153025887,500,0,100.0,0.0
381,153025887,153026387,500,0,100.0,0.0
382,153026387,153026887,500,0,100.0,0.0
383,153026887,153027387,500,0,100.0,0.0
384,153027387,153027887,500,0,100.0,0.0
385,153027887,153028387,500,0,100.0,0.0
386,153028387,153028887,500,0,100.0,0.0
387,153028887,153029387,500,0,100.0,0.0
388,153029387,153029887,500,0,100.0,0.0
389,153029887,153030387,500,0,100.0,0.0
390,153030387,153030887,500,0,100.0,0.0
391,153030887,153031387,500,0,100.0,0.0
392,153031387,153031887,500,0,100.0,0.0
393,153031887,153032387,500,0,100.0,0.0
394,153032387,153032887,500,0,100.0,0.0
395,153032887,153033387,500,0,100.0,0.0
396,153033387,153033887,500,0,100.0,0.0
397,153033887,153034387,500,0,100.0,0.0
398,153034387,153034887,500,0,100.0,0.0
399,153034887,153035387,500,0,100.0,0.0
400,153035387,153035887,500,0,100.0,0.0
401,153035887,153036387,500,0,100.0,0.0
402,153036387,153036887,191,309,38.2,61.8
403,153036887,153037387,36,464,7.199999999999999,92.8
404,153037387,153037887,40,460,8.0,92.0
405,153037887,153038387,432,68,86.4,13.599999999999994
406,153038387,153038887,500,0,100.0,0.0
407,153038887,153039387,500,0,100.0,0.0
408,153039387,153039887,500,0,100.0,0.0
409,153039887,153040387,500,0,100.0,0.0
410,153040387,153040887,500,0,100.0,0.0
411,153040887,153041387,500,0,100.0,0.0
412,153041387,153041887,500,0,100.0,0.0
413,153041887,153042387,500,0,100.0,0.0
414,153042387,153042887,500,0,100.0,0.0
415,153042887,153043387,500,0,100.0,0.0
416,153043387,153043887,500,0,100.0,0.0
417,153043887,153044387,500,0,100.0,0.0
418,153044387,153044887,500,0,100.0,0.0
419,153044887,153045387,500,0,100.0,0.0
420,153045387,153045887,500,0,100.0,0.0
421,153045887,153046387,500,0,100.0,0.0
422,153046387,153046887,500,0,100.0,0.0
423,153046887,153047387,500,0,100.0,0.0
424,153047387,153047887,500,0,100.0,0.0
425,153047887,153048387,500,0,100.0,0.0
426,153048387,153048887,500,0,100.0,0.0
427,153048887,153049387,500,0,100.0,0.0
428,153049387,153049887,500,0,100.0,0.0
429,153049887,153050387,500,0,100.0,0.0
430,153050387,153050887,500,0,100.0,0.0
431,153050887,153051387,500,0,100.0,0.0
432,153051387,153051887,500,0,100.0,0.0
433,153051887,153052387,500,0,100.0,0.0
434,153052387,153052887,500,0,100.0,0.0
435,153052887,153053387,500,0,100.0,0.0
436,153053387,153053887,500,0,100.0,0.0
437,153053887,153054387,500,0,100.0,0.0
438,153054387,153054887,500,0,100.0,0.0
439,153054887,153055387,500,0,100.0,0.0
440,153055387,153055887,500,0,100.0,0.0
441,153055887,153056387,500,0,100.0,0.0
442,153056387,153056887,500,0,100.0,0.0
443,153056887,153057387,500,0,100.0,0.0
444,153057387,153057887,500,0,100.0,0.0
445,153057887,153058387,500,0,100.0,0.0
446,153058387,153058887,500,0,100.0,0.0
447,153058887,153059387,500,0,100.0,0.0
448,153059387,153059887,500,0,100.0,0.0
449,153059887,153060387,500,0,100.0,0.0
450,153060387,153060887,500,0,100.0,0.0
451,153060887,153061387,500,0,100.0,0.0
452,153061387,153061887,500,0,100.0,0.0
453,153061887,153062387,500,0,100.0,0.0
454,153062387,153062887,500,0,100.0,0.0
455,153062887,153063387,500,0,100.0,0.0
456,153063387,153063887,500,0,100.0,0.0
457,153063887,153064387,500,0,100.0,0.0
458,153064387,153064887,250,250,50.0,50.0
459,153064887,153065387,9,491,1.7999999999999998,98.2
460,153065387,153065887,73,427,14.6,85.4
461,153065887,153066387,323,177,64.60000000000001,35.39999999999999
462,153066387,153066887,500,0,100.0,0.0
463,153066887,153067387,500,0,100.0,0.0
464,153067387,153067887,500,0,100.0,0.0
465,153067887,153068387,500,0,100.0,0.0
466,153068387,153068887,500,0,100.0,0.0
467,153068887,153069387,500,0,100.0,0.0
468,153069387,153069887,500,0,100.0,0.0
469,153069887,153070387,500,0,100.0,0.0
470,153070387,153070887,500,0,100.0,0.0
471,153070887,153071387,500,0,100.0,0.0
472,153071387,153071887,500,0,100.0,0.0
473,153071887,153072387,500,0,100.0,0.0
474,153072387,153072887,500,0,100.0,0.0
475,153072887,153073387,500,0,100.0,0.0
476,153073387,153073887,500,0,100.0,0.0
477,153073887,153074387,500,0,100.0,0.0
478,153074387,153074887,500,0,100.0,0.0
479,153074887,153075387,500,0,100.0,0.0
480,153075387,153075887,500,0,100.0,0.0
481,153075887,153076387,500,0,100.0,0.0
482,153076387,153076887,500,0,100.0,0.0
483,153076887,153077387,500,0,100.0,0.0
484,153077387,153077887,500,0,100.0,0.0
485,153077887,153078387,500,0,100.0,0.0
486,153078387,153078887,500,0,100.0,0.0
487,153078887,153079387,500,0,100.0,0.0
488,153079387,153079887,500,0,100.0,0.0
489,153079887,153080387,500,0,100.0,0.0
490,153080387,153080887,500,0,100.0,0.0
491,153080887,153081387,500,0,100.0,0.0
492,153081387,153081887,500,0,100.0,0.0
493,153081887,153082387,500,0,100.0,0.0
494,153082387,153082887,500,0,100.0,0.0
495,153082887,153083387,500,0,100.0,0.0
496,153083387,153083887,500,0,100.0,0.0
497,153083887,153084387,500,0,100.0,0.0
498,153084387,153084887,500,0,100.0,0.0
499,153084887,153085387,500,0,100.0,0.0
500,153085387,153085887,500,0,100.0,0.0
501,153085887,153086387,500,0,100.0,0.0
502,153086387,153086887,500,0,100.0,0.0
503,153086887,153087387,500,0,100.0,0.0
504,153087387,153087887,500,0,100.0,0.0
505,153087887,153088387,500,0,100.0,0.0
506,153088387,153088887,500,0,100.0,0.0
507,153088887,153089387,500,0,100.0,0.0
508,153089387,153089887,500,0,100.0,0.0
509,153089887,153090387,500,0,100.0,0.0
510,153090387,153090887,500,0,100.0,0.0
511,153090887,153091387,500,0,100.0,0.0
512,153091387,153091887,500,0,100.0,0.0
513,153091887,153092387,500,0,100.0,0.0
514,153092387,153092887,500,0,100.0,0.0
515,153092887,153093387,500,0,100.0,0.0
516,153093387,153093887,500,0,100.0,0.0
517,153093887,153094387,500,0,100.0,0.0
518,153094387,153094887,500,0,100.0,0.0
519,153094887,153095387,500,0,100.0,0.0
520,153095387,153095887,500,0,100.0,0.0
521,153095887,153096387,500,0,100.0,0.0
522,153096387,153096887,500,0,100.0,0.0
523,153096887,153097387,437,63,87.4,12.599999999999994
524,153097387,153097887,8,492,1.6,98.4
525,153097887,153098387,86,414,17.2,82.8
526,153098387,153098887,6,494,1.2,98.8
527,153098887,153099387,403,97,80.60000000000001,19.39999999999999
528,153099387,153099887,500,0,100.0,0.0
529,153099887,153100387,500,0,100.0,0.0
530,153100387,153100887,500,0,100.0,0.0
531,153100887,153101387,500,0,100.0,0.0
532,153101387,153101887,500,0,100.0,0.0
533,153101887,153102387,500,0,100.0,0.0
534,153102387,153102887,500,0,100.0,0.0
535,153102887,153103387,500,0,100.0,0.0
536,153103387,153103887,500,0,100.0,0.0
537,153103887,153104387,500,0,100.0,0.0
538,153104387,153104887,500,0,100.0,0.0
539,153104887,153105387,500,0,100.0,0.0
540,153105387,153105887,500,0,100.0,0.0
541,153105887,153106387,500,0,100.0,0.0
542,153106387,153106887,500,0,100.0,0.0
543,153106887,153107387,500,0,100.0,0.0
544,153107387,153107887,500,0,100.0,0.0
545,153107887,153108387,500,0,100.0,0.0
546,153108387,153108887,500,0,100.0,0.0
547,153108887,153109387,500,0,100.0,0.0
548,153109387,153109887,500,0,100.0,0.0
549,153109887,153110387,500,0,100.0,0.0
550,153110387,153110887,500,0,100.0,0.0
551,153110887,153111387,500,0,100.0,0.0
552,153111387,153111887,500,0,100.0,0.0
553,153111887,153112387,500,0,100.0,0.0
554,153112387,153112887,500,0,100.0,0.0
555,153112887,153113387,500,0,100.0,0.0
556,153113387,153113887,500,0,100.0,0.0
557,153113887,153114387,500,0,100.0,0.0
558,153114387,153114887,500,0,100.0,0.0
559,153114887,153115387,500,0,100.0,0.0
560,153115387,153115887,500,0,100.0,0.0
561,153115887,153116387,500,0,100.0,0.0
562,153116387,153116887,500,0,100.0,0.0
563,153116887,153117387,500,0,100.0,0.0
564,153117387,153117887,500,0,100.0,0.0
565,153117887,153118387,500,0,100.0,0.0
566,153118387,153118887,500,0,100.0,0.0
567,153118887,153119387,500,0,100.0,0.0
568,153119387,153119887,500,0,100.0,0.0
569,153119887,153120387,500,0,100.0,0.0
570,153120387,153120887,500,0,100.0,0.0
571,153120887,153121387,500,0,100.0,0.0
572,153121387,153121887,500,0,100.0,0.0
573,153121887,153122387,500,0,100.0,0.0
574,153122387,153122887,500,0,100.0,0.0
575,153122887,153123387,500,0,100.0,0.0
576,153123387,153123887,500,0,100.0,0.0
577,153123887,153124387,500,0,100.0,0.0
578,153124387,153124887,500,0,100.0,0.0
579,153124887,153125387,500,0,100.0,0.0
580,153125387,153125887,500,0,100.0,0.0
581,153125887,153126387,500,0,100.0,0.0
582,153126387,153126887,500,0,100.0,0.0
583,153126887,153127387,500,0,100.0,0.0
584,153127387,153127887,500,0,100.0,0.0
585,153127887,153128387,231,269,46.2,53.8
586,153128387,153128887,7,493,1.4000000000000001,98.6
587,153128887,153129387,78,422,15.6,84.4
588,153129387,153129887,338,162,67.60000000000001,32.39999999999999
589,153129887,153130387,500,0,100.0,0.0
590,153130387,153130887,500,0,100.0,0.0
591,153130887,153131387,500,0,100.0,0.0
592,153131387,153131887,500,0,100.0,0.0
593,153131887,153132387,500,0,100.0,0.0
594,153132387,153132887,500,0,100.0,0.0
595,153132887,153133387,500,0,100.0,0.0
596,153133387,153133887,500,0,100.0,0.0
597,153133887,153134387,500,0,100.0,0.0
598,153134387,153134887,500,0,100.0,0.0
599,153134887,153135387,500,0,100.0,0.0
600,153135387,153135887,500,0,100.0,0.0
601,153135887,153136387,500,0,100.0,0.0
602,153136387,153136887,500,0,100.0,0.0
603,153136887,153137387,500,0,100.0,0.0
604,153137387,153137887,500,0,100.0,0.0
605,153137887,153138387,500,0,100.0,0.0
606,153138387,153138887,500,0,100.0,0.0
607,153138887,153139387,500,0,100.0,0.0
608,153139387,153139887,500,0,100.0,0.0
609,153139887,153140387,500,0,100.0,0.0
610,153140387,153140887,500,0,100.0,0.0
611,153140887,153141387,500,0,100.0,0.0
612,153141387,153141887,500,0,100.0,0.0
613,153141887,153142387,500,0,100.0,0.0
614,153142387,153142887,500,0,100.0,0.0
615,153142887,153143387,500,0,100.0,0.0
616,153143387,153143887,500,0,100.0,0.0
617,153143887,153144387,500,0,100.0,0.0
618,153144387,153144887,500,0,100.0,0.0
619,153144887,153145387,500,0,100.0,0.0
620,153145387,153145887,500,0,100.0,0.0
621,153145887,153146387,500,0,100.0,0.0
622,153146387,153146887,500,0,100.0,0.0
623,153146887,153147387,500,0,100.0,0.0
624,153147387,153147887,500,0,100.0,0.0
625,153147887,153148387,500,0,100.0,0.0
626,153148387,153148887,500,0,100.0,0.0
627,153148887,153149387,500,0,100.0,0.0
628,153149387,153149887,500,0,100.0,0.0
629,153149887,153150387,500,0,100.0,0.0
630,153150387,153150887,500,0,100.0,0.0
631,153150887,153151387,500,0,100.0,0.0
632,153151387,153151887,500,0,100.0,0.0
633,153151887,153152387,500,0,100.0,0.0
634,153152387,153152887,500,0,100.0,0.0
635,153152887,153153387,500,0,100.0,0.0
636,153153387,153153887,500,0,100.0,0.0
637,153153887,153154387,500,0,100.0,0.0
638,153154387,153154887,500,0,100.0,0.0
639,153154887,153155387,500,0,100.0,0.0
640,153155387,153155887,500,0,100.0,0.0
641,153155887,153156387,500,0,100.0,0.0
642,153156387,153156887,500,0,100.0,0.0
643,153156887,153157387,500,0,100.0,0.0
644,153157387,153157887,500,0,100.0,0.0
645,153157887,153158387,500,0,100.0,0.0
646,153158387,153158887,500,0,100.0,0.0
647,153158887,153159387,347,153,69.39999999999999,30.60000000000001
648,153159387,153159887,9,491,1.7999999999999998,98.2
649,153159887,153160387,76,424,15.2,84.8
650,153160387,153160887,40,460,8.0,92.0
651,153160887,153161387,500,0,100.0,0.0
652,153161387,153161887,500,0,100.0,0.0
653,153161887,153162387,500,0,100.0,0.0
654,153162387,153162887,500,0,100.0,0.0
655,153162887,153163387,500,0,100.0,0.0
656,153163387,153163887,500,0,100.0,0.0
657,153163887,153164387,500,0,100.0,0.0
658,153164387,153164887,500,0,100.0,0.0
659,153164887,153165387,500,0,100.0,0.0
660,153165387,153165887,500,0,100.0,0.0
661,153165887,153166387,500,0,100.0,0.0
662,153166387,153166887,500,0,100.0,0.0
663,153166887,153167387,500,0,100.0,0.0
664,153167387,153167887,500,0,100.0,0.0
665,153167887,153168387,500,0,100.0,0.0
666,153168387,153168887,500,0,100.0,0.0
667,153168887,153169387,500,0,100.0,0.0
668,153169387,153169887,500,0,100.0,0.0
669,153169887,153170387,500,0,100.0,0.0
670,153170387,153170887,500,0,100.0,0.0
671,153170887,153171387,500,0,100.0,0.0
672,153171387,153171887,500,0,100.0,0.0
673,153171887,153172387,500,0,100.0,0.0
674,153172387,153172887,500,0,100.0,0.0
675,153172887,153173387,500,0,100.0,0.0
676,153173387,153173887,500,0,100.0,0.0
677,153173887,153174387,500,0,100.0,0.0
678,153174387,153174887,500,0,100.0,0.0
679,153174887,153175387,500,0,100.0,0.0
680,153175387,153175887,500,0,100.0,0.0
681,153175887,153176387,500,0,100.0,0.0
682,153176387,153176887,500,0,100.0,0.0
683,153176887,153177387,500,0,100.0,0.0
684,153177387,153177887,500,0,100.0,0.0
685,153177887,153178387,500,0,100.0,0.0
686,153178387,153178887,500,0,100.0,0.0
687,153178887,153179387,500,0,100.0,0.0
688,153179387,153179887,500,0,100.0,0.0
689,153179887,153180387,500,0,100.0,0.0
690,153180387,153180887,500,0,100.0,0.0
691,153180887,153181387,500,0,100.0,0.0
692,153181387,153181887,500,0,100.0,0.0
693,153181887,153182387,500,0,100.0,0.0
694,153182387,153182887,500,0,100.0,0.0
695,153182887,153183387,500,0,100.0,0.0
696,153183387,153183887,500,0,100.0,0.0
697,153183887,153184387,500,0,100.0,0.0
698,153184387,153184887,500,0,100.0,0.0
699,153184887,153185387,500,0,100.0,0.0
700,153185387,153185887,500,0,100.0,0.0
701,153185887,153186387,500,0,100.0,0.0
702,153186387,153186887,500,0,100.0,0.0
703,153186887,153187387,500,0,100.0,0.0
704,153187387,153187887,500,0,100.0,0.0
705,153187887,153188387,500,0,100.0,0.0
706,153188387,153188887,500,0,100.0,0.0
707,153188887,153189387,500,0,100.0,0.0
708,153189387,153189887,500,0,100.0,0.0
709,153189887,153190387,500,0,100.0,0.0
710,153190387,153190887,500,0,100.0,0.0
711,153190887,153191387,500,0,100.0,0.0
712,153191387,153191887,196,304,39.2,60.8
713,153191887,153192387,10,490,2.0,98.0
714,153192387,153192887,73,427,14.6,85.4
715,153192887,153193387,5,495,1.0,99.0
716,153193387,153193887,2,498,0.4,99.6
717,153193887,153194387,4,496,0.8,99.2
718,153194387,153194887,357,143,71.39999999999999,28.60000000000001
719,153194887,153195387,500,0,100.0,0.0
720,153195387,153195887,500,0,100.0,0.0
721,153195887,153196387,500,0,100.0,0.0
722,153196387,153196887,500,0,100.0,0.0
723,153196887,153197387,500,0,100.0,0.0
724,153197387,153197887,500,0,100.0,0.0
725,153197887,153198387,500,0,100.0,0.0
726,153198387,153198887,500,0,100.0,0.0
727,153198887,153199387,500,0,100.0,0.0
728,153199387,153199887,500,0,100.0,0.0
729,153199887,153200387,500,0,100.0,0.0
730,153200387,153200887,500,0,100.0,0.0
731,153200887,153201387,500,0,100.0,0.0
732,153201387,153201887,500,0,100.0,0.0
733,153201887,153202387,500,0,100.0,0.0
734,153202387,153202887,500,0,100.0,0.0
735,153202887,153203387,500,0,100.0,0.0
736,153203387,153203887,500,0,100.0,0.0
737,153203887,153204387,500,0,100.0,0.0
738,153204387,153204887,500,0,100.0,0.0
739,153204887,153205387,500,0,100.0,0.0
740,153205387,153205887,500,0,100.0,0.0
741,153205887,153206387,500,0,100.0,0.0
742,153206387,153206887,500,0,100.0,0.0
743,153206887,153207387,500,0,100.0,0.0
744,153207387,153207887,500,0,100.0,0.0
745,153207887,153208387,500,0,100.0,0.0
746,153208387,153208887,500,0,100.0,0.0
747,153208887,153209387,500,0,100.0,0.0
748,153209387,153209887,500,0,100.0,0.0
749,153209887,153210387,500,0,100.0,0.0
750,153210387,153210887,500,0,100.0,0.0
751,153210887,153211387,500,0,100.0,0.0
752,153211387,153211887,500,0,100.0,0.0
753,153211887,153212387,500,0,100.0,0.0
754,153212387,153212887,500,0,100.0,0.0
755,153212887,153213387,500,0,100.0,0.0
756,153213387,153213887,500,0,100.0,0.0
757,153213887,153214387,500,0,100.0,0.0
758,153214387,153214887,500,0,100.0,0.0
759,153214887,153215387,500,0,100.0,0.0
760,153215387,153215887,500,0,100.0,0.0
761,153215887,153216387,500,0,100.0,0.0
762,153216387,153216887,500,0,100.0,0.0
763,153216887,153217387,500,0,100.0,0.0
764,153217387,153217887,500,0,100.0,0.0
765,153217887,153218387,500,0,100.0,0.0
766,153218387,153218887,500,0,100.0,0.0
767,153218887,153219387,500,0,100.0,0.0
768,153219387,153219887,500,0,100.0,0.0
769,153219887,153220387,500,0,100.0,0.0
770,153220387,153220887,500,0,100.0,0.0
771,153220887,153221387,500,0,100.0,0.0
772,153221387,153221887,500,0,100.0,0.0
773,153221887,153222387,500,0,100.0,0.0
774,153222387,153222887,500,0,100.0,0.0
775,153222887,153223387,500,0,100.0,0.0
776,153223387,153223887,500,0,100.0,0.0
777,153223887,153224387,500,0,100.0,0.0
778,153224387,153224887,500,0,100.0,0.0
779,153224887,153225387,500,0,100.0,0.0
780,153225387,153225887,500,0,100.0,0.0
781,153225887,153226387,500,0,100.0,0.0
782,153226387,153226887,500,0,100.0,0.0
783,153226887,153227387,500,0,100.0,0.0
784,153227387,153227887,500,0,100.0,0.0
785,153227887,153228387,333,167,66.60000000000001,33.39999999999999
786,153228387,153228887,5,495,1.0,99.0
787,153228887,153229387,70,430,14.000000000000002,86.0
788,153229387,153229887,136,364,27.200000000000003,72.8
789,153229887,153230387,500,0,100.0,0.0
790,153230387,153230887,500,0,100.0,0.0
791,153230887,153231387,500,0,100.0,0.0
792,153231387,153231887,500,0,100.0,0.0
793,153231887,153232387,500,0,100.0,0.0
794,153232387,153232887,500,0,100.0,0.0
795,153232887,153233387,500,0,100.0,0.0
796,153233387,153233887,500,0,100.0,0.0
797,153233887,153234387,500,0,100.0,0.0
798,153234387,153234887,500,0,100.0,0.0
799,153234887,153235387,500,0,100.0,0.0
800,153235387,153235887,500,0,100.0,0.0
801,153235887,153236387,500,0,100.0,0.0
802,153236387,153236887,500,0,100.0,0.0
803,153236887,153237387,500,0,100.0,0.0
804,153237387,153237887,500,0,100.0,0.0
805,153237887,153238387,500,0,100.0,0.0
806,153238387,153238887,500,0,100.0,0.0
807,153238887,153239387,500,0,100.0,0.0
808,153239387,153239887,500,0,100.0,0.0
809,153239887,153240387,500,0,100.0,0.0
810,153240387,153240887,500,0,100.0,0.0
811,153240887,153241387,500,0,100.0,0.0
812,153241387,153241887,500,0,100.0,0.0
813,153241887,153242387,500,0,100.0,0.0
814,153242387,153242887,500,0,100.0,0.0
815,153242887,153243387,500,0,100.0,0.0
816,153243387,153243887,500,0,100.0,0.0
817,153243887,153244387,500,0,100.0,0.0
818,153244387,153244887,500,0,100.0,0.0
819,153244887,153245387,500,0,100.0,0.0
820,153245387,153245887,500,0,100.0,0.0
821,153245887,153246387,500,0,100.0,0.0
822,153246387,153246887,500,0,100.0,0.0
823,153246887,153247387,500,0,100.0,0.0
824,153247387,153247887,500,0,100.0,0.0
825,153247887,153248387,500,0,100.0,0.0
826,153248387,153248887,500,0,100.0,0.0
827,153248887,153249387,500,0,100.0,0.0
828,153249387,153249887,500,0,100.0,0.0
829,153249887,153250387,500,0,100.0,0.0
830,153250387,153250887,500,0,100.0,0.0
831,153250887,153251387,500,0,100.0,0.0
832,153251387,153251887,500,0,100.0,0.0
833,153251887,153252387,500,0,100.0,0.0
834,153252387,153252887,500,0,100.0,0.0
835,153252887,153253387,500,0,100.0,0.0
836,153253387,153253887,500,0,100.0,0.0
837,153253887,153254387,500,0,100.0,0.0
838,153254387,153254887,500,0,100.0,0.0
839,153254887,153255387,500,0,100.0,0.0
840,153255387,153255887,500,0,100.0,0.0
841,153255887,153256387,500,0,100.0,0.0
842,153256387,153256887,500,0,100.0,0.0
843,153256887,153257387,500,0,100.0,0.0
844,153257387,153257887,500,0,100.0,0.0
845,153257887,153258387,500,0,100.0,0.0
846,153258387,153258887,500,0,100.0,0.0
847,153258887,153259387,500,0,100.0,0.0
848,153259387,153259887,500,0,100.0,0.0
849,153259887,153260387,392,108,78.4,21.599999999999994
850,153260387,153260887,9,491,1.7999999999999998,98.2
851,153260887,153261387,75,425,15.0,85.0
852,153261387,153261887,5,495,1.0,99.0
853,153261887,153262387,473,27,94.6,5.400000000000006
854,153262387,153262887,500,0,100.0,0.0
855,153262887,153263387,500,0,100.0,0.0
856,153263387,153263887,500,0,100.0,0.0
857,153263887,153264387,500,0,100.0,0.0
858,153264387,153264887,500,0,100.0,0.0
859,153264887,153265387,500,0,100.0,0.0
860,153265387,153265887,500,0,100.0,0.0
861,153265887,153266387,500,0,100.0,0.0
862,153266387,153266887,500,0,100.0,0.0
863,153266887,153267387,500,0,100.0,0.0
864,153267387,153267887,500,0,100.0,0.0
865,153267887,153268387,500,0,100.0,0.0
866,153268387,153268887,500,0,100.0,0.0
867,153268887,153269387,500,0,100.0,0.0
868,153269387,153269887,500,0,100.0,0.0
869,153269887,153270387,500,0,100.0,0.0
870,153270387,153270887,500,0,100.0,0.0
871,153270887,153271387,500,0,100.0,0.0
872,153271387,153271887,500,0,100.0,0.0
873,153271887,153272387,500,0,100.0,0.0
874,153272387,153272887,500,0,100.0,0.0
875,153272887,153273387,500,0,100.0,0.0
876,153273387,153273887,500,0,100.0,0.0
877,153273887,153274387,500,0,100.0,0.0
878,153274387,153274887,500,0,100.0,0.0
879,153274887,153275387,500,0,100.0,0.0
880,153275387,153275887,500,0,100.0,0.0
881,153275887,153276387,500,0,100.0,0.0
882,153276387,153276887,500,0,100.0,0.0
883,153276887,153277387,500,0,100.0,0.0
884,153277387,153277887,500,0,100.0,0.0
885,153277887,153278387,500,0,100.0,0.0
886,153278387,153278887,500,0,100.0,0.0
887,153278887,153279387,500,0,100.0,0.0
888,153279387,153279887,500,0,100.0,0.0
889,153279887,153280387,500,0,100.0,0.0
890,153280387,153280887,500,0,100.0,0.0
891,153280887,153281387,500,0,100.0,0.0
892,153281387,153281887,500,0,100.0,0.0
893,153281887,153282387,500,0,100.0,0.0
894,153282387,153282887,500,0,100.0,0.0
895,153282887,153283387,500,0,100.0,0.0
896,153283387,153283887,500,0,100.0,0.0
897,153283887,153284387,500,0,100.0,0.0
898,153284387,153284887,500,0,100.0,0.0
899,153284887,153285387,500,0,100.0,0.0
900,153285387,153285887,500,0,100.0,0.0
901,153285887,153286387,500,0,100.0,0.0
902,153286387,153286887,500,0,100.0,0.0
903,153286887,153287387,500,0,100.0,0.0
904,153287387,153287887,500,0,100.0,0.0
905,153287887,153288387,500,0,100.0,0.0
906,153288387,153288887,500,0,100.0,0.0
907,153288887,153289387,500,0,100.0,0.0
908,153289387,153289887,500,0,100.0,0.0
909,153289887,153290387,500,0,100.0,0.0
910,153290387,153290887,500,0,100.0,0.0
911,153290887,153291387,500,0,100.0,0.0
912,153291387,153291887,500,0,100.0,0.0
913,153291887,153292387,500,0,100.0,0.0
914,153292387,153292887,500,0,100.0,0.0
915,153292887,153293387,500,0,100.0,0.0
916,153293387,153293887,500,0,100.0,0.0
917,153293887,153294387,500,0,100.0,0.0
918,153294387,153294887,500,0,100.0,0.0
919,153294887,153295387,500,0,100.0,0.0
920,153295387,153295887,500,0,100.0,0.0
921,153295887,153296387,500,0,100.0,0.0
922,153296387,153296887,500,0,100.0,0.0
923,153296887,153297387,500,0,100.0,0.0
924,153297387,153297887,500,0,100.0,0.0
925,153297887,153298387,500,0,100.0,0.0
926,153298387,153298887,500,0,100.0,0.0
927,153298887,153299387,500,0,100.0,0.0
928,153299387,153299887,500,0,100.0,0.0
929,153299887,153300387,500,0,100.0,0.0
930,153300387,153300887,500,0,100.0,0.0
931,153300887,153301387,500,0,100.0,0.0
932,153301387,153301887,500,0,100.0,0.0
933,153301887,153302387,500,0,100.0,0.0
934,153302387,153302887,500,0,100.0,0.0
935,153302887,153303387,500,0,100.0,0.0
936,153303387,153303887,500,0,100.0,0.0
937,153303887,153304387,500,0,100.0,0.0
938,153304387,153304887,500,0,100.0,0.0
939,153304887,153305387,500,0,100.0,0.0
940,153305387,153305887,500,0,100.0,0.0
941,153305887,153306387,56,444,11.200000000000001,88.8
942,153306387,153306887,3,497,0.6,99.4
943,153306887,153307387,89,411,17.8,82.2
944,153307387,153307887,3,497,0.6,99.4
945,153307887,153308387,318,182,63.6,36.4
946,153308387,153308887,500,0,100.0,0.0
947,153308887,153309387,500,0,100.0,0.0
948,153309387,153309887,500,0,100.0,0.0
949,153309887,153310387,500,0,100.0,0.0
950,153310387,153310887,500,0,100.0,0.0
951,153310887,153311387,500,0,100.0,0.0
952,153311387,153311887,500,0,100.0,0.0
953,153311887,153312387,500,0,100.0,0.0
954,153312387,153312887,500,0,100.0,0.0
955,153312887,153313387,500,0,100.0,0.0
956,153313387,153313887,500,0,100.0,0.0
957,153313887,153314387,500,0,100.0,0.0
958,153314387,153314887,500,0,100.0,0.0
959,153314887,153315387,500,0,100.0,0.0
960,153315387,153315887,500,0,100.0,0.0
961,153315887,153316387,500,0,100.0,0.0
962,153316387,153316887,500,0,100.0,0.0
963,153316887,153317387,500,0,100.0,0.0
964,153317387,153317887,500,0,100.0,0.0
965,153317887,153318387,500,0,100.0,0.0
966,153318387,153318887,500,0,100.0,0.0
967,153318887,153319387,500,0,100.0,0.0
968,153319387,153319887,500,0,100.0,0.0
969,153319887,153320387,500,0,100.0,0.0
970,153320387,153320887,500,0,100.0,0.0
971,153320887,153321387,500,0,100.0,0.0
972,153321387,153321887,500,0,100.0,0.0
973,153321887,153322387,500,0,100.0,0.0
974,153322387,153322887,500,0,100.0,0.0
975,153322887,153323387,500,0,100.0,0.0
976,153323387,153323887,500,0,100.0,0.0
977,153323887,153324387,500,0,100.0,0.0
978,153324387,153324887,500,0,100.0,0.0
979,153324887,153325387,500,0,100.0,0.0
980,153325387,153325887,500,0,100.0,0.0
981,153325887,153326387,500,0,100.0,0.0
982,153326387,153326887,500,0,100.0,0.0
983,153326887,153327387,500,0,100.0,0.0
984,153327387,153327887,500,0,100.0,0.0
985,153327887,153328387,500,0,100.0,0.0
986,153328387,153328887,500,0,100.0,0.0
987,153328887,153329387,500,0,100.0,0.0
988,153329387,153329887,500,0,100.0,0.0
989,153329887,153330387,500,0,100.0,0.0
990,153330387,153330887,500,0,100.0,0.0
991,153330887,153331387,500,0,100.0,0.0
992,153331387,153331887,500,0,100.0,0.0
993,153331887,153332387,500,0,100.0,0.0
994,153332387,153332887,500,0,100.0,0.0
995,153332887,153333387,500,0,100.0,0.0
996,153333387,153333887,500,0,100.0,0.0
997,153333887,153334387,500,0,100.0,0.0
998,153334387,153334887,500,0,100.0,0.0
999,153334887,153335387,500,0,100.0,0.0
1000,153335387,153335887,500,0,100.0,0.0
1001,153335887,153336387,500,0,100.0,0.0
1002,153336387,153336887,500,0,100.0,0.0
1003,153336887,153337387,500,0,100.0,0.0
1004,153337387,153337887,500,0,100.0,0.0
1005,153337887,153338387,500,0,100.0,0.0
1006,153338387,153338887,500,0,100.0,0.0
1007,153338887,153339387,500,0,100.0,0.0
1008,153339387,153339887,500,0,100.0,0.0
1009,153339887,153340387,500,0,100.0,0.0
1010,153340387,153340887,500,0,100.0,0.0
1011,153340887,153341387,500,0,100.0,0.0
1012,153341387,153341887,500,0,100.0,0.0
1013,153341887,153342387,500,0,100.0,0.0
1014,153342387,153342887,500,0,100.0,0.0
1015,153342887,153343387,500,0,100.0,0.0
1016,153343387,153343887,500,0,100.0,0.0
1017,153343887,153344387,500,0,100.0,0.0
1018,153344387,153344887,500,0,100.0,0.0
1019,153344887,153345387,500,0,100.0,0.0
1020,153345387,153345887,500,0,100.0,0.0
1021,153345887,153346387,500,0,100.0,0.0
1022,153346387,153346887,500,0,100.0,0.0
1023,153346887,153347387,235,265,47.0,53.0
1024,153347387,153347887,7,493,1.4000000000000001,98.6
1025,153347887,153348387,3,497,0.6,99.4
1026,153348387,153348887,75,425,15.0,85.0
1027,153348887,153349387,51,449,10.2,89.8
1028,153349387,153349887,3,497,0.6,99.4
1029,153349887,153350387,487,13,97.39999999999999,2.6000000000000085
1030,153350387,153350887,500,0,100.0,0.0
1031,153350887,153351387,500,0,100.0,0.0
1032,153351387,153351887,500,0,100.0,0.0
1033,153351887,153352387,500,0,100.0,0.0
1034,153352387,153352887,500,0,100.0,0.0
1035,153352887,153353387,500,0,100.0,0.0
1036,153353387,153353887,500,0,100.0,0.0
1037,153353887,153354387,500,0,100.0,0.0
1038,153354387,153354887,500,0,100.0,0.0
1039,153354887,153355387,500,0,100.0,0.0
1040,153355387,153355887,500,0,100.0,0.0
1041,153355887,153356387,500,0,100.0,0.0
1042,153356387,153356887,500,0,100.0,0.0
1043,153356887,153357387,500,0,100.0,0.0
1044,153357387,153357887,500,0,100.0,0.0
1045,153357887,153358387,500,0,100.0,0.0
1046,153358387,153358887,500,0,100.0,0.0
1047,153358887,153359387,500,0,100.0,0.0
1048,153359387,153359887,500,0,100.0,0.0
1049,153359887,153360387,500,0,100.0,0.0
1050,153360387,153360887,500,0,100.0,0.0
1051,153360887,153361387,500,0,100.0,0.0
1052,153361387,153361887,500,0,100.0,0.0
1053,153361887,153362387,500,0,100.0,0.0
1054,153362387,153362887,500,0,100.0,0.0
1055,153362887,153363387,500,0,100.0,0.0
1056,153363387,153363887,500,0,100.0,0.0
1057,153363887,153364387,500,0,100.0,0.0
1058,153364387,153364887,500,0,100.0,0.0
1059,153364887,153365387,500,0,100.0,0.0
1060,153365387,153365887,500,0,100.0,0.0
1061,153365887,153366387,500,0,100.0,0.0
1062,153366387,153366887,500,0,100.0,0.0
1063,153366887,153367387,500,0,100.0,0.0
1064,153367387,153367887,500,0,100.0,0.0
1065,153367887,153368387,500,0,100.0,0.0
1066,153368387,153368887,500,0,100.0,0.0
1067,153368887,153369387,500,0,100.0,0.0
1068,153369387,153369887,500,0,100.0,0.0
1069,153369887,153370387,500,0,100.0,0.0
1070,153370387,153370887,500,0,100.0,0.0
1071,153370887,153371387,500,0,100.0,0.0
1072,153371387,153371887,500,0,100.0,0.0
1073,153371887,153372387,500,0,100.0,0.0
1074,153372387,153372887,500,0,100.0,0.0
1075,153372887,153373387,500,0,100.0,0.0
1076,153373387,153373887,500,0,100.0,0.0
1077,153373887,153374387,500,0,100.0,0.0
1078,153374387,153374887,500,0,100.0,0.0
1079,153374887,153375387,500,0,100.0,0.0
1080,153375387,153375887,500,0,100.0,0.0
1081,153375887,153376387,500,0,100.0,0.0
1082,153376387,153376887,500,0,100.0,0.0
1083,153376887,153377387,500,0,100.0,0.0
1084,153377387,153377887,500,0,100.0,0.0
1085,153377887,153378387,500,0,100.0,0.0
1086,153378387,153378887,500,0,100.0,0.0
1087,153378887,153379387,500,0,100.0,0.0
1088,153379387,153379887,500,0,100.0,0.0
1089,153379887,153380387,500,0,100.0,0.0
1090,153380387,153380887,500,0,100.0,0.0
1091,153380887,153381387,500,0,100.0,0.0
1092,153381387,153381887,500,0,100.0,0.0
1093,153381887,153382387,500,0,100.0,0.0
1094,153382387,153382887,500,0,100.0,0.0
1095,153382887,153383387,500,0,100.0,0.0
1096,153383387,153383887,500,0,100.0,0.0
1097,153383887,153384387,500,0,100.0,0.0
1098,153384387,153384887,500,0,100.0,0.0
1099,153384887,153385387,500,0,100.0,0.0
1100,153385387,153385887,500,0,100.0,0.0
1101,153385887,153386387,500,0,100.0,0.0
1102,153386387,153386887,500,0,100.0,0.0
1103,153386887,153387387,500,0,100.0,0.0
1104,153387387,153387887,500,0,100.0,0.0
1105,153387887,153388387,500,0,100.0,0.0
1106,153388387,153388887,500,0,100.0,0.0
1107,153388887,153389387,500,0,100.0,0.0
1108,153389387,153389887,500,0,100.0,0.0
1109,153389887,153390387,500,0,100.0,0.0
1110,153390387,153390887,500,0,100.0,0.0
1111,153390887,153391387,500,0,100.0,0.0
1112,153391387,153391887,500,0,100.0,0.0
1113,153391887,153392387,500,0,100.0,0.0
1114,153392387,153392887,500,0,100.0,0.0
1115,153392887,153393387,500,0,100.0,0.0
1116,153393387,153393887,500,0,100.0,0.0
1117,153393887,153394387,500,0,100.0,0.0
1118,153394387,153394887,500,0,100.0,0.0
1119,153394887,153395387,500,0,100.0,0.0
1120,153395387,153395887,500,0,100.0,0.0
1121,153395887,153396387,500,0,100.0,0.0
1122,153396387,153396887,500,0,100.0,0.0
1123,153396887,153397387,500,0,100.0,0.0
1124,153397387,153397887,500,0,100.0,0.0
1125,153397887,153398387,500,0,100.0,0.0
1126,153398387,153398887,500,0,100.0,0.0
1127,153398887,153399387,500,0,100.0,0.0
1128,153399387,153399887,500,0,100.0,0.0
1129,153399887,153400387,460,40,92.0,8.0
1130,153400387,153400887,8,492,1.6,98.4
1131,153400887,153401387,6,494,1.2,98.8
1132,153401387,153401887,3,497,0.6,99.4
1133,153401887,153402387,160,340,32.0,68.0
1134,153402387,153402887,2,498,0.4,99.6
1135,153402887,153403387,116,384,23.200000000000003,76.8
1136,153403387,153403887,500,0,100.0,0.0
1137,153403887,153404387,500,0,100.0,0.0
1138,153404387,153404887,500,0,100.0,0.0
1139,153404887,153405387,500,0,100.0,0.0
1140,153405387,153405887,500,0,100.0,0.0
1141,153405887,153406387,500,0,100.0,0.0
1142,153406387,153406887,500,0,100.0,0.0
1143,153406887,153407387,500,0,100.0,0.0
1144,153407387,153407887,500,0,100.0,0.0
1145,153407887,153408387,500,0,100.0,0.0
1146,153408387,153408887,500,0,100.0,0.0
1147,153408887,153409387,500,0,100.0,0.0
1148,153409387,153409887,500,0,100.0,0.0
1149,153409887,153410387,500,0,100.0,0.0
1150,153410387,153410887,500,0,100.0,0.0
1151,153410887,153411387,500,0,100.0,0.0
1152,153411387,153411887,500,0,100.0,0.0
1153,153411887,153412387,500,0,100.0,0.0
1154,153412387,153412887,500,0,100.0,0.0
1155,153412887,153413387,500,0,100.0,0.0
1156,153413387,153413887,500,0,100.0,0.0
1157,153413887,153414387,500,0,100.0,0.0
1158,153414387,153414887,500,0,100.0,0.0
1159,153414887,153415387,500,0,100.0,0.0
1160,153415387,153415887,500,0,100.0,0.0
1161,153415887,153416387,500,0,100.0,0.0
1162,153416387,153416887,500,0,100.0,0.0
1163,153416887,153417387,500,0,100.0,0.0
1164,153417387,153417887,500,0,100.0,0.0
1165,153417887,153418387,500,0,100.0,0.0
1166,153418387,153418887,500,0,100.0,0.0
1167,153418887,153419387,500,0,100.0,0.0
1168,153419387,153419887,500,0,100.0,0.0
1169,153419887,153420387,500,0,100.0,0.0
1170,153420387,153420887,500,0,100.0,0.0
1171,153420887,153421387,500,0,100.0,0.0
1172,153421387,153421887,500,0,100.0,0.0
1173,153421887,153422387,500,0,100.0,0.0
1174,153422387,153422887,500,0,100.0,0.0
1175,153422887,153423387,500,0,100.0,0.0
1176,153423387,153423887,500,0,100.0,0.0
1177,153423887,153424387,500,0,100.0,0.0
1178,153424387,153424887,500,0,100.0,0.0
1179,153424887,153425387,500,0,100.0,0.0
1180,153425387,153425887,500,0,100.0,0.0
1181,153425887,153426387,500,0,100.0,0.0
1182,153426387,153426887,500,0,100.0,0.0
1183,153426887,153427387,500,0,100.0,0.0
1184,153427387,153427887,500,0,100.0,0.0
1185,153427887,153428387,500,0,100.0,0.0
1186,153428387,153428887,500,0,100.0,0.0
1187,153428887,153429387,500,0,100.0,0.0
1188,153429387,153429887,500,0,100.0,0.0
1189,153429887,153430387,500,0,100.0,0.0
1190,153430387,153430887,500,0,100.0,0.0
1191,153430887,153431387,500,0,100.0,0.0
1192,153431387,153431887,500,0,100.0,0.0
1193,153431887,153432387,500,0,100.0,0.0
1194,153432387,153432887,500,0,100.0,0.0
1195,153432887,153433387,500,0,100.0,0.0
1196,153433387,153433887,500,0,100.0,0.0
1197,153433887,153434387,500,0,100.0,0.0
1198,153434387,153434887,500,0,100.0,0.0
1199,153434887,153435387,500,0,100.0,0.0
1200,153435387,153435887,500,0,100.0,0.0
1201,153435887,153436387,500,0,100.0,0.0
1202,153436387,153436887,500,0,100.0,0.0
1203,153436887,153437387,500,0,100.0,0.0
1204,153437387,153437887,500,0,100.0,0.0
1205,153437887,153438387,500,0,100.0,0.0
1206,153438387,153438887,500,0,100.0,0.0
1207,153438887,153439387,500,0,100.0,0.0
1208,153439387,153439887,500,0,100.0,0.0
1209,153439887,153440387,500,0,100.0,0.0
1210,153440387,153440887,500,0,100.0,0.0
1211,153440887,153441387,500,0,100.0,0.0
1212,153441387,153441887,500,0,100.0,0.0
1213,153441887,153442387,500,0,100.0,0.0
1214,153442387,153442887,500,0,100.0,0.0
1215,153442887,153443387,500,0,100.0,0.0
1216,153443387,153443887,500,0,100.0,0.0
1217,153443887,153444387,500,0,100.0,0.0
1218,153444387,153444887,500,0,100.0,0.0
1219,153444887,153445387,500,0,100.0,0.0
1220,153445387,153445887,500,0,100.0,0.0
1221,153445887,153446387,500,0,100.0,0.0
1222,153446387,153446887,500,0,100.0,0.0
1223,153446887,153447387,500,0,100.0,0.0
1224,153447387,153447887,500,0,100.0,0.0
1225,153447887,153448387,500,0,100.0,0.0
1226,153448387,153448887,500,0,100.0,0.0
1227,153448887,153449387,500,0,100.0,0.0
1228,153449387,153449887,500,0,100.0,0.0
1229,153449887,153450387,500,0,100.0,0.0
1230,153450387,153450887,212,288,42.4,57.6
1231,153450887,153451387,11,489,2.1999999999999997,97.8
1232,153451387,153451887,5,495,1.0,99.0
1233,153451887,153452387,85,415,17.0,83.0
1234,153452387,153452887,78,422,15.6,84.4
1235,153452887,153453387,29,471,5.800000000000001,94.2
1236,153453387,153453887,500,0,100.0,0.0
1237,153453887,153454387,500,0,100.0,0.0
1238,153454387,153454887,500,0,100.0,0.0
1239,153454887,153455387,500,0,100.0,0.0
1240,153455387,153455887,500,0,100.0,0.0
1241,153455887,153456387,500,0,100.0,0.0
1242,153456387,153456887,500,0,100.0,0.0
1243,153456887,153457387,500,0,100.0,0.0
1244,153457387,153457887,500,0,100.0,0.0
1245,153457887,153458387,500,0,100.0,0.0
1246,153458387,153458887,500,0,100.0,0.0
1247,153458887,153459387,500,0,100.0,0.0
1248,153459387,153459887,500,0,100.0,0.0
1249,153459887,153460387,500,0,100.0,0.0
1250,153460387,153460887,500,0,100.0,0.0
1251,153460887,153461387,500,0,100.0,0.0
1252,153461387,153461887,500,0,100.0,0.0
1253,153461887,153462387,500,0,100.0,0.0
1254,153462387,153462887,500,0,100.0,0.0
1255,153462887,153463387,500,0,100.0,0.0
1256,153463387,153463887,500,0,100.0,0.0
1257,153463887,153464387,500,0,100.0,0.0
1258,153464387,153464887,500,0,100.0,0.0
1259,153464887,153465387,500,0,100.0,0.0
1260,153465387,153465887,500,0,100.0,0.0
1261,153465887,153466387,500,0,100.0,0.0
1262,153466387,153466887,500,0,100.0,0.0
1263,153466887,153467387,500,0,100.0,0.0
1264,153467387,153467887,500,0,100.0,0.0
1265,153467887,153468387,500,0,100.0,0.0
1266,153468387,153468887,500,0,100.0,0.0
1267,153468887,153469387,500,0,100.0,0.0
1268,153469387,153469887,500,0,100.0,0.0
1269,153469887,153470387,500,0,100.0,0.0
1270,153470387,153470887,500,0,100.0,0.0
1271,153470887,153471387,500,0,100.0,0.0
1272,153471387,153471887,500,0,100.0,0.0
1273,153471887,153472387,500,0,100.0,0.0
1274,153472387,153472887,500,0,100.0,0.0
1275,153472887,153473387,500,0,100.0,0.0
1276,153473387,153473887,500,0,100.0,0.0
1277,153473887,153474387,500,0,100.0,0.0
1278,153474387,153474887,500,0,100.0,0.0
1279,153474887,153475387,500,0,100.0,0.0
1280,153475387,153475887,500,0,100.0,0.0
1281,153475887,153476387,500,0,100.0,0.0
1282,153476387,153476887,500,0,100.0,0.0
1283,153476887,153477387,500,0,100.0,0.0
1284,153477387,153477887,500,0,100.0,0.0
1285,153477887,153478387,500,0,100.0,0.0
1286,153478387,153478887,500,0,100.0,0.0
1287,153478887,153479387,500,0,100.0,0.0
1288,153479387,153479887,500,0,100.0,0.0
1289,153479887,153480387,500,0,100.0,0.0
1290,153480387,153480887,500,0,100.0,0.0
1291,153480887,153481387,500,0,100.0,0.0
1292,153481387,153481887,500,0,100.0,0.0
1293,153481887,153482387,500,0,100.0,0.0
1294,153482387,153482887,500,0,100.0,0.0
1295,153482887,153483387,500,0,100.0,0.0
1296,153483387,153483887,500,0,100.0,0.0
1297,153483887,153484387,500,0,100.0,0.0
1298,153484387,153484887,500,0,100.0,0.0
1299,153484887,153485387,500,0,100.0,0.0
1300,153485387,153485887,500,0,100.0,0.0
1301,153485887,153486387,500,0,100.0,0.0
1302,153486387,153486887,500,0,100.0,0.0
1303,153486887,153487387,500,0,100.0,0.0
1304,153487387,153487887,500,0,100.0,0.0
1305,153487887,153488387,500,0,100.0,0.0
1306,153488387,153488887,500,0,100.0,0.0
1307,153488887,153489387,500,0,100.0,0.0
1308,153489387,153489887,500,0,100.0,0.0
1309,153489887,153490387,500,0,100.0,0.0
1310,153490387,153490887,500,0,100.0,0.0
1311,153490887,153491387,500,0,100.0,0.0
1312,153491387,153491887,500,0,100.0,0.0
1313,153491887,153492387,500,0,100.0,0.0
1314,153492387,153492887,500,0,100.0,0.0
1315,153492887,153493387,500,0,100.0,0.0
1316,153493387,153493887,500,0,100.0,0.0
1317,153493887,153494387,500,0,100.0,0.0
1318,153494387,153494887,500,0,100.0,0.0
1319,153494887,153495387,500,0,100.0,0.0
1320,153495387,153495887,500,0,100.0,0.0
1321,153495887,153496387,500,0,100.0,0.0
1322,153496387,153496887,500,0,100.0,0.0
1323,153496887,153497387,500,0,100.0,0.0
1324,153497387,153497887,500,0,100.0,0.0
1325,153497887,153498387,500,0,100.0,0.0
1326,153498387,153498887,500,0,100.0,0.0
1327,153498887,153499387,500,0,100.0,0.0
1328,153499387,153499887,500,0,100.0,0.0
1329,153499887,153500387,500,0,100.0,0.0
1330,153500387,153500887,500,0,100.0,0.0
1331,153500887,153501387,500,0,100.0,0.0
1332,153501387,153501887,500,0,100.0,0.0
1333,153501887,153502387,500,0,100.0,0.0
1334,153502387,153502887,500,0,100.0,0.0
1335,153502887,153503387,500,0,100.0,0.0
1336,153503387,153503887,500,0,100.0,0.0
1337,153503887,153504387,500,0,100.0,0.0
1338,153504387,153504887,500,0,100.0,0.0
1339,153504887,153505387,500,0,100.0,0.0
1340,153505387,153505887,500,0,100.0,0.0
1341,153505887,153506387,500,0,100.0,0.0
1342,153506387,153506887,500,0,100.0,0.0
1343,153506887,153507387,500,0,100.0,0.0
1344,153507387,153507887,500,0,100.0,0.0
1345,153507887,153508387,500,0,100.0,0.0
1346,153508387,153508887,500,0,100.0,0.0
1347,153508887,153509387,500,0,100.0,0.0
1348,153509387,153509887,500,0,100.0,0.0
1349,153509887,153510387,500,0,100.0,0.0
1350,153510387,153510887,500,0,100.0,0.0
1351,153510887,153511387,500,0,100.0,0.0
1352,153511387,153511887,500,0,100.0,0.0
1353,153511887,153512387,500,0,100.0,0.0
1354,153512387,153512887,500,0,100.0,0.0
1355,153512887,153513387,500,0,100.0,0.0
1356,153513387,153513887,500,0,100.0,0.0
1357,153513887,153514387,500,0,100.0,0.0
1358,153514387,153514887,149,351,29.799999999999997,70.2
1359,153514887,153515387,10,490,2.0,98.0
1360,153515387,153515887,3,497,0.6,99.4
1361,153515887,153516387,101,399,20.200000000000003,79.8
1362,153516387,153516887,5,495,1.0,99.0
1363,153516887,153517387,417,83,83.39999999999999,16.60000000000001
1364,153517387,153517887,500,0,100.0,0.0
1365,153517887,153518387,500,0,100.0,0.0
1366,153518387,153518887,500,0,100.0,0.0
1367,153518887,153519387,500,0,100.0,0.0
1368,153519387,153519887,500,0,100.0,0.0
1369,153519887,153520387,500,0,100.0,0.0
1370,153520387,153520887,500,0,100.0,0.0
1371,153520887,153521387,500,0,100.0,0.0
1372,153521387,153521887,500,0,100.0,0.0
1373,153521887,153522387,500,0,100.0,0.0
1374,153522387,153522887,500,0,100.0,0.0
1375,153522887,153523387,500,0,100.0,0.0
1376,153523387,153523887,500,0,100.0,0.0
1377,153523887,153524387,500,0,100.0,0.0
1378,153524387,153524887,500,0,100.0,0.0
1379,153524887,153525387,500,0,100.0,0.0
1380,153525387,153525887,500,0,100.0,0.0
1381,153525887,153526387,500,0,100.0,0.0
1382,153526387,153526887,500,0,100.0,0.0
1383,153526887,153527387,500,0,100.0,0.0
1384,153527387,153527887,500,0,100.0,0.0
1385,153527887,153528387,500,0,100.0,0.0
1386,153528387,153528887,500,0,100.0,0.0
1387,153528887,153529387,500,0,100.0,0.0
1388,153529387,153529887,500,0,100.0,0.0
1389,153529887,153530387,500,0,100.0,0.0
1390,153530387,153530887,500,0,100.0,0.0
1391,153530887,153531387,500,0,100.0,0.0
1392,153531387,153531887,500,0,100.0,0.0
1393,153531887,153532387,500,0,100.0,0.0
1394,153532387,153532887,500,0,100.0,0.0
1395,153532887,153533387,500,0,100.0,0.0
1396,153533387,153533887,500,0,100.0,0.0
1397,153533887,153534387,500,0,100.0,0.0
1398,153534387,153534887,500,0,100.0,0.0
1399,153534887,153535387,500,0,100.0,0.0
1400,153535387,153535887,500,0,100.0,0.0
1401,153535887,153536387,500,0,100.0,0.0
1402,153536387,153536887,500,0,100.0,0.0
1403,153536887,153537387,500,0,100.0,0.0
1404,153537387,153537887,500,0,100.0,0.0
1405,153537887,153538387,500,0,100.0,0.0
1406,153538387,153538887,500,0,100.0,0.0
1407,153538887,153539387,500,0,100.0,0.0
1408,153539387,153539887,500,0,100.0,0.0
1409,153539887,153540387,500,0,100.0,0.0
1410,153540387,153540887,500,0,100.0,0.0
1411,153540887,153541387,500,0,100.0,0.0
1412,153541387,153541887,500,0,100.0,0.0
1413,153541887,153542387,500,0,100.0,0.0
1414,153542387,153542887,500,0,100.0,0.0
1415,153542887,153543387,500,0,100.0,0.0
1416,153543387,153543887,500,0,100.0,0.0
1417,153543887,153544387,500,0,100.0,0.0
1418,153544387,153544887,500,0,100.0,0.0
1419,153544887,153545387,500,0,100.0,0.0
1420,153545387,153545887,500,0,100.0,0.0
1421,153545887,153546387,500,0,100.0,0.0
1422,153546387,153546887,500,0,100.0,0.0
1423,153546887,153547387,500,0,100.0,0.0
1424,153547387,153547887,500,0,100.0,0.0
1425,153547887,153548387,500,0,100.0,0.0
1426,153548387,153548887,500,0,100.0,0.0
1427,153548887,153549387,500,0,100.0,0.0
1428,153549387,153549887,500,0,100.0,0.0
1429,153549887,153550387,500,0,100.0,0.0
1430,153550387,153550887,500,0,100.0,0.0
1431,153550887,153551387,500,0,100.0,0.0
1432,153551387,153551887,500,0,100.0,0.0
1433,153551887,153552387,500,0,100.0,0.0
1434,153552387,153552887,500,0,100.0,0.0
1435,153552887,153553387,500,0,100.0,0.0
1436,153553387,153553887,500,0,100.0,0.0
1437,153553887,153554387,500,0,100.0,0.0
1438,153554387,153554887,500,0,100.0,0.0
1439,153554887,153555387,500,0,100.0,0.0
1440,153555387,153555887,500,0,100.0,0.0
1441,153555887,153556387,500,0,100.0,0.0
1442,153556387,153556887,500,0,100.0,0.0
1443,153556887,153557387,500,0,100.0,0.0
1444,153557387,153557887,500,0,100.0,0.0
1445,153557887,153558387,500,0,100.0,0.0
1446,153558387,153558887,500,0,100.0,0.0
1447,153558887,153559387,500,0,100.0,0.0
1448,153559387,153559887,500,0,100.0,0.0
1449,153559887,153560387,500,0,100.0,0.0
1450,153560387,153560887,500,0,100.0,0.0
1451,153560887,153561387,500,0,100.0,0.0
1452,153561387,153561887,500,0,100.0,0.0
1453,153561887,153562387,500,0,100.0,0.0
1454,153562387,153562887,500,0,100.0,0.0
1455,153562887,153563387,500,0,100.0,0.0
1456,153563387,153563887,500,0,100.0,0.0
1457,153563887,153564387,500,0,100.0,0.0
1458,153564387,153564887,500,0,100.0,0.0
1459,153564887,153565387,500,0,100.0,0.0
1460,153565387,153565887,500,0,100.0,0.0
1461,153565887,153566387,500,0,100.0,0.0
1462,153566387,153566887,500,0,100.0,0.0
1463,153566887,153567387,500,0,100.0,0.0
1464,153567387,153567887,500,0,100.0,0.0
1465,153567887,153568387,500,0,100.0,0.0
1466,153568387,153568887,500,0,100.0,0.0
1467,153568887,153569387,500,0,100.0,0.0
1468,153569387,153569887,500,0,100.0,0.0
1469,153569887,153570387,500,0,100.0,0.0
1470,153570387,153570887,500,0,100.0,0.0
1471,153570887,153571387,500,0,100.0,0.0
1472,153571387,153571887,500,0,100.0,0.0
1473,153571887,153572387,500,0,100.0,0.0
1474,153572387,153572887,500,0,100.0,0.0
1475,153572887,153573387,500,0,100.0,0.0
1476,153573387,153573887,500,0,100.0,0.0
1477,153573887,153574387,500,0,100.0,0.0
1478,153574387,153574887,500,0,100.0,0.0
1479,153574887,153575387,500,0,100.0,0.0
1480,153575387,153575887,500,0,100.0,0.0
1481,153575887,153576387,500,0,100.0,0.0
1482,153576387,153576887,500,0,100.0,0.0
1483,153576887,153577387,500,0,100.0,0.0
1484,153577387,153577887,500,0,100.0,0.0
1485,153577887,153578387,500,0,100.0,0.0
1486,153578387,153578887,500,0,100.0,0.0
1487,153578887,153579387,500,0,100.0,0.0
1488,153579387,153579887,500,0,100.0,0.0
1489,153579887,153580387,500,0,100.0,0.0
1490,153580387,153580887,500,0,100.0,0.0
1491,153580887,153581387,500,0,100.0,0.0
1492,153581387,153581887,296,204,59.199999999999996,40.800000000000004
1493,153581887,153582387,8,492,1.6,98.4
1494,153582387,153582887,2,498,0.4,99.6
1495,153582887,153583387,5,495,1.0,99.0
1496,153583387,153583887,101,399,20.200000000000003,79.8
1497,153583887,153584387,5,495,1.0,99.0
1498,153584387,153584887,408,92,81.6,18.400000000000006
1499,153584887,153585387,500,0,100.0,0.0
1500,153585387,153585887,500,0,100.0,0.0
1501,153585887,153586387,500,0,100.0,0.0
1502,153586387,153586887,500,0,100.0,0.0
1503,153586887,153587387,500,0,100.0,0.0
1504,153587387,153587887,500,0,100.0,0.0
1505,153587887,153588387,500,0,100.0,0.0
1506,153588387,153588887,500,0,100.0,0.0
1507,153588887,153589387,500,0,100.0,0.0
1508,153589387,153589887,500,0,100.0,0.0
1509,153589887,153590387,500,0,100.0,0.0
1510,153590387,153590887,500,0,100.0,0.0
1511,153590887,153591387,500,0,100.0,0.0
1512,153591387,153591887,500,0,100.0,0.0
1513,153591887,153592387,500,0,100.0,0.0
1514,153592387,153592887,500,0,100.0,0.0
1515,153592887,153593387,500,0,100.0,0.0
1516,153593387,153593887,500,0,100.0,0.0
1517,153593887,153594387,500,0,100.0,0.0
1518,153594387,153594887,500,0,100.0,0.0
1519,153594887,153595387,500,0,100.0,0.0
1520,153595387,153595887,500,0,100.0,0.0
1521,153595887,153596387,500,0,100.0,0.0
1522,153596387,153596887,500,0,100.0,0.0
1523,153596887,153597387,500,0,100.0,0.0
1524,153597387,153597887,500,0,100.0,0.0
1525,153597887,153598387,500,0,100.0,0.0
1526,153598387,153598887,500,0,100.0,0.0
1527,153598887,153599387,500,0,100.0,0.0
1528,153599387,153599887,500,0,100.0,0.0
1529,153599887,153600387,500,0,100.0,0.0
1530,153600387,153600887,500,0,100.0,0.0
1531,153600887,153601387,500,0,100.0,0.0
1532,153601387,153601887,500,0,100.0,0.0
1533,153601887,153602387,500,0,100.0,0.0
1534,153602387,153602887,500,0,100.0,0.0
1535,153602887,153603387,500,0,100.0,0.0
1536,153603387,153603887,500,0,100.0,0.0
1537,153603887,153604387,500,0,100.0,0.0
1538,153604387,153604887,500,0,100.0,0.0
1539,153604887,153605387,500,0,100.0,0.0
1540,153605387,153605887,500,0,100.0,0.0
1541,153605887,153606387,500,0,100.0,0.0
1542,153606387,153606887,500,0,100.0,0.0
1543,153606887,153607387,500,0,100.0,0.0
1544,153607387,153607887,500,0,100.0,0.0
1545,153607887,153608387,500,0,100.0,0.0
1546,153608387,153608887,500,0,100.0,0.0
1547,153608887,153609387,500,0,100.0,0.0
1548,153609387,153609887,500,0,100.0,0.0
1549,153609887,153610387,500,0,100.0,0.0
1550,153610387,153610887,500,0,100.0,0.0
1551,153610887,153611387,500,0,100.0,0.0
1552,153611387,153611887,500,0,100.0,0.0
1553,153611887,153612387,500,0,100.0,0.0
1554,153612387,153612887,500,0,100.0,0.0
1555,153612887,153613387,500,0,100.0,0.0
1556,153613387,153613887,500,0,100.0,0.0
1557,153613887,153614387,500,0,100.0,0.0
1558,153614387,153614887,500,0,100.0,0.0
1559,153614887,153615387,500,0,100.0,0.0
1560,153615387,153615887,500,0,100.0,0.0
1561,153615887,153616387,500,0,100.0,0.0
1562,153616387,153616887,500,0,100.0,0.0
1563,153616887,153617387,500,0,100.0,0.0
1564,153617387,153617887,500,0,100.0,0.0
1565,153617887,153618387,500,0,100.0,0.0
1566,153618387,153618887,500,0,100.0,0.0
1567,153618887,153619387,500,0,100.0,0.0
1568,153619387,153619887,500,0,100.0,0.0
1569,153619887,153620387,500,0,100.0,0.0
1570,153620387,153620887,500,0,100.0,0.0
1571,153620887,153621387,500,0,100.0,0.0
1572,153621387,153621887,500,0,100.0,0.0
1573,153621887,153622387,500,0,100.0,0.0
1574,153622387,153622887,500,0,100.0,0.0
1575,153622887,153623387,500,0,100.0,0.0
1576,153623387,153623887,500,0,100.0,0.0
1577,153623887,153624387,500,0,100.0,0.0
1578,153624387,153624887,500,0,100.0,0.0
1579,153624887,153625387,500,0,100.0,0.0
1580,153625387,153625887,500,0,100.0,0.0
1581,153625887,153626387,500,0,100.0,0.0
1582,153626387,153626887,500,0,100.0,0.0
1583,153626887,153627387,500,0,100.0,0.0
1584,153627387,153627887,500,0,100.0,0.0
1585,153627887,153628387,500,0,100.0,0.0
1586,153628387,153628887,500,0,100.0,0.0
1587,153628887,153629387,500,0,100.0,0.0
1588,153629387,153629887,500,0,100.0,0.0
1589,153629887,153630387,500,0,100.0,0.0
1590,153630387,153630887,500,0,100.0,0.0
1591,153630887,153631387,500,0,100.0,0.0
1592,153631387,153631887,500,0,100.0,0.0
1593,153631887,153632387,500,0,100.0,0.0
1594,153632387,153632887,500,0,100.0,0.0
1595,153632887,153633387,500,0,100.0,0.0
1596,153633387,153633887,500,0,100.0,0.0
1597,153633887,153634387,500,0,100.0,0.0
1598,153634387,153634887,500,0,100.0,0.0
1599,153634887,153635387,500,0,100.0,0.0
1600,153635387,153635887,500,0,100.0,0.0
1601,153635887,153636387,500,0,100.0,0.0
1602,153636387,153636887,500,0,100.0,0.0
1603,153636887,153637387,500,0,100.0,0.0
1604,153637387,153637887,500,0,100.0,0.0
1605,153637887,153638387,500,0,100.0,0.0
1606,153638387,153638887,500,0,100.0,0.0
1607,153638887,153639387,500,0,100.0,0.0
1608,153639387,153639887,500,0,100.0,0.0
1609,153639887,153640387,246,254,49.2,50.8
1610,153640387,153640887,5,495,1.0,99.0
1611,153640887,153641387,9,491,1.7999999999999998,98.2
1612,153641387,153641887,3,497,0.6,99.4
1613,153641887,153642387,6,494,1.2,98.8
1614,153642387,153642887,0,500,0.0,100.0
1615,153642887,153643387,207,293,41.4,58.6
1616,153643387,153643887,2,498,0.4,99.6
1617,153643887,153644387,181,319,36.199999999999996,63.800000000000004
1618,153644387,153644887,500,0,100.0,0.0
1619,153644887,153645387,500,0,100.0,0.0
1620,153645387,153645887,500,0,100.0,0.0
1621,153645887,153646387,500,0,100.0,0.0
1622,153646387,153646887,500,0,100.0,0.0
1623,153646887,153647387,500,0,100.0,0.0
1624,153647387,153647887,500,0,100.0,0.0
1625,153647887,153648387,500,0,100.0,0.0
1626,153648387,153648887,500,0,100.0,0.0
1627,153648887,153649387,500,0,100.0,0.0
1628,153649387,153649887,500,0,100.0,0.0
1629,153649887,153650387,500,0,100.0,0.0
1630,153650387,153650887,500,0,100.0,0.0
1631,153650887,153651387,500,0,100.0,0.0
1632,153651387,153651887,500,0,100.0,0.0
1633,153651887,153652387,500,0,100.0,0.0
1634,153652387,153652887,500,0,100.0,0.0
1635,153652887,153653387,500,0,100.0,0.0
1636,153653387,153653887,500,0,100.0,0.0
1637,153653887,153654387,500,0,100.0,0.0
1638,153654387,153654887,500,0,100.0,0.0
1639,153654887,153655387,500,0,100.0,0.0
1640,153655387,153655887,500,0,100.0,0.0
1641,153655887,153656387,500,0,100.0,0.0
1642,153656387,153656887,500,0,100.0,0.0
1643,153656887,153657387,500,0,100.0,0.0
1644,153657387,153657887,500,0,100.0,0.0
1645,153657887,153658387,500,0,100.0,0.0
1646,153658387,153658887,500,0,100.0,0.0
1647,153658887,153659387,500,0,100.0,0.0
1648,153659387,153659887,500,0,100.0,0.0
1649,153659887,153660387,500,0,100.0,0.0
1650,153660387,153660887,500,0,100.0,0.0
1651,153660887,153661387,500,0,100.0,0.0
1652,153661387,153661887,500,0,100.0,0.0
1653,153661887,153662387,500,0,100.0,0.0
1654,153662387,153662887,500,0,100.0,0.0
1655,153662887,153663387,500,0,100.0,0.0
1656,153663387,153663887,500,0,100.0,0.0
1657,153663887,153664387,500,0,100.0,0.0
1658,153664387,153664887,500,0,100.0,0.0
1659,153664887,153665387,500,0,100.0,0.0
1660,153665387,153665887,500,0,100.0,0.0
1661,153665887,153666387,500,0,100.0,0.0
1662,153666387,153666887,500,0,100.0,0.0
1663,153666887,153667387,500,0,100.0,0.0
1664,153667387,153667887,500,0,100.0,0.0
1665,153667887,153668387,500,0,100.0,0.0
1666,153668387,153668887,500,0,100.0,0.0
1667,153668887,153669387,500,0,100.0,0.0
1668,153669387,153669887,500,0,100.0,0.0
1669,153669887,153670387,500,0,100.0,0.0
1670,153670387,153670887,500,0,100.0,0.0
1671,153670887,153671387,500,0,100.0,0.0
1672,153671387,153671887,500,0,100.0,0.0
1673,153671887,153672387,500,0,100.0,0.0
1674,153672387,153672887,500,0,100.0,0.0
1675,153672887,153673387,500,0,100.0,0.0
1676,153673387,153673887,500,0,100.0,0.0
1677,153673887,153674387,500,0,100.0,0.0
1678,153674387,153674887,500,0,100.0,0.0
1679,153674887,153675387,500,0,100.0,0.0
1680,153675387,153675887,500,0,100.0,0.0
1681,153675887,153676387,500,0,100.0,0.0
1682,153676387,153676887,500,0,100.0,0.0
1683,153676887,153677387,500,0,100.0,0.0
1684,153677387,153677887,500,0,100.0,0.0
1685,153677887,153678387,500,0,100.0,0.0
1686,153678387,153678887,500,0,100.0,0.0
1687,153678887,153679387,500,0,100.0,0.0
1688,153679387,153679887,500,0,100.0,0.0
1689,153679887,153680387,500,0,100.0,0.0
1690,153680387,153680887,500,0,100.0,0.0
1691,153680887,153681387,500,0,100.0,0.0
1692,153681387,153681887,500,0,100.0,0.0
1693,153681887,153682387,500,0,100.0,0.0
1694,153682387,153682887,500,0,100.0,0.0
1695,153682887,153683387,500,0,100.0,0.0
1696,153683387,153683887,500,0,100.0,0.0
1697,153683887,153684387,500,0,100.0,0.0
1698,153684387,153684887,500,0,100.0,0.0
1699,153684887,153685387,500,0,100.0,0.0
1700,153685387,153685887,500,0,100.0,0.0
1701,153685887,153686387,500,0,100.0,0.0
1702,153686387,153686887,500,0,100.0,0.0
1703,153686887,153687387,500,0,100.0,0.0
1704,153687387,153687887,500,0,100.0,0.0
1705,153687887,153688387,500,0,100.0,0.0
1706,153688387,153688887,500,0,100.0,0.0
1707,153688887,153689387,500,0,100.0,0.0
1708,153689387,153689887,500,0,100.0,0.0
1709,153689887,153690387,500,0,100.0,0.0
1710,153690387,153690887,500,0,100.0,0.0
1711,153690887,153691387,500,0,100.0,0.0
1712,153691387,153691887,500,0,100.0,0.0
1713,153691887,153692387,500,0,100.0,0.0
1714,153692387,153692887,500,0,100.0,0.0
1715,153692887,153693387,500,0,100.0,0.0
1716,153693387,153693887,500,0,100.0,0.0
1717,153693887,153694387,500,0,100.0,0.0
1718,153694387,153694887,500,0,100.0,0.0
1719,153694887,153695387,500,0,100.0,0.0
1720,153695387,153695887,84,416,16.8,83.2
1721,153695887,153696387,8,492,1.6,98.4
1722,153696387,153696887,3,497,0.6,99.4
1723,153696887,153697387,98,402,19.6,80.4
1724,153697387,153697887,3,497,0.6,99.4
1725,153697887,153698387,447,53,89.4,10.599999999999994
1726,153698387,153698887,500,0,100.0,0.0
1727,153698887,153699387,500,0,100.0,0.0
1728,153699387,153699887,500,0,100.0,0.0
1729,153699887,153700387,500,0,100.0,0.0
1730,153700387,153700887,500,0,100.0,0.0
1731,153700887,153701387,500,0,100.0,0.0
1732,153701387,153701887,500,0,100.0,0.0
1733,153701887,153702387,500,0,100.0,0.0
1734,153702387,153702887,500,0,100.0,0.0
1735,153702887,153703387,500,0,100.0,0.0
1736,153703387,153703887,500,0,100.0,0.0
1737,153703887,153704387,500,0,100.0,0.0
1738,153704387,153704887,500,0,100.0,0.0
1739,153704887,153705387,500,0,100.0,0.0
1740,153705387,153705887,500,0,100.0,0.0
1741,153705887,153706387,500,0,100.0,0.0
1742,153706387,153706887,500,0,100.0,0.0
1743,153706887,153707387,500,0,100.0,0.0
1744,153707387,153707887,500,0,100.0,0.0
1745,153707887,153708387,500,0,100.0,0.0
1746,153708387,153708887,500,0,100.0,0.0
1747,153708887,153709387,500,0,100.0,0.0
1748,153709387,153709887,500,0,100.0,0.0
1749,153709887,153710387,500,0,100.0,0.0
1750,153710387,153710887,500,0,100.0,0.0
1751,153710887,153711387,500,0,100.0,0.0
1752,153711387,153711887,500,0,100.0,0.0
1753,153711887,153712387,500,0,100.0,0.0
1754,153712387,153712887,500,0,100.0,0.0
1755,153712887,153713387,500,0,100.0,0.0
1756,153713387,153713887,500,0,100.0,0.0
1757,153713887,153714387,500,0,100.0,0.0
1758,153714387,153714887,500,0,100.0,0.0
1759,153714887,153715387,500,0,100.0,0.0
1760,153715387,153715887,500,0,100.0,0.0
1761,153715887,153716387,500,0,100.0,0.0
1762,153716387,153716887,500,0,100.0,0.0
1763,153716887,153717387,500,0,100.0,0.0
1764,153717387,153717887,500,0,100.0,0.0
1765,153717887,153718387,500,0,100.0,0.0
1766,153718387,153718887,500,0,100.0,0.0
1767,153718887,153719387,500,0,100.0,0.0
1768,153719387,153719887,500,0,100.0,0.0
1769,153719887,153720387,500,0,100.0,0.0
1770,153720387,153720887,500,0,100.0,0.0
1771,153720887,153721387,500,0,100.0,0.0
1772,153721387,153721887,500,0,100.0,0.0
1773,153721887,153722387,500,0,100.0,0.0
1774,153722387,153722887,500,0,100.0,0.0
1775,153722887,153723387,500,0,100.0,0.0
1776,153723387,153723887,500,0,100.0,0.0
1777,153723887,153724387,500,0,100.0,0.0
1778,153724387,153724887,500,0,100.0,0.0
1779,153724887,153725387,500,0,100.0,0.0
1780,153725387,153725887,500,0,100.0,0.0
1781,153725887,153726387,500,0,100.0,0.0
1782,153726387,153726887,500,0,100.0,0.0
1783,153726887,153727387,500,0,100.0,0.0
1784,153727387,153727887,500,0,100.0,0.0
1785,153727887,153728387,500,0,100.0,0.0
1786,153728387,153728887,500,0,100.0,0.0
1787,153728887,153729387,500,0,100.0,0.0
1788,153729387,153729887,500,0,100.0,0.0
1789,153729887,153730387,500,0,100.0,0.0
1790,153730387,153730887,500,0,100.0,0.0
1791,153730887,153731387,500,0,100.0,0.0
1792,153731387,153731887,500,0,100.0,0.0
1793,153731887,153732387,500,0,100.0,0.0
1794,153732387,153732887,500,0,100.0,0.0
1795,153732887,153733387,500,0,100.0,0.0
1796,153733387,153733887,500,0,100.0,0.0
1797,153733887,153734387,500,0,100.0,0.0
1798,153734387,153734887,500,0,100.0,0.0
1799,153734887,153735387,500,0,100.0,0.0
1800,153735387,153735887,500,0,100.0,0.0
1801,153735887,153736387,500,0,100.0,0.0
1802,153736387,153736887,500,0,100.0,0.0
1803,153736887,153737387,500,0,100.0,0.0
1804,153737387,153737887,500,0,100.0,0.0
1805,153737887,153738387,500,0,100.0,0.0
1806,153738387,153738887,500,0,100.0,0.0
1807,153738887,153739387,500,0,100.0,0.0
1808,153739387,153739887,500,0,100.0,0.0
1809,153739887,153740387,500,0,100.0,0.0
1810,153740387,153740887,500,0,100.0,0.0
1811,153740887,153741387,500,0,100.0,0.0
1812,153741387,153741887,500,0,100.0,0.0
1813,153741887,153742387,500,0,100.0,0.0
1814,153742387,153742887,500,0,100.0,0.0
1815,153742887,153743387,500,0,100.0,0.0
1816,153743387,153743887,500,0,100.0,0.0
1817,153743887,153744387,500,0,100.0,0.0
1818,153744387,153744887,500,0,100.0,0.0
1819,153744887,153745387,233,267,46.6,53.4
1820,153745387,153745887,6,494,1.2,98.8
1821,153745887,153746387,5,495,1.0,99.0
1822,153746387,153746887,85,415,17.0,83.0
1823,153746887,153747387,4,496,0.8,99.2
1824,153747387,153747887,487,13,97.39999999999999,2.6000000000000085
1825,153747887,153748387,500,0,100.0,0.0
1826,153748387,153748887,500,0,100.0,0.0
1827,153748887,153749387,500,0,100.0,0.0
1828,153749387,153749887,500,0,100.0,0.0
1829,153749887,153750387,500,0,100.0,0.0
1830,153750387,153750887,500,0,100.0,0.0
1831,153750887,153751387,500,0,100.0,0.0
1832,153751387,153751887,500,0,100.0,0.0
1833,153751887,153752387,500,0,100.0,0.0
1834,153752387,153752887,500,0,100.0,0.0
1835,153752887,153753387,500,0,100.0,0.0
1836,153753387,153753887,500,0,100.0,0.0
1837,153753887,153754387,500,0,100.0,0.0
1838,153754387,153754887,500,0,100.0,0.0
1839,153754887,153755387,500,0,100.0,0.0
1840,153755387,153755887,500,0,100.0,0.0
1841,153755887,153756387,500,0,100.0,0.0
1842,153756387,153756887,500,0,100.0,0.0
1843,153756887,153757387,500,0,100.0,0.0
1844,153757387,153757887,500,0,100.0,0.0
1845,153757887,153758387,500,0,100.0,0.0
1846,153758387,153758887,500,0,100.0,0.0
1847,153758887,153759387,500,0,100.0,0.0
1848,153759387,153759887,500,0,100.0,0.0
1849,153759887,153760387,500,0,100.0,0.0
1850,153760387,153760887,500,0,100.0,0.0
1851,153760887,153761387,500,0,100.0,0.0
1852,153761387,153761887,500,0,100.0,0.0
1853,153761887,153762387,500,0,100.0,0.0
1854,153762387,153762887,500,0,100.0,0.0
1855,153762887,153763387,500,0,100.0,0.0
1856,153763387,153763887,500,0,100.0,0.0
1857,153763887,153764387,500,0,100.0,0.0
1858,153764387,153764887,500,0,100.0,0.0
1859,153764887,153765387,500,0,100.0,0.0
1860,153765387,153765887,500,0,100.0,0.0
1861,153765887,153766387,500,0,100.0,0.0
1862,153766387,153766887,500,0,100.0,0.0
1863,153766887,153767387,500,0,100.0,0.0
1864,153767387,153767887,500,0,100.0,0.0
1865,153767887,153768387,500,0,100.0,0.0
1866,153768387,153768887,500,0,100.0,0.0
1867,153768887,153769387,500,0,100.0,0.0
1868,153769387,153769887,500,0,100.0,0.0
1869,153769887,153770387,500,0,100.0,0.0
1870,153770387,153770887,500,0,100.0,0.0
1871,153770887,153771387,500,0,100.0,0.0
1872,153771387,153771887,500,0,100.0,0.0
1873,153771887,153772387,500,0,100.0,0.0
1874,153772387,153772887,500,0,100.0,0.0
1875,153772887,153773387,500,0,100.0,0.0
1876,153773387,153773887,500,0,100.0,0.0
1877,153773887,153774387,500,0,100.0,0.0
1878,153774387,153774887,500,0,100.0,0.0
1879,153774887,153775387,500,0,100.0,0.0
1880,153775387,153775887,500,0,100.0,0.0
1881,153775887,153776387,500,0,100.0,0.0
1882,153776387,153776887,500,0,100.0,0.0
1883,153776887,153777387,500,0,100.0,0.0
1884,153777387,153777887,500,0,100.0,0.0
1885,153777887,153778387,500,0,100.0,0.0
1886,153778387,153778887,500,0,100.0,0.0
1887,153778887,153779387,500,0,100.0,0.0
1888,153779387,153779887,500,0,100.0,0.0
1889,153779887,153780387,500,0,100.0,0.0
1890,153780387,153780887,500,0,100.0,0.0
1891,153780887,153781387,500,0,100.0,0.0
1892,153781387,153781887,500,0,100.0,0.0
1893,153781887,153782387,500,0,100.0,0.0
1894,153782387,153782887,500,0,100.0,0.0
1895,153782887,153783387,500,0,100.0,0.0
1896,153783387,153783887,500,0,100.0,0.0
1897,153783887,153784387,500,0,100.0,0.0
1898,153784387,153784887,500,0,100.0,0.0
1899,153784887,153785387,500,0,100.0,0.0
1900,153785387,153785887,500,0,100.0,0.0
1901,153785887,153786387,500,0,100.0,0.0
1902,153786387,153786887,500,0,100.0,0.0
1903,153786887,153787387,500,0,100.0,0.0
1904,153787387,153787887,500,0,100.0,0.0
1905,153787887,153788387,500,0,100.0,0.0
1906,153788387,153788887,500,0,100.0,0.0
1907,153788887,153789387,500,0,100.0,0.0
1908,153789387,153789887,500,0,100.0,0.0
1909,153789887,153790387,500,0,100.0,0.0
1910,153790387,153790887,500,0,100.0,0.0
1911,153790887,153791387,500,0,100.0,0.0
1912,153791387,153791887,500,0,100.0,0.0
1913,153791887,153792387,500,0,100.0,0.0
1914,153792387,153792887,500,0,100.0,0.0
1915,153792887,153793387,500,0,100.0,0.0
1916,153793387,153793887,500,0,100.0,0.0
1917,153793887,153794387,500,0,100.0,0.0
1918,153794387,153794887,500,0,100.0,0.0
1919,153794887,153795387,500,0,100.0,0.0
1920,153795387,153795887,500,0,100.0,0.0
1921,153795887,153796387,500,0,100.0,0.0
1922,153796387,153796887,500,0,100.0,0.0
1923,153796887,153797387,500,0,100.0,0.0
1924,153797387,153797887,500,0,100.0,0.0
1925,153797887,153798387,500,0,100.0,0.0
1926,153798387,153798887,500,0,100.0,0.0
1927,153798887,153799387,500,0,100.0,0.0
1928,153799387,153799887,500,0,100.0,0.0
1929,153799887,153800387,500,0,100.0,0.0
1930,153800387,153800887,500,0,100.0,0.0
1931,153800887,153801387,500,0,100.0,0.0
1932,153801387,153801887,500,0,100.0,0.0
1933,153801887,153802387,500,0,100.0,0.0
1934,153802387,153802887,500,0,100.0,0.0
1935,153802887,153803387,500,0,100.0,0.0
1936,153803387,153803887,500,0,100.0,0.0
1937,153803887,153804387,500,0,100.0,0.0
1938,153804387,153804887,500,0,100.0,0.0
1939,153804887,153805387,500,0,100.0,0.0
1940,153805387,153805887,500,0,100.0,0.0
1941,153805887,153806387,500,0,100.0,0.0
1942,153806387,153806887,500,0,100.0,0.0
1943,153806887,153807387,500,0,100.0,0.0
1944,153807387,153807887,500,0,100.0,0.0
1945,153807887,153808387,500,0,100.0,0.0
1946,153808387,153808887,500,0,100.0,0.0
1947,153808887,153809387,500,0,100.0,0.0
1948,153809387,153809887,500,0,100.0,0.0
1949,153809887,153810387,500,0,100.0,0.0
1950,153810387,153810887,500,0,100.0,0.0
1951,153810887,153811387,500,0,100.0,0.0
1952,153811387,153811887,500,0,100.0,0.0
1953,153811887,153812387,500,0,100.0,0.0
1954,153812387,153812887,500,0,100.0,0.0
1955,153812887,153813387,500,0,100.0,0.0
1956,153813387,153813887,500,0,100.0,0.0
1957,153813887,153814387,500,0,100.0,0.0
1958,153814387,153814887,500,0,100.0,0.0
1959,153814887,153815387,500,0,100.0,0.0
1960,153815387,153815887,500,0,100.0,0.0
1961,153815887,153816387,500,0,100.0,0.0
1962,153816387,153816887,500,0,100.0,0.0
1963,153816887,153817387,500,0,100.0,0.0
1964,153817387,153817887,500,0,100.0,0.0
1965,153817887,153818387,500,0,100.0,0.0
1966,153818387,153818887,500,0,100.0,0.0
1967,153818887,153819387,500,0,100.0,0.0
1968,153819387,153819887,500,0,100.0,0.0
1969,153819887,153820387,500,0,100.0,0.0
1970,153820387,153820887,500,0,100.0,0.0
1971,153820887,153821387,500,0,100.0,0.0
1972,153821387,153821887,500,0,100.0,0.0
1973,153821887,153822387,500,0,100.0,0.0
1974,153822387,153822887,500,0,100.0,0.0
1975,153822887,153823387,500,0,100.0,0.0
1976,153823387,153823887,500,0,100.0,0.0
1977,153823887,153824387,500,0,100.0,0.0
1978,153824387,153824887,500,0,100.0,0.0
1979,153824887,153825387,500,0,100.0,0.0
1980,153825387,153825887,500,0,100.0,0.0
1981,153825887,153826387,500,0,100.0,0.0
1982,153826387,153826887,500,0,100.0,0.0
1983,153826887,153827387,500,0,100.0,0.0
1984,153827387,153827887,500,0,100.0,0.0
1985,153827887,153828387,500,0,100.0,0.0
1986,153828387,153828887,500,0,100.0,0.0
1987,153828887,153829387,500,0,100.0,0.0
1988,153829387,153829887,500,0,100.0,0.0
1989,153829887,153830387,500,0,100.0,0.0
1990,153830387,153830887,500,0,100.0,0.0
1991,153830887,153831387,500,0,100.0,0.0
1992,153831387,153831887,500,0,100.0,0.0
1993,153831887,153832387,500,0,100.0,0.0
1994,153832387,153832887,500,0,100.0,0.0
1995,153832887,153833387,500,0,100.0,0.0
1996,153833387,153833887,500,0,100.0,0.0
1997,153833887,153834387,500,0,100.0,0.0
1998,153834387,153834887,500,0,100.0,0.0
1999,153834887,153835387,500,0,100.0,0.0
2000,153835387,153835887,500,0,100.0,0.0
2001,153835887,153836387,500,0,100.0,0.0
2002,153836387,153836887,500,0,100.0,0.0
2003,153836887,153837387,500,0,100.0,0.0
2004,153837387,153837887,500,0,100.0,0.0
2005,153837887,153838387,500,0,100.0,0.0
2006,153838387,153838887,500,0,100.0,0.0
2007,153838887,153839387,500,0,100.0,0.0
2008,153839387,153839887,500,0,100.0,0.0
2009,153839887,153840387,500,0,100.0,0.0
2010,153840387,153840887,500,0,100.0,0.0
2011,153840887,153841387,500,0,100.0,0.0
2012,153841387,153841887,500,0,100.0,0.0
2013,153841887,153842387,500,0,100.0,0.0
2014,153842387,153842887,500,0,100.0,0.0
2015,153842887,153843387,500,0,100.0,0.0
2016,153843387,153843887,500,0,100.0,0.0
2017,153843887,153844387,500,0,100.0,0.0
2018,153844387,153844887,500,0,100.0,0.0
2019,153844887,153845387,500,0,100.0,0.0
2020,153845387,153845887,500,0,100.0,0.0
2021,153845887,153846387,500,0,100.0,0.0
2022,153846387,153846887,500,0,100.0,0.0
2023,153846887,153847387,500,0,100.0,0.0
2024,153847387,153847887,500,0,100.0,0.0
2025,153847887,153848387,500,0,100.0,0.0
2026,153848387,153848887,500,0,100.0,0.0
2027,153848887,153849387,500,0,100.0,0.0
2028,153849387,153849887,500,0,100.0,0.0
2029,153849887,153850387,500,0,100.0,0.0
2030,153850387,153850887,500,0,100.0,0.0
2031,153850887,153851387,500,0,100.0,0.0
2032,153851387,153851887,500,0,100.0,0.0
2033,153851887,153852387,500,0,100.0,0.0
2034,153852387,153852887,500,0,100.0,0.0
2035,153852887,153853387,500,0,100.0,0.0
2036,153853387,153853887,500,0,100.0,0.0
2037,153853887,153854387,500,0,100.0,0.0
2038,153854387,153854887,141,359,28.199999999999996,71.80000000000001
2039,153854887,153855387,9,491,1.7999999999999998,98.2
2040,153855387,153855887,6,494,1.2,98.8
2041,153855887,153856387,92,408,18.4,81.6
2042,153856387,153856887,3,497,0.6,99.4
2043,153856887,153857387,2,498,0.4,99.6
2044,153857387,153857887,8,492,1.6,98.4
2045,153857887,153858387,500,0,100.0,0.0
2046,153858387,153858887,500,0,100.0,0.0
2047,153858887,153859387,500,0,100.0,0.0
2048,153859387,153859887,500,0,100.0,0.0
2049,153859887,153860387,500,0,100.0,0.0
2050,153860387,153860887,500,0,100.0,0.0
2051,153860887,153861387,500,0,100.0,0.0
2052,153861387,153861887,500,0,100.0,0.0
2053,153861887,153862387,500,0,100.0,0.0
2054,153862387,153862887,500,0,100.0,0.0
2055,153862887,153863387,500,0,100.0,0.0
2056,153863387,153863887,500,0,100.0,0.0
2057,153863887,153864387,500,0,100.0,0.0
2058,153864387,153864887,500,0,100.0,0.0
2059,153864887,153865387,500,0,100.0,0.0
2060,153865387,153865887,500,0,100.0,0.0
2061,153865887,153866387,500,0,100.0,0.0
2062,153866387,153866887,500,0,100.0,0.0
2063,153866887,153867387,500,0,100.0,0.0
2064,153867387,153867887,500,0,100.0,0.0
2065,153867887,153868387,500,0,100.0,0.0
2066,153868387,153868887,500,0,100.0,0.0
2067,153868887,153869387,500,0,100.0,0.0
2068,153869387,153869887,500,0,100.0,0.0
2069,153869887,153870387,500,0,100.0,0.0
2070,153870387,153870887,500,0,100.0,0.0
2071,153870887,153871387,500,0,100.0,0.0
2072,153871387,153871887,500,0,100.0,0.0
2073,153871887,153872387,500,0,100.0,0.0
2074,153872387,153872887,500,0,100.0,0.0
2075,153872887,153873387,500,0,100.0,0.0
2076,153873387,153873887,500,0,100.0,0.0
2077,153873887,153874387,500,0,100.0,0.0
2078,153874387,153874887,500,0,100.0,0.0
2079,153874887,153875387,500,0,100.0,0.0
2080,153875387,153875887,500,0,100.0,0.0
2081,153875887,153876387,500,0,100.0,0.0
2082,153876387,153876887,500,0,100.0,0.0
2083,153876887,153877387,500,0,100.0,0.0
2084,153877387,153877887,500,0,100.0,0.0
2085,153877887,153878387,500,0,100.0,0.0
2086,153878387,153878887,500,0,100.0,0.0
2087,153878887,153879387,500,0,100.0,0.0
2088,153879387,153879887,500,0,100.0,0.0
2089,153879887,153880387,500,0,100.0,0.0
2090,153880387,153880887,500,0,100.0,0.0
2091,153880887,153881387,500,0,100.0,0.0
2092,153881387,153881887,500,0,100.0,0.0
2093,153881887,153882387,500,0,100.0,0.0
2094,153882387,153882887,500,0,100.0,0.0
2095,153882887,153883387,500,0,100.0,0.0
2096,153883387,153883887,500,0,100.0,0.0
2097,153883887,153884387,500,0,100.0,0.0
2098,153884387,153884887,500,0,100.0,0.0
2099,153884887,153885387,500,0,100.0,0.0
2100,153885387,153885887,500,0,100.0,0.0
2101,153885887,153886387,500,0,100.0,0.0
2102,153886387,153886887,500,0,100.0,0.0
2103,153886887,153887387,500,0,100.0,0.0
2104,153887387,153887887,500,0,100.0,0.0
2105,153887887,153888387,500,0,100.0,0.0
2106,153888387,153888887,500,0,100.0,0.0
2107,153888887,153889387,500,0,100.0,0.0
2108,153889387,153889887,500,0,100.0,0.0
2109,153889887,153890387,500,0,100.0,0.0
2110,153890387,153890887,500,0,100.0,0.0
2111,153890887,153891387,500,0,100.0,0.0
2112,153891387,153891887,500,0,100.0,0.0
2113,153891887,153892387,500,0,100.0,0.0
2114,153892387,153892887,500,0,100.0,0.0
2115,153892887,153893387,500,0,100.0,0.0
2116,153893387,153893887,500,0,100.0,0.0
2117,153893887,153894387,500,0,100.0,0.0
2118,153894387,153894887,500,0,100.0,0.0
2119,153894887,153895387,500,0,100.0,0.0
2120,153895387,153895887,500,0,100.0,0.0
2121,153895887,153896387,500,0,100.0,0.0
2122,153896387,153896887,500,0,100.0,0.0
2123,153896887,153897387,500,0,100.0,0.0
2124,153897387,153897887,500,0,100.0,0.0
2125,153897887,153898387,500,0,100.0,0.0
2126,153898387,153898887,500,0,100.0,0.0
2127,153898887,153899387,500,0,100.0,0.0
2128,153899387,153899887,500,0,100.0,0.0
2129,153899887,153900387,500,0,100.0,0.0
2130,153900387,153900887,500,0,100.0,0.0
2131,153900887,153901387,500,0,100.0,0.0
2132,153901387,153901887,500,0,100.0,0.0
2133,153901887,153902387,500,0,100.0,0.0
2134,153902387,153902887,500,0,100.0,0.0
2135,153902887,153903387,500,0,100.0,0.0
2136,153903387,153903887,500,0,100.0,0.0
2137,153903887,153904387,500,0,100.0,0.0
2138,153904387,153904887,500,0,100.0,0.0
2139,153904887,153905387,500,0,100.0,0.0
2140,153905387,153905887,500,0,100.0,0.0
2141,153905887,153906387,169,331,33.800000000000004,66.19999999999999
2142,153906387,153906887,5,495,1.0,99.0
2143,153906887,153907387,86,414,17.2,82.8
2144,153907387,153907887,3,497,0.6,99.4
2145,153907887,153908387,229,271,45.800000000000004,54.199999999999996
2146,153908387,153908887,500,0,100.0,0.0
2147,153908887,153909387,500,0,100.0,0.0
2148,153909387,153909887,500,0,100.0,0.0
2149,153909887,153910387,500,0,100.0,0.0
2150,153910387,153910887,500,0,100.0,0.0
2151,153910887,153911387,500,0,100.0,0.0
2152,153911387,153911887,500,0,100.0,0.0
2153,153911887,153912387,500,0,100.0,0.0
2154,153912387,153912887,500,0,100.0,0.0
2155,153912887,153913387,500,0,100.0,0.0
2156,153913387,153913887,500,0,100.0,0.0
2157,153913887,153914387,500,0,100.0,0.0
2158,153914387,153914887,500,0,100.0,0.0
2159,153914887,153915387,500,0,100.0,0.0
2160,153915387,153915887,500,0,100.0,0.0
2161,153915887,153916387,500,0,100.0,0.0
2162,153916387,153916887,500,0,100.0,0.0
2163,153916887,153917387,500,0,100.0,0.0
2164,153917387,153917887,500,0,100.0,0.0
2165,153917887,153918387,500,0,100.0,0.0
2166,153918387,153918887,500,0,100.0,0.0
2167,153918887,153919387,500,0,100.0,0.0
2168,153919387,153919887,500,0,100.0,0.0
2169,153919887,153920387,500,0,100.0,0.0
2170,153920387,153920887,500,0,100.0,0.0
2171,153920887,153921387,500,0,100.0,0.0
2172,153921387,153921887,500,0,100.0,0.0
2173,153921887,153922387,500,0,100.0,0.0
2174,153922387,153922887,500,0,100.0,0.0
2175,153922887,153923387,500,0,100.0,0.0
2176,153923387,153923887,500,0,100.0,0.0
2177,153923887,153924387,500,0,100.0,0.0
2178,153924387,153924887,500,0,100.0,0.0
2179,153924887,153925387,500,0,100.0,0.0
2180,153925387,153925887,500,0,100.0,0.0
2181,153925887,153926387,500,0,100.0,0.0
2182,153926387,153926887,500,0,100.0,0.0
2183,153926887,153927387,500,0,100.0,0.0
2184,153927387,153927887,500,0,100.0,0.0
2185,153927887,153928387,500,0,100.0,0.0
2186,153928387,153928887,500,0,100.0,0.0
2187,153928887,153929387,500,0,100.0,0.0
2188,153929387,153929887,500,0,100.0,0.0
2189,153929887,153930387,500,0,100.0,0.0
2190,153930387,153930887,500,0,100.0,0.0
2191,153930887,153931387,500,0,100.0,0.0
2192,153931387,153931887,500,0,100.0,0.0
2193,153931887,153932387,500,0,100.0,0.0
2194,153932387,153932887,500,0,100.0,0.0
2195,153932887,153933387,500,0,100.0,0.0
2196,153933387,153933887,500,0,100.0,0.0
2197,153933887,153934387,500,0,100.0,0.0
2198,153934387,153934887,500,0,100.0,0.0
2199,153934887,153935387,500,0,100.0,0.0
2200,153935387,153935887,500,0,100.0,0.0
2201,153935887,153936387,500,0,100.0,0.0
2202,153936387,153936887,500,0,100.0,0.0
2203,153936887,153937387,500,0,100.0,0.0
2204,153937387,153937887,500,0,100.0,0.0
2205,153937887,153938387,500,0,100.0,0.0
2206,153938387,153938887,500,0,100.0,0.0
2207,153938887,153939387,500,0,100.0,0.0
2208,153939387,153939887,500,0,100.0,0.0
2209,153939887,153940387,500,0,100.0,0.0
2210,153940387,153940887,500,0,100.0,0.0
2211,153940887,153941387,500,0,100.0,0.0
2212,153941387,153941887,500,0,100.0,0.0
2213,153941887,153942387,500,0,100.0,0.0
2214,153942387,153942887,500,0,100.0,0.0
2215,153942887,153943387,500,0,100.0,0.0
2216,153943387,153943887,500,0,100.0,0.0
2217,153943887,153944387,500,0,100.0,0.0
2218,153944387,153944887,500,0,100.0,0.0
2219,153944887,153945387,500,0,100.0,0.0
2220,153945387,153945887,500,0,100.0,0.0
2221,153945887,153946387,500,0,100.0,0.0
2222,153946387,153946887,500,0,100.0,0.0
2223,153946887,153947387,500,0,100.0,0.0
2224,153947387,153947887,500,0,100.0,0.0
2225,153947887,153948387,500,0,100.0,0.0
2226,153948387,153948887,500,0,100.0,0.0
2227,153948887,153949387,500,0,100.0,0.0
2228,153949387,153949887,500,0,100.0,0.0
2229,153949887,153950387,500,0,100.0,0.0
2230,153950387,153950887,500,0,100.0,0.0
2231,153950887,153951387,500,0,100.0,0.0
2232,153951387,153951887,37,463,7.3999999999999995,92.6
2233,153951887,153952387,11,489,2.1999999999999997,97.8
2234,153952387,153952887,4,496,0.8,99.2
2235,153952887,153953387,91,409,18.2,81.8
2236,153953387,153953887,107,393,21.4,78.6
2237,153953887,153954387,500,0,100.0,0.0
2238,153954387,153954887,500,0,100.0,0.0
2239,153954887,153955387,500,0,100.0,0.0
2240,153955387,153955887,500,0,100.0,0.0
2241,153955887,153956387,500,0,100.0,0.0
2242,153956387,153956887,500,0,100.0,0.0
2243,153956887,153957387,500,0,100.0,0.0
2244,153957387,153957887,500,0,100.0,0.0
2245,153957887,153958387,500,0,100.0,0.0
2246,153958387,153958887,500,0,100.0,0.0
2247,153958887,153959387,500,0,100.0,0.0
2248,153959387,153959887,500,0,100.0,0.0
2249,153959887,153960387,500,0,100.0,0.0
2250,153960387,153960887,500,0,100.0,0.0
2251,153960887,153961387,500,0,100.0,0.0
2252,153961387,153961887,500,0,100.0,0.0
2253,153961887,153962387,500,0,100.0,0.0
2254,153962387,153962887,500,0,100.0,0.0
2255,153962887,153963387,500,0,100.0,0.0
2256,153963387,153963887,500,0,100.0,0.0
2257,153963887,153964387,500,0,100.0,0.0
2258,153964387,153964887,500,0,100.0,0.0
2259,153964887,153965387,500,0,100.0,0.0
2260,153965387,153965887,500,0,100.0,0.0
2261,153965887,153966387,500,0,100.0,0.0
2262,153966387,153966887,500,0,100.0,0.0
2263,153966887,153967387,500,0,100.0,0.0
2264,153967387,153967887,500,0,100.0,0.0
2265,153967887,153968387,500,0,100.0,0.0
2266,153968387,153968887,500,0,100.0,0.0
2267,153968887,153969387,500,0,100.0,0.0
2268,153969387,153969887,500,0,100.0,0.0
2269,153969887,153970387,500,0,100.0,0.0
2270,153970387,153970887,500,0,100.0,0.0
2271,153970887,153971387,500,0,100.0,0.0
2272,153971387,153971887,500,0,100.0,0.0
2273,153971887,153972387,500,0,100.0,0.0
2274,153972387,153972887,500,0,100.0,0.0
2275,153972887,153973387,500,0,100.0,0.0
2276,153973387,153973887,500,0,100.0,0.0
2277,153973887,153974387,500,0,100.0,0.0
2278,153974387,153974887,500,0,100.0,0.0
2279,153974887,153975387,500,0,100.0,0.0
2280,153975387,153975887,500,0,100.0,0.0
2281,153975887,153976387,500,0,100.0,0.0
2282,153976387,153976887,500,0,100.0,0.0
2283,153976887,153977387,500,0,100.0,0.0
2284,153977387,153977887,500,0,100.0,0.0
2285,153977887,153978387,500,0,100.0,0.0
2286,153978387,153978887,500,0,100.0,0.0
2287,153978887,153979387,500,0,100.0,0.0
2288,153979387,153979887,500,0,100.0,0.0
2289,153979887,153980387,500,0,100.0,0.0
2290,153980387,153980887,500,0,100.0,0.0
2291,153980887,153981387,500,0,100.0,0.0
2292,153981387,153981887,500,0,100.0,0.0
2293,153981887,153982387,500,0,100.0,0.0
2294,153982387,153982887,500,0,100.0,0.0
2295,153982887,153983387,500,0,100.0,0.0
2296,153983387,153983887,500,0,100.0,0.0
2297,153983887,153984387,500,0,100.0,0.0
2298,153984387,153984887,500,0,100.0,0.0
2299,153984887,153985387,500,0,100.0,0.0
2300,153985387,153985887,500,0,100.0,0.0
2301,153985887,153986387,500,0,100.0,0.0
2302,153986387,153986887,500,0,100.0,0.0
2303,153986887,153987387,500,0,100.0,0.0
2304,153987387,153987887,500,0,100.0,0.0
2305,153987887,153988387,500,0,100.0,0.0
2306,153988387,153988887,500,0,100.0,0.0
2307,153988887,153989387,500,0,100.0,0.0
2308,153989387,153989887,500,0,100.0,0.0
2309,153989887,153990387,500,0,100.0,0.0
2310,153990387,153990887,500,0,100.0,0.0
2311,153990887,153991387,500,0,100.0,0.0
2312,153991387,153991887,500,0,100.0,0.0
2313,153991887,153992387,500,0,100.0,0.0
2314,153992387,153992887,500,0,100.0,0.0
2315,153992887,153993387,500,0,100.0,0.0
2316,153993387,153993887,500,0,100.0,0.0
2317,153993887,153994387,500,0,100.0,0.0
2318,153994387,153994887,500,0,100.0,0.0
2319,153994887,153995387,500,0,100.0,0.0
2320,153995387,153995887,500,0,100.0,0.0
2321,153995887,153996387,500,0,100.0,0.0
2322,153996387,153996887,500,0,100.0,0.0
2323,153996887,153997387,500,0,100.0,0.0
2324,153997387,153997887,168,332,33.6,66.4
2325,153997887,153998387,8,492,1.6,98.4
2326,153998387,153998887,4,496,0.8,99.2
2327,153998887,153999387,88,412,17.599999999999998,82.4
2328,153999387,153999887,73,427,14.6,85.4
2329,153999887,154000387,500,0,100.0,0.0
2330,154000387,154000887,500,0,100.0,0.0
2331,154000887,154001387,500,0,100.0,0.0
2332,154001387,154001887,500,0,100.0,0.0
2333,154001887,154002387,500,0,100.0,0.0
2334,154002387,154002887,500,0,100.0,0.0
2335,154002887,154003387,500,0,100.0,0.0
2336,154003387,154003887,500,0,100.0,0.0
2337,154003887,154004387,500,0,100.0,0.0
2338,154004387,154004887,500,0,100.0,0.0
2339,154004887,154005387,500,0,100.0,0.0
2340,154005387,154005887,500,0,100.0,0.0
2341,154005887,154006387,500,0,100.0,0.0
2342,154006387,154006887,500,0,100.0,0.0
2343,154006887,154007387,500,0,100.0,0.0
2344,154007387,154007887,500,0,100.0,0.0
2345,154007887,154008387,500,0,100.0,0.0
2346,154008387,154008887,500,0,100.0,0.0
2347,154008887,154009387,500,0,100.0,0.0
2348,154009387,154009887,500,0,100.0,0.0
2349,154009887,154010387,500,0,100.0,0.0
2350,154010387,154010887,500,0,100.0,0.0
2351,154010887,154011387,500,0,100.0,0.0
2352,154011387,154011887,500,0,100.0,0.0
2353,154011887,154012387,500,0,100.0,0.0
2354,154012387,154012887,500,0,100.0,0.0
2355,154012887,154013387,500,0,100.0,0.0
2356,154013387,154013887,500,0,100.0,0.0
2357,154013887,154014387,500,0,100.0,0.0
2358,154014387,154014887,500,0,100.0,0.0
2359,154014887,154015387,500,0,100.0,0.0
2360,154015387,154015887,500,0,100.0,0.0
2361,154015887,154016387,500,0,100.0,0.0
2362,154016387,154016887,500,0,100.0,0.0
2363,154016887,154017387,500,0,100.0,0.0
2364,154017387,154017887,500,0,100.0,0.0
2365,154017887,154018387,500,0,100.0,0.0
2366,154018387,154018887,500,0,100.0,0.0
2367,154018887,154019387,500,0,100.0,0.0
2368,154019387,154019887,500,0,100.0,0.0
2369,154019887,154020387,500,0,100.0,0.0
2370,154020387,154020887,500,0,100.0,0.0
2371,154020887,154021387,500,0,100.0,0.0
2372,154021387,154021887,500,0,100.0,0.0
2373,154021887,154022387,500,0,100.0,0.0
2374,154022387,154022887,500,0,100.0,0.0
2375,154022887,154023387,500,0,100.0,0.0
2376,154023387,154023887,500,0,100.0,0.0
2377,154023887,154024387,500,0,100.0,0.0
2378,154024387,154024887,500,0,100.0,0.0
2379,154024887,154025387,500,0,100.0,0.0
2380,154025387,154025887,500,0,100.0,0.0
2381,154025887,154026387,500,0,100.0,0.0
2382,154026387,154026887,500,0,100.0,0.0
2383,154026887,154027387,500,0,100.0,0.0
2384,154027387,154027887,500,0,100.0,0.0
2385,154027887,154028387,500,0,100.0,0.0
2386,154028387,154028887,500,0,100.0,0.0
2387,154028887,154029387,500,0,100.0,0.0
2388,154029387,154029887,500,0,100.0,0.0
2389,154029887,154030387,500,0,100.0,0.0
2390,154030387,154030887,500,0,100.0,0.0
2391,154030887,154031387,500,0,100.0,0.0
2392,154031387,154031887,500,0,100.0,0.0
2393,154031887,154032387,500,0,100.0,0.0
2394,154032387,154032887,500,0,100.0,0.0
2395,154032887,154033387,500,0,100.0,0.0
2396,154033387,154033887,500,0,100.0,0.0
2397,154033887,154034387,500,0,100.0,0.0
2398,154034387,154034887,500,0,100.0,0.0
2399,154034887,154035387,500,0,100.0,0.0
2400,154035387,154035887,500,0,100.0,0.0
2401,154035887,154036387,500,0,100.0,0.0
2402,154036387,154036887,500,0,100.0,0.0
2403,154036887,154037387,500,0,100.0,0.0
2404,154037387,154037887,500,0,100.0,0.0
2405,154037887,154038387,500,0,100.0,0.0
2406,154038387,154038887,500,0,100.0,0.0
2407,154038887,154039387,500,0,100.0,0.0
2408,154039387,154039887,500,0,100.0,0.0
2409,154039887,154040387,500,0,100.0,0.0
2410,154040387,154040887,500,0,100.0,0.0
2411,154040887,154041387,500,0,100.0,0.0
2412,154041387,154041887,500,0,100.0,0.0
2413,154041887,154042387,500,0,100.0,0.0
2414,154042387,154042887,500,0,100.0,0.0
2415,154042887,154043387,500,0,100.0,0.0
2416,154043387,154043887,500,0,100.0,0.0
2417,154043887,154044387,500,0,100.0,0.0
2418,154044387,154044887,500,0,100.0,0.0
2419,154044887,154045387,500,0,100.0,0.0
2420,154045387,154045887,500,0,100.0,0.0
2421,154045887,154046387,500,0,100.0,0.0
2422,154046387,154046887,500,0,100.0,0.0
2423,154046887,154047387,134,366,26.8,73.2
2424,154047387,154047887,7,493,1.4000000000000001,98.6
2425,154047887,154048387,77,423,15.4,84.6
2426,154048387,154048887,4,496,0.8,99.2
2427,154048887,154049387,408,92,81.6,18.400000000000006
2428,154049387,154049887,500,0,100.0,0.0
2429,154049887,154050387,500,0,100.0,0.0
2430,154050387,154050887,500,0,100.0,0.0
2431,154050887,154051387,500,0,100.0,0.0
2432,154051387,154051887,500,0,100.0,0.0
2433,154051887,154052387,500,0,100.0,0.0
2434,154052387,154052887,500,0,100.0,0.0
2435,154052887,154053387,500,0,100.0,0.0
2436,154053387,154053887,500,0,100.0,0.0
2437,154053887,154054387,500,0,100.0,0.0
2438,154054387,154054887,500,0,100.0,0.0
2439,154054887,154055387,500,0,100.0,0.0
2440,154055387,154055887,500,0,100.0,0.0
2441,154055887,154056387,500,0,100.0,0.0
2442,154056387,154056887,500,0,100.0,0.0
2443,154056887,154057387,500,0,100.0,0.0
2444,154057387,154057887,500,0,100.0,0.0
2445,154057887,154058387,500,0,100.0,0.0
2446,154058387,154058887,500,0,100.0,0.0
2447,154058887,154059387,500,0,100.0,0.0
2448,154059387,154059887,500,0,100.0,0.0
2449,154059887,154060387,500,0,100.0,0.0
2450,154060387,154060887,500,0,100.0,0.0
2451,154060887,154061387,500,0,100.0,0.0
2452,154061387,154061887,500,0,100.0,0.0
2453,154061887,154062387,500,0,100.0,0.0
2454,154062387,154062887,500,0,100.0,0.0
2455,154062887,154063387,500,0,100.0,0.0
2456,154063387,154063887,500,0,100.0,0.0
2457,154063887,154064387,500,0,100.0,0.0
2458,154064387,154064887,500,0,100.0,0.0
2459,154064887,154065387,500,0,100.0,0.0
2460,154065387,154065887,500,0,100.0,0.0
2461,154065887,154066387,500,0,100.0,0.0
2462,154066387,154066887,500,0,100.0,0.0
2463,154066887,154067387,500,0,100.0,0.0
2464,154067387,154067887,500,0,100.0,0.0
2465,154067887,154068387,500,0,100.0,0.0
2466,154068387,154068887,500,0,100.0,0.0
2467,154068887,154069387,500,0,100.0,0.0
2468,154069387,154069887,500,0,100.0,0.0
2469,154069887,154070387,500,0,100.0,0.0
2470,154070387,154070887,500,0,100.0,0.0
2471,154070887,154071387,500,0,100.0,0.0
2472,154071387,154071887,500,0,100.0,0.0
2473,154071887,154072387,500,0,100.0,0.0
2474,154072387,154072887,500,0,100.0,0.0
2475,154072887,154073387,500,0,100.0,0.0
2476,154073387,154073887,500,0,100.0,0.0
2477,154073887,154074387,500,0,100.0,0.0
2478,154074387,154074887,500,0,100.0,0.0
2479,154074887,154075387,500,0,100.0,0.0
2480,154075387,154075887,500,0,100.0,0.0
2481,154075887,154076387,500,0,100.0,0.0
2482,154076387,154076887,500,0,100.0,0.0
2483,154076887,154077387,500,0,100.0,0.0
2484,154077387,154077887,500,0,100.0,0.0
2485,154077887,154078387,500,0,100.0,0.0
2486,154078387,154078887,500,0,100.0,0.0
2487,154078887,154079387,500,0,100.0,0.0
2488,154079387,154079887,500,0,100.0,0.0
2489,154079887,154080387,500,0,100.0,0.0
2490,154080387,154080887,500,0,100.0,0.0
2491,154080887,154081387,500,0,100.0,0.0
2492,154081387,154081887,500,0,100.0,0.0
2493,154081887,154082387,500,0,100.0,0.0
2494,154082387,154082887,500,0,100.0,0.0
2495,154082887,154083387,500,0,100.0,0.0
2496,154083387,154083887,500,0,100.0,0.0
2497,154083887,154084387,500,0,100.0,0.0
2498,154084387,154084887,500,0,100.0,0.0
2499,154084887,154085387,500,0,100.0,0.0
2500,154085387,154085887,500,0,100.0,0.0
2501,154085887,154086387,500,0,100.0,0.0
2502,154086387,154086887,500,0,100.0,0.0
2503,154086887,154087387,500,0,100.0,0.0
2504,154087387,154087887,500,0,100.0,0.0
2505,154087887,154088387,217,283,43.4,56.6
2506,154088387,154088887,7,493,1.4000000000000001,98.6
2507,154088887,154089387,84,416,16.8,83.2
2508,154089387,154089887,4,496,0.8,99.2
2509,154089887,154090387,359,141,71.8,28.200000000000003
2510,154090387,154090887,500,0,100.0,0.0
2511,154090887,154091387,500,0,100.0,0.0
2512,154091387,154091887,500,0,100.0,0.0
2513,154091887,154092387,500,0,100.0,0.0
2514,154092387,154092887,500,0,100.0,0.0
2515,154092887,154093387,500,0,100.0,0.0
2516,154093387,154093887,500,0,100.0,0.0
2517,154093887,154094387,500,0,100.0,0.0
2518,154094387,154094887,500,0,100.0,0.0
2519,154094887,154095387,500,0,100.0,0.0
2520,154095387,154095887,500,0,100.0,0.0
2521,154095887,154096387,500,0,100.0,0.0
2522,154096387,154096887,500,0,100.0,0.0
2523,154096887,154097387,500,0,100.0,0.0
2524,154097387,154097887,500,0,100.0,0.0
2525,154097887,154098387,500,0,100.0,0.0
2526,154098387,154098887,500,0,100.0,0.0
2527,154098887,154099387,500,0,100.0,0.0
2528,154099387,154099887,500,0,100.0,0.0
2529,154099887,154100387,500,0,100.0,0.0
2530,154100387,154100887,500,0,100.0,0.0
2531,154100887,154101387,500,0,100.0,0.0
2532,154101387,154101887,500,0,100.0,0.0
2533,154101887,154102387,500,0,100.0,0.0
2534,154102387,154102887,500,0,100.0,0.0
2535,154102887,154103387,500,0,100.0,0.0
2536,154103387,154103887,500,0,100.0,0.0
2537,154103887,154104387,500,0,100.0,0.0
2538,154104387,154104887,500,0,100.0,0.0
2539,154104887,154105387,500,0,100.0,0.0
2540,154105387,154105887,500,0,100.0,0.0
2541,154105887,154106387,500,0,100.0,0.0
2542,154106387,154106887,500,0,100.0,0.0
2543,154106887,154107387,500,0,100.0,0.0
2544,154107387,154107887,500,0,100.0,0.0
2545,154107887,154108387,500,0,100.0,0.0
2546,154108387,154108887,500,0,100.0,0.0
2547,154108887,154109387,500,0,100.0,0.0
2548,154109387,154109887,500,0,100.0,0.0
2549,154109887,154110387,500,0,100.0,0.0
2550,154110387,154110887,500,0,100.0,0.0
2551,154110887,154111387,500,0,100.0,0.0
2552,154111387,154111887,500,0,100.0,0.0
2553,154111887,154112387,500,0,100.0,0.0
2554,154112387,154112887,500,0,100.0,0.0
2555,154112887,154113387,500,0,100.0,0.0
2556,154113387,154113887,500,0,100.0,0.0
2557,154113887,154114387,500,0,100.0,0.0
2558,154114387,154114887,500,0,100.0,0.0
2559,154114887,154115387,500,0,100.0,0.0
2560,154115387,154115887,500,0,100.0,0.0
2561,154115887,154116387,500,0,100.0,0.0
2562,154116387,154116887,500,0,100.0,0.0
2563,154116887,154117387,500,0,100.0,0.0
2564,154117387,154117887,500,0,100.0,0.0
2565,154117887,154118387,500,0,100.0,0.0
2566,154118387,154118887,500,0,100.0,0.0
2567,154118887,154119387,500,0,100.0,0.0
2568,154119387,154119887,500,0,100.0,0.0
2569,154119887,154120387,500,0,100.0,0.0
2570,154120387,154120887,500,0,100.0,0.0
2571,154120887,154121387,500,0,100.0,0.0
2572,154121387,154121887,500,0,100.0,0.0
2573,154121887,154122387,500,0,100.0,0.0
2574,154122387,154122887,500,0,100.0,0.0
2575,154122887,154123387,500,0,100.0,0.0
2576,154123387,154123887,500,0,100.0,0.0
2577,154123887,154124387,500,0,100.0,0.0
2578,154124387,154124887,500,0,100.0,0.0
2579,154124887,154125387,500,0,100.0,0.0
2580,154125387,154125887,500,0,100.0,0.0
2581,154125887,154126387,500,0,100.0,0.0
2582,154126387,154126887,500,0,100.0,0.0
2583,154126887,154127387,500,0,100.0,0.0
2584,154127387,154127887,500,0,100.0,0.0
2585,154127887,154128387,500,0,100.0,0.0
2586,154128387,154128887,329,171,65.8,34.2
2587,154128887,154129387,10,490,2.0,98.0
2588,154129387,154129887,76,424,15.2,84.8
2589,154129887,154130387,4,496,0.8,99.2
2590,154130387,154130887,336,164,67.2,32.8
2591,154130887,154131387,500,0,100.0,0.0
2592,154131387,154131887,500,0,100.0,0.0
2593,154131887,154132387,500,0,100.0,0.0
2594,154132387,154132887,500,0,100.0,0.0
2595,154132887,154133387,500,0,100.0,0.0
2596,154133387,154133887,500,0,100.0,0.0
2597,154133887,154134387,500,0,100.0,0.0
2598,154134387,154134887,500,0,100.0,0.0
2599,154134887,154135387,500,0,100.0,0.0
2600,154135387,154135887,500,0,100.0,0.0
2601,154135887,154136387,500,0,100.0,0.0
2602,154136387,154136887,500,0,100.0,0.0
2603,154136887,154137387,500,0,100.0,0.0
2604,154137387,154137887,500,0,100.0,0.0
2605,154137887,154138387,500,0,100.0,0.0
2606,154138387,154138887,500,0,100.0,0.0
2607,154138887,154139387,500,0,100.0,0.0
2608,154139387,154139887,500,0,100.0,0.0
2609,154139887,154140387,500,0,100.0,0.0
2610,154140387,154140887,500,0,100.0,0.0
2611,154140887,154141387,500,0,100.0,0.0
2612,154141387,154141887,500,0,100.0,0.0
2613,154141887,154142387,500,0,100.0,0.0
2614,154142387,154142887,500,0,100.0,0.0
2615,154142887,154143387,500,0,100.0,0.0
2616,154143387,154143887,500,0,100.0,0.0
2617,154143887,154144387,500,0,100.0,0.0
2618,154144387,154144887,500,0,100.0,0.0
2619,154144887,154145387,500,0,100.0,0.0
2620,154145387,154145887,500,0,100.0,0.0
2621,154145887,154146387,500,0,100.0,0.0
2622,154146387,154146887,500,0,100.0,0.0
2623,154146887,154147387,500,0,100.0,0.0
2624,154147387,154147887,500,0,100.0,0.0
2625,154147887,154148387,500,0,100.0,0.0
2626,154148387,154148887,500,0,100.0,0.0
2627,154148887,154149387,500,0,100.0,0.0
2628,154149387,154149887,500,0,100.0,0.0
2629,154149887,154150387,500,0,100.0,0.0
2630,154150387,154150887,500,0,100.0,0.0
2631,154150887,154151387,500,0,100.0,0.0
2632,154151387,154151887,500,0,100.0,0.0
2633,154151887,154152387,500,0,100.0,0.0
2634,154152387,154152887,500,0,100.0,0.0
2635,154152887,154153387,500,0,100.0,0.0
2636,154153387,154153887,500,0,100.0,0.0
2637,154153887,154154387,500,0,100.0,0.0
2638,154154387,154154887,500,0,100.0,0.0
2639,154154887,154155387,500,0,100.0,0.0
2640,154155387,154155887,500,0,100.0,0.0
2641,154155887,154156387,500,0,100.0,0.0
2642,154156387,154156887,500,0,100.0,0.0
2643,154156887,154157387,500,0,100.0,0.0
2644,154157387,154157887,500,0,100.0,0.0
2645,154157887,154158387,500,0,100.0,0.0
2646,154158387,154158887,500,0,100.0,0.0
2647,154158887,154159387,500,0,100.0,0.0
2648,154159387,154159887,500,0,100.0,0.0
2649,154159887,154160387,500,0,100.0,0.0
2650,154160387,154160887,500,0,100.0,0.0
2651,154160887,154161387,500,0,100.0,0.0
2652,154161387,154161887,500,0,100.0,0.0
2653,154161887,154162387,500,0,100.0,0.0
2654,154162387,154162887,500,0,100.0,0.0
2655,154162887,154163387,500,0,100.0,0.0
2656,154163387,154163887,500,0,100.0,0.0
2657,154163887,154164387,500,0,100.0,0.0
2658,154164387,154164887,500,0,100.0,0.0
2659,154164887,154165387,500,0,100.0,0.0
2660,154165387,154165887,500,0,100.0,0.0
2661,154165887,154166387,351,149,70.19999999999999,29.80000000000001
2662,154166387,154166887,10,490,2.0,98.0
2663,154166887,154167387,85,415,17.0,83.0
2664,154167387,154167887,4,496,0.8,99.2
2665,154167887,154168387,337,163,67.4,32.599999999999994
2666,154168387,154168887,500,0,100.0,0.0
2667,154168887,154169387,500,0,100.0,0.0
2668,154169387,154169887,500,0,100.0,0.0
2669,154169887,154170387,500,0,100.0,0.0
2670,154170387,154170887,500,0,100.0,0.0
2671,154170887,154171387,500,0,100.0,0.0
2672,154171387,154171887,500,0,100.0,0.0
2673,154171887,154172387,500,0,100.0,0.0
2674,154172387,154172887,500,0,100.0,0.0
2675,154172887,154173387,500,0,100.0,0.0
2676,154173387,154173887,500,0,100.0,0.0
2677,154173887,154174387,500,0,100.0,0.0
2678,154174387,154174887,500,0,100.0,0.0
2679,154174887,154175387,500,0,100.0,0.0
2680,154175387,154175887,500,0,100.0,0.0
2681,154175887,154176387,500,0,100.0,0.0
2682,154176387,154176887,500,0,100.0,0.0
2683,154176887,154177387,500,0,100.0,0.0
2684,154177387,154177887,500,0,100.0,0.0
2685,154177887,154178387,500,0,100.0,0.0
2686,154178387,154178887,500,0,100.0,0.0
2687,154178887,154179387,500,0,100.0,0.0
2688,154179387,154179887,500,0,100.0,0.0
2689,154179887,154180387,500,0,100.0,0.0
2690,154180387,154180887,500,0,100.0,0.0
2691,154180887,154181387,500,0,100.0,0.0
2692,154181387,154181887,500,0,100.0,0.0
2693,154181887,154182387,500,0,100.0,0.0
2694,154182387,154182887,500,0,100.0,0.0
2695,154182887,154183387,500,0,100.0,0.0
2696,154183387,154183887,500,0,100.0,0.0
2697,154183887,154184387,500,0,100.0,0.0
2698,154184387,154184887,500,0,100.0,0.0
2699,154184887,154185387,500,0,100.0,0.0
2700,154185387,154185887,500,0,100.0,0.0
2701,154185887,154186387,500,0,100.0,0.0
2702,154186387,154186887,500,0,100.0,0.0
2703,154186887,154187387,500,0,100.0,0.0
2704,154187387,154187887,500,0,100.0,0.0
2705,154187887,154188387,500,0,100.0,0.0
2706,154188387,154188887,500,0,100.0,0.0
2707,154188887,154189387,500,0,100.0,0.0
2708,154189387,154189887,500,0,100.0,0.0
2709,154189887,154190387,500,0,100.0,0.0
2710,154190387,154190887,500,0,100.0,0.0
2711,154190887,154191387,500,0,100.0,0.0
2712,154191387,154191887,500,0,100.0,0.0
2713,154191887,154192387,500,0,100.0,0.0
2714,154192387,154192887,500,0,100.0,0.0
2715,154192887,154193387,500,0,100.0,0.0
2716,154193387,154193887,500,0,100.0,0.0
2717,154193887,154194387,500,0,100.0,0.0
2718,154194387,154194887,500,0,100.0,0.0
2719,154194887,154195387,500,0,100.0,0.0
2720,154195387,154195887,500,0,100.0,0.0
2721,154195887,154196387,500,0,100.0,0.0
2722,154196387,154196887,500,0,100.0,0.0
2723,154196887,154197387,500,0,100.0,0.0
2724,154197387,154197887,500,0,100.0,0.0
2725,154197887,154198387,500,0,100.0,0.0
2726,154198387,154198887,500,0,100.0,0.0
2727,154198887,154199387,500,0,100.0,0.0
2728,154199387,154199887,500,0,100.0,0.0
2729,154199887,154200387,500,0,100.0,0.0
2730,154200387,154200887,500,0,100.0,0.0
2731,154200887,154201387,500,0,100.0,0.0
2732,154201387,154201887,500,0,100.0,0.0
2733,154201887,154202387,500,0,100.0,0.0
2734,154202387,154202887,500,0,100.0,0.0
2735,154202887,154203387,500,0,100.0,0.0
2736,154203387,154203887,500,0,100.0,0.0
2737,154203887,154204387,500,0,100.0,0.0
2738,154204387,154204887,500,0,100.0,0.0
2739,154204887,154205387,500,0,100.0,0.0
2740,154205387,154205887,197,303,39.4,60.6
2741,154205887,154206387,8,492,1.6,98.4
2742,154206387,154206887,87,413,17.4,82.6
2743,154206887,154207387,5,495,1.0,99.0
2744,154207387,154207887,385,115,77.0,23.0
2745,154207887,154208387,500,0,100.0,0.0
2746,154208387,154208887,500,0,100.0,0.0
2747,154208887,154209387,500,0,100.0,0.0
2748,154209387,154209887,500,0,100.0,0.0
2749,154209887,154210387,500,0,100.0,0.0
2750,154210387,154210887,500,0,100.0,0.0
2751,154210887,154211387,500,0,100.0,0.0
2752,154211387,154211887,500,0,100.0,0.0
2753,154211887,154212387,500,0,100.0,0.0
2754,154212387,154212887,500,0,100.0,0.0
2755,154212887,154213387,500,0,100.0,0.0
2756,154213387,154213887,500,0,100.0,0.0
2757,154213887,154214387,500,0,100.0,0.0
2758,154214387,154214887,500,0,100.0,0.0
2759,154214887,154215387,500,0,100.0,0.0
2760,154215387,154215887,500,0,100.0,0.0
2761,154215887,154216387,500,0,100.0,0.0
2762,154216387,154216887,500,0,100.0,0.0
2763,154216887,154217387,500,0,100.0,0.0
2764,154217387,154217887,500,0,100.0,0.0
2765,154217887,154218387,500,0,100.0,0.0
2766,154218387,154218887,500,0,100.0,0.0
2767,154218887,154219387,500,0,100.0,0.0
2768,154219387,154219887,500,0,100.0,0.0
2769,154219887,154220387,500,0,100.0,0.0
2770,154220387,154220887,500,0,100.0,0.0
2771,154220887,154221387,500,0,100.0,0.0
2772,154221387,154221887,500,0,100.0,0.0
2773,154221887,154222387,500,0,100.0,0.0
2774,154222387,154222887,500,0,100.0,0.0
2775,154222887,154223387,500,0,100.0,0.0
2776,154223387,154223887,500,0,100.0,0.0
2777,154223887,154224387,500,0,100.0,0.0
2778,154224387,154224887,500,0,100.0,0.0
2779,154224887,154225387,500,0,100.0,0.0
2780,154225387,154225887,500,0,100.0,0.0
2781,154225887,154226387,500,0,100.0,0.0
2782,154226387,154226887,500,0,100.0,0.0
2783,154226887,154227387,500,0,100.0,0.0
2784,154227387,154227887,500,0,100.0,0.0
2785,154227887,154228387,500,0,100.0,0.0
2786,154228387,154228887,500,0,100.0,0.0
2787,154228887,154229387,500,0,100.0,0.0
2788,154229387,154229887,500,0,100.0,0.0
2789,154229887,154230387,500,0,100.0,0.0
2790,154230387,154230887,500,0,100.0,0.0
2791,154230887,154231387,500,0,100.0,0.0
2792,154231387,154231887,500,0,100.0,0.0
2793,154231887,154232387,500,0,100.0,0.0
2794,154232387,154232887,500,0,100.0,0.0
2795,154232887,154233387,500,0,100.0,0.0
2796,154233387,154233887,500,0,100.0,0.0
2797,154233887,154234387,500,0,100.0,0.0
2798,154234387,154234887,500,0,100.0,0.0
2799,154234887,154235387,500,0,100.0,0.0
2800,154235387,154235887,500,0,100.0,0.0
2801,154235887,154236387,500,0,100.0,0.0
2802,154236387,154236887,500,0,100.0,0.0
2803,154236887,154237387,500,0,100.0,0.0
2804,154237387,154237887,500,0,100.0,0.0
2805,154237887,154238387,500,0,100.0,0.0
2806,154238387,154238887,500,0,100.0,0.0
2807,154238887,154239387,500,0,100.0,0.0
2808,154239387,154239887,500,0,100.0,0.0
2809,154239887,154240387,500,0,100.0,0.0
2810,154240387,154240887,500,0,100.0,0.0
2811,154240887,154241387,500,0,100.0,0.0
2812,154241387,154241887,500,0,100.0,0.0
2813,154241887,154242387,500,0,100.0,0.0
2814,154242387,154242887,500,0,100.0,0.0
2815,154242887,154243387,500,0,100.0,0.0
2816,154243387,154243887,500,0,100.0,0.0
2817,154243887,154244387,500,0,100.0,0.0
2818,154244387,154244887,500,0,100.0,0.0
2819,154244887,154245387,355,145,71.0,29.0
2820,154245387,154245887,9,491,1.7999999999999998,98.2
2821,154245887,154246387,55,445,11.0,89.0
2822,154246387,154246887,28,472,5.6000000000000005,94.4
2823,154246887,154247387,190,310,38.0,62.0
2824,154247387,154247887,500,0,100.0,0.0
2825,154247887,154248387,500,0,100.0,0.0
2826,154248387,154248887,500,0,100.0,0.0
2827,154248887,154249387,500,0,100.0,0.0
2828,154249387,154249887,500,0,100.0,0.0
2829,154249887,154250387,500,0,100.0,0.0
2830,154250387,154250887,500,0,100.0,0.0
2831,154250887,154251387,500,0,100.0,0.0
2832,154251387,154251887,500,0,100.0,0.0
2833,154251887,154252387,500,0,100.0,0.0
2834,154252387,154252887,500,0,100.0,0.0
2835,154252887,154253387,500,0,100.0,0.0
2836,154253387,154253887,500,0,100.0,0.0
2837,154253887,154254387,500,0,100.0,0.0
2838,154254387,154254887,500,0,100.0,0.0
2839,154254887,154255387,500,0,100.0,0.0
2840,154255387,154255887,500,0,100.0,0.0
2841,154255887,154256387,500,0,100.0,0.0
2842,154256387,154256887,500,0,100.0,0.0
2843,154256887,154257387,500,0,100.0,0.0
2844,154257387,154257887,500,0,100.0,0.0
2845,154257887,154258387,500,0,100.0,0.0
2846,154258387,154258887,500,0,100.0,0.0
2847,154258887,154259387,500,0,100.0,0.0
2848,154259387,154259887,500,0,100.0,0.0
2849,154259887,154260387,500,0,100.0,0.0
2850,154260387,154260887,500,0,100.0,0.0
2851,154260887,154261387,500,0,100.0,0.0
2852,154261387,154261887,500,0,100.0,0.0
2853,154261887,154262387,500,0,100.0,0.0
2854,154262387,154262887,500,0,100.0,0.0
2855,154262887,154263387,500,0,100.0,0.0
2856,154263387,154263887,500,0,100.0,0.0
2857,154263887,154264387,500,0,100.0,0.0
2858,154264387,154264887,500,0,100.0,0.0
2859,154264887,154265387,500,0,100.0,0.0
2860,154265387,154265887,500,0,100.0,0.0
2861,154265887,154266387,500,0,100.0,0.0
2862,154266387,154266887,500,0,100.0,0.0
2863,154266887,154267387,500,0,100.0,0.0
2864,154267387,154267887,500,0,100.0,0.0
2865,154267887,154268387,500,0,100.0,0.0
2866,154268387,154268887,500,0,100.0,0.0
2867,154268887,154269387,500,0,100.0,0.0
2868,154269387,154269887,500,0,100.0,0.0
2869,154269887,154270387,500,0,100.0,0.0
2870,154270387,154270887,500,0,100.0,0.0
2871,154270887,154271387,500,0,100.0,0.0
2872,154271387,154271887,500,0,100.0,0.0
2873,154271887,154272387,500,0,100.0,0.0
2874,154272387,154272887,500,0,100.0,0.0
2875,154272887,154273387,500,0,100.0,0.0
2876,154273387,154273887,500,0,100.0,0.0
2877,154273887,154274387,500,0,100.0,0.0
2878,154274387,154274887,500,0,100.0,0.0
2879,154274887,154275387,500,0,100.0,0.0
2880,154275387,154275887,500,0,100.0,0.0
2881,154275887,154276387,500,0,100.0,0.0
2882,154276387,154276887,500,0,100.0,0.0
2883,154276887,154277387,500,0,100.0,0.0
2884,154277387,154277887,500,0,100.0,0.0
2885,154277887,154278387,500,0,100.0,0.0
2886,154278387,154278887,500,0,100.0,0.0
2887,154278887,154279387,500,0,100.0,0.0
2888,154279387,154279887,500,0,100.0,0.0
2889,154279887,154280387,500,0,100.0,0.0
2890,154280387,154280887,500,0,100.0,0.0
2891,154280887,154281387,500,0,100.0,0.0
2892,154281387,154281887,500,0,100.0,0.0
2893,154281887,154282387,500,0,100.0,0.0
2894,154282387,154282887,500,0,100.0,0.0
2895,154282887,154283387,500,0,100.0,0.0
2896,154283387,154283887,500,0,100.0,0.0
2897,154283887,154284387,500,0,100.0,0.0
2898,154284387,154284887,500,0,100.0,0.0
2899,154284887,154285387,500,0,100.0,0.0
2900,154285387,154285887,500,0,100.0,0.0
2901,154285887,154286387,500,0,100.0,0.0
2902,154286387,154286887,500,0,100.0,0.0
2903,154286887,154287387,500,0,100.0,0.0
2904,154287387,154287887,500,0,100.0,0.0
2905,154287887,154288387,500,0,100.0,0.0
2906,154288387,154288887,500,0,100.0,0.0
2907,154288887,154289387,500,0,100.0,0.0
2908,154289387,154289887,500,0,100.0,0.0
2909,154289887,154290387,500,0,100.0,0.0
2910,154290387,154290887,500,0,100.0,0.0
2911,154290887,154291387,500,0,100.0,0.0
2912,154291387,154291887,500,0,100.0,0.0
2913,154291887,154292387,303,197,60.6,39.4
2914,154292387,154292887,6,494,1.2,98.8
2915,154292887,154293387,88,412,17.599999999999998,82.4
2916,154293387,154293887,4,496,0.8,99.2
2917,154293887,154294387,311,189,62.2,37.8
2918,154294387,154294887,500,0,100.0,0.0
2919,154294887,154295387,500,0,100.0,0.0
2920,154295387,154295887,500,0,100.0,0.0
2921,154295887,154296387,500,0,100.0,0.0
2922,154296387,154296887,500,0,100.0,0.0
2923,154296887,154297387,500,0,100.0,0.0
2924,154297387,154297887,500,0,100.0,0.0
2925,154297887,154298387,500,0,100.0,0.0
2926,154298387,154298887,500,0,100.0,0.0
2927,154298887,154299387,500,0,100.0,0.0
2928,154299387,154299887,500,0,100.0,0.0
2929,154299887,154300387,500,0,100.0,0.0
2930,154300387,154300887,500,0,100.0,0.0
2931,154300887,154301387,500,0,100.0,0.0
2932,154301387,154301887,500,0,100.0,0.0
2933,154301887,154302387,500,0,100.0,0.0
2934,154302387,154302887,500,0,100.0,0.0
2935,154302887,154303387,500,0,100.0,0.0
2936,154303387,154303887,500,0,100.0,0.0
2937,154303887,154304387,500,0,100.0,0.0
2938,154304387,154304887,500,0,100.0,0.0
2939,154304887,154305387,500,0,100.0,0.0
2940,154305387,154305887,500,0,100.0,0.0
2941,154305887,154306387,500,0,100.0,0.0
2942,154306387,154306887,500,0,100.0,0.0
2943,154306887,154307387,500,0,100.0,0.0
2944,154307387,154307887,500,0,100.0,0.0
2945,154307887,154308387,500,0,100.0,0.0
2946,154308387,154308887,500,0,100.0,0.0
2947,154308887,154309387,500,0,100.0,0.0
2948,154309387,154309887,500,0,100.0,0.0
2949,154309887,154310387,500,0,100.0,0.0
2950,154310387,154310887,500,0,100.0,0.0
2951,154310887,154311387,500,0,100.0,0.0
2952,154311387,154311887,500,0,100.0,0.0
2953,154311887,154312387,500,0,100.0,0.0
2954,154312387,154312887,500,0,100.0,0.0
2955,154312887,154313387,500,0,100.0,0.0
2956,154313387,154313887,500,0,100.0,0.0
2957,154313887,154314387,500,0,100.0,0.0
2958,154314387,154314887,500,0,100.0,0.0
2959,154314887,154315387,500,0,100.0,0.0
2960,154315387,154315887,500,0,100.0,0.0
2961,154315887,154316387,500,0,100.0,0.0
2962,154316387,154316887,500,0,100.0,0.0
2963,154316887,154317387,500,0,100.0,0.0
2964,154317387,154317887,500,0,100.0,0.0
2965,154317887,154318387,500,0,100.0,0.0
2966,154318387,154318887,500,0,100.0,0.0
2967,154318887,154319387,500,0,100.0,0.0
2968,154319387,154319887,500,0,100.0,0.0
2969,154319887,154320387,500,0,100.0,0.0
2970,154320387,154320887,500,0,100.0,0.0
2971,154320887,154321387,500,0,100.0,0.0
2972,154321387,154321887,500,0,100.0,0.0
2973,154321887,154322387,500,0,100.0,0.0
2974,154322387,154322887,500,0,100.0,0.0
2975,154322887,154323387,500,0,100.0,0.0
2976,154323387,154323887,500,0,100.0,0.0
2977,154323887,154324387,500,0,100.0,0.0
2978,154324387,154324887,500,0,100.0,0.0
2979,154324887,154325387,500,0,100.0,0.0
2980,154325387,154325887,500,0,100.0,0.0
2981,154325887,154326387,500,0,100.0,0.0
2982,154326387,154326887,500,0,100.0,0.0
2983,154326887,154327387,500,0,100.0,0.0
2984,154327387,154327887,500,0,100.0,0.0
2985,154327887,154328387,500,0,100.0,0.0
2986,154328387,154328887,500,0,100.0,0.0
2987,154328887,154329387,500,0,100.0,0.0
2988,154329387,154329887,500,0,100.0,0.0
2989,154329887,154330387,171,329,34.2,65.8
2990,154330387,154330887,5,495,1.0,99.0
2991,154330887,154331387,70,430,14.000000000000002,86.0
2992,154331387,154331887,121,379,24.2,75.8
2993,154331887,154332387,500,0,100.0,0.0
2994,154332387,154332887,500,0,100.0,0.0
2995,154332887,154333387,500,0,100.0,0.0
2996,154333387,154333887,500,0,100.0,0.0
2997,154333887,154334387,500,0,100.0,0.0
2998,154334387,154334887,500,0,100.0,0.0
2999,154334887,154335387,500,0,100.0,0.0
3000,154335387,154335887,500,0,100.0,0.0
3001,154335887,154336387,500,0,100.0,0.0
3002,154336387,154336887,500,0,100.0,0.0
3003,154336887,154337387,500,0,100.0,0.0
3004,154337387,154337887,500,0,100.0,0.0
3005,154337887,154338387,500,0,100.0,0.0
3006,154338387,154338887,500,0,100.0,0.0
3007,154338887,154339387,500,0,100.0,0.0
3008,154339387,154339887,500,0,100.0,0.0
3009,154339887,154340387,500,0,100.0,0.0
3010,154340387,154340887,500,0,100.0,0.0
3011,154340887,154341387,500,0,100.0,0.0
3012,154341387,154341887,500,0,100.0,0.0
3013,154341887,154342387,500,0,100.0,0.0
3014,154342387,154342887,500,0,100.0,0.0
3015,154342887,154343387,500,0,100.0,0.0
3016,154343387,154343887,500,0,100.0,0.0
3017,154343887,154344387,500,0,100.0,0.0
3018,154344387,154344887,500,0,100.0,0.0
3019,154344887,154345387,500,0,100.0,0.0
3020,154345387,154345887,500,0,100.0,0.0
3021,154345887,154346387,500,0,100.0,0.0
3022,154346387,154346887,500,0,100.0,0.0
3023,154346887,154347387,500,0,100.0,0.0
3024,154347387,154347887,500,0,100.0,0.0
3025,154347887,154348387,500,0,100.0,0.0
3026,154348387,154348887,500,0,100.0,0.0
3027,154348887,154349387,500,0,100.0,0.0
3028,154349387,154349887,500,0,100.0,0.0
3029,154349887,154350387,500,0,100.0,0.0
3030,154350387,154350887,500,0,100.0,0.0
3031,154350887,154351387,500,0,100.0,0.0
3032,154351387,154351887,500,0,100.0,0.0
3033,154351887,154352387,500,0,100.0,0.0
3034,154352387,154352887,500,0,100.0,0.0
3035,154352887,154353387,500,0,100.0,0.0
3036,154353387,154353887,500,0,100.0,0.0
3037,154353887,154354387,500,0,100.0,0.0
3038,154354387,154354887,500,0,100.0,0.0
3039,154354887,154355387,500,0,100.0,0.0
3040,154355387,154355887,500,0,100.0,0.0
3041,154355887,154356387,500,0,100.0,0.0
3042,154356387,154356887,500,0,100.0,0.0
3043,154356887,154357387,500,0,100.0,0.0
3044,154357387,154357887,500,0,100.0,0.0
3045,154357887,154358387,500,0,100.0,0.0
3046,154358387,154358887,500,0,100.0,0.0
3047,154358887,154359387,500,0,100.0,0.0
3048,154359387,154359887,500,0,100.0,0.0
3049,154359887,154360387,500,0,100.0,0.0
3050,154360387,154360887,500,0,100.0,0.0
3051,154360887,154361387,500,0,100.0,0.0
3052,154361387,154361887,500,0,100.0,0.0
3053,154361887,154362387,500,0,100.0,0.0
3054,154362387,154362887,500,0,100.0,0.0
3055,154362887,154363387,500,0,100.0,0.0
3056,154363387,154363887,500,0,100.0,0.0
3057,154363887,154364387,500,0,100.0,0.0
3058,154364387,154364887,500,0,100.0,0.0
3059,154364887,154365387,500,0,100.0,0.0
3060,154365387,154365887,500,0,100.0,0.0
3061,154365887,154366387,500,0,100.0,0.0
3062,154366387,154366887,500,0,100.0,0.0
3063,154366887,154367387,500,0,100.0,0.0
3064,154367387,154367887,500,0,100.0,0.0
3065,154367887,154368387,500,0,100.0,0.0
3066,154368387,154368887,500,0,100.0,0.0
3067,154368887,154369387,88,412,17.599999999999998,82.4
3068,154369387,154369887,5,495,1.0,99.0
3069,154369887,154370387,81,419,16.2,83.8
3070,154370387,154370887,278,222,55.60000000000001,44.39999999999999
3071,154370887,154371387,500,0,100.0,0.0
3072,154371387,154371887,500,0,100.0,0.0
3073,154371887,154372387,500,0,100.0,0.0
3074,154372387,154372887,500,0,100.0,0.0
3075,154372887,154373387,500,0,100.0,0.0
3076,154373387,154373887,500,0,100.0,0.0
3077,154373887,154374387,500,0,100.0,0.0
3078,154374387,154374887,500,0,100.0,0.0
3079,154374887,154375387,500,0,100.0,0.0
3080,154375387,154375887,500,0,100.0,0.0
3081,154375887,154376387,500,0,100.0,0.0
3082,154376387,154376887,500,0,100.0,0.0
3083,154376887,154377387,500,0,100.0,0.0
3084,154377387,154377887,500,0,100.0,0.0
3085,154377887,154378387,500,0,100.0,0.0
3086,154378387,154378887,500,0,100.0,0.0
3087,154378887,154379387,500,0,100.0,0.0
3088,154379387,154379887,500,0,100.0,0.0
3089,154379887,154380387,500,0,100.0,0.0
3090,154380387,154380887,500,0,100.0,0.0
3091,154380887,154381387,500,0,100.0,0.0
3092,154381387,154381887,500,0,100.0,0.0
3093,154381887,154382387,500,0,100.0,0.0
3094,154382387,154382887,500,0,100.0,0.0
3095,154382887,154383387,500,0,100.0,0.0
3096,154383387,154383887,500,0,100.0,0.0
3097,154383887,154384387,500,0,100.0,0.0
3098,154384387,154384887,500,0,100.0,0.0
3099,154384887,154385387,500,0,100.0,0.0
3100,154385387,154385887,500,0,100.0,0.0
3101,154385887,154386387,500,0,100.0,0.0
3102,154386387,154386887,500,0,100.0,0.0
3103,154386887,154387387,500,0,100.0,0.0
3104,154387387,154387887,500,0,100.0,0.0
3105,154387887,154388387,500,0,100.0,0.0
3106,154388387,154388887,500,0,100.0,0.0
3107,154388887,154389387,500,0,100.0,0.0
3108,154389387,154389887,500,0,100.0,0.0
3109,154389887,154390387,500,0,100.0,0.0
3110,154390387,154390887,500,0,100.0,0.0
3111,154390887,154391387,500,0,100.0,0.0
3112,154391387,154391887,500,0,100.0,0.0
3113,154391887,154392387,500,0,100.0,0.0
3114,154392387,154392887,500,0,100.0,0.0
3115,154392887,154393387,500,0,100.0,0.0
3116,154393387,154393887,500,0,100.0,0.0
3117,154393887,154394387,500,0,100.0,0.0
3118,154394387,154394887,500,0,100.0,0.0
3119,154394887,154395387,500,0,100.0,0.0
3120,154395387,154395887,500,0,100.0,0.0
3121,154395887,154396387,500,0,100.0,0.0
3122,154396387,154396887,500,0,100.0,0.0
3123,154396887,154397387,500,0,100.0,0.0
3124,154397387,154397887,500,0,100.0,0.0
3125,154397887,154398387,500,0,100.0,0.0
3126,154398387,154398887,500,0,100.0,0.0
3127,154398887,154399387,500,0,100.0,0.0
3128,154399387,154399887,500,0,100.0,0.0
3129,154399887,154400387,500,0,100.0,0.0
3130,154400387,154400887,500,0,100.0,0.0
3131,154400887,154401387,500,0,100.0,0.0
3132,154401387,154401887,500,0,100.0,0.0
3133,154401887,154402387,500,0,100.0,0.0
3134,154402387,154402887,500,0,100.0,0.0
3135,154402887,154403387,500,0,100.0,0.0
3136,154403387,154403887,500,0,100.0,0.0
3137,154403887,154404387,500,0,100.0,0.0
3138,154404387,154404887,500,0,100.0,0.0
3139,154404887,154405387,500,0,100.0,0.0
3140,154405387,154405887,500,0,100.0,0.0
3141,154405887,154406387,500,0,100.0,0.0
3142,154406387,154406887,500,0,100.0,0.0
3143,154406887,154407387,205,295,41.0,59.0
3144,154407387,154407887,5,495,1.0,99.0
3145,154407887,154408387,74,426,14.799999999999999,85.2
3146,154408387,154408887,4,496,0.8,99.2
3147,154408887,154409387,452,48,90.4,9.599999999999994
3148,154409387,154409887,500,0,100.0,0.0
3149,154409887,154410387,500,0,100.0,0.0
3150,154410387,154410887,500,0,100.0,0.0
3151,154410887,154411387,500,0,100.0,0.0
3152,154411387,154411887,500,0,100.0,0.0
3153,154411887,154412387,500,0,100.0,0.0
3154,154412387,154412887,500,0,100.0,0.0
3155,154412887,154413387,500,0,100.0,0.0
3156,154413387,154413887,500,0,100.0,0.0
3157,154413887,154414387,500,0,100.0,0.0
3158,154414387,154414887,500,0,100.0,0.0
3159,154414887,154415387,500,0,100.0,0.0
3160,154415387,154415887,500,0,100.0,0.0
3161,154415887,154416387,500,0,100.0,0.0
3162,154416387,154416887,500,0,100.0,0.0
3163,154416887,154417387,500,0,100.0,0.0
3164,154417387,154417887,500,0,100.0,0.0
3165,154417887,154418387,500,0,100.0,0.0
3166,154418387,154418887,500,0,100.0,0.0
3167,154418887,154419387,500,0,100.0,0.0
3168,154419387,154419887,500,0,100.0,0.0
3169,154419887,154420387,500,0,100.0,0.0
3170,154420387,154420887,500,0,100.0,0.0
3171,154420887,154421387,500,0,100.0,0.0
3172,154421387,154421887,500,0,100.0,0.0
3173,154421887,154422387,500,0,100.0,0.0
3174,154422387,154422887,500,0,100.0,0.0
3175,154422887,154423387,500,0,100.0,0.0
3176,154423387,154423887,500,0,100.0,0.0
3177,154423887,154424387,500,0,100.0,0.0
3178,154424387,154424887,500,0,100.0,0.0
3179,154424887,154425387,500,0,100.0,0.0
3180,154425387,154425887,500,0,100.0,0.0
3181,154425887,154426387,500,0,100.0,0.0
3182,154426387,154426887,500,0,100.0,0.0
3183,154426887,154427387,500,0,100.0,0.0
3184,154427387,154427887,500,0,100.0,0.0
3185,154427887,154428387,500,0,100.0,0.0
3186,154428387,154428887,500,0,100.0,0.0
3187,154428887,154429387,500,0,100.0,0.0
3188,154429387,154429887,500,0,100.0,0.0
3189,154429887,154430387,500,0,100.0,0.0
3190,154430387,154430887,500,0,100.0,0.0
3191,154430887,154431387,500,0,100.0,0.0
3192,154431387,154431887,500,0,100.0,0.0
3193,154431887,154432387,500,0,100.0,0.0
3194,154432387,154432887,500,0,100.0,0.0
3195,154432887,154433387,500,0,100.0,0.0
3196,154433387,154433887,500,0,100.0,0.0
3197,154433887,154434387,500,0,100.0,0.0
3198,154434387,154434887,500,0,100.0,0.0
3199,154434887,154435387,500,0,100.0,0.0
3200,154435387,154435887,500,0,100.0,0.0
3201,154435887,154436387,500,0,100.0,0.0
3202,154436387,154436887,500,0,100.0,0.0
3203,154436887,154437387,500,0,100.0,0.0
3204,154437387,154437887,500,0,100.0,0.0
3205,154437887,154438387,500,0,100.0,0.0
3206,154438387,154438887,500,0,100.0,0.0
3207,154438887,154439387,500,0,100.0,0.0
3208,154439387,154439887,500,0,100.0,0.0
3209,154439887,154440387,500,0,100.0,0.0
3210,154440387,154440887,500,0,100.0,0.0
3211,154440887,154441387,500,0,100.0,0.0
3212,154441387,154441887,500,0,100.0,0.0
3213,154441887,154442387,500,0,100.0,0.0
3214,154442387,154442887,500,0,100.0,0.0
3215,154442887,154443387,500,0,100.0,0.0
3216,154443387,154443887,500,0,100.0,0.0
3217,154443887,154444387,500,0,100.0,0.0
3218,154444387,154444887,500,0,100.0,0.0
3219,154444887,154445387,324,176,64.8,35.2
3220,154445387,154445887,8,492,1.6,98.4
3221,154445887,154446387,6,494,1.2,98.8
3222,154446387,154446887,105,395,21.0,79.0
3223,154446887,154447387,6,494,1.2,98.8
3224,154447387,154447887,493,7,98.6,1.4000000000000057
3225,154447887,154448387,500,0,100.0,0.0
3226,154448387,154448887,500,0,100.0,0.0
3227,154448887,154449387,500,0,100.0,0.0
3228,154449387,154449887,500,0,100.0,0.0
3229,154449887,154450387,500,0,100.0,0.0
3230,154450387,154450887,500,0,100.0,0.0
3231,154450887,154451387,500,0,100.0,0.0
3232,154451387,154451887,500,0,100.0,0.0
3233,154451887,154452387,500,0,100.0,0.0
3234,154452387,154452887,500,0,100.0,0.0
3235,154452887,154453387,500,0,100.0,0.0
3236,154453387,154453887,500,0,100.0,0.0
3237,154453887,154454387,500,0,100.0,0.0
3238,154454387,154454887,500,0,100.0,0.0
3239,154454887,154455387,500,0,100.0,0.0
3240,154455387,154455887,500,0,100.0,0.0
3241,154455887,154456387,500,0,100.0,0.0
3242,154456387,154456887,500,0,100.0,0.0
3243,154456887,154457387,500,0,100.0,0.0
3244,154457387,154457887,500,0,100.0,0.0
3245,154457887,154458387,500,0,100.0,0.0
3246,154458387,154458887,500,0,100.0,0.0
3247,154458887,154459387,500,0,100.0,0.0
3248,154459387,154459887,500,0,100.0,0.0
3249,154459887,154460387,500,0,100.0,0.0
3250,154460387,154460887,500,0,100.0,0.0
3251,154460887,154461387,500,0,100.0,0.0
3252,154461387,154461887,500,0,100.0,0.0
3253,154461887,154462387,500,0,100.0,0.0
3254,154462387,154462887,500,0,100.0,0.0
3255,154462887,154463387,500,0,100.0,0.0
3256,154463387,154463887,500,0,100.0,0.0
3257,154463887,154464387,500,0,100.0,0.0
3258,154464387,154464887,500,0,100.0,0.0
3259,154464887,154465387,500,0,100.0,0.0
3260,154465387,154465887,500,0,100.0,0.0
3261,154465887,154466387,500,0,100.0,0.0
3262,154466387,154466887,500,0,100.0,0.0
3263,154466887,154467387,500,0,100.0,0.0
3264,154467387,154467887,500,0,100.0,0.0
3265,154467887,154468387,500,0,100.0,0.0
3266,154468387,154468887,500,0,100.0,0.0
3267,154468887,154469387,500,0,100.0,0.0
3268,154469387,154469887,500,0,100.0,0.0
3269,154469887,154470387,500,0,100.0,0.0
3270,154470387,154470887,500,0,100.0,0.0
3271,154470887,154471387,500,0,100.0,0.0
3272,154471387,154471887,500,0,100.0,0.0
3273,154471887,154472387,500,0,100.0,0.0
3274,154472387,154472887,500,0,100.0,0.0
3275,154472887,154473387,500,0,100.0,0.0
3276,154473387,154473887,500,0,100.0,0.0
3277,154473887,154474387,500,0,100.0,0.0
3278,154474387,154474887,500,0,100.0,0.0
3279,154474887,154475387,500,0,100.0,0.0
3280,154475387,154475887,500,0,100.0,0.0
3281,154475887,154476387,500,0,100.0,0.0
3282,154476387,154476887,500,0,100.0,0.0
3283,154476887,154477387,500,0,100.0,0.0
3284,154477387,154477887,500,0,100.0,0.0
3285,154477887,154478387,500,0,100.0,0.0
3286,154478387,154478887,500,0,100.0,0.0
3287,154478887,154479387,500,0,100.0,0.0
3288,154479387,154479887,500,0,100.0,0.0
3289,154479887,154480387,500,0,100.0,0.0
3290,154480387,154480887,500,0,100.0,0.0
3291,154480887,154481387,500,0,100.0,0.0
3292,154481387,154481887,500,0,100.0,0.0
3293,154481887,154482387,500,0,100.0,0.0
3294,154482387,154482887,500,0,100.0,0.0
3295,154482887,154483387,500,0,100.0,0.0
3296,154483387,154483887,500,0,100.0,0.0
3297,154483887,154484387,500,0,100.0,0.0
3298,154484387,154484887,500,0,100.0,0.0
3299,154484887,154485387,500,0,100.0,0.0
3300,154485387,154485887,187,313,37.4,62.6
3301,154485887,154486387,8,492,1.6,98.4
3302,154486387,154486887,76,424,15.2,84.8
3303,154486887,154487387,6,494,1.2,98.8
3304,154487387,154487887,496,4,99.2,0.7999999999999972
3305,154487887,154488387,500,0,100.0,0.0
3306,154488387,154488887,500,0,100.0,0.0
3307,154488887,154489387,500,0,100.0,0.0
3308,154489387,154489887,500,0,100.0,0.0
3309,154489887,154490387,500,0,100.0,0.0
3310,154490387,154490887,500,0,100.0,0.0
3311,154490887,154491387,500,0,100.0,0.0
3312,154491387,154491887,500,0,100.0,0.0
3313,154491887,154492387,500,0,100.0,0.0
3314,154492387,154492887,500,0,100.0,0.0
3315,154492887,154493387,500,0,100.0,0.0
3316,154493387,154493887,500,0,100.0,0.0
3317,154493887,154494387,500,0,100.0,0.0
3318,154494387,154494887,500,0,100.0,0.0
3319,154494887,154495387,500,0,100.0,0.0
3320,154495387,154495887,500,0,100.0,0.0
3321,154495887,154496387,500,0,100.0,0.0
3322,154496387,154496887,500,0,100.0,0.0
3323,154496887,154497387,500,0,100.0,0.0
3324,154497387,154497887,500,0,100.0,0.0
3325,154497887,154498387,500,0,100.0,0.0
3326,154498387,154498887,500,0,100.0,0.0
3327,154498887,154499387,500,0,100.0,0.0
3328,154499387,154499887,500,0,100.0,0.0
3329,154499887,154500387,500,0,100.0,0.0
3330,154500387,154500887,500,0,100.0,0.0
3331,154500887,154501387,500,0,100.0,0.0
3332,154501387,154501887,500,0,100.0,0.0
3333,154501887,154502387,500,0,100.0,0.0
3334,154502387,154502887,500,0,100.0,0.0
3335,154502887,154503387,500,0,100.0,0.0
3336,154503387,154503887,500,0,100.0,0.0
3337,154503887,154504387,500,0,100.0,0.0
3338,154504387,154504887,500,0,100.0,0.0
3339,154504887,154505387,500,0,100.0,0.0
3340,154505387,154505887,500,0,100.0,0.0
3341,154505887,154506387,500,0,100.0,0.0
3342,154506387,154506887,500,0,100.0,0.0
3343,154506887,154507387,500,0,100.0,0.0
3344,154507387,154507887,500,0,100.0,0.0
3345,154507887,154508387,500,0,100.0,0.0
3346,154508387,154508887,500,0,100.0,0.0
3347,154508887,154509387,500,0,100.0,0.0
3348,154509387,154509887,500,0,100.0,0.0
3349,154509887,154510387,500,0,100.0,0.0
3350,154510387,154510887,500,0,100.0,0.0
3351,154510887,154511387,500,0,100.0,0.0
3352,154511387,154511887,500,0,100.0,0.0
3353,154511887,154512387,500,0,100.0,0.0
3354,154512387,154512887,500,0,100.0,0.0
3355,154512887,154513387,500,0,100.0,0.0
3356,154513387,154513887,500,0,100.0,0.0
3357,154513887,154514387,500,0,100.0,0.0
3358,154514387,154514887,500,0,100.0,0.0
3359,154514887,154515387,500,0,100.0,0.0
3360,154515387,154515887,500,0,100.0,0.0
3361,154515887,154516387,500,0,100.0,0.0
3362,154516387,154516887,500,0,100.0,0.0
3363,154516887,154517387,500,0,100.0,0.0
3364,154517387,154517887,500,0,100.0,0.0
3365,154517887,154518387,500,0,100.0,0.0
3366,154518387,154518887,500,0,100.0,0.0
3367,154518887,154519387,500,0,100.0,0.0
3368,154519387,154519887,500,0,100.0,0.0
3369,154519887,154520387,500,0,100.0,0.0
3370,154520387,154520887,500,0,100.0,0.0
3371,154520887,154521387,500,0,100.0,0.0
3372,154521387,154521887,500,0,100.0,0.0
3373,154521887,154522387,500,0,100.0,0.0
3374,154522387,154522887,500,0,100.0,0.0
3375,154522887,154523387,500,0,100.0,0.0
3376,154523387,154523887,490,10,98.0,2.0
3377,154523887,154524387,9,491,1.7999999999999998,98.2
3378,154524387,154524887,26,474,5.2,94.8
3379,154524887,154525387,52,448,10.4,89.6
3380,154525387,154525887,384,116,76.8,23.200000000000003
3381,154525887,154526387,500,0,100.0,0.0
3382,154526387,154526887,500,0,100.0,0.0
3383,154526887,154527387,500,0,100.0,0.0
3384,154527387,154527887,500,0,100.0,0.0
3385,154527887,154528387,500,0,100.0,0.0
3386,154528387,154528887,500,0,100.0,0.0
3387,154528887,154529387,500,0,100.0,0.0
3388,154529387,154529887,500,0,100.0,0.0
3389,154529887,154530387,500,0,100.0,0.0
3390,154530387,154530887,500,0,100.0,0.0
3391,154530887,154531387,500,0,100.0,0.0
3392,154531387,154531887,500,0,100.0,0.0
3393,154531887,154532387,500,0,100.0,0.0
3394,154532387,154532887,500,0,100.0,0.0
3395,154532887,154533387,500,0,100.0,0.0
3396,154533387,154533887,500,0,100.0,0.0
3397,154533887,154534387,500,0,100.0,0.0
3398,154534387,154534887,500,0,100.0,0.0
3399,154534887,154535387,500,0,100.0,0.0
3400,154535387,154535887,500,0,100.0,0.0
3401,154535887,154536387,500,0,100.0,0.0
3402,154536387,154536887,500,0,100.0,0.0
3403,154536887,154537387,500,0,100.0,0.0
3404,154537387,154537887,500,0,100.0,0.0
3405,154537887,154538387,500,0,100.0,0.0
3406,154538387,154538887,500,0,100.0,0.0
3407,154538887,154539387,500,0,100.0,0.0
3408,154539387,154539887,500,0,100.0,0.0
3409,154539887,154540387,500,0,100.0,0.0
3410,154540387,154540887,500,0,100.0,0.0
3411,154540887,154541387,500,0,100.0,0.0
3412,154541387,154541887,500,0,100.0,0.0
3413,154541887,154542387,500,0,100.0,0.0
3414,154542387,154542887,500,0,100.0,0.0
3415,154542887,154543387,500,0,100.0,0.0
3416,154543387,154543887,500,0,100.0,0.0
3417,154543887,154544387,500,0,100.0,0.0
3418,154544387,154544887,500,0,100.0,0.0
3419,154544887,154545387,500,0,100.0,0.0
3420,154545387,154545887,500,0,100.0,0.0
3421,154545887,154546387,500,0,100.0,0.0
3422,154546387,154546887,500,0,100.0,0.0
3423,154546887,154547387,500,0,100.0,0.0
3424,154547387,154547887,500,0,100.0,0.0
3425,154547887,154548387,500,0,100.0,0.0
3426,154548387,154548887,500,0,100.0,0.0
3427,154548887,154549387,500,0,100.0,0.0
3428,154549387,154549887,500,0,100.0,0.0
3429,154549887,154550387,500,0,100.0,0.0
3430,154550387,154550887,500,0,100.0,0.0
3431,154550887,154551387,500,0,100.0,0.0
3432,154551387,154551887,500,0,100.0,0.0
3433,154551887,154552387,500,0,100.0,0.0
3434,154552387,154552887,500,0,100.0,0.0
3435,154552887,154553387,500,0,100.0,0.0
3436,154553387,154553887,500,0,100.0,0.0
3437,154553887,154554387,500,0,100.0,0.0
3438,154554387,154554887,500,0,100.0,0.0
3439,154554887,154555387,500,0,100.0,0.0
3440,154555387,154555887,500,0,100.0,0.0
3441,154555887,154556387,500,0,100.0,0.0
3442,154556387,154556887,500,0,100.0,0.0
3443,154556887,154557387,500,0,100.0,0.0
3444,154557387,154557887,500,0,100.0,0.0
3445,154557887,154558387,500,0,100.0,0.0
3446,154558387,154558887,500,0,100.0,0.0
3447,154558887,154559387,500,0,100.0,0.0
3448,154559387,154559887,500,0,100.0,0.0
3449,154559887,154560387,500,0,100.0,0.0
3450,154560387,154560887,500,0,100.0,0.0
3451,154560887,154561387,95,405,19.0,81.0
3452,154561387,154561887,6,494,1.2,98.8
3453,154561887,154562387,79,421,15.8,84.2
3454,154562387,154562887,97,403,19.400000000000002,80.6
3455,154562887,154563387,500,0,100.0,0.0
3456,154563387,154563887,500,0,100.0,0.0
3457,154563887,154564387,500,0,100.0,0.0
3458,154564387,154564887,500,0,100.0,0.0
3459,154564887,154565387,500,0,100.0,0.0
3460,154565387,154565887,500,0,100.0,0.0
3461,154565887,154566387,500,0,100.0,0.0
3462,154566387,154566887,500,0,100.0,0.0
3463,154566887,154567387,500,0,100.0,0.0
3464,154567387,154567887,500,0,100.0,0.0
3465,154567887,154568387,500,0,100.0,0.0
3466,154568387,154568887,500,0,100.0,0.0
3467,154568887,154569387,500,0,100.0,0.0
3468,154569387,154569887,500,0,100.0,0.0
3469,154569887,154570387,500,0,100.0,0.0
3470,154570387,154570887,500,0,100.0,0.0
3471,154570887,154571387,500,0,100.0,0.0
3472,154571387,154571887,500,0,100.0,0.0
3473,154571887,154572387,500,0,100.0,0.0
3474,154572387,154572887,500,0,100.0,0.0
3475,154572887,154573387,500,0,100.0,0.0
3476,154573387,154573887,500,0,100.0,0.0
3477,154573887,154574387,500,0,100.0,0.0
3478,154574387,154574887,500,0,100.0,0.0
3479,154574887,154575387,500,0,100.0,0.0
3480,154575387,154575887,500,0,100.0,0.0
3481,154575887,154576387,500,0,100.0,0.0
3482,154576387,154576887,500,0,100.0,0.0
3483,154576887,154577387,500,0,100.0,0.0
3484,154577387,154577887,500,0,100.0,0.0
3485,154577887,154578387,500,0,100.0,0.0
3486,154578387,154578887,500,0,100.0,0.0
3487,154578887,154579387,500,0,100.0,0.0
3488,154579387,154579887,500,0,100.0,0.0
3489,154579887,154580387,500,0,100.0,0.0
3490,154580387,154580887,500,0,100.0,0.0
3491,154580887,154581387,500,0,100.0,0.0
3492,154581387,154581887,500,0,100.0,0.0
3493,154581887,154582387,500,0,100.0,0.0
3494,154582387,154582887,500,0,100.0,0.0
3495,154582887,154583387,500,0,100.0,0.0
3496,154583387,154583887,500,0,100.0,0.0
3497,154583887,154584387,500,0,100.0,0.0
3498,154584387,154584887,500,0,100.0,0.0
3499,154584887,154585387,500,0,100.0,0.0
3500,154585387,154585887,500,0,100.0,0.0
3501,154585887,154586387,500,0,100.0,0.0
3502,154586387,154586887,500,0,100.0,0.0
3503,154586887,154587387,500,0,100.0,0.0
3504,154587387,154587887,500,0,100.0,0.0
3505,154587887,154588387,500,0,100.0,0.0
3506,154588387,154588887,500,0,100.0,0.0
3507,154588887,154589387,500,0,100.0,0.0
3508,154589387,154589887,500,0,100.0,0.0
3509,154589887,154590387,500,0,100.0,0.0
3510,154590387,154590887,500,0,100.0,0.0
3511,154590887,154591387,500,0,100.0,0.0
3512,154591387,154591887,500,0,100.0,0.0
3513,154591887,154592387,500,0,100.0,0.0
3514,154592387,154592887,500,0,100.0,0.0
3515,154592887,154593387,500,0,100.0,0.0
3516,154593387,154593887,500,0,100.0,0.0
3517,154593887,154594387,500,0,100.0,0.0
3518,154594387,154594887,500,0,100.0,0.0
3519,154594887,154595387,500,0,100.0,0.0
3520,154595387,154595887,500,0,100.0,0.0
3521,154595887,154596387,500,0,100.0,0.0
3522,154596387,154596887,500,0,100.0,0.0
3523,154596887,154597387,500,0,100.0,0.0
3524,154597387,154597887,500,0,100.0,0.0
3525,154597887,154598387,414,86,82.8,17.200000000000003
3526,154598387,154598887,8,492,1.6,98.4
3527,154598887,154599387,7,493,1.4000000000000001,98.6
3528,154599387,154599887,122,378,24.4,75.6
3529,154599887,154600387,140,360,28.000000000000004,72.0
3530,154600387,154600887,500,0,100.0,0.0
3531,154600887,154601387,500,0,100.0,0.0
3532,154601387,154601887,500,0,100.0,0.0
3533,154601887,154602387,500,0,100.0,0.0
3534,154602387,154602887,500,0,100.0,0.0
3535,154602887,154603387,500,0,100.0,0.0
3536,154603387,154603887,500,0,100.0,0.0
3537,154603887,154604387,500,0,100.0,0.0
3538,154604387,154604887,500,0,100.0,0.0
3539,154604887,154605387,500,0,100.0,0.0
3540,154605387,154605887,500,0,100.0,0.0
3541,154605887,154606387,500,0,100.0,0.0
3542,154606387,154606887,500,0,100.0,0.0
3543,154606887,154607387,500,0,100.0,0.0
3544,154607387,154607887,500,0,100.0,0.0
3545,154607887,154608387,500,0,100.0,0.0
3546,154608387,154608887,500,0,100.0,0.0
3547,154608887,154609387,500,0,100.0,0.0
3548,154609387,154609887,500,0,100.0,0.0
3549,154609887,154610387,500,0,100.0,0.0
3550,154610387,154610887,500,0,100.0,0.0
3551,154610887,154611387,500,0,100.0,0.0
3552,154611387,154611887,500,0,100.0,0.0
3553,154611887,154612387,500,0,100.0,0.0
3554,154612387,154612887,500,0,100.0,0.0
3555,154612887,154613387,500,0,100.0,0.0
3556,154613387,154613887,500,0,100.0,0.0
3557,154613887,154614387,500,0,100.0,0.0
3558,154614387,154614887,500,0,100.0,0.0
3559,154614887,154615387,500,0,100.0,0.0
3560,154615387,154615887,500,0,100.0,0.0
3561,154615887,154616387,500,0,100.0,0.0
3562,154616387,154616887,500,0,100.0,0.0
3563,154616887,154617387,500,0,100.0,0.0
3564,154617387,154617887,500,0,100.0,0.0
3565,154617887,154618387,500,0,100.0,0.0
3566,154618387,154618887,500,0,100.0,0.0
3567,154618887,154619387,500,0,100.0,0.0
3568,154619387,154619887,500,0,100.0,0.0
3569,154619887,154620387,500,0,100.0,0.0
3570,154620387,154620887,500,0,100.0,0.0
3571,154620887,154621387,500,0,100.0,0.0
3572,154621387,154621887,500,0,100.0,0.0
3573,154621887,154622387,500,0,100.0,0.0
3574,154622387,154622887,500,0,100.0,0.0
3575,154622887,154623387,500,0,100.0,0.0
3576,154623387,154623887,500,0,100.0,0.0
3577,154623887,154624387,500,0,100.0,0.0
3578,154624387,154624887,500,0,100.0,0.0
3579,154624887,154625387,500,0,100.0,0.0
3580,154625387,154625887,500,0,100.0,0.0
3581,154625887,154626387,500,0,100.0,0.0
3582,154626387,154626887,500,0,100.0,0.0
3583,154626887,154627387,500,0,100.0,0.0
3584,154627387,154627887,500,0,100.0,0.0
3585,154627887,154628387,500,0,100.0,0.0
3586,154628387,154628887,500,0,100.0,0.0
3587,154628887,154629387,500,0,100.0,0.0
3588,154629387,154629887,500,0,100.0,0.0
3589,154629887,154630387,500,0,100.0,0.0
3590,154630387,154630887,500,0,100.0,0.0
3591,154630887,154631387,500,0,100.0,0.0
3592,154631387,154631887,500,0,100.0,0.0
3593,154631887,154632387,500,0,100.0,0.0
3594,154632387,154632887,500,0,100.0,0.0
3595,154632887,154633387,500,0,100.0,0.0
3596,154633387,154633887,500,0,100.0,0.0
3597,154633887,154634387,500,0,100.0,0.0
3598,154634387,154634887,500,0,100.0,0.0
3599,154634887,154635387,500,0,100.0,0.0
3600,154635387,154635887,500,0,100.0,0.0
3601,154635887,154636387,268,232,53.6,46.4
3602,154636387,154636887,5,495,1.0,99.0
3603,154636887,154637387,79,421,15.8,84.2
3604,154637387,154637887,4,496,0.8,99.2
3605,154637887,154638387,397,103,79.4,20.599999999999994
3606,154638387,154638887,500,0,100.0,0.0
3607,154638887,154639387,500,0,100.0,0.0
3608,154639387,154639887,500,0,100.0,0.0
3609,154639887,154640387,500,0,100.0,0.0
3610,154640387,154640887,500,0,100.0,0.0
3611,154640887,154641387,500,0,100.0,0.0
3612,154641387,154641887,500,0,100.0,0.0
3613,154641887,154642387,500,0,100.0,0.0
3614,154642387,154642887,500,0,100.0,0.0
3615,154642887,154643387,500,0,100.0,0.0
3616,154643387,154643887,500,0,100.0,0.0
3617,154643887,154644387,500,0,100.0,0.0
3618,154644387,154644887,500,0,100.0,0.0
3619,154644887,154645387,500,0,100.0,0.0
3620,154645387,154645887,500,0,100.0,0.0
3621,154645887,154646387,500,0,100.0,0.0
3622,154646387,154646887,500,0,100.0,0.0
3623,154646887,154647387,500,0,100.0,0.0
3624,154647387,154647887,500,0,100.0,0.0
3625,154647887,154648387,500,0,100.0,0.0
3626,154648387,154648887,500,0,100.0,0.0
3627,154648887,154649387,500,0,100.0,0.0
3628,154649387,154649887,500,0,100.0,0.0
3629,154649887,154650387,500,0,100.0,0.0
3630,154650387,154650887,500,0,100.0,0.0
3631,154650887,154651387,500,0,100.0,0.0
3632,154651387,154651887,500,0,100.0,0.0
3633,154651887,154652387,500,0,100.0,0.0
3634,154652387,154652887,500,0,100.0,0.0
3635,154652887,154653387,500,0,100.0,0.0
3636,154653387,154653887,500,0,100.0,0.0
3637,154653887,154654387,500,0,100.0,0.0
3638,154654387,154654887,500,0,100.0,0.0
3639,154654887,154655387,500,0,100.0,0.0
3640,154655387,154655887,500,0,100.0,0.0
3641,154655887,154656387,500,0,100.0,0.0
3642,154656387,154656887,500,0,100.0,0.0
3643,154656887,154657387,500,0,100.0,0.0
3644,154657387,154657887,500,0,100.0,0.0
3645,154657887,154658387,500,0,100.0,0.0
3646,154658387,154658887,500,0,100.0,0.0
3647,154658887,154659387,500,0,100.0,0.0
3648,154659387,154659887,500,0,100.0,0.0
3649,154659887,154660387,500,0,100.0,0.0
3650,154660387,154660887,500,0,100.0,0.0
3651,154660887,154661387,500,0,100.0,0.0
3652,154661387,154661887,500,0,100.0,0.0
3653,154661887,154662387,500,0,100.0,0.0
3654,154662387,154662887,500,0,100.0,0.0
3655,154662887,154663387,500,0,100.0,0.0
3656,154663387,154663887,500,0,100.0,0.0
3657,154663887,154664387,500,0,100.0,0.0
3658,154664387,154664887,500,0,100.0,0.0
3659,154664887,154665387,500,0,100.0,0.0
3660,154665387,154665887,500,0,100.0,0.0
3661,154665887,154666387,500,0,100.0,0.0
3662,154666387,154666887,500,0,100.0,0.0
3663,154666887,154667387,500,0,100.0,0.0
3664,154667387,154667887,500,0,100.0,0.0
3665,154667887,154668387,500,0,100.0,0.0
3666,154668387,154668887,500,0,100.0,0.0
3667,154668887,154669387,500,0,100.0,0.0
3668,154669387,154669887,500,0,100.0,0.0
3669,154669887,154670387,500,0,100.0,0.0
3670,154670387,154670887,500,0,100.0,0.0
3671,154670887,154671387,500,0,100.0,0.0
3672,154671387,154671887,500,0,100.0,0.0
3673,154671887,154672387,500,0,100.0,0.0
3674,154672387,154672887,500,0,100.0,0.0
3675,154672887,154673387,500,0,100.0,0.0
3676,154673387,154673887,500,0,100.0,0.0
3677,154673887,154674387,500,0,100.0,0.0
3678,154674387,154674887,500,0,100.0,0.0
3679,154674887,154675387,500,0,100.0,0.0
3680,154675387,154675887,286,214,57.199999999999996,42.800000000000004
3681,154675887,154676387,11,489,2.1999999999999997,97.8
3682,154676387,154676887,24,476,4.8,95.2
3683,154676887,154677387,56,444,11.200000000000001,88.8
3684,154677387,154677887,364,136,72.8,27.200000000000003
3685,154677887,154678387,500,0,100.0,0.0
3686,154678387,154678887,500,0,100.0,0.0
3687,154678887,154679387,500,0,100.0,0.0
3688,154679387,154679887,500,0,100.0,0.0
3689,154679887,154680387,500,0,100.0,0.0
3690,154680387,154680887,500,0,100.0,0.0
3691,154680887,154681387,500,0,100.0,0.0
3692,154681387,154681887,500,0,100.0,0.0
3693,154681887,154682387,500,0,100.0,0.0
3694,154682387,154682887,500,0,100.0,0.0
3695,154682887,154683387,500,0,100.0,0.0
3696,154683387,154683887,500,0,100.0,0.0
3697,154683887,154684387,500,0,100.0,0.0
3698,154684387,154684887,500,0,100.0,0.0
3699,154684887,154685387,500,0,100.0,0.0
3700,154685387,154685887,500,0,100.0,0.0
3701,154685887,154686387,500,0,100.0,0.0
3702,154686387,154686887,500,0,100.0,0.0
3703,154686887,154687387,500,0,100.0,0.0
3704,154687387,154687887,500,0,100.0,0.0
3705,154687887,154688387,500,0,100.0,0.0
3706,154688387,154688887,500,0,100.0,0.0
3707,154688887,154689387,500,0,100.0,0.0
3708,154689387,154689887,500,0,100.0,0.0
3709,154689887,154690387,500,0,100.0,0.0
3710,154690387,154690887,500,0,100.0,0.0
3711,154690887,154691387,500,0,100.0,0.0
3712,154691387,154691887,500,0,100.0,0.0
3713,154691887,154692387,500,0,100.0,0.0
3714,154692387,154692887,500,0,100.0,0.0
3715,154692887,154693387,500,0,100.0,0.0
3716,154693387,154693887,500,0,100.0,0.0
3717,154693887,154694387,500,0,100.0,0.0
3718,154694387,154694887,500,0,100.0,0.0
3719,154694887,154695387,500,0,100.0,0.0
3720,154695387,154695887,500,0,100.0,0.0
3721,154695887,154696387,500,0,100.0,0.0
3722,154696387,154696887,500,0,100.0,0.0
3723,154696887,154697387,500,0,100.0,0.0
3724,154697387,154697887,500,0,100.0,0.0
3725,154697887,154698387,500,0,100.0,0.0
3726,154698387,154698887,500,0,100.0,0.0
3727,154698887,154699387,500,0,100.0,0.0
3728,154699387,154699887,500,0,100.0,0.0
3729,154699887,154700387,500,0,100.0,0.0
3730,154700387,154700887,500,0,100.0,0.0
3731,154700887,154701387,500,0,100.0,0.0
3732,154701387,154701887,500,0,100.0,0.0
3733,154701887,154702387,500,0,100.0,0.0
3734,154702387,154702887,500,0,100.0,0.0
3735,154702887,154703387,500,0,100.0,0.0
3736,154703387,154703887,500,0,100.0,0.0
3737,154703887,154704387,500,0,100.0,0.0
3738,154704387,154704887,500,0,100.0,0.0
3739,154704887,154705387,500,0,100.0,0.0
3740,154705387,154705887,500,0,100.0,0.0
3741,154705887,154706387,500,0,100.0,0.0
3742,154706387,154706887,500,0,100.0,0.0
3743,154706887,154707387,500,0,100.0,0.0
3744,154707387,154707887,500,0,100.0,0.0
3745,154707887,154708387,500,0,100.0,0.0
3746,154708387,154708887,500,0,100.0,0.0
3747,154708887,154709387,500,0,100.0,0.0
3748,154709387,154709887,500,0,100.0,0.0
3749,154709887,154710387,500,0,100.0,0.0
3750,154710387,154710887,500,0,100.0,0.0
3751,154710887,154711387,500,0,100.0,0.0
3752,154711387,154711887,500,0,100.0,0.0
3753,154711887,154712387,500,0,100.0,0.0
3754,154712387,154712887,500,0,100.0,0.0
3755,154712887,154713387,500,0,100.0,0.0
3756,154713387,154713887,500,0,100.0,0.0
3757,154713887,154714387,500,0,100.0,0.0
3758,154714387,154714887,488,12,97.6,2.4000000000000057
3759,154714887,154715387,12,488,2.4,97.6
3760,154715387,154715887,4,496,0.8,99.2
3761,154715887,154716387,60,440,12.0,88.0
3762,154716387,154716887,33,467,6.6000000000000005,93.4
3763,154716887,154717387,284,216,56.8,43.2
3764,154717387,154717887,500,0,100.0,0.0
3765,154717887,154718387,500,0,100.0,0.0
3766,154718387,154718887,500,0,100.0,0.0
3767,154718887,154719387,500,0,100.0,0.0
3768,154719387,154719887,500,0,100.0,0.0
3769,154719887,154720387,500,0,100.0,0.0
3770,154720387,154720887,500,0,100.0,0.0
3771,154720887,154721387,500,0,100.0,0.0
3772,154721387,154721887,500,0,100.0,0.0
3773,154721887,154722387,500,0,100.0,0.0
3774,154722387,154722887,500,0,100.0,0.0
3775,154722887,154723387,500,0,100.0,0.0
3776,154723387,154723887,500,0,100.0,0.0
3777,154723887,154724387,500,0,100.0,0.0
3778,154724387,154724887,500,0,100.0,0.0
3779,154724887,154725387,500,0,100.0,0.0
3780,154725387,154725887,500,0,100.0,0.0
3781,154725887,154726387,500,0,100.0,0.0
3782,154726387,154726887,500,0,100.0,0.0
3783,154726887,154727387,500,0,100.0,0.0
3784,154727387,154727887,500,0,100.0,0.0
3785,154727887,154728387,500,0,100.0,0.0
3786,154728387,154728887,500,0,100.0,0.0
3787,154728887,154729387,500,0,100.0,0.0
3788,154729387,154729887,500,0,100.0,0.0
3789,154729887,154730387,500,0,100.0,0.0
3790,154730387,154730887,500,0,100.0,0.0
3791,154730887,154731387,500,0,100.0,0.0
3792,154731387,154731887,500,0,100.0,0.0
3793,154731887,154732387,500,0,100.0,0.0
3794,154732387,154732887,500,0,100.0,0.0
3795,154732887,154733387,500,0,100.0,0.0
3796,154733387,154733887,500,0,100.0,0.0
3797,154733887,154734387,500,0,100.0,0.0
3798,154734387,154734887,500,0,100.0,0.0
3799,154734887,154735387,500,0,100.0,0.0
3800,154735387,154735887,500,0,100.0,0.0
3801,154735887,154736387,500,0,100.0,0.0
3802,154736387,154736887,500,0,100.0,0.0
3803,154736887,154737387,500,0,100.0,0.0
3804,154737387,154737887,500,0,100.0,0.0
3805,154737887,154738387,500,0,100.0,0.0
3806,154738387,154738887,500,0,100.0,0.0
3807,154738887,154739387,500,0,100.0,0.0
3808,154739387,154739887,500,0,100.0,0.0
3809,154739887,154740387,500,0,100.0,0.0
3810,154740387,154740887,500,0,100.0,0.0
3811,154740887,154741387,500,0,100.0,0.0
3812,154741387,154741887,500,0,100.0,0.0
3813,154741887,154742387,500,0,100.0,0.0
3814,154742387,154742887,500,0,100.0,0.0
3815,154742887,154743387,500,0,100.0,0.0
3816,154743387,154743887,500,0,100.0,0.0
3817,154743887,154744387,500,0,100.0,0.0
3818,154744387,154744887,500,0,100.0,0.0
3819,154744887,154745387,500,0,100.0,0.0
3820,154745387,154745887,500,0,100.0,0.0
3821,154745887,154746387,500,0,100.0,0.0
3822,154746387,154746887,500,0,100.0,0.0
3823,154746887,154747387,500,0,100.0,0.0
3824,154747387,154747887,500,0,100.0,0.0
3825,154747887,154748387,500,0,100.0,0.0
3826,154748387,154748887,500,0,100.0,0.0
3827,154748887,154749387,500,0,100.0,0.0
3828,154749387,154749887,500,0,100.0,0.0
3829,154749887,154750387,500,0,100.0,0.0
3830,154750387,154750887,500,0,100.0,0.0
3831,154750887,154751387,500,0,100.0,0.0
3832,154751387,154751887,500,0,100.0,0.0
3833,154751887,154752387,500,0,100.0,0.0
3834,154752387,154752887,500,0,100.0,0.0
3835,154752887,154753387,350,150,70.0,30.0
3836,154753387,154753887,9,491,1.7999999999999998,98.2
3837,154753887,154754387,75,425,15.0,85.0
3838,154754387,154754887,5,495,1.0,99.0
3839,154754887,154755387,384,116,76.8,23.200000000000003
3840,154755387,154755887,500,0,100.0,0.0
3841,154755887,154756387,500,0,100.0,0.0
3842,154756387,154756887,500,0,100.0,0.0
3843,154756887,154757387,500,0,100.0,0.0
3844,154757387,154757887,500,0,100.0,0.0
3845,154757887,154758387,500,0,100.0,0.0
3846,154758387,154758887,500,0,100.0,0.0
3847,154758887,154759387,500,0,100.0,0.0
3848,154759387,154759887,500,0,100.0,0.0
3849,154759887,154760387,500,0,100.0,0.0
3850,154760387,154760887,500,0,100.0,0.0
3851,154760887,154761387,500,0,100.0,0.0
3852,154761387,154761887,500,0,100.0,0.0
3853,154761887,154762387,500,0,100.0,0.0
3854,154762387,154762887,500,0,100.0,0.0
3855,154762887,154763387,500,0,100.0,0.0
3856,154763387,154763887,500,0,100.0,0.0
3857,154763887,154764387,500,0,100.0,0.0
3858,154764387,154764887,500,0,100.0,0.0
3859,154764887,154765387,500,0,100.0,0.0
3860,154765387,154765887,500,0,100.0,0.0
3861,154765887,154766387,500,0,100.0,0.0
3862,154766387,154766887,500,0,100.0,0.0
3863,154766887,154767387,500,0,100.0,0.0
3864,154767387,154767887,500,0,100.0,0.0
3865,154767887,154768387,500,0,100.0,0.0
3866,154768387,154768887,500,0,100.0,0.0
3867,154768887,154769387,500,0,100.0,0.0
3868,154769387,154769887,500,0,100.0,0.0
3869,154769887,154770387,500,0,100.0,0.0
3870,154770387,154770887,500,0,100.0,0.0
3871,154770887,154771387,500,0,100.0,0.0
3872,154771387,154771887,500,0,100.0,0.0
3873,154771887,154772387,500,0,100.0,0.0
3874,154772387,154772887,500,0,100.0,0.0
3875,154772887,154773387,500,0,100.0,0.0
3876,154773387,154773887,500,0,100.0,0.0
3877,154773887,154774387,500,0,100.0,0.0
3878,154774387,154774887,500,0,100.0,0.0
3879,154774887,154775387,500,0,100.0,0.0
3880,154775387,154775887,500,0,100.0,0.0
3881,154775887,154776387,500,0,100.0,0.0
3882,154776387,154776887,500,0,100.0,0.0
3883,154776887,154777387,500,0,100.0,0.0
3884,154777387,154777887,500,0,100.0,0.0
3885,154777887,154778387,500,0,100.0,0.0
3886,154778387,154778887,500,0,100.0,0.0
3887,154778887,154779387,500,0,100.0,0.0
3888,154779387,154779887,500,0,100.0,0.0
3889,154779887,154780387,500,0,100.0,0.0
3890,154780387,154780887,500,0,100.0,0.0
3891,154780887,154781387,500,0,100.0,0.0
3892,154781387,154781887,500,0,100.0,0.0
3893,154781887,154782387,500,0,100.0,0.0
3894,154782387,154782887,500,0,100.0,0.0
3895,154782887,154783387,500,0,100.0,0.0
3896,154783387,154783887,500,0,100.0,0.0
3897,154783887,154784387,500,0,100.0,0.0
3898,154784387,154784887,500,0,100.0,0.0
3899,154784887,154785387,500,0,100.0,0.0
3900,154785387,154785887,500,0,100.0,0.0
3901,154785887,154786387,500,0,100.0,0.0
3902,154786387,154786887,500,0,100.0,0.0
3903,154786887,154787387,500,0,100.0,0.0
3904,154787387,154787887,500,0,100.0,0.0
3905,154787887,154788387,500,0,100.0,0.0
3906,154788387,154788887,500,0,100.0,0.0
3907,154788887,154789387,500,0,100.0,0.0
3908,154789387,154789887,500,0,100.0,0.0
3909,154789887,154790387,500,0,100.0,0.0
3910,154790387,154790887,500,0,100.0,0.0
3911,154790887,154791387,500,0,100.0,0.0
3912,154791387,154791887,500,0,100.0,0.0
3913,154791887,154792387,500,0,100.0,0.0
3914,154792387,154792887,500,0,100.0,0.0
3915,154792887,154793387,500,0,100.0,0.0
3916,154793387,154793887,500,0,100.0,0.0
3917,154793887,154794387,500,0,100.0,0.0
3918,154794387,154794887,500,0,100.0,0.0
3919,154794887,154795387,500,0,100.0,0.0
3920,154795387,154795887,500,0,100.0,0.0
3921,154795887,154796387,500,0,100.0,0.0
3922,154796387,154796887,500,0,100.0,0.0
3923,154796887,154797387,500,0,100.0,0.0
3924,154797387,154797887,500,0,100.0,0.0
3925,154797887,154798387,500,0,100.0,0.0
3926,154798387,154798887,500,0,100.0,0.0
3927,154798887,154799387,500,0,100.0,0.0
3928,154799387,154799887,500,0,100.0,0.0
3929,154799887,154800387,500,0,100.0,0.0
3930,154800387,154800887,500,0,100.0,0.0
3931,154800887,154801387,500,0,100.0,0.0
3932,154801387,154801887,500,0,100.0,0.0
3933,154801887,154802387,500,0,100.0,0.0
3934,154802387,154802887,500,0,100.0,0.0
3935,154802887,154803387,500,0,100.0,0.0
3936,154803387,154803887,500,0,100.0,0.0
3937,154803887,154804387,500,0,100.0,0.0
3938,154804387,154804887,500,0,100.0,0.0
3939,154804887,154805387,500,0,100.0,0.0
3940,154805387,154805887,500,0,100.0,0.0
3941,154805887,154806387,500,0,100.0,0.0
3942,154806387,154806887,500,0,100.0,0.0
3943,154806887,154807387,500,0,100.0,0.0
3944,154807387,154807887,500,0,100.0,0.0
3945,154807887,154808387,500,0,100.0,0.0
3946,154808387,154808887,500,0,100.0,0.0
3947,154808887,154809387,500,0,100.0,0.0
3948,154809387,154809887,500,0,100.0,0.0
3949,154809887,154810387,500,0,100.0,0.0
3950,154810387,154810887,500,0,100.0,0.0
3951,154810887,154811387,500,0,100.0,0.0
3952,154811387,154811887,500,0,100.0,0.0
3953,154811887,154812387,500,0,100.0,0.0
3954,154812387,154812887,500,0,100.0,0.0
3955,154812887,154813387,500,0,100.0,0.0
3956,154813387,154813887,500,0,100.0,0.0
3957,154813887,154814387,500,0,100.0,0.0
3958,154814387,154814887,500,0,100.0,0.0
3959,154814887,154815387,500,0,100.0,0.0
3960,154815387,154815887,500,0,100.0,0.0
3961,154815887,154816387,500,0,100.0,0.0
3962,154816387,154816887,500,0,100.0,0.0
3963,154816887,154817387,500,0,100.0,0.0
3964,154817387,154817887,500,0,100.0,0.0
3965,154817887,154818387,500,0,100.0,0.0
3966,154818387,154818887,500,0,100.0,0.0
3967,154818887,154819387,500,0,100.0,0.0
3968,154819387,154819887,500,0,100.0,0.0
3969,154819887,154820387,500,0,100.0,0.0
3970,154820387,154820887,500,0,100.0,0.0
3971,154820887,154821387,500,0,100.0,0.0
3972,154821387,154821887,500,0,100.0,0.0
3973,154821887,154822387,500,0,100.0,0.0
3974,154822387,154822887,500,0,100.0,0.0
3975,154822887,154823387,500,0,100.0,0.0
3976,154823387,154823887,500,0,100.0,0.0
3977,154823887,154824387,500,0,100.0,0.0
3978,154824387,154824887,500,0,100.0,0.0
3979,154824887,154825387,500,0,100.0,0.0
3980,154825387,154825887,500,0,100.0,0.0
3981,154825887,154826387,500,0,100.0,0.0
3982,154826387,154826887,500,0,100.0,0.0
3983,154826887,154827387,500,0,100.0,0.0
3984,154827387,154827887,500,0,100.0,0.0
3985,154827887,154828387,500,0,100.0,0.0
3986,154828387,154828887,500,0,100.0,0.0
3987,154828887,154829387,500,0,100.0,0.0
3988,154829387,154829887,500,0,100.0,0.0
3989,154829887,154830387,500,0,100.0,0.0
3990,154830387,154830887,500,0,100.0,0.0
3991,154830887,154831387,500,0,100.0,0.0
3992,154831387,154831887,500,0,100.0,0.0
3993,154831887,154832387,500,0,100.0,0.0
3994,154832387,154832887,500,0,100.0,0.0
3995,154832887,154833387,500,0,100.0,0.0
3996,154833387,154833887,500,0,100.0,0.0
3997,154833887,154834387,500,0,100.0,0.0
3998,154834387,154834887,500,0,100.0,0.0
3999,154834887,154835387,500,0,100.0,0.0
4000,154835387,154835887,500,0,100.0,0.0
4001,154835887,154836387,500,0,100.0,0.0
4002,154836387,154836887,500,0,100.0,0.0
4003,154836887,154837387,500,0,100.0,0.0
4004,154837387,154837887,500,0,100.0,0.0
4005,154837887,154838387,500,0,100.0,0.0
4006,154838387,154838887,500,0,100.0,0.0
4007,154838887,154839387,500,0,100.0,0.0
4008,154839387,154839887,500,0,100.0,0.0
4009,154839887,154840387,500,0,100.0,0.0
4010,154840387,154840887,500,0,100.0,0.0
4011,154840887,154841387,500,0,100.0,0.0
4012,154841387,154841887,500,0,100.0,0.0
4013,154841887,154842387,500,0,100.0,0.0
4014,154842387,154842887,500,0,100.0,0.0
4015,154842887,154843387,500,0,100.0,0.0
4016,154843387,154843887,146,354,29.2,70.8
4017,154843887,154844387,8,492,1.6,98.4
4018,154844387,154844887,77,423,15.4,84.6
4019,154844887,154845387,26,474,5.2,94.8
4020,154845387,154845887,421,79,84.2,15.799999999999997
4021,154845887,154846387,500,0,100.0,0.0
4022,154846387,154846887,500,0,100.0,0.0
4023,154846887,154847387,500,0,100.0,0.0
4024,154847387,154847887,500,0,100.0,0.0
4025,154847887,154848387,500,0,100.0,0.0
4026,154848387,154848887,500,0,100.0,0.0
4027,154848887,154849387,500,0,100.0,0.0
4028,154849387,154849887,500,0,100.0,0.0
4029,154849887,154850387,500,0,100.0,0.0
4030,154850387,154850887,500,0,100.0,0.0
4031,154850887,154851387,500,0,100.0,0.0
4032,154851387,154851887,500,0,100.0,0.0
4033,154851887,154852387,500,0,100.0,0.0
4034,154852387,154852887,500,0,100.0,0.0
4035,154852887,154853387,500,0,100.0,0.0
4036,154853387,154853887,500,0,100.0,0.0
4037,154853887,154854387,500,0,100.0,0.0
4038,154854387,154854887,500,0,100.0,0.0
4039,154854887,154855387,500,0,100.0,0.0
4040,154855387,154855887,500,0,100.0,0.0
4041,154855887,154856387,500,0,100.0,0.0
4042,154856387,154856887,500,0,100.0,0.0
4043,154856887,154857387,500,0,100.0,0.0
4044,154857387,154857887,500,0,100.0,0.0
4045,154857887,154858387,500,0,100.0,0.0
4046,154858387,154858887,500,0,100.0,0.0
4047,154858887,154859387,500,0,100.0,0.0
4048,154859387,154859887,500,0,100.0,0.0
4049,154859887,154860387,500,0,100.0,0.0
4050,154860387,154860887,500,0,100.0,0.0
4051,154860887,154861387,500,0,100.0,0.0
4052,154861387,154861887,500,0,100.0,0.0
4053,154861887,154862387,500,0,100.0,0.0
4054,154862387,154862887,500,0,100.0,0.0
4055,154862887,154863387,500,0,100.0,0.0
4056,154863387,154863887,500,0,100.0,0.0
4057,154863887,154864387,500,0,100.0,0.0
4058,154864387,154864887,500,0,100.0,0.0
4059,154864887,154865387,500,0,100.0,0.0
4060,154865387,154865887,500,0,100.0,0.0
4061,154865887,154866387,500,0,100.0,0.0
4062,154866387,154866887,500,0,100.0,0.0
4063,154866887,154867387,500,0,100.0,0.0
4064,154867387,154867887,500,0,100.0,0.0
4065,154867887,154868387,500,0,100.0,0.0
4066,154868387,154868887,500,0,100.0,0.0
4067,154868887,154869387,500,0,100.0,0.0
4068,154869387,154869887,500,0,100.0,0.0
4069,154869887,154870387,500,0,100.0,0.0
4070,154870387,154870887,500,0,100.0,0.0
4071,154870887,154871387,500,0,100.0,0.0
4072,154871387,154871887,500,0,100.0,0.0
4073,154871887,154872387,500,0,100.0,0.0
4074,154872387,154872887,500,0,100.0,0.0
4075,154872887,154873387,500,0,100.0,0.0
4076,154873387,154873887,500,0,100.0,0.0
4077,154873887,154874387,500,0,100.0,0.0
4078,154874387,154874887,500,0,100.0,0.0
4079,154874887,154875387,500,0,100.0,0.0
4080,154875387,154875887,500,0,100.0,0.0
4081,154875887,154876387,500,0,100.0,0.0
4082,154876387,154876887,500,0,100.0,0.0
4083,154876887,154877387,500,0,100.0,0.0
4084,154877387,154877887,500,0,100.0,0.0
4085,154877887,154878387,500,0,100.0,0.0
4086,154878387,154878887,500,0,100.0,0.0
4087,154878887,154879387,500,0,100.0,0.0
4088,154879387,154879887,500,0,100.0,0.0
4089,154879887,154880387,500,0,100.0,0.0
4090,154880387,154880887,500,0,100.0,0.0
4091,154880887,154881387,500,0,100.0,0.0
4092,154881387,154881887,500,0,100.0,0.0
4093,154881887,154882387,500,0,100.0,0.0
4094,154882387,154882887,246,254,49.2,50.8
4095,154882887,154883387,12,488,2.4,97.6
4096,154883387,154883887,51,449,10.2,89.8
4097,154883887,154884387,33,467,6.6000000000000005,93.4
4098,154884387,154884887,394,106,78.8,21.200000000000003
4099,154884887,154885387,500,0,100.0,0.0
4100,154885387,154885887,500,0,100.0,0.0
4101,154885887,154886387,500,0,100.0,0.0
4102,154886387,154886887,500,0,100.0,0.0
4103,154886887,154887387,500,0,100.0,0.0
4104,154887387,154887887,500,0,100.0,0.0
4105,154887887,154888387,500,0,100.0,0.0
4106,154888387,154888887,500,0,100.0,0.0
4107,154888887,154889387,500,0,100.0,0.0
4108,154889387,154889887,500,0,100.0,0.0
4109,154889887,154890387,500,0,100.0,0.0
4110,154890387,154890887,500,0,100.0,0.0
4111,154890887,154891387,500,0,100.0,0.0
4112,154891387,154891887,500,0,100.0,0.0
4113,154891887,154892387,500,0,100.0,0.0
4114,154892387,154892887,500,0,100.0,0.0
4115,154892887,154893387,500,0,100.0,0.0
4116,154893387,154893887,500,0,100.0,0.0
4117,154893887,154894387,500,0,100.0,0.0
4118,154894387,154894887,500,0,100.0,0.0
4119,154894887,154895387,500,0,100.0,0.0
4120,154895387,154895887,500,0,100.0,0.0
4121,154895887,154896387,500,0,100.0,0.0
4122,154896387,154896887,500,0,100.0,0.0
4123,154896887,154897387,500,0,100.0,0.0
4124,154897387,154897887,500,0,100.0,0.0
4125,154897887,154898387,500,0,100.0,0.0
4126,154898387,154898887,500,0,100.0,0.0
4127,154898887,154899387,500,0,100.0,0.0
4128,154899387,154899887,500,0,100.0,0.0
4129,154899887,154900387,500,0,100.0,0.0
4130,154900387,154900887,500,0,100.0,0.0
4131,154900887,154901387,500,0,100.0,0.0
4132,154901387,154901887,500,0,100.0,0.0
4133,154901887,154902387,500,0,100.0,0.0
4134,154902387,154902887,500,0,100.0,0.0
4135,154902887,154903387,500,0,100.0,0.0
4136,154903387,154903887,500,0,100.0,0.0
4137,154903887,154904387,500,0,100.0,0.0
4138,154904387,154904887,500,0,100.0,0.0
4139,154904887,154905387,500,0,100.0,0.0
4140,154905387,154905887,500,0,100.0,0.0
4141,154905887,154906387,500,0,100.0,0.0
4142,154906387,154906887,500,0,100.0,0.0
4143,154906887,154907387,500,0,100.0,0.0
4144,154907387,154907887,500,0,100.0,0.0
4145,154907887,154908387,500,0,100.0,0.0
4146,154908387,154908887,500,0,100.0,0.0
4147,154908887,154909387,500,0,100.0,0.0
4148,154909387,154909887,500,0,100.0,0.0
4149,154909887,154910387,500,0,100.0,0.0
4150,154910387,154910887,500,0,100.0,0.0
4151,154910887,154911387,500,0,100.0,0.0
4152,154911387,154911887,500,0,100.0,0.0
4153,154911887,154912387,500,0,100.0,0.0
4154,154912387,154912887,500,0,100.0,0.0
4155,154912887,154913387,500,0,100.0,0.0
4156,154913387,154913887,500,0,100.0,0.0
4157,154913887,154914387,500,0,100.0,0.0
4158,154914387,154914887,500,0,100.0,0.0
4159,154914887,154915387,500,0,100.0,0.0
4160,154915387,154915887,500,0,100.0,0.0
4161,154915887,154916387,500,0,100.0,0.0
4162,154916387,154916887,500,0,100.0,0.0
4163,154916887,154917387,500,0,100.0,0.0
4164,154917387,154917887,500,0,100.0,0.0
4165,154917887,154918387,500,0,100.0,0.0
4166,154918387,154918887,500,0,100.0,0.0
4167,154918887,154919387,500,0,100.0,0.0
4168,154919387,154919887,500,0,100.0,0.0
4169,154919887,154920387,500,0,100.0,0.0
4170,154920387,154920887,303,197,60.6,39.4
4171,154920887,154921387,10,490,2.0,98.0
4172,154921387,154921887,42,458,8.4,91.6
4173,154921887,154922387,41,459,8.200000000000001,91.8
4174,154922387,154922887,376,124,75.2,24.799999999999997
4175,154922887,154923387,500,0,100.0,0.0
4176,154923387,154923887,500,0,100.0,0.0
4177,154923887,154924387,500,0,100.0,0.0
4178,154924387,154924887,500,0,100.0,0.0
4179,154924887,154925387,500,0,100.0,0.0
4180,154925387,154925887,500,0,100.0,0.0
4181,154925887,154926387,500,0,100.0,0.0
4182,154926387,154926887,500,0,100.0,0.0
4183,154926887,154927387,500,0,100.0,0.0
4184,154927387,154927887,500,0,100.0,0.0
4185,154927887,154928387,500,0,100.0,0.0
4186,154928387,154928887,500,0,100.0,0.0
4187,154928887,154929387,500,0,100.0,0.0
4188,154929387,154929887,500,0,100.0,0.0
4189,154929887,154930387,500,0,100.0,0.0
4190,154930387,154930887,500,0,100.0,0.0
4191,154930887,154931387,500,0,100.0,0.0
4192,154931387,154931887,500,0,100.0,0.0
4193,154931887,154932387,500,0,100.0,0.0
4194,154932387,154932887,500,0,100.0,0.0
4195,154932887,154933387,500,0,100.0,0.0
4196,154933387,154933887,500,0,100.0,0.0
4197,154933887,154934387,500,0,100.0,0.0
4198,154934387,154934887,500,0,100.0,0.0
4199,154934887,154935387,500,0,100.0,0.0
4200,154935387,154935887,500,0,100.0,0.0
4201,154935887,154936387,500,0,100.0,0.0
4202,154936387,154936887,500,0,100.0,0.0
4203,154936887,154937387,500,0,100.0,0.0
4204,154937387,154937887,500,0,100.0,0.0
4205,154937887,154938387,500,0,100.0,0.0
4206,154938387,154938887,500,0,100.0,0.0
4207,154938887,154939387,500,0,100.0,0.0
4208,154939387,154939887,500,0,100.0,0.0
4209,154939887,154940387,500,0,100.0,0.0
4210,154940387,154940887,500,0,100.0,0.0
4211,154940887,154941387,500,0,100.0,0.0
4212,154941387,154941887,500,0,100.0,0.0
4213,154941887,154942387,500,0,100.0,0.0
4214,154942387,154942887,500,0,100.0,0.0
4215,154942887,154943387,500,0,100.0,0.0
4216,154943387,154943887,500,0,100.0,0.0
4217,154943887,154944387,500,0,100.0,0.0
4218,154944387,154944887,500,0,100.0,0.0
4219,154944887,154945387,500,0,100.0,0.0
4220,154945387,154945887,500,0,100.0,0.0
4221,154945887,154946387,500,0,100.0,0.0
4222,154946387,154946887,500,0,100.0,0.0
4223,154946887,154947387,500,0,100.0,0.0
4224,154947387,154947887,500,0,100.0,0.0
4225,154947887,154948387,500,0,100.0,0.0
4226,154948387,154948887,500,0,100.0,0.0
4227,154948887,154949387,500,0,100.0,0.0
4228,154949387,154949887,500,0,100.0,0.0
4229,154949887,154950387,500,0,100.0,0.0
4230,154950387,154950887,500,0,100.0,0.0
4231,154950887,154951387,500,0,100.0,0.0
4232,154951387,154951887,500,0,100.0,0.0
4233,154951887,154952387,500,0,100.0,0.0
4234,154952387,154952887,500,0,100.0,0.0
4235,154952887,154953387,500,0,100.0,0.0
4236,154953387,154953887,500,0,100.0,0.0
4237,154953887,154954387,500,0,100.0,0.0
4238,154954387,154954887,500,0,100.0,0.0
4239,154954887,154955387,500,0,100.0,0.0
4240,154955387,154955887,500,0,100.0,0.0
4241,154955887,154956387,500,0,100.0,0.0
4242,154956387,154956887,500,0,100.0,0.0
4243,154956887,154957387,500,0,100.0,0.0
4244,154957387,154957887,126,374,25.2,74.8
4245,154957887,154958387,8,492,1.6,98.4
4246,154958387,154958887,84,416,16.8,83.2
4247,154958887,154959387,113,387,22.6,77.4
4248,154959387,154959887,500,0,100.0,0.0
4249,154959887,154960387,500,0,100.0,0.0
4250,154960387,154960887,500,0,100.0,0.0
4251,154960887,154961387,500,0,100.0,0.0
4252,154961387,154961887,500,0,100.0,0.0
4253,154961887,154962387,500,0,100.0,0.0
4254,154962387,154962887,500,0,100.0,0.0
4255,154962887,154963387,500,0,100.0,0.0
4256,154963387,154963887,500,0,100.0,0.0
4257,154963887,154964387,500,0,100.0,0.0
4258,154964387,154964887,500,0,100.0,0.0
4259,154964887,154965387,500,0,100.0,0.0
4260,154965387,154965887,500,0,100.0,0.0
4261,154965887,154966387,500,0,100.0,0.0
4262,154966387,154966887,500,0,100.0,0.0
4263,154966887,154967387,500,0,100.0,0.0
4264,154967387,154967887,500,0,100.0,0.0
4265,154967887,154968387,500,0,100.0,0.0
4266,154968387,154968887,500,0,100.0,0.0
4267,154968887,154969387,500,0,100.0,0.0
4268,154969387,154969887,500,0,100.0,0.0
4269,154969887,154970387,500,0,100.0,0.0
4270,154970387,154970887,500,0,100.0,0.0
4271,154970887,154971387,500,0,100.0,0.0
4272,154971387,154971887,500,0,100.0,0.0
4273,154971887,154972387,500,0,100.0,0.0
4274,154972387,154972887,500,0,100.0,0.0
4275,154972887,154973387,500,0,100.0,0.0
4276,154973387,154973887,500,0,100.0,0.0
4277,154973887,154974387,500,0,100.0,0.0
4278,154974387,154974887,500,0,100.0,0.0
4279,154974887,154975387,500,0,100.0,0.0
4280,154975387,154975887,500,0,100.0,0.0
4281,154975887,154976387,500,0,100.0,0.0
4282,154976387,154976887,500,0,100.0,0.0
4283,154976887,154977387,500,0,100.0,0.0
4284,154977387,154977887,500,0,100.0,0.0
4285,154977887,154978387,500,0,100.0,0.0
4286,154978387,154978887,500,0,100.0,0.0
4287,154978887,154979387,500,0,100.0,0.0
4288,154979387,154979887,500,0,100.0,0.0
4289,154979887,154980387,500,0,100.0,0.0
4290,154980387,154980887,500,0,100.0,0.0
4291,154980887,154981387,500,0,100.0,0.0
4292,154981387,154981887,500,0,100.0,0.0
4293,154981887,154982387,500,0,100.0,0.0
4294,154982387,154982887,500,0,100.0,0.0
4295,154982887,154983387,500,0,100.0,0.0
4296,154983387,154983887,500,0,100.0,0.0
4297,154983887,154984387,500,0,100.0,0.0
4298,154984387,154984887,500,0,100.0,0.0
4299,154984887,154985387,500,0,100.0,0.0
4300,154985387,154985887,500,0,100.0,0.0
4301,154985887,154986387,500,0,100.0,0.0
4302,154986387,154986887,500,0,100.0,0.0
4303,154986887,154987387,500,0,100.0,0.0
4304,154987387,154987887,500,0,100.0,0.0
4305,154987887,154988387,500,0,100.0,0.0
4306,154988387,154988887,500,0,100.0,0.0
4307,154988887,154989387,500,0,100.0,0.0
4308,154989387,154989887,500,0,100.0,0.0
4309,154989887,154990387,500,0,100.0,0.0
4310,154990387,154990887,500,0,100.0,0.0
4311,154990887,154991387,500,0,100.0,0.0
4312,154991387,154991887,500,0,100.0,0.0
4313,154991887,154992387,500,0,100.0,0.0
4314,154992387,154992887,500,0,100.0,0.0
4315,154992887,154993387,500,0,100.0,0.0
4316,154993387,154993887,500,0,100.0,0.0
4317,154993887,154994387,500,0,100.0,0.0
4318,154994387,154994887,500,0,100.0,0.0
4319,154994887,154995387,500,0,100.0,0.0
4320,154995387,154995887,500,0,100.0,0.0
4321,154995887,154996387,77,423,15.4,84.6
4322,154996387,154996887,20,480,4.0,96.0
4323,154996887,154997387,71,429,14.2,85.8
4324,154997387,154997887,36,464,7.199999999999999,92.8
4325,154997887,154998387,46,454,9.2,90.8
4326,154998387,154998887,479,21,95.8,4.200000000000003
4327,154998887,154999387,500,0,100.0,0.0
4328,154999387,154999887,500,0,100.0,0.0
4329,154999887,155000387,500,0,100.0,0.0
4330,155000387,155000887,500,0,100.0,0.0
4331,155000887,155001387,500,0,100.0,0.0
4332,155001387,155001887,500,0,100.0,0.0
4333,155001887,155002387,500,0,100.0,0.0
4334,155002387,155002887,500,0,100.0,0.0
4335,155002887,155003387,500,0,100.0,0.0
4336,155003387,155003887,500,0,100.0,0.0
4337,155003887,155004387,500,0,100.0,0.0
4338,155004387,155004887,500,0,100.0,0.0
4339,155004887,155005387,500,0,100.0,0.0
4340,155005387,155005887,500,0,100.0,0.0
4341,155005887,155006387,500,0,100.0,0.0
4342,155006387,155006887,500,0,100.0,0.0
4343,155006887,155007387,500,0,100.0,0.0
4344,155007387,155007887,500,0,100.0,0.0
4345,155007887,155008387,500,0,100.0,0.0
4346,155008387,155008887,500,0,100.0,0.0
4347,155008887,155009387,500,0,100.0,0.0
4348,155009387,155009887,500,0,100.0,0.0
4349,155009887,155010387,500,0,100.0,0.0
4350,155010387,155010887,500,0,100.0,0.0
4351,155010887,155011387,500,0,100.0,0.0
4352,155011387,155011887,500,0,100.0,0.0
4353,155011887,155012387,500,0,100.0,0.0
4354,155012387,155012887,500,0,100.0,0.0
4355,155012887,155013387,500,0,100.0,0.0
4356,155013387,155013887,500,0,100.0,0.0
4357,155013887,155014387,500,0,100.0,0.0
4358,155014387,155014887,500,0,100.0,0.0
4359,155014887,155015387,500,0,100.0,0.0
4360,155015387,155015887,500,0,100.0,0.0
4361,155015887,155016387,500,0,100.0,0.0
4362,155016387,155016887,500,0,100.0,0.0
4363,155016887,155017387,500,0,100.0,0.0
4364,155017387,155017887,500,0,100.0,0.0
4365,155017887,155018387,500,0,100.0,0.0
4366,155018387,155018887,500,0,100.0,0.0
4367,155018887,155019387,500,0,100.0,0.0
4368,155019387,155019887,500,0,100.0,0.0
4369,155019887,155020387,277,223,55.400000000000006,44.599999999999994
4370,155020387,155020887,23,477,4.6,95.4
4371,155020887,155021387,11,489,2.1999999999999997,97.8
4372,155021387,155021887,45,455,9.0,91.0
4373,155021887,155022387,10,490,2.0,98.0
4374,155022387,155022887,6,494,1.2,98.8
4375,155022887,155023387,75,425,15.0,85.0
4376,155023387,155023887,141,359,28.199999999999996,71.80000000000001
4377,155023887,155024387,500,0,100.0,0.0
4378,155024387,155024887,500,0,100.0,0.0
4379,155024887,155025387,500,0,100.0,0.0
4380,155025387,155025887,500,0,100.0,0.0
4381,155025887,155026387,500,0,100.0,0.0
4382,155026387,155026887,500,0,100.0,0.0
4383,155026887,155027387,500,0,100.0,0.0
4384,155027387,155027887,500,0,100.0,0.0
4385,155027887,155028387,500,0,100.0,0.0
4386,155028387,155028887,500,0,100.0,0.0
4387,155028887,155029387,500,0,100.0,0.0
4388,155029387,155029887,500,0,100.0,0.0
4389,155029887,155030387,500,0,100.0,0.0
4390,155030387,155030887,500,0,100.0,0.0
4391,155030887,155031387,500,0,100.0,0.0
4392,155031387,155031887,500,0,100.0,0.0
4393,155031887,155032387,500,0,100.0,0.0
4394,155032387,155032887,500,0,100.0,0.0
4395,155032887,155033387,500,0,100.0,0.0
4396,155033387,155033887,500,0,100.0,0.0
4397,155033887,155034387,500,0,100.0,0.0
4398,155034387,155034887,500,0,100.0,0.0
4399,155034887,155035387,500,0,100.0,0.0
4400,155035387,155035887,500,0,100.0,0.0
4401,155035887,155036387,500,0,100.0,0.0
4402,155036387,155036887,500,0,100.0,0.0
4403,155036887,155037387,500,0,100.0,0.0
4404,155037387,155037887,500,0,100.0,0.0
4405,155037887,155038387,500,0,100.0,0.0
4406,155038387,155038887,500,0,100.0,0.0
4407,155038887,155039387,500,0,100.0,0.0
4408,155039387,155039887,500,0,100.0,0.0
4409,155039887,155040387,500,0,100.0,0.0
4410,155040387,155040887,500,0,100.0,0.0
4411,155040887,155041387,500,0,100.0,0.0
4412,155041387,155041887,500,0,100.0,0.0
4413,155041887,155042387,500,0,100.0,0.0
4414,155042387,155042887,500,0,100.0,0.0
4415,155042887,155043387,500,0,100.0,0.0
4416,155043387,155043887,500,0,100.0,0.0
4417,155043887,155044387,500,0,100.0,0.0
4418,155044387,155044887,500,0,100.0,0.0
4419,155044887,155045387,401,99,80.2,19.799999999999997
4420,155045387,155045887,6,494,1.2,98.8
4421,155045887,155046387,17,483,3.4000000000000004,96.6
4422,155046387,155046887,8,492,1.6,98.4
4423,155046887,155047387,8,492,1.6,98.4
4424,155047387,155047887,69,431,13.8,86.2
4425,155047887,155048387,204,296,40.8,59.2
4426,155048387,155048887,500,0,100.0,0.0
4427,155048887,155049387,500,0,100.0,0.0
4428,155049387,155049887,500,0,100.0,0.0
4429,155049887,155050387,500,0,100.0,0.0
4430,155050387,155050887,500,0,100.0,0.0
4431,155050887,155051387,500,0,100.0,0.0
4432,155051387,155051887,500,0,100.0,0.0
4433,155051887,155052387,500,0,100.0,0.0
4434,155052387,155052887,500,0,100.0,0.0
4435,155052887,155053387,500,0,100.0,0.0
4436,155053387,155053887,500,0,100.0,0.0
4437,155053887,155054387,500,0,100.0,0.0
4438,155054387,155054887,500,0,100.0,0.0
4439,155054887,155055387,500,0,100.0,0.0
4440,155055387,155055887,500,0,100.0,0.0
4441,155055887,155056387,500,0,100.0,0.0
4442,155056387,155056887,500,0,100.0,0.0
4443,155056887,155057387,500,0,100.0,0.0
4444,155057387,155057887,500,0,100.0,0.0
4445,155057887,155058387,500,0,100.0,0.0
4446,155058387,155058887,500,0,100.0,0.0
4447,155058887,155059387,500,0,100.0,0.0
4448,155059387,155059887,500,0,100.0,0.0
4449,155059887,155060387,500,0,100.0,0.0
4450,155060387,155060887,500,0,100.0,0.0
4451,155060887,155061387,500,0,100.0,0.0
4452,155061387,155061887,500,0,100.0,0.0
4453,155061887,155062387,500,0,100.0,0.0
4454,155062387,155062887,500,0,100.0,0.0
4455,155062887,155063387,500,0,100.0,0.0
4456,155063387,155063887,500,0,100.0,0.0
4457,155063887,155064387,500,0,100.0,0.0
4458,155064387,155064887,500,0,100.0,0.0
4459,155064887,155065387,500,0,100.0,0.0
4460,155065387,155065887,500,0,100.0,0.0
4461,155065887,155066387,500,0,100.0,0.0
4462,155066387,155066887,500,0,100.0,0.0
4463,155066887,155067387,500,0,100.0,0.0
4464,155067387,155067887,500,0,100.0,0.0
4465,155067887,155068387,500,0,100.0,0.0
4466,155068387,155068887,500,0,100.0,0.0
4467,155068887,155069387,500,0,100.0,0.0
4468,155069387,155069887,500,0,100.0,0.0
4469,155069887,155070387,398,102,79.60000000000001,20.39999999999999
4470,155070387,155070887,9,491,1.7999999999999998,98.2
4471,155070887,155071387,18,482,3.5999999999999996,96.4
4472,155071387,155071887,6,494,1.2,98.8
4473,155071887,155072387,102,398,20.4,79.6
4474,155072387,155072887,269,231,53.800000000000004,46.199999999999996
4475,155072887,155073387,500,0,100.0,0.0
4476,155073387,155073887,500,0,100.0,0.0
4477,155073887,155074387,500,0,100.0,0.0
4478,155074387,155074887,500,0,100.0,0.0
4479,155074887,155075387,500,0,100.0,0.0
4480,155075387,155075887,500,0,100.0,0.0
4481,155075887,155076387,500,0,100.0,0.0
4482,155076387,155076887,500,0,100.0,0.0
4483,155076887,155077387,500,0,100.0,0.0
4484,155077387,155077887,500,0,100.0,0.0
4485,155077887,155078387,500,0,100.0,0.0
4486,155078387,155078887,500,0,100.0,0.0
4487,155078887,155079387,500,0,100.0,0.0
4488,155079387,155079887,500,0,100.0,0.0
4489,155079887,155080387,500,0,100.0,0.0
4490,155080387,155080887,500,0,100.0,0.0
4491,155080887,155081387,500,0,100.0,0.0
4492,155081387,155081887,500,0,100.0,0.0
4493,155081887,155082387,500,0,100.0,0.0
4494,155082387,155082887,500,0,100.0,0.0
4495,155082887,155083387,500,0,100.0,0.0
4496,155083387,155083887,500,0,100.0,0.0
4497,155083887,155084387,500,0,100.0,0.0
4498,155084387,155084887,500,0,100.0,0.0
4499,155084887,155085387,500,0,100.0,0.0
4500,155085387,155085887,500,0,100.0,0.0
4501,155085887,155086387,500,0,100.0,0.0
4502,155086387,155086887,500,0,100.0,0.0
4503,155086887,155087387,500,0,100.0,0.0
4504,155087387,155087887,500,0,100.0,0.0
4505,155087887,155088387,500,0,100.0,0.0
4506,155088387,155088887,500,0,100.0,0.0
4507,155088887,155089387,500,0,100.0,0.0
4508,155089387,155089887,500,0,100.0,0.0
4509,155089887,155090387,500,0,100.0,0.0
4510,155090387,155090887,500,0,100.0,0.0
4511,155090887,155091387,500,0,100.0,0.0
4512,155091387,155091887,500,0,100.0,0.0
4513,155091887,155092387,500,0,100.0,0.0
4514,155092387,155092887,500,0,100.0,0.0
4515,155092887,155093387,100,400,20.0,80.0
4516,155093387,155093887,25,475,5.0,95.0
4517,155093887,155094387,7,493,1.4000000000000001,98.6
4518,155094387,155094887,89,411,17.8,82.2
4519,155094887,155095387,163,337,32.6,67.4
4520,155095387,155095887,500,0,100.0,0.0
4521,155095887,155096387,500,0,100.0,0.0
4522,155096387,155096887,500,0,100.0,0.0
4523,155096887,155097387,500,0,100.0,0.0
4524,155097387,155097887,500,0,100.0,0.0
4525,155097887,155098387,500,0,100.0,0.0
4526,155098387,155098887,500,0,100.0,0.0
4527,155098887,155099387,500,0,100.0,0.0
4528,155099387,155099887,500,0,100.0,0.0
4529,155099887,155100387,500,0,100.0,0.0
4530,155100387,155100887,500,0,100.0,0.0
4531,155100887,155101387,500,0,100.0,0.0
4532,155101387,155101887,500,0,100.0,0.0
4533,155101887,155102387,500,0,100.0,0.0
4534,155102387,155102887,500,0,100.0,0.0
4535,155102887,155103387,500,0,100.0,0.0
4536,155103387,155103887,500,0,100.0,0.0
4537,155103887,155104387,500,0,100.0,0.0
4538,155104387,155104887,500,0,100.0,0.0
4539,155104887,155105387,500,0,100.0,0.0
4540,155105387,155105887,500,0,100.0,0.0
4541,155105887,155106387,500,0,100.0,0.0
4542,155106387,155106887,500,0,100.0,0.0
4543,155106887,155107387,500,0,100.0,0.0
4544,155107387,155107887,500,0,100.0,0.0
4545,155107887,155108387,500,0,100.0,0.0
4546,155108387,155108887,500,0,100.0,0.0
4547,155108887,155109387,500,0,100.0,0.0
4548,155109387,155109887,500,0,100.0,0.0
4549,155109887,155110387,500,0,100.0,0.0
4550,155110387,155110887,500,0,100.0,0.0
4551,155110887,155111387,500,0,100.0,0.0
4552,155111387,155111887,500,0,100.0,0.0
4553,155111887,155112387,500,0,100.0,0.0
4554,155112387,155112887,500,0,100.0,0.0
4555,155112887,155113387,500,0,100.0,0.0
4556,155113387,155113887,500,0,100.0,0.0
4557,155113887,155114387,500,0,100.0,0.0
4558,155114387,155114887,105,395,21.0,79.0
4559,155114887,155115387,7,493,1.4000000000000001,98.6
4560,155115387,155115887,74,426,14.799999999999999,85.2
4561,155115887,155116387,178,322,35.6,64.4
4562,155116387,155116887,500,0,100.0,0.0
4563,155116887,155117387,500,0,100.0,0.0
4564,155117387,155117887,500,0,100.0,0.0
4565,155117887,155118387,500,0,100.0,0.0
4566,155118387,155118887,500,0,100.0,0.0
4567,155118887,155119387,500,0,100.0,0.0
4568,155119387,155119887,500,0,100.0,0.0
4569,155119887,155120387,500,0,100.0,0.0
4570,155120387,155120887,500,0,100.0,0.0
4571,155120887,155121387,500,0,100.0,0.0
4572,155121387,155121887,500,0,100.0,0.0
4573,155121887,155122387,500,0,100.0,0.0
4574,155122387,155122887,500,0,100.0,0.0
4575,155122887,155123387,500,0,100.0,0.0
4576,155123387,155123887,500,0,100.0,0.0
4577,155123887,155124387,500,0,100.0,0.0
4578,155124387,155124887,500,0,100.0,0.0
4579,155124887,155125387,500,0,100.0,0.0
4580,155125387,155125887,500,0,100.0,0.0
4581,155125887,155126387,500,0,100.0,0.0
4582,155126387,155126887,500,0,100.0,0.0
4583,155126887,155127387,500,0,100.0,0.0
4584,155127387,155127887,500,0,100.0,0.0
4585,155127887,155128387,500,0,100.0,0.0
4586,155128387,155128887,500,0,100.0,0.0
4587,155128887,155129387,500,0,100.0,0.0
4588,155129387,155129887,500,0,100.0,0.0
4589,155129887,155130387,500,0,100.0,0.0
4590,155130387,155130887,500,0,100.0,0.0
4591,155130887,155131387,500,0,100.0,0.0
4592,155131387,155131887,500,0,100.0,0.0
4593,155131887,155132387,500,0,100.0,0.0
4594,155132387,155132887,500,0,100.0,0.0
4595,155132887,155133387,500,0,100.0,0.0
4596,155133387,155133887,500,0,100.0,0.0
4597,155133887,155134387,500,0,100.0,0.0
4598,155134387,155134887,500,0,100.0,0.0
4599,155134887,155135387,356,144,71.2,28.799999999999997
4600,155135387,155135887,9,491,1.7999999999999998,98.2
4601,155135887,155136387,15,485,3.0,97.0
4602,155136387,155136887,86,414,17.2,82.8
4603,155136887,155137387,125,375,25.0,75.0
4604,155137387,155137887,500,0,100.0,0.0
4605,155137887,155138387,500,0,100.0,0.0
4606,155138387,155138887,500,0,100.0,0.0
4607,155138887,155139387,500,0,100.0,0.0
4608,155139387,155139887,500,0,100.0,0.0
4609,155139887,155140387,500,0,100.0,0.0
4610,155140387,155140887,500,0,100.0,0.0
4611,155140887,155141387,500,0,100.0,0.0
4612,155141387,155141887,500,0,100.0,0.0
4613,155141887,155142387,500,0,100.0,0.0
4614,155142387,155142887,500,0,100.0,0.0
4615,155142887,155143387,500,0,100.0,0.0
4616,155143387,155143887,500,0,100.0,0.0
4617,155143887,155144387,500,0,100.0,0.0
4618,155144387,155144887,500,0,100.0,0.0
4619,155144887,155145387,500,0,100.0,0.0
4620,155145387,155145887,500,0,100.0,0.0
4621,155145887,155146387,500,0,100.0,0.0
4622,155146387,155146887,500,0,100.0,0.0
4623,155146887,155147387,500,0,100.0,0.0
4624,155147387,155147887,500,0,100.0,0.0
4625,155147887,155148387,500,0,100.0,0.0
4626,155148387,155148887,500,0,100.0,0.0
4627,155148887,155149387,500,0,100.0,0.0
4628,155149387,155149887,500,0,100.0,0.0
4629,155149887,155150387,500,0,100.0,0.0
4630,155150387,155150887,500,0,100.0,0.0
4631,155150887,155151387,500,0,100.0,0.0
4632,155151387,155151887,500,0,100.0,0.0
4633,155151887,155152387,500,0,100.0,0.0
4634,155152387,155152887,500,0,100.0,0.0
4635,155152887,155153387,500,0,100.0,0.0
4636,155153387,155153887,500,0,100.0,0.0
4637,155153887,155154387,500,0,100.0,0.0
4638,155154387,155154887,500,0,100.0,0.0
4639,155154887,155155387,471,29,94.19999999999999,5.800000000000011
4640,155155387,155155887,14,486,2.8000000000000003,97.2
4641,155155887,155156387,26,474,5.2,94.8
4642,155156387,155156887,4,496,0.8,99.2
4643,155156887,155157387,70,430,14.000000000000002,86.0
4644,155157387,155157887,308,192,61.6,38.4
4645,155157887,155158387,500,0,100.0,0.0
4646,155158387,155158887,500,0,100.0,0.0
4647,155158887,155159387,500,0,100.0,0.0
4648,155159387,155159887,500,0,100.0,0.0
4649,155159887,155160387,500,0,100.0,0.0
4650,155160387,155160887,500,0,100.0,0.0
4651,155160887,155161387,500,0,100.0,0.0
4652,155161387,155161887,500,0,100.0,0.0
4653,155161887,155162387,500,0,100.0,0.0
4654,155162387,155162887,500,0,100.0,0.0
4655,155162887,155163387,500,0,100.0,0.0
4656,155163387,155163887,500,0,100.0,0.0
4657,155163887,155164387,500,0,100.0,0.0
4658,155164387,155164887,500,0,100.0,0.0
4659,155164887,155165387,500,0,100.0,0.0
4660,155165387,155165887,500,0,100.0,0.0
4661,155165887,155166387,500,0,100.0,0.0
4662,155166387,155166887,500,0,100.0,0.0
4663,155166887,155167387,500,0,100.0,0.0
4664,155167387,155167887,500,0,100.0,0.0
4665,155167887,155168387,500,0,100.0,0.0
4666,155168387,155168887,500,0,100.0,0.0
4667,155168887,155169387,500,0,100.0,0.0
4668,155169387,155169887,500,0,100.0,0.0
4669,155169887,155170387,500,0,100.0,0.0
4670,155170387,155170887,500,0,100.0,0.0
4671,155170887,155171387,500,0,100.0,0.0
4672,155171387,155171887,500,0,100.0,0.0
4673,155171887,155172387,500,0,100.0,0.0
4674,155172387,155172887,500,0,100.0,0.0
4675,155172887,155173387,500,0,100.0,0.0
4676,155173387,155173887,500,0,100.0,0.0
4677,155173887,155174387,500,0,100.0,0.0
4678,155174387,155174887,500,0,100.0,0.0
4679,155174887,155175387,500,0,100.0,0.0
4680,155175387,155175887,500,0,100.0,0.0
4681,155175887,155176387,304,196,60.8,39.2
4682,155176387,155176887,6,494,1.2,98.8
4683,155176887,155177387,69,431,13.8,86.2
4684,155177387,155177887,140,360,28.000000000000004,72.0
4685,155177887,155178387,500,0,100.0,0.0
4686,155178387,155178887,500,0,100.0,0.0
4687,155178887,155179387,500,0,100.0,0.0
4688,155179387,155179887,500,0,100.0,0.0
4689,155179887,155180387,500,0,100.0,0.0
4690,155180387,155180887,500,0,100.0,0.0
4691,155180887,155181387,500,0,100.0,0.0
4692,155181387,155181887,500,0,100.0,0.0
4693,155181887,155182387,500,0,100.0,0.0
4694,155182387,155182887,500,0,100.0,0.0
4695,155182887,155183387,500,0,100.0,0.0
4696,155183387,155183887,500,0,100.0,0.0
4697,155183887,155184387,500,0,100.0,0.0
4698,155184387,155184887,500,0,100.0,0.0
4699,155184887,155185387,500,0,100.0,0.0
4700,155185387,155185887,500,0,100.0,0.0
4701,155185887,155186387,500,0,100.0,0.0
4702,155186387,155186887,500,0,100.0,0.0
4703,155186887,155187387,500,0,100.0,0.0
4704,155187387,155187887,500,0,100.0,0.0
4705,155187887,155188387,500,0,100.0,0.0
4706,155188387,155188887,500,0,100.0,0.0
4707,155188887,155189387,500,0,100.0,0.0
4708,155189387,155189887,500,0,100.0,0.0
4709,155189887,155190387,500,0,100.0,0.0
4710,155190387,155190887,500,0,100.0,0.0
4711,155190887,155191387,500,0,100.0,0.0
4712,155191387,155191887,500,0,100.0,0.0
4713,155191887,155192387,500,0,100.0,0.0
4714,155192387,155192887,500,0,100.0,0.0
4715,155192887,155193387,500,0,100.0,0.0
4716,155193387,155193887,500,0,100.0,0.0
4717,155193887,155194387,500,0,100.0,0.0
4718,155194387,155194887,500,0,100.0,0.0
4719,155194887,155195387,500,0,100.0,0.0
4720,155195387,155195887,500,0,100.0,0.0
4721,155195887,155196387,500,0,100.0,0.0
4722,155196387,155196887,92,408,18.4,81.6
4723,155196887,155197387,15,485,3.0,97.0
4724,155197387,155197887,5,495,1.0,99.0
4725,155197887,155198387,72,428,14.399999999999999,85.6
4726,155198387,155198887,428,72,85.6,14.400000000000006
4727,155198887,155199387,500,0,100.0,0.0
4728,155199387,155199887,500,0,100.0,0.0
4729,155199887,155200387,500,0,100.0,0.0
4730,155200387,155200887,500,0,100.0,0.0
4731,155200887,155201387,500,0,100.0,0.0
4732,155201387,155201887,500,0,100.0,0.0
4733,155201887,155202387,500,0,100.0,0.0
4734,155202387,155202887,500,0,100.0,0.0
4735,155202887,155203387,500,0,100.0,0.0
4736,155203387,155203887,500,0,100.0,0.0
4737,155203887,155204387,500,0,100.0,0.0
4738,155204387,155204887,500,0,100.0,0.0
4739,155204887,155205387,500,0,100.0,0.0
4740,155205387,155205887,500,0,100.0,0.0
4741,155205887,155206387,500,0,100.0,0.0
4742,155206387,155206887,500,0,100.0,0.0
4743,155206887,155207387,500,0,100.0,0.0
4744,155207387,155207887,500,0,100.0,0.0
4745,155207887,155208387,500,0,100.0,0.0
4746,155208387,155208887,500,0,100.0,0.0
4747,155208887,155209387,500,0,100.0,0.0
4748,155209387,155209887,500,0,100.0,0.0
4749,155209887,155210387,500,0,100.0,0.0
4750,155210387,155210887,500,0,100.0,0.0
4751,155210887,155211387,500,0,100.0,0.0
4752,155211387,155211887,500,0,100.0,0.0
4753,155211887,155212387,500,0,100.0,0.0
4754,155212387,155212887,500,0,100.0,0.0
4755,155212887,155213387,500,0,100.0,0.0
4756,155213387,155213887,500,0,100.0,0.0
4757,155213887,155214387,500,0,100.0,0.0
4758,155214387,155214887,500,0,100.0,0.0
4759,155214887,155215387,500,0,100.0,0.0
4760,155215387,155215887,500,0,100.0,0.0
4761,155215887,155216387,500,0,100.0,0.0
4762,155216387,155216887,271,229,54.2,45.8
4763,155216887,155217387,32,468,6.4,93.6
4764,155217387,155217887,6,494,1.2,98.8
4765,155217887,155218387,71,429,14.2,85.8
4766,155218387,155218887,5,495,1.0,99.0
4767,155218887,155219387,361,139,72.2,27.799999999999997
4768,155219387,155219887,500,0,100.0,0.0
4769,155219887,155220387,500,0,100.0,0.0
4770,155220387,155220887,500,0,100.0,0.0
4771,155220887,155221387,500,0,100.0,0.0
4772,155221387,155221887,500,0,100.0,0.0
4773,155221887,155222387,500,0,100.0,0.0
4774,155222387,155222887,500,0,100.0,0.0
4775,155222887,155223387,500,0,100.0,0.0
4776,155223387,155223887,500,0,100.0,0.0
4777,155223887,155224387,500,0,100.0,0.0
4778,155224387,155224887,500,0,100.0,0.0
4779,155224887,155225387,500,0,100.0,0.0
4780,155225387,155225887,500,0,100.0,0.0
4781,155225887,155226387,500,0,100.0,0.0
4782,155226387,155226887,500,0,100.0,0.0
4783,155226887,155227387,500,0,100.0,0.0
4784,155227387,155227887,500,0,100.0,0.0
4785,155227887,155228387,500,0,100.0,0.0
4786,155228387,155228887,500,0,100.0,0.0
4787,155228887,155229387,500,0,100.0,0.0
4788,155229387,155229887,500,0,100.0,0.0
4789,155229887,155230387,500,0,100.0,0.0
4790,155230387,155230887,500,0,100.0,0.0
4791,155230887,155231387,500,0,100.0,0.0
4792,155231387,155231887,500,0,100.0,0.0
4793,155231887,155232387,500,0,100.0,0.0
4794,155232387,155232887,500,0,100.0,0.0
4795,155232887,155233387,500,0,100.0,0.0
4796,155233387,155233887,500,0,100.0,0.0
4797,155233887,155234387,500,0,100.0,0.0
4798,155234387,155234887,500,0,100.0,0.0
4799,155234887,155235387,500,0,100.0,0.0
4800,155235387,155235887,500,0,100.0,0.0
4801,155235887,155236387,500,0,100.0,0.0
4802,155236387,155236887,500,0,100.0,0.0
4803,155236887,155237387,500,0,100.0,0.0
4804,155237387,155237887,500,0,100.0,0.0
4805,155237887,155238387,500,0,100.0,0.0
4806,155238387,155238887,500,0,100.0,0.0
4807,155238887,155239387,171,329,34.2,65.8
4808,155239387,155239887,7,493,1.4000000000000001,98.6
4809,155239887,155240387,73,427,14.6,85.4
4810,155240387,155240887,326,174,65.2,34.8
4811,155240887,155241387,500,0,100.0,0.0
4812,155241387,155241887,500,0,100.0,0.0
4813,155241887,155242387,500,0,100.0,0.0
4814,155242387,155242887,500,0,100.0,0.0
4815,155242887,155243387,500,0,100.0,0.0
4816,155243387,155243887,500,0,100.0,0.0
4817,155243887,155244387,500,0,100.0,0.0
4818,155244387,155244887,500,0,100.0,0.0
4819,155244887,155245387,500,0,100.0,0.0
4820,155245387,155245887,500,0,100.0,0.0
4821,155245887,155246387,500,0,100.0,0.0
4822,155246387,155246887,500,0,100.0,0.0
4823,155246887,155247387,500,0,100.0,0.0
4824,155247387,155247887,500,0,100.0,0.0
4825,155247887,155248387,500,0,100.0,0.0
4826,155248387,155248887,500,0,100.0,0.0
4827,155248887,155249387,500,0,100.0,0.0
4828,155249387,155249887,500,0,100.0,0.0
4829,155249887,155250387,500,0,100.0,0.0
4830,155250387,155250887,500,0,100.0,0.0
4831,155250887,155251387,500,0,100.0,0.0
4832,155251387,155251887,500,0,100.0,0.0
4833,155251887,155252387,500,0,100.0,0.0
4834,155252387,155252887,500,0,100.0,0.0
4835,155252887,155253387,500,0,100.0,0.0
4836,155253387,155253887,500,0,100.0,0.0
4837,155253887,155254387,500,0,100.0,0.0
4838,155254387,155254887,500,0,100.0,0.0
4839,155254887,155255387,500,0,100.0,0.0
4840,155255387,155255887,500,0,100.0,0.0
4841,155255887,155256387,500,0,100.0,0.0
4842,155256387,155256887,500,0,100.0,0.0
4843,155256887,155257387,500,0,100.0,0.0
4844,155257387,155257887,500,0,100.0,0.0
4845,155257887,155258387,500,0,100.0,0.0
4846,155258387,155258887,500,0,100.0,0.0
4847,155258887,155259387,130,370,26.0,74.0
4848,155259387,155259887,5,495,1.0,99.0
4849,155259887,155260387,41,459,8.200000000000001,91.8
4850,155260387,155260887,53,447,10.6,89.4
4851,155260887,155261387,378,122,75.6,24.400000000000006
4852,155261387,155261887,500,0,100.0,0.0
4853,155261887,155262387,500,0,100.0,0.0
4854,155262387,155262887,500,0,100.0,0.0
4855,155262887,155263387,500,0,100.0,0.0
4856,155263387,155263887,500,0,100.0,0.0
4857,155263887,155264387,500,0,100.0,0.0
4858,155264387,155264887,500,0,100.0,0.0
4859,155264887,155265387,500,0,100.0,0.0
4860,155265387,155265887,500,0,100.0,0.0
4861,155265887,155266387,500,0,100.0,0.0
4862,155266387,155266887,500,0,100.0,0.0
4863,155266887,155267387,500,0,100.0,0.0
4864,155267387,155267887,500,0,100.0,0.0
4865,155267887,155268387,500,0,100.0,0.0
4866,155268387,155268887,500,0,100.0,0.0
4867,155268887,155269387,500,0,100.0,0.0
4868,155269387,155269887,500,0,100.0,0.0
4869,155269887,155270387,500,0,100.0,0.0
4870,155270387,155270887,500,0,100.0,0.0
4871,155270887,155271387,500,0,100.0,0.0
4872,155271387,155271887,500,0,100.0,0.0
4873,155271887,155272387,500,0,100.0,0.0
4874,155272387,155272887,500,0,100.0,0.0
4875,155272887,155273387,500,0,100.0,0.0
4876,155273387,155273887,500,0,100.0,0.0
4877,155273887,155274387,500,0,100.0,0.0
4878,155274387,155274887,500,0,100.0,0.0
4879,155274887,155275387,500,0,100.0,0.0
4880,155275387,155275887,500,0,100.0,0.0
4881,155275887,155276387,500,0,100.0,0.0
4882,155276387,155276887,500,0,100.0,0.0
4883,155276887,155277387,500,0,100.0,0.0
4884,155277387,155277887,500,0,100.0,0.0
4885,155277887,155278387,500,0,100.0,0.0
4886,155278387,155278887,500,0,100.0,0.0
4887,155278887,155279387,500,0,100.0,0.0
4888,155279387,155279887,500,0,100.0,0.0
4889,155279887,155280387,500,0,100.0,0.0
4890,155280387,155280887,500,0,100.0,0.0
4891,155280887,155281387,386,114,77.2,22.799999999999997
4892,155281387,155281887,11,489,2.1999999999999997,97.8
4893,155281887,155282387,25,475,5.0,95.0
4894,155282387,155282887,4,496,0.8,99.2
4895,155282887,155283387,79,421,15.8,84.2
4896,155283387,155283887,303,197,60.6,39.4
4897,155283887,155284387,500,0,100.0,0.0
4898,155284387,155284887,500,0,100.0,0.0
4899,155284887,155285387,500,0,100.0,0.0
4900,155285387,155285887,500,0,100.0,0.0
4901,155285887,155286387,500,0,100.0,0.0
4902,155286387,155286887,500,0,100.0,0.0
4903,155286887,155287387,500,0,100.0,0.0
4904,155287387,155287887,500,0,100.0,0.0
4905,155287887,155288387,500,0,100.0,0.0
4906,155288387,155288887,500,0,100.0,0.0
4907,155288887,155289387,500,0,100.0,0.0
4908,155289387,155289887,500,0,100.0,0.0
4909,155289887,155290387,500,0,100.0,0.0
4910,155290387,155290887,500,0,100.0,0.0
4911,155290887,155291387,500,0,100.0,0.0
4912,155291387,155291887,500,0,100.0,0.0
4913,155291887,155292387,500,0,100.0,0.0
4914,155292387,155292887,500,0,100.0,0.0
4915,155292887,155293387,500,0,100.0,0.0
4916,155293387,155293887,500,0,100.0,0.0
4917,155293887,155294387,500,0,100.0,0.0
4918,155294387,155294887,500,0,100.0,0.0
4919,155294887,155295387,500,0,100.0,0.0
4920,155295387,155295887,500,0,100.0,0.0
4921,155295887,155296387,500,0,100.0,0.0
4922,155296387,155296887,500,0,100.0,0.0
4923,155296887,155297387,500,0,100.0,0.0
4924,155297387,155297887,500,0,100.0,0.0
4925,155297887,155298387,500,0,100.0,0.0
4926,155298387,155298887,500,0,100.0,0.0
4927,155298887,155299387,500,0,100.0,0.0
4928,155299387,155299887,500,0,100.0,0.0
4929,155299887,155300387,500,0,100.0,0.0
4930,155300387,155300887,500,0,100.0,0.0
4931,155300887,155301387,500,0,100.0,0.0
4932,155301387,155301887,500,0,100.0,0.0
4933,155301887,155302387,500,0,100.0,0.0
4934,155302387,155302887,11,489,2.1999999999999997,97.8
4935,155302887,155303387,75,425,15.0,85.0
4936,155303387,155303887,5,495,1.0,99.0
4937,155303887,155304387,373,127,74.6,25.400000000000006
4938,155304387,155304887,500,0,100.0,0.0
4939,155304887,155305387,500,0,100.0,0.0
4940,155305387,155305887,500,0,100.0,0.0
4941,155305887,155306387,500,0,100.0,0.0
4942,155306387,155306887,500,0,100.0,0.0
4943,155306887,155307387,500,0,100.0,0.0
4944,155307387,155307887,500,0,100.0,0.0
4945,155307887,155308387,500,0,100.0,0.0
4946,155308387,155308887,500,0,100.0,0.0
4947,155308887,155309387,500,0,100.0,0.0
4948,155309387,155309887,500,0,100.0,0.0
4949,155309887,155310387,500,0,100.0,0.0
4950,155310387,155310887,500,0,100.0,0.0
4951,155310887,155311387,500,0,100.0,0.0
4952,155311387,155311887,500,0,100.0,0.0
4953,155311887,155312387,500,0,100.0,0.0
4954,155312387,155312887,500,0,100.0,0.0
4955,155312887,155313387,500,0,100.0,0.0
4956,155313387,155313887,500,0,100.0,0.0
4957,155313887,155314387,500,0,100.0,0.0
4958,155314387,155314887,500,0,100.0,0.0
4959,155314887,155315387,500,0,100.0,0.0
4960,155315387,155315887,500,0,100.0,0.0
4961,155315887,155316387,500,0,100.0,0.0
4962,155316387,155316887,500,0,100.0,0.0
4963,155316887,155317387,500,0,100.0,0.0
4964,155317387,155317887,500,0,100.0,0.0
4965,155317887,155318387,500,0,100.0,0.0
4966,155318387,155318887,500,0,100.0,0.0
4967,155318887,155319387,500,0,100.0,0.0
4968,155319387,155319887,500,0,100.0,0.0
4969,155319887,155320387,500,0,100.0,0.0
4970,155320387,155320887,500,0,100.0,0.0
4971,155320887,155321387,500,0,100.0,0.0
4972,155321387,155321887,276,224,55.2,44.8
4973,155321887,155322387,12,488,2.4,97.6
4974,155322387,155322887,14,486,2.8000000000000003,97.2
4975,155322887,155323387,67,433,13.4,86.6
4976,155323387,155323887,332,168,66.4,33.599999999999994
4977,155323887,155324387,500,0,100.0,0.0
4978,155324387,155324887,500,0,100.0,0.0
4979,155324887,155325387,500,0,100.0,0.0
4980,155325387,155325887,500,0,100.0,0.0
4981,155325887,155326387,500,0,100.0,0.0
4982,155326387,155326887,500,0,100.0,0.0
4983,155326887,155327387,500,0,100.0,0.0
4984,155327387,155327887,500,0,100.0,0.0
4985,155327887,155328387,500,0,100.0,0.0
4986,155328387,155328887,500,0,100.0,0.0
4987,155328887,155329387,500,0,100.0,0.0
4988,155329387,155329887,500,0,100.0,0.0
4989,155329887,155330387,500,0,100.0,0.0
4990,155330387,155330887,500,0,100.0,0.0
4991,155330887,155331387,500,0,100.0,0.0
4992,155331387,155331887,500,0,100.0,0.0
4993,155331887,155332387,500,0,100.0,0.0
4994,155332387,155332887,500,0,100.0,0.0
4995,155332887,155333387,500,0,100.0,0.0
4996,155333387,155333887,500,0,100.0,0.0
4997,155333887,155334387,500,0,100.0,0.0
4998,155334387,155334887,500,0,100.0,0.0
4999,155334887,155335387,500,0,100.0,0.0
5000,155335387,155335887,500,0,100.0,0.0
5001,155335887,155336387,500,0,100.0,0.0
5002,155336387,155336887,500,0,100.0,0.0
5003,155336887,155337387,500,0,100.0,0.0
5004,155337387,155337887,500,0,100.0,0.0
5005,155337887,155338387,500,0,100.0,0.0
5006,155338387,155338887,500,0,100.0,0.0
5007,155338887,155339387,500,0,100.0,0.0
5008,155339387,155339887,500,0,100.0,0.0
5009,155339887,155340387,272,228,54.400000000000006,45.599999999999994
5010,155340387,155340887,22,478,4.3999999999999995,95.6
5011,155340887,155341387,7,493,1.4000000000000001,98.6
5012,155341387,155341887,63,437,12.6,87.4
5013,155341887,155342387,0,500,0.0,100.0
5014,155342387,155342887,5,495,1.0,99.0
5015,155342887,155343387,410,90,82.0,18.0
5016,155343387,155343887,500,0,100.0,0.0
5017,155343887,155344387,500,0,100.0,0.0
5018,155344387,155344887,500,0,100.0,0.0
5019,155344887,155345387,500,0,100.0,0.0
5020,155345387,155345887,500,0,100.0,0.0
5021,155345887,155346387,500,0,100.0,0.0
5022,155346387,155346887,500,0,100.0,0.0
5023,155346887,155347387,500,0,100.0,0.0
5024,155347387,155347887,500,0,100.0,0.0
5025,155347887,155348387,500,0,100.0,0.0
5026,155348387,155348887,500,0,100.0,0.0
5027,155348887,155349387,500,0,100.0,0.0
5028,155349387,155349887,500,0,100.0,0.0
5029,155349887,155350387,500,0,100.0,0.0
5030,155350387,155350887,500,0,100.0,0.0
5031,155350887,155351387,500,0,100.0,0.0
5032,155351387,155351887,500,0,100.0,0.0
5033,155351887,155352387,500,0,100.0,0.0
5034,155352387,155352887,500,0,100.0,0.0
5035,155352887,155353387,500,0,100.0,0.0
5036,155353387,155353887,500,0,100.0,0.0
5037,155353887,155354387,500,0,100.0,0.0
5038,155354387,155354887,500,0,100.0,0.0
5039,155354887,155355387,500,0,100.0,0.0
5040,155355387,155355887,500,0,100.0,0.0
5041,155355887,155356387,500,0,100.0,0.0
5042,155356387,155356887,500,0,100.0,0.0
5043,155356887,155357387,500,0,100.0,0.0
5044,155357387,155357887,500,0,100.0,0.0
5045,155357887,155358387,500,0,100.0,0.0
5046,155358387,155358887,500,0,100.0,0.0
5047,155358887,155359387,500,0,100.0,0.0
5048,155359387,155359887,500,0,100.0,0.0
5049,155359887,155360387,500,0,100.0,0.0
5050,155360387,155360887,500,0,100.0,0.0
5051,155360887,155361387,330,170,66.0,34.0
5052,155361387,155361887,5,495,1.0,99.0
5053,155361887,155362387,66,434,13.200000000000001,86.8
5054,155362387,155362887,280,220,56.00000000000001,43.99999999999999
5055,155362887,155363387,500,0,100.0,0.0
5056,155363387,155363887,500,0,100.0,0.0
5057,155363887,155364387,500,0,100.0,0.0
5058,155364387,155364887,500,0,100.0,0.0
5059,155364887,155365387,500,0,100.0,0.0
5060,155365387,155365887,500,0,100.0,0.0
5061,155365887,155366387,500,0,100.0,0.0
5062,155366387,155366887,500,0,100.0,0.0
5063,155366887,155367387,500,0,100.0,0.0
5064,155367387,155367887,500,0,100.0,0.0
5065,155367887,155368387,500,0,100.0,0.0
5066,155368387,155368887,500,0,100.0,0.0
5067,155368887,155369387,500,0,100.0,0.0
5068,155369387,155369887,500,0,100.0,0.0
5069,155369887,155370387,500,0,100.0,0.0
5070,155370387,155370887,500,0,100.0,0.0
5071,155370887,155371387,500,0,100.0,0.0
5072,155371387,155371887,500,0,100.0,0.0
5073,155371887,155372387,500,0,100.0,0.0
5074,155372387,155372887,500,0,100.0,0.0
5075,155372887,155373387,500,0,100.0,0.0
5076,155373387,155373887,500,0,100.0,0.0
5077,155373887,155374387,500,0,100.0,0.0
5078,155374387,155374887,500,0,100.0,0.0
5079,155374887,155375387,500,0,100.0,0.0
5080,155375387,155375887,500,0,100.0,0.0
5081,155375887,155376387,500,0,100.0,0.0
5082,155376387,155376887,500,0,100.0,0.0
5083,155376887,155377387,500,0,100.0,0.0
5084,155377387,155377887,500,0,100.0,0.0
5085,155377887,155378387,500,0,100.0,0.0
5086,155378387,155378887,500,0,100.0,0.0
5087,155378887,155379387,500,0,100.0,0.0
5088,155379387,155379887,500,0,100.0,0.0
5089,155379887,155380387,32,468,6.4,93.6
5090,155380387,155380887,15,485,3.0,97.0
5091,155380887,155381387,74,426,14.799999999999999,85.2
5092,155381387,155381887,33,467,6.6000000000000005,93.4
5093,155381887,155382387,500,0,100.0,0.0
5094,155382387,155382887,500,0,100.0,0.0
5095,155382887,155383387,500,0,100.0,0.0
5096,155383387,155383887,500,0,100.0,0.0
5097,155383887,155384387,500,0,100.0,0.0
5098,155384387,155384887,500,0,100.0,0.0
5099,155384887,155385387,500,0,100.0,0.0
5100,155385387,155385887,500,0,100.0,0.0
5101,155385887,155386387,500,0,100.0,0.0
5102,155386387,155386887,500,0,100.0,0.0
5103,155386887,155387387,500,0,100.0,0.0
5104,155387387,155387887,500,0,100.0,0.0
5105,155387887,155388387,500,0,100.0,0.0
5106,155388387,155388887,500,0,100.0,0.0
5107,155388887,155389387,500,0,100.0,0.0
5108,155389387,155389887,500,0,100.0,0.0
5109,155389887,155390387,500,0,100.0,0.0
5110,155390387,155390887,500,0,100.0,0.0
5111,155390887,155391387,500,0,100.0,0.0
5112,155391387,155391887,500,0,100.0,0.0
5113,155391887,155392387,500,0,100.0,0.0
5114,155392387,155392887,500,0,100.0,0.0
5115,155392887,155393387,500,0,100.0,0.0
5116,155393387,155393887,500,0,100.0,0.0
5117,155393887,155394387,500,0,100.0,0.0
5118,155394387,155394887,500,0,100.0,0.0
5119,155394887,155395387,500,0,100.0,0.0
5120,155395387,155395887,500,0,100.0,0.0
5121,155395887,155396387,500,0,100.0,0.0
5122,155396387,155396887,500,0,100.0,0.0
5123,155396887,155397387,500,0,100.0,0.0
5124,155397387,155397887,500,0,100.0,0.0
5125,155397887,155398387,500,0,100.0,0.0
5126,155398387,155398887,174,326,34.8,65.2
5127,155398887,155399387,25,475,5.0,95.0
5128,155399387,155399887,6,494,1.2,98.8
5129,155399887,155400387,84,416,16.8,83.2
5130,155400387,155400887,268,232,53.6,46.4
5131,155400887,155401387,500,0,100.0,0.0
5132,155401387,155401887,500,0,100.0,0.0
5133,155401887,155402387,500,0,100.0,0.0
5134,155402387,155402887,500,0,100.0,0.0
5135,155402887,155403387,500,0,100.0,0.0
5136,155403387,155403887,500,0,100.0,0.0
5137,155403887,155404387,500,0,100.0,0.0
5138,155404387,155404887,500,0,100.0,0.0
5139,155404887,155405387,500,0,100.0,0.0
5140,155405387,155405887,500,0,100.0,0.0
5141,155405887,155406387,500,0,100.0,0.0
5142,155406387,155406887,500,0,100.0,0.0
5143,155406887,155407387,500,0,100.0,0.0
5144,155407387,155407887,500,0,100.0,0.0
5145,155407887,155408387,500,0,100.0,0.0
5146,155408387,155408887,500,0,100.0,0.0
5147,155408887,155409387,500,0,100.0,0.0
5148,155409387,155409887,500,0,100.0,0.0
5149,155409887,155410387,500,0,100.0,0.0
5150,155410387,155410887,500,0,100.0,0.0
5151,155410887,155411387,500,0,100.0,0.0
5152,155411387,155411887,500,0,100.0,0.0
5153,155411887,155412387,500,0,100.0,0.0
5154,155412387,155412887,500,0,100.0,0.0
5155,155412887,155413387,500,0,100.0,0.0
5156,155413387,155413887,500,0,100.0,0.0
5157,155413887,155414387,500,0,100.0,0.0
5158,155414387,155414887,500,0,100.0,0.0
5159,155414887,155415387,500,0,100.0,0.0
5160,155415387,155415887,500,0,100.0,0.0
5161,155415887,155416387,500,0,100.0,0.0
5162,155416387,155416887,500,0,100.0,0.0
5163,155416887,155417387,500,0,100.0,0.0
5164,155417387,155417887,500,0,100.0,0.0
5165,155417887,155418387,159,341,31.8,68.2
5166,155418387,155418887,99,401,19.8,80.2
5167,155418887,155419387,5,495,1.0,99.0
5168,155419387,155419887,364,136,72.8,27.200000000000003
5169,155419887,155420387,500,0,100.0,0.0
5170,155420387,155420887,500,0,100.0,0.0
5171,155420887,155421387,500,0,100.0,0.0
5172,155421387,155421887,500,0,100.0,0.0
5173,155421887,155422387,500,0,100.0,0.0
5174,155422387,155422887,500,0,100.0,0.0
5175,155422887,155423387,500,0,100.0,0.0
5176,155423387,155423887,500,0,100.0,0.0
5177,155423887,155424387,500,0,100.0,0.0
5178,155424387,155424887,500,0,100.0,0.0
5179,155424887,155425387,500,0,100.0,0.0
5180,155425387,155425887,500,0,100.0,0.0
5181,155425887,155426387,500,0,100.0,0.0
5182,155426387,155426887,500,0,100.0,0.0
5183,155426887,155427387,500,0,100.0,0.0
5184,155427387,155427887,500,0,100.0,0.0
5185,155427887,155428387,500,0,100.0,0.0
5186,155428387,155428887,500,0,100.0,0.0
5187,155428887,155429387,500,0,100.0,0.0
5188,155429387,155429887,500,0,100.0,0.0
5189,155429887,155430387,500,0,100.0,0.0
5190,155430387,155430887,500,0,100.0,0.0
5191,155430887,155431387,500,0,100.0,0.0
5192,155431387,155431887,500,0,100.0,0.0
5193,155431887,155432387,500,0,100.0,0.0
5194,155432387,155432887,500,0,100.0,0.0
5195,155432887,155433387,500,0,100.0,0.0
5196,155433387,155433887,500,0,100.0,0.0
5197,155433887,155434387,500,0,100.0,0.0
5198,155434387,155434887,500,0,100.0,0.0
5199,155434887,155435387,500,0,100.0,0.0
5200,155435387,155435887,500,0,100.0,0.0
5201,155435887,155436387,500,0,100.0,0.0
5202,155436387,155436887,500,0,100.0,0.0
5203,155436887,155437387,66,434,13.200000000000001,86.8
5204,155437387,155437887,13,487,2.6,97.4
5205,155437887,155438387,69,431,13.8,86.2
5206,155438387,155438887,36,464,7.199999999999999,92.8
5207,155438887,155439387,500,0,100.0,0.0
5208,155439387,155439887,500,0,100.0,0.0
5209,155439887,155440387,500,0,100.0,0.0
5210,155440387,155440887,500,0,100.0,0.0
5211,155440887,155441387,500,0,100.0,0.0
5212,155441387,155441887,500,0,100.0,0.0
5213,155441887,155442387,500,0,100.0,0.0
5214,155442387,155442887,500,0,100.0,0.0
5215,155442887,155443387,500,0,100.0,0.0
5216,155443387,155443887,500,0,100.0,0.0
5217,155443887,155444387,500,0,100.0,0.0
5218,155444387,155444887,500,0,100.0,0.0
5219,155444887,155445387,500,0,100.0,0.0
5220,155445387,155445887,500,0,100.0,0.0
5221,155445887,155446387,500,0,100.0,0.0
5222,155446387,155446887,500,0,100.0,0.0
5223,155446887,155447387,500,0,100.0,0.0
5224,155447387,155447887,500,0,100.0,0.0
5225,155447887,155448387,500,0,100.0,0.0
5226,155448387,155448887,500,0,100.0,0.0
5227,155448887,155449387,500,0,100.0,0.0
5228,155449387,155449887,500,0,100.0,0.0
5229,155449887,155450387,500,0,100.0,0.0
5230,155450387,155450887,500,0,100.0,0.0
5231,155450887,155451387,500,0,100.0,0.0
5232,155451387,155451887,500,0,100.0,0.0
5233,155451887,155452387,500,0,100.0,0.0
5234,155452387,155452887,500,0,100.0,0.0
5235,155452887,155453387,500,0,100.0,0.0
5236,155453387,155453887,500,0,100.0,0.0
5237,155453887,155454387,500,0,100.0,0.0
5238,155454387,155454887,500,0,100.0,0.0
5239,155454887,155455387,500,0,100.0,0.0
5240,155455387,155455887,500,0,100.0,0.0
5241,155455887,155456387,357,143,71.39999999999999,28.60000000000001
5242,155456387,155456887,27,473,5.4,94.6
5243,155456887,155457387,6,494,1.2,98.8
5244,155457387,155457887,69,431,13.8,86.2
5245,155457887,155458387,59,441,11.799999999999999,88.2
5246,155458387,155458887,500,0,100.0,0.0
5247,155458887,155459387,500,0,100.0,0.0
5248,155459387,155459887,500,0,100.0,0.0
5249,155459887,155460387,500,0,100.0,0.0
5250,155460387,155460887,500,0,100.0,0.0
5251,155460887,155461387,500,0,100.0,0.0
5252,155461387,155461887,500,0,100.0,0.0
5253,155461887,155462387,500,0,100.0,0.0
5254,155462387,155462887,500,0,100.0,0.0
5255,155462887,155463387,500,0,100.0,0.0
5256,155463387,155463887,500,0,100.0,0.0
5257,155463887,155464387,500,0,100.0,0.0
5258,155464387,155464887,500,0,100.0,0.0
5259,155464887,155465387,500,0,100.0,0.0
5260,155465387,155465887,500,0,100.0,0.0
5261,155465887,155466387,500,0,100.0,0.0
5262,155466387,155466887,500,0,100.0,0.0
5263,155466887,155467387,500,0,100.0,0.0
5264,155467387,155467887,500,0,100.0,0.0
5265,155467887,155468387,500,0,100.0,0.0
5266,155468387,155468887,500,0,100.0,0.0
5267,155468887,155469387,500,0,100.0,0.0
5268,155469387,155469887,500,0,100.0,0.0
5269,155469887,155470387,500,0,100.0,0.0
5270,155470387,155470887,500,0,100.0,0.0
5271,155470887,155471387,500,0,100.0,0.0
5272,155471387,155471887,500,0,100.0,0.0
5273,155471887,155472387,500,0,100.0,0.0
5274,155472387,155472887,500,0,100.0,0.0
5275,155472887,155473387,500,0,100.0,0.0
5276,155473387,155473887,500,0,100.0,0.0
5277,155473887,155474387,500,0,100.0,0.0
5278,155474387,155474887,500,0,100.0,0.0
5279,155474887,155475387,500,0,100.0,0.0
5280,155475387,155475887,500,0,100.0,0.0
5281,155475887,155476387,189,311,37.8,62.2
5282,155476387,155476887,7,493,1.4000000000000001,98.6
5283,155476887,155477387,84,416,16.8,83.2
5284,155477387,155477887,127,373,25.4,74.6
5285,155477887,155478387,500,0,100.0,0.0
5286,155478387,155478887,500,0,100.0,0.0
5287,155478887,155479387,500,0,100.0,0.0
5288,155479387,155479887,500,0,100.0,0.0
5289,155479887,155480387,500,0,100.0,0.0
5290,155480387,155480887,500,0,100.0,0.0
5291,155480887,155481387,500,0,100.0,0.0
5292,155481387,155481887,500,0,100.0,0.0
5293,155481887,155482387,500,0,100.0,0.0
5294,155482387,155482887,500,0,100.0,0.0
5295,155482887,155483387,500,0,100.0,0.0
5296,155483387,155483887,500,0,100.0,0.0
5297,155483887,155484387,500,0,100.0,0.0
5298,155484387,155484887,500,0,100.0,0.0
5299,155484887,155485387,500,0,100.0,0.0
5300,155485387,155485887,500,0,100.0,0.0
5301,155485887,155486387,500,0,100.0,0.0
5302,155486387,155486887,500,0,100.0,0.0
5303,155486887,155487387,500,0,100.0,0.0
5304,155487387,155487887,500,0,100.0,0.0
5305,155487887,155488387,500,0,100.0,0.0
5306,155488387,155488887,500,0,100.0,0.0
5307,155488887,155489387,500,0,100.0,0.0
5308,155489387,155489887,500,0,100.0,0.0
5309,155489887,155490387,500,0,100.0,0.0
5310,155490387,155490887,500,0,100.0,0.0
5311,155490887,155491387,500,0,100.0,0.0
5312,155491387,155491887,500,0,100.0,0.0
5313,155491887,155492387,500,0,100.0,0.0
5314,155492387,155492887,500,0,100.0,0.0
5315,155492887,155493387,500,0,100.0,0.0
5316,155493387,155493887,500,0,100.0,0.0
5317,155493887,155494387,500,0,100.0,0.0
5318,155494387,155494887,500,0,100.0,0.0
5319,155494887,155495387,500,0,100.0,0.0
5320,155495387,155495887,500,0,100.0,0.0
5321,155495887,155496387,328,172,65.60000000000001,34.39999999999999
5322,155496387,155496887,5,495,1.0,99.0
5323,155496887,155497387,16,484,3.2,96.8
5324,155497387,155497887,71,429,14.2,85.8
5325,155497887,155498387,329,171,65.8,34.2
5326,155498387,155498887,500,0,100.0,0.0
5327,155498887,155499387,500,0,100.0,0.0
5328,155499387,155499887,500,0,100.0,0.0
5329,155499887,155500387,500,0,100.0,0.0
5330,155500387,155500887,500,0,100.0,0.0
5331,155500887,155501387,500,0,100.0,0.0
5332,155501387,155501887,500,0,100.0,0.0
5333,155501887,155502387,500,0,100.0,0.0
5334,155502387,155502887,500,0,100.0,0.0
5335,155502887,155503387,500,0,100.0,0.0
5336,155503387,155503887,500,0,100.0,0.0
5337,155503887,155504387,500,0,100.0,0.0
5338,155504387,155504887,500,0,100.0,0.0
5339,155504887,155505387,500,0,100.0,0.0
5340,155505387,155505887,500,0,100.0,0.0
5341,155505887,155506387,500,0,100.0,0.0
5342,155506387,155506887,500,0,100.0,0.0
5343,155506887,155507387,500,0,100.0,0.0
5344,155507387,155507887,500,0,100.0,0.0
5345,155507887,155508387,500,0,100.0,0.0
5346,155508387,155508887,500,0,100.0,0.0
5347,155508887,155509387,500,0,100.0,0.0
5348,155509387,155509887,500,0,100.0,0.0
5349,155509887,155510387,500,0,100.0,0.0
5350,155510387,155510887,500,0,100.0,0.0
5351,155510887,155511387,500,0,100.0,0.0
5352,155511387,155511887,500,0,100.0,0.0
5353,155511887,155512387,500,0,100.0,0.0
5354,155512387,155512887,500,0,100.0,0.0
5355,155512887,155513387,500,0,100.0,0.0
5356,155513387,155513887,500,0,100.0,0.0
5357,155513887,155514387,298,202,59.599999999999994,40.400000000000006
5358,155514387,155514887,22,478,4.3999999999999995,95.6
5359,155514887,155515387,8,492,1.6,98.4
5360,155515387,155515887,65,435,13.0,87.0
5361,155515887,155516387,236,264,47.199999999999996,52.800000000000004
5362,155516387,155516887,500,0,100.0,0.0
5363,155516887,155517387,500,0,100.0,0.0
5364,155517387,155517887,500,0,100.0,0.0
5365,155517887,155518387,500,0,100.0,0.0
5366,155518387,155518887,500,0,100.0,0.0
5367,155518887,155519387,500,0,100.0,0.0
5368,155519387,155519887,500,0,100.0,0.0
5369,155519887,155520387,500,0,100.0,0.0
5370,155520387,155520887,500,0,100.0,0.0
5371,155520887,155521387,500,0,100.0,0.0
5372,155521387,155521887,500,0,100.0,0.0
5373,155521887,155522387,500,0,100.0,0.0
5374,155522387,155522887,500,0,100.0,0.0
5375,155522887,155523387,500,0,100.0,0.0
5376,155523387,155523887,500,0,100.0,0.0
5377,155523887,155524387,500,0,100.0,0.0
5378,155524387,155524887,500,0,100.0,0.0
5379,155524887,155525387,500,0,100.0,0.0
5380,155525387,155525887,500,0,100.0,0.0
5381,155525887,155526387,500,0,100.0,0.0
5382,155526387,155526887,500,0,100.0,0.0
5383,155526887,155527387,500,0,100.0,0.0
5384,155527387,155527887,500,0,100.0,0.0
5385,155527887,155528387,500,0,100.0,0.0
5386,155528387,155528887,500,0,100.0,0.0
5387,155528887,155529387,500,0,100.0,0.0
5388,155529387,155529887,500,0,100.0,0.0
5389,155529887,155530387,500,0,100.0,0.0
5390,155530387,155530887,500,0,100.0,0.0
5391,155530887,155531387,500,0,100.0,0.0
5392,155531387,155531887,500,0,100.0,0.0
5393,155531887,155532387,500,0,100.0,0.0
5394,155532387,155532887,500,0,100.0,0.0
5395,155532887,155533387,500,0,100.0,0.0
5396,155533387,155533887,85,415,17.0,83.0
5397,155533887,155534387,77,423,15.4,84.6
5398,155534387,155534887,5,495,1.0,99.0
5399,155534887,155535387,415,85,83.0,17.0
5400,155535387,155535887,500,0,100.0,0.0
5401,155535887,155536387,500,0,100.0,0.0
5402,155536387,155536887,500,0,100.0,0.0
5403,155536887,155537387,500,0,100.0,0.0
5404,155537387,155537887,500,0,100.0,0.0
5405,155537887,155538387,500,0,100.0,0.0
5406,155538387,155538887,500,0,100.0,0.0
5407,155538887,155539387,500,0,100.0,0.0
5408,155539387,155539887,500,0,100.0,0.0
5409,155539887,155540387,500,0,100.0,0.0
5410,155540387,155540887,500,0,100.0,0.0
5411,155540887,155541387,500,0,100.0,0.0
5412,155541387,155541887,500,0,100.0,0.0
5413,155541887,155542387,500,0,100.0,0.0
5414,155542387,155542887,500,0,100.0,0.0
5415,155542887,155543387,500,0,100.0,0.0
5416,155543387,155543887,500,0,100.0,0.0
5417,155543887,155544387,500,0,100.0,0.0
5418,155544387,155544887,500,0,100.0,0.0
5419,155544887,155545387,500,0,100.0,0.0
5420,155545387,155545887,500,0,100.0,0.0
5421,155545887,155546387,500,0,100.0,0.0
5422,155546387,155546887,500,0,100.0,0.0
5423,155546887,155547387,500,0,100.0,0.0
5424,155547387,155547887,500,0,100.0,0.0
5425,155547887,155548387,500,0,100.0,0.0
5426,155548387,155548887,500,0,100.0,0.0
5427,155548887,155549387,500,0,100.0,0.0
5428,155549387,155549887,500,0,100.0,0.0
5429,155549887,155550387,500,0,100.0,0.0
5430,155550387,155550887,500,0,100.0,0.0
5431,155550887,155551387,251,249,50.2,49.8
5432,155551387,155551887,6,494,1.2,98.8
5433,155551887,155552387,65,435,13.0,87.0
5434,155552387,155552887,10,490,2.0,98.0
5435,155552887,155553387,465,35,93.0,7.0
5436,155553387,155553887,500,0,100.0,0.0
5437,155553887,155554387,500,0,100.0,0.0
5438,155554387,155554887,500,0,100.0,0.0
5439,155554887,155555387,500,0,100.0,0.0
5440,155555387,155555887,500,0,100.0,0.0
5441,155555887,155556387,500,0,100.0,0.0
5442,155556387,155556887,500,0,100.0,0.0
5443,155556887,155557387,500,0,100.0,0.0
5444,155557387,155557887,500,0,100.0,0.0
5445,155557887,155558387,500,0,100.0,0.0
5446,155558387,155558887,500,0,100.0,0.0
5447,155558887,155559387,500,0,100.0,0.0
5448,155559387,155559887,500,0,100.0,0.0
5449,155559887,155560387,500,0,100.0,0.0
5450,155560387,155560887,500,0,100.0,0.0
5451,155560887,155561387,500,0,100.0,0.0
5452,155561387,155561887,500,0,100.0,0.0
5453,155561887,155562387,500,0,100.0,0.0
5454,155562387,155562887,500,0,100.0,0.0
5455,155562887,155563387,500,0,100.0,0.0
5456,155563387,155563887,500,0,100.0,0.0
5457,155563887,155564387,500,0,100.0,0.0
5458,155564387,155564887,500,0,100.0,0.0
5459,155564887,155565387,500,0,100.0,0.0
5460,155565387,155565887,500,0,100.0,0.0
5461,155565887,155566387,500,0,100.0,0.0
5462,155566387,155566887,500,0,100.0,0.0
5463,155566887,155567387,500,0,100.0,0.0
5464,155567387,155567887,500,0,100.0,0.0
5465,155567887,155568387,500,0,100.0,0.0
5466,155568387,155568887,500,0,100.0,0.0
5467,155568887,155569387,494,6,98.8,1.2000000000000028
5468,155569387,155569887,13,487,2.6,97.4
5469,155569887,155570387,23,477,4.6,95.4
5470,155570387,155570887,59,441,11.799999999999999,88.2
5471,155570887,155571387,6,494,1.2,98.8
5472,155571387,155571887,490,10,98.0,2.0
5473,155571887,155572387,500,0,100.0,0.0
5474,155572387,155572887,500,0,100.0,0.0
5475,155572887,155573387,500,0,100.0,0.0
5476,155573387,155573887,500,0,100.0,0.0
5477,155573887,155574387,500,0,100.0,0.0
5478,155574387,155574887,500,0,100.0,0.0
5479,155574887,155575387,500,0,100.0,0.0
5480,155575387,155575887,500,0,100.0,0.0
5481,155575887,155576387,500,0,100.0,0.0
5482,155576387,155576887,500,0,100.0,0.0
5483,155576887,155577387,500,0,100.0,0.0
5484,155577387,155577887,500,0,100.0,0.0
5485,155577887,155578387,500,0,100.0,0.0
5486,155578387,155578887,500,0,100.0,0.0
5487,155578887,155579387,500,0,100.0,0.0
5488,155579387,155579887,500,0,100.0,0.0
5489,155579887,155580387,500,0,100.0,0.0
5490,155580387,155580887,500,0,100.0,0.0
5491,155580887,155581387,500,0,100.0,0.0
5492,155581387,155581887,500,0,100.0,0.0
5493,155581887,155582387,500,0,100.0,0.0
5494,155582387,155582887,500,0,100.0,0.0
5495,155582887,155583387,500,0,100.0,0.0
5496,155583387,155583887,500,0,100.0,0.0
5497,155583887,155584387,500,0,100.0,0.0
5498,155584387,155584887,500,0,100.0,0.0
5499,155584887,155585387,500,0,100.0,0.0
5500,155585387,155585887,500,0,100.0,0.0
5501,155585887,155586387,500,0,100.0,0.0
5502,155586387,155586887,500,0,100.0,0.0
5503,155586887,155587387,500,0,100.0,0.0
5504,155587387,155587887,500,0,100.0,0.0
5505,155587887,155588387,500,0,100.0,0.0
5506,155588387,155588887,48,452,9.6,90.4
5507,155588887,155589387,59,441,11.799999999999999,88.2
5508,155589387,155589887,5,495,1.0,99.0
5509,155589887,155590387,467,33,93.4,6.599999999999994
5510,155590387,155590887,500,0,100.0,0.0
5511,155590887,155591387,500,0,100.0,0.0
5512,155591387,155591887,500,0,100.0,0.0
5513,155591887,155592387,500,0,100.0,0.0
5514,155592387,155592887,500,0,100.0,0.0
5515,155592887,155593387,500,0,100.0,0.0
5516,155593387,155593887,500,0,100.0,0.0
5517,155593887,155594387,500,0,100.0,0.0
5518,155594387,155594887,500,0,100.0,0.0
5519,155594887,155595387,500,0,100.0,0.0
5520,155595387,155595887,500,0,100.0,0.0
5521,155595887,155596387,500,0,100.0,0.0
5522,155596387,155596887,500,0,100.0,0.0
5523,155596887,155597387,500,0,100.0,0.0
5524,155597387,155597887,500,0,100.0,0.0
5525,155597887,155598387,500,0,100.0,0.0
5526,155598387,155598887,500,0,100.0,0.0
5527,155598887,155599387,500,0,100.0,0.0
5528,155599387,155599887,500,0,100.0,0.0
5529,155599887,155600387,500,0,100.0,0.0
5530,155600387,155600887,500,0,100.0,0.0
5531,155600887,155601387,500,0,100.0,0.0
5532,155601387,155601887,500,0,100.0,0.0
5533,155601887,155602387,500,0,100.0,0.0
5534,155602387,155602887,500,0,100.0,0.0
5535,155602887,155603387,500,0,100.0,0.0
5536,155603387,155603887,500,0,100.0,0.0
5537,155603887,155604387,500,0,100.0,0.0
5538,155604387,155604887,500,0,100.0,0.0
5539,155604887,155605387,500,0,100.0,0.0
5540,155605387,155605887,500,0,100.0,0.0
5541,155605887,155606387,500,0,100.0,0.0
5542,155606387,155606887,500,0,100.0,0.0
5543,155606887,155607387,500,0,100.0,0.0
5544,155607387,155607887,264,236,52.800000000000004,47.199999999999996
5545,155607887,155608387,10,490,2.0,98.0
5546,155608387,155608887,12,488,2.4,97.6
5547,155608887,155609387,71,429,14.2,85.8
5548,155609387,155609887,431,69,86.2,13.799999999999997
5549,155609887,155610387,500,0,100.0,0.0
5550,155610387,155610887,500,0,100.0,0.0
5551,155610887,155611387,500,0,100.0,0.0
5552,155611387,155611887,500,0,100.0,0.0
5553,155611887,155612387,500,0,100.0,0.0
5554,155612387,155612887,500,0,100.0,0.0
5555,155612887,155613387,500,0,100.0,0.0
5556,155613387,155613887,500,0,100.0,0.0
5557,155613887,155614387,500,0,100.0,0.0
5558,155614387,155614887,500,0,100.0,0.0
5559,155614887,155615387,500,0,100.0,0.0
5560,155615387,155615887,500,0,100.0,0.0
5561,155615887,155616387,500,0,100.0,0.0
5562,155616387,155616887,500,0,100.0,0.0
5563,155616887,155617387,500,0,100.0,0.0
5564,155617387,155617887,500,0,100.0,0.0
5565,155617887,155618387,500,0,100.0,0.0
5566,155618387,155618887,500,0,100.0,0.0
5567,155618887,155619387,500,0,100.0,0.0
5568,155619387,155619887,500,0,100.0,0.0
5569,155619887,155620387,500,0,100.0,0.0
5570,155620387,155620887,500,0,100.0,0.0
5571,155620887,155621387,500,0,100.0,0.0
5572,155621387,155621887,500,0,100.0,0.0
5573,155621887,155622387,500,0,100.0,0.0
5574,155622387,155622887,500,0,100.0,0.0
5575,155622887,155623387,500,0,100.0,0.0
5576,155623387,155623887,500,0,100.0,0.0
5577,155623887,155624387,500,0,100.0,0.0
5578,155624387,155624887,500,0,100.0,0.0
5579,155624887,155625387,500,0,100.0,0.0
5580,155625387,155625887,56,444,11.200000000000001,88.8
5581,155625887,155626387,22,478,4.3999999999999995,95.6
5582,155626387,155626887,63,437,12.6,87.4
5583,155626887,155627387,19,481,3.8,96.2
5584,155627387,155627887,500,0,100.0,0.0
5585,155627887,155628387,500,0,100.0,0.0
5586,155628387,155628887,500,0,100.0,0.0
5587,155628887,155629387,500,0,100.0,0.0
5588,155629387,155629887,500,0,100.0,0.0
5589,155629887,155630387,500,0,100.0,0.0
5590,155630387,155630887,500,0,100.0,0.0
5591,155630887,155631387,500,0,100.0,0.0
5592,155631387,155631887,500,0,100.0,0.0
5593,155631887,155632387,500,0,100.0,0.0
5594,155632387,155632887,500,0,100.0,0.0
5595,155632887,155633387,500,0,100.0,0.0
5596,155633387,155633887,500,0,100.0,0.0
5597,155633887,155634387,500,0,100.0,0.0
5598,155634387,155634887,500,0,100.0,0.0
5599,155634887,155635387,500,0,100.0,0.0
5600,155635387,155635887,500,0,100.0,0.0
5601,155635887,155636387,500,0,100.0,0.0
5602,155636387,155636887,500,0,100.0,0.0
5603,155636887,155637387,500,0,100.0,0.0
5604,155637387,155637887,500,0,100.0,0.0
5605,155637887,155638387,500,0,100.0,0.0
5606,155638387,155638887,500,0,100.0,0.0
5607,155638887,155639387,500,0,100.0,0.0
5608,155639387,155639887,500,0,100.0,0.0
5609,155639887,155640387,500,0,100.0,0.0
5610,155640387,155640887,500,0,100.0,0.0
5611,155640887,155641387,500,0,100.0,0.0
5612,155641387,155641887,500,0,100.0,0.0
5613,155641887,155642387,500,0,100.0,0.0
5614,155642387,155642887,500,0,100.0,0.0
5615,155642887,155643387,500,0,100.0,0.0
5616,155643387,155643887,500,0,100.0,0.0
5617,155643887,155644387,256,244,51.2,48.8
5618,155644387,155644887,6,494,1.2,98.8
5619,155644887,155645387,63,437,12.6,87.4
5620,155645387,155645887,413,87,82.6,17.400000000000006
5621,155645887,155646387,500,0,100.0,0.0
5622,155646387,155646887,500,0,100.0,0.0
5623,155646887,155647387,500,0,100.0,0.0
5624,155647387,155647887,500,0,100.0,0.0
5625,155647887,155648387,500,0,100.0,0.0
5626,155648387,155648887,500,0,100.0,0.0
5627,155648887,155649387,500,0,100.0,0.0
5628,155649387,155649887,500,0,100.0,0.0
5629,155649887,155650387,500,0,100.0,0.0
5630,155650387,155650887,500,0,100.0,0.0
5631,155650887,155651387,500,0,100.0,0.0
5632,155651387,155651887,500,0,100.0,0.0
5633,155651887,155652387,500,0,100.0,0.0
5634,155652387,155652887,500,0,100.0,0.0
5635,155652887,155653387,500,0,100.0,0.0
5636,155653387,155653887,500,0,100.0,0.0
5637,155653887,155654387,500,0,100.0,0.0
5638,155654387,155654887,500,0,100.0,0.0
5639,155654887,155655387,500,0,100.0,0.0
5640,155655387,155655887,500,0,100.0,0.0
5641,155655887,155656387,500,0,100.0,0.0
5642,155656387,155656887,500,0,100.0,0.0
5643,155656887,155657387,500,0,100.0,0.0
5644,155657387,155657887,500,0,100.0,0.0
5645,155657887,155658387,500,0,100.0,0.0
5646,155658387,155658887,500,0,100.0,0.0
5647,155658887,155659387,500,0,100.0,0.0
5648,155659387,155659887,500,0,100.0,0.0
5649,155659887,155660387,500,0,100.0,0.0
5650,155660387,155660887,500,0,100.0,0.0
5651,155660887,155661387,500,0,100.0,0.0
5652,155661387,155661887,500,0,100.0,0.0
5653,155661887,155662387,500,0,100.0,0.0
5654,155662387,155662887,291,209,58.199999999999996,41.800000000000004
5655,155662887,155663387,11,489,2.1999999999999997,97.8
5656,155663387,155663887,13,487,2.6,97.4
5657,155663887,155664387,61,439,12.2,87.8
5658,155664387,155664887,441,59,88.2,11.799999999999997
5659,155664887,155665387,500,0,100.0,0.0
5660,155665387,155665887,500,0,100.0,0.0
5661,155665887,155666387,500,0,100.0,0.0
5662,155666387,155666887,500,0,100.0,0.0
5663,155666887,155667387,500,0,100.0,0.0
5664,155667387,155667887,500,0,100.0,0.0
5665,155667887,155668387,500,0,100.0,0.0
5666,155668387,155668887,500,0,100.0,0.0
5667,155668887,155669387,500,0,100.0,0.0
5668,155669387,155669887,500,0,100.0,0.0
5669,155669887,155670387,500,0,100.0,0.0
5670,155670387,155670887,500,0,100.0,0.0
5671,155670887,155671387,500,0,100.0,0.0
5672,155671387,155671887,500,0,100.0,0.0
5673,155671887,155672387,500,0,100.0,0.0
5674,155672387,155672887,500,0,100.0,0.0
5675,155672887,155673387,500,0,100.0,0.0
5676,155673387,155673887,500,0,100.0,0.0
5677,155673887,155674387,500,0,100.0,0.0
5678,155674387,155674887,500,0,100.0,0.0
5679,155674887,155675387,500,0,100.0,0.0
5680,155675387,155675887,500,0,100.0,0.0
5681,155675887,155676387,500,0,100.0,0.0
5682,155676387,155676887,500,0,100.0,0.0
5683,155676887,155677387,500,0,100.0,0.0
5684,155677387,155677887,500,0,100.0,0.0
5685,155677887,155678387,500,0,100.0,0.0
5686,155678387,155678887,500,0,100.0,0.0
5687,155678887,155679387,500,0,100.0,0.0
5688,155679387,155679887,500,0,100.0,0.0
5689,155679887,155680387,376,124,75.2,24.799999999999997
5690,155680387,155680887,24,476,4.8,95.2
5691,155680887,155681387,6,494,1.2,98.8
5692,155681387,155681887,63,437,12.6,87.4
5693,155681887,155682387,119,381,23.799999999999997,76.2
5694,155682387,155682887,500,0,100.0,0.0
5695,155682887,155683387,500,0,100.0,0.0
5696,155683387,155683887,500,0,100.0,0.0
5697,155683887,155684387,500,0,100.0,0.0
5698,155684387,155684887,500,0,100.0,0.0
5699,155684887,155685387,500,0,100.0,0.0
5700,155685387,155685887,500,0,100.0,0.0
5701,155685887,155686387,500,0,100.0,0.0
5702,155686387,155686887,500,0,100.0,0.0
5703,155686887,155687387,500,0,100.0,0.0
5704,155687387,155687887,500,0,100.0,0.0
5705,155687887,155688387,500,0,100.0,0.0
5706,155688387,155688887,500,0,100.0,0.0
5707,155688887,155689387,500,0,100.0,0.0
5708,155689387,155689887,500,0,100.0,0.0
5709,155689887,155690387,500,0,100.0,0.0
5710,155690387,155690887,500,0,100.0,0.0
5711,155690887,155691387,500,0,100.0,0.0
5712,155691387,155691887,500,0,100.0,0.0
5713,155691887,155692387,500,0,100.0,0.0
5714,155692387,155692887,500,0,100.0,0.0
5715,155692887,155693387,500,0,100.0,0.0
5716,155693387,155693887,500,0,100.0,0.0
5717,155693887,155694387,500,0,100.0,0.0
5718,155694387,155694887,500,0,100.0,0.0
5719,155694887,155695387,500,0,100.0,0.0
5720,155695387,155695887,500,0,100.0,0.0
5721,155695887,155696387,500,0,100.0,0.0
5722,155696387,155696887,500,0,100.0,0.0
5723,155696887,155697387,500,0,100.0,0.0
5724,155697387,155697887,500,0,100.0,0.0
5725,155697887,155698387,500,0,100.0,0.0
5726,155698387,155698887,287,213,57.4,42.6
5727,155698887,155699387,9,491,1.7999999999999998,98.2
5728,155699387,155699887,86,414,17.2,82.8
5729,155699887,155700387,280,220,56.00000000000001,43.99999999999999
5730,155700387,155700887,500,0,100.0,0.0
5731,155700887,155701387,500,0,100.0,0.0
5732,155701387,155701887,500,0,100.0,0.0
5733,155701887,155702387,500,0,100.0,0.0
5734,155702387,155702887,500,0,100.0,0.0
5735,155702887,155703387,500,0,100.0,0.0
5736,155703387,155703887,500,0,100.0,0.0
5737,155703887,155704387,500,0,100.0,0.0
5738,155704387,155704887,500,0,100.0,0.0
5739,155704887,155705387,500,0,100.0,0.0
5740,155705387,155705887,500,0,100.0,0.0
5741,155705887,155706387,500,0,100.0,0.0
5742,155706387,155706887,500,0,100.0,0.0
5743,155706887,155707387,500,0,100.0,0.0
5744,155707387,155707887,500,0,100.0,0.0
5745,155707887,155708387,500,0,100.0,0.0
5746,155708387,155708887,500,0,100.0,0.0
5747,155708887,155709387,500,0,100.0,0.0
5748,155709387,155709887,500,0,100.0,0.0
5749,155709887,155710387,500,0,100.0,0.0
5750,155710387,155710887,500,0,100.0,0.0
5751,155710887,155711387,500,0,100.0,0.0
5752,155711387,155711887,500,0,100.0,0.0
5753,155711887,155712387,500,0,100.0,0.0
5754,155712387,155712887,500,0,100.0,0.0
5755,155712887,155713387,500,0,100.0,0.0
5756,155713387,155713887,500,0,100.0,0.0
5757,155713887,155714387,500,0,100.0,0.0
5758,155714387,155714887,500,0,100.0,0.0
5759,155714887,155715387,500,0,100.0,0.0
5760,155715387,155715887,500,0,100.0,0.0
5761,155715887,155716387,500,0,100.0,0.0
5762,155716387,155716887,500,0,100.0,0.0
5763,155716887,155717387,222,278,44.4,55.6
5764,155717387,155717887,5,495,1.0,99.0
5765,155717887,155718387,78,422,15.6,84.4
5766,155718387,155718887,66,434,13.200000000000001,86.8
5767,155718887,155719387,324,176,64.8,35.2
5768,155719387,155719887,500,0,100.0,0.0
5769,155719887,155720387,500,0,100.0,0.0
5770,155720387,155720887,500,0,100.0,0.0
5771,155720887,155721387,500,0,100.0,0.0
5772,155721387,155721887,500,0,100.0,0.0
5773,155721887,155722387,500,0,100.0,0.0
5774,155722387,155722887,500,0,100.0,0.0
5775,155722887,155723387,500,0,100.0,0.0
5776,155723387,155723887,500,0,100.0,0.0
5777,155723887,155724387,500,0,100.0,0.0
5778,155724387,155724887,500,0,100.0,0.0
5779,155724887,155725387,500,0,100.0,0.0
5780,155725387,155725887,500,0,100.0,0.0
5781,155725887,155726387,500,0,100.0,0.0
5782,155726387,155726887,500,0,100.0,0.0
5783,155726887,155727387,500,0,100.0,0.0
5784,155727387,155727887,500,0,100.0,0.0
5785,155727887,155728387,500,0,100.0,0.0
5786,155728387,155728887,500,0,100.0,0.0
5787,155728887,155729387,500,0,100.0,0.0
5788,155729387,155729887,500,0,100.0,0.0
5789,155729887,155730387,500,0,100.0,0.0
5790,155730387,155730887,500,0,100.0,0.0
5791,155730887,155731387,500,0,100.0,0.0
5792,155731387,155731887,500,0,100.0,0.0
5793,155731887,155732387,500,0,100.0,0.0
5794,155732387,155732887,500,0,100.0,0.0
5795,155732887,155733387,500,0,100.0,0.0
5796,155733387,155733887,500,0,100.0,0.0
5797,155733887,155734387,500,0,100.0,0.0
5798,155734387,155734887,199,301,39.800000000000004,60.199999999999996
5799,155734887,155735387,20,480,4.0,96.0
5800,155735387,155735887,11,489,2.1999999999999997,97.8
5801,155735887,155736387,52,448,10.4,89.6
5802,155736387,155736887,447,53,89.4,10.599999999999994
5803,155736887,155737387,500,0,100.0,0.0
5804,155737387,155737887,500,0,100.0,0.0
5805,155737887,155738387,500,0,100.0,0.0
5806,155738387,155738887,500,0,100.0,0.0
5807,155738887,155739387,500,0,100.0,0.0
5808,155739387,155739887,500,0,100.0,0.0
5809,155739887,155740387,500,0,100.0,0.0
5810,155740387,155740887,500,0,100.0,0.0
5811,155740887,155741387,500,0,100.0,0.0
5812,155741387,155741887,500,0,100.0,0.0
5813,155741887,155742387,500,0,100.0,0.0
5814,155742387,155742887,500,0,100.0,0.0
5815,155742887,155743387,500,0,100.0,0.0
5816,155743387,155743887,500,0,100.0,0.0
5817,155743887,155744387,500,0,100.0,0.0
5818,155744387,155744887,500,0,100.0,0.0
5819,155744887,155745387,500,0,100.0,0.0
5820,155745387,155745887,500,0,100.0,0.0
5821,155745887,155746387,500,0,100.0,0.0
5822,155746387,155746887,500,0,100.0,0.0
5823,155746887,155747387,500,0,100.0,0.0
5824,155747387,155747887,500,0,100.0,0.0
5825,155747887,155748387,500,0,100.0,0.0
5826,155748387,155748887,500,0,100.0,0.0
5827,155748887,155749387,500,0,100.0,0.0
5828,155749387,155749887,500,0,100.0,0.0
5829,155749887,155750387,500,0,100.0,0.0
5830,155750387,155750887,500,0,100.0,0.0
5831,155750887,155751387,500,0,100.0,0.0
5832,155751387,155751887,500,0,100.0,0.0
5833,155751887,155752387,500,0,100.0,0.0
5834,155752387,155752887,147,353,29.4,70.6
5835,155752887,155753387,64,436,12.8,87.2
5836,155753387,155753887,6,494,1.2,98.8
5837,155753887,155754387,456,44,91.2,8.799999999999997
5838,155754387,155754887,500,0,100.0,0.0
5839,155754887,155755387,500,0,100.0,0.0
5840,155755387,155755887,500,0,100.0,0.0
5841,155755887,155756387,500,0,100.0,0.0
5842,155756387,155756887,500,0,100.0,0.0
5843,155756887,155757387,500,0,100.0,0.0
5844,155757387,155757887,500,0,100.0,0.0
5845,155757887,155758387,500,0,100.0,0.0
5846,155758387,155758887,500,0,100.0,0.0
5847,155758887,155759387,500,0,100.0,0.0
5848,155759387,155759887,500,0,100.0,0.0
5849,155759887,155760387,500,0,100.0,0.0
5850,155760387,155760887,500,0,100.0,0.0
5851,155760887,155761387,500,0,100.0,0.0
5852,155761387,155761887,500,0,100.0,0.0
5853,155761887,155762387,500,0,100.0,0.0
5854,155762387,155762887,500,0,100.0,0.0
5855,155762887,155763387,500,0,100.0,0.0
5856,155763387,155763887,500,0,100.0,0.0
5857,155763887,155764387,500,0,100.0,0.0
5858,155764387,155764887,500,0,100.0,0.0
5859,155764887,155765387,500,0,100.0,0.0
5860,155765387,155765887,500,0,100.0,0.0
5861,155765887,155766387,500,0,100.0,0.0
5862,155766387,155766887,500,0,100.0,0.0
5863,155766887,155767387,500,0,100.0,0.0
5864,155767387,155767887,500,0,100.0,0.0
5865,155767887,155768387,500,0,100.0,0.0
5866,155768387,155768887,500,0,100.0,0.0
5867,155768887,155769387,500,0,100.0,0.0
5868,155769387,155769887,500,0,100.0,0.0
5869,155769887,155770387,307,193,61.4,38.6
5870,155770387,155770887,7,493,1.4000000000000001,98.6
5871,155770887,155771387,61,439,12.2,87.8
5872,155771387,155771887,5,495,1.0,99.0
5873,155771887,155772387,490,10,98.0,2.0
5874,155772387,155772887,500,0,100.0,0.0
5875,155772887,155773387,500,0,100.0,0.0
5876,155773387,155773887,500,0,100.0,0.0
5877,155773887,155774387,500,0,100.0,0.0
5878,155774387,155774887,500,0,100.0,0.0
5879,155774887,155775387,500,0,100.0,0.0
5880,155775387,155775887,500,0,100.0,0.0
5881,155775887,155776387,500,0,100.0,0.0
5882,155776387,155776887,500,0,100.0,0.0
5883,155776887,155777387,500,0,100.0,0.0
5884,155777387,155777887,500,0,100.0,0.0
5885,155777887,155778387,500,0,100.0,0.0
5886,155778387,155778887,500,0,100.0,0.0
5887,155778887,155779387,500,0,100.0,0.0
5888,155779387,155779887,500,0,100.0,0.0
5889,155779887,155780387,500,0,100.0,0.0
5890,155780387,155780887,500,0,100.0,0.0
5891,155780887,155781387,500,0,100.0,0.0
5892,155781387,155781887,500,0,100.0,0.0
5893,155781887,155782387,500,0,100.0,0.0
5894,155782387,155782887,500,0,100.0,0.0
5895,155782887,155783387,500,0,100.0,0.0
5896,155783387,155783887,500,0,100.0,0.0
5897,155783887,155784387,500,0,100.0,0.0
5898,155784387,155784887,500,0,100.0,0.0
5899,155784887,155785387,500,0,100.0,0.0
5900,155785387,155785887,500,0,100.0,0.0
5901,155785887,155786387,500,0,100.0,0.0
5902,155786387,155786887,500,0,100.0,0.0
5903,155786887,155787387,500,0,100.0,0.0
5904,155787387,155787887,125,375,25.0,75.0
5905,155787887,155788387,19,481,3.8,96.2
5906,155788387,155788887,52,448,10.4,89.6
5907,155788887,155789387,29,471,5.800000000000001,94.2
5908,155789387,155789887,500,0,100.0,0.0
5909,155789887,155790387,500,0,100.0,0.0
5910,155790387,155790887,500,0,100.0,0.0
5911,155790887,155791387,500,0,100.0,0.0
5912,155791387,155791887,500,0,100.0,0.0
5913,155791887,155792387,500,0,100.0,0.0
5914,155792387,155792887,500,0,100.0,0.0
5915,155792887,155793387,500,0,100.0,0.0
5916,155793387,155793887,500,0,100.0,0.0
5917,155793887,155794387,500,0,100.0,0.0
5918,155794387,155794887,500,0,100.0,0.0
5919,155794887,155795387,500,0,100.0,0.0
5920,155795387,155795887,500,0,100.0,0.0
5921,155795887,155796387,500,0,100.0,0.0
5922,155796387,155796887,500,0,100.0,0.0
5923,155796887,155797387,500,0,100.0,0.0
5924,155797387,155797887,500,0,100.0,0.0
5925,155797887,155798387,500,0,100.0,0.0
5926,155798387,155798887,500,0,100.0,0.0
5927,155798887,155799387,500,0,100.0,0.0
5928,155799387,155799887,500,0,100.0,0.0
5929,155799887,155800387,500,0,100.0,0.0
5930,155800387,155800887,500,0,100.0,0.0
5931,155800887,155801387,500,0,100.0,0.0
5932,155801387,155801887,500,0,100.0,0.0
5933,155801887,155802387,500,0,100.0,0.0
5934,155802387,155802887,500,0,100.0,0.0
5935,155802887,155803387,500,0,100.0,0.0
5936,155803387,155803887,500,0,100.0,0.0
5937,155803887,155804387,500,0,100.0,0.0
5938,155804387,155804887,500,0,100.0,0.0
5939,155804887,155805387,428,72,85.6,14.400000000000006
5940,155805387,155805887,9,491,1.7999999999999998,98.2
5941,155805887,155806387,57,443,11.4,88.6
5942,155806387,155806887,313,187,62.6,37.4
5943,155806887,155807387,500,0,100.0,0.0
5944,155807387,155807887,500,0,100.0,0.0
5945,155807887,155808387,500,0,100.0,0.0
5946,155808387,155808887,500,0,100.0,0.0
5947,155808887,155809387,500,0,100.0,0.0
5948,155809387,155809887,500,0,100.0,0.0
5949,155809887,155810387,500,0,100.0,0.0
5950,155810387,155810887,500,0,100.0,0.0
5951,155810887,155811387,500,0,100.0,0.0
5952,155811387,155811887,500,0,100.0,0.0
5953,155811887,155812387,500,0,100.0,0.0
5954,155812387,155812887,500,0,100.0,0.0
5955,155812887,155813387,500,0,100.0,0.0
5956,155813387,155813887,500,0,100.0,0.0
5957,155813887,155814387,500,0,100.0,0.0
5958,155814387,155814887,500,0,100.0,0.0
5959,155814887,155815387,500,0,100.0,0.0
5960,155815387,155815887,500,0,100.0,0.0
5961,155815887,155816387,500,0,100.0,0.0
5962,155816387,155816887,500,0,100.0,0.0
5963,155816887,155817387,500,0,100.0,0.0
5964,155817387,155817887,500,0,100.0,0.0
5965,155817887,155818387,500,0,100.0,0.0
5966,155818387,155818887,500,0,100.0,0.0
5967,155818887,155819387,500,0,100.0,0.0
5968,155819387,155819887,500,0,100.0,0.0
5969,155819887,155820387,500,0,100.0,0.0
5970,155820387,155820887,500,0,100.0,0.0
5971,155820887,155821387,500,0,100.0,0.0
5972,155821387,155821887,500,0,100.0,0.0
5973,155821887,155822387,143,357,28.599999999999998,71.4
5974,155822387,155822887,67,433,13.4,86.6
5975,155822887,155823387,58,442,11.600000000000001,88.4
5976,155823387,155823887,146,354,29.2,70.8
5977,155823887,155824387,500,0,100.0,0.0
5978,155824387,155824887,500,0,100.0,0.0
5979,155824887,155825387,500,0,100.0,0.0
5980,155825387,155825887,500,0,100.0,0.0
5981,155825887,155826387,500,0,100.0,0.0
5982,155826387,155826887,500,0,100.0,0.0
5983,155826887,155827387,500,0,100.0,0.0
5984,155827387,155827887,500,0,100.0,0.0
5985,155827887,155828387,500,0,100.0,0.0
5986,155828387,155828887,500,0,100.0,0.0
5987,155828887,155829387,500,0,100.0,0.0
5988,155829387,155829887,500,0,100.0,0.0
5989,155829887,155830387,500,0,100.0,0.0
5990,155830387,155830887,500,0,100.0,0.0
5991,155830887,155831387,500,0,100.0,0.0
5992,155831387,155831887,500,0,100.0,0.0
5993,155831887,155832387,500,0,100.0,0.0
5994,155832387,155832887,500,0,100.0,0.0
5995,155832887,155833387,500,0,100.0,0.0
5996,155833387,155833887,500,0,100.0,0.0
5997,155833887,155834387,500,0,100.0,0.0
5998,155834387,155834887,500,0,100.0,0.0
5999,155834887,155835387,500,0,100.0,0.0
6000,155835387,155835887,500,0,100.0,0.0
6001,155835887,155836387,500,0,100.0,0.0
6002,155836387,155836887,500,0,100.0,0.0
6003,155836887,155837387,500,0,100.0,0.0
6004,155837387,155837887,500,0,100.0,0.0
6005,155837887,155838387,500,0,100.0,0.0
6006,155838387,155838887,500,0,100.0,0.0
6007,155838887,155839387,93,407,18.6,81.4
6008,155839387,155839887,6,494,1.2,98.8
6009,155839887,155840387,58,442,11.600000000000001,88.4
6010,155840387,155840887,128,372,25.6,74.4
6011,155840887,155841387,500,0,100.0,0.0
6012,155841387,155841887,500,0,100.0,0.0
6013,155841887,155842387,500,0,100.0,0.0
6014,155842387,155842887,500,0,100.0,0.0
6015,155842887,155843387,500,0,100.0,0.0
6016,155843387,155843887,500,0,100.0,0.0
6017,155843887,155844387,500,0,100.0,0.0
6018,155844387,155844887,500,0,100.0,0.0
6019,155844887,155845387,500,0,100.0,0.0
6020,155845387,155845887,500,0,100.0,0.0
6021,155845887,155846387,500,0,100.0,0.0
6022,155846387,155846887,500,0,100.0,0.0
6023,155846887,155847387,500,0,100.0,0.0
6024,155847387,155847887,500,0,100.0,0.0
6025,155847887,155848387,500,0,100.0,0.0
6026,155848387,155848887,500,0,100.0,0.0
6027,155848887,155849387,500,0,100.0,0.0
6028,155849387,155849887,500,0,100.0,0.0
6029,155849887,155850387,500,0,100.0,0.0
6030,155850387,155850887,500,0,100.0,0.0
6031,155850887,155851387,500,0,100.0,0.0
6032,155851387,155851887,500,0,100.0,0.0
6033,155851887,155852387,500,0,100.0,0.0
6034,155852387,155852887,500,0,100.0,0.0
6035,155852887,155853387,500,0,100.0,0.0
6036,155853387,155853887,500,0,100.0,0.0
6037,155853887,155854387,500,0,100.0,0.0
6038,155854387,155854887,500,0,100.0,0.0
6039,155854887,155855387,500,0,100.0,0.0
6040,155855387,155855887,500,0,100.0,0.0
6041,155855887,155856387,500,0,100.0,0.0
6042,155856387,155856887,500,0,100.0,0.0
6043,155856887,155857387,158,342,31.6,68.4
6044,155857387,155857887,0,500,0.0,100.0
6045,155857887,155858387,11,489,2.1999999999999997,97.8
6046,155858387,155858887,78,422,15.6,84.4
6047,155858887,155859387,111,389,22.2,77.8
6048,155859387,155859887,500,0,100.0,0.0
6049,155859887,155860387,500,0,100.0,0.0
6050,155860387,155860887,500,0,100.0,0.0
6051,155860887,155861387,500,0,100.0,0.0
6052,155861387,155861887,500,0,100.0,0.0
6053,155861887,155862387,500,0,100.0,0.0
6054,155862387,155862887,500,0,100.0,0.0
6055,155862887,155863387,500,0,100.0,0.0
6056,155863387,155863887,500,0,100.0,0.0
6057,155863887,155864387,500,0,100.0,0.0
6058,155864387,155864887,500,0,100.0,0.0
6059,155864887,155865387,500,0,100.0,0.0
6060,155865387,155865887,500,0,100.0,0.0
6061,155865887,155866387,500,0,100.0,0.0
6062,155866387,155866887,500,0,100.0,0.0
6063,155866887,155867387,500,0,100.0,0.0
6064,155867387,155867887,500,0,100.0,0.0
6065,155867887,155868387,500,0,100.0,0.0
6066,155868387,155868887,500,0,100.0,0.0
6067,155868887,155869387,500,0,100.0,0.0
6068,155869387,155869887,500,0,100.0,0.0
6069,155869887,155870387,500,0,100.0,0.0
6070,155870387,155870887,500,0,100.0,0.0
6071,155870887,155871387,500,0,100.0,0.0
6072,155871387,155871887,500,0,100.0,0.0
6073,155871887,155872387,500,0,100.0,0.0
6074,155872387,155872887,500,0,100.0,0.0
6075,155872887,155873387,500,0,100.0,0.0
6076,155873387,155873887,500,0,100.0,0.0
6077,155873887,155874387,500,0,100.0,0.0
6078,155874387,155874887,500,0,100.0,0.0
6079,155874887,155875387,500,0,100.0,0.0
6080,155875387,155875887,476,24,95.19999999999999,4.800000000000011
6081,155875887,155876387,11,489,2.1999999999999997,97.8
6082,155876387,155876887,14,486,2.8000000000000003,97.2
6083,155876887,155877387,103,397,20.599999999999998,79.4
6084,155877387,155877887,370,130,74.0,26.0
6085,155877887,155878387,500,0,100.0,0.0
6086,155878387,155878887,500,0,100.0,0.0
6087,155878887,155879387,500,0,100.0,0.0
6088,155879387,155879887,500,0,100.0,0.0
6089,155879887,155880387,500,0,100.0,0.0
6090,155880387,155880887,500,0,100.0,0.0
6091,155880887,155881387,500,0,100.0,0.0
6092,155881387,155881887,500,0,100.0,0.0
6093,155881887,155882387,500,0,100.0,0.0
6094,155882387,155882887,500,0,100.0,0.0
6095,155882887,155883387,500,0,100.0,0.0
6096,155883387,155883887,500,0,100.0,0.0
6097,155883887,155884387,500,0,100.0,0.0
6098,155884387,155884887,500,0,100.0,0.0
6099,155884887,155885387,500,0,100.0,0.0
6100,155885387,155885887,500,0,100.0,0.0
6101,155885887,155886387,500,0,100.0,0.0
6102,155886387,155886887,500,0,100.0,0.0
6103,155886887,155887387,500,0,100.0,0.0
6104,155887387,155887887,500,0,100.0,0.0
6105,155887887,155888387,500,0,100.0,0.0
6106,155888387,155888887,500,0,100.0,0.0
6107,155888887,155889387,500,0,100.0,0.0
6108,155889387,155889887,500,0,100.0,0.0
6109,155889887,155890387,500,0,100.0,0.0
6110,155890387,155890887,500,0,100.0,0.0
6111,155890887,155891387,500,0,100.0,0.0
6112,155891387,155891887,500,0,100.0,0.0
6113,155891887,155892387,500,0,100.0,0.0
6114,155892387,155892887,500,0,100.0,0.0
6115,155892887,155893387,500,0,100.0,0.0
6116,155893387,155893887,111,389,22.2,77.8
6117,155893887,155894387,22,478,4.3999999999999995,95.6
6118,155894387,155894887,86,414,17.2,82.8
6119,155894887,155895387,27,473,5.4,94.6
6120,155895387,155895887,479,21,95.8,4.200000000000003
6121,155895887,155896387,500,0,100.0,0.0
6122,155896387,155896887,500,0,100.0,0.0
6123,155896887,155897387,500,0,100.0,0.0
6124,155897387,155897887,500,0,100.0,0.0
6125,155897887,155898387,500,0,100.0,0.0
6126,155898387,155898887,500,0,100.0,0.0
6127,155898887,155899387,500,0,100.0,0.0
6128,155899387,155899887,500,0,100.0,0.0
6129,155899887,155900387,500,0,100.0,0.0
6130,155900387,155900887,500,0,100.0,0.0
6131,155900887,155901387,500,0,100.0,0.0
6132,155901387,155901887,500,0,100.0,0.0
6133,155901887,155902387,500,0,100.0,0.0
6134,155902387,155902887,500,0,100.0,0.0
6135,155902887,155903387,500,0,100.0,0.0
6136,155903387,155903887,500,0,100.0,0.0
6137,155903887,155904387,500,0,100.0,0.0
6138,155904387,155904887,500,0,100.0,0.0
6139,155904887,155905387,500,0,100.0,0.0
6140,155905387,155905887,500,0,100.0,0.0
6141,155905887,155906387,500,0,100.0,0.0
6142,155906387,155906887,500,0,100.0,0.0
6143,155906887,155907387,500,0,100.0,0.0
6144,155907387,155907887,500,0,100.0,0.0
6145,155907887,155908387,500,0,100.0,0.0
6146,155908387,155908887,500,0,100.0,0.0
6147,155908887,155909387,500,0,100.0,0.0
6148,155909387,155909887,500,0,100.0,0.0
6149,155909887,155910387,500,0,100.0,0.0
6150,155910387,155910887,500,0,100.0,0.0
6151,155910887,155911387,500,0,100.0,0.0
6152,155911387,155911887,500,0,100.0,0.0
6153,155911887,155912387,500,0,100.0,0.0
6154,155912387,155912887,274,226,54.800000000000004,45.199999999999996
6155,155912887,155913387,16,484,3.2,96.8
6156,155913387,155913887,50,450,10.0,90.0
6157,155913887,155914387,349,151,69.8,30.200000000000003
6158,155914387,155914887,500,0,100.0,0.0
6159,155914887,155915387,500,0,100.0,0.0
6160,155915387,155915887,500,0,100.0,0.0
6161,155915887,155916387,500,0,100.0,0.0
6162,155916387,155916887,500,0,100.0,0.0
6163,155916887,155917387,500,0,100.0,0.0
6164,155917387,155917887,500,0,100.0,0.0
6165,155917887,155918387,500,0,100.0,0.0
6166,155918387,155918887,500,0,100.0,0.0
6167,155918887,155919387,500,0,100.0,0.0
6168,155919387,155919887,500,0,100.0,0.0
6169,155919887,155920387,500,0,100.0,0.0
6170,155920387,155920887,500,0,100.0,0.0
6171,155920887,155921387,500,0,100.0,0.0
6172,155921387,155921887,500,0,100.0,0.0
6173,155921887,155922387,500,0,100.0,0.0
6174,155922387,155922887,500,0,100.0,0.0
6175,155922887,155923387,500,0,100.0,0.0
6176,155923387,155923887,500,0,100.0,0.0
6177,155923887,155924387,500,0,100.0,0.0
6178,155924387,155924887,500,0,100.0,0.0
6179,155924887,155925387,500,0,100.0,0.0
6180,155925387,155925887,500,0,100.0,0.0
6181,155925887,155926387,500,0,100.0,0.0
6182,155926387,155926887,500,0,100.0,0.0
6183,155926887,155927387,500,0,100.0,0.0
6184,155927387,155927887,500,0,100.0,0.0
6185,155927887,155928387,500,0,100.0,0.0
6186,155928387,155928887,500,0,100.0,0.0
6187,155928887,155929387,500,0,100.0,0.0
6188,155929387,155929887,500,0,100.0,0.0
6189,155929887,155930387,488,12,97.6,2.4000000000000057
6190,155930387,155930887,8,492,1.6,98.4
6191,155930887,155931387,16,484,3.2,96.8
6192,155931387,155931887,65,435,13.0,87.0
6193,155931887,155932387,272,228,54.400000000000006,45.599999999999994
6194,155932387,155932887,500,0,100.0,0.0
6195,155932887,155933387,500,0,100.0,0.0
6196,155933387,155933887,500,0,100.0,0.0
6197,155933887,155934387,500,0,100.0,0.0
6198,155934387,155934887,500,0,100.0,0.0
6199,155934887,155935387,500,0,100.0,0.0
6200,155935387,155935887,500,0,100.0,0.0
6201,155935887,155936387,500,0,100.0,0.0
6202,155936387,155936887,500,0,100.0,0.0
6203,155936887,155937387,500,0,100.0,0.0
6204,155937387,155937887,500,0,100.0,0.0
6205,155937887,155938387,500,0,100.0,0.0
6206,155938387,155938887,500,0,100.0,0.0
6207,155938887,155939387,500,0,100.0,0.0
6208,155939387,155939887,500,0,100.0,0.0
6209,155939887,155940387,500,0,100.0,0.0
6210,155940387,155940887,500,0,100.0,0.0
6211,155940887,155941387,500,0,100.0,0.0
6212,155941387,155941887,500,0,100.0,0.0
6213,155941887,155942387,500,0,100.0,0.0
6214,155942387,155942887,500,0,100.0,0.0
6215,155942887,155943387,500,0,100.0,0.0
6216,155943387,155943887,500,0,100.0,0.0
6217,155943887,155944387,500,0,100.0,0.0
6218,155944387,155944887,500,0,100.0,0.0
6219,155944887,155945387,500,0,100.0,0.0
6220,155945387,155945887,500,0,100.0,0.0
6221,155945887,155946387,500,0,100.0,0.0
6222,155946387,155946887,500,0,100.0,0.0
6223,155946887,155947387,145,355,28.999999999999996,71.0
6224,155947387,155947887,26,474,5.2,94.8
6225,155947887,155948387,66,434,13.200000000000001,86.8
6226,155948387,155948887,5,495,1.0,99.0
6227,155948887,155949387,434,66,86.8,13.200000000000003
6228,155949387,155949887,500,0,100.0,0.0
6229,155949887,155950387,500,0,100.0,0.0
6230,155950387,155950887,500,0,100.0,0.0
6231,155950887,155951387,500,0,100.0,0.0
6232,155951387,155951887,500,0,100.0,0.0
6233,155951887,155952387,500,0,100.0,0.0
6234,155952387,155952887,500,0,100.0,0.0
6235,155952887,155953387,500,0,100.0,0.0
6236,155953387,155953887,500,0,100.0,0.0
6237,155953887,155954387,500,0,100.0,0.0
6238,155954387,155954887,500,0,100.0,0.0
6239,155954887,155955387,500,0,100.0,0.0
6240,155955387,155955887,500,0,100.0,0.0
6241,155955887,155956387,500,0,100.0,0.0
6242,155956387,155956887,500,0,100.0,0.0
6243,155956887,155957387,500,0,100.0,0.0
6244,155957387,155957887,500,0,100.0,0.0
6245,155957887,155958387,500,0,100.0,0.0
6246,155958387,155958887,500,0,100.0,0.0
6247,155958887,155959387,500,0,100.0,0.0
6248,155959387,155959887,500,0,100.0,0.0
6249,155959887,155960387,500,0,100.0,0.0
6250,155960387,155960887,500,0,100.0,0.0
6251,155960887,155961387,500,0,100.0,0.0
6252,155961387,155961887,500,0,100.0,0.0
6253,155961887,155962387,500,0,100.0,0.0
6254,155962387,155962887,500,0,100.0,0.0
6255,155962887,155963387,500,0,100.0,0.0
6256,155963387,155963887,500,0,100.0,0.0
6257,155963887,155964387,500,0,100.0,0.0
6258,155964387,155964887,500,0,100.0,0.0
6259,155964887,155965387,500,0,100.0,0.0
6260,155965387,155965887,500,0,100.0,0.0
6261,155965887,155966387,500,0,100.0,0.0
6262,155966387,155966887,500,0,100.0,0.0
6263,155966887,155967387,500,0,100.0,0.0
6264,155967387,155967887,500,0,100.0,0.0
6265,155967887,155968387,500,0,100.0,0.0
6266,155968387,155968887,500,0,100.0,0.0
6267,155968887,155969387,500,0,100.0,0.0
6268,155969387,155969887,500,0,100.0,0.0
6269,155969887,155970387,500,0,100.0,0.0
6270,155970387,155970887,500,0,100.0,0.0
6271,155970887,155971387,500,0,100.0,0.0
6272,155971387,155971887,500,0,100.0,0.0
6273,155971887,155972387,500,0,100.0,0.0
6274,155972387,155972887,500,0,100.0,0.0
6275,155972887,155973387,500,0,100.0,0.0
6276,155973387,155973887,500,0,100.0,0.0
6277,155973887,155974387,500,0,100.0,0.0
6278,155974387,155974887,500,0,100.0,0.0
6279,155974887,155975387,500,0,100.0,0.0
6280,155975387,155975887,500,0,100.0,0.0
6281,155975887,155976387,500,0,100.0,0.0
6282,155976387,155976887,500,0,100.0,0.0
6283,155976887,155977387,500,0,100.0,0.0
6284,155977387,155977887,500,0,100.0,0.0
6285,155977887,155978387,500,0,100.0,0.0
6286,155978387,155978887,500,0,100.0,0.0
6287,155978887,155979387,500,0,100.0,0.0
6288,155979387,155979887,500,0,100.0,0.0
6289,155979887,155980387,500,0,100.0,0.0
6290,155980387,155980887,500,0,100.0,0.0
6291,155980887,155981387,500,0,100.0,0.0
6292,155981387,155981887,500,0,100.0,0.0
6293,155981887,155982387,500,0,100.0,0.0
6294,155982387,155982887,500,0,100.0,0.0
6295,155982887,155983387,500,0,100.0,0.0
6296,155983387,155983887,500,0,100.0,0.0
6297,155983887,155984387,500,0,100.0,0.0
6298,155984387,155984887,500,0,100.0,0.0
6299,155984887,155985387,500,0,100.0,0.0
6300,155985387,155985887,500,0,100.0,0.0
6301,155985887,155986387,500,0,100.0,0.0
6302,155986387,155986887,500,0,100.0,0.0
6303,155986887,155987387,500,0,100.0,0.0
6304,155987387,155987887,500,0,100.0,0.0
6305,155987887,155988387,500,0,100.0,0.0
6306,155988387,155988887,500,0,100.0,0.0
6307,155988887,155989387,500,0,100.0,0.0
6308,155989387,155989887,500,0,100.0,0.0
6309,155989887,155990387,500,0,100.0,0.0
6310,155990387,155990887,500,0,100.0,0.0
6311,155990887,155991387,500,0,100.0,0.0
6312,155991387,155991887,500,0,100.0,0.0
6313,155991887,155992387,500,0,100.0,0.0
6314,155992387,155992887,500,0,100.0,0.0
6315,155992887,155993387,500,0,100.0,0.0
6316,155993387,155993887,500,0,100.0,0.0
6317,155993887,155994387,500,0,100.0,0.0
6318,155994387,155994887,500,0,100.0,0.0
6319,155994887,155995387,500,0,100.0,0.0
6320,155995387,155995887,500,0,100.0,0.0
6321,155995887,155996387,500,0,100.0,0.0
6322,155996387,155996887,500,0,100.0,0.0
6323,155996887,155997387,500,0,100.0,0.0
6324,155997387,155997887,500,0,100.0,0.0
6325,155997887,155998387,500,0,100.0,0.0
6326,155998387,155998887,500,0,100.0,0.0
6327,155998887,155999387,500,0,100.0,0.0
6328,155999387,155999887,500,0,100.0,0.0
6329,155999887,156000387,500,0,100.0,0.0
6330,156000387,156000887,500,0,100.0,0.0
6331,156000887,156001387,500,0,100.0,0.0
6332,156001387,156001887,500,0,100.0,0.0
6333,156001887,156002387,500,0,100.0,0.0
6334,156002387,156002887,500,0,100.0,0.0
6335,156002887,156003387,500,0,100.0,0.0
6336,156003387,156003887,500,0,100.0,0.0
6337,156003887,156004387,500,0,100.0,0.0
6338,156004387,156004887,500,0,100.0,0.0
6339,156004887,156005387,500,0,100.0,0.0
6340,156005387,156005887,500,0,100.0,0.0
6341,156005887,156006387,500,0,100.0,0.0
6342,156006387,156006887,500,0,100.0,0.0
6343,156006887,156007387,500,0,100.0,0.0
6344,156007387,156007887,500,0,100.0,0.0
6345,156007887,156008387,500,0,100.0,0.0
6346,156008387,156008887,500,0,100.0,0.0
6347,156008887,156009387,500,0,100.0,0.0
6348,156009387,156009887,500,0,100.0,0.0
6349,156009887,156010387,500,0,100.0,0.0
6350,156010387,156010887,500,0,100.0,0.0
6351,156010887,156011387,500,0,100.0,0.0
6352,156011387,156011887,500,0,100.0,0.0
6353,156011887,156012387,500,0,100.0,0.0
6354,156012387,156012887,500,0,100.0,0.0
6355,156012887,156013387,500,0,100.0,0.0
6356,156013387,156013887,500,0,100.0,0.0
6357,156013887,156014387,500,0,100.0,0.0
6358,156014387,156014887,500,0,100.0,0.0
6359,156014887,156015387,500,0,100.0,0.0
6360,156015387,156015887,500,0,100.0,0.0
6361,156015887,156016387,500,0,100.0,0.0
6362,156016387,156016887,500,0,100.0,0.0
6363,156016887,156017387,500,0,100.0,0.0
6364,156017387,156017887,500,0,100.0,0.0
6365,156017887,156018387,500,0,100.0,0.0
6366,156018387,156018887,500,0,100.0,0.0
6367,156018887,156019387,500,0,100.0,0.0
6368,156019387,156019887,500,0,100.0,0.0
6369,156019887,156020387,500,0,100.0,0.0
6370,156020387,156020887,500,0,100.0,0.0
6371,156020887,156021387,500,0,100.0,0.0
6372,156021387,156021887,500,0,100.0,0.0
6373,156021887,156022387,500,0,100.0,0.0
6374,156022387,156022887,500,0,100.0,0.0
6375,156022887,156023387,500,0,100.0,0.0
6376,156023387,156023887,500,0,100.0,0.0
6377,156023887,156024387,500,0,100.0,0.0
6378,156024387,156024887,500,0,100.0,0.0
6379,156024887,156025387,500,0,100.0,0.0
6380,156025387,156025887,119,381,23.799999999999997,76.2
6381,156025887,156026387,71,429,14.2,85.8
6382,156026387,156026887,5,495,1.0,99.0
6383,156026887,156027387,481,19,96.2,3.799999999999997
6384,156027387,156027887,500,0,100.0,0.0
6385,156027887,156028387,500,0,100.0,0.0
6386,156028387,156028887,500,0,100.0,0.0
6387,156028887,156029387,500,0,100.0,0.0
6388,156029387,156029887,500,0,100.0,0.0
6389,156029887,156030387,500,0,100.0,0.0
6390,156030387,156030887,500,0,100.0,0.0
6391,156030887,156031387,500,0,100.0,0.0
6392,156031387,156031887,500,0,100.0,0.0
6393,156031887,156032387,500,0,100.0,0.0
6394,156032387,156032887,500,0,100.0,0.0
6395,156032887,156033387,500,0,100.0,0.0
6396,156033387,156033887,500,0,100.0,0.0
6397,156033887,156034387,500,0,100.0,0.0
6398,156034387,156034887,500,0,100.0,0.0
6399,156034887,156035387,500,0,100.0,0.0
6400,156035387,156035887,500,0,100.0,0.0
6401,156035887,156036387,500,0,100.0,0.0
6402,156036387,156036887,500,0,100.0,0.0
6403,156036887,156037387,500,0,100.0,0.0
6404,156037387,156037887,500,0,100.0,0.0
6405,156037887,156038387,500,0,100.0,0.0
6406,156038387,156038887,500,0,100.0,0.0
6407,156038887,156039387,500,0,100.0,0.0
6408,156039387,156039887,500,0,100.0,0.0
6409,156039887,156040387,500,0,100.0,0.0
6410,156040387,156040887,500,0,100.0,0.0
6411,156040887,156041387,500,0,100.0,0.0
6412,156041387,156041887,500,0,100.0,0.0
6413,156041887,156042387,500,0,100.0,0.0
6414,156042387,156042887,500,0,100.0,0.0
6415,156042887,156043387,500,0,100.0,0.0
6416,156043387,156043887,500,0,100.0,0.0
6417,156043887,156044387,238,262,47.599999999999994,52.400000000000006
6418,156044387,156044887,5,495,1.0,99.0
6419,156044887,156045387,78,422,15.6,84.4
6420,156045387,156045887,6,494,1.2,98.8
6421,156045887,156046387,500,0,100.0,0.0
6422,156046387,156046887,500,0,100.0,0.0
6423,156046887,156047387,500,0,100.0,0.0
6424,156047387,156047887,500,0,100.0,0.0
6425,156047887,156048387,500,0,100.0,0.0
6426,156048387,156048887,500,0,100.0,0.0
6427,156048887,156049387,500,0,100.0,0.0
6428,156049387,156049887,500,0,100.0,0.0
6429,156049887,156050387,500,0,100.0,0.0
6430,156050387,156050887,500,0,100.0,0.0
6431,156050887,156051387,500,0,100.0,0.0
6432,156051387,156051887,500,0,100.0,0.0
6433,156051887,156052387,500,0,100.0,0.0
6434,156052387,156052887,500,0,100.0,0.0
6435,156052887,156053387,500,0,100.0,0.0
6436,156053387,156053887,500,0,100.0,0.0
6437,156053887,156054387,500,0,100.0,0.0
6438,156054387,156054887,500,0,100.0,0.0
6439,156054887,156055387,500,0,100.0,0.0
6440,156055387,156055887,500,0,100.0,0.0
6441,156055887,156056387,500,0,100.0,0.0
6442,156056387,156056887,500,0,100.0,0.0
6443,156056887,156057387,500,0,100.0,0.0
6444,156057387,156057887,500,0,100.0,0.0
6445,156057887,156058387,500,0,100.0,0.0
6446,156058387,156058887,500,0,100.0,0.0
6447,156058887,156059387,500,0,100.0,0.0
6448,156059387,156059887,500,0,100.0,0.0
6449,156059887,156060387,500,0,100.0,0.0
6450,156060387,156060887,500,0,100.0,0.0
6451,156060887,156061387,500,0,100.0,0.0
6452,156061387,156061887,196,304,39.2,60.8
6453,156061887,156062387,24,476,4.8,95.2
6454,156062387,156062887,5,495,1.0,99.0
6455,156062887,156063387,88,412,17.599999999999998,82.4
6456,156063387,156063887,371,129,74.2,25.799999999999997
6457,156063887,156064387,500,0,100.0,0.0
6458,156064387,156064887,500,0,100.0,0.0
6459,156064887,156065387,500,0,100.0,0.0
6460,156065387,156065887,500,0,100.0,0.0
6461,156065887,156066387,500,0,100.0,0.0
6462,156066387,156066887,500,0,100.0,0.0
6463,156066887,156067387,500,0,100.0,0.0
6464,156067387,156067887,500,0,100.0,0.0
6465,156067887,156068387,500,0,100.0,0.0
6466,156068387,156068887,500,0,100.0,0.0
6467,156068887,156069387,500,0,100.0,0.0
6468,156069387,156069887,500,0,100.0,0.0
6469,156069887,156070387,500,0,100.0,0.0
6470,156070387,156070887,500,0,100.0,0.0
6471,156070887,156071387,500,0,100.0,0.0
6472,156071387,156071887,500,0,100.0,0.0
6473,156071887,156072387,500,0,100.0,0.0
6474,156072387,156072887,500,0,100.0,0.0
6475,156072887,156073387,500,0,100.0,0.0
6476,156073387,156073887,500,0,100.0,0.0
6477,156073887,156074387,500,0,100.0,0.0
6478,156074387,156074887,500,0,100.0,0.0
6479,156074887,156075387,500,0,100.0,0.0
6480,156075387,156075887,500,0,100.0,0.0
6481,156075887,156076387,500,0,100.0,0.0
6482,156076387,156076887,500,0,100.0,0.0
6483,156076887,156077387,500,0,100.0,0.0
6484,156077387,156077887,500,0,100.0,0.0
6485,156077887,156078387,500,0,100.0,0.0
6486,156078387,156078887,500,0,100.0,0.0
6487,156078887,156079387,500,0,100.0,0.0
6488,156079387,156079887,261,239,52.2,47.8
6489,156079887,156080387,16,484,3.2,96.8
6490,156080387,156080887,49,451,9.8,90.2
6491,156080887,156081387,339,161,67.80000000000001,32.19999999999999
6492,156081387,156081887,500,0,100.0,0.0
6493,156081887,156082387,500,0,100.0,0.0
6494,156082387,156082887,500,0,100.0,0.0
6495,156082887,156083387,500,0,100.0,0.0
6496,156083387,156083887,500,0,100.0,0.0
6497,156083887,156084387,500,0,100.0,0.0
6498,156084387,156084887,500,0,100.0,0.0
6499,156084887,156085387,500,0,100.0,0.0
6500,156085387,156085887,500,0,100.0,0.0
6501,156085887,156086387,500,0,100.0,0.0
6502,156086387,156086887,500,0,100.0,0.0
6503,156086887,156087387,500,0,100.0,0.0
6504,156087387,156087887,500,0,100.0,0.0
6505,156087887,156088387,500,0,100.0,0.0
6506,156088387,156088887,500,0,100.0,0.0
6507,156088887,156089387,500,0,100.0,0.0
6508,156089387,156089887,500,0,100.0,0.0
6509,156089887,156090387,500,0,100.0,0.0
6510,156090387,156090887,500,0,100.0,0.0
6511,156090887,156091387,500,0,100.0,0.0
6512,156091387,156091887,500,0,100.0,0.0
6513,156091887,156092387,500,0,100.0,0.0
6514,156092387,156092887,500,0,100.0,0.0
6515,156092887,156093387,500,0,100.0,0.0
6516,156093387,156093887,500,0,100.0,0.0
6517,156093887,156094387,500,0,100.0,0.0
6518,156094387,156094887,500,0,100.0,0.0
6519,156094887,156095387,500,0,100.0,0.0
6520,156095387,156095887,500,0,100.0,0.0
6521,156095887,156096387,500,0,100.0,0.0
6522,156096387,156096887,500,0,100.0,0.0
6523,156096887,156097387,500,0,100.0,0.0
6524,156097387,156097887,500,0,100.0,0.0
6525,156097887,156098387,500,0,100.0,0.0
6526,156098387,156098887,500,0,100.0,0.0
6527,156098887,156099387,250,250,50.0,50.0
6528,156099387,156099887,4,496,0.8,99.2
6529,156099887,156100387,18,482,3.5999999999999996,96.4
6530,156100387,156100887,5,495,1.0,99.0
6531,156100887,156101387,81,419,16.2,83.8
6532,156101387,156101887,487,13,97.39999999999999,2.6000000000000085
6533,156101887,156102387,500,0,100.0,0.0
6534,156102387,156102887,500,0,100.0,0.0
6535,156102887,156103387,500,0,100.0,0.0
6536,156103387,156103887,500,0,100.0,0.0
6537,156103887,156104387,500,0,100.0,0.0
6538,156104387,156104887,500,0,100.0,0.0
6539,156104887,156105387,500,0,100.0,0.0
6540,156105387,156105887,500,0,100.0,0.0
6541,156105887,156106387,500,0,100.0,0.0
6542,156106387,156106887,500,0,100.0,0.0
6543,156106887,156107387,500,0,100.0,0.0
6544,156107387,156107887,500,0,100.0,0.0
6545,156107887,156108387,500,0,100.0,0.0
6546,156108387,156108887,500,0,100.0,0.0
6547,156108887,156109387,500,0,100.0,0.0
6548,156109387,156109887,500,0,100.0,0.0
6549,156109887,156110387,500,0,100.0,0.0
6550,156110387,156110887,500,0,100.0,0.0
6551,156110887,156111387,500,0,100.0,0.0
6552,156111387,156111887,500,0,100.0,0.0
6553,156111887,156112387,500,0,100.0,0.0
6554,156112387,156112887,500,0,100.0,0.0
6555,156112887,156113387,500,0,100.0,0.0
6556,156113387,156113887,500,0,100.0,0.0
6557,156113887,156114387,500,0,100.0,0.0
6558,156114387,156114887,500,0,100.0,0.0
6559,156114887,156115387,500,0,100.0,0.0
6560,156115387,156115887,500,0,100.0,0.0
6561,156115887,156116387,500,0,100.0,0.0
6562,156116387,156116887,500,0,100.0,0.0
6563,156116887,156117387,500,0,100.0,0.0
6564,156117387,156117887,500,0,100.0,0.0
6565,156117887,156118387,500,0,100.0,0.0
6566,156118387,156118887,500,0,100.0,0.0
6567,156118887,156119387,209,291,41.8,58.2
6568,156119387,156119887,24,476,4.8,95.2
6569,156119887,156120387,57,443,11.4,88.6
6570,156120387,156120887,22,478,4.3999999999999995,95.6
6571,156120887,156121387,385,115,77.0,23.0
6572,156121387,156121887,500,0,100.0,0.0
6573,156121887,156122387,500,0,100.0,0.0
6574,156122387,156122887,500,0,100.0,0.0
6575,156122887,156123387,500,0,100.0,0.0
6576,156123387,156123887,500,0,100.0,0.0
6577,156123887,156124387,500,0,100.0,0.0
6578,156124387,156124887,500,0,100.0,0.0
6579,156124887,156125387,500,0,100.0,0.0
6580,156125387,156125887,500,0,100.0,0.0
6581,156125887,156126387,500,0,100.0,0.0
6582,156126387,156126887,500,0,100.0,0.0
6583,156126887,156127387,500,0,100.0,0.0
6584,156127387,156127887,500,0,100.0,0.0
6585,156127887,156128387,500,0,100.0,0.0
6586,156128387,156128887,500,0,100.0,0.0
6587,156128887,156129387,500,0,100.0,0.0
6588,156129387,156129887,500,0,100.0,0.0
6589,156129887,156130387,500,0,100.0,0.0
6590,156130387,156130887,500,0,100.0,0.0
6591,156130887,156131387,500,0,100.0,0.0
6592,156131387,156131887,500,0,100.0,0.0
6593,156131887,156132387,500,0,100.0,0.0
6594,156132387,156132887,500,0,100.0,0.0
6595,156132887,156133387,500,0,100.0,0.0
6596,156133387,156133887,500,0,100.0,0.0
6597,156133887,156134387,500,0,100.0,0.0
6598,156134387,156134887,500,0,100.0,0.0
6599,156134887,156135387,500,0,100.0,0.0
6600,156135387,156135887,500,0,100.0,0.0
6601,156135887,156136387,500,0,100.0,0.0
6602,156136387,156136887,500,0,100.0,0.0
6603,156136887,156137387,500,0,100.0,0.0
6604,156137387,156137887,500,0,100.0,0.0
6605,156137887,156138387,440,60,88.0,12.0
6606,156138387,156138887,8,492,1.6,98.4
6607,156138887,156139387,73,427,14.6,85.4
6608,156139387,156139887,158,342,31.6,68.4
6609,156139887,156140387,500,0,100.0,0.0
6610,156140387,156140887,500,0,100.0,0.0
6611,156140887,156141387,500,0,100.0,0.0
6612,156141387,156141887,500,0,100.0,0.0
6613,156141887,156142387,500,0,100.0,0.0
6614,156142387,156142887,500,0,100.0,0.0
6615,156142887,156143387,500,0,100.0,0.0
6616,156143387,156143887,500,0,100.0,0.0
6617,156143887,156144387,500,0,100.0,0.0
6618,156144387,156144887,500,0,100.0,0.0
6619,156144887,156145387,500,0,100.0,0.0
6620,156145387,156145887,500,0,100.0,0.0
6621,156145887,156146387,500,0,100.0,0.0
6622,156146387,156146887,500,0,100.0,0.0
6623,156146887,156147387,500,0,100.0,0.0
6624,156147387,156147887,500,0,100.0,0.0
6625,156147887,156148387,500,0,100.0,0.0
6626,156148387,156148887,500,0,100.0,0.0
6627,156148887,156149387,500,0,100.0,0.0
6628,156149387,156149887,500,0,100.0,0.0
6629,156149887,156150387,500,0,100.0,0.0
6630,156150387,156150887,500,0,100.0,0.0
6631,156150887,156151387,500,0,100.0,0.0
6632,156151387,156151887,500,0,100.0,0.0
6633,156151887,156152387,500,0,100.0,0.0
6634,156152387,156152887,500,0,100.0,0.0
6635,156152887,156153387,500,0,100.0,0.0
6636,156153387,156153887,500,0,100.0,0.0
6637,156153887,156154387,500,0,100.0,0.0
6638,156154387,156154887,500,0,100.0,0.0
6639,156154887,156155387,500,0,100.0,0.0
6640,156155387,156155887,500,0,100.0,0.0
6641,156155887,156156387,349,151,69.8,30.200000000000003
6642,156156387,156156887,8,492,1.6,98.4
6643,156156887,156157387,16,484,3.2,96.8
6644,156157387,156157887,77,423,15.4,84.6
6645,156157887,156158387,181,319,36.199999999999996,63.800000000000004
6646,156158387,156158887,500,0,100.0,0.0
6647,156158887,156159387,500,0,100.0,0.0
6648,156159387,156159887,500,0,100.0,0.0
6649,156159887,156160387,500,0,100.0,0.0
6650,156160387,156160887,500,0,100.0,0.0
6651,156160887,156161387,500,0,100.0,0.0
6652,156161387,156161887,500,0,100.0,0.0
6653,156161887,156162387,500,0,100.0,0.0
6654,156162387,156162887,500,0,100.0,0.0
6655,156162887,156163387,500,0,100.0,0.0
6656,156163387,156163887,500,0,100.0,0.0
6657,156163887,156164387,500,0,100.0,0.0
6658,156164387,156164887,500,0,100.0,0.0
6659,156164887,156165387,500,0,100.0,0.0
6660,156165387,156165887,500,0,100.0,0.0
6661,156165887,156166387,500,0,100.0,0.0
6662,156166387,156166887,500,0,100.0,0.0
6663,156166887,156167387,500,0,100.0,0.0
6664,156167387,156167887,500,0,100.0,0.0
6665,156167887,156168387,500,0,100.0,0.0
6666,156168387,156168887,500,0,100.0,0.0
6667,156168887,156169387,500,0,100.0,0.0
6668,156169387,156169887,500,0,100.0,0.0
6669,156169887,156170387,500,0,100.0,0.0
6670,156170387,156170887,500,0,100.0,0.0
6671,156170887,156171387,500,0,100.0,0.0
6672,156171387,156171887,500,0,100.0,0.0
6673,156171887,156172387,500,0,100.0,0.0
6674,156172387,156172887,500,0,100.0,0.0
6675,156172887,156173387,500,0,100.0,0.0
6676,156173387,156173887,500,0,100.0,0.0
6677,156173887,156174387,147,353,29.4,70.6
6678,156174387,156174887,20,480,4.0,96.0
6679,156174887,156175387,65,435,13.0,87.0
6680,156175387,156175887,2,498,0.4,99.6
6681,156175887,156176387,188,312,37.6,62.4
6682,156176387,156176887,500,0,100.0,0.0
6683,156176887,156177387,500,0,100.0,0.0
6684,156177387,156177887,500,0,100.0,0.0
6685,156177887,156178387,500,0,100.0,0.0
6686,156178387,156178887,500,0,100.0,0.0
6687,156178887,156179387,500,0,100.0,0.0
6688,156179387,156179887,500,0,100.0,0.0
6689,156179887,156180387,500,0,100.0,0.0
6690,156180387,156180887,500,0,100.0,0.0
6691,156180887,156181387,500,0,100.0,0.0
6692,156181387,156181887,500,0,100.0,0.0
6693,156181887,156182387,500,0,100.0,0.0
6694,156182387,156182887,500,0,100.0,0.0
6695,156182887,156183387,500,0,100.0,0.0
6696,156183387,156183887,500,0,100.0,0.0
6697,156183887,156184387,500,0,100.0,0.0
6698,156184387,156184887,500,0,100.0,0.0
6699,156184887,156185387,500,0,100.0,0.0
6700,156185387,156185887,500,0,100.0,0.0
6701,156185887,156186387,500,0,100.0,0.0
6702,156186387,156186887,500,0,100.0,0.0
6703,156186887,156187387,500,0,100.0,0.0
6704,156187387,156187887,500,0,100.0,0.0
6705,156187887,156188387,500,0,100.0,0.0
6706,156188387,156188887,500,0,100.0,0.0
6707,156188887,156189387,500,0,100.0,0.0
6708,156189387,156189887,500,0,100.0,0.0
6709,156189887,156190387,500,0,100.0,0.0
6710,156190387,156190887,500,0,100.0,0.0
6711,156190887,156191387,500,0,100.0,0.0
6712,156191387,156191887,500,0,100.0,0.0
6713,156191887,156192387,500,0,100.0,0.0
6714,156192387,156192887,144,356,28.799999999999997,71.2
6715,156192887,156193387,85,415,17.0,83.0
6716,156193387,156193887,6,494,1.2,98.8
6717,156193887,156194387,457,43,91.4,8.599999999999994
6718,156194387,156194887,500,0,100.0,0.0
6719,156194887,156195387,500,0,100.0,0.0
6720,156195387,156195887,500,0,100.0,0.0
6721,156195887,156196387,500,0,100.0,0.0
6722,156196387,156196887,500,0,100.0,0.0
6723,156196887,156197387,500,0,100.0,0.0
6724,156197387,156197887,500,0,100.0,0.0
6725,156197887,156198387,500,0,100.0,0.0
6726,156198387,156198887,500,0,100.0,0.0
6727,156198887,156199387,500,0,100.0,0.0
6728,156199387,156199887,500,0,100.0,0.0
6729,156199887,156200387,500,0,100.0,0.0
6730,156200387,156200887,500,0,100.0,0.0
6731,156200887,156201387,500,0,100.0,0.0
6732,156201387,156201887,500,0,100.0,0.0
6733,156201887,156202387,500,0,100.0,0.0
6734,156202387,156202887,500,0,100.0,0.0
6735,156202887,156203387,500,0,100.0,0.0
6736,156203387,156203887,500,0,100.0,0.0
6737,156203887,156204387,500,0,100.0,0.0
6738,156204387,156204887,500,0,100.0,0.0
6739,156204887,156205387,500,0,100.0,0.0
6740,156205387,156205887,500,0,100.0,0.0
6741,156205887,156206387,500,0,100.0,0.0
6742,156206387,156206887,500,0,100.0,0.0
6743,156206887,156207387,500,0,100.0,0.0
6744,156207387,156207887,500,0,100.0,0.0
6745,156207887,156208387,500,0,100.0,0.0
6746,156208387,156208887,500,0,100.0,0.0
6747,156208887,156209387,500,0,100.0,0.0
6748,156209387,156209887,500,0,100.0,0.0
6749,156209887,156210387,500,0,100.0,0.0
6750,156210387,156210887,500,0,100.0,0.0
6751,156210887,156211387,500,0,100.0,0.0
6752,156211387,156211887,500,0,100.0,0.0
6753,156211887,156212387,256,244,51.2,48.8
6754,156212387,156212887,7,493,1.4000000000000001,98.6
6755,156212887,156213387,52,448,10.4,89.6
6756,156213387,156213887,43,457,8.6,91.4
6757,156213887,156214387,307,193,61.4,38.6
6758,156214387,156214887,500,0,100.0,0.0
6759,156214887,156215387,500,0,100.0,0.0
6760,156215387,156215887,500,0,100.0,0.0
6761,156215887,156216387,500,0,100.0,0.0
6762,156216387,156216887,500,0,100.0,0.0
6763,156216887,156217387,500,0,100.0,0.0
6764,156217387,156217887,500,0,100.0,0.0
6765,156217887,156218387,500,0,100.0,0.0
6766,156218387,156218887,500,0,100.0,0.0
6767,156218887,156219387,500,0,100.0,0.0
6768,156219387,156219887,500,0,100.0,0.0
6769,156219887,156220387,500,0,100.0,0.0
6770,156220387,156220887,500,0,100.0,0.0
6771,156220887,156221387,500,0,100.0,0.0
6772,156221387,156221887,500,0,100.0,0.0
6773,156221887,156222387,500,0,100.0,0.0
6774,156222387,156222887,500,0,100.0,0.0
6775,156222887,156223387,500,0,100.0,0.0
6776,156223387,156223887,500,0,100.0,0.0
6777,156223887,156224387,500,0,100.0,0.0
6778,156224387,156224887,500,0,100.0,0.0
6779,156224887,156225387,500,0,100.0,0.0
6780,156225387,156225887,500,0,100.0,0.0
6781,156225887,156226387,500,0,100.0,0.0
6782,156226387,156226887,500,0,100.0,0.0
6783,156226887,156227387,500,0,100.0,0.0
6784,156227387,156227887,500,0,100.0,0.0
6785,156227887,156228387,500,0,100.0,0.0
6786,156228387,156228887,500,0,100.0,0.0
6787,156228887,156229387,500,0,100.0,0.0
6788,156229387,156229887,500,0,100.0,0.0
6789,156229887,156230387,500,0,100.0,0.0
6790,156230387,156230887,500,0,100.0,0.0
6791,156230887,156231387,500,0,100.0,0.0
6792,156231387,156231887,500,0,100.0,0.0
6793,156231887,156232387,500,0,100.0,0.0
6794,156232387,156232887,500,0,100.0,0.0
6795,156232887,156233387,500,0,100.0,0.0
6796,156233387,156233887,500,0,100.0,0.0
6797,156233887,156234387,479,21,95.8,4.200000000000003
6798,156234387,156234887,15,485,3.0,97.0
6799,156234887,156235387,22,478,4.3999999999999995,95.6
6800,156235387,156235887,5,495,1.0,99.0
6801,156235887,156236387,104,396,20.8,79.2
6802,156236387,156236887,379,121,75.8,24.200000000000003
6803,156236887,156237387,500,0,100.0,0.0
6804,156237387,156237887,500,0,100.0,0.0
6805,156237887,156238387,500,0,100.0,0.0
6806,156238387,156238887,500,0,100.0,0.0
6807,156238887,156239387,500,0,100.0,0.0
6808,156239387,156239887,500,0,100.0,0.0
6809,156239887,156240387,500,0,100.0,0.0
6810,156240387,156240887,500,0,100.0,0.0
6811,156240887,156241387,500,0,100.0,0.0
6812,156241387,156241887,500,0,100.0,0.0
6813,156241887,156242387,500,0,100.0,0.0
6814,156242387,156242887,500,0,100.0,0.0
6815,156242887,156243387,500,0,100.0,0.0
6816,156243387,156243887,500,0,100.0,0.0
6817,156243887,156244387,500,0,100.0,0.0
6818,156244387,156244887,500,0,100.0,0.0
6819,156244887,156245387,500,0,100.0,0.0
6820,156245387,156245887,500,0,100.0,0.0
6821,156245887,156246387,500,0,100.0,0.0
6822,156246387,156246887,500,0,100.0,0.0
6823,156246887,156247387,500,0,100.0,0.0
6824,156247387,156247887,500,0,100.0,0.0
6825,156247887,156248387,500,0,100.0,0.0
6826,156248387,156248887,500,0,100.0,0.0
6827,156248887,156249387,500,0,100.0,0.0
6828,156249387,156249887,500,0,100.0,0.0
6829,156249887,156250387,500,0,100.0,0.0
6830,156250387,156250887,500,0,100.0,0.0
6831,156250887,156251387,500,0,100.0,0.0
6832,156251387,156251887,500,0,100.0,0.0
6833,156251887,156252387,500,0,100.0,0.0
6834,156252387,156252887,500,0,100.0,0.0
6835,156252887,156253387,500,0,100.0,0.0
6836,156253387,156253887,500,0,100.0,0.0
6837,156253887,156254387,374,126,74.8,25.200000000000003
6838,156254387,156254887,8,492,1.6,98.4
6839,156254887,156255387,65,435,13.0,87.0
6840,156255387,156255887,335,165,67.0,33.0
6841,156255887,156256387,500,0,100.0,0.0
6842,156256387,156256887,500,0,100.0,0.0
6843,156256887,156257387,500,0,100.0,0.0
6844,156257387,156257887,500,0,100.0,0.0
6845,156257887,156258387,500,0,100.0,0.0
6846,156258387,156258887,500,0,100.0,0.0
6847,156258887,156259387,500,0,100.0,0.0
6848,156259387,156259887,500,0,100.0,0.0
6849,156259887,156260387,500,0,100.0,0.0
6850,156260387,156260887,500,0,100.0,0.0
6851,156260887,156261387,500,0,100.0,0.0
6852,156261387,156261887,500,0,100.0,0.0
6853,156261887,156262387,500,0,100.0,0.0
6854,156262387,156262887,500,0,100.0,0.0
6855,156262887,156263387,500,0,100.0,0.0
6856,156263387,156263887,500,0,100.0,0.0
6857,156263887,156264387,500,0,100.0,0.0
6858,156264387,156264887,500,0,100.0,0.0
6859,156264887,156265387,500,0,100.0,0.0
6860,156265387,156265887,500,0,100.0,0.0
6861,156265887,156266387,500,0,100.0,0.0
6862,156266387,156266887,500,0,100.0,0.0
6863,156266887,156267387,500,0,100.0,0.0
6864,156267387,156267887,500,0,100.0,0.0
6865,156267887,156268387,500,0,100.0,0.0
6866,156268387,156268887,500,0,100.0,0.0
6867,156268887,156269387,500,0,100.0,0.0
6868,156269387,156269887,500,0,100.0,0.0
6869,156269887,156270387,500,0,100.0,0.0
6870,156270387,156270887,500,0,100.0,0.0
6871,156270887,156271387,500,0,100.0,0.0
6872,156271387,156271887,500,0,100.0,0.0
6873,156271887,156272387,500,0,100.0,0.0
6874,156272387,156272887,500,0,100.0,0.0
6875,156272887,156273387,445,55,89.0,11.0
6876,156273387,156273887,7,493,1.4000000000000001,98.6
6877,156273887,156274387,15,485,3.0,97.0
6878,156274387,156274887,88,412,17.599999999999998,82.4
6879,156274887,156275387,105,395,21.0,79.0
6880,156275387,156275887,500,0,100.0,0.0
6881,156275887,156276387,500,0,100.0,0.0
6882,156276387,156276887,500,0,100.0,0.0
6883,156276887,156277387,500,0,100.0,0.0
6884,156277387,156277887,500,0,100.0,0.0
6885,156277887,156278387,500,0,100.0,0.0
6886,156278387,156278887,500,0,100.0,0.0
6887,156278887,156279387,500,0,100.0,0.0
6888,156279387,156279887,500,0,100.0,0.0
6889,156279887,156280387,500,0,100.0,0.0
6890,156280387,156280887,500,0,100.0,0.0
6891,156280887,156281387,500,0,100.0,0.0
6892,156281387,156281887,500,0,100.0,0.0
6893,156281887,156282387,500,0,100.0,0.0
6894,156282387,156282887,500,0,100.0,0.0
6895,156282887,156283387,500,0,100.0,0.0
6896,156283387,156283887,500,0,100.0,0.0
6897,156283887,156284387,500,0,100.0,0.0
6898,156284387,156284887,500,0,100.0,0.0
6899,156284887,156285387,500,0,100.0,0.0
6900,156285387,156285887,500,0,100.0,0.0
6901,156285887,156286387,500,0,100.0,0.0
6902,156286387,156286887,500,0,100.0,0.0
6903,156286887,156287387,500,0,100.0,0.0
6904,156287387,156287887,500,0,100.0,0.0
6905,156287887,156288387,500,0,100.0,0.0
6906,156288387,156288887,500,0,100.0,0.0
6907,156288887,156289387,500,0,100.0,0.0
6908,156289387,156289887,500,0,100.0,0.0
6909,156289887,156290387,500,0,100.0,0.0
6910,156290387,156290887,500,0,100.0,0.0
6911,156290887,156291387,500,0,100.0,0.0
6912,156291387,156291887,500,0,100.0,0.0
6913,156291887,156292387,72,428,14.399999999999999,85.6
6914,156292387,156292887,20,480,4.0,96.0
6915,156292887,156293387,69,431,13.8,86.2
6916,156293387,156293887,7,493,1.4000000000000001,98.6
6917,156293887,156294387,500,0,100.0,0.0
6918,156294387,156294887,500,0,100.0,0.0
6919,156294887,156295387,500,0,100.0,0.0
6920,156295387,156295887,500,0,100.0,0.0
6921,156295887,156296387,500,0,100.0,0.0
6922,156296387,156296887,500,0,100.0,0.0
6923,156296887,156297387,500,0,100.0,0.0
6924,156297387,156297887,500,0,100.0,0.0
6925,156297887,156298387,500,0,100.0,0.0
6926,156298387,156298887,500,0,100.0,0.0
6927,156298887,156299387,500,0,100.0,0.0
6928,156299387,156299887,500,0,100.0,0.0
6929,156299887,156300387,500,0,100.0,0.0
6930,156300387,156300887,500,0,100.0,0.0
6931,156300887,156301387,500,0,100.0,0.0
6932,156301387,156301887,500,0,100.0,0.0
6933,156301887,156302387,500,0,100.0,0.0
6934,156302387,156302887,500,0,100.0,0.0
6935,156302887,156303387,500,0,100.0,0.0
6936,156303387,156303887,500,0,100.0,0.0
6937,156303887,156304387,500,0,100.0,0.0
6938,156304387,156304887,500,0,100.0,0.0
6939,156304887,156305387,500,0,100.0,0.0
6940,156305387,156305887,500,0,100.0,0.0
6941,156305887,156306387,500,0,100.0,0.0
6942,156306387,156306887,500,0,100.0,0.0
6943,156306887,156307387,500,0,100.0,0.0
6944,156307387,156307887,500,0,100.0,0.0
6945,156307887,156308387,500,0,100.0,0.0
6946,156308387,156308887,500,0,100.0,0.0
6947,156308887,156309387,500,0,100.0,0.0
6948,156309387,156309887,500,0,100.0,0.0
6949,156309887,156310387,244,256,48.8,51.2
6950,156310387,156310887,37,463,7.3999999999999995,92.6
6951,156310887,156311387,30,470,6.0,94.0
6952,156311387,156311887,472,28,94.39999999999999,5.6000000000000085
6953,156311887,156312387,500,0,100.0,0.0
6954,156312387,156312887,500,0,100.0,0.0
6955,156312887,156313387,500,0,100.0,0.0
6956,156313387,156313887,500,0,100.0,0.0
6957,156313887,156314387,500,0,100.0,0.0
6958,156314387,156314887,500,0,100.0,0.0
6959,156314887,156315387,500,0,100.0,0.0
6960,156315387,156315887,500,0,100.0,0.0
6961,156315887,156316387,500,0,100.0,0.0
6962,156316387,156316887,500,0,100.0,0.0
6963,156316887,156317387,500,0,100.0,0.0
6964,156317387,156317887,500,0,100.0,0.0
6965,156317887,156318387,500,0,100.0,0.0
6966,156318387,156318887,500,0,100.0,0.0
6967,156318887,156319387,500,0,100.0,0.0
6968,156319387,156319887,500,0,100.0,0.0
6969,156319887,156320387,500,0,100.0,0.0
6970,156320387,156320887,500,0,100.0,0.0
6971,156320887,156321387,500,0,100.0,0.0
6972,156321387,156321887,500,0,100.0,0.0
6973,156321887,156322387,500,0,100.0,0.0
6974,156322387,156322887,500,0,100.0,0.0
6975,156322887,156323387,500,0,100.0,0.0
6976,156323387,156323887,500,0,100.0,0.0
6977,156323887,156324387,500,0,100.0,0.0
6978,156324387,156324887,500,0,100.0,0.0
6979,156324887,156325387,500,0,100.0,0.0
6980,156325387,156325887,500,0,100.0,0.0
6981,156325887,156326387,500,0,100.0,0.0
6982,156326387,156326887,500,0,100.0,0.0
6983,156326887,156327387,500,0,100.0,0.0
6984,156327387,156327887,16,484,3.2,96.8
6985,156327887,156328387,15,485,3.0,97.0
6986,156328387,156328887,58,442,11.600000000000001,88.4
6987,156328887,156329387,199,301,39.800000000000004,60.199999999999996
6988,156329387,156329887,500,0,100.0,0.0
6989,156329887,156330387,500,0,100.0,0.0
6990,156330387,156330887,500,0,100.0,0.0
6991,156330887,156331387,500,0,100.0,0.0
6992,156331387,156331887,500,0,100.0,0.0
6993,156331887,156332387,500,0,100.0,0.0
6994,156332387,156332887,500,0,100.0,0.0
6995,156332887,156333387,500,0,100.0,0.0
6996,156333387,156333887,500,0,100.0,0.0
6997,156333887,156334387,500,0,100.0,0.0
6998,156334387,156334887,500,0,100.0,0.0
6999,156334887,156335387,500,0,100.0,0.0
7000,156335387,156335887,500,0,100.0,0.0
7001,156335887,156336387,500,0,100.0,0.0
7002,156336387,156336887,500,0,100.0,0.0
7003,156336887,156337387,500,0,100.0,0.0
7004,156337387,156337887,500,0,100.0,0.0
7005,156337887,156338387,500,0,100.0,0.0
7006,156338387,156338887,500,0,100.0,0.0
7007,156338887,156339387,500,0,100.0,0.0
7008,156339387,156339887,500,0,100.0,0.0
7009,156339887,156340387,500,0,100.0,0.0
7010,156340387,156340887,500,0,100.0,0.0
7011,156340887,156341387,500,0,100.0,0.0
7012,156341387,156341887,500,0,100.0,0.0
7013,156341887,156342387,500,0,100.0,0.0
7014,156342387,156342887,500,0,100.0,0.0
7015,156342887,156343387,500,0,100.0,0.0
7016,156343387,156343887,500,0,100.0,0.0
7017,156343887,156344387,500,0,100.0,0.0
7018,156344387,156344887,199,301,39.800000000000004,60.199999999999996
7019,156344887,156345387,21,479,4.2,95.8
7020,156345387,156345887,6,494,1.2,98.8
7021,156345887,156346387,74,426,14.799999999999999,85.2
7022,156346387,156346887,423,77,84.6,15.400000000000006
7023,156346887,156347387,500,0,100.0,0.0
7024,156347387,156347887,500,0,100.0,0.0
7025,156347887,156348387,500,0,100.0,0.0
7026,156348387,156348887,500,0,100.0,0.0
7027,156348887,156349387,500,0,100.0,0.0
7028,156349387,156349887,500,0,100.0,0.0
7029,156349887,156350387,500,0,100.0,0.0
7030,156350387,156350887,500,0,100.0,0.0
7031,156350887,156351387,500,0,100.0,0.0
7032,156351387,156351887,500,0,100.0,0.0
7033,156351887,156352387,500,0,100.0,0.0
7034,156352387,156352887,500,0,100.0,0.0
7035,156352887,156353387,500,0,100.0,0.0
7036,156353387,156353887,500,0,100.0,0.0
7037,156353887,156354387,500,0,100.0,0.0
7038,156354387,156354887,500,0,100.0,0.0
7039,156354887,156355387,500,0,100.0,0.0
7040,156355387,156355887,500,0,100.0,0.0
7041,156355887,156356387,500,0,100.0,0.0
7042,156356387,156356887,500,0,100.0,0.0
7043,156356887,156357387,500,0,100.0,0.0
7044,156357387,156357887,500,0,100.0,0.0
7045,156357887,156358387,500,0,100.0,0.0
7046,156358387,156358887,500,0,100.0,0.0
7047,156358887,156359387,500,0,100.0,0.0
7048,156359387,156359887,500,0,100.0,0.0
7049,156359887,156360387,500,0,100.0,0.0
7050,156360387,156360887,500,0,100.0,0.0
7051,156360887,156361387,500,0,100.0,0.0
7052,156361387,156361887,500,0,100.0,0.0
7053,156361887,156362387,61,439,12.2,87.8
7054,156362387,156362887,53,447,10.6,89.4
7055,156362887,156363387,186,314,37.2,62.8
7056,156363387,156363887,500,0,100.0,0.0
7057,156363887,156364387,500,0,100.0,0.0
7058,156364387,156364887,500,0,100.0,0.0
7059,156364887,156365387,500,0,100.0,0.0
7060,156365387,156365887,500,0,100.0,0.0
7061,156365887,156366387,500,0,100.0,0.0
7062,156366387,156366887,500,0,100.0,0.0
7063,156366887,156367387,500,0,100.0,0.0
7064,156367387,156367887,500,0,100.0,0.0
7065,156367887,156368387,500,0,100.0,0.0
7066,156368387,156368887,500,0,100.0,0.0
7067,156368887,156369387,500,0,100.0,0.0
7068,156369387,156369887,500,0,100.0,0.0
7069,156369887,156370387,500,0,100.0,0.0
7070,156370387,156370887,500,0,100.0,0.0
7071,156370887,156371387,500,0,100.0,0.0
7072,156371387,156371887,500,0,100.0,0.0
7073,156371887,156372387,500,0,100.0,0.0
7074,156372387,156372887,500,0,100.0,0.0
7075,156372887,156373387,500,0,100.0,0.0
7076,156373387,156373887,500,0,100.0,0.0
7077,156373887,156374387,500,0,100.0,0.0
7078,156374387,156374887,500,0,100.0,0.0
7079,156374887,156375387,500,0,100.0,0.0
7080,156375387,156375887,500,0,100.0,0.0
7081,156375887,156376387,500,0,100.0,0.0
7082,156376387,156376887,500,0,100.0,0.0
7083,156376887,156377387,500,0,100.0,0.0
7084,156377387,156377887,500,0,100.0,0.0
7085,156377887,156378387,500,0,100.0,0.0
7086,156378387,156378887,500,0,100.0,0.0
7087,156378887,156379387,371,129,74.2,25.799999999999997
7088,156379387,156379887,8,492,1.6,98.4
7089,156379887,156380387,39,461,7.8,92.2
7090,156380387,156380887,37,463,7.3999999999999995,92.6
7091,156380887,156381387,441,59,88.2,11.799999999999997
7092,156381387,156381887,500,0,100.0,0.0
7093,156381887,156382387,500,0,100.0,0.0
7094,156382387,156382887,500,0,100.0,0.0
7095,156382887,156383387,500,0,100.0,0.0
7096,156383387,156383887,500,0,100.0,0.0
7097,156383887,156384387,500,0,100.0,0.0
7098,156384387,156384887,500,0,100.0,0.0
7099,156384887,156385387,500,0,100.0,0.0
7100,156385387,156385887,500,0,100.0,0.0
7101,156385887,156386387,500,0,100.0,0.0
7102,156386387,156386887,500,0,100.0,0.0
7103,156386887,156387387,500,0,100.0,0.0
7104,156387387,156387887,500,0,100.0,0.0
7105,156387887,156388387,500,0,100.0,0.0
7106,156388387,156388887,500,0,100.0,0.0
7107,156388887,156389387,500,0,100.0,0.0
7108,156389387,156389887,500,0,100.0,0.0
7109,156389887,156390387,500,0,100.0,0.0
7110,156390387,156390887,500,0,100.0,0.0
7111,156390887,156391387,500,0,100.0,0.0
7112,156391387,156391887,500,0,100.0,0.0
7113,156391887,156392387,500,0,100.0,0.0
7114,156392387,156392887,500,0,100.0,0.0
7115,156392887,156393387,500,0,100.0,0.0
7116,156393387,156393887,500,0,100.0,0.0
7117,156393887,156394387,500,0,100.0,0.0
7118,156394387,156394887,500,0,100.0,0.0
7119,156394887,156395387,500,0,100.0,0.0
7120,156395387,156395887,500,0,100.0,0.0
7121,156395887,156396387,500,0,100.0,0.0
7122,156396387,156396887,500,0,100.0,0.0
7123,156396887,156397387,500,0,100.0,0.0
7124,156397387,156397887,500,0,100.0,0.0
7125,156397887,156398387,500,0,100.0,0.0
7126,156398387,156398887,500,0,100.0,0.0
7127,156398887,156399387,322,178,64.4,35.599999999999994
7128,156399387,156399887,19,481,3.8,96.2
7129,156399887,156400387,19,481,3.8,96.2
7130,156400387,156400887,40,460,8.0,92.0
7131,156400887,156401387,353,147,70.6,29.400000000000006
7132,156401387,156401887,500,0,100.0,0.0
7133,156401887,156402387,500,0,100.0,0.0
7134,156402387,156402887,500,0,100.0,0.0
7135,156402887,156403387,500,0,100.0,0.0
7136,156403387,156403887,500,0,100.0,0.0
7137,156403887,156404387,500,0,100.0,0.0
7138,156404387,156404887,500,0,100.0,0.0
7139,156404887,156405387,500,0,100.0,0.0
7140,156405387,156405887,500,0,100.0,0.0
7141,156405887,156406387,500,0,100.0,0.0
7142,156406387,156406887,500,0,100.0,0.0
7143,156406887,156407387,500,0,100.0,0.0
7144,156407387,156407887,500,0,100.0,0.0
7145,156407887,156408387,500,0,100.0,0.0
7146,156408387,156408887,500,0,100.0,0.0
7147,156408887,156409387,500,0,100.0,0.0
7148,156409387,156409887,500,0,100.0,0.0
7149,156409887,156410387,500,0,100.0,0.0
7150,156410387,156410887,500,0,100.0,0.0
7151,156410887,156411387,500,0,100.0,0.0
7152,156411387,156411887,500,0,100.0,0.0
7153,156411887,156412387,500,0,100.0,0.0
7154,156412387,156412887,500,0,100.0,0.0
7155,156412887,156413387,500,0,100.0,0.0
7156,156413387,156413887,500,0,100.0,0.0
7157,156413887,156414387,500,0,100.0,0.0
7158,156414387,156414887,500,0,100.0,0.0
7159,156414887,156415387,500,0,100.0,0.0
7160,156415387,156415887,500,0,100.0,0.0
7161,156415887,156416387,500,0,100.0,0.0
7162,156416387,156416887,500,0,100.0,0.0
7163,156416887,156417387,23,477,4.6,95.4
7164,156417387,156417887,71,429,14.2,85.8
7165,156417887,156418387,211,289,42.199999999999996,57.800000000000004
7166,156418387,156418887,500,0,100.0,0.0
7167,156418887,156419387,500,0,100.0,0.0
7168,156419387,156419887,500,0,100.0,0.0
7169,156419887,156420387,500,0,100.0,0.0
7170,156420387,156420887,500,0,100.0,0.0
7171,156420887,156421387,500,0,100.0,0.0
7172,156421387,156421887,500,0,100.0,0.0
7173,156421887,156422387,500,0,100.0,0.0
7174,156422387,156422887,500,0,100.0,0.0
7175,156422887,156423387,500,0,100.0,0.0
7176,156423387,156423887,500,0,100.0,0.0
7177,156423887,156424387,500,0,100.0,0.0
7178,156424387,156424887,500,0,100.0,0.0
7179,156424887,156425387,500,0,100.0,0.0
7180,156425387,156425887,500,0,100.0,0.0
7181,156425887,156426387,500,0,100.0,0.0
7182,156426387,156426887,500,0,100.0,0.0
7183,156426887,156427387,500,0,100.0,0.0
7184,156427387,156427887,500,0,100.0,0.0
7185,156427887,156428387,500,0,100.0,0.0
7186,156428387,156428887,500,0,100.0,0.0
7187,156428887,156429387,500,0,100.0,0.0
7188,156429387,156429887,500,0,100.0,0.0
7189,156429887,156430387,500,0,100.0,0.0
7190,156430387,156430887,500,0,100.0,0.0
7191,156430887,156431387,500,0,100.0,0.0
7192,156431387,156431887,500,0,100.0,0.0
7193,156431887,156432387,500,0,100.0,0.0
7194,156432387,156432887,500,0,100.0,0.0
7195,156432887,156433387,500,0,100.0,0.0
7196,156433387,156433887,500,0,100.0,0.0
7197,156433887,156434387,11,489,2.1999999999999997,97.8
7198,156434387,156434887,15,485,3.0,97.0
7199,156434887,156435387,77,423,15.4,84.6
7200,156435387,156435887,426,74,85.2,14.799999999999997
7201,156435887,156436387,500,0,100.0,0.0
7202,156436387,156436887,500,0,100.0,0.0
7203,156436887,156437387,500,0,100.0,0.0
7204,156437387,156437887,500,0,100.0,0.0
7205,156437887,156438387,500,0,100.0,0.0
7206,156438387,156438887,500,0,100.0,0.0
7207,156438887,156439387,500,0,100.0,0.0
7208,156439387,156439887,500,0,100.0,0.0
7209,156439887,156440387,500,0,100.0,0.0
7210,156440387,156440887,500,0,100.0,0.0
7211,156440887,156441387,500,0,100.0,0.0
7212,156441387,156441887,500,0,100.0,0.0
7213,156441887,156442387,500,0,100.0,0.0
7214,156442387,156442887,500,0,100.0,0.0
7215,156442887,156443387,500,0,100.0,0.0
7216,156443387,156443887,500,0,100.0,0.0
7217,156443887,156444387,500,0,100.0,0.0
7218,156444387,156444887,500,0,100.0,0.0
7219,156444887,156445387,500,0,100.0,0.0
7220,156445387,156445887,500,0,100.0,0.0
7221,156445887,156446387,500,0,100.0,0.0
7222,156446387,156446887,500,0,100.0,0.0
7223,156446887,156447387,500,0,100.0,0.0
7224,156447387,156447887,500,0,100.0,0.0
7225,156447887,156448387,500,0,100.0,0.0
7226,156448387,156448887,500,0,100.0,0.0
7227,156448887,156449387,500,0,100.0,0.0
7228,156449387,156449887,500,0,100.0,0.0
7229,156449887,156450387,500,0,100.0,0.0
7230,156450387,156450887,159,341,31.8,68.2
7231,156450887,156451387,23,477,4.6,95.4
7232,156451387,156451887,56,444,11.200000000000001,88.8
7233,156451887,156452387,94,406,18.8,81.2
7234,156452387,156452887,500,0,100.0,0.0
7235,156452887,156453387,500,0,100.0,0.0
7236,156453387,156453887,500,0,100.0,0.0
7237,156453887,156454387,500,0,100.0,0.0
7238,156454387,156454887,500,0,100.0,0.0
7239,156454887,156455387,500,0,100.0,0.0
7240,156455387,156455887,500,0,100.0,0.0
7241,156455887,156456387,500,0,100.0,0.0
7242,156456387,156456887,500,0,100.0,0.0
7243,156456887,156457387,500,0,100.0,0.0
7244,156457387,156457887,500,0,100.0,0.0
7245,156457887,156458387,500,0,100.0,0.0
7246,156458387,156458887,500,0,100.0,0.0
7247,156458887,156459387,500,0,100.0,0.0
7248,156459387,156459887,500,0,100.0,0.0
7249,156459887,156460387,500,0,100.0,0.0
7250,156460387,156460887,500,0,100.0,0.0
7251,156460887,156461387,500,0,100.0,0.0
7252,156461387,156461887,500,0,100.0,0.0
7253,156461887,156462387,500,0,100.0,0.0
7254,156462387,156462887,500,0,100.0,0.0
7255,156462887,156463387,500,0,100.0,0.0
7256,156463387,156463887,500,0,100.0,0.0
7257,156463887,156464387,500,0,100.0,0.0
7258,156464387,156464887,500,0,100.0,0.0
7259,156464887,156465387,500,0,100.0,0.0
7260,156465387,156465887,500,0,100.0,0.0
7261,156465887,156466387,500,0,100.0,0.0
7262,156466387,156466887,500,0,100.0,0.0
7263,156466887,156467387,500,0,100.0,0.0
7264,156467387,156467887,500,0,100.0,0.0
7265,156467887,156468387,500,0,100.0,0.0
7266,156468387,156468887,500,0,100.0,0.0
7267,156468887,156469387,500,0,100.0,0.0
7268,156469387,156469887,500,0,100.0,0.0
7269,156469887,156470387,500,0,100.0,0.0
7270,156470387,156470887,500,0,100.0,0.0
7271,156470887,156471387,500,0,100.0,0.0
7272,156471387,156471887,500,0,100.0,0.0
7273,156471887,156472387,500,0,100.0,0.0
7274,156472387,156472887,500,0,100.0,0.0
7275,156472887,156473387,500,0,100.0,0.0
7276,156473387,156473887,500,0,100.0,0.0
7277,156473887,156474387,500,0,100.0,0.0
7278,156474387,156474887,500,0,100.0,0.0
7279,156474887,156475387,500,0,100.0,0.0
7280,156475387,156475887,500,0,100.0,0.0
7281,156475887,156476387,500,0,100.0,0.0
7282,156476387,156476887,125,375,25.0,75.0
7283,156476887,156477387,64,436,12.8,87.2
7284,156477387,156477887,1,499,0.2,99.8
7285,156477887,156478387,105,395,21.0,79.0
7286,156478387,156478887,500,0,100.0,0.0
7287,156478887,156479387,500,0,100.0,0.0
7288,156479387,156479887,500,0,100.0,0.0
7289,156479887,156480387,500,0,100.0,0.0
7290,156480387,156480887,500,0,100.0,0.0
7291,156480887,156481387,500,0,100.0,0.0
7292,156481387,156481887,500,0,100.0,0.0
7293,156481887,156482387,500,0,100.0,0.0
7294,156482387,156482887,500,0,100.0,0.0
7295,156482887,156483387,500,0,100.0,0.0
7296,156483387,156483887,500,0,100.0,0.0
7297,156483887,156484387,500,0,100.0,0.0
7298,156484387,156484887,500,0,100.0,0.0
7299,156484887,156485387,500,0,100.0,0.0
7300,156485387,156485887,500,0,100.0,0.0
7301,156485887,156486387,500,0,100.0,0.0
7302,156486387,156486887,500,0,100.0,0.0
7303,156486887,156487387,500,0,100.0,0.0
7304,156487387,156487887,500,0,100.0,0.0
7305,156487887,156488387,500,0,100.0,0.0
7306,156488387,156488887,500,0,100.0,0.0
7307,156488887,156489387,500,0,100.0,0.0
7308,156489387,156489887,500,0,100.0,0.0
7309,156489887,156490387,500,0,100.0,0.0
7310,156490387,156490887,500,0,100.0,0.0
7311,156490887,156491387,500,0,100.0,0.0
7312,156491387,156491887,500,0,100.0,0.0
7313,156491887,156492387,500,0,100.0,0.0
7314,156492387,156492887,500,0,100.0,0.0
7315,156492887,156493387,500,0,100.0,0.0
7316,156493387,156493887,500,0,100.0,0.0
7317,156493887,156494387,500,0,100.0,0.0
7318,156494387,156494887,500,0,100.0,0.0
7319,156494887,156495387,425,75,85.0,15.0
7320,156495387,156495887,8,492,1.6,98.4
7321,156495887,156496387,68,432,13.600000000000001,86.4
7322,156496387,156496887,55,445,11.0,89.0
7323,156496887,156497387,370,130,74.0,26.0
7324,156497387,156497887,500,0,100.0,0.0
7325,156497887,156498387,500,0,100.0,0.0
7326,156498387,156498887,500,0,100.0,0.0
7327,156498887,156499387,500,0,100.0,0.0
7328,156499387,156499887,500,0,100.0,0.0
7329,156499887,156500387,500,0,100.0,0.0
7330,156500387,156500887,500,0,100.0,0.0
7331,156500887,156501387,500,0,100.0,0.0
7332,156501387,156501887,500,0,100.0,0.0
7333,156501887,156502387,500,0,100.0,0.0
7334,156502387,156502887,500,0,100.0,0.0
7335,156502887,156503387,500,0,100.0,0.0
7336,156503387,156503887,500,0,100.0,0.0
7337,156503887,156504387,500,0,100.0,0.0
7338,156504387,156504887,500,0,100.0,0.0
7339,156504887,156505387,500,0,100.0,0.0
7340,156505387,156505887,500,0,100.0,0.0
7341,156505887,156506387,500,0,100.0,0.0
7342,156506387,156506887,500,0,100.0,0.0
7343,156506887,156507387,500,0,100.0,0.0
7344,156507387,156507887,500,0,100.0,0.0
7345,156507887,156508387,500,0,100.0,0.0
7346,156508387,156508887,500,0,100.0,0.0
7347,156508887,156509387,500,0,100.0,0.0
7348,156509387,156509887,500,0,100.0,0.0
7349,156509887,156510387,500,0,100.0,0.0
7350,156510387,156510887,500,0,100.0,0.0
7351,156510887,156511387,500,0,100.0,0.0
7352,156511387,156511887,500,0,100.0,0.0
7353,156511887,156512387,43,457,8.6,91.4
7354,156512387,156512887,6,494,1.2,98.8
7355,156512887,156513387,57,443,11.4,88.6
7356,156513387,156513887,5,495,1.0,99.0
7357,156513887,156514387,472,28,94.39999999999999,5.6000000000000085
7358,156514387,156514887,500,0,100.0,0.0
7359,156514887,156515387,500,0,100.0,0.0
7360,156515387,156515887,500,0,100.0,0.0
7361,156515887,156516387,500,0,100.0,0.0
7362,156516387,156516887,500,0,100.0,0.0
7363,156516887,156517387,500,0,100.0,0.0
7364,156517387,156517887,500,0,100.0,0.0
7365,156517887,156518387,500,0,100.0,0.0
7366,156518387,156518887,500,0,100.0,0.0
7367,156518887,156519387,500,0,100.0,0.0
7368,156519387,156519887,500,0,100.0,0.0
7369,156519887,156520387,500,0,100.0,0.0
7370,156520387,156520887,500,0,100.0,0.0
7371,156520887,156521387,500,0,100.0,0.0
7372,156521387,156521887,500,0,100.0,0.0
7373,156521887,156522387,500,0,100.0,0.0
7374,156522387,156522887,500,0,100.0,0.0
7375,156522887,156523387,500,0,100.0,0.0
7376,156523387,156523887,500,0,100.0,0.0
7377,156523887,156524387,500,0,100.0,0.0
7378,156524387,156524887,500,0,100.0,0.0
7379,156524887,156525387,500,0,100.0,0.0
7380,156525387,156525887,500,0,100.0,0.0
7381,156525887,156526387,500,0,100.0,0.0
7382,156526387,156526887,500,0,100.0,0.0
7383,156526887,156527387,500,0,100.0,0.0
7384,156527387,156527887,500,0,100.0,0.0
7385,156527887,156528387,500,0,100.0,0.0
7386,156528387,156528887,500,0,100.0,0.0
7387,156528887,156529387,500,0,100.0,0.0
7388,156529387,156529887,500,0,100.0,0.0
7389,156529887,156530387,500,0,100.0,0.0
7390,156530387,156530887,21,479,4.2,95.8
7391,156530887,156531387,65,435,13.0,87.0
7392,156531387,156531887,129,371,25.8,74.2
7393,156531887,156532387,500,0,100.0,0.0
7394,156532387,156532887,500,0,100.0,0.0
7395,156532887,156533387,500,0,100.0,0.0
7396,156533387,156533887,500,0,100.0,0.0
7397,156533887,156534387,500,0,100.0,0.0
7398,156534387,156534887,500,0,100.0,0.0
7399,156534887,156535387,500,0,100.0,0.0
7400,156535387,156535887,500,0,100.0,0.0
7401,156535887,156536387,500,0,100.0,0.0
7402,156536387,156536887,500,0,100.0,0.0
7403,156536887,156537387,500,0,100.0,0.0
7404,156537387,156537887,500,0,100.0,0.0
7405,156537887,156538387,500,0,100.0,0.0
7406,156538387,156538887,500,0,100.0,0.0
7407,156538887,156539387,500,0,100.0,0.0
7408,156539387,156539887,500,0,100.0,0.0
7409,156539887,156540387,500,0,100.0,0.0
7410,156540387,156540887,500,0,100.0,0.0
7411,156540887,156541387,500,0,100.0,0.0
7412,156541387,156541887,500,0,100.0,0.0
7413,156541887,156542387,500,0,100.0,0.0
7414,156542387,156542887,500,0,100.0,0.0
7415,156542887,156543387,500,0,100.0,0.0
7416,156543387,156543887,500,0,100.0,0.0
7417,156543887,156544387,500,0,100.0,0.0
7418,156544387,156544887,500,0,100.0,0.0
7419,156544887,156545387,500,0,100.0,0.0
7420,156545387,156545887,500,0,100.0,0.0
7421,156545887,156546387,500,0,100.0,0.0
7422,156546387,156546887,500,0,100.0,0.0
7423,156546887,156547387,500,0,100.0,0.0
7424,156547387,156547887,460,40,92.0,8.0
7425,156547887,156548387,10,490,2.0,98.0
7426,156548387,156548887,14,486,2.8000000000000003,97.2
7427,156548887,156549387,57,443,11.4,88.6
7428,156549387,156549887,496,4,99.2,0.7999999999999972
7429,156549887,156550387,500,0,100.0,0.0
7430,156550387,156550887,500,0,100.0,0.0
7431,156550887,156551387,500,0,100.0,0.0
7432,156551387,156551887,500,0,100.0,0.0
7433,156551887,156552387,500,0,100.0,0.0
7434,156552387,156552887,500,0,100.0,0.0
7435,156552887,156553387,500,0,100.0,0.0
7436,156553387,156553887,500,0,100.0,0.0
7437,156553887,156554387,500,0,100.0,0.0
7438,156554387,156554887,500,0,100.0,0.0
7439,156554887,156555387,500,0,100.0,0.0
7440,156555387,156555887,500,0,100.0,0.0
7441,156555887,156556387,500,0,100.0,0.0
7442,156556387,156556887,500,0,100.0,0.0
7443,156556887,156557387,500,0,100.0,0.0
7444,156557387,156557887,500,0,100.0,0.0
7445,156557887,156558387,500,0,100.0,0.0
7446,156558387,156558887,500,0,100.0,0.0
7447,156558887,156559387,500,0,100.0,0.0
7448,156559387,156559887,500,0,100.0,0.0
7449,156559887,156560387,500,0,100.0,0.0
7450,156560387,156560887,500,0,100.0,0.0
7451,156560887,156561387,500,0,100.0,0.0
7452,156561387,156561887,500,0,100.0,0.0
7453,156561887,156562387,500,0,100.0,0.0
7454,156562387,156562887,500,0,100.0,0.0
7455,156562887,156563387,500,0,100.0,0.0
7456,156563387,156563887,500,0,100.0,0.0
7457,156563887,156564387,357,143,71.39999999999999,28.60000000000001
7458,156564387,156564887,18,482,3.5999999999999996,96.4
7459,156564887,156565387,8,492,1.6,98.4
7460,156565387,156565887,71,429,14.2,85.8
7461,156565887,156566387,343,157,68.60000000000001,31.39999999999999
7462,156566387,156566887,500,0,100.0,0.0
7463,156566887,156567387,500,0,100.0,0.0
7464,156567387,156567887,500,0,100.0,0.0
7465,156567887,156568387,500,0,100.0,0.0
7466,156568387,156568887,500,0,100.0,0.0
7467,156568887,156569387,500,0,100.0,0.0
7468,156569387,156569887,500,0,100.0,0.0
7469,156569887,156570387,500,0,100.0,0.0
7470,156570387,156570887,500,0,100.0,0.0
7471,156570887,156571387,500,0,100.0,0.0
7472,156571387,156571887,500,0,100.0,0.0
7473,156571887,156572387,500,0,100.0,0.0
7474,156572387,156572887,500,0,100.0,0.0
7475,156572887,156573387,500,0,100.0,0.0
7476,156573387,156573887,500,0,100.0,0.0
7477,156573887,156574387,500,0,100.0,0.0
7478,156574387,156574887,500,0,100.0,0.0
7479,156574887,156575387,500,0,100.0,0.0
7480,156575387,156575887,500,0,100.0,0.0
7481,156575887,156576387,500,0,100.0,0.0
7482,156576387,156576887,500,0,100.0,0.0
7483,156576887,156577387,500,0,100.0,0.0
7484,156577387,156577887,500,0,100.0,0.0
7485,156577887,156578387,500,0,100.0,0.0
7486,156578387,156578887,500,0,100.0,0.0
7487,156578887,156579387,500,0,100.0,0.0
7488,156579387,156579887,500,0,100.0,0.0
7489,156579887,156580387,500,0,100.0,0.0
7490,156580387,156580887,500,0,100.0,0.0
7491,156580887,156581387,157,343,31.4,68.6
7492,156581387,156581887,57,443,11.4,88.6
7493,156581887,156582387,6,494,1.2,98.8
7494,156582387,156582887,393,107,78.60000000000001,21.39999999999999
7495,156582887,156583387,500,0,100.0,0.0
7496,156583387,156583887,500,0,100.0,0.0
7497,156583887,156584387,500,0,100.0,0.0
7498,156584387,156584887,500,0,100.0,0.0
7499,156584887,156585387,500,0,100.0,0.0
7500,156585387,156585887,500,0,100.0,0.0
7501,156585887,156586387,500,0,100.0,0.0
7502,156586387,156586887,500,0,100.0,0.0
7503,156586887,156587387,500,0,100.0,0.0
7504,156587387,156587887,500,0,100.0,0.0
7505,156587887,156588387,500,0,100.0,0.0
7506,156588387,156588887,500,0,100.0,0.0
7507,156588887,156589387,500,0,100.0,0.0
7508,156589387,156589887,500,0,100.0,0.0
7509,156589887,156590387,500,0,100.0,0.0
7510,156590387,156590887,500,0,100.0,0.0
7511,156590887,156591387,500,0,100.0,0.0
7512,156591387,156591887,500,0,100.0,0.0
7513,156591887,156592387,500,0,100.0,0.0
7514,156592387,156592887,500,0,100.0,0.0
7515,156592887,156593387,500,0,100.0,0.0
7516,156593387,156593887,500,0,100.0,0.0
7517,156593887,156594387,500,0,100.0,0.0
7518,156594387,156594887,500,0,100.0,0.0
7519,156594887,156595387,500,0,100.0,0.0
7520,156595387,156595887,500,0,100.0,0.0
7521,156595887,156596387,500,0,100.0,0.0
7522,156596387,156596887,500,0,100.0,0.0
7523,156596887,156597387,500,0,100.0,0.0
7524,156597387,156597887,500,0,100.0,0.0
7525,156597887,156598387,307,193,61.4,38.6
7526,156598387,156598887,6,494,1.2,98.8
7527,156598887,156599387,74,426,14.799999999999999,85.2
7528,156599387,156599887,3,497,0.6,99.4
7529,156599887,156600387,25,475,5.0,95.0
7530,156600387,156600887,500,0,100.0,0.0
7531,156600887,156601387,500,0,100.0,0.0
7532,156601387,156601887,500,0,100.0,0.0
7533,156601887,156602387,500,0,100.0,0.0
7534,156602387,156602887,500,0,100.0,0.0
7535,156602887,156603387,500,0,100.0,0.0
7536,156603387,156603887,500,0,100.0,0.0
7537,156603887,156604387,500,0,100.0,0.0
7538,156604387,156604887,500,0,100.0,0.0
7539,156604887,156605387,500,0,100.0,0.0
7540,156605387,156605887,500,0,100.0,0.0
7541,156605887,156606387,500,0,100.0,0.0
7542,156606387,156606887,500,0,100.0,0.0
7543,156606887,156607387,500,0,100.0,0.0
7544,156607387,156607887,500,0,100.0,0.0
7545,156607887,156608387,500,0,100.0,0.0
7546,156608387,156608887,500,0,100.0,0.0
7547,156608887,156609387,500,0,100.0,0.0
7548,156609387,156609887,500,0,100.0,0.0
7549,156609887,156610387,500,0,100.0,0.0
7550,156610387,156610887,500,0,100.0,0.0
7551,156610887,156611387,500,0,100.0,0.0
7552,156611387,156611887,500,0,100.0,0.0
7553,156611887,156612387,500,0,100.0,0.0
7554,156612387,156612887,500,0,100.0,0.0
7555,156612887,156613387,500,0,100.0,0.0
7556,156613387,156613887,500,0,100.0,0.0
7557,156613887,156614387,500,0,100.0,0.0
7558,156614387,156614887,500,0,100.0,0.0
7559,156614887,156615387,500,0,100.0,0.0
7560,156615387,156615887,500,0,100.0,0.0
7561,156615887,156616387,64,436,12.8,87.2
7562,156616387,156616887,20,480,4.0,96.0
7563,156616887,156617387,60,440,12.0,88.0
7564,156617387,156617887,109,391,21.8,78.2
7565,156617887,156618387,500,0,100.0,0.0
7566,156618387,156618887,500,0,100.0,0.0
7567,156618887,156619387,500,0,100.0,0.0
7568,156619387,156619887,500,0,100.0,0.0
7569,156619887,156620387,500,0,100.0,0.0
7570,156620387,156620887,500,0,100.0,0.0
7571,156620887,156621387,500,0,100.0,0.0
7572,156621387,156621887,500,0,100.0,0.0
7573,156621887,156622387,500,0,100.0,0.0
7574,156622387,156622887,500,0,100.0,0.0
7575,156622887,156623387,500,0,100.0,0.0
7576,156623387,156623887,500,0,100.0,0.0
7577,156623887,156624387,500,0,100.0,0.0
7578,156624387,156624887,500,0,100.0,0.0
7579,156624887,156625387,500,0,100.0,0.0
7580,156625387,156625887,500,0,100.0,0.0
7581,156625887,156626387,500,0,100.0,0.0
7582,156626387,156626887,500,0,100.0,0.0
7583,156626887,156627387,500,0,100.0,0.0
7584,156627387,156627887,500,0,100.0,0.0
7585,156627887,156628387,500,0,100.0,0.0
7586,156628387,156628887,500,0,100.0,0.0
7587,156628887,156629387,500,0,100.0,0.0
7588,156629387,156629887,500,0,100.0,0.0
7589,156629887,156630387,500,0,100.0,0.0
7590,156630387,156630887,500,0,100.0,0.0
7591,156630887,156631387,500,0,100.0,0.0
7592,156631387,156631887,500,0,100.0,0.0
7593,156631887,156632387,500,0,100.0,0.0
7594,156632387,156632887,441,59,88.2,11.799999999999997
7595,156632887,156633387,7,493,1.4000000000000001,98.6
7596,156633387,156633887,57,443,11.4,88.6
7597,156633887,156634387,248,252,49.6,50.4
7598,156634387,156634887,500,0,100.0,0.0
7599,156634887,156635387,500,0,100.0,0.0
7600,156635387,156635887,500,0,100.0,0.0
7601,156635887,156636387,500,0,100.0,0.0
7602,156636387,156636887,500,0,100.0,0.0
7603,156636887,156637387,500,0,100.0,0.0
7604,156637387,156637887,500,0,100.0,0.0
7605,156637887,156638387,500,0,100.0,0.0
7606,156638387,156638887,500,0,100.0,0.0
7607,156638887,156639387,500,0,100.0,0.0
7608,156639387,156639887,500,0,100.0,0.0
7609,156639887,156640387,500,0,100.0,0.0
7610,156640387,156640887,500,0,100.0,0.0
7611,156640887,156641387,500,0,100.0,0.0
7612,156641387,156641887,500,0,100.0,0.0
7613,156641887,156642387,500,0,100.0,0.0
7614,156642387,156642887,500,0,100.0,0.0
7615,156642887,156643387,500,0,100.0,0.0
7616,156643387,156643887,500,0,100.0,0.0
7617,156643887,156644387,500,0,100.0,0.0
7618,156644387,156644887,500,0,100.0,0.0
7619,156644887,156645387,500,0,100.0,0.0
7620,156645387,156645887,500,0,100.0,0.0
7621,156645887,156646387,500,0,100.0,0.0
7622,156646387,156646887,500,0,100.0,0.0
7623,156646887,156647387,500,0,100.0,0.0
7624,156647387,156647887,500,0,100.0,0.0
7625,156647887,156648387,500,0,100.0,0.0
7626,156648387,156648887,500,0,100.0,0.0
7627,156648887,156649387,500,0,100.0,0.0
7628,156649387,156649887,500,0,100.0,0.0
7629,156649887,156650387,231,269,46.2,53.8
7630,156650387,156650887,15,485,3.0,97.0
7631,156650887,156651387,61,439,12.2,87.8
7632,156651387,156651887,171,329,34.2,65.8
7633,156651887,156652387,500,0,100.0,0.0
7634,156652387,156652887,500,0,100.0,0.0
7635,156652887,156653387,500,0,100.0,0.0
7636,156653387,156653887,500,0,100.0,0.0
7637,156653887,156654387,500,0,100.0,0.0
7638,156654387,156654887,500,0,100.0,0.0
7639,156654887,156655387,500,0,100.0,0.0
7640,156655387,156655887,500,0,100.0,0.0
7641,156655887,156656387,500,0,100.0,0.0
7642,156656387,156656887,500,0,100.0,0.0
7643,156656887,156657387,500,0,100.0,0.0
7644,156657387,156657887,500,0,100.0,0.0
7645,156657887,156658387,500,0,100.0,0.0
7646,156658387,156658887,500,0,100.0,0.0
7647,156658887,156659387,500,0,100.0,0.0
7648,156659387,156659887,500,0,100.0,0.0
7649,156659887,156660387,500,0,100.0,0.0
7650,156660387,156660887,500,0,100.0,0.0
7651,156660887,156661387,500,0,100.0,0.0
7652,156661387,156661887,500,0,100.0,0.0
7653,156661887,156662387,500,0,100.0,0.0
7654,156662387,156662887,500,0,100.0,0.0
7655,156662887,156663387,500,0,100.0,0.0
7656,156663387,156663887,500,0,100.0,0.0
7657,156663887,156664387,500,0,100.0,0.0
7658,156664387,156664887,500,0,100.0,0.0
7659,156664887,156665387,500,0,100.0,0.0
7660,156665387,156665887,500,0,100.0,0.0
7661,156665887,156666387,120,380,24.0,76.0
7662,156666387,156666887,19,481,3.8,96.2
7663,156666887,156667387,59,441,11.799999999999999,88.2
7664,156667387,156667887,145,355,28.999999999999996,71.0
7665,156667887,156668387,500,0,100.0,0.0
7666,156668387,156668887,500,0,100.0,0.0
7667,156668887,156669387,500,0,100.0,0.0
7668,156669387,156669887,500,0,100.0,0.0
7669,156669887,156670387,500,0,100.0,0.0
7670,156670387,156670887,500,0,100.0,0.0
7671,156670887,156671387,500,0,100.0,0.0
7672,156671387,156671887,500,0,100.0,0.0
7673,156671887,156672387,500,0,100.0,0.0
7674,156672387,156672887,500,0,100.0,0.0
7675,156672887,156673387,500,0,100.0,0.0
7676,156673387,156673887,500,0,100.0,0.0
7677,156673887,156674387,500,0,100.0,0.0
7678,156674387,156674887,500,0,100.0,0.0
7679,156674887,156675387,500,0,100.0,0.0
7680,156675387,156675887,500,0,100.0,0.0
7681,156675887,156676387,500,0,100.0,0.0
7682,156676387,156676887,500,0,100.0,0.0
7683,156676887,156677387,500,0,100.0,0.0
7684,156677387,156677887,500,0,100.0,0.0
7685,156677887,156678387,500,0,100.0,0.0
7686,156678387,156678887,500,0,100.0,0.0
7687,156678887,156679387,500,0,100.0,0.0
7688,156679387,156679887,500,0,100.0,0.0
7689,156679887,156680387,500,0,100.0,0.0
7690,156680387,156680887,500,0,100.0,0.0
7691,156680887,156681387,500,0,100.0,0.0
7692,156681387,156681887,500,0,100.0,0.0
7693,156681887,156682387,500,0,100.0,0.0
7694,156682387,156682887,500,0,100.0,0.0
7695,156682887,156683387,78,422,15.6,84.4
7696,156683387,156683887,53,447,10.6,89.4
7697,156683887,156684387,190,310,38.0,62.0
7698,156684387,156684887,500,0,100.0,0.0
7699,156684887,156685387,500,0,100.0,0.0
7700,156685387,156685887,500,0,100.0,0.0
7701,156685887,156686387,500,0,100.0,0.0
7702,156686387,156686887,500,0,100.0,0.0
7703,156686887,156687387,500,0,100.0,0.0
7704,156687387,156687887,500,0,100.0,0.0
7705,156687887,156688387,500,0,100.0,0.0
7706,156688387,156688887,500,0,100.0,0.0
7707,156688887,156689387,500,0,100.0,0.0
7708,156689387,156689887,500,0,100.0,0.0
7709,156689887,156690387,500,0,100.0,0.0
7710,156690387,156690887,500,0,100.0,0.0
7711,156690887,156691387,500,0,100.0,0.0
7712,156691387,156691887,500,0,100.0,0.0
7713,156691887,156692387,500,0,100.0,0.0
7714,156692387,156692887,500,0,100.0,0.0
7715,156692887,156693387,500,0,100.0,0.0
7716,156693387,156693887,500,0,100.0,0.0
7717,156693887,156694387,500,0,100.0,0.0
7718,156694387,156694887,500,0,100.0,0.0
7719,156694887,156695387,500,0,100.0,0.0
7720,156695387,156695887,500,0,100.0,0.0
7721,156695887,156696387,500,0,100.0,0.0
7722,156696387,156696887,500,0,100.0,0.0
7723,156696887,156697387,500,0,100.0,0.0
7724,156697387,156697887,500,0,100.0,0.0
7725,156697887,156698387,500,0,100.0,0.0
7726,156698387,156698887,500,0,100.0,0.0
7727,156698887,156699387,330,170,66.0,34.0
7728,156699387,156699887,7,493,1.4000000000000001,98.6
7729,156699887,156700387,83,417,16.6,83.4
7730,156700387,156700887,87,413,17.4,82.6
7731,156700887,156701387,500,0,100.0,0.0
7732,156701387,156701887,500,0,100.0,0.0
7733,156701887,156702387,500,0,100.0,0.0
7734,156702387,156702887,500,0,100.0,0.0
7735,156702887,156703387,500,0,100.0,0.0
7736,156703387,156703887,500,0,100.0,0.0
7737,156703887,156704387,500,0,100.0,0.0
7738,156704387,156704887,500,0,100.0,0.0
7739,156704887,156705387,500,0,100.0,0.0
7740,156705387,156705887,500,0,100.0,0.0
7741,156705887,156706387,500,0,100.0,0.0
7742,156706387,156706887,500,0,100.0,0.0
7743,156706887,156707387,500,0,100.0,0.0
7744,156707387,156707887,500,0,100.0,0.0
7745,156707887,156708387,500,0,100.0,0.0
7746,156708387,156708887,500,0,100.0,0.0
7747,156708887,156709387,500,0,100.0,0.0
7748,156709387,156709887,500,0,100.0,0.0
7749,156709887,156710387,500,0,100.0,0.0
7750,156710387,156710887,500,0,100.0,0.0
7751,156710887,156711387,500,0,100.0,0.0
7752,156711387,156711887,500,0,100.0,0.0
7753,156711887,156712387,500,0,100.0,0.0
7754,156712387,156712887,500,0,100.0,0.0
7755,156712887,156713387,500,0,100.0,0.0
7756,156713387,156713887,500,0,100.0,0.0
7757,156713887,156714387,500,0,100.0,0.0
7758,156714387,156714887,493,7,98.6,1.4000000000000057
7759,156714887,156715387,28,472,5.6000000000000005,94.4
7760,156715387,156715887,6,494,1.2,98.8
7761,156715887,156716387,110,390,22.0,78.0
7762,156716387,156716887,4,496,0.8,99.2
7763,156716887,156717387,442,58,88.4,11.599999999999994
7764,156717387,156717887,500,0,100.0,0.0
7765,156717887,156718387,500,0,100.0,0.0
7766,156718387,156718887,500,0,100.0,0.0
7767,156718887,156719387,500,0,100.0,0.0
7768,156719387,156719887,500,0,100.0,0.0
7769,156719887,156720387,500,0,100.0,0.0
7770,156720387,156720887,500,0,100.0,0.0
7771,156720887,156721387,500,0,100.0,0.0
7772,156721387,156721887,500,0,100.0,0.0
7773,156721887,156722387,500,0,100.0,0.0
7774,156722387,156722887,500,0,100.0,0.0
7775,156722887,156723387,500,0,100.0,0.0
7776,156723387,156723887,500,0,100.0,0.0
7777,156723887,156724387,500,0,100.0,0.0
7778,156724387,156724887,500,0,100.0,0.0
7779,156724887,156725387,500,0,100.0,0.0
7780,156725387,156725887,500,0,100.0,0.0
7781,156725887,156726387,500,0,100.0,0.0
7782,156726387,156726887,500,0,100.0,0.0
7783,156726887,156727387,500,0,100.0,0.0
7784,156727387,156727887,500,0,100.0,0.0
7785,156727887,156728387,500,0,100.0,0.0
7786,156728387,156728887,500,0,100.0,0.0
7787,156728887,156729387,500,0,100.0,0.0
7788,156729387,156729887,500,0,100.0,0.0
7789,156729887,156730387,500,0,100.0,0.0
7790,156730387,156730887,500,0,100.0,0.0
7791,156730887,156731387,500,0,100.0,0.0
7792,156731387,156731887,447,53,89.4,10.599999999999994
7793,156731887,156732387,10,490,2.0,98.0
7794,156732387,156732887,55,445,11.0,89.0
7795,156732887,156733387,341,159,68.2,31.799999999999997
7796,156733387,156733887,500,0,100.0,0.0
7797,156733887,156734387,500,0,100.0,0.0
7798,156734387,156734887,500,0,100.0,0.0
7799,156734887,156735387,500,0,100.0,0.0
7800,156735387,156735887,500,0,100.0,0.0
7801,156735887,156736387,500,0,100.0,0.0
7802,156736387,156736887,500,0,100.0,0.0
7803,156736887,156737387,500,0,100.0,0.0
7804,156737387,156737887,500,0,100.0,0.0
7805,156737887,156738387,500,0,100.0,0.0
7806,156738387,156738887,500,0,100.0,0.0
7807,156738887,156739387,500,0,100.0,0.0
7808,156739387,156739887,500,0,100.0,0.0
7809,156739887,156740387,500,0,100.0,0.0
7810,156740387,156740887,500,0,100.0,0.0
7811,156740887,156741387,500,0,100.0,0.0
7812,156741387,156741887,500,0,100.0,0.0
7813,156741887,156742387,500,0,100.0,0.0
7814,156742387,156742887,500,0,100.0,0.0
7815,156742887,156743387,500,0,100.0,0.0
7816,156743387,156743887,500,0,100.0,0.0
7817,156743887,156744387,500,0,100.0,0.0
7818,156744387,156744887,500,0,100.0,0.0
7819,156744887,156745387,500,0,100.0,0.0
7820,156745387,156745887,500,0,100.0,0.0
7821,156745887,156746387,500,0,100.0,0.0
7822,156746387,156746887,500,0,100.0,0.0
7823,156746887,156747387,500,0,100.0,0.0
7824,156747387,156747887,500,0,100.0,0.0
7825,156747887,156748387,61,439,12.2,87.8
7826,156748387,156748887,13,487,2.6,97.4
7827,156748887,156749387,54,446,10.8,89.2
7828,156749387,156749887,485,15,97.0,3.0
7829,156749887,156750387,500,0,100.0,0.0
7830,156750387,156750887,500,0,100.0,0.0
7831,156750887,156751387,500,0,100.0,0.0
7832,156751387,156751887,500,0,100.0,0.0
7833,156751887,156752387,500,0,100.0,0.0
7834,156752387,156752887,500,0,100.0,0.0
7835,156752887,156753387,500,0,100.0,0.0
7836,156753387,156753887,500,0,100.0,0.0
7837,156753887,156754387,500,0,100.0,0.0
7838,156754387,156754887,500,0,100.0,0.0
7839,156754887,156755387,500,0,100.0,0.0
7840,156755387,156755887,500,0,100.0,0.0
7841,156755887,156756387,500,0,100.0,0.0
7842,156756387,156756887,500,0,100.0,0.0
7843,156756887,156757387,500,0,100.0,0.0
7844,156757387,156757887,500,0,100.0,0.0
7845,156757887,156758387,500,0,100.0,0.0
7846,156758387,156758887,500,0,100.0,0.0
7847,156758887,156759387,500,0,100.0,0.0
7848,156759387,156759887,500,0,100.0,0.0
7849,156759887,156760387,500,0,100.0,0.0
7850,156760387,156760887,500,0,100.0,0.0
7851,156760887,156761387,500,0,100.0,0.0
7852,156761387,156761887,500,0,100.0,0.0
7853,156761887,156762387,500,0,100.0,0.0
7854,156762387,156762887,500,0,100.0,0.0
7855,156762887,156763387,238,262,47.599999999999994,52.400000000000006
7856,156763387,156763887,17,483,3.4000000000000004,96.6
7857,156763887,156764387,49,451,9.8,90.2
7858,156764387,156764887,5,495,1.0,99.0
7859,156764887,156765387,498,2,99.6,0.4000000000000057
7860,156765387,156765887,500,0,100.0,0.0
7861,156765887,156766387,500,0,100.0,0.0
7862,156766387,156766887,500,0,100.0,0.0
7863,156766887,156767387,500,0,100.0,0.0
7864,156767387,156767887,500,0,100.0,0.0
7865,156767887,156768387,500,0,100.0,0.0
7866,156768387,156768887,500,0,100.0,0.0
7867,156768887,156769387,500,0,100.0,0.0
7868,156769387,156769887,500,0,100.0,0.0
7869,156769887,156770387,500,0,100.0,0.0
7870,156770387,156770887,500,0,100.0,0.0
7871,156770887,156771387,500,0,100.0,0.0
7872,156771387,156771887,500,0,100.0,0.0
7873,156771887,156772387,500,0,100.0,0.0
7874,156772387,156772887,500,0,100.0,0.0
7875,156772887,156773387,500,0,100.0,0.0
7876,156773387,156773887,500,0,100.0,0.0
7877,156773887,156774387,500,0,100.0,0.0
7878,156774387,156774887,500,0,100.0,0.0
7879,156774887,156775387,500,0,100.0,0.0
7880,156775387,156775887,500,0,100.0,0.0
7881,156775887,156776387,500,0,100.0,0.0
7882,156776387,156776887,500,0,100.0,0.0
7883,156776887,156777387,500,0,100.0,0.0
7884,156777387,156777887,500,0,100.0,0.0
7885,156777887,156778387,500,0,100.0,0.0
7886,156778387,156778887,500,0,100.0,0.0
7887,156778887,156779387,436,64,87.2,12.799999999999997
7888,156779387,156779887,8,492,1.6,98.4
7889,156779887,156780387,52,448,10.4,89.6
7890,156780387,156780887,405,95,81.0,19.0
7891,156780887,156781387,500,0,100.0,0.0
7892,156781387,156781887,500,0,100.0,0.0
7893,156781887,156782387,500,0,100.0,0.0
7894,156782387,156782887,500,0,100.0,0.0
7895,156782887,156783387,500,0,100.0,0.0
7896,156783387,156783887,500,0,100.0,0.0
7897,156783887,156784387,500,0,100.0,0.0
7898,156784387,156784887,500,0,100.0,0.0
7899,156784887,156785387,500,0,100.0,0.0
7900,156785387,156785887,500,0,100.0,0.0
7901,156785887,156786387,500,0,100.0,0.0
7902,156786387,156786887,500,0,100.0,0.0
7903,156786887,156787387,500,0,100.0,0.0
7904,156787387,156787887,500,0,100.0,0.0
7905,156787887,156788387,500,0,100.0,0.0
7906,156788387,156788887,500,0,100.0,0.0
7907,156788887,156789387,500,0,100.0,0.0
7908,156789387,156789887,500,0,100.0,0.0
7909,156789887,156790387,500,0,100.0,0.0
7910,156790387,156790887,500,0,100.0,0.0
7911,156790887,156791387,500,0,100.0,0.0
7912,156791387,156791887,500,0,100.0,0.0
7913,156791887,156792387,500,0,100.0,0.0
7914,156792387,156792887,500,0,100.0,0.0
7915,156792887,156793387,500,0,100.0,0.0
7916,156793387,156793887,500,0,100.0,0.0
7917,156793887,156794387,500,0,100.0,0.0
7918,156794387,156794887,200,300,40.0,60.0
7919,156794887,156795387,14,486,2.8000000000000003,97.2
7920,156795387,156795887,66,434,13.200000000000001,86.8
7921,156795887,156796387,197,303,39.4,60.6
7922,156796387,156796887,500,0,100.0,0.0
7923,156796887,156797387,500,0,100.0,0.0
7924,156797387,156797887,500,0,100.0,0.0
7925,156797887,156798387,500,0,100.0,0.0
7926,156798387,156798887,500,0,100.0,0.0
7927,156798887,156799387,500,0,100.0,0.0
7928,156799387,156799887,500,0,100.0,0.0
7929,156799887,156800387,500,0,100.0,0.0
7930,156800387,156800887,500,0,100.0,0.0
7931,156800887,156801387,500,0,100.0,0.0
7932,156801387,156801887,500,0,100.0,0.0
7933,156801887,156802387,500,0,100.0,0.0
7934,156802387,156802887,500,0,100.0,0.0
7935,156802887,156803387,500,0,100.0,0.0
7936,156803387,156803887,500,0,100.0,0.0
7937,156803887,156804387,500,0,100.0,0.0
7938,156804387,156804887,500,0,100.0,0.0
7939,156804887,156805387,500,0,100.0,0.0
7940,156805387,156805887,500,0,100.0,0.0
7941,156805887,156806387,500,0,100.0,0.0
7942,156806387,156806887,500,0,100.0,0.0
7943,156806887,156807387,500,0,100.0,0.0
7944,156807387,156807887,500,0,100.0,0.0
7945,156807887,156808387,500,0,100.0,0.0
7946,156808387,156808887,500,0,100.0,0.0
7947,156808887,156809387,500,0,100.0,0.0
7948,156809387,156809887,500,0,100.0,0.0
7949,156809887,156810387,93,407,18.6,81.4
7950,156810387,156810887,7,493,1.4000000000000001,98.6
7951,156810887,156811387,48,452,9.6,90.4
7952,156811387,156811887,329,171,65.8,34.2
7953,156811887,156812387,500,0,100.0,0.0
7954,156812387,156812887,500,0,100.0,0.0
7955,156812887,156813387,500,0,100.0,0.0
7956,156813387,156813887,500,0,100.0,0.0
7957,156813887,156814387,500,0,100.0,0.0
7958,156814387,156814887,500,0,100.0,0.0
7959,156814887,156815387,500,0,100.0,0.0
7960,156815387,156815887,500,0,100.0,0.0
7961,156815887,156816387,500,0,100.0,0.0
7962,156816387,156816887,500,0,100.0,0.0
7963,156816887,156817387,500,0,100.0,0.0
7964,156817387,156817887,500,0,100.0,0.0
7965,156817887,156818387,500,0,100.0,0.0
7966,156818387,156818887,500,0,100.0,0.0
7967,156818887,156819387,500,0,100.0,0.0
7968,156819387,156819887,500,0,100.0,0.0
7969,156819887,156820387,500,0,100.0,0.0
7970,156820387,156820887,500,0,100.0,0.0
7971,156820887,156821387,500,0,100.0,0.0
7972,156821387,156821887,500,0,100.0,0.0
7973,156821887,156822387,500,0,100.0,0.0
7974,156822387,156822887,500,0,100.0,0.0
7975,156822887,156823387,500,0,100.0,0.0
7976,156823387,156823887,500,0,100.0,0.0
7977,156823887,156824387,500,0,100.0,0.0
7978,156824387,156824887,500,0,100.0,0.0
7979,156824887,156825387,500,0,100.0,0.0
7980,156825387,156825887,386,114,77.2,22.799999999999997
7981,156825887,156826387,4,496,0.8,99.2
7982,156826387,156826887,18,482,3.5999999999999996,96.4
7983,156826887,156827387,44,456,8.799999999999999,91.2
7984,156827387,156827887,492,8,98.4,1.5999999999999943
7985,156827887,156828387,500,0,100.0,0.0
7986,156828387,156828887,500,0,100.0,0.0
7987,156828887,156829387,500,0,100.0,0.0
7988,156829387,156829887,500,0,100.0,0.0
7989,156829887,156830387,500,0,100.0,0.0
7990,156830387,156830887,500,0,100.0,0.0
7991,156830887,156831387,500,0,100.0,0.0
7992,156831387,156831887,500,0,100.0,0.0
7993,156831887,156832387,500,0,100.0,0.0
7994,156832387,156832887,500,0,100.0,0.0
7995,156832887,156833387,500,0,100.0,0.0
7996,156833387,156833887,500,0,100.0,0.0
7997,156833887,156834387,500,0,100.0,0.0
7998,156834387,156834887,500,0,100.0,0.0
7999,156834887,156835387,500,0,100.0,0.0
8000,156835387,156835887,500,0,100.0,0.0
8001,156835887,156836387,500,0,100.0,0.0
8002,156836387,156836887,500,0,100.0,0.0
8003,156836887,156837387,500,0,100.0,0.0
8004,156837387,156837887,500,0,100.0,0.0
8005,156837887,156838387,500,0,100.0,0.0
8006,156838387,156838887,500,0,100.0,0.0
8007,156838887,156839387,500,0,100.0,0.0
8008,156839387,156839887,500,0,100.0,0.0
8009,156839887,156840387,500,0,100.0,0.0
8010,156840387,156840887,500,0,100.0,0.0
8011,156840887,156841387,500,0,100.0,0.0
8012,156841387,156841887,500,0,100.0,0.0
8013,156841887,156842387,158,342,31.6,68.4
8014,156842387,156842887,11,489,2.1999999999999997,97.8
8015,156842887,156843387,54,446,10.8,89.2
8016,156843387,156843887,320,180,64.0,36.0
8017,156843887,156844387,500,0,100.0,0.0
8018,156844387,156844887,500,0,100.0,0.0
8019,156844887,156845387,500,0,100.0,0.0
8020,156845387,156845887,500,0,100.0,0.0
8021,156845887,156846387,500,0,100.0,0.0
8022,156846387,156846887,500,0,100.0,0.0
8023,156846887,156847387,500,0,100.0,0.0
8024,156847387,156847887,500,0,100.0,0.0
8025,156847887,156848387,500,0,100.0,0.0
8026,156848387,156848887,500,0,100.0,0.0
8027,156848887,156849387,500,0,100.0,0.0
8028,156849387,156849887,500,0,100.0,0.0
8029,156849887,156850387,500,0,100.0,0.0
8030,156850387,156850887,500,0,100.0,0.0
8031,156850887,156851387,500,0,100.0,0.0
8032,156851387,156851887,500,0,100.0,0.0
8033,156851887,156852387,500,0,100.0,0.0
8034,156852387,156852887,500,0,100.0,0.0
8035,156852887,156853387,500,0,100.0,0.0
8036,156853387,156853887,500,0,100.0,0.0
8037,156853887,156854387,500,0,100.0,0.0
8038,156854387,156854887,500,0,100.0,0.0
8039,156854887,156855387,500,0,100.0,0.0
8040,156855387,156855887,500,0,100.0,0.0
8041,156855887,156856387,500,0,100.0,0.0
8042,156856387,156856887,500,0,100.0,0.0
8043,156856887,156857387,500,0,100.0,0.0
8044,156857387,156857887,29,471,5.800000000000001,94.2
8045,156857887,156858387,17,483,3.4000000000000004,96.6
8046,156858387,156858887,64,436,12.8,87.2
8047,156858887,156859387,95,405,19.0,81.0
8048,156859387,156859887,500,0,100.0,0.0
8049,156859887,156860387,500,0,100.0,0.0
8050,156860387,156860887,500,0,100.0,0.0
8051,156860887,156861387,500,0,100.0,0.0
8052,156861387,156861887,500,0,100.0,0.0
8053,156861887,156862387,500,0,100.0,0.0
8054,156862387,156862887,500,0,100.0,0.0
8055,156862887,156863387,500,0,100.0,0.0
8056,156863387,156863887,500,0,100.0,0.0
8057,156863887,156864387,500,0,100.0,0.0
8058,156864387,156864887,500,0,100.0,0.0
8059,156864887,156865387,500,0,100.0,0.0
8060,156865387,156865887,500,0,100.0,0.0
8061,156865887,156866387,500,0,100.0,0.0
8062,156866387,156866887,500,0,100.0,0.0
8063,156866887,156867387,500,0,100.0,0.0
8064,156867387,156867887,500,0,100.0,0.0
8065,156867887,156868387,500,0,100.0,0.0
8066,156868387,156868887,500,0,100.0,0.0
8067,156868887,156869387,500,0,100.0,0.0
8068,156869387,156869887,500,0,100.0,0.0
8069,156869887,156870387,500,0,100.0,0.0
8070,156870387,156870887,500,0,100.0,0.0
8071,156870887,156871387,500,0,100.0,0.0
8072,156871387,156871887,500,0,100.0,0.0
8073,156871887,156872387,500,0,100.0,0.0
8074,156872387,156872887,500,0,100.0,0.0
8075,156872887,156873387,500,0,100.0,0.0
8076,156873387,156873887,203,297,40.6,59.4
8077,156873887,156874387,55,445,11.0,89.0
8078,156874387,156874887,15,485,3.0,97.0
8079,156874887,156875387,500,0,100.0,0.0
8080,156875387,156875887,500,0,100.0,0.0
8081,156875887,156876387,500,0,100.0,0.0
8082,156876387,156876887,500,0,100.0,0.0
8083,156876887,156877387,500,0,100.0,0.0
8084,156877387,156877887,500,0,100.0,0.0
8085,156877887,156878387,500,0,100.0,0.0
8086,156878387,156878887,500,0,100.0,0.0
8087,156878887,156879387,500,0,100.0,0.0
8088,156879387,156879887,500,0,100.0,0.0
8089,156879887,156880387,500,0,100.0,0.0
8090,156880387,156880887,500,0,100.0,0.0
8091,156880887,156881387,500,0,100.0,0.0
8092,156881387,156881887,500,0,100.0,0.0
8093,156881887,156882387,500,0,100.0,0.0
8094,156882387,156882887,500,0,100.0,0.0
8095,156882887,156883387,500,0,100.0,0.0
8096,156883387,156883887,500,0,100.0,0.0
8097,156883887,156884387,500,0,100.0,0.0
8098,156884387,156884887,500,0,100.0,0.0
8099,156884887,156885387,500,0,100.0,0.0
8100,156885387,156885887,500,0,100.0,0.0
8101,156885887,156886387,500,0,100.0,0.0
8102,156886387,156886887,500,0,100.0,0.0
8103,156886887,156887387,500,0,100.0,0.0
8104,156887387,156887887,500,0,100.0,0.0
8105,156887887,156888387,500,0,100.0,0.0
8106,156888387,156888887,500,0,100.0,0.0
8107,156888887,156889387,500,0,100.0,0.0
8108,156889387,156889887,500,0,100.0,0.0
8109,156889887,156890387,43,457,8.6,91.4
8110,156890387,156890887,18,482,3.5999999999999996,96.4
8111,156890887,156891387,72,428,14.399999999999999,85.6
8112,156891387,156891887,420,80,84.0,16.0
8113,156891887,156892387,500,0,100.0,0.0
8114,156892387,156892887,500,0,100.0,0.0
8115,156892887,156893387,500,0,100.0,0.0
8116,156893387,156893887,500,0,100.0,0.0
8117,156893887,156894387,500,0,100.0,0.0
8118,156894387,156894887,500,0,100.0,0.0
8119,156894887,156895387,500,0,100.0,0.0
8120,156895387,156895887,500,0,100.0,0.0
8121,156895887,156896387,500,0,100.0,0.0
8122,156896387,156896887,500,0,100.0,0.0
8123,156896887,156897387,500,0,100.0,0.0
8124,156897387,156897887,500,0,100.0,0.0
8125,156897887,156898387,500,0,100.0,0.0
8126,156898387,156898887,500,0,100.0,0.0
8127,156898887,156899387,500,0,100.0,0.0
8128,156899387,156899887,500,0,100.0,0.0
8129,156899887,156900387,500,0,100.0,0.0
8130,156900387,156900887,500,0,100.0,0.0
8131,156900887,156901387,500,0,100.0,0.0
8132,156901387,156901887,500,0,100.0,0.0
8133,156901887,156902387,500,0,100.0,0.0
8134,156902387,156902887,500,0,100.0,0.0
8135,156902887,156903387,500,0,100.0,0.0
8136,156903387,156903887,500,0,100.0,0.0
8137,156903887,156904387,500,0,100.0,0.0
8138,156904387,156904887,500,0,100.0,0.0
8139,156904887,156905387,500,0,100.0,0.0
8140,156905387,156905887,500,0,100.0,0.0
8141,156905887,156906387,500,0,100.0,0.0
8142,156906387,156906887,500,0,100.0,0.0
8143,156906887,156907387,500,0,100.0,0.0
8144,156907387,156907887,419,81,83.8,16.200000000000003
8145,156907887,156908387,28,472,5.6000000000000005,94.4
8146,156908387,156908887,7,493,1.4000000000000001,98.6
8147,156908887,156909387,56,444,11.200000000000001,88.8
8148,156909387,156909887,60,440,12.0,88.0
8149,156909887,156910387,500,0,100.0,0.0
8150,156910387,156910887,500,0,100.0,0.0
8151,156910887,156911387,500,0,100.0,0.0
8152,156911387,156911887,500,0,100.0,0.0
8153,156911887,156912387,500,0,100.0,0.0
8154,156912387,156912887,500,0,100.0,0.0
8155,156912887,156913387,500,0,100.0,0.0
8156,156913387,156913887,500,0,100.0,0.0
8157,156913887,156914387,500,0,100.0,0.0
8158,156914387,156914887,500,0,100.0,0.0
8159,156914887,156915387,500,0,100.0,0.0
8160,156915387,156915887,500,0,100.0,0.0
8161,156915887,156916387,500,0,100.0,0.0
8162,156916387,156916887,500,0,100.0,0.0
8163,156916887,156917387,500,0,100.0,0.0
8164,156917387,156917887,500,0,100.0,0.0
8165,156917887,156918387,500,0,100.0,0.0
8166,156918387,156918887,500,0,100.0,0.0
8167,156918887,156919387,500,0,100.0,0.0
8168,156919387,156919887,500,0,100.0,0.0
8169,156919887,156920387,500,0,100.0,0.0
8170,156920387,156920887,500,0,100.0,0.0
8171,156920887,156921387,500,0,100.0,0.0
8172,156921387,156921887,500,0,100.0,0.0
8173,156921887,156922387,500,0,100.0,0.0
8174,156922387,156922887,500,0,100.0,0.0
8175,156922887,156923387,500,0,100.0,0.0
8176,156923387,156923887,500,0,100.0,0.0
8177,156923887,156924387,500,0,100.0,0.0
8178,156924387,156924887,500,0,100.0,0.0
8179,156924887,156925387,242,258,48.4,51.6
8180,156925387,156925887,80,420,16.0,84.0
8181,156925887,156926387,65,435,13.0,87.0
8182,156926387,156926887,500,0,100.0,0.0
8183,156926887,156927387,500,0,100.0,0.0
8184,156927387,156927887,500,0,100.0,0.0
8185,156927887,156928387,500,0,100.0,0.0
8186,156928387,156928887,500,0,100.0,0.0
8187,156928887,156929387,500,0,100.0,0.0
8188,156929387,156929887,500,0,100.0,0.0
8189,156929887,156930387,500,0,100.0,0.0
8190,156930387,156930887,500,0,100.0,0.0
8191,156930887,156931387,500,0,100.0,0.0
8192,156931387,156931887,500,0,100.0,0.0
8193,156931887,156932387,500,0,100.0,0.0
8194,156932387,156932887,500,0,100.0,0.0
8195,156932887,156933387,500,0,100.0,0.0
8196,156933387,156933887,500,0,100.0,0.0
8197,156933887,156934387,500,0,100.0,0.0
8198,156934387,156934887,500,0,100.0,0.0
8199,156934887,156935387,500,0,100.0,0.0
8200,156935387,156935887,500,0,100.0,0.0
8201,156935887,156936387,500,0,100.0,0.0
8202,156936387,156936887,500,0,100.0,0.0
8203,156936887,156937387,500,0,100.0,0.0
8204,156937387,156937887,500,0,100.0,0.0
8205,156937887,156938387,500,0,100.0,0.0
8206,156938387,156938887,500,0,100.0,0.0
8207,156938887,156939387,500,0,100.0,0.0
8208,156939387,156939887,500,0,100.0,0.0
8209,156939887,156940387,500,0,100.0,0.0
8210,156940387,156940887,100,400,20.0,80.0
8211,156940887,156941387,14,486,2.8000000000000003,97.2
8212,156941387,156941887,44,456,8.799999999999999,91.2
8213,156941887,156942387,375,125,75.0,25.0
8214,156942387,156942887,500,0,100.0,0.0
8215,156942887,156943387,500,0,100.0,0.0
8216,156943387,156943887,500,0,100.0,0.0
8217,156943887,156944387,500,0,100.0,0.0
8218,156944387,156944887,500,0,100.0,0.0
8219,156944887,156945387,500,0,100.0,0.0
8220,156945387,156945887,500,0,100.0,0.0
8221,156945887,156946387,500,0,100.0,0.0
8222,156946387,156946887,500,0,100.0,0.0
8223,156946887,156947387,500,0,100.0,0.0
8224,156947387,156947887,500,0,100.0,0.0
8225,156947887,156948387,500,0,100.0,0.0
8226,156948387,156948887,500,0,100.0,0.0
8227,156948887,156949387,500,0,100.0,0.0
8228,156949387,156949887,500,0,100.0,0.0
8229,156949887,156950387,500,0,100.0,0.0
8230,156950387,156950887,500,0,100.0,0.0
8231,156950887,156951387,500,0,100.0,0.0
8232,156951387,156951887,500,0,100.0,0.0
8233,156951887,156952387,500,0,100.0,0.0
8234,156952387,156952887,500,0,100.0,0.0
8235,156952887,156953387,500,0,100.0,0.0
8236,156953387,156953887,500,0,100.0,0.0
8237,156953887,156954387,500,0,100.0,0.0
8238,156954387,156954887,500,0,100.0,0.0
8239,156954887,156955387,500,0,100.0,0.0
8240,156955387,156955887,500,0,100.0,0.0
8241,156955887,156956387,500,0,100.0,0.0
8242,156956387,156956887,500,0,100.0,0.0
8243,156956887,156957387,500,0,100.0,0.0
8244,156957387,156957887,500,0,100.0,0.0
8245,156957887,156958387,500,0,100.0,0.0
8246,156958387,156958887,500,0,100.0,0.0
8247,156958887,156959387,500,0,100.0,0.0
8248,156959387,156959887,500,0,100.0,0.0
8249,156959887,156960387,500,0,100.0,0.0
8250,156960387,156960887,500,0,100.0,0.0
8251,156960887,156961387,500,0,100.0,0.0
8252,156961387,156961887,500,0,100.0,0.0
8253,156961887,156962387,500,0,100.0,0.0
8254,156962387,156962887,500,0,100.0,0.0
8255,156962887,156963387,500,0,100.0,0.0
8256,156963387,156963887,500,0,100.0,0.0
8257,156963887,156964387,500,0,100.0,0.0
8258,156964387,156964887,500,0,100.0,0.0
8259,156964887,156965387,500,0,100.0,0.0
8260,156965387,156965887,500,0,100.0,0.0
8261,156965887,156966387,500,0,100.0,0.0
8262,156966387,156966887,500,0,100.0,0.0
8263,156966887,156967387,500,0,100.0,0.0
8264,156967387,156967887,500,0,100.0,0.0
8265,156967887,156968387,500,0,100.0,0.0
8266,156968387,156968887,500,0,100.0,0.0
8267,156968887,156969387,500,0,100.0,0.0
8268,156969387,156969887,500,0,100.0,0.0
8269,156969887,156970387,500,0,100.0,0.0
8270,156970387,156970887,500,0,100.0,0.0
8271,156970887,156971387,500,0,100.0,0.0
8272,156971387,156971887,500,0,100.0,0.0
8273,156971887,156972387,500,0,100.0,0.0
8274,156972387,156972887,500,0,100.0,0.0
8275,156972887,156973387,500,0,100.0,0.0
8276,156973387,156973887,500,0,100.0,0.0
8277,156973887,156974387,500,0,100.0,0.0
8278,156974387,156974887,500,0,100.0,0.0
8279,156974887,156975387,500,0,100.0,0.0
8280,156975387,156975887,500,0,100.0,0.0
8281,156975887,156976387,500,0,100.0,0.0
8282,156976387,156976887,500,0,100.0,0.0
8283,156976887,156977387,500,0,100.0,0.0
8284,156977387,156977887,500,0,100.0,0.0
8285,156977887,156978387,500,0,100.0,0.0
8286,156978387,156978887,500,0,100.0,0.0
8287,156978887,156979387,500,0,100.0,0.0
8288,156979387,156979887,500,0,100.0,0.0
8289,156979887,156980387,500,0,100.0,0.0
8290,156980387,156980887,500,0,100.0,0.0
8291,156980887,156981387,500,0,100.0,0.0
8292,156981387,156981887,500,0,100.0,0.0
8293,156981887,156982387,500,0,100.0,0.0
8294,156982387,156982887,500,0,100.0,0.0
8295,156982887,156983387,500,0,100.0,0.0
8296,156983387,156983887,500,0,100.0,0.0
8297,156983887,156984387,500,0,100.0,0.0
8298,156984387,156984887,500,0,100.0,0.0
8299,156984887,156985387,500,0,100.0,0.0
8300,156985387,156985887,500,0,100.0,0.0
8301,156985887,156986387,500,0,100.0,0.0
8302,156986387,156986887,500,0,100.0,0.0
8303,156986887,156987387,500,0,100.0,0.0
8304,156987387,156987887,500,0,100.0,0.0
8305,156987887,156988387,500,0,100.0,0.0
8306,156988387,156988887,500,0,100.0,0.0
8307,156988887,156989387,500,0,100.0,0.0
8308,156989387,156989887,500,0,100.0,0.0
8309,156989887,156990387,500,0,100.0,0.0
8310,156990387,156990887,500,0,100.0,0.0
8311,156990887,156991387,500,0,100.0,0.0
8312,156991387,156991887,500,0,100.0,0.0
8313,156991887,156992387,500,0,100.0,0.0
8314,156992387,156992887,500,0,100.0,0.0
8315,156992887,156993387,500,0,100.0,0.0
8316,156993387,156993887,500,0,100.0,0.0
8317,156993887,156994387,500,0,100.0,0.0
8318,156994387,156994887,500,0,100.0,0.0
8319,156994887,156995387,500,0,100.0,0.0
8320,156995387,156995887,500,0,100.0,0.0
8321,156995887,156996387,500,0,100.0,0.0
8322,156996387,156996887,500,0,100.0,0.0
8323,156996887,156997387,500,0,100.0,0.0
8324,156997387,156997887,500,0,100.0,0.0
8325,156997887,156998387,500,0,100.0,0.0
8326,156998387,156998887,500,0,100.0,0.0
8327,156998887,156999387,500,0,100.0,0.0
8328,156999387,156999887,500,0,100.0,0.0
8329,156999887,157000387,500,0,100.0,0.0
8330,157000387,157000887,500,0,100.0,0.0
8331,157000887,157001387,500,0,100.0,0.0
8332,157001387,157001887,500,0,100.0,0.0
8333,157001887,157002387,500,0,100.0,0.0
8334,157002387,157002887,500,0,100.0,0.0
8335,157002887,157003387,500,0,100.0,0.0
8336,157003387,157003887,500,0,100.0,0.0
8337,157003887,157004387,500,0,100.0,0.0
8338,157004387,157004887,500,0,100.0,0.0
8339,157004887,157005387,500,0,100.0,0.0
8340,157005387,157005887,500,0,100.0,0.0
8341,157005887,157006387,500,0,100.0,0.0
8342,157006387,157006887,500,0,100.0,0.0
8343,157006887,157007387,500,0,100.0,0.0
8344,157007387,157007887,500,0,100.0,0.0
8345,157007887,157008387,500,0,100.0,0.0
8346,157008387,157008887,91,409,18.2,81.8
8347,157008887,157009387,23,477,4.6,95.4
8348,157009387,157009887,62,438,12.4,87.6
8349,157009887,157010387,155,345,31.0,69.0
8350,157010387,157010887,500,0,100.0,0.0
8351,157010887,157011387,500,0,100.0,0.0
8352,157011387,157011887,500,0,100.0,0.0
8353,157011887,157012387,500,0,100.0,0.0
8354,157012387,157012887,500,0,100.0,0.0
8355,157012887,157013387,500,0,100.0,0.0
8356,157013387,157013887,500,0,100.0,0.0
8357,157013887,157014387,500,0,100.0,0.0
8358,157014387,157014887,500,0,100.0,0.0
8359,157014887,157015387,500,0,100.0,0.0
8360,157015387,157015887,500,0,100.0,0.0
8361,157015887,157016387,500,0,100.0,0.0
8362,157016387,157016887,500,0,100.0,0.0
8363,157016887,157017387,500,0,100.0,0.0
8364,157017387,157017887,500,0,100.0,0.0
8365,157017887,157018387,500,0,100.0,0.0
8366,157018387,157018887,500,0,100.0,0.0
8367,157018887,157019387,500,0,100.0,0.0
8368,157019387,157019887,500,0,100.0,0.0
8369,157019887,157020387,500,0,100.0,0.0
8370,157020387,157020887,500,0,100.0,0.0
8371,157020887,157021387,500,0,100.0,0.0
8372,157021387,157021887,500,0,100.0,0.0
8373,157021887,157022387,500,0,100.0,0.0
8374,157022387,157022887,500,0,100.0,0.0
8375,157022887,157023387,500,0,100.0,0.0
8376,157023387,157023887,500,0,100.0,0.0
8377,157023887,157024387,500,0,100.0,0.0
8378,157024387,157024887,500,0,100.0,0.0
8379,157024887,157025387,500,0,100.0,0.0
8380,157025387,157025887,500,0,100.0,0.0
8381,157025887,157026387,500,0,100.0,0.0
8382,157026387,157026887,500,0,100.0,0.0
8383,157026887,157027387,500,0,100.0,0.0
8384,157027387,157027887,500,0,100.0,0.0
8385,157027887,157028387,500,0,100.0,0.0
8386,157028387,157028887,500,0,100.0,0.0
8387,157028887,157029387,500,0,100.0,0.0
8388,157029387,157029887,500,0,100.0,0.0
8389,157029887,157030387,500,0,100.0,0.0
8390,157030387,157030887,500,0,100.0,0.0
8391,157030887,157031387,500,0,100.0,0.0
8392,157031387,157031887,500,0,100.0,0.0
8393,157031887,157032387,500,0,100.0,0.0
8394,157032387,157032887,500,0,100.0,0.0
8395,157032887,157033387,500,0,100.0,0.0
8396,157033387,157033887,305,195,61.0,39.0
8397,157033887,157034387,21,479,4.2,95.8
8398,157034387,157034887,48,452,9.6,90.4
8399,157034887,157035387,366,134,73.2,26.799999999999997
8400,157035387,157035887,500,0,100.0,0.0
8401,157035887,157036387,500,0,100.0,0.0
8402,157036387,157036887,500,0,100.0,0.0
8403,157036887,157037387,500,0,100.0,0.0
8404,157037387,157037887,500,0,100.0,0.0
8405,157037887,157038387,500,0,100.0,0.0
8406,157038387,157038887,500,0,100.0,0.0
8407,157038887,157039387,500,0,100.0,0.0
8408,157039387,157039887,500,0,100.0,0.0
8409,157039887,157040387,500,0,100.0,0.0
8410,157040387,157040887,500,0,100.0,0.0
8411,157040887,157041387,500,0,100.0,0.0
8412,157041387,157041887,500,0,100.0,0.0
8413,157041887,157042387,500,0,100.0,0.0
8414,157042387,157042887,500,0,100.0,0.0
8415,157042887,157043387,500,0,100.0,0.0
8416,157043387,157043887,500,0,100.0,0.0
8417,157043887,157044387,500,0,100.0,0.0
8418,157044387,157044887,500,0,100.0,0.0
8419,157044887,157045387,500,0,100.0,0.0
8420,157045387,157045887,500,0,100.0,0.0
8421,157045887,157046387,500,0,100.0,0.0
8422,157046387,157046887,500,0,100.0,0.0
8423,157046887,157047387,500,0,100.0,0.0
8424,157047387,157047887,500,0,100.0,0.0
8425,157047887,157048387,500,0,100.0,0.0
8426,157048387,157048887,500,0,100.0,0.0
8427,157048887,157049387,500,0,100.0,0.0
8428,157049387,157049887,500,0,100.0,0.0
8429,157049887,157050387,276,224,55.2,44.8
8430,157050387,157050887,13,487,2.6,97.4
8431,157050887,157051387,59,441,11.799999999999999,88.2
8432,157051387,157051887,208,292,41.6,58.4
8433,157051887,157052387,500,0,100.0,0.0
8434,157052387,157052887,500,0,100.0,0.0
8435,157052887,157053387,500,0,100.0,0.0
8436,157053387,157053887,500,0,100.0,0.0
8437,157053887,157054387,500,0,100.0,0.0
8438,157054387,157054887,500,0,100.0,0.0
8439,157054887,157055387,500,0,100.0,0.0
8440,157055387,157055887,500,0,100.0,0.0
8441,157055887,157056387,500,0,100.0,0.0
8442,157056387,157056887,500,0,100.0,0.0
8443,157056887,157057387,500,0,100.0,0.0
8444,157057387,157057887,500,0,100.0,0.0
8445,157057887,157058387,500,0,100.0,0.0
8446,157058387,157058887,500,0,100.0,0.0
8447,157058887,157059387,500,0,100.0,0.0
8448,157059387,157059887,500,0,100.0,0.0
8449,157059887,157060387,500,0,100.0,0.0
8450,157060387,157060887,500,0,100.0,0.0
8451,157060887,157061387,500,0,100.0,0.0
8452,157061387,157061887,500,0,100.0,0.0
8453,157061887,157062387,500,0,100.0,0.0
8454,157062387,157062887,500,0,100.0,0.0
8455,157062887,157063387,500,0,100.0,0.0
8456,157063387,157063887,500,0,100.0,0.0
8457,157063887,157064387,500,0,100.0,0.0
8458,157064387,157064887,500,0,100.0,0.0
8459,157064887,157065387,500,0,100.0,0.0
8460,157065387,157065887,500,0,100.0,0.0
8461,157065887,157066387,195,305,39.0,61.0
8462,157066387,157066887,19,481,3.8,96.2
8463,157066887,157067387,53,447,10.6,89.4
8464,157067387,157067887,95,405,19.0,81.0
8465,157067887,157068387,500,0,100.0,0.0
8466,157068387,157068887,500,0,100.0,0.0
8467,157068887,157069387,500,0,100.0,0.0
8468,157069387,157069887,500,0,100.0,0.0
8469,157069887,157070387,500,0,100.0,0.0
8470,157070387,157070887,500,0,100.0,0.0
8471,157070887,157071387,500,0,100.0,0.0
8472,157071387,157071887,500,0,100.0,0.0
8473,157071887,157072387,500,0,100.0,0.0
8474,157072387,157072887,500,0,100.0,0.0
8475,157072887,157073387,500,0,100.0,0.0
8476,157073387,157073887,500,0,100.0,0.0
8477,157073887,157074387,500,0,100.0,0.0
8478,157074387,157074887,500,0,100.0,0.0
8479,157074887,157075387,500,0,100.0,0.0
8480,157075387,157075887,500,0,100.0,0.0
8481,157075887,157076387,500,0,100.0,0.0
8482,157076387,157076887,500,0,100.0,0.0
8483,157076887,157077387,500,0,100.0,0.0
8484,157077387,157077887,500,0,100.0,0.0
8485,157077887,157078387,500,0,100.0,0.0
8486,157078387,157078887,500,0,100.0,0.0
8487,157078887,157079387,500,0,100.0,0.0
8488,157079387,157079887,500,0,100.0,0.0
8489,157079887,157080387,500,0,100.0,0.0
8490,157080387,157080887,500,0,100.0,0.0
8491,157080887,157081387,500,0,100.0,0.0
8492,157081387,157081887,500,0,100.0,0.0
8493,157081887,157082387,500,0,100.0,0.0
8494,157082387,157082887,66,434,13.200000000000001,86.8
8495,157082887,157083387,51,449,10.2,89.8
8496,157083387,157083887,143,357,28.599999999999998,71.4
8497,157083887,157084387,500,0,100.0,0.0
8498,157084387,157084887,500,0,100.0,0.0
8499,157084887,157085387,500,0,100.0,0.0
8500,157085387,157085887,500,0,100.0,0.0
8501,157085887,157086387,500,0,100.0,0.0
8502,157086387,157086887,500,0,100.0,0.0
8503,157086887,157087387,500,0,100.0,0.0
8504,157087387,157087887,500,0,100.0,0.0
8505,157087887,157088387,500,0,100.0,0.0
8506,157088387,157088887,500,0,100.0,0.0
8507,157088887,157089387,500,0,100.0,0.0
8508,157089387,157089887,500,0,100.0,0.0
8509,157089887,157090387,500,0,100.0,0.0
8510,157090387,157090887,500,0,100.0,0.0
8511,157090887,157091387,500,0,100.0,0.0
8512,157091387,157091887,500,0,100.0,0.0
8513,157091887,157092387,500,0,100.0,0.0
8514,157092387,157092887,500,0,100.0,0.0
8515,157092887,157093387,500,0,100.0,0.0
8516,157093387,157093887,500,0,100.0,0.0
8517,157093887,157094387,500,0,100.0,0.0
8518,157094387,157094887,500,0,100.0,0.0
8519,157094887,157095387,500,0,100.0,0.0
8520,157095387,157095887,500,0,100.0,0.0
8521,157095887,157096387,500,0,100.0,0.0
8522,157096387,157096887,500,0,100.0,0.0
8523,157096887,157097387,500,0,100.0,0.0
8524,157097387,157097887,500,0,100.0,0.0
8525,157097887,157098387,500,0,100.0,0.0
8526,157098387,157098887,20,480,4.0,96.0
8527,157098887,157099387,14,486,2.8000000000000003,97.2
8528,157099387,157099887,47,453,9.4,90.6
8529,157099887,157100387,404,96,80.80000000000001,19.19999999999999
8530,157100387,157100887,500,0,100.0,0.0
8531,157100887,157101387,500,0,100.0,0.0
8532,157101387,157101887,500,0,100.0,0.0
8533,157101887,157102387,500,0,100.0,0.0
8534,157102387,157102887,500,0,100.0,0.0
8535,157102887,157103387,500,0,100.0,0.0
8536,157103387,157103887,500,0,100.0,0.0
8537,157103887,157104387,500,0,100.0,0.0
8538,157104387,157104887,500,0,100.0,0.0
8539,157104887,157105387,500,0,100.0,0.0
8540,157105387,157105887,500,0,100.0,0.0
8541,157105887,157106387,500,0,100.0,0.0
8542,157106387,157106887,500,0,100.0,0.0
8543,157106887,157107387,500,0,100.0,0.0
8544,157107387,157107887,500,0,100.0,0.0
8545,157107887,157108387,500,0,100.0,0.0
8546,157108387,157108887,500,0,100.0,0.0
8547,157108887,157109387,500,0,100.0,0.0
8548,157109387,157109887,500,0,100.0,0.0
8549,157109887,157110387,500,0,100.0,0.0
8550,157110387,157110887,500,0,100.0,0.0
8551,157110887,157111387,500,0,100.0,0.0
8552,157111387,157111887,500,0,100.0,0.0
8553,157111887,157112387,500,0,100.0,0.0
8554,157112387,157112887,500,0,100.0,0.0
8555,157112887,157113387,500,0,100.0,0.0
8556,157113387,157113887,500,0,100.0,0.0
8557,157113887,157114387,500,0,100.0,0.0
8558,157114387,157114887,500,0,100.0,0.0
8559,157114887,157115387,172,328,34.4,65.6
8560,157115387,157115887,17,483,3.4000000000000004,96.6
8561,157115887,157116387,58,442,11.600000000000001,88.4
8562,157116387,157116887,101,399,20.200000000000003,79.8
8563,157116887,157117387,500,0,100.0,0.0
8564,157117387,157117887,500,0,100.0,0.0
8565,157117887,157118387,500,0,100.0,0.0
8566,157118387,157118887,500,0,100.0,0.0
8567,157118887,157119387,500,0,100.0,0.0
8568,157119387,157119887,500,0,100.0,0.0
8569,157119887,157120387,500,0,100.0,0.0
8570,157120387,157120887,500,0,100.0,0.0
8571,157120887,157121387,500,0,100.0,0.0
8572,157121387,157121887,500,0,100.0,0.0
8573,157121887,157122387,500,0,100.0,0.0
8574,157122387,157122887,500,0,100.0,0.0
8575,157122887,157123387,500,0,100.0,0.0
8576,157123387,157123887,500,0,100.0,0.0
8577,157123887,157124387,500,0,100.0,0.0
8578,157124387,157124887,500,0,100.0,0.0
8579,157124887,157125387,500,0,100.0,0.0
8580,157125387,157125887,500,0,100.0,0.0
8581,157125887,157126387,500,0,100.0,0.0
8582,157126387,157126887,500,0,100.0,0.0
8583,157126887,157127387,500,0,100.0,0.0
8584,157127387,157127887,500,0,100.0,0.0
8585,157127887,157128387,500,0,100.0,0.0
8586,157128387,157128887,500,0,100.0,0.0
8587,157128887,157129387,500,0,100.0,0.0
8588,157129387,157129887,500,0,100.0,0.0
8589,157129887,157130387,500,0,100.0,0.0
8590,157130387,157130887,500,0,100.0,0.0
8591,157130887,157131387,500,0,100.0,0.0
8592,157131387,157131887,500,0,100.0,0.0
8593,157131887,157132387,500,0,100.0,0.0
8594,157132387,157132887,500,0,100.0,0.0
8595,157132887,157133387,500,0,100.0,0.0
8596,157133387,157133887,500,0,100.0,0.0
8597,157133887,157134387,500,0,100.0,0.0
8598,157134387,157134887,500,0,100.0,0.0
8599,157134887,157135387,500,0,100.0,0.0
8600,157135387,157135887,500,0,100.0,0.0
8601,157135887,157136387,500,0,100.0,0.0
8602,157136387,157136887,500,0,100.0,0.0
8603,157136887,157137387,500,0,100.0,0.0
8604,157137387,157137887,500,0,100.0,0.0
8605,157137887,157138387,500,0,100.0,0.0
8606,157138387,157138887,500,0,100.0,0.0
8607,157138887,157139387,500,0,100.0,0.0
8608,157139387,157139887,84,416,16.8,83.2
8609,157139887,157140387,56,444,11.200000000000001,88.8
8610,157140387,157140887,153,347,30.599999999999998,69.4
8611,157140887,157141387,500,0,100.0,0.0
8612,157141387,157141887,500,0,100.0,0.0
8613,157141887,157142387,500,0,100.0,0.0
8614,157142387,157142887,500,0,100.0,0.0
8615,157142887,157143387,500,0,100.0,0.0
8616,157143387,157143887,500,0,100.0,0.0
8617,157143887,157144387,500,0,100.0,0.0
8618,157144387,157144887,500,0,100.0,0.0
8619,157144887,157145387,500,0,100.0,0.0
8620,157145387,157145887,500,0,100.0,0.0
8621,157145887,157146387,500,0,100.0,0.0
8622,157146387,157146887,500,0,100.0,0.0
8623,157146887,157147387,500,0,100.0,0.0
8624,157147387,157147887,500,0,100.0,0.0
8625,157147887,157148387,500,0,100.0,0.0
8626,157148387,157148887,500,0,100.0,0.0
8627,157148887,157149387,500,0,100.0,0.0
8628,157149387,157149887,500,0,100.0,0.0
8629,157149887,157150387,500,0,100.0,0.0
8630,157150387,157150887,500,0,100.0,0.0
8631,157150887,157151387,500,0,100.0,0.0
8632,157151387,157151887,500,0,100.0,0.0
8633,157151887,157152387,500,0,100.0,0.0
8634,157152387,157152887,500,0,100.0,0.0
8635,157152887,157153387,500,0,100.0,0.0
8636,157153387,157153887,500,0,100.0,0.0
8637,157153887,157154387,500,0,100.0,0.0
8638,157154387,157154887,500,0,100.0,0.0
8639,157154887,157155387,243,257,48.6,51.4
8640,157155387,157155887,13,487,2.6,97.4
8641,157155887,157156387,63,437,12.6,87.4
8642,157156387,157156887,170,330,34.0,66.0
8643,157156887,157157387,500,0,100.0,0.0
8644,157157387,157157887,500,0,100.0,0.0
8645,157157887,157158387,500,0,100.0,0.0
8646,157158387,157158887,500,0,100.0,0.0
8647,157158887,157159387,500,0,100.0,0.0
8648,157159387,157159887,500,0,100.0,0.0
8649,157159887,157160387,500,0,100.0,0.0
8650,157160387,157160887,500,0,100.0,0.0
8651,157160887,157161387,500,0,100.0,0.0
8652,157161387,157161887,500,0,100.0,0.0
8653,157161887,157162387,500,0,100.0,0.0
8654,157162387,157162887,500,0,100.0,0.0
8655,157162887,157163387,500,0,100.0,0.0
8656,157163387,157163887,500,0,100.0,0.0
8657,157163887,157164387,500,0,100.0,0.0
8658,157164387,157164887,500,0,100.0,0.0
8659,157164887,157165387,500,0,100.0,0.0
8660,157165387,157165887,500,0,100.0,0.0
8661,157165887,157166387,500,0,100.0,0.0
8662,157166387,157166887,500,0,100.0,0.0
8663,157166887,157167387,500,0,100.0,0.0
8664,157167387,157167887,500,0,100.0,0.0
8665,157167887,157168387,500,0,100.0,0.0
8666,157168387,157168887,500,0,100.0,0.0
8667,157168887,157169387,500,0,100.0,0.0
8668,157169387,157169887,500,0,100.0,0.0
8669,157169887,157170387,321,179,64.2,35.8
8670,157170387,157170887,16,484,3.2,96.8
8671,157170887,157171387,43,457,8.6,91.4
8672,157171387,157171887,49,451,9.8,90.2
8673,157171887,157172387,500,0,100.0,0.0
8674,157172387,157172887,500,0,100.0,0.0
8675,157172887,157173387,500,0,100.0,0.0
8676,157173387,157173887,500,0,100.0,0.0
8677,157173887,157174387,500,0,100.0,0.0
8678,157174387,157174887,500,0,100.0,0.0
8679,157174887,157175387,500,0,100.0,0.0
8680,157175387,157175887,500,0,100.0,0.0
8681,157175887,157176387,500,0,100.0,0.0
8682,157176387,157176887,500,0,100.0,0.0
8683,157176887,157177387,500,0,100.0,0.0
8684,157177387,157177887,500,0,100.0,0.0
8685,157177887,157178387,500,0,100.0,0.0
8686,157178387,157178887,500,0,100.0,0.0
8687,157178887,157179387,500,0,100.0,0.0
8688,157179387,157179887,500,0,100.0,0.0
8689,157179887,157180387,500,0,100.0,0.0
8690,157180387,157180887,500,0,100.0,0.0
8691,157180887,157181387,500,0,100.0,0.0
8692,157181387,157181887,500,0,100.0,0.0
8693,157181887,157182387,500,0,100.0,0.0
8694,157182387,157182887,500,0,100.0,0.0
8695,157182887,157183387,500,0,100.0,0.0
8696,157183387,157183887,500,0,100.0,0.0
8697,157183887,157184387,500,0,100.0,0.0
8698,157184387,157184887,500,0,100.0,0.0
8699,157184887,157185387,500,0,100.0,0.0
8700,157185387,157185887,404,96,80.80000000000001,19.19999999999999
8701,157185887,157186387,23,477,4.6,95.4
8702,157186387,157186887,34,466,6.800000000000001,93.2
8703,157186887,157187387,429,71,85.8,14.200000000000003
8704,157187387,157187887,500,0,100.0,0.0
8705,157187887,157188387,500,0,100.0,0.0
8706,157188387,157188887,500,0,100.0,0.0
8707,157188887,157189387,500,0,100.0,0.0
8708,157189387,157189887,500,0,100.0,0.0
8709,157189887,157190387,500,0,100.0,0.0
8710,157190387,157190887,500,0,100.0,0.0
8711,157190887,157191387,500,0,100.0,0.0
8712,157191387,157191887,500,0,100.0,0.0
8713,157191887,157192387,500,0,100.0,0.0
8714,157192387,157192887,500,0,100.0,0.0
8715,157192887,157193387,500,0,100.0,0.0
8716,157193387,157193887,500,0,100.0,0.0
8717,157193887,157194387,500,0,100.0,0.0
8718,157194387,157194887,500,0,100.0,0.0
8719,157194887,157195387,500,0,100.0,0.0
8720,157195387,157195887,500,0,100.0,0.0
8721,157195887,157196387,500,0,100.0,0.0
8722,157196387,157196887,500,0,100.0,0.0
8723,157196887,157197387,500,0,100.0,0.0
8724,157197387,157197887,500,0,100.0,0.0
8725,157197887,157198387,500,0,100.0,0.0
8726,157198387,157198887,500,0,100.0,0.0
8727,157198887,157199387,500,0,100.0,0.0
8728,157199387,157199887,500,0,100.0,0.0
8729,157199887,157200387,500,0,100.0,0.0
8730,157200387,157200887,500,0,100.0,0.0
8731,157200887,157201387,222,278,44.4,55.6
8732,157201387,157201887,13,487,2.6,97.4
8733,157201887,157202387,44,456,8.799999999999999,91.2
8734,157202387,157202887,300,200,60.0,40.0
8735,157202887,157203387,500,0,100.0,0.0
8736,157203387,157203887,500,0,100.0,0.0
8737,157203887,157204387,500,0,100.0,0.0
8738,157204387,157204887,500,0,100.0,0.0
8739,157204887,157205387,500,0,100.0,0.0
8740,157205387,157205887,500,0,100.0,0.0
8741,157205887,157206387,500,0,100.0,0.0
8742,157206387,157206887,500,0,100.0,0.0
8743,157206887,157207387,500,0,100.0,0.0
8744,157207387,157207887,500,0,100.0,0.0
8745,157207887,157208387,500,0,100.0,0.0
8746,157208387,157208887,500,0,100.0,0.0
8747,157208887,157209387,500,0,100.0,0.0
8748,157209387,157209887,500,0,100.0,0.0
8749,157209887,157210387,500,0,100.0,0.0
8750,157210387,157210887,500,0,100.0,0.0
8751,157210887,157211387,500,0,100.0,0.0
8752,157211387,157211887,500,0,100.0,0.0
8753,157211887,157212387,500,0,100.0,0.0
8754,157212387,157212887,500,0,100.0,0.0
8755,157212887,157213387,500,0,100.0,0.0
8756,157213387,157213887,500,0,100.0,0.0
8757,157213887,157214387,500,0,100.0,0.0
8758,157214387,157214887,500,0,100.0,0.0
8759,157214887,157215387,500,0,100.0,0.0
8760,157215387,157215887,500,0,100.0,0.0
8761,157215887,157216387,464,36,92.80000000000001,7.199999999999989
8762,157216387,157216887,22,478,4.3999999999999995,95.6
8763,157216887,157217387,8,492,1.6,98.4
8764,157217387,157217887,48,452,9.6,90.4
8765,157217887,157218387,354,146,70.8,29.200000000000003
8766,157218387,157218887,500,0,100.0,0.0
8767,157218887,157219387,500,0,100.0,0.0
8768,157219387,157219887,500,0,100.0,0.0
8769,157219887,157220387,500,0,100.0,0.0
8770,157220387,157220887,500,0,100.0,0.0
8771,157220887,157221387,500,0,100.0,0.0
8772,157221387,157221887,500,0,100.0,0.0
8773,157221887,157222387,500,0,100.0,0.0
8774,157222387,157222887,500,0,100.0,0.0
8775,157222887,157223387,500,0,100.0,0.0
8776,157223387,157223887,500,0,100.0,0.0
8777,157223887,157224387,500,0,100.0,0.0
8778,157224387,157224887,500,0,100.0,0.0
8779,157224887,157225387,500,0,100.0,0.0
8780,157225387,157225887,500,0,100.0,0.0
8781,157225887,157226387,500,0,100.0,0.0
8782,157226387,157226887,500,0,100.0,0.0
8783,157226887,157227387,500,0,100.0,0.0
8784,157227387,157227887,500,0,100.0,0.0
8785,157227887,157228387,500,0,100.0,0.0
8786,157228387,157228887,500,0,100.0,0.0
8787,157228887,157229387,500,0,100.0,0.0
8788,157229387,157229887,500,0,100.0,0.0
8789,157229887,157230387,500,0,100.0,0.0
8790,157230387,157230887,500,0,100.0,0.0
8791,157230887,157231387,500,0,100.0,0.0
8792,157231387,157231887,500,0,100.0,0.0
8793,157231887,157232387,171,329,34.2,65.8
8794,157232387,157232887,45,455,9.0,91.0
8795,157232887,157233387,126,374,25.2,74.8
8796,157233387,157233887,500,0,100.0,0.0
8797,157233887,157234387,500,0,100.0,0.0
8798,157234387,157234887,500,0,100.0,0.0
8799,157234887,157235387,500,0,100.0,0.0
8800,157235387,157235887,500,0,100.0,0.0
8801,157235887,157236387,500,0,100.0,0.0
8802,157236387,157236887,500,0,100.0,0.0
8803,157236887,157237387,500,0,100.0,0.0
8804,157237387,157237887,500,0,100.0,0.0
8805,157237887,157238387,500,0,100.0,0.0
8806,157238387,157238887,500,0,100.0,0.0
8807,157238887,157239387,500,0,100.0,0.0
8808,157239387,157239887,500,0,100.0,0.0
8809,157239887,157240387,500,0,100.0,0.0
8810,157240387,157240887,500,0,100.0,0.0
8811,157240887,157241387,500,0,100.0,0.0
8812,157241387,157241887,500,0,100.0,0.0
8813,157241887,157242387,500,0,100.0,0.0
8814,157242387,157242887,500,0,100.0,0.0
8815,157242887,157243387,500,0,100.0,0.0
8816,157243387,157243887,500,0,100.0,0.0
8817,157243887,157244387,500,0,100.0,0.0
8818,157244387,157244887,500,0,100.0,0.0
8819,157244887,157245387,500,0,100.0,0.0
8820,157245387,157245887,500,0,100.0,0.0
8821,157245887,157246387,500,0,100.0,0.0
8822,157246387,157246887,500,0,100.0,0.0
8823,157246887,157247387,500,0,100.0,0.0
8824,157247387,157247887,500,0,100.0,0.0
8825,157247887,157248387,170,330,34.0,66.0
8826,157248387,157248887,12,488,2.4,97.6
8827,157248887,157249387,56,444,11.200000000000001,88.8
8828,157249387,157249887,391,109,78.2,21.799999999999997
8829,157249887,157250387,500,0,100.0,0.0
8830,157250387,157250887,500,0,100.0,0.0
8831,157250887,157251387,500,0,100.0,0.0
8832,157251387,157251887,500,0,100.0,0.0
8833,157251887,157252387,500,0,100.0,0.0
8834,157252387,157252887,500,0,100.0,0.0
8835,157252887,157253387,500,0,100.0,0.0
8836,157253387,157253887,500,0,100.0,0.0
8837,157253887,157254387,500,0,100.0,0.0
8838,157254387,157254887,500,0,100.0,0.0
8839,157254887,157255387,500,0,100.0,0.0
8840,157255387,157255887,500,0,100.0,0.0
8841,157255887,157256387,500,0,100.0,0.0
8842,157256387,157256887,500,0,100.0,0.0
8843,157256887,157257387,500,0,100.0,0.0
8844,157257387,157257887,500,0,100.0,0.0
8845,157257887,157258387,500,0,100.0,0.0
8846,157258387,157258887,500,0,100.0,0.0
8847,157258887,157259387,500,0,100.0,0.0
8848,157259387,157259887,500,0,100.0,0.0
8849,157259887,157260387,500,0,100.0,0.0
8850,157260387,157260887,500,0,100.0,0.0
8851,157260887,157261387,500,0,100.0,0.0
8852,157261387,157261887,500,0,100.0,0.0
8853,157261887,157262387,500,0,100.0,0.0
8854,157262387,157262887,500,0,100.0,0.0
8855,157262887,157263387,294,206,58.8,41.2
8856,157263387,157263887,16,484,3.2,96.8
8857,157263887,157264387,65,435,13.0,87.0
8858,157264387,157264887,41,459,8.200000000000001,91.8
8859,157264887,157265387,500,0,100.0,0.0
8860,157265387,157265887,500,0,100.0,0.0
8861,157265887,157266387,500,0,100.0,0.0
8862,157266387,157266887,500,0,100.0,0.0
8863,157266887,157267387,500,0,100.0,0.0
8864,157267387,157267887,500,0,100.0,0.0
8865,157267887,157268387,500,0,100.0,0.0
8866,157268387,157268887,500,0,100.0,0.0
8867,157268887,157269387,500,0,100.0,0.0
8868,157269387,157269887,500,0,100.0,0.0
8869,157269887,157270387,500,0,100.0,0.0
8870,157270387,157270887,500,0,100.0,0.0
8871,157270887,157271387,500,0,100.0,0.0
8872,157271387,157271887,500,0,100.0,0.0
8873,157271887,157272387,500,0,100.0,0.0
8874,157272387,157272887,500,0,100.0,0.0
8875,157272887,157273387,500,0,100.0,0.0
8876,157273387,157273887,500,0,100.0,0.0
8877,157273887,157274387,500,0,100.0,0.0
8878,157274387,157274887,500,0,100.0,0.0
8879,157274887,157275387,500,0,100.0,0.0
8880,157275387,157275887,500,0,100.0,0.0
8881,157275887,157276387,500,0,100.0,0.0
8882,157276387,157276887,500,0,100.0,0.0
8883,157276887,157277387,500,0,100.0,0.0
8884,157277387,157277887,500,0,100.0,0.0
8885,157277887,157278387,500,0,100.0,0.0
8886,157278387,157278887,500,0,100.0,0.0
8887,157278887,157279387,500,0,100.0,0.0
8888,157279387,157279887,500,0,100.0,0.0
8889,157279887,157280387,500,0,100.0,0.0
8890,157280387,157280887,152,348,30.4,69.6
8891,157280887,157281387,57,443,11.4,88.6
8892,157281387,157281887,73,427,14.6,85.4
8893,157281887,157282387,500,0,100.0,0.0
8894,157282387,157282887,500,0,100.0,0.0
8895,157282887,157283387,500,0,100.0,0.0
8896,157283387,157283887,500,0,100.0,0.0
8897,157283887,157284387,500,0,100.0,0.0
8898,157284387,157284887,500,0,100.0,0.0
8899,157284887,157285387,500,0,100.0,0.0
8900,157285387,157285887,500,0,100.0,0.0
8901,157285887,157286387,500,0,100.0,0.0
8902,157286387,157286887,500,0,100.0,0.0
8903,157286887,157287387,500,0,100.0,0.0
8904,157287387,157287887,500,0,100.0,0.0
8905,157287887,157288387,500,0,100.0,0.0
8906,157288387,157288887,500,0,100.0,0.0
8907,157288887,157289387,500,0,100.0,0.0
8908,157289387,157289887,500,0,100.0,0.0
8909,157289887,157290387,500,0,100.0,0.0
8910,157290387,157290887,500,0,100.0,0.0
8911,157290887,157291387,500,0,100.0,0.0
8912,157291387,157291887,500,0,100.0,0.0
8913,157291887,157292387,500,0,100.0,0.0
8914,157292387,157292887,500,0,100.0,0.0
8915,157292887,157293387,500,0,100.0,0.0
8916,157293387,157293887,500,0,100.0,0.0
8917,157293887,157294387,500,0,100.0,0.0
8918,157294387,157294887,500,0,100.0,0.0
8919,157294887,157295387,500,0,100.0,0.0
8920,157295387,157295887,500,0,100.0,0.0
8921,157295887,157296387,500,0,100.0,0.0
8922,157296387,157296887,489,11,97.8,2.200000000000003
8923,157296887,157297387,8,492,1.6,98.4
8924,157297387,157297887,13,487,2.6,97.4
8925,157297887,157298387,69,431,13.8,86.2
8926,157298387,157298887,486,14,97.2,2.799999999999997
8927,157298887,157299387,500,0,100.0,0.0
8928,157299387,157299887,500,0,100.0,0.0
8929,157299887,157300387,500,0,100.0,0.0
8930,157300387,157300887,500,0,100.0,0.0
8931,157300887,157301387,500,0,100.0,0.0
8932,157301387,157301887,500,0,100.0,0.0
8933,157301887,157302387,500,0,100.0,0.0
8934,157302387,157302887,500,0,100.0,0.0
8935,157302887,157303387,500,0,100.0,0.0
8936,157303387,157303887,500,0,100.0,0.0
8937,157303887,157304387,500,0,100.0,0.0
8938,157304387,157304887,500,0,100.0,0.0
8939,157304887,157305387,500,0,100.0,0.0
8940,157305387,157305887,500,0,100.0,0.0
8941,157305887,157306387,500,0,100.0,0.0
8942,157306387,157306887,500,0,100.0,0.0
8943,157306887,157307387,500,0,100.0,0.0
8944,157307387,157307887,500,0,100.0,0.0
8945,157307887,157308387,500,0,100.0,0.0
8946,157308387,157308887,500,0,100.0,0.0
8947,157308887,157309387,500,0,100.0,0.0
8948,157309387,157309887,500,0,100.0,0.0
8949,157309887,157310387,500,0,100.0,0.0
8950,157310387,157310887,500,0,100.0,0.0
8951,157310887,157311387,500,0,100.0,0.0
8952,157311387,157311887,500,0,100.0,0.0
8953,157311887,157312387,454,46,90.8,9.200000000000003
8954,157312387,157312887,20,480,4.0,96.0
8955,157312887,157313387,7,493,1.4000000000000001,98.6
8956,157313387,157313887,45,455,9.0,91.0
8957,157313887,157314387,358,142,71.6,28.400000000000006
8958,157314387,157314887,500,0,100.0,0.0
8959,157314887,157315387,500,0,100.0,0.0
8960,157315387,157315887,500,0,100.0,0.0
8961,157315887,157316387,500,0,100.0,0.0
8962,157316387,157316887,500,0,100.0,0.0
8963,157316887,157317387,500,0,100.0,0.0
8964,157317387,157317887,500,0,100.0,0.0
8965,157317887,157318387,500,0,100.0,0.0
8966,157318387,157318887,500,0,100.0,0.0
8967,157318887,157319387,500,0,100.0,0.0
8968,157319387,157319887,500,0,100.0,0.0
8969,157319887,157320387,500,0,100.0,0.0
8970,157320387,157320887,500,0,100.0,0.0
8971,157320887,157321387,500,0,100.0,0.0
8972,157321387,157321887,500,0,100.0,0.0
8973,157321887,157322387,500,0,100.0,0.0
8974,157322387,157322887,500,0,100.0,0.0
8975,157322887,157323387,500,0,100.0,0.0
8976,157323387,157323887,500,0,100.0,0.0
8977,157323887,157324387,500,0,100.0,0.0
8978,157324387,157324887,500,0,100.0,0.0
8979,157324887,157325387,500,0,100.0,0.0
8980,157325387,157325887,500,0,100.0,0.0
8981,157325887,157326387,500,0,100.0,0.0
8982,157326387,157326887,500,0,100.0,0.0
8983,157326887,157327387,500,0,100.0,0.0
8984,157327387,157327887,500,0,100.0,0.0
8985,157327887,157328387,500,0,100.0,0.0
8986,157328387,157328887,26,474,5.2,94.8
8987,157328887,157329387,50,450,10.0,90.0
8988,157329387,157329887,308,192,61.6,38.4
8989,157329887,157330387,500,0,100.0,0.0
8990,157330387,157330887,500,0,100.0,0.0
8991,157330887,157331387,500,0,100.0,0.0
8992,157331387,157331887,500,0,100.0,0.0
8993,157331887,157332387,500,0,100.0,0.0
8994,157332387,157332887,500,0,100.0,0.0
8995,157332887,157333387,500,0,100.0,0.0
8996,157333387,157333887,500,0,100.0,0.0
8997,157333887,157334387,500,0,100.0,0.0
8998,157334387,157334887,500,0,100.0,0.0
8999,157334887,157335387,500,0,100.0,0.0
9000,157335387,157335887,500,0,100.0,0.0
9001,157335887,157336387,500,0,100.0,0.0
9002,157336387,157336887,500,0,100.0,0.0
9003,157336887,157337387,500,0,100.0,0.0
9004,157337387,157337887,500,0,100.0,0.0
9005,157337887,157338387,500,0,100.0,0.0
9006,157338387,157338887,500,0,100.0,0.0
9007,157338887,157339387,500,0,100.0,0.0
9008,157339387,157339887,500,0,100.0,0.0
9009,157339887,157340387,500,0,100.0,0.0
9010,157340387,157340887,500,0,100.0,0.0
9011,157340887,157341387,500,0,100.0,0.0
9012,157341387,157341887,500,0,100.0,0.0
9013,157341887,157342387,500,0,100.0,0.0
9014,157342387,157342887,500,0,100.0,0.0
9015,157342887,157343387,500,0,100.0,0.0
9016,157343387,157343887,500,0,100.0,0.0
9017,157343887,157344387,359,141,71.8,28.200000000000003
9018,157344387,157344887,3,497,0.6,99.4
9019,157344887,157345387,4,496,0.8,99.2
9020,157345387,157345887,14,486,2.8000000000000003,97.2
9021,157345887,157346387,65,435,13.0,87.0
9022,157346387,157346887,391,109,78.2,21.799999999999997
9023,157346887,157347387,500,0,100.0,0.0
9024,157347387,157347887,500,0,100.0,0.0
9025,157347887,157348387,500,0,100.0,0.0
9026,157348387,157348887,500,0,100.0,0.0
9027,157348887,157349387,500,0,100.0,0.0
9028,157349387,157349887,500,0,100.0,0.0
9029,157349887,157350387,500,0,100.0,0.0
9030,157350387,157350887,500,0,100.0,0.0
9031,157350887,157351387,500,0,100.0,0.0
9032,157351387,157351887,500,0,100.0,0.0
9033,157351887,157352387,500,0,100.0,0.0
9034,157352387,157352887,500,0,100.0,0.0
9035,157352887,157353387,500,0,100.0,0.0
9036,157353387,157353887,500,0,100.0,0.0
9037,157353887,157354387,500,0,100.0,0.0
9038,157354387,157354887,500,0,100.0,0.0
9039,157354887,157355387,500,0,100.0,0.0
9040,157355387,157355887,500,0,100.0,0.0
9041,157355887,157356387,500,0,100.0,0.0
9042,157356387,157356887,500,0,100.0,0.0
9043,157356887,157357387,500,0,100.0,0.0
9044,157357387,157357887,500,0,100.0,0.0
9045,157357887,157358387,500,0,100.0,0.0
9046,157358387,157358887,500,0,100.0,0.0
9047,157358887,157359387,500,0,100.0,0.0
9048,157359387,157359887,500,0,100.0,0.0
9049,157359887,157360387,500,0,100.0,0.0
9050,157360387,157360887,146,354,29.2,70.8
9051,157360887,157361387,22,478,4.3999999999999995,95.6
9052,157361387,157361887,55,445,11.0,89.0
9053,157361887,157362387,136,364,27.200000000000003,72.8
9054,157362387,157362887,500,0,100.0,0.0
9055,157362887,157363387,500,0,100.0,0.0
9056,157363387,157363887,500,0,100.0,0.0
9057,157363887,157364387,500,0,100.0,0.0
9058,157364387,157364887,500,0,100.0,0.0
9059,157364887,157365387,500,0,100.0,0.0
9060,157365387,157365887,500,0,100.0,0.0
9061,157365887,157366387,500,0,100.0,0.0
9062,157366387,157366887,500,0,100.0,0.0
9063,157366887,157367387,500,0,100.0,0.0
9064,157367387,157367887,500,0,100.0,0.0
9065,157367887,157368387,500,0,100.0,0.0
9066,157368387,157368887,500,0,100.0,0.0
9067,157368887,157369387,500,0,100.0,0.0
9068,157369387,157369887,500,0,100.0,0.0
9069,157369887,157370387,500,0,100.0,0.0
9070,157370387,157370887,500,0,100.0,0.0
9071,157370887,157371387,500,0,100.0,0.0
9072,157371387,157371887,500,0,100.0,0.0
9073,157371887,157372387,500,0,100.0,0.0
9074,157372387,157372887,500,0,100.0,0.0
9075,157372887,157373387,500,0,100.0,0.0
9076,157373387,157373887,500,0,100.0,0.0
9077,157373887,157374387,500,0,100.0,0.0
9078,157374387,157374887,500,0,100.0,0.0
9079,157374887,157375387,500,0,100.0,0.0
9080,157375387,157375887,500,0,100.0,0.0
9081,157375887,157376387,427,73,85.39999999999999,14.600000000000009
9082,157376387,157376887,8,492,1.6,98.4
9083,157376887,157377387,77,423,15.4,84.6
9084,157377387,157377887,367,133,73.4,26.599999999999994
9085,157377887,157378387,500,0,100.0,0.0
9086,157378387,157378887,500,0,100.0,0.0
9087,157378887,157379387,500,0,100.0,0.0
9088,157379387,157379887,500,0,100.0,0.0
9089,157379887,157380387,500,0,100.0,0.0
9090,157380387,157380887,500,0,100.0,0.0
9091,157380887,157381387,500,0,100.0,0.0
9092,157381387,157381887,500,0,100.0,0.0
9093,157381887,157382387,500,0,100.0,0.0
9094,157382387,157382887,500,0,100.0,0.0
9095,157382887,157383387,500,0,100.0,0.0
9096,157383387,157383887,500,0,100.0,0.0
9097,157383887,157384387,500,0,100.0,0.0
9098,157384387,157384887,500,0,100.0,0.0
9099,157384887,157385387,500,0,100.0,0.0
9100,157385387,157385887,500,0,100.0,0.0
9101,157385887,157386387,500,0,100.0,0.0
9102,157386387,157386887,500,0,100.0,0.0
9103,157386887,157387387,500,0,100.0,0.0
9104,157387387,157387887,500,0,100.0,0.0
9105,157387887,157388387,500,0,100.0,0.0
9106,157388387,157388887,500,0,100.0,0.0
9107,157388887,157389387,500,0,100.0,0.0
9108,157389387,157389887,500,0,100.0,0.0
9109,157389887,157390387,500,0,100.0,0.0
9110,157390387,157390887,500,0,100.0,0.0
9111,157390887,157391387,500,0,100.0,0.0
9112,157391387,157391887,57,443,11.4,88.6
9113,157391887,157392387,10,490,2.0,98.0
9114,157392387,157392887,2,498,0.4,99.6
9115,157392887,157393387,30,470,6.0,94.0
9116,157393387,157393887,41,459,8.200000000000001,91.8
9117,157393887,157394387,4,496,0.8,99.2
9118,157394387,157394887,321,179,64.2,35.8
9119,157394887,157395387,500,0,100.0,0.0
9120,157395387,157395887,500,0,100.0,0.0
9121,157395887,157396387,500,0,100.0,0.0
9122,157396387,157396887,500,0,100.0,0.0
9123,157396887,157397387,500,0,100.0,0.0
9124,157397387,157397887,500,0,100.0,0.0
9125,157397887,157398387,500,0,100.0,0.0
9126,157398387,157398887,500,0,100.0,0.0
9127,157398887,157399387,500,0,100.0,0.0
9128,157399387,157399887,500,0,100.0,0.0
9129,157399887,157400387,500,0,100.0,0.0
9130,157400387,157400887,500,0,100.0,0.0
9131,157400887,157401387,500,0,100.0,0.0
9132,157401387,157401887,500,0,100.0,0.0
9133,157401887,157402387,500,0,100.0,0.0
9134,157402387,157402887,500,0,100.0,0.0
9135,157402887,157403387,500,0,100.0,0.0
9136,157403387,157403887,500,0,100.0,0.0
9137,157403887,157404387,500,0,100.0,0.0
9138,157404387,157404887,500,0,100.0,0.0
9139,157404887,157405387,500,0,100.0,0.0
9140,157405387,157405887,500,0,100.0,0.0
9141,157405887,157406387,500,0,100.0,0.0
9142,157406387,157406887,500,0,100.0,0.0
9143,157406887,157407387,500,0,100.0,0.0
9144,157407387,157407887,500,0,100.0,0.0
9145,157407887,157408387,258,242,51.6,48.4
9146,157408387,157408887,16,484,3.2,96.8
9147,157408887,157409387,48,452,9.6,90.4
9148,157409387,157409887,95,405,19.0,81.0
9149,157409887,157410387,500,0,100.0,0.0
9150,157410387,157410887,500,0,100.0,0.0
9151,157410887,157411387,500,0,100.0,0.0
9152,157411387,157411887,500,0,100.0,0.0
9153,157411887,157412387,500,0,100.0,0.0
9154,157412387,157412887,500,0,100.0,0.0
9155,157412887,157413387,500,0,100.0,0.0
9156,157413387,157413887,500,0,100.0,0.0
9157,157413887,157414387,500,0,100.0,0.0
9158,157414387,157414887,500,0,100.0,0.0
9159,157414887,157415387,500,0,100.0,0.0
9160,157415387,157415887,500,0,100.0,0.0
9161,157415887,157416387,500,0,100.0,0.0
9162,157416387,157416887,500,0,100.0,0.0
9163,157416887,157417387,500,0,100.0,0.0
9164,157417387,157417887,500,0,100.0,0.0
9165,157417887,157418387,500,0,100.0,0.0
9166,157418387,157418887,500,0,100.0,0.0
9167,157418887,157419387,500,0,100.0,0.0
9168,157419387,157419887,500,0,100.0,0.0
9169,157419887,157420387,500,0,100.0,0.0
9170,157420387,157420887,500,0,100.0,0.0
9171,157420887,157421387,500,0,100.0,0.0
9172,157421387,157421887,500,0,100.0,0.0
9173,157421887,157422387,500,0,100.0,0.0
9174,157422387,157422887,500,0,100.0,0.0
9175,157422887,157423387,500,0,100.0,0.0
9176,157423387,157423887,182,318,36.4,63.6
9177,157423887,157424387,43,457,8.6,91.4
9178,157424387,157424887,104,396,20.8,79.2
9179,157424887,157425387,500,0,100.0,0.0
9180,157425387,157425887,500,0,100.0,0.0
9181,157425887,157426387,500,0,100.0,0.0
9182,157426387,157426887,500,0,100.0,0.0
9183,157426887,157427387,500,0,100.0,0.0
9184,157427387,157427887,500,0,100.0,0.0
9185,157427887,157428387,500,0,100.0,0.0
9186,157428387,157428887,500,0,100.0,0.0
9187,157428887,157429387,500,0,100.0,0.0
9188,157429387,157429887,500,0,100.0,0.0
9189,157429887,157430387,500,0,100.0,0.0
9190,157430387,157430887,500,0,100.0,0.0
9191,157430887,157431387,500,0,100.0,0.0
9192,157431387,157431887,500,0,100.0,0.0
9193,157431887,157432387,500,0,100.0,0.0
9194,157432387,157432887,500,0,100.0,0.0
9195,157432887,157433387,500,0,100.0,0.0
9196,157433387,157433887,500,0,100.0,0.0
9197,157433887,157434387,500,0,100.0,0.0
9198,157434387,157434887,500,0,100.0,0.0
9199,157434887,157435387,500,0,100.0,0.0
9200,157435387,157435887,500,0,100.0,0.0
9201,157435887,157436387,500,0,100.0,0.0
9202,157436387,157436887,500,0,100.0,0.0
9203,157436887,157437387,500,0,100.0,0.0
9204,157437387,157437887,500,0,100.0,0.0
9205,157437887,157438387,500,0,100.0,0.0
9206,157438387,157438887,182,318,36.4,63.6
9207,157438887,157439387,13,487,2.6,97.4
9208,157439387,157439887,45,455,9.0,91.0
9209,157439887,157440387,320,180,64.0,36.0
9210,157440387,157440887,500,0,100.0,0.0
9211,157440887,157441387,500,0,100.0,0.0
9212,157441387,157441887,500,0,100.0,0.0
9213,157441887,157442387,500,0,100.0,0.0
9214,157442387,157442887,500,0,100.0,0.0
9215,157442887,157443387,500,0,100.0,0.0
9216,157443387,157443887,500,0,100.0,0.0
9217,157443887,157444387,500,0,100.0,0.0
9218,157444387,157444887,500,0,100.0,0.0
9219,157444887,157445387,500,0,100.0,0.0
9220,157445387,157445887,500,0,100.0,0.0
9221,157445887,157446387,500,0,100.0,0.0
9222,157446387,157446887,500,0,100.0,0.0
9223,157446887,157447387,500,0,100.0,0.0
9224,157447387,157447887,500,0,100.0,0.0
9225,157447887,157448387,500,0,100.0,0.0
9226,157448387,157448887,500,0,100.0,0.0
9227,157448887,157449387,500,0,100.0,0.0
9228,157449387,157449887,500,0,100.0,0.0
9229,157449887,157450387,500,0,100.0,0.0
9230,157450387,157450887,500,0,100.0,0.0
9231,157450887,157451387,500,0,100.0,0.0
9232,157451387,157451887,500,0,100.0,0.0
9233,157451887,157452387,500,0,100.0,0.0
9234,157452387,157452887,500,0,100.0,0.0
9235,157452887,157453387,500,0,100.0,0.0
9236,157453387,157453887,92,408,18.4,81.6
9237,157453887,157454387,17,483,3.4000000000000004,96.6
9238,157454387,157454887,46,454,9.2,90.8
9239,157454887,157455387,189,311,37.8,62.2
9240,157455387,157455887,500,0,100.0,0.0
9241,157455887,157456387,500,0,100.0,0.0
9242,157456387,157456887,500,0,100.0,0.0
9243,157456887,157457387,500,0,100.0,0.0
9244,157457387,157457887,500,0,100.0,0.0
9245,157457887,157458387,500,0,100.0,0.0
9246,157458387,157458887,500,0,100.0,0.0
9247,157458887,157459387,500,0,100.0,0.0
9248,157459387,157459887,500,0,100.0,0.0
9249,157459887,157460387,500,0,100.0,0.0
9250,157460387,157460887,500,0,100.0,0.0
9251,157460887,157461387,500,0,100.0,0.0
9252,157461387,157461887,500,0,100.0,0.0
9253,157461887,157462387,500,0,100.0,0.0
9254,157462387,157462887,500,0,100.0,0.0
9255,157462887,157463387,500,0,100.0,0.0
9256,157463387,157463887,500,0,100.0,0.0
9257,157463887,157464387,500,0,100.0,0.0
9258,157464387,157464887,500,0,100.0,0.0
9259,157464887,157465387,500,0,100.0,0.0
9260,157465387,157465887,500,0,100.0,0.0
9261,157465887,157466387,500,0,100.0,0.0
9262,157466387,157466887,500,0,100.0,0.0
9263,157466887,157467387,500,0,100.0,0.0
9264,157467387,157467887,500,0,100.0,0.0
9265,157467887,157468387,500,0,100.0,0.0
9266,157468387,157468887,500,0,100.0,0.0
9267,157468887,157469387,347,153,69.39999999999999,30.60000000000001
9268,157469387,157469887,21,479,4.2,95.8
9269,157469887,157470387,33,467,6.6000000000000005,93.4
9270,157470387,157470887,471,29,94.19999999999999,5.800000000000011
9271,157470887,157471387,500,0,100.0,0.0
9272,157471387,157471887,500,0,100.0,0.0
9273,157471887,157472387,500,0,100.0,0.0
9274,157472387,157472887,500,0,100.0,0.0
9275,157472887,157473387,500,0,100.0,0.0
9276,157473387,157473887,500,0,100.0,0.0
9277,157473887,157474387,500,0,100.0,0.0
9278,157474387,157474887,500,0,100.0,0.0
9279,157474887,157475387,500,0,100.0,0.0
9280,157475387,157475887,500,0,100.0,0.0
9281,157475887,157476387,500,0,100.0,0.0
9282,157476387,157476887,500,0,100.0,0.0
9283,157476887,157477387,500,0,100.0,0.0
9284,157477387,157477887,500,0,100.0,0.0
9285,157477887,157478387,500,0,100.0,0.0
9286,157478387,157478887,500,0,100.0,0.0
9287,157478887,157479387,500,0,100.0,0.0
9288,157479387,157479887,500,0,100.0,0.0
9289,157479887,157480387,500,0,100.0,0.0
9290,157480387,157480887,500,0,100.0,0.0
9291,157480887,157481387,500,0,100.0,0.0
9292,157481387,157481887,500,0,100.0,0.0
9293,157481887,157482387,500,0,100.0,0.0
9294,157482387,157482887,500,0,100.0,0.0
9295,157482887,157483387,500,0,100.0,0.0
9296,157483387,157483887,500,0,100.0,0.0
9297,157483887,157484387,394,106,78.8,21.200000000000003
9298,157484387,157484887,9,491,1.7999999999999998,98.2
9299,157484887,157485387,53,447,10.6,89.4
9300,157485387,157485887,83,417,16.6,83.4
9301,157485887,157486387,500,0,100.0,0.0
9302,157486387,157486887,500,0,100.0,0.0
9303,157486887,157487387,500,0,100.0,0.0
9304,157487387,157487887,500,0,100.0,0.0
9305,157487887,157488387,500,0,100.0,0.0
9306,157488387,157488887,500,0,100.0,0.0
9307,157488887,157489387,500,0,100.0,0.0
9308,157489387,157489887,500,0,100.0,0.0
9309,157489887,157490387,500,0,100.0,0.0
9310,157490387,157490887,500,0,100.0,0.0
9311,157490887,157491387,500,0,100.0,0.0
9312,157491387,157491887,500,0,100.0,0.0
9313,157491887,157492387,500,0,100.0,0.0
9314,157492387,157492887,500,0,100.0,0.0
9315,157492887,157493387,500,0,100.0,0.0
9316,157493387,157493887,500,0,100.0,0.0
9317,157493887,157494387,500,0,100.0,0.0
9318,157494387,157494887,500,0,100.0,0.0
9319,157494887,157495387,500,0,100.0,0.0
9320,157495387,157495887,500,0,100.0,0.0
9321,157495887,157496387,500,0,100.0,0.0
9322,157496387,157496887,500,0,100.0,0.0
9323,157496887,157497387,500,0,100.0,0.0
9324,157497387,157497887,500,0,100.0,0.0
9325,157497887,157498387,500,0,100.0,0.0
9326,157498387,157498887,500,0,100.0,0.0
9327,157498887,157499387,500,0,100.0,0.0
9328,157499387,157499887,500,0,100.0,0.0
9329,157499887,157500387,500,0,100.0,0.0
9330,157500387,157500887,500,0,100.0,0.0
9331,157500887,157501387,396,104,79.2,20.799999999999997
9332,157501387,157501887,22,478,4.3999999999999995,95.6
9333,157501887,157502387,42,458,8.4,91.6
9334,157502387,157502887,16,484,3.2,96.8
9335,157502887,157503387,446,54,89.2,10.799999999999997
9336,157503387,157503887,500,0,100.0,0.0
9337,157503887,157504387,500,0,100.0,0.0
9338,157504387,157504887,500,0,100.0,0.0
9339,157504887,157505387,500,0,100.0,0.0
9340,157505387,157505887,500,0,100.0,0.0
9341,157505887,157506387,500,0,100.0,0.0
9342,157506387,157506887,500,0,100.0,0.0
9343,157506887,157507387,500,0,100.0,0.0
9344,157507387,157507887,500,0,100.0,0.0
9345,157507887,157508387,500,0,100.0,0.0
9346,157508387,157508887,500,0,100.0,0.0
9347,157508887,157509387,500,0,100.0,0.0
9348,157509387,157509887,500,0,100.0,0.0
9349,157509887,157510387,500,0,100.0,0.0
9350,157510387,157510887,500,0,100.0,0.0
9351,157510887,157511387,500,0,100.0,0.0
9352,157511387,157511887,500,0,100.0,0.0
9353,157511887,157512387,500,0,100.0,0.0
9354,157512387,157512887,500,0,100.0,0.0
9355,157512887,157513387,500,0,100.0,0.0
9356,157513387,157513887,500,0,100.0,0.0
9357,157513887,157514387,500,0,100.0,0.0
9358,157514387,157514887,500,0,100.0,0.0
9359,157514887,157515387,500,0,100.0,0.0
9360,157515387,157515887,500,0,100.0,0.0
9361,157515887,157516387,500,0,100.0,0.0
9362,157516387,157516887,500,0,100.0,0.0
9363,157516887,157517387,46,454,9.2,90.8
9364,157517387,157517887,41,459,8.200000000000001,91.8
9365,157517887,157518387,299,201,59.8,40.2
9366,157518387,157518887,500,0,100.0,0.0
9367,157518887,157519387,500,0,100.0,0.0
9368,157519387,157519887,500,0,100.0,0.0
9369,157519887,157520387,500,0,100.0,0.0
9370,157520387,157520887,500,0,100.0,0.0
9371,157520887,157521387,500,0,100.0,0.0
9372,157521387,157521887,500,0,100.0,0.0
9373,157521887,157522387,500,0,100.0,0.0
9374,157522387,157522887,500,0,100.0,0.0
9375,157522887,157523387,500,0,100.0,0.0
9376,157523387,157523887,500,0,100.0,0.0
9377,157523887,157524387,500,0,100.0,0.0
9378,157524387,157524887,500,0,100.0,0.0
9379,157524887,157525387,500,0,100.0,0.0
9380,157525387,157525887,500,0,100.0,0.0
9381,157525887,157526387,500,0,100.0,0.0
9382,157526387,157526887,500,0,100.0,0.0
9383,157526887,157527387,500,0,100.0,0.0
9384,157527387,157527887,500,0,100.0,0.0
9385,157527887,157528387,500,0,100.0,0.0
9386,157528387,157528887,500,0,100.0,0.0
9387,157528887,157529387,500,0,100.0,0.0
9388,157529387,157529887,500,0,100.0,0.0
9389,157529887,157530387,500,0,100.0,0.0
9390,157530387,157530887,500,0,100.0,0.0
9391,157530887,157531387,500,0,100.0,0.0
9392,157531387,157531887,500,0,100.0,0.0
9393,157531887,157532387,182,318,36.4,63.6
9394,157532387,157532887,12,488,2.4,97.6
9395,157532887,157533387,49,451,9.8,90.2
9396,157533387,157533887,358,142,71.6,28.400000000000006
9397,157533887,157534387,500,0,100.0,0.0
9398,157534387,157534887,500,0,100.0,0.0
9399,157534887,157535387,500,0,100.0,0.0
9400,157535387,157535887,500,0,100.0,0.0
9401,157535887,157536387,500,0,100.0,0.0
9402,157536387,157536887,500,0,100.0,0.0
9403,157536887,157537387,500,0,100.0,0.0
9404,157537387,157537887,500,0,100.0,0.0
9405,157537887,157538387,500,0,100.0,0.0
9406,157538387,157538887,500,0,100.0,0.0
9407,157538887,157539387,500,0,100.0,0.0
9408,157539387,157539887,500,0,100.0,0.0
9409,157539887,157540387,500,0,100.0,0.0
9410,157540387,157540887,500,0,100.0,0.0
9411,157540887,157541387,500,0,100.0,0.0
9412,157541387,157541887,500,0,100.0,0.0
9413,157541887,157542387,500,0,100.0,0.0
9414,157542387,157542887,500,0,100.0,0.0
9415,157542887,157543387,500,0,100.0,0.0
9416,157543387,157543887,500,0,100.0,0.0
9417,157543887,157544387,500,0,100.0,0.0
9418,157544387,157544887,500,0,100.0,0.0
9419,157544887,157545387,500,0,100.0,0.0
9420,157545387,157545887,500,0,100.0,0.0
9421,157545887,157546387,500,0,100.0,0.0
9422,157546387,157546887,500,0,100.0,0.0
9423,157546887,157547387,500,0,100.0,0.0
9424,157547387,157547887,500,0,100.0,0.0
9425,157547887,157548387,500,0,100.0,0.0
9426,157548387,157548887,500,0,100.0,0.0
9427,157548887,157549387,181,319,36.199999999999996,63.800000000000004
9428,157549387,157549887,21,479,4.2,95.8
9429,157549887,157550387,86,414,17.2,82.8
9430,157550387,157550887,36,464,7.199999999999999,92.8
9431,157550887,157551387,500,0,100.0,0.0
9432,157551387,157551887,500,0,100.0,0.0
9433,157551887,157552387,500,0,100.0,0.0
9434,157552387,157552887,500,0,100.0,0.0
9435,157552887,157553387,500,0,100.0,0.0
9436,157553387,157553887,500,0,100.0,0.0
9437,157553887,157554387,500,0,100.0,0.0
9438,157554387,157554887,500,0,100.0,0.0
9439,157554887,157555387,500,0,100.0,0.0
9440,157555387,157555887,500,0,100.0,0.0
9441,157555887,157556387,500,0,100.0,0.0
9442,157556387,157556887,500,0,100.0,0.0
9443,157556887,157557387,500,0,100.0,0.0
9444,157557387,157557887,500,0,100.0,0.0
9445,157557887,157558387,500,0,100.0,0.0
9446,157558387,157558887,500,0,100.0,0.0
9447,157558887,157559387,500,0,100.0,0.0
9448,157559387,157559887,500,0,100.0,0.0
9449,157559887,157560387,500,0,100.0,0.0
9450,157560387,157560887,500,0,100.0,0.0
9451,157560887,157561387,500,0,100.0,0.0
9452,157561387,157561887,500,0,100.0,0.0
9453,157561887,157562387,500,0,100.0,0.0
9454,157562387,157562887,500,0,100.0,0.0
9455,157562887,157563387,500,0,100.0,0.0
9456,157563387,157563887,500,0,100.0,0.0
9457,157563887,157564387,500,0,100.0,0.0
9458,157564387,157564887,500,0,100.0,0.0
9459,157564887,157565387,487,13,97.39999999999999,2.6000000000000085
9460,157565387,157565887,7,493,1.4000000000000001,98.6
9461,157565887,157566387,62,438,12.4,87.6
9462,157566387,157566887,281,219,56.2,43.8
9463,157566887,157567387,500,0,100.0,0.0
9464,157567387,157567887,500,0,100.0,0.0
9465,157567887,157568387,500,0,100.0,0.0
9466,157568387,157568887,500,0,100.0,0.0
9467,157568887,157569387,500,0,100.0,0.0
9468,157569387,157569887,500,0,100.0,0.0
9469,157569887,157570387,500,0,100.0,0.0
9470,157570387,157570887,500,0,100.0,0.0
9471,157570887,157571387,500,0,100.0,0.0
9472,157571387,157571887,500,0,100.0,0.0
9473,157571887,157572387,500,0,100.0,0.0
9474,157572387,157572887,500,0,100.0,0.0
9475,157572887,157573387,500,0,100.0,0.0
9476,157573387,157573887,500,0,100.0,0.0
9477,157573887,157574387,500,0,100.0,0.0
9478,157574387,157574887,500,0,100.0,0.0
9479,157574887,157575387,500,0,100.0,0.0
9480,157575387,157575887,500,0,100.0,0.0
9481,157575887,157576387,500,0,100.0,0.0
9482,157576387,157576887,500,0,100.0,0.0
9483,157576887,157577387,500,0,100.0,0.0
9484,157577387,157577887,500,0,100.0,0.0
9485,157577887,157578387,500,0,100.0,0.0
9486,157578387,157578887,500,0,100.0,0.0
9487,157578887,157579387,500,0,100.0,0.0
9488,157579387,157579887,500,0,100.0,0.0
9489,157579887,157580387,500,0,100.0,0.0
9490,157580387,157580887,500,0,100.0,0.0
9491,157580887,157581387,435,65,87.0,13.0
9492,157581387,157581887,9,491,1.7999999999999998,98.2
9493,157581887,157582387,26,474,5.2,94.8
9494,157582387,157582887,41,459,8.200000000000001,91.8
9495,157582887,157583387,500,0,100.0,0.0
9496,157583387,157583887,500,0,100.0,0.0
9497,157583887,157584387,500,0,100.0,0.0
9498,157584387,157584887,500,0,100.0,0.0
9499,157584887,157585387,500,0,100.0,0.0
9500,157585387,157585887,500,0,100.0,0.0
9501,157585887,157586387,500,0,100.0,0.0
9502,157586387,157586887,500,0,100.0,0.0
9503,157586887,157587387,500,0,100.0,0.0
9504,157587387,157587887,500,0,100.0,0.0
9505,157587887,157588387,500,0,100.0,0.0
9506,157588387,157588887,500,0,100.0,0.0
9507,157588887,157589387,500,0,100.0,0.0
9508,157589387,157589887,500,0,100.0,0.0
9509,157589887,157590387,500,0,100.0,0.0
9510,157590387,157590887,500,0,100.0,0.0
9511,157590887,157591387,500,0,100.0,0.0
9512,157591387,157591887,500,0,100.0,0.0
9513,157591887,157592387,500,0,100.0,0.0
9514,157592387,157592887,500,0,100.0,0.0
9515,157592887,157593387,500,0,100.0,0.0
9516,157593387,157593887,500,0,100.0,0.0
9517,157593887,157594387,500,0,100.0,0.0
9518,157594387,157594887,500,0,100.0,0.0
9519,157594887,157595387,500,0,100.0,0.0
9520,157595387,157595887,500,0,100.0,0.0
9521,157595887,157596387,500,0,100.0,0.0
9522,157596387,157596887,500,0,100.0,0.0
9523,157596887,157597387,500,0,100.0,0.0
9524,157597387,157597887,420,80,84.0,16.0
9525,157597887,157598387,29,471,5.800000000000001,94.2
9526,157598387,157598887,8,492,1.6,98.4
9527,157598887,157599387,74,426,14.799999999999999,85.2
9528,157599387,157599887,393,107,78.60000000000001,21.39999999999999
9529,157599887,157600387,500,0,100.0,0.0
9530,157600387,157600887,500,0,100.0,0.0
9531,157600887,157601387,500,0,100.0,0.0
9532,157601387,157601887,500,0,100.0,0.0
9533,157601887,157602387,500,0,100.0,0.0
9534,157602387,157602887,500,0,100.0,0.0
9535,157602887,157603387,500,0,100.0,0.0
9536,157603387,157603887,500,0,100.0,0.0
9537,157603887,157604387,500,0,100.0,0.0
9538,157604387,157604887,500,0,100.0,0.0
9539,157604887,157605387,500,0,100.0,0.0
9540,157605387,157605887,500,0,100.0,0.0
9541,157605887,157606387,500,0,100.0,0.0
9542,157606387,157606887,500,0,100.0,0.0
9543,157606887,157607387,500,0,100.0,0.0
9544,157607387,157607887,500,0,100.0,0.0
9545,157607887,157608387,500,0,100.0,0.0
9546,157608387,157608887,500,0,100.0,0.0
9547,157608887,157609387,500,0,100.0,0.0
9548,157609387,157609887,500,0,100.0,0.0
9549,157609887,157610387,500,0,100.0,0.0
9550,157610387,157610887,500,0,100.0,0.0
9551,157610887,157611387,500,0,100.0,0.0
9552,157611387,157611887,500,0,100.0,0.0
9553,157611887,157612387,500,0,100.0,0.0
9554,157612387,157612887,500,0,100.0,0.0
9555,157612887,157613387,356,144,71.2,28.799999999999997
9556,157613387,157613887,14,486,2.8000000000000003,97.2
9557,157613887,157614387,54,446,10.8,89.2
9558,157614387,157614887,500,0,100.0,0.0
9559,157614887,157615387,500,0,100.0,0.0
9560,157615387,157615887,500,0,100.0,0.0
9561,157615887,157616387,500,0,100.0,0.0
9562,157616387,157616887,500,0,100.0,0.0
9563,157616887,157617387,500,0,100.0,0.0
9564,157617387,157617887,500,0,100.0,0.0
9565,157617887,157618387,500,0,100.0,0.0
9566,157618387,157618887,500,0,100.0,0.0
9567,157618887,157619387,500,0,100.0,0.0
9568,157619387,157619887,500,0,100.0,0.0
9569,157619887,157620387,500,0,100.0,0.0
9570,157620387,157620887,500,0,100.0,0.0
9571,157620887,157621387,500,0,100.0,0.0
9572,157621387,157621887,500,0,100.0,0.0
9573,157621887,157622387,500,0,100.0,0.0
9574,157622387,157622887,500,0,100.0,0.0
9575,157622887,157623387,500,0,100.0,0.0
9576,157623387,157623887,500,0,100.0,0.0
9577,157623887,157624387,500,0,100.0,0.0
9578,157624387,157624887,500,0,100.0,0.0
9579,157624887,157625387,500,0,100.0,0.0
9580,157625387,157625887,500,0,100.0,0.0
9581,157625887,157626387,500,0,100.0,0.0
9582,157626387,157626887,500,0,100.0,0.0
9583,157626887,157627387,500,0,100.0,0.0
9584,157627387,157627887,500,0,100.0,0.0
9585,157627887,157628387,500,0,100.0,0.0
9586,157628387,157628887,500,0,100.0,0.0
9587,157628887,157629387,457,43,91.4,8.599999999999994
9588,157629387,157629887,8,492,1.6,98.4
9589,157629887,157630387,14,486,2.8000000000000003,97.2
9590,157630387,157630887,78,422,15.6,84.4
9591,157630887,157631387,458,42,91.60000000000001,8.399999999999991
9592,157631387,157631887,500,0,100.0,0.0
9593,157631887,157632387,500,0,100.0,0.0
9594,157632387,157632887,500,0,100.0,0.0
9595,157632887,157633387,500,0,100.0,0.0
9596,157633387,157633887,500,0,100.0,0.0
9597,157633887,157634387,500,0,100.0,0.0
9598,157634387,157634887,500,0,100.0,0.0
9599,157634887,157635387,500,0,100.0,0.0
9600,157635387,157635887,500,0,100.0,0.0
9601,157635887,157636387,500,0,100.0,0.0
9602,157636387,157636887,500,0,100.0,0.0
9603,157636887,157637387,500,0,100.0,0.0
9604,157637387,157637887,500,0,100.0,0.0
9605,157637887,157638387,500,0,100.0,0.0
9606,157638387,157638887,500,0,100.0,0.0
9607,157638887,157639387,500,0,100.0,0.0
9608,157639387,157639887,500,0,100.0,0.0
9609,157639887,157640387,500,0,100.0,0.0
9610,157640387,157640887,500,0,100.0,0.0
9611,157640887,157641387,500,0,100.0,0.0
9612,157641387,157641887,500,0,100.0,0.0
9613,157641887,157642387,500,0,100.0,0.0
9614,157642387,157642887,500,0,100.0,0.0
9615,157642887,157643387,500,0,100.0,0.0
9616,157643387,157643887,500,0,100.0,0.0
9617,157643887,157644387,500,0,100.0,0.0
9618,157644387,157644887,189,311,37.8,62.2
9619,157644887,157645387,21,479,4.2,95.8
9620,157645387,157645887,77,423,15.4,84.6
9621,157645887,157646387,42,458,8.4,91.6
9622,157646387,157646887,500,0,100.0,0.0
9623,157646887,157647387,500,0,100.0,0.0
9624,157647387,157647887,500,0,100.0,0.0
9625,157647887,157648387,500,0,100.0,0.0
9626,157648387,157648887,500,0,100.0,0.0
9627,157648887,157649387,500,0,100.0,0.0
9628,157649387,157649887,500,0,100.0,0.0
9629,157649887,157650387,500,0,100.0,0.0
9630,157650387,157650887,500,0,100.0,0.0
9631,157650887,157651387,500,0,100.0,0.0
9632,157651387,157651887,500,0,100.0,0.0
9633,157651887,157652387,500,0,100.0,0.0
9634,157652387,157652887,500,0,100.0,0.0
9635,157652887,157653387,500,0,100.0,0.0
9636,157653387,157653887,500,0,100.0,0.0
9637,157653887,157654387,500,0,100.0,0.0
9638,157654387,157654887,500,0,100.0,0.0
9639,157654887,157655387,500,0,100.0,0.0
9640,157655387,157655887,500,0,100.0,0.0
9641,157655887,157656387,500,0,100.0,0.0
9642,157656387,157656887,500,0,100.0,0.0
9643,157656887,157657387,500,0,100.0,0.0
9644,157657387,157657887,500,0,100.0,0.0
9645,157657887,157658387,500,0,100.0,0.0
9646,157658387,157658887,500,0,100.0,0.0
9647,157658887,157659387,500,0,100.0,0.0
9648,157659387,157659887,500,0,100.0,0.0
9649,157659887,157660387,500,0,100.0,0.0
9650,157660387,157660887,500,0,100.0,0.0
9651,157660887,157661387,238,262,47.599999999999994,52.400000000000006
9652,157661387,157661887,59,441,11.799999999999999,88.2
9653,157661887,157662387,27,473,5.4,94.6
9654,157662387,157662887,500,0,100.0,0.0
9655,157662887,157663387,500,0,100.0,0.0
9656,157663387,157663887,500,0,100.0,0.0
9657,157663887,157664387,500,0,100.0,0.0
9658,157664387,157664887,500,0,100.0,0.0
9659,157664887,157665387,500,0,100.0,0.0
9660,157665387,157665887,500,0,100.0,0.0
9661,157665887,157666387,500,0,100.0,0.0
9662,157666387,157666887,500,0,100.0,0.0
9663,157666887,157667387,500,0,100.0,0.0
9664,157667387,157667887,500,0,100.0,0.0
9665,157667887,157668387,500,0,100.0,0.0
9666,157668387,157668887,500,0,100.0,0.0
9667,157668887,157669387,500,0,100.0,0.0
9668,157669387,157669887,500,0,100.0,0.0
9669,157669887,157670387,500,0,100.0,0.0
9670,157670387,157670887,500,0,100.0,0.0
9671,157670887,157671387,500,0,100.0,0.0
9672,157671387,157671887,500,0,100.0,0.0
9673,157671887,157672387,500,0,100.0,0.0
9674,157672387,157672887,500,0,100.0,0.0
9675,157672887,157673387,500,0,100.0,0.0
9676,157673387,157673887,500,0,100.0,0.0
9677,157673887,157674387,500,0,100.0,0.0
9678,157674387,157674887,500,0,100.0,0.0
9679,157674887,157675387,500,0,100.0,0.0
9680,157675387,157675887,500,0,100.0,0.0
9681,157675887,157676387,500,0,100.0,0.0
9682,157676387,157676887,295,205,59.0,41.0
9683,157676887,157677387,15,485,3.0,97.0
9684,157677387,157677887,65,435,13.0,87.0
9685,157677887,157678387,134,366,26.8,73.2
9686,157678387,157678887,500,0,100.0,0.0
9687,157678887,157679387,500,0,100.0,0.0
9688,157679387,157679887,500,0,100.0,0.0
9689,157679887,157680387,500,0,100.0,0.0
9690,157680387,157680887,500,0,100.0,0.0
9691,157680887,157681387,500,0,100.0,0.0
9692,157681387,157681887,500,0,100.0,0.0
9693,157681887,157682387,500,0,100.0,0.0
9694,157682387,157682887,500,0,100.0,0.0
9695,157682887,157683387,500,0,100.0,0.0
9696,157683387,157683887,500,0,100.0,0.0
9697,157683887,157684387,500,0,100.0,0.0
9698,157684387,157684887,500,0,100.0,0.0
9699,157684887,157685387,500,0,100.0,0.0
9700,157685387,157685887,500,0,100.0,0.0
9701,157685887,157686387,500,0,100.0,0.0
9702,157686387,157686887,500,0,100.0,0.0
9703,157686887,157687387,500,0,100.0,0.0
9704,157687387,157687887,500,0,100.0,0.0
9705,157687887,157688387,500,0,100.0,0.0
9706,157688387,157688887,500,0,100.0,0.0
9707,157688887,157689387,500,0,100.0,0.0
9708,157689387,157689887,500,0,100.0,0.0
9709,157689887,157690387,500,0,100.0,0.0
9710,157690387,157690887,500,0,100.0,0.0
9711,157690887,157691387,500,0,100.0,0.0
9712,157691387,157691887,500,0,100.0,0.0
9713,157691887,157692387,500,0,100.0,0.0
9714,157692387,157692887,392,108,78.4,21.599999999999994
9715,157692887,157693387,27,473,5.4,94.6
9716,157693387,157693887,6,494,1.2,98.8
9717,157693887,157694387,88,412,17.599999999999998,82.4
9718,157694387,157694887,431,69,86.2,13.799999999999997
9719,157694887,157695387,500,0,100.0,0.0
9720,157695387,157695887,500,0,100.0,0.0
9721,157695887,157696387,500,0,100.0,0.0
9722,157696387,157696887,500,0,100.0,0.0
9723,157696887,157697387,500,0,100.0,0.0
9724,157697387,157697887,500,0,100.0,0.0
9725,157697887,157698387,500,0,100.0,0.0
9726,157698387,157698887,500,0,100.0,0.0
9727,157698887,157699387,500,0,100.0,0.0
9728,157699387,157699887,500,0,100.0,0.0
9729,157699887,157700387,500,0,100.0,0.0
9730,157700387,157700887,500,0,100.0,0.0
9731,157700887,157701387,500,0,100.0,0.0
9732,157701387,157701887,500,0,100.0,0.0
9733,157701887,157702387,500,0,100.0,0.0
9734,157702387,157702887,500,0,100.0,0.0
9735,157702887,157703387,500,0,100.0,0.0
9736,157703387,157703887,500,0,100.0,0.0
9737,157703887,157704387,500,0,100.0,0.0
9738,157704387,157704887,500,0,100.0,0.0
9739,157704887,157705387,500,0,100.0,0.0
9740,157705387,157705887,500,0,100.0,0.0
9741,157705887,157706387,500,0,100.0,0.0
9742,157706387,157706887,500,0,100.0,0.0
9743,157706887,157707387,500,0,100.0,0.0
9744,157707387,157707887,500,0,100.0,0.0
9745,157707887,157708387,500,0,100.0,0.0
9746,157708387,157708887,500,0,100.0,0.0
9747,157708887,157709387,44,456,8.799999999999999,91.2
9748,157709387,157709887,45,455,9.0,91.0
9749,157709887,157710387,7,493,1.4000000000000001,98.6
9750,157710387,157710887,473,27,94.6,5.400000000000006
9751,157710887,157711387,500,0,100.0,0.0
9752,157711387,157711887,500,0,100.0,0.0
9753,157711887,157712387,500,0,100.0,0.0
9754,157712387,157712887,500,0,100.0,0.0
9755,157712887,157713387,500,0,100.0,0.0
9756,157713387,157713887,500,0,100.0,0.0
9757,157713887,157714387,500,0,100.0,0.0
9758,157714387,157714887,500,0,100.0,0.0
9759,157714887,157715387,500,0,100.0,0.0
9760,157715387,157715887,500,0,100.0,0.0
9761,157715887,157716387,500,0,100.0,0.0
9762,157716387,157716887,500,0,100.0,0.0
9763,157716887,157717387,500,0,100.0,0.0
9764,157717387,157717887,500,0,100.0,0.0
9765,157717887,157718387,500,0,100.0,0.0
9766,157718387,157718887,500,0,100.0,0.0
9767,157718887,157719387,500,0,100.0,0.0
9768,157719387,157719887,500,0,100.0,0.0
9769,157719887,157720387,500,0,100.0,0.0
9770,157720387,157720887,500,0,100.0,0.0
9771,157720887,157721387,500,0,100.0,0.0
9772,157721387,157721887,500,0,100.0,0.0
9773,157721887,157722387,500,0,100.0,0.0
9774,157722387,157722887,500,0,100.0,0.0
9775,157722887,157723387,500,0,100.0,0.0
9776,157723387,157723887,500,0,100.0,0.0
9777,157723887,157724387,500,0,100.0,0.0
9778,157724387,157724887,496,4,99.2,0.7999999999999972
9779,157724887,157725387,8,492,1.6,98.4
9780,157725387,157725887,14,486,2.8000000000000003,97.2
9781,157725887,157726387,53,447,10.6,89.4
9782,157726387,157726887,500,0,100.0,0.0
9783,157726887,157727387,500,0,100.0,0.0
9784,157727387,157727887,500,0,100.0,0.0
9785,157727887,157728387,500,0,100.0,0.0
9786,157728387,157728887,500,0,100.0,0.0
9787,157728887,157729387,500,0,100.0,0.0
9788,157729387,157729887,500,0,100.0,0.0
9789,157729887,157730387,500,0,100.0,0.0
9790,157730387,157730887,500,0,100.0,0.0
9791,157730887,157731387,500,0,100.0,0.0
9792,157731387,157731887,500,0,100.0,0.0
9793,157731887,157732387,500,0,100.0,0.0
9794,157732387,157732887,500,0,100.0,0.0
9795,157732887,157733387,500,0,100.0,0.0
9796,157733387,157733887,500,0,100.0,0.0
9797,157733887,157734387,500,0,100.0,0.0
9798,157734387,157734887,500,0,100.0,0.0
9799,157734887,157735387,500,0,100.0,0.0
9800,157735387,157735887,500,0,100.0,0.0
9801,157735887,157736387,500,0,100.0,0.0
9802,157736387,157736887,500,0,100.0,0.0
9803,157736887,157737387,500,0,100.0,0.0
9804,157737387,157737887,500,0,100.0,0.0
9805,157737887,157738387,500,0,100.0,0.0
9806,157738387,157738887,500,0,100.0,0.0
9807,157738887,157739387,500,0,100.0,0.0
9808,157739387,157739887,500,0,100.0,0.0
9809,157739887,157740387,500,0,100.0,0.0
9810,157740387,157740887,142,358,28.4,71.6
9811,157740887,157741387,26,474,5.2,94.8
9812,157741387,157741887,67,433,13.4,86.6
9813,157741887,157742387,132,368,26.400000000000002,73.6
9814,157742387,157742887,500,0,100.0,0.0
9815,157742887,157743387,500,0,100.0,0.0
9816,157743387,157743887,500,0,100.0,0.0
9817,157743887,157744387,500,0,100.0,0.0
9818,157744387,157744887,500,0,100.0,0.0
9819,157744887,157745387,500,0,100.0,0.0
9820,157745387,157745887,500,0,100.0,0.0
9821,157745887,157746387,500,0,100.0,0.0
9822,157746387,157746887,500,0,100.0,0.0
9823,157746887,157747387,500,0,100.0,0.0
9824,157747387,157747887,500,0,100.0,0.0
9825,157747887,157748387,500,0,100.0,0.0
9826,157748387,157748887,500,0,100.0,0.0
9827,157748887,157749387,500,0,100.0,0.0
9828,157749387,157749887,500,0,100.0,0.0
9829,157749887,157750387,500,0,100.0,0.0
9830,157750387,157750887,500,0,100.0,0.0
9831,157750887,157751387,500,0,100.0,0.0
9832,157751387,157751887,500,0,100.0,0.0
9833,157751887,157752387,500,0,100.0,0.0
9834,157752387,157752887,500,0,100.0,0.0
9835,157752887,157753387,500,0,100.0,0.0
9836,157753387,157753887,500,0,100.0,0.0
9837,157753887,157754387,500,0,100.0,0.0
9838,157754387,157754887,500,0,100.0,0.0
9839,157754887,157755387,500,0,100.0,0.0
9840,157755387,157755887,500,0,100.0,0.0
9841,157755887,157756387,500,0,100.0,0.0
9842,157756387,157756887,500,0,100.0,0.0
9843,157756887,157757387,14,486,2.8000000000000003,97.2
9844,157757387,157757887,87,413,17.4,82.6
9845,157757887,157758387,233,267,46.6,53.4
9846,157758387,157758887,500,0,100.0,0.0
9847,157758887,157759387,500,0,100.0,0.0
9848,157759387,157759887,500,0,100.0,0.0
9849,157759887,157760387,500,0,100.0,0.0
9850,157760387,157760887,500,0,100.0,0.0
9851,157760887,157761387,500,0,100.0,0.0
9852,157761387,157761887,500,0,100.0,0.0
9853,157761887,157762387,500,0,100.0,0.0
9854,157762387,157762887,500,0,100.0,0.0
9855,157762887,157763387,500,0,100.0,0.0
9856,157763387,157763887,500,0,100.0,0.0
9857,157763887,157764387,500,0,100.0,0.0
9858,157764387,157764887,500,0,100.0,0.0
9859,157764887,157765387,500,0,100.0,0.0
9860,157765387,157765887,500,0,100.0,0.0
9861,157765887,157766387,500,0,100.0,0.0
9862,157766387,157766887,500,0,100.0,0.0
9863,157766887,157767387,500,0,100.0,0.0
9864,157767387,157767887,500,0,100.0,0.0
9865,157767887,157768387,500,0,100.0,0.0
9866,157768387,157768887,500,0,100.0,0.0
9867,157768887,157769387,500,0,100.0,0.0
9868,157769387,157769887,500,0,100.0,0.0
9869,157769887,157770387,500,0,100.0,0.0
9870,157770387,157770887,500,0,100.0,0.0
9871,157770887,157771387,500,0,100.0,0.0
9872,157771387,157771887,500,0,100.0,0.0
9873,157771887,157772387,500,0,100.0,0.0
9874,157772387,157772887,500,0,100.0,0.0
9875,157772887,157773351,12,452,2.586206896551724,97.41379310344827
